thisN,thisTrialN,thisRepN,trials.thisRepN,trials.thisTrialN,trials.thisN,trials.thisIndex,loop_nback.thisRepN,loop_nback.thisTrialN,loop_nback.thisN,loop_nback.thisIndex,thisRow.t,notes,settings.started,settings.stopped,colour,global_onset_time,target,button_pressed,nback_response,nback_RT,RT,text_nr,trial_nr,block_nr_exp,block_name,n-back_level,word,nontarget_triggers_sent_this_condition,target_triggers_sent_this_condition,total_triggers_sent_this_condition,minimum_triggers_this_condition,maximum_triggers_this_block,trigger_time,question,chosen_ans,ans_correct,reading_self_paced.started,reading_self_paced.stopped,nback_self_paced.started,nback_self_paced.stopped,end.started,end.stopped,participant,session,TMS_port,testing_mode,skip_reading,date,expName,psychopyVersion,expStart,
,,,,,,,,,,,,,0.08277153968811035,0.08304166793823242,,,,,,,,,,,,,,,,,,,,,,,,,,,,,25,01,yes,no,no,2025-08-21_10h55.23.375,EXNAT_4_TMS_Psychopy2024.2.5.psyexp,2024.2.5,2025-08-21 10h57.41.138804 +0200,
0,0,0,0,0,0,0,,,,,0.37882232666015625,,,,#88BA3F,18.213897943496704,None,space,None,None,1502.8197765350342,text_03,1,1,Reading_Baseline_main_click,None,Johanna,0,0,0,60,60,,,,,,,,,,,25,01,yes,no,no,2025-08-21_10h55.23.375,EXNAT_4_TMS_Psychopy2024.2.5.psyexp,2024.2.5,2025-08-21 10h57.41.138804 +0200,
0,0,0,0,0,0,0,,,,,,,,,#2AB7EF,19.753170490264893,None,space,None,None,907.4664115905762,text_03,2,1,Reading_Baseline_main_click,None,Fantova,1,0,1,60,60,19.81895923614502,,,,,,,,,,25,01,yes,no,no,2025-08-21_10h55.23.375,EXNAT_4_TMS_Psychopy2024.2.5.psyexp,2024.2.5,2025-08-21 10h57.41.138804 +0200,
0,0,0,0,0,0,0,,,,,,,,,#D292F3,20.70161485671997,None,space,None,None,903.104305267334,text_03,3,1,Reading_Baseline_main_click,None,war,1,0,1,60,60,,,,,,,,,,,25,01,yes,no,no,2025-08-21_10h55.23.375,EXNAT_4_TMS_Psychopy2024.2.5.psyexp,2024.2.5,2025-08-21 10h57.41.138804 +0200,
0,0,0,0,0,0,0,,,,,,,,,#F989A2,21.645607948303223,None,space,None,None,599.0452766418457,text_03,4,1,Reading_Baseline_main_click,None,die,1,0,1,60,60,,,,,,,,,,,25,01,yes,no,no,2025-08-21_10h55.23.375,EXNAT_4_TMS_Psychopy2024.2.5.psyexp,2024.2.5,2025-08-21 10h57.41.138804 +0200,
0,0,0,0,0,0,0,,,,,,,,,#D292F3,22.283243894577026,None,space,None,None,553.3759593963623,text_03,5,1,Reading_Baseline_main_click,None,letzte,1,0,1,60,60,,,,,,,,,,,25,01,yes,no,no,2025-08-21_10h55.23.375,EXNAT_4_TMS_Psychopy2024.2.5.psyexp,2024.2.5,2025-08-21 10h57.41.138804 +0200,
0,0,0,0,0,0,0,,,,,,,,,#2AB7EF,22.876425743103027,None,space,None,None,632.2858333587646,text_03,6,1,Reading_Baseline_main_click,None,enge,1,0,1,60,60,,,,,,,,,,,25,01,yes,no,no,2025-08-21_10h55.23.375,EXNAT_4_TMS_Psychopy2024.2.5.psyexp,2024.2.5,2025-08-21 10h57.41.138804 +0200,
0,0,0,0,0,0,0,,,,,,,,,#F989A2,23.548967838287354,None,space,None,None,647.6542949676514,text_03,7,1,Reading_Baseline_main_click,None,Freundin,1,0,1,60,60,,,,,,,,,,,25,01,yes,no,no,2025-08-21_10h55.23.375,EXNAT_4_TMS_Psychopy2024.2.5.psyexp,2024.2.5,2025-08-21 10h57.41.138804 +0200,
0,0,0,0,0,0,0,,,,,,,,,#2AB7EF,24.23678469657898,None,space,None,None,647.8705406188965,text_03,8,1,Reading_Baseline_main_click,None,von,2,0,2,60,60,24.818759441375732,,,,,,,,,,25,01,yes,no,no,2025-08-21_10h55.23.375,EXNAT_4_TMS_Psychopy2024.2.5.psyexp,2024.2.5,2025-08-21 10h57.41.138804 +0200,
0,0,0,0,0,0,0,,,,,,,,,#88BA3F,24.927119255065918,None,space,None,None,549.6354103088379,text_03,9,1,Reading_Baseline_main_click,None,Albert,2,0,2,60,60,,,,,,,,,,,25,01,yes,no,no,2025-08-21_10h55.23.375,EXNAT_4_TMS_Psychopy2024.2.5.psyexp,2024.2.5,2025-08-21 10h57.41.138804 +0200,
0,0,0,0,0,0,0,,,,,,,,,#88BA3F,25.518271923065186,None,space,None,None,582.4112892150879,text_03,10,1,Reading_Baseline_main_click,None,Einstein.,2,0,2,60,60,,,,,,,,,,,25,01,yes,no,no,2025-08-21_10h55.23.375,EXNAT_4_TMS_Psychopy2024.2.5.psyexp,2024.2.5,2025-08-21 10h57.41.138804 +0200,
0,0,0,0,0,0,0,,,,,,,,,#F989A2,26.14054822921753,None,space,None,None,551.990270614624,text_03,11,1,Reading_Baseline_main_click,None,Sie,2,0,2,60,60,,,,,,,,,,,25,01,yes,no,no,2025-08-21_10h55.23.375,EXNAT_4_TMS_Psychopy2024.2.5.psyexp,2024.2.5,2025-08-21 10h57.41.138804 +0200,
0,0,0,0,0,0,0,,,,,,,,,#D292F3,26.73063850402832,None,space,None,None,554.0287494659424,text_03,12,1,Reading_Baseline_main_click,None,telefonierten,2,0,2,60,60,,,,,,,,,,,25,01,yes,no,no,2025-08-21_10h55.23.375,EXNAT_4_TMS_Psychopy2024.2.5.psyexp,2024.2.5,2025-08-21 10h57.41.138804 +0200,
0,0,0,0,0,0,0,,,,,,,,,#F989A2,27.324935913085938,None,space,None,None,439.7101402282715,text_03,13,1,Reading_Baseline_main_click,None,"oft,",2,0,2,60,60,,,,,,,,,,,25,01,yes,no,no,2025-08-21_10h55.23.375,EXNAT_4_TMS_Psychopy2024.2.5.psyexp,2024.2.5,2025-08-21 10h57.41.138804 +0200,
0,0,0,0,0,0,0,,,,,,,,,#2AB7EF,27.803810358047485,None,space,None,None,488.8765811920166,text_03,14,1,Reading_Baseline_main_click,None,trafen,2,0,2,60,60,,,,,,,,,,,25,01,yes,no,no,2025-08-21_10h55.23.375,EXNAT_4_TMS_Psychopy2024.2.5.psyexp,2024.2.5,2025-08-21 10h57.41.138804 +0200,
0,0,0,0,0,0,0,,,,,,,,,#F989A2,28.33251929283142,None,space,None,None,456.15291595458984,text_03,15,1,Reading_Baseline_main_click,None,sich,2,0,2,60,60,,,,,,,,,,,25,01,yes,no,no,2025-08-21_10h55.23.375,EXNAT_4_TMS_Psychopy2024.2.5.psyexp,2024.2.5,2025-08-21 10h57.41.138804 +0200,
0,0,0,0,0,0,0,,,,,,,,,#2AB7EF,28.8272385597229,None,space,None,None,441.49279594421387,text_03,16,1,Reading_Baseline_main_click,None,regelmäßig,2,0,2,60,60,,,,,,,,,,,25,01,yes,no,no,2025-08-21_10h55.23.375,EXNAT_4_TMS_Psychopy2024.2.5.psyexp,2024.2.5,2025-08-21 10h57.41.138804 +0200,
0,0,0,0,0,0,0,,,,,,,,,#D292F3,29.309917211532593,None,space,None,None,422.7557182312012,text_03,17,1,Reading_Baseline_main_click,None,und,2,0,2,60,60,,,,,,,,,,,25,01,yes,no,no,2025-08-21_10h55.23.375,EXNAT_4_TMS_Psychopy2024.2.5.psyexp,2024.2.5,2025-08-21 10h57.41.138804 +0200,
0,0,0,0,0,0,0,,,,,,,,,#D292F3,29.77399253845215,None,space,None,None,422.680139541626,text_03,18,1,Reading_Baseline_main_click,None,gingen,3,0,3,60,60,29.827882766723633,,,,,,,,,,25,01,yes,no,no,2025-08-21_10h55.23.375,EXNAT_4_TMS_Psychopy2024.2.5.psyexp,2024.2.5,2025-08-21 10h57.41.138804 +0200,
0,0,0,0,0,0,0,,,,,,,,,#88BA3F,30.237061500549316,None,space,None,None,423.62165451049805,text_03,19,1,Reading_Baseline_main_click,None,gemeinsam,3,0,3,60,60,,,,,,,,,,,25,01,yes,no,no,2025-08-21_10h55.23.375,EXNAT_4_TMS_Psychopy2024.2.5.psyexp,2024.2.5,2025-08-21 10h57.41.138804 +0200,
0,0,0,0,0,0,0,,,,,,,,,#D292F3,30.699648141860962,None,space,None,None,425.0354766845703,text_03,20,1,Reading_Baseline_main_click,None,segeln.,3,0,3,60,60,,,,,,,,,,,25,01,yes,no,no,2025-08-21_10h55.23.375,EXNAT_4_TMS_Psychopy2024.2.5.psyexp,2024.2.5,2025-08-21 10h57.41.138804 +0200,
0,0,0,0,0,0,0,,,,,,,,,#F989A2,31.164411067962646,None,space,None,None,504.2729377746582,text_03,21,1,Reading_Baseline_main_click,None,Heimlich,3,0,3,60,60,,,,,,,,,,,25,01,yes,no,no,2025-08-21_10h55.23.375,EXNAT_4_TMS_Psychopy2024.2.5.psyexp,2024.2.5,2025-08-21 10h57.41.138804 +0200,
0,0,0,0,0,0,0,,,,,,,,,#88BA3F,31.709927082061768,None,space,None,None,486.86957359313965,text_03,22,1,Reading_Baseline_main_click,None,schrieb,3,0,3,60,60,,,,,,,,,,,25,01,yes,no,no,2025-08-21_10h55.23.375,EXNAT_4_TMS_Psychopy2024.2.5.psyexp,2024.2.5,2025-08-21 10h57.41.138804 +0200,
0,0,0,0,0,0,0,,,,,,,,,#88BA3F,32.236358642578125,None,space,None,None,536.4058017730713,text_03,23,1,Reading_Baseline_main_click,None,Fantova,3,0,3,60,60,,,,,,,,,,,25,01,yes,no,no,2025-08-21_10h55.23.375,EXNAT_4_TMS_Psychopy2024.2.5.psyexp,2024.2.5,2025-08-21 10h57.41.138804 +0200,
0,0,0,0,0,0,0,,,,,,,,,#2AB7EF,32.8144326210022,None,space,None,None,486.3271713256836,text_03,24,1,Reading_Baseline_main_click,None,Notizen,3,0,3,60,60,,,,,,,,,,,25,01,yes,no,no,2025-08-21_10h55.23.375,EXNAT_4_TMS_Psychopy2024.2.5.psyexp,2024.2.5,2025-08-21 10h57.41.138804 +0200,
0,0,0,0,0,0,0,,,,,,,,,#F989A2,33.33985376358032,None,space,None,None,424.89123344421387,text_03,25,1,Reading_Baseline_main_click,None,über,3,0,3,60,60,,,,,,,,,,,25,01,yes,no,no,2025-08-21_10h55.23.375,EXNAT_4_TMS_Psychopy2024.2.5.psyexp,2024.2.5,2025-08-21 10h57.41.138804 +0200,
0,0,0,0,0,0,0,,,,,,,,,#88BA3F,33.803237199783325,None,space,None,None,697.6256370544434,text_03,26,1,Reading_Baseline_main_click,None,ihre,3,0,3,60,60,,,,,,,,,,,25,01,yes,no,no,2025-08-21_10h55.23.375,EXNAT_4_TMS_Psychopy2024.2.5.psyexp,2024.2.5,2025-08-21 10h57.41.138804 +0200,
0,0,0,0,0,0,0,,,,,,,,,#F989A2,34.54302096366882,None,space,None,None,805.8037757873535,text_03,27,1,Reading_Baseline_main_click,None,Gespräche.,4,0,4,60,60,34.828030586242676,,,,,,,,,,25,01,yes,no,no,2025-08-21_10h55.23.375,EXNAT_4_TMS_Psychopy2024.2.5.psyexp,2024.2.5,2025-08-21 10h57.41.138804 +0200,
0,0,0,0,0,0,0,,,,,,,,,#88BA3F,35.38767385482788,None,space,None,None,648.9701271057129,text_03,28,1,Reading_Baseline_main_click,None,Darin,4,0,4,60,60,,,,,,,,,,,25,01,yes,no,no,2025-08-21_10h55.23.375,EXNAT_4_TMS_Psychopy2024.2.5.psyexp,2024.2.5,2025-08-21 10h57.41.138804 +0200,
0,0,0,0,0,0,0,,,,,,,,,#F989A2,36.07734656333923,None,space,None,None,487.2891902923584,text_03,29,1,Reading_Baseline_main_click,None,zeigt,4,0,4,60,60,,,,,,,,,,,25,01,yes,no,no,2025-08-21_10h55.23.375,EXNAT_4_TMS_Psychopy2024.2.5.psyexp,2024.2.5,2025-08-21 10h57.41.138804 +0200,
0,0,0,0,0,0,0,,,,,,,,,#D292F3,36.60442590713501,None,space,None,None,376.27553939819336,text_03,30,1,Reading_Baseline_main_click,None,sich,4,0,4,60,60,,,,,,,,,,,25,01,yes,no,no,2025-08-21_10h55.23.375,EXNAT_4_TMS_Psychopy2024.2.5.psyexp,2024.2.5,2025-08-21 10h57.41.138804 +0200,
0,0,0,0,0,0,0,,,,,,,,,#D292F3,37.01985573768616,None,space,None,None,408.754825592041,text_03,31,1,Reading_Baseline_main_click,None,Einstein,4,0,4,60,60,,,,,,,,,,,25,01,yes,no,no,2025-08-21_10h55.23.375,EXNAT_4_TMS_Psychopy2024.2.5.psyexp,2024.2.5,2025-08-21 10h57.41.138804 +0200,
0,0,0,0,0,0,0,,,,,,,,,#2AB7EF,37.468544244766235,None,space,None,None,408.11967849731445,text_03,32,1,Reading_Baseline_main_click,None,nicht,4,0,4,60,60,,,,,,,,,,,25,01,yes,no,no,2025-08-21_10h55.23.375,EXNAT_4_TMS_Psychopy2024.2.5.psyexp,2024.2.5,2025-08-21 10h57.41.138804 +0200,
0,0,0,0,0,0,0,,,,,,,,,#D292F3,37.915522813797,None,space,None,None,489.1173839569092,text_03,33,1,Reading_Baseline_main_click,None,nur,4,0,4,60,60,,,,,,,,,,,25,01,yes,no,no,2025-08-21_10h55.23.375,EXNAT_4_TMS_Psychopy2024.2.5.psyexp,2024.2.5,2025-08-21 10h57.41.138804 +0200,
0,0,0,0,0,0,0,,,,,,,,,#88BA3F,38.444140911102295,None,space,None,None,424.50547218322754,text_03,34,1,Reading_Baseline_main_click,None,als,4,0,4,60,60,,,,,,,,,,,25,01,yes,no,no,2025-08-21_10h55.23.375,EXNAT_4_TMS_Psychopy2024.2.5.psyexp,2024.2.5,2025-08-21 10h57.41.138804 +0200,
0,0,0,0,0,0,0,,,,,,,,,#2AB7EF,38.90865230560303,None,space,None,None,471.9977378845215,text_03,35,1,Reading_Baseline_main_click,None,berühmter,4,0,4,60,60,,,,,,,,,,,25,01,yes,no,no,2025-08-21_10h55.23.375,EXNAT_4_TMS_Psychopy2024.2.5.psyexp,2024.2.5,2025-08-21 10h57.41.138804 +0200,
0,0,0,0,0,0,0,,,,,,,,,#2AB7EF,39.421895265579224,None,space,None,None,438.7984275817871,text_03,36,1,Reading_Baseline_main_click,None,"Wissenschaftler,",5,0,5,60,60,39.827906370162964,,,,,,,,,,25,01,yes,no,no,2025-08-21_10h55.23.375,EXNAT_4_TMS_Psychopy2024.2.5.psyexp,2024.2.5,2025-08-21 10h57.41.138804 +0200,
0,0,0,0,0,0,0,,,,,,,,,#D292F3,39.902772426605225,None,space,None,None,533.881664276123,text_03,37,1,Reading_Baseline_main_click,None,sondern,5,0,5,60,60,,,,,,,,,,,25,01,yes,no,no,2025-08-21_10h55.23.375,EXNAT_4_TMS_Psychopy2024.2.5.psyexp,2024.2.5,2025-08-21 10h57.41.138804 +0200,
0,0,0,0,0,0,0,,,,,,,,,#88BA3F,40.47649693489075,None,space,None,None,440.1278495788574,text_03,38,1,Reading_Baseline_main_click,None,auch,5,0,5,60,60,,,,,,,,,,,25,01,yes,no,no,2025-08-21_10h55.23.375,EXNAT_4_TMS_Psychopy2024.2.5.psyexp,2024.2.5,2025-08-21 10h57.41.138804 +0200,
0,0,0,0,0,0,0,,,,,,,,,#F989A2,40.954474449157715,None,space,None,None,458.22620391845703,text_03,39,1,Reading_Baseline_main_click,None,als,5,0,5,60,60,,,,,,,,,,,25,01,yes,no,no,2025-08-21_10h55.23.375,EXNAT_4_TMS_Psychopy2024.2.5.psyexp,2024.2.5,2025-08-21 10h57.41.138804 +0200,
0,0,0,0,0,0,0,,,,,,,,,#D292F3,41.45363759994507,None,space,None,None,519.0396308898926,text_03,40,1,Reading_Baseline_main_click,None,warmherziger,5,0,5,60,60,,,,,,,,,,,25,01,yes,no,no,2025-08-21_10h55.23.375,EXNAT_4_TMS_Psychopy2024.2.5.psyexp,2024.2.5,2025-08-21 10h57.41.138804 +0200,
0,0,0,0,0,0,0,,,,,,,,,#2AB7EF,42.01354384422302,None,space,None,None,439.1138553619385,text_03,41,1,Reading_Baseline_main_click,None,und,5,0,5,60,60,,,,,,,,,,,25,01,yes,no,no,2025-08-21_10h55.23.375,EXNAT_4_TMS_Psychopy2024.2.5.psyexp,2024.2.5,2025-08-21 10h57.41.138804 +0200,
0,0,0,0,0,0,0,,,,,,,,,#D292F3,42.49206757545471,None,space,None,None,440.5174255371094,text_03,42,1,Reading_Baseline_main_click,None,lustiger,5,0,5,60,60,,,,,,,,,,,25,01,yes,no,no,2025-08-21_10h55.23.375,EXNAT_4_TMS_Psychopy2024.2.5.psyexp,2024.2.5,2025-08-21 10h57.41.138804 +0200,
0,0,0,0,0,0,0,,,,,,,,,#88BA3F,42.97113013267517,None,space,None,None,441.51854515075684,text_03,43,1,Reading_Baseline_main_click,None,Mensch.,5,0,5,60,60,,,,,,,,,,,25,01,yes,no,no,2025-08-21_10h55.23.375,EXNAT_4_TMS_Psychopy2024.2.5.psyexp,2024.2.5,2025-08-21 10h57.41.138804 +0200,
0,0,0,0,0,0,0,,,,,,,,,#2AB7EF,43.45128607749939,None,space,None,None,617.3651218414307,text_03,44,1,Reading_Baseline_main_click,None,Ohne,5,0,5,60,60,,,,,,,,,,,25,01,yes,no,no,2025-08-21_10h55.23.375,EXNAT_4_TMS_Psychopy2024.2.5.psyexp,2024.2.5,2025-08-21 10h57.41.138804 +0200,
0,0,0,0,0,0,0,,,,,,,,,#2AB7EF,44.10905957221985,None,space,None,None,375.6418228149414,text_03,45,1,Reading_Baseline_main_click,None,Fantovas,5,0,5,60,60,,,,,,,,,,,25,01,yes,no,no,2025-08-21_10h55.23.375,EXNAT_4_TMS_Psychopy2024.2.5.psyexp,2024.2.5,2025-08-21 10h57.41.138804 +0200,
0,0,0,0,0,0,0,,,,,,,,,#88BA3F,44.524537563323975,None,space,None,None,504.23455238342285,text_03,46,1,Reading_Baseline_main_click,None,Aufzeichnungen,6,0,6,60,60,44.82791757583618,,,,,,,,,,25,01,yes,no,no,2025-08-21_10h55.23.375,EXNAT_4_TMS_Psychopy2024.2.5.psyexp,2024.2.5,2025-08-21 10h57.41.138804 +0200,
0,0,0,0,0,0,0,,,,,,,,,#F989A2,45.06880068778992,None,space,None,None,359.93242263793945,text_03,47,1,Reading_Baseline_main_click,None,wüsste,6,0,6,60,60,,,,,,,,,,,25,01,yes,no,no,2025-08-21_10h55.23.375,EXNAT_4_TMS_Psychopy2024.2.5.psyexp,2024.2.5,2025-08-21 10h57.41.138804 +0200,
0,0,0,0,0,0,0,,,,,,,,,#F989A2,45.46835446357727,None,space,None,None,376.3267993927002,text_03,48,1,Reading_Baseline_main_click,None,man,6,0,6,60,60,,,,,,,,,,,25,01,yes,no,no,2025-08-21_10h55.23.375,EXNAT_4_TMS_Psychopy2024.2.5.psyexp,2024.2.5,2025-08-21 10h57.41.138804 +0200,
0,0,0,0,0,0,0,,,,,,,,,#F989A2,45.88408303260803,None,space,None,None,376.60741806030273,text_03,49,1,Reading_Baseline_main_click,None,zum,6,0,6,60,60,,,,,,,,,,,25,01,yes,no,no,2025-08-21_10h55.23.375,EXNAT_4_TMS_Psychopy2024.2.5.psyexp,2024.2.5,2025-08-21 10h57.41.138804 +0200,
0,0,0,0,0,0,0,,,,,,,,,#D292F3,46.30039596557617,None,space,None,None,344.2966938018799,text_03,50,1,Reading_Baseline_main_click,None,Beispiel,6,0,6,60,60,,,,,,,,,,,25,01,yes,no,no,2025-08-21_10h55.23.375,EXNAT_4_TMS_Psychopy2024.2.5.psyexp,2024.2.5,2025-08-21 10h57.41.138804 +0200,
0,0,0,0,0,0,0,,,,,,,,,#2AB7EF,46.68403077125549,None,space,None,None,376.6436576843262,text_03,51,1,Reading_Baseline_main_click,None,nichts,6,0,6,60,60,,,,,,,,,,,25,01,yes,no,no,2025-08-21_10h55.23.375,EXNAT_4_TMS_Psychopy2024.2.5.psyexp,2024.2.5,2025-08-21 10h57.41.138804 +0200,
0,0,0,0,0,0,0,,,,,,,,,#2AB7EF,47.1000611782074,None,space,None,None,392.63343811035156,text_03,52,1,Reading_Baseline_main_click,None,von,6,0,6,60,60,,,,,,,,,,,25,01,yes,no,no,2025-08-21_10h55.23.375,EXNAT_4_TMS_Psychopy2024.2.5.psyexp,2024.2.5,2025-08-21 10h57.41.138804 +0200,
0,0,0,0,0,0,0,,,,,,,,,#2AB7EF,47.53284168243408,None,space,None,None,439.8808479309082,text_03,53,1,Reading_Baseline_main_click,None,Einsteins,6,0,6,60,60,,,,,,,,,,,25,01,yes,no,no,2025-08-21_10h55.23.375,EXNAT_4_TMS_Psychopy2024.2.5.psyexp,2024.2.5,2025-08-21 10h57.41.138804 +0200,
0,0,0,0,0,0,0,,,,,,,,,#D292F3,48.013715744018555,None,space,None,None,487.02168464660645,text_03,54,1,Reading_Baseline_main_click,None,melancholischem,6,0,6,60,60,,,,,,,,,,,25,01,yes,no,no,2025-08-21_10h55.23.375,EXNAT_4_TMS_Psychopy2024.2.5.psyexp,2024.2.5,2025-08-21 10h57.41.138804 +0200,
0,0,0,0,0,0,0,,,,,,,,,#D292F3,48.54212212562561,None,space,None,None,550.612211227417,text_03,55,1,Reading_Baseline_main_click,None,Papagei,6,0,6,60,60,,,,,,,,,,,25,01,yes,no,no,2025-08-21_10h55.23.375,EXNAT_4_TMS_Psychopy2024.2.5.psyexp,2024.2.5,2025-08-21 10h57.41.138804 +0200,
0,0,0,0,0,0,0,,,,,,,,,#F989A2,49.13274836540222,None,space,None,None,599.9457836151123,text_03,56,1,Reading_Baseline_main_click,None,Bibo.,6,0,6,60,60,,,,,,,,,,,25,01,yes,no,no,2025-08-21_10h55.23.375,EXNAT_4_TMS_Psychopy2024.2.5.psyexp,2024.2.5,2025-08-21 10h57.41.138804 +0200,
0,0,0,0,0,0,0,,,,,,,,,#88BA3F,49.771907329559326,None,space,None,None,776.7162322998047,text_03,57,1,Reading_Baseline_main_click,None,Auch,7,0,7,60,60,49.827871561050415,,,,,,,,,,25,01,yes,no,no,2025-08-21_10h55.23.375,EXNAT_4_TMS_Psychopy2024.2.5.psyexp,2024.2.5,2025-08-21 10h57.41.138804 +0200,
0,0,0,0,0,0,0,,,,,,,,,#88BA3F,50.58841872215271,None,space,None,None,328.1588554382324,text_03,58,1,Reading_Baseline_main_click,None,seine,7,0,7,60,60,,,,,,,,,,,25,01,yes,no,no,2025-08-21_10h55.23.375,EXNAT_4_TMS_Psychopy2024.2.5.psyexp,2024.2.5,2025-08-21 10h57.41.138804 +0200,
0,0,0,0,0,0,0,,,,,,,,,#88BA3F,50.95677042007446,None,space,None,None,375.86307525634766,text_03,59,1,Reading_Baseline_main_click,None,witzigen,7,0,7,60,60,,,,,,,,,,,25,01,yes,no,no,2025-08-21_10h55.23.375,EXNAT_4_TMS_Psychopy2024.2.5.psyexp,2024.2.5,2025-08-21 10h57.41.138804 +0200,
0,0,0,0,0,0,0,,,,,,,,,#F989A2,51.373422384262085,None,space,None,None,551.2681007385254,text_03,60,1,Reading_Baseline_main_click,None,Sprüche,7,0,7,60,60,,,,,,,,,,,25,01,yes,no,no,2025-08-21_10h55.23.375,EXNAT_4_TMS_Psychopy2024.2.5.psyexp,2024.2.5,2025-08-21 10h57.41.138804 +0200,
0,0,0,0,0,0,0,,,,,,,,,#F989A2,51.964250326156616,None,space,None,None,456.465482711792,text_03,61,1,Reading_Baseline_main_click,None,über,7,0,7,60,60,,,,,,,,,,,25,01,yes,no,no,2025-08-21_10h55.23.375,EXNAT_4_TMS_Psychopy2024.2.5.psyexp,2024.2.5,2025-08-21 10h57.41.138804 +0200,
0,0,0,0,0,0,0,,,,,,,,,#D292F3,52.46171760559082,None,space,None,None,534.9578857421875,text_03,62,1,Reading_Baseline_main_click,None,das,7,0,7,60,60,,,,,,,,,,,25,01,yes,no,no,2025-08-21_10h55.23.375,EXNAT_4_TMS_Psychopy2024.2.5.psyexp,2024.2.5,2025-08-21 10h57.41.138804 +0200,
0,0,0,0,0,0,0,,,,,,,,,#2AB7EF,53.0372748374939,None,space,None,None,743.394136428833,text_03,63,1,Reading_Baseline_main_click,None,Leben,7,0,7,60,60,,,,,,,,,,,25,01,yes,no,no,2025-08-21_10h55.23.375,EXNAT_4_TMS_Psychopy2024.2.5.psyexp,2024.2.5,2025-08-21 10h57.41.138804 +0200,
0,0,0,0,0,0,0,,,,,,,,,#88BA3F,53.82070350646973,None,space,None,None,743.9448833465576,text_03,64,1,Reading_Baseline_main_click,None,wären,7,0,7,60,60,,,,,,,,,,,25,01,yes,no,no,2025-08-21_10h55.23.375,EXNAT_4_TMS_Psychopy2024.2.5.psyexp,2024.2.5,2025-08-21 10h57.41.138804 +0200,
0,0,0,0,0,0,0,,,,,,,,,#F989A2,54.602800130844116,None,space,None,None,841.8562412261963,text_03,65,1,Reading_Baseline_main_click,None,verloren.,8,0,8,60,60,54.82789659500122,,,,,,,,,,25,01,yes,no,no,2025-08-21_10h55.23.375,EXNAT_4_TMS_Psychopy2024.2.5.psyexp,2024.2.5,2025-08-21 10h57.41.138804 +0200,
0,0,0,0,0,0,0,,,,,,,,,#2AB7EF,55.48676681518555,None,space,None,None,582.0481777191162,text_03,66,1,Reading_Baseline_main_click,None,Über,8,0,8,60,60,,,,,,,,,,,25,01,yes,no,no,2025-08-21_10h55.23.375,EXNAT_4_TMS_Psychopy2024.2.5.psyexp,2024.2.5,2025-08-21 10h57.41.138804 +0200,
0,0,0,0,0,0,0,,,,,,,,,#D292F3,56.1075165271759,None,space,None,None,617.1658039093018,text_03,67,1,Reading_Baseline_main_click,None,einen,8,0,8,60,60,,,,,,,,,,,25,01,yes,no,no,2025-08-21_10h55.23.375,EXNAT_4_TMS_Psychopy2024.2.5.psyexp,2024.2.5,2025-08-21 10h57.41.138804 +0200,
0,0,0,0,0,0,0,,,,,,,,,#F989A2,56.76640558242798,None,space,None,None,774.207592010498,text_03,68,1,Reading_Baseline_main_click,None,Nachbarn,8,0,8,60,60,,,,,,,,,,,25,01,yes,no,no,2025-08-21_10h55.23.375,EXNAT_4_TMS_Psychopy2024.2.5.psyexp,2024.2.5,2025-08-21 10h57.41.138804 +0200,
0,0,0,0,0,0,0,,,,,,,,,#D292F3,57.58079743385315,None,space,None,None,583.803653717041,text_03,69,1,Reading_Baseline_main_click,None,sagte,8,0,8,60,60,,,,,,,,,,,25,01,yes,no,no,2025-08-21_10h55.23.375,EXNAT_4_TMS_Psychopy2024.2.5.psyexp,2024.2.5,2025-08-21 10h57.41.138804 +0200,
0,0,0,0,0,0,0,,,,,,,,,#88BA3F,58.202333211898804,None,space,None,None,938.300371170044,text_03,70,1,Reading_Baseline_main_click,None,er,8,0,8,60,60,,,,,,,,,,,25,01,yes,no,no,2025-08-21_10h55.23.375,EXNAT_4_TMS_Psychopy2024.2.5.psyexp,2024.2.5,2025-08-21 10h57.41.138804 +0200,
0,0,0,0,0,0,0,,,,,,,,,#2AB7EF,59.1800479888916,None,space,None,None,936.5911483764648,text_03,71,1,Reading_Baseline_main_click,None,zum,9,0,9,60,60,59.827972650527954,,,,,,,,,,25,01,yes,no,no,2025-08-21_10h55.23.375,EXNAT_4_TMS_Psychopy2024.2.5.psyexp,2024.2.5,2025-08-21 10h57.41.138804 +0200,
0,0,0,0,0,0,0,,,,,,,,,#88BA3F,60.156102657318115,None,space,None,None,424.58486557006836,text_03,72,1,Reading_Baseline_main_click,None,Beispiel:,9,0,9,60,60,,,,,,,,,,,25,01,yes,no,no,2025-08-21_10h55.23.375,EXNAT_4_TMS_Psychopy2024.2.5.psyexp,2024.2.5,2025-08-21 10h57.41.138804 +0200,
0,0,0,0,0,0,0,,,,,,,,,#F989A2,60.62092638015747,None,space,None,None,775.7794857025146,text_03,73,1,Reading_Baseline_main_click,None,""Es,9,0,9,60,60,,,,,,,,,,,25,01,yes,no,no,2025-08-21_10h55.23.375,EXNAT_4_TMS_Psychopy2024.2.5.psyexp,2024.2.5,2025-08-21 10h57.41.138804 +0200,
0,0,0,0,0,0,0,,,,,,,,,#D292F3,61.43613409996033,None,space,None,None,664.5081043243408,text_03,74,1,Reading_Baseline_main_click,None,besteht,9,0,9,60,60,,,,,,,,,,,25,01,yes,no,no,2025-08-21_10h55.23.375,EXNAT_4_TMS_Psychopy2024.2.5.psyexp,2024.2.5,2025-08-21 10h57.41.138804 +0200,
0,0,0,0,0,0,0,,,,,,,,,#F989A2,62.14154648780823,None,space,None,None,471.0805416107178,text_03,75,1,Reading_Baseline_main_click,None,die,9,0,9,60,60,,,,,,,,,,,25,01,yes,no,no,2025-08-21_10h55.23.375,EXNAT_4_TMS_Psychopy2024.2.5.psyexp,2024.2.5,2025-08-21 10h57.41.138804 +0200,
0,0,0,0,0,0,0,,,,,,,,,#88BA3F,62.651076793670654,None,space,None,None,473.541259765625,text_03,76,1,Reading_Baseline_main_click,None,"Gefahr,",9,0,9,60,60,,,,,,,,,,,25,01,yes,no,no,2025-08-21_10h55.23.375,EXNAT_4_TMS_Psychopy2024.2.5.psyexp,2024.2.5,2025-08-21 10h57.41.138804 +0200,
0,0,0,0,0,0,0,,,,,,,,,#88BA3F,63.16398763656616,None,space,None,None,536.7059707641602,text_03,77,1,Reading_Baseline_main_click,None,dass,9,0,9,60,60,,,,,,,,,,,25,01,yes,no,no,2025-08-21_10h55.23.375,EXNAT_4_TMS_Psychopy2024.2.5.psyexp,2024.2.5,2025-08-21 10h57.41.138804 +0200,
0,0,0,0,0,0,0,,,,,,,,,#2AB7EF,63.739009618759155,None,space,None,None,505.6154727935791,text_03,78,1,Reading_Baseline_main_click,None,sein,9,0,9,60,60,,,,,,,,,,,25,01,yes,no,no,2025-08-21_10h55.23.375,EXNAT_4_TMS_Psychopy2024.2.5.psyexp,2024.2.5,2025-08-21 10h57.41.138804 +0200,
0,0,0,0,0,0,0,,,,,,,,,#D292F3,64.28353953361511,None,space,None,None,553.1091690063477,text_03,79,1,Reading_Baseline_main_click,None,Sohn,10,0,10,60,60,64.82798099517822,,,,,,,,,,25,01,yes,no,no,2025-08-21_10h55.23.375,EXNAT_4_TMS_Psychopy2024.2.5.psyexp,2024.2.5,2025-08-21 10h57.41.138804 +0200,
0,0,0,0,0,0,0,,,,,,,,,#F989A2,64.87749314308167,None,space,None,None,1335.2012634277344,text_03,80,1,Reading_Baseline_main_click,None,heiratet."",10,0,10,60,60,,,,,,,,,,,25,01,yes,no,no,2025-08-21_10h55.23.375,EXNAT_4_TMS_Psychopy2024.2.5.psyexp,2024.2.5,2025-08-21 10h57.41.138804 +0200,
0,0,0,0,0,0,0,,,,,,,,,#2AB7EF,66.26758146286011,None,space,None,None,713.0563259124756,text_03,81,1,Reading_Baseline_main_click,None,Fantova,10,0,10,60,60,,,,,,,,,,,25,01,yes,no,no,2025-08-21_10h55.23.375,EXNAT_4_TMS_Psychopy2024.2.5.psyexp,2024.2.5,2025-08-21 10h57.41.138804 +0200,
0,0,0,0,0,0,0,,,,,,,,,#88BA3F,67.03513264656067,None,space,None,None,777.3633003234863,text_03,82,1,Reading_Baseline_main_click,None,war,10,0,10,60,60,,,,,,,,,,,25,01,yes,no,no,2025-08-21_10h55.23.375,EXNAT_4_TMS_Psychopy2024.2.5.psyexp,2024.2.5,2025-08-21 10h57.41.138804 +0200,
0,0,0,0,0,0,0,,,,,,,,,#2AB7EF,67.86895847320557,None,space,None,None,439.6932125091553,text_03,83,1,Reading_Baseline_main_click,None,22,10,0,10,60,60,,,,,,,,,,,25,01,yes,no,no,2025-08-21_10h55.23.375,EXNAT_4_TMS_Psychopy2024.2.5.psyexp,2024.2.5,2025-08-21 10h57.41.138804 +0200,
0,0,0,0,0,0,0,,,,,,,,,#D292F3,68.36222910881042,None,space,None,None,538.496732711792,text_03,84,1,Reading_Baseline_main_click,None,Jahre,10,0,10,60,60,,,,,,,,,,,25,01,yes,no,no,2025-08-21_10h55.23.375,EXNAT_4_TMS_Psychopy2024.2.5.psyexp,2024.2.5,2025-08-21 10h57.41.138804 +0200,
0,0,0,0,0,0,0,,,,,,,,,#F989A2,68.95693922042847,None,space,None,None,727.7281284332275,text_03,85,1,Reading_Baseline_main_click,None,jünger,10,0,10,60,60,,,,,,,,,,,25,01,yes,no,no,2025-08-21_10h55.23.375,EXNAT_4_TMS_Psychopy2024.2.5.psyexp,2024.2.5,2025-08-21 10h57.41.138804 +0200,
0,0,0,0,0,0,0,,,,,,,,,#F989A2,69.73800659179688,None,space,None,None,490.6601905822754,text_03,86,1,Reading_Baseline_main_click,None,als,11,0,11,60,60,69.82816982269287,,,,,,,,,,25,01,yes,no,no,2025-08-21_10h55.23.375,EXNAT_4_TMS_Psychopy2024.2.5.psyexp,2024.2.5,2025-08-21 10h57.41.138804 +0200,
0,0,0,0,0,0,0,,,,,,,,,#D292F3,70.2841386795044,None,space,None,None,968.531608581543,text_03,87,1,Reading_Baseline_main_click,None,Einstein,11,0,11,60,60,,,,,,,,,,,25,01,yes,no,no,2025-08-21_10h55.23.375,EXNAT_4_TMS_Psychopy2024.2.5.psyexp,2024.2.5,2025-08-21 10h57.41.138804 +0200,
0,0,0,0,0,0,0,,,,,,,,,#88BA3F,71.30760073661804,None,space,None,None,617.0387268066406,text_03,88,1,Reading_Baseline_main_click,None,und,11,0,11,60,60,,,,,,,,,,,25,01,yes,no,no,2025-08-21_10h55.23.375,EXNAT_4_TMS_Psychopy2024.2.5.psyexp,2024.2.5,2025-08-21 10h57.41.138804 +0200,
0,0,0,0,0,0,0,,,,,,,,,#2AB7EF,71.98199653625488,None,space,None,None,582.6115608215332,text_03,89,1,Reading_Baseline_main_click,None,kam,11,0,11,60,60,,,,,,,,,,,25,01,yes,no,no,2025-08-21_10h55.23.375,EXNAT_4_TMS_Psychopy2024.2.5.psyexp,2024.2.5,2025-08-21 10h57.41.138804 +0200,
0,0,0,0,0,0,0,,,,,,,,,#2AB7EF,72.61818552017212,None,space,None,None,842.4162864685059,text_03,90,1,Reading_Baseline_main_click,None,wie,11,0,11,60,60,,,,,,,,,,,25,01,yes,no,no,2025-08-21_10h55.23.375,EXNAT_4_TMS_Psychopy2024.2.5.psyexp,2024.2.5,2025-08-21 10h57.41.138804 +0200,
0,0,0,0,0,0,0,,,,,,,,,#F989A2,73.51621079444885,None,space,None,None,536.4062786102295,text_03,91,1,Reading_Baseline_main_click,None,er,11,0,11,60,60,,,,,,,,,,,25,01,yes,no,no,2025-08-21_10h55.23.375,EXNAT_4_TMS_Psychopy2024.2.5.psyexp,2024.2.5,2025-08-21 10h57.41.138804 +0200,
0,0,0,0,0,0,0,,,,,,,,,#2AB7EF,74.10824251174927,None,space,None,None,504.44507598876953,text_03,92,1,Reading_Baseline_main_click,None,aus,11,0,11,60,60,,,,,,,,,,,25,01,yes,no,no,2025-08-21_10h55.23.375,EXNAT_4_TMS_Psychopy2024.2.5.psyexp,2024.2.5,2025-08-21 10h57.41.138804 +0200,
0,0,0,0,0,0,0,,,,,,,,,#88BA3F,74.66830372810364,None,space,None,None,600.3599166870117,text_03,93,1,Reading_Baseline_main_click,None,Europa.,12,0,12,60,60,74.82805490493774,,,,,,,,,,25,01,yes,no,no,2025-08-21_10h55.23.375,EXNAT_4_TMS_Psychopy2024.2.5.psyexp,2024.2.5,2025-08-21 10h57.41.138804 +0200,
0,0,0,0,0,0,0,,,,,,,,,#D292F3,75.32361316680908,None,space,None,None,841.0148620605469,text_03,94,1,Reading_Baseline_main_click,None,Die,12,0,12,60,60,,,,,,,,,,,25,01,yes,no,no,2025-08-21_10h55.23.375,EXNAT_4_TMS_Psychopy2024.2.5.psyexp,2024.2.5,2025-08-21 10h57.41.138804 +0200,
0,0,0,0,0,0,0,,,,,,,,,#D292F3,76.21729636192322,None,space,None,None,507.42363929748535,text_03,95,1,Reading_Baseline_main_click,None,Eltern,12,0,12,60,60,,,,,,,,,,,25,01,yes,no,no,2025-08-21_10h55.23.375,EXNAT_4_TMS_Psychopy2024.2.5.psyexp,2024.2.5,2025-08-21 10h57.41.138804 +0200,
0,0,0,0,0,0,0,,,,,,,,,#88BA3F,76.76437449455261,None,space,None,None,424.34239387512207,text_03,96,1,Reading_Baseline_main_click,None,ihres,12,0,12,60,60,,,,,,,,,,,25,01,yes,no,no,2025-08-21_10h55.23.375,EXNAT_4_TMS_Psychopy2024.2.5.psyexp,2024.2.5,2025-08-21 10h57.41.138804 +0200,
0,0,0,0,0,0,0,,,,,,,,,#D292F3,77.22894620895386,None,space,None,None,343.68443489074707,text_03,97,1,Reading_Baseline_main_click,None,"Mannes,",12,0,12,60,60,,,,,,,,,,,25,01,yes,no,no,2025-08-21_10h55.23.375,EXNAT_4_TMS_Psychopy2024.2.5.psyexp,2024.2.5,2025-08-21 10h57.41.138804 +0200,
0,0,0,0,0,0,0,,,,,,,,,#D292F3,77.61165046691895,None,space,None,None,408.9164733886719,text_03,98,1,Reading_Baseline_main_click,None,Otto,12,0,12,60,60,,,,,,,,,,,25,01,yes,no,no,2025-08-21_10h55.23.375,EXNAT_4_TMS_Psychopy2024.2.5.psyexp,2024.2.5,2025-08-21 10h57.41.138804 +0200,
0,0,0,0,0,0,0,,,,,,,,,#2AB7EF,78.06035351753235,None,space,None,None,520.2491283416748,text_03,99,1,Reading_Baseline_main_click,None,"Fanta,",12,0,12,60,60,,,,,,,,,,,25,01,yes,no,no,2025-08-21_10h55.23.375,EXNAT_4_TMS_Psychopy2024.2.5.psyexp,2024.2.5,2025-08-21 10h57.41.138804 +0200,
0,0,0,0,0,0,0,,,,,,,,,#88BA3F,78.61906242370605,None,space,None,None,633.5563659667969,text_03,100,1,Reading_Baseline_main_click,None,luden,12,0,12,60,60,,,,,,,,,,,25,01,yes,no,no,2025-08-21_10h55.23.375,EXNAT_4_TMS_Psychopy2024.2.5.psyexp,2024.2.5,2025-08-21 10h57.41.138804 +0200,
0,0,0,0,0,0,0,,,,,,,,,#F989A2,79.29265761375427,None,space,None,None,471.96269035339355,text_03,101,1,Reading_Baseline_main_click,None,viele,12,0,12,60,60,,,,,,,,,,,25,01,yes,no,no,2025-08-21_10h55.23.375,EXNAT_4_TMS_Psychopy2024.2.5.psyexp,2024.2.5,2025-08-21 10h57.41.138804 +0200,
0,0,0,0,0,0,0,,,,,,,,,#F989A2,79.80677509307861,None,space,None,None,661.858320236206,text_03,102,1,Reading_Baseline_main_click,None,berühmte,13,0,13,60,60,79.86242055892944,,,,,,,,,,25,01,yes,no,no,2025-08-21_10h55.23.375,EXNAT_4_TMS_Psychopy2024.2.5.psyexp,2024.2.5,2025-08-21 10h57.41.138804 +0200,
0,0,0,0,0,0,0,,,,,,,,,#D292F3,80.50736045837402,None,space,None,None,633.3303451538086,text_03,103,1,Reading_Baseline_main_click,None,Menschen,13,0,13,60,60,,,,,,,,,,,25,01,yes,no,no,2025-08-21_10h55.23.375,EXNAT_4_TMS_Psychopy2024.2.5.psyexp,2024.2.5,2025-08-21 10h57.41.138804 +0200,
0,0,0,0,0,0,0,,,,,,,,,#88BA3F,81.18139266967773,None,space,None,None,551.3155460357666,text_03,104,1,Reading_Baseline_main_click,None,in,13,0,13,60,60,,,,,,,,,,,25,01,yes,no,no,2025-08-21_10h55.23.375,EXNAT_4_TMS_Psychopy2024.2.5.psyexp,2024.2.5,2025-08-21 10h57.41.138804 +0200,
0,0,0,0,0,0,0,,,,,,,,,#2AB7EF,81.77396321296692,None,space,None,None,758.7411403656006,text_03,105,1,Reading_Baseline_main_click,None,ihren,13,0,13,60,60,,,,,,,,,,,25,01,yes,no,no,2025-08-21_10h55.23.375,EXNAT_4_TMS_Psychopy2024.2.5.psyexp,2024.2.5,2025-08-21 10h57.41.138804 +0200,
0,0,0,0,0,0,0,,,,,,,,,#88BA3F,82.57381415367126,None,space,None,None,470.86453437805176,text_03,106,1,Reading_Baseline_main_click,None,Salon,13,0,13,60,60,,,,,,,,,,,25,01,yes,no,no,2025-08-21_10h55.23.375,EXNAT_4_TMS_Psychopy2024.2.5.psyexp,2024.2.5,2025-08-21 10h57.41.138804 +0200,
0,0,0,0,0,0,0,,,,,,,,,#F989A2,83.08369445800781,None,space,None,None,808.9532852172852,text_03,107,1,Reading_Baseline_main_click,None,ein.,13,0,13,60,60,,,,,,,,,,,25,01,yes,no,no,2025-08-21_10h55.23.375,EXNAT_4_TMS_Psychopy2024.2.5.psyexp,2024.2.5,2025-08-21 10h57.41.138804 +0200,
0,0,0,0,0,0,0,,,,,,,,,#2AB7EF,83.9321641921997,None,space,None,None,1240.562915802002,text_03,108,1,Reading_Baseline_main_click,None,Neben,14,0,14,60,60,84.86243009567261,,,,,,,,,,25,01,yes,no,no,2025-08-21_10h55.23.375,EXNAT_4_TMS_Psychopy2024.2.5.psyexp,2024.2.5,2025-08-21 10h57.41.138804 +0200,
0,0,0,0,0,0,0,,,,,,,,,#F989A2,85.22750854492188,None,space,None,None,393.15128326416016,text_03,109,1,Reading_Baseline_main_click,None,Einstein,14,0,14,60,60,,,,,,,,,,,25,01,yes,no,no,2025-08-21_10h55.23.375,EXNAT_4_TMS_Psychopy2024.2.5.psyexp,2024.2.5,2025-08-21 10h57.41.138804 +0200,
0,0,0,0,0,0,0,,,,,,,,,#2AB7EF,85.67711663246155,None,space,None,None,551.508903503418,text_03,110,1,Reading_Baseline_main_click,None,gehörte,14,0,14,60,60,,,,,,,,,,,25,01,yes,no,no,2025-08-21_10h55.23.375,EXNAT_4_TMS_Psychopy2024.2.5.psyexp,2024.2.5,2025-08-21 10h57.41.138804 +0200,
0,0,0,0,0,0,0,,,,,,,,,#D292F3,86.28597259521484,None,space,None,None,662.5571250915527,text_03,111,1,Reading_Baseline_main_click,None,auch,14,0,14,60,60,,,,,,,,,,,25,01,yes,no,no,2025-08-21_10h55.23.375,EXNAT_4_TMS_Psychopy2024.2.5.psyexp,2024.2.5,2025-08-21 10h57.41.138804 +0200,
0,0,0,0,0,0,0,,,,,,,,,#F989A2,86.98853015899658,None,space,None,None,776.165246963501,text_03,112,1,Reading_Baseline_main_click,None,Franz,14,0,14,60,60,,,,,,,,,,,25,01,yes,no,no,2025-08-21_10h55.23.375,EXNAT_4_TMS_Psychopy2024.2.5.psyexp,2024.2.5,2025-08-21 10h57.41.138804 +0200,
0,0,0,0,0,0,0,,,,,,,,,#88BA3F,87.80565690994263,None,space,None,None,390.8669948577881,text_03,113,1,Reading_Baseline_main_click,None,Kafka,14,0,14,60,60,,,,,,,,,,,25,01,yes,no,no,2025-08-21_10h55.23.375,EXNAT_4_TMS_Psychopy2024.2.5.psyexp,2024.2.5,2025-08-21 10h57.41.138804 +0200,
0,0,0,0,0,0,0,,,,,,,,,#F989A2,88.23462224006653,None,space,None,None,441.7989253997803,text_03,114,1,Reading_Baseline_main_click,None,dazu.,14,0,14,60,60,,,,,,,,,,,25,01,yes,no,no,2025-08-21_10h55.23.375,EXNAT_4_TMS_Psychopy2024.2.5.psyexp,2024.2.5,2025-08-21 10h57.41.138804 +0200,
0,0,0,0,0,0,0,,,,,,,,,#2AB7EF,88.71517181396484,None,space,None,None,553.4031391143799,text_03,115,1,Reading_Baseline_main_click,None,Für,14,0,14,60,60,,,,,,,,,,,25,01,yes,no,no,2025-08-21_10h55.23.375,EXNAT_4_TMS_Psychopy2024.2.5.psyexp,2024.2.5,2025-08-21 10h57.41.138804 +0200,
0,0,0,0,0,0,0,,,,,,,,,#88BA3F,89.30811858177185,None,space,None,None,696.5470314025879,text_03,116,1,Reading_Baseline_main_click,None,Einstein,15,0,15,60,60,89.86243104934692,,,,,,,,,,25,01,yes,no,no,2025-08-21_10h55.23.375,EXNAT_4_TMS_Psychopy2024.2.5.psyexp,2024.2.5,2025-08-21 10h57.41.138804 +0200,
0,0,0,0,0,0,0,,,,,,,,,#2AB7EF,90.0446228981018,None,space,None,None,776.0350704193115,text_03,117,1,Reading_Baseline_main_click,None,war,15,0,15,60,60,,,,,,,,,,,25,01,yes,no,no,2025-08-21_10h55.23.375,EXNAT_4_TMS_Psychopy2024.2.5.psyexp,2024.2.5,2025-08-21 10h57.41.138804 +0200,
0,0,0,0,0,0,0,,,,,,,,,#88BA3F,90.86060404777527,None,space,None,None,503.98707389831543,text_03,118,1,Reading_Baseline_main_click,None,Fantova,15,0,15,60,60,,,,,,,,,,,25,01,yes,no,no,2025-08-21_10h55.23.375,EXNAT_4_TMS_Psychopy2024.2.5.psyexp,2024.2.5,2025-08-21 10h57.41.138804 +0200,
0,0,0,0,0,0,0,,,,,,,,,#D292F3,91.40338230133057,None,space,None,None,809.2474937438965,text_03,119,1,Reading_Baseline_main_click,None,eine,15,0,15,60,60,,,,,,,,,,,25,01,yes,no,no,2025-08-21_10h55.23.375,EXNAT_4_TMS_Psychopy2024.2.5.psyexp,2024.2.5,2025-08-21 10h57.41.138804 +0200,
0,0,0,0,0,0,0,,,,,,,,,#D292F3,92.25228905677795,None,space,None,None,472.43785858154297,text_03,120,1,Reading_Baseline_main_click,None,Teil,15,0,15,60,60,,,,,,,,,,,25,01,yes,no,no,2025-08-21_10h55.23.375,EXNAT_4_TMS_Psychopy2024.2.5.psyexp,2024.2.5,2025-08-21 10h57.41.138804 +0200,
0,0,0,0,0,0,0,,,,,,,,,#2AB7EF,92.76406455039978,None,space,None,None,488.5833263397217,text_03,121,1,Reading_Baseline_main_click,None,der,15,0,15,60,60,,,,,,,,,,,25,01,yes,no,no,2025-08-21_10h55.23.375,EXNAT_4_TMS_Psychopy2024.2.5.psyexp,2024.2.5,2025-08-21 10h57.41.138804 +0200,
0,0,0,0,0,0,0,,,,,,,,,#88BA3F,93.29169297218323,None,space,None,None,456.96473121643066,text_03,122,1,Reading_Baseline_main_click,None,alten,15,0,15,60,60,,,,,,,,,,,25,01,yes,no,no,2025-08-21_10h55.23.375,EXNAT_4_TMS_Psychopy2024.2.5.psyexp,2024.2.5,2025-08-21 10h57.41.138804 +0200,
0,0,0,0,0,0,0,,,,,,,,,#D292F3,93.78863263130188,None,space,None,None,455.96814155578613,text_03,123,1,Reading_Baseline_main_click,None,"Welt,",15,0,15,60,60,,,,,,,,,,,25,01,yes,no,no,2025-08-21_10h55.23.375,EXNAT_4_TMS_Psychopy2024.2.5.psyexp,2024.2.5,2025-08-21 10h57.41.138804 +0200,
0,0,0,0,0,0,0,,,,,,,,,#2AB7EF,94.28383755683899,None,space,None,None,568.8822269439697,text_03,124,1,Reading_Baseline_main_click,None,die,15,0,15,60,60,,,,,,,,,,,25,01,yes,no,no,2025-08-21_10h55.23.375,EXNAT_4_TMS_Psychopy2024.2.5.psyexp,2024.2.5,2025-08-21 10h57.41.138804 +0200,
0,0,0,0,0,0,0,,,,,,,,,#88BA3F,94.892333984375,None,space,None,None,600.3851890563965,text_03,125,1,Reading_Baseline_main_click,None,er,16,0,16,60,60,94.94825792312622,,,,,,,,,,25,01,yes,no,no,2025-08-21_10h55.23.375,EXNAT_4_TMS_Psychopy2024.2.5.psyexp,2024.2.5,2025-08-21 10h57.41.138804 +0200,
0,0,0,0,0,0,0,,,,,,,,,#2AB7EF,95.53333640098572,None,space,None,None,1991.3837909698486,text_03,126,1,Reading_Baseline_main_click,None,vermisste.,16,0,16,60,60,,,,,,,,,,,25,01,yes,no,no,2025-08-21_10h55.23.375,EXNAT_4_TMS_Psychopy2024.2.5.psyexp,2024.2.5,2025-08-21 10h57.41.138804 +0200,
0,0,0,0,0,0,0,,,,,,,,,#D292F3,97.58111691474915,None,space,None,None,999.5393753051758,text_03,127,1,Reading_Baseline_main_click,None,In,16,0,16,60,60,,,,,,,,,,,25,01,yes,no,no,2025-08-21_10h55.23.375,EXNAT_4_TMS_Psychopy2024.2.5.psyexp,2024.2.5,2025-08-21 10h57.41.138804 +0200,
0,0,0,0,0,0,0,,,,,,,,,#D292F3,98.63663101196289,None,space,None,None,439.94879722595215,text_03,128,1,Reading_Baseline_main_click,None,ihrem,16,0,16,60,60,,,,,,,,,,,25,01,yes,no,no,2025-08-21_10h55.23.375,EXNAT_4_TMS_Psychopy2024.2.5.psyexp,2024.2.5,2025-08-21 10h57.41.138804 +0200,
0,0,0,0,0,0,0,,,,,,,,,#F989A2,99.13265657424927,None,space,None,None,808.0501556396484,text_03,129,1,Reading_Baseline_main_click,None,Text,16,0,16,60,60,,,,,,,,,,,25,01,yes,no,no,2025-08-21_10h55.23.375,EXNAT_4_TMS_Psychopy2024.2.5.psyexp,2024.2.5,2025-08-21 10h57.41.138804 +0200,
0,0,0,0,0,0,0,,,,,,,,,#D292F3,99.99696660041809,None,space,None,None,519.6807384490967,text_03,130,1,Reading_Baseline_main_click,None,beschreibt,17,0,17,60,60,100.0486741065979,,,,,,,,,,25,01,yes,no,no,2025-08-21_10h55.23.375,EXNAT_4_TMS_Psychopy2024.2.5.psyexp,2024.2.5,2025-08-21 10h57.41.138804 +0200,
0,0,0,0,0,0,0,,,,,,,,,#F989A2,100.57167649269104,None,space,None,None,424.985408782959,text_03,131,1,Reading_Baseline_main_click,None,sie,17,0,17,60,60,,,,,,,,,,,25,01,yes,no,no,2025-08-21_10h55.23.375,EXNAT_4_TMS_Psychopy2024.2.5.psyexp,2024.2.5,2025-08-21 10h57.41.138804 +0200,
0,0,0,0,0,0,0,,,,,,,,,#F989A2,101.05164551734924,None,space,None,None,456.9976329803467,text_03,132,1,Reading_Baseline_main_click,None,ihn,17,0,17,60,60,,,,,,,,,,,25,01,yes,no,no,2025-08-21_10h55.23.375,EXNAT_4_TMS_Psychopy2024.2.5.psyexp,2024.2.5,2025-08-21 10h57.41.138804 +0200,
0,0,0,0,0,0,0,,,,,,,,,#D292F3,101.56426572799683,None,space,None,None,504.1797161102295,text_03,133,1,Reading_Baseline_main_click,None,als,17,0,17,60,60,,,,,,,,,,,25,01,yes,no,no,2025-08-21_10h55.23.375,EXNAT_4_TMS_Psychopy2024.2.5.psyexp,2024.2.5,2025-08-21 10h57.41.138804 +0200,
0,0,0,0,0,0,0,,,,,,,,,#2AB7EF,102.12500834465027,None,space,None,None,535.6183052062988,text_03,134,1,Reading_Baseline_main_click,None,"zurückgezogen,",17,0,17,60,60,,,,,,,,,,,25,01,yes,no,no,2025-08-21_10h55.23.375,EXNAT_4_TMS_Psychopy2024.2.5.psyexp,2024.2.5,2025-08-21 10h57.41.138804 +0200,
0,0,0,0,0,0,0,,,,,,,,,#88BA3F,102.71539783477783,None,space,None,None,489.2764091491699,text_03,135,1,Reading_Baseline_main_click,None,aber,17,0,17,60,60,,,,,,,,,,,25,01,yes,no,no,2025-08-21_10h55.23.375,EXNAT_4_TMS_Psychopy2024.2.5.psyexp,2024.2.5,2025-08-21 10h57.41.138804 +0200,
0,0,0,0,0,0,0,,,,,,,,,#F989A2,103.24272871017456,None,space,None,None,569.880485534668,text_03,136,1,Reading_Baseline_main_click,None,herzlich.,17,0,17,60,60,,,,,,,,,,,25,01,yes,no,no,2025-08-21_10h55.23.375,EXNAT_4_TMS_Psychopy2024.2.5.psyexp,2024.2.5,2025-08-21 10h57.41.138804 +0200,
0,0,0,0,0,0,0,,,,,,,,,#F989A2,103.85252523422241,None,space,None,None,647.9723453521729,text_03,137,1,Reading_Baseline_main_click,None,Besonders,17,0,17,60,60,,,,,,,,,,,25,01,yes,no,no,2025-08-21_10h55.23.375,EXNAT_4_TMS_Psychopy2024.2.5.psyexp,2024.2.5,2025-08-21 10h57.41.138804 +0200,
0,0,0,0,0,0,0,,,,,,,,,#2AB7EF,104.54050707817078,None,space,None,None,408.1242084503174,text_03,138,1,Reading_Baseline_main_click,None,bewegend,17,0,17,60,60,,,,,,,,,,,25,01,yes,no,no,2025-08-21_10h55.23.375,EXNAT_4_TMS_Psychopy2024.2.5.psyexp,2024.2.5,2025-08-21 10h57.41.138804 +0200,
0,0,0,0,0,0,0,,,,,,,,,#D292F3,104.98745083808899,None,space,None,None,393.28551292419434,text_03,139,1,Reading_Baseline_main_click,None,"war,",18,0,18,60,60,105.05352210998535,,,,,,,,,,25,01,yes,no,no,2025-08-21_10h55.23.375,EXNAT_4_TMS_Psychopy2024.2.5.psyexp,2024.2.5,2025-08-21 10h57.41.138804 +0200,
0,0,0,0,0,0,0,,,,,,,,,#F989A2,105.42400932312012,None,space,None,None,340.74926376342773,text_03,140,1,Reading_Baseline_main_click,None,wie,18,0,18,60,60,,,,,,,,,,,25,01,yes,no,no,2025-08-21_10h55.23.375,EXNAT_4_TMS_Psychopy2024.2.5.psyexp,2024.2.5,2025-08-21 10h57.41.138804 +0200,
0,0,0,0,0,0,0,,,,,,,,,#88BA3F,105.80366683006287,None,space,None,None,377.0015239715576,text_03,141,1,Reading_Baseline_main_click,None,Einstein,18,0,18,60,60,,,,,,,,,,,25,01,yes,no,no,2025-08-21_10h55.23.375,EXNAT_4_TMS_Psychopy2024.2.5.psyexp,2024.2.5,2025-08-21 10h57.41.138804 +0200,
0,0,0,0,0,0,0,,,,,,,,,#88BA3F,106.21778416633606,None,space,None,None,426.85413360595703,text_03,142,1,Reading_Baseline_main_click,None,"versuchte,",18,0,18,60,60,,,,,,,,,,,25,01,yes,no,no,2025-08-21_10h55.23.375,EXNAT_4_TMS_Psychopy2024.2.5.psyexp,2024.2.5,2025-08-21 10h57.41.138804 +0200,
0,0,0,0,0,0,0,,,,,,,,,#D292F3,106.68473362922668,None,space,None,None,391.9367790222168,text_03,143,1,Reading_Baseline_main_click,None,seinen,18,0,18,60,60,,,,,,,,,,,25,01,yes,no,no,2025-08-21_10h55.23.375,EXNAT_4_TMS_Psychopy2024.2.5.psyexp,2024.2.5,2025-08-21 10h57.41.138804 +0200,
0,0,0,0,0,0,0,,,,,,,,,#2AB7EF,107.11795783042908,None,space,None,None,486.77635192871094,text_03,144,1,Reading_Baseline_main_click,None,traurigen,18,0,18,60,60,,,,,,,,,,,25,01,yes,no,no,2025-08-21_10h55.23.375,EXNAT_4_TMS_Psychopy2024.2.5.psyexp,2024.2.5,2025-08-21 10h57.41.138804 +0200,
0,0,0,0,0,0,0,,,,,,,,,#D292F3,107.64555668830872,None,space,None,None,455.1281929016113,text_03,145,1,Reading_Baseline_main_click,None,Papagei,18,0,18,60,60,,,,,,,,,,,25,01,yes,no,no,2025-08-21_10h55.23.375,EXNAT_4_TMS_Psychopy2024.2.5.psyexp,2024.2.5,2025-08-21 10h57.41.138804 +0200,
0,0,0,0,0,0,0,,,,,,,,,#2AB7EF,108.1403136253357,None,space,None,None,488.4073734283447,text_03,146,1,Reading_Baseline_main_click,None,Bibo,18,0,18,60,60,,,,,,,,,,,25,01,yes,no,no,2025-08-21_10h55.23.375,EXNAT_4_TMS_Psychopy2024.2.5.psyexp,2024.2.5,2025-08-21 10h57.41.138804 +0200,
0,0,0,0,0,0,0,,,,,,,,,#D292F3,108.66877269744873,None,space,None,None,743.9029216766357,text_03,147,1,Reading_Baseline_main_click,None,mit,18,0,18,60,60,,,,,,,,,,,25,01,yes,no,no,2025-08-21_10h55.23.375,EXNAT_4_TMS_Psychopy2024.2.5.psyexp,2024.2.5,2025-08-21 10h57.41.138804 +0200,
0,0,0,0,0,0,0,,,,,,,,,#88BA3F,109.45045471191406,None,space,None,None,522.2530364990234,text_03,148,1,Reading_Baseline_main_click,None,Scherzen,18,0,18,60,60,,,,,,,,,,,25,01,yes,no,no,2025-08-21_10h55.23.375,EXNAT_4_TMS_Psychopy2024.2.5.psyexp,2024.2.5,2025-08-21 10h57.41.138804 +0200,
0,0,0,0,0,0,0,,,,,,,,,#F989A2,110.0129120349884,None,space,None,None,327.80957221984863,text_03,149,1,Reading_Baseline_main_click,None,zu,19,0,19,60,60,110.06493663787842,,,,,,,,,,25,01,yes,no,no,2025-08-21_10h55.23.375,EXNAT_4_TMS_Psychopy2024.2.5.psyexp,2024.2.5,2025-08-21 10h57.41.138804 +0200,
0,0,0,0,0,0,0,,,,,,,,,#88BA3F,110.38090062141418,None,space,None,None,391.7992115020752,text_03,150,1,Reading_Baseline_main_click,None,trösten.,19,0,19,60,60,,,,,,,,,,,25,01,yes,no,no,2025-08-21_10h55.23.375,EXNAT_4_TMS_Psychopy2024.2.5.psyexp,2024.2.5,2025-08-21 10h57.41.138804 +0200,
0,0,0,0,0,0,0,,,,,,,,,,110.82111096382141,,4,,,,text_03,,1,Reading_Baseline_main_click,,,,,,,,,Q1,d,True,,,,,,,25,01,yes,no,no,2025-08-21_10h55.23.375,EXNAT_4_TMS_Psychopy2024.2.5.psyexp,2024.2.5,2025-08-21 10h57.41.138804 +0200,
0,0,0,0,0,0,0,,,,,,,,,,116.81480503082275,,2,,,,text_03,,1,Reading_Baseline_main_click,,,,,,,,,Q2,b,False,,,,,,,25,01,yes,no,no,2025-08-21_10h55.23.375,EXNAT_4_TMS_Psychopy2024.2.5.psyexp,2024.2.5,2025-08-21 10h57.41.138804 +0200,
0,0,0,0,0,0,0,,,,,,,,,,122.69813966751099,,1,,,,text_03,,1,Reading_Baseline_main_click,,,,,,,,,Q3,a,True,,,,,,,25,01,yes,no,no,2025-08-21_10h55.23.375,EXNAT_4_TMS_Psychopy2024.2.5.psyexp,2024.2.5,2025-08-21 10h57.41.138804 +0200,
0,0,0,0,0,0,0,,,,,,,,,#2AB7EF,130.61162185668945,None,space,None,None,801.1102676391602,text_12,1,2,Reading_Baseline_main_click,None,Unfälle,20,0,20,60,60,130.66640543937683,,,,,,,,,,25,01,yes,no,no,2025-08-21_10h55.23.375,EXNAT_4_TMS_Psychopy2024.2.5.psyexp,2024.2.5,2025-08-21 10h57.41.138804 +0200,
0,0,0,0,0,0,0,,,,,,,,,#F989A2,131.44755029678345,None,space,None,None,429.2261600494385,text_12,2,2,Reading_Baseline_main_click,None,spielen,20,0,20,60,60,,,,,,,,,,,25,01,yes,no,no,2025-08-21_10h55.23.375,EXNAT_4_TMS_Psychopy2024.2.5.psyexp,2024.2.5,2025-08-21 10h57.41.138804 +0200,
0,0,0,0,0,0,0,,,,,,,,,#88BA3F,131.91151595115662,None,space,None,None,445.2059268951416,text_12,3,2,Reading_Baseline_main_click,None,in,20,0,20,60,60,,,,,,,,,,,25,01,yes,no,no,2025-08-21_10h55.23.375,EXNAT_4_TMS_Psychopy2024.2.5.psyexp,2024.2.5,2025-08-21 10h57.41.138804 +0200,
0,0,0,0,0,0,0,,,,,,,,,#F989A2,132.3946430683136,None,space,None,None,490.15164375305176,text_12,4,2,Reading_Baseline_main_click,None,den,20,0,20,60,60,,,,,,,,,,,25,01,yes,no,no,2025-08-21_10h55.23.375,EXNAT_4_TMS_Psychopy2024.2.5.psyexp,2024.2.5,2025-08-21 10h57.41.138804 +0200,
0,0,0,0,0,0,0,,,,,,,,,#88BA3F,132.92271876335144,None,space,None,None,554.086446762085,text_12,5,2,Reading_Baseline_main_click,None,Filmen,20,0,20,60,60,,,,,,,,,,,25,01,yes,no,no,2025-08-21_10h55.23.375,EXNAT_4_TMS_Psychopy2024.2.5.psyexp,2024.2.5,2025-08-21 10h57.41.138804 +0200,
0,0,0,0,0,0,0,,,,,,,,,#2AB7EF,133.5171504020691,None,space,None,None,631.7088603973389,text_12,6,2,Reading_Baseline_main_click,None,von,20,0,20,60,60,,,,,,,,,,,25,01,yes,no,no,2025-08-21_10h55.23.375,EXNAT_4_TMS_Psychopy2024.2.5.psyexp,2024.2.5,2025-08-21 10h57.41.138804 +0200,
0,0,0,0,0,0,0,,,,,,,,,#D292F3,134.19065737724304,None,space,None,None,518.0861949920654,text_12,7,2,Reading_Baseline_main_click,None,Alejandro,20,0,20,60,60,,,,,,,,,,,25,01,yes,no,no,2025-08-21_10h55.23.375,EXNAT_4_TMS_Psychopy2024.2.5.psyexp,2024.2.5,2025-08-21 10h57.41.138804 +0200,
0,0,0,0,0,0,0,,,,,,,,,#88BA3F,134.74994158744812,None,space,None,None,566.826581954956,text_12,8,2,Reading_Baseline_main_click,None,Iñárritu,20,0,20,60,60,,,,,,,,,,,25,01,yes,no,no,2025-08-21_10h55.23.375,EXNAT_4_TMS_Psychopy2024.2.5.psyexp,2024.2.5,2025-08-21 10h57.41.138804 +0200,
0,0,0,0,0,0,0,,,,,,,,,#D292F3,135.35661482810974,None,space,None,None,632.0528984069824,text_12,9,2,Reading_Baseline_main_click,None,eine,21,0,21,60,60,135.6666295528412,,,,,,,,,,25,01,yes,no,no,2025-08-21_10h55.23.375,EXNAT_4_TMS_Psychopy2024.2.5.psyexp,2024.2.5,2025-08-21 10h57.41.138804 +0200,
0,0,0,0,0,0,0,,,,,,,,,#88BA3F,136.02836084365845,None,space,None,None,504.3013095855713,text_12,10,2,Reading_Baseline_main_click,None,zentrale,21,0,21,60,60,,,,,,,,,,,25,01,yes,no,no,2025-08-21_10h55.23.375,EXNAT_4_TMS_Psychopy2024.2.5.psyexp,2024.2.5,2025-08-21 10h57.41.138804 +0200,
0,0,0,0,0,0,0,,,,,,,,,#2AB7EF,136.57068514823914,None,space,None,None,442.07167625427246,text_12,11,2,Reading_Baseline_main_click,None,Rolle,21,0,21,60,60,,,,,,,,,,,25,01,yes,no,no,2025-08-21_10h55.23.375,EXNAT_4_TMS_Psychopy2024.2.5.psyexp,2024.2.5,2025-08-21 10h57.41.138804 +0200,
0,0,0,0,0,0,0,,,,,,,,,#D292F3,137.05254364013672,None,space,None,None,504.21810150146484,text_12,12,2,Reading_Baseline_main_click,None,und,21,0,21,60,60,,,,,,,,,,,25,01,yes,no,no,2025-08-21_10h55.23.375,EXNAT_4_TMS_Psychopy2024.2.5.psyexp,2024.2.5,2025-08-21 10h57.41.138804 +0200,
0,0,0,0,0,0,0,,,,,,,,,#F989A2,137.59511876106262,None,space,None,None,553.5626411437988,text_12,13,2,Reading_Baseline_main_click,None,so,21,0,21,60,60,,,,,,,,,,,25,01,yes,no,no,2025-08-21_10h55.23.375,EXNAT_4_TMS_Psychopy2024.2.5.psyexp,2024.2.5,2025-08-21 10h57.41.138804 +0200,
0,0,0,0,0,0,0,,,,,,,,,#88BA3F,138.18887591362,None,space,None,None,471.73619270324707,text_12,14,2,Reading_Baseline_main_click,None,auch,21,0,21,60,60,,,,,,,,,,,25,01,yes,no,no,2025-08-21_10h55.23.375,EXNAT_4_TMS_Psychopy2024.2.5.psyexp,2024.2.5,2025-08-21 10h57.41.138804 +0200,
0,0,0,0,0,0,0,,,,,,,,,#2AB7EF,138.69757199287415,None,space,None,None,251.11985206604004,text_12,15,2,Reading_Baseline_main_click,None,in,21,0,21,60,60,,,,,,,,,,,25,01,yes,no,no,2025-08-21_10h55.23.375,EXNAT_4_TMS_Psychopy2024.2.5.psyexp,2024.2.5,2025-08-21 10h57.41.138804 +0200,
0,0,0,0,0,0,0,,,,,,,,,#88BA3F,138.98897099494934,None,space,None,None,343.7161445617676,text_12,16,2,Reading_Baseline_main_click,None,""Babel"".,21,0,21,60,60,,,,,,,,,,,25,01,yes,no,no,2025-08-21_10h55.23.375,EXNAT_4_TMS_Psychopy2024.2.5.psyexp,2024.2.5,2025-08-21 10h57.41.138804 +0200,
0,0,0,0,0,0,0,,,,,,,,,#F989A2,139.37128233909607,None,space,None,None,505.373477935791,text_12,17,2,Reading_Baseline_main_click,None,In,21,0,21,60,60,,,,,,,,,,,25,01,yes,no,no,2025-08-21_10h55.23.375,EXNAT_4_TMS_Psychopy2024.2.5.psyexp,2024.2.5,2025-08-21 10h57.41.138804 +0200,
0,0,0,0,0,0,0,,,,,,,,,#2AB7EF,139.91844296455383,None,space,None,None,390.2442455291748,text_12,18,2,Reading_Baseline_main_click,None,Marokko,21,0,21,60,60,,,,,,,,,,,25,01,yes,no,no,2025-08-21_10h55.23.375,EXNAT_4_TMS_Psychopy2024.2.5.psyexp,2024.2.5,2025-08-21 10h57.41.138804 +0200,
0,0,0,0,0,0,0,,,,,,,,,#F989A2,140.3480100631714,None,space,None,None,408.6785316467285,text_12,19,2,Reading_Baseline_main_click,None,testen,22,0,22,60,60,140.6664593219757,,,,,,,,,,25,01,yes,no,no,2025-08-21_10h55.23.375,EXNAT_4_TMS_Psychopy2024.2.5.psyexp,2024.2.5,2025-08-21 10h57.41.138804 +0200,
0,0,0,0,0,0,0,,,,,,,,,#88BA3F,140.79557633399963,None,space,None,None,441.12586975097656,text_12,20,2,Reading_Baseline_main_click,None,zwei,22,0,22,60,60,,,,,,,,,,,25,01,yes,no,no,2025-08-21_10h55.23.375,EXNAT_4_TMS_Psychopy2024.2.5.psyexp,2024.2.5,2025-08-21 10h57.41.138804 +0200,
0,0,0,0,0,0,0,,,,,,,,,#D292F3,141.2754671573639,None,space,None,None,409.2898368835449,text_12,21,2,Reading_Baseline_main_click,None,Jungen,22,0,22,60,60,,,,,,,,,,,25,01,yes,no,no,2025-08-21_10h55.23.375,EXNAT_4_TMS_Psychopy2024.2.5.psyexp,2024.2.5,2025-08-21 10h57.41.138804 +0200,
0,0,0,0,0,0,0,,,,,,,,,#2AB7EF,141.72062873840332,None,space,None,None,412.14776039123535,text_12,22,2,Reading_Baseline_main_click,None,ein,22,0,22,60,60,,,,,,,,,,,25,01,yes,no,no,2025-08-21_10h55.23.375,EXNAT_4_TMS_Psychopy2024.2.5.psyexp,2024.2.5,2025-08-21 10h57.41.138804 +0200,
0,0,0,0,0,0,0,,,,,,,,,#D292F3,142.1738576889038,None,space,None,None,470.8573818206787,text_12,23,2,Reading_Baseline_main_click,None,Gewehr,22,0,22,60,60,,,,,,,,,,,25,01,yes,no,no,2025-08-21_10h55.23.375,EXNAT_4_TMS_Psychopy2024.2.5.psyexp,2024.2.5,2025-08-21 10h57.41.138804 +0200,
0,0,0,0,0,0,0,,,,,,,,,#F989A2,142.68314170837402,None,space,None,None,425.62103271484375,text_12,24,2,Reading_Baseline_main_click,None,und,22,0,22,60,60,,,,,,,,,,,25,01,yes,no,no,2025-08-21_10h55.23.375,EXNAT_4_TMS_Psychopy2024.2.5.psyexp,2024.2.5,2025-08-21 10h57.41.138804 +0200,
0,0,0,0,0,0,0,,,,,,,,,#D292F3,143.1494734287262,None,space,None,None,439.27741050720215,text_12,25,2,Reading_Baseline_main_click,None,treffen,22,0,22,60,60,,,,,,,,,,,25,01,yes,no,no,2025-08-21_10h55.23.375,EXNAT_4_TMS_Psychopy2024.2.5.psyexp,2024.2.5,2025-08-21 10h57.41.138804 +0200,
0,0,0,0,0,0,0,,,,,,,,,#2AB7EF,143.62849473953247,None,space,None,None,472.1989631652832,text_12,26,2,Reading_Baseline_main_click,None,damit,22,0,22,60,60,,,,,,,,,,,25,01,yes,no,no,2025-08-21_10h55.23.375,EXNAT_4_TMS_Psychopy2024.2.5.psyexp,2024.2.5,2025-08-21 10h57.41.138804 +0200,
0,0,0,0,0,0,0,,,,,,,,,#88BA3F,144.14093351364136,None,space,None,None,439.7454261779785,text_12,27,2,Reading_Baseline_main_click,None,eine,22,0,22,60,60,,,,,,,,,,,25,01,yes,no,no,2025-08-21_10h55.23.375,EXNAT_4_TMS_Psychopy2024.2.5.psyexp,2024.2.5,2025-08-21 10h57.41.138804 +0200,
0,0,0,0,0,0,0,,,,,,,,,#F989A2,144.62106728553772,None,space,None,None,343.7223434448242,text_12,28,2,Reading_Baseline_main_click,None,Touristin,22,0,22,60,60,,,,,,,,,,,25,01,yes,no,no,2025-08-21_10h55.23.375,EXNAT_4_TMS_Psychopy2024.2.5.psyexp,2024.2.5,2025-08-21 10h57.41.138804 +0200,
0,0,0,0,0,0,0,,,,,,,,,#D292F3,145.00418972969055,None,space,None,None,472.5368022918701,text_12,29,2,Reading_Baseline_main_click,None,im,22,0,22,60,60,,,,,,,,,,,25,01,yes,no,no,2025-08-21_10h55.23.375,EXNAT_4_TMS_Psychopy2024.2.5.psyexp,2024.2.5,2025-08-21 10h57.41.138804 +0200,
0,0,0,0,0,0,0,,,,,,,,,#F989A2,145.5178644657135,None,space,None,None,470.8740711212158,text_12,30,2,Reading_Baseline_main_click,None,Bus.,23,0,23,60,60,145.66642141342163,,,,,,,,,,25,01,yes,no,no,2025-08-21_10h55.23.375,EXNAT_4_TMS_Psychopy2024.2.5.psyexp,2024.2.5,2025-08-21 10h57.41.138804 +0200,
0,0,0,0,0,0,0,,,,,,,,,#2AB7EF,146.02808952331543,None,space,None,None,648.6387252807617,text_12,31,2,Reading_Baseline_main_click,None,Diese,23,0,23,60,60,,,,,,,,,,,25,01,yes,no,no,2025-08-21_10h55.23.375,EXNAT_4_TMS_Psychopy2024.2.5.psyexp,2024.2.5,2025-08-21 10h57.41.138804 +0200,
0,0,0,0,0,0,0,,,,,,,,,#D292F3,146.71446418762207,None,space,None,None,442.35777854919434,text_12,32,2,Reading_Baseline_main_click,None,heißt,23,0,23,60,60,,,,,,,,,,,25,01,yes,no,no,2025-08-21_10h55.23.375,EXNAT_4_TMS_Psychopy2024.2.5.psyexp,2024.2.5,2025-08-21 10h57.41.138804 +0200,
0,0,0,0,0,0,0,,,,,,,,,#88BA3F,147.19724488258362,None,space,None,None,375.5354881286621,text_12,33,2,Reading_Baseline_main_click,None,Susan,23,0,23,60,60,,,,,,,,,,,25,01,yes,no,no,2025-08-21_10h55.23.375,EXNAT_4_TMS_Psychopy2024.2.5.psyexp,2024.2.5,2025-08-21 10h57.41.138804 +0200,
0,0,0,0,0,0,0,,,,,,,,,#F989A2,147.61279964447021,None,space,None,None,471.9698429107666,text_12,34,2,Reading_Baseline_main_click,None,und,23,0,23,60,60,,,,,,,,,,,25,01,yes,no,no,2025-08-21_10h55.23.375,EXNAT_4_TMS_Psychopy2024.2.5.psyexp,2024.2.5,2025-08-21 10h57.41.138804 +0200,
0,0,0,0,0,0,0,,,,,,,,,#88BA3F,148.12563562393188,None,space,None,None,422.8706359863281,text_12,35,2,Reading_Baseline_main_click,None,wird,23,0,23,60,60,,,,,,,,,,,25,01,yes,no,no,2025-08-21_10h55.23.375,EXNAT_4_TMS_Psychopy2024.2.5.psyexp,2024.2.5,2025-08-21 10h57.41.138804 +0200,
0,0,0,0,0,0,0,,,,,,,,,#2AB7EF,148.58745074272156,None,space,None,None,425.31275749206543,text_12,36,2,Reading_Baseline_main_click,None,von,23,0,23,60,60,,,,,,,,,,,25,01,yes,no,no,2025-08-21_10h55.23.375,EXNAT_4_TMS_Psychopy2024.2.5.psyexp,2024.2.5,2025-08-21 10h57.41.138804 +0200,
0,0,0,0,0,0,0,,,,,,,,,#88BA3F,149.05268597602844,None,space,None,None,360.2159023284912,text_12,37,2,Reading_Baseline_main_click,None,Cate,23,0,23,60,60,,,,,,,,,,,25,01,yes,no,no,2025-08-21_10h55.23.375,EXNAT_4_TMS_Psychopy2024.2.5.psyexp,2024.2.5,2025-08-21 10h57.41.138804 +0200,
0,0,0,0,0,0,0,,,,,,,,,#88BA3F,149.45331716537476,None,space,None,None,519.5033550262451,text_12,38,2,Reading_Baseline_main_click,None,Blanchett,23,0,23,60,60,,,,,,,,,,,25,01,yes,no,no,2025-08-21_10h55.23.375,EXNAT_4_TMS_Psychopy2024.2.5.psyexp,2024.2.5,2025-08-21 10h57.41.138804 +0200,
0,0,0,0,0,0,0,,,,,,,,,#F989A2,150.01212120056152,None,space,None,None,904.6280384063721,text_12,39,2,Reading_Baseline_main_click,None,gespielt.,24,0,24,60,60,150.66649508476257,,,,,,,,,,25,01,yes,no,no,2025-08-21_10h55.23.375,EXNAT_4_TMS_Psychopy2024.2.5.psyexp,2024.2.5,2025-08-21 10h57.41.138804 +0200,
0,0,0,0,0,0,0,,,,,,,,,#D292F3,150.95891189575195,None,space,None,None,389.8792266845703,text_12,40,2,Reading_Baseline_main_click,None,Ihr,24,0,24,60,60,,,,,,,,,,,25,01,yes,no,no,2025-08-21_10h55.23.375,EXNAT_4_TMS_Psychopy2024.2.5.psyexp,2024.2.5,2025-08-21 10h57.41.138804 +0200,
0,0,0,0,0,0,0,,,,,,,,,#D292F3,151.38968682289124,None,space,None,None,375.0278949737549,text_12,41,2,Reading_Baseline_main_click,None,Mann,24,0,24,60,60,,,,,,,,,,,25,01,yes,no,no,2025-08-21_10h55.23.375,EXNAT_4_TMS_Psychopy2024.2.5.psyexp,2024.2.5,2025-08-21 10h57.41.138804 +0200,
0,0,0,0,0,0,0,,,,,,,,,#D292F3,151.8019835948944,None,space,None,None,362.75458335876465,text_12,42,2,Reading_Baseline_main_click,None,"Richard,",24,0,24,60,60,,,,,,,,,,,25,01,yes,no,no,2025-08-21_10h55.23.375,EXNAT_4_TMS_Psychopy2024.2.5.psyexp,2024.2.5,2025-08-21 10h57.41.138804 +0200,
0,0,0,0,0,0,0,,,,,,,,,#2AB7EF,152.2053987979889,None,space,None,None,375.3235340118408,text_12,43,2,Reading_Baseline_main_click,None,gespielt,24,0,24,60,60,,,,,,,,,,,25,01,yes,no,no,2025-08-21_10h55.23.375,EXNAT_4_TMS_Psychopy2024.2.5.psyexp,2024.2.5,2025-08-21 10h57.41.138804 +0200,
0,0,0,0,0,0,0,,,,,,,,,#2AB7EF,152.62040495872498,None,space,None,None,472.25308418273926,text_12,44,2,Reading_Baseline_main_click,None,von,24,0,24,60,60,,,,,,,,,,,25,01,yes,no,no,2025-08-21_10h55.23.375,EXNAT_4_TMS_Psychopy2024.2.5.psyexp,2024.2.5,2025-08-21 10h57.41.138804 +0200,
0,0,0,0,0,0,0,,,,,,,,,#F989A2,153.13305830955505,None,space,None,None,503.6311149597168,text_12,45,2,Reading_Baseline_main_click,None,Brad,24,0,24,60,60,,,,,,,,,,,25,01,yes,no,no,2025-08-21_10h55.23.375,EXNAT_4_TMS_Psychopy2024.2.5.psyexp,2024.2.5,2025-08-21 10h57.41.138804 +0200,
0,0,0,0,0,0,0,,,,,,,,,#88BA3F,153.6781449317932,None,space,None,None,486.5286350250244,text_12,46,2,Reading_Baseline_main_click,None,"Pitt,",24,0,24,60,60,,,,,,,,,,,25,01,yes,no,no,2025-08-21_10h55.23.375,EXNAT_4_TMS_Psychopy2024.2.5.psyexp,2024.2.5,2025-08-21 10h57.41.138804 +0200,
0,0,0,0,0,0,0,,,,,,,,,#2AB7EF,154.20372200012207,None,space,None,None,440.9921169281006,text_12,47,2,Reading_Baseline_main_click,None,"versucht,",24,0,24,60,60,,,,,,,,,,,25,01,yes,no,no,2025-08-21_10h55.23.375,EXNAT_4_TMS_Psychopy2024.2.5.psyexp,2024.2.5,2025-08-21 10h57.41.138804 +0200,
0,0,0,0,0,0,0,,,,,,,,,#F989A2,154.68798732757568,None,space,None,None,356.68301582336426,text_12,48,2,Reading_Baseline_main_click,None,Hilfe,24,0,24,60,60,,,,,,,,,,,25,01,yes,no,no,2025-08-21_10h55.23.375,EXNAT_4_TMS_Psychopy2024.2.5.psyexp,2024.2.5,2025-08-21 10h57.41.138804 +0200,
0,0,0,0,0,0,0,,,,,,,,,#F989A2,155.08283805847168,None,space,None,None,377.9885768890381,text_12,49,2,Reading_Baseline_main_click,None,zu,24,0,24,60,60,,,,,,,,,,,25,01,yes,no,no,2025-08-21_10h55.23.375,EXNAT_4_TMS_Psychopy2024.2.5.psyexp,2024.2.5,2025-08-21 10h57.41.138804 +0200,
0,0,0,0,0,0,0,,,,,,,,,#D292F3,155.500892162323,None,space,None,None,439.94975090026855,text_12,50,2,Reading_Baseline_main_click,None,holen.,25,0,25,60,60,155.66643857955933,,,,,,,,,,25,01,yes,no,no,2025-08-21_10h55.23.375,EXNAT_4_TMS_Psychopy2024.2.5.psyexp,2024.2.5,2025-08-21 10h57.41.138804 +0200,
0,0,0,0,0,0,0,,,,,,,,,#D292F3,155.98171973228455,None,space,None,None,646.9683647155762,text_12,51,2,Reading_Baseline_main_click,None,Gleichzeitig,25,0,25,60,60,,,,,,,,,,,25,01,yes,no,no,2025-08-21_10h55.23.375,EXNAT_4_TMS_Psychopy2024.2.5.psyexp,2024.2.5,2025-08-21 10h57.41.138804 +0200,
0,0,0,0,0,0,0,,,,,,,,,#F989A2,156.66657781600952,None,space,None,None,506.14047050476074,text_12,52,2,Reading_Baseline_main_click,None,verändert,25,0,25,60,60,,,,,,,,,,,25,01,yes,no,no,2025-08-21_10h55.23.375,EXNAT_4_TMS_Psychopy2024.2.5.psyexp,2024.2.5,2025-08-21 10h57.41.138804 +0200,
0,0,0,0,0,0,0,,,,,,,,,#2AB7EF,157.2131040096283,None,NA,None,None,5000,text_12,53,2,Reading_Baseline_main_click,None,der,26,0,26,60,60,160.66651940345764,,,,,,,,,,25,01,yes,no,no,2025-08-21_10h55.23.375,EXNAT_4_TMS_Psychopy2024.2.5.psyexp,2024.2.5,2025-08-21 10h57.41.138804 +0200,
0,0,0,0,0,0,0,,,,,,,,,#2AB7EF,162.3342068195343,None,space,None,None,1622.6956844329834,text_12,54,2,Reading_Baseline_main_click,None,Unfall,26,0,26,60,60,,,,,,,,,,,25,01,yes,no,no,2025-08-21_10h55.23.375,EXNAT_4_TMS_Psychopy2024.2.5.psyexp,2024.2.5,2025-08-21 10h57.41.138804 +0200,
0,0,0,0,0,0,0,,,,,,,,,#D292F3,164.01179718971252,None,space,None,None,472.9938507080078,text_12,55,2,Reading_Baseline_main_click,None,auch,26,0,26,60,60,,,,,,,,,,,25,01,yes,no,no,2025-08-21_10h55.23.375,EXNAT_4_TMS_Psychopy2024.2.5.psyexp,2024.2.5,2025-08-21 10h57.41.138804 +0200,
0,0,0,0,0,0,0,,,,,,,,,#88BA3F,164.537531375885,None,space,None,None,443.11976432800293,text_12,56,2,Reading_Baseline_main_click,None,das,26,0,26,60,60,,,,,,,,,,,25,01,yes,no,no,2025-08-21_10h55.23.375,EXNAT_4_TMS_Psychopy2024.2.5.psyexp,2024.2.5,2025-08-21 10h57.41.138804 +0200,
0,0,0,0,0,0,0,,,,,,,,,#2AB7EF,165.0349040031433,None,space,None,None,457.83543586730957,text_12,57,2,Reading_Baseline_main_click,None,Leben,26,0,26,60,60,,,,,,,,,,,25,01,yes,no,no,2025-08-21_10h55.23.375,EXNAT_4_TMS_Psychopy2024.2.5.psyexp,2024.2.5,2025-08-21 10h57.41.138804 +0200,
0,0,0,0,0,0,0,,,,,,,,,#88BA3F,165.54865217208862,None,space,None,None,744.1117763519287,text_12,58,2,Reading_Baseline_main_click,None,ihrer,27,0,27,60,60,165.66653060913086,,,,,,,,,,25,01,yes,no,no,2025-08-21_10h55.23.375,EXNAT_4_TMS_Psychopy2024.2.5.psyexp,2024.2.5,2025-08-21 10h57.41.138804 +0200,
0,0,0,0,0,0,0,,,,,,,,,#2AB7EF,166.35027050971985,None,space,None,None,582.4236869812012,text_12,59,2,Reading_Baseline_main_click,None,Kinderfrau,27,0,27,60,60,,,,,,,,,,,25,01,yes,no,no,2025-08-21_10h55.23.375,EXNAT_4_TMS_Psychopy2024.2.5.psyexp,2024.2.5,2025-08-21 10h57.41.138804 +0200,
0,0,0,0,0,0,0,,,,,,,,,#F989A2,166.98592925071716,None,space,None,None,666.8198108673096,text_12,60,2,Reading_Baseline_main_click,None,in,27,0,27,60,60,,,,,,,,,,,25,01,yes,no,no,2025-08-21_10h55.23.375,EXNAT_4_TMS_Psychopy2024.2.5.psyexp,2024.2.5,2025-08-21 10h57.41.138804 +0200,
0,0,0,0,0,0,0,,,,,,,,,#88BA3F,167.7087128162384,None,space,None,None,792.0324802398682,text_12,61,2,Reading_Baseline_main_click,None,"Amerika,",27,0,27,60,60,,,,,,,,,,,25,01,yes,no,no,2025-08-21_10h55.23.375,EXNAT_4_TMS_Psychopy2024.2.5.psyexp,2024.2.5,2025-08-21 10h57.41.138804 +0200,
0,0,0,0,0,0,0,,,,,,,,,#2AB7EF,168.554927110672,None,space,None,None,505.9177875518799,text_12,62,2,Reading_Baseline_main_click,None,die,27,0,27,60,60,,,,,,,,,,,25,01,yes,no,no,2025-08-21_10h55.23.375,EXNAT_4_TMS_Psychopy2024.2.5.psyexp,2024.2.5,2025-08-21 10h57.41.138804 +0200,
0,0,0,0,0,0,0,,,,,,,,,#F989A2,169.11371111869812,None,space,None,None,379.0702819824219,text_12,63,2,Reading_Baseline_main_click,None,spontan,27,0,27,60,60,,,,,,,,,,,25,01,yes,no,no,2025-08-21_10h55.23.375,EXNAT_4_TMS_Psychopy2024.2.5.psyexp,2024.2.5,2025-08-21 10h57.41.138804 +0200,
0,0,0,0,0,0,0,,,,,,,,,#F989A2,169.5475754737854,None,space,None,None,361.18602752685547,text_12,64,2,Reading_Baseline_main_click,None,zur,27,0,27,60,60,,,,,,,,,,,25,01,yes,no,no,2025-08-21_10h55.23.375,EXNAT_4_TMS_Psychopy2024.2.5.psyexp,2024.2.5,2025-08-21 10h57.41.138804 +0200,
0,0,0,0,0,0,0,,,,,,,,,#2AB7EF,169.96551656723022,None,space,None,None,455.24001121520996,text_12,65,2,Reading_Baseline_main_click,None,Hochzeit,27,0,27,60,60,,,,,,,,,,,25,01,yes,no,no,2025-08-21_10h55.23.375,EXNAT_4_TMS_Psychopy2024.2.5.psyexp,2024.2.5,2025-08-21 10h57.41.138804 +0200,
0,0,0,0,0,0,0,,,,,,,,,#D292F3,170.47603106498718,None,space,None,None,648.6539840698242,text_12,66,2,Reading_Baseline_main_click,None,ihres,28,0,28,60,60,170.66647577285767,,,,,,,,,,25,01,yes,no,no,2025-08-21_10h55.23.375,EXNAT_4_TMS_Psychopy2024.2.5.psyexp,2024.2.5,2025-08-21 10h57.41.138804 +0200,
0,0,0,0,0,0,0,,,,,,,,,#D292F3,171.17888951301575,None,space,None,None,713.9222621917725,text_12,67,2,Reading_Baseline_main_click,None,Sohnes,28,0,28,60,60,,,,,,,,,,,25,01,yes,no,no,2025-08-21_10h55.23.375,EXNAT_4_TMS_Psychopy2024.2.5.psyexp,2024.2.5,2025-08-21 10h57.41.138804 +0200,
0,0,0,0,0,0,0,,,,,,,,,#88BA3F,171.93164539337158,None,space,None,None,617.0613765716553,text_12,68,2,Reading_Baseline_main_click,None,nach,28,0,28,60,60,,,,,,,,,,,25,01,yes,no,no,2025-08-21_10h55.23.375,EXNAT_4_TMS_Psychopy2024.2.5.psyexp,2024.2.5,2025-08-21 10h57.41.138804 +0200,
0,0,0,0,0,0,0,,,,,,,,,#D292F3,172.590341091156,None,space,None,None,582.4069976806641,text_12,69,2,Reading_Baseline_main_click,None,Mexiko,28,0,28,60,60,,,,,,,,,,,25,01,yes,no,no,2025-08-21_10h55.23.375,EXNAT_4_TMS_Psychopy2024.2.5.psyexp,2024.2.5,2025-08-21 10h57.41.138804 +0200,
0,0,0,0,0,0,0,,,,,,,,,#2AB7EF,173.21084475517273,None,space,None,None,506.02126121520996,text_12,70,2,Reading_Baseline_main_click,None,"fährt,",28,0,28,60,60,,,,,,,,,,,25,01,yes,no,no,2025-08-21_10h55.23.375,EXNAT_4_TMS_Psychopy2024.2.5.psyexp,2024.2.5,2025-08-21 10h57.41.138804 +0200,
0,0,0,0,0,0,0,,,,,,,,,#88BA3F,173.75744557380676,None,space,None,None,487.3228073120117,text_12,71,2,Reading_Baseline_main_click,None,und,28,0,28,60,60,,,,,,,,,,,25,01,yes,no,no,2025-08-21_10h55.23.375,EXNAT_4_TMS_Psychopy2024.2.5.psyexp,2024.2.5,2025-08-21 10h57.41.138804 +0200,
0,0,0,0,0,0,0,,,,,,,,,#F989A2,174.28647232055664,None,space,None,None,342.2226905822754,text_12,72,2,Reading_Baseline_main_click,None,zwar,28,0,28,60,60,,,,,,,,,,,25,01,yes,no,no,2025-08-21_10h55.23.375,EXNAT_4_TMS_Psychopy2024.2.5.psyexp,2024.2.5,2025-08-21 10h57.41.138804 +0200,
0,0,0,0,0,0,0,,,,,,,,,#2AB7EF,174.6669888496399,None,space,None,None,505.75947761535645,text_12,73,2,Reading_Baseline_main_click,None,mit,28,0,28,60,60,,,,,,,,,,,25,01,yes,no,no,2025-08-21_10h55.23.375,EXNAT_4_TMS_Psychopy2024.2.5.psyexp,2024.2.5,2025-08-21 10h57.41.138804 +0200,
0,0,0,0,0,0,0,,,,,,,,,#88BA3F,175.2108416557312,None,space,None,None,1321.9373226165771,text_12,74,2,Reading_Baseline_main_click,None,den,29,0,29,60,60,175.6665530204773,,,,,,,,,,25,01,yes,no,no,2025-08-21_10h55.23.375,EXNAT_4_TMS_Psychopy2024.2.5.psyexp,2024.2.5,2025-08-21 10h57.41.138804 +0200,
0,0,0,0,0,0,0,,,,,,,,,#88BA3F,176.5726318359375,None,space,None,None,584.1236114501953,text_12,75,2,Reading_Baseline_main_click,None,Kindern.,29,0,29,60,60,,,,,,,,,,,25,01,yes,no,no,2025-08-21_10h55.23.375,EXNAT_4_TMS_Psychopy2024.2.5.psyexp,2024.2.5,2025-08-21 10h57.41.138804 +0200,
0,0,0,0,0,0,0,,,,,,,,,#D292F3,177.1956877708435,None,space,None,None,937.0849132537842,text_12,76,2,Reading_Baseline_main_click,None,Auf,29,0,29,60,60,,,,,,,,,,,25,01,yes,no,no,2025-08-21_10h55.23.375,EXNAT_4_TMS_Psychopy2024.2.5.psyexp,2024.2.5,2025-08-21 10h57.41.138804 +0200,
0,0,0,0,0,0,0,,,,,,,,,#2AB7EF,178.17174577713013,None,space,None,None,392.9178714752197,text_12,77,2,Reading_Baseline_main_click,None,der,29,0,29,60,60,,,,,,,,,,,25,01,yes,no,no,2025-08-21_10h55.23.375,EXNAT_4_TMS_Psychopy2024.2.5.psyexp,2024.2.5,2025-08-21 10h57.41.138804 +0200,
0,0,0,0,0,0,0,,,,,,,,,#2AB7EF,178.60537600517273,None,space,None,None,391.3135528564453,text_12,78,2,Reading_Baseline_main_click,None,Rückreise,29,0,29,60,60,,,,,,,,,,,25,01,yes,no,no,2025-08-21_10h55.23.375,EXNAT_4_TMS_Psychopy2024.2.5.psyexp,2024.2.5,2025-08-21 10h57.41.138804 +0200,
0,0,0,0,0,0,0,,,,,,,,,#F989A2,179.03695797920227,None,space,None,None,439.75162506103516,text_12,79,2,Reading_Baseline_main_click,None,kommt,29,0,29,60,60,,,,,,,,,,,25,01,yes,no,no,2025-08-21_10h55.23.375,EXNAT_4_TMS_Psychopy2024.2.5.psyexp,2024.2.5,2025-08-21 10h57.41.138804 +0200,
0,0,0,0,0,0,0,,,,,,,,,#88BA3F,179.515380859375,None,space,None,None,425.5023002624512,text_12,80,2,Reading_Baseline_main_click,None,es,29,0,29,60,60,,,,,,,,,,,25,01,yes,no,no,2025-08-21_10h55.23.375,EXNAT_4_TMS_Psychopy2024.2.5.psyexp,2024.2.5,2025-08-21 10h57.41.138804 +0200,
0,0,0,0,0,0,0,,,,,,,,,#D292F3,179.98059177398682,None,space,None,None,360.2619171142578,text_12,81,2,Reading_Baseline_main_click,None,an,29,0,29,60,60,,,,,,,,,,,25,01,yes,no,no,2025-08-21_10h55.23.375,EXNAT_4_TMS_Psychopy2024.2.5.psyexp,2024.2.5,2025-08-21 10h57.41.138804 +0200,
0,0,0,0,0,0,0,,,,,,,,,#D292F3,180.3804988861084,None,space,None,None,360.2890968322754,text_12,82,2,Reading_Baseline_main_click,None,der,30,0,30,60,60,180.66665959358215,,,,,,,,,,25,01,yes,no,no,2025-08-21_10h55.23.375,EXNAT_4_TMS_Psychopy2024.2.5.psyexp,2024.2.5,2025-08-21 10h57.41.138804 +0200,
0,0,0,0,0,0,0,,,,,,,,,#F989A2,180.77977108955383,None,space,None,None,376.9950866699219,text_12,83,2,Reading_Baseline_main_click,None,Grenze,30,0,30,60,60,,,,,,,,,,,25,01,yes,no,no,2025-08-21_10h55.23.375,EXNAT_4_TMS_Psychopy2024.2.5.psyexp,2024.2.5,2025-08-21 10h57.41.138804 +0200,
0,0,0,0,0,0,0,,,,,,,,,#F989A2,181.19681668281555,None,space,None,None,359.9584102630615,text_12,84,2,Reading_Baseline_main_click,None,zu,30,0,30,60,60,,,,,,,,,,,25,01,yes,no,no,2025-08-21_10h55.23.375,EXNAT_4_TMS_Psychopy2024.2.5.psyexp,2024.2.5,2025-08-21 10h57.41.138804 +0200,
0,0,0,0,0,0,0,,,,,,,,,#2AB7EF,181.59588360786438,None,space,None,None,424.816370010376,text_12,85,2,Reading_Baseline_main_click,None,Problemen.,30,0,30,60,60,,,,,,,,,,,25,01,yes,no,no,2025-08-21_10h55.23.375,EXNAT_4_TMS_Psychopy2024.2.5.psyexp,2024.2.5,2025-08-21 10h57.41.138804 +0200,
0,0,0,0,0,0,0,,,,,,,,,#88BA3F,182.06267857551575,None,space,None,None,662.0159149169922,text_12,86,2,Reading_Baseline_main_click,None,Währenddessen,30,0,30,60,60,,,,,,,,,,,25,01,yes,no,no,2025-08-21_10h55.23.375,EXNAT_4_TMS_Psychopy2024.2.5.psyexp,2024.2.5,2025-08-21 10h57.41.138804 +0200,
0,0,0,0,0,0,0,,,,,,,,,#88BA3F,182.76573395729065,None,space,None,None,422.98078536987305,text_12,87,2,Reading_Baseline_main_click,None,verläuft,30,0,30,60,60,,,,,,,,,,,25,01,yes,no,no,2025-08-21_10h55.23.375,EXNAT_4_TMS_Psychopy2024.2.5.psyexp,2024.2.5,2025-08-21 10h57.41.138804 +0200,
0,0,0,0,0,0,0,,,,,,,,,#2AB7EF,183.2270543575287,None,space,None,None,425.75883865356445,text_12,88,2,Reading_Baseline_main_click,None,in,30,0,30,60,60,,,,,,,,,,,25,01,yes,no,no,2025-08-21_10h55.23.375,EXNAT_4_TMS_Psychopy2024.2.5.psyexp,2024.2.5,2025-08-21 10h57.41.138804 +0200,
0,0,0,0,0,0,0,,,,,,,,,#D292F3,183.69411087036133,None,space,None,None,294.7733402252197,text_12,89,2,Reading_Baseline_main_click,None,Marokko,30,0,30,60,60,,,,,,,,,,,25,01,yes,no,no,2025-08-21_10h55.23.375,EXNAT_4_TMS_Psychopy2024.2.5.psyexp,2024.2.5,2025-08-21 10h57.41.138804 +0200,
0,0,0,0,0,0,0,,,,,,,,,#2AB7EF,184.02664995193481,None,space,None,None,377.90942192077637,text_12,90,2,Reading_Baseline_main_click,None,die,30,0,30,60,60,,,,,,,,,,,25,01,yes,no,no,2025-08-21_10h55.23.375,EXNAT_4_TMS_Psychopy2024.2.5.psyexp,2024.2.5,2025-08-21 10h57.41.138804 +0200,
0,0,0,0,0,0,0,,,,,,,,,#F989A2,184.44638752937317,None,space,None,None,326.37834548950195,text_12,91,2,Reading_Baseline_main_click,None,Rettung,30,0,30,60,60,,,,,,,,,,,25,01,yes,no,no,2025-08-21_10h55.23.375,EXNAT_4_TMS_Psychopy2024.2.5.psyexp,2024.2.5,2025-08-21 10h57.41.138804 +0200,
0,0,0,0,0,0,0,,,,,,,,,#88BA3F,184.8103699684143,None,space,None,None,378.2804012298584,text_12,92,2,Reading_Baseline_main_click,None,der,30,0,30,60,60,,,,,,,,,,,25,01,yes,no,no,2025-08-21_10h55.23.375,EXNAT_4_TMS_Psychopy2024.2.5.psyexp,2024.2.5,2025-08-21 10h57.41.138804 +0200,
0,0,0,0,0,0,0,,,,,,,,,#D292F3,185.22762155532837,None,space,None,None,377.0477771759033,text_12,93,2,Reading_Baseline_main_click,None,verletzten,30,0,30,60,60,,,,,,,,,,,25,01,yes,no,no,2025-08-21_10h55.23.375,EXNAT_4_TMS_Psychopy2024.2.5.psyexp,2024.2.5,2025-08-21 10h57.41.138804 +0200,
0,0,0,0,0,0,0,,,,,,,,,#F989A2,185.6430447101593,None,space,None,None,345.63422203063965,text_12,94,2,Reading_Baseline_main_click,None,Susan,31,0,31,60,60,185.69555592536926,,,,,,,,,,25,01,yes,no,no,2025-08-21_10h55.23.375,EXNAT_4_TMS_Psychopy2024.2.5.psyexp,2024.2.5,2025-08-21 10h57.41.138804 +0200,
0,0,0,0,0,0,0,,,,,,,,,#D292F3,186.03010964393616,None,space,None,None,422.6541519165039,text_12,95,2,Reading_Baseline_main_click,None,schleppend.,31,0,31,60,60,,,,,,,,,,,25,01,yes,no,no,2025-08-21_10h55.23.375,EXNAT_4_TMS_Psychopy2024.2.5.psyexp,2024.2.5,2025-08-21 10h57.41.138804 +0200,
0,0,0,0,0,0,0,,,,,,,,,#F989A2,186.4929792881012,None,space,None,None,663.7582778930664,text_12,96,2,Reading_Baseline_main_click,None,Kritiker,31,0,31,60,60,,,,,,,,,,,25,01,yes,no,no,2025-08-21_10h55.23.375,EXNAT_4_TMS_Psychopy2024.2.5.psyexp,2024.2.5,2025-08-21 10h57.41.138804 +0200,
0,0,0,0,0,0,0,,,,,,,,,#F989A2,187.19440269470215,None,space,None,None,442.27027893066406,text_12,97,2,Reading_Baseline_main_click,None,werfen,31,0,31,60,60,,,,,,,,,,,25,01,yes,no,no,2025-08-21_10h55.23.375,EXNAT_4_TMS_Psychopy2024.2.5.psyexp,2024.2.5,2025-08-21 10h57.41.138804 +0200,
0,0,0,0,0,0,0,,,,,,,,,#D292F3,187.67534613609314,None,space,None,None,441.38455390930176,text_12,98,2,Reading_Baseline_main_click,None,dem,31,0,31,60,60,,,,,,,,,,,25,01,yes,no,no,2025-08-21_10h55.23.375,EXNAT_4_TMS_Psychopy2024.2.5.psyexp,2024.2.5,2025-08-21 10h57.41.138804 +0200,
0,0,0,0,0,0,0,,,,,,,,,#F989A2,188.15531516075134,None,space,None,None,393.37754249572754,text_12,99,2,Reading_Baseline_main_click,None,Regisseur,31,0,31,60,60,,,,,,,,,,,25,01,yes,no,no,2025-08-21_10h55.23.375,EXNAT_4_TMS_Psychopy2024.2.5.psyexp,2024.2.5,2025-08-21 10h57.41.138804 +0200,
0,0,0,0,0,0,0,,,,,,,,,#F989A2,188.58771228790283,None,space,None,None,393.05782318115234,text_12,100,2,Reading_Baseline_main_click,None,"vor,",31,0,31,60,60,,,,,,,,,,,25,01,yes,no,no,2025-08-21_10h55.23.375,EXNAT_4_TMS_Psychopy2024.2.5.psyexp,2024.2.5,2025-08-21 10h57.41.138804 +0200,
0,0,0,0,0,0,0,,,,,,,,,#2AB7EF,189.0197184085846,None,space,None,None,392.9874897003174,text_12,101,2,Reading_Baseline_main_click,None,das,31,0,31,60,60,,,,,,,,,,,25,01,yes,no,no,2025-08-21_10h55.23.375,EXNAT_4_TMS_Psychopy2024.2.5.psyexp,2024.2.5,2025-08-21 10h57.41.138804 +0200,
0,0,0,0,0,0,0,,,,,,,,,#D292F3,189.4528284072876,None,space,None,None,359.8935604095459,text_12,102,2,Reading_Baseline_main_click,None,Publikum,31,0,31,60,60,,,,,,,,,,,25,01,yes,no,no,2025-08-21_10h55.23.375,EXNAT_4_TMS_Psychopy2024.2.5.psyexp,2024.2.5,2025-08-21 10h57.41.138804 +0200,
0,0,0,0,0,0,0,,,,,,,,,#88BA3F,189.8504147529602,None,space,None,None,378.33523750305176,text_12,103,2,Reading_Baseline_main_click,None,mit,31,0,31,60,60,,,,,,,,,,,25,01,yes,no,no,2025-08-21_10h55.23.375,EXNAT_4_TMS_Psychopy2024.2.5.psyexp,2024.2.5,2025-08-21 10h57.41.138804 +0200,
0,0,0,0,0,0,0,,,,,,,,,#2AB7EF,190.2674036026001,None,space,None,None,409.3799591064453,text_12,104,2,Reading_Baseline_main_click,None,starken,31,0,31,60,60,,,,,,,,,,,25,01,yes,no,no,2025-08-21_10h55.23.375,EXNAT_4_TMS_Psychopy2024.2.5.psyexp,2024.2.5,2025-08-21 10h57.41.138804 +0200,
0,0,0,0,0,0,0,,,,,,,,,#2AB7EF,190.71800065040588,None,space,None,None,358.7815761566162,text_12,105,2,Reading_Baseline_main_click,None,Bildern,32,0,32,60,60,190.77128887176514,,,,,,,,,,25,01,yes,no,no,2025-08-21_10h55.23.375,EXNAT_4_TMS_Psychopy2024.2.5.psyexp,2024.2.5,2025-08-21 10h57.41.138804 +0200,
0,0,0,0,0,0,0,,,,,,,,,#D292F3,191.11740946769714,None,space,None,None,359.32183265686035,text_12,106,2,Reading_Baseline_main_click,None,zu,32,0,32,60,60,,,,,,,,,,,25,01,yes,no,no,2025-08-21_10h55.23.375,EXNAT_4_TMS_Psychopy2024.2.5.psyexp,2024.2.5,2025-08-21 10h57.41.138804 +0200,
0,0,0,0,0,0,0,,,,,,,,,#88BA3F,191.51647853851318,None,space,None,None,376.30391120910645,text_12,107,2,Reading_Baseline_main_click,None,"blenden,",32,0,32,60,60,,,,,,,,,,,25,01,yes,no,no,2025-08-21_10h55.23.375,EXNAT_4_TMS_Psychopy2024.2.5.psyexp,2024.2.5,2025-08-21 10h57.41.138804 +0200,
0,0,0,0,0,0,0,,,,,,,,,#2AB7EF,191.93267798423767,None,space,None,None,376.09243392944336,text_12,108,2,Reading_Baseline_main_click,None,obwohl,32,0,32,60,60,,,,,,,,,,,25,01,yes,no,no,2025-08-21_10h55.23.375,EXNAT_4_TMS_Psychopy2024.2.5.psyexp,2024.2.5,2025-08-21 10h57.41.138804 +0200,
0,0,0,0,0,0,0,,,,,,,,,#F989A2,192.34799885749817,None,space,None,None,376.66869163513184,text_12,109,2,Reading_Baseline_main_click,None,es,32,0,32,60,60,,,,,,,,,,,25,01,yes,no,no,2025-08-21_10h55.23.375,EXNAT_4_TMS_Psychopy2024.2.5.psyexp,2024.2.5,2025-08-21 10h57.41.138804 +0200,
0,0,0,0,0,0,0,,,,,,,,,#2AB7EF,192.76431035995483,None,space,None,None,376.5866756439209,text_12,110,2,Reading_Baseline_main_click,None,um,32,0,32,60,60,,,,,,,,,,,25,01,yes,no,no,2025-08-21_10h55.23.375,EXNAT_4_TMS_Psychopy2024.2.5.psyexp,2024.2.5,2025-08-21 10h57.41.138804 +0200,
0,0,0,0,0,0,0,,,,,,,,,#2AB7EF,193.18214631080627,None,space,None,None,406.583309173584,text_12,111,2,Reading_Baseline_main_click,None,Missverständnisse,32,0,32,60,60,,,,,,,,,,,25,01,yes,no,no,2025-08-21_10h55.23.375,EXNAT_4_TMS_Psychopy2024.2.5.psyexp,2024.2.5,2025-08-21 10h57.41.138804 +0200,
0,0,0,0,0,0,0,,,,,,,,,#F989A2,193.62887740135193,None,space,None,None,359.8136901855469,text_12,112,2,Reading_Baseline_main_click,None,gehe.,32,0,32,60,60,,,,,,,,,,,25,01,yes,no,no,2025-08-21_10h55.23.375,EXNAT_4_TMS_Psychopy2024.2.5.psyexp,2024.2.5,2025-08-21 10h57.41.138804 +0200,
0,0,0,0,0,0,0,,,,,,,,,#D292F3,194.02877497673035,None,space,None,None,407.96446800231934,text_12,113,2,Reading_Baseline_main_click,None,Doch,32,0,32,60,60,,,,,,,,,,,25,01,yes,no,no,2025-08-21_10h55.23.375,EXNAT_4_TMS_Psychopy2024.2.5.psyexp,2024.2.5,2025-08-21 10h57.41.138804 +0200,
0,0,0,0,0,0,0,,,,,,,,,#D292F3,194.47712635993958,None,space,None,None,375.57101249694824,text_12,114,2,Reading_Baseline_main_click,None,genau,32,0,32,60,60,,,,,,,,,,,25,01,yes,no,no,2025-08-21_10h55.23.375,EXNAT_4_TMS_Psychopy2024.2.5.psyexp,2024.2.5,2025-08-21 10h57.41.138804 +0200,
0,0,0,0,0,0,0,,,,,,,,,#88BA3F,194.89258980751038,None,space,None,None,376.1270046234131,text_12,115,2,Reading_Baseline_main_click,None,das,32,0,32,60,60,,,,,,,,,,,25,01,yes,no,no,2025-08-21_10h55.23.375,EXNAT_4_TMS_Psychopy2024.2.5.psyexp,2024.2.5,2025-08-21 10h57.41.138804 +0200,
0,0,0,0,0,0,0,,,,,,,,,#88BA3F,195.30868411064148,None,space,None,None,376.1112689971924,text_12,116,2,Reading_Baseline_main_click,None,ist,32,0,32,60,60,,,,,,,,,,,25,01,yes,no,no,2025-08-21_10h55.23.375,EXNAT_4_TMS_Psychopy2024.2.5.psyexp,2024.2.5,2025-08-21 10h57.41.138804 +0200,
0,0,0,0,0,0,0,,,,,,,,,#F989A2,195.7260286808014,None,space,None,None,390.7124996185303,text_12,117,2,Reading_Baseline_main_click,None,die,33,0,33,60,60,195.77883791923523,,,,,,,,,,25,01,yes,no,no,2025-08-21_10h55.23.375,EXNAT_4_TMS_Psychopy2024.2.5.psyexp,2024.2.5,2025-08-21 10h57.41.138804 +0200,
0,0,0,0,0,0,0,,,,,,,,,#D292F3,196.15493059158325,None,space,None,None,377.8228759765625,text_12,118,2,Reading_Baseline_main_click,None,zentrale,33,0,33,60,60,,,,,,,,,,,25,01,yes,no,no,2025-08-21_10h55.23.375,EXNAT_4_TMS_Psychopy2024.2.5.psyexp,2024.2.5,2025-08-21 10h57.41.138804 +0200,
0,0,0,0,0,0,0,,,,,,,,,#88BA3F,196.5720546245575,None,space,None,None,344.7277545928955,text_12,119,2,Reading_Baseline_main_click,None,Aussage:,33,0,33,60,60,,,,,,,,,,,25,01,yes,no,no,2025-08-21_10h55.23.375,EXNAT_4_TMS_Psychopy2024.2.5.psyexp,2024.2.5,2025-08-21 10h57.41.138804 +0200,
0,0,0,0,0,0,0,,,,,,,,,#2AB7EF,196.95616579055786,None,space,None,None,392.58885383605957,text_12,120,2,Reading_Baseline_main_click,None,Menschen,33,0,33,60,60,,,,,,,,,,,25,01,yes,no,no,2025-08-21_10h55.23.375,EXNAT_4_TMS_Psychopy2024.2.5.psyexp,2024.2.5,2025-08-21 10h57.41.138804 +0200,
0,0,0,0,0,0,0,,,,,,,,,#D292F3,197.38694214820862,None,space,None,None,313.79246711730957,text_12,121,2,Reading_Baseline_main_click,None,verstehen,33,0,33,60,60,,,,,,,,,,,25,01,yes,no,no,2025-08-21_10h55.23.375,EXNAT_4_TMS_Psychopy2024.2.5.psyexp,2024.2.5,2025-08-21 10h57.41.138804 +0200,
0,0,0,0,0,0,0,,,,,,,,,#F989A2,197.73794436454773,None,space,None,None,330.7840824127197,text_12,122,2,Reading_Baseline_main_click,None,einander,33,0,33,60,60,,,,,,,,,,,25,01,yes,no,no,2025-08-21_10h55.23.375,EXNAT_4_TMS_Psychopy2024.2.5.psyexp,2024.2.5,2025-08-21 10h57.41.138804 +0200,
0,0,0,0,0,0,0,,,,,,,,,#2AB7EF,198.10759353637695,None,space,None,None,393.064022064209,text_12,123,2,Reading_Baseline_main_click,None,nicht.,33,0,33,60,60,,,,,,,,,,,25,01,yes,no,no,2025-08-21_10h55.23.375,EXNAT_4_TMS_Psychopy2024.2.5.psyexp,2024.2.5,2025-08-21 10h57.41.138804 +0200,
0,0,0,0,0,0,0,,,,,,,,,#2AB7EF,198.540048122406,None,space,None,None,408.6413383483887,text_12,124,2,Reading_Baseline_main_click,None,Der,33,0,33,60,60,,,,,,,,,,,25,01,yes,no,no,2025-08-21_10h55.23.375,EXNAT_4_TMS_Psychopy2024.2.5.psyexp,2024.2.5,2025-08-21 10h57.41.138804 +0200,
0,0,0,0,0,0,0,,,,,,,,,#D292F3,198.98814606666565,None,space,None,None,360.562801361084,text_12,125,2,Reading_Baseline_main_click,None,Titel,33,0,33,60,60,,,,,,,,,,,25,01,yes,no,no,2025-08-21_10h55.23.375,EXNAT_4_TMS_Psychopy2024.2.5.psyexp,2024.2.5,2025-08-21 10h57.41.138804 +0200,
0,0,0,0,0,0,0,,,,,,,,,#D292F3,199.38987278938293,None,space,None,None,374.90057945251465,text_12,126,2,Reading_Baseline_main_click,None,Babel,33,0,33,60,60,,,,,,,,,,,25,01,yes,no,no,2025-08-21_10h55.23.375,EXNAT_4_TMS_Psychopy2024.2.5.psyexp,2024.2.5,2025-08-21 10h57.41.138804 +0200,
0,0,0,0,0,0,0,,,,,,,,,#88BA3F,199.80246567726135,None,space,None,None,394.2885398864746,text_12,127,2,Reading_Baseline_main_click,None,verweist,33,0,33,60,60,,,,,,,,,,,25,01,yes,no,no,2025-08-21_10h55.23.375,EXNAT_4_TMS_Psychopy2024.2.5.psyexp,2024.2.5,2025-08-21 10h57.41.138804 +0200,
0,0,0,0,0,0,0,,,,,,,,,#D292F3,200.2363579273224,None,space,None,None,376.33371353149414,text_12,128,2,Reading_Baseline_main_click,None,auf,33,0,33,60,60,,,,,,,,,,,25,01,yes,no,no,2025-08-21_10h55.23.375,EXNAT_4_TMS_Psychopy2024.2.5.psyexp,2024.2.5,2025-08-21 10h57.41.138804 +0200,
0,0,0,0,0,0,0,,,,,,,,,#F989A2,200.6514503955841,None,space,None,None,377.2616386413574,text_12,129,2,Reading_Baseline_main_click,None,die,34,0,34,60,60,200.7787766456604,,,,,,,,,,25,01,yes,no,no,2025-08-21_10h55.23.375,EXNAT_4_TMS_Psychopy2024.2.5.psyexp,2024.2.5,2025-08-21 10h57.41.138804 +0200,
0,0,0,0,0,0,0,,,,,,,,,#88BA3F,201.0678734779358,None,space,None,None,328.8540840148926,text_12,130,2,Reading_Baseline_main_click,None,biblische,34,0,34,60,60,,,,,,,,,,,25,01,yes,no,no,2025-08-21_10h55.23.375,EXNAT_4_TMS_Psychopy2024.2.5.psyexp,2024.2.5,2025-08-21 10h57.41.138804 +0200,
0,0,0,0,0,0,0,,,,,,,,,#2AB7EF,201.4363932609558,None,space,None,None,328.3421993255615,text_12,131,2,Reading_Baseline_main_click,None,Geschichte,34,0,34,60,60,,,,,,,,,,,25,01,yes,no,no,2025-08-21_10h55.23.375,EXNAT_4_TMS_Psychopy2024.2.5.psyexp,2024.2.5,2025-08-21 10h57.41.138804 +0200,
0,0,0,0,0,0,0,,,,,,,,,#F989A2,201.8032729625702,None,space,None,None,345.51167488098145,text_12,132,2,Reading_Baseline_main_click,None,vom,34,0,34,60,60,,,,,,,,,,,25,01,yes,no,no,2025-08-21_10h55.23.375,EXNAT_4_TMS_Psychopy2024.2.5.psyexp,2024.2.5,2025-08-21 10h57.41.138804 +0200,
0,0,0,0,0,0,0,,,,,,,,,#F989A2,202.18839931488037,None,space,None,None,376.3148784637451,text_12,133,2,Reading_Baseline_main_click,None,"Turmbau,",34,0,34,60,60,,,,,,,,,,,25,01,yes,no,no,2025-08-21_10h55.23.375,EXNAT_4_TMS_Psychopy2024.2.5.psyexp,2024.2.5,2025-08-21 10h57.41.138804 +0200,
0,0,0,0,0,0,0,,,,,,,,,#D292F3,202.6029667854309,None,space,None,None,425.7688522338867,text_12,134,2,Reading_Baseline_main_click,None,bei,34,0,34,60,60,,,,,,,,,,,25,01,yes,no,no,2025-08-21_10h55.23.375,EXNAT_4_TMS_Psychopy2024.2.5.psyexp,2024.2.5,2025-08-21 10h57.41.138804 +0200,
0,0,0,0,0,0,0,,,,,,,,,#88BA3F,203.06721806526184,None,space,None,None,361.5763187408447,text_12,135,2,Reading_Baseline_main_click,None,dem,34,0,34,60,60,,,,,,,,,,,25,01,yes,no,no,2025-08-21_10h55.23.375,EXNAT_4_TMS_Psychopy2024.2.5.psyexp,2024.2.5,2025-08-21 10h57.41.138804 +0200,
0,0,0,0,0,0,0,,,,,,,,,#D292F3,203.46787118911743,None,space,None,None,344.8200225830078,text_12,136,2,Reading_Baseline_main_click,None,Gott,34,0,34,60,60,,,,,,,,,,,25,01,yes,no,no,2025-08-21_10h55.23.375,EXNAT_4_TMS_Psychopy2024.2.5.psyexp,2024.2.5,2025-08-21 10h57.41.138804 +0200,
0,0,0,0,0,0,0,,,,,,,,,#F989A2,203.85171055793762,None,space,None,None,345.0045585632324,text_12,137,2,Reading_Baseline_main_click,None,die,34,0,34,60,60,,,,,,,,,,,25,01,yes,no,no,2025-08-21_10h55.23.375,EXNAT_4_TMS_Psychopy2024.2.5.psyexp,2024.2.5,2025-08-21 10h57.41.138804 +0200,
0,0,0,0,0,0,0,,,,,,,,,#2AB7EF,204.23592472076416,None,space,None,None,344.7725772857666,text_12,138,2,Reading_Baseline_main_click,None,Sprache,34,0,34,60,60,,,,,,,,,,,25,01,yes,no,no,2025-08-21_10h55.23.375,EXNAT_4_TMS_Psychopy2024.2.5.psyexp,2024.2.5,2025-08-21 10h57.41.138804 +0200,
0,0,0,0,0,0,0,,,,,,,,,#2AB7EF,204.61944460868835,None,space,None,None,393.27406883239746,text_12,139,2,Reading_Baseline_main_click,None,der,34,0,34,60,60,,,,,,,,,,,25,01,yes,no,no,2025-08-21_10h55.23.375,EXNAT_4_TMS_Psychopy2024.2.5.psyexp,2024.2.5,2025-08-21 10h57.41.138804 +0200,
0,0,0,0,0,0,0,,,,,,,,,#88BA3F,205.05254292488098,None,space,None,None,360.2926731109619,text_12,140,2,Reading_Baseline_main_click,None,Menschen,34,0,34,60,60,,,,,,,,,,,25,01,yes,no,no,2025-08-21_10h55.23.375,EXNAT_4_TMS_Psychopy2024.2.5.psyexp,2024.2.5,2025-08-21 10h57.41.138804 +0200,
0,0,0,0,0,0,0,,,,,,,,,#88BA3F,205.45227813720703,None,space,None,None,328.6118507385254,text_12,141,2,Reading_Baseline_main_click,None,verwirrte.,35,0,35,60,60,205.77886056900024,,,,,,,,,,25,01,yes,no,no,2025-08-21_10h55.23.375,EXNAT_4_TMS_Psychopy2024.2.5.psyexp,2024.2.5,2025-08-21 10h57.41.138804 +0200,
0,0,0,0,0,0,0,,,,,,,,,#F989A2,205.81855869293213,None,space,None,None,378.0546188354492,text_12,142,2,Reading_Baseline_main_click,None,Der,35,0,35,60,60,,,,,,,,,,,25,01,yes,no,no,2025-08-21_10h55.23.375,EXNAT_4_TMS_Psychopy2024.2.5.psyexp,2024.2.5,2025-08-21 10h57.41.138804 +0200,
0,0,0,0,0,0,0,,,,,,,,,#D292F3,206.2329134941101,None,space,None,None,347.8548526763916,text_12,143,2,Reading_Baseline_main_click,None,Film,35,0,35,60,60,,,,,,,,,,,25,01,yes,no,no,2025-08-21_10h55.23.375,EXNAT_4_TMS_Psychopy2024.2.5.psyexp,2024.2.5,2025-08-21 10h57.41.138804 +0200,
0,0,0,0,0,0,0,,,,,,,,,#2AB7EF,206.62167692184448,None,space,None,None,375.0598430633545,text_12,144,2,Reading_Baseline_main_click,None,verdeutlicht,35,0,35,60,60,,,,,,,,,,,25,01,yes,no,no,2025-08-21_10h55.23.375,EXNAT_4_TMS_Psychopy2024.2.5.psyexp,2024.2.5,2025-08-21 10h57.41.138804 +0200,
0,0,0,0,0,0,0,,,,,,,,,#D292F3,207.03656578063965,None,space,None,None,360.1539134979248,text_12,145,2,Reading_Baseline_main_click,None,die,35,0,35,60,60,,,,,,,,,,,25,01,yes,no,no,2025-08-21_10h55.23.375,EXNAT_4_TMS_Psychopy2024.2.5.psyexp,2024.2.5,2025-08-21 10h57.41.138804 +0200,
0,0,0,0,0,0,0,,,,,,,,,#88BA3F,207.4366819858551,None,space,None,None,360.095739364624,text_12,146,2,Reading_Baseline_main_click,None,Folgen,35,0,35,60,60,,,,,,,,,,,25,01,yes,no,no,2025-08-21_10h55.23.375,EXNAT_4_TMS_Psychopy2024.2.5.psyexp,2024.2.5,2025-08-21 10h57.41.138804 +0200,
0,0,0,0,0,0,0,,,,,,,,,#F989A2,207.83626675605774,None,space,None,None,408.47039222717285,text_12,147,2,Reading_Baseline_main_click,None,von,35,0,35,60,60,,,,,,,,,,,25,01,yes,no,no,2025-08-21_10h55.23.375,EXNAT_4_TMS_Psychopy2024.2.5.psyexp,2024.2.5,2025-08-21 10h57.41.138804 +0200,
0,0,0,0,0,0,0,,,,,,,,,#2AB7EF,208.28662085533142,None,space,None,None,422.1498966217041,text_12,148,2,Reading_Baseline_main_click,None,Sprachlosigkeit,35,0,35,60,60,,,,,,,,,,,25,01,yes,no,no,2025-08-21_10h55.23.375,EXNAT_4_TMS_Psychopy2024.2.5.psyexp,2024.2.5,2025-08-21 10h57.41.138804 +0200,
0,0,0,0,0,0,0,,,,,,,,,#F989A2,208.74859523773193,None,space,None,None,328.14478874206543,text_12,149,2,Reading_Baseline_main_click,None,und,35,0,35,60,60,,,,,,,,,,,25,01,yes,no,no,2025-08-21_10h55.23.375,EXNAT_4_TMS_Psychopy2024.2.5.psyexp,2024.2.5,2025-08-21 10h57.41.138804 +0200,
0,0,0,0,0,0,0,,,,,,,,,#2AB7EF,209.1173119544983,None,space,None,None,359.44318771362305,text_12,150,2,Reading_Baseline_main_click,None,Missverständnissen.,35,0,35,60,60,,,,,,,,,,,25,01,yes,no,no,2025-08-21_10h55.23.375,EXNAT_4_TMS_Psychopy2024.2.5.psyexp,2024.2.5,2025-08-21 10h57.41.138804 +0200,
0,0,0,0,0,0,0,,,,,,,,,,209.52652859687805,,1,,,,text_12,,2,Reading_Baseline_main_click,,,,,,,,,Q1,a,True,,,,,,,25,01,yes,no,no,2025-08-21_10h55.23.375,EXNAT_4_TMS_Psychopy2024.2.5.psyexp,2024.2.5,2025-08-21 10h57.41.138804 +0200,
0,0,0,0,0,0,0,,,,,,,,,,215.3694930076599,,3,,,,text_12,,2,Reading_Baseline_main_click,,,,,,,,,Q2,c,True,,,,,,,25,01,yes,no,no,2025-08-21_10h55.23.375,EXNAT_4_TMS_Psychopy2024.2.5.psyexp,2024.2.5,2025-08-21 10h57.41.138804 +0200,
0,0,0,0,0,0,0,,,,,,,,,,218.98141169548035,,4,,,,text_12,,2,Reading_Baseline_main_click,,,,,,,,,Q3,d,True,,,,,,,25,01,yes,no,no,2025-08-21_10h55.23.375,EXNAT_4_TMS_Psychopy2024.2.5.psyexp,2024.2.5,2025-08-21 10h57.41.138804 +0200,
0,0,0,0,0,0,0,,,,,,,,,#F989A2,234.66819143295288,None,space,None,None,904.674768447876,text_15,1,3,Reading_Baseline_main_click,None,Im,35,0,35,60,60,,,,,,,,,,,25,01,yes,no,no,2025-08-21_10h55.23.375,EXNAT_4_TMS_Psychopy2024.2.5.psyexp,2024.2.5,2025-08-21 10h57.41.138804 +0200,
0,0,0,0,0,0,0,,,,,,,,,#D292F3,235.6093156337738,None,space,None,None,763.434886932373,text_15,2,3,Reading_Baseline_main_click,None,Jahr,36,0,36,60,60,235.66080737113953,,,,,,,,,,25,01,yes,no,no,2025-08-21_10h55.23.375,EXNAT_4_TMS_Psychopy2024.2.5.psyexp,2024.2.5,2025-08-21 10h57.41.138804 +0200,
0,0,0,0,0,0,0,,,,,,,,,#88BA3F,236.41191697120667,None,space,None,None,1048.8793849945068,text_15,3,3,Reading_Baseline_main_click,None,1841,36,0,36,60,60,,,,,,,,,,,25,01,yes,no,no,2025-08-21_10h55.23.375,EXNAT_4_TMS_Psychopy2024.2.5.psyexp,2024.2.5,2025-08-21 10h57.41.138804 +0200,
0,0,0,0,0,0,0,,,,,,,,,#F989A2,237.50047850608826,None,space,None,None,584.3408107757568,text_15,4,3,Reading_Baseline_main_click,None,organisierte,36,0,36,60,60,,,,,,,,,,,25,01,yes,no,no,2025-08-21_10h55.23.375,EXNAT_4_TMS_Psychopy2024.2.5.psyexp,2024.2.5,2025-08-21 10h57.41.138804 +0200,
0,0,0,0,0,0,0,,,,,,,,,#D292F3,238.1251676082611,None,space,None,None,455.6548595428467,text_15,5,3,Reading_Baseline_main_click,None,der,36,0,36,60,60,,,,,,,,,,,25,01,yes,no,no,2025-08-21_10h55.23.375,EXNAT_4_TMS_Psychopy2024.2.5.psyexp,2024.2.5,2025-08-21 10h57.41.138804 +0200,
0,0,0,0,0,0,0,,,,,,,,,#88BA3F,238.6187756061554,None,space,None,None,377.98285484313965,text_15,6,3,Reading_Baseline_main_click,None,Prediger,36,0,36,60,60,,,,,,,,,,,25,01,yes,no,no,2025-08-21_10h55.23.375,EXNAT_4_TMS_Psychopy2024.2.5.psyexp,2024.2.5,2025-08-21 10h57.41.138804 +0200,
0,0,0,0,0,0,0,,,,,,,,,#F989A2,239.0359125137329,None,space,None,None,344.8343276977539,text_15,7,3,Reading_Baseline_main_click,None,Thomas,36,0,36,60,60,,,,,,,,,,,25,01,yes,no,no,2025-08-21_10h55.23.375,EXNAT_4_TMS_Psychopy2024.2.5.psyexp,2024.2.5,2025-08-21 10h57.41.138804 +0200,
0,0,0,0,0,0,0,,,,,,,,,#2AB7EF,239.4195921421051,None,space,None,None,409.23070907592773,text_15,8,3,Reading_Baseline_main_click,None,Cook,36,0,36,60,60,,,,,,,,,,,25,01,yes,no,no,2025-08-21_10h55.23.375,EXNAT_4_TMS_Psychopy2024.2.5.psyexp,2024.2.5,2025-08-21 10h57.41.138804 +0200,
0,0,0,0,0,0,0,,,,,,,,,#D292F3,239.86740827560425,None,space,None,None,409.3773365020752,text_15,9,3,Reading_Baseline_main_click,None,eine,36,0,36,60,60,,,,,,,,,,,25,01,yes,no,no,2025-08-21_10h55.23.375,EXNAT_4_TMS_Psychopy2024.2.5.psyexp,2024.2.5,2025-08-21 10h57.41.138804 +0200,
0,0,0,0,0,0,0,,,,,,,,,#88BA3F,240.31646919250488,None,space,None,None,408.2798957824707,text_15,10,3,Reading_Baseline_main_click,None,Zugreise,37,0,37,60,60,240.66092824935913,,,,,,,,,,25,01,yes,no,no,2025-08-21_10h55.23.375,EXNAT_4_TMS_Psychopy2024.2.5.psyexp,2024.2.5,2025-08-21 10h57.41.138804 +0200,
0,0,0,0,0,0,0,,,,,,,,,#2AB7EF,240.76778483390808,None,space,None,None,356.97102546691895,text_15,11,3,Reading_Baseline_main_click,None,zu,37,0,37,60,60,,,,,,,,,,,25,01,yes,no,no,2025-08-21_10h55.23.375,EXNAT_4_TMS_Psychopy2024.2.5.psyexp,2024.2.5,2025-08-21 10h57.41.138804 +0200,
0,0,0,0,0,0,0,,,,,,,,,#2AB7EF,241.16546654701233,None,space,None,None,423.24256896972656,text_15,12,3,Reading_Baseline_main_click,None,einer,37,0,37,60,60,,,,,,,,,,,25,01,yes,no,no,2025-08-21_10h55.23.375,EXNAT_4_TMS_Psychopy2024.2.5.psyexp,2024.2.5,2025-08-21 10h57.41.138804 +0200,
0,0,0,0,0,0,0,,,,,,,,,#88BA3F,241.63198280334473,None,space,None,None,772.7649211883545,text_15,13,3,Reading_Baseline_main_click,None,Anti-Alkohol-Kundgebung,37,0,37,60,60,,,,,,,,,,,25,01,yes,no,no,2025-08-21_10h55.23.375,EXNAT_4_TMS_Psychopy2024.2.5.psyexp,2024.2.5,2025-08-21 10h57.41.138804 +0200,
0,0,0,0,0,0,0,,,,,,,,,#D292F3,242.44473242759705,None,space,None,None,455.996036529541,text_15,14,3,Reading_Baseline_main_click,None,und,37,0,37,60,60,,,,,,,,,,,25,01,yes,no,no,2025-08-21_10h55.23.375,EXNAT_4_TMS_Psychopy2024.2.5.psyexp,2024.2.5,2025-08-21 10h57.41.138804 +0200,
0,0,0,0,0,0,0,,,,,,,,,#2AB7EF,242.94086241722107,None,space,None,None,455.8701515197754,text_15,15,3,Reading_Baseline_main_click,None,initiierte,37,0,37,60,60,,,,,,,,,,,25,01,yes,no,no,2025-08-21_10h55.23.375,EXNAT_4_TMS_Psychopy2024.2.5.psyexp,2024.2.5,2025-08-21 10h57.41.138804 +0200,
0,0,0,0,0,0,0,,,,,,,,,#D292F3,243.43627500534058,None,space,None,None,408.5097312927246,text_15,16,3,Reading_Baseline_main_click,None,damit,37,0,37,60,60,,,,,,,,,,,25,01,yes,no,no,2025-08-21_10h55.23.375,EXNAT_4_TMS_Psychopy2024.2.5.psyexp,2024.2.5,2025-08-21 10h57.41.138804 +0200,
0,0,0,0,0,0,0,,,,,,,,,#D292F3,243.883159160614,None,space,None,None,297.5172996520996,text_15,17,3,Reading_Baseline_main_click,None,den,37,0,37,60,60,,,,,,,,,,,25,01,yes,no,no,2025-08-21_10h55.23.375,EXNAT_4_TMS_Psychopy2024.2.5.psyexp,2024.2.5,2025-08-21 10h57.41.138804 +0200,
0,0,0,0,0,0,0,,,,,,,,,#F989A2,244.22093772888184,None,space,None,None,295.96877098083496,text_15,18,3,Reading_Baseline_main_click,None,Massentourismus.,37,0,37,60,60,,,,,,,,,,,25,01,yes,no,no,2025-08-21_10h55.23.375,EXNAT_4_TMS_Psychopy2024.2.5.psyexp,2024.2.5,2025-08-21 10h57.41.138804 +0200,
0,0,0,0,0,0,0,,,,,,,,,#F989A2,244.55700707435608,None,space,None,None,471.76074981689453,text_15,19,3,Reading_Baseline_main_click,None,Für,37,0,37,60,60,,,,,,,,,,,25,01,yes,no,no,2025-08-21_10h55.23.375,EXNAT_4_TMS_Psychopy2024.2.5.psyexp,2024.2.5,2025-08-21 10h57.41.138804 +0200,
0,0,0,0,0,0,0,,,,,,,,,#88BA3F,245.0671033859253,None,space,None,None,697.7686882019043,text_15,20,3,Reading_Baseline_main_click,None,einen,38,0,38,60,60,245.66083216667175,,,,,,,,,,25,01,yes,no,no,2025-08-21_10h55.23.375,EXNAT_4_TMS_Psychopy2024.2.5.psyexp,2024.2.5,2025-08-21 10h57.41.138804 +0200,
0,0,0,0,0,0,0,,,,,,,,,#2AB7EF,245.8057324886322,None,space,None,None,359.09056663513184,text_15,21,3,Reading_Baseline_main_click,None,Schilling,38,0,38,60,60,,,,,,,,,,,25,01,yes,no,no,2025-08-21_10h55.23.375,EXNAT_4_TMS_Psychopy2024.2.5.psyexp,2024.2.5,2025-08-21 10h57.41.138804 +0200,
0,0,0,0,0,0,0,,,,,,,,,#F989A2,246.2032015323639,None,space,None,None,377.66003608703613,text_15,22,3,Reading_Baseline_main_click,None,konnten,38,0,38,60,60,,,,,,,,,,,25,01,yes,no,no,2025-08-21_10h55.23.375,EXNAT_4_TMS_Psychopy2024.2.5.psyexp,2024.2.5,2025-08-21 10h57.41.138804 +0200,
0,0,0,0,0,0,0,,,,,,,,,#88BA3F,246.62125182151794,None,space,None,None,359.5407009124756,text_15,23,3,Reading_Baseline_main_click,None,auch,38,0,38,60,60,,,,,,,,,,,25,01,yes,no,no,2025-08-21_10h55.23.375,EXNAT_4_TMS_Psychopy2024.2.5.psyexp,2024.2.5,2025-08-21 10h57.41.138804 +0200,
0,0,0,0,0,0,0,,,,,,,,,#2AB7EF,247.01800560951233,None,space,None,None,394.8807716369629,text_15,24,3,Reading_Baseline_main_click,None,weniger,38,0,38,60,60,,,,,,,,,,,25,01,yes,no,no,2025-08-21_10h55.23.375,EXNAT_4_TMS_Psychopy2024.2.5.psyexp,2024.2.5,2025-08-21 10h57.41.138804 +0200,
0,0,0,0,0,0,0,,,,,,,,,#2AB7EF,247.451801776886,None,space,None,None,377.07972526550293,text_15,25,3,Reading_Baseline_main_click,None,wohlhabende,38,0,38,60,60,,,,,,,,,,,25,01,yes,no,no,2025-08-21_10h55.23.375,EXNAT_4_TMS_Psychopy2024.2.5.psyexp,2024.2.5,2025-08-21 10h57.41.138804 +0200,
0,0,0,0,0,0,0,,,,,,,,,#F989A2,247.86753225326538,None,space,None,None,393.31626892089844,text_15,26,3,Reading_Baseline_main_click,None,Menschen,38,0,38,60,60,,,,,,,,,,,25,01,yes,no,no,2025-08-21_10h55.23.375,EXNAT_4_TMS_Psychopy2024.2.5.psyexp,2024.2.5,2025-08-21 10h57.41.138804 +0200,
0,0,0,0,0,0,0,,,,,,,,,#2AB7EF,248.29966282844543,None,space,None,None,361.1750602722168,text_15,27,3,Reading_Baseline_main_click,None,reisen.,38,0,38,60,60,,,,,,,,,,,25,01,yes,no,no,2025-08-21_10h55.23.375,EXNAT_4_TMS_Psychopy2024.2.5.psyexp,2024.2.5,2025-08-21 10h57.41.138804 +0200,
0,0,0,0,0,0,0,,,,,,,,,#88BA3F,248.69804573059082,None,space,None,None,426.7909526824951,text_15,28,3,Reading_Baseline_main_click,None,Vier,38,0,38,60,60,,,,,,,,,,,25,01,yes,no,no,2025-08-21_10h55.23.375,EXNAT_4_TMS_Psychopy2024.2.5.psyexp,2024.2.5,2025-08-21 10h57.41.138804 +0200,
0,0,0,0,0,0,0,,,,,,,,,#88BA3F,249.16415762901306,None,space,None,None,424.591064453125,text_15,29,3,Reading_Baseline_main_click,None,Jahre,38,0,38,60,60,,,,,,,,,,,25,01,yes,no,no,2025-08-21_10h55.23.375,EXNAT_4_TMS_Psychopy2024.2.5.psyexp,2024.2.5,2025-08-21 10h57.41.138804 +0200,
0,0,0,0,0,0,0,,,,,,,,,#D292F3,249.6294071674347,None,space,None,None,327.3434638977051,text_15,30,3,Reading_Baseline_main_click,None,später,38,0,38,60,60,,,,,,,,,,,25,01,yes,no,no,2025-08-21_10h55.23.375,EXNAT_4_TMS_Psychopy2024.2.5.psyexp,2024.2.5,2025-08-21 10h57.41.138804 +0200,
0,0,0,0,0,0,0,,,,,,,,,#88BA3F,249.99524545669556,None,space,None,None,329.498291015625,text_15,31,3,Reading_Baseline_main_click,None,bot,38,0,38,60,60,,,,,,,,,,,25,01,yes,no,no,2025-08-21_10h55.23.375,EXNAT_4_TMS_Psychopy2024.2.5.psyexp,2024.2.5,2025-08-21 10h57.41.138804 +0200,
0,0,0,0,0,0,0,,,,,,,,,#2AB7EF,250.36433863639832,None,space,None,None,312.55435943603516,text_15,32,3,Reading_Baseline_main_click,None,Cook,39,0,39,60,60,250.66081595420837,,,,,,,,,,25,01,yes,no,no,2025-08-21_10h55.23.375,EXNAT_4_TMS_Psychopy2024.2.5.psyexp,2024.2.5,2025-08-21 10h57.41.138804 +0200,
0,0,0,0,0,0,0,,,,,,,,,#F989A2,250.71661567687988,None,space,None,None,440.2289390563965,text_15,33,3,Reading_Baseline_main_click,None,eigene,39,0,39,60,60,,,,,,,,,,,25,01,yes,no,no,2025-08-21_10h55.23.375,EXNAT_4_TMS_Psychopy2024.2.5.psyexp,2024.2.5,2025-08-21 10h57.41.138804 +0200,
0,0,0,0,0,0,0,,,,,,,,,#F989A2,251.19595170021057,None,space,None,None,360.8529567718506,text_15,34,3,Reading_Baseline_main_click,None,Reisen,39,0,39,60,60,,,,,,,,,,,25,01,yes,no,no,2025-08-21_10h55.23.375,EXNAT_4_TMS_Psychopy2024.2.5.psyexp,2024.2.5,2025-08-21 10h57.41.138804 +0200,
0,0,0,0,0,0,0,,,,,,,,,#D292F3,251.59569144248962,None,space,None,None,425.0335693359375,text_15,35,3,Reading_Baseline_main_click,None,"an,",39,0,39,60,60,,,,,,,,,,,25,01,yes,no,no,2025-08-21_10h55.23.375,EXNAT_4_TMS_Psychopy2024.2.5.psyexp,2024.2.5,2025-08-21 10h57.41.138804 +0200,
0,0,0,0,0,0,0,,,,,,,,,#D292F3,252.06088757514954,None,space,None,None,343.78552436828613,text_15,36,3,Reading_Baseline_main_click,None,musste,39,0,39,60,60,,,,,,,,,,,25,01,yes,no,no,2025-08-21_10h55.23.375,EXNAT_4_TMS_Psychopy2024.2.5.psyexp,2024.2.5,2025-08-21 10h57.41.138804 +0200,
0,0,0,0,0,0,0,,,,,,,,,#2AB7EF,252.44448399543762,None,space,None,None,376.2819766998291,text_15,37,3,Reading_Baseline_main_click,None,aber,39,0,39,60,60,,,,,,,,,,,25,01,yes,no,no,2025-08-21_10h55.23.375,EXNAT_4_TMS_Psychopy2024.2.5.psyexp,2024.2.5,2025-08-21 10h57.41.138804 +0200,
0,0,0,0,0,0,0,,,,,,,,,#D292F3,252.86166191101074,None,space,None,None,311.0184669494629,text_15,38,3,Reading_Baseline_main_click,None,bald,39,0,39,60,60,,,,,,,,,,,25,01,yes,no,no,2025-08-21_10h55.23.375,EXNAT_4_TMS_Psychopy2024.2.5.psyexp,2024.2.5,2025-08-21 10h57.41.138804 +0200,
0,0,0,0,0,0,0,,,,,,,,,#2AB7EF,253.21193957328796,None,space,None,None,360.79931259155273,text_15,39,3,Reading_Baseline_main_click,None,Insolvenz,39,0,39,60,60,,,,,,,,,,,25,01,yes,no,no,2025-08-21_10h55.23.375,EXNAT_4_TMS_Psychopy2024.2.5.psyexp,2024.2.5,2025-08-21 10h57.41.138804 +0200,
0,0,0,0,0,0,0,,,,,,,,,#88BA3F,253.61472129821777,None,space,None,None,406.04305267333984,text_15,40,3,Reading_Baseline_main_click,None,anmelden.,39,0,39,60,60,,,,,,,,,,,25,01,yes,no,no,2025-08-21_10h55.23.375,EXNAT_4_TMS_Psychopy2024.2.5.psyexp,2024.2.5,2025-08-21 10h57.41.138804 +0200,
0,0,0,0,0,0,0,,,,,,,,,#88BA3F,254.05991053581238,None,space,None,None,408.8449478149414,text_15,41,3,Reading_Baseline_main_click,None,Er,39,0,39,60,60,,,,,,,,,,,25,01,yes,no,no,2025-08-21_10h55.23.375,EXNAT_4_TMS_Psychopy2024.2.5.psyexp,2024.2.5,2025-08-21 10h57.41.138804 +0200,
0,0,0,0,0,0,0,,,,,,,,,#2AB7EF,254.50974297523499,None,space,None,None,423.02417755126953,text_15,42,3,Reading_Baseline_main_click,None,erholte,39,0,39,60,60,,,,,,,,,,,25,01,yes,no,no,2025-08-21_10h55.23.375,EXNAT_4_TMS_Psychopy2024.2.5.psyexp,2024.2.5,2025-08-21 10h57.41.138804 +0200,
0,0,0,0,0,0,0,,,,,,,,,#F989A2,254.97246599197388,None,space,None,None,296.1418628692627,text_15,43,3,Reading_Baseline_main_click,None,sich,39,0,39,60,60,,,,,,,,,,,25,01,yes,no,no,2025-08-21_10h55.23.375,EXNAT_4_TMS_Psychopy2024.2.5.psyexp,2024.2.5,2025-08-21 10h57.41.138804 +0200,
0,0,0,0,0,0,0,,,,,,,,,#D292F3,255.31002593040466,None,space,None,None,326.6921043395996,text_15,44,3,Reading_Baseline_main_click,None,jedoch,39,0,39,60,60,,,,,,,,,,,25,01,yes,no,no,2025-08-21_10h55.23.375,EXNAT_4_TMS_Psychopy2024.2.5.psyexp,2024.2.5,2025-08-21 10h57.41.138804 +0200,
0,0,0,0,0,0,0,,,,,,,,,#88BA3F,255.67542791366577,None,space,None,None,329.4334411621094,text_15,45,3,Reading_Baseline_main_click,None,davon,40,0,40,60,60,255.73226690292358,,,,,,,,,,25,01,yes,no,no,2025-08-21_10h55.23.375,EXNAT_4_TMS_Psychopy2024.2.5.psyexp,2024.2.5,2025-08-21 10h57.41.138804 +0200,
0,0,0,0,0,0,0,,,,,,,,,#F989A2,256.0437345504761,None,space,None,None,361.01841926574707,text_15,46,3,Reading_Baseline_main_click,None,und,40,0,40,60,60,,,,,,,,,,,25,01,yes,no,no,2025-08-21_10h55.23.375,EXNAT_4_TMS_Psychopy2024.2.5.psyexp,2024.2.5,2025-08-21 10h57.41.138804 +0200,
0,0,0,0,0,0,0,,,,,,,,,#F989A2,256.44524693489075,None,space,None,None,375.58627128601074,text_15,47,3,Reading_Baseline_main_click,None,plante,40,0,40,60,60,,,,,,,,,,,25,01,yes,no,no,2025-08-21_10h55.23.375,EXNAT_4_TMS_Psychopy2024.2.5.psyexp,2024.2.5,2025-08-21 10h57.41.138804 +0200,
0,0,0,0,0,0,0,,,,,,,,,#D292F3,256.8609039783478,None,space,None,None,407.9287052154541,text_15,48,3,Reading_Baseline_main_click,None,größere,40,0,40,60,60,,,,,,,,,,,25,01,yes,no,no,2025-08-21_10h55.23.375,EXNAT_4_TMS_Psychopy2024.2.5.psyexp,2024.2.5,2025-08-21 10h57.41.138804 +0200,
0,0,0,0,0,0,0,,,,,,,,,#D292F3,257.30785489082336,None,space,None,None,360.86583137512207,text_15,49,3,Reading_Baseline_main_click,None,Touren,40,0,40,60,60,,,,,,,,,,,25,01,yes,no,no,2025-08-21_10h55.23.375,EXNAT_4_TMS_Psychopy2024.2.5.psyexp,2024.2.5,2025-08-21 10h57.41.138804 +0200,
0,0,0,0,0,0,0,,,,,,,,,#D292F3,257.70787930488586,None,space,None,None,425.02379417419434,text_15,50,3,Reading_Baseline_main_click,None,in,40,0,40,60,60,,,,,,,,,,,25,01,yes,no,no,2025-08-21_10h55.23.375,EXNAT_4_TMS_Psychopy2024.2.5.psyexp,2024.2.5,2025-08-21 10h57.41.138804 +0200,
0,0,0,0,0,0,0,,,,,,,,,#F989A2,258.1715009212494,None,space,None,None,345.2954292297363,text_15,51,3,Reading_Baseline_main_click,None,die,40,0,40,60,60,,,,,,,,,,,25,01,yes,no,no,2025-08-21_10h55.23.375,EXNAT_4_TMS_Psychopy2024.2.5.psyexp,2024.2.5,2025-08-21 10h57.41.138804 +0200,
0,0,0,0,0,0,0,,,,,,,,,#88BA3F,258.5570433139801,None,space,None,None,423.7825870513916,text_15,52,3,Reading_Baseline_main_click,None,"Alpen,",40,0,40,60,60,,,,,,,,,,,25,01,yes,no,no,2025-08-21_10h55.23.375,EXNAT_4_TMS_Psychopy2024.2.5.psyexp,2024.2.5,2025-08-21 10h57.41.138804 +0200,
0,0,0,0,0,0,0,,,,,,,,,#F989A2,259.01898407936096,None,space,None,None,361.91701889038086,text_15,53,3,Reading_Baseline_main_click,None,nach,40,0,40,60,60,,,,,,,,,,,25,01,yes,no,no,2025-08-21_10h55.23.375,EXNAT_4_TMS_Psychopy2024.2.5.psyexp,2024.2.5,2025-08-21 10h57.41.138804 +0200,
0,0,0,0,0,0,0,,,,,,,,,#2AB7EF,259.4209990501404,None,space,None,None,343.78981590270996,text_15,54,3,Reading_Baseline_main_click,None,Italien,40,0,40,60,60,,,,,,,,,,,25,01,yes,no,no,2025-08-21_10h55.23.375,EXNAT_4_TMS_Psychopy2024.2.5.psyexp,2024.2.5,2025-08-21 10h57.41.138804 +0200,
0,0,0,0,0,0,0,,,,,,,,,#F989A2,259.80208349227905,None,space,None,None,362.7283573150635,text_15,55,3,Reading_Baseline_main_click,None,oder,40,0,40,60,60,,,,,,,,,,,25,01,yes,no,no,2025-08-21_10h55.23.375,EXNAT_4_TMS_Psychopy2024.2.5.psyexp,2024.2.5,2025-08-21 10h57.41.138804 +0200,
0,0,0,0,0,0,0,,,,,,,,,#2AB7EF,260.2060887813568,None,space,None,None,310.51111221313477,text_15,56,3,Reading_Baseline_main_click,None,Griechenland.,40,0,40,60,60,,,,,,,,,,,25,01,yes,no,no,2025-08-21_10h55.23.375,EXNAT_4_TMS_Psychopy2024.2.5.psyexp,2024.2.5,2025-08-21 10h57.41.138804 +0200,
0,0,0,0,0,0,0,,,,,,,,,#88BA3F,260.55467534065247,None,space,None,None,330.10125160217285,text_15,57,3,Reading_Baseline_main_click,None,"Reisen,",41,0,41,60,60,260.7322328090668,,,,,,,,,,25,01,yes,no,no,2025-08-21_10h55.23.375,EXNAT_4_TMS_Psychopy2024.2.5.psyexp,2024.2.5,2025-08-21 10h57.41.138804 +0200,
0,0,0,0,0,0,0,,,,,,,,,#D292F3,260.9224052429199,None,space,None,None,394.33956146240234,text_15,58,3,Reading_Baseline_main_click,None,einst,41,0,41,60,60,,,,,,,,,,,25,01,yes,no,no,2025-08-21_10h55.23.375,EXNAT_4_TMS_Psychopy2024.2.5.psyexp,2024.2.5,2025-08-21 10h57.41.138804 +0200,
0,0,0,0,0,0,0,,,,,,,,,#88BA3F,261.355587720871,None,space,None,None,473.1748104095459,text_15,59,3,Reading_Baseline_main_click,None,nur,41,0,41,60,60,,,,,,,,,,,25,01,yes,no,no,2025-08-21_10h55.23.375,EXNAT_4_TMS_Psychopy2024.2.5.psyexp,2024.2.5,2025-08-21 10h57.41.138804 +0200,
0,0,0,0,0,0,0,,,,,,,,,#2AB7EF,261.86827659606934,None,space,None,None,344.59948539733887,text_15,60,3,Reading_Baseline_main_click,None,dem,41,0,41,60,60,,,,,,,,,,,25,01,yes,no,no,2025-08-21_10h55.23.375,EXNAT_4_TMS_Psychopy2024.2.5.psyexp,2024.2.5,2025-08-21 10h57.41.138804 +0200,
0,0,0,0,0,0,0,,,,,,,,,#2AB7EF,262.252494096756,None,space,None,None,408.25629234313965,text_15,61,3,Reading_Baseline_main_click,None,Adel,41,0,41,60,60,,,,,,,,,,,25,01,yes,no,no,2025-08-21_10h55.23.375,EXNAT_4_TMS_Psychopy2024.2.5.psyexp,2024.2.5,2025-08-21 10h57.41.138804 +0200,
0,0,0,0,0,0,0,,,,,,,,,#2AB7EF,262.699912071228,None,space,None,None,360.7950210571289,text_15,62,3,Reading_Baseline_main_click,None,"vorbehalten,",41,0,41,60,60,,,,,,,,,,,25,01,yes,no,no,2025-08-21_10h55.23.375,EXNAT_4_TMS_Psychopy2024.2.5.psyexp,2024.2.5,2025-08-21 10h57.41.138804 +0200,
0,0,0,0,0,0,0,,,,,,,,,#88BA3F,263.1016798019409,None,space,None,None,375.0476837158203,text_15,63,3,Reading_Baseline_main_click,None,wurde,41,0,41,60,60,,,,,,,,,,,25,01,yes,no,no,2025-08-21_10h55.23.375,EXNAT_4_TMS_Psychopy2024.2.5.psyexp,2024.2.5,2025-08-21 10h57.41.138804 +0200,
0,0,0,0,0,0,0,,,,,,,,,#F989A2,263.51579236984253,None,space,None,None,377.025842666626,text_15,64,3,Reading_Baseline_main_click,None,durch,41,0,41,60,60,,,,,,,,,,,25,01,yes,no,no,2025-08-21_10h55.23.375,EXNAT_4_TMS_Psychopy2024.2.5.psyexp,2024.2.5,2025-08-21 10h57.41.138804 +0200,
0,0,0,0,0,0,0,,,,,,,,,#2AB7EF,263.93081736564636,None,space,None,None,329.83970642089844,text_15,65,3,Reading_Baseline_main_click,None,Cook,41,0,41,60,60,,,,,,,,,,,25,01,yes,no,no,2025-08-21_10h55.23.375,EXNAT_4_TMS_Psychopy2024.2.5.psyexp,2024.2.5,2025-08-21 10h57.41.138804 +0200,
0,0,0,0,0,0,0,,,,,,,,,#F989A2,264.30181646347046,None,space,None,None,374.89891052246094,text_15,66,3,Reading_Baseline_main_click,None,für,41,0,41,60,60,,,,,,,,,,,25,01,yes,no,no,2025-08-21_10h55.23.375,EXNAT_4_TMS_Psychopy2024.2.5.psyexp,2024.2.5,2025-08-21 10h57.41.138804 +0200,
0,0,0,0,0,0,0,,,,,,,,,#D292F3,264.7146997451782,None,space,None,None,346.0719585418701,text_15,67,3,Reading_Baseline_main_click,None,die,41,0,41,60,60,,,,,,,,,,,25,01,yes,no,no,2025-08-21_10h55.23.375,EXNAT_4_TMS_Psychopy2024.2.5.psyexp,2024.2.5,2025-08-21 10h57.41.138804 +0200,
0,0,0,0,0,0,0,,,,,,,,,#88BA3F,265.09826469421387,None,space,None,None,378.56388092041016,text_15,68,3,Reading_Baseline_main_click,None,Mittelschicht,41,0,41,60,60,,,,,,,,,,,25,01,yes,no,no,2025-08-21_10h55.23.375,EXNAT_4_TMS_Psychopy2024.2.5.psyexp,2024.2.5,2025-08-21 10h57.41.138804 +0200,
0,0,0,0,0,0,0,,,,,,,,,#D292F3,265.51671862602234,None,space,None,None,424.0591526031494,text_15,69,3,Reading_Baseline_main_click,None,möglich.,42,0,42,60,60,265.7322232723236,,,,,,,,,,25,01,yes,no,no,2025-08-21_10h55.23.375,EXNAT_4_TMS_Psychopy2024.2.5.psyexp,2024.2.5,2025-08-21 10h57.41.138804 +0200,
0,0,0,0,0,0,0,,,,,,,,,#88BA3F,265.98046922683716,None,space,None,None,376.33299827575684,text_15,70,3,Reading_Baseline_main_click,None,Sein,42,0,42,60,60,,,,,,,,,,,25,01,yes,no,no,2025-08-21_10h55.23.375,EXNAT_4_TMS_Psychopy2024.2.5.psyexp,2024.2.5,2025-08-21 10h57.41.138804 +0200,
0,0,0,0,0,0,0,,,,,,,,,#D292F3,266.3960494995117,None,space,None,None,376.71899795532227,text_15,71,3,Reading_Baseline_main_click,None,Ruf,42,0,42,60,60,,,,,,,,,,,25,01,yes,no,no,2025-08-21_10h55.23.375,EXNAT_4_TMS_Psychopy2024.2.5.psyexp,2024.2.5,2025-08-21 10h57.41.138804 +0200,
0,0,0,0,0,0,0,,,,,,,,,#F989A2,266.8114290237427,None,space,None,None,377.29501724243164,text_15,72,3,Reading_Baseline_main_click,None,als,42,0,42,60,60,,,,,,,,,,,25,01,yes,no,no,2025-08-21_10h55.23.375,EXNAT_4_TMS_Psychopy2024.2.5.psyexp,2024.2.5,2025-08-21 10h57.41.138804 +0200,
0,0,0,0,0,0,0,,,,,,,,,#F989A2,267.22853541374207,None,space,None,None,392.2691345214844,text_15,73,3,Reading_Baseline_main_click,None,Begründer,42,0,42,60,60,,,,,,,,,,,25,01,yes,no,no,2025-08-21_10h55.23.375,EXNAT_4_TMS_Psychopy2024.2.5.psyexp,2024.2.5,2025-08-21 10h57.41.138804 +0200,
0,0,0,0,0,0,0,,,,,,,,,#88BA3F,267.6619312763214,None,space,None,None,374.87053871154785,text_15,74,3,Reading_Baseline_main_click,None,des,42,0,42,60,60,,,,,,,,,,,25,01,yes,no,no,2025-08-21_10h55.23.375,EXNAT_4_TMS_Psychopy2024.2.5.psyexp,2024.2.5,2025-08-21 10h57.41.138804 +0200,
0,0,0,0,0,0,0,,,,,,,,,#2AB7EF,268.0780212879181,None,space,None,None,390.7501697540283,text_15,75,3,Reading_Baseline_main_click,None,Massentourismus,42,0,42,60,60,,,,,,,,,,,25,01,yes,no,no,2025-08-21_10h55.23.375,EXNAT_4_TMS_Psychopy2024.2.5.psyexp,2024.2.5,2025-08-21 10h57.41.138804 +0200,
0,0,0,0,0,0,0,,,,,,,,,#88BA3F,268.50818610191345,None,space,None,None,392.52686500549316,text_15,76,3,Reading_Baseline_main_click,None,ist,42,0,42,60,60,,,,,,,,,,,25,01,yes,no,no,2025-08-21_10h55.23.375,EXNAT_4_TMS_Psychopy2024.2.5.psyexp,2024.2.5,2025-08-21 10h57.41.138804 +0200,
0,0,0,0,0,0,0,,,,,,,,,#F989A2,268.9411733150482,None,space,None,None,391.5600776672363,text_15,77,3,Reading_Baseline_main_click,None,auch,42,0,42,60,60,,,,,,,,,,,25,01,yes,no,no,2025-08-21_10h55.23.375,EXNAT_4_TMS_Psychopy2024.2.5.psyexp,2024.2.5,2025-08-21 10h57.41.138804 +0200,
0,0,0,0,0,0,0,,,,,,,,,#D292F3,269.37293124198914,None,space,None,None,391.7865753173828,text_15,78,3,Reading_Baseline_main_click,None,einer,42,0,42,60,60,,,,,,,,,,,25,01,yes,no,no,2025-08-21_10h55.23.375,EXNAT_4_TMS_Psychopy2024.2.5.psyexp,2024.2.5,2025-08-21 10h57.41.138804 +0200,
0,0,0,0,0,0,0,,,,,,,,,#2AB7EF,269.8038535118103,None,space,None,None,424.9112606048584,text_15,79,3,Reading_Baseline_main_click,None,gezielten,42,0,42,60,60,,,,,,,,,,,25,01,yes,no,no,2025-08-21_10h55.23.375,EXNAT_4_TMS_Psychopy2024.2.5.psyexp,2024.2.5,2025-08-21 10h57.41.138804 +0200,
0,0,0,0,0,0,0,,,,,,,,,#D292F3,270.2672326564789,None,space,None,None,425.59027671813965,text_15,80,3,Reading_Baseline_main_click,None,Marketingstrategie,42,0,42,60,60,,,,,,,,,,,25,01,yes,no,no,2025-08-21_10h55.23.375,EXNAT_4_TMS_Psychopy2024.2.5.psyexp,2024.2.5,2025-08-21 10h57.41.138804 +0200,
0,0,0,0,0,0,0,,,,,,,,,#D292F3,270.73071575164795,None,space,None,None,490.10634422302246,text_15,81,3,Reading_Baseline_main_click,None,nach,43,0,43,60,60,270.7833614349365,,,,,,,,,,25,01,yes,no,no,2025-08-21_10h55.23.375,EXNAT_4_TMS_Psychopy2024.2.5.psyexp,2024.2.5,2025-08-21 10h57.41.138804 +0200,
0,0,0,0,0,0,0,,,,,,,,,#F989A2,271.2598865032196,None,space,None,None,440.95635414123535,text_15,82,3,Reading_Baseline_main_click,None,seinem,43,0,43,60,60,,,,,,,,,,,25,01,yes,no,no,2025-08-21_10h55.23.375,EXNAT_4_TMS_Psychopy2024.2.5.psyexp,2024.2.5,2025-08-21 10h57.41.138804 +0200,
0,0,0,0,0,0,0,,,,,,,,,#88BA3F,271.74139618873596,None,space,None,None,391.43991470336914,text_15,83,3,Reading_Baseline_main_click,None,Tod,43,0,43,60,60,,,,,,,,,,,25,01,yes,no,no,2025-08-21_10h55.23.375,EXNAT_4_TMS_Psychopy2024.2.5.psyexp,2024.2.5,2025-08-21 10h57.41.138804 +0200,
0,0,0,0,0,0,0,,,,,,,,,#2AB7EF,272.1724262237549,None,space,None,None,520.2474594116211,text_15,84,3,Reading_Baseline_main_click,None,zu,43,0,43,60,60,,,,,,,,,,,25,01,yes,no,no,2025-08-21_10h55.23.375,EXNAT_4_TMS_Psychopy2024.2.5.psyexp,2024.2.5,2025-08-21 10h57.41.138804 +0200,
0,0,0,0,0,0,0,,,,,,,,,#D292F3,272.73288559913635,None,space,None,None,407.9604148864746,text_15,85,3,Reading_Baseline_main_click,None,verdanken.,43,0,43,60,60,,,,,,,,,,,25,01,yes,no,no,2025-08-21_10h55.23.375,EXNAT_4_TMS_Psychopy2024.2.5.psyexp,2024.2.5,2025-08-21 10h57.41.138804 +0200,
0,0,0,0,0,0,0,,,,,,,,,#F989A2,273.1806399822235,None,space,None,None,1336.0722064971924,text_15,86,3,Reading_Baseline_main_click,None,1865,43,0,43,60,60,,,,,,,,,,,25,01,yes,no,no,2025-08-21_10h55.23.375,EXNAT_4_TMS_Psychopy2024.2.5.psyexp,2024.2.5,2025-08-21 10h57.41.138804 +0200,
0,0,0,0,0,0,0,,,,,,,,,#88BA3F,274.55806159973145,None,space,None,None,438.74645233154297,text_15,87,3,Reading_Baseline_main_click,None,eröffnete,43,0,43,60,60,,,,,,,,,,,25,01,yes,no,no,2025-08-21_10h55.23.375,EXNAT_4_TMS_Psychopy2024.2.5.psyexp,2024.2.5,2025-08-21 10h57.41.138804 +0200,
0,0,0,0,0,0,0,,,,,,,,,#2AB7EF,275.0340037345886,None,space,None,None,330.74235916137695,text_15,88,3,Reading_Baseline_main_click,None,er,43,0,43,60,60,,,,,,,,,,,25,01,yes,no,no,2025-08-21_10h55.23.375,EXNAT_4_TMS_Psychopy2024.2.5.psyexp,2024.2.5,2025-08-21 10h57.41.138804 +0200,
0,0,0,0,0,0,0,,,,,,,,,#2AB7EF,275.4033672809601,None,space,None,None,345.3998565673828,text_15,89,3,Reading_Baseline_main_click,None,in,43,0,43,60,60,,,,,,,,,,,25,01,yes,no,no,2025-08-21_10h55.23.375,EXNAT_4_TMS_Psychopy2024.2.5.psyexp,2024.2.5,2025-08-21 10h57.41.138804 +0200,
0,0,0,0,0,0,0,,,,,,,,,#D292F3,275.787474155426,None,space,None,None,361.2673282623291,text_15,90,3,Reading_Baseline_main_click,None,London,44,0,44,60,60,275.8385329246521,,,,,,,,,,25,01,yes,no,no,2025-08-21_10h55.23.375,EXNAT_4_TMS_Psychopy2024.2.5.psyexp,2024.2.5,2025-08-21 10h57.41.138804 +0200,
0,0,0,0,0,0,0,,,,,,,,,#F989A2,276.18697905540466,None,space,None,None,329.8180103302002,text_15,91,3,Reading_Baseline_main_click,None,sein,44,0,44,60,60,,,,,,,,,,,25,01,yes,no,no,2025-08-21_10h55.23.375,EXNAT_4_TMS_Psychopy2024.2.5.psyexp,2024.2.5,2025-08-21 10h57.41.138804 +0200,
0,0,0,0,0,0,0,,,,,,,,,#2AB7EF,276.55449414253235,None,space,None,None,394.27638053894043,text_15,92,3,Reading_Baseline_main_click,None,erstes,44,0,44,60,60,,,,,,,,,,,25,01,yes,no,no,2025-08-21_10h55.23.375,EXNAT_4_TMS_Psychopy2024.2.5.psyexp,2024.2.5,2025-08-21 10h57.41.138804 +0200,
0,0,0,0,0,0,0,,,,,,,,,#F989A2,276.9893569946289,None,space,None,None,375.4420280456543,text_15,93,3,Reading_Baseline_main_click,None,Büro.,44,0,44,60,60,,,,,,,,,,,25,01,yes,no,no,2025-08-21_10h55.23.375,EXNAT_4_TMS_Psychopy2024.2.5.psyexp,2024.2.5,2025-08-21 10h57.41.138804 +0200,
0,0,0,0,0,0,0,,,,,,,,,#88BA3F,277.40444898605347,None,space,None,None,392.322301864624,text_15,94,3,Reading_Baseline_main_click,None,Später,44,0,44,60,60,,,,,,,,,,,25,01,yes,no,no,2025-08-21_10h55.23.375,EXNAT_4_TMS_Psychopy2024.2.5.psyexp,2024.2.5,2025-08-21 10h57.41.138804 +0200,
0,0,0,0,0,0,0,,,,,,,,,#88BA3F,277.83680748939514,None,space,None,None,391.95752143859863,text_15,95,3,Reading_Baseline_main_click,None,übernahm,44,0,44,60,60,,,,,,,,,,,25,01,yes,no,no,2025-08-21_10h55.23.375,EXNAT_4_TMS_Psychopy2024.2.5.psyexp,2024.2.5,2025-08-21 10h57.41.138804 +0200,
0,0,0,0,0,0,0,,,,,,,,,#D292F3,278.2674856185913,None,space,None,None,377.2706985473633,text_15,96,3,Reading_Baseline_main_click,None,sein,44,0,44,60,60,,,,,,,,,,,25,01,yes,no,no,2025-08-21_10h55.23.375,EXNAT_4_TMS_Psychopy2024.2.5.psyexp,2024.2.5,2025-08-21 10h57.41.138804 +0200,
0,0,0,0,0,0,0,,,,,,,,,#F989A2,278.6821506023407,None,space,None,None,362.581729888916,text_15,97,3,Reading_Baseline_main_click,None,Sohn,44,0,44,60,60,,,,,,,,,,,25,01,yes,no,no,2025-08-21_10h55.23.375,EXNAT_4_TMS_Psychopy2024.2.5.psyexp,2024.2.5,2025-08-21 10h57.41.138804 +0200,
0,0,0,0,0,0,0,,,,,,,,,#88BA3F,279.08402395248413,None,space,None,None,392.78125762939453,text_15,98,3,Reading_Baseline_main_click,None,John,44,0,44,60,60,,,,,,,,,,,25,01,yes,no,no,2025-08-21_10h55.23.375,EXNAT_4_TMS_Psychopy2024.2.5.psyexp,2024.2.5,2025-08-21 10h57.41.138804 +0200,
0,0,0,0,0,0,0,,,,,,,,,#88BA3F,279.514625787735,None,space,None,None,426.1178970336914,text_15,99,3,Reading_Baseline_main_click,None,die,44,0,44,60,60,,,,,,,,,,,25,01,yes,no,no,2025-08-21_10h55.23.375,EXNAT_4_TMS_Psychopy2024.2.5.psyexp,2024.2.5,2025-08-21 10h57.41.138804 +0200,
0,0,0,0,0,0,0,,,,,,,,,#F989A2,279.98023796081543,None,space,None,None,456.5470218658447,text_15,100,3,Reading_Baseline_main_click,None,Leitung.,44,0,44,60,60,,,,,,,,,,,25,01,yes,no,no,2025-08-21_10h55.23.375,EXNAT_4_TMS_Psychopy2024.2.5.psyexp,2024.2.5,2025-08-21 10h57.41.138804 +0200,
0,0,0,0,0,0,0,,,,,,,,,#2AB7EF,280.47662591934204,None,space,None,None,360.2123260498047,text_15,101,3,Reading_Baseline_main_click,None,1873,44,0,44,60,60,,,,,,,,,,,25,01,yes,no,no,2025-08-21_10h55.23.375,EXNAT_4_TMS_Psychopy2024.2.5.psyexp,2024.2.5,2025-08-21 10h57.41.138804 +0200,
0,0,0,0,0,0,0,,,,,,,,,#D292F3,280.8770372867584,None,space,None,None,599.7257232666016,text_15,102,3,Reading_Baseline_main_click,None,erfüllte,45,0,45,60,60,280.9316430091858,,,,,,,,,,25,01,yes,no,no,2025-08-21_10h55.23.375,EXNAT_4_TMS_Psychopy2024.2.5.psyexp,2024.2.5,2025-08-21 10h57.41.138804 +0200,
0,0,0,0,0,0,0,,,,,,,,,#D292F3,281.5168273448944,None,space,None,None,551.9430637359619,text_15,103,3,Reading_Baseline_main_click,None,sich,45,0,45,60,60,,,,,,,,,,,25,01,yes,no,no,2025-08-21_10h55.23.375,EXNAT_4_TMS_Psychopy2024.2.5.psyexp,2024.2.5,2025-08-21 10h57.41.138804 +0200,
0,0,0,0,0,0,0,,,,,,,,,#88BA3F,282.1089298725128,None,space,None,None,311.8624687194824,text_15,104,3,Reading_Baseline_main_click,None,Thomas,45,0,45,60,60,,,,,,,,,,,25,01,yes,no,no,2025-08-21_10h55.23.375,EXNAT_4_TMS_Psychopy2024.2.5.psyexp,2024.2.5,2025-08-21 10h57.41.138804 +0200,
0,0,0,0,0,0,0,,,,,,,,,#F989A2,282.4606993198395,None,space,None,None,296.11849784851074,text_15,105,3,Reading_Baseline_main_click,None,Cook,45,0,45,60,60,,,,,,,,,,,25,01,yes,no,no,2025-08-21_10h55.23.375,EXNAT_4_TMS_Psychopy2024.2.5.psyexp,2024.2.5,2025-08-21 10h57.41.138804 +0200,
0,0,0,0,0,0,0,,,,,,,,,#D292F3,282.7971930503845,None,space,None,None,343.5697555541992,text_15,106,3,Reading_Baseline_main_click,None,seinen,45,0,45,60,60,,,,,,,,,,,25,01,yes,no,no,2025-08-21_10h55.23.375,EXNAT_4_TMS_Psychopy2024.2.5.psyexp,2024.2.5,2025-08-21 10h57.41.138804 +0200,
0,0,0,0,0,0,0,,,,,,,,,#2AB7EF,283.1804344654083,None,space,None,None,456.3407897949219,text_15,107,3,Reading_Baseline_main_click,None,Lebenstraum,45,0,45,60,60,,,,,,,,,,,25,01,yes,no,no,2025-08-21_10h55.23.375,EXNAT_4_TMS_Psychopy2024.2.5.psyexp,2024.2.5,2025-08-21 10h57.41.138804 +0200,
0,0,0,0,0,0,0,,,,,,,,,#2AB7EF,283.676424741745,None,space,None,None,392.3513889312744,text_15,108,3,Reading_Baseline_main_click,None,von,45,0,45,60,60,,,,,,,,,,,25,01,yes,no,no,2025-08-21_10h55.23.375,EXNAT_4_TMS_Psychopy2024.2.5.psyexp,2024.2.5,2025-08-21 10h57.41.138804 +0200,
0,0,0,0,0,0,0,,,,,,,,,#88BA3F,284.1083867549896,None,space,None,None,392.3954963684082,text_15,109,3,Reading_Baseline_main_click,None,einer,45,0,45,60,60,,,,,,,,,,,25,01,yes,no,no,2025-08-21_10h55.23.375,EXNAT_4_TMS_Psychopy2024.2.5.psyexp,2024.2.5,2025-08-21 10h57.41.138804 +0200,
0,0,0,0,0,0,0,,,,,,,,,#2AB7EF,284.54075145721436,None,space,None,None,856.0991287231445,text_15,110,3,Reading_Baseline_main_click,None,222-tägigen,45,0,45,60,60,,,,,,,,,,,25,01,yes,no,no,2025-08-21_10h55.23.375,EXNAT_4_TMS_Psychopy2024.2.5.psyexp,2024.2.5,2025-08-21 10h57.41.138804 +0200,
0,0,0,0,0,0,0,,,,,,,,,#F989A2,285.43789196014404,None,space,None,None,422.9307174682617,text_15,111,3,Reading_Baseline_main_click,None,Weltreise,45,0,45,60,60,,,,,,,,,,,25,01,yes,no,no,2025-08-21_10h55.23.375,EXNAT_4_TMS_Psychopy2024.2.5.psyexp,2024.2.5,2025-08-21 10h57.41.138804 +0200,
0,0,0,0,0,0,0,,,,,,,,,#F989A2,285.9015030860901,None,space,None,None,439.27931785583496,text_15,112,3,Reading_Baseline_main_click,None,über,46,0,46,60,60,285.95545172691345,,,,,,,,,,25,01,yes,no,no,2025-08-21_10h55.23.375,EXNAT_4_TMS_Psychopy2024.2.5.psyexp,2024.2.5,2025-08-21 10h57.41.138804 +0200,
0,0,0,0,0,0,0,,,,,,,,,#F989A2,286.3823823928833,None,space,None,None,486.4475727081299,text_15,113,3,Reading_Baseline_main_click,None,40.000,46,0,46,60,60,,,,,,,,,,,25,01,yes,no,no,2025-08-21_10h55.23.375,EXNAT_4_TMS_Psychopy2024.2.5.psyexp,2024.2.5,2025-08-21 10h57.41.138804 +0200,
0,0,0,0,0,0,0,,,,,,,,,#88BA3F,286.9104075431824,None,space,None,None,566.3738250732422,text_15,114,3,Reading_Baseline_main_click,None,Kilometer.,46,0,46,60,60,,,,,,,,,,,25,01,yes,no,no,2025-08-21_10h55.23.375,EXNAT_4_TMS_Psychopy2024.2.5.psyexp,2024.2.5,2025-08-21 10h57.41.138804 +0200,
0,0,0,0,0,0,0,,,,,,,,,#D292F3,287.51811385154724,None,space,None,None,422.6493835449219,text_15,115,3,Reading_Baseline_main_click,None,Doch,46,0,46,60,60,,,,,,,,,,,25,01,yes,no,no,2025-08-21_10h55.23.375,EXNAT_4_TMS_Psychopy2024.2.5.psyexp,2024.2.5,2025-08-21 10h57.41.138804 +0200,
0,0,0,0,0,0,0,,,,,,,,,#2AB7EF,287.98008036613464,None,space,None,None,440.72580337524414,text_15,116,3,Reading_Baseline_main_click,None,es,46,0,46,60,60,,,,,,,,,,,25,01,yes,no,no,2025-08-21_10h55.23.375,EXNAT_4_TMS_Psychopy2024.2.5.psyexp,2024.2.5,2025-08-21 10h57.41.138804 +0200,
0,0,0,0,0,0,0,,,,,,,,,#2AB7EF,288.45895886421204,None,space,None,None,329.9069404602051,text_15,117,3,Reading_Baseline_main_click,None,kam,46,0,46,60,60,,,,,,,,,,,25,01,yes,no,no,2025-08-21_10h55.23.375,EXNAT_4_TMS_Psychopy2024.2.5.psyexp,2024.2.5,2025-08-21 10h57.41.138804 +0200,
0,0,0,0,0,0,0,,,,,,,,,#D292F3,288.82814836502075,None,space,None,None,328.69935035705566,text_15,118,3,Reading_Baseline_main_click,None,zu,46,0,46,60,60,,,,,,,,,,,25,01,yes,no,no,2025-08-21_10h55.23.375,EXNAT_4_TMS_Psychopy2024.2.5.psyexp,2024.2.5,2025-08-21 10h57.41.138804 +0200,
0,0,0,0,0,0,0,,,,,,,,,#D292F3,289.1967935562134,None,space,None,None,375.9725093841553,text_15,119,3,Reading_Baseline_main_click,None,Konflikten,46,0,46,60,60,,,,,,,,,,,25,01,yes,no,no,2025-08-21_10h55.23.375,EXNAT_4_TMS_Psychopy2024.2.5.psyexp,2024.2.5,2025-08-21 10h57.41.138804 +0200,
0,0,0,0,0,0,0,,,,,,,,,#88BA3F,289.6116578578949,None,space,None,None,393.13626289367676,text_15,120,3,Reading_Baseline_main_click,None,mit,46,0,46,60,60,,,,,,,,,,,25,01,yes,no,no,2025-08-21_10h55.23.375,EXNAT_4_TMS_Psychopy2024.2.5.psyexp,2024.2.5,2025-08-21 10h57.41.138804 +0200,
0,0,0,0,0,0,0,,,,,,,,,#F989A2,290.04319071769714,None,space,None,None,409.6841812133789,text_15,121,3,Reading_Baseline_main_click,None,seinem,46,0,46,60,60,,,,,,,,,,,25,01,yes,no,no,2025-08-21_10h55.23.375,EXNAT_4_TMS_Psychopy2024.2.5.psyexp,2024.2.5,2025-08-21 10h57.41.138804 +0200,
0,0,0,0,0,0,0,,,,,,,,,#D292F3,290.4925765991211,None,space,None,None,600.2414226531982,text_15,122,3,Reading_Baseline_main_click,None,"Sohn,",47,0,47,60,60,290.9554646015167,,,,,,,,,,25,01,yes,no,no,2025-08-21_10h55.23.375,EXNAT_4_TMS_Psychopy2024.2.5.psyexp,2024.2.5,2025-08-21 10h57.41.138804 +0200,
0,0,0,0,0,0,0,,,,,,,,,#2AB7EF,291.12962555885315,None,space,None,None,683.2051277160645,text_15,123,3,Reading_Baseline_main_click,None,der,47,0,47,60,60,,,,,,,,,,,25,01,yes,no,no,2025-08-21_10h55.23.375,EXNAT_4_TMS_Psychopy2024.2.5.psyexp,2024.2.5,2025-08-21 10h57.41.138804 +0200,
0,0,0,0,0,0,0,,,,,,,,,#D292F3,291.8522439002991,None,space,None,None,392.57049560546875,text_15,124,3,Reading_Baseline_main_click,None,das,47,0,47,60,60,,,,,,,,,,,25,01,yes,no,no,2025-08-21_10h55.23.375,EXNAT_4_TMS_Psychopy2024.2.5.psyexp,2024.2.5,2025-08-21 10h57.41.138804 +0200,
0,0,0,0,0,0,0,,,,,,,,,#2AB7EF,292.28551959991455,None,space,None,None,359.2550754547119,text_15,125,3,Reading_Baseline_main_click,None,Unternehmen,47,0,47,60,60,,,,,,,,,,,25,01,yes,no,no,2025-08-21_10h55.23.375,EXNAT_4_TMS_Psychopy2024.2.5.psyexp,2024.2.5,2025-08-21 10h57.41.138804 +0200,
0,0,0,0,0,0,0,,,,,,,,,#D292F3,292.6836459636688,None,space,None,None,361.18245124816895,text_15,126,3,Reading_Baseline_main_click,None,in,47,0,47,60,60,,,,,,,,,,,25,01,yes,no,no,2025-08-21_10h55.23.375,EXNAT_4_TMS_Psychopy2024.2.5.psyexp,2024.2.5,2025-08-21 10h57.41.138804 +0200,
0,0,0,0,0,0,0,,,,,,,,,#F989A2,293.0838656425476,None,space,None,None,361.0110282897949,text_15,127,3,Reading_Baseline_main_click,None,seiner,47,0,47,60,60,,,,,,,,,,,25,01,yes,no,no,2025-08-21_10h55.23.375,EXNAT_4_TMS_Psychopy2024.2.5.psyexp,2024.2.5,2025-08-21 10h57.41.138804 +0200,
0,0,0,0,0,0,0,,,,,,,,,#2AB7EF,293.4846739768982,None,space,None,None,328.19223403930664,text_15,128,3,Reading_Baseline_main_click,None,Abwesenheit,47,0,47,60,60,,,,,,,,,,,25,01,yes,no,no,2025-08-21_10h55.23.375,EXNAT_4_TMS_Psychopy2024.2.5.psyexp,2024.2.5,2025-08-21 10h57.41.138804 +0200,
0,0,0,0,0,0,0,,,,,,,,,#88BA3F,293.8503465652466,None,space,None,None,426.4709949493408,text_15,129,3,Reading_Baseline_main_click,None,vergrößerte.,47,0,47,60,60,,,,,,,,,,,25,01,yes,no,no,2025-08-21_10h55.23.375,EXNAT_4_TMS_Psychopy2024.2.5.psyexp,2024.2.5,2025-08-21 10h57.41.138804 +0200,
0,0,0,0,0,0,0,,,,,,,,,#F989A2,294.31515073776245,None,space,None,None,697.7066993713379,text_15,130,3,Reading_Baseline_main_click,None,Cook,47,0,47,60,60,,,,,,,,,,,25,01,yes,no,no,2025-08-21_10h55.23.375,EXNAT_4_TMS_Psychopy2024.2.5.psyexp,2024.2.5,2025-08-21 10h57.41.138804 +0200,
0,0,0,0,0,0,0,,,,,,,,,#88BA3F,295.0519218444824,None,space,None,None,376.94263458251953,text_15,131,3,Reading_Baseline_main_click,None,zog,47,0,47,60,60,,,,,,,,,,,25,01,yes,no,no,2025-08-21_10h55.23.375,EXNAT_4_TMS_Psychopy2024.2.5.psyexp,2024.2.5,2025-08-21 10h57.41.138804 +0200,
0,0,0,0,0,0,0,,,,,,,,,#88BA3F,295.46791315078735,None,space,None,None,312.8533363342285,text_15,132,3,Reading_Baseline_main_click,None,sich,47,0,47,60,60,,,,,,,,,,,25,01,yes,no,no,2025-08-21_10h55.23.375,EXNAT_4_TMS_Psychopy2024.2.5.psyexp,2024.2.5,2025-08-21 10h57.41.138804 +0200,
0,0,0,0,0,0,0,,,,,,,,,#2AB7EF,295.8193483352661,None,space,None,None,345.49617767333984,text_15,133,3,Reading_Baseline_main_click,None,"zurück,",48,0,48,60,60,295.95542573928833,,,,,,,,,,25,01,yes,no,no,2025-08-21_10h55.23.375,EXNAT_4_TMS_Psychopy2024.2.5.psyexp,2024.2.5,2025-08-21 10h57.41.138804 +0200,
0,0,0,0,0,0,0,,,,,,,,,#F989A2,296.2042763233185,None,space,None,None,376.5740394592285,text_15,134,3,Reading_Baseline_main_click,None,erblindete,48,0,48,60,60,,,,,,,,,,,25,01,yes,no,no,2025-08-21_10h55.23.375,EXNAT_4_TMS_Psychopy2024.2.5.psyexp,2024.2.5,2025-08-21 10h57.41.138804 +0200,
0,0,0,0,0,0,0,,,,,,,,,#D292F3,296.6204206943512,None,space,None,None,376.44314765930176,text_15,135,3,Reading_Baseline_main_click,None,und,48,0,48,60,60,,,,,,,,,,,25,01,yes,no,no,2025-08-21_10h55.23.375,EXNAT_4_TMS_Psychopy2024.2.5.psyexp,2024.2.5,2025-08-21 10h57.41.138804 +0200,
0,0,0,0,0,0,0,,,,,,,,,#F989A2,297.0351634025574,None,space,None,None,377.63166427612305,text_15,136,3,Reading_Baseline_main_click,None,starb,48,0,48,60,60,,,,,,,,,,,25,01,yes,no,no,2025-08-21_10h55.23.375,EXNAT_4_TMS_Psychopy2024.2.5.psyexp,2024.2.5,2025-08-21 10h57.41.138804 +0200,
0,0,0,0,0,0,0,,,,,,,,,#D292F3,297.4522693157196,None,space,None,None,408.5714817047119,text_15,137,3,Reading_Baseline_main_click,None,nach,48,0,48,60,60,,,,,,,,,,,25,01,yes,no,no,2025-08-21_10h55.23.375,EXNAT_4_TMS_Psychopy2024.2.5.psyexp,2024.2.5,2025-08-21 10h57.41.138804 +0200,
0,0,0,0,0,0,0,,,,,,,,,#88BA3F,297.90078711509705,None,space,None,None,360.0964546203613,text_15,138,3,Reading_Baseline_main_click,None,einem,48,0,48,60,60,,,,,,,,,,,25,01,yes,no,no,2025-08-21_10h55.23.375,EXNAT_4_TMS_Psychopy2024.2.5.psyexp,2024.2.5,2025-08-21 10h57.41.138804 +0200,
0,0,0,0,0,0,0,,,,,,,,,#2AB7EF,298.3017337322235,None,space,None,None,359.0567111968994,text_15,139,3,Reading_Baseline_main_click,None,Schlaganfall.,48,0,48,60,60,,,,,,,,,,,25,01,yes,no,no,2025-08-21_10h55.23.375,EXNAT_4_TMS_Psychopy2024.2.5.psyexp,2024.2.5,2025-08-21 10h57.41.138804 +0200,
0,0,0,0,0,0,0,,,,,,,,,#D292F3,298.6990718841553,None,space,None,None,489.7282123565674,text_15,140,3,Reading_Baseline_main_click,None,Seine,48,0,48,60,60,,,,,,,,,,,25,01,yes,no,no,2025-08-21_10h55.23.375,EXNAT_4_TMS_Psychopy2024.2.5.psyexp,2024.2.5,2025-08-21 10h57.41.138804 +0200,
0,0,0,0,0,0,0,,,,,,,,,#88BA3F,299.2308437824249,None,space,None,None,341.92895889282227,text_15,141,3,Reading_Baseline_main_click,None,Nachfahren,48,0,48,60,60,,,,,,,,,,,25,01,yes,no,no,2025-08-21_10h55.23.375,EXNAT_4_TMS_Psychopy2024.2.5.psyexp,2024.2.5,2025-08-21 10h57.41.138804 +0200,
0,0,0,0,0,0,0,,,,,,,,,#F989A2,299.6112906932831,None,space,None,None,329.41484451293945,text_15,142,3,Reading_Baseline_main_click,None,verkauften,48,0,48,60,60,,,,,,,,,,,25,01,yes,no,no,2025-08-21_10h55.23.375,EXNAT_4_TMS_Psychopy2024.2.5.psyexp,2024.2.5,2025-08-21 10h57.41.138804 +0200,
0,0,0,0,0,0,0,,,,,,,,,#2AB7EF,299.9793779850006,None,space,None,None,377.474308013916,text_15,143,3,Reading_Baseline_main_click,None,das,48,0,48,60,60,,,,,,,,,,,25,01,yes,no,no,2025-08-21_10h55.23.375,EXNAT_4_TMS_Psychopy2024.2.5.psyexp,2024.2.5,2025-08-21 10h57.41.138804 +0200,
0,0,0,0,0,0,0,,,,,,,,,#88BA3F,300.3964216709137,None,space,None,None,344.44737434387207,text_15,144,3,Reading_Baseline_main_click,None,Unternehmen,48,0,48,60,60,,,,,,,,,,,25,01,yes,no,no,2025-08-21_10h55.23.375,EXNAT_4_TMS_Psychopy2024.2.5.psyexp,2024.2.5,2025-08-21 10h57.41.138804 +0200,
0,0,0,0,0,0,0,,,,,,,,,#F989A2,300.78117752075195,None,space,None,None,375.69212913513184,text_15,145,3,Reading_Baseline_main_click,None,später,49,0,49,60,60,300.9554920196533,,,,,,,,,,25,01,yes,no,no,2025-08-21_10h55.23.375,EXNAT_4_TMS_Psychopy2024.2.5.psyexp,2024.2.5,2025-08-21 10h57.41.138804 +0200,
0,0,0,0,0,0,0,,,,,,,,,#2AB7EF,301.1963949203491,None,space,None,None,376.50370597839355,text_15,146,3,Reading_Baseline_main_click,None,an,49,0,49,60,60,,,,,,,,,,,25,01,yes,no,no,2025-08-21_10h55.23.375,EXNAT_4_TMS_Psychopy2024.2.5.psyexp,2024.2.5,2025-08-21 10h57.41.138804 +0200,
0,0,0,0,0,0,0,,,,,,,,,#88BA3F,301.61105728149414,None,space,None,None,313.81845474243164,text_15,147,3,Reading_Baseline_main_click,None,die,49,0,49,60,60,,,,,,,,,,,25,01,yes,no,no,2025-08-21_10h55.23.375,EXNAT_4_TMS_Psychopy2024.2.5.psyexp,2024.2.5,2025-08-21 10h57.41.138804 +0200,
0,0,0,0,0,0,0,,,,,,,,,#F989A2,301.96330070495605,None,space,None,None,393.53156089782715,text_15,148,3,Reading_Baseline_main_click,None,Betreiber,49,0,49,60,60,,,,,,,,,,,25,01,yes,no,no,2025-08-21_10h55.23.375,EXNAT_4_TMS_Psychopy2024.2.5.psyexp,2024.2.5,2025-08-21 10h57.41.138804 +0200,
0,0,0,0,0,0,0,,,,,,,,,#2AB7EF,302.39641308784485,None,space,None,None,376.4345645904541,text_15,149,3,Reading_Baseline_main_click,None,des,49,0,49,60,60,,,,,,,,,,,25,01,yes,no,no,2025-08-21_10h55.23.375,EXNAT_4_TMS_Psychopy2024.2.5.psyexp,2024.2.5,2025-08-21 10h57.41.138804 +0200,
0,0,0,0,0,0,0,,,,,,,,,#D292F3,302.8119566440582,None,space,None,None,376.8947124481201,text_15,150,3,Reading_Baseline_main_click,None,Orient-Express.,49,0,49,60,60,,,,,,,,,,,25,01,yes,no,no,2025-08-21_10h55.23.375,EXNAT_4_TMS_Psychopy2024.2.5.psyexp,2024.2.5,2025-08-21 10h57.41.138804 +0200,
0,0,0,0,0,0,0,,,,,,,,,,303.24251413345337,,3,,,,text_15,,3,Reading_Baseline_main_click,,,,,,,,,Q1,c,True,,,,,,,25,01,yes,no,no,2025-08-21_10h55.23.375,EXNAT_4_TMS_Psychopy2024.2.5.psyexp,2024.2.5,2025-08-21 10h57.41.138804 +0200,
0,0,0,0,0,0,0,,,,,,,,,,312.0366892814636,,2,,,,text_15,,3,Reading_Baseline_main_click,,,,,,,,,Q2,b,True,,,,,,,25,01,yes,no,no,2025-08-21_10h55.23.375,EXNAT_4_TMS_Psychopy2024.2.5.psyexp,2024.2.5,2025-08-21 10h57.41.138804 +0200,
0,0,0,0,0,0,0,,,,,,,,,,318.5235686302185,,1,,,,text_15,,3,Reading_Baseline_main_click,,,,,,,,,Q3,a,True,,,,,,,25,01,yes,no,no,2025-08-21_10h55.23.375,EXNAT_4_TMS_Psychopy2024.2.5.psyexp,2024.2.5,2025-08-21 10h57.41.138804 +0200,
0,0,0,0,0,0,0,,,,,,,,,#F989A2,330.852326631546,None,space,None,None,880.5546760559082,text_01,1,4,Reading_Baseline_main_click,None,Der,50,0,50,60,60,330.9072229862213,,,,,,,,,,25,01,yes,no,no,2025-08-21_10h55.23.375,EXNAT_4_TMS_Psychopy2024.2.5.psyexp,2024.2.5,2025-08-21 10h57.41.138804 +0200,
0,0,0,0,0,0,0,,,,,,,,,#D292F3,331.7682831287384,None,space,None,None,620.5816268920898,text_01,2,4,Reading_Baseline_main_click,None,Anblick,50,0,50,60,60,,,,,,,,,,,25,01,yes,no,no,2025-08-21_10h55.23.375,EXNAT_4_TMS_Psychopy2024.2.5.psyexp,2024.2.5,2025-08-21 10h57.41.138804 +0200,
0,0,0,0,0,0,0,,,,,,,,,#2AB7EF,332.42027831077576,None,space,None,None,416.6266918182373,text_01,3,4,Reading_Baseline_main_click,None,der,50,0,50,60,60,,,,,,,,,,,25,01,yes,no,no,2025-08-21_10h55.23.375,EXNAT_4_TMS_Psychopy2024.2.5.psyexp,2024.2.5,2025-08-21 10h57.41.138804 +0200,
0,0,0,0,0,0,0,,,,,,,,,#D292F3,332.8765730857849,None,space,None,None,328.32932472229004,text_01,4,4,Reading_Baseline_main_click,None,Tiere,50,0,50,60,60,,,,,,,,,,,25,01,yes,no,no,2025-08-21_10h55.23.375,EXNAT_4_TMS_Psychopy2024.2.5.psyexp,2024.2.5,2025-08-21 10h57.41.138804 +0200,
0,0,0,0,0,0,0,,,,,,,,,#D292F3,333.245032787323,None,space,None,None,327.91662216186523,text_01,5,4,Reading_Baseline_main_click,None,jagte,50,0,50,60,60,,,,,,,,,,,25,01,yes,no,no,2025-08-21_10h55.23.375,EXNAT_4_TMS_Psychopy2024.2.5.psyexp,2024.2.5,2025-08-21 10h57.41.138804 +0200,
0,0,0,0,0,0,0,,,,,,,,,#2AB7EF,333.61426281929016,None,space,None,None,342.44680404663086,text_01,6,4,Reading_Baseline_main_click,None,Seeleuten,50,0,50,60,60,,,,,,,,,,,25,01,yes,no,no,2025-08-21_10h55.23.375,EXNAT_4_TMS_Psychopy2024.2.5.psyexp,2024.2.5,2025-08-21 10h57.41.138804 +0200,
0,0,0,0,0,0,0,,,,,,,,,#F989A2,333.9968113899231,None,space,None,None,407.9163074493408,text_01,7,4,Reading_Baseline_main_click,None,vergangener,50,0,50,60,60,,,,,,,,,,,25,01,yes,no,no,2025-08-21_10h55.23.375,EXNAT_4_TMS_Psychopy2024.2.5.psyexp,2024.2.5,2025-08-21 10h57.41.138804 +0200,
0,0,0,0,0,0,0,,,,,,,,,#88BA3F,334.44618582725525,None,space,None,None,390.7308578491211,text_01,8,4,Reading_Baseline_main_click,None,Jahrhunderte,50,0,50,60,60,,,,,,,,,,,25,01,yes,no,no,2025-08-21_10h55.23.375,EXNAT_4_TMS_Psychopy2024.2.5.psyexp,2024.2.5,2025-08-21 10h57.41.138804 +0200,
0,0,0,0,0,0,0,,,,,,,,,#88BA3F,334.87620663642883,None,space,None,None,408.67137908935547,text_01,9,4,Reading_Baseline_main_click,None,zurecht,50,0,50,60,60,,,,,,,,,,,25,01,yes,no,no,2025-08-21_10h55.23.375,EXNAT_4_TMS_Psychopy2024.2.5.psyexp,2024.2.5,2025-08-21 10h57.41.138804 +0200,
0,0,0,0,0,0,0,,,,,,,,,#2AB7EF,335.326477766037,None,space,None,None,390.38872718811035,text_01,10,4,Reading_Baseline_main_click,None,Angst,50,0,50,60,60,,,,,,,,,,,25,01,yes,no,no,2025-08-21_10h55.23.375,EXNAT_4_TMS_Psychopy2024.2.5.psyexp,2024.2.5,2025-08-21 10h57.41.138804 +0200,
0,0,0,0,0,0,0,,,,,,,,,#88BA3F,335.75785064697266,None,space,None,None,455.1229476928711,text_01,11,4,Reading_Baseline_main_click,None,ein.,51,0,51,60,60,335.90723729133606,,,,,,,,,,25,01,yes,no,no,2025-08-21_10h55.23.375,EXNAT_4_TMS_Psychopy2024.2.5.psyexp,2024.2.5,2025-08-21 10h57.41.138804 +0200,
0,0,0,0,0,0,0,,,,,,,,,#F989A2,336.2531659603119,None,space,None,None,519.707202911377,text_01,12,4,Reading_Baseline_main_click,None,Vor,51,0,51,60,60,,,,,,,,,,,25,01,yes,no,no,2025-08-21_10h55.23.375,EXNAT_4_TMS_Psychopy2024.2.5.psyexp,2024.2.5,2025-08-21 10h57.41.138804 +0200,
0,0,0,0,0,0,0,,,,,,,,,#D292F3,336.8117437362671,None,space,None,None,505.0334930419922,text_01,13,4,Reading_Baseline_main_click,None,der,51,0,51,60,60,,,,,,,,,,,25,01,yes,no,no,2025-08-21_10h55.23.375,EXNAT_4_TMS_Psychopy2024.2.5.psyexp,2024.2.5,2025-08-21 10h57.41.138804 +0200,
0,0,0,0,0,0,0,,,,,,,,,#F989A2,337.3567283153534,None,space,None,None,456.09450340270996,text_01,14,4,Reading_Baseline_main_click,None,Küste,51,0,51,60,60,,,,,,,,,,,25,01,yes,no,no,2025-08-21_10h55.23.375,EXNAT_4_TMS_Psychopy2024.2.5.psyexp,2024.2.5,2025-08-21 10h57.41.138804 +0200,
0,0,0,0,0,0,0,,,,,,,,,#88BA3F,337.85337138175964,None,space,None,None,391.5588855743408,text_01,15,4,Reading_Baseline_main_click,None,Chiles,51,0,51,60,60,,,,,,,,,,,25,01,yes,no,no,2025-08-21_10h55.23.375,EXNAT_4_TMS_Psychopy2024.2.5.psyexp,2024.2.5,2025-08-21 10h57.41.138804 +0200,
0,0,0,0,0,0,0,,,,,,,,,#2AB7EF,338.286416053772,None,space,None,None,1014.3613815307617,text_01,16,4,Reading_Baseline_main_click,None,tauchen,51,0,51,60,60,,,,,,,,,,,25,01,yes,no,no,2025-08-21_10h55.23.375,EXNAT_4_TMS_Psychopy2024.2.5.psyexp,2024.2.5,2025-08-21 10h57.41.138804 +0200,
0,0,0,0,0,0,0,,,,,,,,,#D292F3,339.34149193763733,None,space,None,None,407.3019027709961,text_01,17,4,Reading_Baseline_main_click,None,derzeit,51,0,51,60,60,,,,,,,,,,,25,01,yes,no,no,2025-08-21_10h55.23.375,EXNAT_4_TMS_Psychopy2024.2.5.psyexp,2024.2.5,2025-08-21 10h57.41.138804 +0200,
0,0,0,0,0,0,0,,,,,,,,,#88BA3F,339.7882149219513,None,space,None,None,536.5808010101318,text_01,18,4,Reading_Baseline_main_click,None,ungewöhnlich,51,0,51,60,60,,,,,,,,,,,25,01,yes,no,no,2025-08-21_10h55.23.375,EXNAT_4_TMS_Psychopy2024.2.5.psyexp,2024.2.5,2025-08-21 10h57.41.138804 +0200,
0,0,0,0,0,0,0,,,,,,,,,#88BA3F,340.36475253105164,None,space,None,None,392.06886291503906,text_01,19,4,Reading_Baseline_main_click,None,viele,51,0,51,60,60,,,,,,,,,,,25,01,yes,no,no,2025-08-21_10h55.23.375,EXNAT_4_TMS_Psychopy2024.2.5.psyexp,2024.2.5,2025-08-21 10h57.41.138804 +0200,
0,0,0,0,0,0,0,,,,,,,,,#2AB7EF,340.7969129085541,None,space,None,None,359.9705696105957,text_01,20,4,Reading_Baseline_main_click,None,große,52,0,52,60,60,340.9073369503021,,,,,,,,,,25,01,yes,no,no,2025-08-21_10h55.23.375,EXNAT_4_TMS_Psychopy2024.2.5.psyexp,2024.2.5,2025-08-21 10h57.41.138804 +0200,
0,0,0,0,0,0,0,,,,,,,,,#F989A2,341.19737339019775,None,space,None,None,359.5147132873535,text_01,21,4,Reading_Baseline_main_click,None,Kalmare,52,0,52,60,60,,,,,,,,,,,25,01,yes,no,no,2025-08-21_10h55.23.375,EXNAT_4_TMS_Psychopy2024.2.5.psyexp,2024.2.5,2025-08-21 10h57.41.138804 +0200,
0,0,0,0,0,0,0,,,,,,,,,#2AB7EF,341.5960600376129,None,space,None,None,648.8282680511475,text_01,22,4,Reading_Baseline_main_click,None,auf.,52,0,52,60,60,,,,,,,,,,,25,01,yes,no,no,2025-08-21_10h55.23.375,EXNAT_4_TMS_Psychopy2024.2.5.psyexp,2024.2.5,2025-08-21 10h57.41.138804 +0200,
0,0,0,0,0,0,0,,,,,,,,,#F989A2,342.28594851493835,None,space,None,None,518.7039375305176,text_01,23,4,Reading_Baseline_main_click,None,Normalerweise,52,0,52,60,60,,,,,,,,,,,25,01,yes,no,no,2025-08-21_10h55.23.375,EXNAT_4_TMS_Psychopy2024.2.5.psyexp,2024.2.5,2025-08-21 10h57.41.138804 +0200,
0,0,0,0,0,0,0,,,,,,,,,#D292F3,342.8460569381714,None,space,None,None,358.870267868042,text_01,24,4,Reading_Baseline_main_click,None,leben,52,0,52,60,60,,,,,,,,,,,25,01,yes,no,no,2025-08-21_10h55.23.375,EXNAT_4_TMS_Psychopy2024.2.5.psyexp,2024.2.5,2025-08-21 10h57.41.138804 +0200,
0,0,0,0,0,0,0,,,,,,,,,#2AB7EF,343.24329566955566,None,space,None,None,361.591100692749,text_01,25,4,Reading_Baseline_main_click,None,sie,52,0,52,60,60,,,,,,,,,,,25,01,yes,no,no,2025-08-21_10h55.23.375,EXNAT_4_TMS_Psychopy2024.2.5.psyexp,2024.2.5,2025-08-21 10h57.41.138804 +0200,
0,0,0,0,0,0,0,,,,,,,,,#2AB7EF,343.6435515880585,None,space,None,None,393.36252212524414,text_01,26,4,Reading_Baseline_main_click,None,im,52,0,52,60,60,,,,,,,,,,,25,01,yes,no,no,2025-08-21_10h55.23.375,EXNAT_4_TMS_Psychopy2024.2.5.psyexp,2024.2.5,2025-08-21 10h57.41.138804 +0200,
0,0,0,0,0,0,0,,,,,,,,,#D292F3,344.0759072303772,None,space,None,None,313.0059242248535,text_01,27,4,Reading_Baseline_main_click,None,offenen,52,0,52,60,60,,,,,,,,,,,25,01,yes,no,no,2025-08-21_10h55.23.375,EXNAT_4_TMS_Psychopy2024.2.5.psyexp,2024.2.5,2025-08-21 10h57.41.138804 +0200,
0,0,0,0,0,0,0,,,,,,,,,#F989A2,344.42895460128784,None,space,None,None,391.9064998626709,text_01,28,4,Reading_Baseline_main_click,None,Meer,52,0,52,60,60,,,,,,,,,,,25,01,yes,no,no,2025-08-21_10h55.23.375,EXNAT_4_TMS_Psychopy2024.2.5.psyexp,2024.2.5,2025-08-21 10h57.41.138804 +0200,
0,0,0,0,0,0,0,,,,,,,,,#F989A2,344.8585796356201,None,space,None,None,426.2382984161377,text_01,29,4,Reading_Baseline_main_click,None,und,52,0,52,60,60,,,,,,,,,,,25,01,yes,no,no,2025-08-21_10h55.23.375,EXNAT_4_TMS_Psychopy2024.2.5.psyexp,2024.2.5,2025-08-21 10h57.41.138804 +0200,
0,0,0,0,0,0,0,,,,,,,,,#D292F3,345.3252856731415,None,space,None,None,343.5478210449219,text_01,30,4,Reading_Baseline_main_click,None,sind,52,0,52,60,60,,,,,,,,,,,25,01,yes,no,no,2025-08-21_10h55.23.375,EXNAT_4_TMS_Psychopy2024.2.5.psyexp,2024.2.5,2025-08-21 10h57.41.138804 +0200,
0,0,0,0,0,0,0,,,,,,,,,#F989A2,345.70549273490906,None,space,None,None,347.4459648132324,text_01,31,4,Reading_Baseline_main_click,None,nur,53,0,53,60,60,345.90728425979614,,,,,,,,,,25,01,yes,no,no,2025-08-21_10h55.23.375,EXNAT_4_TMS_Psychopy2024.2.5.psyexp,2024.2.5,2025-08-21 10h57.41.138804 +0200,
0,0,0,0,0,0,0,,,,,,,,,#88BA3F,346.0928657054901,None,space,None,None,359.94577407836914,text_01,32,4,Reading_Baseline_main_click,None,nachts,53,0,53,60,60,,,,,,,,,,,25,01,yes,no,no,2025-08-21_10h55.23.375,EXNAT_4_TMS_Psychopy2024.2.5.psyexp,2024.2.5,2025-08-21 10h57.41.138804 +0200,
0,0,0,0,0,0,0,,,,,,,,,#88BA3F,346.4911231994629,None,space,None,None,345.7973003387451,text_01,33,4,Reading_Baseline_main_click,None,aktiv.,53,0,53,60,60,,,,,,,,,,,25,01,yes,no,no,2025-08-21_10h55.23.375,EXNAT_4_TMS_Psychopy2024.2.5.psyexp,2024.2.5,2025-08-21 10h57.41.138804 +0200,
0,0,0,0,0,0,0,,,,,,,,,#2AB7EF,346.87636637687683,None,space,None,None,392.30966567993164,text_01,34,4,Reading_Baseline_main_click,None,Jetzt,53,0,53,60,60,,,,,,,,,,,25,01,yes,no,no,2025-08-21_10h55.23.375,EXNAT_4_TMS_Psychopy2024.2.5.psyexp,2024.2.5,2025-08-21 10h57.41.138804 +0200,
0,0,0,0,0,0,0,,,,,,,,,#D292F3,347.3088970184326,None,space,None,None,376.0814666748047,text_01,35,4,Reading_Baseline_main_click,None,aber,53,0,53,60,60,,,,,,,,,,,25,01,yes,no,no,2025-08-21_10h55.23.375,EXNAT_4_TMS_Psychopy2024.2.5.psyexp,2024.2.5,2025-08-21 10h57.41.138804 +0200,
0,0,0,0,0,0,0,,,,,,,,,#88BA3F,347.7227396965027,None,space,None,None,362.12825775146484,text_01,36,4,Reading_Baseline_main_click,None,jagen,53,0,53,60,60,,,,,,,,,,,25,01,yes,no,no,2025-08-21_10h55.23.375,EXNAT_4_TMS_Psychopy2024.2.5.psyexp,2024.2.5,2025-08-21 10h57.41.138804 +0200,
0,0,0,0,0,0,0,,,,,,,,,#2AB7EF,348.1220052242279,None,space,None,None,330.843448638916,text_01,37,4,Reading_Baseline_main_click,None,sie,53,0,53,60,60,,,,,,,,,,,25,01,yes,no,no,2025-08-21_10h55.23.375,EXNAT_4_TMS_Psychopy2024.2.5.psyexp,2024.2.5,2025-08-21 10h57.41.138804 +0200,
0,0,0,0,0,0,0,,,,,,,,,#88BA3F,348.4928364753723,None,space,None,None,392.12584495544434,text_01,38,4,Reading_Baseline_main_click,None,auch,53,0,53,60,60,,,,,,,,,,,25,01,yes,no,no,2025-08-21_10h55.23.375,EXNAT_4_TMS_Psychopy2024.2.5.psyexp,2024.2.5,2025-08-21 10h57.41.138804 +0200,
0,0,0,0,0,0,0,,,,,,,,,#2AB7EF,348.9262783527374,None,space,None,None,342.5438404083252,text_01,39,4,Reading_Baseline_main_click,None,tagsüber,53,0,53,60,60,,,,,,,,,,,25,01,yes,no,no,2025-08-21_10h55.23.375,EXNAT_4_TMS_Psychopy2024.2.5.psyexp,2024.2.5,2025-08-21 10h57.41.138804 +0200,
0,0,0,0,0,0,0,,,,,,,,,#F989A2,349.30711483955383,None,space,None,None,329.7247886657715,text_01,40,4,Reading_Baseline_main_click,None,in,53,0,53,60,60,,,,,,,,,,,25,01,yes,no,no,2025-08-21_10h55.23.375,EXNAT_4_TMS_Psychopy2024.2.5.psyexp,2024.2.5,2025-08-21 10h57.41.138804 +0200,
0,0,0,0,0,0,0,,,,,,,,,#D292F3,349.6760802268982,None,space,None,None,392.90547370910645,text_01,41,4,Reading_Baseline_main_click,None,flachen,53,0,53,60,60,,,,,,,,,,,25,01,yes,no,no,2025-08-21_10h55.23.375,EXNAT_4_TMS_Psychopy2024.2.5.psyexp,2024.2.5,2025-08-21 10h57.41.138804 +0200,
0,0,0,0,0,0,0,,,,,,,,,#88BA3F,350.1103494167328,None,space,None,None,390.2876377105713,text_01,42,4,Reading_Baseline_main_click,None,Gewässern,53,0,53,60,60,,,,,,,,,,,25,01,yes,no,no,2025-08-21_10h55.23.375,EXNAT_4_TMS_Psychopy2024.2.5.psyexp,2024.2.5,2025-08-21 10h57.41.138804 +0200,
0,0,0,0,0,0,0,,,,,,,,,#F989A2,350.53887939453125,None,space,None,None,442.0185089111328,text_01,43,4,Reading_Baseline_main_click,None,sehr,54,0,54,60,60,350.9072861671448,,,,,,,,,,25,01,yes,no,no,2025-08-21_10h55.23.375,EXNAT_4_TMS_Psychopy2024.2.5.psyexp,2024.2.5,2025-08-21 10h57.41.138804 +0200,
0,0,0,0,0,0,0,,,,,,,,,#2AB7EF,351.02008724212646,None,space,None,None,440.7951831817627,text_01,44,4,Reading_Baseline_main_click,None,zum,54,0,54,60,60,,,,,,,,,,,25,01,yes,no,no,2025-08-21_10h55.23.375,EXNAT_4_TMS_Psychopy2024.2.5.psyexp,2024.2.5,2025-08-21 10h57.41.138804 +0200,
0,0,0,0,0,0,0,,,,,,,,,#F989A2,351.5018172264099,None,space,None,None,359.0519428253174,text_01,45,4,Reading_Baseline_main_click,None,Ärger,54,0,54,60,60,,,,,,,,,,,25,01,yes,no,no,2025-08-21_10h55.23.375,EXNAT_4_TMS_Psychopy2024.2.5.psyexp,2024.2.5,2025-08-21 10h57.41.138804 +0200,
0,0,0,0,0,0,0,,,,,,,,,#D292F3,351.9004473686218,None,space,None,None,376.5125274658203,text_01,46,4,Reading_Baseline_main_click,None,der,54,0,54,60,60,,,,,,,,,,,25,01,yes,no,no,2025-08-21_10h55.23.375,EXNAT_4_TMS_Psychopy2024.2.5.psyexp,2024.2.5,2025-08-21 10h57.41.138804 +0200,
0,0,0,0,0,0,0,,,,,,,,,#88BA3F,352.31544828414917,None,space,None,None,425.4469871520996,text_01,47,4,Reading_Baseline_main_click,None,Fischer.,54,0,54,60,60,,,,,,,,,,,25,01,yes,no,no,2025-08-21_10h55.23.375,EXNAT_4_TMS_Psychopy2024.2.5.psyexp,2024.2.5,2025-08-21 10h57.41.138804 +0200,
0,0,0,0,0,0,0,,,,,,,,,#D292F3,352.7785565853119,None,space,None,None,362.2019290924072,text_01,48,4,Reading_Baseline_main_click,None,Die,54,0,54,60,60,,,,,,,,,,,25,01,yes,no,no,2025-08-21_10h55.23.375,EXNAT_4_TMS_Psychopy2024.2.5.psyexp,2024.2.5,2025-08-21 10h57.41.138804 +0200,
0,0,0,0,0,0,0,,,,,,,,,#D292F3,353.18151664733887,None,space,None,None,407.31000900268555,text_01,49,4,Reading_Baseline_main_click,None,Kalmare,54,0,54,60,60,,,,,,,,,,,25,01,yes,no,no,2025-08-21_10h55.23.375,EXNAT_4_TMS_Psychopy2024.2.5.psyexp,2024.2.5,2025-08-21 10h57.41.138804 +0200,
0,0,0,0,0,0,0,,,,,,,,,#2AB7EF,353.6291615962982,None,space,None,None,391.5534019470215,text_01,50,4,Reading_Baseline_main_click,None,fressen,54,0,54,60,60,,,,,,,,,,,25,01,yes,no,no,2025-08-21_10h55.23.375,EXNAT_4_TMS_Psychopy2024.2.5.psyexp,2024.2.5,2025-08-21 10h57.41.138804 +0200,
0,0,0,0,0,0,0,,,,,,,,,#F989A2,354.05876636505127,None,space,None,None,394.0279483795166,text_01,51,4,Reading_Baseline_main_click,None,große,54,0,54,60,60,,,,,,,,,,,25,01,yes,no,no,2025-08-21_10h55.23.375,EXNAT_4_TMS_Psychopy2024.2.5.psyexp,2024.2.5,2025-08-21 10h57.41.138804 +0200,
0,0,0,0,0,0,0,,,,,,,,,#D292F3,354.49144315719604,None,space,None,None,409.3818664550781,text_01,52,4,Reading_Baseline_main_click,None,Mengen,54,0,54,60,60,,,,,,,,,,,25,01,yes,no,no,2025-08-21_10h55.23.375,EXNAT_4_TMS_Psychopy2024.2.5.psyexp,2024.2.5,2025-08-21 10h57.41.138804 +0200,
0,0,0,0,0,0,0,,,,,,,,,#F989A2,354.9399495124817,None,space,None,None,408.83851051330566,text_01,53,4,Reading_Baseline_main_click,None,an,54,0,54,60,60,,,,,,,,,,,25,01,yes,no,no,2025-08-21_10h55.23.375,EXNAT_4_TMS_Psychopy2024.2.5.psyexp,2024.2.5,2025-08-21 10h57.41.138804 +0200,
0,0,0,0,0,0,0,,,,,,,,,#2AB7EF,355.38734769821167,None,space,None,None,377.5060176849365,text_01,54,4,Reading_Baseline_main_click,None,Sardinen,54,0,54,60,60,,,,,,,,,,,25,01,yes,no,no,2025-08-21_10h55.23.375,EXNAT_4_TMS_Psychopy2024.2.5.psyexp,2024.2.5,2025-08-21 10h57.41.138804 +0200,
0,0,0,0,0,0,0,,,,,,,,,#88BA3F,355.8052020072937,None,space,None,None,423.48694801330566,text_01,55,4,Reading_Baseline_main_click,None,Sardellen,55,0,55,60,60,355.90741753578186,,,,,,,,,,25,01,yes,no,no,2025-08-21_10h55.23.375,EXNAT_4_TMS_Psychopy2024.2.5.psyexp,2024.2.5,2025-08-21 10h57.41.138804 +0200,
0,0,0,0,0,0,0,,,,,,,,,#88BA3F,356.2655608654022,None,space,None,None,427.248477935791,text_01,56,4,Reading_Baseline_main_click,None,und,55,0,55,60,60,,,,,,,,,,,25,01,yes,no,no,2025-08-21_10h55.23.375,EXNAT_4_TMS_Psychopy2024.2.5.psyexp,2024.2.5,2025-08-21 10h57.41.138804 +0200,
0,0,0,0,0,0,0,,,,,,,,,#D292F3,356.7306067943573,None,space,None,None,426.1777400970459,text_01,57,4,Reading_Baseline_main_click,None,Hechten.,55,0,55,60,60,,,,,,,,,,,25,01,yes,no,no,2025-08-21_10h55.23.375,EXNAT_4_TMS_Psychopy2024.2.5.psyexp,2024.2.5,2025-08-21 10h57.41.138804 +0200,
0,0,0,0,0,0,0,,,,,,,,,#88BA3F,357.197359085083,None,space,None,None,375.4394054412842,text_01,58,4,Reading_Baseline_main_click,None,Der,55,0,55,60,60,,,,,,,,,,,25,01,yes,no,no,2025-08-21_10h55.23.375,EXNAT_4_TMS_Psychopy2024.2.5.psyexp,2024.2.5,2025-08-21 10h57.41.138804 +0200,
0,0,0,0,0,0,0,,,,,,,,,#2AB7EF,357.61132740974426,None,space,None,None,393.4597969055176,text_01,59,4,Reading_Baseline_main_click,None,Grund,55,0,55,60,60,,,,,,,,,,,25,01,yes,no,no,2025-08-21_10h55.23.375,EXNAT_4_TMS_Psychopy2024.2.5.psyexp,2024.2.5,2025-08-21 10h57.41.138804 +0200,
0,0,0,0,0,0,0,,,,,,,,,#F989A2,358.0443115234375,None,space,None,None,312.55221366882324,text_01,60,4,Reading_Baseline_main_click,None,für,55,0,55,60,60,,,,,,,,,,,25,01,yes,no,no,2025-08-21_10h55.23.375,EXNAT_4_TMS_Psychopy2024.2.5.psyexp,2024.2.5,2025-08-21 10h57.41.138804 +0200,
0,0,0,0,0,0,0,,,,,,,,,#2AB7EF,358.3953206539154,None,space,None,None,329.4951915740967,text_01,61,4,Reading_Baseline_main_click,None,ihr,55,0,55,60,60,,,,,,,,,,,25,01,yes,no,no,2025-08-21_10h55.23.375,EXNAT_4_TMS_Psychopy2024.2.5.psyexp,2024.2.5,2025-08-21 10h57.41.138804 +0200,
0,0,0,0,0,0,0,,,,,,,,,#D292F3,358.76559567451477,None,space,None,None,327.2581100463867,text_01,62,4,Reading_Baseline_main_click,None,plötzliches,55,0,55,60,60,,,,,,,,,,,25,01,yes,no,no,2025-08-21_10h55.23.375,EXNAT_4_TMS_Psychopy2024.2.5.psyexp,2024.2.5,2025-08-21 10h57.41.138804 +0200,
0,0,0,0,0,0,0,,,,,,,,,#F989A2,359.1328492164612,None,space,None,None,375.9884834289551,text_01,63,4,Reading_Baseline_main_click,None,Auftreten:,55,0,55,60,60,,,,,,,,,,,25,01,yes,no,no,2025-08-21_10h55.23.375,EXNAT_4_TMS_Psychopy2024.2.5.psyexp,2024.2.5,2025-08-21 10h57.41.138804 +0200,
0,0,0,0,0,0,0,,,,,,,,,#F989A2,359.5491840839386,None,space,None,None,407.6218605041504,text_01,64,4,Reading_Baseline_main_click,None,Das,55,0,55,60,60,,,,,,,,,,,25,01,yes,no,no,2025-08-21_10h55.23.375,EXNAT_4_TMS_Psychopy2024.2.5.psyexp,2024.2.5,2025-08-21 10h57.41.138804 +0200,
0,0,0,0,0,0,0,,,,,,,,,#D292F3,359.99464178085327,None,space,None,None,410.19535064697266,text_01,65,4,Reading_Baseline_main_click,None,Meer,55,0,55,60,60,,,,,,,,,,,25,01,yes,no,no,2025-08-21_10h55.23.375,EXNAT_4_TMS_Psychopy2024.2.5.psyexp,2024.2.5,2025-08-21 10h57.41.138804 +0200,
0,0,0,0,0,0,0,,,,,,,,,#2AB7EF,360.4440929889679,None,space,None,None,328.79137992858887,text_01,66,4,Reading_Baseline_main_click,None,war,55,0,55,60,60,,,,,,,,,,,25,01,yes,no,no,2025-08-21_10h55.23.375,EXNAT_4_TMS_Psychopy2024.2.5.psyexp,2024.2.5,2025-08-21 10h57.41.138804 +0200,
0,0,0,0,0,0,0,,,,,,,,,#88BA3F,360.8123710155487,None,space,None,None,376.41358375549316,text_01,67,4,Reading_Baseline_main_click,None,im,56,0,56,60,60,360.90746307373047,,,,,,,,,,25,01,yes,no,no,2025-08-21_10h55.23.375,EXNAT_4_TMS_Psychopy2024.2.5.psyexp,2024.2.5,2025-08-21 10h57.41.138804 +0200,
0,0,0,0,0,0,0,,,,,,,,,#D292F3,361.2273120880127,None,space,None,None,313.60912322998047,text_01,68,4,Reading_Baseline_main_click,None,Februar,56,0,56,60,60,,,,,,,,,,,25,01,yes,no,no,2025-08-21_10h55.23.375,EXNAT_4_TMS_Psychopy2024.2.5.psyexp,2024.2.5,2025-08-21 10h57.41.138804 +0200,
0,0,0,0,0,0,0,,,,,,,,,#88BA3F,361.58111548423767,None,space,None,None,359.7738742828369,text_01,69,4,Reading_Baseline_main_click,None,ungewöhnlich,56,0,56,60,60,,,,,,,,,,,25,01,yes,no,no,2025-08-21_10h55.23.375,EXNAT_4_TMS_Psychopy2024.2.5.psyexp,2024.2.5,2025-08-21 10h57.41.138804 +0200,
0,0,0,0,0,0,0,,,,,,,,,#F989A2,361.9813349246979,None,space,None,None,343.46961975097656,text_01,70,4,Reading_Baseline_main_click,None,"warm,",56,0,56,60,60,,,,,,,,,,,25,01,yes,no,no,2025-08-21_10h55.23.375,EXNAT_4_TMS_Psychopy2024.2.5.psyexp,2024.2.5,2025-08-21 10h57.41.138804 +0200,
0,0,0,0,0,0,0,,,,,,,,,#88BA3F,362.3630864620209,None,space,None,None,377.697229385376,text_01,71,4,Reading_Baseline_main_click,None,weshalb,56,0,56,60,60,,,,,,,,,,,25,01,yes,no,no,2025-08-21_10h55.23.375,EXNAT_4_TMS_Psychopy2024.2.5.psyexp,2024.2.5,2025-08-21 10h57.41.138804 +0200,
0,0,0,0,0,0,0,,,,,,,,,#2AB7EF,362.78244853019714,None,space,None,None,358.3106994628906,text_01,72,4,Reading_Baseline_main_click,None,sich,56,0,56,60,60,,,,,,,,,,,25,01,yes,no,no,2025-08-21_10h55.23.375,EXNAT_4_TMS_Psychopy2024.2.5.psyexp,2024.2.5,2025-08-21 10h57.41.138804 +0200,
0,0,0,0,0,0,0,,,,,,,,,#2AB7EF,363.1799075603485,None,space,None,None,328.902006149292,text_01,73,4,Reading_Baseline_main_click,None,viele,56,0,56,60,60,,,,,,,,,,,25,01,yes,no,no,2025-08-21_10h55.23.375,EXNAT_4_TMS_Psychopy2024.2.5.psyexp,2024.2.5,2025-08-21 10h57.41.138804 +0200,
0,0,0,0,0,0,0,,,,,,,,,#D292F3,363.54852414131165,None,space,None,None,360.36014556884766,text_01,74,4,Reading_Baseline_main_click,None,kleine,56,0,56,60,60,,,,,,,,,,,25,01,yes,no,no,2025-08-21_10h55.23.375,EXNAT_4_TMS_Psychopy2024.2.5.psyexp,2024.2.5,2025-08-21 10h57.41.138804 +0200,
0,0,0,0,0,0,0,,,,,,,,,#88BA3F,363.9507339000702,None,space,None,None,422.0471382141113,text_01,75,4,Reading_Baseline_main_click,None,Beutefische,56,0,56,60,60,,,,,,,,,,,25,01,yes,no,no,2025-08-21_10h55.23.375,EXNAT_4_TMS_Psychopy2024.2.5.psyexp,2024.2.5,2025-08-21 10h57.41.138804 +0200,
0,0,0,0,0,0,0,,,,,,,,,#D292F3,364.41218757629395,None,space,None,None,376.62220001220703,text_01,76,4,Reading_Baseline_main_click,None,nahe,56,0,56,60,60,,,,,,,,,,,25,01,yes,no,no,2025-08-21_10h55.23.375,EXNAT_4_TMS_Psychopy2024.2.5.psyexp,2024.2.5,2025-08-21 10h57.41.138804 +0200,
0,0,0,0,0,0,0,,,,,,,,,#F989A2,364.8290205001831,None,space,None,None,375.7977485656738,text_01,77,4,Reading_Baseline_main_click,None,der,56,0,56,60,60,,,,,,,,,,,25,01,yes,no,no,2025-08-21_10h55.23.375,EXNAT_4_TMS_Psychopy2024.2.5.psyexp,2024.2.5,2025-08-21 10h57.41.138804 +0200,
0,0,0,0,0,0,0,,,,,,,,,#F989A2,365.2437994480133,None,space,None,None,392.9939270019531,text_01,78,4,Reading_Baseline_main_click,None,Küste,56,0,56,60,60,,,,,,,,,,,25,01,yes,no,no,2025-08-21_10h55.23.375,EXNAT_4_TMS_Psychopy2024.2.5.psyexp,2024.2.5,2025-08-21 10h57.41.138804 +0200,
0,0,0,0,0,0,0,,,,,,,,,#F989A2,365.6769530773163,None,space,None,None,343.8751697540283,text_01,79,4,Reading_Baseline_main_click,None,sammelten.,57,0,57,60,60,365.9074046611786,,,,,,,,,,25,01,yes,no,no,2025-08-21_10h55.23.375,EXNAT_4_TMS_Psychopy2024.2.5.psyexp,2024.2.5,2025-08-21 10h57.41.138804 +0200,
0,0,0,0,0,0,0,,,,,,,,,#88BA3F,366.06058406829834,None,space,None,None,344.21396255493164,text_01,80,4,Reading_Baseline_main_click,None,Die,57,0,57,60,60,,,,,,,,,,,25,01,yes,no,no,2025-08-21_10h55.23.375,EXNAT_4_TMS_Psychopy2024.2.5.psyexp,2024.2.5,2025-08-21 10h57.41.138804 +0200,
0,0,0,0,0,0,0,,,,,,,,,#2AB7EF,366.44524240493774,None,space,None,None,375.6601810455322,text_01,81,4,Reading_Baseline_main_click,None,Kalmare,57,0,57,60,60,,,,,,,,,,,25,01,yes,no,no,2025-08-21_10h55.23.375,EXNAT_4_TMS_Psychopy2024.2.5.psyexp,2024.2.5,2025-08-21 10h57.41.138804 +0200,
0,0,0,0,0,0,0,,,,,,,,,#2AB7EF,366.8606126308441,None,space,None,None,360.23640632629395,text_01,82,4,Reading_Baseline_main_click,None,wurden,57,0,57,60,60,,,,,,,,,,,25,01,yes,no,no,2025-08-21_10h55.23.375,EXNAT_4_TMS_Psychopy2024.2.5.psyexp,2024.2.5,2025-08-21 10h57.41.138804 +0200,
0,0,0,0,0,0,0,,,,,,,,,#88BA3F,367.26257967948914,None,space,None,None,342.257022857666,text_01,83,4,Reading_Baseline_main_click,None,davon,57,0,57,60,60,,,,,,,,,,,25,01,yes,no,no,2025-08-21_10h55.23.375,EXNAT_4_TMS_Psychopy2024.2.5.psyexp,2024.2.5,2025-08-21 10h57.41.138804 +0200,
0,0,0,0,0,0,0,,,,,,,,,#D292F3,367.6431477069855,None,space,None,None,361.6359233856201,text_01,84,4,Reading_Baseline_main_click,None,angelockt.,57,0,57,60,60,,,,,,,,,,,25,01,yes,no,no,2025-08-21_10h55.23.375,EXNAT_4_TMS_Psychopy2024.2.5.psyexp,2024.2.5,2025-08-21 10h57.41.138804 +0200,
0,0,0,0,0,0,0,,,,,,,,,#F989A2,368.04584527015686,None,space,None,None,358.9942455291748,text_01,85,4,Reading_Baseline_main_click,None,Für,57,0,57,60,60,,,,,,,,,,,25,01,yes,no,no,2025-08-21_10h55.23.375,EXNAT_4_TMS_Psychopy2024.2.5.psyexp,2024.2.5,2025-08-21 10h57.41.138804 +0200,
0,0,0,0,0,0,0,,,,,,,,,#D292F3,368.4448010921478,None,space,None,None,376.0817050933838,text_01,86,4,Reading_Baseline_main_click,None,Meeresbiologen,57,0,57,60,60,,,,,,,,,,,25,01,yes,no,no,2025-08-21_10h55.23.375,EXNAT_4_TMS_Psychopy2024.2.5.psyexp,2024.2.5,2025-08-21 10h57.41.138804 +0200,
0,0,0,0,0,0,0,,,,,,,,,#2AB7EF,368.86112809181213,None,space,None,None,423.5684871673584,text_01,87,4,Reading_Baseline_main_click,None,ist,57,0,57,60,60,,,,,,,,,,,25,01,yes,no,no,2025-08-21_10h55.23.375,EXNAT_4_TMS_Psychopy2024.2.5.psyexp,2024.2.5,2025-08-21 10h57.41.138804 +0200,
0,0,0,0,0,0,0,,,,,,,,,#88BA3F,369.32365107536316,None,space,None,None,345.2262878417969,text_01,88,4,Reading_Baseline_main_click,None,das,57,0,57,60,60,,,,,,,,,,,25,01,yes,no,no,2025-08-21_10h55.23.375,EXNAT_4_TMS_Psychopy2024.2.5.psyexp,2024.2.5,2025-08-21 10h57.41.138804 +0200,
0,0,0,0,0,0,0,,,,,,,,,#D292F3,369.70948100090027,None,space,None,None,343.31226348876953,text_01,89,4,Reading_Baseline_main_click,None,eine,57,0,57,60,60,,,,,,,,,,,25,01,yes,no,no,2025-08-21_10h55.23.375,EXNAT_4_TMS_Psychopy2024.2.5.psyexp,2024.2.5,2025-08-21 10h57.41.138804 +0200,
0,0,0,0,0,0,0,,,,,,,,,#2AB7EF,370.0933599472046,None,space,None,None,391.4334774017334,text_01,90,4,Reading_Baseline_main_click,None,seltene,57,0,57,60,60,,,,,,,,,,,25,01,yes,no,no,2025-08-21_10h55.23.375,EXNAT_4_TMS_Psychopy2024.2.5.psyexp,2024.2.5,2025-08-21 10h57.41.138804 +0200,
0,0,0,0,0,0,0,,,,,,,,,#F989A2,370.52623558044434,None,space,None,None,390.58899879455566,text_01,91,4,Reading_Baseline_main_click,None,Gelegenheit,58,0,58,60,60,370.90740513801575,,,,,,,,,,25,01,yes,no,no,2025-08-21_10h55.23.375,EXNAT_4_TMS_Psychopy2024.2.5.psyexp,2024.2.5,2025-08-21 10h57.41.138804 +0200,
0,0,0,0,0,0,0,,,,,,,,,#D292F3,370.9552857875824,None,space,None,None,361.5565299987793,text_01,92,4,Reading_Baseline_main_click,None,diese,58,0,58,60,60,,,,,,,,,,,25,01,yes,no,no,2025-08-21_10h55.23.375,EXNAT_4_TMS_Psychopy2024.2.5.psyexp,2024.2.5,2025-08-21 10h57.41.138804 +0200,
0,0,0,0,0,0,0,,,,,,,,,#D292F3,371.354407787323,None,space,None,None,346.24433517456055,text_01,93,4,Reading_Baseline_main_click,None,Tiere,58,0,58,60,60,,,,,,,,,,,25,01,yes,no,no,2025-08-21_10h55.23.375,EXNAT_4_TMS_Psychopy2024.2.5.psyexp,2024.2.5,2025-08-21 10h57.41.138804 +0200,
0,0,0,0,0,0,0,,,,,,,,,#88BA3F,371.73897528648376,None,space,None,None,361.832857131958,text_01,94,4,Reading_Baseline_main_click,None,aus,58,0,58,60,60,,,,,,,,,,,25,01,yes,no,no,2025-08-21_10h55.23.375,EXNAT_4_TMS_Psychopy2024.2.5.psyexp,2024.2.5,2025-08-21 10h57.41.138804 +0200,
0,0,0,0,0,0,0,,,,,,,,,#F989A2,372.1399145126343,None,space,None,None,376.863956451416,text_01,95,4,Reading_Baseline_main_click,None,der,58,0,58,60,60,,,,,,,,,,,25,01,yes,no,no,2025-08-21_10h55.23.375,EXNAT_4_TMS_Psychopy2024.2.5.psyexp,2024.2.5,2025-08-21 10h57.41.138804 +0200,
0,0,0,0,0,0,0,,,,,,,,,#2AB7EF,372.55553221702576,None,space,None,None,361.27233505249023,text_01,96,4,Reading_Baseline_main_click,None,Nähe,58,0,58,60,60,,,,,,,,,,,25,01,yes,no,no,2025-08-21_10h55.23.375,EXNAT_4_TMS_Psychopy2024.2.5.psyexp,2024.2.5,2025-08-21 10h57.41.138804 +0200,
0,0,0,0,0,0,0,,,,,,,,,#2AB7EF,372.9542963504791,None,space,None,None,602.5416851043701,text_01,97,4,Reading_Baseline_main_click,None,zu,58,0,58,60,60,,,,,,,,,,,25,01,yes,no,no,2025-08-21_10h55.23.375,EXNAT_4_TMS_Psychopy2024.2.5.psyexp,2024.2.5,2025-08-21 10h57.41.138804 +0200,
0,0,0,0,0,0,0,,,,,,,,,#88BA3F,373.59677171707153,None,space,None,None,328.02891731262207,text_01,98,4,Reading_Baseline_main_click,None,beobachten.,58,0,58,60,60,,,,,,,,,,,25,01,yes,no,no,2025-08-21_10h55.23.375,EXNAT_4_TMS_Psychopy2024.2.5.psyexp,2024.2.5,2025-08-21 10h57.41.138804 +0200,
0,0,0,0,0,0,0,,,,,,,,,#F989A2,373.96458864212036,None,space,None,None,424.23200607299805,text_01,99,4,Reading_Baseline_main_click,None,Denn,58,0,58,60,60,,,,,,,,,,,25,01,yes,no,no,2025-08-21_10h55.23.375,EXNAT_4_TMS_Psychopy2024.2.5.psyexp,2024.2.5,2025-08-21 10h57.41.138804 +0200,
0,0,0,0,0,0,0,,,,,,,,,#D292F3,374.42720246315,None,space,None,None,329.67591285705566,text_01,100,4,Reading_Baseline_main_click,None,große,58,0,58,60,60,,,,,,,,,,,25,01,yes,no,no,2025-08-21_10h55.23.375,EXNAT_4_TMS_Psychopy2024.2.5.psyexp,2024.2.5,2025-08-21 10h57.41.138804 +0200,
0,0,0,0,0,0,0,,,,,,,,,#88BA3F,374.796835899353,None,space,None,None,360.0575923919678,text_01,101,4,Reading_Baseline_main_click,None,Kalmare,58,0,58,60,60,,,,,,,,,,,25,01,yes,no,no,2025-08-21_10h55.23.375,EXNAT_4_TMS_Psychopy2024.2.5.psyexp,2024.2.5,2025-08-21 10h57.41.138804 +0200,
0,0,0,0,0,0,0,,,,,,,,,#2AB7EF,375.19666934013367,None,space,None,None,376.2083053588867,text_01,102,4,Reading_Baseline_main_click,None,lassen,58,0,58,60,60,,,,,,,,,,,25,01,yes,no,no,2025-08-21_10h55.23.375,EXNAT_4_TMS_Psychopy2024.2.5.psyexp,2024.2.5,2025-08-21 10h57.41.138804 +0200,
0,0,0,0,0,0,0,,,,,,,,,#F989A2,375.6126911640167,None,space,None,None,376.1858940124512,text_01,103,4,Reading_Baseline_main_click,None,sich,59,0,59,60,60,375.9075653553009,,,,,,,,,,25,01,yes,no,no,2025-08-21_10h55.23.375,EXNAT_4_TMS_Psychopy2024.2.5.psyexp,2024.2.5,2025-08-21 10h57.41.138804 +0200,
0,0,0,0,0,0,0,,,,,,,,,#F989A2,376.02728605270386,None,space,None,None,329.53596115112305,text_01,104,4,Reading_Baseline_main_click,None,nur,59,0,59,60,60,,,,,,,,,,,25,01,yes,no,no,2025-08-21_10h55.23.375,EXNAT_4_TMS_Psychopy2024.2.5.psyexp,2024.2.5,2025-08-21 10h57.41.138804 +0200,
0,0,0,0,0,0,0,,,,,,,,,#D292F3,376.3964924812317,None,space,None,None,408.31637382507324,text_01,105,4,Reading_Baseline_main_click,None,schwer,59,0,59,60,60,,,,,,,,,,,25,01,yes,no,no,2025-08-21_10h55.23.375,EXNAT_4_TMS_Psychopy2024.2.5.psyexp,2024.2.5,2025-08-21 10h57.41.138804 +0200,
0,0,0,0,0,0,0,,,,,,,,,#2AB7EF,376.84636878967285,None,space,None,None,438.40599060058594,text_01,106,4,Reading_Baseline_main_click,None,filmen.,59,0,59,60,60,,,,,,,,,,,25,01,yes,no,no,2025-08-21_10h55.23.375,EXNAT_4_TMS_Psychopy2024.2.5.psyexp,2024.2.5,2025-08-21 10h57.41.138804 +0200,
0,0,0,0,0,0,0,,,,,,,,,#88BA3F,377.3255932331085,None,space,None,None,439.3131732940674,text_01,107,4,Reading_Baseline_main_click,None,Ein,59,0,59,60,60,,,,,,,,,,,25,01,yes,no,no,2025-08-21_10h55.23.375,EXNAT_4_TMS_Psychopy2024.2.5.psyexp,2024.2.5,2025-08-21 10h57.41.138804 +0200,
0,0,0,0,0,0,0,,,,,,,,,#D292F3,377.8049941062927,None,space,None,None,311.7976188659668,text_01,108,4,Reading_Baseline_main_click,None,Biologe,59,0,59,60,60,,,,,,,,,,,25,01,yes,no,no,2025-08-21_10h55.23.375,EXNAT_4_TMS_Psychopy2024.2.5.psyexp,2024.2.5,2025-08-21 10h57.41.138804 +0200,
0,0,0,0,0,0,0,,,,,,,,,#2AB7EF,378.1553385257721,None,space,None,None,345.46947479248047,text_01,109,4,Reading_Baseline_main_click,None,aus,59,0,59,60,60,,,,,,,,,,,25,01,yes,no,no,2025-08-21_10h55.23.375,EXNAT_4_TMS_Psychopy2024.2.5.psyexp,2024.2.5,2025-08-21 10h57.41.138804 +0200,
0,0,0,0,0,0,0,,,,,,,,,#F989A2,378.54008173942566,None,space,None,None,328.72509956359863,text_01,110,4,Reading_Baseline_main_click,None,Neuseeland,59,0,59,60,60,,,,,,,,,,,25,01,yes,no,no,2025-08-21_10h55.23.375,EXNAT_4_TMS_Psychopy2024.2.5.psyexp,2024.2.5,2025-08-21 10h57.41.138804 +0200,
0,0,0,0,0,0,0,,,,,,,,,#2AB7EF,378.907475233078,None,space,None,None,361.41180992126465,text_01,111,4,Reading_Baseline_main_click,None,will,59,0,59,60,60,,,,,,,,,,,25,01,yes,no,no,2025-08-21_10h55.23.375,EXNAT_4_TMS_Psychopy2024.2.5.psyexp,2024.2.5,2025-08-21 10h57.41.138804 +0200,
0,0,0,0,0,0,0,,,,,,,,,#F989A2,379.3077096939087,None,space,None,None,361.10568046569824,text_01,112,4,Reading_Baseline_main_click,None,versuchen,59,0,59,60,60,,,,,,,,,,,25,01,yes,no,no,2025-08-21_10h55.23.375,EXNAT_4_TMS_Psychopy2024.2.5.psyexp,2024.2.5,2025-08-21 10h57.41.138804 +0200,
0,0,0,0,0,0,0,,,,,,,,,#F989A2,379.7054283618927,None,space,None,None,331.3941955566406,text_01,113,4,Reading_Baseline_main_click,None,sie,59,0,59,60,60,,,,,,,,,,,25,01,yes,no,no,2025-08-21_10h55.23.375,EXNAT_4_TMS_Psychopy2024.2.5.psyexp,2024.2.5,2025-08-21 10h57.41.138804 +0200,
0,0,0,0,0,0,0,,,,,,,,,#2AB7EF,380.0753984451294,None,space,None,None,377.50792503356934,text_01,114,4,Reading_Baseline_main_click,None,mit,59,0,59,60,60,,,,,,,,,,,25,01,yes,no,no,2025-08-21_10h55.23.375,EXNAT_4_TMS_Psychopy2024.2.5.psyexp,2024.2.5,2025-08-21 10h57.41.138804 +0200,
0,0,0,0,0,0,0,,,,,,,,,#2AB7EF,380.49495577812195,None,space,None,None,453.8085460662842,text_01,115,4,Reading_Baseline_main_click,None,Sexualhormonen,60,0,60,60,inf,380.9074320793152,,,,,,,,,,25,01,yes,no,no,2025-08-21_10h55.23.375,EXNAT_4_TMS_Psychopy2024.2.5.psyexp,2024.2.5,2025-08-21 10h57.41.138804 +0200,
0,0,0,0,0,0,0,,,,,,,,,#88BA3F,380.9884159564972,None,space,None,None,536.4062786102295,text_01,116,4,Reading_Baseline_main_click,None,vor,60,0,60,60,inf,,,,,,,,,,,25,01,yes,no,no,2025-08-21_10h55.23.375,EXNAT_4_TMS_Psychopy2024.2.5.psyexp,2024.2.5,2025-08-21 10h57.41.138804 +0200,
0,0,0,0,0,0,0,,,,,,,,,#D292F3,381.5647156238556,None,space,None,None,280.1520824432373,text_01,117,4,Reading_Baseline_main_click,None,die,60,0,60,60,inf,,,,,,,,,,,25,01,yes,no,no,2025-08-21_10h55.23.375,EXNAT_4_TMS_Psychopy2024.2.5.psyexp,2024.2.5,2025-08-21 10h57.41.138804 +0200,
0,0,0,0,0,0,0,,,,,,,,,#88BA3F,381.88463973999023,None,space,None,None,408.2446098327637,text_01,118,4,Reading_Baseline_main_click,None,Kamera,60,0,60,60,inf,,,,,,,,,,,25,01,yes,no,no,2025-08-21_10h55.23.375,EXNAT_4_TMS_Psychopy2024.2.5.psyexp,2024.2.5,2025-08-21 10h57.41.138804 +0200,
0,0,0,0,0,0,0,,,,,,,,,#F989A2,382.3329248428345,None,space,None,None,327.9705047607422,text_01,119,4,Reading_Baseline_main_click,None,zu,60,0,60,60,inf,,,,,,,,,,,25,01,yes,no,no,2025-08-21_10h55.23.375,EXNAT_4_TMS_Psychopy2024.2.5.psyexp,2024.2.5,2025-08-21 10h57.41.138804 +0200,
0,0,0,0,0,0,0,,,,,,,,,#88BA3F,382.6999001502991,None,space,None,None,328.9806842803955,text_01,120,4,Reading_Baseline_main_click,None,locken.,60,0,60,60,inf,,,,,,,,,,,25,01,yes,no,no,2025-08-21_10h55.23.375,EXNAT_4_TMS_Psychopy2024.2.5.psyexp,2024.2.5,2025-08-21 10h57.41.138804 +0200,
0,0,0,0,0,0,0,,,,,,,,,#F989A2,383.0683181285858,None,space,None,None,376.570463180542,text_01,121,4,Reading_Baseline_main_click,None,Der,60,0,60,60,inf,,,,,,,,,,,25,01,yes,no,no,2025-08-21_10h55.23.375,EXNAT_4_TMS_Psychopy2024.2.5.psyexp,2024.2.5,2025-08-21 10h57.41.138804 +0200,
0,0,0,0,0,0,0,,,,,,,,,#F989A2,383.4843051433563,None,space,None,None,440.51432609558105,text_01,122,4,Reading_Baseline_main_click,None,Riesenkalmar,60,0,60,60,inf,,,,,,,,,,,25,01,yes,no,no,2025-08-21_10h55.23.375,EXNAT_4_TMS_Psychopy2024.2.5.psyexp,2024.2.5,2025-08-21 10h57.41.138804 +0200,
0,0,0,0,0,0,0,,,,,,,,,#D292F3,383.9649021625519,None,space,None,None,391.86882972717285,text_01,123,4,Reading_Baseline_main_click,None,gilt,60,0,60,60,inf,,,,,,,,,,,25,01,yes,no,no,2025-08-21_10h55.23.375,EXNAT_4_TMS_Psychopy2024.2.5.psyexp,2024.2.5,2025-08-21 10h57.41.138804 +0200,
0,0,0,0,0,0,0,,,,,,,,,#88BA3F,384.39775347709656,None,space,None,None,359.06457901000977,text_01,124,4,Reading_Baseline_main_click,None,als,60,0,60,60,inf,,,,,,,,,,,25,01,yes,no,no,2025-08-21_10h55.23.375,EXNAT_4_TMS_Psychopy2024.2.5.psyexp,2024.2.5,2025-08-21 10h57.41.138804 +0200,
0,0,0,0,0,0,0,,,,,,,,,#D292F3,384.79458928108215,None,space,None,None,346.19593620300293,text_01,125,4,Reading_Baseline_main_click,None,das,60,0,60,60,inf,,,,,,,,,,,25,01,yes,no,no,2025-08-21_10h55.23.375,EXNAT_4_TMS_Psychopy2024.2.5.psyexp,2024.2.5,2025-08-21 10h57.41.138804 +0200,
0,0,0,0,0,0,0,,,,,,,,,#88BA3F,385.1801197528839,None,space,None,None,392.75550842285156,text_01,126,4,Reading_Baseline_main_click,None,größte,60,0,60,60,inf,,,,,,,,,,,25,01,yes,no,no,2025-08-21_10h55.23.375,EXNAT_4_TMS_Psychopy2024.2.5.psyexp,2024.2.5,2025-08-21 10h57.41.138804 +0200,
0,0,0,0,0,0,0,,,,,,,,,#88BA3F,385.61353063583374,None,space,None,None,295.34387588500977,text_01,127,4,Reading_Baseline_main_click,None,wirbellose,61,0,61,60,inf,385.90745973587036,,,,,,,,,,25,01,yes,no,no,2025-08-21_10h55.23.375,EXNAT_4_TMS_Psychopy2024.2.5.psyexp,2024.2.5,2025-08-21 10h57.41.138804 +0200,
0,0,0,0,0,0,0,,,,,,,,,#2AB7EF,385.94977474212646,None,space,None,None,359.119176864624,text_01,128,4,Reading_Baseline_main_click,None,Tier,61,0,61,60,inf,,,,,,,,,,,25,01,yes,no,no,2025-08-21_10h55.23.375,EXNAT_4_TMS_Psychopy2024.2.5.psyexp,2024.2.5,2025-08-21 10h57.41.138804 +0200,
0,0,0,0,0,0,0,,,,,,,,,#2AB7EF,386.34807991981506,None,space,None,None,328.83358001708984,text_01,129,4,Reading_Baseline_main_click,None,der,61,0,61,60,inf,,,,,,,,,,,25,01,yes,no,no,2025-08-21_10h55.23.375,EXNAT_4_TMS_Psychopy2024.2.5.psyexp,2024.2.5,2025-08-21 10h57.41.138804 +0200,
0,0,0,0,0,0,0,,,,,,,,,#D292F3,386.7165775299072,None,space,None,None,376.33323669433594,text_01,130,4,Reading_Baseline_main_click,None,Welt.,61,0,61,60,inf,,,,,,,,,,,25,01,yes,no,no,2025-08-21_10h55.23.375,EXNAT_4_TMS_Psychopy2024.2.5.psyexp,2024.2.5,2025-08-21 10h57.41.138804 +0200,
0,0,0,0,0,0,0,,,,,,,,,#2AB7EF,387.13135027885437,None,space,None,None,361.50360107421875,text_01,131,4,Reading_Baseline_main_click,None,Er,61,0,61,60,inf,,,,,,,,,,,25,01,yes,no,no,2025-08-21_10h55.23.375,EXNAT_4_TMS_Psychopy2024.2.5.psyexp,2024.2.5,2025-08-21 10h57.41.138804 +0200,
0,0,0,0,0,0,0,,,,,,,,,#F989A2,387.5326147079468,None,space,None,None,360.22305488586426,text_01,132,4,Reading_Baseline_main_click,None,kann,61,0,61,60,inf,,,,,,,,,,,25,01,yes,no,no,2025-08-21_10h55.23.375,EXNAT_4_TMS_Psychopy2024.2.5.psyexp,2024.2.5,2025-08-21 10h57.41.138804 +0200,
0,0,0,0,0,0,0,,,,,,,,,#88BA3F,387.9316155910492,None,space,None,None,297.15681076049805,text_01,133,4,Reading_Baseline_main_click,None,bis,61,0,61,60,inf,,,,,,,,,,,25,01,yes,no,no,2025-08-21_10h55.23.375,EXNAT_4_TMS_Psychopy2024.2.5.psyexp,2024.2.5,2025-08-21 10h57.41.138804 +0200,
0,0,0,0,0,0,0,,,,,,,,,#88BA3F,388.268762588501,None,space,None,None,360.0497245788574,text_01,134,4,Reading_Baseline_main_click,None,zu,61,0,61,60,inf,,,,,,,,,,,25,01,yes,no,no,2025-08-21_10h55.23.375,EXNAT_4_TMS_Psychopy2024.2.5.psyexp,2024.2.5,2025-08-21 10h57.41.138804 +0200,
0,0,0,0,0,0,0,,,,,,,,,#D292F3,388.66662526130676,None,space,None,None,330.14893531799316,text_01,135,4,Reading_Baseline_main_click,None,20,61,0,61,60,inf,,,,,,,,,,,25,01,yes,no,no,2025-08-21_10h55.23.375,EXNAT_4_TMS_Psychopy2024.2.5.psyexp,2024.2.5,2025-08-21 10h57.41.138804 +0200,
0,0,0,0,0,0,0,,,,,,,,,#D292F3,389.0364170074463,None,space,None,None,376.45483016967773,text_01,136,4,Reading_Baseline_main_click,None,Meter,61,0,61,60,inf,,,,,,,,,,,25,01,yes,no,no,2025-08-21_10h55.23.375,EXNAT_4_TMS_Psychopy2024.2.5.psyexp,2024.2.5,2025-08-21 10h57.41.138804 +0200,
0,0,0,0,0,0,0,,,,,,,,,#88BA3F,389.45147490501404,None,space,None,None,313.28511238098145,text_01,137,4,Reading_Baseline_main_click,None,lang,61,0,61,60,inf,,,,,,,,,,,25,01,yes,no,no,2025-08-21_10h55.23.375,EXNAT_4_TMS_Psychopy2024.2.5.psyexp,2024.2.5,2025-08-21 10h57.41.138804 +0200,
0,0,0,0,0,0,0,,,,,,,,,#2AB7EF,389.80348348617554,None,space,None,None,377.43353843688965,text_01,138,4,Reading_Baseline_main_click,None,und,61,0,61,60,inf,,,,,,,,,,,25,01,yes,no,no,2025-08-21_10h55.23.375,EXNAT_4_TMS_Psychopy2024.2.5.psyexp,2024.2.5,2025-08-21 10h57.41.138804 +0200,
0,0,0,0,0,0,0,,,,,,,,,#2AB7EF,390.2208185195923,None,space,None,None,455.9929370880127,text_01,139,4,Reading_Baseline_main_click,None,500,61,0,61,60,inf,,,,,,,,,,,25,01,yes,no,no,2025-08-21_10h55.23.375,EXNAT_4_TMS_Psychopy2024.2.5.psyexp,2024.2.5,2025-08-21 10h57.41.138804 +0200,
0,0,0,0,0,0,0,,,,,,,,,#F989A2,390.71564531326294,None,space,None,None,345.13020515441895,text_01,140,4,Reading_Baseline_main_click,None,Kilogramm,62,0,62,60,inf,390.9074363708496,,,,,,,,,,25,01,yes,no,no,2025-08-21_10h55.23.375,EXNAT_4_TMS_Psychopy2024.2.5.psyexp,2024.2.5,2025-08-21 10h57.41.138804 +0200,
0,0,0,0,0,0,0,,,,,,,,,#D292F3,391.10046768188477,None,space,None,None,328.3517360687256,text_01,141,4,Reading_Baseline_main_click,None,schwer,62,0,62,60,inf,,,,,,,,,,,25,01,yes,no,no,2025-08-21_10h55.23.375,EXNAT_4_TMS_Psychopy2024.2.5.psyexp,2024.2.5,2025-08-21 10h57.41.138804 +0200,
0,0,0,0,0,0,0,,,,,,,,,#F989A2,391.4677908420563,None,space,None,None,393.0182456970215,text_01,142,4,Reading_Baseline_main_click,None,"werden,",62,0,62,60,inf,,,,,,,,,,,25,01,yes,no,no,2025-08-21_10h55.23.375,EXNAT_4_TMS_Psychopy2024.2.5.psyexp,2024.2.5,2025-08-21 10h57.41.138804 +0200,
0,0,0,0,0,0,0,,,,,,,,,#2AB7EF,391.90157437324524,None,space,None,None,343.3246612548828,text_01,143,4,Reading_Baseline_main_click,None,wurde,62,0,62,60,inf,,,,,,,,,,,25,01,yes,no,no,2025-08-21_10h55.23.375,EXNAT_4_TMS_Psychopy2024.2.5.psyexp,2024.2.5,2025-08-21 10h57.41.138804 +0200,
0,0,0,0,0,0,0,,,,,,,,,#F989A2,392.28517270088196,None,space,None,None,375.6594657897949,text_01,144,4,Reading_Baseline_main_click,None,jedoch,62,0,62,60,inf,,,,,,,,,,,25,01,yes,no,no,2025-08-21_10h55.23.375,EXNAT_4_TMS_Psychopy2024.2.5.psyexp,2024.2.5,2025-08-21 10h57.41.138804 +0200,
0,0,0,0,0,0,0,,,,,,,,,#2AB7EF,392.70098662376404,None,space,None,None,359.7700595855713,text_01,145,4,Reading_Baseline_main_click,None,noch,62,0,62,60,inf,,,,,,,,,,,25,01,yes,no,no,2025-08-21_10h55.23.375,EXNAT_4_TMS_Psychopy2024.2.5.psyexp,2024.2.5,2025-08-21 10h57.41.138804 +0200,
0,0,0,0,0,0,0,,,,,,,,,#D292F3,393.1001253128052,None,space,None,None,328.7467956542969,text_01,146,4,Reading_Baseline_main_click,None,nie,62,0,62,60,inf,,,,,,,,,,,25,01,yes,no,no,2025-08-21_10h55.23.375,EXNAT_4_TMS_Psychopy2024.2.5.psyexp,2024.2.5,2025-08-21 10h57.41.138804 +0200,
0,0,0,0,0,0,0,,,,,,,,,#D292F3,393.4663827419281,None,space,None,None,346.42982482910156,text_01,147,4,Reading_Baseline_main_click,None,in,62,0,62,60,inf,,,,,,,,,,,25,01,yes,no,no,2025-08-21_10h55.23.375,EXNAT_4_TMS_Psychopy2024.2.5.psyexp,2024.2.5,2025-08-21 10h57.41.138804 +0200,
0,0,0,0,0,0,0,,,,,,,,,#2AB7EF,393.8519513607025,None,space,None,None,312.9286766052246,text_01,148,4,Reading_Baseline_main_click,None,freier,62,0,62,60,inf,,,,,,,,,,,25,01,yes,no,no,2025-08-21_10h55.23.375,EXNAT_4_TMS_Psychopy2024.2.5.psyexp,2024.2.5,2025-08-21 10h57.41.138804 +0200,
0,0,0,0,0,0,0,,,,,,,,,#F989A2,394.20423793792725,None,space,None,None,328.57632637023926,text_01,149,4,Reading_Baseline_main_click,None,Wildbahn,62,0,62,60,inf,,,,,,,,,,,25,01,yes,no,no,2025-08-21_10h55.23.375,EXNAT_4_TMS_Psychopy2024.2.5.psyexp,2024.2.5,2025-08-21 10h57.41.138804 +0200,
0,0,0,0,0,0,0,,,,,,,,,#88BA3F,394.57142424583435,None,space,None,None,329.4990062713623,text_01,150,4,Reading_Baseline_main_click,None,gefilmt.,62,0,62,60,inf,,,,,,,,,,,25,01,yes,no,no,2025-08-21_10h55.23.375,EXNAT_4_TMS_Psychopy2024.2.5.psyexp,2024.2.5,2025-08-21 10h57.41.138804 +0200,
0,0,0,0,0,0,0,,,,,,,,,,394.95490646362305,,3,,,,text_01,,4,Reading_Baseline_main_click,,,,,,,,,Q1,c,True,,,,,,,25,01,yes,no,no,2025-08-21_10h55.23.375,EXNAT_4_TMS_Psychopy2024.2.5.psyexp,2024.2.5,2025-08-21 10h57.41.138804 +0200,
0,0,0,0,0,0,0,,,,,,,,,,402.9220588207245,,4,,,,text_01,,4,Reading_Baseline_main_click,,,,,,,,,Q2,d,True,,,,,,,25,01,yes,no,no,2025-08-21_10h55.23.375,EXNAT_4_TMS_Psychopy2024.2.5.psyexp,2024.2.5,2025-08-21 10h57.41.138804 +0200,
0,0,0,0,0,0,0,,,,,,,,,,406.7105567455292,,2,,,,text_01,,4,Reading_Baseline_main_click,,,,,,,,,Q3,b,False,,,,,,,25,01,yes,no,no,2025-08-21_10h55.23.375,EXNAT_4_TMS_Psychopy2024.2.5.psyexp,2024.2.5,2025-08-21 10h57.41.138804 +0200,
0,0,0,0,0,0,0,,,,,,,,,#D292F3,428.7413032054901,False,space,correct rejection,None,1279.637098312378,text_04,1,5,2back_dual_main_click,2,Jerry,0,0,0,120,60,,,,,,,,,,,25,01,yes,no,no,2025-08-21_10h55.23.375,EXNAT_4_TMS_Psychopy2024.2.5.psyexp,2024.2.5,2025-08-21 10h57.41.138804 +0200,
0,0,0,0,0,0,0,,,,,,,,,#D292F3,430.058069229126,False,space,correct rejection,None,730.8001518249512,text_04,2,5,2back_dual_main_click,2,Robinson,1,0,1,120,60,430.12035751342773,,,,,,,,,,25,01,yes,no,no,2025-08-21_10h55.23.375,EXNAT_4_TMS_Psychopy2024.2.5.psyexp,2024.2.5,2025-08-21 10h57.41.138804 +0200,
0,0,0,0,0,0,0,,,,,,,,,#2AB7EF,430.82564783096313,False,space,correct rejection,None,891.3021087646484,text_04,3,5,2back_dual_main_click,2,war,1,0,1,120,60,,,,,,,,,,,25,01,yes,no,no,2025-08-21_10h55.23.375,EXNAT_4_TMS_Psychopy2024.2.5.psyexp,2024.2.5,2025-08-21 10h57.41.138804 +0200,
0,0,0,0,0,0,0,,,,,,,,,#88BA3F,431.75691318511963,False,space,correct rejection,None,792.0224666595459,text_04,4,5,2back_dual_main_click,2,erst,1,0,1,120,60,,,,,,,,,,,25,01,yes,no,no,2025-08-21_10h55.23.375,EXNAT_4_TMS_Psychopy2024.2.5.psyexp,2024.2.5,2025-08-21 10h57.41.138804 +0200,
0,0,0,0,0,0,0,,,,,,,,,#F989A2,432.5915126800537,False,space,correct rejection,None,965.4786586761475,text_04,5,5,2back_dual_main_click,2,17,1,0,1,120,60,,,,,,,,,,,25,01,yes,no,no,2025-08-21_10h55.23.375,EXNAT_4_TMS_Psychopy2024.2.5.psyexp,2024.2.5,2025-08-21 10h57.41.138804 +0200,
0,0,0,0,0,0,0,,,,,,,,,#2AB7EF,433.59647250175476,False,space,correct rejection,None,2024.501085281372,text_04,6,5,2back_dual_main_click,2,Jahre,2,0,2,120,60,435.120352268219,,,,,,,,,,25,01,yes,no,no,2025-08-21_10h55.23.375,EXNAT_4_TMS_Psychopy2024.2.5.psyexp,2024.2.5,2025-08-21 10h57.41.138804 +0200,
0,0,0,0,0,0,0,,,,,,,,,#2AB7EF,435.6736226081848,False,space,correct rejection,None,1099.1730690002441,text_04,7,5,2back_dual_main_click,2,"alt,",2,0,2,120,60,,,,,,,,,,,25,01,yes,no,no,2025-08-21_10h55.23.375,EXNAT_4_TMS_Psychopy2024.2.5.psyexp,2024.2.5,2025-08-21 10h57.41.138804 +0200,
0,0,0,0,0,0,0,,,,,,,,,#F989A2,436.82650232315063,False,space,correct rejection,None,826.4844417572021,text_04,8,5,2back_dual_main_click,2,als,2,0,2,120,60,,,,,,,,,,,25,01,yes,no,no,2025-08-21_10h55.23.375,EXNAT_4_TMS_Psychopy2024.2.5.psyexp,2024.2.5,2025-08-21 10h57.41.138804 +0200,
0,0,0,0,0,0,0,,,,,,,,,#F989A2,437.70640444755554,False,space,correct rejection,None,1034.5871448516846,text_04,9,5,2back_dual_main_click,2,er,2,0,2,120,60,,,,,,,,,,,25,01,yes,no,no,2025-08-21_10h55.23.375,EXNAT_4_TMS_Psychopy2024.2.5.psyexp,2024.2.5,2025-08-21 10h57.41.138804 +0200,
0,0,0,0,0,0,0,,,,,,,,,#D292F3,438.79559898376465,False,space,correct rejection,None,1049.400806427002,text_04,10,5,2back_dual_main_click,2,Bob,2,0,2,120,60,,,,,,,,,,,25,01,yes,no,no,2025-08-21_10h55.23.375,EXNAT_4_TMS_Psychopy2024.2.5.psyexp,2024.2.5,2025-08-21 10h57.41.138804 +0200,
0,0,0,0,0,0,0,,,,,,,,,#88BA3F,439.8988447189331,False,space,correct rejection,None,1049.9458312988281,text_04,11,5,2back_dual_main_click,2,Kane,2,0,2,120,60,,,,,,,,,,,25,01,yes,no,no,2025-08-21_10h55.23.375,EXNAT_4_TMS_Psychopy2024.2.5.psyexp,2024.2.5,2025-08-21 10h57.41.138804 +0200,
0,0,0,0,0,0,0,,,,,,,,,#88BA3F,440.98667073249817,False,space,correct rejection,None,954.1401863098145,text_04,12,5,2back_dual_main_click,2,"traf,",2,0,2,120,60,,,,,,,,,,,25,01,yes,no,no,2025-08-21_10h55.23.375,EXNAT_4_TMS_Psychopy2024.2.5.psyexp,2024.2.5,2025-08-21 10h57.41.138804 +0200,
0,0,0,0,0,0,0,,,,,,,,,#88BA3F,441.97949171066284,True,l,hit,697.484016418457,1177.3653030395508,text_04,13,5,2back_dual_main_click,2,den,2,1,3,120,60,442.03204870224,,,,,,,,,,25,01,yes,no,no,2025-08-21_10h55.23.375,EXNAT_4_TMS_Psychopy2024.2.5.psyexp,2024.2.5,2025-08-21 10h57.41.138804 +0200,
0,0,0,0,0,0,0,,,,,,,,,#2AB7EF,443.196341753006,False,space,correct rejection,None,1160.6616973876953,text_04,14,5,2back_dual_main_click,2,Schöpfer,2,1,3,120,60,,,,,,,,,,,25,01,yes,no,no,2025-08-21_10h55.23.375,EXNAT_4_TMS_Psychopy2024.2.5.psyexp,2024.2.5,2025-08-21 10h57.41.138804 +0200,
0,0,0,0,0,0,0,,,,,,,,,#D292F3,444.39654660224915,False,space,correct rejection,None,872.4133968353271,text_04,15,5,2back_dual_main_click,2,von,2,1,3,120,60,,,,,,,,,,,25,01,yes,no,no,2025-08-21_10h55.23.375,EXNAT_4_TMS_Psychopy2024.2.5.psyexp,2024.2.5,2025-08-21 10h57.41.138804 +0200,
0,0,0,0,0,0,0,,,,,,,,,#88BA3F,445.310830116272,False,space,correct rejection,None,1174.1535663604736,text_04,16,5,2back_dual_main_click,2,""Batman."",2,1,3,120,60,,,,,,,,,,,25,01,yes,no,no,2025-08-21_10h55.23.375,EXNAT_4_TMS_Psychopy2024.2.5.psyexp,2024.2.5,2025-08-21 10h57.41.138804 +0200,
0,0,0,0,0,0,0,,,,,,,,,#2AB7EF,446.5238163471222,False,space,correct rejection,None,1241.1229610443115,text_04,17,5,2back_dual_main_click,2,Sie,3,1,4,120,60,447.0319757461548,,,,,,,,,,25,01,yes,no,no,2025-08-21_10h55.23.375,EXNAT_4_TMS_Psychopy2024.2.5.psyexp,2024.2.5,2025-08-21 10h57.41.138804 +0200,
0,0,0,0,0,0,0,,,,,,,,,#D292F3,447.8035159111023,False,space,correct rejection,None,1593.4851169586182,text_04,18,5,2back_dual_main_click,2,begegneten,3,1,4,120,60,,,,,,,,,,,25,01,yes,no,no,2025-08-21_10h55.23.375,EXNAT_4_TMS_Psychopy2024.2.5.psyexp,2024.2.5,2025-08-21 10h57.41.138804 +0200,
0,0,0,0,0,0,0,,,,,,,,,#F989A2,449.435911655426,False,space,correct rejection,None,1336.9879722595215,text_04,19,5,2back_dual_main_click,2,sich,3,1,4,120,60,,,,,,,,,,,25,01,yes,no,no,2025-08-21_10h55.23.375,EXNAT_4_TMS_Psychopy2024.2.5.psyexp,2024.2.5,2025-08-21 10h57.41.138804 +0200,
0,0,0,0,0,0,0,,,,,,,,,#88BA3F,450.8277564048767,False,space,correct rejection,None,1017.0538425445557,text_04,20,5,2back_dual_main_click,2,zufällig,3,1,4,120,60,,,,,,,,,,,25,01,yes,no,no,2025-08-21_10h55.23.375,EXNAT_4_TMS_Psychopy2024.2.5.psyexp,2024.2.5,2025-08-21 10h57.41.138804 +0200,
0,0,0,0,0,0,0,,,,,,,,,#2AB7EF,451.8984293937683,False,space,correct rejection,None,1258.4409713745117,text_04,21,5,2back_dual_main_click,2,in,3,1,4,120,60,,,,,,,,,,,25,01,yes,no,no,2025-08-21_10h55.23.375,EXNAT_4_TMS_Psychopy2024.2.5.psyexp,2024.2.5,2025-08-21 10h57.41.138804 +0200,
0,0,0,0,0,0,0,,,,,,,,,#F989A2,453.21169114112854,False,space,correct rejection,None,1193.1862831115723,text_04,22,5,2back_dual_main_click,2,einem,3,1,4,120,60,,,,,,,,,,,25,01,yes,no,no,2025-08-21_10h55.23.375,EXNAT_4_TMS_Psychopy2024.2.5.psyexp,2024.2.5,2025-08-21 10h57.41.138804 +0200,
0,0,0,0,0,0,0,,,,,,,,,#D292F3,454.4590063095093,False,space,correct rejection,None,1513.9892101287842,text_04,23,5,2back_dual_main_click,2,Ausflugsgebiet,3,1,4,120,60,,,,,,,,,,,25,01,yes,no,no,2025-08-21_10h55.23.375,EXNAT_4_TMS_Psychopy2024.2.5.psyexp,2024.2.5,2025-08-21 10h57.41.138804 +0200,
0,0,0,0,0,0,0,,,,,,,,,#F989A2,456.0286023616791,True,space,miss,None,1016.3614749908447,text_04,24,5,2back_dual_main_click,2,in,3,1,4,120,60,,,,,,,,,,,25,01,yes,no,no,2025-08-21_10h55.23.375,EXNAT_4_TMS_Psychopy2024.2.5.psyexp,2024.2.5,2025-08-21 10h57.41.138804 +0200,
0,0,0,0,0,0,0,,,,,,,,,#2AB7EF,457.0981488227844,False,space,correct rejection,None,1002.8233528137207,text_04,25,5,2back_dual_main_click,2,Pennsylvania.,3,1,4,120,60,,,,,,,,,,,25,01,yes,no,no,2025-08-21_10h55.23.375,EXNAT_4_TMS_Psychopy2024.2.5.psyexp,2024.2.5,2025-08-21 10h57.41.138804 +0200,
0,0,0,0,0,0,0,,,,,,,,,#F989A2,458.15427470207214,True,space,miss,None,1034.670114517212,text_04,26,5,2back_dual_main_click,2,Um,3,2,5,120,60,458.2057695388794,,,,,,,,,,25,01,yes,no,no,2025-08-21_10h55.23.375,EXNAT_4_TMS_Psychopy2024.2.5.psyexp,2024.2.5,2025-08-21 10h57.41.138804 +0200,
0,0,0,0,0,0,0,,,,,,,,,#2AB7EF,459.2442216873169,True,space,miss,None,888.8299465179443,text_04,27,5,2back_dual_main_click,2,ihn,3,2,5,120,60,,,,,,,,,,,25,01,yes,no,no,2025-08-21_10h55.23.375,EXNAT_4_TMS_Psychopy2024.2.5.psyexp,2024.2.5,2025-08-21 10h57.41.138804 +0200,
0,0,0,0,0,0,0,,,,,,,,,#88BA3F,460.1877043247223,False,space,correct rejection,None,1897.3448276519775,text_04,28,5,2back_dual_main_click,2,zu,3,2,5,120,60,,,,,,,,,,,25,01,yes,no,no,2025-08-21_10h55.23.375,EXNAT_4_TMS_Psychopy2024.2.5.psyexp,2024.2.5,2025-08-21 10h57.41.138804 +0200,
0,0,0,0,0,0,0,,,,,,,,,#88BA3F,462.14135122299194,False,space,correct rejection,None,1335.6058597564697,text_04,29,5,2back_dual_main_click,2,"beeindrucken,",3,2,5,120,60,,,,,,,,,,,25,01,yes,no,no,2025-08-21_10h55.23.375,EXNAT_4_TMS_Psychopy2024.2.5.psyexp,2024.2.5,2025-08-21 10h57.41.138804 +0200,
0,0,0,0,0,0,0,,,,,,,,,#2AB7EF,463.53033566474915,False,space,correct rejection,None,874.4843006134033,text_04,30,5,2back_dual_main_click,2,zeichnete,4,2,6,120,60,463.5834336280823,,,,,,,,,,25,01,yes,no,no,2025-08-21_10h55.23.375,EXNAT_4_TMS_Psychopy2024.2.5.psyexp,2024.2.5,2025-08-21 10h57.41.138804 +0200,
0,0,0,0,0,0,0,,,,,,,,,#88BA3F,464.4582095146179,True,l,hit,938.5228157043457,1274.4357585906982,text_04,31,5,2back_dual_main_click,2,Robinson,4,2,6,120,60,,,,,,,,,,,25,01,yes,no,no,2025-08-21_10h55.23.375,EXNAT_4_TMS_Psychopy2024.2.5.psyexp,2024.2.5,2025-08-21 10h57.41.138804 +0200,
0,0,0,0,0,0,0,,,,,,,,,#88BA3F,465.7916417121887,False,space,correct rejection,None,1077.315092086792,text_04,32,5,2back_dual_main_click,2,kurzerhand,4,2,6,120,60,,,,,,,,,,,25,01,yes,no,no,2025-08-21_10h55.23.375,EXNAT_4_TMS_Psychopy2024.2.5.psyexp,2024.2.5,2025-08-21 10h57.41.138804 +0200,
0,0,0,0,0,0,0,,,,,,,,,#2AB7EF,466.92211294174194,False,space,correct rejection,None,1562.8232955932617,text_04,33,5,2back_dual_main_click,2,auf,4,2,6,120,60,,,,,,,,,,,25,01,yes,no,no,2025-08-21_10h55.23.375,EXNAT_4_TMS_Psychopy2024.2.5.psyexp,2024.2.5,2025-08-21 10h57.41.138804 +0200,
0,0,0,0,0,0,0,,,,,,,,,#F989A2,468.5388445854187,False,space,correct rejection,None,1258.033275604248,text_04,34,5,2back_dual_main_click,2,seiner,4,2,6,120,60,,,,,,,,,,,25,01,yes,no,no,2025-08-21_10h55.23.375,EXNAT_4_TMS_Psychopy2024.2.5.psyexp,2024.2.5,2025-08-21 10h57.41.138804 +0200,
0,0,0,0,0,0,0,,,,,,,,,#D292F3,469.8523659706116,False,space,correct rejection,None,792.5310134887695,text_04,35,5,2back_dual_main_click,2,Jacke.,4,2,6,120,60,,,,,,,,,,,25,01,yes,no,no,2025-08-21_10h55.23.375,EXNAT_4_TMS_Psychopy2024.2.5.psyexp,2024.2.5,2025-08-21 10h57.41.138804 +0200,
0,0,0,0,0,0,0,,,,,,,,,#D292F3,470.6993336677551,False,space,correct rejection,None,1641.6041851043701,text_04,36,5,2back_dual_main_click,2,Kane,4,2,6,120,60,,,,,,,,,,,25,01,yes,no,no,2025-08-21_10h55.23.375,EXNAT_4_TMS_Psychopy2024.2.5.psyexp,2024.2.5,2025-08-21 10h57.41.138804 +0200,
0,0,0,0,0,0,0,,,,,,,,,#88BA3F,472.394061088562,False,space,correct rejection,None,938.8084411621094,text_04,37,5,2back_dual_main_click,2,war,4,2,6,120,60,,,,,,,,,,,25,01,yes,no,no,2025-08-21_10h55.23.375,EXNAT_4_TMS_Psychopy2024.2.5.psyexp,2024.2.5,2025-08-21 10h57.41.138804 +0200,
0,0,0,0,0,0,0,,,,,,,,,#D292F3,473.38615798950195,True,l,hit,602.8356552124023,1002.6364326477051,text_04,38,5,2back_dual_main_click,2,beeindruckt,4,3,7,120,60,473.43768405914307,,,,,,,,,,25,01,yes,no,no,2025-08-21_10h55.23.375,EXNAT_4_TMS_Psychopy2024.2.5.psyexp,2024.2.5,2025-08-21 10h57.41.138804 +0200,
0,0,0,0,0,0,0,,,,,,,,,#2AB7EF,474.4416537284851,False,space,correct rejection,None,1083.1713676452637,text_04,39,5,2back_dual_main_click,2,und,4,3,7,120,60,,,,,,,,,,,25,01,yes,no,no,2025-08-21_10h55.23.375,EXNAT_4_TMS_Psychopy2024.2.5.psyexp,2024.2.5,2025-08-21 10h57.41.138804 +0200,
0,0,0,0,0,0,0,,,,,,,,,#2AB7EF,475.58128023147583,False,space,correct rejection,None,903.6753177642822,text_04,40,5,2back_dual_main_click,2,stellte,4,3,7,120,60,,,,,,,,,,,25,01,yes,no,no,2025-08-21_10h55.23.375,EXNAT_4_TMS_Psychopy2024.2.5.psyexp,2024.2.5,2025-08-21 10h57.41.138804 +0200,
0,0,0,0,0,0,0,,,,,,,,,#2AB7EF,476.53854966163635,True,l,hit,650.4001617431641,986.3274097442627,text_04,41,5,2back_dual_main_click,2,ihn,4,3,7,120,60,,,,,,,,,,,25,01,yes,no,no,2025-08-21_10h55.23.375,EXNAT_4_TMS_Psychopy2024.2.5.psyexp,2024.2.5,2025-08-21 10h57.41.138804 +0200,
0,0,0,0,0,0,0,,,,,,,,,#88BA3F,477.57943320274353,False,space,correct rejection,None,921.544075012207,text_04,42,5,2back_dual_main_click,2,ein.,5,3,8,120,60,478.4376275539398,,,,,,,,,,25,01,yes,no,no,2025-08-21_10h55.23.375,EXNAT_4_TMS_Psychopy2024.2.5.psyexp,2024.2.5,2025-08-21 10h57.41.138804 +0200,
0,0,0,0,0,0,0,,,,,,,,,#F989A2,478.55424880981445,False,space,correct rejection,None,1146.728515625,text_04,43,5,2back_dual_main_click,2,Ab,5,3,8,120,60,,,,,,,,,,,25,01,yes,no,no,2025-08-21_10h55.23.375,EXNAT_4_TMS_Psychopy2024.2.5.psyexp,2024.2.5,2025-08-21 10h57.41.138804 +0200,
0,0,0,0,0,0,0,,,,,,,,,#F989A2,479.75509667396545,False,space,correct rejection,None,1849.8361110687256,text_04,44,5,2back_dual_main_click,2,der,5,3,8,120,60,,,,,,,,,,,25,01,yes,no,no,2025-08-21_10h55.23.375,EXNAT_4_TMS_Psychopy2024.2.5.psyexp,2024.2.5,2025-08-21 10h57.41.138804 +0200,
0,0,0,0,0,0,0,,,,,,,,,#D292F3,481.65879368782043,False,space,correct rejection,None,1610.1360321044922,text_04,45,5,2back_dual_main_click,2,dritten,5,3,8,120,60,,,,,,,,,,,25,01,yes,no,no,2025-08-21_10h55.23.375,EXNAT_4_TMS_Psychopy2024.2.5.psyexp,2024.2.5,2025-08-21 10h57.41.138804 +0200,
0,0,0,0,0,0,0,,,,,,,,,#D292F3,483.322012424469,False,space,correct rejection,None,1146.8942165374756,text_04,46,5,2back_dual_main_click,2,Batman-Ausgabe,5,3,8,120,60,,,,,,,,,,,25,01,yes,no,no,2025-08-21_10h55.23.375,EXNAT_4_TMS_Psychopy2024.2.5.psyexp,2024.2.5,2025-08-21 10h57.41.138804 +0200,
0,0,0,0,0,0,0,,,,,,,,,#88BA3F,484.5223698616028,False,space,correct rejection,None,970.5474376678467,text_04,47,5,2back_dual_main_click,2,arbeitete,5,3,8,120,60,,,,,,,,,,,25,01,yes,no,no,2025-08-21_10h55.23.375,EXNAT_4_TMS_Psychopy2024.2.5.psyexp,2024.2.5,2025-08-21 10h57.41.138804 +0200,
0,0,0,0,0,0,0,,,,,,,,,#F989A2,485.54730010032654,False,space,correct rejection,None,1289.665937423706,text_04,48,5,2back_dual_main_click,2,Robinson,5,3,8,120,60,,,,,,,,,,,25,01,yes,no,no,2025-08-21_10h55.23.375,EXNAT_4_TMS_Psychopy2024.2.5.psyexp,2024.2.5,2025-08-21 10h57.41.138804 +0200,
0,0,0,0,0,0,0,,,,,,,,,#F989A2,486.889728307724,False,space,correct rejection,None,1051.2056350708008,text_04,49,5,2back_dual_main_click,2,als,5,3,8,120,60,,,,,,,,,,,25,01,yes,no,no,2025-08-21_10h55.23.375,EXNAT_4_TMS_Psychopy2024.2.5.psyexp,2024.2.5,2025-08-21 10h57.41.138804 +0200,
0,0,0,0,0,0,0,,,,,,,,,#D292F3,487.99603748321533,False,space,correct rejection,None,1032.9267978668213,text_04,50,5,2back_dual_main_click,2,Hauptzeichner.,5,3,8,120,60,,,,,,,,,,,25,01,yes,no,no,2025-08-21_10h55.23.375,EXNAT_4_TMS_Psychopy2024.2.5.psyexp,2024.2.5,2025-08-21 10h57.41.138804 +0200,
0,0,0,0,0,0,0,,,,,,,,,#F989A2,489.08459997177124,True,space,miss,None,1448.3625888824463,text_04,51,5,2back_dual_main_click,2,Tagsüber,5,4,9,120,60,489.1367907524109,,,,,,,,,,25,01,yes,no,no,2025-08-21_10h55.23.375,EXNAT_4_TMS_Psychopy2024.2.5.psyexp,2024.2.5,2025-08-21 10h57.41.138804 +0200,
0,0,0,0,0,0,0,,,,,,,,,#F989A2,490.5866742134094,False,space,correct rejection,None,922.3058223724365,text_04,52,5,2back_dual_main_click,2,studierte,5,4,9,120,60,,,,,,,,,,,25,01,yes,no,no,2025-08-21_10h55.23.375,EXNAT_4_TMS_Psychopy2024.2.5.psyexp,2024.2.5,2025-08-21 10h57.41.138804 +0200,
0,0,0,0,0,0,0,,,,,,,,,#2AB7EF,491.5655024051666,False,space,correct rejection,None,983.4134578704834,text_04,53,5,2back_dual_main_click,2,er,5,4,9,120,60,,,,,,,,,,,25,01,yes,no,no,2025-08-21_10h55.23.375,EXNAT_4_TMS_Psychopy2024.2.5.psyexp,2024.2.5,2025-08-21 10h57.41.138804 +0200,
0,0,0,0,0,0,0,,,,,,,,,#88BA3F,492.603440284729,False,space,correct rejection,None,1065.5183792114258,text_04,54,5,2back_dual_main_click,2,"Journalismus,",5,4,9,120,60,,,,,,,,,,,25,01,yes,no,no,2025-08-21_10h55.23.375,EXNAT_4_TMS_Psychopy2024.2.5.psyexp,2024.2.5,2025-08-21 10h57.41.138804 +0200,
0,0,0,0,0,0,0,,,,,,,,,#2AB7EF,493.7217628955841,True,l,hit,731.1398983001709,1211.0416889190674,text_04,55,5,2back_dual_main_click,2,nachts,5,5,10,120,60,494.13667726516724,,,,,,,,,,25,01,yes,no,no,2025-08-21_10h55.23.375,EXNAT_4_TMS_Psychopy2024.2.5.psyexp,2024.2.5,2025-08-21 10h57.41.138804 +0200,
0,0,0,0,0,0,0,,,,,,,,,#88BA3F,494.987019777298,True,l,hit,810.032844543457,1145.8609104156494,text_04,56,5,2back_dual_main_click,2,zeichnete,5,5,10,120,60,,,,,,,,,,,25,01,yes,no,no,2025-08-21_10h55.23.375,EXNAT_4_TMS_Psychopy2024.2.5.psyexp,2024.2.5,2025-08-21 10h57.41.138804 +0200,
0,0,0,0,0,0,0,,,,,,,,,#88BA3F,496.187974691391,False,space,correct rejection,None,1097.0380306243896,text_04,57,5,2back_dual_main_click,2,er,5,5,10,120,60,,,,,,,,,,,25,01,yes,no,no,2025-08-21_10h55.23.375,EXNAT_4_TMS_Psychopy2024.2.5.psyexp,2024.2.5,2025-08-21 10h57.41.138804 +0200,
0,0,0,0,0,0,0,,,,,,,,,#2AB7EF,497.32608675956726,False,space,correct rejection,None,1206.8431377410889,text_04,58,5,2back_dual_main_click,2,Comics.,5,5,10,120,60,,,,,,,,,,,25,01,yes,no,no,2025-08-21_10h55.23.375,EXNAT_4_TMS_Psychopy2024.2.5.psyexp,2024.2.5,2025-08-21 10h57.41.138804 +0200,
0,0,0,0,0,0,0,,,,,,,,,#D292F3,498.58681654930115,False,space,correct rejection,None,986.1559867858887,text_04,59,5,2back_dual_main_click,2,Er,6,5,11,120,60,499.1367356777191,,,,,,,,,,25,01,yes,no,no,2025-08-21_10h55.23.375,EXNAT_4_TMS_Psychopy2024.2.5.psyexp,2024.2.5,2025-08-21 10h57.41.138804 +0200,
0,0,0,0,0,0,0,,,,,,,,,#D292F3,499.62634110450745,False,space,correct rejection,None,1130.6579113006592,text_04,60,5,2back_dual_main_click,2,erfand,6,5,11,120,60,,,,,,,,,,,25,01,yes,no,no,2025-08-21_10h55.23.375,EXNAT_4_TMS_Psychopy2024.2.5.psyexp,2024.2.5,2025-08-21 10h57.41.138804 +0200,
0,0,0,0,0,0,0,,,,,,,,,#88BA3F,500.81189727783203,False,space,correct rejection,None,1129.1086673736572,text_04,61,5,2back_dual_main_click,2,Figuren,6,5,11,120,60,,,,,,,,,,,25,01,yes,no,no,2025-08-21_10h55.23.375,EXNAT_4_TMS_Psychopy2024.2.5.psyexp,2024.2.5,2025-08-21 10h57.41.138804 +0200,
0,0,0,0,0,0,0,,,,,,,,,#D292F3,501.9943325519562,True,space,miss,None,1242.6791191101074,text_04,62,5,2back_dual_main_click,2,wie,6,5,11,120,60,,,,,,,,,,,25,01,yes,no,no,2025-08-21_10h55.23.375,EXNAT_4_TMS_Psychopy2024.2.5.psyexp,2024.2.5,2025-08-21 10h57.41.138804 +0200,
0,0,0,0,0,0,0,,,,,,,,,#F989A2,503.2889459133148,False,space,correct rejection,None,1180.0262928009033,text_04,63,5,2back_dual_main_click,2,den,7,5,12,120,60,504.13673877716064,,,,,,,,,,25,01,yes,no,no,2025-08-21_10h55.23.375,EXNAT_4_TMS_Psychopy2024.2.5.psyexp,2024.2.5,2025-08-21 10h57.41.138804 +0200,
0,0,0,0,0,0,0,,,,,,,,,#F989A2,504.5232837200165,False,space,correct rejection,None,1193.6700344085693,text_04,64,5,2back_dual_main_click,2,Butler,7,5,12,120,60,,,,,,,,,,,25,01,yes,no,no,2025-08-21_10h55.23.375,EXNAT_4_TMS_Psychopy2024.2.5.psyexp,2024.2.5,2025-08-21 10h57.41.138804 +0200,
0,0,0,0,0,0,0,,,,,,,,,#2AB7EF,505.7709856033325,False,space,correct rejection,None,1481.928825378418,text_04,65,5,2back_dual_main_click,2,Alfred,7,5,12,120,60,,,,,,,,,,,25,01,yes,no,no,2025-08-21_10h55.23.375,EXNAT_4_TMS_Psychopy2024.2.5.psyexp,2024.2.5,2025-08-21 10h57.41.138804 +0200,
0,0,0,0,0,0,0,,,,,,,,,#D292F3,507.30543303489685,False,space,correct rejection,None,971.5380668640137,text_04,66,5,2back_dual_main_click,2,und,7,5,12,120,60,,,,,,,,,,,25,01,yes,no,no,2025-08-21_10h55.23.375,EXNAT_4_TMS_Psychopy2024.2.5.psyexp,2024.2.5,2025-08-21 10h57.41.138804 +0200,
0,0,0,0,0,0,0,,,,,,,,,#F989A2,508.3157889842987,False,space,correct rejection,None,1129.133939743042,text_04,67,5,2back_dual_main_click,2,Batmans,7,5,12,120,60,,,,,,,,,,,25,01,yes,no,no,2025-08-21_10h55.23.375,EXNAT_4_TMS_Psychopy2024.2.5.psyexp,2024.2.5,2025-08-21 10h57.41.138804 +0200,
0,0,0,0,0,0,0,,,,,,,,,#2AB7EF,509.48581433296204,False,space,correct rejection,None,1143.150806427002,text_04,68,5,2back_dual_main_click,2,Helfer,7,5,12,120,60,,,,,,,,,,,25,01,yes,no,no,2025-08-21_10h55.23.375,EXNAT_4_TMS_Psychopy2024.2.5.psyexp,2024.2.5,2025-08-21 10h57.41.138804 +0200,
0,0,0,0,0,0,0,,,,,,,,,#2AB7EF,510.6685404777527,False,space,correct rejection,None,1960.4201316833496,text_04,69,5,2back_dual_main_click,2,Robin.,7,5,12,120,60,,,,,,,,,,,25,01,yes,no,no,2025-08-21_10h55.23.375,EXNAT_4_TMS_Psychopy2024.2.5.psyexp,2024.2.5,2025-08-21 10h57.41.138804 +0200,
0,0,0,0,0,0,0,,,,,,,,,#88BA3F,512.6838254928589,False,space,correct rejection,None,921.1735725402832,text_04,70,5,2back_dual_main_click,2,Auch,7,5,12,120,60,,,,,,,,,,,25,01,yes,no,no,2025-08-21_10h55.23.375,EXNAT_4_TMS_Psychopy2024.2.5.psyexp,2024.2.5,2025-08-21 10h57.41.138804 +0200,
0,0,0,0,0,0,0,,,,,,,,,#D292F3,513.6594047546387,False,space,correct rejection,None,1097.6176261901855,text_04,71,5,2back_dual_main_click,2,der,7,5,12,120,60,,,,,,,,,,,25,01,yes,no,no,2025-08-21_10h55.23.375,EXNAT_4_TMS_Psychopy2024.2.5.psyexp,2024.2.5,2025-08-21 10h57.41.138804 +0200,
0,0,0,0,0,0,0,,,,,,,,,#88BA3F,514.812239408493,True,l,hit,568.7582492828369,952.6219367980957,text_04,72,5,2back_dual_main_click,2,Joker,7,5,12,120,60,,,,,,,,,,,25,01,yes,no,no,2025-08-21_10h55.23.375,EXNAT_4_TMS_Psychopy2024.2.5.psyexp,2024.2.5,2025-08-21 10h57.41.138804 +0200,
0,0,0,0,0,0,0,,,,,,,,,#D292F3,515.818451166153,True,l,hit,970.5913066864014,1194.4036483764648,text_04,73,5,2back_dual_main_click,2,wurde,7,6,13,120,60,515.8936188220978,,,,,,,,,,25,01,yes,no,no,2025-08-21_10h55.23.375,EXNAT_4_TMS_Psychopy2024.2.5.psyexp,2024.2.5,2025-08-21 10h57.41.138804 +0200,
0,0,0,0,0,0,0,,,,,,,,,#88BA3F,517.0530841350555,True,l,hit,727.9231548309326,1079.7865390777588,text_04,74,5,2back_dual_main_click,2,eingeführt.,7,6,13,120,60,,,,,,,,,,,25,01,yes,no,no,2025-08-21_10h55.23.375,EXNAT_4_TMS_Psychopy2024.2.5.psyexp,2024.2.5,2025-08-21 10h57.41.138804 +0200,
0,0,0,0,0,0,0,,,,,,,,,#F989A2,518.1704542636871,False,space,correct rejection,None,1146.4505195617676,text_04,75,5,2back_dual_main_click,2,Robinson,7,6,13,120,60,,,,,,,,,,,25,01,yes,no,no,2025-08-21_10h55.23.375,EXNAT_4_TMS_Psychopy2024.2.5.psyexp,2024.2.5,2025-08-21 10h57.41.138804 +0200,
0,0,0,0,0,0,0,,,,,,,,,#F989A2,519.3713388442993,False,space,correct rejection,None,953.5818099975586,text_04,76,5,2back_dual_main_click,2,sagte,7,6,13,120,60,,,,,,,,,,,25,01,yes,no,no,2025-08-21_10h55.23.375,EXNAT_4_TMS_Psychopy2024.2.5.psyexp,2024.2.5,2025-08-21 10h57.41.138804 +0200,
0,0,0,0,0,0,0,,,,,,,,,#2AB7EF,520.3803813457489,False,space,correct rejection,None,1048.7127304077148,text_04,77,5,2back_dual_main_click,2,"später,",8,6,14,120,60,520.8934876918793,,,,,,,,,,25,01,yes,no,no,2025-08-21_10h55.23.375,EXNAT_4_TMS_Psychopy2024.2.5.psyexp,2024.2.5,2025-08-21 10h57.41.138804 +0200,
0,0,0,0,0,0,0,,,,,,,,,#D292F3,521.483922958374,False,space,correct rejection,None,1321.169376373291,text_04,78,5,2back_dual_main_click,2,die,8,6,14,120,60,,,,,,,,,,,25,01,yes,no,no,2025-08-21_10h55.23.375,EXNAT_4_TMS_Psychopy2024.2.5.psyexp,2024.2.5,2025-08-21 10h57.41.138804 +0200,
0,0,0,0,0,0,0,,,,,,,,,#88BA3F,522.8618631362915,False,space,correct rejection,None,1335.1616859436035,text_04,79,5,2back_dual_main_click,2,Idee,8,6,14,120,60,,,,,,,,,,,25,01,yes,no,no,2025-08-21_10h55.23.375,EXNAT_4_TMS_Psychopy2024.2.5.psyexp,2024.2.5,2025-08-21 10h57.41.138804 +0200,
0,0,0,0,0,0,0,,,,,,,,,#D292F3,524.2527561187744,True,space,miss,None,1080.2736282348633,text_04,80,5,2back_dual_main_click,2,zum,8,6,14,120,60,,,,,,,,,,,25,01,yes,no,no,2025-08-21_10h55.23.375,EXNAT_4_TMS_Psychopy2024.2.5.psyexp,2024.2.5,2025-08-21 10h57.41.138804 +0200,
0,0,0,0,0,0,0,,,,,,,,,#F989A2,525.3865501880646,False,space,correct rejection,None,938.408613204956,text_04,81,5,2back_dual_main_click,2,Joker,8,6,14,120,60,,,,,,,,,,,25,01,yes,no,no,2025-08-21_10h55.23.375,EXNAT_4_TMS_Psychopy2024.2.5.psyexp,2024.2.5,2025-08-21 10h57.41.138804 +0200,
0,0,0,0,0,0,0,,,,,,,,,#88BA3F,526.3792259693146,False,space,correct rejection,None,1321.6931819915771,text_04,82,5,2back_dual_main_click,2,kam,8,6,14,120,60,,,,,,,,,,,25,01,yes,no,no,2025-08-21_10h55.23.375,EXNAT_4_TMS_Psychopy2024.2.5.psyexp,2024.2.5,2025-08-21 10h57.41.138804 +0200,
0,0,0,0,0,0,0,,,,,,,,,#88BA3F,527.7568452358246,False,space,correct rejection,None,1000.1096725463867,text_04,83,5,2back_dual_main_click,2,ihm,8,6,14,120,60,,,,,,,,,,,25,01,yes,no,no,2025-08-21_10h55.23.375,EXNAT_4_TMS_Psychopy2024.2.5.psyexp,2024.2.5,2025-08-21 10h57.41.138804 +0200,
0,0,0,0,0,0,0,,,,,,,,,#2AB7EF,528.8120822906494,False,space,correct rejection,None,1000.734806060791,text_04,84,5,2back_dual_main_click,2,durch,8,6,14,120,60,,,,,,,,,,,25,01,yes,no,no,2025-08-21_10h55.23.375,EXNAT_4_TMS_Psychopy2024.2.5.psyexp,2024.2.5,2025-08-21 10h57.41.138804 +0200,
0,0,0,0,0,0,0,,,,,,,,,#88BA3F,529.8674552440643,True,l,hit,697.5769996643066,1017.5023078918457,text_04,85,5,2back_dual_main_click,2,eine,8,7,15,120,60,529.9201285839081,,,,,,,,,,25,01,yes,no,no,2025-08-21_10h55.23.375,EXNAT_4_TMS_Psychopy2024.2.5.psyexp,2024.2.5,2025-08-21 10h57.41.138804 +0200,
0,0,0,0,0,0,0,,,,,,,,,#2AB7EF,530.9371333122253,True,l,hit,811.8572235107422,1099.7776985168457,text_04,86,5,2back_dual_main_click,2,Spielkarte.,8,7,15,120,60,,,,,,,,,,,25,01,yes,no,no,2025-08-21_10h55.23.375,EXNAT_4_TMS_Psychopy2024.2.5.psyexp,2024.2.5,2025-08-21 10h57.41.138804 +0200,
0,0,0,0,0,0,0,,,,,,,,,#D292F3,532.0915513038635,False,space,correct rejection,None,1737.4267578125,text_04,87,5,2back_dual_main_click,2,Kane,8,7,15,120,60,,,,,,,,,,,25,01,yes,no,no,2025-08-21_10h55.23.375,EXNAT_4_TMS_Psychopy2024.2.5.psyexp,2024.2.5,2025-08-21 10h57.41.138804 +0200,
0,0,0,0,0,0,0,,,,,,,,,#2AB7EF,533.8850712776184,True,space,miss,None,871.7677593231201,text_04,88,5,2back_dual_main_click,2,behauptete,8,7,15,120,60,,,,,,,,,,,25,01,yes,no,no,2025-08-21_10h55.23.375,EXNAT_4_TMS_Psychopy2024.2.5.psyexp,2024.2.5,2025-08-21 10h57.41.138804 +0200,
0,0,0,0,0,0,0,,,,,,,,,#D292F3,534.8124871253967,True,l,hit,648.4324932098389,920.3851222991943,text_04,89,5,2back_dual_main_click,2,"jedoch,",8,8,16,120,60,534.9201633930206,,,,,,,,,,25,01,yes,no,no,2025-08-21_10h55.23.375,EXNAT_4_TMS_Psychopy2024.2.5.psyexp,2024.2.5,2025-08-21 10h57.41.138804 +0200,
0,0,0,0,0,0,0,,,,,,,,,#F989A2,535.7863657474518,False,space,correct rejection,None,1130.631446838379,text_04,90,5,2back_dual_main_click,2,die,8,8,16,120,60,,,,,,,,,,,25,01,yes,no,no,2025-08-21_10h55.23.375,EXNAT_4_TMS_Psychopy2024.2.5.psyexp,2024.2.5,2025-08-21 10h57.41.138804 +0200,
0,0,0,0,0,0,0,,,,,,,,,#2AB7EF,536.972254037857,False,space,correct rejection,None,1016.7479515075684,text_04,91,5,2back_dual_main_click,2,Figur,8,8,16,120,60,,,,,,,,,,,25,01,yes,no,no,2025-08-21_10h55.23.375,EXNAT_4_TMS_Psychopy2024.2.5.psyexp,2024.2.5,2025-08-21 10h57.41.138804 +0200,
0,0,0,0,0,0,0,,,,,,,,,#88BA3F,538.0422320365906,False,space,correct rejection,None,1050.7688522338867,text_04,92,5,2back_dual_main_click,2,sei,8,8,16,120,60,,,,,,,,,,,25,01,yes,no,no,2025-08-21_10h55.23.375,EXNAT_4_TMS_Psychopy2024.2.5.psyexp,2024.2.5,2025-08-21 10h57.41.138804 +0200,
0,0,0,0,0,0,0,,,,,,,,,#F989A2,539.1479496955872,False,space,correct rejection,None,1256.969690322876,text_04,93,5,2back_dual_main_click,2,von,9,8,17,120,60,539.9200782775879,,,,,,,,,,25,01,yes,no,no,2025-08-21_10h55.23.375,EXNAT_4_TMS_Psychopy2024.2.5.psyexp,2024.2.5,2025-08-21 10h57.41.138804 +0200,
0,0,0,0,0,0,0,,,,,,,,,#2AB7EF,540.457307100296,False,space,correct rejection,None,923.6879348754883,text_04,94,5,2back_dual_main_click,2,einem,9,8,17,120,60,,,,,,,,,,,25,01,yes,no,no,2025-08-21_10h55.23.375,EXNAT_4_TMS_Psychopy2024.2.5.psyexp,2024.2.5,2025-08-21 10h57.41.138804 +0200,
0,0,0,0,0,0,0,,,,,,,,,#88BA3F,541.4373009204865,False,space,correct rejection,None,871.6685771942139,text_04,95,5,2back_dual_main_click,2,alten,9,8,17,120,60,,,,,,,,,,,25,01,yes,no,no,2025-08-21_10h55.23.375,EXNAT_4_TMS_Psychopy2024.2.5.psyexp,2024.2.5,2025-08-21 10h57.41.138804 +0200,
0,0,0,0,0,0,0,,,,,,,,,#F989A2,542.3631868362427,False,space,correct rejection,None,1481.8859100341797,text_04,96,5,2back_dual_main_click,2,Film,9,8,17,120,60,,,,,,,,,,,25,01,yes,no,no,2025-08-21_10h55.23.375,EXNAT_4_TMS_Psychopy2024.2.5.psyexp,2024.2.5,2025-08-21 10h57.41.138804 +0200,
0,0,0,0,0,0,0,,,,,,,,,#88BA3F,543.901403427124,True,space,miss,None,1319.5233345031738,text_04,97,5,2back_dual_main_click,2,inspiriert.,9,9,18,120,60,544.9200930595398,,,,,,,,,,25,01,yes,no,no,2025-08-21_10h55.23.375,EXNAT_4_TMS_Psychopy2024.2.5.psyexp,2024.2.5,2025-08-21 10h57.41.138804 +0200,
0,0,0,0,0,0,0,,,,,,,,,#2AB7EF,545.2766427993774,False,space,correct rejection,None,904.3598175048828,text_04,98,5,2back_dual_main_click,2,Obwohl,9,9,18,120,60,,,,,,,,,,,25,01,yes,no,no,2025-08-21_10h55.23.375,EXNAT_4_TMS_Psychopy2024.2.5.psyexp,2024.2.5,2025-08-21 10h57.41.138804 +0200,
0,0,0,0,0,0,0,,,,,,,,,#D292F3,546.2340731620789,False,space,correct rejection,None,891.0579681396484,text_04,99,5,2back_dual_main_click,2,Robinson,9,9,18,120,60,,,,,,,,,,,25,01,yes,no,no,2025-08-21_10h55.23.375,EXNAT_4_TMS_Psychopy2024.2.5.psyexp,2024.2.5,2025-08-21 10h57.41.138804 +0200,
0,0,0,0,0,0,0,,,,,,,,,#F989A2,547.1821367740631,False,space,correct rejection,None,887.0229721069336,text_04,100,5,2back_dual_main_click,2,wichtige,9,9,18,120,60,,,,,,,,,,,25,01,yes,no,no,2025-08-21_10h55.23.375,EXNAT_4_TMS_Psychopy2024.2.5.psyexp,2024.2.5,2025-08-21 10h57.41.138804 +0200,
0,0,0,0,0,0,0,,,,,,,,,#88BA3F,548.1109533309937,False,space,correct rejection,None,1158.0018997192383,text_04,101,5,2back_dual_main_click,2,Beiträge,9,9,18,120,60,,,,,,,,,,,25,01,yes,no,no,2025-08-21_10h55.23.375,EXNAT_4_TMS_Psychopy2024.2.5.psyexp,2024.2.5,2025-08-21 10h57.41.138804 +0200,
0,0,0,0,0,0,0,,,,,,,,,#2AB7EF,549.310213804245,False,space,correct rejection,None,1398.7789154052734,text_04,102,5,2back_dual_main_click,2,"leistete,",10,9,19,120,60,549.9201076030731,,,,,,,,,,25,01,yes,no,no,2025-08-21_10h55.23.375,EXNAT_4_TMS_Psychopy2024.2.5.psyexp,2024.2.5,2025-08-21 10h57.41.138804 +0200,
0,0,0,0,0,0,0,,,,,,,,,#D292F3,550.7489659786224,False,space,correct rejection,None,951.9803524017334,text_04,103,5,2back_dual_main_click,2,galt,10,9,19,120,60,,,,,,,,,,,25,01,yes,no,no,2025-08-21_10h55.23.375,EXNAT_4_TMS_Psychopy2024.2.5.psyexp,2024.2.5,2025-08-21 10h57.41.138804 +0200,
0,0,0,0,0,0,0,,,,,,,,,#F989A2,551.7376806735992,False,space,correct rejection,None,939.3231868743896,text_04,104,5,2back_dual_main_click,2,er,10,9,19,120,60,,,,,,,,,,,25,01,yes,no,no,2025-08-21_10h55.23.375,EXNAT_4_TMS_Psychopy2024.2.5.psyexp,2024.2.5,2025-08-21 10h57.41.138804 +0200,
0,0,0,0,0,0,0,,,,,,,,,#88BA3F,552.7152047157288,False,space,correct rejection,None,985.7141971588135,text_04,105,5,2back_dual_main_click,2,nur,10,9,19,120,60,,,,,,,,,,,25,01,yes,no,no,2025-08-21_10h55.23.375,EXNAT_4_TMS_Psychopy2024.2.5.psyexp,2024.2.5,2025-08-21 10h57.41.138804 +0200,
0,0,0,0,0,0,0,,,,,,,,,#2AB7EF,553.7383422851562,False,space,correct rejection,None,1082.5657844543457,text_04,106,5,2back_dual_main_click,2,als,10,9,19,120,60,,,,,,,,,,,25,01,yes,no,no,2025-08-21_10h55.23.375,EXNAT_4_TMS_Psychopy2024.2.5.psyexp,2024.2.5,2025-08-21 10h57.41.138804 +0200,
0,0,0,0,0,0,0,,,,,,,,,#D292F3,554.8600206375122,False,space,correct rejection,None,1512.9928588867188,text_04,107,5,2back_dual_main_click,2,"Assistent,",11,9,20,120,60,554.9202454090118,,,,,,,,,,25,01,yes,no,no,2025-08-21_10h55.23.375,EXNAT_4_TMS_Psychopy2024.2.5.psyexp,2024.2.5,2025-08-21 10h57.41.138804 +0200,
0,0,0,0,0,0,0,,,,,,,,,#88BA3F,556.4269213676453,False,space,correct rejection,None,1882.0550441741943,text_04,108,5,2back_dual_main_click,2,da,11,9,20,120,60,,,,,,,,,,,25,01,yes,no,no,2025-08-21_10h55.23.375,EXNAT_4_TMS_Psychopy2024.2.5.psyexp,2024.2.5,2025-08-21 10h57.41.138804 +0200,
0,0,0,0,0,0,0,,,,,,,,,#88BA3F,558.3631453514099,False,space,correct rejection,None,953.8259506225586,text_04,109,5,2back_dual_main_click,2,Kane,11,9,20,120,60,,,,,,,,,,,25,01,yes,no,no,2025-08-21_10h55.23.375,EXNAT_4_TMS_Psychopy2024.2.5.psyexp,2024.2.5,2025-08-21 10h57.41.138804 +0200,
0,0,0,0,0,0,0,,,,,,,,,#F989A2,559.3706231117249,False,space,correct rejection,None,1066.3220882415771,text_04,110,5,2back_dual_main_click,2,alle,11,9,20,120,60,,,,,,,,,,,25,01,yes,no,no,2025-08-21_10h55.23.375,EXNAT_4_TMS_Psychopy2024.2.5.psyexp,2024.2.5,2025-08-21 10h57.41.138804 +0200,
0,0,0,0,0,0,0,,,,,,,,,#D292F3,560.4777703285217,False,space,correct rejection,None,1383.305311203003,text_04,111,5,2back_dual_main_click,2,Rechte,11,9,20,120,60,,,,,,,,,,,25,01,yes,no,no,2025-08-21_10h55.23.375,EXNAT_4_TMS_Psychopy2024.2.5.psyexp,2024.2.5,2025-08-21 10h57.41.138804 +0200,
0,0,0,0,0,0,0,,,,,,,,,#88BA3F,561.9173476696014,False,space,correct rejection,None,1047.6624965667725,text_04,112,5,2back_dual_main_click,2,besaß.,11,9,20,120,60,,,,,,,,,,,25,01,yes,no,no,2025-08-21_10h55.23.375,EXNAT_4_TMS_Psychopy2024.2.5.psyexp,2024.2.5,2025-08-21 10h57.41.138804 +0200,
0,0,0,0,0,0,0,,,,,,,,,#2AB7EF,563.0196354389191,False,space,correct rejection,None,985.3935241699219,text_04,113,5,2back_dual_main_click,2,Deshalb,11,9,20,120,60,,,,,,,,,,,25,01,yes,no,no,2025-08-21_10h55.23.375,EXNAT_4_TMS_Psychopy2024.2.5.psyexp,2024.2.5,2025-08-21 10h57.41.138804 +0200,
0,0,0,0,0,0,0,,,,,,,,,#2AB7EF,564.0612328052521,False,space,correct rejection,None,919.7027683258057,text_04,114,5,2back_dual_main_click,2,arbeitete,11,9,20,120,60,,,,,,,,,,,25,01,yes,no,no,2025-08-21_10h55.23.375,EXNAT_4_TMS_Psychopy2024.2.5.psyexp,2024.2.5,2025-08-21 10h57.41.138804 +0200,
0,0,0,0,0,0,0,,,,,,,,,#2AB7EF,565.0355191230774,True,l,hit,617.5010204315186,985.3565692901611,text_04,115,5,2back_dual_main_click,2,Robinson,11,10,21,120,60,565.088303565979,,,,,,,,,,25,01,yes,no,no,2025-08-21_10h55.23.375,EXNAT_4_TMS_Psychopy2024.2.5.psyexp,2024.2.5,2025-08-21 10h57.41.138804 +0200,
0,0,0,0,0,0,0,,,,,,,,,#2AB7EF,566.0747904777527,True,l,hit,698.230504989624,954.0839195251465,text_04,116,5,2back_dual_main_click,2,ab,11,10,21,120,60,,,,,,,,,,,25,01,yes,no,no,2025-08-21_10h55.23.375,EXNAT_4_TMS_Psychopy2024.2.5.psyexp,2024.2.5,2025-08-21 10h57.41.138804 +0200,
0,0,0,0,0,0,0,,,,,,,,,#D292F3,567.0846545696259,False,space,correct rejection,None,1192.3136711120605,text_04,117,5,2back_dual_main_click,2,1940,11,10,21,120,60,,,,,,,,,,,25,01,yes,no,no,2025-08-21_10h55.23.375,EXNAT_4_TMS_Psychopy2024.2.5.psyexp,2024.2.5,2025-08-21 10h57.41.138804 +0200,
0,0,0,0,0,0,0,,,,,,,,,#F989A2,568.3314759731293,False,space,correct rejection,None,1001.4002323150635,text_04,118,5,2back_dual_main_click,2,direkt,11,10,21,120,60,,,,,,,,,,,25,01,yes,no,no,2025-08-21_10h55.23.375,EXNAT_4_TMS_Psychopy2024.2.5.psyexp,2024.2.5,2025-08-21 10h57.41.138804 +0200,
0,0,0,0,0,0,0,,,,,,,,,#D292F3,569.3884880542755,True,l,hit,520.4646587371826,808.4244728088379,text_04,119,5,2back_dual_main_click,2,für,11,10,21,120,60,,,,,,,,,,,25,01,yes,no,no,2025-08-21_10h55.23.375,EXNAT_4_TMS_Psychopy2024.2.5.psyexp,2024.2.5,2025-08-21 10h57.41.138804 +0200,
0,0,0,0,0,0,0,,,,,,,,,#F989A2,570.2533850669861,True,l,hit,663.6209487915039,919.5168018341064,text_04,120,5,2back_dual_main_click,2,den,11,11,22,120,60,570.3054449558258,,,,,,,,,,25,01,yes,no,no,2025-08-21_10h55.23.375,EXNAT_4_TMS_Psychopy2024.2.5.psyexp,2024.2.5,2025-08-21 10h57.41.138804 +0200,
0,0,0,0,0,0,0,,,,,,,,,#D292F3,571.2275404930115,True,l,hit,905.4388999938965,1113.2543087005615,text_04,121,5,2back_dual_main_click,2,Comic-Verlag.,11,11,22,120,60,,,,,,,,,,,25,01,yes,no,no,2025-08-21_10h55.23.375,EXNAT_4_TMS_Psychopy2024.2.5.psyexp,2024.2.5,2025-08-21 10h57.41.138804 +0200,
0,0,0,0,0,0,0,,,,,,,,,#2AB7EF,572.3804321289062,False,space,correct rejection,None,1160.5002880096436,text_04,122,5,2back_dual_main_click,2,Dort,11,11,22,120,60,,,,,,,,,,,25,01,yes,no,no,2025-08-21_10h55.23.375,EXNAT_4_TMS_Psychopy2024.2.5.psyexp,2024.2.5,2025-08-21 10h57.41.138804 +0200,
0,0,0,0,0,0,0,,,,,,,,,#88BA3F,573.5794498920441,False,space,correct rejection,None,969.5379734039307,text_04,123,5,2back_dual_main_click,2,zeichnete,11,11,22,120,60,,,,,,,,,,,25,01,yes,no,no,2025-08-21_10h55.23.375,EXNAT_4_TMS_Psychopy2024.2.5.psyexp,2024.2.5,2025-08-21 10h57.41.138804 +0200,
0,0,0,0,0,0,0,,,,,,,,,#2AB7EF,574.5879416465759,True,l,hit,552.9470443725586,840.8622741699219,text_04,124,5,2back_dual_main_click,2,er,11,12,23,120,60,575.3052682876587,,,,,,,,,,25,01,yes,no,no,2025-08-21_10h55.23.375,EXNAT_4_TMS_Psychopy2024.2.5.psyexp,2024.2.5,2025-08-21 10h57.41.138804 +0200,
0,0,0,0,0,0,0,,,,,,,,,#2AB7EF,575.4669387340546,False,space,correct rejection,None,1386.0843181610107,text_04,125,5,2back_dual_main_click,2,zeitweise,11,12,23,120,60,,,,,,,,,,,25,01,yes,no,no,2025-08-21_10h55.23.375,EXNAT_4_TMS_Psychopy2024.2.5.psyexp,2024.2.5,2025-08-21 10h57.41.138804 +0200,
0,0,0,0,0,0,0,,,,,,,,,#D292F3,576.9059655666351,False,space,correct rejection,None,1131.0250759124756,text_04,126,5,2back_dual_main_click,2,mit,11,12,23,120,60,,,,,,,,,,,25,01,yes,no,no,2025-08-21_10h55.23.375,EXNAT_4_TMS_Psychopy2024.2.5.psyexp,2024.2.5,2025-08-21 10h57.41.138804 +0200,
0,0,0,0,0,0,0,,,,,,,,,#88BA3F,578.0890572071075,False,space,correct rejection,None,1131.9384574890137,text_04,127,5,2back_dual_main_click,2,Joe,11,12,23,120,60,,,,,,,,,,,25,01,yes,no,no,2025-08-21_10h55.23.375,EXNAT_4_TMS_Psychopy2024.2.5.psyexp,2024.2.5,2025-08-21 10h57.41.138804 +0200,
0,0,0,0,0,0,0,,,,,,,,,#88BA3F,579.2779033184052,False,space,correct rejection,None,1175.039529800415,text_04,128,5,2back_dual_main_click,2,"Shuster,",12,12,24,120,60,580.3053598403931,,,,,,,,,,25,01,yes,no,no,2025-08-21_10h55.23.375,EXNAT_4_TMS_Psychopy2024.2.5.psyexp,2024.2.5,2025-08-21 10h57.41.138804 +0200,
0,0,0,0,0,0,0,,,,,,,,,#F989A2,580.5054483413696,False,space,correct rejection,None,1803.5502433776855,text_04,129,5,2back_dual_main_click,2,dem,12,12,24,120,60,,,,,,,,,,,25,01,yes,no,no,2025-08-21_10h55.23.375,EXNAT_4_TMS_Psychopy2024.2.5.psyexp,2024.2.5,2025-08-21 10h57.41.138804 +0200,
0,0,0,0,0,0,0,,,,,,,,,#F989A2,582.3643975257874,False,space,correct rejection,None,1064.4996166229248,text_04,130,5,2back_dual_main_click,2,Miterfinder,12,12,24,120,60,,,,,,,,,,,25,01,yes,no,no,2025-08-21_10h55.23.375,EXNAT_4_TMS_Psychopy2024.2.5.psyexp,2024.2.5,2025-08-21 10h57.41.138804 +0200,
0,0,0,0,0,0,0,,,,,,,,,#F989A2,583.4671401977539,True,l,hit,473.9067554473877,809.7655773162842,text_04,131,5,2back_dual_main_click,2,von,12,12,24,120,60,,,,,,,,,,,25,01,yes,no,no,2025-08-21_10h55.23.375,EXNAT_4_TMS_Psychopy2024.2.5.psyexp,2024.2.5,2025-08-21 10h57.41.138804 +0200,
0,0,0,0,0,0,0,,,,,,,,,#D292F3,584.316992521286,False,space,correct rejection,None,1495.9897994995117,text_04,132,5,2back_dual_main_click,2,Superman.,13,12,25,120,60,585.3053503036499,,,,,,,,,,25,01,yes,no,no,2025-08-21_10h55.23.375,EXNAT_4_TMS_Psychopy2024.2.5.psyexp,2024.2.5,2025-08-21 10h57.41.138804 +0200,
0,0,0,0,0,0,0,,,,,,,,,#D292F3,585.8689014911652,False,space,correct rejection,None,1416.0447120666504,text_04,133,5,2back_dual_main_click,2,Robinson,13,12,25,120,60,,,,,,,,,,,25,01,yes,no,no,2025-08-21_10h55.23.375,EXNAT_4_TMS_Psychopy2024.2.5.psyexp,2024.2.5,2025-08-21 10h57.41.138804 +0200,
0,0,0,0,0,0,0,,,,,,,,,#2AB7EF,587.3384532928467,False,space,correct rejection,None,954.5025825500488,text_04,134,5,2back_dual_main_click,2,setzte,13,12,25,120,60,,,,,,,,,,,25,01,yes,no,no,2025-08-21_10h55.23.375,EXNAT_4_TMS_Psychopy2024.2.5.psyexp,2024.2.5,2025-08-21 10h57.41.138804 +0200,
0,0,0,0,0,0,0,,,,,,,,,#2AB7EF,588.3471250534058,False,space,correct rejection,None,1945.7664489746094,text_04,135,5,2back_dual_main_click,2,sich,13,12,25,120,60,,,,,,,,,,,25,01,yes,no,no,2025-08-21_10h55.23.375,EXNAT_4_TMS_Psychopy2024.2.5.psyexp,2024.2.5,2025-08-21 10h57.41.138804 +0200,
0,0,0,0,0,0,0,,,,,,,,,#F989A2,590.3479714393616,False,space,correct rejection,None,841.0232067108154,text_04,136,5,2back_dual_main_click,2,später,13,12,25,120,60,,,,,,,,,,,25,01,yes,no,no,2025-08-21_10h55.23.375,EXNAT_4_TMS_Psychopy2024.2.5.psyexp,2024.2.5,2025-08-21 10h57.41.138804 +0200,
0,0,0,0,0,0,0,,,,,,,,,#88BA3F,591.2408113479614,False,space,correct rejection,None,988.2361888885498,text_04,137,5,2back_dual_main_click,2,für,14,12,26,120,60,591.2939968109131,,,,,,,,,,25,01,yes,no,no,2025-08-21_10h55.23.375,EXNAT_4_TMS_Psychopy2024.2.5.psyexp,2024.2.5,2025-08-21 10h57.41.138804 +0200,
0,0,0,0,0,0,0,,,,,,,,,#F989A2,592.2846643924713,True,l,hit,696.282148361206,984.2169284820557,text_04,138,5,2back_dual_main_click,2,die,14,12,26,120,60,,,,,,,,,,,25,01,yes,no,no,2025-08-21_10h55.23.375,EXNAT_4_TMS_Psychopy2024.2.5.psyexp,2024.2.5,2025-08-21 10h57.41.138804 +0200,
0,0,0,0,0,0,0,,,,,,,,,#D292F3,593.3215365409851,False,space,correct rejection,None,955.4738998413086,text_04,139,5,2back_dual_main_click,2,Rechte,14,12,26,120,60,,,,,,,,,,,25,01,yes,no,no,2025-08-21_10h55.23.375,EXNAT_4_TMS_Psychopy2024.2.5.psyexp,2024.2.5,2025-08-21 10h57.41.138804 +0200,
0,0,0,0,0,0,0,,,,,,,,,#2AB7EF,594.3307149410248,False,space,correct rejection,None,922.0702648162842,text_04,140,5,2back_dual_main_click,2,von,14,12,26,120,60,,,,,,,,,,,25,01,yes,no,no,2025-08-21_10h55.23.375,EXNAT_4_TMS_Psychopy2024.2.5.psyexp,2024.2.5,2025-08-21 10h57.41.138804 +0200,
0,0,0,0,0,0,0,,,,,,,,,#88BA3F,595.3067157268524,False,space,correct rejection,None,1098.2868671417236,text_04,141,5,2back_dual_main_click,2,Comic-Künstlern,14,12,26,120,60,,,,,,,,,,,25,01,yes,no,no,2025-08-21_10h55.23.375,EXNAT_4_TMS_Psychopy2024.2.5.psyexp,2024.2.5,2025-08-21 10h57.41.138804 +0200,
0,0,0,0,0,0,0,,,,,,,,,#D292F3,596.4596996307373,False,space,correct rejection,None,1337.3618125915527,text_04,142,5,2back_dual_main_click,2,ein.,14,12,26,120,60,,,,,,,,,,,25,01,yes,no,no,2025-08-21_10h55.23.375,EXNAT_4_TMS_Psychopy2024.2.5.psyexp,2024.2.5,2025-08-21 10h57.41.138804 +0200,
0,0,0,0,0,0,0,,,,,,,,,#F989A2,597.8537406921387,False,space,correct rejection,None,887.1397972106934,text_04,143,5,2back_dual_main_click,2,Er,14,12,26,120,60,,,,,,,,,,,25,01,yes,no,no,2025-08-21_10h55.23.375,EXNAT_4_TMS_Psychopy2024.2.5.psyexp,2024.2.5,2025-08-21 10h57.41.138804 +0200,
0,0,0,0,0,0,0,,,,,,,,,#88BA3F,598.7955191135406,False,space,correct rejection,None,1097.4304676055908,text_04,144,5,2back_dual_main_click,2,starb,14,12,26,120,60,,,,,,,,,,,25,01,yes,no,no,2025-08-21_10h55.23.375,EXNAT_4_TMS_Psychopy2024.2.5.psyexp,2024.2.5,2025-08-21 10h57.41.138804 +0200,
0,0,0,0,0,0,0,,,,,,,,,#2AB7EF,599.9485287666321,False,space,correct rejection,None,1080.561637878418,text_04,145,5,2back_dual_main_click,2,2011,14,12,26,120,60,,,,,,,,,,,25,01,yes,no,no,2025-08-21_10h55.23.375,EXNAT_4_TMS_Psychopy2024.2.5.psyexp,2024.2.5,2025-08-21 10h57.41.138804 +0200,
0,0,0,0,0,0,0,,,,,,,,,#D292F3,601.0851883888245,False,space,correct rejection,None,935.8179569244385,text_04,146,5,2back_dual_main_click,2,im,14,12,26,120,60,,,,,,,,,,,25,01,yes,no,no,2025-08-21_10h55.23.375,EXNAT_4_TMS_Psychopy2024.2.5.psyexp,2024.2.5,2025-08-21 10h57.41.138804 +0200,
0,0,0,0,0,0,0,,,,,,,,,#2AB7EF,602.0729811191559,True,l,hit,939.9843215942383,1211.8804454803467,text_04,147,5,2back_dual_main_click,2,Alter,14,13,27,120,60,602.123857498169,,,,,,,,,,25,01,yes,no,no,2025-08-21_10h55.23.375,EXNAT_4_TMS_Psychopy2024.2.5.psyexp,2024.2.5,2025-08-21 10h57.41.138804 +0200,
0,0,0,0,0,0,0,,,,,,,,,#88BA3F,603.3400728702545,False,space,correct rejection,None,1144.6812152862549,text_04,148,5,2back_dual_main_click,2,von,14,13,27,120,60,,,,,,,,,,,25,01,yes,no,no,2025-08-21_10h55.23.375,EXNAT_4_TMS_Psychopy2024.2.5.psyexp,2024.2.5,2025-08-21 10h57.41.138804 +0200,
0,0,0,0,0,0,0,,,,,,,,,#D292F3,604.5395543575287,False,space,correct rejection,None,937.4837875366211,text_04,149,5,2back_dual_main_click,2,89,14,13,27,120,60,,,,,,,,,,,25,01,yes,no,no,2025-08-21_10h55.23.375,EXNAT_4_TMS_Psychopy2024.2.5.psyexp,2024.2.5,2025-08-21 10h57.41.138804 +0200,
0,0,0,0,0,0,0,,,,,,,,,#88BA3F,605.5322706699371,True,l,hit,424.78299140930176,728.6720275878906,text_04,150,5,2back_dual_main_click,2,Jahren.,14,13,27,120,60,,,,,,,,,,,25,01,yes,no,no,2025-08-21_10h55.23.375,EXNAT_4_TMS_Psychopy2024.2.5.psyexp,2024.2.5,2025-08-21 10h57.41.138804 +0200,
0,0,0,0,0,0,0,,,,,,,,,,606.317973613739,,2,,,,text_04,,5,2back_dual_main_click,,,,,,,,,Q1,b,True,,,,,,,25,01,yes,no,no,2025-08-21_10h55.23.375,EXNAT_4_TMS_Psychopy2024.2.5.psyexp,2024.2.5,2025-08-21 10h57.41.138804 +0200,
0,0,0,0,0,0,0,,,,,,,,,,611.6974294185638,,NA,,,,text_04,,5,2back_dual_main_click,,,,,,,,,Q2,NA,False,,,,,,,25,01,yes,no,no,2025-08-21_10h55.23.375,EXNAT_4_TMS_Psychopy2024.2.5.psyexp,2024.2.5,2025-08-21 10h57.41.138804 +0200,
0,0,0,0,0,0,0,,,,,,,,,,621.7370913028717,,3,,,,text_04,,5,2back_dual_main_click,,,,,,,,,Q3,c,True,,,,,,,25,01,yes,no,no,2025-08-21_10h55.23.375,EXNAT_4_TMS_Psychopy2024.2.5.psyexp,2024.2.5,2025-08-21 10h57.41.138804 +0200,
0,0,0,0,0,0,0,,,,,,,,,#F989A2,664.0496802330017,False,space,correct rejection,None,915.3039455413818,text_11,1,6,2back_dual_main_click,2,Jane,15,13,28,120,60,664.103776216507,,,,,,,,,,25,01,yes,no,no,2025-08-21_10h55.23.375,EXNAT_4_TMS_Psychopy2024.2.5.psyexp,2024.2.5,2025-08-21 10h57.41.138804 +0200,
0,0,0,0,0,0,0,,,,,,,,,#D292F3,664.9998488426208,False,space,correct rejection,None,1069.1792964935303,text_11,2,6,2back_dual_main_click,2,Austen,15,13,28,120,60,,,,,,,,,,,25,01,yes,no,no,2025-08-21_10h55.23.375,EXNAT_4_TMS_Psychopy2024.2.5.psyexp,2024.2.5,2025-08-21 10h57.41.138804 +0200,
0,0,0,0,0,0,0,,,,,,,,,#2AB7EF,666.108124256134,False,space,correct rejection,None,728.8999557495117,text_11,3,6,2back_dual_main_click,2,ist,15,13,28,120,60,,,,,,,,,,,25,01,yes,no,no,2025-08-21_10h55.23.375,EXNAT_4_TMS_Psychopy2024.2.5.psyexp,2024.2.5,2025-08-21 10h57.41.138804 +0200,
0,0,0,0,0,0,0,,,,,,,,,#D292F3,666.8761646747589,True,space,miss,None,1192.7120685577393,text_11,4,6,2back_dual_main_click,2,eine,15,13,28,120,60,,,,,,,,,,,25,01,yes,no,no,2025-08-21_10h55.23.375,EXNAT_4_TMS_Psychopy2024.2.5.psyexp,2024.2.5,2025-08-21 10h57.41.138804 +0200,
0,0,0,0,0,0,0,,,,,,,,,#88BA3F,668.1076982021332,False,space,correct rejection,None,745.2538013458252,text_11,5,6,2back_dual_main_click,2,der,15,13,28,120,60,,,,,,,,,,,25,01,yes,no,no,2025-08-21_10h55.23.375,EXNAT_4_TMS_Psychopy2024.2.5.psyexp,2024.2.5,2025-08-21 10h57.41.138804 +0200,
0,0,0,0,0,0,0,,,,,,,,,#2AB7EF,668.8941042423248,False,space,correct rejection,None,1094.9199199676514,text_11,6,6,2back_dual_main_click,2,bekanntesten,15,13,28,120,60,,,,,,,,,,,25,01,yes,no,no,2025-08-21_10h55.23.375,EXNAT_4_TMS_Psychopy2024.2.5.psyexp,2024.2.5,2025-08-21 10h57.41.138804 +0200,
0,0,0,0,0,0,0,,,,,,,,,#88BA3F,670.0466253757477,True,l,hit,582.3023319244385,838.2461071014404,text_11,7,6,2back_dual_main_click,2,Schriftstellerinnen,15,14,29,120,60,670.0999643802643,,,,,,,,,,25,01,yes,no,no,2025-08-21_10h55.23.375,EXNAT_4_TMS_Psychopy2024.2.5.psyexp,2024.2.5,2025-08-21 10h57.41.138804 +0200,
0,0,0,0,0,0,0,,,,,,,,,#F989A2,670.9407379627228,False,space,correct rejection,None,1096.2743759155273,text_11,8,6,2back_dual_main_click,2,Englands.,15,14,29,120,60,,,,,,,,,,,25,01,yes,no,no,2025-08-21_10h55.23.375,EXNAT_4_TMS_Psychopy2024.2.5.psyexp,2024.2.5,2025-08-21 10h57.41.138804 +0200,
0,0,0,0,0,0,0,,,,,,,,,#2AB7EF,672.0914340019226,False,space,correct rejection,None,1145.5745697021484,text_11,9,6,2back_dual_main_click,2,Sie,15,14,29,120,60,,,,,,,,,,,25,01,yes,no,no,2025-08-21_10h55.23.375,EXNAT_4_TMS_Psychopy2024.2.5.psyexp,2024.2.5,2025-08-21 10h57.41.138804 +0200,
0,0,0,0,0,0,0,,,,,,,,,#88BA3F,673.2919774055481,False,space,correct rejection,None,969.078540802002,text_11,10,6,2back_dual_main_click,2,schrieb,15,14,29,120,60,,,,,,,,,,,25,01,yes,no,no,2025-08-21_10h55.23.375,EXNAT_4_TMS_Psychopy2024.2.5.psyexp,2024.2.5,2025-08-21 10h57.41.138804 +0200,
0,0,0,0,0,0,0,,,,,,,,,#F989A2,674.3166394233704,False,space,correct rejection,None,936.3055229187012,text_11,11,6,2back_dual_main_click,2,berühmte,15,14,29,120,60,,,,,,,,,,,25,01,yes,no,no,2025-08-21_10h55.23.375,EXNAT_4_TMS_Psychopy2024.2.5.psyexp,2024.2.5,2025-08-21 10h57.41.138804 +0200,
0,0,0,0,0,0,0,,,,,,,,,#D292F3,675.3072698116302,False,space,correct rejection,None,1017.7514553070068,text_11,12,6,2back_dual_main_click,2,Romane,16,14,30,120,60,675.3600409030914,,,,,,,,,,25,01,yes,no,no,2025-08-21_10h55.23.375,EXNAT_4_TMS_Psychopy2024.2.5.psyexp,2024.2.5,2025-08-21 10h57.41.138804 +0200,
0,0,0,0,0,0,0,,,,,,,,,#F989A2,676.3789753913879,True,l,hit,986.0730171203613,1241.8925762176514,text_11,13,6,2back_dual_main_click,2,wie,16,14,30,120,60,,,,,,,,,,,25,01,yes,no,no,2025-08-21_10h55.23.375,EXNAT_4_TMS_Psychopy2024.2.5.psyexp,2024.2.5,2025-08-21 10h57.41.138804 +0200,
0,0,0,0,0,0,0,,,,,,,,,#88BA3F,677.6760559082031,False,space,correct rejection,None,840.8908843994141,text_11,14,6,2back_dual_main_click,2,""Stolz,16,14,30,120,60,,,,,,,,,,,25,01,yes,no,no,2025-08-21_10h55.23.375,EXNAT_4_TMS_Psychopy2024.2.5.psyexp,2024.2.5,2025-08-21 10h57.41.138804 +0200,
0,0,0,0,0,0,0,,,,,,,,,#2AB7EF,678.5711414813995,False,space,correct rejection,None,1097.8517532348633,text_11,15,6,2back_dual_main_click,2,und,16,14,30,120,60,,,,,,,,,,,25,01,yes,no,no,2025-08-21_10h55.23.375,EXNAT_4_TMS_Psychopy2024.2.5.psyexp,2024.2.5,2025-08-21 10h57.41.138804 +0200,
0,0,0,0,0,0,0,,,,,,,,,#D292F3,679.7228374481201,False,space,correct rejection,None,1018.1839466094971,text_11,16,6,2back_dual_main_click,2,Vorurteil"",16,14,30,120,60,,,,,,,,,,,25,01,yes,no,no,2025-08-21_10h55.23.375,EXNAT_4_TMS_Psychopy2024.2.5.psyexp,2024.2.5,2025-08-21 10h57.41.138804 +0200,
0,0,0,0,0,0,0,,,,,,,,,#2AB7EF,680.7964339256287,True,l,hit,952.6543617248535,1208.4710597991943,text_11,17,6,2back_dual_main_click,2,und,16,14,30,120,60,,,,,,,,,,,25,01,yes,no,no,2025-08-21_10h55.23.375,EXNAT_4_TMS_Psychopy2024.2.5.psyexp,2024.2.5,2025-08-21 10h57.41.138804 +0200,
0,0,0,0,0,0,0,,,,,,,,,#D292F3,682.0589156150818,True,space,miss,None,1145.9457874298096,text_11,18,6,2back_dual_main_click,2,""Emma"".,16,15,31,120,60,682.1144239902496,,,,,,,,,,25,01,yes,no,no,2025-08-21_10h55.23.375,EXNAT_4_TMS_Psychopy2024.2.5.psyexp,2024.2.5,2025-08-21 10h57.41.138804 +0200,
0,0,0,0,0,0,0,,,,,,,,,#2AB7EF,683.2570133209229,True,l,hit,907.933235168457,1259.856939315796,text_11,19,6,2back_dual_main_click,2,Viele,16,15,31,120,60,,,,,,,,,,,25,01,yes,no,no,2025-08-21_10h55.23.375,EXNAT_4_TMS_Psychopy2024.2.5.psyexp,2024.2.5,2025-08-21 10h57.41.138804 +0200,
0,0,0,0,0,0,0,,,,,,,,,#F989A2,684.5724110603333,False,space,correct rejection,None,1208.6610794067383,text_11,20,6,2back_dual_main_click,2,Menschen,16,15,31,120,60,,,,,,,,,,,25,01,yes,no,no,2025-08-21_10h55.23.375,EXNAT_4_TMS_Psychopy2024.2.5.psyexp,2024.2.5,2025-08-21 10h57.41.138804 +0200,
0,0,0,0,0,0,0,,,,,,,,,#F989A2,685.8217658996582,False,space,correct rejection,None,759.1695785522461,text_11,21,6,2back_dual_main_click,2,"denken,",16,15,31,120,60,,,,,,,,,,,25,01,yes,no,no,2025-08-21_10h55.23.375,EXNAT_4_TMS_Psychopy2024.2.5.psyexp,2024.2.5,2025-08-21 10h57.41.138804 +0200,
0,0,0,0,0,0,0,,,,,,,,,#88BA3F,686.6199469566345,False,space,correct rejection,None,825.0489234924316,text_11,22,6,2back_dual_main_click,2,dass,16,15,31,120,60,,,,,,,,,,,25,01,yes,no,no,2025-08-21_10h55.23.375,EXNAT_4_TMS_Psychopy2024.2.5.psyexp,2024.2.5,2025-08-21 10h57.41.138804 +0200,
0,0,0,0,0,0,0,,,,,,,,,#D292F3,687.4836750030518,False,space,correct rejection,None,1289.3376350402832,text_11,23,6,2back_dual_main_click,2,sie,17,15,32,120,60,687.5347347259521,,,,,,,,,,25,01,yes,no,no,2025-08-21_10h55.23.375,EXNAT_4_TMS_Psychopy2024.2.5.psyexp,2024.2.5,2025-08-21 10h57.41.138804 +0200,
0,0,0,0,0,0,0,,,,,,,,,#88BA3F,688.8119826316833,True,l,hit,488.92879486083984,808.8812828063965,text_11,24,6,2back_dual_main_click,2,perfekt,17,15,32,120,60,,,,,,,,,,,25,01,yes,no,no,2025-08-21_10h55.23.375,EXNAT_4_TMS_Psychopy2024.2.5.psyexp,2024.2.5,2025-08-21 10h57.41.138804 +0200,
0,0,0,0,0,0,0,,,,,,,,,#88BA3F,689.6605687141418,False,space,correct rejection,None,952.3780345916748,text_11,25,6,2back_dual_main_click,2,schreiben,17,15,32,120,60,,,,,,,,,,,25,01,yes,no,no,2025-08-21_10h55.23.375,EXNAT_4_TMS_Psychopy2024.2.5.psyexp,2024.2.5,2025-08-21 10h57.41.138804 +0200,
0,0,0,0,0,0,0,,,,,,,,,#2AB7EF,690.6514446735382,False,space,correct rejection,None,937.5066757202148,text_11,26,6,2back_dual_main_click,2,konnte.,17,15,32,120,60,,,,,,,,,,,25,01,yes,no,no,2025-08-21_10h55.23.375,EXNAT_4_TMS_Psychopy2024.2.5.psyexp,2024.2.5,2025-08-21 10h57.41.138804 +0200,
0,0,0,0,0,0,0,,,,,,,,,#D292F3,691.6300008296967,False,space,correct rejection,None,886.8546485900879,text_11,27,6,2back_dual_main_click,2,Neue,17,15,32,120,60,,,,,,,,,,,25,01,yes,no,no,2025-08-21_10h55.23.375,EXNAT_4_TMS_Psychopy2024.2.5.psyexp,2024.2.5,2025-08-21 10h57.41.138804 +0200,
0,0,0,0,0,0,0,,,,,,,,,#88BA3F,692.557900428772,False,space,correct rejection,None,1495.1953887939453,text_11,28,6,2back_dual_main_click,2,Forschungen,17,15,32,120,60,,,,,,,,,,,25,01,yes,no,no,2025-08-21_10h55.23.375,EXNAT_4_TMS_Psychopy2024.2.5.psyexp,2024.2.5,2025-08-21 10h57.41.138804 +0200,
0,0,0,0,0,0,0,,,,,,,,,#2AB7EF,694.1083924770355,False,space,correct rejection,None,1480.6039333343506,text_11,29,6,2back_dual_main_click,2,zeigen,17,15,32,120,60,,,,,,,,,,,25,01,yes,no,no,2025-08-21_10h55.23.375,EXNAT_4_TMS_Psychopy2024.2.5.psyexp,2024.2.5,2025-08-21 10h57.41.138804 +0200,
0,0,0,0,0,0,0,,,,,,,,,#D292F3,695.642254114151,False,space,correct rejection,None,858.5946559906006,text_11,30,6,2back_dual_main_click,2,"aber,",17,15,32,120,60,,,,,,,,,,,25,01,yes,no,no,2025-08-21_10h55.23.375,EXNAT_4_TMS_Psychopy2024.2.5.psyexp,2024.2.5,2025-08-21 10h57.41.138804 +0200,
0,0,0,0,0,0,0,,,,,,,,,#88BA3F,696.5542991161346,False,space,correct rejection,None,730.6797504425049,text_11,31,6,2back_dual_main_click,2,dass,17,15,32,120,60,,,,,,,,,,,25,01,yes,no,no,2025-08-21_10h55.23.375,EXNAT_4_TMS_Psychopy2024.2.5.psyexp,2024.2.5,2025-08-21 10h57.41.138804 +0200,
0,0,0,0,0,0,0,,,,,,,,,#F989A2,697.339292049408,False,space,correct rejection,None,1257.6496601104736,text_11,32,6,2back_dual_main_click,2,das,17,15,32,120,60,,,,,,,,,,,25,01,yes,no,no,2025-08-21_10h55.23.375,EXNAT_4_TMS_Psychopy2024.2.5.psyexp,2024.2.5,2025-08-21 10h57.41.138804 +0200,
0,0,0,0,0,0,0,,,,,,,,,#F989A2,698.6518278121948,False,space,correct rejection,None,905.1203727722168,text_11,33,6,2back_dual_main_click,2,nicht,17,15,32,120,60,,,,,,,,,,,25,01,yes,no,no,2025-08-21_10h55.23.375,EXNAT_4_TMS_Psychopy2024.2.5.psyexp,2024.2.5,2025-08-21 10h57.41.138804 +0200,
0,0,0,0,0,0,0,,,,,,,,,#2AB7EF,699.6121129989624,False,space,correct rejection,None,1080.6784629821777,text_11,34,6,2back_dual_main_click,2,ganz,17,15,32,120,60,,,,,,,,,,,25,01,yes,no,no,2025-08-21_10h55.23.375,EXNAT_4_TMS_Psychopy2024.2.5.psyexp,2024.2.5,2025-08-21 10h57.41.138804 +0200,
0,0,0,0,0,0,0,,,,,,,,,#F989A2,700.7443192005157,True,l,hit,716.6306972503662,1004.5506954193115,text_11,35,6,2back_dual_main_click,2,stimmt.,17,15,32,120,60,,,,,,,,,,,25,01,yes,no,no,2025-08-21_10h55.23.375,EXNAT_4_TMS_Psychopy2024.2.5.psyexp,2024.2.5,2025-08-21 10h57.41.138804 +0200,
0,0,0,0,0,0,0,,,,,,,,,#D292F3,701.8016655445099,False,space,correct rejection,None,1259.342908859253,text_11,36,6,2back_dual_main_click,2,Die,17,15,32,120,60,,,,,,,,,,,25,01,yes,no,no,2025-08-21_10h55.23.375,EXNAT_4_TMS_Psychopy2024.2.5.psyexp,2024.2.5,2025-08-21 10h57.41.138804 +0200,
0,0,0,0,0,0,0,,,,,,,,,#F989A2,703.1163649559021,True,l,hit,1240.5695915222168,1528.5639762878418,text_11,37,6,2back_dual_main_click,2,Forscherin,17,15,32,120,60,,,,,,,,,,,25,01,yes,no,no,2025-08-21_10h55.23.375,EXNAT_4_TMS_Psychopy2024.2.5.psyexp,2024.2.5,2025-08-21 10h57.41.138804 +0200,
0,0,0,0,0,0,0,,,,,,,,,#2AB7EF,704.7003073692322,False,space,correct rejection,None,1096.658706665039,text_11,38,6,2back_dual_main_click,2,Kathryn,17,15,32,120,60,,,,,,,,,,,25,01,yes,no,no,2025-08-21_10h55.23.375,EXNAT_4_TMS_Psychopy2024.2.5.psyexp,2024.2.5,2025-08-21 10h57.41.138804 +0200,
0,0,0,0,0,0,0,,,,,,,,,#F989A2,705.8519377708435,True,l,hit,761.0471248626709,1064.9302005767822,text_11,39,6,2back_dual_main_click,2,Sutherland,17,16,33,120,60,705.9044823646545,,,,,,,,,,25,01,yes,no,no,2025-08-21_10h55.23.375,EXNAT_4_TMS_Psychopy2024.2.5.psyexp,2024.2.5,2025-08-21 10h57.41.138804 +0200,
0,0,0,0,0,0,0,,,,,,,,,#88BA3F,706.9701488018036,False,space,correct rejection,None,1338.6783599853516,text_11,40,6,2back_dual_main_click,2,von,17,16,33,120,60,,,,,,,,,,,25,01,yes,no,no,2025-08-21_10h55.23.375,EXNAT_4_TMS_Psychopy2024.2.5.psyexp,2024.2.5,2025-08-21 10h57.41.138804 +0200,
0,0,0,0,0,0,0,,,,,,,,,#2AB7EF,708.3634402751923,False,l,false alarm,889.4858360290527,2505.312442779541,text_11,41,6,2back_dual_main_click,2,der,17,16,33,120,60,,,,,,,,,,,25,01,yes,no,no,2025-08-21_10h55.23.375,EXNAT_4_TMS_Psychopy2024.2.5.psyexp,2024.2.5,2025-08-21 10h57.41.138804 +0200,
0,0,0,0,0,0,0,,,,,,,,,#D292F3,710.9233684539795,False,space,correct rejection,None,1673.6788749694824,text_11,42,6,2back_dual_main_click,2,Universität,18,16,34,120,60,710.9782593250275,,,,,,,,,,25,01,yes,no,no,2025-08-21_10h55.23.375,EXNAT_4_TMS_Psychopy2024.2.5.psyexp,2024.2.5,2025-08-21 10h57.41.138804 +0200,
0,0,0,0,0,0,0,,,,,,,,,#D292F3,712.6537852287292,False,space,correct rejection,None,1159.1832637786865,text_11,43,6,2back_dual_main_click,2,Oxford,18,16,34,120,60,,,,,,,,,,,25,01,yes,no,no,2025-08-21_10h55.23.375,EXNAT_4_TMS_Psychopy2024.2.5.psyexp,2024.2.5,2025-08-21 10h57.41.138804 +0200,
0,0,0,0,0,0,0,,,,,,,,,#F989A2,713.8673124313354,False,space,correct rejection,None,729.4754981994629,text_11,44,6,2back_dual_main_click,2,hat,18,16,34,120,60,,,,,,,,,,,25,01,yes,no,no,2025-08-21_10h55.23.375,EXNAT_4_TMS_Psychopy2024.2.5.psyexp,2024.2.5,2025-08-21 10h57.41.138804 +0200,
0,0,0,0,0,0,0,,,,,,,,,#88BA3F,714.6516768932343,False,space,correct rejection,None,1017.1489715576172,text_11,45,6,2back_dual_main_click,2,Austens,18,16,34,120,60,,,,,,,,,,,25,01,yes,no,no,2025-08-21_10h55.23.375,EXNAT_4_TMS_Psychopy2024.2.5.psyexp,2024.2.5,2025-08-21 10h57.41.138804 +0200,
0,0,0,0,0,0,0,,,,,,,,,#2AB7EF,715.7238712310791,False,space,correct rejection,None,985.2297306060791,text_11,46,6,2back_dual_main_click,2,"alte,",18,16,34,120,60,,,,,,,,,,,25,01,yes,no,no,2025-08-21_10h55.23.375,EXNAT_4_TMS_Psychopy2024.2.5.psyexp,2024.2.5,2025-08-21 10h57.41.138804 +0200,
0,0,0,0,0,0,0,,,,,,,,,#88BA3F,716.7490725517273,True,l,hit,487.9634380340576,775.855302810669,text_11,47,6,2back_dual_main_click,2,handgeschriebene,18,17,35,120,60,716.8071439266205,,,,,,,,,,25,01,yes,no,no,2025-08-21_10h55.23.375,EXNAT_4_TMS_Psychopy2024.2.5.psyexp,2024.2.5,2025-08-21 10h57.41.138804 +0200,
0,0,0,0,0,0,0,,,,,,,,,#D292F3,717.563230752945,False,space,correct rejection,None,1593.7561988830566,text_11,48,6,2back_dual_main_click,2,Texte,18,17,35,120,60,,,,,,,,,,,25,01,yes,no,no,2025-08-21_10h55.23.375,EXNAT_4_TMS_Psychopy2024.2.5.psyexp,2024.2.5,2025-08-21 10h57.41.138804 +0200,
0,0,0,0,0,0,0,,,,,,,,,#D292F3,719.2107965946198,False,space,correct rejection,None,826.2162208557129,text_11,49,6,2back_dual_main_click,2,untersucht,18,17,35,120,60,,,,,,,,,,,25,01,yes,no,no,2025-08-21_10h55.23.375,EXNAT_4_TMS_Psychopy2024.2.5.psyexp,2024.2.5,2025-08-21 10h57.41.138804 +0200,
0,0,0,0,0,0,0,,,,,,,,,#88BA3F,720.0903761386871,False,space,correct rejection,None,1066.6799545288086,text_11,50,6,2back_dual_main_click,2,und,18,17,35,120,60,,,,,,,,,,,25,01,yes,no,no,2025-08-21_10h55.23.375,EXNAT_4_TMS_Psychopy2024.2.5.psyexp,2024.2.5,2025-08-21 10h57.41.138804 +0200,
0,0,0,0,0,0,0,,,,,,,,,#2AB7EF,721.2115426063538,False,space,correct rejection,None,889.4650936126709,text_11,51,6,2back_dual_main_click,2,fand,19,17,36,120,60,721.8071568012238,,,,,,,,,,25,01,yes,no,no,2025-08-21_10h55.23.375,EXNAT_4_TMS_Psychopy2024.2.5.psyexp,2024.2.5,2025-08-21 10h57.41.138804 +0200,
0,0,0,0,0,0,0,,,,,,,,,#D292F3,722.154308795929,False,space,correct rejection,None,1322.5221633911133,text_11,52,6,2back_dual_main_click,2,einige,19,17,36,120,60,,,,,,,,,,,25,01,yes,no,no,2025-08-21_10h55.23.375,EXNAT_4_TMS_Psychopy2024.2.5.psyexp,2024.2.5,2025-08-21 10h57.41.138804 +0200,
0,0,0,0,0,0,0,,,,,,,,,#88BA3F,723.5323929786682,False,space,correct rejection,None,936.5522861480713,text_11,53,6,2back_dual_main_click,2,Fehler.,19,17,36,120,60,,,,,,,,,,,25,01,yes,no,no,2025-08-21_10h55.23.375,EXNAT_4_TMS_Psychopy2024.2.5.psyexp,2024.2.5,2025-08-21 10h57.41.138804 +0200,
0,0,0,0,0,0,0,,,,,,,,,#D292F3,724.5213468074799,True,space,miss,None,1067.622184753418,text_11,54,6,2back_dual_main_click,2,Das,19,17,36,120,60,,,,,,,,,,,25,01,yes,no,no,2025-08-21_10h55.23.375,EXNAT_4_TMS_Psychopy2024.2.5.psyexp,2024.2.5,2025-08-21 10h57.41.138804 +0200,
0,0,0,0,0,0,0,,,,,,,,,#F989A2,725.6439845561981,False,space,correct rejection,None,1129.0278434753418,text_11,55,6,2back_dual_main_click,2,Ergebnis,19,17,36,120,60,,,,,,,,,,,25,01,yes,no,no,2025-08-21_10h55.23.375,EXNAT_4_TMS_Psychopy2024.2.5.psyexp,2024.2.5,2025-08-21 10h57.41.138804 +0200,
0,0,0,0,0,0,0,,,,,,,,,#F989A2,726.8290724754333,False,space,correct rejection,None,1271.95143699646,text_11,56,6,2back_dual_main_click,2,"zeigt,",19,17,36,120,60,,,,,,,,,,,25,01,yes,no,no,2025-08-21_10h55.23.375,EXNAT_4_TMS_Psychopy2024.2.5.psyexp,2024.2.5,2025-08-21 10h57.41.138804 +0200,
0,0,0,0,0,0,0,,,,,,,,,#88BA3F,728.1549515724182,False,space,correct rejection,None,938.063383102417,text_11,57,6,2back_dual_main_click,2,dass,19,17,36,120,60,,,,,,,,,,,25,01,yes,no,no,2025-08-21_10h55.23.375,EXNAT_4_TMS_Psychopy2024.2.5.psyexp,2024.2.5,2025-08-21 10h57.41.138804 +0200,
0,0,0,0,0,0,0,,,,,,,,,#2AB7EF,729.1331977844238,False,space,correct rejection,None,919.7421073913574,text_11,58,6,2back_dual_main_click,2,ihre,19,17,36,120,60,,,,,,,,,,,25,01,yes,no,no,2025-08-21_10h55.23.375,EXNAT_4_TMS_Psychopy2024.2.5.psyexp,2024.2.5,2025-08-21 10h57.41.138804 +0200,
0,0,0,0,0,0,0,,,,,,,,,#2AB7EF,730.0941519737244,False,space,correct rejection,None,934.8363876342773,text_11,59,6,2back_dual_main_click,2,Manuskripte,19,17,36,120,60,,,,,,,,,,,25,01,yes,no,no,2025-08-21_10h55.23.375,EXNAT_4_TMS_Psychopy2024.2.5.psyexp,2024.2.5,2025-08-21 10h57.41.138804 +0200,
0,0,0,0,0,0,0,,,,,,,,,#F989A2,731.0678744316101,False,space,correct rejection,None,985.1639270782471,text_11,60,6,2back_dual_main_click,2,viele,19,17,36,120,60,,,,,,,,,,,25,01,yes,no,no,2025-08-21_10h55.23.375,EXNAT_4_TMS_Psychopy2024.2.5.psyexp,2024.2.5,2025-08-21 10h57.41.138804 +0200,
0,0,0,0,0,0,0,,,,,,,,,#D292F3,732.0934770107269,False,space,correct rejection,None,1175.2712726593018,text_11,61,6,2back_dual_main_click,2,grammatische,19,17,36,120,60,,,,,,,,,,,25,01,yes,no,no,2025-08-21_10h55.23.375,EXNAT_4_TMS_Psychopy2024.2.5.psyexp,2024.2.5,2025-08-21 10h57.41.138804 +0200,
0,0,0,0,0,0,0,,,,,,,,,#D292F3,733.3075175285339,False,space,correct rejection,None,1065.5949115753174,text_11,62,6,2back_dual_main_click,2,"Fehler,",19,17,36,120,60,,,,,,,,,,,25,01,yes,no,no,2025-08-21_10h55.23.375,EXNAT_4_TMS_Psychopy2024.2.5.psyexp,2024.2.5,2025-08-21 10h57.41.138804 +0200,
0,0,0,0,0,0,0,,,,,,,,,#88BA3F,734.4138069152832,False,space,correct rejection,None,1111.3507747650146,text_11,63,6,2back_dual_main_click,2,durchgestrichene,19,17,36,120,60,,,,,,,,,,,25,01,yes,no,no,2025-08-21_10h55.23.375,EXNAT_4_TMS_Psychopy2024.2.5.psyexp,2024.2.5,2025-08-21 10h57.41.138804 +0200,
0,0,0,0,0,0,0,,,,,,,,,#88BA3F,735.5799741744995,False,space,correct rejection,None,1657.1033000946045,text_11,64,6,2back_dual_main_click,2,Sätze,19,17,36,120,60,,,,,,,,,,,25,01,yes,no,no,2025-08-21_10h55.23.375,EXNAT_4_TMS_Psychopy2024.2.5.psyexp,2024.2.5,2025-08-21 10h57.41.138804 +0200,
0,0,0,0,0,0,0,,,,,,,,,#D292F3,737.2769064903259,False,space,correct rejection,None,1304.1350841522217,text_11,65,6,2back_dual_main_click,2,und,19,17,36,120,60,,,,,,,,,,,25,01,yes,no,no,2025-08-21_10h55.23.375,EXNAT_4_TMS_Psychopy2024.2.5.psyexp,2024.2.5,2025-08-21 10h57.41.138804 +0200,
0,0,0,0,0,0,0,,,,,,,,,#D292F3,738.6193587779999,False,space,correct rejection,None,873.6684322357178,text_11,66,6,2back_dual_main_click,2,Tintenkleckse,19,17,36,120,60,,,,,,,,,,,25,01,yes,no,no,2025-08-21_10h55.23.375,EXNAT_4_TMS_Psychopy2024.2.5.psyexp,2024.2.5,2025-08-21 10h57.41.138804 +0200,
0,0,0,0,0,0,0,,,,,,,,,#2AB7EF,739.5465867519379,False,space,correct rejection,None,842.531681060791,text_11,67,6,2back_dual_main_click,2,beinhalten.,19,17,36,120,60,,,,,,,,,,,25,01,yes,no,no,2025-08-21_10h55.23.375,EXNAT_4_TMS_Psychopy2024.2.5.psyexp,2024.2.5,2025-08-21 10h57.41.138804 +0200,
0,0,0,0,0,0,0,,,,,,,,,#F989A2,740.429291009903,False,space,correct rejection,None,1015.8259868621826,text_11,68,6,2back_dual_main_click,2,Außerdem,19,17,36,120,60,,,,,,,,,,,25,01,yes,no,no,2025-08-21_10h55.23.375,EXNAT_4_TMS_Psychopy2024.2.5.psyexp,2024.2.5,2025-08-21 10h57.41.138804 +0200,
0,0,0,0,0,0,0,,,,,,,,,#F989A2,741.4916205406189,False,space,correct rejection,None,977.4279594421387,text_11,69,6,2back_dual_main_click,2,glaubte,19,17,36,120,60,,,,,,,,,,,25,01,yes,no,no,2025-08-21_10h55.23.375,EXNAT_4_TMS_Psychopy2024.2.5.psyexp,2024.2.5,2025-08-21 10h57.41.138804 +0200,
0,0,0,0,0,0,0,,,,,,,,,#2AB7EF,742.523973941803,False,space,correct rejection,None,1657.1145057678223,text_11,70,6,2back_dual_main_click,2,man,19,17,36,120,60,,,,,,,,,,,25,01,yes,no,no,2025-08-21_10h55.23.375,EXNAT_4_TMS_Psychopy2024.2.5.psyexp,2024.2.5,2025-08-21 10h57.41.138804 +0200,
0,0,0,0,0,0,0,,,,,,,,,#88BA3F,744.2213070392609,False,space,correct rejection,None,1767.7934169769287,text_11,71,6,2back_dual_main_click,2,"lange,",19,17,36,120,60,,,,,,,,,,,25,01,yes,no,no,2025-08-21_10h55.23.375,EXNAT_4_TMS_Psychopy2024.2.5.psyexp,2024.2.5,2025-08-21 10h57.41.138804 +0200,
0,0,0,0,0,0,0,,,,,,,,,#2AB7EF,746.0440721511841,True,space,miss,None,1401.0519981384277,text_11,72,6,2back_dual_main_click,2,dass,19,18,37,120,60,746.0946042537689,,,,,,,,,,25,01,yes,no,no,2025-08-21_10h55.23.375,EXNAT_4_TMS_Psychopy2024.2.5.psyexp,2024.2.5,2025-08-21 10h57.41.138804 +0200,
0,0,0,0,0,0,0,,,,,,,,,#D292F3,747.5004732608795,False,space,correct rejection,None,1288.6593341827393,text_11,73,6,2back_dual_main_click,2,Austens,19,18,37,120,60,,,,,,,,,,,25,01,yes,no,no,2025-08-21_10h55.23.375,EXNAT_4_TMS_Psychopy2024.2.5.psyexp,2024.2.5,2025-08-21 10h57.41.138804 +0200,
0,0,0,0,0,0,0,,,,,,,,,#F989A2,748.8451266288757,False,space,correct rejection,None,871.90842628479,text_11,74,6,2back_dual_main_click,2,Stil,19,18,37,120,60,,,,,,,,,,,25,01,yes,no,no,2025-08-21_10h55.23.375,EXNAT_4_TMS_Psychopy2024.2.5.psyexp,2024.2.5,2025-08-21 10h57.41.138804 +0200,
0,0,0,0,0,0,0,,,,,,,,,#F989A2,749.7721779346466,False,space,correct rejection,None,1161.0145568847656,text_11,75,6,2back_dual_main_click,2,allein,19,18,37,120,60,,,,,,,,,,,25,01,yes,no,no,2025-08-21_10h55.23.375,EXNAT_4_TMS_Psychopy2024.2.5.psyexp,2024.2.5,2025-08-21 10h57.41.138804 +0200,
0,0,0,0,0,0,0,,,,,,,,,#88BA3F,750.9875330924988,False,space,correct rejection,None,825.5865573883057,text_11,76,6,2back_dual_main_click,2,von,20,18,38,120,60,751.0946977138519,,,,,,,,,,25,01,yes,no,no,2025-08-21_10h55.23.375,EXNAT_4_TMS_Psychopy2024.2.5.psyexp,2024.2.5,2025-08-21 10h57.41.138804 +0200,
0,0,0,0,0,0,0,,,,,,,,,#2AB7EF,751.8685064315796,False,space,correct rejection,None,872.5249767303467,text_11,77,6,2back_dual_main_click,2,ihr,20,18,38,120,60,,,,,,,,,,,25,01,yes,no,no,2025-08-21_10h55.23.375,EXNAT_4_TMS_Psychopy2024.2.5.psyexp,2024.2.5,2025-08-21 10h57.41.138804 +0200,
0,0,0,0,0,0,0,,,,,,,,,#D292F3,752.796769618988,False,space,correct rejection,None,1032.2399139404297,text_11,78,6,2back_dual_main_click,2,stammt.,20,18,38,120,60,,,,,,,,,,,25,01,yes,no,no,2025-08-21_10h55.23.375,EXNAT_4_TMS_Psychopy2024.2.5.psyexp,2024.2.5,2025-08-21 10h57.41.138804 +0200,
0,0,0,0,0,0,0,,,,,,,,,#D292F3,753.884738445282,False,space,correct rejection,None,1080.3518295288086,text_11,79,6,2back_dual_main_click,2,Doch,20,18,38,120,60,,,,,,,,,,,25,01,yes,no,no,2025-08-21_10h55.23.375,EXNAT_4_TMS_Psychopy2024.2.5.psyexp,2024.2.5,2025-08-21 10h57.41.138804 +0200,
0,0,0,0,0,0,0,,,,,,,,,#F989A2,755.020834684372,False,space,correct rejection,None,1032.1292877197266,text_11,80,6,2back_dual_main_click,2,es,20,18,38,120,60,,,,,,,,,,,25,01,yes,no,no,2025-08-21_10h55.23.375,EXNAT_4_TMS_Psychopy2024.2.5.psyexp,2024.2.5,2025-08-21 10h57.41.138804 +0200,
0,0,0,0,0,0,0,,,,,,,,,#2AB7EF,756.1058170795441,False,space,correct rejection,None,811.211347579956,text_11,81,6,2back_dual_main_click,2,sieht,20,18,38,120,60,,,,,,,,,,,25,01,yes,no,no,2025-08-21_10h55.23.375,EXNAT_4_TMS_Psychopy2024.2.5.psyexp,2024.2.5,2025-08-21 10h57.41.138804 +0200,
0,0,0,0,0,0,0,,,,,,,,,#88BA3F,756.9728999137878,False,space,correct rejection,None,1256.2508583068848,text_11,82,6,2back_dual_main_click,2,so,20,18,38,120,60,,,,,,,,,,,25,01,yes,no,no,2025-08-21_10h55.23.375,EXNAT_4_TMS_Psychopy2024.2.5.psyexp,2024.2.5,2025-08-21 10h57.41.138804 +0200,
0,0,0,0,0,0,0,,,,,,,,,#2AB7EF,758.2828822135925,True,l,hit,570.1642036437988,858.0775260925293,text_11,83,6,2back_dual_main_click,2,"aus,",20,18,38,120,60,,,,,,,,,,,25,01,yes,no,no,2025-08-21_10h55.23.375,EXNAT_4_TMS_Psychopy2024.2.5.psyexp,2024.2.5,2025-08-21 10h57.41.138804 +0200,
0,0,0,0,0,0,0,,,,,,,,,#88BA3F,759.1941833496094,True,l,hit,682.7592849731445,954.7350406646729,text_11,84,6,2back_dual_main_click,2,als,20,18,38,120,60,,,,,,,,,,,25,01,yes,no,no,2025-08-21_10h55.23.375,EXNAT_4_TMS_Psychopy2024.2.5.psyexp,2024.2.5,2025-08-21 10h57.41.138804 +0200,
0,0,0,0,0,0,0,,,,,,,,,#2AB7EF,760.204038143158,True,l,hit,649.0325927734375,904.8671722412109,text_11,85,6,2back_dual_main_click,2,ob,20,18,38,120,60,,,,,,,,,,,25,01,yes,no,no,2025-08-21_10h55.23.375,EXNAT_4_TMS_Psychopy2024.2.5.psyexp,2024.2.5,2025-08-21 10h57.41.138804 +0200,
0,0,0,0,0,0,0,,,,,,,,,#88BA3F,761.1478891372681,True,l,hit,569.2028999328613,809.0801239013672,text_11,86,6,2back_dual_main_click,2,ihre,20,18,38,120,60,,,,,,,,,,,25,01,yes,no,no,2025-08-21_10h55.23.375,EXNAT_4_TMS_Psychopy2024.2.5.psyexp,2024.2.5,2025-08-21 10h57.41.138804 +0200,
0,0,0,0,0,0,0,,,,,,,,,#2AB7EF,761.9972534179688,True,l,hit,599.6932983398438,935.6498718261719,text_11,87,6,2back_dual_main_click,2,Texte,20,19,39,120,60,762.0494258403778,,,,,,,,,,25,01,yes,no,no,2025-08-21_10h55.23.375,EXNAT_4_TMS_Psychopy2024.2.5.psyexp,2024.2.5,2025-08-21 10h57.41.138804 +0200,
0,0,0,0,0,0,0,,,,,,,,,#88BA3F,762.9695763587952,True,l,hit,539.3688678741455,859.3182563781738,text_11,88,6,2back_dual_main_click,2,vor,20,19,39,120,60,,,,,,,,,,,25,01,yes,no,no,2025-08-21_10h55.23.375,EXNAT_4_TMS_Psychopy2024.2.5.psyexp,2024.2.5,2025-08-21 10h57.41.138804 +0200,
0,0,0,0,0,0,0,,,,,,,,,#D292F3,763.868656873703,False,space,correct rejection,None,1144.381046295166,text_11,89,6,2back_dual_main_click,2,dem,20,19,39,120,60,,,,,,,,,,,25,01,yes,no,no,2025-08-21_10h55.23.375,EXNAT_4_TMS_Psychopy2024.2.5.psyexp,2024.2.5,2025-08-21 10h57.41.138804 +0200,
0,0,0,0,0,0,0,,,,,,,,,#F989A2,765.0689022541046,False,space,correct rejection,None,936.2268447875977,text_11,90,6,2back_dual_main_click,2,Druck,20,19,39,120,60,,,,,,,,,,,25,01,yes,no,no,2025-08-21_10h55.23.375,EXNAT_4_TMS_Psychopy2024.2.5.psyexp,2024.2.5,2025-08-21 10h57.41.138804 +0200,
0,0,0,0,0,0,0,,,,,,,,,#D292F3,766.0615022182465,True,l,hit,663.5069847106934,887.4173164367676,text_11,91,6,2back_dual_main_click,2,stark,20,19,39,120,60,,,,,,,,,,,25,01,yes,no,no,2025-08-21_10h55.23.375,EXNAT_4_TMS_Psychopy2024.2.5.psyexp,2024.2.5,2025-08-21 10h57.41.138804 +0200,
0,0,0,0,0,0,0,,,,,,,,,#D292F3,767.0050854682922,False,space,correct rejection,None,903.7349224090576,text_11,92,6,2back_dual_main_click,2,verbessert,21,19,40,120,60,767.0575561523438,,,,,,,,,,25,01,yes,no,no,2025-08-21_10h55.23.375,EXNAT_4_TMS_Psychopy2024.2.5.psyexp,2024.2.5,2025-08-21 10h57.41.138804 +0200,
0,0,0,0,0,0,0,,,,,,,,,#F989A2,767.9647591114044,False,space,correct rejection,None,1528.268575668335,text_11,93,6,2back_dual_main_click,2,wurden.,21,19,40,120,60,,,,,,,,,,,25,01,yes,no,no,2025-08-21_10h55.23.375,EXNAT_4_TMS_Psychopy2024.2.5.psyexp,2024.2.5,2025-08-21 10h57.41.138804 +0200,
0,0,0,0,0,0,0,,,,,,,,,#88BA3F,769.5485849380493,False,space,correct rejection,None,968.2176113128662,text_11,94,6,2back_dual_main_click,2,Sutherland,21,19,40,120,60,,,,,,,,,,,25,01,yes,no,no,2025-08-21_10h55.23.375,EXNAT_4_TMS_Psychopy2024.2.5.psyexp,2024.2.5,2025-08-21 10h57.41.138804 +0200,
0,0,0,0,0,0,0,,,,,,,,,#F989A2,770.5716028213501,True,space,miss,None,1193.3417320251465,text_11,95,6,2back_dual_main_click,2,"vermutet,",21,19,40,120,60,,,,,,,,,,,25,01,yes,no,no,2025-08-21_10h55.23.375,EXNAT_4_TMS_Psychopy2024.2.5.psyexp,2024.2.5,2025-08-21 10h57.41.138804 +0200,
0,0,0,0,0,0,0,,,,,,,,,#2AB7EF,771.8182625770569,False,space,correct rejection,None,1018.6991691589355,text_11,96,6,2back_dual_main_click,2,dass,21,19,40,120,60,,,,,,,,,,,25,01,yes,no,no,2025-08-21_10h55.23.375,EXNAT_4_TMS_Psychopy2024.2.5.psyexp,2024.2.5,2025-08-21 10h57.41.138804 +0200,
0,0,0,0,0,0,0,,,,,,,,,#2AB7EF,772.8915560245514,False,space,correct rejection,None,1049.3757724761963,text_11,97,6,2back_dual_main_click,2,Austens,21,19,40,120,60,,,,,,,,,,,25,01,yes,no,no,2025-08-21_10h55.23.375,EXNAT_4_TMS_Psychopy2024.2.5.psyexp,2024.2.5,2025-08-21 10h57.41.138804 +0200,
0,0,0,0,0,0,0,,,,,,,,,#F989A2,773.9953472614288,False,space,correct rejection,None,1177.757740020752,text_11,98,6,2back_dual_main_click,2,Texte,21,19,40,120,60,,,,,,,,,,,25,01,yes,no,no,2025-08-21_10h55.23.375,EXNAT_4_TMS_Psychopy2024.2.5.psyexp,2024.2.5,2025-08-21 10h57.41.138804 +0200,
0,0,0,0,0,0,0,,,,,,,,,#F989A2,775.2278366088867,False,space,correct rejection,None,889.1241550445557,text_11,99,6,2back_dual_main_click,2,vor,21,19,40,120,60,,,,,,,,,,,25,01,yes,no,no,2025-08-21_10h55.23.375,EXNAT_4_TMS_Psychopy2024.2.5.psyexp,2024.2.5,2025-08-21 10h57.41.138804 +0200,
0,0,0,0,0,0,0,,,,,,,,,#88BA3F,776.1716883182526,False,space,correct rejection,None,905.1287174224854,text_11,100,6,2back_dual_main_click,2,der,21,19,40,120,60,,,,,,,,,,,25,01,yes,no,no,2025-08-21_10h55.23.375,EXNAT_4_TMS_Psychopy2024.2.5.psyexp,2024.2.5,2025-08-21 10h57.41.138804 +0200,
0,0,0,0,0,0,0,,,,,,,,,#D292F3,777.1158876419067,False,space,correct rejection,None,921.0844039916992,text_11,101,6,2back_dual_main_click,2,Veröffentlichung,21,19,40,120,60,,,,,,,,,,,25,01,yes,no,no,2025-08-21_10h55.23.375,EXNAT_4_TMS_Psychopy2024.2.5.psyexp,2024.2.5,2025-08-21 10h57.41.138804 +0200,
0,0,0,0,0,0,0,,,,,,,,,#88BA3F,778.0750682353973,True,space,miss,None,1097.9511737823486,text_11,102,6,2back_dual_main_click,2,stark,21,20,41,120,60,778.1408262252808,,,,,,,,,,25,01,yes,no,no,2025-08-21_10h55.23.375,EXNAT_4_TMS_Psychopy2024.2.5.psyexp,2024.2.5,2025-08-21 10h57.41.138804 +0200,
0,0,0,0,0,0,0,,,,,,,,,#D292F3,779.2131807804108,True,space,miss,None,775.7813930511475,text_11,103,6,2back_dual_main_click,2,vom,21,20,41,120,60,,,,,,,,,,,25,01,yes,no,no,2025-08-21_10h55.23.375,EXNAT_4_TMS_Psychopy2024.2.5.psyexp,2024.2.5,2025-08-21 10h57.41.138804 +0200,
0,0,0,0,0,0,0,,,,,,,,,#F989A2,780.0299019813538,False,space,correct rejection,None,967.069149017334,text_11,104,6,2back_dual_main_click,2,Lektor,21,20,41,120,60,,,,,,,,,,,25,01,yes,no,no,2025-08-21_10h55.23.375,EXNAT_4_TMS_Psychopy2024.2.5.psyexp,2024.2.5,2025-08-21 10h57.41.138804 +0200,
0,0,0,0,0,0,0,,,,,,,,,#2AB7EF,781.0367803573608,False,space,correct rejection,None,1128.2131671905518,text_11,105,6,2back_dual_main_click,2,William,21,20,41,120,60,,,,,,,,,,,25,01,yes,no,no,2025-08-21_10h55.23.375,EXNAT_4_TMS_Psychopy2024.2.5.psyexp,2024.2.5,2025-08-21 10h57.41.138804 +0200,
0,0,0,0,0,0,0,,,,,,,,,#88BA3F,782.205090045929,False,space,correct rejection,None,791.8403148651123,text_11,106,6,2back_dual_main_click,2,Gifford,21,20,41,120,60,,,,,,,,,,,25,01,yes,no,no,2025-08-21_10h55.23.375,EXNAT_4_TMS_Psychopy2024.2.5.psyexp,2024.2.5,2025-08-21 10h57.41.138804 +0200,
0,0,0,0,0,0,0,,,,,,,,,#D292F3,783.0359334945679,False,space,correct rejection,None,841.0670757293701,text_11,107,6,2back_dual_main_click,2,überarbeitet,22,20,42,120,60,783.1409220695496,,,,,,,,,,25,01,yes,no,no,2025-08-21_10h55.23.375,EXNAT_4_TMS_Psychopy2024.2.5.psyexp,2024.2.5,2025-08-21 10h57.41.138804 +0200,
0,0,0,0,0,0,0,,,,,,,,,#2AB7EF,783.9175975322723,False,space,correct rejection,None,775.346040725708,text_11,108,6,2back_dual_main_click,2,wurden.,22,20,42,120,60,,,,,,,,,,,25,01,yes,no,no,2025-08-21_10h55.23.375,EXNAT_4_TMS_Psychopy2024.2.5.psyexp,2024.2.5,2025-08-21 10h57.41.138804 +0200,
0,0,0,0,0,0,0,,,,,,,,,#88BA3F,784.7325072288513,False,space,correct rejection,None,1240.4696941375732,text_11,109,6,2back_dual_main_click,2,Briefe,22,20,42,120,60,,,,,,,,,,,25,01,yes,no,no,2025-08-21_10h55.23.375,EXNAT_4_TMS_Psychopy2024.2.5.psyexp,2024.2.5,2025-08-21 10h57.41.138804 +0200,
0,0,0,0,0,0,0,,,,,,,,,#88BA3F,786.0263197422028,False,space,correct rejection,None,746.7300891876221,text_11,110,6,2back_dual_main_click,2,zwischen,22,20,42,120,60,,,,,,,,,,,25,01,yes,no,no,2025-08-21_10h55.23.375,EXNAT_4_TMS_Psychopy2024.2.5.psyexp,2024.2.5,2025-08-21 10h57.41.138804 +0200,
0,0,0,0,0,0,0,,,,,,,,,#2AB7EF,786.8120367527008,False,space,correct rejection,None,920.9110736846924,text_11,111,6,2back_dual_main_click,2,Austen,22,20,42,120,60,,,,,,,,,,,25,01,yes,no,no,2025-08-21_10h55.23.375,EXNAT_4_TMS_Psychopy2024.2.5.psyexp,2024.2.5,2025-08-21 10h57.41.138804 +0200,
0,0,0,0,0,0,0,,,,,,,,,#F989A2,787.7721688747406,False,space,correct rejection,None,952.8000354766846,text_11,112,6,2back_dual_main_click,2,und,22,20,42,120,60,,,,,,,,,,,25,01,yes,no,no,2025-08-21_10h55.23.375,EXNAT_4_TMS_Psychopy2024.2.5.psyexp,2024.2.5,2025-08-21 10h57.41.138804 +0200,
0,0,0,0,0,0,0,,,,,,,,,#88BA3F,788.7634012699127,False,space,correct rejection,None,1321.5630054473877,text_11,113,6,2back_dual_main_click,2,ihrem,22,20,42,120,60,,,,,,,,,,,25,01,yes,no,no,2025-08-21_10h55.23.375,EXNAT_4_TMS_Psychopy2024.2.5.psyexp,2024.2.5,2025-08-21 10h57.41.138804 +0200,
0,0,0,0,0,0,0,,,,,,,,,#D292F3,790.1252813339233,False,space,correct rejection,None,807.6779842376709,text_11,114,6,2back_dual_main_click,2,Verlag,22,20,42,120,60,,,,,,,,,,,25,01,yes,no,no,2025-08-21_10h55.23.375,EXNAT_4_TMS_Psychopy2024.2.5.psyexp,2024.2.5,2025-08-21 10h57.41.138804 +0200,
0,0,0,0,0,0,0,,,,,,,,,#2AB7EF,790.9708774089813,False,space,correct rejection,None,1050.0876903533936,text_11,115,6,2back_dual_main_click,2,sprechen,22,20,42,120,60,,,,,,,,,,,25,01,yes,no,no,2025-08-21_10h55.23.375,EXNAT_4_TMS_Psychopy2024.2.5.psyexp,2024.2.5,2025-08-21 10h57.41.138804 +0200,
0,0,0,0,0,0,0,,,,,,,,,#D292F3,792.0611841678619,True,l,hit,919.9280738830566,1159.7521305084229,text_11,116,6,2back_dual_main_click,2,dafür.,22,21,43,120,60,792.1145348548889,,,,,,,,,,25,01,yes,no,no,2025-08-21_10h55.23.375,EXNAT_4_TMS_Psychopy2024.2.5.psyexp,2024.2.5,2025-08-21 10h57.41.138804 +0200,
0,0,0,0,0,0,0,,,,,,,,,#D292F3,793.2620401382446,False,space,correct rejection,None,934.9136352539062,text_11,117,6,2back_dual_main_click,2,Ihr,22,21,43,120,60,,,,,,,,,,,25,01,yes,no,no,2025-08-21_10h55.23.375,EXNAT_4_TMS_Psychopy2024.2.5.psyexp,2024.2.5,2025-08-21 10h57.41.138804 +0200,
0,0,0,0,0,0,0,,,,,,,,,#88BA3F,794.236971616745,False,space,correct rejection,None,935.9517097473145,text_11,118,6,2back_dual_main_click,2,Bruder,22,21,43,120,60,,,,,,,,,,,25,01,yes,no,no,2025-08-21_10h55.23.375,EXNAT_4_TMS_Psychopy2024.2.5.psyexp,2024.2.5,2025-08-21 10h57.41.138804 +0200,
0,0,0,0,0,0,0,,,,,,,,,#F989A2,795.2112002372742,False,space,correct rejection,None,1081.829309463501,text_11,119,6,2back_dual_main_click,2,meinte,22,21,43,120,60,,,,,,,,,,,25,01,yes,no,no,2025-08-21_10h55.23.375,EXNAT_4_TMS_Psychopy2024.2.5.psyexp,2024.2.5,2025-08-21 10h57.41.138804 +0200,
0,0,0,0,0,0,0,,,,,,,,,#F989A2,796.331071138382,False,space,correct rejection,None,1001.8882751464844,text_11,120,6,2back_dual_main_click,2,"zwar,",22,21,43,120,60,,,,,,,,,,,25,01,yes,no,no,2025-08-21_10h55.23.375,EXNAT_4_TMS_Psychopy2024.2.5.psyexp,2024.2.5,2025-08-21 10h57.41.138804 +0200,
0,0,0,0,0,0,0,,,,,,,,,#88BA3F,797.3720090389252,False,space,correct rejection,None,1368.9665794372559,text_11,121,6,2back_dual_main_click,2,dass,22,21,43,120,60,,,,,,,,,,,25,01,yes,no,no,2025-08-21_10h55.23.375,EXNAT_4_TMS_Psychopy2024.2.5.psyexp,2024.2.5,2025-08-21 10h57.41.138804 +0200,
0,0,0,0,0,0,0,,,,,,,,,#F989A2,798.7947010993958,True,space,miss,None,714.3285274505615,text_11,122,6,2back_dual_main_click,2,ihre,22,22,44,120,60,798.8470644950867,,,,,,,,,,25,01,yes,no,no,2025-08-21_10h55.23.375,EXNAT_4_TMS_Psychopy2024.2.5.psyexp,2024.2.5,2025-08-21 10h57.41.138804 +0200,
0,0,0,0,0,0,0,,,,,,,,,#88BA3F,799.5642921924591,True,l,hit,824.6302604675293,1064.591646194458,text_11,123,6,2back_dual_main_click,2,Texte,22,22,44,120,60,,,,,,,,,,,25,01,yes,no,no,2025-08-21_10h55.23.375,EXNAT_4_TMS_Psychopy2024.2.5.psyexp,2024.2.5,2025-08-21 10h57.41.138804 +0200,
0,0,0,0,0,0,0,,,,,,,,,#D292F3,800.6834881305695,False,space,correct rejection,None,777.4920463562012,text_11,124,6,2back_dual_main_click,2,sofort,22,22,44,120,60,,,,,,,,,,,25,01,yes,no,no,2025-08-21_10h55.23.375,EXNAT_4_TMS_Psychopy2024.2.5.psyexp,2024.2.5,2025-08-21 10h57.41.138804 +0200,
0,0,0,0,0,0,0,,,,,,,,,#2AB7EF,801.5153701305389,False,space,correct rejection,None,857.5913906097412,text_11,125,6,2back_dual_main_click,2,""vollendet"",22,22,44,120,60,,,,,,,,,,,25,01,yes,no,no,2025-08-21_10h55.23.375,EXNAT_4_TMS_Psychopy2024.2.5.psyexp,2024.2.5,2025-08-21 10h57.41.138804 +0200,
0,0,0,0,0,0,0,,,,,,,,,#88BA3F,802.4283974170685,False,space,correct rejection,None,856.6110134124756,text_11,126,6,2back_dual_main_click,2,waren.,22,22,44,120,60,,,,,,,,,,,25,01,yes,no,no,2025-08-21_10h55.23.375,EXNAT_4_TMS_Psychopy2024.2.5.psyexp,2024.2.5,2025-08-21 10h57.41.138804 +0200,
0,0,0,0,0,0,0,,,,,,,,,#D292F3,803.3413615226746,False,space,correct rejection,None,1239.520788192749,text_11,127,6,2back_dual_main_click,2,Heute,23,22,45,120,60,803.8470451831818,,,,,,,,,,25,01,yes,no,no,2025-08-21_10h55.23.375,EXNAT_4_TMS_Psychopy2024.2.5.psyexp,2024.2.5,2025-08-21 10h57.41.138804 +0200,
0,0,0,0,0,0,0,,,,,,,,,#D292F3,804.6355094909668,False,space,correct rejection,None,745.5294132232666,text_11,128,6,2back_dual_main_click,2,weiß,23,22,45,120,60,,,,,,,,,,,25,01,yes,no,no,2025-08-21_10h55.23.375,EXNAT_4_TMS_Psychopy2024.2.5.psyexp,2024.2.5,2025-08-21 10h57.41.138804 +0200,
0,0,0,0,0,0,0,,,,,,,,,#F989A2,805.436564207077,False,space,correct rejection,None,888.5478973388672,text_11,129,6,2back_dual_main_click,2,"man,",23,22,45,120,60,,,,,,,,,,,25,01,yes,no,no,2025-08-21_10h55.23.375,EXNAT_4_TMS_Psychopy2024.2.5.psyexp,2024.2.5,2025-08-21 10h57.41.138804 +0200,
0,0,0,0,0,0,0,,,,,,,,,#2AB7EF,806.3813645839691,False,space,correct rejection,None,743.762731552124,text_11,130,6,2back_dual_main_click,2,dass,23,22,45,120,60,,,,,,,,,,,25,01,yes,no,no,2025-08-21_10h55.23.375,EXNAT_4_TMS_Psychopy2024.2.5.psyexp,2024.2.5,2025-08-21 10h57.41.138804 +0200,
0,0,0,0,0,0,0,,,,,,,,,#F989A2,807.181024312973,True,space,miss,None,856.0101985931396,text_11,131,6,2back_dual_main_click,2,Austen,23,22,45,120,60,,,,,,,,,,,25,01,yes,no,no,2025-08-21_10h55.23.375,EXNAT_4_TMS_Psychopy2024.2.5.psyexp,2024.2.5,2025-08-21 10h57.41.138804 +0200,
0,0,0,0,0,0,0,,,,,,,,,#2AB7EF,808.0915808677673,True,l,hit,745.4512119293213,985.3682518005371,text_11,132,6,2back_dual_main_click,2,zwar,23,22,45,120,60,,,,,,,,,,,25,01,yes,no,no,2025-08-21_10h55.23.375,EXNAT_4_TMS_Psychopy2024.2.5.psyexp,2024.2.5,2025-08-21 10h57.41.138804 +0200,
0,0,0,0,0,0,0,,,,,,,,,#2AB7EF,809.1319167613983,False,space,correct rejection,None,792.9925918579102,text_11,133,6,2back_dual_main_click,2,talentiert,24,22,46,120,60,809.18568110466,,,,,,,,,,25,01,yes,no,no,2025-08-21_10h55.23.375,EXNAT_4_TMS_Psychopy2024.2.5.psyexp,2024.2.5,2025-08-21 10h57.41.138804 +0200,
0,0,0,0,0,0,0,,,,,,,,,#2AB7EF,809.9803416728973,True,l,hit,632.655143737793,920.5751419067383,text_11,134,6,2back_dual_main_click,2,"war,",24,22,46,120,60,,,,,,,,,,,25,01,yes,no,no,2025-08-21_10h55.23.375,EXNAT_4_TMS_Psychopy2024.2.5.psyexp,2024.2.5,2025-08-21 10h57.41.138804 +0200,
0,0,0,0,0,0,0,,,,,,,,,#D292F3,810.955724477768,False,space,correct rejection,None,1113.3341789245605,text_11,135,6,2back_dual_main_click,2,aber,24,22,46,120,60,,,,,,,,,,,25,01,yes,no,no,2025-08-21_10h55.23.375,EXNAT_4_TMS_Psychopy2024.2.5.psyexp,2024.2.5,2025-08-21 10h57.41.138804 +0200,
0,0,0,0,0,0,0,,,,,,,,,#D292F3,812.1244201660156,False,space,correct rejection,None,792.611837387085,text_11,136,6,2back_dual_main_click,2,auch,24,22,46,120,60,,,,,,,,,,,25,01,yes,no,no,2025-08-21_10h55.23.375,EXNAT_4_TMS_Psychopy2024.2.5.psyexp,2024.2.5,2025-08-21 10h57.41.138804 +0200,
0,0,0,0,0,0,0,,,,,,,,,#F989A2,812.9725902080536,False,space,correct rejection,None,856.4612865447998,text_11,137,6,2back_dual_main_click,2,Hilfe,24,22,46,120,60,,,,,,,,,,,25,01,yes,no,no,2025-08-21_10h55.23.375,EXNAT_4_TMS_Psychopy2024.2.5.psyexp,2024.2.5,2025-08-21 10h57.41.138804 +0200,
0,0,0,0,0,0,0,,,,,,,,,#88BA3F,813.8841383457184,False,space,correct rejection,None,1464.860200881958,text_11,138,6,2back_dual_main_click,2,bekam.,24,22,46,120,60,,,,,,,,,,,25,01,yes,no,no,2025-08-21_10h55.23.375,EXNAT_4_TMS_Psychopy2024.2.5.psyexp,2024.2.5,2025-08-21 10h57.41.138804 +0200,
0,0,0,0,0,0,0,,,,,,,,,#D292F3,815.4030795097351,False,space,correct rejection,None,1065.8502578735352,text_11,139,6,2back_dual_main_click,2,Ihre,24,22,46,120,60,,,,,,,,,,,25,01,yes,no,no,2025-08-21_10h55.23.375,EXNAT_4_TMS_Psychopy2024.2.5.psyexp,2024.2.5,2025-08-21 10h57.41.138804 +0200,
0,0,0,0,0,0,0,,,,,,,,,#F989A2,816.5222978591919,False,space,correct rejection,None,1306.8342208862305,text_11,140,6,2back_dual_main_click,2,Geschichte,24,22,46,120,60,,,,,,,,,,,25,01,yes,no,no,2025-08-21_10h55.23.375,EXNAT_4_TMS_Psychopy2024.2.5.psyexp,2024.2.5,2025-08-21 10h57.41.138804 +0200,
0,0,0,0,0,0,0,,,,,,,,,#88BA3F,817.8840115070343,False,space,correct rejection,None,744.9145317077637,text_11,141,6,2back_dual_main_click,2,"zeigt,",24,22,46,120,60,,,,,,,,,,,25,01,yes,no,no,2025-08-21_10h55.23.375,EXNAT_4_TMS_Psychopy2024.2.5.psyexp,2024.2.5,2025-08-21 10h57.41.138804 +0200,
0,0,0,0,0,0,0,,,,,,,,,#88BA3F,818.6827886104584,False,space,correct rejection,None,1034.1408252716064,text_11,142,6,2back_dual_main_click,2,wie,24,22,46,120,60,,,,,,,,,,,25,01,yes,no,no,2025-08-21_10h55.23.375,EXNAT_4_TMS_Psychopy2024.2.5.psyexp,2024.2.5,2025-08-21 10h57.41.138804 +0200,
0,0,0,0,0,0,0,,,,,,,,,#2AB7EF,819.7723190784454,False,space,correct rejection,None,1016.6409015655518,text_11,143,6,2back_dual_main_click,2,wichtig,24,22,46,120,60,,,,,,,,,,,25,01,yes,no,no,2025-08-21_10h55.23.375,EXNAT_4_TMS_Psychopy2024.2.5.psyexp,2024.2.5,2025-08-21 10h57.41.138804 +0200,
0,0,0,0,0,0,0,,,,,,,,,#F989A2,820.8447530269623,False,space,correct rejection,None,1064.3048286437988,text_11,144,6,2back_dual_main_click,2,Überarbeitung,24,22,46,120,60,,,,,,,,,,,25,01,yes,no,no,2025-08-21_10h55.23.375,EXNAT_4_TMS_Psychopy2024.2.5.psyexp,2024.2.5,2025-08-21 10h57.41.138804 +0200,
0,0,0,0,0,0,0,,,,,,,,,#2AB7EF,821.9627785682678,True,space,miss,None,1290.323257446289,text_11,145,6,2back_dual_main_click,2,und,24,23,47,120,60,822.0147657394409,,,,,,,,,,25,01,yes,no,no,2025-08-21_10h55.23.375,EXNAT_4_TMS_Psychopy2024.2.5.psyexp,2024.2.5,2025-08-21 10h57.41.138804 +0200,
0,0,0,0,0,0,0,,,,,,,,,#2AB7EF,823.3067727088928,False,space,correct rejection,None,682.2428703308105,text_11,146,6,2back_dual_main_click,2,gute,24,23,47,120,60,,,,,,,,,,,25,01,yes,no,no,2025-08-21_10h55.23.375,EXNAT_4_TMS_Psychopy2024.2.5.psyexp,2024.2.5,2025-08-21 10h57.41.138804 +0200,
0,0,0,0,0,0,0,,,,,,,,,#D292F3,824.0419547557831,False,space,correct rejection,None,875.0746250152588,text_11,147,6,2back_dual_main_click,2,Unterstützung,24,23,47,120,60,,,,,,,,,,,25,01,yes,no,no,2025-08-21_10h55.23.375,EXNAT_4_TMS_Psychopy2024.2.5.psyexp,2024.2.5,2025-08-21 10h57.41.138804 +0200,
0,0,0,0,0,0,0,,,,,,,,,#D292F3,824.9726014137268,False,l,false alarm,1000.2260208129883,1288.1417274475098,text_11,148,6,2back_dual_main_click,2,beim,24,23,47,120,60,,,,,,,,,,,25,01,yes,no,no,2025-08-21_10h55.23.375,EXNAT_4_TMS_Psychopy2024.2.5.psyexp,2024.2.5,2025-08-21 10h57.41.138804 +0200,
0,0,0,0,0,0,0,,,,,,,,,#F989A2,826.3153653144836,False,space,correct rejection,None,1625.7362365722656,text_11,149,6,2back_dual_main_click,2,Schreiben,25,23,48,120,60,827.0147550106049,,,,,,,,,,25,01,yes,no,no,2025-08-21_10h55.23.375,EXNAT_4_TMS_Psychopy2024.2.5.psyexp,2024.2.5,2025-08-21 10h57.41.138804 +0200,
0,0,0,0,0,0,0,,,,,,,,,#88BA3F,827.9954760074615,False,space,correct rejection,None,1145.64847946167,text_11,150,6,2back_dual_main_click,2,sind.,25,23,48,120,60,,,,,,,,,,,25,01,yes,no,no,2025-08-21_10h55.23.375,EXNAT_4_TMS_Psychopy2024.2.5.psyexp,2024.2.5,2025-08-21 10h57.41.138804 +0200,
0,0,0,0,0,0,0,,,,,,,,,,829.2038714885712,,3,,,,text_11,,6,2back_dual_main_click,,,,,,,,,Q1,c,True,,,,,,,25,01,yes,no,no,2025-08-21_10h55.23.375,EXNAT_4_TMS_Psychopy2024.2.5.psyexp,2024.2.5,2025-08-21 10h57.41.138804 +0200,
0,0,0,0,0,0,0,,,,,,,,,,836.3840408325195,,1,,,,text_11,,6,2back_dual_main_click,,,,,,,,,Q2,a,True,,,,,,,25,01,yes,no,no,2025-08-21_10h55.23.375,EXNAT_4_TMS_Psychopy2024.2.5.psyexp,2024.2.5,2025-08-21 10h57.41.138804 +0200,
0,0,0,0,0,0,0,,,,,,,,,,841.3096837997437,,2,,,,text_11,,6,2back_dual_main_click,,,,,,,,,Q3,b,True,,,,,,,25,01,yes,no,no,2025-08-21_10h55.23.375,EXNAT_4_TMS_Psychopy2024.2.5.psyexp,2024.2.5,2025-08-21 10h57.41.138804 +0200,
0,0,0,0,0,0,0,,,,,,,,,#2AB7EF,848.0063872337341,False,space,correct rejection,None,2686.558485031128,text_13,1,7,2back_dual_main_click,2,Nina,25,23,48,120,60,,,,,,,,,,,25,01,yes,no,no,2025-08-21_10h55.23.375,EXNAT_4_TMS_Psychopy2024.2.5.psyexp,2024.2.5,2025-08-21 10h57.41.138804 +0200,
0,0,0,0,0,0,0,,,,,,,,,#F989A2,850.7327013015747,False,space,correct rejection,None,760.3473663330078,text_13,2,7,2back_dual_main_click,2,ist,25,23,48,120,60,,,,,,,,,,,25,01,yes,no,no,2025-08-21_10h55.23.375,EXNAT_4_TMS_Psychopy2024.2.5.psyexp,2024.2.5,2025-08-21 10h57.41.138804 +0200,
0,0,0,0,0,0,0,,,,,,,,,#2AB7EF,851.5327389240265,True,l,hit,552.2804260253906,920.14479637146,text_13,3,7,2back_dual_main_click,2,seit,25,24,49,120,60,851.5849885940552,,,,,,,,,,25,01,yes,no,no,2025-08-21_10h55.23.375,EXNAT_4_TMS_Psychopy2024.2.5.psyexp,2024.2.5,2025-08-21 10h57.41.138804 +0200,
0,0,0,0,0,0,0,,,,,,,,,#88BA3F,852.5077164173126,False,space,correct rejection,None,777.2872447967529,text_13,4,7,2back_dual_main_click,2,22,25,24,49,120,60,,,,,,,,,,,25,01,yes,no,no,2025-08-21_10h55.23.375,EXNAT_4_TMS_Psychopy2024.2.5.psyexp,2024.2.5,2025-08-21 10h57.41.138804 +0200,
0,0,0,0,0,0,0,,,,,,,,,#88BA3F,853.3401448726654,False,space,correct rejection,None,888.9005184173584,text_13,5,7,2back_dual_main_click,2,Jahren,25,24,49,120,60,,,,,,,,,,,25,01,yes,no,no,2025-08-21_10h55.23.375,EXNAT_4_TMS_Psychopy2024.2.5.psyexp,2024.2.5,2025-08-21 10h57.41.138804 +0200,
0,0,0,0,0,0,0,,,,,,,,,#D292F3,854.2855339050293,False,space,correct rejection,None,887.458324432373,text_13,6,7,2back_dual_main_click,2,Schauspielerin.,25,24,49,120,60,,,,,,,,,,,25,01,yes,no,no,2025-08-21_10h55.23.375,EXNAT_4_TMS_Psychopy2024.2.5.psyexp,2024.2.5,2025-08-21 10h57.41.138804 +0200,
0,0,0,0,0,0,0,,,,,,,,,#F989A2,855.2127025127411,False,space,correct rejection,None,1208.322525024414,text_13,7,7,2back_dual_main_click,2,Hollywood,25,24,49,120,60,,,,,,,,,,,25,01,yes,no,no,2025-08-21_10h55.23.375,EXNAT_4_TMS_Psychopy2024.2.5.psyexp,2024.2.5,2025-08-21 10h57.41.138804 +0200,
0,0,0,0,0,0,0,,,,,,,,,#F989A2,856.4617214202881,False,space,correct rejection,None,711.2369537353516,text_13,8,7,2back_dual_main_click,2,interessiert,26,24,50,120,60,856.5849859714508,,,,,,,,,,25,01,yes,no,no,2025-08-21_10h55.23.375,EXNAT_4_TMS_Psychopy2024.2.5.psyexp,2024.2.5,2025-08-21 10h57.41.138804 +0200,
0,0,0,0,0,0,0,,,,,,,,,#88BA3F,857.2125301361084,False,space,correct rejection,None,856.4159870147705,text_13,9,7,2back_dual_main_click,2,sie,26,24,50,120,60,,,,,,,,,,,25,01,yes,no,no,2025-08-21_10h55.23.375,EXNAT_4_TMS_Psychopy2024.2.5.psyexp,2024.2.5,2025-08-21 10h57.41.138804 +0200,
0,0,0,0,0,0,0,,,,,,,,,#2AB7EF,858.1076483726501,False,space,correct rejection,None,921.3850498199463,text_13,10,7,2back_dual_main_click,2,nicht,26,24,50,120,60,,,,,,,,,,,25,01,yes,no,no,2025-08-21_10h55.23.375,EXNAT_4_TMS_Psychopy2024.2.5.psyexp,2024.2.5,2025-08-21 10h57.41.138804 +0200,
0,0,0,0,0,0,0,,,,,,,,,#D292F3,859.0690975189209,False,space,correct rejection,None,1495.8999156951904,text_13,11,7,2back_dual_main_click,2,mehr,26,24,50,120,60,,,,,,,,,,,25,01,yes,no,no,2025-08-21_10h55.23.375,EXNAT_4_TMS_Psychopy2024.2.5.psyexp,2024.2.5,2025-08-21 10h57.41.138804 +0200,
0,0,0,0,0,0,0,,,,,,,,,#D292F3,860.6045615673065,False,space,correct rejection,None,968.4922695159912,text_13,12,7,2back_dual_main_click,2,weil,26,24,50,120,60,,,,,,,,,,,25,01,yes,no,no,2025-08-21_10h55.23.375,EXNAT_4_TMS_Psychopy2024.2.5.psyexp,2024.2.5,2025-08-21 10h57.41.138804 +0200,
0,0,0,0,0,0,0,,,,,,,,,#2AB7EF,861.6125621795654,False,space,correct rejection,None,808.3794116973877,text_13,13,7,2back_dual_main_click,2,sie,26,24,50,120,60,,,,,,,,,,,25,01,yes,no,no,2025-08-21_10h55.23.375,EXNAT_4_TMS_Psychopy2024.2.5.psyexp,2024.2.5,2025-08-21 10h57.41.138804 +0200,
0,0,0,0,0,0,0,,,,,,,,,#88BA3F,862.4612860679626,False,space,correct rejection,None,871.6657161712646,text_13,14,7,2back_dual_main_click,2,eine,26,24,50,120,60,,,,,,,,,,,25,01,yes,no,no,2025-08-21_10h55.23.375,EXNAT_4_TMS_Psychopy2024.2.5.psyexp,2024.2.5,2025-08-21 10h57.41.138804 +0200,
0,0,0,0,0,0,0,,,,,,,,,#2AB7EF,863.371413230896,True,l,hit,585.5410099029541,889.4848823547363,text_13,15,7,2back_dual_main_click,2,Karriere,26,25,51,120,60,863.4310393333435,,,,,,,,,,25,01,yes,no,no,2025-08-21_10h55.23.375,EXNAT_4_TMS_Psychopy2024.2.5.psyexp,2024.2.5,2025-08-21 10h57.41.138804 +0200,
0,0,0,0,0,0,0,,,,,,,,,#88BA3F,864.2997512817383,True,l,hit,489.25113677978516,809.1838359832764,text_13,16,7,2back_dual_main_click,2,als,26,25,51,120,60,,,,,,,,,,,25,01,yes,no,no,2025-08-21_10h55.23.375,EXNAT_4_TMS_Psychopy2024.2.5.psyexp,2024.2.5,2025-08-21 10h57.41.138804 +0200,
0,0,0,0,0,0,0,,,,,,,,,#F989A2,865.1478471755981,False,space,correct rejection,None,1081.1767578125,text_13,17,7,2back_dual_main_click,2,""Nazi"",26,25,51,120,60,,,,,,,,,,,25,01,yes,no,no,2025-08-21_10h55.23.375,EXNAT_4_TMS_Psychopy2024.2.5.psyexp,2024.2.5,2025-08-21 10h57.41.138804 +0200,
0,0,0,0,0,0,0,,,,,,,,,#D292F3,866.284499168396,False,space,correct rejection,None,1128.4880638122559,text_13,18,7,2back_dual_main_click,2,befürchtet.,26,25,51,120,60,,,,,,,,,,,25,01,yes,no,no,2025-08-21_10h55.23.375,EXNAT_4_TMS_Psychopy2024.2.5.psyexp,2024.2.5,2025-08-21 10h57.41.138804 +0200,
0,0,0,0,0,0,0,,,,,,,,,#88BA3F,867.4528567790985,False,space,correct rejection,None,1128.171682357788,text_13,19,7,2back_dual_main_click,2,Sie,27,25,52,120,60,868.4309642314911,,,,,,,,,,25,01,yes,no,no,2025-08-21_10h55.23.375,EXNAT_4_TMS_Psychopy2024.2.5.psyexp,2024.2.5,2025-08-21 10h57.41.138804 +0200,
0,0,0,0,0,0,0,,,,,,,,,#D292F3,868.6204051971436,True,space,miss,None,1160.5453491210938,text_13,20,7,2back_dual_main_click,2,bevorzugt,27,25,52,120,60,,,,,,,,,,,25,01,yes,no,no,2025-08-21_10h55.23.375,EXNAT_4_TMS_Psychopy2024.2.5.psyexp,2024.2.5,2025-08-21 10h57.41.138804 +0200,
0,0,0,0,0,0,0,,,,,,,,,#F989A2,869.8201169967651,False,space,correct rejection,None,2024.902105331421,text_13,21,7,2back_dual_main_click,2,"künstlerische,",27,25,52,120,60,,,,,,,,,,,25,01,yes,no,no,2025-08-21_10h55.23.375,EXNAT_4_TMS_Psychopy2024.2.5.psyexp,2024.2.5,2025-08-21 10h57.41.138804 +0200,
0,0,0,0,0,0,0,,,,,,,,,#F989A2,871.899824142456,False,space,correct rejection,None,825.1283168792725,text_13,22,7,2back_dual_main_click,2,französische,27,25,52,120,60,,,,,,,,,,,25,01,yes,no,no,2025-08-21_10h55.23.375,EXNAT_4_TMS_Psychopy2024.2.5.psyexp,2024.2.5,2025-08-21 10h57.41.138804 +0200,
0,0,0,0,0,0,0,,,,,,,,,#D292F3,872.7652764320374,False,space,correct rejection,None,983.6938381195068,text_13,23,7,2back_dual_main_click,2,und,27,25,52,120,60,,,,,,,,,,,25,01,yes,no,no,2025-08-21_10h55.23.375,EXNAT_4_TMS_Psychopy2024.2.5.psyexp,2024.2.5,2025-08-21 10h57.41.138804 +0200,
0,0,0,0,0,0,0,,,,,,,,,#2AB7EF,873.7857007980347,False,space,correct rejection,None,1307.265281677246,text_13,24,7,2back_dual_main_click,2,russische,27,25,52,120,60,,,,,,,,,,,25,01,yes,no,no,2025-08-21_10h55.23.375,EXNAT_4_TMS_Psychopy2024.2.5.psyexp,2024.2.5,2025-08-21 10h57.41.138804 +0200,
0,0,0,0,0,0,0,,,,,,,,,#D292F3,875.1466288566589,True,space,miss,None,906.3196182250977,text_13,25,7,2back_dual_main_click,2,Filme.,27,26,53,120,60,875.1997065544128,,,,,,,,,,25,01,yes,no,no,2025-08-21_10h55.23.375,EXNAT_4_TMS_Psychopy2024.2.5.psyexp,2024.2.5,2025-08-21 10h57.41.138804 +0200,
0,0,0,0,0,0,0,,,,,,,,,#D292F3,876.1053996086121,False,space,correct rejection,None,1243.647813796997,text_13,26,7,2back_dual_main_click,2,Dennoch,27,26,53,120,60,,,,,,,,,,,25,01,yes,no,no,2025-08-21_10h55.23.375,EXNAT_4_TMS_Psychopy2024.2.5.psyexp,2024.2.5,2025-08-21 10h57.41.138804 +0200,
0,0,0,0,0,0,0,,,,,,,,,#2AB7EF,877.4040038585663,False,space,correct rejection,None,1081.0093879699707,text_13,27,7,2back_dual_main_click,2,durfte,27,26,53,120,60,,,,,,,,,,,25,01,yes,no,no,2025-08-21_10h55.23.375,EXNAT_4_TMS_Psychopy2024.2.5.psyexp,2024.2.5,2025-08-21 10h57.41.138804 +0200,
0,0,0,0,0,0,0,,,,,,,,,#D292F3,878.5376560688019,True,space,miss,None,987.3294830322266,text_13,28,7,2back_dual_main_click,2,sie,27,26,53,120,60,,,,,,,,,,,25,01,yes,no,no,2025-08-21_10h55.23.375,EXNAT_4_TMS_Psychopy2024.2.5.psyexp,2024.2.5,2025-08-21 10h57.41.138804 +0200,
0,0,0,0,0,0,0,,,,,,,,,#F989A2,879.5786762237549,False,space,correct rejection,None,1482.3427200317383,text_13,29,7,2back_dual_main_click,2,für,28,26,54,120,60,880.1996405124664,,,,,,,,,,25,01,yes,no,no,2025-08-21_10h55.23.375,EXNAT_4_TMS_Psychopy2024.2.5.psyexp,2024.2.5,2025-08-21 10h57.41.138804 +0200,
0,0,0,0,0,0,0,,,,,,,,,#2AB7EF,881.1155960559845,False,space,correct rejection,None,985.3851795196533,text_13,30,7,2back_dual_main_click,2,Schindlers,28,26,54,120,60,,,,,,,,,,,25,01,yes,no,no,2025-08-21_10h55.23.375,EXNAT_4_TMS_Psychopy2024.2.5.psyexp,2024.2.5,2025-08-21 10h57.41.138804 +0200,
0,0,0,0,0,0,0,,,,,,,,,#88BA3F,882.1553304195404,False,space,correct rejection,None,985.6452941894531,text_13,31,7,2back_dual_main_click,2,Liste,28,26,54,120,60,,,,,,,,,,,25,01,yes,no,no,2025-08-21_10h55.23.375,EXNAT_4_TMS_Psychopy2024.2.5.psyexp,2024.2.5,2025-08-21 10h57.41.138804 +0200,
0,0,0,0,0,0,0,,,,,,,,,#F989A2,883.1943249702454,False,space,correct rejection,None,938.6377334594727,text_13,32,7,2back_dual_main_click,2,"vorsprechen,",28,26,54,120,60,,,,,,,,,,,25,01,yes,no,no,2025-08-21_10h55.23.375,EXNAT_4_TMS_Psychopy2024.2.5.psyexp,2024.2.5,2025-08-21 10h57.41.138804 +0200,
0,0,0,0,0,0,0,,,,,,,,,#88BA3F,884.1875040531158,True,l,hit,425.43482780456543,809.3807697296143,text_13,33,7,2back_dual_main_click,2,bekam,28,26,54,120,60,,,,,,,,,,,25,01,yes,no,no,2025-08-21_10h55.23.375,EXNAT_4_TMS_Psychopy2024.2.5.psyexp,2024.2.5,2025-08-21 10h57.41.138804 +0200,
0,0,0,0,0,0,0,,,,,,,,,#88BA3F,885.051159620285,False,space,correct rejection,None,1257.8506469726562,text_13,34,7,2back_dual_main_click,2,aber,28,26,54,120,60,,,,,,,,,,,25,01,yes,no,no,2025-08-21_10h55.23.375,EXNAT_4_TMS_Psychopy2024.2.5.psyexp,2024.2.5,2025-08-21 10h57.41.138804 +0200,
0,0,0,0,0,0,0,,,,,,,,,#F989A2,886.3635928630829,False,space,correct rejection,None,1049.433946609497,text_13,35,7,2back_dual_main_click,2,die,28,26,54,120,60,,,,,,,,,,,25,01,yes,no,no,2025-08-21_10h55.23.375,EXNAT_4_TMS_Psychopy2024.2.5.psyexp,2024.2.5,2025-08-21 10h57.41.138804 +0200,
0,0,0,0,0,0,0,,,,,,,,,#2AB7EF,887.4650704860687,False,space,correct rejection,None,859.8732948303223,text_13,36,7,2back_dual_main_click,2,Rolle,28,26,54,120,60,,,,,,,,,,,25,01,yes,no,no,2025-08-21_10h55.23.375,EXNAT_4_TMS_Psychopy2024.2.5.psyexp,2024.2.5,2025-08-21 10h57.41.138804 +0200,
0,0,0,0,0,0,0,,,,,,,,,#F989A2,888.3653254508972,True,space,miss,None,1063.7052059173584,text_13,37,7,2back_dual_main_click,2,"nicht,",28,27,55,120,60,888.424750328064,,,,,,,,,,25,01,yes,no,no,2025-08-21_10h55.23.375,EXNAT_4_TMS_Psychopy2024.2.5.psyexp,2024.2.5,2025-08-21 10h57.41.138804 +0200,
0,0,0,0,0,0,0,,,,,,,,,#88BA3F,889.4843018054962,False,space,correct rejection,None,1128.7269592285156,text_13,38,7,2back_dual_main_click,2,weil,28,27,55,120,60,,,,,,,,,,,25,01,yes,no,no,2025-08-21_10h55.23.375,EXNAT_4_TMS_Psychopy2024.2.5.psyexp,2024.2.5,2025-08-21 10h57.41.138804 +0200,
0,0,0,0,0,0,0,,,,,,,,,#88BA3F,890.65265583992,False,space,correct rejection,None,840.3415679931641,text_13,39,7,2back_dual_main_click,2,sie,28,27,55,120,60,,,,,,,,,,,25,01,yes,no,no,2025-08-21_10h55.23.375,EXNAT_4_TMS_Psychopy2024.2.5.psyexp,2024.2.5,2025-08-21 10h57.41.138804 +0200,
0,0,0,0,0,0,0,,,,,,,,,#88BA3F,891.5315532684326,True,l,hit,697.5843906402588,937.408447265625,text_13,40,7,2back_dual_main_click,2,laut,28,27,55,120,60,,,,,,,,,,,25,01,yes,no,no,2025-08-21_10h55.23.375,EXNAT_4_TMS_Psychopy2024.2.5.psyexp,2024.2.5,2025-08-21 10h57.41.138804 +0200,
0,0,0,0,0,0,0,,,,,,,,,#F989A2,892.5081894397736,False,space,correct rejection,None,1240.8511638641357,text_13,41,7,2back_dual_main_click,2,Spielberg,29,27,56,120,60,893.4246706962585,,,,,,,,,,25,01,yes,no,no,2025-08-21_10h55.23.375,EXNAT_4_TMS_Psychopy2024.2.5.psyexp,2024.2.5,2025-08-21 10h57.41.138804 +0200,
0,0,0,0,0,0,0,,,,,,,,,#D292F3,893.7872688770294,False,space,correct rejection,None,857.8364849090576,text_13,42,7,2back_dual_main_click,2,""nicht,29,27,56,120,60,,,,,,,,,,,25,01,yes,no,no,2025-08-21_10h55.23.375,EXNAT_4_TMS_Psychopy2024.2.5.psyexp,2024.2.5,2025-08-21 10h57.41.138804 +0200,
0,0,0,0,0,0,0,,,,,,,,,#2AB7EF,894.6856205463409,False,space,correct rejection,None,967.3008918762207,text_13,43,7,2back_dual_main_click,2,jüdisch,29,27,56,120,60,,,,,,,,,,,25,01,yes,no,no,2025-08-21_10h55.23.375,EXNAT_4_TMS_Psychopy2024.2.5.psyexp,2024.2.5,2025-08-21 10h57.41.138804 +0200,
0,0,0,0,0,0,0,,,,,,,,,#F989A2,895.6925780773163,False,l,false alarm,1000.385046005249,1256.3059329986572,text_13,44,7,2back_dual_main_click,2,genug"",29,27,56,120,60,,,,,,,,,,,25,01,yes,no,no,2025-08-21_10h55.23.375,EXNAT_4_TMS_Psychopy2024.2.5.psyexp,2024.2.5,2025-08-21 10h57.41.138804 +0200,
0,0,0,0,0,0,0,,,,,,,,,#D292F3,896.9875717163086,False,space,correct rejection,None,1097.4140167236328,text_13,45,7,2back_dual_main_click,2,war.,29,27,56,120,60,,,,,,,,,,,25,01,yes,no,no,2025-08-21_10h55.23.375,EXNAT_4_TMS_Psychopy2024.2.5.psyexp,2024.2.5,2025-08-21 10h57.41.138804 +0200,
0,0,0,0,0,0,0,,,,,,,,,#D292F3,898.125452041626,False,space,correct rejection,None,967.5030708312988,text_13,46,7,2back_dual_main_click,2,Heute,29,27,56,120,60,,,,,,,,,,,25,01,yes,no,no,2025-08-21_10h55.23.375,EXNAT_4_TMS_Psychopy2024.2.5.psyexp,2024.2.5,2025-08-21 10h57.41.138804 +0200,
0,0,0,0,0,0,0,,,,,,,,,#2AB7EF,899.1337070465088,False,space,correct rejection,None,823.2319355010986,text_13,47,7,2back_dual_main_click,2,lebt,29,27,56,120,60,,,,,,,,,,,25,01,yes,no,no,2025-08-21_10h55.23.375,EXNAT_4_TMS_Psychopy2024.2.5.psyexp,2024.2.5,2025-08-21 10h57.41.138804 +0200,
0,0,0,0,0,0,0,,,,,,,,,#2AB7EF,899.9969961643219,False,space,correct rejection,None,1255.9702396392822,text_13,48,7,2back_dual_main_click,2,sie,29,27,56,120,60,,,,,,,,,,,25,01,yes,no,no,2025-08-21_10h55.23.375,EXNAT_4_TMS_Psychopy2024.2.5.psyexp,2024.2.5,2025-08-21 10h57.41.138804 +0200,
0,0,0,0,0,0,0,,,,,,,,,#2AB7EF,901.3072140216827,True,l,hit,409.79909896850586,729.7532558441162,text_13,49,7,2back_dual_main_click,2,zwar,29,28,57,120,60,901.3585858345032,,,,,,,,,,25,01,yes,no,no,2025-08-21_10h55.23.375,EXNAT_4_TMS_Psychopy2024.2.5.psyexp,2024.2.5,2025-08-21 10h57.41.138804 +0200,
0,0,0,0,0,0,0,,,,,,,,,#88BA3F,902.0913941860199,False,space,correct rejection,None,857.607364654541,text_13,50,7,2back_dual_main_click,2,in,29,28,57,120,60,,,,,,,,,,,25,01,yes,no,no,2025-08-21_10h55.23.375,EXNAT_4_TMS_Psychopy2024.2.5.psyexp,2024.2.5,2025-08-21 10h57.41.138804 +0200,
0,0,0,0,0,0,0,,,,,,,,,#F989A2,903.003621339798,False,space,correct rejection,None,969.3155288696289,text_13,51,7,2back_dual_main_click,2,"Hollywood,",29,28,57,120,60,,,,,,,,,,,25,01,yes,no,no,2025-08-21_10h55.23.375,EXNAT_4_TMS_Psychopy2024.2.5.psyexp,2024.2.5,2025-08-21 10h57.41.138804 +0200,
0,0,0,0,0,0,0,,,,,,,,,#D292F3,904.0271170139313,False,space,correct rejection,None,1273.8938331604004,text_13,52,7,2back_dual_main_click,2,träumt,29,28,57,120,60,,,,,,,,,,,25,01,yes,no,no,2025-08-21_10h55.23.375,EXNAT_4_TMS_Psychopy2024.2.5.psyexp,2024.2.5,2025-08-21 10h57.41.138804 +0200,
0,0,0,0,0,0,0,,,,,,,,,#F989A2,905.3535223007202,True,space,miss,None,811.5148544311523,text_13,53,7,2back_dual_main_click,2,aber,29,28,57,120,60,,,,,,,,,,,25,01,yes,no,no,2025-08-21_10h55.23.375,EXNAT_4_TMS_Psychopy2024.2.5.psyexp,2024.2.5,2025-08-21 10h57.41.138804 +0200,
0,0,0,0,0,0,0,,,,,,,,,#88BA3F,906.2190752029419,False,space,correct rejection,None,777.8832912445068,text_13,54,7,2back_dual_main_click,2,nicht,30,28,58,120,60,906.3585050106049,,,,,,,,,,25,01,yes,no,no,2025-08-21_10h55.23.375,EXNAT_4_TMS_Psychopy2024.2.5.psyexp,2024.2.5,2025-08-21 10h57.41.138804 +0200,
0,0,0,0,0,0,0,,,,,,,,,#2AB7EF,907.051539182663,False,space,correct rejection,None,1385.2877616882324,text_13,55,7,2back_dual_main_click,2,mehr,30,28,58,120,60,,,,,,,,,,,25,01,yes,no,no,2025-08-21_10h55.23.375,EXNAT_4_TMS_Psychopy2024.2.5.psyexp,2024.2.5,2025-08-21 10h57.41.138804 +0200,
0,0,0,0,0,0,0,,,,,,,,,#D292F3,908.4911322593689,False,space,correct rejection,None,841.7837619781494,text_13,56,7,2back_dual_main_click,2,vom,30,28,58,120,60,,,,,,,,,,,25,01,yes,no,no,2025-08-21_10h55.23.375,EXNAT_4_TMS_Psychopy2024.2.5.psyexp,2024.2.5,2025-08-21 10h57.41.138804 +0200,
0,0,0,0,0,0,0,,,,,,,,,#2AB7EF,909.3888936042786,True,space,miss,None,1704.0636539459229,text_13,57,7,2back_dual_main_click,2,Star-Ruhm.,30,28,58,120,60,,,,,,,,,,,25,01,yes,no,no,2025-08-21_10h55.23.375,EXNAT_4_TMS_Psychopy2024.2.5.psyexp,2024.2.5,2025-08-21 10h57.41.138804 +0200,
0,0,0,0,0,0,0,,,,,,,,,#D292F3,911.147741317749,True,space,miss,None,1049.201488494873,text_13,58,7,2back_dual_main_click,2,Mit,30,29,59,120,60,911.3584797382355,,,,,,,,,,25,01,yes,no,no,2025-08-21_10h55.23.375,EXNAT_4_TMS_Psychopy2024.2.5.psyexp,2024.2.5,2025-08-21 10h57.41.138804 +0200,
0,0,0,0,0,0,0,,,,,,,,,#F989A2,912.2520618438721,False,space,correct rejection,None,984.9021434783936,text_13,59,7,2back_dual_main_click,2,fast,30,29,59,120,60,,,,,,,,,,,25,01,yes,no,no,2025-08-21_10h55.23.375,EXNAT_4_TMS_Psychopy2024.2.5.psyexp,2024.2.5,2025-08-21 10h57.41.138804 +0200,
0,0,0,0,0,0,0,,,,,,,,,#88BA3F,913.2914955615997,False,space,correct rejection,None,1113.4533882141113,text_13,60,7,2back_dual_main_click,2,40,30,29,59,120,60,,,,,,,,,,,25,01,yes,no,no,2025-08-21_10h55.23.375,EXNAT_4_TMS_Psychopy2024.2.5.psyexp,2024.2.5,2025-08-21 10h57.41.138804 +0200,
0,0,0,0,0,0,0,,,,,,,,,#2AB7EF,914.457930803299,False,space,correct rejection,None,1355.0505638122559,text_13,61,7,2back_dual_main_click,2,sei,30,29,59,120,60,,,,,,,,,,,25,01,yes,no,no,2025-08-21_10h55.23.375,EXNAT_4_TMS_Psychopy2024.2.5.psyexp,2024.2.5,2025-08-21 10h57.41.138804 +0200,
0,0,0,0,0,0,0,,,,,,,,,#D292F3,915.8679800033569,False,space,correct rejection,None,1592.9489135742188,text_13,62,7,2back_dual_main_click,2,das,31,29,60,120,60,916.358499288559,,,,,,,,,,25,01,yes,no,no,2025-08-21_10h55.23.375,EXNAT_4_TMS_Psychopy2024.2.5.psyexp,2024.2.5,2025-08-21 10h57.41.138804 +0200,
0,0,0,0,0,0,0,,,,,,,,,#D292F3,917.517701625824,False,space,correct rejection,None,967.3540592193604,text_13,63,7,2back_dual_main_click,2,""unrealistisch"",31,29,60,120,60,,,,,,,,,,,25,01,yes,no,no,2025-08-21_10h55.23.375,EXNAT_4_TMS_Psychopy2024.2.5.psyexp,2024.2.5,2025-08-21 10h57.41.138804 +0200,
0,0,0,0,0,0,0,,,,,,,,,#2AB7EF,918.5416865348816,False,space,correct rejection,None,1063.3785724639893,text_13,64,7,2back_dual_main_click,2,sagt,31,29,60,120,60,,,,,,,,,,,25,01,yes,no,no,2025-08-21_10h55.23.375,EXNAT_4_TMS_Psychopy2024.2.5.psyexp,2024.2.5,2025-08-21 10h57.41.138804 +0200,
0,0,0,0,0,0,0,,,,,,,,,#88BA3F,919.645013332367,False,space,correct rejection,None,1096.0206985473633,text_13,65,7,2back_dual_main_click,2,sie.,31,29,60,120,60,,,,,,,,,,,25,01,yes,no,no,2025-08-21_10h55.23.375,EXNAT_4_TMS_Psychopy2024.2.5.psyexp,2024.2.5,2025-08-21 10h57.41.138804 +0200,
0,0,0,0,0,0,0,,,,,,,,,#F989A2,920.7969152927399,False,space,correct rejection,None,968.041181564331,text_13,66,7,2back_dual_main_click,2,Viele,31,29,60,120,60,,,,,,,,,,,25,01,yes,no,no,2025-08-21_10h55.23.375,EXNAT_4_TMS_Psychopy2024.2.5.psyexp,2024.2.5,2025-08-21 10h57.41.138804 +0200,
0,0,0,0,0,0,0,,,,,,,,,#88BA3F,921.8192448616028,True,l,hit,649.7683525085449,937.6251697540283,text_13,67,7,2back_dual_main_click,2,Schauspieler,31,30,61,120,60,921.8717472553253,,,,,,,,,,25,01,yes,no,no,2025-08-21_10h55.23.375,EXNAT_4_TMS_Psychopy2024.2.5.psyexp,2024.2.5,2025-08-21 10h57.41.138804 +0200,
0,0,0,0,0,0,0,,,,,,,,,#88BA3F,922.8110251426697,False,space,correct rejection,None,921.7288494110107,text_13,68,7,2back_dual_main_click,2,erleben,31,30,61,120,60,,,,,,,,,,,25,01,yes,no,no,2025-08-21_10h55.23.375,EXNAT_4_TMS_Psychopy2024.2.5.psyexp,2024.2.5,2025-08-21 10h57.41.138804 +0200,
0,0,0,0,0,0,0,,,,,,,,,#D292F3,923.7883915901184,False,space,correct rejection,None,904.5615196228027,text_13,69,7,2back_dual_main_click,2,in,31,30,61,120,60,,,,,,,,,,,25,01,yes,no,no,2025-08-21_10h55.23.375,EXNAT_4_TMS_Psychopy2024.2.5.psyexp,2024.2.5,2025-08-21 10h57.41.138804 +0200,
0,0,0,0,0,0,0,,,,,,,,,#88BA3F,924.7476115226746,True,space,miss,None,1305.445909500122,text_13,70,7,2back_dual_main_click,2,Hollywood,31,30,61,120,60,,,,,,,,,,,25,01,yes,no,no,2025-08-21_10h55.23.375,EXNAT_4_TMS_Psychopy2024.2.5.psyexp,2024.2.5,2025-08-21 10h57.41.138804 +0200,
0,0,0,0,0,0,0,,,,,,,,,#F989A2,926.108371257782,False,space,correct rejection,None,1080.7619094848633,text_13,71,7,2back_dual_main_click,2,Enttäuschungen.,32,30,62,120,60,926.8716797828674,,,,,,,,,,25,01,yes,no,no,2025-08-21_10h55.23.375,EXNAT_4_TMS_Psychopy2024.2.5.psyexp,2024.2.5,2025-08-21 10h57.41.138804 +0200,
0,0,0,0,0,0,0,,,,,,,,,#2AB7EF,927.2417633533478,False,space,correct rejection,None,955.1379680633545,text_13,72,7,2back_dual_main_click,2,Männer,32,30,62,120,60,,,,,,,,,,,25,01,yes,no,no,2025-08-21_10h55.23.375,EXNAT_4_TMS_Psychopy2024.2.5.psyexp,2024.2.5,2025-08-21 10h57.41.138804 +0200,
0,0,0,0,0,0,0,,,,,,,,,#88BA3F,928.2515244483948,False,space,correct rejection,None,905.4811000823975,text_13,73,7,2back_dual_main_click,2,geben,32,30,62,120,60,,,,,,,,,,,25,01,yes,no,no,2025-08-21_10h55.23.375,EXNAT_4_TMS_Psychopy2024.2.5.psyexp,2024.2.5,2025-08-21 10h57.41.138804 +0200,
0,0,0,0,0,0,0,,,,,,,,,#F989A2,929.2113554477692,False,space,correct rejection,None,921.7193126678467,text_13,74,7,2back_dual_main_click,2,sich,32,30,62,120,60,,,,,,,,,,,25,01,yes,no,no,2025-08-21_10h55.23.375,EXNAT_4_TMS_Psychopy2024.2.5.psyexp,2024.2.5,2025-08-21 10h57.41.138804 +0200,
0,0,0,0,0,0,0,,,,,,,,,#D292F3,930.1880104541779,False,space,correct rejection,None,1065.1614665985107,text_13,75,7,2back_dual_main_click,2,als,32,30,62,120,60,,,,,,,,,,,25,01,yes,no,no,2025-08-21_10h55.23.375,EXNAT_4_TMS_Psychopy2024.2.5.psyexp,2024.2.5,2025-08-21 10h57.41.138804 +0200,
0,0,0,0,0,0,0,,,,,,,,,#88BA3F,931.3070843219757,False,space,correct rejection,None,1018.1000232696533,text_13,76,7,2back_dual_main_click,2,Produzenten,32,30,62,120,60,,,,,,,,,,,25,01,yes,no,no,2025-08-21_10h55.23.375,EXNAT_4_TMS_Psychopy2024.2.5.psyexp,2024.2.5,2025-08-21 10h57.41.138804 +0200,
0,0,0,0,0,0,0,,,,,,,,,#88BA3F,932.378689289093,False,space,correct rejection,None,938.3950233459473,text_13,77,7,2back_dual_main_click,2,"aus,",32,30,62,120,60,,,,,,,,,,,25,01,yes,no,no,2025-08-21_10h55.23.375,EXNAT_4_TMS_Psychopy2024.2.5.psyexp,2024.2.5,2025-08-21 10h57.41.138804 +0200,
0,0,0,0,0,0,0,,,,,,,,,#F989A2,933.3718636035919,False,space,correct rejection,None,1177.1776676177979,text_13,78,7,2back_dual_main_click,2,können,32,30,62,120,60,,,,,,,,,,,25,01,yes,no,no,2025-08-21_10h55.23.375,EXNAT_4_TMS_Psychopy2024.2.5.psyexp,2024.2.5,2025-08-21 10h57.41.138804 +0200,
0,0,0,0,0,0,0,,,,,,,,,#2AB7EF,934.6051371097565,False,space,correct rejection,None,1303.9064407348633,text_13,79,7,2back_dual_main_click,2,aber,32,30,62,120,60,,,,,,,,,,,25,01,yes,no,no,2025-08-21_10h55.23.375,EXNAT_4_TMS_Psychopy2024.2.5.psyexp,2024.2.5,2025-08-21 10h57.41.138804 +0200,
0,0,0,0,0,0,0,,,,,,,,,#2AB7EF,935.9637560844421,False,space,correct rejection,None,825.3488540649414,text_13,80,7,2back_dual_main_click,2,nicht,32,30,62,120,60,,,,,,,,,,,25,01,yes,no,no,2025-08-21_10h55.23.375,EXNAT_4_TMS_Psychopy2024.2.5.psyexp,2024.2.5,2025-08-21 10h57.41.138804 +0200,
0,0,0,0,0,0,0,,,,,,,,,#D292F3,936.843738079071,False,space,correct rejection,None,921.227216720581,text_13,81,7,2back_dual_main_click,2,einmal,32,30,62,120,60,,,,,,,,,,,25,01,yes,no,no,2025-08-21_10h55.23.375,EXNAT_4_TMS_Psychopy2024.2.5.psyexp,2024.2.5,2025-08-21 10h57.41.138804 +0200,
0,0,0,0,0,0,0,,,,,,,,,#D292F3,937.8210287094116,False,space,correct rejection,None,903.939962387085,text_13,82,7,2back_dual_main_click,2,ihre,32,30,62,120,60,,,,,,,,,,,25,01,yes,no,no,2025-08-21_10h55.23.375,EXNAT_4_TMS_Psychopy2024.2.5.psyexp,2024.2.5,2025-08-21 10h57.41.138804 +0200,
0,0,0,0,0,0,0,,,,,,,,,#F989A2,938.7813019752502,False,space,correct rejection,None,951.6286849975586,text_13,83,7,2back_dual_main_click,2,Miete,32,30,62,120,60,,,,,,,,,,,25,01,yes,no,no,2025-08-21_10h55.23.375,EXNAT_4_TMS_Psychopy2024.2.5.psyexp,2024.2.5,2025-08-21 10h57.41.138804 +0200,
0,0,0,0,0,0,0,,,,,,,,,#2AB7EF,939.7891774177551,False,space,correct rejection,None,1415.813684463501,text_13,84,7,2back_dual_main_click,2,zahlen.,32,30,62,120,60,,,,,,,,,,,25,01,yes,no,no,2025-08-21_10h55.23.375,EXNAT_4_TMS_Psychopy2024.2.5.psyexp,2024.2.5,2025-08-21 10h57.41.138804 +0200,
0,0,0,0,0,0,0,,,,,,,,,#88BA3F,941.2580466270447,False,space,correct rejection,None,810.9519481658936,text_13,85,7,2back_dual_main_click,2,Manche,32,30,62,120,60,,,,,,,,,,,25,01,yes,no,no,2025-08-21_10h55.23.375,EXNAT_4_TMS_Psychopy2024.2.5.psyexp,2024.2.5,2025-08-21 10h57.41.138804 +0200,
0,0,0,0,0,0,0,,,,,,,,,#D292F3,942.1232163906097,False,space,correct rejection,None,873.774528503418,text_13,86,7,2back_dual_main_click,2,berühmten,32,30,62,120,60,,,,,,,,,,,25,01,yes,no,no,2025-08-21_10h55.23.375,EXNAT_4_TMS_Psychopy2024.2.5.psyexp,2024.2.5,2025-08-21 10h57.41.138804 +0200,
0,0,0,0,0,0,0,,,,,,,,,#88BA3F,943.0516264438629,True,l,hit,425.4157543182373,761.3871097564697,text_13,87,7,2back_dual_main_click,2,Stars,32,31,63,120,60,943.1025705337524,,,,,,,,,,25,01,yes,no,no,2025-08-21_10h55.23.375,EXNAT_4_TMS_Psychopy2024.2.5.psyexp,2024.2.5,2025-08-21 10h57.41.138804 +0200,
0,0,0,0,0,0,0,,,,,,,,,#D292F3,943.8668673038483,True,l,hit,650.1669883728027,922.1076965332031,text_13,88,7,2back_dual_main_click,2,hatten,32,31,63,120,60,,,,,,,,,,,25,01,yes,no,no,2025-08-21_10h55.23.375,EXNAT_4_TMS_Psychopy2024.2.5.psyexp,2024.2.5,2025-08-21 10h57.41.138804 +0200,
0,0,0,0,0,0,0,,,,,,,,,#F989A2,944.8419218063354,False,space,correct rejection,None,955.1467895507812,text_13,89,7,2back_dual_main_click,2,ähnliche,32,31,63,120,60,,,,,,,,,,,25,01,yes,no,no,2025-08-21_10h55.23.375,EXNAT_4_TMS_Psychopy2024.2.5.psyexp,2024.2.5,2025-08-21 10h57.41.138804 +0200,
0,0,0,0,0,0,0,,,,,,,,,#2AB7EF,945.8526680469513,False,space,correct rejection,None,1080.4634094238281,text_13,90,7,2back_dual_main_click,2,Anfänge.,32,31,63,120,60,,,,,,,,,,,25,01,yes,no,no,2025-08-21_10h55.23.375,EXNAT_4_TMS_Psychopy2024.2.5.psyexp,2024.2.5,2025-08-21 10h57.41.138804 +0200,
0,0,0,0,0,0,0,,,,,,,,,#2AB7EF,946.9872272014618,False,space,correct rejection,None,1145.7767486572266,text_13,91,7,2back_dual_main_click,2,Vin,33,31,64,120,60,948.1025283336639,,,,,,,,,,25,01,yes,no,no,2025-08-21_10h55.23.375,EXNAT_4_TMS_Psychopy2024.2.5.psyexp,2024.2.5,2025-08-21 10h57.41.138804 +0200,
0,0,0,0,0,0,0,,,,,,,,,#D292F3,948.1868658065796,False,space,correct rejection,None,1370.2294826507568,text_13,92,7,2back_dual_main_click,2,Diesel,33,31,64,120,60,,,,,,,,,,,25,01,yes,no,no,2025-08-21_10h55.23.375,EXNAT_4_TMS_Psychopy2024.2.5.psyexp,2024.2.5,2025-08-21 10h57.41.138804 +0200,
0,0,0,0,0,0,0,,,,,,,,,#D292F3,949.6085567474365,False,space,correct rejection,None,1068.540334701538,text_13,93,7,2back_dual_main_click,2,war,33,31,64,120,60,,,,,,,,,,,25,01,yes,no,no,2025-08-21_10h55.23.375,EXNAT_4_TMS_Psychopy2024.2.5.psyexp,2024.2.5,2025-08-21 10h57.41.138804 +0200,
0,0,0,0,0,0,0,,,,,,,,,#2AB7EF,950.7333424091339,False,space,correct rejection,None,1159.6918106079102,text_13,94,7,2back_dual_main_click,2,"Türsteher,",33,31,64,120,60,,,,,,,,,,,25,01,yes,no,no,2025-08-21_10h55.23.375,EXNAT_4_TMS_Psychopy2024.2.5.psyexp,2024.2.5,2025-08-21 10h57.41.138804 +0200,
0,0,0,0,0,0,0,,,,,,,,,#F989A2,951.9491181373596,False,space,correct rejection,None,983.9448928833008,text_13,95,7,2back_dual_main_click,2,Whoopi,33,31,64,120,60,,,,,,,,,,,25,01,yes,no,no,2025-08-21_10h55.23.375,EXNAT_4_TMS_Psychopy2024.2.5.psyexp,2024.2.5,2025-08-21 10h57.41.138804 +0200,
0,0,0,0,0,0,0,,,,,,,,,#F989A2,952.9892961978912,False,space,correct rejection,None,999.7084140777588,text_13,96,7,2back_dual_main_click,2,Goldberg,33,31,64,120,60,,,,,,,,,,,25,01,yes,no,no,2025-08-21_10h55.23.375,EXNAT_4_TMS_Psychopy2024.2.5.psyexp,2024.2.5,2025-08-21 10h57.41.138804 +0200,
0,0,0,0,0,0,0,,,,,,,,,#2AB7EF,954.0439977645874,False,space,correct rejection,None,1288.9735698699951,text_13,97,7,2back_dual_main_click,2,arbeitete,33,31,64,120,60,,,,,,,,,,,25,01,yes,no,no,2025-08-21_10h55.23.375,EXNAT_4_TMS_Psychopy2024.2.5.psyexp,2024.2.5,2025-08-21 10h57.41.138804 +0200,
0,0,0,0,0,0,0,,,,,,,,,#88BA3F,955.3891096115112,False,space,correct rejection,None,1079.9262523651123,text_13,98,7,2back_dual_main_click,2,als,33,31,64,120,60,,,,,,,,,,,25,01,yes,no,no,2025-08-21_10h55.23.375,EXNAT_4_TMS_Psychopy2024.2.5.psyexp,2024.2.5,2025-08-21 10h57.41.138804 +0200,
0,0,0,0,0,0,0,,,,,,,,,#88BA3F,956.5252709388733,False,space,correct rejection,None,1431.7123889923096,text_13,99,7,2back_dual_main_click,2,Leichenkosmetikerin.,33,31,64,120,60,,,,,,,,,,,25,01,yes,no,no,2025-08-21_10h55.23.375,EXNAT_4_TMS_Psychopy2024.2.5.psyexp,2024.2.5,2025-08-21 10h57.41.138804 +0200,
0,0,0,0,0,0,0,,,,,,,,,#2AB7EF,958.0112414360046,False,space,correct rejection,None,953.7556171417236,text_13,100,7,2back_dual_main_click,2,Solche,33,31,64,120,60,,,,,,,,,,,25,01,yes,no,no,2025-08-21_10h55.23.375,EXNAT_4_TMS_Psychopy2024.2.5.psyexp,2024.2.5,2025-08-21 10h57.41.138804 +0200,
0,0,0,0,0,0,0,,,,,,,,,#88BA3F,959.020605802536,True,space,miss,None,1096.400260925293,text_13,101,7,2back_dual_main_click,2,Geschichten,33,32,65,120,60,959.0742695331573,,,,,,,,,,25,01,yes,no,no,2025-08-21_10h55.23.375,EXNAT_4_TMS_Psychopy2024.2.5.psyexp,2024.2.5,2025-08-21 10h57.41.138804 +0200,
0,0,0,0,0,0,0,,,,,,,,,#D292F3,960.1704111099243,False,space,correct rejection,None,1098.7119674682617,text_13,102,7,2back_dual_main_click,2,geben,33,32,65,120,60,,,,,,,,,,,25,01,yes,no,no,2025-08-21_10h55.23.375,EXNAT_4_TMS_Psychopy2024.2.5.psyexp,2024.2.5,2025-08-21 10h57.41.138804 +0200,
0,0,0,0,0,0,0,,,,,,,,,#D292F3,961.3231074810028,False,space,correct rejection,None,1081.9158554077148,text_13,103,7,2back_dual_main_click,2,arbeitslosen,33,32,65,120,60,,,,,,,,,,,25,01,yes,no,no,2025-08-21_10h55.23.375,EXNAT_4_TMS_Psychopy2024.2.5.psyexp,2024.2.5,2025-08-21 10h57.41.138804 +0200,
0,0,0,0,0,0,0,,,,,,,,,#2AB7EF,962.4586005210876,False,space,correct rejection,None,1146.4731693267822,text_13,104,7,2back_dual_main_click,2,Schauspielern,33,32,65,120,60,,,,,,,,,,,25,01,yes,no,no,2025-08-21_10h55.23.375,EXNAT_4_TMS_Psychopy2024.2.5.psyexp,2024.2.5,2025-08-21 10h57.41.138804 +0200,
0,0,0,0,0,0,0,,,,,,,,,#F989A2,963.64599776268,False,space,correct rejection,None,1574.9952793121338,text_13,105,7,2back_dual_main_click,2,Hoffnung.,34,32,66,120,60,964.0742688179016,,,,,,,,,,25,01,yes,no,no,2025-08-21_10h55.23.375,EXNAT_4_TMS_Psychopy2024.2.5.psyexp,2024.2.5,2025-08-21 10h57.41.138804 +0200,
0,0,0,0,0,0,0,,,,,,,,,#F989A2,965.2741949558258,False,space,correct rejection,None,1210.8466625213623,text_13,106,7,2back_dual_main_click,2,Nina,34,32,66,120,60,,,,,,,,,,,25,01,yes,no,no,2025-08-21_10h55.23.375,EXNAT_4_TMS_Psychopy2024.2.5.psyexp,2024.2.5,2025-08-21 10h57.41.138804 +0200,
0,0,0,0,0,0,0,,,,,,,,,#D292F3,966.53959608078,False,space,correct rejection,None,1081.427812576294,text_13,107,7,2back_dual_main_click,2,kann,34,32,66,120,60,,,,,,,,,,,25,01,yes,no,no,2025-08-21_10h55.23.375,EXNAT_4_TMS_Psychopy2024.2.5.psyexp,2024.2.5,2025-08-21 10h57.41.138804 +0200,
0,0,0,0,0,0,0,,,,,,,,,#F989A2,967.6744096279144,True,l,hit,730.5684089660645,1034.5454216003418,text_13,108,7,2back_dual_main_click,2,immerhin,34,32,66,120,60,,,,,,,,,,,25,01,yes,no,no,2025-08-21_10h55.23.375,EXNAT_4_TMS_Psychopy2024.2.5.psyexp,2024.2.5,2025-08-21 10h57.41.138804 +0200,
0,0,0,0,0,0,0,,,,,,,,,#D292F3,968.7638428211212,True,l,hit,921.1773872375488,1225.0988483428955,text_13,109,7,2back_dual_main_click,2,von,34,33,67,120,60,969.0742962360382,,,,,,,,,,25,01,yes,no,no,2025-08-21_10h55.23.375,EXNAT_4_TMS_Psychopy2024.2.5.psyexp,2024.2.5,2025-08-21 10h57.41.138804 +0200,
0,0,0,0,0,0,0,,,,,,,,,#88BA3F,970.0448625087738,False,space,correct rejection,None,1144.0637111663818,text_13,110,7,2back_dual_main_click,2,europäischen,34,33,67,120,60,,,,,,,,,,,25,01,yes,no,no,2025-08-21_10h55.23.375,EXNAT_4_TMS_Psychopy2024.2.5.psyexp,2024.2.5,2025-08-21 10h57.41.138804 +0200,
0,0,0,0,0,0,0,,,,,,,,,#F989A2,971.2413549423218,False,space,correct rejection,None,1323.6477375030518,text_13,111,7,2back_dual_main_click,2,Gagen,34,33,67,120,60,,,,,,,,,,,25,01,yes,no,no,2025-08-21_10h55.23.375,EXNAT_4_TMS_Psychopy2024.2.5.psyexp,2024.2.5,2025-08-21 10h57.41.138804 +0200,
0,0,0,0,0,0,0,,,,,,,,,#88BA3F,972.6203315258026,True,l,hit,1720.6799983978271,1960.587739944458,text_13,112,7,2back_dual_main_click,2,leben.,34,34,68,120,60,974.0742785930634,,,,,,,,,,25,01,yes,no,no,2025-08-21_10h55.23.375,EXNAT_4_TMS_Psychopy2024.2.5.psyexp,2024.2.5,2025-08-21 10h57.41.138804 +0200,
0,0,0,0,0,0,0,,,,,,,,,#F989A2,974.636116027832,True,l,hit,856.8236827850342,1080.7631015777588,text_13,113,7,2back_dual_main_click,2,Früher,34,34,68,120,60,,,,,,,,,,,25,01,yes,no,no,2025-08-21_10h55.23.375,EXNAT_4_TMS_Psychopy2024.2.5.psyexp,2024.2.5,2025-08-21 10h57.41.138804 +0200,
0,0,0,0,0,0,0,,,,,,,,,#2AB7EF,975.7712075710297,False,space,correct rejection,None,889.7488117218018,text_13,114,7,2back_dual_main_click,2,wollte,34,34,68,120,60,,,,,,,,,,,25,01,yes,no,no,2025-08-21_10h55.23.375,EXNAT_4_TMS_Psychopy2024.2.5.psyexp,2024.2.5,2025-08-21 10h57.41.138804 +0200,
0,0,0,0,0,0,0,,,,,,,,,#F989A2,976.7145671844482,True,l,hit,826.4567852020264,1146.2979316711426,text_13,115,7,2back_dual_main_click,2,sie,34,34,68,120,60,,,,,,,,,,,25,01,yes,no,no,2025-08-21_10h55.23.375,EXNAT_4_TMS_Psychopy2024.2.5.psyexp,2024.2.5,2025-08-21 10h57.41.138804 +0200,
0,0,0,0,0,0,0,,,,,,,,,#D292F3,977.9137468338013,False,space,correct rejection,None,1227.31614112854,text_13,116,7,2back_dual_main_click,2,oft,35,34,69,120,60,979.0743379592896,,,,,,,,,,25,01,yes,no,no,2025-08-21_10h55.23.375,EXNAT_4_TMS_Psychopy2024.2.5.psyexp,2024.2.5,2025-08-21 10h57.41.138804 +0200,
0,0,0,0,0,0,0,,,,,,,,,#2AB7EF,979.1966805458069,False,space,correct rejection,None,968.3897495269775,text_13,117,7,2back_dual_main_click,2,aufgeben,35,34,69,120,60,,,,,,,,,,,25,01,yes,no,no,2025-08-21_10h55.23.375,EXNAT_4_TMS_Psychopy2024.2.5.psyexp,2024.2.5,2025-08-21 10h57.41.138804 +0200,
0,0,0,0,0,0,0,,,,,,,,,#88BA3F,980.2212080955505,False,space,correct rejection,None,791.7404174804688,text_13,118,7,2back_dual_main_click,2,und,35,34,69,120,60,,,,,,,,,,,25,01,yes,no,no,2025-08-21_10h55.23.375,EXNAT_4_TMS_Psychopy2024.2.5.psyexp,2024.2.5,2025-08-21 10h57.41.138804 +0200,
0,0,0,0,0,0,0,,,,,,,,,#2AB7EF,981.0662887096405,True,l,hit,650.7313251495361,842.6203727722168,text_13,119,7,2back_dual_main_click,2,für,35,34,69,120,60,,,,,,,,,,,25,01,yes,no,no,2025-08-21_10h55.23.375,EXNAT_4_TMS_Psychopy2024.2.5.psyexp,2024.2.5,2025-08-21 10h57.41.138804 +0200,
0,0,0,0,0,0,0,,,,,,,,,#D292F3,981.9632470607758,False,space,correct rejection,None,1065.5720233917236,text_13,120,7,2back_dual_main_click,2,das,35,34,69,120,60,,,,,,,,,,,25,01,yes,no,no,2025-08-21_10h55.23.375,EXNAT_4_TMS_Psychopy2024.2.5.psyexp,2024.2.5,2025-08-21 10h57.41.138804 +0200,
0,0,0,0,0,0,0,,,,,,,,,#D292F3,983.0831406116486,False,space,correct rejection,None,889.8026943206787,text_13,121,7,2back_dual_main_click,2,Magazin,35,34,69,120,60,,,,,,,,,,,25,01,yes,no,no,2025-08-21_10h55.23.375,EXNAT_4_TMS_Psychopy2024.2.5.psyexp,2024.2.5,2025-08-21 10h57.41.138804 +0200,
0,0,0,0,0,0,0,,,,,,,,,#88BA3F,984.0262930393219,False,space,correct rejection,None,970.7620143890381,text_13,122,7,2back_dual_main_click,2,Geo,36,34,70,120,60,984.0816235542297,,,,,,,,,,25,01,yes,no,no,2025-08-21_10h55.23.375,EXNAT_4_TMS_Psychopy2024.2.5.psyexp,2024.2.5,2025-08-21 10h57.41.138804 +0200,
0,0,0,0,0,0,0,,,,,,,,,#F989A2,985.0523262023926,False,space,correct rejection,None,1352.6611328125,text_13,123,7,2back_dual_main_click,2,Reportagen,36,34,70,120,60,,,,,,,,,,,25,01,yes,no,no,2025-08-21_10h55.23.375,EXNAT_4_TMS_Psychopy2024.2.5.psyexp,2024.2.5,2025-08-21 10h57.41.138804 +0200,
0,0,0,0,0,0,0,,,,,,,,,#D292F3,986.4592342376709,False,space,correct rejection,None,905.7788848876953,text_13,124,7,2back_dual_main_click,2,aus,36,34,70,120,60,,,,,,,,,,,25,01,yes,no,no,2025-08-21_10h55.23.375,EXNAT_4_TMS_Psychopy2024.2.5.psyexp,2024.2.5,2025-08-21 10h57.41.138804 +0200,
0,0,0,0,0,0,0,,,,,,,,,#2AB7EF,987.4195396900177,False,space,correct rejection,None,841.4289951324463,text_13,125,7,2back_dual_main_click,2,der,36,34,70,120,60,,,,,,,,,,,25,01,yes,no,no,2025-08-21_10h55.23.375,EXNAT_4_TMS_Psychopy2024.2.5.psyexp,2024.2.5,2025-08-21 10h57.41.138804 +0200,
0,0,0,0,0,0,0,,,,,,,,,#2AB7EF,988.3150143623352,False,space,correct rejection,None,921.9346046447754,text_13,126,7,2back_dual_main_click,2,weiten,36,34,70,120,60,,,,,,,,,,,25,01,yes,no,no,2025-08-21_10h55.23.375,EXNAT_4_TMS_Psychopy2024.2.5.psyexp,2024.2.5,2025-08-21 10h57.41.138804 +0200,
0,0,0,0,0,0,0,,,,,,,,,#D292F3,989.2907118797302,False,space,correct rejection,None,1114.2199039459229,text_13,127,7,2back_dual_main_click,2,Welt,36,34,70,120,60,,,,,,,,,,,25,01,yes,no,no,2025-08-21_10h55.23.375,EXNAT_4_TMS_Psychopy2024.2.5.psyexp,2024.2.5,2025-08-21 10h57.41.138804 +0200,
0,0,0,0,0,0,0,,,,,,,,,#F989A2,990.458681344986,False,space,correct rejection,None,938.2996559143066,text_13,128,7,2back_dual_main_click,2,schreiben.,36,34,70,120,60,,,,,,,,,,,25,01,yes,no,no,2025-08-21_10h55.23.375,EXNAT_4_TMS_Psychopy2024.2.5.psyexp,2024.2.5,2025-08-21 10h57.41.138804 +0200,
0,0,0,0,0,0,0,,,,,,,,,#F989A2,991.4499814510345,False,space,correct rejection,None,1019.0122127532959,text_13,129,7,2back_dual_main_click,2,Doch,36,34,70,120,60,,,,,,,,,,,25,01,yes,no,no,2025-08-21_10h55.23.375,EXNAT_4_TMS_Psychopy2024.2.5.psyexp,2024.2.5,2025-08-21 10h57.41.138804 +0200,
0,0,0,0,0,0,0,,,,,,,,,#2AB7EF,992.5218708515167,False,space,correct rejection,None,1243.126392364502,text_13,130,7,2back_dual_main_click,2,sie,36,34,70,120,60,,,,,,,,,,,25,01,yes,no,no,2025-08-21_10h55.23.375,EXNAT_4_TMS_Psychopy2024.2.5.psyexp,2024.2.5,2025-08-21 10h57.41.138804 +0200,
0,0,0,0,0,0,0,,,,,,,,,#88BA3F,993.8197526931763,False,space,correct rejection,None,1257.2176456451416,text_13,131,7,2back_dual_main_click,2,wurde,36,34,70,120,60,,,,,,,,,,,25,01,yes,no,no,2025-08-21_10h55.23.375,EXNAT_4_TMS_Psychopy2024.2.5.psyexp,2024.2.5,2025-08-21 10h57.41.138804 +0200,
0,0,0,0,0,0,0,,,,,,,,,#88BA3F,995.1304183006287,False,space,correct rejection,None,922.5249290466309,text_13,132,7,2back_dual_main_click,2,immer,36,34,70,120,60,,,,,,,,,,,25,01,yes,no,no,2025-08-21_10h55.23.375,EXNAT_4_TMS_Psychopy2024.2.5.psyexp,2024.2.5,2025-08-21 10h57.41.138804 +0200,
0,0,0,0,0,0,0,,,,,,,,,#88BA3F,996.106513261795,True,l,hit,586.533784866333,810.3570938110352,text_13,133,7,2back_dual_main_click,2,wieder,36,35,71,120,60,996.1583528518677,,,,,,,,,,25,01,yes,no,no,2025-08-21_10h55.23.375,EXNAT_4_TMS_Psychopy2024.2.5.psyexp,2024.2.5,2025-08-21 10h57.41.138804 +0200,
0,0,0,0,0,0,0,,,,,,,,,#2AB7EF,996.9695181846619,False,space,correct rejection,None,859.4405651092529,text_13,134,7,2back_dual_main_click,2,für,36,35,71,120,60,,,,,,,,,,,25,01,yes,no,no,2025-08-21_10h55.23.375,EXNAT_4_TMS_Psychopy2024.2.5.psyexp,2024.2.5,2025-08-21 10h57.41.138804 +0200,
0,0,0,0,0,0,0,,,,,,,,,#2AB7EF,997.8823528289795,False,space,correct rejection,None,906.6910743713379,text_13,135,7,2back_dual_main_click,2,neue,36,35,71,120,60,,,,,,,,,,,25,01,yes,no,no,2025-08-21_10h55.23.375,EXNAT_4_TMS_Psychopy2024.2.5.psyexp,2024.2.5,2025-08-21 10h57.41.138804 +0200,
0,0,0,0,0,0,0,,,,,,,,,#2AB7EF,998.8421630859375,True,l,hit,458.83774757385254,714.7109508514404,text_13,136,7,2back_dual_main_click,2,Rollen,36,35,71,120,60,,,,,,,,,,,25,01,yes,no,no,2025-08-21_10h55.23.375,EXNAT_4_TMS_Psychopy2024.2.5.psyexp,2024.2.5,2025-08-21 10h57.41.138804 +0200,
0,0,0,0,0,0,0,,,,,,,,,#88BA3F,999.6120004653931,False,space,correct rejection,None,1112.943410873413,text_13,137,7,2back_dual_main_click,2,gewonnen.,36,35,71,120,60,,,,,,,,,,,25,01,yes,no,no,2025-08-21_10h55.23.375,EXNAT_4_TMS_Psychopy2024.2.5.psyexp,2024.2.5,2025-08-21 10h57.41.138804 +0200,
0,0,0,0,0,0,0,,,,,,,,,#F989A2,1000.775848865509,False,space,correct rejection,None,1021.1741924285889,text_13,138,7,2back_dual_main_click,2,Nun,37,35,72,120,60,1001.1582541465759,,,,,,,,,,25,01,yes,no,no,2025-08-21_10h55.23.375,EXNAT_4_TMS_Psychopy2024.2.5.psyexp,2024.2.5,2025-08-21 10h57.41.138804 +0200,
0,0,0,0,0,0,0,,,,,,,,,#F989A2,1001.8510744571686,False,space,correct rejection,None,793.9000129699707,text_13,139,7,2back_dual_main_click,2,überlegt,37,35,72,120,60,,,,,,,,,,,25,01,yes,no,no,2025-08-21_10h55.23.375,EXNAT_4_TMS_Psychopy2024.2.5.psyexp,2024.2.5,2025-08-21 10h57.41.138804 +0200,
0,0,0,0,0,0,0,,,,,,,,,#D292F3,1002.7003359794617,False,space,correct rejection,None,1064.6617412567139,text_13,140,7,2back_dual_main_click,2,"sie,",37,35,72,120,60,,,,,,,,,,,25,01,yes,no,no,2025-08-21_10h55.23.375,EXNAT_4_TMS_Psychopy2024.2.5.psyexp,2024.2.5,2025-08-21 10h57.41.138804 +0200,
0,0,0,0,0,0,0,,,,,,,,,#F989A2,1003.8023066520691,True,l,hit,890.7179832458496,1114.6395206451416,text_13,141,7,2back_dual_main_click,2,wie,37,35,72,120,60,,,,,,,,,,,25,01,yes,no,no,2025-08-21_10h55.23.375,EXNAT_4_TMS_Psychopy2024.2.5.psyexp,2024.2.5,2025-08-21 10h57.41.138804 +0200,
0,0,0,0,0,0,0,,,,,,,,,#D292F3,1004.9709041118622,True,l,hit,698.0800628662109,954.0317058563232,text_13,142,7,2back_dual_main_click,2,es,37,35,72,120,60,,,,,,,,,,,25,01,yes,no,no,2025-08-21_10h55.23.375,EXNAT_4_TMS_Psychopy2024.2.5.psyexp,2024.2.5,2025-08-21 10h57.41.138804 +0200,
0,0,0,0,0,0,0,,,,,,,,,#88BA3F,1005.9818758964539,False,space,correct rejection,None,967.1263694763184,text_13,143,7,2back_dual_main_click,2,weitergeht:,37,35,72,120,60,,,,,,,,,,,25,01,yes,no,no,2025-08-21_10h55.23.375,EXNAT_4_TMS_Psychopy2024.2.5.psyexp,2024.2.5,2025-08-21 10h57.41.138804 +0200,
0,0,0,0,0,0,0,,,,,,,,,#D292F3,1007.0029449462891,True,space,miss,None,1466.071605682373,text_13,144,7,2back_dual_main_click,2,vor,37,36,73,120,60,1007.0556552410126,,,,,,,,,,25,01,yes,no,no,2025-08-21_10h55.23.375,EXNAT_4_TMS_Psychopy2024.2.5.psyexp,2024.2.5,2025-08-21 10h57.41.138804 +0200,
0,0,0,0,0,0,0,,,,,,,,,#D292F3,1008.5230329036713,False,space,correct rejection,None,953.8369178771973,text_13,145,7,2back_dual_main_click,2,der,37,36,73,120,60,,,,,,,,,,,25,01,yes,no,no,2025-08-21_10h55.23.375,EXNAT_4_TMS_Psychopy2024.2.5.psyexp,2024.2.5,2025-08-21 10h57.41.138804 +0200,
0,0,0,0,0,0,0,,,,,,,,,#F989A2,1009.5315225124359,False,space,correct rejection,None,1577.4407386779785,text_13,146,7,2back_dual_main_click,2,"Kamera,",37,36,73,120,60,,,,,,,,,,,25,01,yes,no,no,2025-08-21_10h55.23.375,EXNAT_4_TMS_Psychopy2024.2.5.psyexp,2024.2.5,2025-08-21 10h57.41.138804 +0200,
0,0,0,0,0,0,0,,,,,,,,,#D292F3,1011.1623709201813,True,l,hit,586.4520072937012,858.356237411499,text_13,147,7,2back_dual_main_click,2,dahinter,37,36,73,120,60,,,,,,,,,,,25,01,yes,no,no,2025-08-21_10h55.23.375,EXNAT_4_TMS_Psychopy2024.2.5.psyexp,2024.2.5,2025-08-21 10h57.41.138804 +0200,
0,0,0,0,0,0,0,,,,,,,,,#88BA3F,1012.0591821670532,False,space,correct rejection,None,1289.804220199585,text_13,148,7,2back_dual_main_click,2,oder,38,36,74,120,60,1012.1126873493195,,,,,,,,,,25,01,yes,no,no,2025-08-21_10h55.23.375,EXNAT_4_TMS_Psychopy2024.2.5.psyexp,2024.2.5,2025-08-21 10h57.41.138804 +0200,
0,0,0,0,0,0,0,,,,,,,,,#2AB7EF,1013.402724981308,False,space,correct rejection,None,874.1922378540039,text_13,149,7,2back_dual_main_click,2,ganz,38,36,74,120,60,,,,,,,,,,,25,01,yes,no,no,2025-08-21_10h55.23.375,EXNAT_4_TMS_Psychopy2024.2.5.psyexp,2024.2.5,2025-08-21 10h57.41.138804 +0200,
0,0,0,0,0,0,0,,,,,,,,,#F989A2,1014.3315079212189,False,space,correct rejection,None,1177.4184703826904,text_13,150,7,2back_dual_main_click,2,anders?,38,36,74,120,60,,,,,,,,,,,25,01,yes,no,no,2025-08-21_10h55.23.375,EXNAT_4_TMS_Psychopy2024.2.5.psyexp,2024.2.5,2025-08-21 10h57.41.138804 +0200,
0,0,0,0,0,0,0,,,,,,,,,,1015.568609714508,,1,,,,text_13,,7,2back_dual_main_click,,,,,,,,,Q1,a,True,,,,,,,25,01,yes,no,no,2025-08-21_10h55.23.375,EXNAT_4_TMS_Psychopy2024.2.5.psyexp,2024.2.5,2025-08-21 10h57.41.138804 +0200,
0,0,0,0,0,0,0,,,,,,,,,,1020.9960045814514,,3,,,,text_13,,7,2back_dual_main_click,,,,,,,,,Q2,c,True,,,,,,,25,01,yes,no,no,2025-08-21_10h55.23.375,EXNAT_4_TMS_Psychopy2024.2.5.psyexp,2024.2.5,2025-08-21 10h57.41.138804 +0200,
0,0,0,0,0,0,0,,,,,,,,,,1025.5080962181091,,4,,,,text_13,,7,2back_dual_main_click,,,,,,,,,Q3,d,True,,,,,,,25,01,yes,no,no,2025-08-21_10h55.23.375,EXNAT_4_TMS_Psychopy2024.2.5.psyexp,2024.2.5,2025-08-21 10h57.41.138804 +0200,
0,0,0,0,0,0,0,,,,,,,,,#F989A2,1034.4021553993225,False,space,correct rejection,None,1346.8117713928223,text_02,1,8,2back_dual_main_click,2,Ernest,38,36,74,120,60,,,,,,,,,,,25,01,yes,no,no,2025-08-21_10h55.23.375,EXNAT_4_TMS_Psychopy2024.2.5.psyexp,2024.2.5,2025-08-21 10h57.41.138804 +0200,
0,0,0,0,0,0,0,,,,,,,,,#D292F3,1035.7875266075134,False,space,correct rejection,None,857.5091361999512,text_02,2,8,2back_dual_main_click,2,Hemingway,38,36,74,120,60,,,,,,,,,,,25,01,yes,no,no,2025-08-21_10h55.23.375,EXNAT_4_TMS_Psychopy2024.2.5.psyexp,2024.2.5,2025-08-21 10h57.41.138804 +0200,
0,0,0,0,0,0,0,,,,,,,,,#D292F3,1036.6837275028229,False,space,correct rejection,None,1561.3601207733154,text_02,3,8,2back_dual_main_click,2,lebte,38,36,74,120,60,,,,,,,,,,,25,01,yes,no,no,2025-08-21_10h55.23.375,EXNAT_4_TMS_Psychopy2024.2.5.psyexp,2024.2.5,2025-08-21 10h57.41.138804 +0200,
0,0,0,0,0,0,0,,,,,,,,,#F989A2,1038.2845196723938,False,space,correct rejection,None,760.5195045471191,text_02,4,8,2back_dual_main_click,2,rund,38,36,74,120,60,,,,,,,,,,,25,01,yes,no,no,2025-08-21_10h55.23.375,EXNAT_4_TMS_Psychopy2024.2.5.psyexp,2024.2.5,2025-08-21 10h57.41.138804 +0200,
0,0,0,0,0,0,0,,,,,,,,,#88BA3F,1039.0836434364319,False,space,correct rejection,None,1641.4759159088135,text_02,5,8,2back_dual_main_click,2,zwanzig,38,36,74,120,60,,,,,,,,,,,25,01,yes,no,no,2025-08-21_10h55.23.375,EXNAT_4_TMS_Psychopy2024.2.5.psyexp,2024.2.5,2025-08-21 10h57.41.138804 +0200,
0,0,0,0,0,0,0,,,,,,,,,#D292F3,1040.7664697170258,False,space,correct rejection,None,1078.6588191986084,text_02,6,8,2back_dual_main_click,2,Jahre,38,36,74,120,60,,,,,,,,,,,25,01,yes,no,no,2025-08-21_10h55.23.375,EXNAT_4_TMS_Psychopy2024.2.5.psyexp,2024.2.5,2025-08-21 10h57.41.138804 +0200,
0,0,0,0,0,0,0,,,,,,,,,#2AB7EF,1041.9006042480469,False,space,correct rejection,None,632.1558952331543,text_02,7,8,2back_dual_main_click,2,in,38,36,74,120,60,,,,,,,,,,,25,01,yes,no,no,2025-08-21_10h55.23.375,EXNAT_4_TMS_Psychopy2024.2.5.psyexp,2024.2.5,2025-08-21 10h57.41.138804 +0200,
0,0,0,0,0,0,0,,,,,,,,,#F989A2,1042.5877058506012,False,space,correct rejection,None,1465.224266052246,text_02,8,8,2back_dual_main_click,2,"Kuba,",38,36,74,120,60,,,,,,,,,,,25,01,yes,no,no,2025-08-21_10h55.23.375,EXNAT_4_TMS_Psychopy2024.2.5.psyexp,2024.2.5,2025-08-21 10h57.41.138804 +0200,
0,0,0,0,0,0,0,,,,,,,,,#2AB7EF,1044.1076016426086,True,l,hit,505.37991523742676,857.3269844055176,text_02,9,8,2back_dual_main_click,2,hauptsächlich,38,37,75,120,60,1044.1579484939575,,,,,,,,,,25,01,yes,no,no,2025-08-21_10h55.23.375,EXNAT_4_TMS_Psychopy2024.2.5.psyexp,2024.2.5,2025-08-21 10h57.41.138804 +0200,
0,0,0,0,0,0,0,,,,,,,,,#88BA3F,1045.0194268226624,False,space,correct rejection,None,1321.5913772583008,text_02,10,8,2back_dual_main_click,2,in,38,37,75,120,60,,,,,,,,,,,25,01,yes,no,no,2025-08-21_10h55.23.375,EXNAT_4_TMS_Psychopy2024.2.5.psyexp,2024.2.5,2025-08-21 10h57.41.138804 +0200,
0,0,0,0,0,0,0,,,,,,,,,#88BA3F,1046.380306482315,False,space,correct rejection,None,1000.6113052368164,text_02,11,8,2back_dual_main_click,2,seinem,38,37,75,120,60,,,,,,,,,,,25,01,yes,no,no,2025-08-21_10h55.23.375,EXNAT_4_TMS_Psychopy2024.2.5.psyexp,2024.2.5,2025-08-21 10h57.41.138804 +0200,
0,0,0,0,0,0,0,,,,,,,,,#2AB7EF,1047.435388803482,False,space,correct rejection,None,873.4619617462158,text_02,12,8,2back_dual_main_click,2,Haus,38,37,75,120,60,,,,,,,,,,,25,01,yes,no,no,2025-08-21_10h55.23.375,EXNAT_4_TMS_Psychopy2024.2.5.psyexp,2024.2.5,2025-08-21 10h57.41.138804 +0200,
0,0,0,0,0,0,0,,,,,,,,,#D292F3,1048.3628578186035,False,space,correct rejection,None,1034.1105461120605,text_02,13,8,2back_dual_main_click,2,Finca,38,37,75,120,60,,,,,,,,,,,25,01,yes,no,no,2025-08-21_10h55.23.375,EXNAT_4_TMS_Psychopy2024.2.5.psyexp,2024.2.5,2025-08-21 10h57.41.138804 +0200,
0,0,0,0,0,0,0,,,,,,,,,#88BA3F,1049.451214313507,False,space,correct rejection,None,1145.827054977417,text_02,14,8,2back_dual_main_click,2,Vigía,39,37,76,120,60,1049.5029692649841,,,,,,,,,,25,01,yes,no,no,2025-08-21_10h55.23.375,EXNAT_4_TMS_Psychopy2024.2.5.psyexp,2024.2.5,2025-08-21 10h57.41.138804 +0200,
0,0,0,0,0,0,0,,,,,,,,,#D292F3,1050.6510152816772,True,space,miss,None,809.7724914550781,text_02,15,8,2back_dual_main_click,2,bei,39,37,76,120,60,,,,,,,,,,,25,01,yes,no,no,2025-08-21_10h55.23.375,EXNAT_4_TMS_Psychopy2024.2.5.psyexp,2024.2.5,2025-08-21 10h57.41.138804 +0200,
0,0,0,0,0,0,0,,,,,,,,,#2AB7EF,1051.5184559822083,False,space,correct rejection,None,1222.5604057312012,text_02,16,8,2back_dual_main_click,2,Havanna.,39,37,76,120,60,,,,,,,,,,,25,01,yes,no,no,2025-08-21_10h55.23.375,EXNAT_4_TMS_Psychopy2024.2.5.psyexp,2024.2.5,2025-08-21 10h57.41.138804 +0200,
0,0,0,0,0,0,0,,,,,,,,,#2AB7EF,1052.794897556305,False,space,correct rejection,None,937.92724609375,text_02,17,8,2back_dual_main_click,2,Dort,39,37,76,120,60,,,,,,,,,,,25,01,yes,no,no,2025-08-21_10h55.23.375,EXNAT_4_TMS_Psychopy2024.2.5.psyexp,2024.2.5,2025-08-21 10h57.41.138804 +0200,
0,0,0,0,0,0,0,,,,,,,,,#F989A2,1053.7882297039032,False,space,correct rejection,None,1032.7730178833008,text_02,18,8,2back_dual_main_click,2,lagern,39,37,76,120,60,,,,,,,,,,,25,01,yes,no,no,2025-08-21_10h55.23.375,EXNAT_4_TMS_Psychopy2024.2.5.psyexp,2024.2.5,2025-08-21 10h57.41.138804 +0200,
0,0,0,0,0,0,0,,,,,,,,,#88BA3F,1054.8751347064972,False,space,correct rejection,None,921.8173027038574,text_02,19,8,2back_dual_main_click,2,etwa,39,37,76,120,60,,,,,,,,,,,25,01,yes,no,no,2025-08-21_10h55.23.375,EXNAT_4_TMS_Psychopy2024.2.5.psyexp,2024.2.5,2025-08-21 10h57.41.138804 +0200,
0,0,0,0,0,0,0,,,,,,,,,#D292F3,1055.8351919651031,False,space,correct rejection,None,1001.8510818481445,text_02,20,8,2back_dual_main_click,2,3000,39,37,76,120,60,,,,,,,,,,,25,01,yes,no,no,2025-08-21_10h55.23.375,EXNAT_4_TMS_Psychopy2024.2.5.psyexp,2024.2.5,2025-08-21 10h57.41.138804 +0200,
0,0,0,0,0,0,0,,,,,,,,,#88BA3F,1056.8794243335724,True,l,hit,869.6000576019287,1125.502109527588,text_02,21,8,2back_dual_main_click,2,Manuskripte,39,38,77,120,60,1056.935700416565,,,,,,,,,,25,01,yes,no,no,2025-08-21_10h55.23.375,EXNAT_4_TMS_Psychopy2024.2.5.psyexp,2024.2.5,2025-08-21 10h57.41.138804 +0200,
0,0,0,0,0,0,0,,,,,,,,,#F989A2,1058.0431532859802,False,space,correct rejection,None,1177.8228282928467,text_02,22,8,2back_dual_main_click,2,des,39,38,77,120,60,,,,,,,,,,,25,01,yes,no,no,2025-08-21_10h55.23.375,EXNAT_4_TMS_Psychopy2024.2.5.psyexp,2024.2.5,2025-08-21 10h57.41.138804 +0200,
0,0,0,0,0,0,0,,,,,,,,,#2AB7EF,1059.260069847107,False,space,correct rejection,None,1192.8815841674805,text_02,23,8,2back_dual_main_click,2,"Autors,",39,38,77,120,60,,,,,,,,,,,25,01,yes,no,no,2025-08-21_10h55.23.375,EXNAT_4_TMS_Psychopy2024.2.5.psyexp,2024.2.5,2025-08-21 10h57.41.138804 +0200,
0,0,0,0,0,0,0,,,,,,,,,#F989A2,1060.4906313419342,True,space,miss,None,1162.3404026031494,text_02,24,8,2back_dual_main_click,2,die,39,38,77,120,60,,,,,,,,,,,25,01,yes,no,no,2025-08-21_10h55.23.375,EXNAT_4_TMS_Psychopy2024.2.5.psyexp,2024.2.5,2025-08-21 10h57.41.138804 +0200,
0,0,0,0,0,0,0,,,,,,,,,#2AB7EF,1061.690705537796,True,l,hit,730.1778793334961,1050.1582622528076,text_02,25,8,2back_dual_main_click,2,nach,39,39,78,120,60,1061.935599565506,,,,,,,,,,25,01,yes,no,no,2025-08-21_10h55.23.375,EXNAT_4_TMS_Psychopy2024.2.5.psyexp,2024.2.5,2025-08-21 10h57.41.138804 +0200,
0,0,0,0,0,0,0,,,,,,,,,#88BA3F,1062.7809655666351,False,space,correct rejection,None,1240.0460243225098,text_02,26,8,2back_dual_main_click,2,und,39,39,78,120,60,,,,,,,,,,,25,01,yes,no,no,2025-08-21_10h55.23.375,EXNAT_4_TMS_Psychopy2024.2.5.psyexp,2024.2.5,2025-08-21 10h57.41.138804 +0200,
0,0,0,0,0,0,0,,,,,,,,,#F989A2,1064.0604734420776,False,space,correct rejection,None,872.4009990692139,text_02,27,8,2back_dual_main_click,2,nach,39,39,78,120,60,,,,,,,,,,,25,01,yes,no,no,2025-08-21_10h55.23.375,EXNAT_4_TMS_Psychopy2024.2.5.psyexp,2024.2.5,2025-08-21 10h57.41.138804 +0200,
0,0,0,0,0,0,0,,,,,,,,,#88BA3F,1064.9711213111877,True,l,hit,1033.6711406707764,1257.5373649597168,text_02,28,8,2back_dual_main_click,2,digitalisiert,39,39,78,120,60,,,,,,,,,,,25,01,yes,no,no,2025-08-21_10h55.23.375,EXNAT_4_TMS_Psychopy2024.2.5.psyexp,2024.2.5,2025-08-21 10h57.41.138804 +0200,
0,0,0,0,0,0,0,,,,,,,,,#2AB7EF,1066.267431974411,False,space,correct rejection,None,1241.3842678070068,text_02,29,8,2back_dual_main_click,2,wurden.,40,39,79,120,60,1066.9356367588043,,,,,,,,,,25,01,yes,no,no,2025-08-21_10h55.23.375,EXNAT_4_TMS_Psychopy2024.2.5.psyexp,2024.2.5,2025-08-21 10h57.41.138804 +0200,
0,0,0,0,0,0,0,,,,,,,,,#D292F3,1067.5500574111938,False,space,correct rejection,None,918.9260005950928,text_02,30,8,2back_dual_main_click,2,Viele,40,39,79,120,60,,,,,,,,,,,25,01,yes,no,no,2025-08-21_10h55.23.375,EXNAT_4_TMS_Psychopy2024.2.5.psyexp,2024.2.5,2025-08-21 10h57.41.138804 +0200,
0,0,0,0,0,0,0,,,,,,,,,#F989A2,1068.508546113968,False,space,correct rejection,None,952.3248672485352,text_02,31,8,2back_dual_main_click,2,davon,40,39,79,120,60,,,,,,,,,,,25,01,yes,no,no,2025-08-21_10h55.23.375,EXNAT_4_TMS_Psychopy2024.2.5.psyexp,2024.2.5,2025-08-21 10h57.41.138804 +0200,
0,0,0,0,0,0,0,,,,,,,,,#D292F3,1069.498470544815,True,l,hit,490.4203414916992,746.3984489440918,text_02,32,8,2back_dual_main_click,2,sind,40,39,79,120,60,,,,,,,,,,,25,01,yes,no,no,2025-08-21_10h55.23.375,EXNAT_4_TMS_Psychopy2024.2.5.psyexp,2024.2.5,2025-08-21 10h57.41.138804 +0200,
0,0,0,0,0,0,0,,,,,,,,,#D292F3,1070.2829711437225,False,space,correct rejection,None,1081.9473266601562,text_02,33,8,2back_dual_main_click,2,bislang,40,39,79,120,60,,,,,,,,,,,25,01,yes,no,no,2025-08-21_10h55.23.375,EXNAT_4_TMS_Psychopy2024.2.5.psyexp,2024.2.5,2025-08-21 10h57.41.138804 +0200,
0,0,0,0,0,0,0,,,,,,,,,#F989A2,1071.4046113491058,False,space,correct rejection,None,984.3597412109375,text_02,34,8,2back_dual_main_click,2,unveröffentlicht.,41,39,80,120,60,1071.935644865036,,,,,,,,,,25,01,yes,no,no,2025-08-21_10h55.23.375,EXNAT_4_TMS_Psychopy2024.2.5.psyexp,2024.2.5,2025-08-21 10h57.41.138804 +0200,
0,0,0,0,0,0,0,,,,,,,,,#2AB7EF,1072.4300994873047,False,space,correct rejection,None,1062.8764629364014,text_02,35,8,2back_dual_main_click,2,Nun,41,39,80,120,60,,,,,,,,,,,25,01,yes,no,no,2025-08-21_10h55.23.375,EXNAT_4_TMS_Psychopy2024.2.5.psyexp,2024.2.5,2025-08-21 10h57.41.138804 +0200,
0,0,0,0,0,0,0,,,,,,,,,#88BA3F,1073.5463790893555,False,space,correct rejection,None,938.5392665863037,text_02,36,8,2back_dual_main_click,2,sollen,41,39,80,120,60,,,,,,,,,,,25,01,yes,no,no,2025-08-21_10h55.23.375,EXNAT_4_TMS_Psychopy2024.2.5.psyexp,2024.2.5,2025-08-21 10h57.41.138804 +0200,
0,0,0,0,0,0,0,,,,,,,,,#F989A2,1074.5404374599457,False,l,false alarm,584.4638347625732,840.4572010040283,text_02,37,8,2back_dual_main_click,2,sie,41,39,80,120,60,,,,,,,,,,,25,01,yes,no,no,2025-08-21_10h55.23.375,EXNAT_4_TMS_Psychopy2024.2.5.psyexp,2024.2.5,2025-08-21 10h57.41.138804 +0200,
0,0,0,0,0,0,0,,,,,,,,,#88BA3F,1075.4362742900848,True,l,hit,776.5412330627441,984.5457077026367,text_02,38,8,2back_dual_main_click,2,zunächst,41,39,80,120,60,,,,,,,,,,,25,01,yes,no,no,2025-08-21_10h55.23.375,EXNAT_4_TMS_Psychopy2024.2.5.psyexp,2024.2.5,2025-08-21 10h57.41.138804 +0200,
0,0,0,0,0,0,0,,,,,,,,,#F989A2,1076.4736166000366,True,l,hit,795.2942848205566,987.2233867645264,text_02,39,8,2back_dual_main_click,2,in,41,40,81,120,60,1076.9356498718262,,,,,,,,,,25,01,yes,no,no,2025-08-21_10h55.23.375,EXNAT_4_TMS_Psychopy2024.2.5.psyexp,2024.2.5,2025-08-21 10h57.41.138804 +0200,
0,0,0,0,0,0,0,,,,,,,,,#F989A2,1077.515819311142,False,space,correct rejection,None,1065.2008056640625,text_02,40,8,2back_dual_main_click,2,Kuba,41,40,81,120,60,,,,,,,,,,,25,01,yes,no,no,2025-08-21_10h55.23.375,EXNAT_4_TMS_Psychopy2024.2.5.psyexp,2024.2.5,2025-08-21 10h57.41.138804 +0200,
0,0,0,0,0,0,0,,,,,,,,,#2AB7EF,1078.635838508606,False,space,correct rejection,None,873.1842041015625,text_02,41,8,2back_dual_main_click,2,ausgestellt,41,40,81,120,60,,,,,,,,,,,25,01,yes,no,no,2025-08-21_10h55.23.375,EXNAT_4_TMS_Psychopy2024.2.5.psyexp,2024.2.5,2025-08-21 10h57.41.138804 +0200,
0,0,0,0,0,0,0,,,,,,,,,#88BA3F,1079.5631082057953,False,space,correct rejection,None,1033.8916778564453,text_02,42,8,2back_dual_main_click,2,und,41,40,81,120,60,,,,,,,,,,,25,01,yes,no,no,2025-08-21_10h55.23.375,EXNAT_4_TMS_Psychopy2024.2.5.psyexp,2024.2.5,2025-08-21 10h57.41.138804 +0200,
0,0,0,0,0,0,0,,,,,,,,,#F989A2,1080.6524939537048,False,l,false alarm,664.3810272216797,952.3344039916992,text_02,43,8,2back_dual_main_click,2,später,41,40,81,120,60,,,,,,,,,,,25,01,yes,no,no,2025-08-21_10h55.23.375,EXNAT_4_TMS_Psychopy2024.2.5.psyexp,2024.2.5,2025-08-21 10h57.41.138804 +0200,
0,0,0,0,0,0,0,,,,,,,,,#D292F3,1081.6584105491638,False,space,correct rejection,None,1130.5863857269287,text_02,44,8,2back_dual_main_click,2,der,42,40,82,120,60,1081.9356298446655,,,,,,,,,,25,01,yes,no,no,2025-08-21_10h55.23.375,EXNAT_4_TMS_Psychopy2024.2.5.psyexp,2024.2.5,2025-08-21 10h57.41.138804 +0200,
0,0,0,0,0,0,0,,,,,,,,,#F989A2,1082.8442332744598,True,space,miss,None,904.7837257385254,text_02,45,8,2back_dual_main_click,2,Bibliothek,42,40,82,120,60,,,,,,,,,,,25,01,yes,no,no,2025-08-21_10h55.23.375,EXNAT_4_TMS_Psychopy2024.2.5.psyexp,2024.2.5,2025-08-21 10h57.41.138804 +0200,
0,0,0,0,0,0,0,,,,,,,,,#88BA3F,1083.8030669689178,False,space,correct rejection,None,873.7032413482666,text_02,46,8,2back_dual_main_click,2,in,42,40,82,120,60,,,,,,,,,,,25,01,yes,no,no,2025-08-21_10h55.23.375,EXNAT_4_TMS_Psychopy2024.2.5.psyexp,2024.2.5,2025-08-21 10h57.41.138804 +0200,
0,0,0,0,0,0,0,,,,,,,,,#D292F3,1084.7309119701385,False,space,correct rejection,None,906.0056209564209,text_02,47,8,2back_dual_main_click,2,Boston,42,40,82,120,60,,,,,,,,,,,25,01,yes,no,no,2025-08-21_10h55.23.375,EXNAT_4_TMS_Psychopy2024.2.5.psyexp,2024.2.5,2025-08-21 10h57.41.138804 +0200,
0,0,0,0,0,0,0,,,,,,,,,#2AB7EF,1085.693486213684,False,space,correct rejection,None,1255.4891109466553,text_02,48,8,2back_dual_main_click,2,übergeben,42,40,82,120,60,,,,,,,,,,,25,01,yes,no,no,2025-08-21_10h55.23.375,EXNAT_4_TMS_Psychopy2024.2.5.psyexp,2024.2.5,2025-08-21 10h57.41.138804 +0200,
0,0,0,0,0,0,0,,,,,,,,,#D292F3,1087.0035135746002,True,space,miss,None,761.4638805389404,text_02,49,8,2back_dual_main_click,2,werden.,42,41,83,120,60,1087.0556004047394,,,,,,,,,,25,01,yes,no,no,2025-08-21_10h55.23.375,EXNAT_4_TMS_Psychopy2024.2.5.psyexp,2024.2.5,2025-08-21 10h57.41.138804 +0200,
0,0,0,0,0,0,0,,,,,,,,,#88BA3F,1087.8217403888702,False,space,correct rejection,None,743.2096004486084,text_02,50,8,2back_dual_main_click,2,Bereits,42,41,83,120,60,,,,,,,,,,,25,01,yes,no,no,2025-08-21_10h55.23.375,EXNAT_4_TMS_Psychopy2024.2.5.psyexp,2024.2.5,2025-08-21 10h57.41.138804 +0200,
0,0,0,0,0,0,0,,,,,,,,,#2AB7EF,1088.6188814640045,False,space,correct rejection,None,890.061616897583,text_02,51,8,2back_dual_main_click,2,2002,42,41,83,120,60,,,,,,,,,,,25,01,yes,no,no,2025-08-21_10h55.23.375,EXNAT_4_TMS_Psychopy2024.2.5.psyexp,2024.2.5,2025-08-21 10h57.41.138804 +0200,
0,0,0,0,0,0,0,,,,,,,,,#2AB7EF,1089.5633075237274,False,space,correct rejection,None,953.6716938018799,text_02,52,8,2back_dual_main_click,2,wurde,42,41,83,120,60,,,,,,,,,,,25,01,yes,no,no,2025-08-21_10h55.23.375,EXNAT_4_TMS_Psychopy2024.2.5.psyexp,2024.2.5,2025-08-21 10h57.41.138804 +0200,
0,0,0,0,0,0,0,,,,,,,,,#88BA3F,1090.5713455677032,False,space,correct rejection,None,1017.6823139190674,text_02,53,8,2back_dual_main_click,2,die,42,41,83,120,60,,,,,,,,,,,25,01,yes,no,no,2025-08-21_10h55.23.375,EXNAT_4_TMS_Psychopy2024.2.5.psyexp,2024.2.5,2025-08-21 10h57.41.138804 +0200,
0,0,0,0,0,0,0,,,,,,,,,#F989A2,1091.645446062088,False,space,correct rejection,None,999.5748996734619,text_02,54,8,2back_dual_main_click,2,Digitalisierung,43,41,84,120,60,1092.0555126667023,,,,,,,,,,25,01,yes,no,no,2025-08-21_10h55.23.375,EXNAT_4_TMS_Psychopy2024.2.5.psyexp,2024.2.5,2025-08-21 10h57.41.138804 +0200,
0,0,0,0,0,0,0,,,,,,,,,#2AB7EF,1092.700660943985,False,l,false alarm,1336.4570140838623,1544.2867279052734,text_02,55,8,2back_dual_main_click,2,zwischen,43,41,84,120,60,,,,,,,,,,,25,01,yes,no,no,2025-08-21_10h55.23.375,EXNAT_4_TMS_Psychopy2024.2.5.psyexp,2024.2.5,2025-08-21 10h57.41.138804 +0200,
0,0,0,0,0,0,0,,,,,,,,,#88BA3F,1094.3002529144287,False,space,correct rejection,None,1624.730110168457,text_02,56,8,2back_dual_main_click,2,Kuba,43,41,84,120,60,,,,,,,,,,,25,01,yes,no,no,2025-08-21_10h55.23.375,EXNAT_4_TMS_Psychopy2024.2.5.psyexp,2024.2.5,2025-08-21 10h57.41.138804 +0200,
0,0,0,0,0,0,0,,,,,,,,,#D292F3,1095.9796838760376,False,space,correct rejection,None,1257.3473453521729,text_02,57,8,2back_dual_main_click,2,und,43,41,84,120,60,,,,,,,,,,,25,01,yes,no,no,2025-08-21_10h55.23.375,EXNAT_4_TMS_Psychopy2024.2.5.psyexp,2024.2.5,2025-08-21 10h57.41.138804 +0200,
0,0,0,0,0,0,0,,,,,,,,,#F989A2,1097.278470993042,False,space,correct rejection,None,838.5415077209473,text_02,58,8,2back_dual_main_click,2,den,43,41,84,120,60,,,,,,,,,,,25,01,yes,no,no,2025-08-21_10h55.23.375,EXNAT_4_TMS_Psychopy2024.2.5.psyexp,2024.2.5,2025-08-21 10h57.41.138804 +0200,
0,0,0,0,0,0,0,,,,,,,,,#D292F3,1098.171420097351,True,space,miss,None,857.6445579528809,text_02,59,8,2back_dual_main_click,2,USA,43,42,85,120,60,1098.2228915691376,,,,,,,,,,25,01,yes,no,no,2025-08-21_10h55.23.375,EXNAT_4_TMS_Psychopy2024.2.5.psyexp,2024.2.5,2025-08-21 10h57.41.138804 +0200,
0,0,0,0,0,0,0,,,,,,,,,#F989A2,1099.0699622631073,True,space,miss,None,1063.0810260772705,text_02,60,8,2back_dual_main_click,2,vereinbart.,43,42,85,120,60,,,,,,,,,,,25,01,yes,no,no,2025-08-21_10h55.23.375,EXNAT_4_TMS_Psychopy2024.2.5.psyexp,2024.2.5,2025-08-21 10h57.41.138804 +0200,
0,0,0,0,0,0,0,,,,,,,,,#2AB7EF,1100.1876204013824,False,space,correct rejection,None,1017.3404216766357,text_02,61,8,2back_dual_main_click,2,Laut,43,42,85,120,60,,,,,,,,,,,25,01,yes,no,no,2025-08-21_10h55.23.375,EXNAT_4_TMS_Psychopy2024.2.5.psyexp,2024.2.5,2025-08-21 10h57.41.138804 +0200,
0,0,0,0,0,0,0,,,,,,,,,#2AB7EF,1101.2407369613647,False,space,correct rejection,None,1212.202548980713,text_02,62,8,2back_dual_main_click,2,der,43,42,85,120,60,,,,,,,,,,,25,01,yes,no,no,2025-08-21_10h55.23.375,EXNAT_4_TMS_Psychopy2024.2.5.psyexp,2024.2.5,2025-08-21 10h57.41.138804 +0200,
0,0,0,0,0,0,0,,,,,,,,,#2AB7EF,1102.492674589157,True,l,hit,728.2376289367676,1000.1785755157471,text_02,63,8,2back_dual_main_click,2,""New,43,43,86,120,60,1103.222769021988,,,,,,,,,,25,01,yes,no,no,2025-08-21_10h55.23.375,EXNAT_4_TMS_Psychopy2024.2.5.psyexp,2024.2.5,2025-08-21 10h57.41.138804 +0200,
0,0,0,0,0,0,0,,,,,,,,,#F989A2,1103.5472099781036,False,space,correct rejection,None,1113.664150238037,text_02,64,8,2back_dual_main_click,2,York,43,43,86,120,60,,,,,,,,,,,25,01,yes,no,no,2025-08-21_10h55.23.375,EXNAT_4_TMS_Psychopy2024.2.5.psyexp,2024.2.5,2025-08-21 10h57.41.138804 +0200,
0,0,0,0,0,0,0,,,,,,,,,#F989A2,1104.7156767845154,False,space,correct rejection,None,1033.2765579223633,text_02,65,8,2back_dual_main_click,2,Times"",43,43,86,120,60,,,,,,,,,,,25,01,yes,no,no,2025-08-21_10h55.23.375,EXNAT_4_TMS_Psychopy2024.2.5.psyexp,2024.2.5,2025-08-21 10h57.41.138804 +0200,
0,0,0,0,0,0,0,,,,,,,,,#D292F3,1105.8043489456177,False,space,correct rejection,None,936.6328716278076,text_02,66,8,2back_dual_main_click,2,befinden,43,43,86,120,60,,,,,,,,,,,25,01,yes,no,no,2025-08-21_10h55.23.375,EXNAT_4_TMS_Psychopy2024.2.5.psyexp,2024.2.5,2025-08-21 10h57.41.138804 +0200,
0,0,0,0,0,0,0,,,,,,,,,#D292F3,1106.796037197113,False,space,correct rejection,None,1048.8543510437012,text_02,67,8,2back_dual_main_click,2,sich,43,43,86,120,60,,,,,,,,,,,25,01,yes,no,no,2025-08-21_10h55.23.375,EXNAT_4_TMS_Psychopy2024.2.5.psyexp,2024.2.5,2025-08-21 10h57.41.138804 +0200,
0,0,0,0,0,0,0,,,,,,,,,#F989A2,1107.898476600647,False,space,correct rejection,None,874.4018077850342,text_02,68,8,2back_dual_main_click,2,unter,44,43,87,120,60,1108.2227818965912,,,,,,,,,,25,01,yes,no,no,2025-08-21_10h55.23.375,EXNAT_4_TMS_Psychopy2024.2.5.psyexp,2024.2.5,2025-08-21 10h57.41.138804 +0200,
0,0,0,0,0,0,0,,,,,,,,,#88BA3F,1108.826054096222,False,space,correct rejection,None,1098.8538265228271,text_02,69,8,2back_dual_main_click,2,den,44,43,87,120,60,,,,,,,,,,,25,01,yes,no,no,2025-08-21_10h55.23.375,EXNAT_4_TMS_Psychopy2024.2.5.psyexp,2024.2.5,2025-08-21 10h57.41.138804 +0200,
0,0,0,0,0,0,0,,,,,,,,,#88BA3F,1109.9796075820923,False,space,correct rejection,None,1833.3103656768799,text_02,70,8,2back_dual_main_click,2,Dokumenten,44,43,87,120,60,,,,,,,,,,,25,01,yes,no,no,2025-08-21_10h55.23.375,EXNAT_4_TMS_Psychopy2024.2.5.psyexp,2024.2.5,2025-08-21 10h57.41.138804 +0200,
0,0,0,0,0,0,0,,,,,,,,,#2AB7EF,1111.8688824176788,False,space,correct rejection,None,1031.975507736206,text_02,71,8,2back_dual_main_click,2,"Notizen,",44,43,87,120,60,,,,,,,,,,,25,01,yes,no,no,2025-08-21_10h55.23.375,EXNAT_4_TMS_Psychopy2024.2.5.psyexp,2024.2.5,2025-08-21 10h57.41.138804 +0200,
0,0,0,0,0,0,0,,,,,,,,,#88BA3F,1112.9565069675446,True,l,hit,712.4271392822266,984.3664169311523,text_02,72,8,2back_dual_main_click,2,Briefe,44,44,88,120,60,1113.2228240966797,,,,,,,,,,25,01,yes,no,no,2025-08-21_10h55.23.375,EXNAT_4_TMS_Psychopy2024.2.5.psyexp,2024.2.5,2025-08-21 10h57.41.138804 +0200,
0,0,0,0,0,0,0,,,,,,,,,#88BA3F,1113.9929690361023,False,space,correct rejection,None,1564.0313625335693,text_02,73,8,2back_dual_main_click,2,und,44,44,88,120,60,,,,,,,,,,,25,01,yes,no,no,2025-08-21_10h55.23.375,EXNAT_4_TMS_Psychopy2024.2.5.psyexp,2024.2.5,2025-08-21 10h57.41.138804 +0200,
0,0,0,0,0,0,0,,,,,,,,,#F989A2,1115.6117901802063,False,space,correct rejection,None,1608.9930534362793,text_02,74,8,2back_dual_main_click,2,"Entwürfe,",44,44,88,120,60,,,,,,,,,,,25,01,yes,no,no,2025-08-21_10h55.23.375,EXNAT_4_TMS_Psychopy2024.2.5.psyexp,2024.2.5,2025-08-21 10h57.41.138804 +0200,
0,0,0,0,0,0,0,,,,,,,,,#D292F3,1117.2748448848724,False,space,correct rejection,None,921.9391345977783,text_02,75,8,2back_dual_main_click,2,die,44,44,88,120,60,,,,,,,,,,,25,01,yes,no,no,2025-08-21_10h55.23.375,EXNAT_4_TMS_Psychopy2024.2.5.psyexp,2024.2.5,2025-08-21 10h57.41.138804 +0200,
0,0,0,0,0,0,0,,,,,,,,,#2AB7EF,1118.2512564659119,False,space,correct rejection,None,793.6515808105469,text_02,76,8,2back_dual_main_click,2,teilweise,45,44,89,120,60,1118.305715560913,,,,,,,,,,25,01,yes,no,no,2025-08-21_10h55.23.375,EXNAT_4_TMS_Psychopy2024.2.5.psyexp,2024.2.5,2025-08-21 10h57.41.138804 +0200,
0,0,0,0,0,0,0,,,,,,,,,#D292F3,1119.0991089344025,True,space,miss,None,1209.8255157470703,text_02,77,8,2back_dual_main_click,2,auf,45,44,89,120,60,,,,,,,,,,,25,01,yes,no,no,2025-08-21_10h55.23.375,EXNAT_4_TMS_Psychopy2024.2.5.psyexp,2024.2.5,2025-08-21 10h57.41.138804 +0200,
0,0,0,0,0,0,0,,,,,,,,,#D292F3,1120.3638787269592,False,space,correct rejection,None,1689.1133785247803,text_02,78,8,2back_dual_main_click,2,lose,45,44,89,120,60,,,,,,,,,,,25,01,yes,no,no,2025-08-21_10h55.23.375,EXNAT_4_TMS_Psychopy2024.2.5.psyexp,2024.2.5,2025-08-21 10h57.41.138804 +0200,
0,0,0,0,0,0,0,,,,,,,,,#2AB7EF,1122.1066250801086,False,space,correct rejection,None,746.3693618774414,text_02,79,8,2back_dual_main_click,2,Blätter,45,44,89,120,60,,,,,,,,,,,25,01,yes,no,no,2025-08-21_10h55.23.375,EXNAT_4_TMS_Psychopy2024.2.5.psyexp,2024.2.5,2025-08-21 10h57.41.138804 +0200,
0,0,0,0,0,0,0,,,,,,,,,#88BA3F,1122.908124446869,False,space,correct rejection,None,824.8550891876221,text_02,80,8,2back_dual_main_click,2,geschrieben,46,44,90,120,60,1123.3056480884552,,,,,,,,,,25,01,yes,no,no,2025-08-21_10h55.23.375,EXNAT_4_TMS_Psychopy2024.2.5.psyexp,2024.2.5,2025-08-21 10h57.41.138804 +0200,
0,0,0,0,0,0,0,,,,,,,,,#F989A2,1123.7884221076965,False,space,correct rejection,None,984.480619430542,text_02,81,8,2back_dual_main_click,2,wurden.,46,44,90,120,60,,,,,,,,,,,25,01,yes,no,no,2025-08-21_10h55.23.375,EXNAT_4_TMS_Psychopy2024.2.5.psyexp,2024.2.5,2025-08-21 10h57.41.138804 +0200,
0,0,0,0,0,0,0,,,,,,,,,#2AB7EF,1124.8255529403687,False,space,correct rejection,None,1611.4239692687988,text_02,82,8,2back_dual_main_click,2,Hemingway,46,44,90,120,60,,,,,,,,,,,25,01,yes,no,no,2025-08-21_10h55.23.375,EXNAT_4_TMS_Psychopy2024.2.5.psyexp,2024.2.5,2025-08-21 10h57.41.138804 +0200,
0,0,0,0,0,0,0,,,,,,,,,#88BA3F,1126.4915146827698,False,space,correct rejection,None,1881.471872329712,text_02,83,8,2back_dual_main_click,2,schrieb,46,44,90,120,60,,,,,,,,,,,25,01,yes,no,no,2025-08-21_10h55.23.375,EXNAT_4_TMS_Psychopy2024.2.5.psyexp,2024.2.5,2025-08-21 10h57.41.138804 +0200,
0,0,0,0,0,0,0,,,,,,,,,#D292F3,1128.4275815486908,False,space,correct rejection,None,601.3445854187012,text_02,84,8,2back_dual_main_click,2,auf,46,44,90,120,60,,,,,,,,,,,25,01,yes,no,no,2025-08-21_10h55.23.375,EXNAT_4_TMS_Psychopy2024.2.5.psyexp,2024.2.5,2025-08-21 10h57.41.138804 +0200,
0,0,0,0,0,0,0,,,,,,,,,#88BA3F,1129.0826015472412,True,l,hit,698.4071731567383,922.3735332489014,text_02,85,8,2back_dual_main_click,2,Kuba,46,45,91,120,60,1129.1347212791443,,,,,,,,,,25,01,yes,no,no,2025-08-21_10h55.23.375,EXNAT_4_TMS_Psychopy2024.2.5.psyexp,2024.2.5,2025-08-21 10h57.41.138804 +0200,
0,0,0,0,0,0,0,,,,,,,,,#2AB7EF,1130.0588593482971,False,space,correct rejection,None,954.1285037994385,text_02,86,8,2back_dual_main_click,2,seine,46,45,91,120,60,,,,,,,,,,,25,01,yes,no,no,2025-08-21_10h55.23.375,EXNAT_4_TMS_Psychopy2024.2.5.psyexp,2024.2.5,2025-08-21 10h57.41.138804 +0200,
0,0,0,0,0,0,0,,,,,,,,,#F989A2,1131.0539183616638,False,space,correct rejection,None,727.0653247833252,text_02,87,8,2back_dual_main_click,2,berühmte,46,45,91,120,60,,,,,,,,,,,25,01,yes,no,no,2025-08-21_10h55.23.375,EXNAT_4_TMS_Psychopy2024.2.5.psyexp,2024.2.5,2025-08-21 10h57.41.138804 +0200,
0,0,0,0,0,0,0,,,,,,,,,#F989A2,1131.8198926448822,False,space,correct rejection,None,1209.1188430786133,text_02,88,8,2back_dual_main_click,2,Novelle,46,45,91,120,60,,,,,,,,,,,25,01,yes,no,no,2025-08-21_10h55.23.375,EXNAT_4_TMS_Psychopy2024.2.5.psyexp,2024.2.5,2025-08-21 10h57.41.138804 +0200,
0,0,0,0,0,0,0,,,,,,,,,#2AB7EF,1133.068038225174,False,space,correct rejection,None,984.9848747253418,text_02,89,8,2back_dual_main_click,2,""Der,46,45,91,120,60,,,,,,,,,,,25,01,yes,no,no,2025-08-21_10h55.23.375,EXNAT_4_TMS_Psychopy2024.2.5.psyexp,2024.2.5,2025-08-21 10h57.41.138804 +0200,
0,0,0,0,0,0,0,,,,,,,,,#D292F3,1134.0917687416077,False,space,correct rejection,None,889.2982006072998,text_02,90,8,2back_dual_main_click,2,alte,47,45,92,120,60,1134.1490116119385,,,,,,,,,,25,01,yes,no,no,2025-08-21_10h55.23.375,EXNAT_4_TMS_Psychopy2024.2.5.psyexp,2024.2.5,2025-08-21 10h57.41.138804 +0200,
0,0,0,0,0,0,0,,,,,,,,,#D292F3,1135.0188345909119,False,space,correct rejection,None,1162.2307300567627,text_02,91,8,2back_dual_main_click,2,Mann,47,45,92,120,60,,,,,,,,,,,25,01,yes,no,no,2025-08-21_10h55.23.375,EXNAT_4_TMS_Psychopy2024.2.5.psyexp,2024.2.5,2025-08-21 10h57.41.138804 +0200,
0,0,0,0,0,0,0,,,,,,,,,#88BA3F,1136.2197737693787,False,space,correct rejection,None,777.2133350372314,text_02,92,8,2back_dual_main_click,2,und,47,45,92,120,60,,,,,,,,,,,25,01,yes,no,no,2025-08-21_10h55.23.375,EXNAT_4_TMS_Psychopy2024.2.5.psyexp,2024.2.5,2025-08-21 10h57.41.138804 +0200,
0,0,0,0,0,0,0,,,,,,,,,#F989A2,1137.0366616249084,False,space,correct rejection,None,1000.2663135528564,text_02,93,8,2back_dual_main_click,2,das,47,45,92,120,60,,,,,,,,,,,25,01,yes,no,no,2025-08-21_10h55.23.375,EXNAT_4_TMS_Psychopy2024.2.5.psyexp,2024.2.5,2025-08-21 10h57.41.138804 +0200,
0,0,0,0,0,0,0,,,,,,,,,#88BA3F,1138.0784537792206,True,l,hit,646.5408802032471,918.4601306915283,text_02,94,8,2back_dual_main_click,2,"Meer"",",47,45,92,120,60,,,,,,,,,,,25,01,yes,no,no,2025-08-21_10h55.23.375,EXNAT_4_TMS_Psychopy2024.2.5.psyexp,2024.2.5,2025-08-21 10h57.41.138804 +0200,
0,0,0,0,0,0,0,,,,,,,,,#D292F3,1139.0371787548065,False,space,correct rejection,None,1063.751220703125,text_02,95,8,2back_dual_main_click,2,in,47,45,92,120,60,,,,,,,,,,,25,01,yes,no,no,2025-08-21_10h55.23.375,EXNAT_4_TMS_Psychopy2024.2.5.psyexp,2024.2.5,2025-08-21 10h57.41.138804 +0200,
0,0,0,0,0,0,0,,,,,,,,,#88BA3F,1140.1389565467834,True,l,hit,985.9402179718018,1161.8897914886475,text_02,96,8,2back_dual_main_click,2,der,47,46,93,120,60,1140.195220708847,,,,,,,,,,25,01,yes,no,no,2025-08-21_10h55.23.375,EXNAT_4_TMS_Psychopy2024.2.5.psyexp,2024.2.5,2025-08-21 10h57.41.138804 +0200,
0,0,0,0,0,0,0,,,,,,,,,#F989A2,1141.3388438224792,False,space,correct rejection,None,1098.06227684021,text_02,97,8,2back_dual_main_click,2,ein,47,46,93,120,60,,,,,,,,,,,25,01,yes,no,no,2025-08-21_10h55.23.375,EXNAT_4_TMS_Psychopy2024.2.5.psyexp,2024.2.5,2025-08-21 10h57.41.138804 +0200,
0,0,0,0,0,0,0,,,,,,,,,#F989A2,1142.4748570919037,False,space,correct rejection,None,986.1311912536621,text_02,98,8,2back_dual_main_click,2,Fischer,47,46,93,120,60,,,,,,,,,,,25,01,yes,no,no,2025-08-21_10h55.23.375,EXNAT_4_TMS_Psychopy2024.2.5.psyexp,2024.2.5,2025-08-21 10h57.41.138804 +0200,
0,0,0,0,0,0,0,,,,,,,,,#D292F3,1143.5012655258179,False,space,correct rejection,None,1127.7616024017334,text_02,99,8,2back_dual_main_click,2,tagelang,47,46,93,120,60,,,,,,,,,,,25,01,yes,no,no,2025-08-21_10h55.23.375,EXNAT_4_TMS_Psychopy2024.2.5.psyexp,2024.2.5,2025-08-21 10h57.41.138804 +0200,
0,0,0,0,0,0,0,,,,,,,,,#D292F3,1144.6694848537445,False,space,correct rejection,None,1127.5310516357422,text_02,100,8,2back_dual_main_click,2,gegen,48,46,94,120,60,1145.1951768398285,,,,,,,,,,25,01,yes,no,no,2025-08-21_10h55.23.375,EXNAT_4_TMS_Psychopy2024.2.5.psyexp,2024.2.5,2025-08-21 10h57.41.138804 +0200,
0,0,0,0,0,0,0,,,,,,,,,#F989A2,1145.8357019424438,False,space,correct rejection,None,1241.316556930542,text_02,101,8,2back_dual_main_click,2,einen,48,46,94,120,60,,,,,,,,,,,25,01,yes,no,no,2025-08-21_10h55.23.375,EXNAT_4_TMS_Psychopy2024.2.5.psyexp,2024.2.5,2025-08-21 10h57.41.138804 +0200,
0,0,0,0,0,0,0,,,,,,,,,#88BA3F,1147.1177763938904,False,space,correct rejection,None,1591.1903381347656,text_02,102,8,2back_dual_main_click,2,riesigen,48,46,94,120,60,,,,,,,,,,,25,01,yes,no,no,2025-08-21_10h55.23.375,EXNAT_4_TMS_Psychopy2024.2.5.psyexp,2024.2.5,2025-08-21 10h57.41.138804 +0200,
0,0,0,0,0,0,0,,,,,,,,,#2AB7EF,1148.7487037181854,False,space,correct rejection,None,1480.2875518798828,text_02,103,8,2back_dual_main_click,2,Schwertfisch,48,46,94,120,60,,,,,,,,,,,25,01,yes,no,no,2025-08-21_10h55.23.375,EXNAT_4_TMS_Psychopy2024.2.5.psyexp,2024.2.5,2025-08-21 10h57.41.138804 +0200,
0,0,0,0,0,0,0,,,,,,,,,#2AB7EF,1150.283222913742,False,space,correct rejection,None,1081.7475318908691,text_02,104,8,2back_dual_main_click,2,kämpft.,48,46,94,120,60,,,,,,,,,,,25,01,yes,no,no,2025-08-21_10h55.23.375,EXNAT_4_TMS_Psychopy2024.2.5.psyexp,2024.2.5,2025-08-21 10h57.41.138804 +0200,
0,0,0,0,0,0,0,,,,,,,,,#2AB7EF,1151.4176888465881,True,l,hit,619.3447113037109,859.2143058776855,text_02,105,8,2back_dual_main_click,2,Die,48,47,95,120,60,1151.4680817127228,,,,,,,,,,25,01,yes,no,no,2025-08-21_10h55.23.375,EXNAT_4_TMS_Psychopy2024.2.5.psyexp,2024.2.5,2025-08-21 10h57.41.138804 +0200,
0,0,0,0,0,0,0,,,,,,,,,#D292F3,1152.332102060318,False,space,correct rejection,None,1352.8001308441162,text_02,106,8,2back_dual_main_click,2,Figur,48,47,95,120,60,,,,,,,,,,,25,01,yes,no,no,2025-08-21_10h55.23.375,EXNAT_4_TMS_Psychopy2024.2.5.psyexp,2024.2.5,2025-08-21 10h57.41.138804 +0200,
0,0,0,0,0,0,0,,,,,,,,,#88BA3F,1153.7389469146729,False,space,correct rejection,None,1129.9347877502441,text_02,107,8,2back_dual_main_click,2,des,48,47,95,120,60,,,,,,,,,,,25,01,yes,no,no,2025-08-21_10h55.23.375,EXNAT_4_TMS_Psychopy2024.2.5.psyexp,2024.2.5,2025-08-21 10h57.41.138804 +0200,
0,0,0,0,0,0,0,,,,,,,,,#88BA3F,1154.9239811897278,False,space,correct rejection,None,1288.9914512634277,text_02,108,8,2back_dual_main_click,2,Fischers,48,47,95,120,60,,,,,,,,,,,25,01,yes,no,no,2025-08-21_10h55.23.375,EXNAT_4_TMS_Psychopy2024.2.5.psyexp,2024.2.5,2025-08-21 10h57.41.138804 +0200,
0,0,0,0,0,0,0,,,,,,,,,#88BA3F,1156.2677891254425,True,l,hit,633.1520080566406,857.0880889892578,text_02,109,8,2back_dual_main_click,2,ist,48,48,96,120,60,1156.4679551124573,,,,,,,,,,25,01,yes,no,no,2025-08-21_10h55.23.375,EXNAT_4_TMS_Psychopy2024.2.5.psyexp,2024.2.5,2025-08-21 10h57.41.138804 +0200,
0,0,0,0,0,0,0,,,,,,,,,#88BA3F,1157.1785745620728,True,l,hit,730.4377555847168,954.3156623840332,text_02,110,8,2back_dual_main_click,2,an,48,48,96,120,60,,,,,,,,,,,25,01,yes,no,no,2025-08-21_10h55.23.375,EXNAT_4_TMS_Psychopy2024.2.5.psyexp,2024.2.5,2025-08-21 10h57.41.138804 +0200,
0,0,0,0,0,0,0,,,,,,,,,#D292F3,1158.1880660057068,False,space,correct rejection,None,1304.839849472046,text_02,111,8,2back_dual_main_click,2,Gregorio,48,48,96,120,60,,,,,,,,,,,25,01,yes,no,no,2025-08-21_10h55.23.375,EXNAT_4_TMS_Psychopy2024.2.5.psyexp,2024.2.5,2025-08-21 10h57.41.138804 +0200,
0,0,0,0,0,0,0,,,,,,,,,#88BA3F,1159.5477437973022,True,l,hit,1193.1991577148438,1416.9888496398926,text_02,112,8,2back_dual_main_click,2,Fuentes,48,48,96,120,60,,,,,,,,,,,25,01,yes,no,no,2025-08-21_10h55.23.375,EXNAT_4_TMS_Psychopy2024.2.5.psyexp,2024.2.5,2025-08-21 10h57.41.138804 +0200,
0,0,0,0,0,0,0,,,,,,,,,#F989A2,1161.0164291858673,False,space,correct rejection,None,1628.577709197998,text_02,113,8,2back_dual_main_click,2,"angelehnt,",49,48,97,120,60,1161.4679741859436,,,,,,,,,,25,01,yes,no,no,2025-08-21_10h55.23.375,EXNAT_4_TMS_Psychopy2024.2.5.psyexp,2024.2.5,2025-08-21 10h57.41.138804 +0200,
0,0,0,0,0,0,0,,,,,,,,,#D292F3,1162.7006311416626,False,space,correct rejection,None,1048.2547283172607,text_02,114,8,2back_dual_main_click,2,der,49,48,97,120,60,,,,,,,,,,,25,01,yes,no,no,2025-08-21_10h55.23.375,EXNAT_4_TMS_Psychopy2024.2.5.psyexp,2024.2.5,2025-08-21 10h57.41.138804 +0200,
0,0,0,0,0,0,0,,,,,,,,,#2AB7EF,1163.8029108047485,False,space,correct rejection,None,1402.0805358886719,text_02,115,8,2back_dual_main_click,2,sich,49,48,97,120,60,,,,,,,,,,,25,01,yes,no,no,2025-08-21_10h55.23.375,EXNAT_4_TMS_Psychopy2024.2.5.psyexp,2024.2.5,2025-08-21 10h57.41.138804 +0200,
0,0,0,0,0,0,0,,,,,,,,,#2AB7EF,1165.2587542533875,False,space,correct rejection,None,842.1196937561035,text_02,116,8,2back_dual_main_click,2,um,49,48,97,120,60,,,,,,,,,,,25,01,yes,no,no,2025-08-21_10h55.23.375,EXNAT_4_TMS_Psychopy2024.2.5.psyexp,2024.2.5,2025-08-21 10h57.41.138804 +0200,
0,0,0,0,0,0,0,,,,,,,,,#D292F3,1166.15634226799,False,space,correct rejection,None,1096.6482162475586,text_02,117,8,2back_dual_main_click,2,Hemingway's,50,48,98,120,60,1166.4679985046387,,,,,,,,,,25,01,yes,no,no,2025-08-21_10h55.23.375,EXNAT_4_TMS_Psychopy2024.2.5.psyexp,2024.2.5,2025-08-21 10h57.41.138804 +0200,
0,0,0,0,0,0,0,,,,,,,,,#F989A2,1167.3071265220642,False,space,correct rejection,None,905.8022499084473,text_02,118,8,2back_dual_main_click,2,Boot,50,48,98,120,60,,,,,,,,,,,25,01,yes,no,no,2025-08-21_10h55.23.375,EXNAT_4_TMS_Psychopy2024.2.5.psyexp,2024.2.5,2025-08-21 10h57.41.138804 +0200,
0,0,0,0,0,0,0,,,,,,,,,#88BA3F,1168.267504453659,False,space,correct rejection,None,969.4476127624512,text_02,119,8,2back_dual_main_click,2,kümmerte.,50,48,98,120,60,,,,,,,,,,,25,01,yes,no,no,2025-08-21_10h55.23.375,EXNAT_4_TMS_Psychopy2024.2.5.psyexp,2024.2.5,2025-08-21 10h57.41.138804 +0200,
0,0,0,0,0,0,0,,,,,,,,,#2AB7EF,1169.2767083644867,False,space,correct rejection,None,1128.1859874725342,text_02,120,8,2back_dual_main_click,2,Dieser,50,48,98,120,60,,,,,,,,,,,25,01,yes,no,no,2025-08-21_10h55.23.375,EXNAT_4_TMS_Psychopy2024.2.5.psyexp,2024.2.5,2025-08-21 10h57.41.138804 +0200,
0,0,0,0,0,0,0,,,,,,,,,#D292F3,1170.442722082138,False,space,correct rejection,None,970.1902866363525,text_02,121,8,2back_dual_main_click,2,Roman,50,48,98,120,60,,,,,,,,,,,25,01,yes,no,no,2025-08-21_10h55.23.375,EXNAT_4_TMS_Psychopy2024.2.5.psyexp,2024.2.5,2025-08-21 10h57.41.138804 +0200,
0,0,0,0,0,0,0,,,,,,,,,#2AB7EF,1171.4529671669006,True,l,hit,519.8173522949219,791.7397022247314,text_02,122,8,2back_dual_main_click,2,brachte,50,49,99,120,60,1171.508962392807,,,,,,,,,,25,01,yes,no,no,2025-08-21_10h55.23.375,EXNAT_4_TMS_Psychopy2024.2.5.psyexp,2024.2.5,2025-08-21 10h57.41.138804 +0200,
0,0,0,0,0,0,0,,,,,,,,,#F989A2,1172.2839410305023,False,space,correct rejection,None,921.0197925567627,text_02,123,8,2back_dual_main_click,2,Hemingway,50,49,99,120,60,,,,,,,,,,,25,01,yes,no,no,2025-08-21_10h55.23.375,EXNAT_4_TMS_Psychopy2024.2.5.psyexp,2024.2.5,2025-08-21 10h57.41.138804 +0200,
0,0,0,0,0,0,0,,,,,,,,,#D292F3,1173.243173122406,False,space,correct rejection,None,937.565803527832,text_02,124,8,2back_dual_main_click,2,den,50,49,99,120,60,,,,,,,,,,,25,01,yes,no,no,2025-08-21_10h55.23.375,EXNAT_4_TMS_Psychopy2024.2.5.psyexp,2024.2.5,2025-08-21 10h57.41.138804 +0200,
0,0,0,0,0,0,0,,,,,,,,,#2AB7EF,1174.2217564582825,False,space,correct rejection,None,1303.1532764434814,text_02,125,8,2back_dual_main_click,2,Literaturnobelpreis,50,49,99,120,60,,,,,,,,,,,25,01,yes,no,no,2025-08-21_10h55.23.375,EXNAT_4_TMS_Psychopy2024.2.5.psyexp,2024.2.5,2025-08-21 10h57.41.138804 +0200,
0,0,0,0,0,0,0,,,,,,,,,#2AB7EF,1175.5764229297638,False,l,false alarm,1532.3221683502197,1932.2352409362793,text_02,126,8,2back_dual_main_click,2,ein.,51,49,100,120,60,1176.5089435577393,,,,,,,,,,25,01,yes,no,no,2025-08-21_10h55.23.375,EXNAT_4_TMS_Psychopy2024.2.5.psyexp,2024.2.5,2025-08-21 10h57.41.138804 +0200,
0,0,0,0,0,0,0,,,,,,,,,#F989A2,1177.5644233226776,False,space,correct rejection,None,1544.51322555542,text_02,127,8,2back_dual_main_click,2,Aus,51,49,100,120,60,,,,,,,,,,,25,01,yes,no,no,2025-08-21_10h55.23.375,EXNAT_4_TMS_Psychopy2024.2.5.psyexp,2024.2.5,2025-08-21 10h57.41.138804 +0200,
0,0,0,0,0,0,0,,,,,,,,,#F989A2,1179.1632282733917,False,space,correct rejection,None,809.7009658813477,text_02,128,8,2back_dual_main_click,2,Verbundenheit,51,49,100,120,60,,,,,,,,,,,25,01,yes,no,no,2025-08-21_10h55.23.375,EXNAT_4_TMS_Psychopy2024.2.5.psyexp,2024.2.5,2025-08-21 10h57.41.138804 +0200,
0,0,0,0,0,0,0,,,,,,,,,#88BA3F,1180.0310745239258,False,space,correct rejection,None,869.9252605438232,text_02,129,8,2back_dual_main_click,2,zu,51,49,100,120,60,,,,,,,,,,,25,01,yes,no,no,2025-08-21_10h55.23.375,EXNAT_4_TMS_Psychopy2024.2.5.psyexp,2024.2.5,2025-08-21 10h57.41.138804 +0200,
0,0,0,0,0,0,0,,,,,,,,,#88BA3F,1180.9565193653107,False,space,correct rejection,None,856.4121723175049,text_02,130,8,2back_dual_main_click,2,Kuba,51,49,100,120,60,,,,,,,,,,,25,01,yes,no,no,2025-08-21_10h55.23.375,EXNAT_4_TMS_Psychopy2024.2.5.psyexp,2024.2.5,2025-08-21 10h57.41.138804 +0200,
0,0,0,0,0,0,0,,,,,,,,,#D292F3,1181.86882853508,False,space,correct rejection,None,1240.0693893432617,text_02,131,8,2back_dual_main_click,2,schenkte,51,49,100,120,60,,,,,,,,,,,25,01,yes,no,no,2025-08-21_10h55.23.375,EXNAT_4_TMS_Psychopy2024.2.5.psyexp,2024.2.5,2025-08-21 10h57.41.138804 +0200,
0,0,0,0,0,0,0,,,,,,,,,#88BA3F,1183.1619477272034,True,space,miss,None,826.9004821777344,text_02,132,8,2back_dual_main_click,2,er,51,50,101,120,60,1183.2151093482971,,,,,,,,,,25,01,yes,no,no,2025-08-21_10h55.23.375,EXNAT_4_TMS_Psychopy2024.2.5.psyexp,2024.2.5,2025-08-21 10h57.41.138804 +0200,
0,0,0,0,0,0,0,,,,,,,,,#D292F3,1184.0428848266602,True,space,miss,None,826.1165618896484,text_02,133,8,2back_dual_main_click,2,die,51,50,101,120,60,,,,,,,,,,,25,01,yes,no,no,2025-08-21_10h55.23.375,EXNAT_4_TMS_Psychopy2024.2.5.psyexp,2024.2.5,2025-08-21 10h57.41.138804 +0200,
0,0,0,0,0,0,0,,,,,,,,,#F989A2,1184.92351603508,False,space,correct rejection,None,1273.383617401123,text_02,134,8,2back_dual_main_click,2,Medaille,51,50,101,120,60,,,,,,,,,,,25,01,yes,no,no,2025-08-21_10h55.23.375,EXNAT_4_TMS_Psychopy2024.2.5.psyexp,2024.2.5,2025-08-21 10h57.41.138804 +0200,
0,0,0,0,0,0,0,,,,,,,,,#88BA3F,1186.2459225654602,False,space,correct rejection,None,894.9692249298096,text_02,135,8,2back_dual_main_click,2,der,51,50,101,120,60,,,,,,,,,,,25,01,yes,no,no,2025-08-21_10h55.23.375,EXNAT_4_TMS_Psychopy2024.2.5.psyexp,2024.2.5,2025-08-21 10h57.41.138804 +0200,
0,0,0,0,0,0,0,,,,,,,,,#F989A2,1187.1963109970093,True,space,miss,None,1480.7014465332031,text_02,136,8,2back_dual_main_click,2,Wallfahrtskirche,51,51,102,120,60,1188.2151095867157,,,,,,,,,,25,01,yes,no,no,2025-08-21_10h55.23.375,EXNAT_4_TMS_Psychopy2024.2.5.psyexp,2024.2.5,2025-08-21 10h57.41.138804 +0200,
0,0,0,0,0,0,0,,,,,,,,,#F989A2,1188.7312276363373,False,space,correct rejection,None,1177.7801513671875,text_02,137,8,2back_dual_main_click,2,der,51,51,102,120,60,,,,,,,,,,,25,01,yes,no,no,2025-08-21_10h55.23.375,EXNAT_4_TMS_Psychopy2024.2.5.psyexp,2024.2.5,2025-08-21 10h57.41.138804 +0200,
0,0,0,0,0,0,0,,,,,,,,,#88BA3F,1189.9626355171204,False,space,correct rejection,None,794.2707538604736,text_02,138,8,2back_dual_main_click,2,Jungfrau,51,51,102,120,60,,,,,,,,,,,25,01,yes,no,no,2025-08-21_10h55.23.375,EXNAT_4_TMS_Psychopy2024.2.5.psyexp,2024.2.5,2025-08-21 10h57.41.138804 +0200,
0,0,0,0,0,0,0,,,,,,,,,#88BA3F,1190.8117461204529,False,space,correct rejection,None,745.1808452606201,text_02,139,8,2back_dual_main_click,2,von,51,51,102,120,60,,,,,,,,,,,25,01,yes,no,no,2025-08-21_10h55.23.375,EXNAT_4_TMS_Psychopy2024.2.5.psyexp,2024.2.5,2025-08-21 10h57.41.138804 +0200,
0,0,0,0,0,0,0,,,,,,,,,#D292F3,1191.6122417449951,False,space,correct rejection,None,1768.7625885009766,text_02,140,8,2back_dual_main_click,2,Cobre.,52,51,103,120,60,1193.2151532173157,,,,,,,,,,25,01,yes,no,no,2025-08-21_10h55.23.375,EXNAT_4_TMS_Psychopy2024.2.5.psyexp,2024.2.5,2025-08-21 10h57.41.138804 +0200,
0,0,0,0,0,0,0,,,,,,,,,#2AB7EF,1193.4370694160461,False,space,correct rejection,None,855.889081954956,text_02,141,8,2back_dual_main_click,2,Die,52,51,103,120,60,,,,,,,,,,,25,01,yes,no,no,2025-08-21_10h55.23.375,EXNAT_4_TMS_Psychopy2024.2.5.psyexp,2024.2.5,2025-08-21 10h57.41.138804 +0200,
0,0,0,0,0,0,0,,,,,,,,,#2AB7EF,1194.3488557338715,False,space,correct rejection,None,888.0496025085449,text_02,142,8,2back_dual_main_click,2,Medaille,52,51,103,120,60,,,,,,,,,,,25,01,yes,no,no,2025-08-21_10h55.23.375,EXNAT_4_TMS_Psychopy2024.2.5.psyexp,2024.2.5,2025-08-21 10h57.41.138804 +0200,
0,0,0,0,0,0,0,,,,,,,,,#D292F3,1195.2910590171814,False,space,correct rejection,None,1481.9188117980957,text_02,143,8,2back_dual_main_click,2,ist,52,51,103,120,60,,,,,,,,,,,25,01,yes,no,no,2025-08-21_10h55.23.375,EXNAT_4_TMS_Psychopy2024.2.5.psyexp,2024.2.5,2025-08-21 10h57.41.138804 +0200,
0,0,0,0,0,0,0,,,,,,,,,#2AB7EF,1196.825888633728,True,l,hit,667.0575141906738,923.001766204834,text_02,144,8,2back_dual_main_click,2,bis,52,51,103,120,60,,,,,,,,,,,25,01,yes,no,no,2025-08-21_10h55.23.375,EXNAT_4_TMS_Psychopy2024.2.5.psyexp,2024.2.5,2025-08-21 10h57.41.138804 +0200,
0,0,0,0,0,0,0,,,,,,,,,#2AB7EF,1197.8046143054962,False,space,correct rejection,None,888.3223533630371,text_02,145,8,2back_dual_main_click,2,heute,52,51,103,120,60,,,,,,,,,,,25,01,yes,no,no,2025-08-21_10h55.23.375,EXNAT_4_TMS_Psychopy2024.2.5.psyexp,2024.2.5,2025-08-21 10h57.41.138804 +0200,
0,0,0,0,0,0,0,,,,,,,,,#88BA3F,1198.7476561069489,False,space,correct rejection,None,857.2225570678711,text_02,146,8,2back_dual_main_click,2,in,52,51,103,120,60,,,,,,,,,,,25,01,yes,no,no,2025-08-21_10h55.23.375,EXNAT_4_TMS_Psychopy2024.2.5.psyexp,2024.2.5,2025-08-21 10h57.41.138804 +0200,
0,0,0,0,0,0,0,,,,,,,,,#2AB7EF,1199.6582062244415,True,l,hit,842.766284942627,1066.5960311889648,text_02,147,8,2back_dual_main_click,2,der,52,52,104,120,60,1199.7139794826508,,,,,,,,,,25,01,yes,no,no,2025-08-21_10h55.23.375,EXNAT_4_TMS_Psychopy2024.2.5.psyexp,2024.2.5,2025-08-21 10h57.41.138804 +0200,
0,0,0,0,0,0,0,,,,,,,,,#88BA3F,1200.77934384346,True,l,hit,681.5335750579834,857.5048446655273,text_02,148,8,2back_dual_main_click,2,Kirche,52,52,104,120,60,,,,,,,,,,,25,01,yes,no,no,2025-08-21_10h55.23.375,EXNAT_4_TMS_Psychopy2024.2.5.psyexp,2024.2.5,2025-08-21 10h57.41.138804 +0200,
0,0,0,0,0,0,0,,,,,,,,,#F989A2,1201.6913554668427,False,space,correct rejection,None,1721.5375900268555,text_02,149,8,2back_dual_main_click,2,zu,52,52,104,120,60,,,,,,,,,,,25,01,yes,no,no,2025-08-21_10h55.23.375,EXNAT_4_TMS_Psychopy2024.2.5.psyexp,2024.2.5,2025-08-21 10h57.41.138804 +0200,
0,0,0,0,0,0,0,,,,,,,,,#2AB7EF,1203.4663763046265,False,space,correct rejection,None,1002.5324821472168,text_02,150,8,2back_dual_main_click,2,sehen.,52,52,104,120,60,,,,,,,,,,,25,01,yes,no,no,2025-08-21_10h55.23.375,EXNAT_4_TMS_Psychopy2024.2.5.psyexp,2024.2.5,2025-08-21 10h57.41.138804 +0200,
0,0,0,0,0,0,0,,,,,,,,,,1204.5304145812988,,3,,,,text_02,,8,2back_dual_main_click,,,,,,,,,Q1,c,True,,,,,,,25,01,yes,no,no,2025-08-21_10h55.23.375,EXNAT_4_TMS_Psychopy2024.2.5.psyexp,2024.2.5,2025-08-21 10h57.41.138804 +0200,
0,0,0,0,0,0,0,,,,,,,,,,1209.4432363510132,,1,,,,text_02,,8,2back_dual_main_click,,,,,,,,,Q2,a,True,,,,,,,25,01,yes,no,no,2025-08-21_10h55.23.375,EXNAT_4_TMS_Psychopy2024.2.5.psyexp,2024.2.5,2025-08-21 10h57.41.138804 +0200,
0,0,0,0,0,0,0,,,,,,,,,,1215.1180124282837,,4,,,,text_02,,8,2back_dual_main_click,,,,,,,,,Q3,d,True,,,,,,,25,01,yes,no,no,2025-08-21_10h55.23.375,EXNAT_4_TMS_Psychopy2024.2.5.psyexp,2024.2.5,2025-08-21 10h57.41.138804 +0200,
0,0,0,0,0,0,0,,,,,,,,,#2AB7EF,1227.2059919834137,False,l,false alarm,1583.0450057983398,2222.747802734375,text_08,1,9,2back_dual_main_click,2,Nach,52,52,104,120,60,,,,,,,,,,,25,01,yes,no,no,2025-08-21_10h55.23.375,EXNAT_4_TMS_Psychopy2024.2.5.psyexp,2024.2.5,2025-08-21 10h57.41.138804 +0200,
0,0,0,0,0,0,0,,,,,,,,,#88BA3F,1229.4805946350098,False,space,correct rejection,None,1132.390022277832,text_08,2,9,2back_dual_main_click,2,einem,52,52,104,120,60,,,,,,,,,,,25,01,yes,no,no,2025-08-21_10h55.23.375,EXNAT_4_TMS_Psychopy2024.2.5.psyexp,2024.2.5,2025-08-21 10h57.41.138804 +0200,
0,0,0,0,0,0,0,,,,,,,,,#F989A2,1230.6666588783264,False,space,correct rejection,None,938.3831024169922,text_08,3,9,2back_dual_main_click,2,Ritt,53,52,105,120,60,1230.7199866771698,,,,,,,,,,25,01,yes,no,no,2025-08-21_10h55.23.375,EXNAT_4_TMS_Psychopy2024.2.5.psyexp,2024.2.5,2025-08-21 10h57.41.138804 +0200,
0,0,0,0,0,0,0,,,,,,,,,#88BA3F,1231.6640331745148,True,space,miss,None,1493.0238723754883,text_08,4,9,2back_dual_main_click,2,durch,53,52,105,120,60,,,,,,,,,,,25,01,yes,no,no,2025-08-21_10h55.23.375,EXNAT_4_TMS_Psychopy2024.2.5.psyexp,2024.2.5,2025-08-21 10h57.41.138804 +0200,
0,0,0,0,0,0,0,,,,,,,,,#2AB7EF,1233.1955819129944,False,space,correct rejection,None,905.2760601043701,text_08,5,9,2back_dual_main_click,2,eine,53,52,105,120,60,,,,,,,,,,,25,01,yes,no,no,2025-08-21_10h55.23.375,EXNAT_4_TMS_Psychopy2024.2.5.psyexp,2024.2.5,2025-08-21 10h57.41.138804 +0200,
0,0,0,0,0,0,0,,,,,,,,,#D292F3,1234.141142129898,False,space,correct rejection,None,951.8966674804688,text_08,6,9,2back_dual_main_click,2,Schlucht,53,52,105,120,60,,,,,,,,,,,25,01,yes,no,no,2025-08-21_10h55.23.375,EXNAT_4_TMS_Psychopy2024.2.5.psyexp,2024.2.5,2025-08-21 10h57.41.138804 +0200,
0,0,0,0,0,0,0,,,,,,,,,#2AB7EF,1235.132122039795,True,l,hit,568.8164234161377,792.7768230438232,text_08,7,9,2back_dual_main_click,2,steht,53,53,106,120,60,1235.71990442276,,,,,,,,,,25,01,yes,no,no,2025-08-21_10h55.23.375,EXNAT_4_TMS_Psychopy2024.2.5.psyexp,2024.2.5,2025-08-21 10h57.41.138804 +0200,
0,0,0,0,0,0,0,,,,,,,,,#F989A2,1235.964159488678,False,space,correct rejection,None,968.8012599945068,text_08,8,9,2back_dual_main_click,2,Indiana,53,53,106,120,60,,,,,,,,,,,25,01,yes,no,no,2025-08-21_10h55.23.375,EXNAT_4_TMS_Psychopy2024.2.5.psyexp,2024.2.5,2025-08-21 10h57.41.138804 +0200,
0,0,0,0,0,0,0,,,,,,,,,#D292F3,1236.9739937782288,False,space,correct rejection,None,902.9719829559326,text_08,9,9,2back_dual_main_click,2,Jones,53,53,106,120,60,,,,,,,,,,,25,01,yes,no,no,2025-08-21_10h55.23.375,EXNAT_4_TMS_Psychopy2024.2.5.psyexp,2024.2.5,2025-08-21 10h57.41.138804 +0200,
0,0,0,0,0,0,0,,,,,,,,,#F989A2,1237.9158384799957,True,l,hit,521.0897922515869,729.0401458740234,text_08,10,9,2back_dual_main_click,2,vor,53,53,106,120,60,,,,,,,,,,,25,01,yes,no,no,2025-08-21_10h55.23.375,EXNAT_4_TMS_Psychopy2024.2.5.psyexp,2024.2.5,2025-08-21 10h57.41.138804 +0200,
0,0,0,0,0,0,0,,,,,,,,,#88BA3F,1238.68447804451,False,space,correct rejection,None,1080.467700958252,text_08,11,9,2back_dual_main_click,2,der,53,53,106,120,60,,,,,,,,,,,25,01,yes,no,no,2025-08-21_10h55.23.375,EXNAT_4_TMS_Psychopy2024.2.5.psyexp,2024.2.5,2025-08-21 10h57.41.138804 +0200,
0,0,0,0,0,0,0,,,,,,,,,#D292F3,1239.804659128189,False,space,correct rejection,None,1224.2984771728516,text_08,12,9,2back_dual_main_click,2,gewaltigen,54,53,107,120,60,1240.7199234962463,,,,,,,,,,25,01,yes,no,no,2025-08-21_10h55.23.375,EXNAT_4_TMS_Psychopy2024.2.5.psyexp,2024.2.5,2025-08-21 10h57.41.138804 +0200,
0,0,0,0,0,0,0,,,,,,,,,#88BA3F,1241.0691936016083,True,l,hit,599.8106002807617,855.6993007659912,text_08,13,9,2back_dual_main_click,2,Fassade,54,53,107,120,60,,,,,,,,,,,25,01,yes,no,no,2025-08-21_10h55.23.375,EXNAT_4_TMS_Psychopy2024.2.5.psyexp,2024.2.5,2025-08-21 10h57.41.138804 +0200,
0,0,0,0,0,0,0,,,,,,,,,#F989A2,1241.9627447128296,False,space,correct rejection,None,1450.2801895141602,text_08,14,9,2back_dual_main_click,2,der,54,53,107,120,60,,,,,,,,,,,25,01,yes,no,no,2025-08-21_10h55.23.375,EXNAT_4_TMS_Psychopy2024.2.5.psyexp,2024.2.5,2025-08-21 10h57.41.138804 +0200,
0,0,0,0,0,0,0,,,,,,,,,#2AB7EF,1243.4513580799103,False,space,correct rejection,None,857.656717300415,text_08,15,9,2back_dual_main_click,2,antiken,54,53,107,120,60,,,,,,,,,,,25,01,yes,no,no,2025-08-21_10h55.23.375,EXNAT_4_TMS_Psychopy2024.2.5.psyexp,2024.2.5,2025-08-21 10h57.41.138804 +0200,
0,0,0,0,0,0,0,,,,,,,,,#88BA3F,1244.3493242263794,False,space,correct rejection,None,823.5592842102051,text_08,16,9,2back_dual_main_click,2,Felsenstadt,54,53,107,120,60,,,,,,,,,,,25,01,yes,no,no,2025-08-21_10h55.23.375,EXNAT_4_TMS_Psychopy2024.2.5.psyexp,2024.2.5,2025-08-21 10h57.41.138804 +0200,
0,0,0,0,0,0,0,,,,,,,,,#D292F3,1245.2117710113525,False,space,correct rejection,None,1513.1752490997314,text_08,17,9,2back_dual_main_click,2,Petra.,55,53,108,120,60,1245.719934463501,,,,,,,,,,25,01,yes,no,no,2025-08-21_10h55.23.375,EXNAT_4_TMS_Psychopy2024.2.5.psyexp,2024.2.5,2025-08-21 10h57.41.138804 +0200,
0,0,0,0,0,0,0,,,,,,,,,#D292F3,1246.7657737731934,False,space,correct rejection,None,983.2117557525635,text_08,18,9,2back_dual_main_click,2,Die,55,53,108,120,60,,,,,,,,,,,25,01,yes,no,no,2025-08-21_10h55.23.375,EXNAT_4_TMS_Psychopy2024.2.5.psyexp,2024.2.5,2025-08-21 10h57.41.138804 +0200,
0,0,0,0,0,0,0,,,,,,,,,#F989A2,1247.7887253761292,False,space,correct rejection,None,1384.2401504516602,text_08,19,9,2back_dual_main_click,2,Szene,55,53,108,120,60,,,,,,,,,,,25,01,yes,no,no,2025-08-21_10h55.23.375,EXNAT_4_TMS_Psychopy2024.2.5.psyexp,2024.2.5,2025-08-21 10h57.41.138804 +0200,
0,0,0,0,0,0,0,,,,,,,,,#2AB7EF,1249.2127611637115,False,space,correct rejection,None,904.289722442627,text_08,20,9,2back_dual_main_click,2,aus,55,53,108,120,60,,,,,,,,,,,25,01,yes,no,no,2025-08-21_10h55.23.375,EXNAT_4_TMS_Psychopy2024.2.5.psyexp,2024.2.5,2025-08-21 10h57.41.138804 +0200,
0,0,0,0,0,0,0,,,,,,,,,#88BA3F,1250.1558454036713,False,space,correct rejection,None,777.1153450012207,text_08,21,9,2back_dual_main_click,2,dem,55,53,108,120,60,,,,,,,,,,,25,01,yes,no,no,2025-08-21_10h55.23.375,EXNAT_4_TMS_Psychopy2024.2.5.psyexp,2024.2.5,2025-08-21 10h57.41.138804 +0200,
0,0,0,0,0,0,0,,,,,,,,,#D292F3,1250.97425198555,False,space,correct rejection,None,1430.7496547698975,text_08,22,9,2back_dual_main_click,2,Kinofilm,55,53,108,120,60,,,,,,,,,,,25,01,yes,no,no,2025-08-21_10h55.23.375,EXNAT_4_TMS_Psychopy2024.2.5.psyexp,2024.2.5,2025-08-21 10h57.41.138804 +0200,
0,0,0,0,0,0,0,,,,,,,,,#F989A2,1252.4432015419006,False,space,correct rejection,None,793.6489582061768,text_08,23,9,2back_dual_main_click,2,machte,55,53,108,120,60,,,,,,,,,,,25,01,yes,no,no,2025-08-21_10h55.23.375,EXNAT_4_TMS_Psychopy2024.2.5.psyexp,2024.2.5,2025-08-21 10h57.41.138804 +0200,
0,0,0,0,0,0,0,,,,,,,,,#2AB7EF,1253.275966644287,False,space,correct rejection,None,1624.9163150787354,text_08,24,9,2back_dual_main_click,2,die,55,53,108,120,60,,,,,,,,,,,25,01,yes,no,no,2025-08-21_10h55.23.375,EXNAT_4_TMS_Psychopy2024.2.5.psyexp,2024.2.5,2025-08-21 10h57.41.138804 +0200,
0,0,0,0,0,0,0,,,,,,,,,#88BA3F,1254.956382036209,False,space,correct rejection,None,696.5610980987549,text_08,25,9,2back_dual_main_click,2,einstige,55,53,108,120,60,,,,,,,,,,,25,01,yes,no,no,2025-08-21_10h55.23.375,EXNAT_4_TMS_Psychopy2024.2.5.psyexp,2024.2.5,2025-08-21 10h57.41.138804 +0200,
0,0,0,0,0,0,0,,,,,,,,,#F989A2,1255.7084152698517,False,space,correct rejection,None,1176.4943599700928,text_08,26,9,2back_dual_main_click,2,Hauptstadt,55,53,108,120,60,,,,,,,,,,,25,01,yes,no,no,2025-08-21_10h55.23.375,EXNAT_4_TMS_Psychopy2024.2.5.psyexp,2024.2.5,2025-08-21 10h57.41.138804 +0200,
0,0,0,0,0,0,0,,,,,,,,,#88BA3F,1256.939043521881,True,space,miss,None,1033.9109897613525,text_08,27,9,2back_dual_main_click,2,der,55,54,109,120,60,1256.9919199943542,,,,,,,,,,25,01,yes,no,no,2025-08-21_10h55.23.375,EXNAT_4_TMS_Psychopy2024.2.5.psyexp,2024.2.5,2025-08-21 10h57.41.138804 +0200,
0,0,0,0,0,0,0,,,,,,,,,#2AB7EF,1258.026020526886,False,space,correct rejection,None,1706.8748474121094,text_08,28,9,2back_dual_main_click,2,Nabatäer,55,54,109,120,60,,,,,,,,,,,25,01,yes,no,no,2025-08-21_10h55.23.375,EXNAT_4_TMS_Psychopy2024.2.5.psyexp,2024.2.5,2025-08-21 10h57.41.138804 +0200,
0,0,0,0,0,0,0,,,,,,,,,#2AB7EF,1259.787479877472,False,space,correct rejection,None,953.4871578216553,text_08,29,9,2back_dual_main_click,2,berühmt.,55,54,109,120,60,,,,,,,,,,,25,01,yes,no,no,2025-08-21_10h55.23.375,EXNAT_4_TMS_Psychopy2024.2.5.psyexp,2024.2.5,2025-08-21 10h57.41.138804 +0200,
0,0,0,0,0,0,0,,,,,,,,,#D292F3,1260.7958362102509,False,space,correct rejection,None,904.9110412597656,text_08,30,9,2back_dual_main_click,2,Diese,55,54,109,120,60,,,,,,,,,,,25,01,yes,no,no,2025-08-21_10h55.23.375,EXNAT_4_TMS_Psychopy2024.2.5.psyexp,2024.2.5,2025-08-21 10h57.41.138804 +0200,
0,0,0,0,0,0,0,,,,,,,,,#88BA3F,1261.754573583603,False,space,correct rejection,None,1690.1707649230957,text_08,31,9,2back_dual_main_click,2,dominierten,56,54,110,120,60,1261.9918172359467,,,,,,,,,,25,01,yes,no,no,2025-08-21_10h55.23.375,EXNAT_4_TMS_Psychopy2024.2.5.psyexp,2024.2.5,2025-08-21 10h57.41.138804 +0200,
0,0,0,0,0,0,0,,,,,,,,,#2AB7EF,1263.4994218349457,False,space,correct rejection,None,857.4113845825195,text_08,32,9,2back_dual_main_click,2,zwei,56,54,110,120,60,,,,,,,,,,,25,01,yes,no,no,2025-08-21_10h55.23.375,EXNAT_4_TMS_Psychopy2024.2.5.psyexp,2024.2.5,2025-08-21 10h57.41.138804 +0200,
0,0,0,0,0,0,0,,,,,,,,,#D292F3,1264.4108443260193,False,space,correct rejection,None,1226.0630130767822,text_08,33,9,2back_dual_main_click,2,Jahrhunderte,56,54,110,120,60,,,,,,,,,,,25,01,yes,no,no,2025-08-21_10h55.23.375,EXNAT_4_TMS_Psychopy2024.2.5.psyexp,2024.2.5,2025-08-21 10h57.41.138804 +0200,
0,0,0,0,0,0,0,,,,,,,,,#F989A2,1265.690768480301,False,space,correct rejection,None,970.1313972473145,text_08,34,9,2back_dual_main_click,2,lang,56,54,110,120,60,,,,,,,,,,,25,01,yes,no,no,2025-08-21_10h55.23.375,EXNAT_4_TMS_Psychopy2024.2.5.psyexp,2024.2.5,2025-08-21 10h57.41.138804 +0200,
0,0,0,0,0,0,0,,,,,,,,,#D292F3,1266.7133359909058,True,space,miss,None,939.537763595581,text_08,35,9,2back_dual_main_click,2,den,56,55,111,120,60,1266.9917993545532,,,,,,,,,,25,01,yes,no,no,2025-08-21_10h55.23.375,EXNAT_4_TMS_Psychopy2024.2.5.psyexp,2024.2.5,2025-08-21 10h57.41.138804 +0200,
0,0,0,0,0,0,0,,,,,,,,,#F989A2,1267.7079589366913,True,l,hit,424.95203018188477,728.8973331451416,text_08,36,9,2back_dual_main_click,2,Handel,56,55,111,120,60,,,,,,,,,,,25,01,yes,no,no,2025-08-21_10h55.23.375,EXNAT_4_TMS_Psychopy2024.2.5.psyexp,2024.2.5,2025-08-21 10h57.41.138804 +0200,
0,0,0,0,0,0,0,,,,,,,,,#F989A2,1268.4911539554596,False,space,correct rejection,None,1289.778470993042,text_08,37,9,2back_dual_main_click,2,im,56,55,111,120,60,,,,,,,,,,,25,01,yes,no,no,2025-08-21_10h55.23.375,EXNAT_4_TMS_Psychopy2024.2.5.psyexp,2024.2.5,2025-08-21 10h57.41.138804 +0200,
0,0,0,0,0,0,0,,,,,,,,,#2AB7EF,1269.8366224765778,False,space,correct rejection,None,1560.2421760559082,text_08,38,9,2back_dual_main_click,2,Nahen,56,55,111,120,60,,,,,,,,,,,25,01,yes,no,no,2025-08-21_10h55.23.375,EXNAT_4_TMS_Psychopy2024.2.5.psyexp,2024.2.5,2025-08-21 10h57.41.138804 +0200,
0,0,0,0,0,0,0,,,,,,,,,#88BA3F,1271.4378545284271,False,space,correct rejection,None,951.0037899017334,text_08,39,9,2back_dual_main_click,2,Osten.,57,55,112,120,60,1271.9918982982635,,,,,,,,,,25,01,yes,no,no,2025-08-21_10h55.23.375,EXNAT_4_TMS_Psychopy2024.2.5.psyexp,2024.2.5,2025-08-21 10h57.41.138804 +0200,
0,0,0,0,0,0,0,,,,,,,,,#D292F3,1272.4251964092255,False,space,correct rejection,None,1195.7523822784424,text_08,40,9,2back_dual_main_click,2,In,57,55,112,120,60,,,,,,,,,,,25,01,yes,no,no,2025-08-21_10h55.23.375,EXNAT_4_TMS_Psychopy2024.2.5.psyexp,2024.2.5,2025-08-21 10h57.41.138804 +0200,
0,0,0,0,0,0,0,,,,,,,,,#F989A2,1273.660540342331,False,space,correct rejection,None,1096.384048461914,text_08,41,9,2back_dual_main_click,2,kürzester,57,55,112,120,60,,,,,,,,,,,25,01,yes,no,no,2025-08-21_10h55.23.375,EXNAT_4_TMS_Psychopy2024.2.5.psyexp,2024.2.5,2025-08-21 10h57.41.138804 +0200,
0,0,0,0,0,0,0,,,,,,,,,#2AB7EF,1274.7969827651978,False,space,correct rejection,None,983.9692115783691,text_08,42,9,2back_dual_main_click,2,Zeit,57,55,112,120,60,,,,,,,,,,,25,01,yes,no,no,2025-08-21_10h55.23.375,EXNAT_4_TMS_Psychopy2024.2.5.psyexp,2024.2.5,2025-08-21 10h57.41.138804 +0200,
0,0,0,0,0,0,0,,,,,,,,,#D292F3,1275.8213548660278,False,l,false alarm,823.5597610473633,1207.479476928711,text_08,43,9,2back_dual_main_click,2,entstand,57,55,112,120,60,,,,,,,,,,,25,01,yes,no,no,2025-08-21_10h55.23.375,EXNAT_4_TMS_Psychopy2024.2.5.psyexp,2024.2.5,2025-08-21 10h57.41.138804 +0200,
0,0,0,0,0,0,0,,,,,,,,,#88BA3F,1277.067944765091,False,space,correct rejection,None,1512.941837310791,text_08,44,9,2back_dual_main_click,2,eine,57,55,112,120,60,,,,,,,,,,,25,01,yes,no,no,2025-08-21_10h55.23.375,EXNAT_4_TMS_Psychopy2024.2.5.psyexp,2024.2.5,2025-08-21 10h57.41.138804 +0200,
0,0,0,0,0,0,0,,,,,,,,,#F989A2,1278.6336436271667,False,space,correct rejection,None,1243.3016300201416,text_08,45,9,2back_dual_main_click,2,Stadt,57,55,112,120,60,,,,,,,,,,,25,01,yes,no,no,2025-08-21_10h55.23.375,EXNAT_4_TMS_Psychopy2024.2.5.psyexp,2024.2.5,2025-08-21 10h57.41.138804 +0200,
0,0,0,0,0,0,0,,,,,,,,,#88BA3F,1279.9162447452545,True,l,hit,552.5767803192139,808.5570335388184,text_08,46,9,2back_dual_main_click,2,mit,57,56,113,120,60,1279.9676930904388,,,,,,,,,,25,01,yes,no,no,2025-08-21_10h55.23.375,EXNAT_4_TMS_Psychopy2024.2.5.psyexp,2024.2.5,2025-08-21 10h57.41.138804 +0200,
0,0,0,0,0,0,0,,,,,,,,,#2AB7EF,1280.779236316681,False,space,correct rejection,None,1065.6366348266602,text_08,47,9,2back_dual_main_click,2,Hunderten,57,56,113,120,60,,,,,,,,,,,25,01,yes,no,no,2025-08-21_10h55.23.375,EXNAT_4_TMS_Psychopy2024.2.5.psyexp,2024.2.5,2025-08-21 10h57.41.138804 +0200,
0,0,0,0,0,0,0,,,,,,,,,#D292F3,1281.899734735489,False,space,correct rejection,None,937.122106552124,text_08,48,9,2back_dual_main_click,2,Höhlen,57,56,113,120,60,,,,,,,,,,,25,01,yes,no,no,2025-08-21_10h55.23.375,EXNAT_4_TMS_Psychopy2024.2.5.psyexp,2024.2.5,2025-08-21 10h57.41.138804 +0200,
0,0,0,0,0,0,0,,,,,,,,,#2AB7EF,1282.8909332752228,True,l,hit,905.9298038482666,1145.853042602539,text_08,49,9,2back_dual_main_click,2,und,57,56,113,120,60,,,,,,,,,,,25,01,yes,no,no,2025-08-21_10h55.23.375,EXNAT_4_TMS_Psychopy2024.2.5.psyexp,2024.2.5,2025-08-21 10h57.41.138804 +0200,
0,0,0,0,0,0,0,,,,,,,,,#88BA3F,1284.0908331871033,False,space,correct rejection,None,874.0174770355225,text_08,50,9,2back_dual_main_click,2,Fassaden.,57,56,113,120,60,,,,,,,,,,,25,01,yes,no,no,2025-08-21_10h55.23.375,EXNAT_4_TMS_Psychopy2024.2.5.psyexp,2024.2.5,2025-08-21 10h57.41.138804 +0200,
0,0,0,0,0,0,0,,,,,,,,,#88BA3F,1285.0197846889496,False,space,correct rejection,None,1097.0821380615234,text_08,51,9,2back_dual_main_click,2,Lange,58,56,114,120,60,1285.0719316005707,,,,,,,,,,25,01,yes,no,no,2025-08-21_10h55.23.375,EXNAT_4_TMS_Psychopy2024.2.5.psyexp,2024.2.5,2025-08-21 10h57.41.138804 +0200,
0,0,0,0,0,0,0,,,,,,,,,#88BA3F,1286.1708431243896,True,l,hit,602.0033359527588,825.9642124176025,text_08,52,9,2back_dual_main_click,2,glaubte,58,56,114,120,60,,,,,,,,,,,25,01,yes,no,no,2025-08-21_10h55.23.375,EXNAT_4_TMS_Psychopy2024.2.5.psyexp,2024.2.5,2025-08-21 10h57.41.138804 +0200,
0,0,0,0,0,0,0,,,,,,,,,#D292F3,1287.0525376796722,False,space,correct rejection,None,2136.1896991729736,text_08,53,9,2back_dual_main_click,2,"man,",58,56,114,120,60,,,,,,,,,,,25,01,yes,no,no,2025-08-21_10h55.23.375,EXNAT_4_TMS_Psychopy2024.2.5.psyexp,2024.2.5,2025-08-21 10h57.41.138804 +0200,
0,0,0,0,0,0,0,,,,,,,,,#D292F3,1289.2433383464813,False,space,correct rejection,None,953.6893367767334,text_08,54,9,2back_dual_main_click,2,Petra,58,56,114,120,60,,,,,,,,,,,25,01,yes,no,no,2025-08-21_10h55.23.375,EXNAT_4_TMS_Psychopy2024.2.5.psyexp,2024.2.5,2025-08-21 10h57.41.138804 +0200,
0,0,0,0,0,0,0,,,,,,,,,#2AB7EF,1290.2511982917786,False,space,correct rejection,None,937.7543926239014,text_08,55,9,2back_dual_main_click,2,sei,58,56,114,120,60,,,,,,,,,,,25,01,yes,no,no,2025-08-21_10h55.23.375,EXNAT_4_TMS_Psychopy2024.2.5.psyexp,2024.2.5,2025-08-21 10h57.41.138804 +0200,
0,0,0,0,0,0,0,,,,,,,,,#F989A2,1291.2378334999084,False,space,correct rejection,None,879.1375160217285,text_08,56,9,2back_dual_main_click,2,nur,58,56,114,120,60,,,,,,,,,,,25,01,yes,no,no,2025-08-21_10h55.23.375,EXNAT_4_TMS_Psychopy2024.2.5.psyexp,2024.2.5,2025-08-21 10h57.41.138804 +0200,
0,0,0,0,0,0,0,,,,,,,,,#D292F3,1292.15567612648,False,l,false alarm,841.2778377532959,1049.1619110107422,text_08,57,9,2back_dual_main_click,2,ein,58,56,114,120,60,,,,,,,,,,,25,01,yes,no,no,2025-08-21_10h55.23.375,EXNAT_4_TMS_Psychopy2024.2.5.psyexp,2024.2.5,2025-08-21 10h57.41.138804 +0200,
0,0,0,0,0,0,0,,,,,,,,,#2AB7EF,1293.2565977573395,False,space,correct rejection,None,1212.1837139129639,text_08,58,9,2back_dual_main_click,2,Ort,58,56,114,120,60,,,,,,,,,,,25,01,yes,no,no,2025-08-21_10h55.23.375,EXNAT_4_TMS_Psychopy2024.2.5.psyexp,2024.2.5,2025-08-21 10h57.41.138804 +0200,
0,0,0,0,0,0,0,,,,,,,,,#F989A2,1294.5240318775177,False,space,correct rejection,None,1256.8590641021729,text_08,59,9,2back_dual_main_click,2,für,58,56,114,120,60,,,,,,,,,,,25,01,yes,no,no,2025-08-21_10h55.23.375,EXNAT_4_TMS_Psychopy2024.2.5.psyexp,2024.2.5,2025-08-21 10h57.41.138804 +0200,
0,0,0,0,0,0,0,,,,,,,,,#F989A2,1295.834644794464,False,space,correct rejection,None,1226.27592086792,text_08,60,9,2back_dual_main_click,2,Tote,58,56,114,120,60,,,,,,,,,,,25,01,yes,no,no,2025-08-21_10h55.23.375,EXNAT_4_TMS_Psychopy2024.2.5.psyexp,2024.2.5,2025-08-21 10h57.41.138804 +0200,
0,0,0,0,0,0,0,,,,,,,,,#D292F3,1297.1149380207062,False,space,correct rejection,None,1001.9240379333496,text_08,61,9,2back_dual_main_click,2,und,58,56,114,120,60,,,,,,,,,,,25,01,yes,no,no,2025-08-21_10h55.23.375,EXNAT_4_TMS_Psychopy2024.2.5.psyexp,2024.2.5,2025-08-21 10h57.41.138804 +0200,
0,0,0,0,0,0,0,,,,,,,,,#88BA3F,1298.1721575260162,False,space,correct rejection,None,1736.7682456970215,text_08,62,9,2back_dual_main_click,2,Götter.,58,56,114,120,60,,,,,,,,,,,25,01,yes,no,no,2025-08-21_10h55.23.375,EXNAT_4_TMS_Psychopy2024.2.5.psyexp,2024.2.5,2025-08-21 10h57.41.138804 +0200,
0,0,0,0,0,0,0,,,,,,,,,#88BA3F,1299.9648747444153,False,space,correct rejection,None,952.0127773284912,text_08,63,9,2back_dual_main_click,2,Jedoch,58,56,114,120,60,,,,,,,,,,,25,01,yes,no,no,2025-08-21_10h55.23.375,EXNAT_4_TMS_Psychopy2024.2.5.psyexp,2024.2.5,2025-08-21 10h57.41.138804 +0200,
0,0,0,0,0,0,0,,,,,,,,,#2AB7EF,1300.9705522060394,False,space,correct rejection,None,858.3047389984131,text_08,64,9,2back_dual_main_click,2,war,58,56,114,120,60,,,,,,,,,,,25,01,yes,no,no,2025-08-21_10h55.23.375,EXNAT_4_TMS_Psychopy2024.2.5.psyexp,2024.2.5,2025-08-21 10h57.41.138804 +0200,
0,0,0,0,0,0,0,,,,,,,,,#D292F3,1301.8825449943542,False,space,correct rejection,None,1178.3018112182617,text_08,65,9,2back_dual_main_click,2,sie,58,56,114,120,60,,,,,,,,,,,25,01,yes,no,no,2025-08-21_10h55.23.375,EXNAT_4_TMS_Psychopy2024.2.5.psyexp,2024.2.5,2025-08-21 10h57.41.138804 +0200,
0,0,0,0,0,0,0,,,,,,,,,#88BA3F,1303.114381313324,False,space,correct rejection,None,938.5428428649902,text_08,66,9,2back_dual_main_click,2,tatsächlich,58,56,114,120,60,,,,,,,,,,,25,01,yes,no,no,2025-08-21_10h55.23.375,EXNAT_4_TMS_Psychopy2024.2.5.psyexp,2024.2.5,2025-08-21 10h57.41.138804 +0200,
0,0,0,0,0,0,0,,,,,,,,,#2AB7EF,1304.1066617965698,False,space,correct rejection,None,1018.2628631591797,text_08,67,9,2back_dual_main_click,2,eine,58,56,114,120,60,,,,,,,,,,,25,01,yes,no,no,2025-08-21_10h55.23.375,EXNAT_4_TMS_Psychopy2024.2.5.psyexp,2024.2.5,2025-08-21 10h57.41.138804 +0200,
0,0,0,0,0,0,0,,,,,,,,,#F989A2,1305.1798567771912,False,space,correct rejection,None,1529.1681289672852,text_08,68,9,2back_dual_main_click,2,echte,58,56,114,120,60,,,,,,,,,,,25,01,yes,no,no,2025-08-21_10h55.23.375,EXNAT_4_TMS_Psychopy2024.2.5.psyexp,2024.2.5,2025-08-21 10h57.41.138804 +0200,
0,0,0,0,0,0,0,,,,,,,,,#F989A2,1306.7629609107971,False,space,correct rejection,None,1049.8676300048828,text_08,69,9,2back_dual_main_click,2,"Stadt,",58,56,114,120,60,,,,,,,,,,,25,01,yes,no,no,2025-08-21_10h55.23.375,EXNAT_4_TMS_Psychopy2024.2.5.psyexp,2024.2.5,2025-08-21 10h57.41.138804 +0200,
0,0,0,0,0,0,0,,,,,,,,,#2AB7EF,1307.8664824962616,False,space,correct rejection,None,1338.3865356445312,text_08,70,9,2back_dual_main_click,2,die,58,56,114,120,60,,,,,,,,,,,25,01,yes,no,no,2025-08-21_10h55.23.375,EXNAT_4_TMS_Psychopy2024.2.5.psyexp,2024.2.5,2025-08-21 10h57.41.138804 +0200,
0,0,0,0,0,0,0,,,,,,,,,#2AB7EF,1309.2577285766602,False,space,correct rejection,None,843.101978302002,text_08,71,9,2back_dual_main_click,2,aber,58,56,114,120,60,,,,,,,,,,,25,01,yes,no,no,2025-08-21_10h55.23.375,EXNAT_4_TMS_Psychopy2024.2.5.psyexp,2024.2.5,2025-08-21 10h57.41.138804 +0200,
0,0,0,0,0,0,0,,,,,,,,,#D292F3,1310.1549367904663,False,space,correct rejection,None,1210.0138664245605,text_08,72,9,2back_dual_main_click,2,an,58,56,114,120,60,,,,,,,,,,,25,01,yes,no,no,2025-08-21_10h55.23.375,EXNAT_4_TMS_Psychopy2024.2.5.psyexp,2024.2.5,2025-08-21 10h57.41.138804 +0200,
0,0,0,0,0,0,0,,,,,,,,,#2AB7EF,1311.4205729961395,True,l,hit,616.2896156311035,872.2448348999023,text_08,73,9,2back_dual_main_click,2,einem,58,57,115,120,60,1311.4725391864777,,,,,,,,,,25,01,yes,no,no,2025-08-21_10h55.23.375,EXNAT_4_TMS_Psychopy2024.2.5.psyexp,2024.2.5,2025-08-21 10h57.41.138804 +0200,
0,0,0,0,0,0,0,,,,,,,,,#2AB7EF,1312.3478660583496,False,space,correct rejection,None,1096.9772338867188,text_08,74,9,2back_dual_main_click,2,trockenen,58,57,115,120,60,,,,,,,,,,,25,01,yes,no,no,2025-08-21_10h55.23.375,EXNAT_4_TMS_Psychopy2024.2.5.psyexp,2024.2.5,2025-08-21 10h57.41.138804 +0200,
0,0,0,0,0,0,0,,,,,,,,,#D292F3,1313.4993727207184,False,space,correct rejection,None,1929.5234680175781,text_08,75,9,2back_dual_main_click,2,Ort,58,57,115,120,60,,,,,,,,,,,25,01,yes,no,no,2025-08-21_10h55.23.375,EXNAT_4_TMS_Psychopy2024.2.5.psyexp,2024.2.5,2025-08-21 10h57.41.138804 +0200,
0,0,0,0,0,0,0,,,,,,,,,#2AB7EF,1315.4831008911133,True,l,hit,1401.8301963806152,1641.7152881622314,text_08,76,9,2back_dual_main_click,2,lag.,58,58,116,120,60,1316.4724090099335,,,,,,,,,,25,01,yes,no,no,2025-08-21_10h55.23.375,EXNAT_4_TMS_Psychopy2024.2.5.psyexp,2024.2.5,2025-08-21 10h57.41.138804 +0200,
0,0,0,0,0,0,0,,,,,,,,,#88BA3F,1317.1776254177094,False,space,correct rejection,None,1259.2816352844238,text_08,77,9,2back_dual_main_click,2,Die,58,58,116,120,60,,,,,,,,,,,25,01,yes,no,no,2025-08-21_10h55.23.375,EXNAT_4_TMS_Psychopy2024.2.5.psyexp,2024.2.5,2025-08-21 10h57.41.138804 +0200,
0,0,0,0,0,0,0,,,,,,,,,#88BA3F,1318.4908990859985,False,space,correct rejection,None,1897.9644775390625,text_08,78,9,2back_dual_main_click,2,Nabatäer,58,58,116,120,60,,,,,,,,,,,25,01,yes,no,no,2025-08-21_10h55.23.375,EXNAT_4_TMS_Psychopy2024.2.5.psyexp,2024.2.5,2025-08-21 10h57.41.138804 +0200,
0,0,0,0,0,0,0,,,,,,,,,#D292F3,1320.444015264511,False,space,correct rejection,None,1304.9497604370117,text_08,79,9,2back_dual_main_click,2,nutzten,59,58,117,120,60,1321.4724345207214,,,,,,,,,,25,01,yes,no,no,2025-08-21_10h55.23.375,EXNAT_4_TMS_Psychopy2024.2.5.psyexp,2024.2.5,2025-08-21 10h57.41.138804 +0200,
0,0,0,0,0,0,0,,,,,,,,,#F989A2,1321.8020813465118,False,space,correct rejection,None,1386.6856098175049,text_08,80,9,2back_dual_main_click,2,seltene,59,58,117,120,60,,,,,,,,,,,25,01,yes,no,no,2025-08-21_10h55.23.375,EXNAT_4_TMS_Psychopy2024.2.5.psyexp,2024.2.5,2025-08-21 10h57.41.138804 +0200,
0,0,0,0,0,0,0,,,,,,,,,#F989A2,1323.2435681819916,False,space,correct rejection,None,857.3496341705322,text_08,81,9,2back_dual_main_click,2,Regenfälle,59,58,117,120,60,,,,,,,,,,,25,01,yes,no,no,2025-08-21_10h55.23.375,EXNAT_4_TMS_Psychopy2024.2.5.psyexp,2024.2.5,2025-08-21 10h57.41.138804 +0200,
0,0,0,0,0,0,0,,,,,,,,,#D292F3,1324.1535997390747,False,space,correct rejection,None,1643.2576179504395,text_08,82,9,2back_dual_main_click,2,durch,59,58,117,120,60,,,,,,,,,,,25,01,yes,no,no,2025-08-21_10h55.23.375,EXNAT_4_TMS_Psychopy2024.2.5.psyexp,2024.2.5,2025-08-21 10h57.41.138804 +0200,
0,0,0,0,0,0,0,,,,,,,,,#F989A2,1325.850064277649,True,l,hit,730.8599948883057,986.7491722106934,text_08,83,9,2back_dual_main_click,2,ein,59,59,118,120,60,1326.4724769592285,,,,,,,,,,25,01,yes,no,no,2025-08-21_10h55.23.375,EXNAT_4_TMS_Psychopy2024.2.5.psyexp,2024.2.5,2025-08-21 10h57.41.138804 +0200,
0,0,0,0,0,0,0,,,,,,,,,#88BA3F,1326.8914306163788,False,space,correct rejection,None,905.4598808288574,text_08,84,9,2back_dual_main_click,2,geniales,59,59,118,120,60,,,,,,,,,,,25,01,yes,no,no,2025-08-21_10h55.23.375,EXNAT_4_TMS_Psychopy2024.2.5.psyexp,2024.2.5,2025-08-21 10h57.41.138804 +0200,
0,0,0,0,0,0,0,,,,,,,,,#88BA3F,1327.8526458740234,False,space,correct rejection,None,1048.081874847412,text_08,85,9,2back_dual_main_click,2,Bewässerungssystem.,59,59,118,120,60,,,,,,,,,,,25,01,yes,no,no,2025-08-21_10h55.23.375,EXNAT_4_TMS_Psychopy2024.2.5.psyexp,2024.2.5,2025-08-21 10h57.41.138804 +0200,
0,0,0,0,0,0,0,,,,,,,,,#F989A2,1328.9566884040833,False,l,false alarm,1368.2224750518799,2680.2048683166504,text_08,86,9,2back_dual_main_click,2,"Wasserbecken,",60,59,119,120,60,1331.4724895954132,,,,,,,,,,25,01,yes,no,no,2025-08-21_10h55.23.375,EXNAT_4_TMS_Psychopy2024.2.5.psyexp,2024.2.5,2025-08-21 10h57.41.138804 +0200,
0,0,0,0,0,0,0,,,,,,,,,#2AB7EF,1331.6917173862457,False,space,correct rejection,None,1785.2668762207031,text_08,87,9,2back_dual_main_click,2,Kanäle,60,59,119,120,60,,,,,,,,,,,25,01,yes,no,no,2025-08-21_10h55.23.375,EXNAT_4_TMS_Psychopy2024.2.5.psyexp,2024.2.5,2025-08-21 10h57.41.138804 +0200,
0,0,0,0,0,0,0,,,,,,,,,#88BA3F,1333.5321190357208,False,space,correct rejection,None,744.9469566345215,text_08,88,9,2back_dual_main_click,2,und,60,59,119,120,60,,,,,,,,,,,25,01,yes,no,no,2025-08-21_10h55.23.375,EXNAT_4_TMS_Psychopy2024.2.5.psyexp,2024.2.5,2025-08-21 10h57.41.138804 +0200,
0,0,0,0,0,0,0,,,,,,,,,#F989A2,1334.3326299190521,False,space,correct rejection,None,920.3178882598877,text_08,89,9,2back_dual_main_click,2,Leitungen,60,59,119,120,60,,,,,,,,,,,25,01,yes,no,no,2025-08-21_10h55.23.375,EXNAT_4_TMS_Psychopy2024.2.5.psyexp,2024.2.5,2025-08-21 10h57.41.138804 +0200,
0,0,0,0,0,0,0,,,,,,,,,#D292F3,1335.3064403533936,False,space,correct rejection,None,1098.59037399292,text_08,90,9,2back_dual_main_click,2,verteilten,60,59,119,120,60,,,,,,,,,,,25,01,yes,no,no,2025-08-21_10h55.23.375,EXNAT_4_TMS_Psychopy2024.2.5.psyexp,2024.2.5,2025-08-21 10h57.41.138804 +0200,
0,0,0,0,0,0,0,,,,,,,,,#2AB7EF,1336.4445960521698,False,space,correct rejection,None,1320.3637599945068,text_08,91,9,2back_dual_main_click,2,das,60,59,119,120,60,,,,,,,,,,,25,01,yes,no,no,2025-08-21_10h55.23.375,EXNAT_4_TMS_Psychopy2024.2.5.psyexp,2024.2.5,2025-08-21 10h57.41.138804 +0200,
0,0,0,0,0,0,0,,,,,,,,,#D292F3,1337.818633556366,True,space,miss,None,906.2247276306152,text_08,92,9,2back_dual_main_click,2,Wasser,60,59,119,120,60,,,,,,,,,,,25,01,yes,no,no,2025-08-21_10h55.23.375,EXNAT_4_TMS_Psychopy2024.2.5.psyexp,2024.2.5,2025-08-21 10h57.41.138804 +0200,
0,0,0,0,0,0,0,,,,,,,,,#F989A2,1338.776629447937,False,space,correct rejection,None,1740.217924118042,text_08,93,9,2back_dual_main_click,2,in,60,59,119,120,60,,,,,,,,,,,25,01,yes,no,no,2025-08-21_10h55.23.375,EXNAT_4_TMS_Psychopy2024.2.5.psyexp,2024.2.5,2025-08-21 10h57.41.138804 +0200,
0,0,0,0,0,0,0,,,,,,,,,#D292F3,1340.5716288089752,True,space,miss,None,985.2323532104492,text_08,94,9,2back_dual_main_click,2,der,60,60,120,120,inf,1340.6279964447021,,,,,,,,,,25,01,yes,no,no,2025-08-21_10h55.23.375,EXNAT_4_TMS_Psychopy2024.2.5.psyexp,2024.2.5,2025-08-21 10h57.41.138804 +0200,
0,0,0,0,0,0,0,,,,,,,,,#2AB7EF,1341.593808889389,False,space,correct rejection,None,1435.1189136505127,text_08,95,9,2back_dual_main_click,2,Stadt.,60,60,120,120,inf,,,,,,,,,,,25,01,yes,no,no,2025-08-21_10h55.23.375,EXNAT_4_TMS_Psychopy2024.2.5.psyexp,2024.2.5,2025-08-21 10h57.41.138804 +0200,
0,0,0,0,0,0,0,,,,,,,,,#88BA3F,1343.076980829239,False,space,correct rejection,None,1903.9280414581299,text_08,96,9,2back_dual_main_click,2,Diese,60,60,120,120,inf,,,,,,,,,,,25,01,yes,no,no,2025-08-21_10h55.23.375,EXNAT_4_TMS_Psychopy2024.2.5.psyexp,2024.2.5,2025-08-21 10h57.41.138804 +0200,
0,0,0,0,0,0,0,,,,,,,,,#88BA3F,1345.0354137420654,False,space,correct rejection,None,777.4403095245361,text_08,97,9,2back_dual_main_click,2,Anlagen,61,60,121,120,inf,1345.6278192996979,,,,,,,,,,25,01,yes,no,no,2025-08-21_10h55.23.375,EXNAT_4_TMS_Psychopy2024.2.5.psyexp,2024.2.5,2025-08-21 10h57.41.138804 +0200,
0,0,0,0,0,0,0,,,,,,,,,#88BA3F,1345.8694250583649,True,l,hit,999.5746612548828,1239.4776344299316,text_08,98,9,2back_dual_main_click,2,schützten,61,60,121,120,inf,,,,,,,,,,,25,01,yes,no,no,2025-08-21_10h55.23.375,EXNAT_4_TMS_Psychopy2024.2.5.psyexp,2024.2.5,2025-08-21 10h57.41.138804 +0200,
0,0,0,0,0,0,0,,,,,,,,,#F989A2,1347.1626753807068,False,space,correct rejection,None,890.2478218078613,text_08,99,9,2back_dual_main_click,2,auch,61,60,121,120,inf,,,,,,,,,,,25,01,yes,no,no,2025-08-21_10h55.23.375,EXNAT_4_TMS_Psychopy2024.2.5.psyexp,2024.2.5,2025-08-21 10h57.41.138804 +0200,
0,0,0,0,0,0,0,,,,,,,,,#88BA3F,1348.1070363521576,True,l,hit,650.0403881072998,937.8917217254639,text_08,100,9,2back_dual_main_click,2,die,61,60,121,120,inf,,,,,,,,,,,25,01,yes,no,no,2025-08-21_10h55.23.375,EXNAT_4_TMS_Psychopy2024.2.5.psyexp,2024.2.5,2025-08-21 10h57.41.138804 +0200,
0,0,0,0,0,0,0,,,,,,,,,#D292F3,1349.099782705307,False,space,correct rejection,None,1145.1761722564697,text_08,101,9,2back_dual_main_click,2,empfindlichen,61,60,121,120,inf,,,,,,,,,,,25,01,yes,no,no,2025-08-21_10h55.23.375,EXNAT_4_TMS_Psychopy2024.2.5.psyexp,2024.2.5,2025-08-21 10h57.41.138804 +0200,
0,0,0,0,0,0,0,,,,,,,,,#D292F3,1350.3006527423859,False,space,correct rejection,None,2216.3074016571045,text_08,102,9,2back_dual_main_click,2,Sandsteinfassaden.,61,60,121,120,inf,,,,,,,,,,,25,01,yes,no,no,2025-08-21_10h55.23.375,EXNAT_4_TMS_Psychopy2024.2.5.psyexp,2024.2.5,2025-08-21 10h57.41.138804 +0200,
0,0,0,0,0,0,0,,,,,,,,,#F989A2,1352.572578907013,False,space,correct rejection,None,744.356632232666,text_08,103,9,2back_dual_main_click,2,Heute,62,60,122,120,inf,1352.6231729984283,,,,,,,,,,25,01,yes,no,no,2025-08-21_10h55.23.375,EXNAT_4_TMS_Psychopy2024.2.5.psyexp,2024.2.5,2025-08-21 10h57.41.138804 +0200,
0,0,0,0,0,0,0,,,,,,,,,#D292F3,1353.3735854625702,True,space,miss,None,695.4259872436523,text_08,104,9,2back_dual_main_click,2,funktioniert,62,60,122,120,inf,,,,,,,,,,,25,01,yes,no,no,2025-08-21_10h55.23.375,EXNAT_4_TMS_Psychopy2024.2.5.psyexp,2024.2.5,2025-08-21 10h57.41.138804 +0200,
0,0,0,0,0,0,0,,,,,,,,,#2AB7EF,1354.107225894928,False,space,correct rejection,None,1097.6948738098145,text_08,105,9,2back_dual_main_click,2,das,62,60,122,120,inf,,,,,,,,,,,25,01,yes,no,no,2025-08-21_10h55.23.375,EXNAT_4_TMS_Psychopy2024.2.5.psyexp,2024.2.5,2025-08-21 10h57.41.138804 +0200,
0,0,0,0,0,0,0,,,,,,,,,#F989A2,1355.245557308197,False,l,false alarm,743.2863712310791,1015.1791572570801,text_08,106,9,2back_dual_main_click,2,System,62,60,122,120,inf,,,,,,,,,,,25,01,yes,no,no,2025-08-21_10h55.23.375,EXNAT_4_TMS_Psychopy2024.2.5.psyexp,2024.2.5,2025-08-21 10h57.41.138804 +0200,
0,0,0,0,0,0,0,,,,,,,,,#2AB7EF,1356.3005890846252,True,space,miss,None,1016.3064002990723,text_08,107,9,2back_dual_main_click,2,nicht,62,60,122,120,inf,,,,,,,,,,,25,01,yes,no,no,2025-08-21_10h55.23.375,EXNAT_4_TMS_Psychopy2024.2.5.psyexp,2024.2.5,2025-08-21 10h57.41.138804 +0200,
0,0,0,0,0,0,0,,,,,,,,,#2AB7EF,1357.3563241958618,False,space,correct rejection,None,808.5157871246338,text_08,108,9,2back_dual_main_click,2,mehr,62,60,122,120,inf,,,,,,,,,,,25,01,yes,no,no,2025-08-21_10h55.23.375,EXNAT_4_TMS_Psychopy2024.2.5.psyexp,2024.2.5,2025-08-21 10h57.41.138804 +0200,
0,0,0,0,0,0,0,,,,,,,,,#D292F3,1358.2040688991547,False,space,correct rejection,None,824.8202800750732,text_08,109,9,2back_dual_main_click,2,und,62,60,122,120,inf,,,,,,,,,,,25,01,yes,no,no,2025-08-21_10h55.23.375,EXNAT_4_TMS_Psychopy2024.2.5.psyexp,2024.2.5,2025-08-21 10h57.41.138804 +0200,
0,0,0,0,0,0,0,,,,,,,,,#2AB7EF,1359.0678315162659,True,l,hit,937.082052230835,1193.0122375488281,text_08,110,9,2back_dual_main_click,2,der,62,61,123,120,inf,1359.1202306747437,,,,,,,,,,25,01,yes,no,no,2025-08-21_10h55.23.375,EXNAT_4_TMS_Psychopy2024.2.5.psyexp,2024.2.5,2025-08-21 10h57.41.138804 +0200,
0,0,0,0,0,0,0,,,,,,,,,#F989A2,1360.3002479076385,False,space,correct rejection,None,984.6498966217041,text_08,111,9,2back_dual_main_click,2,Regen,62,61,123,120,inf,,,,,,,,,,,25,01,yes,no,no,2025-08-21_10h55.23.375,EXNAT_4_TMS_Psychopy2024.2.5.psyexp,2024.2.5,2025-08-21 10h57.41.138804 +0200,
0,0,0,0,0,0,0,,,,,,,,,#88BA3F,1361.3397693634033,False,space,correct rejection,None,1417.064905166626,text_08,112,9,2back_dual_main_click,2,schadet,62,61,123,120,inf,,,,,,,,,,,25,01,yes,no,no,2025-08-21_10h55.23.375,EXNAT_4_TMS_Psychopy2024.2.5.psyexp,2024.2.5,2025-08-21 10h57.41.138804 +0200,
0,0,0,0,0,0,0,,,,,,,,,#88BA3F,1362.808392047882,False,space,correct rejection,None,860.4474067687988,text_08,113,9,2back_dual_main_click,2,den,62,61,123,120,inf,,,,,,,,,,,25,01,yes,no,no,2025-08-21_10h55.23.375,EXNAT_4_TMS_Psychopy2024.2.5.psyexp,2024.2.5,2025-08-21 10h57.41.138804 +0200,
0,0,0,0,0,0,0,,,,,,,,,#D292F3,1363.7234547138214,False,space,correct rejection,None,873.3682632446289,text_08,114,9,2back_dual_main_click,2,Bauwerken.,63,61,124,120,inf,1364.1202194690704,,,,,,,,,,25,01,yes,no,no,2025-08-21_10h55.23.375,EXNAT_4_TMS_Psychopy2024.2.5.psyexp,2024.2.5,2025-08-21 10h57.41.138804 +0200,
0,0,0,0,0,0,0,,,,,,,,,#2AB7EF,1364.6508033275604,False,space,correct rejection,None,1642.012357711792,text_08,115,9,2back_dual_main_click,2,Rettungsversuche,63,61,124,120,inf,,,,,,,,,,,25,01,yes,no,no,2025-08-21_10h55.23.375,EXNAT_4_TMS_Psychopy2024.2.5.psyexp,2024.2.5,2025-08-21 10h57.41.138804 +0200,
0,0,0,0,0,0,0,,,,,,,,,#2AB7EF,1366.3482794761658,False,space,correct rejection,None,760.6253623962402,text_08,116,9,2back_dual_main_click,2,blieben,63,61,124,120,inf,,,,,,,,,,,25,01,yes,no,no,2025-08-21_10h55.23.375,EXNAT_4_TMS_Psychopy2024.2.5.psyexp,2024.2.5,2025-08-21 10h57.41.138804 +0200,
0,0,0,0,0,0,0,,,,,,,,,#F989A2,1367.1640074253082,False,space,correct rejection,None,872.891902923584,text_08,117,9,2back_dual_main_click,2,erfolglos.,63,61,124,120,inf,,,,,,,,,,,25,01,yes,no,no,2025-08-21_10h55.23.375,EXNAT_4_TMS_Psychopy2024.2.5.psyexp,2024.2.5,2025-08-21 10h57.41.138804 +0200,
0,0,0,0,0,0,0,,,,,,,,,#88BA3F,1368.0915567874908,False,space,correct rejection,None,1161.2765789031982,text_08,118,9,2back_dual_main_click,2,Deshalb,63,61,124,120,inf,,,,,,,,,,,25,01,yes,no,no,2025-08-21_10h55.23.375,EXNAT_4_TMS_Psychopy2024.2.5.psyexp,2024.2.5,2025-08-21 10h57.41.138804 +0200,
0,0,0,0,0,0,0,,,,,,,,,#F989A2,1369.3077809810638,True,space,miss,None,1257.0488452911377,text_08,119,9,2back_dual_main_click,2,wird,63,62,125,120,inf,1369.3585586547852,,,,,,,,,,25,01,yes,no,no,2025-08-21_10h55.23.375,EXNAT_4_TMS_Psychopy2024.2.5.psyexp,2024.2.5,2025-08-21 10h57.41.138804 +0200,
0,0,0,0,0,0,0,,,,,,,,,#D292F3,1370.6195900440216,False,space,correct rejection,None,793.2422161102295,text_08,120,9,2back_dual_main_click,2,die,63,62,125,120,inf,,,,,,,,,,,25,01,yes,no,no,2025-08-21_10h55.23.375,EXNAT_4_TMS_Psychopy2024.2.5.psyexp,2024.2.5,2025-08-21 10h57.41.138804 +0200,
0,0,0,0,0,0,0,,,,,,,,,#D292F3,1371.4674577713013,False,space,correct rejection,None,921.4327335357666,text_08,121,9,2back_dual_main_click,2,Felsenstadt,63,62,125,120,inf,,,,,,,,,,,25,01,yes,no,no,2025-08-21_10h55.23.375,EXNAT_4_TMS_Psychopy2024.2.5.psyexp,2024.2.5,2025-08-21 10h57.41.138804 +0200,
0,0,0,0,0,0,0,,,,,,,,,#F989A2,1372.4431762695312,False,space,correct rejection,None,841.6776657104492,text_08,122,9,2back_dual_main_click,2,eines,63,62,125,120,inf,,,,,,,,,,,25,01,yes,no,no,2025-08-21_10h55.23.375,EXNAT_4_TMS_Psychopy2024.2.5.psyexp,2024.2.5,2025-08-21 10h57.41.138804 +0200,
0,0,0,0,0,0,0,,,,,,,,,#D292F3,1373.3244016170502,True,space,miss,None,1112.426519393921,text_08,123,9,2back_dual_main_click,2,Tages,63,63,126,120,inf,1374.3584804534912,,,,,,,,,,25,01,yes,no,no,2025-08-21_10h55.23.375,EXNAT_4_TMS_Psychopy2024.2.5.psyexp,2024.2.5,2025-08-21 10h57.41.138804 +0200,
0,0,0,0,0,0,0,,,,,,,,,#88BA3F,1374.47451877594,False,space,correct rejection,None,2026.34859085083,text_08,124,9,2back_dual_main_click,2,wohl,63,63,126,120,inf,,,,,,,,,,,25,01,yes,no,no,2025-08-21_10h55.23.375,EXNAT_4_TMS_Psychopy2024.2.5.psyexp,2024.2.5,2025-08-21 10h57.41.138804 +0200,
0,0,0,0,0,0,0,,,,,,,,,#2AB7EF,1376.554316520691,False,space,correct rejection,None,1050.5180358886719,text_08,125,9,2back_dual_main_click,2,wieder,63,63,126,120,inf,,,,,,,,,,,25,01,yes,no,no,2025-08-21_10h55.23.375,EXNAT_4_TMS_Psychopy2024.2.5.psyexp,2024.2.5,2025-08-21 10h57.41.138804 +0200,
0,0,0,0,0,0,0,,,,,,,,,#2AB7EF,1377.6576874256134,False,space,correct rejection,None,699.1658210754395,text_08,126,9,2back_dual_main_click,2,zu,63,63,126,120,inf,,,,,,,,,,,25,01,yes,no,no,2025-08-21_10h55.23.375,EXNAT_4_TMS_Psychopy2024.2.5.psyexp,2024.2.5,2025-08-21 10h57.41.138804 +0200,
0,0,0,0,0,0,0,,,,,,,,,#2AB7EF,1378.410041809082,True,l,hit,826.8098831176758,1066.7452812194824,text_08,127,9,2back_dual_main_click,2,Sand,63,64,127,120,inf,1379.3584835529327,,,,,,,,,,25,01,yes,no,no,2025-08-21_10h55.23.375,EXNAT_4_TMS_Psychopy2024.2.5.psyexp,2024.2.5,2025-08-21 10h57.41.138804 +0200,
0,0,0,0,0,0,0,,,,,,,,,#F989A2,1379.5318496227264,False,space,correct rejection,None,921.0622310638428,text_08,128,9,2back_dual_main_click,2,zerfallen.,63,64,127,120,inf,,,,,,,,,,,25,01,yes,no,no,2025-08-21_10h55.23.375,EXNAT_4_TMS_Psychopy2024.2.5.psyexp,2024.2.5,2025-08-21 10h57.41.138804 +0200,
0,0,0,0,0,0,0,,,,,,,,,#F989A2,1380.5086426734924,False,space,correct rejection,None,984.1864109039307,text_08,129,9,2back_dual_main_click,2,Von,63,64,127,120,inf,,,,,,,,,,,25,01,yes,no,no,2025-08-21_10h55.23.375,EXNAT_4_TMS_Psychopy2024.2.5.psyexp,2024.2.5,2025-08-21 10h57.41.138804 +0200,
0,0,0,0,0,0,0,,,,,,,,,#88BA3F,1381.5499784946442,False,space,correct rejection,None,982.9504489898682,text_08,130,9,2back_dual_main_click,2,der,63,64,127,120,inf,,,,,,,,,,,25,01,yes,no,no,2025-08-21_10h55.23.375,EXNAT_4_TMS_Psychopy2024.2.5.psyexp,2024.2.5,2025-08-21 10h57.41.138804 +0200,
0,0,0,0,0,0,0,,,,,,,,,#D292F3,1382.5881996154785,False,space,correct rejection,None,824.7416019439697,text_08,131,9,2back_dual_main_click,2,einstigen,63,64,127,120,inf,,,,,,,,,,,25,01,yes,no,no,2025-08-21_10h55.23.375,EXNAT_4_TMS_Psychopy2024.2.5.psyexp,2024.2.5,2025-08-21 10h57.41.138804 +0200,
0,0,0,0,0,0,0,,,,,,,,,#88BA3F,1383.4677245616913,True,l,hit,777.1649360656738,1001.1043548583984,text_08,132,9,2back_dual_main_click,2,Metropole,63,64,127,120,inf,,,,,,,,,,,25,01,yes,no,no,2025-08-21_10h55.23.375,EXNAT_4_TMS_Psychopy2024.2.5.psyexp,2024.2.5,2025-08-21 10h57.41.138804 +0200,
0,0,0,0,0,0,0,,,,,,,,,#2AB7EF,1384.524216413498,False,space,correct rejection,None,1208.6517810821533,text_08,133,9,2back_dual_main_click,2,bleiben,64,64,128,120,inf,1384.5776414871216,,,,,,,,,,25,01,yes,no,no,2025-08-21_10h55.23.375,EXNAT_4_TMS_Psychopy2024.2.5.psyexp,2024.2.5,2025-08-21 10h57.41.138804 +0200,
0,0,0,0,0,0,0,,,,,,,,,#88BA3F,1385.7878017425537,True,l,hit,825.1185417175293,1049.0398406982422,text_08,134,9,2back_dual_main_click,2,nur,64,64,128,120,inf,,,,,,,,,,,25,01,yes,no,no,2025-08-21_10h55.23.375,EXNAT_4_TMS_Psychopy2024.2.5.psyexp,2024.2.5,2025-08-21 10h57.41.138804 +0200,
0,0,0,0,0,0,0,,,,,,,,,#F989A2,1386.8912301063538,False,space,correct rejection,None,1129.619836807251,text_08,135,9,2back_dual_main_click,2,Ruinen,64,64,128,120,inf,,,,,,,,,,,25,01,yes,no,no,2025-08-21_10h55.23.375,EXNAT_4_TMS_Psychopy2024.2.5.psyexp,2024.2.5,2025-08-21 10h57.41.138804 +0200,
0,0,0,0,0,0,0,,,,,,,,,#D292F3,1388.0745074748993,False,space,correct rejection,None,1018.3191299438477,text_08,136,9,2back_dual_main_click,2,und,64,64,128,120,inf,,,,,,,,,,,25,01,yes,no,no,2025-08-21_10h55.23.375,EXNAT_4_TMS_Psychopy2024.2.5.psyexp,2024.2.5,2025-08-21 10h57.41.138804 +0200,
0,0,0,0,0,0,0,,,,,,,,,#D292F3,1389.1467566490173,False,space,correct rejection,None,938.0691051483154,text_08,137,9,2back_dual_main_click,2,die,64,64,128,120,inf,,,,,,,,,,,25,01,yes,no,no,2025-08-21_10h55.23.375,EXNAT_4_TMS_Psychopy2024.2.5.psyexp,2024.2.5,2025-08-21 10h57.41.138804 +0200,
0,0,0,0,0,0,0,,,,,,,,,#88BA3F,1390.139300107956,False,space,correct rejection,None,1001.5041828155518,text_08,138,9,2back_dual_main_click,2,Erinnerung,65,64,129,120,inf,1390.1923909187317,,,,,,,,,,25,01,yes,no,no,2025-08-21_10h55.23.375,EXNAT_4_TMS_Psychopy2024.2.5.psyexp,2024.2.5,2025-08-21 10h57.41.138804 +0200,
0,0,0,0,0,0,0,,,,,,,,,#D292F3,1391.1958389282227,True,l,hit,808.9714050292969,1096.9152450561523,text_08,139,9,2back_dual_main_click,2,an,65,64,129,120,inf,,,,,,,,,,,25,01,yes,no,no,2025-08-21_10h55.23.375,EXNAT_4_TMS_Psychopy2024.2.5.psyexp,2024.2.5,2025-08-21 10h57.41.138804 +0200,
0,0,0,0,0,0,0,,,,,,,,,#2AB7EF,1392.3342700004578,False,space,correct rejection,None,1334.571123123169,text_08,140,9,2back_dual_main_click,2,eine,65,64,129,120,inf,,,,,,,,,,,25,01,yes,no,no,2025-08-21_10h55.23.375,EXNAT_4_TMS_Psychopy2024.2.5.psyexp,2024.2.5,2025-08-21 10h57.41.138804 +0200,
0,0,0,0,0,0,0,,,,,,,,,#F989A2,1393.7236857414246,False,space,correct rejection,None,825.1383304595947,text_08,141,9,2back_dual_main_click,2,"Kultur,",65,64,129,120,inf,,,,,,,,,,,25,01,yes,no,no,2025-08-21_10h55.23.375,EXNAT_4_TMS_Psychopy2024.2.5.psyexp,2024.2.5,2025-08-21 10h57.41.138804 +0200,
0,0,0,0,0,0,0,,,,,,,,,#2AB7EF,1394.6028039455414,True,l,hit,857.9878807067871,1193.9575672149658,text_08,142,9,2back_dual_main_click,2,die,65,65,130,120,inf,1395.1922814846039,,,,,,,,,,25,01,yes,no,no,2025-08-21_10h55.23.375,EXNAT_4_TMS_Psychopy2024.2.5.psyexp,2024.2.5,2025-08-21 10h57.41.138804 +0200,
0,0,0,0,0,0,0,,,,,,,,,#88BA3F,1395.8522770404816,False,space,correct rejection,None,1192.5745010375977,text_08,143,9,2back_dual_main_click,2,mitten,65,65,130,120,inf,,,,,,,,,,,25,01,yes,no,no,2025-08-21_10h55.23.375,EXNAT_4_TMS_Psychopy2024.2.5.psyexp,2024.2.5,2025-08-21 10h57.41.138804 +0200,
0,0,0,0,0,0,0,,,,,,,,,#F989A2,1397.0994358062744,False,space,correct rejection,None,1033.3783626556396,text_08,144,9,2back_dual_main_click,2,in,65,65,130,120,inf,,,,,,,,,,,25,01,yes,no,no,2025-08-21_10h55.23.375,EXNAT_4_TMS_Psychopy2024.2.5.psyexp,2024.2.5,2025-08-21 10h57.41.138804 +0200,
0,0,0,0,0,0,0,,,,,,,,,#88BA3F,1398.1876730918884,True,l,hit,633.1298351287842,857.0675849914551,text_08,145,9,2back_dual_main_click,2,der,65,65,130,120,inf,,,,,,,,,,,25,01,yes,no,no,2025-08-21_10h55.23.375,EXNAT_4_TMS_Psychopy2024.2.5.psyexp,2024.2.5,2025-08-21 10h57.41.138804 +0200,
0,0,0,0,0,0,0,,,,,,,,,#F989A2,1399.0990839004517,True,l,hit,1801.806926727295,2073.688507080078,text_08,146,9,2back_dual_main_click,2,Wüste,65,66,131,120,inf,1400.192288160324,,,,,,,,,,25,01,yes,no,no,2025-08-21_10h55.23.375,EXNAT_4_TMS_Psychopy2024.2.5.psyexp,2024.2.5,2025-08-21 10h57.41.138804 +0200,
0,0,0,0,0,0,0,,,,,,,,,#88BA3F,1401.2246992588043,True,l,hit,812.171220779419,1036.0639095306396,text_08,147,9,2back_dual_main_click,2,eine,65,66,131,120,inf,,,,,,,,,,,25,01,yes,no,no,2025-08-21_10h55.23.375,EXNAT_4_TMS_Psychopy2024.2.5.psyexp,2024.2.5,2025-08-21 10h57.41.138804 +0200,
0,0,0,0,0,0,0,,,,,,,,,#D292F3,1402.3164291381836,False,space,correct rejection,None,1128.3810138702393,text_08,148,9,2back_dual_main_click,2,blühende,65,66,131,120,inf,,,,,,,,,,,25,01,yes,no,no,2025-08-21_10h55.23.375,EXNAT_4_TMS_Psychopy2024.2.5.psyexp,2024.2.5,2025-08-21 10h57.41.138804 +0200,
0,0,0,0,0,0,0,,,,,,,,,#2AB7EF,1403.4991855621338,False,space,correct rejection,None,1401.4976024627686,text_08,149,9,2back_dual_main_click,2,Stadt,65,66,131,120,inf,,,,,,,,,,,25,01,yes,no,no,2025-08-21_10h55.23.375,EXNAT_4_TMS_Psychopy2024.2.5.psyexp,2024.2.5,2025-08-21 10h57.41.138804 +0200,
0,0,0,0,0,0,0,,,,,,,,,#F989A2,1404.9571073055267,False,space,correct rejection,None,1271.7149257659912,text_08,150,9,2back_dual_main_click,2,erschuf.,66,66,132,120,inf,1405.192306280136,,,,,,,,,,25,01,yes,no,no,2025-08-21_10h55.23.375,EXNAT_4_TMS_Psychopy2024.2.5.psyexp,2024.2.5,2025-08-21 10h57.41.138804 +0200,
0,0,0,0,0,0,0,,,,,,,,,,1406.280250787735,,2,,,,text_08,,9,2back_dual_main_click,,,,,,,,,Q1,b,True,,,,,,,25,01,yes,no,no,2025-08-21_10h55.23.375,EXNAT_4_TMS_Psychopy2024.2.5.psyexp,2024.2.5,2025-08-21 10h57.41.138804 +0200,
0,0,0,0,0,0,0,,,,,,,,,,1409.6143281459808,,1,,,,text_08,,9,2back_dual_main_click,,,,,,,,,Q2,a,True,,,,,,,25,01,yes,no,no,2025-08-21_10h55.23.375,EXNAT_4_TMS_Psychopy2024.2.5.psyexp,2024.2.5,2025-08-21 10h57.41.138804 +0200,
0,0,0,0,0,0,0,,,,,,,,,,1412.375074148178,,4,,,,text_08,,9,2back_dual_main_click,,,,,,,,,Q3,d,True,,,,,,,25,01,yes,no,no,2025-08-21_10h55.23.375,EXNAT_4_TMS_Psychopy2024.2.5.psyexp,2024.2.5,2025-08-21 10h57.41.138804 +0200,
0,0,0,0,0,0,0,,,,,,,,,,,,,,,,,,,,,,,,,,,,,,,1419.057562828064,1419.0575821399689,,,,,25,01,yes,no,no,2025-08-21_10h55.23.375,EXNAT_4_TMS_Psychopy2024.2.5.psyexp,2024.2.5,2025-08-21 10h57.41.138804 +0200,
1,0,1,1,0,1,0,,,,,1419.086523771286,,,,,,,,,,,,,,,,,,,,,,,,,,1419.0580027103424,1419.0581424236298,,,,,25,01,yes,no,no,2025-08-21_10h55.23.375,EXNAT_4_TMS_Psychopy2024.2.5.psyexp,2024.2.5,2025-08-21 10h57.41.138804 +0200,
2,0,2,2,0,2,0,,,,,1419.086523771286,,,,,,,,,,,,,,,,,,,,,,,,,,1419.0584540367126,1419.0585205554962,,,,,25,01,yes,no,no,2025-08-21_10h55.23.375,EXNAT_4_TMS_Psychopy2024.2.5.psyexp,2024.2.5,2025-08-21 10h57.41.138804 +0200,
3,0,3,3,0,3,0,,,,,1419.086523771286,,,,,,,,,,,,,,,,,,,,,,,,,,1419.0588314533234,1419.0588920116425,,,,,25,01,yes,no,no,2025-08-21_10h55.23.375,EXNAT_4_TMS_Psychopy2024.2.5.psyexp,2024.2.5,2025-08-21 10h57.41.138804 +0200,
4,0,4,4,0,4,0,,,,,1419.086523771286,,,,,,,,,,,,,,,,,,,,,,,,,,1419.059194803238,1419.0592546463013,,,,,25,01,yes,no,no,2025-08-21_10h55.23.375,EXNAT_4_TMS_Psychopy2024.2.5.psyexp,2024.2.5,2025-08-21 10h57.41.138804 +0200,
0,0,0,,,,,0,0,0,0,1419.086523771286,,,,#2AB7EF,1429.7846286296844,False,space,correct rejection,None,1068.2642459869385,,1,10,2back_single_main_click,2,,1,0,1,24,12,1429.8403646945953,,,,,,,,,,25,01,yes,no,no,2025-08-21_10h55.23.375,EXNAT_4_TMS_Psychopy2024.2.5.psyexp,2024.2.5,2025-08-21 10h57.41.138804 +0200,
0,0,0,,,,,0,0,0,0,,,,,#88BA3F,1431.0667424201965,False,space,correct rejection,None,634.1774463653564,,2,10,2back_single_main_click,2,,1,0,1,24,12,,,,,,,,,,,25,01,yes,no,no,2025-08-21_10h55.23.375,EXNAT_4_TMS_Psychopy2024.2.5.psyexp,2024.2.5,2025-08-21 10h57.41.138804 +0200,
0,0,0,,,,,0,0,0,0,,,,,#F989A2,1431.9162092208862,False,space,correct rejection,None,808.7713718414307,,3,10,2back_single_main_click,2,,1,0,1,24,12,,,,,,,,,,,25,01,yes,no,no,2025-08-21_10h55.23.375,EXNAT_4_TMS_Psychopy2024.2.5.psyexp,2024.2.5,2025-08-21 10h57.41.138804 +0200,
0,0,0,,,,,0,0,0,0,,,,,#F989A2,1432.9415547847748,False,l,false alarm,631.4291954040527,1015.326738357544,,4,10,2back_single_main_click,2,,1,0,1,24,12,,,,,,,,,,,25,01,yes,no,no,2025-08-21_10h55.23.375,EXNAT_4_TMS_Psychopy2024.2.5.psyexp,2024.2.5,2025-08-21 10h57.41.138804 +0200,
0,0,0,,,,,0,0,0,0,,,,,#D292F3,1434.1736555099487,False,space,correct rejection,None,679.4352531433105,,5,10,2back_single_main_click,2,,2,0,2,24,12,1434.8403527736664,,,,,,,,,,25,01,yes,no,no,2025-08-21_10h55.23.375,EXNAT_4_TMS_Psychopy2024.2.5.psyexp,2024.2.5,2025-08-21 10h57.41.138804 +0200,
0,0,0,,,,,0,0,0,0,,,,,#2AB7EF,1435.0769515037537,False,space,correct rejection,None,944.0000057220459,,6,10,2back_single_main_click,2,,2,0,2,24,12,,,,,,,,,,,25,01,yes,no,no,2025-08-21_10h55.23.375,EXNAT_4_TMS_Psychopy2024.2.5.psyexp,2024.2.5,2025-08-21 10h57.41.138804 +0200,
0,0,0,,,,,0,0,0,0,,,,,#88BA3F,1436.2445192337036,False,space,correct rejection,None,864.4073009490967,,7,10,2back_single_main_click,2,,2,0,2,24,12,,,,,,,,,,,25,01,yes,no,no,2025-08-21_10h55.23.375,EXNAT_4_TMS_Psychopy2024.2.5.psyexp,2024.2.5,2025-08-21 10h57.41.138804 +0200,
0,0,0,,,,,0,0,0,0,,,,,#D292F3,1437.3328247070312,False,space,correct rejection,None,1008.1539154052734,,8,10,2back_single_main_click,2,,2,0,2,24,12,,,,,,,,,,,25,01,yes,no,no,2025-08-21_10h55.23.375,EXNAT_4_TMS_Psychopy2024.2.5.psyexp,2024.2.5,2025-08-21 10h57.41.138804 +0200,
0,0,0,,,,,0,0,0,0,,,,,#88BA3F,1438.5646891593933,True,l,hit,688.237190246582,1024.052619934082,,9,10,2back_single_main_click,2,,2,0,2,24,12,,,,,,,,,,,25,01,yes,no,no,2025-08-21_10h55.23.375,EXNAT_4_TMS_Psychopy2024.2.5.psyexp,2024.2.5,2025-08-21 10h57.41.138804 +0200,
0,0,0,,,,,0,0,0,0,,,,,#2AB7EF,1439.8118195533752,False,space,correct rejection,None,1520.989179611206,,10,10,2back_single_main_click,2,,2,0,2,24,12,,,,,,,,,,,25,01,yes,no,no,2025-08-21_10h55.23.375,EXNAT_4_TMS_Psychopy2024.2.5.psyexp,2024.2.5,2025-08-21 10h57.41.138804 +0200,
0,0,0,,,,,0,0,0,0,,,,,#D292F3,1441.556797027588,False,space,correct rejection,None,1008.0831050872803,,11,10,2back_single_main_click,2,,2,0,2,24,12,,,,,,,,,,,25,01,yes,no,no,2025-08-21_10h55.23.375,EXNAT_4_TMS_Psychopy2024.2.5.psyexp,2024.2.5,2025-08-21 10h57.41.138804 +0200,
0,0,0,,,,,0,0,0,0,,,,,#F989A2,1442.7899746894836,False,space,correct rejection,None,1150.984764099121,,12,10,2back_single_main_click,2,,2,0,2,24,12,,,,,,,,,,,25,01,yes,no,no,2025-08-21_10h55.23.375,EXNAT_4_TMS_Psychopy2024.2.5.psyexp,2024.2.5,2025-08-21 10h57.41.138804 +0200,
0,0,0,,,,,0,0,0,0,,,,,#88BA3F,1444.164624929428,False,space,correct rejection,None,1696.3605880737305,,13,10,2back_single_main_click,2,,2,0,2,24,12,,,,,,,,,,,25,01,yes,no,no,2025-08-21_10h55.23.375,EXNAT_4_TMS_Psychopy2024.2.5.psyexp,2024.2.5,2025-08-21 10h57.41.138804 +0200,
0,0,0,,,,,0,0,0,0,,,,,#F989A2,1446.084994316101,True,space,miss,None,784.0173244476318,,14,10,2back_single_main_click,2,,2,1,3,24,12,1446.141134262085,,,,,,,,,,25,01,yes,no,no,2025-08-21_10h55.23.375,EXNAT_4_TMS_Psychopy2024.2.5.psyexp,2024.2.5,2025-08-21 10h57.41.138804 +0200,
0,0,0,,,,,0,0,0,0,,,,,#F989A2,1447.0927424430847,False,space,correct rejection,None,1088.2773399353027,,15,10,2back_single_main_click,2,,2,1,3,24,12,,,,,,,,,,,25,01,yes,no,no,2025-08-21_10h55.23.375,EXNAT_4_TMS_Psychopy2024.2.5.psyexp,2024.2.5,2025-08-21 10h57.41.138804 +0200,
0,0,0,,,,,0,0,0,0,,,,,#2AB7EF,1448.40447640419,False,space,correct rejection,None,1744.5309162139893,,16,10,2back_single_main_click,2,,2,1,3,24,12,,,,,,,,,,,25,01,yes,no,no,2025-08-21_10h55.23.375,EXNAT_4_TMS_Psychopy2024.2.5.psyexp,2024.2.5,2025-08-21 10h57.41.138804 +0200,
0,0,0,,,,,0,0,0,0,,,,,#D292F3,1450.372710943222,False,space,correct rejection,None,800.1432418823242,,17,10,2back_single_main_click,2,,3,1,4,24,12,1451.141016960144,,,,,,,,,,25,01,yes,no,no,2025-08-21_10h55.23.375,EXNAT_4_TMS_Psychopy2024.2.5.psyexp,2024.2.5,2025-08-21 10h57.41.138804 +0200,
0,0,0,,,,,0,0,0,0,,,,,#D292F3,1451.3969948291779,False,space,correct rejection,None,1023.9577293395996,,18,10,2back_single_main_click,2,,3,1,4,24,12,,,,,,,,,,,25,01,yes,no,no,2025-08-21_10h55.23.375,EXNAT_4_TMS_Psychopy2024.2.5.psyexp,2024.2.5,2025-08-21 10h57.41.138804 +0200,
0,0,0,,,,,0,0,0,0,,,,,#2AB7EF,1452.644587278366,False,space,correct rejection,None,1088.348150253296,,19,10,2back_single_main_click,2,,3,1,4,24,12,,,,,,,,,,,25,01,yes,no,no,2025-08-21_10h55.23.375,EXNAT_4_TMS_Psychopy2024.2.5.psyexp,2024.2.5,2025-08-21 10h57.41.138804 +0200,
0,0,0,,,,,0,0,0,0,,,,,#88BA3F,1453.9577765464783,False,space,correct rejection,None,910.9160900115967,,20,10,2back_single_main_click,2,,3,1,4,24,12,,,,,,,,,,,25,01,yes,no,no,2025-08-21_10h55.23.375,EXNAT_4_TMS_Psychopy2024.2.5.psyexp,2024.2.5,2025-08-21 10h57.41.138804 +0200,
0,0,0,,,,,0,0,0,0,,,,,#F989A2,1455.092180967331,False,space,correct rejection,None,1456.6161632537842,,21,10,2back_single_main_click,2,,3,1,4,24,12,,,,,,,,,,,25,01,yes,no,no,2025-08-21_10h55.23.375,EXNAT_4_TMS_Psychopy2024.2.5.psyexp,2024.2.5,2025-08-21 10h57.41.138804 +0200,
0,0,0,,,,,0,0,0,0,,,,,#88BA3F,1456.7720620632172,True,space,miss,None,1520.843505859375,,22,10,2back_single_main_click,2,,3,2,5,24,12,1456.8338549137115,,,,,,,,,,25,01,yes,no,no,2025-08-21_10h55.23.375,EXNAT_4_TMS_Psychopy2024.2.5.psyexp,2024.2.5,2025-08-21 10h57.41.138804 +0200,
0,0,0,,,,,0,0,0,0,,,,,#2AB7EF,1458.5165293216705,False,space,correct rejection,None,1840.2745723724365,,23,10,2back_single_main_click,2,,3,2,5,24,12,,,,,,,,,,,25,01,yes,no,no,2025-08-21_10h55.23.375,EXNAT_4_TMS_Psychopy2024.2.5.psyexp,2024.2.5,2025-08-21 10h57.41.138804 +0200,
0,0,0,,,,,0,0,0,0,,,,,#D292F3,1460.580359697342,False,space,correct rejection,None,1312.5419616699219,,24,10,2back_single_main_click,2,,4,2,6,24,12,1461.8337168693542,,,,,,,,,,25,01,yes,no,no,2025-08-21_10h55.23.375,EXNAT_4_TMS_Psychopy2024.2.5.psyexp,2024.2.5,2025-08-21 10h57.41.138804 +0200,
0,0,0,,,,,0,0,0,0,,,,,#F989A2,1462.1164765357971,False,space,correct rejection,None,1392.336368560791,,25,10,2back_single_main_click,2,,4,2,6,24,12,,,,,,,,,,,25,01,yes,no,no,2025-08-21_10h55.23.375,EXNAT_4_TMS_Psychopy2024.2.5.psyexp,2024.2.5,2025-08-21 10h57.41.138804 +0200,
0,0,0,,,,,0,0,0,0,,,,,#F989A2,1463.7328913211823,False,space,correct rejection,None,1279.9708843231201,,26,10,2back_single_main_click,2,,4,2,6,24,12,,,,,,,,,,,25,01,yes,no,no,2025-08-21_10h55.23.375,EXNAT_4_TMS_Psychopy2024.2.5.psyexp,2024.2.5,2025-08-21 10h57.41.138804 +0200,
0,0,0,,,,,0,0,0,0,,,,,#F989A2,1465.2364995479584,True,l,hit,1120.3827857971191,1376.2061595916748,,27,10,2back_single_main_click,2,,4,2,6,24,12,,,,,,,,,,,25,01,yes,no,no,2025-08-21_10h55.23.375,EXNAT_4_TMS_Psychopy2024.2.5.psyexp,2024.2.5,2025-08-21 10h57.41.138804 +0200,
0,0,0,,,,,0,0,0,0,,,,,#2AB7EF,1466.8360228538513,False,space,correct rejection,None,2160.8455181121826,,28,10,2back_single_main_click,2,,4,2,6,24,12,,,,,,,,,,,25,01,yes,no,no,2025-08-21_10h55.23.375,EXNAT_4_TMS_Psychopy2024.2.5.psyexp,2024.2.5,2025-08-21 10h57.41.138804 +0200,
0,0,0,,,,,0,0,0,0,,,,,#88BA3F,1469.2208890914917,False,space,correct rejection,None,1055.981159210205,,29,10,2back_single_main_click,2,,4,2,6,24,12,,,,,,,,,,,25,01,yes,no,no,2025-08-21_10h55.23.375,EXNAT_4_TMS_Psychopy2024.2.5.psyexp,2024.2.5,2025-08-21 10h57.41.138804 +0200,
0,0,0,,,,,0,0,0,0,,,,,#2AB7EF,1470.5005903244019,True,space,miss,None,864.1111850738525,,30,10,2back_single_main_click,2,,4,3,7,24,12,1470.5565135478973,,,,,,,,,,25,01,yes,no,no,2025-08-21_10h55.23.375,EXNAT_4_TMS_Psychopy2024.2.5.psyexp,2024.2.5,2025-08-21 10h57.41.138804 +0200,
0,0,0,,,,,0,0,0,0,,,,,#88BA3F,1471.5888016223907,True,l,hit,800.0421524047852,1167.964220046997,,31,10,2back_single_main_click,2,,4,3,7,24,12,,,,,,,,,,,25,01,yes,no,no,2025-08-21_10h55.23.375,EXNAT_4_TMS_Psychopy2024.2.5.psyexp,2024.2.5,2025-08-21 10h57.41.138804 +0200,
0,0,0,,,,,0,0,0,0,,,,,#D292F3,1472.9802281856537,False,space,correct rejection,None,1104.7298908233643,,32,10,2back_single_main_click,2,,4,3,7,24,12,,,,,,,,,,,25,01,yes,no,no,2025-08-21_10h55.23.375,EXNAT_4_TMS_Psychopy2024.2.5.psyexp,2024.2.5,2025-08-21 10h57.41.138804 +0200,
0,0,0,,,,,0,0,0,0,,,,,#2AB7EF,1474.3086969852448,False,space,correct rejection,None,1040.1833057403564,,33,10,2back_single_main_click,2,,4,3,7,24,12,,,,,,,,,,,25,01,yes,no,no,2025-08-21_10h55.23.375,EXNAT_4_TMS_Psychopy2024.2.5.psyexp,2024.2.5,2025-08-21 10h57.41.138804 +0200,
0,0,0,,,,,0,0,0,0,,,,,#2AB7EF,1475.572675228119,False,space,correct rejection,None,880.2192211151123,,34,10,2back_single_main_click,2,,5,3,8,24,12,1475.62717294693,,,,,,,,,,25,01,yes,no,no,2025-08-21_10h55.23.375,EXNAT_4_TMS_Psychopy2024.2.5.psyexp,2024.2.5,2025-08-21 10h57.41.138804 +0200,
0,0,0,,,,,0,0,0,0,,,,,#D292F3,1476.67653799057,False,space,correct rejection,None,1136.3918781280518,,35,10,2back_single_main_click,2,,5,3,8,24,12,,,,,,,,,,,25,01,yes,no,no,2025-08-21_10h55.23.375,EXNAT_4_TMS_Psychopy2024.2.5.psyexp,2024.2.5,2025-08-21 10h57.41.138804 +0200,
0,0,0,,,,,0,0,0,0,,,,,#88BA3F,1478.0367486476898,False,space,correct rejection,None,879.9383640289307,,36,10,2back_single_main_click,2,,5,3,8,24,12,,,,,,,,,,,25,01,yes,no,no,2025-08-21_10h55.23.375,EXNAT_4_TMS_Psychopy2024.2.5.psyexp,2024.2.5,2025-08-21 10h57.41.138804 +0200,
0,0,0,,,,,0,0,0,0,,,,,#F989A2,1479.139951467514,False,space,correct rejection,None,960.9582424163818,,37,10,2back_single_main_click,2,,5,3,8,24,12,,,,,,,,,,,25,01,yes,no,no,2025-08-21_10h55.23.375,EXNAT_4_TMS_Psychopy2024.2.5.psyexp,2024.2.5,2025-08-21 10h57.41.138804 +0200,
0,0,0,,,,,0,0,0,0,,,,,#D292F3,1480.3250923156738,False,space,correct rejection,None,1599.8046398162842,,38,10,2back_single_main_click,2,,5,3,8,24,12,,,,,,,,,,,25,01,yes,no,no,2025-08-21_10h55.23.375,EXNAT_4_TMS_Psychopy2024.2.5.psyexp,2024.2.5,2025-08-21 10h57.41.138804 +0200,
0,0,0,,,,,0,0,0,0,,,,,#D292F3,1482.1488189697266,False,space,correct rejection,None,3968.047618865967,,39,10,2back_single_main_click,2,,5,3,8,24,12,,,,,,,,,,,25,01,yes,no,no,2025-08-21_10h55.23.375,EXNAT_4_TMS_Psychopy2024.2.5.psyexp,2024.2.5,2025-08-21 10h57.41.138804 +0200,
0,0,0,,,,,0,0,0,0,,,,,#F989A2,1486.3406038284302,False,space,correct rejection,None,1744.2693710327148,,40,10,2back_single_main_click,2,,5,3,8,24,12,,,,,,,,,,,25,01,yes,no,no,2025-08-21_10h55.23.375,EXNAT_4_TMS_Psychopy2024.2.5.psyexp,2024.2.5,2025-08-21 10h57.41.138804 +0200,
0,0,0,,,,,0,0,0,0,,,,,#88BA3F,1488.3088748455048,False,space,correct rejection,None,655.9898853302002,,41,10,2back_single_main_click,2,,5,3,8,24,12,,,,,,,,,,,25,01,yes,no,no,2025-08-21_10h55.23.375,EXNAT_4_TMS_Psychopy2024.2.5.psyexp,2024.2.5,2025-08-21 10h57.41.138804 +0200,
0,0,0,,,,,0,0,0,0,,,,,#F989A2,1489.1887176036835,True,space,miss,None,720.2527523040771,,42,10,2back_single_main_click,2,,5,4,9,24,12,1489.2498869895935,,,,,,,,,,25,01,yes,no,no,2025-08-21_10h55.23.375,EXNAT_4_TMS_Psychopy2024.2.5.psyexp,2024.2.5,2025-08-21 10h57.41.138804 +0200,
0,0,0,,,,,0,0,0,0,,,,,#88BA3F,1490.1325614452362,True,l,hit,432.28864669799805,768.1441307067871,,43,10,2back_single_main_click,2,,5,4,9,24,12,,,,,,,,,,,25,01,yes,no,no,2025-08-21_10h55.23.375,EXNAT_4_TMS_Psychopy2024.2.5.psyexp,2024.2.5,2025-08-21 10h57.41.138804 +0200,
0,0,0,,,,,0,0,0,0,,,,,#2AB7EF,1491.1242170333862,False,space,correct rejection,None,1168.663501739502,,44,10,2back_single_main_click,2,,5,4,9,24,12,,,,,,,,,,,25,01,yes,no,no,2025-08-21_10h55.23.375,EXNAT_4_TMS_Psychopy2024.2.5.psyexp,2024.2.5,2025-08-21 10h57.41.138804 +0200,
0,0,0,,,,,0,0,0,0,,,,,#2AB7EF,1492.5165333747864,False,space,correct rejection,None,1104.2723655700684,,45,10,2back_single_main_click,2,,5,4,9,24,12,,,,,,,,,,,25,01,yes,no,no,2025-08-21_10h55.23.375,EXNAT_4_TMS_Psychopy2024.2.5.psyexp,2024.2.5,2025-08-21 10h57.41.138804 +0200,
0,0,0,,,,,0,0,0,0,,,,,#2AB7EF,1493.8445270061493,True,l,hit,864.2716407775879,1104.1746139526367,,46,10,2back_single_main_click,2,,5,5,10,24,12,1494.250004529953,,,,,,,,,,25,01,yes,no,no,2025-08-21_10h55.23.375,EXNAT_4_TMS_Psychopy2024.2.5.psyexp,2024.2.5,2025-08-21 10h57.41.138804 +0200,
0,0,0,,,,,0,0,0,0,,,,,#D292F3,1495.1718409061432,False,space,correct rejection,None,880.9845447540283,,47,10,2back_single_main_click,2,,5,5,10,24,12,,,,,,,,,,,25,01,yes,no,no,2025-08-21_10h55.23.375,EXNAT_4_TMS_Psychopy2024.2.5.psyexp,2024.2.5,2025-08-21 10h57.41.138804 +0200,
0,0,0,,,,,0,0,0,0,,,,,#88BA3F,1496.276947259903,False,space,correct rejection,None,1311.9723796844482,,48,10,2back_single_main_click,2,,5,5,10,24,12,,,,,,,,,,,25,01,yes,no,no,2025-08-21_10h55.23.375,EXNAT_4_TMS_Psychopy2024.2.5.psyexp,2024.2.5,2025-08-21 10h57.41.138804 +0200,
0,0,0,,,,,0,0,0,0,,,,,#2AB7EF,1497.8124814033508,False,space,correct rejection,None,1024.467945098877,,49,10,2back_single_main_click,2,,5,5,10,24,12,,,,,,,,,,,25,01,yes,no,no,2025-08-21_10h55.23.375,EXNAT_4_TMS_Psychopy2024.2.5.psyexp,2024.2.5,2025-08-21 10h57.41.138804 +0200,
0,0,0,,,,,0,0,0,0,,,,,#F989A2,1499.0610332489014,False,space,correct rejection,None,1631.8995952606201,,50,10,2back_single_main_click,2,,6,5,11,24,12,1499.249879360199,,,,,,,,,,25,01,yes,no,no,2025-08-21_10h55.23.375,EXNAT_4_TMS_Psychopy2024.2.5.psyexp,2024.2.5,2025-08-21 10h57.41.138804 +0200,
0,0,0,,,,,0,0,0,0,,,,,#D292F3,1500.9164373874664,False,space,correct rejection,None,976.4444828033447,,51,10,2back_single_main_click,2,,6,5,11,24,12,,,,,,,,,,,25,01,yes,no,no,2025-08-21_10h55.23.375,EXNAT_4_TMS_Psychopy2024.2.5.psyexp,2024.2.5,2025-08-21 10h57.41.138804 +0200,
0,0,0,,,,,0,0,0,0,,,,,#F989A2,1502.1176626682281,True,l,hit,975.1899242401123,1263.0565166473389,,52,10,2back_single_main_click,2,,6,5,11,24,12,,,,,,,,,,,25,01,yes,no,no,2025-08-21_10h55.23.375,EXNAT_4_TMS_Psychopy2024.2.5.psyexp,2024.2.5,2025-08-21 10h57.41.138804 +0200,
0,0,0,,,,,0,0,0,0,,,,,#F989A2,1503.604632616043,False,space,correct rejection,None,960.3462219238281,,53,10,2back_single_main_click,2,,7,5,12,24,12,1504.2498865127563,,,,,,,,,,25,01,yes,no,no,2025-08-21_10h55.23.375,EXNAT_4_TMS_Psychopy2024.2.5.psyexp,2024.2.5,2025-08-21 10h57.41.138804 +0200,
0,0,0,,,,,0,0,0,0,,,,,#D292F3,1504.788754940033,False,space,correct rejection,None,1088.1648063659668,,54,10,2back_single_main_click,2,,7,5,12,24,12,,,,,,,,,,,25,01,yes,no,no,2025-08-21_10h55.23.375,EXNAT_4_TMS_Psychopy2024.2.5.psyexp,2024.2.5,2025-08-21 10h57.41.138804 +0200,
0,0,0,,,,,0,0,0,0,,,,,#88BA3F,1506.1007452011108,False,space,correct rejection,None,1120.2259063720703,,55,10,2back_single_main_click,2,,7,5,12,24,12,,,,,,,,,,,25,01,yes,no,no,2025-08-21_10h55.23.375,EXNAT_4_TMS_Psychopy2024.2.5.psyexp,2024.2.5,2025-08-21 10h57.41.138804 +0200,
0,0,0,,,,,0,0,0,0,,,,,#2AB7EF,1507.4461402893066,False,space,correct rejection,None,830.6453227996826,,56,10,2back_single_main_click,2,,7,5,12,24,12,,,,,,,,,,,25,01,yes,no,no,2025-08-21_10h55.23.375,EXNAT_4_TMS_Psychopy2024.2.5.psyexp,2024.2.5,2025-08-21 10h57.41.138804 +0200,
0,0,0,,,,,0,0,0,0,,,,,#88BA3F,1508.5014946460724,True,l,hit,671.3201999664307,927.182674407959,,57,10,2back_single_main_click,2,,7,6,13,24,12,1509.250032901764,,,,,,,,,,25,01,yes,no,no,2025-08-21_10h55.23.375,EXNAT_4_TMS_Psychopy2024.2.5.psyexp,2024.2.5,2025-08-21 10h57.41.138804 +0200,
0,0,0,,,,,0,0,0,0,,,,,#2AB7EF,1509.6515228748322,True,l,hit,977.2968292236328,1233.1576347351074,,58,10,2back_single_main_click,2,,7,6,13,24,12,,,,,,,,,,,25,01,yes,no,no,2025-08-21_10h55.23.375,EXNAT_4_TMS_Psychopy2024.2.5.psyexp,2024.2.5,2025-08-21 10h57.41.138804 +0200,
0,0,0,,,,,0,0,0,0,,,,,#D292F3,1511.1074740886688,False,space,correct rejection,None,993.4201240539551,,59,10,2back_single_main_click,2,,7,6,13,24,12,,,,,,,,,,,25,01,yes,no,no,2025-08-21_10h55.23.375,EXNAT_4_TMS_Psychopy2024.2.5.psyexp,2024.2.5,2025-08-21 10h57.41.138804 +0200,
0,0,0,,,,,0,0,0,0,,,,,#88BA3F,1512.3245062828064,False,space,correct rejection,None,1824.354648590088,,60,10,2back_single_main_click,2,,7,6,13,24,12,,,,,,,,,,,25,01,yes,no,no,2025-08-21_10h55.23.375,EXNAT_4_TMS_Psychopy2024.2.5.psyexp,2024.2.5,2025-08-21 10h57.41.138804 +0200,
0,0,0,,,,,0,0,0,0,,,,,#F989A2,1518.6609694957733,False,space,correct rejection,None,1023.8678455352783,,1,11,2back_single_main_click,2,,8,6,14,24,12,1518.7135996818542,,,,,,,,,,25,01,yes,no,no,2025-08-21_10h55.23.375,EXNAT_4_TMS_Psychopy2024.2.5.psyexp,2024.2.5,2025-08-21 10h57.41.138804 +0200,
0,0,0,,,,,0,0,0,0,,,,,#2AB7EF,1519.8989868164062,False,space,correct rejection,None,1433.8576793670654,,2,11,2back_single_main_click,2,,8,6,14,24,12,,,,,,,,,,,25,01,yes,no,no,2025-08-21_10h55.23.375,EXNAT_4_TMS_Psychopy2024.2.5.psyexp,2024.2.5,2025-08-21 10h57.41.138804 +0200,
0,0,0,,,,,0,0,0,0,,,,,#88BA3F,1521.54975771904,False,space,correct rejection,None,807.1255683898926,,3,11,2back_single_main_click,2,,8,6,14,24,12,,,,,,,,,,,25,01,yes,no,no,2025-08-21_10h55.23.375,EXNAT_4_TMS_Psychopy2024.2.5.psyexp,2024.2.5,2025-08-21 10h57.41.138804 +0200,
0,0,0,,,,,0,0,0,0,,,,,#D292F3,1522.5803003311157,False,space,correct rejection,None,2048.529863357544,,4,11,2back_single_main_click,2,,8,6,14,24,12,,,,,,,,,,,25,01,yes,no,no,2025-08-21_10h55.23.375,EXNAT_4_TMS_Psychopy2024.2.5.psyexp,2024.2.5,2025-08-21 10h57.41.138804 +0200,
0,0,0,,,,,0,0,0,0,,,,,#D292F3,1524.8521566390991,False,space,correct rejection,None,768.7132358551025,,5,11,2back_single_main_click,2,,8,6,14,24,12,,,,,,,,,,,25,01,yes,no,no,2025-08-21_10h55.23.375,EXNAT_4_TMS_Psychopy2024.2.5.psyexp,2024.2.5,2025-08-21 10h57.41.138804 +0200,
0,0,0,,,,,0,0,0,0,,,,,#2AB7EF,1525.8450992107391,False,space,correct rejection,None,799.7677326202393,,6,11,2back_single_main_click,2,,8,6,14,24,12,,,,,,,,,,,25,01,yes,no,no,2025-08-21_10h55.23.375,EXNAT_4_TMS_Psychopy2024.2.5.psyexp,2024.2.5,2025-08-21 10h57.41.138804 +0200,
0,0,0,,,,,0,0,0,0,,,,,#D292F3,1526.86913895607,True,space,miss,None,1263.73291015625,,7,11,2back_single_main_click,2,,8,7,15,24,12,1526.9283285140991,,,,,,,,,,25,01,yes,no,no,2025-08-21_10h55.23.375,EXNAT_4_TMS_Psychopy2024.2.5.psyexp,2024.2.5,2025-08-21 10h57.41.138804 +0200,
0,0,0,,,,,0,0,0,0,,,,,#88BA3F,1528.356896162033,False,space,correct rejection,None,800.011157989502,,8,11,2back_single_main_click,2,,8,7,15,24,12,,,,,,,,,,,25,01,yes,no,no,2025-08-21_10h55.23.375,EXNAT_4_TMS_Psychopy2024.2.5.psyexp,2024.2.5,2025-08-21 10h57.41.138804 +0200,
0,0,0,,,,,0,0,0,0,,,,,#F989A2,1529.3806321620941,False,space,correct rejection,None,1280.118465423584,,9,11,2back_single_main_click,2,,8,7,15,24,12,,,,,,,,,,,25,01,yes,no,no,2025-08-21_10h55.23.375,EXNAT_4_TMS_Psychopy2024.2.5.psyexp,2024.2.5,2025-08-21 10h57.41.138804 +0200,
0,0,0,,,,,0,0,0,0,,,,,#F989A2,1530.8844809532166,False,space,correct rejection,None,928.3750057220459,,10,11,2back_single_main_click,2,,8,7,15,24,12,,,,,,,,,,,25,01,yes,no,no,2025-08-21_10h55.23.375,EXNAT_4_TMS_Psychopy2024.2.5.psyexp,2024.2.5,2025-08-21 10h57.41.138804 +0200,
0,0,0,,,,,0,0,0,0,,,,,#2AB7EF,1532.0361359119415,False,space,correct rejection,None,720.7505702972412,,11,11,2back_single_main_click,2,,9,7,16,24,12,1532.0913212299347,,,,,,,,,,25,01,yes,no,no,2025-08-21_10h55.23.375,EXNAT_4_TMS_Psychopy2024.2.5.psyexp,2024.2.5,2025-08-21 10h57.41.138804 +0200,
0,0,0,,,,,0,0,0,0,,,,,#88BA3F,1532.9803760051727,False,space,correct rejection,None,1792.5770282745361,,12,11,2back_single_main_click,2,,9,7,16,24,12,,,,,,,,,,,25,01,yes,no,no,2025-08-21_10h55.23.375,EXNAT_4_TMS_Psychopy2024.2.5.psyexp,2024.2.5,2025-08-21 10h57.41.138804 +0200,
0,0,0,,,,,0,0,0,0,,,,,#2AB7EF,1534.9978864192963,True,space,miss,None,2366.9567108154297,,13,11,2back_single_main_click,2,,9,7,16,24,12,,,,,,,,,,,25,01,yes,no,no,2025-08-21_10h55.23.375,EXNAT_4_TMS_Psychopy2024.2.5.psyexp,2024.2.5,2025-08-21 10h57.41.138804 +0200,
0,0,0,,,,,0,0,0,0,,,,,#88BA3F,1537.5888628959656,True,l,hit,783.8916778564453,991.8549060821533,,14,11,2back_single_main_click,2,,9,7,16,24,12,,,,,,,,,,,25,01,yes,no,no,2025-08-21_10h55.23.375,EXNAT_4_TMS_Psychopy2024.2.5.psyexp,2024.2.5,2025-08-21 10h57.41.138804 +0200,
0,0,0,,,,,0,0,0,0,,,,,#2AB7EF,1538.8048565387726,True,space,miss,None,863.7740612030029,,15,11,2back_single_main_click,2,,9,8,17,24,12,1538.8602285385132,,,,,,,,,,25,01,yes,no,no,2025-08-21_10h55.23.375,EXNAT_4_TMS_Psychopy2024.2.5.psyexp,2024.2.5,2025-08-21 10h57.41.138804 +0200,
0,0,0,,,,,0,0,0,0,,,,,#88BA3F,1539.8920502662659,True,l,hit,1152.5440216064453,1344.56205368042,,16,11,2back_single_main_click,2,,9,8,17,24,12,,,,,,,,,,,25,01,yes,no,no,2025-08-21_10h55.23.375,EXNAT_4_TMS_Psychopy2024.2.5.psyexp,2024.2.5,2025-08-21 10h57.41.138804 +0200,
0,0,0,,,,,0,0,0,0,,,,,#F989A2,1541.4595625400543,False,space,correct rejection,None,945.2674388885498,,17,11,2back_single_main_click,2,,9,8,17,24,12,,,,,,,,,,,25,01,yes,no,no,2025-08-21_10h55.23.375,EXNAT_4_TMS_Psychopy2024.2.5.psyexp,2024.2.5,2025-08-21 10h57.41.138804 +0200,
0,0,0,,,,,0,0,0,0,,,,,#2AB7EF,1542.6282062530518,False,space,correct rejection,None,2704.6213150024414,,18,11,2back_single_main_click,2,,10,8,18,24,12,1543.8600845336914,,,,,,,,,,25,01,yes,no,no,2025-08-21_10h55.23.375,EXNAT_4_TMS_Psychopy2024.2.5.psyexp,2024.2.5,2025-08-21 10h57.41.138804 +0200,
0,0,0,,,,,0,0,0,0,,,,,#D292F3,1545.5564873218536,False,space,correct rejection,None,1008.4247589111328,,19,11,2back_single_main_click,2,,10,8,18,24,12,,,,,,,,,,,25,01,yes,no,no,2025-08-21_10h55.23.375,EXNAT_4_TMS_Psychopy2024.2.5.psyexp,2024.2.5,2025-08-21 10h57.41.138804 +0200,
0,0,0,,,,,0,0,0,0,,,,,#D292F3,1546.7883577346802,False,space,correct rejection,None,880.5654048919678,,20,11,2back_single_main_click,2,,10,8,18,24,12,,,,,,,,,,,25,01,yes,no,no,2025-08-21_10h55.23.375,EXNAT_4_TMS_Psychopy2024.2.5.psyexp,2024.2.5,2025-08-21 10h57.41.138804 +0200,
0,0,0,,,,,0,0,0,0,,,,,#D292F3,1547.893262386322,True,l,hit,847.7087020874023,1087.5632762908936,,21,11,2back_single_main_click,2,,10,9,19,24,12,1548.8601009845734,,,,,,,,,,25,01,yes,no,no,2025-08-21_10h55.23.375,EXNAT_4_TMS_Psychopy2024.2.5.psyexp,2024.2.5,2025-08-21 10h57.41.138804 +0200,
0,0,0,,,,,0,0,0,0,,,,,#D292F3,1549.2049987316132,True,l,hit,671.9534397125244,1055.7100772857666,,22,11,2back_single_main_click,2,,10,9,19,24,12,,,,,,,,,,,25,01,yes,no,no,2025-08-21_10h55.23.375,EXNAT_4_TMS_Psychopy2024.2.5.psyexp,2024.2.5,2025-08-21 10h57.41.138804 +0200,
0,0,0,,,,,0,0,0,0,,,,,#F989A2,1550.4842014312744,False,space,correct rejection,None,1424.687385559082,,23,11,2back_single_main_click,2,,10,9,19,24,12,,,,,,,,,,,25,01,yes,no,no,2025-08-21_10h55.23.375,EXNAT_4_TMS_Psychopy2024.2.5.psyexp,2024.2.5,2025-08-21 10h57.41.138804 +0200,
0,0,0,,,,,0,0,0,0,,,,,#F989A2,1552.1323456764221,False,space,correct rejection,None,1376.5087127685547,,24,11,2back_single_main_click,2,,10,9,19,24,12,,,,,,,,,,,25,01,yes,no,no,2025-08-21_10h55.23.375,EXNAT_4_TMS_Psychopy2024.2.5.psyexp,2024.2.5,2025-08-21 10h57.41.138804 +0200,
0,0,0,,,,,0,0,0,0,,,,,#F989A2,1553.7323100566864,True,space,miss,None,1072.5011825561523,,25,11,2back_single_main_click,2,,10,10,20,24,12,1553.8601248264313,,,,,,,,,,25,01,yes,no,no,2025-08-21_10h55.23.375,EXNAT_4_TMS_Psychopy2024.2.5.psyexp,2024.2.5,2025-08-21 10h57.41.138804 +0200,
0,0,0,,,,,0,0,0,0,,,,,#2AB7EF,1555.0277438163757,False,space,correct rejection,None,1105.1373481750488,,26,11,2back_single_main_click,2,,10,10,20,24,12,,,,,,,,,,,25,01,yes,no,no,2025-08-21_10h55.23.375,EXNAT_4_TMS_Psychopy2024.2.5.psyexp,2024.2.5,2025-08-21 10h57.41.138804 +0200,
0,0,0,,,,,0,0,0,0,,,,,#88BA3F,1556.3571016788483,False,space,correct rejection,None,831.70485496521,,27,11,2back_single_main_click,2,,10,10,20,24,12,,,,,,,,,,,25,01,yes,no,no,2025-08-21_10h55.23.375,EXNAT_4_TMS_Psychopy2024.2.5.psyexp,2024.2.5,2025-08-21 10h57.41.138804 +0200,
0,0,0,,,,,0,0,0,0,,,,,#F989A2,1557.41344165802,False,space,correct rejection,None,1327.4531364440918,,28,11,2back_single_main_click,2,,10,10,20,24,12,,,,,,,,,,,25,01,yes,no,no,2025-08-21_10h55.23.375,EXNAT_4_TMS_Psychopy2024.2.5.psyexp,2024.2.5,2025-08-21 10h57.41.138804 +0200,
0,0,0,,,,,0,0,0,0,,,,,#F989A2,1558.9653193950653,False,space,correct rejection,None,1151.2751579284668,,29,11,2back_single_main_click,2,,11,10,21,24,12,1559.0261225700378,,,,,,,,,,25,01,yes,no,no,2025-08-21_10h55.23.375,EXNAT_4_TMS_Psychopy2024.2.5.psyexp,2024.2.5,2025-08-21 10h57.41.138804 +0200,
0,0,0,,,,,0,0,0,0,,,,,#D292F3,1560.3406805992126,False,space,correct rejection,None,1200.227975845337,,30,11,2back_single_main_click,2,,11,10,21,24,12,,,,,,,,,,,25,01,yes,no,no,2025-08-21_10h55.23.375,EXNAT_4_TMS_Psychopy2024.2.5.psyexp,2024.2.5,2025-08-21 10h57.41.138804 +0200,
0,0,0,,,,,0,0,0,0,,,,,#88BA3F,1561.7653164863586,False,space,correct rejection,None,3999.4776248931885,,31,11,2back_single_main_click,2,,12,10,22,24,12,1564.0260455608368,,,,,,,,,,25,01,yes,no,no,2025-08-21_10h55.23.375,EXNAT_4_TMS_Psychopy2024.2.5.psyexp,2024.2.5,2025-08-21 10h57.41.138804 +0200,
0,0,0,,,,,0,0,0,0,,,,,#F989A2,1565.98872256279,False,space,correct rejection,None,1088.0730152130127,,32,11,2back_single_main_click,2,,12,10,22,24,12,,,,,,,,,,,25,01,yes,no,no,2025-08-21_10h55.23.375,EXNAT_4_TMS_Psychopy2024.2.5.psyexp,2024.2.5,2025-08-21 10h57.41.138804 +0200,
0,0,0,,,,,0,0,0,0,,,,,#D292F3,1567.3006353378296,False,space,correct rejection,None,976.2256145477295,,33,11,2back_single_main_click,2,,12,10,22,24,12,,,,,,,,,,,25,01,yes,no,no,2025-08-21_10h55.23.375,EXNAT_4_TMS_Psychopy2024.2.5.psyexp,2024.2.5,2025-08-21 10h57.41.138804 +0200,
0,0,0,,,,,0,0,0,0,,,,,#2AB7EF,1568.5006041526794,False,space,correct rejection,None,944.1816806793213,,34,11,2back_single_main_click,2,,12,10,22,24,12,,,,,,,,,,,25,01,yes,no,no,2025-08-21_10h55.23.375,EXNAT_4_TMS_Psychopy2024.2.5.psyexp,2024.2.5,2025-08-21 10h57.41.138804 +0200,
0,0,0,,,,,0,0,0,0,,,,,#88BA3F,1569.6686255931854,False,space,correct rejection,None,1168.1392192840576,,35,11,2back_single_main_click,2,,12,10,22,24,12,,,,,,,,,,,25,01,yes,no,no,2025-08-21_10h55.23.375,EXNAT_4_TMS_Psychopy2024.2.5.psyexp,2024.2.5,2025-08-21 10h57.41.138804 +0200,
0,0,0,,,,,0,0,0,0,,,,,#2AB7EF,1571.0601561069489,True,space,miss,None,1280.5399894714355,,36,11,2back_single_main_click,2,,12,11,23,24,12,1571.1165299415588,,,,,,,,,,25,01,yes,no,no,2025-08-21_10h55.23.375,EXNAT_4_TMS_Psychopy2024.2.5.psyexp,2024.2.5,2025-08-21 10h57.41.138804 +0200,
0,0,0,,,,,0,0,0,0,,,,,#D292F3,1572.5649240016937,False,space,correct rejection,None,1359.867811203003,,37,11,2back_single_main_click,2,,12,11,23,24,12,,,,,,,,,,,25,01,yes,no,no,2025-08-21_10h55.23.375,EXNAT_4_TMS_Psychopy2024.2.5.psyexp,2024.2.5,2025-08-21 10h57.41.138804 +0200,
0,0,0,,,,,0,0,0,0,,,,,#F989A2,1574.1485996246338,False,space,correct rejection,None,1360.184669494629,,38,11,2back_single_main_click,2,,12,11,23,24,12,,,,,,,,,,,25,01,yes,no,no,2025-08-21_10h55.23.375,EXNAT_4_TMS_Psychopy2024.2.5.psyexp,2024.2.5,2025-08-21 10h57.41.138804 +0200,
0,0,0,,,,,0,0,0,0,,,,,#F989A2,1575.7326216697693,False,space,correct rejection,None,1264.1627788543701,,39,11,2back_single_main_click,2,,12,11,23,24,12,,,,,,,,,,,25,01,yes,no,no,2025-08-21_10h55.23.375,EXNAT_4_TMS_Psychopy2024.2.5.psyexp,2024.2.5,2025-08-21 10h57.41.138804 +0200,
0,0,0,,,,,0,0,0,0,,,,,#88BA3F,1577.2206678390503,False,space,correct rejection,None,912.1310710906982,,40,11,2back_single_main_click,2,,12,11,23,24,12,,,,,,,,,,,25,01,yes,no,no,2025-08-21_10h55.23.375,EXNAT_4_TMS_Psychopy2024.2.5.psyexp,2024.2.5,2025-08-21 10h57.41.138804 +0200,
0,0,0,,,,,0,0,0,0,,,,,#2AB7EF,1578.3577749729156,False,space,correct rejection,None,3279.024124145508,,41,11,2back_single_main_click,2,,12,11,23,24,12,,,,,,,,,,,25,01,yes,no,no,2025-08-21_10h55.23.375,EXNAT_4_TMS_Psychopy2024.2.5.psyexp,2024.2.5,2025-08-21 10h57.41.138804 +0200,
0,0,0,,,,,0,0,0,0,,,,,#F989A2,1581.860608100891,False,space,correct rejection,None,1696.1743831634521,,42,11,2back_single_main_click,2,,12,11,23,24,12,,,,,,,,,,,25,01,yes,no,no,2025-08-21_10h55.23.375,EXNAT_4_TMS_Psychopy2024.2.5.psyexp,2024.2.5,2025-08-21 10h57.41.138804 +0200,
0,0,0,,,,,0,0,0,0,,,,,#D292F3,1583.7806041240692,False,space,correct rejection,None,1104.2444705963135,,43,11,2back_single_main_click,2,,12,11,23,24,12,,,,,,,,,,,25,01,yes,no,no,2025-08-21_10h55.23.375,EXNAT_4_TMS_Psychopy2024.2.5.psyexp,2024.2.5,2025-08-21 10h57.41.138804 +0200,
0,0,0,,,,,0,0,0,0,,,,,#88BA3F,1585.1085305213928,False,space,correct rejection,None,1744.3361282348633,,44,11,2back_single_main_click,2,,12,11,23,24,12,,,,,,,,,,,25,01,yes,no,no,2025-08-21_10h55.23.375,EXNAT_4_TMS_Psychopy2024.2.5.psyexp,2024.2.5,2025-08-21 10h57.41.138804 +0200,
0,0,0,,,,,0,0,0,0,,,,,#88BA3F,1587.0768284797668,False,space,correct rejection,None,847.9914665222168,,45,11,2back_single_main_click,2,,12,11,23,24,12,,,,,,,,,,,25,01,yes,no,no,2025-08-21_10h55.23.375,EXNAT_4_TMS_Psychopy2024.2.5.psyexp,2024.2.5,2025-08-21 10h57.41.138804 +0200,
0,0,0,,,,,0,0,0,0,,,,,#2AB7EF,1588.1486093997955,False,space,correct rejection,None,1584.2173099517822,,46,11,2back_single_main_click,2,,12,11,23,24,12,,,,,,,,,,,25,01,yes,no,no,2025-08-21_10h55.23.375,EXNAT_4_TMS_Psychopy2024.2.5.psyexp,2024.2.5,2025-08-21 10h57.41.138804 +0200,
0,0,0,,,,,0,0,0,0,,,,,#D292F3,1589.9561533927917,False,space,correct rejection,None,1520.6384658813477,,47,11,2back_single_main_click,2,,12,11,23,24,12,,,,,,,,,,,25,01,yes,no,no,2025-08-21_10h55.23.375,EXNAT_4_TMS_Psychopy2024.2.5.psyexp,2024.2.5,2025-08-21 10h57.41.138804 +0200,
0,0,0,,,,,0,0,0,0,,,,,#2AB7EF,1591.7010142803192,True,space,miss,None,1631.762981414795,,48,11,2back_single_main_click,2,,12,12,24,24,inf,1591.7586045265198,,,,,,,,,,25,01,yes,no,no,2025-08-21_10h55.23.375,EXNAT_4_TMS_Psychopy2024.2.5.psyexp,2024.2.5,2025-08-21 10h57.41.138804 +0200,
0,0,0,,,,,0,0,0,0,,,,,#D292F3,1593.5564908981323,True,space,miss,None,1184.328317642212,,49,11,2back_single_main_click,2,,12,12,24,24,inf,,,,,,,,,,,25,01,yes,no,no,2025-08-21_10h55.23.375,EXNAT_4_TMS_Psychopy2024.2.5.psyexp,2024.2.5,2025-08-21 10h57.41.138804 +0200,
0,0,0,,,,,0,0,0,0,,,,,#D292F3,1594.9645812511444,False,space,correct rejection,None,1040.2393341064453,,50,11,2back_single_main_click,2,,12,12,24,24,inf,,,,,,,,,,,25,01,yes,no,no,2025-08-21_10h55.23.375,EXNAT_4_TMS_Psychopy2024.2.5.psyexp,2024.2.5,2025-08-21 10h57.41.138804 +0200,
0,0,0,,,,,0,0,0,0,,,,,#F989A2,1596.2284653186798,False,space,correct rejection,None,944.390058517456,,51,11,2back_single_main_click,2,,13,12,25,24,inf,1596.7585337162018,,,,,,,,,,25,01,yes,no,no,2025-08-21_10h55.23.375,EXNAT_4_TMS_Psychopy2024.2.5.psyexp,2024.2.5,2025-08-21 10h57.41.138804 +0200,
0,0,0,,,,,0,0,0,0,,,,,#F989A2,1597.396161556244,False,space,correct rejection,None,928.645133972168,,52,11,2back_single_main_click,2,,13,12,25,24,inf,,,,,,,,,,,25,01,yes,no,no,2025-08-21_10h55.23.375,EXNAT_4_TMS_Psychopy2024.2.5.psyexp,2024.2.5,2025-08-21 10h57.41.138804 +0200,
0,0,0,,,,,0,0,0,0,,,,,#F989A2,1598.549366235733,True,l,hit,735.3930473327637,943.321943283081,,53,11,2back_single_main_click,2,,13,12,25,24,inf,,,,,,,,,,,25,01,yes,no,no,2025-08-21_10h55.23.375,EXNAT_4_TMS_Psychopy2024.2.5.psyexp,2024.2.5,2025-08-21 10h57.41.138804 +0200,
0,0,0,,,,,0,0,0,0,,,,,#2AB7EF,1599.7176260948181,False,space,correct rejection,None,1039.1764640808105,,54,11,2back_single_main_click,2,,13,12,25,24,inf,,,,,,,,,,,25,01,yes,no,no,2025-08-21_10h55.23.375,EXNAT_4_TMS_Psychopy2024.2.5.psyexp,2024.2.5,2025-08-21 10h57.41.138804 +0200,
0,0,0,,,,,0,0,0,0,,,,,#D292F3,1600.9814112186432,False,space,correct rejection,None,783.3755016326904,,55,11,2back_single_main_click,2,,14,12,26,24,inf,1601.7585327625275,,,,,,,,,,25,01,yes,no,no,2025-08-21_10h55.23.375,EXNAT_4_TMS_Psychopy2024.2.5.psyexp,2024.2.5,2025-08-21 10h57.41.138804 +0200,
0,0,0,,,,,0,0,0,0,,,,,#F989A2,1601.988140821457,False,space,correct rejection,None,1600.6317138671875,,56,11,2back_single_main_click,2,,14,12,26,24,inf,,,,,,,,,,,25,01,yes,no,no,2025-08-21_10h55.23.375,EXNAT_4_TMS_Psychopy2024.2.5.psyexp,2024.2.5,2025-08-21 10h57.41.138804 +0200,
0,0,0,,,,,0,0,0,0,,,,,#2AB7EF,1603.8114383220673,False,space,correct rejection,None,833.397626876831,,57,11,2back_single_main_click,2,,14,12,26,24,inf,,,,,,,,,,,25,01,yes,no,no,2025-08-21_10h55.23.375,EXNAT_4_TMS_Psychopy2024.2.5.psyexp,2024.2.5,2025-08-21 10h57.41.138804 +0200,
0,0,0,,,,,0,0,0,0,,,,,#2AB7EF,1604.8688869476318,False,space,correct rejection,None,1119.8842525482178,,58,11,2back_single_main_click,2,,14,12,26,24,inf,,,,,,,,,,,25,01,yes,no,no,2025-08-21_10h55.23.375,EXNAT_4_TMS_Psychopy2024.2.5.psyexp,2024.2.5,2025-08-21 10h57.41.138804 +0200,
0,0,0,,,,,0,0,0,0,,,,,#88BA3F,1606.2129645347595,False,space,correct rejection,None,1119.8220252990723,,59,11,2back_single_main_click,2,,14,12,26,24,inf,,,,,,,,,,,25,01,yes,no,no,2025-08-21_10h55.23.375,EXNAT_4_TMS_Psychopy2024.2.5.psyexp,2024.2.5,2025-08-21 10h57.41.138804 +0200,
0,0,0,,,,,0,0,0,0,,,,,#D292F3,1607.5567362308502,False,space,correct rejection,None,864.0236854553223,,60,11,2back_single_main_click,2,,14,12,26,24,inf,,,,,,,,,,,25,01,yes,no,no,2025-08-21_10h55.23.375,EXNAT_4_TMS_Psychopy2024.2.5.psyexp,2024.2.5,2025-08-21 10h57.41.138804 +0200,
0,0,0,,,,,0,0,0,0,,,,,#88BA3F,1619.5236113071442,False,space,correct rejection,None,641.1645412445068,,1,12,1back_single_main_click,1,,1,0,1,24,12,1619.585589647293,,,,,,,,,,25,01,yes,no,no,2025-08-21_10h55.23.375,EXNAT_4_TMS_Psychopy2024.2.5.psyexp,2024.2.5,2025-08-21 10h57.41.138804 +0200,
0,0,0,,,,,0,0,0,0,,,,,#2AB7EF,1620.378087759018,False,space,correct rejection,None,474.7152328491211,,2,12,1back_single_main_click,1,,1,0,1,24,12,,,,,,,,,,,25,01,yes,no,no,2025-08-21_10h55.23.375,EXNAT_4_TMS_Psychopy2024.2.5.psyexp,2024.2.5,2025-08-21 10h57.41.138804 +0200,
0,0,0,,,,,0,0,0,0,,,,,#D292F3,1621.0682566165924,False,space,correct rejection,None,776.5700817108154,,3,12,1back_single_main_click,1,,1,0,1,24,12,,,,,,,,,,,25,01,yes,no,no,2025-08-21_10h55.23.375,EXNAT_4_TMS_Psychopy2024.2.5.psyexp,2024.2.5,2025-08-21 10h57.41.138804 +0200,
0,0,0,,,,,0,0,0,0,,,,,#D292F3,1622.0618844032288,True,space,miss,None,534.8341464996338,,4,12,1back_single_main_click,1,,1,0,1,24,12,,,,,,,,,,,25,01,yes,no,no,2025-08-21_10h55.23.375,EXNAT_4_TMS_Psychopy2024.2.5.psyexp,2024.2.5,2025-08-21 10h57.41.138804 +0200,
0,0,0,,,,,0,0,0,0,,,,,#F989A2,1622.8134608268738,False,l,false alarm,215.1937484741211,663.1700992584229,,5,12,1back_single_main_click,1,,1,0,1,24,12,,,,,,,,,,,25,01,yes,no,no,2025-08-21_10h55.23.375,EXNAT_4_TMS_Psychopy2024.2.5.psyexp,2024.2.5,2025-08-21 10h57.41.138804 +0200,
0,0,0,,,,,0,0,0,0,,,,,#2AB7EF,1623.693287372589,False,space,correct rejection,None,903.5289287567139,,6,12,1back_single_main_click,1,,2,0,2,24,12,1624.5856285095215,,,,,,,,,,25,01,yes,no,no,2025-08-21_10h55.23.375,EXNAT_4_TMS_Psychopy2024.2.5.psyexp,2024.2.5,2025-08-21 10h57.41.138804 +0200,
0,0,0,,,,,0,0,0,0,,,,,#88BA3F,1624.8202230930328,False,space,correct rejection,None,720.5698490142822,,7,12,1back_single_main_click,1,,2,0,2,24,12,,,,,,,,,,,25,01,yes,no,no,2025-08-21_10h55.23.375,EXNAT_4_TMS_Psychopy2024.2.5.psyexp,2024.2.5,2025-08-21 10h57.41.138804 +0200,
0,0,0,,,,,0,0,0,0,,,,,#88BA3F,1625.764613866806,True,l,hit,560.1644515991211,800.0822067260742,,8,12,1back_single_main_click,1,,2,0,2,24,12,,,,,,,,,,,25,01,yes,no,no,2025-08-21_10h55.23.375,EXNAT_4_TMS_Psychopy2024.2.5.psyexp,2024.2.5,2025-08-21 10h57.41.138804 +0200,
0,0,0,,,,,0,0,0,0,,,,,#D292F3,1626.7883622646332,False,space,correct rejection,None,528.3677577972412,,9,12,1back_single_main_click,1,,2,0,2,24,12,,,,,,,,,,,25,01,yes,no,no,2025-08-21_10h55.23.375,EXNAT_4_TMS_Psychopy2024.2.5.psyexp,2024.2.5,2025-08-21 10h57.41.138804 +0200,
0,0,0,,,,,0,0,0,0,,,,,#2AB7EF,1627.5400235652924,False,space,correct rejection,None,544.7776317596436,,10,12,1back_single_main_click,1,,2,0,2,24,12,,,,,,,,,,,25,01,yes,no,no,2025-08-21_10h55.23.375,EXNAT_4_TMS_Psychopy2024.2.5.psyexp,2024.2.5,2025-08-21 10h57.41.138804 +0200,
0,0,0,,,,,0,0,0,0,,,,,#F989A2,1628.3080785274506,False,space,correct rejection,None,496.7067241668701,,11,12,1back_single_main_click,1,,2,0,2,24,12,,,,,,,,,,,25,01,yes,no,no,2025-08-21_10h55.23.375,EXNAT_4_TMS_Psychopy2024.2.5.psyexp,2024.2.5,2025-08-21 10h57.41.138804 +0200,
0,0,0,,,,,0,0,0,0,,,,,#F989A2,1629.0282616615295,True,l,hit,496.4747428894043,704.3383121490479,,12,12,1back_single_main_click,1,,2,1,3,24,12,1629.5856318473816,,,,,,,,,,25,01,yes,no,no,2025-08-21_10h55.23.375,EXNAT_4_TMS_Psychopy2024.2.5.psyexp,2024.2.5,2025-08-21 10h57.41.138804 +0200,
0,0,0,,,,,0,0,0,0,,,,,#2AB7EF,1629.9566476345062,False,space,correct rejection,None,528.0892848968506,,13,12,1back_single_main_click,1,,2,1,3,24,12,,,,,,,,,,,25,01,yes,no,no,2025-08-21_10h55.23.375,EXNAT_4_TMS_Psychopy2024.2.5.psyexp,2024.2.5,2025-08-21 10h57.41.138804 +0200,
0,0,0,,,,,0,0,0,0,,,,,#88BA3F,1630.7083401679993,False,space,correct rejection,None,528.4068584442139,,14,12,1back_single_main_click,1,,2,1,3,24,12,,,,,,,,,,,25,01,yes,no,no,2025-08-21_10h55.23.375,EXNAT_4_TMS_Psychopy2024.2.5.psyexp,2024.2.5,2025-08-21 10h57.41.138804 +0200,
0,0,0,,,,,0,0,0,0,,,,,#F989A2,1631.4602155685425,False,space,correct rejection,None,512.6371383666992,,15,12,1back_single_main_click,1,,2,1,3,24,12,,,,,,,,,,,25,01,yes,no,no,2025-08-21_10h55.23.375,EXNAT_4_TMS_Psychopy2024.2.5.psyexp,2024.2.5,2025-08-21 10h57.41.138804 +0200,
0,0,0,,,,,0,0,0,0,,,,,#2AB7EF,1632.1966502666473,False,space,correct rejection,None,544.1732406616211,,16,12,1back_single_main_click,1,,2,1,3,24,12,,,,,,,,,,,25,01,yes,no,no,2025-08-21_10h55.23.375,EXNAT_4_TMS_Psychopy2024.2.5.psyexp,2024.2.5,2025-08-21 10h57.41.138804 +0200,
0,0,0,,,,,0,0,0,0,,,,,#D292F3,1632.9649963378906,False,space,correct rejection,None,639.7414207458496,,17,12,1back_single_main_click,1,,2,1,3,24,12,,,,,,,,,,,25,01,yes,no,no,2025-08-21_10h55.23.375,EXNAT_4_TMS_Psychopy2024.2.5.psyexp,2024.2.5,2025-08-21 10h57.41.138804 +0200,
0,0,0,,,,,0,0,0,0,,,,,#F989A2,1633.8282806873322,False,space,correct rejection,None,848.5400676727295,,18,12,1back_single_main_click,1,,3,1,4,24,12,1634.5856628417969,,,,,,,,,,25,01,yes,no,no,2025-08-21_10h55.23.375,EXNAT_4_TMS_Psychopy2024.2.5.psyexp,2024.2.5,2025-08-21 10h57.41.138804 +0200,
0,0,0,,,,,0,0,0,0,,,,,#F989A2,1634.9007461071014,True,l,hit,576.0455131530762,831.9942951202393,,19,12,1back_single_main_click,1,,3,1,4,24,12,,,,,,,,,,,25,01,yes,no,no,2025-08-21_10h55.23.375,EXNAT_4_TMS_Psychopy2024.2.5.psyexp,2024.2.5,2025-08-21 10h57.41.138804 +0200,
0,0,0,,,,,0,0,0,0,,,,,#88BA3F,1635.9569165706635,False,space,correct rejection,None,639.8792266845703,,20,12,1back_single_main_click,1,,3,1,4,24,12,,,,,,,,,,,25,01,yes,no,no,2025-08-21_10h55.23.375,EXNAT_4_TMS_Psychopy2024.2.5.psyexp,2024.2.5,2025-08-21 10h57.41.138804 +0200,
0,0,0,,,,,0,0,0,0,,,,,#88BA3F,1636.820511341095,True,l,hit,640.2699947357178,880.2473545074463,,21,12,1back_single_main_click,1,,3,1,4,24,12,,,,,,,,,,,25,01,yes,no,no,2025-08-21_10h55.23.375,EXNAT_4_TMS_Psychopy2024.2.5.psyexp,2024.2.5,2025-08-21 10h57.41.138804 +0200,
0,0,0,,,,,0,0,0,0,,,,,#D292F3,1637.9247376918793,False,space,correct rejection,None,640.1426792144775,,22,12,1back_single_main_click,1,,3,1,4,24,12,,,,,,,,,,,25,01,yes,no,no,2025-08-21_10h55.23.375,EXNAT_4_TMS_Psychopy2024.2.5.psyexp,2024.2.5,2025-08-21 10h57.41.138804 +0200,
0,0,0,,,,,0,0,0,0,,,,,#D292F3,1638.7887599468231,True,l,hit,688.035249710083,912.0173454284668,,23,12,1back_single_main_click,1,,3,2,5,24,12,1639.5856893062592,,,,,,,,,,25,01,yes,no,no,2025-08-21_10h55.23.375,EXNAT_4_TMS_Psychopy2024.2.5.psyexp,2024.2.5,2025-08-21 10h57.41.138804 +0200,
0,0,0,,,,,0,0,0,0,,,,,#2AB7EF,1639.924297094345,False,space,correct rejection,None,640.5344009399414,,24,12,1back_single_main_click,1,,3,2,5,24,12,,,,,,,,,,,25,01,yes,no,no,2025-08-21_10h55.23.375,EXNAT_4_TMS_Psychopy2024.2.5.psyexp,2024.2.5,2025-08-21 10h57.41.138804 +0200,
0,0,0,,,,,0,0,0,0,,,,,#88BA3F,1640.7885222434998,False,space,correct rejection,None,736.1035346984863,,25,12,1back_single_main_click,1,,3,2,5,24,12,,,,,,,,,,,25,01,yes,no,no,2025-08-21_10h55.23.375,EXNAT_4_TMS_Psychopy2024.2.5.psyexp,2024.2.5,2025-08-21 10h57.41.138804 +0200,
0,0,0,,,,,0,0,0,0,,,,,#F989A2,1641.7477021217346,False,space,correct rejection,None,816.8933391571045,,26,12,1back_single_main_click,1,,3,2,5,24,12,,,,,,,,,,,25,01,yes,no,no,2025-08-21_10h55.23.375,EXNAT_4_TMS_Psychopy2024.2.5.psyexp,2024.2.5,2025-08-21 10h57.41.138804 +0200,
0,0,0,,,,,0,0,0,0,,,,,#D292F3,1642.7880790233612,False,space,correct rejection,None,848.6969470977783,,27,12,1back_single_main_click,1,,3,2,5,24,12,,,,,,,,,,,25,01,yes,no,no,2025-08-21_10h55.23.375,EXNAT_4_TMS_Psychopy2024.2.5.psyexp,2024.2.5,2025-08-21 10h57.41.138804 +0200,
0,0,0,,,,,0,0,0,0,,,,,#D292F3,1643.8611001968384,True,l,hit,687.7148151397705,895.5554962158203,,28,12,1back_single_main_click,1,,3,3,6,24,12,1644.5856578350067,,,,,,,,,,25,01,yes,no,no,2025-08-21_10h55.23.375,EXNAT_4_TMS_Psychopy2024.2.5.psyexp,2024.2.5,2025-08-21 10h57.41.138804 +0200,
0,0,0,,,,,0,0,0,0,,,,,#2AB7EF,1644.9798595905304,False,space,correct rejection,None,688.9631748199463,,29,12,1back_single_main_click,1,,3,3,6,24,12,,,,,,,,,,,25,01,yes,no,no,2025-08-21_10h55.23.375,EXNAT_4_TMS_Psychopy2024.2.5.psyexp,2024.2.5,2025-08-21 10h57.41.138804 +0200,
0,0,0,,,,,0,0,0,0,,,,,#D292F3,1645.8926882743835,False,space,correct rejection,None,1072.1487998962402,,30,12,1back_single_main_click,1,,3,3,6,24,12,,,,,,,,,,,25,01,yes,no,no,2025-08-21_10h55.23.375,EXNAT_4_TMS_Psychopy2024.2.5.psyexp,2024.2.5,2025-08-21 10h57.41.138804 +0200,
0,0,0,,,,,0,0,0,0,,,,,#F989A2,1647.188622713089,False,space,correct rejection,None,688.237190246582,,31,12,1back_single_main_click,1,,3,3,6,24,12,,,,,,,,,,,25,01,yes,no,no,2025-08-21_10h55.23.375,EXNAT_4_TMS_Psychopy2024.2.5.psyexp,2024.2.5,2025-08-21 10h57.41.138804 +0200,
0,0,0,,,,,0,0,0,0,,,,,#88BA3F,1648.1006813049316,False,space,correct rejection,None,624.1335868835449,,32,12,1back_single_main_click,1,,3,3,6,24,12,,,,,,,,,,,25,01,yes,no,no,2025-08-21_10h55.23.375,EXNAT_4_TMS_Psychopy2024.2.5.psyexp,2024.2.5,2025-08-21 10h57.41.138804 +0200,
0,0,0,,,,,0,0,0,0,,,,,#2AB7EF,1648.9484629631042,False,space,correct rejection,None,640.4821872711182,,33,12,1back_single_main_click,1,,4,3,7,24,12,1649.5857026576996,,,,,,,,,,25,01,yes,no,no,2025-08-21_10h55.23.375,EXNAT_4_TMS_Psychopy2024.2.5.psyexp,2024.2.5,2025-08-21 10h57.41.138804 +0200,
0,0,0,,,,,0,0,0,0,,,,,#88BA3F,1649.8131074905396,False,space,correct rejection,None,975.7726192474365,,34,12,1back_single_main_click,1,,4,3,7,24,12,,,,,,,,,,,25,01,yes,no,no,2025-08-21_10h55.23.375,EXNAT_4_TMS_Psychopy2024.2.5.psyexp,2024.2.5,2025-08-21 10h57.41.138804 +0200,
0,0,0,,,,,0,0,0,0,,,,,#F989A2,1651.0129344463348,False,space,correct rejection,None,1071.8004703521729,,35,12,1back_single_main_click,1,,4,3,7,24,12,,,,,,,,,,,25,01,yes,no,no,2025-08-21_10h55.23.375,EXNAT_4_TMS_Psychopy2024.2.5.psyexp,2024.2.5,2025-08-21 10h57.41.138804 +0200,
0,0,0,,,,,0,0,0,0,,,,,#2AB7EF,1652.3088247776031,False,space,correct rejection,None,1135.9467506408691,,36,12,1back_single_main_click,1,,4,3,7,24,12,,,,,,,,,,,25,01,yes,no,no,2025-08-21_10h55.23.375,EXNAT_4_TMS_Psychopy2024.2.5.psyexp,2024.2.5,2025-08-21 10h57.41.138804 +0200,
0,0,0,,,,,0,0,0,0,,,,,#D292F3,1653.668249130249,False,space,correct rejection,None,928.5378456115723,,37,12,1back_single_main_click,1,,5,3,8,24,12,1654.5857059955597,,,,,,,,,,25,01,yes,no,no,2025-08-21_10h55.23.375,EXNAT_4_TMS_Psychopy2024.2.5.psyexp,2024.2.5,2025-08-21 10h57.41.138804 +0200,
0,0,0,,,,,0,0,0,0,,,,,#D292F3,1654.8202102184296,True,l,hit,592.5765037536621,848.4458923339844,,38,12,1back_single_main_click,1,,5,3,8,24,12,,,,,,,,,,,25,01,yes,no,no,2025-08-21_10h55.23.375,EXNAT_4_TMS_Psychopy2024.2.5.psyexp,2024.2.5,2025-08-21 10h57.41.138804 +0200,
0,0,0,,,,,0,0,0,0,,,,,#F989A2,1655.8922522068024,False,space,correct rejection,None,1392.545223236084,,39,12,1back_single_main_click,1,,5,3,8,24,12,,,,,,,,,,,25,01,yes,no,no,2025-08-21_10h55.23.375,EXNAT_4_TMS_Psychopy2024.2.5.psyexp,2024.2.5,2025-08-21 10h57.41.138804 +0200,
0,0,0,,,,,0,0,0,0,,,,,#88BA3F,1657.508339881897,False,space,correct rejection,None,640.5000686645508,,40,12,1back_single_main_click,1,,5,3,8,24,12,,,,,,,,,,,25,01,yes,no,no,2025-08-21_10h55.23.375,EXNAT_4_TMS_Psychopy2024.2.5.psyexp,2024.2.5,2025-08-21 10h57.41.138804 +0200,
0,0,0,,,,,0,0,0,0,,,,,#D292F3,1658.3727350234985,False,space,correct rejection,None,1872.016429901123,,41,12,1back_single_main_click,1,,5,3,8,24,12,,,,,,,,,,,25,01,yes,no,no,2025-08-21_10h55.23.375,EXNAT_4_TMS_Psychopy2024.2.5.psyexp,2024.2.5,2025-08-21 10h57.41.138804 +0200,
0,0,0,,,,,0,0,0,0,,,,,#D292F3,1660.468472480774,True,l,hit,608.3722114562988,880.2149295806885,,42,12,1back_single_main_click,1,,5,4,9,24,12,1660.5274729728699,,,,,,,,,,25,01,yes,no,no,2025-08-21_10h55.23.375,EXNAT_4_TMS_Psychopy2024.2.5.psyexp,2024.2.5,2025-08-21 10h57.41.138804 +0200,
0,0,0,,,,,0,0,0,0,,,,,#2AB7EF,1661.571640253067,False,space,correct rejection,None,993.138313293457,,43,12,1back_single_main_click,1,,5,4,9,24,12,,,,,,,,,,,25,01,yes,no,no,2025-08-21_10h55.23.375,EXNAT_4_TMS_Psychopy2024.2.5.psyexp,2024.2.5,2025-08-21 10h57.41.138804 +0200,
0,0,0,,,,,0,0,0,0,,,,,#88BA3F,1662.7880864143372,False,space,correct rejection,None,960.7155323028564,,44,12,1back_single_main_click,1,,5,4,9,24,12,,,,,,,,,,,25,01,yes,no,no,2025-08-21_10h55.23.375,EXNAT_4_TMS_Psychopy2024.2.5.psyexp,2024.2.5,2025-08-21 10h57.41.138804 +0200,
0,0,0,,,,,0,0,0,0,,,,,#F989A2,1663.9719541072845,False,space,correct rejection,None,848.7775325775146,,45,12,1back_single_main_click,1,,5,4,9,24,12,,,,,,,,,,,25,01,yes,no,no,2025-08-21_10h55.23.375,EXNAT_4_TMS_Psychopy2024.2.5.psyexp,2024.2.5,2025-08-21 10h57.41.138804 +0200,
0,0,0,,,,,0,0,0,0,,,,,#88BA3F,1665.0440874099731,False,space,correct rejection,None,848.7176895141602,,46,12,1back_single_main_click,1,,6,4,10,24,12,1665.5273814201355,,,,,,,,,,25,01,yes,no,no,2025-08-21_10h55.23.375,EXNAT_4_TMS_Psychopy2024.2.5.psyexp,2024.2.5,2025-08-21 10h57.41.138804 +0200,
0,0,0,,,,,0,0,0,0,,,,,#2AB7EF,1666.1170401573181,False,space,correct rejection,None,943.7761306762695,,47,12,1back_single_main_click,1,,6,4,10,24,12,,,,,,,,,,,25,01,yes,no,no,2025-08-21_10h55.23.375,EXNAT_4_TMS_Psychopy2024.2.5.psyexp,2024.2.5,2025-08-21 10h57.41.138804 +0200,
0,0,0,,,,,0,0,0,0,,,,,#2AB7EF,1667.2843565940857,True,l,hit,672.4333763122559,912.2970104217529,,48,12,1back_single_main_click,1,,6,4,10,24,12,,,,,,,,,,,25,01,yes,no,no,2025-08-21_10h55.23.375,EXNAT_4_TMS_Psychopy2024.2.5.psyexp,2024.2.5,2025-08-21 10h57.41.138804 +0200,
0,0,0,,,,,0,0,0,0,,,,,#F989A2,1668.4197940826416,False,space,correct rejection,None,928.7660121917725,,49,12,1back_single_main_click,1,,6,4,10,24,12,,,,,,,,,,,25,01,yes,no,no,2025-08-21_10h55.23.375,EXNAT_4_TMS_Psychopy2024.2.5.psyexp,2024.2.5,2025-08-21 10h57.41.138804 +0200,
0,0,0,,,,,0,0,0,0,,,,,#D292F3,1669.5729973316193,False,space,correct rejection,None,815.730094909668,,50,12,1back_single_main_click,1,,6,4,10,24,12,,,,,,,,,,,25,01,yes,no,no,2025-08-21_10h55.23.375,EXNAT_4_TMS_Psychopy2024.2.5.psyexp,2024.2.5,2025-08-21 10h57.41.138804 +0200,
0,0,0,,,,,0,0,0,0,,,,,#2AB7EF,1670.6122546195984,False,space,correct rejection,None,1024.503231048584,,51,12,1back_single_main_click,1,,6,4,10,24,12,,,,,,,,,,,25,01,yes,no,no,2025-08-21_10h55.23.375,EXNAT_4_TMS_Psychopy2024.2.5.psyexp,2024.2.5,2025-08-21 10h57.41.138804 +0200,
0,0,0,,,,,0,0,0,0,,,,,#88BA3F,1671.8606045246124,False,space,correct rejection,None,864.2077445983887,,52,12,1back_single_main_click,1,,6,4,10,24,12,,,,,,,,,,,25,01,yes,no,no,2025-08-21_10h55.23.375,EXNAT_4_TMS_Psychopy2024.2.5.psyexp,2024.2.5,2025-08-21 10h57.41.138804 +0200,
0,0,0,,,,,0,0,0,0,,,,,#F989A2,1672.9487318992615,False,space,correct rejection,None,1119.8089122772217,,53,12,1back_single_main_click,1,,6,4,10,24,12,,,,,,,,,,,25,01,yes,no,no,2025-08-21_10h55.23.375,EXNAT_4_TMS_Psychopy2024.2.5.psyexp,2024.2.5,2025-08-21 10h57.41.138804 +0200,
0,0,0,,,,,0,0,0,0,,,,,#F989A2,1674.2933645248413,True,l,hit,623.445987701416,911.2746715545654,,54,12,1back_single_main_click,1,,6,4,10,24,12,,,,,,,,,,,25,01,yes,no,no,2025-08-21_10h55.23.375,EXNAT_4_TMS_Psychopy2024.2.5.psyexp,2024.2.5,2025-08-21 10h57.41.138804 +0200,
0,0,0,,,,,0,0,0,0,,,,,#F989A2,1675.4285819530487,True,l,hit,880.1546096801758,1168.0381298065186,,55,12,1back_single_main_click,1,,6,5,11,24,12,1675.484561920166,,,,,,,,,,25,01,yes,no,no,2025-08-21_10h55.23.375,EXNAT_4_TMS_Psychopy2024.2.5.psyexp,2024.2.5,2025-08-21 10h57.41.138804 +0200,
0,0,0,,,,,0,0,0,0,,,,,#D292F3,1676.82155752182,False,space,correct rejection,None,1119.1585063934326,,56,12,1back_single_main_click,1,,6,5,11,24,12,,,,,,,,,,,25,01,yes,no,no,2025-08-21_10h55.23.375,EXNAT_4_TMS_Psychopy2024.2.5.psyexp,2024.2.5,2025-08-21 10h57.41.138804 +0200,
0,0,0,,,,,0,0,0,0,,,,,#2AB7EF,1678.1640603542328,False,space,correct rejection,None,880.7551860809326,,57,12,1back_single_main_click,1,,6,5,11,24,12,,,,,,,,,,,25,01,yes,no,no,2025-08-21_10h55.23.375,EXNAT_4_TMS_Psychopy2024.2.5.psyexp,2024.2.5,2025-08-21 10h57.41.138804 +0200,
0,0,0,,,,,0,0,0,0,,,,,#88BA3F,1679.2681534290314,False,space,correct rejection,None,880.6064128875732,,58,12,1back_single_main_click,1,,6,5,11,24,12,,,,,,,,,,,25,01,yes,no,no,2025-08-21_10h55.23.375,EXNAT_4_TMS_Psychopy2024.2.5.psyexp,2024.2.5,2025-08-21 10h57.41.138804 +0200,
0,0,0,,,,,0,0,0,0,,,,,#D292F3,1680.3734965324402,False,space,correct rejection,None,1023.2572555541992,,59,12,1back_single_main_click,1,,7,5,12,24,12,1680.4845395088196,,,,,,,,,,25,01,yes,no,no,2025-08-21_10h55.23.375,EXNAT_4_TMS_Psychopy2024.2.5.psyexp,2024.2.5,2025-08-21 10h57.41.138804 +0200,
0,0,0,,,,,0,0,0,0,,,,,#2AB7EF,1681.6199796199799,False,space,correct rejection,None,880.7780742645264,,60,12,1back_single_main_click,1,,7,5,12,24,12,,,,,,,,,,,25,01,yes,no,no,2025-08-21_10h55.23.375,EXNAT_4_TMS_Psychopy2024.2.5.psyexp,2024.2.5,2025-08-21 10h57.41.138804 +0200,
0,0,0,,,,,0,0,0,0,,,,,#F989A2,1685.0195894241333,False,space,correct rejection,None,825.153112411499,,1,13,1back_single_main_click,1,,7,5,12,24,12,,,,,,,,,,,25,01,yes,no,no,2025-08-21_10h55.23.375,EXNAT_4_TMS_Psychopy2024.2.5.psyexp,2024.2.5,2025-08-21 10h57.41.138804 +0200,
0,0,0,,,,,0,0,0,0,,,,,#D292F3,1686.058498620987,False,space,correct rejection,None,746.2239265441895,,2,13,1back_single_main_click,1,,7,5,12,24,12,,,,,,,,,,,25,01,yes,no,no,2025-08-21_10h55.23.375,EXNAT_4_TMS_Psychopy2024.2.5.psyexp,2024.2.5,2025-08-21 10h57.41.138804 +0200,
0,0,0,,,,,0,0,0,0,,,,,#88BA3F,1687.0210514068604,False,space,correct rejection,None,903.7134647369385,,3,13,1back_single_main_click,1,,7,5,12,24,12,,,,,,,,,,,25,01,yes,no,no,2025-08-21_10h55.23.375,EXNAT_4_TMS_Psychopy2024.2.5.psyexp,2024.2.5,2025-08-21 10h57.41.138804 +0200,
0,0,0,,,,,0,0,0,0,,,,,#88BA3F,1688.1416184902191,True,l,hit,711.0767364501953,950.9456157684326,,4,13,1back_single_main_click,1,,7,6,13,24,12,1688.1994125843048,,,,,,,,,,25,01,yes,no,no,2025-08-21_10h55.23.375,EXNAT_4_TMS_Psychopy2024.2.5.psyexp,2024.2.5,2025-08-21 10h57.41.138804 +0200,
0,0,0,,,,,0,0,0,0,,,,,#D292F3,1689.3094413280487,False,space,correct rejection,None,1031.1431884765625,,5,13,1back_single_main_click,1,,7,6,13,24,12,,,,,,,,,,,25,01,yes,no,no,2025-08-21_10h55.23.375,EXNAT_4_TMS_Psychopy2024.2.5.psyexp,2024.2.5,2025-08-21 10h57.41.138804 +0200,
0,0,0,,,,,0,0,0,0,,,,,#88BA3F,1690.5643603801727,False,space,correct rejection,None,816.3497447967529,,6,13,1back_single_main_click,1,,7,6,13,24,12,,,,,,,,,,,25,01,yes,no,no,2025-08-21_10h55.23.375,EXNAT_4_TMS_Psychopy2024.2.5.psyexp,2024.2.5,2025-08-21 10h57.41.138804 +0200,
0,0,0,,,,,0,0,0,0,,,,,#F989A2,1691.6042535305023,False,space,correct rejection,None,880.3141117095947,,7,13,1back_single_main_click,1,,7,6,13,24,12,,,,,,,,,,,25,01,yes,no,no,2025-08-21_10h55.23.375,EXNAT_4_TMS_Psychopy2024.2.5.psyexp,2024.2.5,2025-08-21 10h57.41.138804 +0200,
0,0,0,,,,,0,0,0,0,,,,,#2AB7EF,1692.708419084549,False,space,correct rejection,None,800.2700805664062,,8,13,1back_single_main_click,1,,8,6,14,24,12,1693.1994037628174,,,,,,,,,,25,01,yes,no,no,2025-08-21_10h55.23.375,EXNAT_4_TMS_Psychopy2024.2.5.psyexp,2024.2.5,2025-08-21 10h57.41.138804 +0200,
0,0,0,,,,,0,0,0,0,,,,,#D292F3,1693.7319695949554,False,space,correct rejection,None,896.7559337615967,,9,13,1back_single_main_click,1,,8,6,14,24,12,,,,,,,,,,,25,01,yes,no,no,2025-08-21_10h55.23.375,EXNAT_4_TMS_Psychopy2024.2.5.psyexp,2024.2.5,2025-08-21 10h57.41.138804 +0200,
0,0,0,,,,,0,0,0,0,,,,,#2AB7EF,1694.852614402771,False,space,correct rejection,None,864.1448020935059,,10,13,1back_single_main_click,1,,8,6,14,24,12,,,,,,,,,,,25,01,yes,no,no,2025-08-21_10h55.23.375,EXNAT_4_TMS_Psychopy2024.2.5.psyexp,2024.2.5,2025-08-21 10h57.41.138804 +0200,
0,0,0,,,,,0,0,0,0,,,,,#F989A2,1695.940679550171,False,space,correct rejection,None,944.1721439361572,,11,13,1back_single_main_click,1,,8,6,14,24,12,,,,,,,,,,,25,01,yes,no,no,2025-08-21_10h55.23.375,EXNAT_4_TMS_Psychopy2024.2.5.psyexp,2024.2.5,2025-08-21 10h57.41.138804 +0200,
0,0,0,,,,,0,0,0,0,,,,,#2AB7EF,1697.1088678836823,False,space,correct rejection,None,831.9182395935059,,12,13,1back_single_main_click,1,,8,6,14,24,12,,,,,,,,,,,25,01,yes,no,no,2025-08-21_10h55.23.375,EXNAT_4_TMS_Psychopy2024.2.5.psyexp,2024.2.5,2025-08-21 10h57.41.138804 +0200,
0,0,0,,,,,0,0,0,0,,,,,#D292F3,1698.1646182537079,False,space,correct rejection,None,1872.0879554748535,,13,13,1back_single_main_click,1,,8,6,14,24,12,,,,,,,,,,,25,01,yes,no,no,2025-08-21_10h55.23.375,EXNAT_4_TMS_Psychopy2024.2.5.psyexp,2024.2.5,2025-08-21 10h57.41.138804 +0200,
0,0,0,,,,,0,0,0,0,,,,,#88BA3F,1700.2603466510773,False,space,correct rejection,None,768.3286666870117,,14,13,1back_single_main_click,1,,8,6,14,24,12,,,,,,,,,,,25,01,yes,no,no,2025-08-21_10h55.23.375,EXNAT_4_TMS_Psychopy2024.2.5.psyexp,2024.2.5,2025-08-21 10h57.41.138804 +0200,
0,0,0,,,,,0,0,0,0,,,,,#88BA3F,1701.2520864009857,True,l,hit,512.6073360443115,800.47607421875,,15,13,1back_single_main_click,1,,8,7,15,24,12,1701.3093769550323,,,,,,,,,,25,01,yes,no,no,2025-08-21_10h55.23.375,EXNAT_4_TMS_Psychopy2024.2.5.psyexp,2024.2.5,2025-08-21 10h57.41.138804 +0200,
0,0,0,,,,,0,0,0,0,,,,,#D292F3,1702.276095867157,False,space,correct rejection,None,1424.6058464050293,,16,13,1back_single_main_click,1,,8,7,15,24,12,,,,,,,,,,,25,01,yes,no,no,2025-08-21_10h55.23.375,EXNAT_4_TMS_Psychopy2024.2.5.psyexp,2024.2.5,2025-08-21 10h57.41.138804 +0200,
0,0,0,,,,,0,0,0,0,,,,,#2AB7EF,1703.9238369464874,False,space,correct rejection,None,1728.8553714752197,,17,13,1back_single_main_click,1,,8,7,15,24,12,,,,,,,,,,,25,01,yes,no,no,2025-08-21_10h55.23.375,EXNAT_4_TMS_Psychopy2024.2.5.psyexp,2024.2.5,2025-08-21 10h57.41.138804 +0200,
0,0,0,,,,,0,0,0,0,,,,,#F989A2,1705.8764901161194,False,space,correct rejection,None,848.2692241668701,,18,13,1back_single_main_click,1,,9,7,16,24,12,1706.3091645240784,,,,,,,,,,25,01,yes,no,no,2025-08-21_10h55.23.375,EXNAT_4_TMS_Psychopy2024.2.5.psyexp,2024.2.5,2025-08-21 10h57.41.138804 +0200,
0,0,0,,,,,0,0,0,0,,,,,#2AB7EF,1706.9480986595154,False,space,correct rejection,None,1248.6038208007812,,19,13,1back_single_main_click,1,,9,7,16,24,12,,,,,,,,,,,25,01,yes,no,no,2025-08-21_10h55.23.375,EXNAT_4_TMS_Psychopy2024.2.5.psyexp,2024.2.5,2025-08-21 10h57.41.138804 +0200,
0,0,0,,,,,0,0,0,0,,,,,#D292F3,1708.420613527298,False,space,correct rejection,None,928.1306266784668,,20,13,1back_single_main_click,1,,9,7,16,24,12,,,,,,,,,,,25,01,yes,no,no,2025-08-21_10h55.23.375,EXNAT_4_TMS_Psychopy2024.2.5.psyexp,2024.2.5,2025-08-21 10h57.41.138804 +0200,
0,0,0,,,,,0,0,0,0,,,,,#88BA3F,1709.5724518299103,False,space,correct rejection,None,880.2378177642822,,21,13,1back_single_main_click,1,,9,7,16,24,12,,,,,,,,,,,25,01,yes,no,no,2025-08-21_10h55.23.375,EXNAT_4_TMS_Psychopy2024.2.5.psyexp,2024.2.5,2025-08-21 10h57.41.138804 +0200,
0,0,0,,,,,0,0,0,0,,,,,#88BA3F,1710.6799194812775,True,l,hit,700.6356716156006,956.4921855926514,,22,13,1back_single_main_click,1,,9,8,17,24,12,1711.309237241745,,,,,,,,,,25,01,yes,no,no,2025-08-21_10h55.23.375,EXNAT_4_TMS_Psychopy2024.2.5.psyexp,2024.2.5,2025-08-21 10h57.41.138804 +0200,
0,0,0,,,,,0,0,0,0,,,,,#2AB7EF,1711.859972000122,False,space,correct rejection,None,1296.5490818023682,,23,13,1back_single_main_click,1,,9,8,17,24,12,,,,,,,,,,,25,01,yes,no,no,2025-08-21_10h55.23.375,EXNAT_4_TMS_Psychopy2024.2.5.psyexp,2024.2.5,2025-08-21 10h57.41.138804 +0200,
0,0,0,,,,,0,0,0,0,,,,,#F989A2,1713.3798425197601,False,space,correct rejection,None,1072.9460716247559,,24,13,1back_single_main_click,1,,9,8,17,24,12,,,,,,,,,,,25,01,yes,no,no,2025-08-21_10h55.23.375,EXNAT_4_TMS_Psychopy2024.2.5.psyexp,2024.2.5,2025-08-21 10h57.41.138804 +0200,
0,0,0,,,,,0,0,0,0,,,,,#88BA3F,1714.6765699386597,False,space,correct rejection,None,1024.1940021514893,,25,13,1back_single_main_click,1,,9,8,17,24,12,,,,,,,,,,,25,01,yes,no,no,2025-08-21_10h55.23.375,EXNAT_4_TMS_Psychopy2024.2.5.psyexp,2024.2.5,2025-08-21 10h57.41.138804 +0200,
0,0,0,,,,,0,0,0,0,,,,,#88BA3F,1715.9247529506683,True,l,hit,591.9907093048096,879.8398971557617,,26,13,1back_single_main_click,1,,9,8,17,24,12,,,,,,,,,,,25,01,yes,no,no,2025-08-21_10h55.23.375,EXNAT_4_TMS_Psychopy2024.2.5.psyexp,2024.2.5,2025-08-21 10h57.41.138804 +0200,
0,0,0,,,,,0,0,0,0,,,,,#88BA3F,1717.0284914970398,True,l,hit,672.2457408905029,960.1044654846191,,27,13,1back_single_main_click,1,,9,9,18,24,12,1717.085335969925,,,,,,,,,,25,01,yes,no,no,2025-08-21_10h55.23.375,EXNAT_4_TMS_Psychopy2024.2.5.psyexp,2024.2.5,2025-08-21 10h57.41.138804 +0200,
0,0,0,,,,,0,0,0,0,,,,,#2AB7EF,1718.212513923645,False,space,correct rejection,None,944.2689418792725,,28,13,1back_single_main_click,1,,9,9,18,24,12,,,,,,,,,,,25,01,yes,no,no,2025-08-21_10h55.23.375,EXNAT_4_TMS_Psychopy2024.2.5.psyexp,2024.2.5,2025-08-21 10h57.41.138804 +0200,
0,0,0,,,,,0,0,0,0,,,,,#2AB7EF,1719.3803524971008,True,l,hit,704.4332027435303,976.2275218963623,,29,13,1back_single_main_click,1,,9,9,18,24,12,,,,,,,,,,,25,01,yes,no,no,2025-08-21_10h55.23.375,EXNAT_4_TMS_Psychopy2024.2.5.psyexp,2024.2.5,2025-08-21 10h57.41.138804 +0200,
0,0,0,,,,,0,0,0,0,,,,,#2AB7EF,1720.5804061889648,True,l,hit,1280.2157402038574,1568.086862564087,,30,13,1back_single_main_click,1,,9,10,19,24,12,1722.0851392745972,,,,,,,,,,25,01,yes,no,no,2025-08-21_10h55.23.375,EXNAT_4_TMS_Psychopy2024.2.5.psyexp,2024.2.5,2025-08-21 10h57.41.138804 +0200,
0,0,0,,,,,0,0,0,0,,,,,#F989A2,1722.3734982013702,False,space,correct rejection,None,2767.1806812286377,,31,13,1back_single_main_click,1,,9,10,19,24,12,,,,,,,,,,,25,01,yes,no,no,2025-08-21_10h55.23.375,EXNAT_4_TMS_Psychopy2024.2.5.psyexp,2024.2.5,2025-08-21 10h57.41.138804 +0200,
0,0,0,,,,,0,0,0,0,,,,,#F989A2,1725.3645877838135,True,l,hit,623.9211559295654,943.9098834991455,,32,13,1back_single_main_click,1,,9,10,19,24,12,,,,,,,,,,,25,01,yes,no,no,2025-08-21_10h55.23.375,EXNAT_4_TMS_Psychopy2024.2.5.psyexp,2024.2.5,2025-08-21 10h57.41.138804 +0200,
0,0,0,,,,,0,0,0,0,,,,,#88BA3F,1726.5314464569092,False,space,correct rejection,None,1185.2548122406006,,33,13,1back_single_main_click,1,,10,10,20,24,12,1727.0852148532867,,,,,,,,,,25,01,yes,no,no,2025-08-21_10h55.23.375,EXNAT_4_TMS_Psychopy2024.2.5.psyexp,2024.2.5,2025-08-21 10h57.41.138804 +0200,
0,0,0,,,,,0,0,0,0,,,,,#2AB7EF,1727.9407060146332,False,space,correct rejection,None,1536.0050201416016,,34,13,1back_single_main_click,1,,10,10,20,24,12,,,,,,,,,,,25,01,yes,no,no,2025-08-21_10h55.23.375,EXNAT_4_TMS_Psychopy2024.2.5.psyexp,2024.2.5,2025-08-21 10h57.41.138804 +0200,
0,0,0,,,,,0,0,0,0,,,,,#F989A2,1729.7008531093597,False,space,correct rejection,None,1152.0271301269531,,35,13,1back_single_main_click,1,,10,10,20,24,12,,,,,,,,,,,25,01,yes,no,no,2025-08-21_10h55.23.375,EXNAT_4_TMS_Psychopy2024.2.5.psyexp,2024.2.5,2025-08-21 10h57.41.138804 +0200,
0,0,0,,,,,0,0,0,0,,,,,#F989A2,1731.0765149593353,True,l,hit,784.2419147491455,1056.1277866363525,,36,13,1back_single_main_click,1,,10,11,21,24,12,1732.0851683616638,,,,,,,,,,25,01,yes,no,no,2025-08-21_10h55.23.375,EXNAT_4_TMS_Psychopy2024.2.5.psyexp,2024.2.5,2025-08-21 10h57.41.138804 +0200,
0,0,0,,,,,0,0,0,0,,,,,#2AB7EF,1732.3554379940033,False,space,correct rejection,None,1153.3551216125488,,37,13,1back_single_main_click,1,,10,11,21,24,12,,,,,,,,,,,25,01,yes,no,no,2025-08-21_10h55.23.375,EXNAT_4_TMS_Psychopy2024.2.5.psyexp,2024.2.5,2025-08-21 10h57.41.138804 +0200,
0,0,0,,,,,0,0,0,0,,,,,#88BA3F,1733.731850385666,False,space,correct rejection,None,880.9356689453125,,38,13,1back_single_main_click,1,,10,11,21,24,12,,,,,,,,,,,25,01,yes,no,no,2025-08-21_10h55.23.375,EXNAT_4_TMS_Psychopy2024.2.5.psyexp,2024.2.5,2025-08-21 10h57.41.138804 +0200,
0,0,0,,,,,0,0,0,0,,,,,#F989A2,1734.8366310596466,False,space,correct rejection,None,848.0191230773926,,39,13,1back_single_main_click,1,,10,11,21,24,12,,,,,,,,,,,25,01,yes,no,no,2025-08-21_10h55.23.375,EXNAT_4_TMS_Psychopy2024.2.5.psyexp,2024.2.5,2025-08-21 10h57.41.138804 +0200,
0,0,0,,,,,0,0,0,0,,,,,#D292F3,1735.9084856510162,False,space,correct rejection,None,784.0456962585449,,40,13,1back_single_main_click,1,,10,11,21,24,12,,,,,,,,,,,25,01,yes,no,no,2025-08-21_10h55.23.375,EXNAT_4_TMS_Psychopy2024.2.5.psyexp,2024.2.5,2025-08-21 10h57.41.138804 +0200,
0,0,0,,,,,0,0,0,0,,,,,#2AB7EF,1736.9156484603882,False,space,correct rejection,None,1137.1572017669678,,41,13,1back_single_main_click,1,,11,11,22,24,12,1737.0852847099304,,,,,,,,,,25,01,yes,no,no,2025-08-21_10h55.23.375,EXNAT_4_TMS_Psychopy2024.2.5.psyexp,2024.2.5,2025-08-21 10h57.41.138804 +0200,
0,0,0,,,,,0,0,0,0,,,,,#D292F3,1738.2763712406158,False,space,correct rejection,None,800.4047870635986,,42,13,1back_single_main_click,1,,11,11,22,24,12,,,,,,,,,,,25,01,yes,no,no,2025-08-21_10h55.23.375,EXNAT_4_TMS_Psychopy2024.2.5.psyexp,2024.2.5,2025-08-21 10h57.41.138804 +0200,
0,0,0,,,,,0,0,0,0,,,,,#F989A2,1739.3000838756561,False,space,correct rejection,None,1264.6379470825195,,43,13,1back_single_main_click,1,,11,11,22,24,12,,,,,,,,,,,25,01,yes,no,no,2025-08-21_10h55.23.375,EXNAT_4_TMS_Psychopy2024.2.5.psyexp,2024.2.5,2025-08-21 10h57.41.138804 +0200,
0,0,0,,,,,0,0,0,0,,,,,#D292F3,1740.7886197566986,False,space,correct rejection,None,752.1364688873291,,44,13,1back_single_main_click,1,,11,11,22,24,12,,,,,,,,,,,25,01,yes,no,no,2025-08-21_10h55.23.375,EXNAT_4_TMS_Psychopy2024.2.5.psyexp,2024.2.5,2025-08-21 10h57.41.138804 +0200,
0,0,0,,,,,0,0,0,0,,,,,#88BA3F,1741.7642188072205,False,space,correct rejection,None,736.5736961364746,,45,13,1back_single_main_click,1,,12,11,23,24,12,1742.0853130817413,,,,,,,,,,25,01,yes,no,no,2025-08-21_10h55.23.375,EXNAT_4_TMS_Psychopy2024.2.5.psyexp,2024.2.5,2025-08-21 10h57.41.138804 +0200,
0,0,0,,,,,0,0,0,0,,,,,#2AB7EF,1742.7247371673584,False,space,correct rejection,None,751.936674118042,,46,13,1back_single_main_click,1,,12,11,23,24,12,,,,,,,,,,,25,01,yes,no,no,2025-08-21_10h55.23.375,EXNAT_4_TMS_Psychopy2024.2.5.psyexp,2024.2.5,2025-08-21 10h57.41.138804 +0200,
0,0,0,,,,,0,0,0,0,,,,,#F989A2,1743.7008996009827,False,space,correct rejection,None,1295.6137657165527,,47,13,1back_single_main_click,1,,12,11,23,24,12,,,,,,,,,,,25,01,yes,no,no,2025-08-21_10h55.23.375,EXNAT_4_TMS_Psychopy2024.2.5.psyexp,2024.2.5,2025-08-21 10h57.41.138804 +0200,
0,0,0,,,,,0,0,0,0,,,,,#88BA3F,1745.221673965454,False,space,correct rejection,None,2383.0926418304443,,48,13,1back_single_main_click,1,,12,11,23,24,12,,,,,,,,,,,25,01,yes,no,no,2025-08-21_10h55.23.375,EXNAT_4_TMS_Psychopy2024.2.5.psyexp,2024.2.5,2025-08-21 10h57.41.138804 +0200,
0,0,0,,,,,0,0,0,0,,,,,#D292F3,1747.8290162086487,False,space,correct rejection,None,1055.7410717010498,,49,13,1back_single_main_click,1,,12,11,23,24,12,,,,,,,,,,,25,01,yes,no,no,2025-08-21_10h55.23.375,EXNAT_4_TMS_Psychopy2024.2.5.psyexp,2024.2.5,2025-08-21 10h57.41.138804 +0200,
0,0,0,,,,,0,0,0,0,,,,,#F989A2,1749.1086201667786,False,space,correct rejection,None,720.0911045074463,,50,13,1back_single_main_click,1,,12,11,23,24,12,,,,,,,,,,,25,01,yes,no,no,2025-08-21_10h55.23.375,EXNAT_4_TMS_Psychopy2024.2.5.psyexp,2024.2.5,2025-08-21 10h57.41.138804 +0200,
0,0,0,,,,,0,0,0,0,,,,,#F989A2,1750.052484035492,True,l,hit,592.2400951385498,1008.1403255462646,,51,13,1back_single_main_click,1,,12,12,24,24,inf,1750.1094164848328,,,,,,,,,,25,01,yes,no,no,2025-08-21_10h55.23.375,EXNAT_4_TMS_Psychopy2024.2.5.psyexp,2024.2.5,2025-08-21 10h57.41.138804 +0200,
0,0,0,,,,,0,0,0,0,,,,,#2AB7EF,1751.283831357956,False,space,correct rejection,None,1184.9565505981445,,52,13,1back_single_main_click,1,,12,12,24,24,inf,,,,,,,,,,,25,01,yes,no,no,2025-08-21_10h55.23.375,EXNAT_4_TMS_Psychopy2024.2.5.psyexp,2024.2.5,2025-08-21 10h57.41.138804 +0200,
0,0,0,,,,,0,0,0,0,,,,,#2AB7EF,1752.6922509670258,True,l,hit,816.2364959716797,1088.2666110992432,,53,13,1back_single_main_click,1,,12,12,24,24,inf,,,,,,,,,,,25,01,yes,no,no,2025-08-21_10h55.23.375,EXNAT_4_TMS_Psychopy2024.2.5.psyexp,2024.2.5,2025-08-21 10h57.41.138804 +0200,
0,0,0,,,,,0,0,0,0,,,,,#88BA3F,1754.003974199295,False,space,correct rejection,None,2192.5275325775146,,54,13,1back_single_main_click,1,,13,12,25,24,inf,1755.1093847751617,,,,,,,,,,25,01,yes,no,no,2025-08-21_10h55.23.375,EXNAT_4_TMS_Psychopy2024.2.5.psyexp,2024.2.5,2025-08-21 10h57.41.138804 +0200,
0,0,0,,,,,0,0,0,0,,,,,#F989A2,1756.4182858467102,False,space,correct rejection,None,1410.3577136993408,,55,13,1back_single_main_click,1,,13,12,25,24,inf,,,,,,,,,,,25,01,yes,no,no,2025-08-21_10h55.23.375,EXNAT_4_TMS_Psychopy2024.2.5.psyexp,2024.2.5,2025-08-21 10h57.41.138804 +0200,
0,0,0,,,,,0,0,0,0,,,,,#D292F3,1758.0521562099457,False,space,correct rejection,None,848.5202789306641,,56,13,1back_single_main_click,1,,13,12,25,24,inf,,,,,,,,,,,25,01,yes,no,no,2025-08-21_10h55.23.375,EXNAT_4_TMS_Psychopy2024.2.5.psyexp,2024.2.5,2025-08-21 10h57.41.138804 +0200,
0,0,0,,,,,0,0,0,0,,,,,#2AB7EF,1759.124577999115,False,space,correct rejection,None,784.1544151306152,,57,13,1back_single_main_click,1,,13,12,25,24,inf,,,,,,,,,,,25,01,yes,no,no,2025-08-21_10h55.23.375,EXNAT_4_TMS_Psychopy2024.2.5.psyexp,2024.2.5,2025-08-21 10h57.41.138804 +0200,
0,0,0,,,,,0,0,0,0,,,,,#88BA3F,1760.1322166919708,False,space,correct rejection,None,800.4589080810547,,58,13,1back_single_main_click,1,,14,12,26,24,inf,1760.1885929107666,,,,,,,,,,25,01,yes,no,no,2025-08-21_10h55.23.375,EXNAT_4_TMS_Psychopy2024.2.5.psyexp,2024.2.5,2025-08-21 10h57.41.138804 +0200,
0,0,0,,,,,0,0,0,0,,,,,#88BA3F,1761.1562588214874,True,l,hit,640.4130458831787,1008.2495212554932,,59,13,1back_single_main_click,1,,14,12,26,24,inf,,,,,,,,,,,25,01,yes,no,no,2025-08-21_10h55.23.375,EXNAT_4_TMS_Psychopy2024.2.5.psyexp,2024.2.5,2025-08-21 10h57.41.138804 +0200,
0,0,0,,,,,0,0,0,0,,,,,#D292F3,1762.387418270111,False,space,correct rejection,None,1505.3069591522217,,60,13,1back_single_main_click,1,,14,12,26,24,inf,,,,,,,,,,,25,01,yes,no,no,2025-08-21_10h55.23.375,EXNAT_4_TMS_Psychopy2024.2.5.psyexp,2024.2.5,2025-08-21 10h57.41.138804 +0200,
0,0,0,,,,,0,0,0,0,,,,,,,,,,,,,,,,,,,,,,,,,,,,,1764.2470214366913,1764.2470390796661,,,25,01,yes,no,no,2025-08-21_10h55.23.375,EXNAT_4_TMS_Psychopy2024.2.5.psyexp,2024.2.5,2025-08-21 10h57.41.138804 +0200,
1,0,1,,,,,1,0,1,0,1764.2707982063293,,,,,,,,,,,,,,,,,,,,,,,,,,,,1764.2471313476562,1764.247303724289,,,25,01,yes,no,no,2025-08-21_10h55.23.375,EXNAT_4_TMS_Psychopy2024.2.5.psyexp,2024.2.5,2025-08-21 10h57.41.138804 +0200,
2,0,2,,,,,2,0,2,0,1764.2707982063293,,,,,,,,,,,,,,,,,,,,,,,,,,,,1764.2473707199097,1764.2474303245544,,,25,01,yes,no,no,2025-08-21_10h55.23.375,EXNAT_4_TMS_Psychopy2024.2.5.psyexp,2024.2.5,2025-08-21 10h57.41.138804 +0200,
3,0,3,,,,,3,0,3,0,1764.2707982063293,,,,,,,,,,,,,,,,,,,,,,,,,,,,1764.247495174408,1764.2475545406342,,,25,01,yes,no,no,2025-08-21_10h55.23.375,EXNAT_4_TMS_Psychopy2024.2.5.psyexp,2024.2.5,2025-08-21 10h57.41.138804 +0200,
4,0,4,,,,,4,0,4,0,1764.2707982063293,,,,,,,,,,,,,,,,,,,,,,,,,,,,1764.247617483139,1764.247675895691,,,25,01,yes,no,no,2025-08-21_10h55.23.375,EXNAT_4_TMS_Psychopy2024.2.5.psyexp,2024.2.5,2025-08-21 10h57.41.138804 +0200,
,,,,,,,,,,,,,,,,,,,,,,,,,,,,,,,,,,,,,,,,,1775.2496395111084,1775.250060558319,25,01,yes,no,no,2025-08-21_10h55.23.375,EXNAT_4_TMS_Psychopy2024.2.5.psyexp,2024.2.5,2025-08-21 10h57.41.138804 +0200,
