thisN,thisTrialN,thisRepN,trials.thisRepN,trials.thisTrialN,trials.thisN,trials.thisIndex,loop_nback.thisRepN,loop_nback.thisTrialN,loop_nback.thisN,loop_nback.thisIndex,thisRow.t,notes,settings.started,settings.stopped,colour,global_onset_time,target,button_pressed,nback_response,nback_RT,RT,text_nr,trial_nr,block_nr_exp,block_name,n-back_level,word,nontarget_triggers_sent_this_condition,target_triggers_sent_this_condition,total_triggers_sent_this_condition,minimum_triggers_this_condition,maximum_triggers_this_block,trigger_time,question,chosen_ans,ans_correct,reading_self_paced.started,reading_self_paced.stopped,nback_self_paced.started,nback_self_paced.stopped,end.started,participant,session,TMS_port,testing_mode,skip_reading,date,expName,psychopyVersion,expStart,
,,,,,,,,,,,,,0.06661796569824219,0.06675100326538086,,,,,,,,,,,,,,,,,,,,,,,,,,,,22,03,yes,no,no,2025-07-29_14h42.07.153,EXNAT_4_TMS_Psychopy2024.2.5.psyexp,2024.2.5,2025-07-29 14h46.27.272763 +0200,
0,0,0,0,0,0,0,,,,,0.2881138324737549,,,,#D292F3,13.897998809814453,False,space,correct rejection,None,670.4485416412354,text_15,1,1,2back_dual_main_click,2,Im,0,0,0,120,60,,,,,,,,,,22,03,yes,no,no,2025-07-29_14h42.07.153,EXNAT_4_TMS_Psychopy2024.2.5.psyexp,2024.2.5,2025-07-29 14h46.27.272763 +0200,
0,0,0,0,0,0,0,,,,,,,,,#D292F3,14.604377746582031,False,space,correct rejection,None,556.1017990112305,text_15,2,1,2back_dual_main_click,2,Jahr,1,0,1,120,60,14.65853500366211,,,,,,,,,22,03,yes,no,no,2025-07-29_14h42.07.153,EXNAT_4_TMS_Psychopy2024.2.5.psyexp,2024.2.5,2025-07-29 14h46.27.272763 +0200,
0,0,0,0,0,0,0,,,,,,,,,#F989A2,15.195288181304932,False,space,correct rejection,None,365.1695251464844,text_15,3,1,2back_dual_main_click,2,1841,1,0,1,120,60,,,,,,,,,,22,03,yes,no,no,2025-07-29_14h42.07.153,EXNAT_4_TMS_Psychopy2024.2.5.psyexp,2024.2.5,2025-07-29 14h46.27.272763 +0200,
0,0,0,0,0,0,0,,,,,,,,,#2AB7EF,15.598775863647461,False,space,correct rejection,None,521.6810703277588,text_15,4,1,2back_dual_main_click,2,organisierte,1,0,1,120,60,,,,,,,,,,22,03,yes,no,no,2025-07-29_14h42.07.153,EXNAT_4_TMS_Psychopy2024.2.5.psyexp,2024.2.5,2025-07-29 14h46.27.272763 +0200,
0,0,0,0,0,0,0,,,,,,,,,#2AB7EF,16.15934920310974,False,space,correct rejection,None,425.10128021240234,text_15,5,1,2back_dual_main_click,2,der,1,0,1,120,60,,,,,,,,,,22,03,yes,no,no,2025-07-29_14h42.07.153,EXNAT_4_TMS_Psychopy2024.2.5.psyexp,2024.2.5,2025-07-29 14h46.27.272763 +0200,
0,0,0,0,0,0,0,,,,,,,,,#F989A2,16.622159481048584,False,space,correct rejection,None,442.33107566833496,text_15,6,1,2back_dual_main_click,2,Prediger,1,0,1,120,60,,,,,,,,,,22,03,yes,no,no,2025-07-29_14h42.07.153,EXNAT_4_TMS_Psychopy2024.2.5.psyexp,2024.2.5,2025-07-29 14h46.27.272763 +0200,
0,0,0,0,0,0,0,,,,,,,,,#D292F3,17.102424144744873,False,space,correct rejection,None,457.9954147338867,text_15,7,1,2back_dual_main_click,2,Thomas,1,0,1,120,60,,,,,,,,,,22,03,yes,no,no,2025-07-29_14h42.07.153,EXNAT_4_TMS_Psychopy2024.2.5.psyexp,2024.2.5,2025-07-29 14h46.27.272763 +0200,
0,0,0,0,0,0,0,,,,,,,,,#2AB7EF,17.59947967529297,False,l,false alarm,409.00444984436035,584.9428176879883,text_15,8,1,2back_dual_main_click,2,Cook,1,0,1,120,60,,,,,,,,,,22,03,yes,no,no,2025-07-29_14h42.07.153,EXNAT_4_TMS_Psychopy2024.2.5.psyexp,2024.2.5,2025-07-29 14h46.27.272763 +0200,
0,0,0,0,0,0,0,,,,,,,,,#88BA3F,18.22244358062744,False,space,correct rejection,None,346.0373878479004,text_15,9,1,2back_dual_main_click,2,eine,1,0,1,120,60,,,,,,,,,,22,03,yes,no,no,2025-07-29_14h42.07.153,EXNAT_4_TMS_Psychopy2024.2.5.psyexp,2024.2.5,2025-07-29 14h46.27.272763 +0200,
0,0,0,0,0,0,0,,,,,,,,,#88BA3F,18.6084201335907,False,space,correct rejection,None,536.0653400421143,text_15,10,1,2back_dual_main_click,2,Zugreise,1,0,1,120,60,,,,,,,,,,22,03,yes,no,no,2025-07-29_14h42.07.153,EXNAT_4_TMS_Psychopy2024.2.5.psyexp,2024.2.5,2025-07-29 14h46.27.272763 +0200,
0,0,0,0,0,0,0,,,,,,,,,#F989A2,19.184326887130737,False,space,correct rejection,None,456.09378814697266,text_15,11,1,2back_dual_main_click,2,zu,1,0,1,120,60,,,,,,,,,,22,03,yes,no,no,2025-07-29_14h42.07.153,EXNAT_4_TMS_Psychopy2024.2.5.psyexp,2024.2.5,2025-07-29 14h46.27.272763 +0200,
0,0,0,0,0,0,0,,,,,,,,,#88BA3F,19.679718494415283,True,space,miss,None,360.748291015625,text_15,12,1,2back_dual_main_click,2,einer,1,0,1,120,60,,,,,,,,,,22,03,yes,no,no,2025-07-29_14h42.07.153,EXNAT_4_TMS_Psychopy2024.2.5.psyexp,2024.2.5,2025-07-29 14h46.27.272763 +0200,
0,0,0,0,0,0,0,,,,,,,,,#F989A2,20.08218765258789,True,l,hit,374.2964267730713,630.2428245544434,text_15,13,1,2back_dual_main_click,2,Anti-Alkohol-Kundgebung,1,0,1,120,60,,,,,,,,,,22,03,yes,no,no,2025-07-29_14h42.07.153,EXNAT_4_TMS_Psychopy2024.2.5.psyexp,2024.2.5,2025-07-29 14h46.27.272763 +0200,
0,0,0,0,0,0,0,,,,,,,,,#88BA3F,20.75123929977417,True,space,miss,None,361.24587059020996,text_15,14,1,2back_dual_main_click,2,und,1,1,2,120,60,20.802384853363037,,,,,,,,,22,03,yes,no,no,2025-07-29_14h42.07.153,EXNAT_4_TMS_Psychopy2024.2.5.psyexp,2024.2.5,2025-07-29 14h46.27.272763 +0200,
0,0,0,0,0,0,0,,,,,,,,,#F989A2,21.15051794052124,True,space,miss,None,393.9661979675293,text_15,15,1,2back_dual_main_click,2,initiierte,1,1,2,120,60,,,,,,,,,,22,03,yes,no,no,2025-07-29_14h42.07.153,EXNAT_4_TMS_Psychopy2024.2.5.psyexp,2024.2.5,2025-07-29 14h46.27.272763 +0200,
0,0,0,0,0,0,0,,,,,,,,,#D292F3,21.583863973617554,False,space,correct rejection,None,440.63258171081543,text_15,16,1,2back_dual_main_click,2,damit,1,1,2,120,60,,,,,,,,,,22,03,yes,no,no,2025-07-29_14h42.07.153,EXNAT_4_TMS_Psychopy2024.2.5.psyexp,2024.2.5,2025-07-29 14h46.27.272763 +0200,
0,0,0,0,0,0,0,,,,,,,,,#D292F3,22.064416885375977,False,space,correct rejection,None,504.11081314086914,text_15,17,1,2back_dual_main_click,2,den,1,1,2,120,60,,,,,,,,,,22,03,yes,no,no,2025-07-29_14h42.07.153,EXNAT_4_TMS_Psychopy2024.2.5.psyexp,2024.2.5,2025-07-29 14h46.27.272763 +0200,
0,0,0,0,0,0,0,,,,,,,,,#F989A2,22.608389139175415,False,space,correct rejection,None,440.15979766845703,text_15,18,1,2back_dual_main_click,2,Massentourismus.,1,1,2,120,60,,,,,,,,,,22,03,yes,no,no,2025-07-29_14h42.07.153,EXNAT_4_TMS_Psychopy2024.2.5.psyexp,2024.2.5,2025-07-29 14h46.27.272763 +0200,
0,0,0,0,0,0,0,,,,,,,,,#2AB7EF,23.087977647781372,False,space,correct rejection,None,440.53077697753906,text_15,19,1,2back_dual_main_click,2,Für,1,1,2,120,60,,,,,,,,,,22,03,yes,no,no,2025-07-29_14h42.07.153,EXNAT_4_TMS_Psychopy2024.2.5.psyexp,2024.2.5,2025-07-29 14h46.27.272763 +0200,
0,0,0,0,0,0,0,,,,,,,,,#88BA3F,23.56986975669861,False,space,correct rejection,None,502.64453887939453,text_15,20,1,2back_dual_main_click,2,einen,1,1,2,120,60,,,,,,,,,,22,03,yes,no,no,2025-07-29_14h42.07.153,EXNAT_4_TMS_Psychopy2024.2.5.psyexp,2024.2.5,2025-07-29 14h46.27.272763 +0200,
0,0,0,0,0,0,0,,,,,,,,,#2AB7EF,24.11463475227356,True,space,miss,None,533.8475704193115,text_15,21,1,2back_dual_main_click,2,Schilling,1,1,2,120,60,,,,,,,,,,22,03,yes,no,no,2025-07-29_14h42.07.153,EXNAT_4_TMS_Psychopy2024.2.5.psyexp,2024.2.5,2025-07-29 14h46.27.272763 +0200,
0,0,0,0,0,0,0,,,,,,,,,#88BA3F,24.687554597854614,True,space,miss,None,488.96074295043945,text_15,22,1,2back_dual_main_click,2,konnten,1,1,2,120,60,,,,,,,,,,22,03,yes,no,no,2025-07-29_14h42.07.153,EXNAT_4_TMS_Psychopy2024.2.5.psyexp,2024.2.5,2025-07-29 14h46.27.272763 +0200,
0,0,0,0,0,0,0,,,,,,,,,#2AB7EF,25.21337866783142,True,space,miss,None,394.9780464172363,text_15,23,1,2back_dual_main_click,2,auch,1,1,2,120,60,,,,,,,,,,22,03,yes,no,no,2025-07-29_14h42.07.153,EXNAT_4_TMS_Psychopy2024.2.5.psyexp,2024.2.5,2025-07-29 14h46.27.272763 +0200,
0,0,0,0,0,0,0,,,,,,,,,#D292F3,25.648741960525513,False,space,correct rejection,None,487.7965450286865,text_15,24,1,2back_dual_main_click,2,weniger,2,1,3,120,60,25.802273273468018,,,,,,,,,22,03,yes,no,no,2025-07-29_14h42.07.153,EXNAT_4_TMS_Psychopy2024.2.5.psyexp,2024.2.5,2025-07-29 14h46.27.272763 +0200,
0,0,0,0,0,0,0,,,,,,,,,#D292F3,26.17703890800476,False,space,correct rejection,None,407.44495391845703,text_15,25,1,2back_dual_main_click,2,wohlhabende,2,1,3,120,60,,,,,,,,,,22,03,yes,no,no,2025-07-29_14h42.07.153,EXNAT_4_TMS_Psychopy2024.2.5.psyexp,2024.2.5,2025-07-29 14h46.27.272763 +0200,
0,0,0,0,0,0,0,,,,,,,,,#F989A2,26.623392820358276,False,space,correct rejection,None,489.08472061157227,text_15,26,1,2back_dual_main_click,2,Menschen,2,1,3,120,60,,,,,,,,,,22,03,yes,no,no,2025-07-29_14h42.07.153,EXNAT_4_TMS_Psychopy2024.2.5.psyexp,2024.2.5,2025-07-29 14h46.27.272763 +0200,
0,0,0,0,0,0,0,,,,,,,,,#88BA3F,27.150218725204468,False,space,correct rejection,None,490.34976959228516,text_15,27,1,2back_dual_main_click,2,reisen.,2,1,3,120,60,,,,,,,,,,22,03,yes,no,no,2025-07-29_14h42.07.153,EXNAT_4_TMS_Psychopy2024.2.5.psyexp,2024.2.5,2025-07-29 14h46.27.272763 +0200,
0,0,0,0,0,0,0,,,,,,,,,#88BA3F,27.68043351173401,False,space,correct rejection,None,472.11289405822754,text_15,28,1,2back_dual_main_click,2,Vier,2,1,3,120,60,,,,,,,,,,22,03,yes,no,no,2025-07-29_14h42.07.153,EXNAT_4_TMS_Psychopy2024.2.5.psyexp,2024.2.5,2025-07-29 14h46.27.272763 +0200,
0,0,0,0,0,0,0,,,,,,,,,#D292F3,28.190628051757812,False,space,correct rejection,None,377.87580490112305,text_15,29,1,2back_dual_main_click,2,Jahre,2,1,3,120,60,,,,,,,,,,22,03,yes,no,no,2025-07-29_14h42.07.153,EXNAT_4_TMS_Psychopy2024.2.5.psyexp,2024.2.5,2025-07-29 14h46.27.272763 +0200,
0,0,0,0,0,0,0,,,,,,,,,#2AB7EF,28.610485553741455,False,space,correct rejection,None,517.8358554840088,text_15,30,1,2back_dual_main_click,2,später,2,1,3,120,60,,,,,,,,,,22,03,yes,no,no,2025-07-29_14h42.07.153,EXNAT_4_TMS_Psychopy2024.2.5.psyexp,2024.2.5,2025-07-29 14h46.27.272763 +0200,
0,0,0,0,0,0,0,,,,,,,,,#F989A2,29.167075634002686,False,space,correct rejection,None,409.4548225402832,text_15,31,1,2back_dual_main_click,2,bot,2,1,3,120,60,,,,,,,,,,22,03,yes,no,no,2025-07-29_14h42.07.153,EXNAT_4_TMS_Psychopy2024.2.5.psyexp,2024.2.5,2025-07-29 14h46.27.272763 +0200,
0,0,0,0,0,0,0,,,,,,,,,#88BA3F,29.614718198776245,False,space,correct rejection,None,441.8778419494629,text_15,32,1,2back_dual_main_click,2,Cook,2,1,3,120,60,,,,,,,,,,22,03,yes,no,no,2025-07-29_14h42.07.153,EXNAT_4_TMS_Psychopy2024.2.5.psyexp,2024.2.5,2025-07-29 14h46.27.272763 +0200,
0,0,0,0,0,0,0,,,,,,,,,#D292F3,30.094881057739258,False,space,correct rejection,None,441.62440299987793,text_15,33,1,2back_dual_main_click,2,eigene,2,1,3,120,60,,,,,,,,,,22,03,yes,no,no,2025-07-29_14h42.07.153,EXNAT_4_TMS_Psychopy2024.2.5.psyexp,2024.2.5,2025-07-29 14h46.27.272763 +0200,
0,0,0,0,0,0,0,,,,,,,,,#2AB7EF,30.576565742492676,False,space,correct rejection,None,535.9809398651123,text_15,34,1,2back_dual_main_click,2,Reisen,3,1,4,120,60,30.802252054214478,,,,,,,,,22,03,yes,no,no,2025-07-29_14h42.07.153,EXNAT_4_TMS_Psychopy2024.2.5.psyexp,2024.2.5,2025-07-29 14h46.27.272763 +0200,
0,0,0,0,0,0,0,,,,,,,,,#2AB7EF,31.150251388549805,False,space,correct rejection,None,298.17795753479004,text_15,35,1,2back_dual_main_click,2,"an,",3,1,4,120,60,,,,,,,,,,22,03,yes,no,no,2025-07-29_14h42.07.153,EXNAT_4_TMS_Psychopy2024.2.5.psyexp,2024.2.5,2025-07-29 14h46.27.272763 +0200,
0,0,0,0,0,0,0,,,,,,,,,#F989A2,31.48711133003235,False,space,correct rejection,None,489.40587043762207,text_15,36,1,2back_dual_main_click,2,musste,3,1,4,120,60,,,,,,,,,,22,03,yes,no,no,2025-07-29_14h42.07.153,EXNAT_4_TMS_Psychopy2024.2.5.psyexp,2024.2.5,2025-07-29 14h46.27.272763 +0200,
0,0,0,0,0,0,0,,,,,,,,,#F989A2,32.01629281044006,False,space,correct rejection,None,440.25707244873047,text_15,37,1,2back_dual_main_click,2,aber,3,1,4,120,60,,,,,,,,,,22,03,yes,no,no,2025-07-29_14h42.07.153,EXNAT_4_TMS_Psychopy2024.2.5.psyexp,2024.2.5,2025-07-29 14h46.27.272763 +0200,
0,0,0,0,0,0,0,,,,,,,,,#2AB7EF,32.496618032455444,False,space,correct rejection,None,535.7434749603271,text_15,38,1,2back_dual_main_click,2,bald,3,1,4,120,60,,,,,,,,,,22,03,yes,no,no,2025-07-29_14h42.07.153,EXNAT_4_TMS_Psychopy2024.2.5.psyexp,2024.2.5,2025-07-29 14h46.27.272763 +0200,
0,0,0,0,0,0,0,,,,,,,,,#D292F3,33.07230734825134,False,space,correct rejection,None,536.2536907196045,text_15,39,1,2back_dual_main_click,2,Insolvenz,3,1,4,120,60,,,,,,,,,,22,03,yes,no,no,2025-07-29_14h42.07.153,EXNAT_4_TMS_Psychopy2024.2.5.psyexp,2024.2.5,2025-07-29 14h46.27.272763 +0200,
0,0,0,0,0,0,0,,,,,,,,,#F989A2,33.647958755493164,False,space,correct rejection,None,520.6389427185059,text_15,40,1,2back_dual_main_click,2,anmelden.,3,1,4,120,60,,,,,,,,,,22,03,yes,no,no,2025-07-29_14h42.07.153,EXNAT_4_TMS_Psychopy2024.2.5.psyexp,2024.2.5,2025-07-29 14h46.27.272763 +0200,
0,0,0,0,0,0,0,,,,,,,,,#D292F3,34.20828652381897,True,space,miss,None,520.2062129974365,text_15,41,1,2back_dual_main_click,2,Er,3,1,4,120,60,,,,,,,,,,22,03,yes,no,no,2025-07-29_14h42.07.153,EXNAT_4_TMS_Psychopy2024.2.5.psyexp,2024.2.5,2025-07-29 14h46.27.272763 +0200,
0,0,0,0,0,0,0,,,,,,,,,#D292F3,34.76871705055237,False,space,correct rejection,None,439.8150444030762,text_15,42,1,2back_dual_main_click,2,erholte,3,1,4,120,60,,,,,,,,,,22,03,yes,no,no,2025-07-29_14h42.07.153,EXNAT_4_TMS_Psychopy2024.2.5.psyexp,2024.2.5,2025-07-29 14h46.27.272763 +0200,
0,0,0,0,0,0,0,,,,,,,,,#2AB7EF,35.24796223640442,False,space,correct rejection,None,472.5198745727539,text_15,43,1,2back_dual_main_click,2,sich,3,1,4,120,60,,,,,,,,,,22,03,yes,no,no,2025-07-29_14h42.07.153,EXNAT_4_TMS_Psychopy2024.2.5.psyexp,2024.2.5,2025-07-29 14h46.27.272763 +0200,
0,0,0,0,0,0,0,,,,,,,,,#88BA3F,35.762752056121826,False,space,correct rejection,None,501.7735958099365,text_15,44,1,2back_dual_main_click,2,jedoch,3,1,4,120,60,,,,,,,,,,22,03,yes,no,no,2025-07-29_14h42.07.153,EXNAT_4_TMS_Psychopy2024.2.5.psyexp,2024.2.5,2025-07-29 14h46.27.272763 +0200,
0,0,0,0,0,0,0,,,,,,,,,#88BA3F,36.30477476119995,False,space,correct rejection,None,583.7535858154297,text_15,45,1,2back_dual_main_click,2,davon,3,1,4,120,60,,,,,,,,,,22,03,yes,no,no,2025-07-29_14h42.07.153,EXNAT_4_TMS_Psychopy2024.2.5.psyexp,2024.2.5,2025-07-29 14h46.27.272763 +0200,
0,0,0,0,0,0,0,,,,,,,,,#F989A2,36.92759108543396,False,space,correct rejection,None,536.9422435760498,text_15,46,1,2back_dual_main_click,2,und,3,1,4,120,60,,,,,,,,,,22,03,yes,no,no,2025-07-29_14h42.07.153,EXNAT_4_TMS_Psychopy2024.2.5.psyexp,2024.2.5,2025-07-29 14h46.27.272763 +0200,
0,0,0,0,0,0,0,,,,,,,,,#88BA3F,37.50308084487915,True,space,miss,None,377.4569034576416,text_15,47,1,2back_dual_main_click,2,plante,3,2,5,120,60,37.56271028518677,,,,,,,,,22,03,yes,no,no,2025-07-29_14h42.07.153,EXNAT_4_TMS_Psychopy2024.2.5.psyexp,2024.2.5,2025-07-29 14h46.27.272763 +0200,
0,0,0,0,0,0,0,,,,,,,,,#2AB7EF,37.92389750480652,False,space,correct rejection,None,468.6427116394043,text_15,48,1,2back_dual_main_click,2,größere,3,2,5,120,60,,,,,,,,,,22,03,yes,no,no,2025-07-29_14h42.07.153,EXNAT_4_TMS_Psychopy2024.2.5.psyexp,2024.2.5,2025-07-29 14h46.27.272763 +0200,
0,0,0,0,0,0,0,,,,,,,,,#D292F3,38.433295011520386,False,space,correct rejection,None,487.32948303222656,text_15,49,1,2back_dual_main_click,2,Touren,3,2,5,120,60,,,,,,,,,,22,03,yes,no,no,2025-07-29_14h42.07.153,EXNAT_4_TMS_Psychopy2024.2.5.psyexp,2024.2.5,2025-07-29 14h46.27.272763 +0200,
0,0,0,0,0,0,0,,,,,,,,,#2AB7EF,38.96270132064819,True,space,miss,None,453.8459777832031,text_15,50,1,2back_dual_main_click,2,in,3,2,5,120,60,,,,,,,,,,22,03,yes,no,no,2025-07-29_14h42.07.153,EXNAT_4_TMS_Psychopy2024.2.5.psyexp,2024.2.5,2025-07-29 14h46.27.272763 +0200,
0,0,0,0,0,0,0,,,,,,,,,#F989A2,39.455931663513184,False,space,correct rejection,None,456.6056728363037,text_15,51,1,2back_dual_main_click,2,die,3,2,5,120,60,,,,,,,,,,22,03,yes,no,no,2025-07-29_14h42.07.153,EXNAT_4_TMS_Psychopy2024.2.5.psyexp,2024.2.5,2025-07-29 14h46.27.272763 +0200,
0,0,0,0,0,0,0,,,,,,,,,#2AB7EF,39.95217490196228,True,space,miss,None,424.47972297668457,text_15,52,1,2back_dual_main_click,2,"Alpen,",3,2,5,120,60,,,,,,,,,,22,03,yes,no,no,2025-07-29_14h42.07.153,EXNAT_4_TMS_Psychopy2024.2.5.psyexp,2024.2.5,2025-07-29 14h46.27.272763 +0200,
0,0,0,0,0,0,0,,,,,,,,,#F989A2,40.41560077667236,True,l,hit,392.9612636566162,648.8862037658691,text_15,53,1,2back_dual_main_click,2,nach,3,2,5,120,60,,,,,,,,,,22,03,yes,no,no,2025-07-29_14h42.07.153,EXNAT_4_TMS_Psychopy2024.2.5.psyexp,2024.2.5,2025-07-29 14h46.27.272763 +0200,
0,0,0,0,0,0,0,,,,,,,,,#D292F3,41.10224413871765,False,space,correct rejection,None,426.47528648376465,text_15,54,1,2back_dual_main_click,2,Italien,3,2,5,120,60,,,,,,,,,,22,03,yes,no,no,2025-07-29_14h42.07.153,EXNAT_4_TMS_Psychopy2024.2.5.psyexp,2024.2.5,2025-07-29 14h46.27.272763 +0200,
0,0,0,0,0,0,0,,,,,,,,,#88BA3F,41.56866502761841,False,space,correct rejection,None,503.95846366882324,text_15,55,1,2back_dual_main_click,2,oder,3,2,5,120,60,,,,,,,,,,22,03,yes,no,no,2025-07-29_14h42.07.153,EXNAT_4_TMS_Psychopy2024.2.5.psyexp,2024.2.5,2025-07-29 14h46.27.272763 +0200,
0,0,0,0,0,0,0,,,,,,,,,#F989A2,42.11478400230408,False,space,correct rejection,None,469.76470947265625,text_15,56,1,2back_dual_main_click,2,Griechenland.,3,2,5,120,60,,,,,,,,,,22,03,yes,no,no,2025-07-29_14h42.07.153,EXNAT_4_TMS_Psychopy2024.2.5.psyexp,2024.2.5,2025-07-29 14h46.27.272763 +0200,
0,0,0,0,0,0,0,,,,,,,,,#D292F3,42.623380184173584,False,space,correct rejection,None,553.1532764434814,text_15,57,1,2back_dual_main_click,2,"Reisen,",4,2,6,120,60,42.67673206329346,,,,,,,,,22,03,yes,no,no,2025-07-29_14h42.07.153,EXNAT_4_TMS_Psychopy2024.2.5.psyexp,2024.2.5,2025-07-29 14h46.27.272763 +0200,
0,0,0,0,0,0,0,,,,,,,,,#F989A2,43.21702241897583,True,space,miss,None,375.6110668182373,text_15,58,1,2back_dual_main_click,2,einst,4,2,6,120,60,,,,,,,,,,22,03,yes,no,no,2025-07-29_14h42.07.153,EXNAT_4_TMS_Psychopy2024.2.5.psyexp,2024.2.5,2025-07-29 14h46.27.272763 +0200,
0,0,0,0,0,0,0,,,,,,,,,#88BA3F,43.6297242641449,False,space,correct rejection,None,458.69970321655273,text_15,59,1,2back_dual_main_click,2,nur,4,2,6,120,60,,,,,,,,,,22,03,yes,no,no,2025-07-29_14h42.07.153,EXNAT_4_TMS_Psychopy2024.2.5.psyexp,2024.2.5,2025-07-29 14h46.27.272763 +0200,
0,0,0,0,0,0,0,,,,,,,,,#88BA3F,44.125561237335205,False,space,correct rejection,None,459.0609073638916,text_15,60,1,2back_dual_main_click,2,dem,4,2,6,120,60,,,,,,,,,,22,03,yes,no,no,2025-07-29_14h42.07.153,EXNAT_4_TMS_Psychopy2024.2.5.psyexp,2024.2.5,2025-07-29 14h46.27.272763 +0200,
0,0,0,0,0,0,0,,,,,,,,,#2AB7EF,44.62482166290283,False,space,correct rejection,None,423.69914054870605,text_15,61,1,2back_dual_main_click,2,Adel,4,2,6,120,60,,,,,,,,,,22,03,yes,no,no,2025-07-29_14h42.07.153,EXNAT_4_TMS_Psychopy2024.2.5.psyexp,2024.2.5,2025-07-29 14h46.27.272763 +0200,
0,0,0,0,0,0,0,,,,,,,,,#2AB7EF,45.08839774131775,False,space,correct rejection,None,504.18782234191895,text_15,62,1,2back_dual_main_click,2,"vorbehalten,",4,2,6,120,60,,,,,,,,,,22,03,yes,no,no,2025-07-29_14h42.07.153,EXNAT_4_TMS_Psychopy2024.2.5.psyexp,2024.2.5,2025-07-29 14h46.27.272763 +0200,
0,0,0,0,0,0,0,,,,,,,,,#F989A2,45.63307166099548,False,space,correct rejection,None,407.4513912200928,text_15,63,1,2back_dual_main_click,2,wurde,4,2,6,120,60,,,,,,,,,,22,03,yes,no,no,2025-07-29_14h42.07.153,EXNAT_4_TMS_Psychopy2024.2.5.psyexp,2024.2.5,2025-07-29 14h46.27.272763 +0200,
0,0,0,0,0,0,0,,,,,,,,,#D292F3,46.08162236213684,False,space,correct rejection,None,406.9337844848633,text_15,64,1,2back_dual_main_click,2,durch,4,2,6,120,60,,,,,,,,,,22,03,yes,no,no,2025-07-29_14h42.07.153,EXNAT_4_TMS_Psychopy2024.2.5.psyexp,2024.2.5,2025-07-29 14h46.27.272763 +0200,
0,0,0,0,0,0,0,,,,,,,,,#D292F3,46.52642869949341,False,l,false alarm,442.000150680542,745.9356784820557,text_15,65,1,2back_dual_main_click,2,Cook,4,2,6,120,60,,,,,,,,,,22,03,yes,no,no,2025-07-29_14h42.07.153,EXNAT_4_TMS_Psychopy2024.2.5.psyexp,2024.2.5,2025-07-29 14h46.27.272763 +0200,
0,0,0,0,0,0,0,,,,,,,,,#F989A2,47.31373476982117,False,space,correct rejection,None,374.82666969299316,text_15,66,1,2back_dual_main_click,2,für,4,2,6,120,60,,,,,,,,,,22,03,yes,no,no,2025-07-29_14h42.07.153,EXNAT_4_TMS_Psychopy2024.2.5.psyexp,2024.2.5,2025-07-29 14h46.27.272763 +0200,
0,0,0,0,0,0,0,,,,,,,,,#D292F3,47.72609901428223,True,space,miss,None,474.47729110717773,text_15,67,1,2back_dual_main_click,2,die,4,3,7,120,60,47.77891659736633,,,,,,,,,22,03,yes,no,no,2025-07-29_14h42.07.153,EXNAT_4_TMS_Psychopy2024.2.5.psyexp,2024.2.5,2025-07-29 14h46.27.272763 +0200,
0,0,0,0,0,0,0,,,,,,,,,#88BA3F,48.24016523361206,False,space,correct rejection,None,456.4058780670166,text_15,68,1,2back_dual_main_click,2,Mittelschicht,4,3,7,120,60,,,,,,,,,,22,03,yes,no,no,2025-07-29_14h42.07.153,EXNAT_4_TMS_Psychopy2024.2.5.psyexp,2024.2.5,2025-07-29 14h46.27.272763 +0200,
0,0,0,0,0,0,0,,,,,,,,,#88BA3F,48.73859524726868,False,space,correct rejection,None,470.0205326080322,text_15,69,1,2back_dual_main_click,2,möglich.,4,3,7,120,60,,,,,,,,,,22,03,yes,no,no,2025-07-29_14h42.07.153,EXNAT_4_TMS_Psychopy2024.2.5.psyexp,2024.2.5,2025-07-29 14h46.27.272763 +0200,
0,0,0,0,0,0,0,,,,,,,,,#88BA3F,49.248183488845825,True,space,miss,None,472.3813533782959,text_15,70,1,2back_dual_main_click,2,Sein,4,3,7,120,60,,,,,,,,,,22,03,yes,no,no,2025-07-29_14h42.07.153,EXNAT_4_TMS_Psychopy2024.2.5.psyexp,2024.2.5,2025-07-29 14h46.27.272763 +0200,
0,0,0,0,0,0,0,,,,,,,,,#F989A2,49.760260581970215,False,space,correct rejection,None,504.3206214904785,text_15,71,1,2back_dual_main_click,2,Ruf,4,3,7,120,60,,,,,,,,,,22,03,yes,no,no,2025-07-29_14h42.07.153,EXNAT_4_TMS_Psychopy2024.2.5.psyexp,2024.2.5,2025-07-29 14h46.27.272763 +0200,
0,0,0,0,0,0,0,,,,,,,,,#2AB7EF,50.302680015563965,False,space,correct rejection,None,425.9817600250244,text_15,72,1,2back_dual_main_click,2,als,4,3,7,120,60,,,,,,,,,,22,03,yes,no,no,2025-07-29_14h42.07.153,EXNAT_4_TMS_Psychopy2024.2.5.psyexp,2024.2.5,2025-07-29 14h46.27.272763 +0200,
0,0,0,0,0,0,0,,,,,,,,,#88BA3F,50.7694673538208,False,space,correct rejection,None,486.9060516357422,text_15,73,1,2back_dual_main_click,2,Begründer,4,3,7,120,60,,,,,,,,,,22,03,yes,no,no,2025-07-29_14h42.07.153,EXNAT_4_TMS_Psychopy2024.2.5.psyexp,2024.2.5,2025-07-29 14h46.27.272763 +0200,
0,0,0,0,0,0,0,,,,,,,,,#88BA3F,51.29699468612671,False,space,correct rejection,None,455.6002616882324,text_15,74,1,2back_dual_main_click,2,des,4,3,7,120,60,,,,,,,,,,22,03,yes,no,no,2025-07-29_14h42.07.153,EXNAT_4_TMS_Psychopy2024.2.5.psyexp,2024.2.5,2025-07-29 14h46.27.272763 +0200,
0,0,0,0,0,0,0,,,,,,,,,#D292F3,51.79207158088684,False,space,correct rejection,None,440.49572944641113,text_15,75,1,2back_dual_main_click,2,Massentourismus,4,3,7,120,60,,,,,,,,,,22,03,yes,no,no,2025-07-29_14h42.07.153,EXNAT_4_TMS_Psychopy2024.2.5.psyexp,2024.2.5,2025-07-29 14h46.27.272763 +0200,
0,0,0,0,0,0,0,,,,,,,,,#D292F3,52.270790576934814,False,space,correct rejection,None,489.78590965270996,text_15,76,1,2back_dual_main_click,2,ist,4,3,7,120,60,,,,,,,,,,22,03,yes,no,no,2025-07-29_14h42.07.153,EXNAT_4_TMS_Psychopy2024.2.5.psyexp,2024.2.5,2025-07-29 14h46.27.272763 +0200,
0,0,0,0,0,0,0,,,,,,,,,#2AB7EF,52.803470611572266,False,space,correct rejection,None,389.1615867614746,text_15,77,1,2back_dual_main_click,2,auch,5,3,8,120,60,52.85974335670471,,,,,,,,,22,03,yes,no,no,2025-07-29_14h42.07.153,EXNAT_4_TMS_Psychopy2024.2.5.psyexp,2024.2.5,2025-07-29 14h46.27.272763 +0200,
0,0,0,0,0,0,0,,,,,,,,,#D292F3,53.23289370536804,True,l,hit,407.6724052429199,631.6514015197754,text_15,78,1,2back_dual_main_click,2,einer,5,3,8,120,60,,,,,,,,,,22,03,yes,no,no,2025-07-29_14h42.07.153,EXNAT_4_TMS_Psychopy2024.2.5.psyexp,2024.2.5,2025-07-29 14h46.27.272763 +0200,
0,0,0,0,0,0,0,,,,,,,,,#F989A2,53.90380263328552,False,space,correct rejection,None,472.6269245147705,text_15,79,1,2back_dual_main_click,2,gezielten,5,3,8,120,60,,,,,,,,,,22,03,yes,no,no,2025-07-29_14h42.07.153,EXNAT_4_TMS_Psychopy2024.2.5.psyexp,2024.2.5,2025-07-29 14h46.27.272763 +0200,
0,0,0,0,0,0,0,,,,,,,,,#2AB7EF,54.41690635681152,False,space,correct rejection,None,535.6647968292236,text_15,80,1,2back_dual_main_click,2,Marketingstrategie,5,3,8,120,60,,,,,,,,,,22,03,yes,no,no,2025-07-29_14h42.07.153,EXNAT_4_TMS_Psychopy2024.2.5.psyexp,2024.2.5,2025-07-29 14h46.27.272763 +0200,
0,0,0,0,0,0,0,,,,,,,,,#88BA3F,54.99242687225342,False,space,correct rejection,None,520.207405090332,text_15,81,1,2back_dual_main_click,2,nach,5,3,8,120,60,,,,,,,,,,22,03,yes,no,no,2025-07-29_14h42.07.153,EXNAT_4_TMS_Psychopy2024.2.5.psyexp,2024.2.5,2025-07-29 14h46.27.272763 +0200,
0,0,0,0,0,0,0,,,,,,,,,#2AB7EF,55.552398681640625,True,space,miss,None,440.31620025634766,text_15,82,1,2back_dual_main_click,2,seinem,5,3,8,120,60,,,,,,,,,,22,03,yes,no,no,2025-07-29_14h42.07.153,EXNAT_4_TMS_Psychopy2024.2.5.psyexp,2024.2.5,2025-07-29 14h46.27.272763 +0200,
0,0,0,0,0,0,0,,,,,,,,,#F989A2,56.0328574180603,False,space,correct rejection,None,471.818208694458,text_15,83,1,2back_dual_main_click,2,Tod,5,3,8,120,60,,,,,,,,,,22,03,yes,no,no,2025-07-29_14h42.07.153,EXNAT_4_TMS_Psychopy2024.2.5.psyexp,2024.2.5,2025-07-29 14h46.27.272763 +0200,
0,0,0,0,0,0,0,,,,,,,,,#F989A2,56.54350423812866,False,space,correct rejection,None,409.24525260925293,text_15,84,1,2back_dual_main_click,2,zu,5,3,8,120,60,,,,,,,,,,22,03,yes,no,no,2025-07-29_14h42.07.153,EXNAT_4_TMS_Psychopy2024.2.5.psyexp,2024.2.5,2025-07-29 14h46.27.272763 +0200,
0,0,0,0,0,0,0,,,,,,,,,#F989A2,56.99275827407837,True,space,miss,None,423.9017963409424,text_15,85,1,2back_dual_main_click,2,verdanken.,5,3,8,120,60,,,,,,,,,,22,03,yes,no,no,2025-07-29_14h42.07.153,EXNAT_4_TMS_Psychopy2024.2.5.psyexp,2024.2.5,2025-07-29 14h46.27.272763 +0200,
0,0,0,0,0,0,0,,,,,,,,,#2AB7EF,57.454652070999146,False,space,correct rejection,None,585.8900547027588,text_15,86,1,2back_dual_main_click,2,1865,5,3,8,120,60,,,,,,,,,,22,03,yes,no,no,2025-07-29_14h42.07.153,EXNAT_4_TMS_Psychopy2024.2.5.psyexp,2024.2.5,2025-07-29 14h46.27.272763 +0200,
0,0,0,0,0,0,0,,,,,,,,,#2AB7EF,58.07990550994873,False,space,correct rejection,None,488.71684074401855,text_15,87,1,2back_dual_main_click,2,eröffnete,5,3,8,120,60,,,,,,,,,,22,03,yes,no,no,2025-07-29_14h42.07.153,EXNAT_4_TMS_Psychopy2024.2.5.psyexp,2024.2.5,2025-07-29 14h46.27.272763 +0200,
0,0,0,0,0,0,0,,,,,,,,,#F989A2,58.6068332195282,False,space,correct rejection,None,505.79023361206055,text_15,88,1,2back_dual_main_click,2,er,5,3,8,120,60,,,,,,,,,,22,03,yes,no,no,2025-07-29_14h42.07.153,EXNAT_4_TMS_Psychopy2024.2.5.psyexp,2024.2.5,2025-07-29 14h46.27.272763 +0200,
0,0,0,0,0,0,0,,,,,,,,,#F989A2,59.15193438529968,False,space,correct rejection,None,408.7250232696533,text_15,89,1,2back_dual_main_click,2,in,5,3,8,120,60,,,,,,,,,,22,03,yes,no,no,2025-07-29_14h42.07.153,EXNAT_4_TMS_Psychopy2024.2.5.psyexp,2024.2.5,2025-07-29 14h46.27.272763 +0200,
0,0,0,0,0,0,0,,,,,,,,,#D292F3,59.60022497177124,False,space,correct rejection,None,504.43077087402344,text_15,90,1,2back_dual_main_click,2,London,5,3,8,120,60,,,,,,,,,,22,03,yes,no,no,2025-07-29_14h42.07.153,EXNAT_4_TMS_Psychopy2024.2.5.psyexp,2024.2.5,2025-07-29 14h46.27.272763 +0200,
0,0,0,0,0,0,0,,,,,,,,,#D292F3,60.143343925476074,False,space,correct rejection,None,393.34702491760254,text_15,91,1,2back_dual_main_click,2,sein,5,3,8,120,60,,,,,,,,,,22,03,yes,no,no,2025-07-29_14h42.07.153,EXNAT_4_TMS_Psychopy2024.2.5.psyexp,2024.2.5,2025-07-29 14h46.27.272763 +0200,
0,0,0,0,0,0,0,,,,,,,,,#D292F3,60.57583260536194,True,space,miss,None,488.6147975921631,text_15,92,1,2back_dual_main_click,2,erstes,5,4,9,120,60,60.627501249313354,,,,,,,,,22,03,yes,no,no,2025-07-29_14h42.07.153,EXNAT_4_TMS_Psychopy2024.2.5.psyexp,2024.2.5,2025-07-29 14h46.27.272763 +0200,
0,0,0,0,0,0,0,,,,,,,,,#D292F3,61.10481524467468,True,l,hit,695.8804130554199,903.8169384002686,text_15,93,1,2back_dual_main_click,2,Büro.,5,4,9,120,60,,,,,,,,,,22,03,yes,no,no,2025-07-29_14h42.07.153,EXNAT_4_TMS_Psychopy2024.2.5.psyexp,2024.2.5,2025-07-29 14h46.27.272763 +0200,
0,0,0,0,0,0,0,,,,,,,,,#88BA3F,62.048755168914795,False,space,correct rejection,None,439.9411678314209,text_15,94,1,2back_dual_main_click,2,Später,5,4,9,120,60,,,,,,,,,,22,03,yes,no,no,2025-07-29_14h42.07.153,EXNAT_4_TMS_Psychopy2024.2.5.psyexp,2024.2.5,2025-07-29 14h46.27.272763 +0200,
0,0,0,0,0,0,0,,,,,,,,,#88BA3F,62.52757906913757,False,space,correct rejection,None,489.154577255249,text_15,95,1,2back_dual_main_click,2,übernahm,5,4,9,120,60,,,,,,,,,,22,03,yes,no,no,2025-07-29_14h42.07.153,EXNAT_4_TMS_Psychopy2024.2.5.psyexp,2024.2.5,2025-07-29 14h46.27.272763 +0200,
0,0,0,0,0,0,0,,,,,,,,,#88BA3F,63.056063652038574,True,l,hit,504.64439392089844,728.6405563354492,text_15,96,1,2back_dual_main_click,2,sein,5,4,9,120,60,,,,,,,,,,22,03,yes,no,no,2025-07-29_14h42.07.153,EXNAT_4_TMS_Psychopy2024.2.5.psyexp,2024.2.5,2025-07-29 14h46.27.272763 +0200,
0,0,0,0,0,0,0,,,,,,,,,#D292F3,63.82421064376831,False,space,correct rejection,None,424.5572090148926,text_15,97,1,2back_dual_main_click,2,Sohn,5,4,9,120,60,,,,,,,,,,22,03,yes,no,no,2025-07-29_14h42.07.153,EXNAT_4_TMS_Psychopy2024.2.5.psyexp,2024.2.5,2025-07-29 14h46.27.272763 +0200,
0,0,0,0,0,0,0,,,,,,,,,#F989A2,64.28840517997742,False,space,correct rejection,None,552.2866249084473,text_15,98,1,2back_dual_main_click,2,John,5,4,9,120,60,,,,,,,,,,22,03,yes,no,no,2025-07-29_14h42.07.153,EXNAT_4_TMS_Psychopy2024.2.5.psyexp,2024.2.5,2025-07-29 14h46.27.272763 +0200,
0,0,0,0,0,0,0,,,,,,,,,#D292F3,64.87889075279236,True,space,miss,None,441.85876846313477,text_15,99,1,2back_dual_main_click,2,die,5,4,9,120,60,,,,,,,,,,22,03,yes,no,no,2025-07-29_14h42.07.153,EXNAT_4_TMS_Psychopy2024.2.5.psyexp,2024.2.5,2025-07-29 14h46.27.272763 +0200,
0,0,0,0,0,0,0,,,,,,,,,#F989A2,65.35924434661865,True,space,miss,None,665.4000282287598,text_15,100,1,2back_dual_main_click,2,Leitung.,5,5,10,120,60,65.62742638587952,,,,,,,,,22,03,yes,no,no,2025-07-29_14h42.07.153,EXNAT_4_TMS_Psychopy2024.2.5.psyexp,2024.2.5,2025-07-29 14h46.27.272763 +0200,
0,0,0,0,0,0,0,,,,,,,,,#2AB7EF,66.06652069091797,False,space,correct rejection,None,422.17564582824707,text_15,101,1,2back_dual_main_click,2,1873,5,5,10,120,60,,,,,,,,,,22,03,yes,no,no,2025-07-29_14h42.07.153,EXNAT_4_TMS_Psychopy2024.2.5.psyexp,2024.2.5,2025-07-29 14h46.27.272763 +0200,
0,0,0,0,0,0,0,,,,,,,,,#2AB7EF,66.52915692329407,False,space,correct rejection,None,391.5677070617676,text_15,102,1,2back_dual_main_click,2,erfüllte,5,5,10,120,60,,,,,,,,,,22,03,yes,no,no,2025-07-29_14h42.07.153,EXNAT_4_TMS_Psychopy2024.2.5.psyexp,2024.2.5,2025-07-29 14h46.27.272763 +0200,
0,0,0,0,0,0,0,,,,,,,,,#88BA3F,66.95936059951782,False,space,correct rejection,None,553.272008895874,text_15,103,1,2back_dual_main_click,2,sich,5,5,10,120,60,,,,,,,,,,22,03,yes,no,no,2025-07-29_14h42.07.153,EXNAT_4_TMS_Psychopy2024.2.5.psyexp,2024.2.5,2025-07-29 14h46.27.272763 +0200,
0,0,0,0,0,0,0,,,,,,,,,#88BA3F,67.55159902572632,False,space,correct rejection,None,505.0389766693115,text_15,104,1,2back_dual_main_click,2,Thomas,5,5,10,120,60,,,,,,,,,,22,03,yes,no,no,2025-07-29_14h42.07.153,EXNAT_4_TMS_Psychopy2024.2.5.psyexp,2024.2.5,2025-07-29 14h46.27.272763 +0200,
0,0,0,0,0,0,0,,,,,,,,,#88BA3F,68.09552812576294,True,space,miss,None,393.2011127471924,text_15,105,1,2back_dual_main_click,2,Cook,5,5,10,120,60,,,,,,,,,,22,03,yes,no,no,2025-07-29_14h42.07.153,EXNAT_4_TMS_Psychopy2024.2.5.psyexp,2024.2.5,2025-07-29 14h46.27.272763 +0200,
0,0,0,0,0,0,0,,,,,,,,,#D292F3,68.5272707939148,False,space,correct rejection,None,425.5707263946533,text_15,106,1,2back_dual_main_click,2,seinen,5,5,10,120,60,,,,,,,,,,22,03,yes,no,no,2025-07-29_14h42.07.153,EXNAT_4_TMS_Psychopy2024.2.5.psyexp,2024.2.5,2025-07-29 14h46.27.272763 +0200,
0,0,0,0,0,0,0,,,,,,,,,#2AB7EF,68.99285340309143,False,space,correct rejection,None,471.7390537261963,text_15,107,1,2back_dual_main_click,2,Lebenstraum,5,5,10,120,60,,,,,,,,,,22,03,yes,no,no,2025-07-29_14h42.07.153,EXNAT_4_TMS_Psychopy2024.2.5.psyexp,2024.2.5,2025-07-29 14h46.27.272763 +0200,
0,0,0,0,0,0,0,,,,,,,,,#88BA3F,69.50293493270874,False,space,correct rejection,None,441.87331199645996,text_15,108,1,2back_dual_main_click,2,von,5,5,10,120,60,,,,,,,,,,22,03,yes,no,no,2025-07-29_14h42.07.153,EXNAT_4_TMS_Psychopy2024.2.5.psyexp,2024.2.5,2025-07-29 14h46.27.272763 +0200,
0,0,0,0,0,0,0,,,,,,,,,#F989A2,69.98373079299927,False,space,correct rejection,None,409.06214714050293,text_15,109,1,2back_dual_main_click,2,einer,5,5,10,120,60,,,,,,,,,,22,03,yes,no,no,2025-07-29_14h42.07.153,EXNAT_4_TMS_Psychopy2024.2.5.psyexp,2024.2.5,2025-07-29 14h46.27.272763 +0200,
0,0,0,0,0,0,0,,,,,,,,,#88BA3F,70.43426394462585,True,space,miss,None,598.42848777771,text_15,110,1,2back_dual_main_click,2,222-tägigen,5,6,11,120,60,70.62739896774292,,,,,,,,,22,03,yes,no,no,2025-07-29_14h42.07.153,EXNAT_4_TMS_Psychopy2024.2.5.psyexp,2024.2.5,2025-07-29 14h46.27.272763 +0200,
0,0,0,0,0,0,0,,,,,,,,,#2AB7EF,71.07136154174805,False,space,correct rejection,None,457.2014808654785,text_15,111,1,2back_dual_main_click,2,Weltreise,5,6,11,120,60,,,,,,,,,,22,03,yes,no,no,2025-07-29_14h42.07.153,EXNAT_4_TMS_Psychopy2024.2.5.psyexp,2024.2.5,2025-07-29 14h46.27.272763 +0200,
0,0,0,0,0,0,0,,,,,,,,,#2AB7EF,71.5681700706482,False,space,correct rejection,None,504.5201778411865,text_15,112,1,2back_dual_main_click,2,über,5,6,11,120,60,,,,,,,,,,22,03,yes,no,no,2025-07-29_14h42.07.153,EXNAT_4_TMS_Psychopy2024.2.5.psyexp,2024.2.5,2025-07-29 14h46.27.272763 +0200,
0,0,0,0,0,0,0,,,,,,,,,#D292F3,72.11393022537231,False,space,correct rejection,None,518.8164710998535,text_15,113,1,2back_dual_main_click,2,40.000,5,6,11,120,60,,,,,,,,,,22,03,yes,no,no,2025-07-29_14h42.07.153,EXNAT_4_TMS_Psychopy2024.2.5.psyexp,2024.2.5,2025-07-29 14h46.27.272763 +0200,
0,0,0,0,0,0,0,,,,,,,,,#88BA3F,72.67216897010803,False,space,correct rejection,None,696.3698863983154,text_15,114,1,2back_dual_main_click,2,Kilometer.,5,6,11,120,60,,,,,,,,,,22,03,yes,no,no,2025-07-29_14h42.07.153,EXNAT_4_TMS_Psychopy2024.2.5.psyexp,2024.2.5,2025-07-29 14h46.27.272763 +0200,
0,0,0,0,0,0,0,,,,,,,,,#D292F3,73.4101984500885,True,space,miss,None,502.4676322937012,text_15,115,1,2back_dual_main_click,2,Doch,5,6,11,120,60,,,,,,,,,,22,03,yes,no,no,2025-07-29_14h42.07.153,EXNAT_4_TMS_Psychopy2024.2.5.psyexp,2024.2.5,2025-07-29 14h46.27.272763 +0200,
0,0,0,0,0,0,0,,,,,,,,,#2AB7EF,73.9512779712677,False,space,correct rejection,None,361.4015579223633,text_15,116,1,2back_dual_main_click,2,es,5,6,11,120,60,,,,,,,,,,22,03,yes,no,no,2025-07-29_14h42.07.153,EXNAT_4_TMS_Psychopy2024.2.5.psyexp,2024.2.5,2025-07-29 14h46.27.272763 +0200,
0,0,0,0,0,0,0,,,,,,,,,#F989A2,74.35074758529663,False,space,correct rejection,None,457.96751976013184,text_15,117,1,2back_dual_main_click,2,kam,5,6,11,120,60,,,,,,,,,,22,03,yes,no,no,2025-07-29_14h42.07.153,EXNAT_4_TMS_Psychopy2024.2.5.psyexp,2024.2.5,2025-07-29 14h46.27.272763 +0200,
0,0,0,0,0,0,0,,,,,,,,,#F989A2,74.84645581245422,False,space,correct rejection,None,442.305326461792,text_15,118,1,2back_dual_main_click,2,zu,5,6,11,120,60,,,,,,,,,,22,03,yes,no,no,2025-07-29_14h42.07.153,EXNAT_4_TMS_Psychopy2024.2.5.psyexp,2024.2.5,2025-07-29 14h46.27.272763 +0200,
0,0,0,0,0,0,0,,,,,,,,,#D292F3,75.32732057571411,False,space,correct rejection,None,489.5484447479248,text_15,119,1,2back_dual_main_click,2,Konflikten,5,6,11,120,60,,,,,,,,,,22,03,yes,no,no,2025-07-29_14h42.07.153,EXNAT_4_TMS_Psychopy2024.2.5.psyexp,2024.2.5,2025-07-29 14h46.27.272763 +0200,
0,0,0,0,0,0,0,,,,,,,,,#F989A2,75.85492968559265,True,space,miss,None,441.85757637023926,text_15,120,1,2back_dual_main_click,2,mit,5,7,12,120,60,75.91042685508728,,,,,,,,,22,03,yes,no,no,2025-07-29_14h42.07.153,EXNAT_4_TMS_Psychopy2024.2.5.psyexp,2024.2.5,2025-07-29 14h46.27.272763 +0200,
0,0,0,0,0,0,0,,,,,,,,,#D292F3,76.33581280708313,True,space,miss,None,424.93605613708496,text_15,121,1,2back_dual_main_click,2,seinem,5,7,12,120,60,,,,,,,,,,22,03,yes,no,no,2025-07-29_14h42.07.153,EXNAT_4_TMS_Psychopy2024.2.5.psyexp,2024.2.5,2025-07-29 14h46.27.272763 +0200,
0,0,0,0,0,0,0,,,,,,,,,#D292F3,76.80101037025452,False,space,correct rejection,None,455.6736946105957,text_15,122,1,2back_dual_main_click,2,"Sohn,",5,7,12,120,60,,,,,,,,,,22,03,yes,no,no,2025-07-29_14h42.07.153,EXNAT_4_TMS_Psychopy2024.2.5.psyexp,2024.2.5,2025-07-29 14h46.27.272763 +0200,
0,0,0,0,0,0,0,,,,,,,,,#2AB7EF,77.29477763175964,False,space,correct rejection,None,554.0628433227539,text_15,123,1,2back_dual_main_click,2,der,5,7,12,120,60,,,,,,,,,,22,03,yes,no,no,2025-07-29_14h42.07.153,EXNAT_4_TMS_Psychopy2024.2.5.psyexp,2024.2.5,2025-07-29 14h46.27.272763 +0200,
0,0,0,0,0,0,0,,,,,,,,,#2AB7EF,77.88870739936829,False,space,correct rejection,None,471.90284729003906,text_15,124,1,2back_dual_main_click,2,das,5,7,12,120,60,,,,,,,,,,22,03,yes,no,no,2025-07-29_14h42.07.153,EXNAT_4_TMS_Psychopy2024.2.5.psyexp,2024.2.5,2025-07-29 14h46.27.272763 +0200,
0,0,0,0,0,0,0,,,,,,,,,#D292F3,78.40140652656555,False,space,correct rejection,None,487.28108406066895,text_15,125,1,2back_dual_main_click,2,Unternehmen,5,7,12,120,60,,,,,,,,,,22,03,yes,no,no,2025-07-29_14h42.07.153,EXNAT_4_TMS_Psychopy2024.2.5.psyexp,2024.2.5,2025-07-29 14h46.27.272763 +0200,
0,0,0,0,0,0,0,,,,,,,,,#F989A2,78.92581391334534,False,space,correct rejection,None,394.885778427124,text_15,126,1,2back_dual_main_click,2,in,5,7,12,120,60,,,,,,,,,,22,03,yes,no,no,2025-07-29_14h42.07.153,EXNAT_4_TMS_Psychopy2024.2.5.psyexp,2024.2.5,2025-07-29 14h46.27.272763 +0200,
0,0,0,0,0,0,0,,,,,,,,,#88BA3F,79.35908889770508,False,space,correct rejection,None,409.5807075500488,text_15,127,1,2back_dual_main_click,2,seiner,5,7,12,120,60,,,,,,,,,,22,03,yes,no,no,2025-07-29_14h42.07.153,EXNAT_4_TMS_Psychopy2024.2.5.psyexp,2024.2.5,2025-07-29 14h46.27.272763 +0200,
0,0,0,0,0,0,0,,,,,,,,,#88BA3F,79.8114218711853,False,space,correct rejection,None,437.3507499694824,text_15,128,1,2back_dual_main_click,2,Abwesenheit,5,7,12,120,60,,,,,,,,,,22,03,yes,no,no,2025-07-29_14h42.07.153,EXNAT_4_TMS_Psychopy2024.2.5.psyexp,2024.2.5,2025-07-29 14h46.27.272763 +0200,
0,0,0,0,0,0,0,,,,,,,,,#F989A2,80.28910756111145,False,space,correct rejection,None,423.6912727355957,text_15,129,1,2back_dual_main_click,2,vergrößerte.,5,7,12,120,60,,,,,,,,,,22,03,yes,no,no,2025-07-29_14h42.07.153,EXNAT_4_TMS_Psychopy2024.2.5.psyexp,2024.2.5,2025-07-29 14h46.27.272763 +0200,
0,0,0,0,0,0,0,,,,,,,,,#F989A2,80.75208282470703,False,space,correct rejection,None,488.7254238128662,text_15,130,1,2back_dual_main_click,2,Cook,6,7,13,120,60,80.9103627204895,,,,,,,,,22,03,yes,no,no,2025-07-29_14h42.07.153,EXNAT_4_TMS_Psychopy2024.2.5.psyexp,2024.2.5,2025-07-29 14h46.27.272763 +0200,
0,0,0,0,0,0,0,,,,,,,,,#88BA3F,81.2803406715393,False,space,correct rejection,None,392.3037052154541,text_15,131,1,2back_dual_main_click,2,zog,6,7,13,120,60,,,,,,,,,,22,03,yes,no,no,2025-07-29_14h42.07.153,EXNAT_4_TMS_Psychopy2024.2.5.psyexp,2024.2.5,2025-07-29 14h46.27.272763 +0200,
0,0,0,0,0,0,0,,,,,,,,,#2AB7EF,81.71359014511108,False,space,correct rejection,None,455.1219940185547,text_15,132,1,2back_dual_main_click,2,sich,6,7,13,120,60,,,,,,,,,,22,03,yes,no,no,2025-07-29_14h42.07.153,EXNAT_4_TMS_Psychopy2024.2.5.psyexp,2024.2.5,2025-07-29 14h46.27.272763 +0200,
0,0,0,0,0,0,0,,,,,,,,,#F989A2,82.2070517539978,False,space,correct rejection,None,681.6046237945557,text_15,133,1,2back_dual_main_click,2,"zurück,",6,7,13,120,60,,,,,,,,,,22,03,yes,no,no,2025-07-29_14h42.07.153,EXNAT_4_TMS_Psychopy2024.2.5.psyexp,2024.2.5,2025-07-29 14h46.27.272763 +0200,
0,0,0,0,0,0,0,,,,,,,,,#D292F3,82.92755675315857,False,space,correct rejection,None,393.10765266418457,text_15,134,1,2back_dual_main_click,2,erblindete,6,7,13,120,60,,,,,,,,,,22,03,yes,no,no,2025-07-29_14h42.07.153,EXNAT_4_TMS_Psychopy2024.2.5.psyexp,2024.2.5,2025-07-29 14h46.27.272763 +0200,
0,0,0,0,0,0,0,,,,,,,,,#F989A2,83.36010503768921,True,l,hit,472.644567489624,680.5713176727295,text_15,135,1,2back_dual_main_click,2,und,6,7,13,120,60,,,,,,,,,,22,03,yes,no,no,2025-07-29_14h42.07.153,EXNAT_4_TMS_Psychopy2024.2.5.psyexp,2024.2.5,2025-07-29 14h46.27.272763 +0200,
0,0,0,0,0,0,0,,,,,,,,,#88BA3F,84.07971405982971,False,space,correct rejection,None,441.01572036743164,text_15,136,1,2back_dual_main_click,2,starb,6,7,13,120,60,,,,,,,,,,22,03,yes,no,no,2025-07-29_14h42.07.153,EXNAT_4_TMS_Psychopy2024.2.5.psyexp,2024.2.5,2025-07-29 14h46.27.272763 +0200,
0,0,0,0,0,0,0,,,,,,,,,#2AB7EF,84.55915141105652,False,space,correct rejection,None,473.5226631164551,text_15,137,1,2back_dual_main_click,2,nach,6,7,13,120,60,,,,,,,,,,22,03,yes,no,no,2025-07-29_14h42.07.153,EXNAT_4_TMS_Psychopy2024.2.5.psyexp,2024.2.5,2025-07-29 14h46.27.272763 +0200,
0,0,0,0,0,0,0,,,,,,,,,#D292F3,85.07181453704834,False,space,correct rejection,None,488.91258239746094,text_15,138,1,2back_dual_main_click,2,einem,6,7,13,120,60,,,,,,,,,,22,03,yes,no,no,2025-07-29_14h42.07.153,EXNAT_4_TMS_Psychopy2024.2.5.psyexp,2024.2.5,2025-07-29 14h46.27.272763 +0200,
0,0,0,0,0,0,0,,,,,,,,,#D292F3,85.60069131851196,False,space,correct rejection,None,888.0951404571533,text_15,139,1,2back_dual_main_click,2,Schlaganfall.,7,7,14,120,60,85.91038823127747,,,,,,,,,22,03,yes,no,no,2025-07-29_14h42.07.153,EXNAT_4_TMS_Psychopy2024.2.5.psyexp,2024.2.5,2025-07-29 14h46.27.272763 +0200,
0,0,0,0,0,0,0,,,,,,,,,#2AB7EF,86.53001189231873,False,space,correct rejection,None,502.75135040283203,text_15,140,1,2back_dual_main_click,2,Seine,7,7,14,120,60,,,,,,,,,,22,03,yes,no,no,2025-07-29_14h42.07.153,EXNAT_4_TMS_Psychopy2024.2.5.psyexp,2024.2.5,2025-07-29 14h46.27.272763 +0200,
0,0,0,0,0,0,0,,,,,,,,,#F989A2,87.07351851463318,False,space,correct rejection,None,439.1138553619385,text_15,141,1,2back_dual_main_click,2,Nachfahren,7,7,14,120,60,,,,,,,,,,22,03,yes,no,no,2025-07-29_14h42.07.153,EXNAT_4_TMS_Psychopy2024.2.5.psyexp,2024.2.5,2025-07-29 14h46.27.272763 +0200,
0,0,0,0,0,0,0,,,,,,,,,#88BA3F,87.55237412452698,False,space,correct rejection,None,616.3136959075928,text_15,142,1,2back_dual_main_click,2,verkauften,7,7,14,120,60,,,,,,,,,,22,03,yes,no,no,2025-07-29_14h42.07.153,EXNAT_4_TMS_Psychopy2024.2.5.psyexp,2024.2.5,2025-07-29 14h46.27.272763 +0200,
0,0,0,0,0,0,0,,,,,,,,,#88BA3F,88.20827174186707,False,space,correct rejection,None,408.42175483703613,text_15,143,1,2back_dual_main_click,2,das,7,7,14,120,60,,,,,,,,,,22,03,yes,no,no,2025-07-29_14h42.07.153,EXNAT_4_TMS_Psychopy2024.2.5.psyexp,2024.2.5,2025-07-29 14h46.27.272763 +0200,
0,0,0,0,0,0,0,,,,,,,,,#2AB7EF,88.65514707565308,False,space,correct rejection,None,553.5585880279541,text_15,144,1,2back_dual_main_click,2,Unternehmen,7,7,14,120,60,,,,,,,,,,22,03,yes,no,no,2025-07-29_14h42.07.153,EXNAT_4_TMS_Psychopy2024.2.5.psyexp,2024.2.5,2025-07-29 14h46.27.272763 +0200,
0,0,0,0,0,0,0,,,,,,,,,#D292F3,89.24931859970093,False,space,correct rejection,None,407.40132331848145,text_15,145,1,2back_dual_main_click,2,später,7,7,14,120,60,,,,,,,,,,22,03,yes,no,no,2025-07-29_14h42.07.153,EXNAT_4_TMS_Psychopy2024.2.5.psyexp,2024.2.5,2025-07-29 14h46.27.272763 +0200,
0,0,0,0,0,0,0,,,,,,,,,#88BA3F,89.69250464439392,False,space,correct rejection,None,508.2733631134033,text_15,146,1,2back_dual_main_click,2,an,7,7,14,120,60,,,,,,,,,,22,03,yes,no,no,2025-07-29_14h42.07.153,EXNAT_4_TMS_Psychopy2024.2.5.psyexp,2024.2.5,2025-07-29 14h46.27.272763 +0200,
0,0,0,0,0,0,0,,,,,,,,,#D292F3,90.24073529243469,True,space,miss,None,391.9792175292969,text_15,147,1,2back_dual_main_click,2,die,7,7,14,120,60,,,,,,,,,,22,03,yes,no,no,2025-07-29_14h42.07.153,EXNAT_4_TMS_Psychopy2024.2.5.psyexp,2024.2.5,2025-07-29 14h46.27.272763 +0200,
0,0,0,0,0,0,0,,,,,,,,,#D292F3,90.6724488735199,False,space,correct rejection,None,536.2598896026611,text_15,148,1,2back_dual_main_click,2,Betreiber,8,7,15,120,60,90.91032576560974,,,,,,,,,22,03,yes,no,no,2025-07-29_14h42.07.153,EXNAT_4_TMS_Psychopy2024.2.5.psyexp,2024.2.5,2025-07-29 14h46.27.272763 +0200,
0,0,0,0,0,0,0,,,,,,,,,#F989A2,91.24935173988342,False,space,correct rejection,None,519.4363594055176,text_15,149,1,2back_dual_main_click,2,des,8,7,15,120,60,,,,,,,,,,22,03,yes,no,no,2025-07-29_14h42.07.153,EXNAT_4_TMS_Psychopy2024.2.5.psyexp,2024.2.5,2025-07-29 14h46.27.272763 +0200,
0,0,0,0,0,0,0,,,,,,,,,#2AB7EF,91.81023454666138,False,space,correct rejection,None,678.4601211547852,text_15,150,1,2back_dual_main_click,2,Orient-Express.,8,7,15,120,60,,,,,,,,,,22,03,yes,no,no,2025-07-29_14h42.07.153,EXNAT_4_TMS_Psychopy2024.2.5.psyexp,2024.2.5,2025-07-29 14h46.27.272763 +0200,
0,0,0,0,0,0,0,,,,,,,,,,92.54721689224243,,3,,,,text_15,,1,2back_dual_main_click,,,,,,,,,Q1,c,True,,,,,,22,03,yes,no,no,2025-07-29_14h42.07.153,EXNAT_4_TMS_Psychopy2024.2.5.psyexp,2024.2.5,2025-07-29 14h46.27.272763 +0200,
0,0,0,0,0,0,0,,,,,,,,,,100.35594868659973,,2,,,,text_15,,1,2back_dual_main_click,,,,,,,,,Q2,b,True,,,,,,22,03,yes,no,no,2025-07-29_14h42.07.153,EXNAT_4_TMS_Psychopy2024.2.5.psyexp,2024.2.5,2025-07-29 14h46.27.272763 +0200,
0,0,0,0,0,0,0,,,,,,,,,,104.27497005462646,,1,,,,text_15,,1,2back_dual_main_click,,,,,,,,,Q3,a,True,,,,,,22,03,yes,no,no,2025-07-29_14h42.07.153,EXNAT_4_TMS_Psychopy2024.2.5.psyexp,2024.2.5,2025-07-29 14h46.27.272763 +0200,
0,0,0,0,0,0,0,,,,,,,,,#2AB7EF,111.09052658081055,False,space,correct rejection,None,518.2130336761475,text_08,1,2,2back_dual_main_click,2,Nach,9,7,16,120,60,111.14569640159607,,,,,,,,,22,03,yes,no,no,2025-07-29_14h42.07.153,EXNAT_4_TMS_Psychopy2024.2.5.psyexp,2024.2.5,2025-07-29 14h46.27.272763 +0200,
0,0,0,0,0,0,0,,,,,,,,,#D292F3,111.64476203918457,False,space,correct rejection,None,491.9743537902832,text_08,2,2,2back_dual_main_click,2,einem,9,7,16,120,60,,,,,,,,,,22,03,yes,no,no,2025-07-29_14h42.07.153,EXNAT_4_TMS_Psychopy2024.2.5.psyexp,2024.2.5,2025-07-29 14h46.27.272763 +0200,
0,0,0,0,0,0,0,,,,,,,,,#D292F3,112.17156338691711,False,space,correct rejection,None,541.2390232086182,text_08,3,2,2back_dual_main_click,2,Ritt,9,7,16,120,60,,,,,,,,,,22,03,yes,no,no,2025-07-29_14h42.07.153,EXNAT_4_TMS_Psychopy2024.2.5.psyexp,2024.2.5,2025-07-29 14h46.27.272763 +0200,
0,0,0,0,0,0,0,,,,,,,,,#F989A2,112.74793100357056,False,space,correct rejection,None,524.909257888794,text_08,4,2,2back_dual_main_click,2,durch,9,7,16,120,60,,,,,,,,,,22,03,yes,no,no,2025-07-29_14h42.07.153,EXNAT_4_TMS_Psychopy2024.2.5.psyexp,2024.2.5,2025-07-29 14h46.27.272763 +0200,
0,0,0,0,0,0,0,,,,,,,,,#88BA3F,113.3104476928711,False,space,correct rejection,None,474.38907623291016,text_08,5,2,2back_dual_main_click,2,eine,9,7,16,120,60,,,,,,,,,,22,03,yes,no,no,2025-07-29_14h42.07.153,EXNAT_4_TMS_Psychopy2024.2.5.psyexp,2024.2.5,2025-07-29 14h46.27.272763 +0200,
0,0,0,0,0,0,0,,,,,,,,,#2AB7EF,113.82268476486206,False,space,correct rejection,None,602.0522117614746,text_08,6,2,2back_dual_main_click,2,Schlucht,9,7,16,120,60,,,,,,,,,,22,03,yes,no,no,2025-07-29_14h42.07.153,EXNAT_4_TMS_Psychopy2024.2.5.psyexp,2024.2.5,2025-07-29 14h46.27.272763 +0200,
0,0,0,0,0,0,0,,,,,,,,,#F989A2,114.46264863014221,False,space,correct rejection,None,586.092472076416,text_08,7,2,2back_dual_main_click,2,steht,9,7,16,120,60,,,,,,,,,,22,03,yes,no,no,2025-07-29_14h42.07.153,EXNAT_4_TMS_Psychopy2024.2.5.psyexp,2024.2.5,2025-07-29 14h46.27.272763 +0200,
0,0,0,0,0,0,0,,,,,,,,,#2AB7EF,115.08547043800354,True,space,miss,None,491.2986755371094,text_08,8,2,2back_dual_main_click,2,Indiana,9,7,16,120,60,,,,,,,,,,22,03,yes,no,no,2025-07-29_14h42.07.153,EXNAT_4_TMS_Psychopy2024.2.5.psyexp,2024.2.5,2025-07-29 14h46.27.272763 +0200,
0,0,0,0,0,0,0,,,,,,,,,#F989A2,115.61616659164429,True,l,hit,456.5846920013428,648.5204696655273,text_08,9,2,2back_dual_main_click,2,Jones,9,8,17,120,60,116.14571571350098,,,,,,,,,22,03,yes,no,no,2025-07-29_14h42.07.153,EXNAT_4_TMS_Psychopy2024.2.5.psyexp,2024.2.5,2025-07-29 14h46.27.272763 +0200,
0,0,0,0,0,0,0,,,,,,,,,#88BA3F,116.3022940158844,False,space,correct rejection,None,426.2828826904297,text_08,10,2,2back_dual_main_click,2,vor,9,8,17,120,60,,,,,,,,,,22,03,yes,no,no,2025-07-29_14h42.07.153,EXNAT_4_TMS_Psychopy2024.2.5.psyexp,2024.2.5,2025-07-29 14h46.27.272763 +0200,
0,0,0,0,0,0,0,,,,,,,,,#88BA3F,116.7672758102417,False,space,correct rejection,None,473.5145568847656,text_08,11,2,2back_dual_main_click,2,der,9,8,17,120,60,,,,,,,,,,22,03,yes,no,no,2025-07-29_14h42.07.153,EXNAT_4_TMS_Psychopy2024.2.5.psyexp,2024.2.5,2025-07-29 14h46.27.272763 +0200,
0,0,0,0,0,0,0,,,,,,,,,#D292F3,117.28248977661133,False,space,correct rejection,None,438.3203983306885,text_08,12,2,2back_dual_main_click,2,gewaltigen,9,8,17,120,60,,,,,,,,,,22,03,yes,no,no,2025-07-29_14h42.07.153,EXNAT_4_TMS_Psychopy2024.2.5.psyexp,2024.2.5,2025-07-29 14h46.27.272763 +0200,
0,0,0,0,0,0,0,,,,,,,,,#D292F3,117.75983881950378,False,space,correct rejection,None,504.8995018005371,text_08,13,2,2back_dual_main_click,2,Fassade,9,8,17,120,60,,,,,,,,,,22,03,yes,no,no,2025-07-29_14h42.07.153,EXNAT_4_TMS_Psychopy2024.2.5.psyexp,2024.2.5,2025-07-29 14h46.27.272763 +0200,
0,0,0,0,0,0,0,,,,,,,,,#88BA3F,118.30283331871033,False,space,correct rejection,None,521.9035148620605,text_08,14,2,2back_dual_main_click,2,der,9,8,17,120,60,,,,,,,,,,22,03,yes,no,no,2025-07-29_14h42.07.153,EXNAT_4_TMS_Psychopy2024.2.5.psyexp,2024.2.5,2025-07-29 14h46.27.272763 +0200,
0,0,0,0,0,0,0,,,,,,,,,#D292F3,118.86658716201782,True,space,miss,None,374.16696548461914,text_08,15,2,2back_dual_main_click,2,antiken,9,8,17,120,60,,,,,,,,,,22,03,yes,no,no,2025-07-29_14h42.07.153,EXNAT_4_TMS_Psychopy2024.2.5.psyexp,2024.2.5,2025-07-29 14h46.27.272763 +0200,
0,0,0,0,0,0,0,,,,,,,,,#F989A2,119.27985739707947,False,space,correct rejection,None,536.893367767334,text_08,16,2,2back_dual_main_click,2,Felsenstadt,9,8,17,120,60,,,,,,,,,,22,03,yes,no,no,2025-07-29_14h42.07.153,EXNAT_4_TMS_Psychopy2024.2.5.psyexp,2024.2.5,2025-07-29 14h46.27.272763 +0200,
0,0,0,0,0,0,0,,,,,,,,,#88BA3F,119.85604786872864,False,space,correct rejection,None,536.7825031280518,text_08,17,2,2back_dual_main_click,2,Petra.,9,8,17,120,60,,,,,,,,,,22,03,yes,no,no,2025-07-29_14h42.07.153,EXNAT_4_TMS_Psychopy2024.2.5.psyexp,2024.2.5,2025-07-29 14h46.27.272763 +0200,
0,0,0,0,0,0,0,,,,,,,,,#2AB7EF,120.43362212181091,False,space,correct rejection,None,455.11627197265625,text_08,18,2,2back_dual_main_click,2,Die,9,8,17,120,60,,,,,,,,,,22,03,yes,no,no,2025-07-29_14h42.07.153,EXNAT_4_TMS_Psychopy2024.2.5.psyexp,2024.2.5,2025-07-29 14h46.27.272763 +0200,
0,0,0,0,0,0,0,,,,,,,,,#D292F3,120.92815399169922,False,space,correct rejection,None,440.46592712402344,text_08,19,2,2back_dual_main_click,2,Szene,10,8,18,120,60,121.14569306373596,,,,,,,,,22,03,yes,no,no,2025-07-29_14h42.07.153,EXNAT_4_TMS_Psychopy2024.2.5.psyexp,2024.2.5,2025-07-29 14h46.27.272763 +0200,
0,0,0,0,0,0,0,,,,,,,,,#2AB7EF,121.40788626670837,True,space,miss,None,552.8721809387207,text_08,20,2,2back_dual_main_click,2,aus,10,8,18,120,60,,,,,,,,,,22,03,yes,no,no,2025-07-29_14h42.07.153,EXNAT_4_TMS_Psychopy2024.2.5.psyexp,2024.2.5,2025-07-29 14h46.27.272763 +0200,
0,0,0,0,0,0,0,,,,,,,,,#88BA3F,122.00055980682373,False,space,correct rejection,None,488.21258544921875,text_08,21,2,2back_dual_main_click,2,dem,10,8,18,120,60,,,,,,,,,,22,03,yes,no,no,2025-07-29_14h42.07.153,EXNAT_4_TMS_Psychopy2024.2.5.psyexp,2024.2.5,2025-07-29 14h46.27.272763 +0200,
0,0,0,0,0,0,0,,,,,,,,,#F989A2,122.52996301651001,False,space,correct rejection,None,534.8124504089355,text_08,22,2,2back_dual_main_click,2,Kinofilm,10,8,18,120,60,,,,,,,,,,22,03,yes,no,no,2025-07-29_14h42.07.153,EXNAT_4_TMS_Psychopy2024.2.5.psyexp,2024.2.5,2025-07-29 14h46.27.272763 +0200,
0,0,0,0,0,0,0,,,,,,,,,#2AB7EF,123.10411047935486,False,space,correct rejection,None,488.67130279541016,text_08,23,2,2back_dual_main_click,2,machte,10,8,18,120,60,,,,,,,,,,22,03,yes,no,no,2025-07-29_14h42.07.153,EXNAT_4_TMS_Psychopy2024.2.5.psyexp,2024.2.5,2025-07-29 14h46.27.272763 +0200,
0,0,0,0,0,0,0,,,,,,,,,#F989A2,123.63082647323608,True,space,miss,None,505.98621368408203,text_08,24,2,2back_dual_main_click,2,die,10,8,18,120,60,,,,,,,,,,22,03,yes,no,no,2025-07-29_14h42.07.153,EXNAT_4_TMS_Psychopy2024.2.5.psyexp,2024.2.5,2025-07-29 14h46.27.272763 +0200,
0,0,0,0,0,0,0,,,,,,,,,#D292F3,124.1764543056488,False,space,correct rejection,None,584.3024253845215,text_08,25,2,2back_dual_main_click,2,einstige,10,8,18,120,60,,,,,,,,,,22,03,yes,no,no,2025-07-29_14h42.07.153,EXNAT_4_TMS_Psychopy2024.2.5.psyexp,2024.2.5,2025-07-29 14h46.27.272763 +0200,
0,0,0,0,0,0,0,,,,,,,,,#2AB7EF,124.80258274078369,False,space,correct rejection,None,374.13787841796875,text_08,26,2,2back_dual_main_click,2,Hauptstadt,10,8,18,120,60,,,,,,,,,,22,03,yes,no,no,2025-07-29_14h42.07.153,EXNAT_4_TMS_Psychopy2024.2.5.psyexp,2024.2.5,2025-07-29 14h46.27.272763 +0200,
0,0,0,0,0,0,0,,,,,,,,,#2AB7EF,125.21412754058838,False,space,correct rejection,None,458.70280265808105,text_08,27,2,2back_dual_main_click,2,der,10,8,18,120,60,,,,,,,,,,22,03,yes,no,no,2025-07-29_14h42.07.153,EXNAT_4_TMS_Psychopy2024.2.5.psyexp,2024.2.5,2025-07-29 14h46.27.272763 +0200,
0,0,0,0,0,0,0,,,,,,,,,#F989A2,125.71110820770264,False,space,correct rejection,None,553.6689758300781,text_08,28,2,2back_dual_main_click,2,Nabatäer,10,8,18,120,60,,,,,,,,,,22,03,yes,no,no,2025-07-29_14h42.07.153,EXNAT_4_TMS_Psychopy2024.2.5.psyexp,2024.2.5,2025-07-29 14h46.27.272763 +0200,
0,0,0,0,0,0,0,,,,,,,,,#F989A2,126.3030035495758,False,space,correct rejection,None,505.86390495300293,text_08,29,2,2back_dual_main_click,2,berühmt.,10,8,18,120,60,,,,,,,,,,22,03,yes,no,no,2025-07-29_14h42.07.153,EXNAT_4_TMS_Psychopy2024.2.5.psyexp,2024.2.5,2025-07-29 14h46.27.272763 +0200,
0,0,0,0,0,0,0,,,,,,,,,#D292F3,126.84731459617615,False,space,correct rejection,None,505.42163848876953,text_08,30,2,2back_dual_main_click,2,Diese,10,8,18,120,60,,,,,,,,,,22,03,yes,no,no,2025-07-29_14h42.07.153,EXNAT_4_TMS_Psychopy2024.2.5.psyexp,2024.2.5,2025-07-29 14h46.27.272763 +0200,
0,0,0,0,0,0,0,,,,,,,,,#2AB7EF,127.39105129241943,False,space,correct rejection,None,441.8158531188965,text_08,31,2,2back_dual_main_click,2,dominierten,10,8,18,120,60,,,,,,,,,,22,03,yes,no,no,2025-07-29_14h42.07.153,EXNAT_4_TMS_Psychopy2024.2.5.psyexp,2024.2.5,2025-07-29 14h46.27.272763 +0200,
0,0,0,0,0,0,0,,,,,,,,,#88BA3F,127.87457203865051,False,space,correct rejection,None,486.27495765686035,text_08,32,2,2back_dual_main_click,2,zwei,10,8,18,120,60,,,,,,,,,,22,03,yes,no,no,2025-07-29_14h42.07.153,EXNAT_4_TMS_Psychopy2024.2.5.psyexp,2024.2.5,2025-07-29 14h46.27.272763 +0200,
0,0,0,0,0,0,0,,,,,,,,,#F989A2,128.40100121498108,False,space,correct rejection,None,423.9311218261719,text_08,33,2,2back_dual_main_click,2,Jahrhunderte,10,8,18,120,60,,,,,,,,,,22,03,yes,no,no,2025-07-29_14h42.07.153,EXNAT_4_TMS_Psychopy2024.2.5.psyexp,2024.2.5,2025-07-29 14h46.27.272763 +0200,
0,0,0,0,0,0,0,,,,,,,,,#88BA3F,128.86414980888367,True,space,miss,None,392.6365375518799,text_08,34,2,2back_dual_main_click,2,lang,10,9,19,120,60,128.9161479473114,,,,,,,,,22,03,yes,no,no,2025-07-29_14h42.07.153,EXNAT_4_TMS_Psychopy2024.2.5.psyexp,2024.2.5,2025-07-29 14h46.27.272763 +0200,
0,0,0,0,0,0,0,,,,,,,,,#88BA3F,129.2938153743744,False,space,correct rejection,None,411.06724739074707,text_08,35,2,2back_dual_main_click,2,den,10,9,19,120,60,,,,,,,,,,22,03,yes,no,no,2025-07-29_14h42.07.153,EXNAT_4_TMS_Psychopy2024.2.5.psyexp,2024.2.5,2025-07-29 14h46.27.272763 +0200,
0,0,0,0,0,0,0,,,,,,,,,#D292F3,129.74264240264893,False,space,correct rejection,None,458.2400321960449,text_08,36,2,2back_dual_main_click,2,Handel,10,9,19,120,60,,,,,,,,,,22,03,yes,no,no,2025-07-29_14h42.07.153,EXNAT_4_TMS_Psychopy2024.2.5.psyexp,2024.2.5,2025-07-29 14h46.27.272763 +0200,
0,0,0,0,0,0,0,,,,,,,,,#F989A2,130.23822617530823,False,space,correct rejection,None,458.56523513793945,text_08,37,2,2back_dual_main_click,2,im,10,9,19,120,60,,,,,,,,,,22,03,yes,no,no,2025-07-29_14h42.07.153,EXNAT_4_TMS_Psychopy2024.2.5.psyexp,2024.2.5,2025-07-29 14h46.27.272763 +0200,
0,0,0,0,0,0,0,,,,,,,,,#D292F3,130.73518705368042,True,l,hit,441.6017532348633,681.5459728240967,text_08,38,2,2back_dual_main_click,2,Nahen,10,9,19,120,60,,,,,,,,,,22,03,yes,no,no,2025-07-29_14h42.07.153,EXNAT_4_TMS_Psychopy2024.2.5.psyexp,2024.2.5,2025-07-29 14h46.27.272763 +0200,
0,0,0,0,0,0,0,,,,,,,,,#F989A2,131.4562509059906,True,space,miss,None,488.694429397583,text_08,39,2,2back_dual_main_click,2,Osten.,10,9,19,120,60,,,,,,,,,,22,03,yes,no,no,2025-07-29_14h42.07.153,EXNAT_4_TMS_Psychopy2024.2.5.psyexp,2024.2.5,2025-07-29 14h46.27.272763 +0200,
0,0,0,0,0,0,0,,,,,,,,,#D292F3,131.98460626602173,True,space,miss,None,440.2801990509033,text_08,40,2,2back_dual_main_click,2,In,10,9,19,120,60,,,,,,,,,,22,03,yes,no,no,2025-07-29_14h42.07.153,EXNAT_4_TMS_Psychopy2024.2.5.psyexp,2024.2.5,2025-07-29 14h46.27.272763 +0200,
0,0,0,0,0,0,0,,,,,,,,,#D292F3,132.46628403663635,False,space,correct rejection,None,374.51624870300293,text_08,41,2,2back_dual_main_click,2,kürzester,10,9,19,120,60,,,,,,,,,,22,03,yes,no,no,2025-07-29_14h42.07.153,EXNAT_4_TMS_Psychopy2024.2.5.psyexp,2024.2.5,2025-07-29 14h46.27.272763 +0200,
0,0,0,0,0,0,0,,,,,,,,,#88BA3F,132.8810350894928,False,space,correct rejection,None,487.7908229827881,text_08,42,2,2back_dual_main_click,2,Zeit,10,9,19,120,60,,,,,,,,,,22,03,yes,no,no,2025-07-29_14h42.07.153,EXNAT_4_TMS_Psychopy2024.2.5.psyexp,2024.2.5,2025-07-29 14h46.27.272763 +0200,
0,0,0,0,0,0,0,,,,,,,,,#88BA3F,133.4088010787964,False,space,correct rejection,None,376.0972023010254,text_08,43,2,2back_dual_main_click,2,entstand,10,9,19,120,60,,,,,,,,,,22,03,yes,no,no,2025-07-29_14h42.07.153,EXNAT_4_TMS_Psychopy2024.2.5.psyexp,2024.2.5,2025-07-29 14h46.27.272763 +0200,
0,0,0,0,0,0,0,,,,,,,,,#2AB7EF,133.8242290019989,False,space,correct rejection,None,504.58717346191406,text_08,44,2,2back_dual_main_click,2,eine,11,9,20,120,60,133.91606616973877,,,,,,,,,22,03,yes,no,no,2025-07-29_14h42.07.153,EXNAT_4_TMS_Psychopy2024.2.5.psyexp,2024.2.5,2025-07-29 14h46.27.272763 +0200,
0,0,0,0,0,0,0,,,,,,,,,#2AB7EF,134.36744594573975,False,space,correct rejection,None,441.5421485900879,text_08,45,2,2back_dual_main_click,2,Stadt,11,9,20,120,60,,,,,,,,,,22,03,yes,no,no,2025-07-29_14h42.07.153,EXNAT_4_TMS_Psychopy2024.2.5.psyexp,2024.2.5,2025-07-29 14h46.27.272763 +0200,
0,0,0,0,0,0,0,,,,,,,,,#88BA3F,134.84843754768372,False,space,correct rejection,None,568.3643817901611,text_08,46,2,2back_dual_main_click,2,mit,11,9,20,120,60,,,,,,,,,,22,03,yes,no,no,2025-07-29_14h42.07.153,EXNAT_4_TMS_Psychopy2024.2.5.psyexp,2024.2.5,2025-07-29 14h46.27.272763 +0200,
0,0,0,0,0,0,0,,,,,,,,,#F989A2,135.45668005943298,False,space,correct rejection,None,408.2000255584717,text_08,47,2,2back_dual_main_click,2,Hunderten,11,9,20,120,60,,,,,,,,,,22,03,yes,no,no,2025-07-29_14h42.07.153,EXNAT_4_TMS_Psychopy2024.2.5.psyexp,2024.2.5,2025-07-29 14h46.27.272763 +0200,
0,0,0,0,0,0,0,,,,,,,,,#2AB7EF,135.90423226356506,False,space,correct rejection,None,520.587682723999,text_08,48,2,2back_dual_main_click,2,Höhlen,11,9,20,120,60,,,,,,,,,,22,03,yes,no,no,2025-07-29_14h42.07.153,EXNAT_4_TMS_Psychopy2024.2.5.psyexp,2024.2.5,2025-07-29 14h46.27.272763 +0200,
0,0,0,0,0,0,0,,,,,,,,,#D292F3,136.46290969848633,False,space,correct rejection,None,505.94115257263184,text_08,49,2,2back_dual_main_click,2,und,11,9,20,120,60,,,,,,,,,,22,03,yes,no,no,2025-07-29_14h42.07.153,EXNAT_4_TMS_Psychopy2024.2.5.psyexp,2024.2.5,2025-07-29 14h46.27.272763 +0200,
0,0,0,0,0,0,0,,,,,,,,,#2AB7EF,137.00793170928955,True,space,miss,None,584.8386287689209,text_08,50,2,2back_dual_main_click,2,Fassaden.,11,9,20,120,60,,,,,,,,,,22,03,yes,no,no,2025-07-29_14h42.07.153,EXNAT_4_TMS_Psychopy2024.2.5.psyexp,2024.2.5,2025-07-29 14h46.27.272763 +0200,
0,0,0,0,0,0,0,,,,,,,,,#88BA3F,137.63141536712646,False,space,correct rejection,None,473.4179973602295,text_08,51,2,2back_dual_main_click,2,Lange,11,9,20,120,60,,,,,,,,,,22,03,yes,no,no,2025-07-29_14h42.07.153,EXNAT_4_TMS_Psychopy2024.2.5.psyexp,2024.2.5,2025-07-29 14h46.27.272763 +0200,
0,0,0,0,0,0,0,,,,,,,,,#2AB7EF,138.1444959640503,True,space,miss,None,424.3655204772949,text_08,52,2,2back_dual_main_click,2,glaubte,11,9,20,120,60,,,,,,,,,,22,03,yes,no,no,2025-07-29_14h42.07.153,EXNAT_4_TMS_Psychopy2024.2.5.psyexp,2024.2.5,2025-07-29 14h46.27.272763 +0200,
0,0,0,0,0,0,0,,,,,,,,,#2AB7EF,138.60920524597168,False,space,correct rejection,None,567.5859451293945,text_08,53,2,2back_dual_main_click,2,"man,",11,9,20,120,60,,,,,,,,,,22,03,yes,no,no,2025-07-29_14h42.07.153,EXNAT_4_TMS_Psychopy2024.2.5.psyexp,2024.2.5,2025-07-29 14h46.27.272763 +0200,
0,0,0,0,0,0,0,,,,,,,,,#F989A2,139.21702003479004,False,space,correct rejection,None,455.83152770996094,text_08,54,2,2back_dual_main_click,2,Petra,11,9,20,120,60,,,,,,,,,,22,03,yes,no,no,2025-07-29_14h42.07.153,EXNAT_4_TMS_Psychopy2024.2.5.psyexp,2024.2.5,2025-07-29 14h46.27.272763 +0200,
0,0,0,0,0,0,0,,,,,,,,,#D292F3,139.70813274383545,False,space,correct rejection,None,444.5054531097412,text_08,55,2,2back_dual_main_click,2,sei,11,9,20,120,60,,,,,,,,,,22,03,yes,no,no,2025-07-29_14h42.07.153,EXNAT_4_TMS_Psychopy2024.2.5.psyexp,2024.2.5,2025-07-29 14h46.27.272763 +0200,
0,0,0,0,0,0,0,,,,,,,,,#88BA3F,140.19104528427124,False,l,false alarm,489.69030380249023,809.7438812255859,text_08,56,2,2back_dual_main_click,2,nur,11,9,20,120,60,,,,,,,,,,22,03,yes,no,no,2025-07-29_14h42.07.153,EXNAT_4_TMS_Psychopy2024.2.5.psyexp,2024.2.5,2025-07-29 14h46.27.272763 +0200,
0,0,0,0,0,0,0,,,,,,,,,#F989A2,141.0413739681244,False,space,correct rejection,None,471.49133682250977,text_08,57,2,2back_dual_main_click,2,ein,11,9,20,120,60,,,,,,,,,,22,03,yes,no,no,2025-07-29_14h42.07.153,EXNAT_4_TMS_Psychopy2024.2.5.psyexp,2024.2.5,2025-07-29 14h46.27.272763 +0200,
0,0,0,0,0,0,0,,,,,,,,,#F989A2,141.5539357662201,False,space,correct rejection,None,486.8965148925781,text_08,58,2,2back_dual_main_click,2,Ort,11,9,20,120,60,,,,,,,,,,22,03,yes,no,no,2025-07-29_14h42.07.153,EXNAT_4_TMS_Psychopy2024.2.5.psyexp,2024.2.5,2025-07-29 14h46.27.272763 +0200,
0,0,0,0,0,0,0,,,,,,,,,#D292F3,142.08058547973633,False,space,correct rejection,None,584.2361450195312,text_08,59,2,2back_dual_main_click,2,für,11,9,20,120,60,,,,,,,,,,22,03,yes,no,no,2025-07-29_14h42.07.153,EXNAT_4_TMS_Psychopy2024.2.5.psyexp,2024.2.5,2025-07-29 14h46.27.272763 +0200,
0,0,0,0,0,0,0,,,,,,,,,#88BA3F,142.70343375205994,False,space,correct rejection,None,409.4538688659668,text_08,60,2,2back_dual_main_click,2,Tote,11,9,20,120,60,,,,,,,,,,22,03,yes,no,no,2025-07-29_14h42.07.153,EXNAT_4_TMS_Psychopy2024.2.5.psyexp,2024.2.5,2025-07-29 14h46.27.272763 +0200,
0,0,0,0,0,0,0,,,,,,,,,#2AB7EF,143.1525115966797,False,space,correct rejection,None,568.3536529541016,text_08,61,2,2back_dual_main_click,2,und,11,9,20,120,60,,,,,,,,,,22,03,yes,no,no,2025-07-29_14h42.07.153,EXNAT_4_TMS_Psychopy2024.2.5.psyexp,2024.2.5,2025-07-29 14h46.27.272763 +0200,
0,0,0,0,0,0,0,,,,,,,,,#88BA3F,143.7623851299286,True,space,miss,None,662.4784469604492,text_08,62,2,2back_dual_main_click,2,Götter.,11,9,20,120,60,,,,,,,,,,22,03,yes,no,no,2025-07-29_14h42.07.153,EXNAT_4_TMS_Psychopy2024.2.5.psyexp,2024.2.5,2025-07-29 14h46.27.272763 +0200,
0,0,0,0,0,0,0,,,,,,,,,#F989A2,144.4655737876892,False,space,correct rejection,None,487.2622489929199,text_08,63,2,2back_dual_main_click,2,Jedoch,11,9,20,120,60,,,,,,,,,,22,03,yes,no,no,2025-07-29_14h42.07.153,EXNAT_4_TMS_Psychopy2024.2.5.psyexp,2024.2.5,2025-07-29 14h46.27.272763 +0200,
0,0,0,0,0,0,0,,,,,,,,,#88BA3F,144.99101638793945,True,space,miss,None,409.8241329193115,text_08,64,2,2back_dual_main_click,2,war,11,10,21,120,60,145.04741048812866,,,,,,,,,22,03,yes,no,no,2025-07-29_14h42.07.153,EXNAT_4_TMS_Psychopy2024.2.5.psyexp,2024.2.5,2025-07-29 14h46.27.272763 +0200,
0,0,0,0,0,0,0,,,,,,,,,#88BA3F,145.44119882583618,False,space,correct rejection,None,503.6966800689697,text_08,65,2,2back_dual_main_click,2,sie,11,10,21,120,60,,,,,,,,,,22,03,yes,no,no,2025-07-29_14h42.07.153,EXNAT_4_TMS_Psychopy2024.2.5.psyexp,2024.2.5,2025-07-29 14h46.27.272763 +0200,
0,0,0,0,0,0,0,,,,,,,,,#D292F3,145.9845049381256,False,space,correct rejection,None,568.3701038360596,text_08,66,2,2back_dual_main_click,2,tatsächlich,11,10,21,120,60,,,,,,,,,,22,03,yes,no,no,2025-07-29_14h42.07.153,EXNAT_4_TMS_Psychopy2024.2.5.psyexp,2024.2.5,2025-07-29 14h46.27.272763 +0200,
0,0,0,0,0,0,0,,,,,,,,,#2AB7EF,146.59246945381165,False,space,correct rejection,None,376.44052505493164,text_08,67,2,2back_dual_main_click,2,eine,11,10,21,120,60,,,,,,,,,,22,03,yes,no,no,2025-07-29_14h42.07.153,EXNAT_4_TMS_Psychopy2024.2.5.psyexp,2024.2.5,2025-07-29 14h46.27.272763 +0200,
0,0,0,0,0,0,0,,,,,,,,,#2AB7EF,147.0070095062256,False,space,correct rejection,None,601.9179821014404,text_08,68,2,2back_dual_main_click,2,echte,11,10,21,120,60,,,,,,,,,,22,03,yes,no,no,2025-07-29_14h42.07.153,EXNAT_4_TMS_Psychopy2024.2.5.psyexp,2024.2.5,2025-07-29 14h46.27.272763 +0200,
0,0,0,0,0,0,0,,,,,,,,,#F989A2,147.6484978199005,False,space,correct rejection,None,584.3911170959473,text_08,69,2,2back_dual_main_click,2,"Stadt,",11,10,21,120,60,,,,,,,,,,22,03,yes,no,no,2025-07-29_14h42.07.153,EXNAT_4_TMS_Psychopy2024.2.5.psyexp,2024.2.5,2025-07-29 14h46.27.272763 +0200,
0,0,0,0,0,0,0,,,,,,,,,#F989A2,148.27248907089233,False,space,correct rejection,None,440.42396545410156,text_08,70,2,2back_dual_main_click,2,die,11,10,21,120,60,,,,,,,,,,22,03,yes,no,no,2025-07-29_14h42.07.153,EXNAT_4_TMS_Psychopy2024.2.5.psyexp,2024.2.5,2025-07-29 14h46.27.272763 +0200,
0,0,0,0,0,0,0,,,,,,,,,#D292F3,148.75144243240356,False,space,correct rejection,None,489.4092082977295,text_08,71,2,2back_dual_main_click,2,aber,11,10,21,120,60,,,,,,,,,,22,03,yes,no,no,2025-07-29_14h42.07.153,EXNAT_4_TMS_Psychopy2024.2.5.psyexp,2024.2.5,2025-07-29 14h46.27.272763 +0200,
0,0,0,0,0,0,0,,,,,,,,,#D292F3,149.278644323349,False,space,correct rejection,None,586.2443447113037,text_08,72,2,2back_dual_main_click,2,an,11,10,21,120,60,,,,,,,,,,22,03,yes,no,no,2025-07-29_14h42.07.153,EXNAT_4_TMS_Psychopy2024.2.5.psyexp,2024.2.5,2025-07-29 14h46.27.272763 +0200,
0,0,0,0,0,0,0,,,,,,,,,#88BA3F,149.9059019088745,False,space,correct rejection,None,519.0014839172363,text_08,73,2,2back_dual_main_click,2,einem,12,10,22,120,60,150.04729843139648,,,,,,,,,22,03,yes,no,no,2025-07-29_14h42.07.153,EXNAT_4_TMS_Psychopy2024.2.5.psyexp,2024.2.5,2025-07-29 14h46.27.272763 +0200,
0,0,0,0,0,0,0,,,,,,,,,#2AB7EF,150.46513032913208,False,space,correct rejection,None,503.7848949432373,text_08,74,2,2back_dual_main_click,2,trockenen,12,10,22,120,60,,,,,,,,,,22,03,yes,no,no,2025-07-29_14h42.07.153,EXNAT_4_TMS_Psychopy2024.2.5.psyexp,2024.2.5,2025-07-29 14h46.27.272763 +0200,
0,0,0,0,0,0,0,,,,,,,,,#D292F3,151.00895643234253,False,space,correct rejection,None,519.9365615844727,text_08,75,2,2back_dual_main_click,2,Ort,12,10,22,120,60,,,,,,,,,,22,03,yes,no,no,2025-07-29_14h42.07.153,EXNAT_4_TMS_Psychopy2024.2.5.psyexp,2024.2.5,2025-07-29 14h46.27.272763 +0200,
0,0,0,0,0,0,0,,,,,,,,,#F989A2,151.56921434402466,False,space,correct rejection,None,679.6543598175049,text_08,76,2,2back_dual_main_click,2,lag.,12,10,22,120,60,,,,,,,,,,22,03,yes,no,no,2025-07-29_14h42.07.153,EXNAT_4_TMS_Psychopy2024.2.5.psyexp,2024.2.5,2025-07-29 14h46.27.272763 +0200,
0,0,0,0,0,0,0,,,,,,,,,#F989A2,152.2871720790863,False,space,correct rejection,None,409.6801280975342,text_08,77,2,2back_dual_main_click,2,Die,12,10,22,120,60,,,,,,,,,,22,03,yes,no,no,2025-07-29_14h42.07.153,EXNAT_4_TMS_Psychopy2024.2.5.psyexp,2024.2.5,2025-07-29 14h46.27.272763 +0200,
0,0,0,0,0,0,0,,,,,,,,,#88BA3F,152.73624324798584,False,space,correct rejection,None,552.6182651519775,text_08,78,2,2back_dual_main_click,2,Nabatäer,12,10,22,120,60,,,,,,,,,,22,03,yes,no,no,2025-07-29_14h42.07.153,EXNAT_4_TMS_Psychopy2024.2.5.psyexp,2024.2.5,2025-07-29 14h46.27.272763 +0200,
0,0,0,0,0,0,0,,,,,,,,,#2AB7EF,153.32725429534912,False,space,correct rejection,None,505.795955657959,text_08,79,2,2back_dual_main_click,2,nutzten,12,10,22,120,60,,,,,,,,,,22,03,yes,no,no,2025-07-29_14h42.07.153,EXNAT_4_TMS_Psychopy2024.2.5.psyexp,2024.2.5,2025-07-29 14h46.27.272763 +0200,
0,0,0,0,0,0,0,,,,,,,,,#F989A2,153.87370920181274,False,space,correct rejection,None,647.209644317627,text_08,80,2,2back_dual_main_click,2,seltene,12,10,22,120,60,,,,,,,,,,22,03,yes,no,no,2025-07-29_14h42.07.153,EXNAT_4_TMS_Psychopy2024.2.5.psyexp,2024.2.5,2025-07-29 14h46.27.272763 +0200,
0,0,0,0,0,0,0,,,,,,,,,#2AB7EF,154.5611650943756,True,space,miss,None,375.6074905395508,text_08,81,2,2back_dual_main_click,2,Regenfälle,12,10,22,120,60,,,,,,,,,,22,03,yes,no,no,2025-07-29_14h42.07.153,EXNAT_4_TMS_Psychopy2024.2.5.psyexp,2024.2.5,2025-07-29 14h46.27.272763 +0200,
0,0,0,0,0,0,0,,,,,,,,,#88BA3F,154.97573590278625,False,space,correct rejection,None,441.159725189209,text_08,82,2,2back_dual_main_click,2,durch,12,10,22,120,60,,,,,,,,,,22,03,yes,no,no,2025-07-29_14h42.07.153,EXNAT_4_TMS_Psychopy2024.2.5.psyexp,2024.2.5,2025-07-29 14h46.27.272763 +0200,
0,0,0,0,0,0,0,,,,,,,,,#D292F3,155.4559895992279,False,space,correct rejection,None,617.0268058776855,text_08,83,2,2back_dual_main_click,2,ein,12,10,22,120,60,,,,,,,,,,22,03,yes,no,no,2025-07-29_14h42.07.153,EXNAT_4_TMS_Psychopy2024.2.5.psyexp,2024.2.5,2025-07-29 14h46.27.272763 +0200,
0,0,0,0,0,0,0,,,,,,,,,#D292F3,156.11289930343628,False,space,correct rejection,None,360.0783348083496,text_08,84,2,2back_dual_main_click,2,geniales,12,10,22,120,60,,,,,,,,,,22,03,yes,no,no,2025-07-29_14h42.07.153,EXNAT_4_TMS_Psychopy2024.2.5.psyexp,2024.2.5,2025-07-29 14h46.27.272763 +0200,
0,0,0,0,0,0,0,,,,,,,,,#D292F3,156.5116627216339,True,l,hit,537.222146987915,809.14306640625,text_08,85,2,2back_dual_main_click,2,Bewässerungssystem.,12,11,23,120,60,156.56545996665955,,,,,,,,,22,03,yes,no,no,2025-07-29_14h42.07.153,EXNAT_4_TMS_Psychopy2024.2.5.psyexp,2024.2.5,2025-07-29 14h46.27.272763 +0200,
0,0,0,0,0,0,0,,,,,,,,,#88BA3F,157.36112904548645,False,space,correct rejection,None,535.9640121459961,text_08,86,2,2back_dual_main_click,2,"Wasserbecken,",12,11,23,120,60,,,,,,,,,,22,03,yes,no,no,2025-07-29_14h42.07.153,EXNAT_4_TMS_Psychopy2024.2.5.psyexp,2024.2.5,2025-07-29 14h46.27.272763 +0200,
0,0,0,0,0,0,0,,,,,,,,,#F989A2,157.93672156333923,False,space,correct rejection,None,536.2644195556641,text_08,87,2,2back_dual_main_click,2,Kanäle,12,11,23,120,60,,,,,,,,,,22,03,yes,no,no,2025-07-29_14h42.07.153,EXNAT_4_TMS_Psychopy2024.2.5.psyexp,2024.2.5,2025-07-29 14h46.27.272763 +0200,
0,0,0,0,0,0,0,,,,,,,,,#2AB7EF,158.5121419429779,False,space,correct rejection,None,488.80505561828613,text_08,88,2,2back_dual_main_click,2,und,12,11,23,120,60,,,,,,,,,,22,03,yes,no,no,2025-07-29_14h42.07.153,EXNAT_4_TMS_Psychopy2024.2.5.psyexp,2024.2.5,2025-07-29 14h46.27.272763 +0200,
0,0,0,0,0,0,0,,,,,,,,,#F989A2,159.04210805892944,True,space,miss,None,710.8006477355957,text_08,89,2,2back_dual_main_click,2,Leitungen,12,11,23,120,60,,,,,,,,,,22,03,yes,no,no,2025-07-29_14h42.07.153,EXNAT_4_TMS_Psychopy2024.2.5.psyexp,2024.2.5,2025-07-29 14h46.27.272763 +0200,
0,0,0,0,0,0,0,,,,,,,,,#88BA3F,159.7905445098877,False,space,correct rejection,None,570.4159736633301,text_08,90,2,2back_dual_main_click,2,verteilten,12,11,23,120,60,,,,,,,,,,22,03,yes,no,no,2025-07-29_14h42.07.153,EXNAT_4_TMS_Psychopy2024.2.5.psyexp,2024.2.5,2025-07-29 14h46.27.272763 +0200,
0,0,0,0,0,0,0,,,,,,,,,#2AB7EF,160.39921116828918,False,space,correct rejection,None,697.7527141571045,text_08,91,2,2back_dual_main_click,2,das,12,11,23,120,60,,,,,,,,,,22,03,yes,no,no,2025-07-29_14h42.07.153,EXNAT_4_TMS_Psychopy2024.2.5.psyexp,2024.2.5,2025-07-29 14h46.27.272763 +0200,
0,0,0,0,0,0,0,,,,,,,,,#88BA3F,161.1362762451172,True,space,miss,None,488.84081840515137,text_08,92,2,2back_dual_main_click,2,Wasser,12,12,24,120,60,161.56538558006287,,,,,,,,,22,03,yes,no,no,2025-07-29_14h42.07.153,EXNAT_4_TMS_Psychopy2024.2.5.psyexp,2024.2.5,2025-07-29 14h46.27.272763 +0200,
0,0,0,0,0,0,0,,,,,,,,,#D292F3,161.6649796962738,False,space,correct rejection,None,552.02317237854,text_08,93,2,2back_dual_main_click,2,in,12,12,24,120,60,,,,,,,,,,22,03,yes,no,no,2025-07-29_14h42.07.153,EXNAT_4_TMS_Psychopy2024.2.5.psyexp,2024.2.5,2025-07-29 14h46.27.272763 +0200,
0,0,0,0,0,0,0,,,,,,,,,#2AB7EF,162.2585997581482,False,l,false alarm,950.4878520965576,1382.4164867401123,text_08,94,2,2back_dual_main_click,2,der,12,12,24,120,60,,,,,,,,,,22,03,yes,no,no,2025-07-29_14h42.07.153,EXNAT_4_TMS_Psychopy2024.2.5.psyexp,2024.2.5,2025-07-29 14h46.27.272763 +0200,
0,0,0,0,0,0,0,,,,,,,,,#D292F3,163.68005514144897,True,space,miss,None,648.8571166992188,text_08,95,2,2back_dual_main_click,2,Stadt.,12,12,24,120,60,,,,,,,,,,22,03,yes,no,no,2025-07-29_14h42.07.153,EXNAT_4_TMS_Psychopy2024.2.5.psyexp,2024.2.5,2025-07-29 14h46.27.272763 +0200,
0,0,0,0,0,0,0,,,,,,,,,#F989A2,164.3708369731903,False,space,correct rejection,None,566.0851001739502,text_08,96,2,2back_dual_main_click,2,Diese,12,12,24,120,60,,,,,,,,,,22,03,yes,no,no,2025-07-29_14h42.07.153,EXNAT_4_TMS_Psychopy2024.2.5.psyexp,2024.2.5,2025-07-29 14h46.27.272763 +0200,
0,0,0,0,0,0,0,,,,,,,,,#88BA3F,164.97681546211243,False,space,correct rejection,None,536.1590385437012,text_08,97,2,2back_dual_main_click,2,Anlagen,12,12,24,120,60,,,,,,,,,,22,03,yes,no,no,2025-07-29_14h42.07.153,EXNAT_4_TMS_Psychopy2024.2.5.psyexp,2024.2.5,2025-07-29 14h46.27.272763 +0200,
0,0,0,0,0,0,0,,,,,,,,,#2AB7EF,165.55411219596863,False,space,correct rejection,None,598.862886428833,text_08,98,2,2back_dual_main_click,2,schützten,12,12,24,120,60,,,,,,,,,,22,03,yes,no,no,2025-07-29_14h42.07.153,EXNAT_4_TMS_Psychopy2024.2.5.psyexp,2024.2.5,2025-07-29 14h46.27.272763 +0200,
0,0,0,0,0,0,0,,,,,,,,,#88BA3F,166.19298100471497,True,space,miss,None,631.8974494934082,text_08,99,2,2back_dual_main_click,2,auch,12,12,24,120,60,,,,,,,,,,22,03,yes,no,no,2025-07-29_14h42.07.153,EXNAT_4_TMS_Psychopy2024.2.5.psyexp,2024.2.5,2025-07-29 14h46.27.272763 +0200,
0,0,0,0,0,0,0,,,,,,,,,#2AB7EF,166.8632776737213,True,space,miss,None,505.6264400482178,text_08,100,2,2back_dual_main_click,2,die,12,12,24,120,60,,,,,,,,,,22,03,yes,no,no,2025-07-29_14h42.07.153,EXNAT_4_TMS_Psychopy2024.2.5.psyexp,2024.2.5,2025-07-29 14h46.27.272763 +0200,
0,0,0,0,0,0,0,,,,,,,,,#88BA3F,167.40873956680298,True,space,miss,None,584.075927734375,text_08,101,2,2back_dual_main_click,2,empfindlichen,12,13,25,120,60,167.46571850776672,,,,,,,,,22,03,yes,no,no,2025-07-29_14h42.07.153,EXNAT_4_TMS_Psychopy2024.2.5.psyexp,2024.2.5,2025-07-29 14h46.27.272763 +0200,
0,0,0,0,0,0,0,,,,,,,,,#2AB7EF,168.03205490112305,True,space,miss,None,584.8655700683594,text_08,102,2,2back_dual_main_click,2,Sandsteinfassaden.,12,13,25,120,60,,,,,,,,,,22,03,yes,no,no,2025-07-29_14h42.07.153,EXNAT_4_TMS_Psychopy2024.2.5.psyexp,2024.2.5,2025-07-29 14h46.27.272763 +0200,
0,0,0,0,0,0,0,,,,,,,,,#F989A2,168.656090259552,False,space,correct rejection,None,488.7962341308594,text_08,103,2,2back_dual_main_click,2,Heute,12,13,25,120,60,,,,,,,,,,22,03,yes,no,no,2025-07-29_14h42.07.153,EXNAT_4_TMS_Psychopy2024.2.5.psyexp,2024.2.5,2025-07-29 14h46.27.272763 +0200,
0,0,0,0,0,0,0,,,,,,,,,#F989A2,169.18522691726685,False,space,correct rejection,None,455.75404167175293,text_08,104,2,2back_dual_main_click,2,funktioniert,12,13,25,120,60,,,,,,,,,,22,03,yes,no,no,2025-07-29_14h42.07.153,EXNAT_4_TMS_Psychopy2024.2.5.psyexp,2024.2.5,2025-07-29 14h46.27.272763 +0200,
0,0,0,0,0,0,0,,,,,,,,,#F989A2,169.68149948120117,True,l,hit,503.36575508117676,711.3339900970459,text_08,105,2,2back_dual_main_click,2,das,12,13,25,120,60,,,,,,,,,,22,03,yes,no,no,2025-07-29_14h42.07.153,EXNAT_4_TMS_Psychopy2024.2.5.psyexp,2024.2.5,2025-07-29 14h46.27.272763 +0200,
0,0,0,0,0,0,0,,,,,,,,,#D292F3,170.4314830303192,False,space,correct rejection,None,393.5725688934326,text_08,106,2,2back_dual_main_click,2,System,12,13,25,120,60,,,,,,,,,,22,03,yes,no,no,2025-07-29_14h42.07.153,EXNAT_4_TMS_Psychopy2024.2.5.psyexp,2024.2.5,2025-07-29 14h46.27.272763 +0200,
0,0,0,0,0,0,0,,,,,,,,,#D292F3,170.86331629753113,False,space,correct rejection,None,489.60328102111816,text_08,107,2,2back_dual_main_click,2,nicht,12,13,25,120,60,,,,,,,,,,22,03,yes,no,no,2025-07-29_14h42.07.153,EXNAT_4_TMS_Psychopy2024.2.5.psyexp,2024.2.5,2025-07-29 14h46.27.272763 +0200,
0,0,0,0,0,0,0,,,,,,,,,#D292F3,171.39227557182312,True,l,hit,504.67491149902344,712.6247882843018,text_08,108,2,2back_dual_main_click,2,mehr,12,13,25,120,60,,,,,,,,,,22,03,yes,no,no,2025-07-29_14h42.07.153,EXNAT_4_TMS_Psychopy2024.2.5.psyexp,2024.2.5,2025-07-29 14h46.27.272763 +0200,
0,0,0,0,0,0,0,,,,,,,,,#88BA3F,172.14146614074707,False,space,correct rejection,None,539.604902267456,text_08,109,2,2back_dual_main_click,2,und,13,13,26,120,60,172.46574330329895,,,,,,,,,22,03,yes,no,no,2025-07-29_14h42.07.153,EXNAT_4_TMS_Psychopy2024.2.5.psyexp,2024.2.5,2025-07-29 14h46.27.272763 +0200,
0,0,0,0,0,0,0,,,,,,,,,#F989A2,172.71968507766724,False,space,correct rejection,None,537.2581481933594,text_08,110,2,2back_dual_main_click,2,der,13,13,26,120,60,,,,,,,,,,22,03,yes,no,no,2025-07-29_14h42.07.153,EXNAT_4_TMS_Psychopy2024.2.5.psyexp,2024.2.5,2025-07-29 14h46.27.272763 +0200,
0,0,0,0,0,0,0,,,,,,,,,#D292F3,173.2974615097046,False,space,correct rejection,None,423.58875274658203,text_08,111,2,2back_dual_main_click,2,Regen,13,13,26,120,60,,,,,,,,,,22,03,yes,no,no,2025-07-29_14h42.07.153,EXNAT_4_TMS_Psychopy2024.2.5.psyexp,2024.2.5,2025-07-29 14h46.27.272763 +0200,
0,0,0,0,0,0,0,,,,,,,,,#D292F3,173.7618727684021,False,space,correct rejection,None,679.1038513183594,text_08,112,2,2back_dual_main_click,2,schadet,13,13,26,120,60,,,,,,,,,,22,03,yes,no,no,2025-07-29_14h42.07.153,EXNAT_4_TMS_Psychopy2024.2.5.psyexp,2024.2.5,2025-07-29 14h46.27.272763 +0200,
0,0,0,0,0,0,0,,,,,,,,,#2AB7EF,174.47853899002075,False,space,correct rejection,None,426.4049530029297,text_08,113,2,2back_dual_main_click,2,den,13,13,26,120,60,,,,,,,,,,22,03,yes,no,no,2025-07-29_14h42.07.153,EXNAT_4_TMS_Psychopy2024.2.5.psyexp,2024.2.5,2025-07-29 14h46.27.272763 +0200,
0,0,0,0,0,0,0,,,,,,,,,#2AB7EF,174.9464123249054,False,space,correct rejection,None,518.6448097229004,text_08,114,2,2back_dual_main_click,2,Bauwerken.,13,13,26,120,60,,,,,,,,,,22,03,yes,no,no,2025-07-29_14h42.07.153,EXNAT_4_TMS_Psychopy2024.2.5.psyexp,2024.2.5,2025-07-29 14h46.27.272763 +0200,
0,0,0,0,0,0,0,,,,,,,,,#88BA3F,175.5042700767517,False,space,correct rejection,None,520.7066535949707,text_08,115,2,2back_dual_main_click,2,Rettungsversuche,13,13,26,120,60,,,,,,,,,,22,03,yes,no,no,2025-07-29_14h42.07.153,EXNAT_4_TMS_Psychopy2024.2.5.psyexp,2024.2.5,2025-07-29 14h46.27.272763 +0200,
0,0,0,0,0,0,0,,,,,,,,,#D292F3,176.0671842098236,False,space,correct rejection,None,373.6460208892822,text_08,116,2,2back_dual_main_click,2,blieben,13,13,26,120,60,,,,,,,,,,22,03,yes,no,no,2025-07-29_14h42.07.153,EXNAT_4_TMS_Psychopy2024.2.5.psyexp,2024.2.5,2025-07-29 14h46.27.272763 +0200,
0,0,0,0,0,0,0,,,,,,,,,#F989A2,176.48062872886658,False,space,correct rejection,None,536.3447666168213,text_08,117,2,2back_dual_main_click,2,erfolglos.,13,13,26,120,60,,,,,,,,,,22,03,yes,no,no,2025-07-29_14h42.07.153,EXNAT_4_TMS_Psychopy2024.2.5.psyexp,2024.2.5,2025-07-29 14h46.27.272763 +0200,
0,0,0,0,0,0,0,,,,,,,,,#88BA3F,177.05672121047974,False,space,correct rejection,None,504.29439544677734,text_08,118,2,2back_dual_main_click,2,Deshalb,14,13,27,120,60,177.465726852417,,,,,,,,,22,03,yes,no,no,2025-07-29_14h42.07.153,EXNAT_4_TMS_Psychopy2024.2.5.psyexp,2024.2.5,2025-07-29 14h46.27.272763 +0200,
0,0,0,0,0,0,0,,,,,,,,,#F989A2,177.60137915611267,True,space,miss,None,471.58002853393555,text_08,119,2,2back_dual_main_click,2,wird,14,13,27,120,60,,,,,,,,,,22,03,yes,no,no,2025-07-29_14h42.07.153,EXNAT_4_TMS_Psychopy2024.2.5.psyexp,2024.2.5,2025-07-29 14h46.27.272763 +0200,
0,0,0,0,0,0,0,,,,,,,,,#2AB7EF,178.11090874671936,False,space,correct rejection,None,538.0451679229736,text_08,120,2,2back_dual_main_click,2,die,14,13,27,120,60,,,,,,,,,,22,03,yes,no,no,2025-07-29_14h42.07.153,EXNAT_4_TMS_Psychopy2024.2.5.psyexp,2024.2.5,2025-07-29 14h46.27.272763 +0200,
0,0,0,0,0,0,0,,,,,,,,,#2AB7EF,178.68798756599426,False,space,correct rejection,None,568.9346790313721,text_08,121,2,2back_dual_main_click,2,Felsenstadt,14,13,27,120,60,,,,,,,,,,22,03,yes,no,no,2025-07-29_14h42.07.153,EXNAT_4_TMS_Psychopy2024.2.5.psyexp,2024.2.5,2025-07-29 14h46.27.272763 +0200,
0,0,0,0,0,0,0,,,,,,,,,#D292F3,179.29656624794006,False,space,correct rejection,None,456.4859867095947,text_08,122,2,2back_dual_main_click,2,eines,14,13,27,120,60,,,,,,,,,,22,03,yes,no,no,2025-07-29_14h42.07.153,EXNAT_4_TMS_Psychopy2024.2.5.psyexp,2024.2.5,2025-07-29 14h46.27.272763 +0200,
0,0,0,0,0,0,0,,,,,,,,,#F989A2,179.7926480770111,False,space,correct rejection,None,424.29494857788086,text_08,123,2,2back_dual_main_click,2,Tages,14,13,27,120,60,,,,,,,,,,22,03,yes,no,no,2025-07-29_14h42.07.153,EXNAT_4_TMS_Psychopy2024.2.5.psyexp,2024.2.5,2025-07-29 14h46.27.272763 +0200,
0,0,0,0,0,0,0,,,,,,,,,#F989A2,180.2549660205841,False,space,correct rejection,None,425.82249641418457,text_08,124,2,2back_dual_main_click,2,wohl,14,13,27,120,60,,,,,,,,,,22,03,yes,no,no,2025-07-29_14h42.07.153,EXNAT_4_TMS_Psychopy2024.2.5.psyexp,2024.2.5,2025-07-29 14h46.27.272763 +0200,
0,0,0,0,0,0,0,,,,,,,,,#88BA3F,180.72044897079468,False,space,correct rejection,None,440.5250549316406,text_08,125,2,2back_dual_main_click,2,wieder,14,13,27,120,60,,,,,,,,,,22,03,yes,no,no,2025-07-29_14h42.07.153,EXNAT_4_TMS_Psychopy2024.2.5.psyexp,2024.2.5,2025-07-29 14h46.27.272763 +0200,
0,0,0,0,0,0,0,,,,,,,,,#2AB7EF,181.20199751853943,False,space,correct rejection,None,503.05962562561035,text_08,126,2,2back_dual_main_click,2,zu,14,13,27,120,60,,,,,,,,,,22,03,yes,no,no,2025-07-29_14h42.07.153,EXNAT_4_TMS_Psychopy2024.2.5.psyexp,2024.2.5,2025-07-29 14h46.27.272763 +0200,
0,0,0,0,0,0,0,,,,,,,,,#88BA3F,181.74545216560364,True,space,miss,None,487.4920845031738,text_08,127,2,2back_dual_main_click,2,Sand,14,13,27,120,60,,,,,,,,,,22,03,yes,no,no,2025-07-29_14h42.07.153,EXNAT_4_TMS_Psychopy2024.2.5.psyexp,2024.2.5,2025-07-29 14h46.27.272763 +0200,
0,0,0,0,0,0,0,,,,,,,,,#F989A2,182.2715630531311,False,space,correct rejection,None,505.56349754333496,text_08,128,2,2back_dual_main_click,2,zerfallen.,15,13,28,120,60,182.4657371044159,,,,,,,,,22,03,yes,no,no,2025-07-29_14h42.07.153,EXNAT_4_TMS_Psychopy2024.2.5.psyexp,2024.2.5,2025-07-29 14h46.27.272763 +0200,
0,0,0,0,0,0,0,,,,,,,,,#2AB7EF,182.81771445274353,False,space,correct rejection,None,503.3857822418213,text_08,129,2,2back_dual_main_click,2,Von,15,13,28,120,60,,,,,,,,,,22,03,yes,no,no,2025-07-29_14h42.07.153,EXNAT_4_TMS_Psychopy2024.2.5.psyexp,2024.2.5,2025-07-29 14h46.27.272763 +0200,
0,0,0,0,0,0,0,,,,,,,,,#88BA3F,183.3598141670227,False,space,correct rejection,None,473.00052642822266,text_08,130,2,2back_dual_main_click,2,der,15,13,28,120,60,,,,,,,,,,22,03,yes,no,no,2025-07-29_14h42.07.153,EXNAT_4_TMS_Psychopy2024.2.5.psyexp,2024.2.5,2025-07-29 14h46.27.272763 +0200,
0,0,0,0,0,0,0,,,,,,,,,#D292F3,183.8710858821869,False,space,correct rejection,None,553.8580417633057,text_08,131,2,2back_dual_main_click,2,einstigen,15,13,28,120,60,,,,,,,,,,22,03,yes,no,no,2025-07-29_14h42.07.153,EXNAT_4_TMS_Psychopy2024.2.5.psyexp,2024.2.5,2025-07-29 14h46.27.272763 +0200,
0,0,0,0,0,0,0,,,,,,,,,#D292F3,184.46582412719727,False,space,correct rejection,None,487.1177673339844,text_08,132,2,2back_dual_main_click,2,Metropole,15,13,28,120,60,,,,,,,,,,22,03,yes,no,no,2025-07-29_14h42.07.153,EXNAT_4_TMS_Psychopy2024.2.5.psyexp,2024.2.5,2025-07-29 14h46.27.272763 +0200,
0,0,0,0,0,0,0,,,,,,,,,#F989A2,184.99125623703003,False,space,correct rejection,None,569.7767734527588,text_08,133,2,2back_dual_main_click,2,bleiben,15,13,28,120,60,,,,,,,,,,22,03,yes,no,no,2025-07-29_14h42.07.153,EXNAT_4_TMS_Psychopy2024.2.5.psyexp,2024.2.5,2025-07-29 14h46.27.272763 +0200,
0,0,0,0,0,0,0,,,,,,,,,#F989A2,185.60054183006287,False,space,correct rejection,None,376.354455947876,text_08,134,2,2back_dual_main_click,2,nur,15,13,28,120,60,,,,,,,,,,22,03,yes,no,no,2025-07-29_14h42.07.153,EXNAT_4_TMS_Psychopy2024.2.5.psyexp,2024.2.5,2025-07-29 14h46.27.272763 +0200,
0,0,0,0,0,0,0,,,,,,,,,#D292F3,186.0168101787567,False,space,correct rejection,None,504.1055679321289,text_08,135,2,2back_dual_main_click,2,Ruinen,15,13,28,120,60,,,,,,,,,,22,03,yes,no,no,2025-07-29_14h42.07.153,EXNAT_4_TMS_Psychopy2024.2.5.psyexp,2024.2.5,2025-07-29 14h46.27.272763 +0200,
0,0,0,0,0,0,0,,,,,,,,,#D292F3,186.56024146080017,False,space,correct rejection,None,440.8454895019531,text_08,136,2,2back_dual_main_click,2,und,15,13,28,120,60,,,,,,,,,,22,03,yes,no,no,2025-07-29_14h42.07.153,EXNAT_4_TMS_Psychopy2024.2.5.psyexp,2024.2.5,2025-07-29 14h46.27.272763 +0200,
0,0,0,0,0,0,0,,,,,,,,,#D292F3,187.04176497459412,True,space,miss,None,439.1593933105469,text_08,137,2,2back_dual_main_click,2,die,15,14,29,120,60,187.46576952934265,,,,,,,,,22,03,yes,no,no,2025-07-29_14h42.07.153,EXNAT_4_TMS_Psychopy2024.2.5.psyexp,2024.2.5,2025-07-29 14h46.27.272763 +0200,
0,0,0,0,0,0,0,,,,,,,,,#F989A2,187.52124905586243,False,l,false alarm,263.67688179016113,567.6445960998535,text_08,138,2,2back_dual_main_click,2,Erinnerung,15,14,29,120,60,,,,,,,,,,22,03,yes,no,no,2025-07-29_14h42.07.153,EXNAT_4_TMS_Psychopy2024.2.5.psyexp,2024.2.5,2025-07-29 14h46.27.272763 +0200,
0,0,0,0,0,0,0,,,,,,,,,#88BA3F,188.12771916389465,False,space,correct rejection,None,457.2453498840332,text_08,139,2,2back_dual_main_click,2,an,15,14,29,120,60,,,,,,,,,,22,03,yes,no,no,2025-07-29_14h42.07.153,EXNAT_4_TMS_Psychopy2024.2.5.psyexp,2024.2.5,2025-07-29 14h46.27.272763 +0200,
0,0,0,0,0,0,0,,,,,,,,,#88BA3F,188.62437057495117,False,space,correct rejection,None,344.6531295776367,text_08,140,2,2back_dual_main_click,2,eine,15,14,29,120,60,,,,,,,,,,22,03,yes,no,no,2025-07-29_14h42.07.153,EXNAT_4_TMS_Psychopy2024.2.5.psyexp,2024.2.5,2025-07-29 14h46.27.272763 +0200,
0,0,0,0,0,0,0,,,,,,,,,#88BA3F,189.01041674613953,True,space,miss,None,390.55418968200684,text_08,141,2,2back_dual_main_click,2,"Kultur,",15,14,29,120,60,,,,,,,,,,22,03,yes,no,no,2025-07-29_14h42.07.153,EXNAT_4_TMS_Psychopy2024.2.5.psyexp,2024.2.5,2025-07-29 14h46.27.272763 +0200,
0,0,0,0,0,0,0,,,,,,,,,#2AB7EF,189.44276022911072,False,space,correct rejection,None,438.30370903015137,text_08,142,2,2back_dual_main_click,2,die,15,14,29,120,60,,,,,,,,,,22,03,yes,no,no,2025-07-29_14h42.07.153,EXNAT_4_TMS_Psychopy2024.2.5.psyexp,2024.2.5,2025-07-29 14h46.27.272763 +0200,
0,0,0,0,0,0,0,,,,,,,,,#2AB7EF,189.92115235328674,False,space,correct rejection,None,407.98068046569824,text_08,143,2,2back_dual_main_click,2,mitten,15,14,29,120,60,,,,,,,,,,22,03,yes,no,no,2025-07-29_14h42.07.153,EXNAT_4_TMS_Psychopy2024.2.5.psyexp,2024.2.5,2025-07-29 14h46.27.272763 +0200,
0,0,0,0,0,0,0,,,,,,,,,#2AB7EF,190.37052464485168,True,space,miss,None,454.5111656188965,text_08,144,2,2back_dual_main_click,2,in,15,14,29,120,60,,,,,,,,,,22,03,yes,no,no,2025-07-29_14h42.07.153,EXNAT_4_TMS_Psychopy2024.2.5.psyexp,2024.2.5,2025-07-29 14h46.27.272763 +0200,
0,0,0,0,0,0,0,,,,,,,,,#2AB7EF,190.86462903022766,True,l,hit,488.28959465026855,728.2333374023438,text_08,145,2,2back_dual_main_click,2,der,15,14,29,120,60,,,,,,,,,,22,03,yes,no,no,2025-07-29_14h42.07.153,EXNAT_4_TMS_Psychopy2024.2.5.psyexp,2024.2.5,2025-07-29 14h46.27.272763 +0200,
0,0,0,0,0,0,0,,,,,,,,,#88BA3F,191.6336224079132,False,space,correct rejection,None,391.42632484436035,text_08,146,2,2back_dual_main_click,2,Wüste,15,14,29,120,60,,,,,,,,,,22,03,yes,no,no,2025-07-29_14h42.07.153,EXNAT_4_TMS_Psychopy2024.2.5.psyexp,2024.2.5,2025-07-29 14h46.27.272763 +0200,
0,0,0,0,0,0,0,,,,,,,,,#D292F3,192.06647491455078,False,space,correct rejection,None,390.5196189880371,text_08,147,2,2back_dual_main_click,2,eine,15,14,29,120,60,,,,,,,,,,22,03,yes,no,no,2025-07-29_14h42.07.153,EXNAT_4_TMS_Psychopy2024.2.5.psyexp,2024.2.5,2025-07-29 14h46.27.272763 +0200,
0,0,0,0,0,0,0,,,,,,,,,#D292F3,192.49628281593323,False,space,correct rejection,None,488.7101650238037,text_08,148,2,2back_dual_main_click,2,blühende,16,14,30,120,60,192.55370712280273,,,,,,,,,22,03,yes,no,no,2025-07-29_14h42.07.153,EXNAT_4_TMS_Psychopy2024.2.5.psyexp,2024.2.5,2025-07-29 14h46.27.272763 +0200,
0,0,0,0,0,0,0,,,,,,,,,#F989A2,193.0237946510315,False,space,correct rejection,None,473.2820987701416,text_08,149,2,2back_dual_main_click,2,Stadt,16,14,30,120,60,,,,,,,,,,22,03,yes,no,no,2025-07-29_14h42.07.153,EXNAT_4_TMS_Psychopy2024.2.5.psyexp,2024.2.5,2025-07-29 14h46.27.272763 +0200,
0,0,0,0,0,0,0,,,,,,,,,#2AB7EF,193.53555059432983,False,space,correct rejection,None,553.4775257110596,text_08,150,2,2back_dual_main_click,2,erschuf.,16,14,30,120,60,,,,,,,,,,22,03,yes,no,no,2025-07-29_14h42.07.153,EXNAT_4_TMS_Psychopy2024.2.5.psyexp,2024.2.5,2025-07-29 14h46.27.272763 +0200,
0,0,0,0,0,0,0,,,,,,,,,,194.13648438453674,,2,,,,text_08,,2,2back_dual_main_click,,,,,,,,,Q1,b,True,,,,,,22,03,yes,no,no,2025-07-29_14h42.07.153,EXNAT_4_TMS_Psychopy2024.2.5.psyexp,2024.2.5,2025-07-29 14h46.27.272763 +0200,
0,0,0,0,0,0,0,,,,,,,,,,197.51434516906738,,1,,,,text_08,,2,2back_dual_main_click,,,,,,,,,Q2,a,True,,,,,,22,03,yes,no,no,2025-07-29_14h42.07.153,EXNAT_4_TMS_Psychopy2024.2.5.psyexp,2024.2.5,2025-07-29 14h46.27.272763 +0200,
0,0,0,0,0,0,0,,,,,,,,,,199.6967430114746,,4,,,,text_08,,2,2back_dual_main_click,,,,,,,,,Q3,d,True,,,,,,22,03,yes,no,no,2025-07-29_14h42.07.153,EXNAT_4_TMS_Psychopy2024.2.5.psyexp,2024.2.5,2025-07-29 14h46.27.272763 +0200,
0,0,0,0,0,0,0,,,,,,,,,#F989A2,206.2908115386963,False,space,correct rejection,None,726.1719703674316,text_05,1,3,2back_dual_main_click,2,Die,16,14,30,120,60,,,,,,,,,,22,03,yes,no,no,2025-07-29_14h42.07.153,EXNAT_4_TMS_Psychopy2024.2.5.psyexp,2024.2.5,2025-07-29 14h46.27.272763 +0200,
0,0,0,0,0,0,0,,,,,,,,,#88BA3F,207.0544171333313,False,space,correct rejection,None,442.54612922668457,text_05,2,3,2back_dual_main_click,2,Inselgruppe,16,14,30,120,60,,,,,,,,,,22,03,yes,no,no,2025-07-29_14h42.07.153,EXNAT_4_TMS_Psychopy2024.2.5.psyexp,2024.2.5,2025-07-29 14h46.27.272763 +0200,
0,0,0,0,0,0,0,,,,,,,,,#2AB7EF,207.53293561935425,False,space,correct rejection,None,444.0627098083496,text_05,3,3,2back_dual_main_click,2,Nosy,16,14,30,120,60,,,,,,,,,,22,03,yes,no,no,2025-07-29_14h42.07.153,EXNAT_4_TMS_Psychopy2024.2.5.psyexp,2024.2.5,2025-07-29 14h46.27.272763 +0200,
0,0,0,0,0,0,0,,,,,,,,,#88BA3F,208.01468348503113,True,space,miss,None,490.3252124786377,text_05,4,3,2back_dual_main_click,2,Hara,16,14,30,120,60,,,,,,,,,,22,03,yes,no,no,2025-07-29_14h42.07.153,EXNAT_4_TMS_Psychopy2024.2.5.psyexp,2024.2.5,2025-07-29 14h46.27.272763 +0200,
0,0,0,0,0,0,0,,,,,,,,,#F989A2,208.54236268997192,False,space,correct rejection,None,570.6496238708496,text_05,5,3,2back_dual_main_click,2,vor,16,14,30,120,60,,,,,,,,,,22,03,yes,no,no,2025-07-29_14h42.07.153,EXNAT_4_TMS_Psychopy2024.2.5.psyexp,2024.2.5,2025-07-29 14h46.27.272763 +0200,
0,0,0,0,0,0,0,,,,,,,,,#88BA3F,209.15395092964172,True,space,miss,None,598.9189147949219,text_05,6,3,2back_dual_main_click,2,Madagaskar,16,15,31,120,60,209.2121193408966,,,,,,,,,22,03,yes,no,no,2025-07-29_14h42.07.153,EXNAT_4_TMS_Psychopy2024.2.5.psyexp,2024.2.5,2025-07-29 14h46.27.272763 +0200,
0,0,0,0,0,0,0,,,,,,,,,#D292F3,209.79119491577148,False,space,correct rejection,None,441.8191909790039,text_05,7,3,2back_dual_main_click,2,wirkt,16,15,31,120,60,,,,,,,,,,22,03,yes,no,no,2025-07-29_14h42.07.153,EXNAT_4_TMS_Psychopy2024.2.5.psyexp,2024.2.5,2025-07-29 14h46.27.272763 +0200,
0,0,0,0,0,0,0,,,,,,,,,#2AB7EF,210.27330493927002,False,space,correct rejection,None,599.5573997497559,text_05,8,3,2back_dual_main_click,2,"karg,",16,15,31,120,60,,,,,,,,,,22,03,yes,no,no,2025-07-29_14h42.07.153,EXNAT_4_TMS_Psychopy2024.2.5.psyexp,2024.2.5,2025-07-29 14h46.27.272763 +0200,
0,0,0,0,0,0,0,,,,,,,,,#F989A2,210.9135663509369,False,space,correct rejection,None,375.5297660827637,text_05,9,3,2back_dual_main_click,2,doch,16,15,31,120,60,,,,,,,,,,22,03,yes,no,no,2025-07-29_14h42.07.153,EXNAT_4_TMS_Psychopy2024.2.5.psyexp,2024.2.5,2025-07-29 14h46.27.272763 +0200,
0,0,0,0,0,0,0,,,,,,,,,#D292F3,211.32859325408936,False,space,correct rejection,None,552.4449348449707,text_05,10,3,2back_dual_main_click,2,Biologen,16,15,31,120,60,,,,,,,,,,22,03,yes,no,no,2025-07-29_14h42.07.153,EXNAT_4_TMS_Psychopy2024.2.5.psyexp,2024.2.5,2025-07-29 14h46.27.272763 +0200,
0,0,0,0,0,0,0,,,,,,,,,#D292F3,211.9203040599823,False,space,correct rejection,None,440.7086372375488,text_05,11,3,2back_dual_main_click,2,entdeckten,16,15,31,120,60,,,,,,,,,,22,03,yes,no,no,2025-07-29_14h42.07.153,EXNAT_4_TMS_Psychopy2024.2.5.psyexp,2024.2.5,2025-07-29 14h46.27.272763 +0200,
0,0,0,0,0,0,0,,,,,,,,,#2AB7EF,212.39992117881775,False,space,correct rejection,None,585.113525390625,text_05,12,3,2back_dual_main_click,2,dort,16,15,31,120,60,,,,,,,,,,22,03,yes,no,no,2025-07-29_14h42.07.153,EXNAT_4_TMS_Psychopy2024.2.5.psyexp,2024.2.5,2025-07-29 14h46.27.272763 +0200,
0,0,0,0,0,0,0,,,,,,,,,#F989A2,213.02417039871216,False,space,correct rejection,None,328.86242866516113,text_05,13,3,2back_dual_main_click,2,eine,16,15,31,120,60,,,,,,,,,,22,03,yes,no,no,2025-07-29_14h42.07.153,EXNAT_4_TMS_Psychopy2024.2.5.psyexp,2024.2.5,2025-07-29 14h46.27.272763 +0200,
0,0,0,0,0,0,0,,,,,,,,,#2AB7EF,213.39209461212158,True,l,hit,360.9886169433594,632.9309940338135,text_05,14,3,2back_dual_main_click,2,neue,16,15,31,120,60,,,,,,,,,,22,03,yes,no,no,2025-07-29_14h42.07.153,EXNAT_4_TMS_Psychopy2024.2.5.psyexp,2024.2.5,2025-07-29 14h46.27.272763 +0200,
0,0,0,0,0,0,0,,,,,,,,,#88BA3F,214.0659520626068,False,space,correct rejection,None,455.13224601745605,text_05,15,3,2back_dual_main_click,2,Art:,17,15,32,120,60,214.2120177745819,,,,,,,,,22,03,yes,no,no,2025-07-29_14h42.07.153,EXNAT_4_TMS_Psychopy2024.2.5.psyexp,2024.2.5,2025-07-29 14h46.27.272763 +0200,
0,0,0,0,0,0,0,,,,,,,,,#D292F3,214.56205224990845,False,space,correct rejection,None,454.91480827331543,text_05,16,3,2back_dual_main_click,2,das,17,15,32,120,60,,,,,,,,,,22,03,yes,no,no,2025-07-29_14h42.07.153,EXNAT_4_TMS_Psychopy2024.2.5.psyexp,2024.2.5,2025-07-29 14h46.27.272763 +0200,
0,0,0,0,0,0,0,,,,,,,,,#D292F3,215.0550675392151,False,space,correct rejection,None,425.9788990020752,text_05,17,3,2back_dual_main_click,2,winzige,17,15,32,120,60,,,,,,,,,,22,03,yes,no,no,2025-07-29_14h42.07.153,EXNAT_4_TMS_Psychopy2024.2.5.psyexp,2024.2.5,2025-07-29 14h46.27.272763 +0200,
0,0,0,0,0,0,0,,,,,,,,,#88BA3F,215.52221202850342,False,space,correct rejection,None,534.6622467041016,text_05,18,3,2back_dual_main_click,2,Chamäleon,17,15,32,120,60,,,,,,,,,,22,03,yes,no,no,2025-07-29_14h42.07.153,EXNAT_4_TMS_Psychopy2024.2.5.psyexp,2024.2.5,2025-07-29 14h46.27.272763 +0200,
0,0,0,0,0,0,0,,,,,,,,,#2AB7EF,216.09615445137024,False,space,correct rejection,None,616.727352142334,text_05,19,3,2back_dual_main_click,2,Brookesia,17,15,32,120,60,,,,,,,,,,22,03,yes,no,no,2025-07-29_14h42.07.153,EXNAT_4_TMS_Psychopy2024.2.5.psyexp,2024.2.5,2025-07-29 14h46.27.272763 +0200,
0,0,0,0,0,0,0,,,,,,,,,#D292F3,216.75123691558838,False,space,correct rejection,None,601.6666889190674,text_05,20,3,2back_dual_main_click,2,micra.,17,15,32,120,60,,,,,,,,,,22,03,yes,no,no,2025-07-29_14h42.07.153,EXNAT_4_TMS_Psychopy2024.2.5.psyexp,2024.2.5,2025-07-29 14h46.27.272763 +0200,
0,0,0,0,0,0,0,,,,,,,,,#88BA3F,217.3930470943451,False,space,correct rejection,None,520.0443267822266,text_05,21,3,2back_dual_main_click,2,Es,17,15,32,120,60,,,,,,,,,,22,03,yes,no,no,2025-07-29_14h42.07.153,EXNAT_4_TMS_Psychopy2024.2.5.psyexp,2024.2.5,2025-07-29 14h46.27.272763 +0200,
0,0,0,0,0,0,0,,,,,,,,,#F989A2,217.95457363128662,False,space,correct rejection,None,502.48193740844727,text_05,22,3,2back_dual_main_click,2,misst,17,15,32,120,60,,,,,,,,,,22,03,yes,no,no,2025-07-29_14h42.07.153,EXNAT_4_TMS_Psychopy2024.2.5.psyexp,2024.2.5,2025-07-29 14h46.27.272763 +0200,
0,0,0,0,0,0,0,,,,,,,,,#F989A2,218.4946367740631,False,space,correct rejection,None,570.3880786895752,text_05,23,3,2back_dual_main_click,2,weniger,17,15,32,120,60,,,,,,,,,,22,03,yes,no,no,2025-07-29_14h42.07.153,EXNAT_4_TMS_Psychopy2024.2.5.psyexp,2024.2.5,2025-07-29 14h46.27.272763 +0200,
0,0,0,0,0,0,0,,,,,,,,,#88BA3F,219.1033844947815,False,space,correct rejection,None,409.7156524658203,text_05,24,3,2back_dual_main_click,2,als,17,15,32,120,60,,,,,,,,,,22,03,yes,no,no,2025-07-29_14h42.07.153,EXNAT_4_TMS_Psychopy2024.2.5.psyexp,2024.2.5,2025-07-29 14h46.27.272763 +0200,
0,0,0,0,0,0,0,,,,,,,,,#D292F3,219.55176186561584,False,space,correct rejection,None,521.3181972503662,text_05,25,3,2back_dual_main_click,2,drei,17,15,32,120,60,,,,,,,,,,22,03,yes,no,no,2025-07-29_14h42.07.153,EXNAT_4_TMS_Psychopy2024.2.5.psyexp,2024.2.5,2025-07-29 14h46.27.272763 +0200,
0,0,0,0,0,0,0,,,,,,,,,#F989A2,220.11297416687012,False,space,correct rejection,None,648.0820178985596,text_05,26,3,2back_dual_main_click,2,Zentimeter,17,15,32,120,60,,,,,,,,,,22,03,yes,no,no,2025-07-29_14h42.07.153,EXNAT_4_TMS_Psychopy2024.2.5.psyexp,2024.2.5,2025-07-29 14h46.27.272763 +0200,
0,0,0,0,0,0,0,,,,,,,,,#88BA3F,220.80118465423584,False,space,correct rejection,None,519.899845123291,text_05,27,3,2back_dual_main_click,2,und,17,15,32,120,60,,,,,,,,,,22,03,yes,no,no,2025-07-29_14h42.07.153,EXNAT_4_TMS_Psychopy2024.2.5.psyexp,2024.2.5,2025-07-29 14h46.27.272763 +0200,
0,0,0,0,0,0,0,,,,,,,,,#2AB7EF,221.35844445228577,False,space,correct rejection,None,442.6896572113037,text_05,28,3,2back_dual_main_click,2,ist,17,15,32,120,60,,,,,,,,,,22,03,yes,no,no,2025-07-29_14h42.07.153,EXNAT_4_TMS_Psychopy2024.2.5.psyexp,2024.2.5,2025-07-29 14h46.27.272763 +0200,
0,0,0,0,0,0,0,,,,,,,,,#D292F3,221.83918237686157,False,space,correct rejection,None,377.9160976409912,text_05,29,3,2back_dual_main_click,2,braun,17,15,32,120,60,,,,,,,,,,22,03,yes,no,no,2025-07-29_14h42.07.153,EXNAT_4_TMS_Psychopy2024.2.5.psyexp,2024.2.5,2025-07-29 14h46.27.272763 +0200,
0,0,0,0,0,0,0,,,,,,,,,#F989A2,222.2569477558136,False,space,correct rejection,None,632.2166919708252,text_05,30,3,2back_dual_main_click,2,gefärbt.,17,15,32,120,60,,,,,,,,,,22,03,yes,no,no,2025-07-29_14h42.07.153,EXNAT_4_TMS_Psychopy2024.2.5.psyexp,2024.2.5,2025-07-29 14h46.27.272763 +0200,
0,0,0,0,0,0,0,,,,,,,,,#2AB7EF,222.9313099384308,False,space,correct rejection,None,517.7454948425293,text_05,31,3,2back_dual_main_click,2,Trotz,17,15,32,120,60,,,,,,,,,,22,03,yes,no,no,2025-07-29_14h42.07.153,EXNAT_4_TMS_Psychopy2024.2.5.psyexp,2024.2.5,2025-07-29 14h46.27.272763 +0200,
0,0,0,0,0,0,0,,,,,,,,,#2AB7EF,223.4877233505249,False,space,correct rejection,None,393.4898376464844,text_05,32,3,2back_dual_main_click,2,unauffälliger,17,15,32,120,60,,,,,,,,,,22,03,yes,no,no,2025-07-29_14h42.07.153,EXNAT_4_TMS_Psychopy2024.2.5.psyexp,2024.2.5,2025-07-29 14h46.27.272763 +0200,
0,0,0,0,0,0,0,,,,,,,,,#D292F3,223.92084670066833,False,space,correct rejection,None,472.2898006439209,text_05,33,3,2back_dual_main_click,2,Farbe,17,15,32,120,60,,,,,,,,,,22,03,yes,no,no,2025-07-29_14h42.07.153,EXNAT_4_TMS_Psychopy2024.2.5.psyexp,2024.2.5,2025-07-29 14h46.27.272763 +0200,
0,0,0,0,0,0,0,,,,,,,,,#88BA3F,224.43426847457886,False,space,correct rejection,None,438.7950897216797,text_05,34,3,2back_dual_main_click,2,ist,17,15,32,120,60,,,,,,,,,,22,03,yes,no,no,2025-07-29_14h42.07.153,EXNAT_4_TMS_Psychopy2024.2.5.psyexp,2024.2.5,2025-07-29 14h46.27.272763 +0200,
0,0,0,0,0,0,0,,,,,,,,,#88BA3F,224.91118621826172,False,space,correct rejection,None,393.88561248779297,text_05,35,3,2back_dual_main_click,2,seine,17,15,32,120,60,,,,,,,,,,22,03,yes,no,no,2025-07-29_14h42.07.153,EXNAT_4_TMS_Psychopy2024.2.5.psyexp,2024.2.5,2025-07-29 14h46.27.272763 +0200,
0,0,0,0,0,0,0,,,,,,,,,#F989A2,225.34525179862976,False,space,correct rejection,None,423.7837791442871,text_05,36,3,2back_dual_main_click,2,Größe,17,15,32,120,60,,,,,,,,,,22,03,yes,no,no,2025-07-29_14h42.07.153,EXNAT_4_TMS_Psychopy2024.2.5.psyexp,2024.2.5,2025-07-29 14h46.27.272763 +0200,
0,0,0,0,0,0,0,,,,,,,,,#D292F3,225.807799577713,False,space,correct rejection,None,761.2714767456055,text_05,37,3,2back_dual_main_click,2,faszinierend.,17,15,32,120,60,,,,,,,,,,22,03,yes,no,no,2025-07-29_14h42.07.153,EXNAT_4_TMS_Psychopy2024.2.5.psyexp,2024.2.5,2025-07-29 14h46.27.272763 +0200,
0,0,0,0,0,0,0,,,,,,,,,#D292F3,226.60920882225037,False,space,correct rejection,None,439.8345947265625,text_05,38,3,2back_dual_main_click,2,""Man,17,15,32,120,60,,,,,,,,,,22,03,yes,no,no,2025-07-29_14h42.07.153,EXNAT_4_TMS_Psychopy2024.2.5.psyexp,2024.2.5,2025-07-29 14h46.27.272763 +0200,
0,0,0,0,0,0,0,,,,,,,,,#F989A2,227.0893578529358,False,space,correct rejection,None,487.7009391784668,text_05,39,3,2back_dual_main_click,2,erkennt,17,15,32,120,60,,,,,,,,,,22,03,yes,no,no,2025-07-29_14h42.07.153,EXNAT_4_TMS_Psychopy2024.2.5.psyexp,2024.2.5,2025-07-29 14h46.27.272763 +0200,
0,0,0,0,0,0,0,,,,,,,,,#2AB7EF,227.61676287651062,False,space,correct rejection,None,632.3883533477783,text_05,40,3,2back_dual_main_click,2,"sofort,",17,15,32,120,60,,,,,,,,,,22,03,yes,no,no,2025-07-29_14h42.07.153,EXNAT_4_TMS_Psychopy2024.2.5.psyexp,2024.2.5,2025-07-29 14h46.27.272763 +0200,
0,0,0,0,0,0,0,,,,,,,,,#F989A2,228.28987765312195,True,space,miss,None,471.2345600128174,text_05,41,3,2back_dual_main_click,2,dass,17,16,33,120,60,228.34470391273499,,,,,,,,,22,03,yes,no,no,2025-07-29_14h42.07.153,EXNAT_4_TMS_Psychopy2024.2.5.psyexp,2024.2.5,2025-07-29 14h46.27.272763 +0200,
0,0,0,0,0,0,0,,,,,,,,,#88BA3F,228.79986715316772,False,space,correct rejection,None,521.2368965148926,text_05,42,3,2back_dual_main_click,2,es,17,16,33,120,60,,,,,,,,,,22,03,yes,no,no,2025-07-29_14h42.07.153,EXNAT_4_TMS_Psychopy2024.2.5.psyexp,2024.2.5,2025-07-29 14h46.27.272763 +0200,
0,0,0,0,0,0,0,,,,,,,,,#D292F3,229.36029505729675,False,space,correct rejection,None,520.7536220550537,text_05,43,3,2back_dual_main_click,2,etwas,17,16,33,120,60,,,,,,,,,,22,03,yes,no,no,2025-07-29_14h42.07.153,EXNAT_4_TMS_Psychopy2024.2.5.psyexp,2024.2.5,2025-07-29 14h46.27.272763 +0200,
0,0,0,0,0,0,0,,,,,,,,,#88BA3F,229.920015335083,True,space,miss,None,505.1083564758301,text_05,44,3,2back_dual_main_click,2,Neues,17,16,33,120,60,,,,,,,,,,22,03,yes,no,no,2025-07-29_14h42.07.153,EXNAT_4_TMS_Psychopy2024.2.5.psyexp,2024.2.5,2025-07-29 14h46.27.272763 +0200,
0,0,0,0,0,0,0,,,,,,,,,#2AB7EF,230.46357202529907,False,space,correct rejection,None,681.5047264099121,text_05,45,3,2back_dual_main_click,2,"ist,""",17,16,33,120,60,,,,,,,,,,22,03,yes,no,no,2025-07-29_14h42.07.153,EXNAT_4_TMS_Psychopy2024.2.5.psyexp,2024.2.5,2025-07-29 14h46.27.272763 +0200,
0,0,0,0,0,0,0,,,,,,,,,#F989A2,231.1838309764862,False,space,correct rejection,None,489.1688823699951,text_05,46,3,2back_dual_main_click,2,sagt,17,16,33,120,60,,,,,,,,,,22,03,yes,no,no,2025-07-29_14h42.07.153,EXNAT_4_TMS_Psychopy2024.2.5.psyexp,2024.2.5,2025-07-29 14h46.27.272763 +0200,
0,0,0,0,0,0,0,,,,,,,,,#88BA3F,231.714204788208,False,space,correct rejection,None,326.95913314819336,text_05,47,3,2back_dual_main_click,2,Zoologe,17,16,33,120,60,,,,,,,,,,22,03,yes,no,no,2025-07-29_14h42.07.153,EXNAT_4_TMS_Psychopy2024.2.5.psyexp,2024.2.5,2025-07-29 14h46.27.272763 +0200,
0,0,0,0,0,0,0,,,,,,,,,#2AB7EF,232.08333110809326,False,space,correct rejection,None,501.7681121826172,text_05,48,3,2back_dual_main_click,2,Miguel,17,16,33,120,60,,,,,,,,,,22,03,yes,no,no,2025-07-29_14h42.07.153,EXNAT_4_TMS_Psychopy2024.2.5.psyexp,2024.2.5,2025-07-29 14h46.27.272763 +0200,
0,0,0,0,0,0,0,,,,,,,,,#D292F3,232.626145362854,False,space,correct rejection,None,470.86095809936523,text_05,49,3,2back_dual_main_click,2,Vences.,17,16,33,120,60,,,,,,,,,,22,03,yes,no,no,2025-07-29_14h42.07.153,EXNAT_4_TMS_Psychopy2024.2.5.psyexp,2024.2.5,2025-07-29 14h46.27.272763 +0200,
0,0,0,0,0,0,0,,,,,,,,,#2AB7EF,233.13589310646057,True,space,miss,None,425.22311210632324,text_05,50,3,2back_dual_main_click,2,In,17,17,34,120,60,233.34469842910767,,,,,,,,,22,03,yes,no,no,2025-07-29_14h42.07.153,EXNAT_4_TMS_Psychopy2024.2.5.psyexp,2024.2.5,2025-07-29 14h46.27.272763 +0200,
0,0,0,0,0,0,0,,,,,,,,,#2AB7EF,233.60180282592773,False,space,correct rejection,None,455.22594451904297,text_05,51,3,2back_dual_main_click,2,seinem,17,17,34,120,60,,,,,,,,,,22,03,yes,no,no,2025-07-29_14h42.07.153,EXNAT_4_TMS_Psychopy2024.2.5.psyexp,2024.2.5,2025-07-29 14h46.27.272763 +0200,
0,0,0,0,0,0,0,,,,,,,,,#88BA3F,234.09756803512573,False,space,correct rejection,None,567.5418376922607,text_05,52,3,2back_dual_main_click,2,Bericht,17,17,34,120,60,,,,,,,,,,22,03,yes,no,no,2025-07-29_14h42.07.153,EXNAT_4_TMS_Psychopy2024.2.5.psyexp,2024.2.5,2025-07-29 14h46.27.272763 +0200,
0,0,0,0,0,0,0,,,,,,,,,#88BA3F,234.70265579223633,False,space,correct rejection,None,426.20062828063965,text_05,53,3,2back_dual_main_click,2,beschreibt,17,17,34,120,60,,,,,,,,,,22,03,yes,no,no,2025-07-29_14h42.07.153,EXNAT_4_TMS_Psychopy2024.2.5.psyexp,2024.2.5,2025-07-29 14h46.27.272763 +0200,
0,0,0,0,0,0,0,,,,,,,,,#88BA3F,235.16821002960205,True,l,hit,376.89805030822754,632.8082084655762,text_05,54,3,2back_dual_main_click,2,er,17,17,34,120,60,,,,,,,,,,22,03,yes,no,no,2025-07-29_14h42.07.153,EXNAT_4_TMS_Psychopy2024.2.5.psyexp,2024.2.5,2025-07-29 14h46.27.272763 +0200,
0,0,0,0,0,0,0,,,,,,,,,#D292F3,235.83877897262573,False,space,correct rejection,None,474.4436740875244,text_05,55,3,2back_dual_main_click,2,vier,17,17,34,120,60,,,,,,,,,,22,03,yes,no,no,2025-07-29_14h42.07.153,EXNAT_4_TMS_Psychopy2024.2.5.psyexp,2024.2.5,2025-07-29 14h46.27.272763 +0200,
0,0,0,0,0,0,0,,,,,,,,,#F989A2,236.3514838218689,False,space,correct rejection,None,441.6656494140625,text_05,56,3,2back_dual_main_click,2,neue,17,17,34,120,60,,,,,,,,,,22,03,yes,no,no,2025-07-29_14h42.07.153,EXNAT_4_TMS_Psychopy2024.2.5.psyexp,2024.2.5,2025-07-29 14h46.27.272763 +0200,
0,0,0,0,0,0,0,,,,,,,,,#F989A2,236.83745908737183,False,space,correct rejection,None,563.7087821960449,text_05,57,3,2back_dual_main_click,2,Mini-Chamäleons.,17,17,34,120,60,,,,,,,,,,22,03,yes,no,no,2025-07-29_14h42.07.153,EXNAT_4_TMS_Psychopy2024.2.5.psyexp,2024.2.5,2025-07-29 14h46.27.272763 +0200,
0,0,0,0,0,0,0,,,,,,,,,#F989A2,237.4410138130188,True,space,miss,None,439.9867057800293,text_05,58,3,2back_dual_main_click,2,Viel,17,17,34,120,60,,,,,,,,,,22,03,yes,no,no,2025-07-29_14h42.07.153,EXNAT_4_TMS_Psychopy2024.2.5.psyexp,2024.2.5,2025-07-29 14h46.27.272763 +0200,
0,0,0,0,0,0,0,,,,,,,,,#D292F3,237.9208996295929,False,space,correct rejection,None,392.01974868774414,text_05,59,3,2back_dual_main_click,2,ist,17,17,34,120,60,,,,,,,,,,22,03,yes,no,no,2025-07-29_14h42.07.153,EXNAT_4_TMS_Psychopy2024.2.5.psyexp,2024.2.5,2025-07-29 14h46.27.272763 +0200,
0,0,0,0,0,0,0,,,,,,,,,#2AB7EF,238.35435795783997,False,space,correct rejection,None,486.79208755493164,text_05,60,3,2back_dual_main_click,2,über,17,17,34,120,60,,,,,,,,,,22,03,yes,no,no,2025-07-29_14h42.07.153,EXNAT_4_TMS_Psychopy2024.2.5.psyexp,2024.2.5,2025-07-29 14h46.27.272763 +0200,
0,0,0,0,0,0,0,,,,,,,,,#88BA3F,238.88327312469482,False,space,correct rejection,None,549.799919128418,text_05,61,3,2back_dual_main_click,2,ihre,17,17,34,120,60,,,,,,,,,,22,03,yes,no,no,2025-07-29_14h42.07.153,EXNAT_4_TMS_Psychopy2024.2.5.psyexp,2024.2.5,2025-07-29 14h46.27.272763 +0200,
0,0,0,0,0,0,0,,,,,,,,,#2AB7EF,239.4739465713501,True,space,miss,None,375.18858909606934,text_05,62,3,2back_dual_main_click,2,Lebensweise,17,18,35,120,60,239.52726221084595,,,,,,,,,22,03,yes,no,no,2025-07-29_14h42.07.153,EXNAT_4_TMS_Psychopy2024.2.5.psyexp,2024.2.5,2025-07-29 14h46.27.272763 +0200,
0,0,0,0,0,0,0,,,,,,,,,#88BA3F,239.8884620666504,True,l,hit,408.65254402160645,648.5757827758789,text_05,63,3,2back_dual_main_click,2,noch,17,18,35,120,60,,,,,,,,,,22,03,yes,no,no,2025-07-29_14h42.07.153,EXNAT_4_TMS_Psychopy2024.2.5.psyexp,2024.2.5,2025-07-29 14h46.27.272763 +0200,
0,0,0,0,0,0,0,,,,,,,,,#D292F3,240.57479810714722,False,space,correct rejection,None,394.37055587768555,text_05,64,3,2back_dual_main_click,2,nicht,17,18,35,120,60,,,,,,,,,,22,03,yes,no,no,2025-07-29_14h42.07.153,EXNAT_4_TMS_Psychopy2024.2.5.psyexp,2024.2.5,2025-07-29 14h46.27.272763 +0200,
0,0,0,0,0,0,0,,,,,,,,,#D292F3,241.00937676429749,False,space,correct rejection,None,615.7176494598389,text_05,65,3,2back_dual_main_click,2,bekannt.,17,18,35,120,60,,,,,,,,,,22,03,yes,no,no,2025-07-29_14h42.07.153,EXNAT_4_TMS_Psychopy2024.2.5.psyexp,2024.2.5,2025-07-29 14h46.27.272763 +0200,
0,0,0,0,0,0,0,,,,,,,,,#F989A2,241.66525220870972,False,space,correct rejection,None,519.8912620544434,text_05,66,3,2back_dual_main_click,2,Tagsüber,17,18,35,120,60,,,,,,,,,,22,03,yes,no,no,2025-07-29_14h42.07.153,EXNAT_4_TMS_Psychopy2024.2.5.psyexp,2024.2.5,2025-07-29 14h46.27.272763 +0200,
0,0,0,0,0,0,0,,,,,,,,,#F989A2,242.22279596328735,False,space,correct rejection,None,458.30535888671875,text_05,67,3,2back_dual_main_click,2,verstecken,17,18,35,120,60,,,,,,,,,,22,03,yes,no,no,2025-07-29_14h42.07.153,EXNAT_4_TMS_Psychopy2024.2.5.psyexp,2024.2.5,2025-07-29 14h46.27.272763 +0200,
0,0,0,0,0,0,0,,,,,,,,,#F989A2,242.71971583366394,True,l,hit,473.3624458312988,745.283842086792,text_05,68,3,2back_dual_main_click,2,sie,17,18,35,120,60,,,,,,,,,,22,03,yes,no,no,2025-07-29_14h42.07.153,EXNAT_4_TMS_Psychopy2024.2.5.psyexp,2024.2.5,2025-07-29 14h46.27.272763 +0200,
0,0,0,0,0,0,0,,,,,,,,,#2AB7EF,243.506023645401,False,space,correct rejection,None,471.2355136871338,text_05,69,3,2back_dual_main_click,2,sich,17,18,35,120,60,,,,,,,,,,22,03,yes,no,no,2025-07-29_14h42.07.153,EXNAT_4_TMS_Psychopy2024.2.5.psyexp,2024.2.5,2025-07-29 14h46.27.272763 +0200,
0,0,0,0,0,0,0,,,,,,,,,#88BA3F,244.01780366897583,False,space,correct rejection,None,519.2937850952148,text_05,70,3,2back_dual_main_click,2,unter,18,18,36,120,60,244.52724480628967,,,,,,,,,22,03,yes,no,no,2025-07-29_14h42.07.153,EXNAT_4_TMS_Psychopy2024.2.5.psyexp,2024.2.5,2025-07-29 14h46.27.272763 +0200,
0,0,0,0,0,0,0,,,,,,,,,#D292F3,244.5751554965973,False,space,correct rejection,None,617.9561614990234,text_05,71,3,2back_dual_main_click,2,"Laub,",18,18,36,120,60,,,,,,,,,,22,03,yes,no,no,2025-07-29_14h42.07.153,EXNAT_4_TMS_Psychopy2024.2.5.psyexp,2024.2.5,2025-07-29 14h46.27.272763 +0200,
0,0,0,0,0,0,0,,,,,,,,,#2AB7EF,245.231351852417,False,space,correct rejection,None,425.7631301879883,text_05,72,3,2back_dual_main_click,2,nachts,18,18,36,120,60,,,,,,,,,,22,03,yes,no,no,2025-07-29_14h42.07.153,EXNAT_4_TMS_Psychopy2024.2.5.psyexp,2024.2.5,2025-07-29 14h46.27.272763 +0200,
0,0,0,0,0,0,0,,,,,,,,,#F989A2,245.6983118057251,False,space,correct rejection,None,726.8764972686768,text_05,73,3,2back_dual_main_click,2,schlafen,18,18,36,120,60,,,,,,,,,,22,03,yes,no,no,2025-07-29_14h42.07.153,EXNAT_4_TMS_Psychopy2024.2.5.psyexp,2024.2.5,2025-07-29 14h46.27.272763 +0200,
0,0,0,0,0,0,0,,,,,,,,,#2AB7EF,246.46234107017517,True,space,miss,None,586.8048667907715,text_05,74,3,2back_dual_main_click,2,sie,18,18,36,120,60,,,,,,,,,,22,03,yes,no,no,2025-07-29_14h42.07.153,EXNAT_4_TMS_Psychopy2024.2.5.psyexp,2024.2.5,2025-07-29 14h46.27.272763 +0200,
0,0,0,0,0,0,0,,,,,,,,,#D292F3,247.08704662322998,False,space,correct rejection,None,474.16043281555176,text_05,75,3,2back_dual_main_click,2,auf,18,18,36,120,60,,,,,,,,,,22,03,yes,no,no,2025-07-29_14h42.07.153,EXNAT_4_TMS_Psychopy2024.2.5.psyexp,2024.2.5,2025-07-29 14h46.27.272763 +0200,
0,0,0,0,0,0,0,,,,,,,,,#88BA3F,247.6009874343872,False,space,correct rejection,None,408.1757068634033,text_05,76,3,2back_dual_main_click,2,niedrigen,18,18,36,120,60,,,,,,,,,,22,03,yes,no,no,2025-07-29_14h42.07.153,EXNAT_4_TMS_Psychopy2024.2.5.psyexp,2024.2.5,2025-07-29 14h46.27.272763 +0200,
0,0,0,0,0,0,0,,,,,,,,,#F989A2,248.04894185066223,False,space,correct rejection,None,744.0295219421387,text_05,77,3,2back_dual_main_click,2,Ästen.,18,18,36,120,60,,,,,,,,,,22,03,yes,no,no,2025-07-29_14h42.07.153,EXNAT_4_TMS_Psychopy2024.2.5.psyexp,2024.2.5,2025-07-29 14h46.27.272763 +0200,
0,0,0,0,0,0,0,,,,,,,,,#88BA3F,248.83286499977112,True,space,miss,None,408.1854820251465,text_05,78,3,2back_dual_main_click,2,Direkte,18,18,36,120,60,,,,,,,,,,22,03,yes,no,no,2025-07-29_14h42.07.153,EXNAT_4_TMS_Psychopy2024.2.5.psyexp,2024.2.5,2025-07-29 14h46.27.272763 +0200,
0,0,0,0,0,0,0,,,,,,,,,#2AB7EF,249.28195476531982,False,space,correct rejection,None,359.21645164489746,text_05,79,3,2back_dual_main_click,2,Fressfeinde,18,18,36,120,60,,,,,,,,,,22,03,yes,no,no,2025-07-29_14h42.07.153,EXNAT_4_TMS_Psychopy2024.2.5.psyexp,2024.2.5,2025-07-29 14h46.27.272763 +0200,
0,0,0,0,0,0,0,,,,,,,,,#D292F3,249.67978310585022,False,space,correct rejection,None,1049.4883060455322,text_05,80,3,2back_dual_main_click,2,haben,18,18,36,120,60,,,,,,,,,,22,03,yes,no,no,2025-07-29_14h42.07.153,EXNAT_4_TMS_Psychopy2024.2.5.psyexp,2024.2.5,2025-07-29 14h46.27.272763 +0200,
0,0,0,0,0,0,0,,,,,,,,,#2AB7EF,250.7683937549591,True,space,miss,None,440.72723388671875,text_05,81,3,2back_dual_main_click,2,sie,18,19,37,120,60,250.81977701187134,,,,,,,,,22,03,yes,no,no,2025-07-29_14h42.07.153,EXNAT_4_TMS_Psychopy2024.2.5.psyexp,2024.2.5,2025-07-29 14h46.27.272763 +0200,
0,0,0,0,0,0,0,,,,,,,,,#D292F3,251.24801540374756,True,space,miss,None,457.07082748413086,text_05,82,3,2back_dual_main_click,2,zum,18,19,37,120,60,,,,,,,,,,22,03,yes,no,no,2025-07-29_14h42.07.153,EXNAT_4_TMS_Psychopy2024.2.5.psyexp,2024.2.5,2025-07-29 14h46.27.272763 +0200,
0,0,0,0,0,0,0,,,,,,,,,#88BA3F,251.74557495117188,False,space,correct rejection,None,583.5671424865723,text_05,83,3,2back_dual_main_click,2,Glück,18,19,37,120,60,,,,,,,,,,22,03,yes,no,no,2025-07-29_14h42.07.153,EXNAT_4_TMS_Psychopy2024.2.5.psyexp,2024.2.5,2025-07-29 14h46.27.272763 +0200,
0,0,0,0,0,0,0,,,,,,,,,#F989A2,252.3690242767334,False,space,correct rejection,None,600.0795364379883,text_05,84,3,2back_dual_main_click,2,"kaum,",18,19,37,120,60,,,,,,,,,,22,03,yes,no,no,2025-07-29_14h42.07.153,EXNAT_4_TMS_Psychopy2024.2.5.psyexp,2024.2.5,2025-07-29 14h46.27.272763 +0200,
0,0,0,0,0,0,0,,,,,,,,,#F989A2,253.00953102111816,False,space,correct rejection,None,327.61549949645996,text_05,85,3,2back_dual_main_click,2,denn,18,19,37,120,60,,,,,,,,,,22,03,yes,no,no,2025-07-29_14h42.07.153,EXNAT_4_TMS_Psychopy2024.2.5.psyexp,2024.2.5,2025-07-29 14h46.27.272763 +0200,
0,0,0,0,0,0,0,,,,,,,,,#88BA3F,253.37553811073303,False,space,correct rejection,None,457.582950592041,text_05,86,3,2back_dual_main_click,2,auf,18,19,37,120,60,,,,,,,,,,22,03,yes,no,no,2025-07-29_14h42.07.153,EXNAT_4_TMS_Psychopy2024.2.5.psyexp,2024.2.5,2025-07-29 14h46.27.272763 +0200,
0,0,0,0,0,0,0,,,,,,,,,#2AB7EF,253.87246417999268,False,space,correct rejection,None,536.6826057434082,text_05,87,3,2back_dual_main_click,2,kleinen,18,19,37,120,60,,,,,,,,,,22,03,yes,no,no,2025-07-29_14h42.07.153,EXNAT_4_TMS_Psychopy2024.2.5.psyexp,2024.2.5,2025-07-29 14h46.27.272763 +0200,
0,0,0,0,0,0,0,,,,,,,,,#2AB7EF,254.449036359787,False,space,correct rejection,None,360.12840270996094,text_05,88,3,2back_dual_main_click,2,Inseln,18,19,37,120,60,,,,,,,,,,22,03,yes,no,no,2025-07-29_14h42.07.153,EXNAT_4_TMS_Psychopy2024.2.5.psyexp,2024.2.5,2025-07-29 14h46.27.272763 +0200,
0,0,0,0,0,0,0,,,,,,,,,#88BA3F,254.84869980812073,False,space,correct rejection,None,440.4637813568115,text_05,89,3,2back_dual_main_click,2,kann,18,19,37,120,60,,,,,,,,,,22,03,yes,no,no,2025-07-29_14h42.07.153,EXNAT_4_TMS_Psychopy2024.2.5.psyexp,2024.2.5,2025-07-29 14h46.27.272763 +0200,
0,0,0,0,0,0,0,,,,,,,,,#F989A2,255.32868242263794,False,space,correct rejection,None,456.4704895019531,text_05,90,3,2back_dual_main_click,2,die,18,19,37,120,60,,,,,,,,,,22,03,yes,no,no,2025-07-29_14h42.07.153,EXNAT_4_TMS_Psychopy2024.2.5.psyexp,2024.2.5,2025-07-29 14h46.27.272763 +0200,
0,0,0,0,0,0,0,,,,,,,,,#88BA3F,255.82524943351746,True,space,miss,None,519.9763774871826,text_05,91,3,2back_dual_main_click,2,Konkurrenz,18,20,38,120,60,255.8780219554901,,,,,,,,,22,03,yes,no,no,2025-07-29_14h42.07.153,EXNAT_4_TMS_Psychopy2024.2.5.psyexp,2024.2.5,2025-07-29 14h46.27.272763 +0200,
0,0,0,0,0,0,0,,,,,,,,,#D292F3,256.3853952884674,False,space,correct rejection,None,423.799991607666,text_05,92,3,2back_dual_main_click,2,unter,18,20,38,120,60,,,,,,,,,,22,03,yes,no,no,2025-07-29_14h42.07.153,EXNAT_4_TMS_Psychopy2024.2.5.psyexp,2024.2.5,2025-07-29 14h46.27.272763 +0200,
0,0,0,0,0,0,0,,,,,,,,,#D292F3,256.8496391773224,False,space,correct rejection,None,631.5474510192871,text_05,93,3,2back_dual_main_click,2,Tieren,18,20,38,120,60,,,,,,,,,,22,03,yes,no,no,2025-07-29_14h42.07.153,EXNAT_4_TMS_Psychopy2024.2.5.psyexp,2024.2.5,2025-07-29 14h46.27.272763 +0200,
0,0,0,0,0,0,0,,,,,,,,,#D292F3,257.5241792201996,True,space,miss,None,549.0012168884277,text_05,94,3,2back_dual_main_click,2,schnell,18,20,38,120,60,,,,,,,,,,22,03,yes,no,no,2025-07-29_14h42.07.153,EXNAT_4_TMS_Psychopy2024.2.5.psyexp,2024.2.5,2025-07-29 14h46.27.272763 +0200,
0,0,0,0,0,0,0,,,,,,,,,#F989A2,258.1105070114136,False,space,correct rejection,None,586.6978168487549,text_05,95,3,2back_dual_main_click,2,wachsen.,18,20,38,120,60,,,,,,,,,,22,03,yes,no,no,2025-07-29_14h42.07.153,EXNAT_4_TMS_Psychopy2024.2.5.psyexp,2024.2.5,2025-07-29 14h46.27.272763 +0200,
0,0,0,0,0,0,0,,,,,,,,,#2AB7EF,258.7371368408203,False,space,correct rejection,None,487.9021644592285,text_05,96,3,2back_dual_main_click,2,Auch,18,20,38,120,60,,,,,,,,,,22,03,yes,no,no,2025-07-29_14h42.07.153,EXNAT_4_TMS_Psychopy2024.2.5.psyexp,2024.2.5,2025-07-29 14h46.27.272763 +0200,
0,0,0,0,0,0,0,,,,,,,,,#88BA3F,259.2660882472992,False,space,correct rejection,None,855.1766872406006,text_05,97,3,2back_dual_main_click,2,andere,18,20,38,120,60,,,,,,,,,,22,03,yes,no,no,2025-07-29_14h42.07.153,EXNAT_4_TMS_Psychopy2024.2.5.psyexp,2024.2.5,2025-07-29 14h46.27.272763 +0200,
0,0,0,0,0,0,0,,,,,,,,,#D292F3,260.1598048210144,False,space,correct rejection,None,537.3821258544922,text_05,98,3,2back_dual_main_click,2,neue,18,20,38,120,60,,,,,,,,,,22,03,yes,no,no,2025-07-29_14h42.07.153,EXNAT_4_TMS_Psychopy2024.2.5.psyexp,2024.2.5,2025-07-29 14h46.27.272763 +0200,
0,0,0,0,0,0,0,,,,,,,,,#F989A2,260.73902010917664,False,space,correct rejection,None,566.3087368011475,text_05,99,3,2back_dual_main_click,2,Chamäleonarten,18,20,38,120,60,,,,,,,,,,22,03,yes,no,no,2025-07-29_14h42.07.153,EXNAT_4_TMS_Psychopy2024.2.5.psyexp,2024.2.5,2025-07-29 14h46.27.272763 +0200,
0,0,0,0,0,0,0,,,,,,,,,#2AB7EF,261.34521555900574,False,space,correct rejection,None,504.0607452392578,text_05,100,3,2back_dual_main_click,2,leben,19,20,39,120,60,261.3978729248047,,,,,,,,,22,03,yes,no,no,2025-07-29_14h42.07.153,EXNAT_4_TMS_Psychopy2024.2.5.psyexp,2024.2.5,2025-07-29 14h46.27.272763 +0200,
0,0,0,0,0,0,0,,,,,,,,,#F989A2,261.8883900642395,True,space,miss,None,536.8542671203613,text_05,101,3,2back_dual_main_click,2,nur,19,20,39,120,60,,,,,,,,,,22,03,yes,no,no,2025-07-29_14h42.07.153,EXNAT_4_TMS_Psychopy2024.2.5.psyexp,2024.2.5,2025-07-29 14h46.27.272763 +0200,
0,0,0,0,0,0,0,,,,,,,,,#88BA3F,262.46572041511536,False,space,correct rejection,None,519.5527076721191,text_05,102,3,2back_dual_main_click,2,auf,19,20,39,120,60,,,,,,,,,,22,03,yes,no,no,2025-07-29_14h42.07.153,EXNAT_4_TMS_Psychopy2024.2.5.psyexp,2024.2.5,2025-07-29 14h46.27.272763 +0200,
0,0,0,0,0,0,0,,,,,,,,,#F989A2,263.0257749557495,True,space,miss,None,327.51011848449707,text_05,103,3,2back_dual_main_click,2,kleinen,19,20,39,120,60,,,,,,,,,,22,03,yes,no,no,2025-07-29_14h42.07.153,EXNAT_4_TMS_Psychopy2024.2.5.psyexp,2024.2.5,2025-07-29 14h46.27.272763 +0200,
0,0,0,0,0,0,0,,,,,,,,,#D292F3,263.3928737640381,False,space,correct rejection,None,552.4466037750244,text_05,104,3,2back_dual_main_click,2,Flächen,19,20,39,120,60,,,,,,,,,,22,03,yes,no,no,2025-07-29_14h42.07.153,EXNAT_4_TMS_Psychopy2024.2.5.psyexp,2024.2.5,2025-07-29 14h46.27.272763 +0200,
0,0,0,0,0,0,0,,,,,,,,,#2AB7EF,263.98466515541077,False,space,correct rejection,None,424.6952533721924,text_05,105,3,2back_dual_main_click,2,Madagaskars,19,20,39,120,60,,,,,,,,,,22,03,yes,no,no,2025-07-29_14h42.07.153,EXNAT_4_TMS_Psychopy2024.2.5.psyexp,2024.2.5,2025-07-29 14h46.27.272763 +0200,
0,0,0,0,0,0,0,,,,,,,,,#D292F3,264.4507656097412,True,l,hit,422.4212169647217,646.3339328765869,text_05,106,3,2back_dual_main_click,2,und,19,20,39,120,60,,,,,,,,,,22,03,yes,no,no,2025-07-29_14h42.07.153,EXNAT_4_TMS_Psychopy2024.2.5.psyexp,2024.2.5,2025-07-29 14h46.27.272763 +0200,
0,0,0,0,0,0,0,,,,,,,,,#88BA3F,265.1366114616394,False,space,correct rejection,None,520.6611156463623,text_05,107,3,2back_dual_main_click,2,sind,19,20,39,120,60,,,,,,,,,,22,03,yes,no,no,2025-07-29_14h42.07.153,EXNAT_4_TMS_Psychopy2024.2.5.psyexp,2024.2.5,2025-07-29 14h46.27.272763 +0200,
0,0,0,0,0,0,0,,,,,,,,,#2AB7EF,265.6985116004944,False,space,correct rejection,None,454.74982261657715,text_05,108,3,2back_dual_main_click,2,vom,19,20,39,120,60,,,,,,,,,,22,03,yes,no,no,2025-07-29_14h42.07.153,EXNAT_4_TMS_Psychopy2024.2.5.psyexp,2024.2.5,2025-07-29 14h46.27.272763 +0200,
0,0,0,0,0,0,0,,,,,,,,,#2AB7EF,266.19107723236084,False,space,correct rejection,None,602.2119522094727,text_05,109,3,2back_dual_main_click,2,Artensterben,20,20,40,120,60,266.3978114128113,,,,,,,,,22,03,yes,no,no,2025-07-29_14h42.07.153,EXNAT_4_TMS_Psychopy2024.2.5.psyexp,2024.2.5,2025-07-29 14h46.27.272763 +0200,
0,0,0,0,0,0,0,,,,,,,,,#2AB7EF,266.83404302597046,True,space,miss,None,470.92318534851074,text_05,110,3,2back_dual_main_click,2,bedroht.,20,20,40,120,60,,,,,,,,,,22,03,yes,no,no,2025-07-29_14h42.07.153,EXNAT_4_TMS_Psychopy2024.2.5.psyexp,2024.2.5,2025-07-29 14h46.27.272763 +0200,
0,0,0,0,0,0,0,,,,,,,,,#D292F3,267.3433394432068,False,space,correct rejection,None,457.8356742858887,text_05,111,3,2back_dual_main_click,2,Etwa,20,20,40,120,60,,,,,,,,,,22,03,yes,no,no,2025-07-29_14h42.07.153,EXNAT_4_TMS_Psychopy2024.2.5.psyexp,2024.2.5,2025-07-29 14h46.27.272763 +0200,
0,0,0,0,0,0,0,,,,,,,,,#F989A2,267.84104323387146,False,space,correct rejection,None,407.928466796875,text_05,112,3,2back_dual_main_click,2,40%,20,20,40,120,60,,,,,,,,,,22,03,yes,no,no,2025-07-29_14h42.07.153,EXNAT_4_TMS_Psychopy2024.2.5.psyexp,2024.2.5,2025-07-29 14h46.27.272763 +0200,
0,0,0,0,0,0,0,,,,,,,,,#D292F3,268.2874629497528,True,space,miss,None,681.7190647125244,text_05,113,3,2back_dual_main_click,2,der,20,20,40,120,60,,,,,,,,,,22,03,yes,no,no,2025-07-29_14h42.07.153,EXNAT_4_TMS_Psychopy2024.2.5.psyexp,2024.2.5,2025-07-29 14h46.27.272763 +0200,
0,0,0,0,0,0,0,,,,,,,,,#F989A2,269.00809025764465,True,space,miss,None,1081.0880661010742,text_05,114,3,2back_dual_main_click,2,Reptilienarten,20,20,40,120,60,,,,,,,,,,22,03,yes,no,no,2025-07-29_14h42.07.153,EXNAT_4_TMS_Psychopy2024.2.5.psyexp,2024.2.5,2025-07-29 14h46.27.272763 +0200,
0,0,0,0,0,0,0,,,,,,,,,#88BA3F,270.13046979904175,False,space,correct rejection,None,598.7112522125244,text_05,115,3,2back_dual_main_click,2,dort,20,20,40,120,60,,,,,,,,,,22,03,yes,no,no,2025-07-29_14h42.07.153,EXNAT_4_TMS_Psychopy2024.2.5.psyexp,2024.2.5,2025-07-29 14h46.27.272763 +0200,
0,0,0,0,0,0,0,,,,,,,,,#D292F3,270.7709379196167,False,space,correct rejection,None,454.00333404541016,text_05,116,3,2back_dual_main_click,2,gelten,20,20,40,120,60,,,,,,,,,,22,03,yes,no,no,2025-07-29_14h42.07.153,EXNAT_4_TMS_Psychopy2024.2.5.psyexp,2024.2.5,2025-07-29 14h46.27.272763 +0200,
0,0,0,0,0,0,0,,,,,,,,,#F989A2,271.2665948867798,False,space,correct rejection,None,518.5534954071045,text_05,117,3,2back_dual_main_click,2,als,21,20,41,120,60,271.3978097438812,,,,,,,,,22,03,yes,no,no,2025-07-29_14h42.07.153,EXNAT_4_TMS_Psychopy2024.2.5.psyexp,2024.2.5,2025-07-29 14h46.27.272763 +0200,
0,0,0,0,0,0,0,,,,,,,,,#88BA3F,271.82294249534607,False,space,correct rejection,None,442.29626655578613,text_05,118,3,2back_dual_main_click,2,gefährdet.,21,20,41,120,60,,,,,,,,,,22,03,yes,no,no,2025-07-29_14h42.07.153,EXNAT_4_TMS_Psychopy2024.2.5.psyexp,2024.2.5,2025-07-29 14h46.27.272763 +0200,
0,0,0,0,0,0,0,,,,,,,,,#2AB7EF,272.3056080341339,False,space,correct rejection,None,583.4314823150635,text_05,119,3,2back_dual_main_click,2,Ein,21,20,41,120,60,,,,,,,,,,22,03,yes,no,no,2025-07-29_14h42.07.153,EXNAT_4_TMS_Psychopy2024.2.5.psyexp,2024.2.5,2025-07-29 14h46.27.272763 +0200,
0,0,0,0,0,0,0,,,,,,,,,#88BA3F,272.92722940444946,True,space,miss,None,538.041353225708,text_05,120,3,2back_dual_main_click,2,Beispiel,21,20,41,120,60,,,,,,,,,,22,03,yes,no,no,2025-07-29_14h42.07.153,EXNAT_4_TMS_Psychopy2024.2.5.psyexp,2024.2.5,2025-07-29 14h46.27.272763 +0200,
0,0,0,0,0,0,0,,,,,,,,,#2AB7EF,273.5030403137207,True,space,miss,None,490.25702476501465,text_05,121,3,2back_dual_main_click,2,ist,21,20,41,120,60,,,,,,,,,,22,03,yes,no,no,2025-07-29_14h42.07.153,EXNAT_4_TMS_Psychopy2024.2.5.psyexp,2024.2.5,2025-07-29 14h46.27.272763 +0200,
0,0,0,0,0,0,0,,,,,,,,,#2AB7EF,274.03377413749695,False,space,correct rejection,None,487.4908924102783,text_05,122,3,2back_dual_main_click,2,Brookesia,21,20,41,120,60,,,,,,,,,,22,03,yes,no,no,2025-07-29_14h42.07.153,EXNAT_4_TMS_Psychopy2024.2.5.psyexp,2024.2.5,2025-07-29 14h46.27.272763 +0200,
0,0,0,0,0,0,0,,,,,,,,,#F989A2,274.562087059021,False,space,correct rejection,None,647.1374034881592,text_05,123,3,2back_dual_main_click,2,tristis.,21,20,41,120,60,,,,,,,,,,22,03,yes,no,no,2025-07-29_14h42.07.153,EXNAT_4_TMS_Psychopy2024.2.5.psyexp,2024.2.5,2025-07-29 14h46.27.272763 +0200,
0,0,0,0,0,0,0,,,,,,,,,#D292F3,275.2493886947632,False,space,correct rejection,None,407.9632759094238,text_05,124,3,2back_dual_main_click,2,Obwohl,21,20,41,120,60,,,,,,,,,,22,03,yes,no,no,2025-07-29_14h42.07.153,EXNAT_4_TMS_Psychopy2024.2.5.psyexp,2024.2.5,2025-07-29 14h46.27.272763 +0200,
0,0,0,0,0,0,0,,,,,,,,,#F989A2,275.69819378852844,True,l,hit,583.0092430114746,870.9776401519775,text_05,125,3,2back_dual_main_click,2,sein,21,21,42,120,60,276.397944688797,,,,,,,,,22,03,yes,no,no,2025-07-29_14h42.07.153,EXNAT_4_TMS_Psychopy2024.2.5.psyexp,2024.2.5,2025-07-29 14h46.27.272763 +0200,
0,0,0,0,0,0,0,,,,,,,,,#88BA3F,276.6091094017029,False,space,correct rejection,None,424.11041259765625,text_05,126,3,2back_dual_main_click,2,Lebensraum,21,21,42,120,60,,,,,,,,,,22,03,yes,no,no,2025-07-29_14h42.07.153,EXNAT_4_TMS_Psychopy2024.2.5.psyexp,2024.2.5,2025-07-29 14h46.27.272763 +0200,
0,0,0,0,0,0,0,,,,,,,,,#D292F3,277.07104563713074,False,space,correct rejection,None,490.28611183166504,text_05,127,3,2back_dual_main_click,2,unter,21,21,42,120,60,,,,,,,,,,22,03,yes,no,no,2025-07-29_14h42.07.153,EXNAT_4_TMS_Psychopy2024.2.5.psyexp,2024.2.5,2025-07-29 14h46.27.272763 +0200,
0,0,0,0,0,0,0,,,,,,,,,#88BA3F,277.6013219356537,True,l,hit,808.0403804779053,999.9563694000244,text_05,128,3,2back_dual_main_click,2,Schutz,21,21,42,120,60,,,,,,,,,,22,03,yes,no,no,2025-07-29_14h42.07.153,EXNAT_4_TMS_Psychopy2024.2.5.psyexp,2024.2.5,2025-07-29 14h46.27.272763 +0200,
0,0,0,0,0,0,0,,,,,,,,,#2AB7EF,278.6393151283264,False,space,correct rejection,None,409.87658500671387,text_05,129,3,2back_dual_main_click,2,"steht,",21,21,42,120,60,,,,,,,,,,22,03,yes,no,no,2025-07-29_14h42.07.153,EXNAT_4_TMS_Psychopy2024.2.5.psyexp,2024.2.5,2025-07-29 14h46.27.272763 +0200,
0,0,0,0,0,0,0,,,,,,,,,#88BA3F,279.0878994464874,True,space,miss,None,553.2550811767578,text_05,130,3,2back_dual_main_click,2,nimmt,21,21,42,120,60,,,,,,,,,,22,03,yes,no,no,2025-07-29_14h42.07.153,EXNAT_4_TMS_Psychopy2024.2.5.psyexp,2024.2.5,2025-07-29 14h46.27.272763 +0200,
0,0,0,0,0,0,0,,,,,,,,,#F989A2,279.67888617515564,False,space,correct rejection,None,346.2557792663574,text_05,131,3,2back_dual_main_click,2,die,21,21,42,120,60,,,,,,,,,,22,03,yes,no,no,2025-07-29_14h42.07.153,EXNAT_4_TMS_Psychopy2024.2.5.psyexp,2024.2.5,2025-07-29 14h46.27.272763 +0200,
0,0,0,0,0,0,0,,,,,,,,,#D292F3,280.0677111148834,False,space,correct rejection,None,501.51872634887695,text_05,132,3,2back_dual_main_click,2,Abholzung,21,21,42,120,60,,,,,,,,,,22,03,yes,no,no,2025-07-29_14h42.07.153,EXNAT_4_TMS_Psychopy2024.2.5.psyexp,2024.2.5,2025-07-29 14h46.27.272763 +0200,
0,0,0,0,0,0,0,,,,,,,,,#D292F3,280.608047246933,False,space,correct rejection,None,569.1781044006348,text_05,133,3,2back_dual_main_click,2,stetig,21,21,42,120,60,,,,,,,,,,22,03,yes,no,no,2025-07-29_14h42.07.153,EXNAT_4_TMS_Psychopy2024.2.5.psyexp,2024.2.5,2025-07-29 14h46.27.272763 +0200,
0,0,0,0,0,0,0,,,,,,,,,#F989A2,281.21606612205505,False,space,correct rejection,None,489.1960620880127,text_05,134,3,2back_dual_main_click,2,zu.,22,21,43,120,60,281.39780259132385,,,,,,,,,22,03,yes,no,no,2025-07-29_14h42.07.153,EXNAT_4_TMS_Psychopy2024.2.5.psyexp,2024.2.5,2025-07-29 14h46.27.272763 +0200,
0,0,0,0,0,0,0,,,,,,,,,#88BA3F,281.7439033985138,False,space,correct rejection,None,537.2378826141357,text_05,135,3,2back_dual_main_click,2,Die,22,21,43,120,60,,,,,,,,,,22,03,yes,no,no,2025-07-29_14h42.07.153,EXNAT_4_TMS_Psychopy2024.2.5.psyexp,2024.2.5,2025-07-29 14h46.27.272763 +0200,
0,0,0,0,0,0,0,,,,,,,,,#2AB7EF,282.3220000267029,False,space,correct rejection,None,327.2898197174072,text_05,136,3,2back_dual_main_click,2,Botschaft,22,21,43,120,60,,,,,,,,,,22,03,yes,no,no,2025-07-29_14h42.07.153,EXNAT_4_TMS_Psychopy2024.2.5.psyexp,2024.2.5,2025-07-29 14h46.27.272763 +0200,
0,0,0,0,0,0,0,,,,,,,,,#F989A2,282.68903136253357,False,space,correct rejection,None,472.14627265930176,text_05,137,3,2back_dual_main_click,2,hinter,22,21,43,120,60,,,,,,,,,,22,03,yes,no,no,2025-07-29_14h42.07.153,EXNAT_4_TMS_Psychopy2024.2.5.psyexp,2024.2.5,2025-07-29 14h46.27.272763 +0200,
0,0,0,0,0,0,0,,,,,,,,,#2AB7EF,283.20093274116516,True,space,miss,None,424.2510795593262,text_05,138,3,2back_dual_main_click,2,den,22,21,43,120,60,,,,,,,,,,22,03,yes,no,no,2025-07-29_14h42.07.153,EXNAT_4_TMS_Psychopy2024.2.5.psyexp,2024.2.5,2025-07-29 14h46.27.272763 +0200,
0,0,0,0,0,0,0,,,,,,,,,#D292F3,283.6658978462219,False,space,correct rejection,None,487.2612953186035,text_05,139,3,2back_dual_main_click,2,Namen,22,21,43,120,60,,,,,,,,,,22,03,yes,no,no,2025-07-29_14h42.07.153,EXNAT_4_TMS_Psychopy2024.2.5.psyexp,2024.2.5,2025-07-29 14h46.27.272763 +0200,
0,0,0,0,0,0,0,,,,,,,,,#88BA3F,284.1920437812805,False,space,correct rejection,None,713.1526470184326,text_05,140,3,2back_dual_main_click,2,weist,22,21,43,120,60,,,,,,,,,,22,03,yes,no,no,2025-07-29_14h42.07.153,EXNAT_4_TMS_Psychopy2024.2.5.psyexp,2024.2.5,2025-07-29 14h46.27.272763 +0200,
0,0,0,0,0,0,0,,,,,,,,,#F989A2,284.9430241584778,False,space,correct rejection,None,506.24537467956543,text_05,141,3,2back_dual_main_click,2,auf,22,21,43,120,60,,,,,,,,,,22,03,yes,no,no,2025-07-29_14h42.07.153,EXNAT_4_TMS_Psychopy2024.2.5.psyexp,2024.2.5,2025-07-29 14h46.27.272763 +0200,
0,0,0,0,0,0,0,,,,,,,,,#2AB7EF,285.4888551235199,False,space,correct rejection,None,536.3156795501709,text_05,142,3,2back_dual_main_click,2,die,22,21,43,120,60,,,,,,,,,,22,03,yes,no,no,2025-07-29_14h42.07.153,EXNAT_4_TMS_Psychopy2024.2.5.psyexp,2024.2.5,2025-07-29 14h46.27.272763 +0200,
0,0,0,0,0,0,0,,,,,,,,,#88BA3F,286.0678491592407,False,space,correct rejection,None,501.3468265533447,text_05,143,3,2back_dual_main_click,2,Umstände,23,21,44,120,60,286.39785385131836,,,,,,,,,22,03,yes,no,no,2025-07-29_14h42.07.153,EXNAT_4_TMS_Psychopy2024.2.5.psyexp,2024.2.5,2025-07-29 14h46.27.272763 +0200,
0,0,0,0,0,0,0,,,,,,,,,#D292F3,286.6067934036255,False,space,correct rejection,None,602.4088859558105,text_05,144,3,2back_dual_main_click,2,hin:,23,21,44,120,60,,,,,,,,,,22,03,yes,no,no,2025-07-29_14h42.07.153,EXNAT_4_TMS_Psychopy2024.2.5.psyexp,2024.2.5,2025-07-29 14h46.27.272763 +0200,
0,0,0,0,0,0,0,,,,,,,,,#F989A2,287.2513482570648,False,space,correct rejection,None,597.9526042938232,text_05,145,3,2back_dual_main_click,2,""Tristis"",23,21,44,120,60,,,,,,,,,,22,03,yes,no,no,2025-07-29_14h42.07.153,EXNAT_4_TMS_Psychopy2024.2.5.psyexp,2024.2.5,2025-07-29 14h46.27.272763 +0200,
0,0,0,0,0,0,0,,,,,,,,,#D292F3,287.8899521827698,True,space,miss,None,567.2545433044434,text_05,146,3,2back_dual_main_click,2,bedeutet,23,21,44,120,60,,,,,,,,,,22,03,yes,no,no,2025-07-29_14h42.07.153,EXNAT_4_TMS_Psychopy2024.2.5.psyexp,2024.2.5,2025-07-29 14h46.27.272763 +0200,
0,0,0,0,0,0,0,,,,,,,,,#88BA3F,288.49653482437134,False,space,correct rejection,None,504.7619342803955,text_05,147,3,2back_dual_main_click,2,so,23,21,44,120,60,,,,,,,,,,22,03,yes,no,no,2025-07-29_14h42.07.153,EXNAT_4_TMS_Psychopy2024.2.5.psyexp,2024.2.5,2025-07-29 14h46.27.272763 +0200,
0,0,0,0,0,0,0,,,,,,,,,#88BA3F,289.0394856929779,False,space,correct rejection,None,393.7108516693115,text_05,148,3,2back_dual_main_click,2,viel,23,21,44,120,60,,,,,,,,,,22,03,yes,no,no,2025-07-29_14h42.07.153,EXNAT_4_TMS_Psychopy2024.2.5.psyexp,2024.2.5,2025-07-29 14h46.27.272763 +0200,
0,0,0,0,0,0,0,,,,,,,,,#D292F3,289.47234630584717,False,space,correct rejection,None,328.91154289245605,text_05,149,3,2back_dual_main_click,2,wie,23,21,44,120,60,,,,,,,,,,22,03,yes,no,no,2025-07-29_14h42.07.153,EXNAT_4_TMS_Psychopy2024.2.5.psyexp,2024.2.5,2025-07-29 14h46.27.272763 +0200,
0,0,0,0,0,0,0,,,,,,,,,#2AB7EF,289.83885502815247,False,space,correct rejection,None,506.4225196838379,text_05,150,3,2back_dual_main_click,2,""traurig."",23,21,44,120,60,,,,,,,,,,22,03,yes,no,no,2025-07-29_14h42.07.153,EXNAT_4_TMS_Psychopy2024.2.5.psyexp,2024.2.5,2025-07-29 14h46.27.272763 +0200,
0,0,0,0,0,0,0,,,,,,,,,,290.3965744972229,,3,,,,text_05,,3,2back_dual_main_click,,,,,,,,,Q1,c,True,,,,,,22,03,yes,no,no,2025-07-29_14h42.07.153,EXNAT_4_TMS_Psychopy2024.2.5.psyexp,2024.2.5,2025-07-29 14h46.27.272763 +0200,
0,0,0,0,0,0,0,,,,,,,,,,294.64205145835876,,3,,,,text_05,,3,2back_dual_main_click,,,,,,,,,Q2,c,True,,,,,,22,03,yes,no,no,2025-07-29_14h42.07.153,EXNAT_4_TMS_Psychopy2024.2.5.psyexp,2024.2.5,2025-07-29 14h46.27.272763 +0200,
0,0,0,0,0,0,0,,,,,,,,,,298.35511469841003,,3,,,,text_05,,3,2back_dual_main_click,,,,,,,,,Q3,c,False,,,,,,22,03,yes,no,no,2025-07-29_14h42.07.153,EXNAT_4_TMS_Psychopy2024.2.5.psyexp,2024.2.5,2025-07-29 14h46.27.272763 +0200,
0,0,0,0,0,0,0,,,,,,,,,#88BA3F,304.935914516449,False,space,correct rejection,None,465.39855003356934,text_13,1,4,2back_dual_main_click,2,Nina,23,21,44,120,60,,,,,,,,,,22,03,yes,no,no,2025-07-29_14h42.07.153,EXNAT_4_TMS_Psychopy2024.2.5.psyexp,2024.2.5,2025-07-29 14h46.27.272763 +0200,
0,0,0,0,0,0,0,,,,,,,,,#88BA3F,305.43506836891174,False,space,correct rejection,None,494.1437244415283,text_13,2,4,2back_dual_main_click,2,ist,23,21,44,120,60,,,,,,,,,,22,03,yes,no,no,2025-07-29_14h42.07.153,EXNAT_4_TMS_Psychopy2024.2.5.psyexp,2024.2.5,2025-07-29 14h46.27.272763 +0200,
0,0,0,0,0,0,0,,,,,,,,,#F989A2,305.9621036052704,False,space,correct rejection,None,639.1723155975342,text_13,3,4,2back_dual_main_click,2,seit,23,21,44,120,60,,,,,,,,,,22,03,yes,no,no,2025-07-29_14h42.07.153,EXNAT_4_TMS_Psychopy2024.2.5.psyexp,2024.2.5,2025-07-29 14h46.27.272763 +0200,
0,0,0,0,0,0,0,,,,,,,,,#2AB7EF,306.64017152786255,False,space,correct rejection,None,441.2548542022705,text_13,4,4,2back_dual_main_click,2,22,23,21,44,120,60,,,,,,,,,,22,03,yes,no,no,2025-07-29_14h42.07.153,EXNAT_4_TMS_Psychopy2024.2.5.psyexp,2024.2.5,2025-07-29 14h46.27.272763 +0200,
0,0,0,0,0,0,0,,,,,,,,,#F989A2,307.1222162246704,True,l,hit,471.14086151123047,726.994514465332,text_13,5,4,2back_dual_main_click,2,Jahren,23,22,45,120,60,307.1788341999054,,,,,,,,,22,03,yes,no,no,2025-07-29_14h42.07.153,EXNAT_4_TMS_Psychopy2024.2.5.psyexp,2024.2.5,2025-07-29 14h46.27.272763 +0200,
0,0,0,0,0,0,0,,,,,,,,,#D292F3,307.8889272212982,False,space,correct rejection,None,760.3833675384521,text_13,6,4,2back_dual_main_click,2,Schauspielerin.,23,22,45,120,60,,,,,,,,,,22,03,yes,no,no,2025-07-29_14h42.07.153,EXNAT_4_TMS_Psychopy2024.2.5.psyexp,2024.2.5,2025-07-29 14h46.27.272763 +0200,
0,0,0,0,0,0,0,,,,,,,,,#D292F3,308.6919276714325,False,space,correct rejection,None,517.4217224121094,text_13,7,4,2back_dual_main_click,2,Hollywood,23,22,45,120,60,,,,,,,,,,22,03,yes,no,no,2025-07-29_14h42.07.153,EXNAT_4_TMS_Psychopy2024.2.5.psyexp,2024.2.5,2025-07-29 14h46.27.272763 +0200,
0,0,0,0,0,0,0,,,,,,,,,#2AB7EF,309.2498986721039,False,space,correct rejection,None,423.4147071838379,text_13,8,4,2back_dual_main_click,2,interessiert,23,22,45,120,60,,,,,,,,,,22,03,yes,no,no,2025-07-29_14h42.07.153,EXNAT_4_TMS_Psychopy2024.2.5.psyexp,2024.2.5,2025-07-29 14h46.27.272763 +0200,
0,0,0,0,0,0,0,,,,,,,,,#F989A2,309.7087781429291,False,space,correct rejection,None,476.5348434448242,text_13,9,4,2back_dual_main_click,2,sie,23,22,45,120,60,,,,,,,,,,22,03,yes,no,no,2025-07-29_14h42.07.153,EXNAT_4_TMS_Psychopy2024.2.5.psyexp,2024.2.5,2025-07-29 14h46.27.272763 +0200,
0,0,0,0,0,0,0,,,,,,,,,#88BA3F,310.2223572731018,False,space,correct rejection,None,506.9856643676758,text_13,10,4,2back_dual_main_click,2,nicht,23,22,45,120,60,,,,,,,,,,22,03,yes,no,no,2025-07-29_14h42.07.153,EXNAT_4_TMS_Psychopy2024.2.5.psyexp,2024.2.5,2025-07-29 14h46.27.272763 +0200,
0,0,0,0,0,0,0,,,,,,,,,#2AB7EF,310.7695457935333,False,space,correct rejection,None,471.7755317687988,text_13,11,4,2back_dual_main_click,2,mehr,23,22,45,120,60,,,,,,,,,,22,03,yes,no,no,2025-07-29_14h42.07.153,EXNAT_4_TMS_Psychopy2024.2.5.psyexp,2024.2.5,2025-07-29 14h46.27.272763 +0200,
0,0,0,0,0,0,0,,,,,,,,,#D292F3,311.2802336215973,False,space,correct rejection,None,649.0936279296875,text_13,12,4,2back_dual_main_click,2,weil,23,22,45,120,60,,,,,,,,,,22,03,yes,no,no,2025-07-29_14h42.07.153,EXNAT_4_TMS_Psychopy2024.2.5.psyexp,2024.2.5,2025-07-29 14h46.27.272763 +0200,
0,0,0,0,0,0,0,,,,,,,,,#2AB7EF,311.97065925598145,True,space,miss,None,438.75956535339355,text_13,13,4,2back_dual_main_click,2,sie,23,22,45,120,60,,,,,,,,,,22,03,yes,no,no,2025-07-29_14h42.07.153,EXNAT_4_TMS_Psychopy2024.2.5.psyexp,2024.2.5,2025-07-29 14h46.27.272763 +0200,
0,0,0,0,0,0,0,,,,,,,,,#F989A2,312.4488799571991,False,space,correct rejection,None,440.4473304748535,text_13,14,4,2back_dual_main_click,2,eine,23,22,45,120,60,,,,,,,,,,22,03,yes,no,no,2025-07-29_14h42.07.153,EXNAT_4_TMS_Psychopy2024.2.5.psyexp,2024.2.5,2025-07-29 14h46.27.272763 +0200,
0,0,0,0,0,0,0,,,,,,,,,#2AB7EF,312.93135476112366,True,space,miss,None,501.97768211364746,text_13,15,4,2back_dual_main_click,2,Karriere,23,23,46,120,60,312.99603033065796,,,,,,,,,22,03,yes,no,no,2025-07-29_14h42.07.153,EXNAT_4_TMS_Psychopy2024.2.5.psyexp,2024.2.5,2025-07-29 14h46.27.272763 +0200,
0,0,0,0,0,0,0,,,,,,,,,#F989A2,313.47150468826294,True,space,miss,None,361.8276119232178,text_13,16,4,2back_dual_main_click,2,als,23,23,46,120,60,,,,,,,,,,22,03,yes,no,no,2025-07-29_14h42.07.153,EXNAT_4_TMS_Psychopy2024.2.5.psyexp,2024.2.5,2025-07-29 14h46.27.272763 +0200,
0,0,0,0,0,0,0,,,,,,,,,#D292F3,313.8742833137512,False,space,correct rejection,None,518.9230442047119,text_13,17,4,2back_dual_main_click,2,""Nazi"",23,23,46,120,60,,,,,,,,,,22,03,yes,no,no,2025-07-29_14h42.07.153,EXNAT_4_TMS_Psychopy2024.2.5.psyexp,2024.2.5,2025-07-29 14h46.27.272763 +0200,
0,0,0,0,0,0,0,,,,,,,,,#88BA3F,314.43375635147095,False,space,correct rejection,None,679.6057224273682,text_13,18,4,2back_dual_main_click,2,befürchtet.,23,23,46,120,60,,,,,,,,,,22,03,yes,no,no,2025-07-29_14h42.07.153,EXNAT_4_TMS_Psychopy2024.2.5.psyexp,2024.2.5,2025-07-29 14h46.27.272763 +0200,
0,0,0,0,0,0,0,,,,,,,,,#D292F3,315.15238189697266,True,space,miss,None,440.9599304199219,text_13,19,4,2back_dual_main_click,2,Sie,23,23,46,120,60,,,,,,,,,,22,03,yes,no,no,2025-07-29_14h42.07.153,EXNAT_4_TMS_Psychopy2024.2.5.psyexp,2024.2.5,2025-07-29 14h46.27.272763 +0200,
0,0,0,0,0,0,0,,,,,,,,,#2AB7EF,315.6351101398468,False,space,correct rejection,None,438.2517337799072,text_13,20,4,2back_dual_main_click,2,bevorzugt,23,23,46,120,60,,,,,,,,,,22,03,yes,no,no,2025-07-29_14h42.07.153,EXNAT_4_TMS_Psychopy2024.2.5.psyexp,2024.2.5,2025-07-29 14h46.27.272763 +0200,
0,0,0,0,0,0,0,,,,,,,,,#88BA3F,316.112562417984,False,space,correct rejection,None,616.6532039642334,text_13,21,4,2back_dual_main_click,2,"künstlerische,",23,23,46,120,60,,,,,,,,,,22,03,yes,no,no,2025-07-29_14h42.07.153,EXNAT_4_TMS_Psychopy2024.2.5.psyexp,2024.2.5,2025-07-29 14h46.27.272763 +0200,
0,0,0,0,0,0,0,,,,,,,,,#88BA3F,316.77002453804016,False,space,correct rejection,None,567.310094833374,text_13,22,4,2back_dual_main_click,2,französische,23,23,46,120,60,,,,,,,,,,22,03,yes,no,no,2025-07-29_14h42.07.153,EXNAT_4_TMS_Psychopy2024.2.5.psyexp,2024.2.5,2025-07-29 14h46.27.272763 +0200,
0,0,0,0,0,0,0,,,,,,,,,#F989A2,317.3761212825775,False,space,correct rejection,None,537.1155738830566,text_13,23,4,2back_dual_main_click,2,und,23,23,46,120,60,,,,,,,,,,22,03,yes,no,no,2025-07-29_14h42.07.153,EXNAT_4_TMS_Psychopy2024.2.5.psyexp,2024.2.5,2025-07-29 14h46.27.272763 +0200,
0,0,0,0,0,0,0,,,,,,,,,#D292F3,317.9525628089905,False,space,correct rejection,None,408.77628326416016,text_13,24,4,2back_dual_main_click,2,russische,24,23,47,120,60,318.00655817985535,,,,,,,,,22,03,yes,no,no,2025-07-29_14h42.07.153,EXNAT_4_TMS_Psychopy2024.2.5.psyexp,2024.2.5,2025-07-29 14h46.27.272763 +0200,
0,0,0,0,0,0,0,,,,,,,,,#D292F3,318.40241527557373,False,space,correct rejection,None,566.7974948883057,text_13,25,4,2back_dual_main_click,2,Filme.,24,23,47,120,60,,,,,,,,,,22,03,yes,no,no,2025-07-29_14h42.07.153,EXNAT_4_TMS_Psychopy2024.2.5.psyexp,2024.2.5,2025-07-29 14h46.27.272763 +0200,
0,0,0,0,0,0,0,,,,,,,,,#F989A2,319.01142477989197,False,space,correct rejection,None,485.8691692352295,text_13,26,4,2back_dual_main_click,2,Dennoch,24,23,47,120,60,,,,,,,,,,22,03,yes,no,no,2025-07-29_14h42.07.153,EXNAT_4_TMS_Psychopy2024.2.5.psyexp,2024.2.5,2025-07-29 14h46.27.272763 +0200,
0,0,0,0,0,0,0,,,,,,,,,#F989A2,319.5365948677063,False,space,correct rejection,None,424.73411560058594,text_13,27,4,2back_dual_main_click,2,durfte,24,23,47,120,60,,,,,,,,,,22,03,yes,no,no,2025-07-29_14h42.07.153,EXNAT_4_TMS_Psychopy2024.2.5.psyexp,2024.2.5,2025-07-29 14h46.27.272763 +0200,
0,0,0,0,0,0,0,,,,,,,,,#88BA3F,319.9997889995575,False,space,correct rejection,None,569.5412158966064,text_13,28,4,2back_dual_main_click,2,sie,24,23,47,120,60,,,,,,,,,,22,03,yes,no,no,2025-07-29_14h42.07.153,EXNAT_4_TMS_Psychopy2024.2.5.psyexp,2024.2.5,2025-07-29 14h46.27.272763 +0200,
0,0,0,0,0,0,0,,,,,,,,,#F989A2,320.6082594394684,True,space,miss,None,425.0473976135254,text_13,29,4,2back_dual_main_click,2,für,24,23,47,120,60,,,,,,,,,,22,03,yes,no,no,2025-07-29_14h42.07.153,EXNAT_4_TMS_Psychopy2024.2.5.psyexp,2024.2.5,2025-07-29 14h46.27.272763 +0200,
0,0,0,0,0,0,0,,,,,,,,,#D292F3,321.073548078537,False,space,correct rejection,None,535.7186794281006,text_13,30,4,2back_dual_main_click,2,Schindlers,24,23,47,120,60,,,,,,,,,,22,03,yes,no,no,2025-07-29_14h42.07.153,EXNAT_4_TMS_Psychopy2024.2.5.psyexp,2024.2.5,2025-07-29 14h46.27.272763 +0200,
0,0,0,0,0,0,0,,,,,,,,,#88BA3F,321.64930033683777,False,space,correct rejection,None,519.9589729309082,text_13,31,4,2back_dual_main_click,2,Liste,24,23,47,120,60,,,,,,,,,,22,03,yes,no,no,2025-07-29_14h42.07.153,EXNAT_4_TMS_Psychopy2024.2.5.psyexp,2024.2.5,2025-07-29 14h46.27.272763 +0200,
0,0,0,0,0,0,0,,,,,,,,,#2AB7EF,322.20858693122864,False,space,correct rejection,None,872.7574348449707,text_13,32,4,2back_dual_main_click,2,"vorsprechen,",24,23,47,120,60,,,,,,,,,,22,03,yes,no,no,2025-07-29_14h42.07.153,EXNAT_4_TMS_Psychopy2024.2.5.psyexp,2024.2.5,2025-07-29 14h46.27.272763 +0200,
0,0,0,0,0,0,0,,,,,,,,,#2AB7EF,323.1224322319031,False,space,correct rejection,None,470.99971771240234,text_13,33,4,2back_dual_main_click,2,bekam,25,23,48,120,60,323.1795320510864,,,,,,,,,22,03,yes,no,no,2025-07-29_14h42.07.153,EXNAT_4_TMS_Psychopy2024.2.5.psyexp,2024.2.5,2025-07-29 14h46.27.272763 +0200,
0,0,0,0,0,0,0,,,,,,,,,#2AB7EF,323.63441014289856,True,l,hit,647.024393081665,854.8734188079834,text_13,34,4,2back_dual_main_click,2,aber,25,23,48,120,60,,,,,,,,,,22,03,yes,no,no,2025-07-29_14h42.07.153,EXNAT_4_TMS_Psychopy2024.2.5.psyexp,2024.2.5,2025-07-29 14h46.27.272763 +0200,
0,0,0,0,0,0,0,,,,,,,,,#88BA3F,324.5284836292267,False,space,correct rejection,None,424.90625381469727,text_13,35,4,2back_dual_main_click,2,die,25,23,48,120,60,,,,,,,,,,22,03,yes,no,no,2025-07-29_14h42.07.153,EXNAT_4_TMS_Psychopy2024.2.5.psyexp,2024.2.5,2025-07-29 14h46.27.272763 +0200,
0,0,0,0,0,0,0,,,,,,,,,#D292F3,324.99125599861145,False,space,correct rejection,None,442.105770111084,text_13,36,4,2back_dual_main_click,2,Rolle,25,23,48,120,60,,,,,,,,,,22,03,yes,no,no,2025-07-29_14h42.07.153,EXNAT_4_TMS_Psychopy2024.2.5.psyexp,2024.2.5,2025-07-29 14h46.27.272763 +0200,
0,0,0,0,0,0,0,,,,,,,,,#88BA3F,325.4731149673462,True,space,miss,None,552.2346496582031,text_13,37,4,2back_dual_main_click,2,"nicht,",25,23,48,120,60,,,,,,,,,,22,03,yes,no,no,2025-07-29_14h42.07.153,EXNAT_4_TMS_Psychopy2024.2.5.psyexp,2024.2.5,2025-07-29 14h46.27.272763 +0200,
0,0,0,0,0,0,0,,,,,,,,,#F989A2,326.066205739975,False,space,correct rejection,None,391.12091064453125,text_13,38,4,2back_dual_main_click,2,weil,25,23,48,120,60,,,,,,,,,,22,03,yes,no,no,2025-07-29_14h42.07.153,EXNAT_4_TMS_Psychopy2024.2.5.psyexp,2024.2.5,2025-07-29 14h46.27.272763 +0200,
0,0,0,0,0,0,0,,,,,,,,,#D292F3,326.49456882476807,False,space,correct rejection,None,474.7025966644287,text_13,39,4,2back_dual_main_click,2,sie,25,23,48,120,60,,,,,,,,,,22,03,yes,no,no,2025-07-29_14h42.07.153,EXNAT_4_TMS_Psychopy2024.2.5.psyexp,2024.2.5,2025-07-29 14h46.27.272763 +0200,
0,0,0,0,0,0,0,,,,,,,,,#2AB7EF,327.00763511657715,False,space,correct rejection,None,457.76963233947754,text_13,40,4,2back_dual_main_click,2,laut,25,23,48,120,60,,,,,,,,,,22,03,yes,no,no,2025-07-29_14h42.07.153,EXNAT_4_TMS_Psychopy2024.2.5.psyexp,2024.2.5,2025-07-29 14h46.27.272763 +0200,
0,0,0,0,0,0,0,,,,,,,,,#F989A2,327.5050091743469,False,space,correct rejection,None,520.3437805175781,text_13,41,4,2back_dual_main_click,2,Spielberg,25,23,48,120,60,,,,,,,,,,22,03,yes,no,no,2025-07-29_14h42.07.153,EXNAT_4_TMS_Psychopy2024.2.5.psyexp,2024.2.5,2025-07-29 14h46.27.272763 +0200,
0,0,0,0,0,0,0,,,,,,,,,#88BA3F,328.0665316581726,False,space,correct rejection,None,550.7521629333496,text_13,42,4,2back_dual_main_click,2,""nicht,25,23,48,120,60,,,,,,,,,,22,03,yes,no,no,2025-07-29_14h42.07.153,EXNAT_4_TMS_Psychopy2024.2.5.psyexp,2024.2.5,2025-07-29 14h46.27.272763 +0200,
0,0,0,0,0,0,0,,,,,,,,,#2AB7EF,328.6585991382599,False,space,correct rejection,None,454.7591209411621,text_13,43,4,2back_dual_main_click,2,jüdisch,25,23,48,120,60,,,,,,,,,,22,03,yes,no,no,2025-07-29_14h42.07.153,EXNAT_4_TMS_Psychopy2024.2.5.psyexp,2024.2.5,2025-07-29 14h46.27.272763 +0200,
0,0,0,0,0,0,0,,,,,,,,,#88BA3F,329.1522550582886,True,space,miss,None,376.94239616394043,text_13,44,4,2back_dual_main_click,2,genug"",25,24,49,120,60,329.2031011581421,,,,,,,,,22,03,yes,no,no,2025-07-29_14h42.07.153,EXNAT_4_TMS_Psychopy2024.2.5.psyexp,2024.2.5,2025-07-29 14h46.27.272763 +0200,
0,0,0,0,0,0,0,,,,,,,,,#D292F3,329.56895542144775,False,space,correct rejection,None,632.4174404144287,text_13,45,4,2back_dual_main_click,2,war.,25,24,49,120,60,,,,,,,,,,22,03,yes,no,no,2025-07-29_14h42.07.153,EXNAT_4_TMS_Psychopy2024.2.5.psyexp,2024.2.5,2025-07-29 14h46.27.272763 +0200,
0,0,0,0,0,0,0,,,,,,,,,#D292F3,330.23964643478394,False,space,correct rejection,None,441.67494773864746,text_13,46,4,2back_dual_main_click,2,Heute,25,24,49,120,60,,,,,,,,,,22,03,yes,no,no,2025-07-29_14h42.07.153,EXNAT_4_TMS_Psychopy2024.2.5.psyexp,2024.2.5,2025-07-29 14h46.27.272763 +0200,
0,0,0,0,0,0,0,,,,,,,,,#2AB7EF,330.7215735912323,False,space,correct rejection,None,471.8325138092041,text_13,47,4,2back_dual_main_click,2,lebt,25,24,49,120,60,,,,,,,,,,22,03,yes,no,no,2025-07-29_14h42.07.153,EXNAT_4_TMS_Psychopy2024.2.5.psyexp,2024.2.5,2025-07-29 14h46.27.272763 +0200,
0,0,0,0,0,0,0,,,,,,,,,#F989A2,331.23288798332214,False,space,correct rejection,None,552.5414943695068,text_13,48,4,2back_dual_main_click,2,sie,25,24,49,120,60,,,,,,,,,,22,03,yes,no,no,2025-07-29_14h42.07.153,EXNAT_4_TMS_Psychopy2024.2.5.psyexp,2024.2.5,2025-07-29 14h46.27.272763 +0200,
0,0,0,0,0,0,0,,,,,,,,,#2AB7EF,331.82498383522034,True,space,miss,None,472.28145599365234,text_13,49,4,2back_dual_main_click,2,zwar,25,24,49,120,60,,,,,,,,,,22,03,yes,no,no,2025-07-29_14h42.07.153,EXNAT_4_TMS_Psychopy2024.2.5.psyexp,2024.2.5,2025-07-29 14h46.27.272763 +0200,
0,0,0,0,0,0,0,,,,,,,,,#88BA3F,332.3367302417755,False,space,correct rejection,None,600.6345748901367,text_13,50,4,2back_dual_main_click,2,in,25,24,49,120,60,,,,,,,,,,22,03,yes,no,no,2025-07-29_14h42.07.153,EXNAT_4_TMS_Psychopy2024.2.5.psyexp,2024.2.5,2025-07-29 14h46.27.272763 +0200,
0,0,0,0,0,0,0,,,,,,,,,#2AB7EF,332.9771456718445,True,space,miss,None,520.1127529144287,text_13,51,4,2back_dual_main_click,2,"Hollywood,",25,24,49,120,60,,,,,,,,,,22,03,yes,no,no,2025-07-29_14h42.07.153,EXNAT_4_TMS_Psychopy2024.2.5.psyexp,2024.2.5,2025-07-29 14h46.27.272763 +0200,
0,0,0,0,0,0,0,,,,,,,,,#88BA3F,333.53672456741333,True,l,hit,520.6589698791504,760.5600357055664,text_13,52,4,2back_dual_main_click,2,träumt,25,25,50,120,60,334.20310521125793,,,,,,,,,22,03,yes,no,no,2025-07-29_14h42.07.153,EXNAT_4_TMS_Psychopy2024.2.5.psyexp,2024.2.5,2025-07-29 14h46.27.272763 +0200,
0,0,0,0,0,0,0,,,,,,,,,#F989A2,334.33673572540283,False,space,correct rejection,None,488.70372772216797,text_13,53,4,2back_dual_main_click,2,aber,25,25,50,120,60,,,,,,,,,,22,03,yes,no,no,2025-07-29_14h42.07.153,EXNAT_4_TMS_Psychopy2024.2.5.psyexp,2024.2.5,2025-07-29 14h46.27.272763 +0200,
0,0,0,0,0,0,0,,,,,,,,,#2AB7EF,334.86220049858093,False,space,correct rejection,None,443.20106506347656,text_13,54,4,2back_dual_main_click,2,nicht,25,25,50,120,60,,,,,,,,,,22,03,yes,no,no,2025-07-29_14h42.07.153,EXNAT_4_TMS_Psychopy2024.2.5.psyexp,2024.2.5,2025-07-29 14h46.27.272763 +0200,
0,0,0,0,0,0,0,,,,,,,,,#D292F3,335.34597539901733,False,space,correct rejection,None,439.35108184814453,text_13,55,4,2back_dual_main_click,2,mehr,25,25,50,120,60,,,,,,,,,,22,03,yes,no,no,2025-07-29_14h42.07.153,EXNAT_4_TMS_Psychopy2024.2.5.psyexp,2024.2.5,2025-07-29 14h46.27.272763 +0200,
0,0,0,0,0,0,0,,,,,,,,,#D292F3,335.82513427734375,False,space,correct rejection,None,488.323450088501,text_13,56,4,2back_dual_main_click,2,vom,25,25,50,120,60,,,,,,,,,,22,03,yes,no,no,2025-07-29_14h42.07.153,EXNAT_4_TMS_Psychopy2024.2.5.psyexp,2024.2.5,2025-07-29 14h46.27.272763 +0200,
0,0,0,0,0,0,0,,,,,,,,,#88BA3F,336.3531277179718,False,space,correct rejection,None,648.2422351837158,text_13,57,4,2back_dual_main_click,2,Star-Ruhm.,25,25,50,120,60,,,,,,,,,,22,03,yes,no,no,2025-07-29_14h42.07.153,EXNAT_4_TMS_Psychopy2024.2.5.psyexp,2024.2.5,2025-07-29 14h46.27.272763 +0200,
0,0,0,0,0,0,0,,,,,,,,,#F989A2,337.04097390174866,False,space,correct rejection,None,408.4146022796631,text_13,58,4,2back_dual_main_click,2,Mit,25,25,50,120,60,,,,,,,,,,22,03,yes,no,no,2025-07-29_14h42.07.153,EXNAT_4_TMS_Psychopy2024.2.5.psyexp,2024.2.5,2025-07-29 14h46.27.272763 +0200,
0,0,0,0,0,0,0,,,,,,,,,#D292F3,337.48888993263245,False,space,correct rejection,None,376.42407417297363,text_13,59,4,2back_dual_main_click,2,fast,25,25,50,120,60,,,,,,,,,,22,03,yes,no,no,2025-07-29_14h42.07.153,EXNAT_4_TMS_Psychopy2024.2.5.psyexp,2024.2.5,2025-07-29 14h46.27.272763 +0200,
0,0,0,0,0,0,0,,,,,,,,,#88BA3F,337.9066336154938,False,space,correct rejection,None,486.7830276489258,text_13,60,4,2back_dual_main_click,2,40,25,25,50,120,60,,,,,,,,,,22,03,yes,no,no,2025-07-29_14h42.07.153,EXNAT_4_TMS_Psychopy2024.2.5.psyexp,2024.2.5,2025-07-29 14h46.27.272763 +0200,
0,0,0,0,0,0,0,,,,,,,,,#2AB7EF,338.4346742630005,False,space,correct rejection,None,486.6952896118164,text_13,61,4,2back_dual_main_click,2,sei,25,25,50,120,60,,,,,,,,,,22,03,yes,no,no,2025-07-29_14h42.07.153,EXNAT_4_TMS_Psychopy2024.2.5.psyexp,2024.2.5,2025-07-29 14h46.27.272763 +0200,
0,0,0,0,0,0,0,,,,,,,,,#2AB7EF,338.9588990211487,False,space,correct rejection,None,410.3546142578125,text_13,62,4,2back_dual_main_click,2,das,26,25,51,120,60,339.2031123638153,,,,,,,,,22,03,yes,no,no,2025-07-29_14h42.07.153,EXNAT_4_TMS_Psychopy2024.2.5.psyexp,2024.2.5,2025-07-29 14h46.27.272763 +0200,
0,0,0,0,0,0,0,,,,,,,,,#D292F3,339.4079315662384,False,space,correct rejection,None,649.5330333709717,text_13,63,4,2back_dual_main_click,2,""unrealistisch"",26,25,51,120,60,,,,,,,,,,22,03,yes,no,no,2025-07-29_14h42.07.153,EXNAT_4_TMS_Psychopy2024.2.5.psyexp,2024.2.5,2025-07-29 14h46.27.272763 +0200,
0,0,0,0,0,0,0,,,,,,,,,#D292F3,340.0986762046814,False,space,correct rejection,None,518.69797706604,text_13,64,4,2back_dual_main_click,2,sagt,26,25,51,120,60,,,,,,,,,,22,03,yes,no,no,2025-07-29_14h42.07.153,EXNAT_4_TMS_Psychopy2024.2.5.psyexp,2024.2.5,2025-07-29 14h46.27.272763 +0200,
0,0,0,0,0,0,0,,,,,,,,,#F989A2,340.65701961517334,False,space,correct rejection,None,632.2903633117676,text_13,65,4,2back_dual_main_click,2,sie.,26,25,51,120,60,,,,,,,,,,22,03,yes,no,no,2025-07-29_14h42.07.153,EXNAT_4_TMS_Psychopy2024.2.5.psyexp,2024.2.5,2025-07-29 14h46.27.272763 +0200,
0,0,0,0,0,0,0,,,,,,,,,#88BA3F,341.32815885543823,False,space,correct rejection,None,441.3409233093262,text_13,66,4,2back_dual_main_click,2,Viele,26,25,51,120,60,,,,,,,,,,22,03,yes,no,no,2025-07-29_14h42.07.153,EXNAT_4_TMS_Psychopy2024.2.5.psyexp,2024.2.5,2025-07-29 14h46.27.272763 +0200,
0,0,0,0,0,0,0,,,,,,,,,#88BA3F,341.80842089653015,False,space,correct rejection,None,488.9538288116455,text_13,67,4,2back_dual_main_click,2,Schauspieler,26,25,51,120,60,,,,,,,,,,22,03,yes,no,no,2025-07-29_14h42.07.153,EXNAT_4_TMS_Psychopy2024.2.5.psyexp,2024.2.5,2025-07-29 14h46.27.272763 +0200,
0,0,0,0,0,0,0,,,,,,,,,#88BA3F,342.3385519981384,True,l,hit,502.819299697876,774.6546268463135,text_13,68,4,2back_dual_main_click,2,erleben,26,25,51,120,60,,,,,,,,,,22,03,yes,no,no,2025-07-29_14h42.07.153,EXNAT_4_TMS_Psychopy2024.2.5.psyexp,2024.2.5,2025-07-29 14h46.27.272763 +0200,
0,0,0,0,0,0,0,,,,,,,,,#F989A2,343.1524803638458,False,space,correct rejection,None,408.9360237121582,text_13,69,4,2back_dual_main_click,2,in,26,25,51,120,60,,,,,,,,,,22,03,yes,no,no,2025-07-29_14h42.07.153,EXNAT_4_TMS_Psychopy2024.2.5.psyexp,2024.2.5,2025-07-29 14h46.27.272763 +0200,
0,0,0,0,0,0,0,,,,,,,,,#D292F3,343.60137033462524,False,space,correct rejection,None,535.9089374542236,text_13,70,4,2back_dual_main_click,2,Hollywood,26,25,51,120,60,,,,,,,,,,22,03,yes,no,no,2025-07-29_14h42.07.153,EXNAT_4_TMS_Psychopy2024.2.5.psyexp,2024.2.5,2025-07-29 14h46.27.272763 +0200,
0,0,0,0,0,0,0,,,,,,,,,#88BA3F,344.1790509223938,False,space,correct rejection,None,870.3863620758057,text_13,71,4,2back_dual_main_click,2,Enttäuschungen.,27,25,52,120,60,344.23019433021545,,,,,,,,,22,03,yes,no,no,2025-07-29_14h42.07.153,EXNAT_4_TMS_Psychopy2024.2.5.psyexp,2024.2.5,2025-07-29 14h46.27.272763 +0200,
0,0,0,0,0,0,0,,,,,,,,,#F989A2,345.0902922153473,False,space,correct rejection,None,470.8971977233887,text_13,72,4,2back_dual_main_click,2,Männer,27,25,52,120,60,,,,,,,,,,22,03,yes,no,no,2025-07-29_14h42.07.153,EXNAT_4_TMS_Psychopy2024.2.5.psyexp,2024.2.5,2025-07-29 14h46.27.272763 +0200,
0,0,0,0,0,0,0,,,,,,,,,#2AB7EF,345.60158133506775,False,space,correct rejection,None,423.80714416503906,text_13,73,4,2back_dual_main_click,2,geben,27,25,52,120,60,,,,,,,,,,22,03,yes,no,no,2025-07-29_14h42.07.153,EXNAT_4_TMS_Psychopy2024.2.5.psyexp,2024.2.5,2025-07-29 14h46.27.272763 +0200,
0,0,0,0,0,0,0,,,,,,,,,#F989A2,346.0632920265198,True,l,hit,425.9636402130127,681.8161010742188,text_13,74,4,2back_dual_main_click,2,sich,27,25,52,120,60,,,,,,,,,,22,03,yes,no,no,2025-07-29_14h42.07.153,EXNAT_4_TMS_Psychopy2024.2.5.psyexp,2024.2.5,2025-07-29 14h46.27.272763 +0200,
0,0,0,0,0,0,0,,,,,,,,,#2AB7EF,346.7845039367676,True,space,miss,None,408.95867347717285,text_13,75,4,2back_dual_main_click,2,als,27,25,52,120,60,,,,,,,,,,22,03,yes,no,no,2025-07-29_14h42.07.153,EXNAT_4_TMS_Psychopy2024.2.5.psyexp,2024.2.5,2025-07-29 14h46.27.272763 +0200,
0,0,0,0,0,0,0,,,,,,,,,#D292F3,347.2365069389343,False,space,correct rejection,None,548.8238334655762,text_13,76,4,2back_dual_main_click,2,Produzenten,27,25,52,120,60,,,,,,,,,,22,03,yes,no,no,2025-07-29_14h42.07.153,EXNAT_4_TMS_Psychopy2024.2.5.psyexp,2024.2.5,2025-07-29 14h46.27.272763 +0200,
0,0,0,0,0,0,0,,,,,,,,,#2AB7EF,347.8240394592285,True,space,miss,None,473.3166694641113,text_13,77,4,2back_dual_main_click,2,"aus,",27,25,52,120,60,,,,,,,,,,22,03,yes,no,no,2025-07-29_14h42.07.153,EXNAT_4_TMS_Psychopy2024.2.5.psyexp,2024.2.5,2025-07-29 14h46.27.272763 +0200,
0,0,0,0,0,0,0,,,,,,,,,#D292F3,348.3366210460663,True,l,hit,792.7792072296143,1048.6526489257812,text_13,78,4,2back_dual_main_click,2,können,27,26,53,120,60,349.23014521598816,,,,,,,,,22,03,yes,no,no,2025-07-29_14h42.07.153,EXNAT_4_TMS_Psychopy2024.2.5.psyexp,2024.2.5,2025-07-29 14h46.27.272763 +0200,
0,0,0,0,0,0,0,,,,,,,,,#88BA3F,349.4264612197876,False,space,correct rejection,None,502.9287338256836,text_13,79,4,2back_dual_main_click,2,aber,27,26,53,120,60,,,,,,,,,,22,03,yes,no,no,2025-07-29_14h42.07.153,EXNAT_4_TMS_Psychopy2024.2.5.psyexp,2024.2.5,2025-07-29 14h46.27.272763 +0200,
0,0,0,0,0,0,0,,,,,,,,,#88BA3F,349.96950340270996,False,space,correct rejection,None,375.8389949798584,text_13,80,4,2back_dual_main_click,2,nicht,27,26,53,120,60,,,,,,,,,,22,03,yes,no,no,2025-07-29_14h42.07.153,EXNAT_4_TMS_Psychopy2024.2.5.psyexp,2024.2.5,2025-07-29 14h46.27.272763 +0200,
0,0,0,0,0,0,0,,,,,,,,,#F989A2,350.3856177330017,False,space,correct rejection,None,455.841064453125,text_13,81,4,2back_dual_main_click,2,einmal,27,26,53,120,60,,,,,,,,,,22,03,yes,no,no,2025-07-29_14h42.07.153,EXNAT_4_TMS_Psychopy2024.2.5.psyexp,2024.2.5,2025-07-29 14h46.27.272763 +0200,
0,0,0,0,0,0,0,,,,,,,,,#D292F3,350.88271617889404,False,space,correct rejection,None,422.73664474487305,text_13,82,4,2back_dual_main_click,2,ihre,27,26,53,120,60,,,,,,,,,,22,03,yes,no,no,2025-07-29_14h42.07.153,EXNAT_4_TMS_Psychopy2024.2.5.psyexp,2024.2.5,2025-07-29 14h46.27.272763 +0200,
0,0,0,0,0,0,0,,,,,,,,,#F989A2,351.341810464859,True,space,miss,None,571.5720653533936,text_13,83,4,2back_dual_main_click,2,Miete,27,26,53,120,60,,,,,,,,,,22,03,yes,no,no,2025-07-29_14h42.07.153,EXNAT_4_TMS_Psychopy2024.2.5.psyexp,2024.2.5,2025-07-29 14h46.27.272763 +0200,
0,0,0,0,0,0,0,,,,,,,,,#88BA3F,351.9537043571472,False,space,correct rejection,None,407.4747562408447,text_13,84,4,2back_dual_main_click,2,zahlen.,27,26,53,120,60,,,,,,,,,,22,03,yes,no,no,2025-07-29_14h42.07.153,EXNAT_4_TMS_Psychopy2024.2.5.psyexp,2024.2.5,2025-07-29 14h46.27.272763 +0200,
0,0,0,0,0,0,0,,,,,,,,,#D292F3,352.3996961116791,False,space,correct rejection,None,537.7962589263916,text_13,85,4,2back_dual_main_click,2,Manche,27,26,53,120,60,,,,,,,,,,22,03,yes,no,no,2025-07-29_14h42.07.153,EXNAT_4_TMS_Psychopy2024.2.5.psyexp,2024.2.5,2025-07-29 14h46.27.272763 +0200,
0,0,0,0,0,0,0,,,,,,,,,#F989A2,352.9772162437439,False,space,correct rejection,None,360.14771461486816,text_13,86,4,2back_dual_main_click,2,berühmten,27,26,53,120,60,,,,,,,,,,22,03,yes,no,no,2025-07-29_14h42.07.153,EXNAT_4_TMS_Psychopy2024.2.5.psyexp,2024.2.5,2025-07-29 14h46.27.272763 +0200,
0,0,0,0,0,0,0,,,,,,,,,#2AB7EF,353.37679624557495,False,space,correct rejection,None,536.592960357666,text_13,87,4,2back_dual_main_click,2,Stars,27,26,53,120,60,,,,,,,,,,22,03,yes,no,no,2025-07-29_14h42.07.153,EXNAT_4_TMS_Psychopy2024.2.5.psyexp,2024.2.5,2025-07-29 14h46.27.272763 +0200,
0,0,0,0,0,0,0,,,,,,,,,#D292F3,353.95255947113037,False,space,correct rejection,None,408.78915786743164,text_13,88,4,2back_dual_main_click,2,hatten,28,26,54,120,60,354.2303190231323,,,,,,,,,22,03,yes,no,no,2025-07-29_14h42.07.153,EXNAT_4_TMS_Psychopy2024.2.5.psyexp,2024.2.5,2025-07-29 14h46.27.272763 +0200,
0,0,0,0,0,0,0,,,,,,,,,#88BA3F,354.40187096595764,False,space,correct rejection,None,551.5382289886475,text_13,89,4,2back_dual_main_click,2,ähnliche,28,26,54,120,60,,,,,,,,,,22,03,yes,no,no,2025-07-29_14h42.07.153,EXNAT_4_TMS_Psychopy2024.2.5.psyexp,2024.2.5,2025-07-29 14h46.27.272763 +0200,
0,0,0,0,0,0,0,,,,,,,,,#88BA3F,354.99160718917847,False,space,correct rejection,None,489.83073234558105,text_13,90,4,2back_dual_main_click,2,Anfänge.,28,26,54,120,60,,,,,,,,,,22,03,yes,no,no,2025-07-29_14h42.07.153,EXNAT_4_TMS_Psychopy2024.2.5.psyexp,2024.2.5,2025-07-29 14h46.27.272763 +0200,
0,0,0,0,0,0,0,,,,,,,,,#F989A2,355.5219705104828,False,space,correct rejection,None,455.5857181549072,text_13,91,4,2back_dual_main_click,2,Vin,28,26,54,120,60,,,,,,,,,,22,03,yes,no,no,2025-07-29_14h42.07.153,EXNAT_4_TMS_Psychopy2024.2.5.psyexp,2024.2.5,2025-07-29 14h46.27.272763 +0200,
0,0,0,0,0,0,0,,,,,,,,,#2AB7EF,356.0184073448181,False,space,correct rejection,None,422.9717254638672,text_13,92,4,2back_dual_main_click,2,Diesel,28,26,54,120,60,,,,,,,,,,22,03,yes,no,no,2025-07-29_14h42.07.153,EXNAT_4_TMS_Psychopy2024.2.5.psyexp,2024.2.5,2025-07-29 14h46.27.272763 +0200,
0,0,0,0,0,0,0,,,,,,,,,#2AB7EF,356.4808928966522,False,space,correct rejection,None,648.6444473266602,text_13,93,4,2back_dual_main_click,2,war,28,26,54,120,60,,,,,,,,,,22,03,yes,no,no,2025-07-29_14h42.07.153,EXNAT_4_TMS_Psychopy2024.2.5.psyexp,2024.2.5,2025-07-29 14h46.27.272763 +0200,
0,0,0,0,0,0,0,,,,,,,,,#D292F3,357.17077136039734,False,space,correct rejection,None,566.7588710784912,text_13,94,4,2back_dual_main_click,2,"Türsteher,",28,26,54,120,60,,,,,,,,,,22,03,yes,no,no,2025-07-29_14h42.07.153,EXNAT_4_TMS_Psychopy2024.2.5.psyexp,2024.2.5,2025-07-29 14h46.27.272763 +0200,
0,0,0,0,0,0,0,,,,,,,,,#F989A2,357.7791633605957,False,space,correct rejection,None,326.3063430786133,text_13,95,4,2back_dual_main_click,2,Whoopi,28,26,54,120,60,,,,,,,,,,22,03,yes,no,no,2025-07-29_14h42.07.153,EXNAT_4_TMS_Psychopy2024.2.5.psyexp,2024.2.5,2025-07-29 14h46.27.272763 +0200,
0,0,0,0,0,0,0,,,,,,,,,#88BA3F,358.14400267601013,False,space,correct rejection,None,649.4052410125732,text_13,96,4,2back_dual_main_click,2,Goldberg,28,26,54,120,60,,,,,,,,,,22,03,yes,no,no,2025-07-29_14h42.07.153,EXNAT_4_TMS_Psychopy2024.2.5.psyexp,2024.2.5,2025-07-29 14h46.27.272763 +0200,
0,0,0,0,0,0,0,,,,,,,,,#F989A2,358.8331754207611,True,space,miss,None,408.25796127319336,text_13,97,4,2back_dual_main_click,2,arbeitete,28,27,55,120,60,359.2302324771881,,,,,,,,,22,03,yes,no,no,2025-07-29_14h42.07.153,EXNAT_4_TMS_Psychopy2024.2.5.psyexp,2024.2.5,2025-07-29 14h46.27.272763 +0200,
0,0,0,0,0,0,0,,,,,,,,,#D292F3,359.28031945228577,False,space,correct rejection,None,425.1539707183838,text_13,98,4,2back_dual_main_click,2,als,28,27,55,120,60,,,,,,,,,,22,03,yes,no,no,2025-07-29_14h42.07.153,EXNAT_4_TMS_Psychopy2024.2.5.psyexp,2024.2.5,2025-07-29 14h46.27.272763 +0200,
0,0,0,0,0,0,0,,,,,,,,,#2AB7EF,359.74616956710815,False,space,correct rejection,None,1079.2391300201416,text_13,99,4,2back_dual_main_click,2,Leichenkosmetikerin.,28,27,55,120,60,,,,,,,,,,22,03,yes,no,no,2025-07-29_14h42.07.153,EXNAT_4_TMS_Psychopy2024.2.5.psyexp,2024.2.5,2025-07-29 14h46.27.272763 +0200,
0,0,0,0,0,0,0,,,,,,,,,#F989A2,360.8652913570404,False,space,correct rejection,None,456.2516212463379,text_13,100,4,2back_dual_main_click,2,Solche,28,27,55,120,60,,,,,,,,,,22,03,yes,no,no,2025-07-29_14h42.07.153,EXNAT_4_TMS_Psychopy2024.2.5.psyexp,2024.2.5,2025-07-29 14h46.27.272763 +0200,
0,0,0,0,0,0,0,,,,,,,,,#2AB7EF,361.35954093933105,True,space,miss,None,457.86571502685547,text_13,101,4,2back_dual_main_click,2,Geschichten,28,27,55,120,60,,,,,,,,,,22,03,yes,no,no,2025-07-29_14h42.07.153,EXNAT_4_TMS_Psychopy2024.2.5.psyexp,2024.2.5,2025-07-29 14h46.27.272763 +0200,
0,0,0,0,0,0,0,,,,,,,,,#88BA3F,361.85777282714844,False,space,correct rejection,None,471.63891792297363,text_13,102,4,2back_dual_main_click,2,geben,28,27,55,120,60,,,,,,,,,,22,03,yes,no,no,2025-07-29_14h42.07.153,EXNAT_4_TMS_Psychopy2024.2.5.psyexp,2024.2.5,2025-07-29 14h46.27.272763 +0200,
0,0,0,0,0,0,0,,,,,,,,,#88BA3F,362.3680214881897,False,space,correct rejection,None,473.3922481536865,text_13,103,4,2back_dual_main_click,2,arbeitslosen,28,27,55,120,60,,,,,,,,,,22,03,yes,no,no,2025-07-29_14h42.07.153,EXNAT_4_TMS_Psychopy2024.2.5.psyexp,2024.2.5,2025-07-29 14h46.27.272763 +0200,
0,0,0,0,0,0,0,,,,,,,,,#D292F3,362.8835208415985,False,space,correct rejection,None,533.8470935821533,text_13,104,4,2back_dual_main_click,2,Schauspielern,28,27,55,120,60,,,,,,,,,,22,03,yes,no,no,2025-07-29_14h42.07.153,EXNAT_4_TMS_Psychopy2024.2.5.psyexp,2024.2.5,2025-07-29 14h46.27.272763 +0200,
0,0,0,0,0,0,0,,,,,,,,,#2AB7EF,363.45923471450806,False,space,correct rejection,None,326.30109786987305,text_13,105,4,2back_dual_main_click,2,Hoffnung.,28,27,55,120,60,,,,,,,,,,22,03,yes,no,no,2025-07-29_14h42.07.153,EXNAT_4_TMS_Psychopy2024.2.5.psyexp,2024.2.5,2025-07-29 14h46.27.272763 +0200,
0,0,0,0,0,0,0,,,,,,,,,#D292F3,363.82252311706543,True,l,hit,730.7760715484619,954.8547267913818,text_13,106,4,2back_dual_main_click,2,Nina,28,28,56,120,60,364.23023104667664,,,,,,,,,22,03,yes,no,no,2025-07-29_14h42.07.153,EXNAT_4_TMS_Psychopy2024.2.5.psyexp,2024.2.5,2025-07-29 14h46.27.272763 +0200,
0,0,0,0,0,0,0,,,,,,,,,#F989A2,364.81645703315735,False,space,correct rejection,None,424.75295066833496,text_13,107,4,2back_dual_main_click,2,kann,28,28,56,120,60,,,,,,,,,,22,03,yes,no,no,2025-07-29_14h42.07.153,EXNAT_4_TMS_Psychopy2024.2.5.psyexp,2024.2.5,2025-07-29 14h46.27.272763 +0200,
0,0,0,0,0,0,0,,,,,,,,,#F989A2,365.28222823143005,False,space,correct rejection,None,615.086555480957,text_13,108,4,2back_dual_main_click,2,immerhin,28,28,56,120,60,,,,,,,,,,22,03,yes,no,no,2025-07-29_14h42.07.153,EXNAT_4_TMS_Psychopy2024.2.5.psyexp,2024.2.5,2025-07-29 14h46.27.272763 +0200,
0,0,0,0,0,0,0,,,,,,,,,#F989A2,365.9366226196289,True,l,hit,440.7474994659424,664.7098064422607,text_13,109,4,2back_dual_main_click,2,von,28,28,56,120,60,,,,,,,,,,22,03,yes,no,no,2025-07-29_14h42.07.153,EXNAT_4_TMS_Psychopy2024.2.5.psyexp,2024.2.5,2025-07-29 14h46.27.272763 +0200,
0,0,0,0,0,0,0,,,,,,,,,#D292F3,366.6414921283722,False,space,correct rejection,None,551.795482635498,text_13,110,4,2back_dual_main_click,2,europäischen,28,28,56,120,60,,,,,,,,,,22,03,yes,no,no,2025-07-29_14h42.07.153,EXNAT_4_TMS_Psychopy2024.2.5.psyexp,2024.2.5,2025-07-29 14h46.27.272763 +0200,
0,0,0,0,0,0,0,,,,,,,,,#2AB7EF,367.2318284511566,False,space,correct rejection,None,473.3765125274658,text_13,111,4,2back_dual_main_click,2,Gagen,28,28,56,120,60,,,,,,,,,,22,03,yes,no,no,2025-07-29_14h42.07.153,EXNAT_4_TMS_Psychopy2024.2.5.psyexp,2024.2.5,2025-07-29 14h46.27.272763 +0200,
0,0,0,0,0,0,0,,,,,,,,,#D292F3,367.7421441078186,True,l,hit,459.2423439025879,699.1500854492188,text_13,112,4,2back_dual_main_click,2,leben.,28,28,56,120,60,,,,,,,,,,22,03,yes,no,no,2025-07-29_14h42.07.153,EXNAT_4_TMS_Psychopy2024.2.5.psyexp,2024.2.5,2025-07-29 14h46.27.272763 +0200,
0,0,0,0,0,0,0,,,,,,,,,#D292F3,368.479656457901,False,space,correct rejection,None,409.70492362976074,text_13,113,4,2back_dual_main_click,2,Früher,28,28,56,120,60,,,,,,,,,,22,03,yes,no,no,2025-07-29_14h42.07.153,EXNAT_4_TMS_Psychopy2024.2.5.psyexp,2024.2.5,2025-07-29 14h46.27.272763 +0200,
0,0,0,0,0,0,0,,,,,,,,,#2AB7EF,368.9311625957489,False,space,correct rejection,None,358.2608699798584,text_13,114,4,2back_dual_main_click,2,wollte,29,28,57,120,60,369.2303693294525,,,,,,,,,22,03,yes,no,no,2025-07-29_14h42.07.153,EXNAT_4_TMS_Psychopy2024.2.5.psyexp,2024.2.5,2025-07-29 14h46.27.272763 +0200,
0,0,0,0,0,0,0,,,,,,,,,#88BA3F,369.3277938365936,False,space,correct rejection,None,553.7195205688477,text_13,115,4,2back_dual_main_click,2,sie,29,28,57,120,60,,,,,,,,,,22,03,yes,no,no,2025-07-29_14h42.07.153,EXNAT_4_TMS_Psychopy2024.2.5.psyexp,2024.2.5,2025-07-29 14h46.27.272763 +0200,
0,0,0,0,0,0,0,,,,,,,,,#88BA3F,369.92225074768066,False,space,correct rejection,None,439.115047454834,text_13,116,4,2back_dual_main_click,2,oft,29,28,57,120,60,,,,,,,,,,22,03,yes,no,no,2025-07-29_14h42.07.153,EXNAT_4_TMS_Psychopy2024.2.5.psyexp,2024.2.5,2025-07-29 14h46.27.272763 +0200,
0,0,0,0,0,0,0,,,,,,,,,#F989A2,370.4034056663513,False,space,correct rejection,None,534.0490341186523,text_13,117,4,2back_dual_main_click,2,aufgeben,29,28,57,120,60,,,,,,,,,,22,03,yes,no,no,2025-07-29_14h42.07.153,EXNAT_4_TMS_Psychopy2024.2.5.psyexp,2024.2.5,2025-07-29 14h46.27.272763 +0200,
0,0,0,0,0,0,0,,,,,,,,,#88BA3F,370.976464509964,True,space,miss,None,552.7694225311279,text_13,118,4,2back_dual_main_click,2,und,29,28,57,120,60,,,,,,,,,,22,03,yes,no,no,2025-07-29_14h42.07.153,EXNAT_4_TMS_Psychopy2024.2.5.psyexp,2024.2.5,2025-07-29 14h46.27.272763 +0200,
0,0,0,0,0,0,0,,,,,,,,,#2AB7EF,371.5695912837982,False,space,correct rejection,None,407.973051071167,text_13,119,4,2back_dual_main_click,2,für,29,28,57,120,60,,,,,,,,,,22,03,yes,no,no,2025-07-29_14h42.07.153,EXNAT_4_TMS_Psychopy2024.2.5.psyexp,2024.2.5,2025-07-29 14h46.27.272763 +0200,
0,0,0,0,0,0,0,,,,,,,,,#F989A2,372.0174283981323,False,space,correct rejection,None,519.946813583374,text_13,120,4,2back_dual_main_click,2,das,29,28,57,120,60,,,,,,,,,,22,03,yes,no,no,2025-07-29_14h42.07.153,EXNAT_4_TMS_Psychopy2024.2.5.psyexp,2024.2.5,2025-07-29 14h46.27.272763 +0200,
0,0,0,0,0,0,0,,,,,,,,,#D292F3,372.5768232345581,False,space,correct rejection,None,456.6664695739746,text_13,121,4,2back_dual_main_click,2,Magazin,29,28,57,120,60,,,,,,,,,,22,03,yes,no,no,2025-07-29_14h42.07.153,EXNAT_4_TMS_Psychopy2024.2.5.psyexp,2024.2.5,2025-07-29 14h46.27.272763 +0200,
0,0,0,0,0,0,0,,,,,,,,,#D292F3,373.0721139907837,False,space,correct rejection,None,393.237829208374,text_13,122,4,2back_dual_main_click,2,Geo,29,28,57,120,60,,,,,,,,,,22,03,yes,no,no,2025-07-29_14h42.07.153,EXNAT_4_TMS_Psychopy2024.2.5.psyexp,2024.2.5,2025-07-29 14h46.27.272763 +0200,
0,0,0,0,0,0,0,,,,,,,,,#2AB7EF,373.5054852962494,False,space,correct rejection,None,503.964900970459,text_13,123,4,2back_dual_main_click,2,Reportagen,29,28,57,120,60,,,,,,,,,,22,03,yes,no,no,2025-07-29_14h42.07.153,EXNAT_4_TMS_Psychopy2024.2.5.psyexp,2024.2.5,2025-07-29 14h46.27.272763 +0200,
0,0,0,0,0,0,0,,,,,,,,,#88BA3F,374.04914379119873,False,space,correct rejection,None,536.2832546234131,text_13,124,4,2back_dual_main_click,2,aus,30,28,58,120,60,374.23018741607666,,,,,,,,,22,03,yes,no,no,2025-07-29_14h42.07.153,EXNAT_4_TMS_Psychopy2024.2.5.psyexp,2024.2.5,2025-07-29 14h46.27.272763 +0200,
0,0,0,0,0,0,0,,,,,,,,,#88BA3F,374.6248676776886,False,space,correct rejection,None,408.68592262268066,text_13,125,4,2back_dual_main_click,2,der,30,28,58,120,60,,,,,,,,,,22,03,yes,no,no,2025-07-29_14h42.07.153,EXNAT_4_TMS_Psychopy2024.2.5.psyexp,2024.2.5,2025-07-29 14h46.27.272763 +0200,
0,0,0,0,0,0,0,,,,,,,,,#F989A2,375.0726161003113,False,space,correct rejection,None,520.8950042724609,text_13,126,4,2back_dual_main_click,2,weiten,30,28,58,120,60,,,,,,,,,,22,03,yes,no,no,2025-07-29_14h42.07.153,EXNAT_4_TMS_Psychopy2024.2.5.psyexp,2024.2.5,2025-07-29 14h46.27.272763 +0200,
0,0,0,0,0,0,0,,,,,,,,,#F989A2,375.6321749687195,False,space,correct rejection,None,649.2955684661865,text_13,127,4,2back_dual_main_click,2,Welt,30,28,58,120,60,,,,,,,,,,22,03,yes,no,no,2025-07-29_14h42.07.153,EXNAT_4_TMS_Psychopy2024.2.5.psyexp,2024.2.5,2025-07-29 14h46.27.272763 +0200,
0,0,0,0,0,0,0,,,,,,,,,#88BA3F,376.32013392448425,False,space,correct rejection,None,537.3291969299316,text_13,128,4,2back_dual_main_click,2,schreiben.,30,28,58,120,60,,,,,,,,,,22,03,yes,no,no,2025-07-29_14h42.07.153,EXNAT_4_TMS_Psychopy2024.2.5.psyexp,2024.2.5,2025-07-29 14h46.27.272763 +0200,
0,0,0,0,0,0,0,,,,,,,,,#2AB7EF,376.8987138271332,False,space,correct rejection,None,310.73594093322754,text_13,129,4,2back_dual_main_click,2,Doch,30,28,58,120,60,,,,,,,,,,22,03,yes,no,no,2025-07-29_14h42.07.153,EXNAT_4_TMS_Psychopy2024.2.5.psyexp,2024.2.5,2025-07-29 14h46.27.272763 +0200,
0,0,0,0,0,0,0,,,,,,,,,#2AB7EF,377.24995160102844,False,space,correct rejection,None,535.3927612304688,text_13,130,4,2back_dual_main_click,2,sie,30,28,58,120,60,,,,,,,,,,22,03,yes,no,no,2025-07-29_14h42.07.153,EXNAT_4_TMS_Psychopy2024.2.5.psyexp,2024.2.5,2025-07-29 14h46.27.272763 +0200,
0,0,0,0,0,0,0,,,,,,,,,#2AB7EF,377.8238248825073,True,space,miss,None,601.6371250152588,text_13,131,4,2back_dual_main_click,2,wurde,30,28,58,120,60,,,,,,,,,,22,03,yes,no,no,2025-07-29_14h42.07.153,EXNAT_4_TMS_Psychopy2024.2.5.psyexp,2024.2.5,2025-07-29 14h46.27.272763 +0200,
0,0,0,0,0,0,0,,,,,,,,,#D292F3,378.4650318622589,False,space,correct rejection,None,568.5958862304688,text_13,132,4,2back_dual_main_click,2,immer,30,28,58,120,60,,,,,,,,,,22,03,yes,no,no,2025-07-29_14h42.07.153,EXNAT_4_TMS_Psychopy2024.2.5.psyexp,2024.2.5,2025-07-29 14h46.27.272763 +0200,
0,0,0,0,0,0,0,,,,,,,,,#88BA3F,379.07406997680664,False,space,correct rejection,None,535.3074073791504,text_13,133,4,2back_dual_main_click,2,wieder,30,28,58,120,60,,,,,,,,,,22,03,yes,no,no,2025-07-29_14h42.07.153,EXNAT_4_TMS_Psychopy2024.2.5.psyexp,2024.2.5,2025-07-29 14h46.27.272763 +0200,
0,0,0,0,0,0,0,,,,,,,,,#88BA3F,379.6494586467743,False,space,correct rejection,None,647.935152053833,text_13,134,4,2back_dual_main_click,2,für,30,28,58,120,60,,,,,,,,,,22,03,yes,no,no,2025-07-29_14h42.07.153,EXNAT_4_TMS_Psychopy2024.2.5.psyexp,2024.2.5,2025-07-29 14h46.27.272763 +0200,
0,0,0,0,0,0,0,,,,,,,,,#2AB7EF,380.338885307312,False,space,correct rejection,None,598.5612869262695,text_13,135,4,2back_dual_main_click,2,neue,30,28,58,120,60,,,,,,,,,,22,03,yes,no,no,2025-07-29_14h42.07.153,EXNAT_4_TMS_Psychopy2024.2.5.psyexp,2024.2.5,2025-07-29 14h46.27.272763 +0200,
0,0,0,0,0,0,0,,,,,,,,,#F989A2,380.9795615673065,False,space,correct rejection,None,357.8600883483887,text_13,136,4,2back_dual_main_click,2,Rollen,30,28,58,120,60,,,,,,,,,,22,03,yes,no,no,2025-07-29_14h42.07.153,EXNAT_4_TMS_Psychopy2024.2.5.psyexp,2024.2.5,2025-07-29 14h46.27.272763 +0200,
0,0,0,0,0,0,0,,,,,,,,,#F989A2,381.37922167778015,False,space,correct rejection,None,534.3422889709473,text_13,137,4,2back_dual_main_click,2,gewonnen.,30,28,58,120,60,,,,,,,,,,22,03,yes,no,no,2025-07-29_14h42.07.153,EXNAT_4_TMS_Psychopy2024.2.5.psyexp,2024.2.5,2025-07-29 14h46.27.272763 +0200,
0,0,0,0,0,0,0,,,,,,,,,#D292F3,381.9560544490814,False,space,correct rejection,None,389.39619064331055,text_13,138,4,2back_dual_main_click,2,Nun,30,28,58,120,60,,,,,,,,,,22,03,yes,no,no,2025-07-29_14h42.07.153,EXNAT_4_TMS_Psychopy2024.2.5.psyexp,2024.2.5,2025-07-29 14h46.27.272763 +0200,
0,0,0,0,0,0,0,,,,,,,,,#2AB7EF,382.38595485687256,False,space,correct rejection,None,503.4797191619873,text_13,139,4,2back_dual_main_click,2,überlegt,30,28,58,120,60,,,,,,,,,,22,03,yes,no,no,2025-07-29_14h42.07.153,EXNAT_4_TMS_Psychopy2024.2.5.psyexp,2024.2.5,2025-07-29 14h46.27.272763 +0200,
0,0,0,0,0,0,0,,,,,,,,,#D292F3,382.9266369342804,True,l,hit,410.7077121734619,634.5400810241699,text_13,140,4,2back_dual_main_click,2,"sie,",30,28,58,120,60,,,,,,,,,,22,03,yes,no,no,2025-07-29_14h42.07.153,EXNAT_4_TMS_Psychopy2024.2.5.psyexp,2024.2.5,2025-07-29 14h46.27.272763 +0200,
0,0,0,0,0,0,0,,,,,,,,,#2AB7EF,383.60061597824097,True,space,miss,None,552.8566837310791,text_13,141,4,2back_dual_main_click,2,wie,30,29,59,120,60,383.65515327453613,,,,,,,,,22,03,yes,no,no,2025-07-29_14h42.07.153,EXNAT_4_TMS_Psychopy2024.2.5.psyexp,2024.2.5,2025-07-29 14h46.27.272763 +0200,
0,0,0,0,0,0,0,,,,,,,,,#D292F3,384.19176292419434,True,space,miss,None,393.7356472015381,text_13,142,4,2back_dual_main_click,2,es,30,29,59,120,60,,,,,,,,,,22,03,yes,no,no,2025-07-29_14h42.07.153,EXNAT_4_TMS_Psychopy2024.2.5.psyexp,2024.2.5,2025-07-29 14h46.27.272763 +0200,
0,0,0,0,0,0,0,,,,,,,,,#88BA3F,384.6267178058624,False,space,correct rejection,None,806.7612648010254,text_13,143,4,2back_dual_main_click,2,weitergeht:,30,29,59,120,60,,,,,,,,,,22,03,yes,no,no,2025-07-29_14h42.07.153,EXNAT_4_TMS_Psychopy2024.2.5.psyexp,2024.2.5,2025-07-29 14h46.27.272763 +0200,
0,0,0,0,0,0,0,,,,,,,,,#F989A2,385.47274589538574,False,space,correct rejection,None,424.7326850891113,text_13,144,4,2back_dual_main_click,2,vor,30,29,59,120,60,,,,,,,,,,22,03,yes,no,no,2025-07-29_14h42.07.153,EXNAT_4_TMS_Psychopy2024.2.5.psyexp,2024.2.5,2025-07-29 14h46.27.272763 +0200,
0,0,0,0,0,0,0,,,,,,,,,#88BA3F,385.9364643096924,True,space,miss,None,488.9674186706543,text_13,145,4,2back_dual_main_click,2,der,30,29,59,120,60,,,,,,,,,,22,03,yes,no,no,2025-07-29_14h42.07.153,EXNAT_4_TMS_Psychopy2024.2.5.psyexp,2024.2.5,2025-07-29 14h46.27.272763 +0200,
0,0,0,0,0,0,0,,,,,,,,,#2AB7EF,386.46557784080505,False,space,correct rejection,None,871.8421459197998,text_13,146,4,2back_dual_main_click,2,"Kamera,",30,29,59,120,60,,,,,,,,,,22,03,yes,no,no,2025-07-29_14h42.07.153,EXNAT_4_TMS_Psychopy2024.2.5.psyexp,2024.2.5,2025-07-29 14h46.27.272763 +0200,
0,0,0,0,0,0,0,,,,,,,,,#88BA3F,387.3771150112152,True,space,miss,None,536.2718105316162,text_13,147,4,2back_dual_main_click,2,dahinter,30,29,59,120,60,,,,,,,,,,22,03,yes,no,no,2025-07-29_14h42.07.153,EXNAT_4_TMS_Psychopy2024.2.5.psyexp,2024.2.5,2025-07-29 14h46.27.272763 +0200,
0,0,0,0,0,0,0,,,,,,,,,#F989A2,387.9517719745636,False,space,correct rejection,None,537.602424621582,text_13,148,4,2back_dual_main_click,2,oder,30,29,59,120,60,,,,,,,,,,22,03,yes,no,no,2025-07-29_14h42.07.153,EXNAT_4_TMS_Psychopy2024.2.5.psyexp,2024.2.5,2025-07-29 14h46.27.272763 +0200,
0,0,0,0,0,0,0,,,,,,,,,#D292F3,388.52968525886536,False,space,correct rejection,None,359.56788063049316,text_13,149,4,2back_dual_main_click,2,ganz,31,29,60,120,60,388.65506529808044,,,,,,,,,22,03,yes,no,no,2025-07-29_14h42.07.153,EXNAT_4_TMS_Psychopy2024.2.5.psyexp,2024.2.5,2025-07-29 14h46.27.272763 +0200,
0,0,0,0,0,0,0,,,,,,,,,#D292F3,388.92769956588745,False,space,correct rejection,None,569.6325302124023,text_13,150,4,2back_dual_main_click,2,anders?,31,29,60,120,60,,,,,,,,,,22,03,yes,no,no,2025-07-29_14h42.07.153,EXNAT_4_TMS_Psychopy2024.2.5.psyexp,2024.2.5,2025-07-29 14h46.27.272763 +0200,
0,0,0,0,0,0,0,,,,,,,,,,389.5505383014679,,1,,,,text_13,,4,2back_dual_main_click,,,,,,,,,Q1,a,True,,,,,,22,03,yes,no,no,2025-07-29_14h42.07.153,EXNAT_4_TMS_Psychopy2024.2.5.psyexp,2024.2.5,2025-07-29 14h46.27.272763 +0200,
0,0,0,0,0,0,0,,,,,,,,,,392.0804092884064,,3,,,,text_13,,4,2back_dual_main_click,,,,,,,,,Q2,c,True,,,,,,22,03,yes,no,no,2025-07-29_14h42.07.153,EXNAT_4_TMS_Psychopy2024.2.5.psyexp,2024.2.5,2025-07-29 14h46.27.272763 +0200,
0,0,0,0,0,0,0,,,,,,,,,,396.3062434196472,,4,,,,text_13,,4,2back_dual_main_click,,,,,,,,,Q3,d,True,,,,,,22,03,yes,no,no,2025-07-29_14h42.07.153,EXNAT_4_TMS_Psychopy2024.2.5.psyexp,2024.2.5,2025-07-29 14h46.27.272763 +0200,
0,0,0,0,0,0,0,,,,,,,,,#F989A2,405.4761264324188,False,space,correct rejection,None,533.0848693847656,text_11,1,5,2back_dual_main_click,2,Jane,31,29,60,120,60,,,,,,,,,,22,03,yes,no,no,2025-07-29_14h42.07.153,EXNAT_4_TMS_Psychopy2024.2.5.psyexp,2024.2.5,2025-07-29 14h46.27.272763 +0200,
0,0,0,0,0,0,0,,,,,,,,,#D292F3,406.04152607917786,False,space,correct rejection,None,495.8338737487793,text_11,2,5,2back_dual_main_click,2,Austen,31,29,60,120,60,,,,,,,,,,22,03,yes,no,no,2025-07-29_14h42.07.153,EXNAT_4_TMS_Psychopy2024.2.5.psyexp,2024.2.5,2025-07-29 14h46.27.272763 +0200,
0,0,0,0,0,0,0,,,,,,,,,#D292F3,406.5729429721832,False,space,correct rejection,None,604.5124530792236,text_11,3,5,2back_dual_main_click,2,ist,31,29,60,120,60,,,,,,,,,,22,03,yes,no,no,2025-07-29_14h42.07.153,EXNAT_4_TMS_Psychopy2024.2.5.psyexp,2024.2.5,2025-07-29 14h46.27.272763 +0200,
0,0,0,0,0,0,0,,,,,,,,,#F989A2,407.216335773468,False,space,correct rejection,None,569.1623687744141,text_11,4,5,2back_dual_main_click,2,eine,31,29,60,120,60,,,,,,,,,,22,03,yes,no,no,2025-07-29_14h42.07.153,EXNAT_4_TMS_Psychopy2024.2.5.psyexp,2024.2.5,2025-07-29 14h46.27.272763 +0200,
0,0,0,0,0,0,0,,,,,,,,,#D292F3,407.82539105415344,True,space,miss,None,360.1226806640625,text_11,5,5,2back_dual_main_click,2,der,31,30,61,120,60,407.8788216114044,,,,,,,,,22,03,yes,no,no,2025-07-29_14h42.07.153,EXNAT_4_TMS_Psychopy2024.2.5.psyexp,2024.2.5,2025-07-29 14h46.27.272763 +0200,
0,0,0,0,0,0,0,,,,,,,,,#88BA3F,408.22393918037415,False,space,correct rejection,None,585.4432582855225,text_11,6,5,2back_dual_main_click,2,bekanntesten,31,30,61,120,60,,,,,,,,,,22,03,yes,no,no,2025-07-29_14h42.07.153,EXNAT_4_TMS_Psychopy2024.2.5.psyexp,2024.2.5,2025-07-29 14h46.27.272763 +0200,
0,0,0,0,0,0,0,,,,,,,,,#F989A2,408.8518433570862,False,space,correct rejection,None,501.739501953125,text_11,7,5,2back_dual_main_click,2,Schriftstellerinnen,31,30,61,120,60,,,,,,,,,,22,03,yes,no,no,2025-07-29_14h42.07.153,EXNAT_4_TMS_Psychopy2024.2.5.psyexp,2024.2.5,2025-07-29 14h46.27.272763 +0200,
0,0,0,0,0,0,0,,,,,,,,,#2AB7EF,409.3939869403839,False,space,correct rejection,None,583.3868980407715,text_11,8,5,2back_dual_main_click,2,Englands.,31,30,61,120,60,,,,,,,,,,22,03,yes,no,no,2025-07-29_14h42.07.153,EXNAT_4_TMS_Psychopy2024.2.5.psyexp,2024.2.5,2025-07-29 14h46.27.272763 +0200,
0,0,0,0,0,0,0,,,,,,,,,#2AB7EF,410.0161669254303,False,space,correct rejection,None,473.33502769470215,text_11,9,5,2back_dual_main_click,2,Sie,31,30,61,120,60,,,,,,,,,,22,03,yes,no,no,2025-07-29_14h42.07.153,EXNAT_4_TMS_Psychopy2024.2.5.psyexp,2024.2.5,2025-07-29 14h46.27.272763 +0200,
0,0,0,0,0,0,0,,,,,,,,,#2AB7EF,410.52905654907227,True,space,miss,None,488.55090141296387,text_11,10,5,2back_dual_main_click,2,schrieb,31,30,61,120,60,,,,,,,,,,22,03,yes,no,no,2025-07-29_14h42.07.153,EXNAT_4_TMS_Psychopy2024.2.5.psyexp,2024.2.5,2025-07-29 14h46.27.272763 +0200,
0,0,0,0,0,0,0,,,,,,,,,#88BA3F,411.0568242073059,False,l,false alarm,808.5885047912598,968.4686660766602,text_11,11,5,2back_dual_main_click,2,berühmte,31,30,61,120,60,,,,,,,,,,22,03,yes,no,no,2025-07-29_14h42.07.153,EXNAT_4_TMS_Psychopy2024.2.5.psyexp,2024.2.5,2025-07-29 14h46.27.272763 +0200,
0,0,0,0,0,0,0,,,,,,,,,#88BA3F,412.0652093887329,False,space,correct rejection,None,440.3414726257324,text_11,12,5,2back_dual_main_click,2,Romane,31,30,61,120,60,,,,,,,,,,22,03,yes,no,no,2025-07-29_14h42.07.153,EXNAT_4_TMS_Psychopy2024.2.5.psyexp,2024.2.5,2025-07-29 14h46.27.272763 +0200,
0,0,0,0,0,0,0,,,,,,,,,#F989A2,412.5467326641083,False,space,correct rejection,None,902.717113494873,text_11,13,5,2back_dual_main_click,2,wie,32,30,62,120,60,412.87894678115845,,,,,,,,,22,03,yes,no,no,2025-07-29_14h42.07.153,EXNAT_4_TMS_Psychopy2024.2.5.psyexp,2024.2.5,2025-07-29 14h46.27.272763 +0200,
0,0,0,0,0,0,0,,,,,,,,,#F989A2,413.48934864997864,False,space,correct rejection,None,584.1295719146729,text_11,14,5,2back_dual_main_click,2,""Stolz,32,30,62,120,60,,,,,,,,,,22,03,yes,no,no,2025-07-29_14h42.07.153,EXNAT_4_TMS_Psychopy2024.2.5.psyexp,2024.2.5,2025-07-29 14h46.27.272763 +0200,
0,0,0,0,0,0,0,,,,,,,,,#D292F3,414.11101031303406,False,space,correct rejection,None,442.5625801086426,text_11,15,5,2back_dual_main_click,2,und,32,30,62,120,60,,,,,,,,,,22,03,yes,no,no,2025-07-29_14h42.07.153,EXNAT_4_TMS_Psychopy2024.2.5.psyexp,2024.2.5,2025-07-29 14h46.27.272763 +0200,
0,0,0,0,0,0,0,,,,,,,,,#D292F3,414.59338665008545,False,space,correct rejection,None,488.1782531738281,text_11,16,5,2back_dual_main_click,2,Vorurteil"",32,30,62,120,60,,,,,,,,,,22,03,yes,no,no,2025-07-29_14h42.07.153,EXNAT_4_TMS_Psychopy2024.2.5.psyexp,2024.2.5,2025-07-29 14h46.27.272763 +0200,
0,0,0,0,0,0,0,,,,,,,,,#F989A2,415.12313771247864,False,space,correct rejection,None,470.2589511871338,text_11,17,5,2back_dual_main_click,2,und,32,30,62,120,60,,,,,,,,,,22,03,yes,no,no,2025-07-29_14h42.07.153,EXNAT_4_TMS_Psychopy2024.2.5.psyexp,2024.2.5,2025-07-29 14h46.27.272763 +0200,
0,0,0,0,0,0,0,,,,,,,,,#88BA3F,415.6346185207367,False,space,correct rejection,None,406.7239761352539,text_11,18,5,2back_dual_main_click,2,""Emma"".,32,30,62,120,60,,,,,,,,,,22,03,yes,no,no,2025-07-29_14h42.07.153,EXNAT_4_TMS_Psychopy2024.2.5.psyexp,2024.2.5,2025-07-29 14h46.27.272763 +0200,
0,0,0,0,0,0,0,,,,,,,,,#2AB7EF,416.07881903648376,False,space,correct rejection,None,458.7547779083252,text_11,19,5,2back_dual_main_click,2,Viele,32,30,62,120,60,,,,,,,,,,22,03,yes,no,no,2025-07-29_14h42.07.153,EXNAT_4_TMS_Psychopy2024.2.5.psyexp,2024.2.5,2025-07-29 14h46.27.272763 +0200,
0,0,0,0,0,0,0,,,,,,,,,#D292F3,416.5777566432953,False,space,correct rejection,None,519.7548866271973,text_11,20,5,2back_dual_main_click,2,Menschen,32,30,62,120,60,,,,,,,,,,22,03,yes,no,no,2025-07-29_14h42.07.153,EXNAT_4_TMS_Psychopy2024.2.5.psyexp,2024.2.5,2025-07-29 14h46.27.272763 +0200,
0,0,0,0,0,0,0,,,,,,,,,#2AB7EF,417.13727045059204,True,l,hit,520.2414989471436,728.1026840209961,text_11,21,5,2back_dual_main_click,2,"denken,",32,30,62,120,60,,,,,,,,,,22,03,yes,no,no,2025-07-29_14h42.07.153,EXNAT_4_TMS_Psychopy2024.2.5.psyexp,2024.2.5,2025-07-29 14h46.27.272763 +0200,
0,0,0,0,0,0,0,,,,,,,,,#88BA3F,417.90459299087524,False,space,correct rejection,None,520.7300186157227,text_11,22,5,2back_dual_main_click,2,dass,32,30,62,120,60,,,,,,,,,,22,03,yes,no,no,2025-07-29_14h42.07.153,EXNAT_4_TMS_Psychopy2024.2.5.psyexp,2024.2.5,2025-07-29 14h46.27.272763 +0200,
0,0,0,0,0,0,0,,,,,,,,,#2AB7EF,418.46394991874695,True,space,miss,None,569.5900917053223,text_11,23,5,2back_dual_main_click,2,sie,32,31,63,120,60,418.5189142227173,,,,,,,,,22,03,yes,no,no,2025-07-29_14h42.07.153,EXNAT_4_TMS_Psychopy2024.2.5.psyexp,2024.2.5,2025-07-29 14h46.27.272763 +0200,
0,0,0,0,0,0,0,,,,,,,,,#88BA3F,419.0741984844208,True,l,hit,967.2503471374512,1159.2223644256592,text_11,24,5,2back_dual_main_click,2,perfekt,32,31,63,120,60,,,,,,,,,,22,03,yes,no,no,2025-07-29_14h42.07.153,EXNAT_4_TMS_Psychopy2024.2.5.psyexp,2024.2.5,2025-07-29 14h46.27.272763 +0200,
0,0,0,0,0,0,0,,,,,,,,,#D292F3,420.2875888347626,False,space,correct rejection,None,457.95607566833496,text_11,25,5,2back_dual_main_click,2,schreiben,32,31,63,120,60,,,,,,,,,,22,03,yes,no,no,2025-07-29_14h42.07.153,EXNAT_4_TMS_Psychopy2024.2.5.psyexp,2024.2.5,2025-07-29 14h46.27.272763 +0200,
0,0,0,0,0,0,0,,,,,,,,,#D292F3,420.7996003627777,False,space,correct rejection,None,521.7607021331787,text_11,26,5,2back_dual_main_click,2,konnte.,32,31,63,120,60,,,,,,,,,,22,03,yes,no,no,2025-07-29_14h42.07.153,EXNAT_4_TMS_Psychopy2024.2.5.psyexp,2024.2.5,2025-07-29 14h46.27.272763 +0200,
0,0,0,0,0,0,0,,,,,,,,,#2AB7EF,421.3782379627228,False,space,correct rejection,None,391.2835121154785,text_11,27,5,2back_dual_main_click,2,Neue,32,31,63,120,60,,,,,,,,,,22,03,yes,no,no,2025-07-29_14h42.07.153,EXNAT_4_TMS_Psychopy2024.2.5.psyexp,2024.2.5,2025-07-29 14h46.27.272763 +0200,
0,0,0,0,0,0,0,,,,,,,,,#88BA3F,421.8263249397278,False,space,correct rejection,None,375.1661777496338,text_11,28,5,2back_dual_main_click,2,Forschungen,32,31,63,120,60,,,,,,,,,,22,03,yes,no,no,2025-07-29_14h42.07.153,EXNAT_4_TMS_Psychopy2024.2.5.psyexp,2024.2.5,2025-07-29 14h46.27.272763 +0200,
0,0,0,0,0,0,0,,,,,,,,,#2AB7EF,422.25802183151245,True,l,hit,791.5000915527344,983.4272861480713,text_11,29,5,2back_dual_main_click,2,zeigen,32,31,63,120,60,,,,,,,,,,22,03,yes,no,no,2025-07-29_14h42.07.153,EXNAT_4_TMS_Psychopy2024.2.5.psyexp,2024.2.5,2025-07-29 14h46.27.272763 +0200,
0,0,0,0,0,0,0,,,,,,,,,#D292F3,423.2966170310974,False,space,correct rejection,None,424.9155521392822,text_11,30,5,2back_dual_main_click,2,"aber,",33,31,64,120,60,423.51885533332825,,,,,,,,,22,03,yes,no,no,2025-07-29_14h42.07.153,EXNAT_4_TMS_Psychopy2024.2.5.psyexp,2024.2.5,2025-07-29 14h46.27.272763 +0200,
0,0,0,0,0,0,0,,,,,,,,,#88BA3F,423.7770719528198,False,space,correct rejection,None,440.3097629547119,text_11,31,5,2back_dual_main_click,2,dass,33,31,64,120,60,,,,,,,,,,22,03,yes,no,no,2025-07-29_14h42.07.153,EXNAT_4_TMS_Psychopy2024.2.5.psyexp,2024.2.5,2025-07-29 14h46.27.272763 +0200,
0,0,0,0,0,0,0,,,,,,,,,#88BA3F,424.271776676178,False,space,correct rejection,None,441.7390823364258,text_11,32,5,2back_dual_main_click,2,das,33,31,64,120,60,,,,,,,,,,22,03,yes,no,no,2025-07-29_14h42.07.153,EXNAT_4_TMS_Psychopy2024.2.5.psyexp,2024.2.5,2025-07-29 14h46.27.272763 +0200,
0,0,0,0,0,0,0,,,,,,,,,#F989A2,424.7680780887604,False,space,correct rejection,None,473.45447540283203,text_11,33,5,2back_dual_main_click,2,nicht,33,31,64,120,60,,,,,,,,,,22,03,yes,no,no,2025-07-29_14h42.07.153,EXNAT_4_TMS_Psychopy2024.2.5.psyexp,2024.2.5,2025-07-29 14h46.27.272763 +0200,
0,0,0,0,0,0,0,,,,,,,,,#2AB7EF,425.29570865631104,False,space,correct rejection,None,425.8074760437012,text_11,34,5,2back_dual_main_click,2,ganz,33,31,64,120,60,,,,,,,,,,22,03,yes,no,no,2025-07-29_14h42.07.153,EXNAT_4_TMS_Psychopy2024.2.5.psyexp,2024.2.5,2025-07-29 14h46.27.272763 +0200,
0,0,0,0,0,0,0,,,,,,,,,#F989A2,425.776903629303,True,space,miss,None,504.47773933410645,text_11,35,5,2back_dual_main_click,2,stimmt.,33,31,64,120,60,,,,,,,,,,22,03,yes,no,no,2025-07-29_14h42.07.153,EXNAT_4_TMS_Psychopy2024.2.5.psyexp,2024.2.5,2025-07-29 14h46.27.272763 +0200,
0,0,0,0,0,0,0,,,,,,,,,#F989A2,426.32216906547546,False,space,correct rejection,None,487.3385429382324,text_11,36,5,2back_dual_main_click,2,Die,33,31,64,120,60,,,,,,,,,,22,03,yes,no,no,2025-07-29_14h42.07.153,EXNAT_4_TMS_Psychopy2024.2.5.psyexp,2024.2.5,2025-07-29 14h46.27.272763 +0200,
0,0,0,0,0,0,0,,,,,,,,,#D292F3,426.84915018081665,False,space,correct rejection,None,536.454439163208,text_11,37,5,2back_dual_main_click,2,Forscherin,33,31,64,120,60,,,,,,,,,,22,03,yes,no,no,2025-07-29_14h42.07.153,EXNAT_4_TMS_Psychopy2024.2.5.psyexp,2024.2.5,2025-07-29 14h46.27.272763 +0200,
0,0,0,0,0,0,0,,,,,,,,,#2AB7EF,427.42791199684143,False,space,correct rejection,None,629.5733451843262,text_11,38,5,2back_dual_main_click,2,Kathryn,33,31,64,120,60,,,,,,,,,,22,03,yes,no,no,2025-07-29_14h42.07.153,EXNAT_4_TMS_Psychopy2024.2.5.psyexp,2024.2.5,2025-07-29 14h46.27.272763 +0200,
0,0,0,0,0,0,0,,,,,,,,,#2AB7EF,428.09694385528564,False,space,correct rejection,None,600.6793975830078,text_11,39,5,2back_dual_main_click,2,Sutherland,33,31,64,120,60,,,,,,,,,,22,03,yes,no,no,2025-07-29_14h42.07.153,EXNAT_4_TMS_Psychopy2024.2.5.psyexp,2024.2.5,2025-07-29 14h46.27.272763 +0200,
0,0,0,0,0,0,0,,,,,,,,,#F989A2,428.73608207702637,False,space,correct rejection,None,601.3669967651367,text_11,40,5,2back_dual_main_click,2,von,33,31,64,120,60,,,,,,,,,,22,03,yes,no,no,2025-07-29_14h42.07.153,EXNAT_4_TMS_Psychopy2024.2.5.psyexp,2024.2.5,2025-07-29 14h46.27.272763 +0200,
0,0,0,0,0,0,0,,,,,,,,,#2AB7EF,429.37758231163025,True,space,miss,None,456.09116554260254,text_11,41,5,2back_dual_main_click,2,der,33,32,65,120,60,429.4316852092743,,,,,,,,,22,03,yes,no,no,2025-07-29_14h42.07.153,EXNAT_4_TMS_Psychopy2024.2.5.psyexp,2024.2.5,2025-07-29 14h46.27.272763 +0200,
0,0,0,0,0,0,0,,,,,,,,,#2AB7EF,429.8751971721649,False,space,correct rejection,None,566.3421154022217,text_11,42,5,2back_dual_main_click,2,Universität,33,32,65,120,60,,,,,,,,,,22,03,yes,no,no,2025-07-29_14h42.07.153,EXNAT_4_TMS_Psychopy2024.2.5.psyexp,2024.2.5,2025-07-29 14h46.27.272763 +0200,
0,0,0,0,0,0,0,,,,,,,,,#D292F3,430.4816904067993,False,space,correct rejection,None,679.828405380249,text_11,43,5,2back_dual_main_click,2,Oxford,33,32,65,120,60,,,,,,,,,,22,03,yes,no,no,2025-07-29_14h42.07.153,EXNAT_4_TMS_Psychopy2024.2.5.psyexp,2024.2.5,2025-07-29 14h46.27.272763 +0200,
0,0,0,0,0,0,0,,,,,,,,,#F989A2,431.2004590034485,False,space,correct rejection,None,505.08761405944824,text_11,44,5,2back_dual_main_click,2,hat,33,32,65,120,60,,,,,,,,,,22,03,yes,no,no,2025-07-29_14h42.07.153,EXNAT_4_TMS_Psychopy2024.2.5.psyexp,2024.2.5,2025-07-29 14h46.27.272763 +0200,
0,0,0,0,0,0,0,,,,,,,,,#88BA3F,431.7444443702698,False,space,correct rejection,None,521.0170745849609,text_11,45,5,2back_dual_main_click,2,Austens,33,32,65,120,60,,,,,,,,,,22,03,yes,no,no,2025-07-29_14h42.07.153,EXNAT_4_TMS_Psychopy2024.2.5.psyexp,2024.2.5,2025-07-29 14h46.27.272763 +0200,
0,0,0,0,0,0,0,,,,,,,,,#88BA3F,432.3046443462372,False,space,correct rejection,None,664.8123264312744,text_11,46,5,2back_dual_main_click,2,"alte,",33,32,65,120,60,,,,,,,,,,22,03,yes,no,no,2025-07-29_14h42.07.153,EXNAT_4_TMS_Psychopy2024.2.5.psyexp,2024.2.5,2025-07-29 14h46.27.272763 +0200,
0,0,0,0,0,0,0,,,,,,,,,#F989A2,433.01025462150574,False,space,correct rejection,None,615.3244972229004,text_11,47,5,2back_dual_main_click,2,handgeschriebene,33,32,65,120,60,,,,,,,,,,22,03,yes,no,no,2025-07-29_14h42.07.153,EXNAT_4_TMS_Psychopy2024.2.5.psyexp,2024.2.5,2025-07-29 14h46.27.272763 +0200,
0,0,0,0,0,0,0,,,,,,,,,#D292F3,433.66366505622864,False,space,correct rejection,None,553.9097785949707,text_11,48,5,2back_dual_main_click,2,Texte,33,32,65,120,60,,,,,,,,,,22,03,yes,no,no,2025-07-29_14h42.07.153,EXNAT_4_TMS_Psychopy2024.2.5.psyexp,2024.2.5,2025-07-29 14h46.27.272763 +0200,
0,0,0,0,0,0,0,,,,,,,,,#88BA3F,434.2564377784729,False,space,correct rejection,None,569.1759586334229,text_11,49,5,2back_dual_main_click,2,untersucht,34,32,66,120,60,434.43170166015625,,,,,,,,,22,03,yes,no,no,2025-07-29_14h42.07.153,EXNAT_4_TMS_Psychopy2024.2.5.psyexp,2024.2.5,2025-07-29 14h46.27.272763 +0200,
0,0,0,0,0,0,0,,,,,,,,,#F989A2,434.86293959617615,False,space,correct rejection,None,602.5717258453369,text_11,50,5,2back_dual_main_click,2,und,34,32,66,120,60,,,,,,,,,,22,03,yes,no,no,2025-07-29_14h42.07.153,EXNAT_4_TMS_Psychopy2024.2.5.psyexp,2024.2.5,2025-07-29 14h46.27.272763 +0200,
0,0,0,0,0,0,0,,,,,,,,,#F989A2,435.50353741645813,False,space,correct rejection,None,489.9423122406006,text_11,51,5,2back_dual_main_click,2,fand,34,32,66,120,60,,,,,,,,,,22,03,yes,no,no,2025-07-29_14h42.07.153,EXNAT_4_TMS_Psychopy2024.2.5.psyexp,2024.2.5,2025-07-29 14h46.27.272763 +0200,
0,0,0,0,0,0,0,,,,,,,,,#2AB7EF,436.0333061218262,False,space,correct rejection,None,616.180419921875,text_11,52,5,2back_dual_main_click,2,einige,34,32,66,120,60,,,,,,,,,,22,03,yes,no,no,2025-07-29_14h42.07.153,EXNAT_4_TMS_Psychopy2024.2.5.psyexp,2024.2.5,2025-07-29 14h46.27.272763 +0200,
0,0,0,0,0,0,0,,,,,,,,,#88BA3F,436.68854427337646,False,space,correct rejection,None,392.97938346862793,text_11,53,5,2back_dual_main_click,2,Fehler.,34,32,66,120,60,,,,,,,,,,22,03,yes,no,no,2025-07-29_14h42.07.153,EXNAT_4_TMS_Psychopy2024.2.5.psyexp,2024.2.5,2025-07-29 14h46.27.272763 +0200,
0,0,0,0,0,0,0,,,,,,,,,#2AB7EF,437.1214654445648,True,l,hit,456.0408592224121,711.9786739349365,text_11,54,5,2back_dual_main_click,2,Das,34,32,66,120,60,,,,,,,,,,22,03,yes,no,no,2025-07-29_14h42.07.153,EXNAT_4_TMS_Psychopy2024.2.5.psyexp,2024.2.5,2025-07-29 14h46.27.272763 +0200,
0,0,0,0,0,0,0,,,,,,,,,#88BA3F,437.8720028400421,True,space,miss,None,537.4672412872314,text_11,55,5,2back_dual_main_click,2,Ergebnis,34,32,66,120,60,,,,,,,,,,22,03,yes,no,no,2025-07-29_14h42.07.153,EXNAT_4_TMS_Psychopy2024.2.5.psyexp,2024.2.5,2025-07-29 14h46.27.272763 +0200,
0,0,0,0,0,0,0,,,,,,,,,#D292F3,438.45259189605713,False,space,correct rejection,None,628.960132598877,text_11,56,5,2back_dual_main_click,2,"zeigt,",34,32,66,120,60,,,,,,,,,,22,03,yes,no,no,2025-07-29_14h42.07.153,EXNAT_4_TMS_Psychopy2024.2.5.psyexp,2024.2.5,2025-07-29 14h46.27.272763 +0200,
0,0,0,0,0,0,0,,,,,,,,,#D292F3,439.1202619075775,False,space,correct rejection,None,521.3460922241211,text_11,57,5,2back_dual_main_click,2,dass,34,32,66,120,60,,,,,,,,,,22,03,yes,no,no,2025-07-29_14h42.07.153,EXNAT_4_TMS_Psychopy2024.2.5.psyexp,2024.2.5,2025-07-29 14h46.27.272763 +0200,
0,0,0,0,0,0,0,,,,,,,,,#2AB7EF,439.6803398132324,False,space,correct rejection,None,537.283182144165,text_11,58,5,2back_dual_main_click,2,ihre,34,32,66,120,60,,,,,,,,,,22,03,yes,no,no,2025-07-29_14h42.07.153,EXNAT_4_TMS_Psychopy2024.2.5.psyexp,2024.2.5,2025-07-29 14h46.27.272763 +0200,
0,0,0,0,0,0,0,,,,,,,,,#F989A2,440.2571167945862,False,space,correct rejection,None,488.31844329833984,text_11,59,5,2back_dual_main_click,2,Manuskripte,34,32,66,120,60,,,,,,,,,,22,03,yes,no,no,2025-07-29_14h42.07.153,EXNAT_4_TMS_Psychopy2024.2.5.psyexp,2024.2.5,2025-07-29 14h46.27.272763 +0200,
0,0,0,0,0,0,0,,,,,,,,,#D292F3,440.78555035591125,False,space,correct rejection,None,567.988395690918,text_11,60,5,2back_dual_main_click,2,viele,34,32,66,120,60,,,,,,,,,,22,03,yes,no,no,2025-07-29_14h42.07.153,EXNAT_4_TMS_Psychopy2024.2.5.psyexp,2024.2.5,2025-07-29 14h46.27.272763 +0200,
0,0,0,0,0,0,0,,,,,,,,,#F989A2,441.3941795825958,True,space,miss,None,663.3186340332031,text_11,61,5,2back_dual_main_click,2,grammatische,34,33,67,120,60,441.4468626976013,,,,,,,,,22,03,yes,no,no,2025-07-29_14h42.07.153,EXNAT_4_TMS_Psychopy2024.2.5.psyexp,2024.2.5,2025-07-29 14h46.27.272763 +0200,
0,0,0,0,0,0,0,,,,,,,,,#F989A2,442.0993163585663,False,space,correct rejection,None,598.212480545044,text_11,62,5,2back_dual_main_click,2,"Fehler,",34,33,67,120,60,,,,,,,,,,22,03,yes,no,no,2025-07-29_14h42.07.153,EXNAT_4_TMS_Psychopy2024.2.5.psyexp,2024.2.5,2025-07-29 14h46.27.272763 +0200,
0,0,0,0,0,0,0,,,,,,,,,#D292F3,442.738569021225,False,space,correct rejection,None,550.8277416229248,text_11,63,5,2back_dual_main_click,2,durchgestrichene,34,33,67,120,60,,,,,,,,,,22,03,yes,no,no,2025-07-29_14h42.07.153,EXNAT_4_TMS_Psychopy2024.2.5.psyexp,2024.2.5,2025-07-29 14h46.27.272763 +0200,
0,0,0,0,0,0,0,,,,,,,,,#F989A2,443.32727813720703,True,space,miss,None,506.2572956085205,text_11,64,5,2back_dual_main_click,2,Sätze,34,33,67,120,60,,,,,,,,,,22,03,yes,no,no,2025-07-29_14h42.07.153,EXNAT_4_TMS_Psychopy2024.2.5.psyexp,2024.2.5,2025-07-29 14h46.27.272763 +0200,
0,0,0,0,0,0,0,,,,,,,,,#D292F3,443.87530517578125,True,l,hit,470.2181816101074,742.1431541442871,text_11,65,5,2back_dual_main_click,2,und,34,33,67,120,60,,,,,,,,,,22,03,yes,no,no,2025-07-29_14h42.07.153,EXNAT_4_TMS_Psychopy2024.2.5.psyexp,2024.2.5,2025-07-29 14h46.27.272763 +0200,
0,0,0,0,0,0,0,,,,,,,,,#2AB7EF,444.65892601013184,False,space,correct rejection,None,550.6570339202881,text_11,66,5,2back_dual_main_click,2,Tintenkleckse,34,33,67,120,60,,,,,,,,,,22,03,yes,no,no,2025-07-29_14h42.07.153,EXNAT_4_TMS_Psychopy2024.2.5.psyexp,2024.2.5,2025-07-29 14h46.27.272763 +0200,
0,0,0,0,0,0,0,,,,,,,,,#88BA3F,445.2501838207245,False,space,correct rejection,None,695.27268409729,text_11,67,5,2back_dual_main_click,2,beinhalten.,34,33,67,120,60,,,,,,,,,,22,03,yes,no,no,2025-07-29_14h42.07.153,EXNAT_4_TMS_Psychopy2024.2.5.psyexp,2024.2.5,2025-07-29 14h46.27.272763 +0200,
0,0,0,0,0,0,0,,,,,,,,,#88BA3F,445.986456155777,False,space,correct rejection,None,487.17451095581055,text_11,68,5,2back_dual_main_click,2,Außerdem,35,33,68,120,60,446.44702076911926,,,,,,,,,22,03,yes,no,no,2025-07-29_14h42.07.153,EXNAT_4_TMS_Psychopy2024.2.5.psyexp,2024.2.5,2025-07-29 14h46.27.272763 +0200,
0,0,0,0,0,0,0,,,,,,,,,#88BA3F,446.51387548446655,True,l,hit,423.5565662384033,711.5700244903564,text_11,69,5,2back_dual_main_click,2,glaubte,35,33,68,120,60,,,,,,,,,,22,03,yes,no,no,2025-07-29_14h42.07.153,EXNAT_4_TMS_Psychopy2024.2.5.psyexp,2024.2.5,2025-07-29 14h46.27.272763 +0200,
0,0,0,0,0,0,0,,,,,,,,,#F989A2,447.2667679786682,False,space,correct rejection,None,774.8284339904785,text_11,70,5,2back_dual_main_click,2,man,35,33,68,120,60,,,,,,,,,,22,03,yes,no,no,2025-07-29_14h42.07.153,EXNAT_4_TMS_Psychopy2024.2.5.psyexp,2024.2.5,2025-07-29 14h46.27.272763 +0200,
0,0,0,0,0,0,0,,,,,,,,,#2AB7EF,448.08021211624146,False,space,correct rejection,None,825.3250122070312,text_11,71,5,2back_dual_main_click,2,"lange,",35,33,68,120,60,,,,,,,,,,22,03,yes,no,no,2025-07-29_14h42.07.153,EXNAT_4_TMS_Psychopy2024.2.5.psyexp,2024.2.5,2025-07-29 14h46.27.272763 +0200,
0,0,0,0,0,0,0,,,,,,,,,#2AB7EF,448.94353556632996,False,space,correct rejection,None,522.0379829406738,text_11,72,5,2back_dual_main_click,2,dass,35,33,68,120,60,,,,,,,,,,22,03,yes,no,no,2025-07-29_14h42.07.153,EXNAT_4_TMS_Psychopy2024.2.5.psyexp,2024.2.5,2025-07-29 14h46.27.272763 +0200,
0,0,0,0,0,0,0,,,,,,,,,#F989A2,449.5055499076843,False,space,correct rejection,None,648.000955581665,text_11,73,5,2back_dual_main_click,2,Austens,35,33,68,120,60,,,,,,,,,,22,03,yes,no,no,2025-07-29_14h42.07.153,EXNAT_4_TMS_Psychopy2024.2.5.psyexp,2024.2.5,2025-07-29 14h46.27.272763 +0200,
0,0,0,0,0,0,0,,,,,,,,,#88BA3F,450.19150400161743,False,space,correct rejection,None,650.026798248291,text_11,74,5,2back_dual_main_click,2,Stil,35,33,68,120,60,,,,,,,,,,22,03,yes,no,no,2025-07-29_14h42.07.153,EXNAT_4_TMS_Psychopy2024.2.5.psyexp,2024.2.5,2025-07-29 14h46.27.272763 +0200,
0,0,0,0,0,0,0,,,,,,,,,#2AB7EF,450.8821506500244,False,space,correct rejection,None,375.37503242492676,text_11,75,5,2back_dual_main_click,2,allein,35,33,68,120,60,,,,,,,,,,22,03,yes,no,no,2025-07-29_14h42.07.153,EXNAT_4_TMS_Psychopy2024.2.5.psyexp,2024.2.5,2025-07-29 14h46.27.272763 +0200,
0,0,0,0,0,0,0,,,,,,,,,#F989A2,451.295104265213,False,space,correct rejection,None,522.374153137207,text_11,76,5,2back_dual_main_click,2,von,35,33,68,120,60,,,,,,,,,,22,03,yes,no,no,2025-07-29_14h42.07.153,EXNAT_4_TMS_Psychopy2024.2.5.psyexp,2024.2.5,2025-07-29 14h46.27.272763 +0200,
0,0,0,0,0,0,0,,,,,,,,,#D292F3,451.8576543331146,False,space,correct rejection,None,503.8297176361084,text_11,77,5,2back_dual_main_click,2,ihr,35,33,68,120,60,,,,,,,,,,22,03,yes,no,no,2025-07-29_14h42.07.153,EXNAT_4_TMS_Psychopy2024.2.5.psyexp,2024.2.5,2025-07-29 14h46.27.272763 +0200,
0,0,0,0,0,0,0,,,,,,,,,#2AB7EF,452.402818441391,False,space,correct rejection,None,662.7638339996338,text_11,78,5,2back_dual_main_click,2,stammt.,35,33,68,120,60,,,,,,,,,,22,03,yes,no,no,2025-07-29_14h42.07.153,EXNAT_4_TMS_Psychopy2024.2.5.psyexp,2024.2.5,2025-07-29 14h46.27.272763 +0200,
0,0,0,0,0,0,0,,,,,,,,,#2AB7EF,453.105012178421,False,space,correct rejection,None,456.4964771270752,text_11,79,5,2back_dual_main_click,2,Doch,35,33,68,120,60,,,,,,,,,,22,03,yes,no,no,2025-07-29_14h42.07.153,EXNAT_4_TMS_Psychopy2024.2.5.psyexp,2024.2.5,2025-07-29 14h46.27.272763 +0200,
0,0,0,0,0,0,0,,,,,,,,,#88BA3F,453.60041546821594,False,space,correct rejection,None,569.1413879394531,text_11,80,5,2back_dual_main_click,2,es,35,33,68,120,60,,,,,,,,,,22,03,yes,no,no,2025-07-29_14h42.07.153,EXNAT_4_TMS_Psychopy2024.2.5.psyexp,2024.2.5,2025-07-29 14h46.27.272763 +0200,
0,0,0,0,0,0,0,,,,,,,,,#88BA3F,454.2081904411316,False,space,correct rejection,None,569.3545341491699,text_11,81,5,2back_dual_main_click,2,sieht,35,33,68,120,60,,,,,,,,,,22,03,yes,no,no,2025-07-29_14h42.07.153,EXNAT_4_TMS_Psychopy2024.2.5.psyexp,2024.2.5,2025-07-29 14h46.27.272763 +0200,
0,0,0,0,0,0,0,,,,,,,,,#D292F3,454.81551456451416,False,space,correct rejection,None,506.0555934906006,text_11,82,5,2back_dual_main_click,2,so,35,33,68,120,60,,,,,,,,,,22,03,yes,no,no,2025-07-29_14h42.07.153,EXNAT_4_TMS_Psychopy2024.2.5.psyexp,2024.2.5,2025-07-29 14h46.27.272763 +0200,
0,0,0,0,0,0,0,,,,,,,,,#F989A2,455.36086440086365,False,space,correct rejection,None,584.6428871154785,text_11,83,5,2back_dual_main_click,2,"aus,",35,33,68,120,60,,,,,,,,,,22,03,yes,no,no,2025-07-29_14h42.07.153,EXNAT_4_TMS_Psychopy2024.2.5.psyexp,2024.2.5,2025-07-29 14h46.27.272763 +0200,
0,0,0,0,0,0,0,,,,,,,,,#D292F3,455.9847273826599,True,space,miss,None,680.804967880249,text_11,84,5,2back_dual_main_click,2,als,35,34,69,120,60,456.0393283367157,,,,,,,,,22,03,yes,no,no,2025-07-29_14h42.07.153,EXNAT_4_TMS_Psychopy2024.2.5.psyexp,2024.2.5,2025-07-29 14h46.27.272763 +0200,
0,0,0,0,0,0,0,,,,,,,,,#2AB7EF,456.7042281627655,False,space,correct rejection,None,681.422233581543,text_11,85,5,2back_dual_main_click,2,ob,35,34,69,120,60,,,,,,,,,,22,03,yes,no,no,2025-07-29_14h42.07.153,EXNAT_4_TMS_Psychopy2024.2.5.psyexp,2024.2.5,2025-07-29 14h46.27.272763 +0200,
0,0,0,0,0,0,0,,,,,,,,,#F989A2,457.42596101760864,False,space,correct rejection,None,439.6531581878662,text_11,86,5,2back_dual_main_click,2,ihre,35,34,69,120,60,,,,,,,,,,22,03,yes,no,no,2025-07-29_14h42.07.153,EXNAT_4_TMS_Psychopy2024.2.5.psyexp,2024.2.5,2025-07-29 14h46.27.272763 +0200,
0,0,0,0,0,0,0,,,,,,,,,#88BA3F,457.90755820274353,False,space,correct rejection,None,566.032886505127,text_11,87,5,2back_dual_main_click,2,Texte,35,34,69,120,60,,,,,,,,,,22,03,yes,no,no,2025-07-29_14h42.07.153,EXNAT_4_TMS_Psychopy2024.2.5.psyexp,2024.2.5,2025-07-29 14h46.27.272763 +0200,
0,0,0,0,0,0,0,,,,,,,,,#F989A2,458.5134470462799,True,space,miss,None,408.25772285461426,text_11,88,5,2back_dual_main_click,2,vor,35,34,69,120,60,,,,,,,,,,22,03,yes,no,no,2025-07-29_14h42.07.153,EXNAT_4_TMS_Psychopy2024.2.5.psyexp,2024.2.5,2025-07-29 14h46.27.272763 +0200,
0,0,0,0,0,0,0,,,,,,,,,#88BA3F,458.960346698761,True,l,hit,425.34875869750977,697.2591876983643,text_11,89,5,2back_dual_main_click,2,dem,35,34,69,120,60,,,,,,,,,,22,03,yes,no,no,2025-07-29_14h42.07.153,EXNAT_4_TMS_Psychopy2024.2.5.psyexp,2024.2.5,2025-07-29 14h46.27.272763 +0200,
0,0,0,0,0,0,0,,,,,,,,,#2AB7EF,459.69604897499084,False,space,correct rejection,None,537.6851558685303,text_11,90,5,2back_dual_main_click,2,Druck,35,34,69,120,60,,,,,,,,,,22,03,yes,no,no,2025-07-29_14h42.07.153,EXNAT_4_TMS_Psychopy2024.2.5.psyexp,2024.2.5,2025-07-29 14h46.27.272763 +0200,
0,0,0,0,0,0,0,,,,,,,,,#88BA3F,460.2733678817749,True,space,miss,None,680.2918910980225,text_11,91,5,2back_dual_main_click,2,stark,35,34,69,120,60,,,,,,,,,,22,03,yes,no,no,2025-07-29_14h42.07.153,EXNAT_4_TMS_Psychopy2024.2.5.psyexp,2024.2.5,2025-07-29 14h46.27.272763 +0200,
0,0,0,0,0,0,0,,,,,,,,,#F989A2,460.99019956588745,False,space,correct rejection,None,427.4318218231201,text_11,92,5,2back_dual_main_click,2,verbessert,36,34,70,120,60,461.04545736312866,,,,,,,,,22,03,yes,no,no,2025-07-29_14h42.07.153,EXNAT_4_TMS_Psychopy2024.2.5.psyexp,2024.2.5,2025-07-29 14h46.27.272763 +0200,
0,0,0,0,0,0,0,,,,,,,,,#2AB7EF,461.455215215683,False,space,correct rejection,None,554.3575286865234,text_11,93,5,2back_dual_main_click,2,wurden.,36,34,70,120,60,,,,,,,,,,22,03,yes,no,no,2025-07-29_14h42.07.153,EXNAT_4_TMS_Psychopy2024.2.5.psyexp,2024.2.5,2025-07-29 14h46.27.272763 +0200,
0,0,0,0,0,0,0,,,,,,,,,#D292F3,462.0490810871124,False,space,correct rejection,None,584.6023559570312,text_11,94,5,2back_dual_main_click,2,Sutherland,36,34,70,120,60,,,,,,,,,,22,03,yes,no,no,2025-07-29_14h42.07.153,EXNAT_4_TMS_Psychopy2024.2.5.psyexp,2024.2.5,2025-07-29 14h46.27.272763 +0200,
0,0,0,0,0,0,0,,,,,,,,,#D292F3,462.6727337837219,False,space,correct rejection,None,408.86878967285156,text_11,95,5,2back_dual_main_click,2,"vermutet,",36,34,70,120,60,,,,,,,,,,22,03,yes,no,no,2025-07-29_14h42.07.153,EXNAT_4_TMS_Psychopy2024.2.5.psyexp,2024.2.5,2025-07-29 14h46.27.272763 +0200,
0,0,0,0,0,0,0,,,,,,,,,#88BA3F,463.1196458339691,False,space,correct rejection,None,602.0107269287109,text_11,96,5,2back_dual_main_click,2,dass,36,34,70,120,60,,,,,,,,,,22,03,yes,no,no,2025-07-29_14h42.07.153,EXNAT_4_TMS_Psychopy2024.2.5.psyexp,2024.2.5,2025-07-29 14h46.27.272763 +0200,
0,0,0,0,0,0,0,,,,,,,,,#2AB7EF,463.7588791847229,False,space,correct rejection,None,538.6464595794678,text_11,97,5,2back_dual_main_click,2,Austens,36,34,70,120,60,,,,,,,,,,22,03,yes,no,no,2025-07-29_14h42.07.153,EXNAT_4_TMS_Psychopy2024.2.5.psyexp,2024.2.5,2025-07-29 14h46.27.272763 +0200,
0,0,0,0,0,0,0,,,,,,,,,#2AB7EF,464.33815264701843,False,space,correct rejection,None,423.36320877075195,text_11,98,5,2back_dual_main_click,2,Texte,36,34,70,120,60,,,,,,,,,,22,03,yes,no,no,2025-07-29_14h42.07.153,EXNAT_4_TMS_Psychopy2024.2.5.psyexp,2024.2.5,2025-07-29 14h46.27.272763 +0200,
0,0,0,0,0,0,0,,,,,,,,,#2AB7EF,464.79908204078674,True,space,miss,None,490.4499053955078,text_11,99,5,2back_dual_main_click,2,vor,36,34,70,120,60,,,,,,,,,,22,03,yes,no,no,2025-07-29_14h42.07.153,EXNAT_4_TMS_Psychopy2024.2.5.psyexp,2024.2.5,2025-07-29 14h46.27.272763 +0200,
0,0,0,0,0,0,0,,,,,,,,,#2AB7EF,465.32809925079346,True,space,miss,None,489.4747734069824,text_11,100,5,2back_dual_main_click,2,der,36,34,70,120,60,,,,,,,,,,22,03,yes,no,no,2025-07-29_14h42.07.153,EXNAT_4_TMS_Psychopy2024.2.5.psyexp,2024.2.5,2025-07-29 14h46.27.272763 +0200,
0,0,0,0,0,0,0,,,,,,,,,#88BA3F,465.8592917919159,False,space,correct rejection,None,646.1539268493652,text_11,101,5,2back_dual_main_click,2,Veröffentlichung,36,34,70,120,60,,,,,,,,,,22,03,yes,no,no,2025-07-29_14h42.07.153,EXNAT_4_TMS_Psychopy2024.2.5.psyexp,2024.2.5,2025-07-29 14h46.27.272763 +0200,
0,0,0,0,0,0,0,,,,,,,,,#88BA3F,466.5468587875366,False,space,correct rejection,None,470.71027755737305,text_11,102,5,2back_dual_main_click,2,stark,36,34,70,120,60,,,,,,,,,,22,03,yes,no,no,2025-07-29_14h42.07.153,EXNAT_4_TMS_Psychopy2024.2.5.psyexp,2024.2.5,2025-07-29 14h46.27.272763 +0200,
0,0,0,0,0,0,0,,,,,,,,,#D292F3,467.0572724342346,False,space,correct rejection,None,552.318811416626,text_11,103,5,2back_dual_main_click,2,vom,36,34,70,120,60,,,,,,,,,,22,03,yes,no,no,2025-07-29_14h42.07.153,EXNAT_4_TMS_Psychopy2024.2.5.psyexp,2024.2.5,2025-07-29 14h46.27.272763 +0200,
0,0,0,0,0,0,0,,,,,,,,,#F989A2,467.6501624584198,False,space,correct rejection,None,519.4189548492432,text_11,104,5,2back_dual_main_click,2,Lektor,36,34,70,120,60,,,,,,,,,,22,03,yes,no,no,2025-07-29_14h42.07.153,EXNAT_4_TMS_Psychopy2024.2.5.psyexp,2024.2.5,2025-07-29 14h46.27.272763 +0200,
0,0,0,0,0,0,0,,,,,,,,,#88BA3F,468.2075080871582,False,space,correct rejection,None,634.0806484222412,text_11,105,5,2back_dual_main_click,2,William,36,34,70,120,60,,,,,,,,,,22,03,yes,no,no,2025-07-29_14h42.07.153,EXNAT_4_TMS_Psychopy2024.2.5.psyexp,2024.2.5,2025-07-29 14h46.27.272763 +0200,
0,0,0,0,0,0,0,,,,,,,,,#F989A2,468.8827097415924,True,space,miss,None,407.00793266296387,text_11,106,5,2back_dual_main_click,2,Gifford,36,35,71,120,60,468.9385793209076,,,,,,,,,22,03,yes,no,no,2025-07-29_14h42.07.153,EXNAT_4_TMS_Psychopy2024.2.5.psyexp,2024.2.5,2025-07-29 14h46.27.272763 +0200,
0,0,0,0,0,0,0,,,,,,,,,#D292F3,469.3298215866089,False,space,correct rejection,None,807.8012466430664,text_11,107,5,2back_dual_main_click,2,überarbeitet,36,35,71,120,60,,,,,,,,,,22,03,yes,no,no,2025-07-29_14h42.07.153,EXNAT_4_TMS_Psychopy2024.2.5.psyexp,2024.2.5,2025-07-29 14h46.27.272763 +0200,
0,0,0,0,0,0,0,,,,,,,,,#D292F3,470.17642402648926,False,space,correct rejection,None,777.2562503814697,text_11,108,5,2back_dual_main_click,2,wurden.,36,35,71,120,60,,,,,,,,,,22,03,yes,no,no,2025-07-29_14h42.07.153,EXNAT_4_TMS_Psychopy2024.2.5.psyexp,2024.2.5,2025-07-29 14h46.27.272763 +0200,
0,0,0,0,0,0,0,,,,,,,,,#2AB7EF,470.99526715278625,False,space,correct rejection,None,630.2592754364014,text_11,109,5,2back_dual_main_click,2,Briefe,36,35,71,120,60,,,,,,,,,,22,03,yes,no,no,2025-07-29_14h42.07.153,EXNAT_4_TMS_Psychopy2024.2.5.psyexp,2024.2.5,2025-07-29 14h46.27.272763 +0200,
0,0,0,0,0,0,0,,,,,,,,,#F989A2,471.6664967536926,False,space,correct rejection,None,343.13249588012695,text_11,110,5,2back_dual_main_click,2,zwischen,36,35,71,120,60,,,,,,,,,,22,03,yes,no,no,2025-07-29_14h42.07.153,EXNAT_4_TMS_Psychopy2024.2.5.psyexp,2024.2.5,2025-07-29 14h46.27.272763 +0200,
0,0,0,0,0,0,0,,,,,,,,,#F989A2,472.05072712898254,False,space,correct rejection,None,630.6958198547363,text_11,111,5,2back_dual_main_click,2,Austen,36,35,71,120,60,,,,,,,,,,22,03,yes,no,no,2025-07-29_14h42.07.153,EXNAT_4_TMS_Psychopy2024.2.5.psyexp,2024.2.5,2025-07-29 14h46.27.272763 +0200,
0,0,0,0,0,0,0,,,,,,,,,#F989A2,472.720858335495,True,space,miss,None,456.76326751708984,text_11,112,5,2back_dual_main_click,2,und,36,35,71,120,60,,,,,,,,,,22,03,yes,no,no,2025-07-29_14h42.07.153,EXNAT_4_TMS_Psychopy2024.2.5.psyexp,2024.2.5,2025-07-29 14h46.27.272763 +0200,
0,0,0,0,0,0,0,,,,,,,,,#88BA3F,473.21899819374084,False,space,correct rejection,None,470.7472324371338,text_11,113,5,2back_dual_main_click,2,ihrem,36,35,71,120,60,,,,,,,,,,22,03,yes,no,no,2025-07-29_14h42.07.153,EXNAT_4_TMS_Psychopy2024.2.5.psyexp,2024.2.5,2025-07-29 14h46.27.272763 +0200,
0,0,0,0,0,0,0,,,,,,,,,#D292F3,473.7288796901703,False,space,correct rejection,None,568.6624050140381,text_11,114,5,2back_dual_main_click,2,Verlag,36,35,71,120,60,,,,,,,,,,22,03,yes,no,no,2025-07-29_14h42.07.153,EXNAT_4_TMS_Psychopy2024.2.5.psyexp,2024.2.5,2025-07-29 14h46.27.272763 +0200,
0,0,0,0,0,0,0,,,,,,,,,#88BA3F,474.3383388519287,True,space,miss,None,359.2500686645508,text_11,115,5,2back_dual_main_click,2,sprechen,36,36,72,120,60,474.39587116241455,,,,,,,,,22,03,yes,no,no,2025-07-29_14h42.07.153,EXNAT_4_TMS_Psychopy2024.2.5.psyexp,2024.2.5,2025-07-29 14h46.27.272763 +0200,
0,0,0,0,0,0,0,,,,,,,,,#D292F3,474.73644256591797,True,l,hit,457.25440979003906,745.1138496398926,text_11,116,5,2back_dual_main_click,2,dafür.,36,36,72,120,60,,,,,,,,,,22,03,yes,no,no,2025-07-29_14h42.07.153,EXNAT_4_TMS_Psychopy2024.2.5.psyexp,2024.2.5,2025-07-29 14h46.27.272763 +0200,
0,0,0,0,0,0,0,,,,,,,,,#2AB7EF,475.52022099494934,False,space,correct rejection,None,537.3916625976562,text_11,117,5,2back_dual_main_click,2,Ihr,36,36,72,120,60,,,,,,,,,,22,03,yes,no,no,2025-07-29_14h42.07.153,EXNAT_4_TMS_Psychopy2024.2.5.psyexp,2024.2.5,2025-07-29 14h46.27.272763 +0200,
0,0,0,0,0,0,0,,,,,,,,,#88BA3F,476.096666097641,False,space,correct rejection,None,376.9962787628174,text_11,118,5,2back_dual_main_click,2,Bruder,36,36,72,120,60,,,,,,,,,,22,03,yes,no,no,2025-07-29_14h42.07.153,EXNAT_4_TMS_Psychopy2024.2.5.psyexp,2024.2.5,2025-07-29 14h46.27.272763 +0200,
0,0,0,0,0,0,0,,,,,,,,,#88BA3F,476.5097453594208,False,space,correct rejection,None,731.9226264953613,text_11,119,5,2back_dual_main_click,2,meinte,36,36,72,120,60,,,,,,,,,,22,03,yes,no,no,2025-07-29_14h42.07.153,EXNAT_4_TMS_Psychopy2024.2.5.psyexp,2024.2.5,2025-07-29 14h46.27.272763 +0200,
0,0,0,0,0,0,0,,,,,,,,,#2AB7EF,477.2831988334656,False,space,correct rejection,None,646.559476852417,text_11,120,5,2back_dual_main_click,2,"zwar,",36,36,72,120,60,,,,,,,,,,22,03,yes,no,no,2025-07-29_14h42.07.153,EXNAT_4_TMS_Psychopy2024.2.5.psyexp,2024.2.5,2025-07-29 14h46.27.272763 +0200,
0,0,0,0,0,0,0,,,,,,,,,#2AB7EF,477.9700005054474,False,space,correct rejection,None,519.5930004119873,text_11,121,5,2back_dual_main_click,2,dass,36,36,72,120,60,,,,,,,,,,22,03,yes,no,no,2025-07-29_14h42.07.153,EXNAT_4_TMS_Psychopy2024.2.5.psyexp,2024.2.5,2025-07-29 14h46.27.272763 +0200,
0,0,0,0,0,0,0,,,,,,,,,#88BA3F,478.5282413959503,False,space,correct rejection,None,617.098331451416,text_11,122,5,2back_dual_main_click,2,ihre,36,36,72,120,60,,,,,,,,,,22,03,yes,no,no,2025-07-29_14h42.07.153,EXNAT_4_TMS_Psychopy2024.2.5.psyexp,2024.2.5,2025-07-29 14h46.27.272763 +0200,
0,0,0,0,0,0,0,,,,,,,,,#2AB7EF,479.18412590026855,True,space,miss,None,425.4796504974365,text_11,123,5,2back_dual_main_click,2,Texte,36,37,73,120,60,479.39585161209106,,,,,,,,,22,03,yes,no,no,2025-07-29_14h42.07.153,EXNAT_4_TMS_Psychopy2024.2.5.psyexp,2024.2.5,2025-07-29 14h46.27.272763 +0200,
0,0,0,0,0,0,0,,,,,,,,,#2AB7EF,479.6509802341461,False,space,correct rejection,None,726.7956733703613,text_11,124,5,2back_dual_main_click,2,sofort,36,37,73,120,60,,,,,,,,,,22,03,yes,no,no,2025-07-29_14h42.07.153,EXNAT_4_TMS_Psychopy2024.2.5.psyexp,2024.2.5,2025-07-29 14h46.27.272763 +0200,
0,0,0,0,0,0,0,,,,,,,,,#D292F3,480.4202847480774,False,space,correct rejection,None,709.3961238861084,text_11,125,5,2back_dual_main_click,2,""vollendet"",36,37,73,120,60,,,,,,,,,,22,03,yes,no,no,2025-07-29_14h42.07.153,EXNAT_4_TMS_Psychopy2024.2.5.psyexp,2024.2.5,2025-07-29 14h46.27.272763 +0200,
0,0,0,0,0,0,0,,,,,,,,,#F989A2,481.17067646980286,False,space,correct rejection,None,775.0070095062256,text_11,126,5,2back_dual_main_click,2,waren.,36,37,73,120,60,,,,,,,,,,22,03,yes,no,no,2025-07-29_14h42.07.153,EXNAT_4_TMS_Psychopy2024.2.5.psyexp,2024.2.5,2025-07-29 14h46.27.272763 +0200,
0,0,0,0,0,0,0,,,,,,,,,#D292F3,481.9865837097168,True,space,miss,None,519.1066265106201,text_11,127,5,2back_dual_main_click,2,Heute,36,37,73,120,60,,,,,,,,,,22,03,yes,no,no,2025-07-29_14h42.07.153,EXNAT_4_TMS_Psychopy2024.2.5.psyexp,2024.2.5,2025-07-29 14h46.27.272763 +0200,
0,0,0,0,0,0,0,,,,,,,,,#F989A2,482.5463831424713,True,l,hit,407.2682857513428,727.1378040313721,text_11,128,5,2back_dual_main_click,2,weiß,36,37,73,120,60,,,,,,,,,,22,03,yes,no,no,2025-07-29_14h42.07.153,EXNAT_4_TMS_Psychopy2024.2.5.psyexp,2024.2.5,2025-07-29 14h46.27.272763 +0200,
0,0,0,0,0,0,0,,,,,,,,,#88BA3F,483.31570649147034,False,space,correct rejection,None,565.9646987915039,text_11,129,5,2back_dual_main_click,2,"man,",36,37,73,120,60,,,,,,,,,,22,03,yes,no,no,2025-07-29_14h42.07.153,EXNAT_4_TMS_Psychopy2024.2.5.psyexp,2024.2.5,2025-07-29 14h46.27.272763 +0200,
0,0,0,0,0,0,0,,,,,,,,,#88BA3F,483.92322850227356,False,space,correct rejection,None,374.4633197784424,text_11,130,5,2back_dual_main_click,2,dass,36,37,73,120,60,,,,,,,,,,22,03,yes,no,no,2025-07-29_14h42.07.153,EXNAT_4_TMS_Psychopy2024.2.5.psyexp,2024.2.5,2025-07-29 14h46.27.272763 +0200,
0,0,0,0,0,0,0,,,,,,,,,#D292F3,484.33668518066406,False,space,correct rejection,None,664.9155616760254,text_11,131,5,2back_dual_main_click,2,Austen,37,37,74,120,60,484.3958384990692,,,,,,,,,22,03,yes,no,no,2025-07-29_14h42.07.153,EXNAT_4_TMS_Psychopy2024.2.5.psyexp,2024.2.5,2025-07-29 14h46.27.272763 +0200,
0,0,0,0,0,0,0,,,,,,,,,#F989A2,485.0417947769165,False,space,correct rejection,None,583.8322639465332,text_11,132,5,2back_dual_main_click,2,zwar,37,37,74,120,60,,,,,,,,,,22,03,yes,no,no,2025-07-29_14h42.07.153,EXNAT_4_TMS_Psychopy2024.2.5.psyexp,2024.2.5,2025-07-29 14h46.27.272763 +0200,
0,0,0,0,0,0,0,,,,,,,,,#2AB7EF,485.66806530952454,False,space,correct rejection,None,565.4850006103516,text_11,133,5,2back_dual_main_click,2,talentiert,37,37,74,120,60,,,,,,,,,,22,03,yes,no,no,2025-07-29_14h42.07.153,EXNAT_4_TMS_Psychopy2024.2.5.psyexp,2024.2.5,2025-07-29 14h46.27.272763 +0200,
0,0,0,0,0,0,0,,,,,,,,,#F989A2,486.27374958992004,True,space,miss,None,679.8033714294434,text_11,134,5,2back_dual_main_click,2,"war,",37,37,74,120,60,,,,,,,,,,22,03,yes,no,no,2025-07-29_14h42.07.153,EXNAT_4_TMS_Psychopy2024.2.5.psyexp,2024.2.5,2025-07-29 14h46.27.272763 +0200,
0,0,0,0,0,0,0,,,,,,,,,#88BA3F,486.9926292896271,False,space,correct rejection,None,488.9049530029297,text_11,135,5,2back_dual_main_click,2,aber,37,37,74,120,60,,,,,,,,,,22,03,yes,no,no,2025-07-29_14h42.07.153,EXNAT_4_TMS_Psychopy2024.2.5.psyexp,2024.2.5,2025-07-29 14h46.27.272763 +0200,
0,0,0,0,0,0,0,,,,,,,,,#D292F3,487.519761800766,False,space,correct rejection,None,585.8564376831055,text_11,136,5,2back_dual_main_click,2,auch,37,37,74,120,60,,,,,,,,,,22,03,yes,no,no,2025-07-29_14h42.07.153,EXNAT_4_TMS_Psychopy2024.2.5.psyexp,2024.2.5,2025-07-29 14h46.27.272763 +0200,
0,0,0,0,0,0,0,,,,,,,,,#D292F3,488.14474058151245,False,space,correct rejection,None,552.7875423431396,text_11,137,5,2back_dual_main_click,2,Hilfe,37,37,74,120,60,,,,,,,,,,22,03,yes,no,no,2025-07-29_14h42.07.153,EXNAT_4_TMS_Psychopy2024.2.5.psyexp,2024.2.5,2025-07-29 14h46.27.272763 +0200,
0,0,0,0,0,0,0,,,,,,,,,#88BA3F,488.7369146347046,False,space,correct rejection,None,696.6958045959473,text_11,138,5,2back_dual_main_click,2,bekam.,38,37,75,120,60,489.39590430259705,,,,,,,,,22,03,yes,no,no,2025-07-29_14h42.07.153,EXNAT_4_TMS_Psychopy2024.2.5.psyexp,2024.2.5,2025-07-29 14h46.27.272763 +0200,
0,0,0,0,0,0,0,,,,,,,,,#F989A2,489.4721758365631,False,space,correct rejection,None,521.4273929595947,text_11,139,5,2back_dual_main_click,2,Ihre,38,37,75,120,60,,,,,,,,,,22,03,yes,no,no,2025-07-29_14h42.07.153,EXNAT_4_TMS_Psychopy2024.2.5.psyexp,2024.2.5,2025-07-29 14h46.27.272763 +0200,
0,0,0,0,0,0,0,,,,,,,,,#F989A2,490.03402304649353,False,space,correct rejection,None,471.65513038635254,text_11,140,5,2back_dual_main_click,2,Geschichte,38,37,75,120,60,,,,,,,,,,22,03,yes,no,no,2025-07-29_14h42.07.153,EXNAT_4_TMS_Psychopy2024.2.5.psyexp,2024.2.5,2025-07-29 14h46.27.272763 +0200,
0,0,0,0,0,0,0,,,,,,,,,#2AB7EF,490.5457935333252,False,space,correct rejection,None,535.9287261962891,text_11,141,5,2back_dual_main_click,2,"zeigt,",38,37,75,120,60,,,,,,,,,,22,03,yes,no,no,2025-07-29_14h42.07.153,EXNAT_4_TMS_Psychopy2024.2.5.psyexp,2024.2.5,2025-07-29 14h46.27.272763 +0200,
0,0,0,0,0,0,0,,,,,,,,,#D292F3,491.120320558548,False,space,correct rejection,None,729.2702198028564,text_11,142,5,2back_dual_main_click,2,wie,38,37,75,120,60,,,,,,,,,,22,03,yes,no,no,2025-07-29_14h42.07.153,EXNAT_4_TMS_Psychopy2024.2.5.psyexp,2024.2.5,2025-07-29 14h46.27.272763 +0200,
0,0,0,0,0,0,0,,,,,,,,,#88BA3F,491.88868260383606,False,space,correct rejection,None,504.9431324005127,text_11,143,5,2back_dual_main_click,2,wichtig,38,37,75,120,60,,,,,,,,,,22,03,yes,no,no,2025-07-29_14h42.07.153,EXNAT_4_TMS_Psychopy2024.2.5.psyexp,2024.2.5,2025-07-29 14h46.27.272763 +0200,
0,0,0,0,0,0,0,,,,,,,,,#2AB7EF,492.4342761039734,False,space,correct rejection,None,679.3439388275146,text_11,144,5,2back_dual_main_click,2,Überarbeitung,38,37,75,120,60,,,,,,,,,,22,03,yes,no,no,2025-07-29_14h42.07.153,EXNAT_4_TMS_Psychopy2024.2.5.psyexp,2024.2.5,2025-07-29 14h46.27.272763 +0200,
0,0,0,0,0,0,0,,,,,,,,,#D292F3,493.15414667129517,False,space,correct rejection,None,599.5123386383057,text_11,145,5,2back_dual_main_click,2,und,38,37,75,120,60,,,,,,,,,,22,03,yes,no,no,2025-07-29_14h42.07.153,EXNAT_4_TMS_Psychopy2024.2.5.psyexp,2024.2.5,2025-07-29 14h46.27.272763 +0200,
0,0,0,0,0,0,0,,,,,,,,,#F989A2,493.79396867752075,False,space,correct rejection,None,519.7539329528809,text_11,146,5,2back_dual_main_click,2,gute,38,37,75,120,60,,,,,,,,,,22,03,yes,no,no,2025-07-29_14h42.07.153,EXNAT_4_TMS_Psychopy2024.2.5.psyexp,2024.2.5,2025-07-29 14h46.27.272763 +0200,
0,0,0,0,0,0,0,,,,,,,,,#D292F3,494.35512375831604,True,space,miss,None,518.5134410858154,text_11,147,5,2back_dual_main_click,2,Unterstützung,38,38,76,120,60,494.4081678390503,,,,,,,,,22,03,yes,no,no,2025-07-29_14h42.07.153,EXNAT_4_TMS_Psychopy2024.2.5.psyexp,2024.2.5,2025-07-29 14h46.27.272763 +0200,
0,0,0,0,0,0,0,,,,,,,,,#F989A2,494.91365814208984,True,space,miss,None,456.07781410217285,text_11,148,5,2back_dual_main_click,2,beim,38,38,76,120,60,,,,,,,,,,22,03,yes,no,no,2025-07-29_14h42.07.153,EXNAT_4_TMS_Psychopy2024.2.5.psyexp,2024.2.5,2025-07-29 14h46.27.272763 +0200,
0,0,0,0,0,0,0,,,,,,,,,#2AB7EF,495.41073393821716,False,space,correct rejection,None,391.05939865112305,text_11,149,5,2back_dual_main_click,2,Schreiben,38,38,76,120,60,,,,,,,,,,22,03,yes,no,no,2025-07-29_14h42.07.153,EXNAT_4_TMS_Psychopy2024.2.5.psyexp,2024.2.5,2025-07-29 14h46.27.272763 +0200,
0,0,0,0,0,0,0,,,,,,,,,#2AB7EF,495.8425991535187,False,space,correct rejection,None,534.9793434143066,text_11,150,5,2back_dual_main_click,2,sind.,38,38,76,120,60,,,,,,,,,,22,03,yes,no,no,2025-07-29_14h42.07.153,EXNAT_4_TMS_Psychopy2024.2.5.psyexp,2024.2.5,2025-07-29 14h46.27.272763 +0200,
0,0,0,0,0,0,0,,,,,,,,,,496.432585477829,,3,,,,text_11,,5,2back_dual_main_click,,,,,,,,,Q1,c,True,,,,,,22,03,yes,no,no,2025-07-29_14h42.07.153,EXNAT_4_TMS_Psychopy2024.2.5.psyexp,2024.2.5,2025-07-29 14h46.27.272763 +0200,
0,0,0,0,0,0,0,,,,,,,,,,502.36901116371155,,1,,,,text_11,,5,2back_dual_main_click,,,,,,,,,Q2,a,True,,,,,,22,03,yes,no,no,2025-07-29_14h42.07.153,EXNAT_4_TMS_Psychopy2024.2.5.psyexp,2024.2.5,2025-07-29 14h46.27.272763 +0200,
0,0,0,0,0,0,0,,,,,,,,,,507.281697511673,,2,,,,text_11,,5,2back_dual_main_click,,,,,,,,,Q3,b,True,,,,,,22,03,yes,no,no,2025-07-29_14h42.07.153,EXNAT_4_TMS_Psychopy2024.2.5.psyexp,2024.2.5,2025-07-29 14h46.27.272763 +0200,
0,0,0,0,0,0,0,,,,,,,,,#D292F3,513.0744457244873,False,space,correct rejection,None,503.223180770874,text_14,1,6,2back_dual_main_click,2,"Berlin,",38,38,76,120,60,,,,,,,,,,22,03,yes,no,no,2025-07-29_14h42.07.153,EXNAT_4_TMS_Psychopy2024.2.5.psyexp,2024.2.5,2025-07-29 14h46.27.272763 +0200,
0,0,0,0,0,0,0,,,,,,,,,#F989A2,513.6093418598175,False,space,correct rejection,None,416.1825180053711,text_14,2,6,2back_dual_main_click,2,"windig,",39,38,77,120,60,513.6669623851776,,,,,,,,,22,03,yes,no,no,2025-07-29_14h42.07.153,EXNAT_4_TMS_Psychopy2024.2.5.psyexp,2024.2.5,2025-07-29 14h46.27.272763 +0200,
0,0,0,0,0,0,0,,,,,,,,,#D292F3,514.0617215633392,True,l,hit,539.9322509765625,795.9017753601074,text_14,3,6,2back_dual_main_click,2,zehn,39,38,77,120,60,,,,,,,,,,22,03,yes,no,no,2025-07-29_14h42.07.153,EXNAT_4_TMS_Psychopy2024.2.5.psyexp,2024.2.5,2025-07-29 14h46.27.272763 +0200,
0,0,0,0,0,0,0,,,,,,,,,#2AB7EF,514.8970673084259,False,space,correct rejection,None,584.4521522521973,text_14,4,6,2back_dual_main_click,2,Grad.,39,38,77,120,60,,,,,,,,,,22,03,yes,no,no,2025-07-29_14h42.07.153,EXNAT_4_TMS_Psychopy2024.2.5.psyexp,2024.2.5,2025-07-29 14h46.27.272763 +0200,
0,0,0,0,0,0,0,,,,,,,,,#F989A2,515.5208168029785,False,space,correct rejection,None,552.8368949890137,text_14,5,6,2back_dual_main_click,2,Florence,39,38,77,120,60,,,,,,,,,,22,03,yes,no,no,2025-07-29_14h42.07.153,EXNAT_4_TMS_Psychopy2024.2.5.psyexp,2024.2.5,2025-07-29 14h46.27.272763 +0200,
0,0,0,0,0,0,0,,,,,,,,,#F989A2,516.112752199173,False,space,correct rejection,None,680.9713840484619,text_14,6,6,2back_dual_main_click,2,Welch,39,38,77,120,60,,,,,,,,,,22,03,yes,no,no,2025-07-29_14h42.07.153,EXNAT_4_TMS_Psychopy2024.2.5.psyexp,2024.2.5,2025-07-29 14h46.27.272763 +0200,
0,0,0,0,0,0,0,,,,,,,,,#D292F3,516.8335473537445,False,space,correct rejection,None,568.15505027771,text_14,7,6,2back_dual_main_click,2,gibt,39,38,77,120,60,,,,,,,,,,22,03,yes,no,no,2025-07-29_14h42.07.153,EXNAT_4_TMS_Psychopy2024.2.5.psyexp,2024.2.5,2025-07-29 14h46.27.272763 +0200,
0,0,0,0,0,0,0,,,,,,,,,#88BA3F,517.4443123340607,False,space,correct rejection,None,661.4081859588623,text_14,8,6,2back_dual_main_click,2,auf,39,38,77,120,60,,,,,,,,,,22,03,yes,no,no,2025-07-29_14h42.07.153,EXNAT_4_TMS_Psychopy2024.2.5.psyexp,2024.2.5,2025-07-29 14h46.27.272763 +0200,
0,0,0,0,0,0,0,,,,,,,,,#88BA3F,518.1449167728424,False,space,correct rejection,None,488.6288642883301,text_14,9,6,2back_dual_main_click,2,einer,39,38,77,120,60,,,,,,,,,,22,03,yes,no,no,2025-07-29_14h42.07.153,EXNAT_4_TMS_Psychopy2024.2.5.psyexp,2024.2.5,2025-07-29 14h46.27.272763 +0200,
0,0,0,0,0,0,0,,,,,,,,,#2AB7EF,518.6729545593262,False,space,correct rejection,None,504.69422340393066,text_14,10,6,2back_dual_main_click,2,Dachterrasse,39,38,77,120,60,,,,,,,,,,22,03,yes,no,no,2025-07-29_14h42.07.153,EXNAT_4_TMS_Psychopy2024.2.5.psyexp,2024.2.5,2025-07-29 14h46.27.272763 +0200,
0,0,0,0,0,0,0,,,,,,,,,#88BA3F,519.2183184623718,True,space,miss,None,455.31249046325684,text_14,11,6,2back_dual_main_click,2,ein,39,38,77,120,60,,,,,,,,,,22,03,yes,no,no,2025-07-29_14h42.07.153,EXNAT_4_TMS_Psychopy2024.2.5.psyexp,2024.2.5,2025-07-29 14h46.27.272763 +0200,
0,0,0,0,0,0,0,,,,,,,,,#2AB7EF,519.7121453285217,True,space,miss,None,409.41381454467773,text_14,12,6,2back_dual_main_click,2,exklusives,39,39,78,120,60,519.7788107395172,,,,,,,,,22,03,yes,no,no,2025-07-29_14h42.07.153,EXNAT_4_TMS_Psychopy2024.2.5.psyexp,2024.2.5,2025-07-29 14h46.27.272763 +0200,
0,0,0,0,0,0,0,,,,,,,,,#88BA3F,520.1587560176849,True,l,hit,426.91779136657715,682.814359664917,text_14,13,6,2back_dual_main_click,2,"Konzert,",39,39,78,120,60,,,,,,,,,,22,03,yes,no,no,2025-07-29_14h42.07.153,EXNAT_4_TMS_Psychopy2024.2.5.psyexp,2024.2.5,2025-07-29 14h46.27.272763 +0200,
0,0,0,0,0,0,0,,,,,,,,,#D292F3,520.8812816143036,False,space,correct rejection,None,568.3610439300537,text_14,14,6,2back_dual_main_click,2,später,39,39,78,120,60,,,,,,,,,,22,03,yes,no,no,2025-07-29_14h42.07.153,EXNAT_4_TMS_Psychopy2024.2.5.psyexp,2024.2.5,2025-07-29 14h46.27.272763 +0200,
0,0,0,0,0,0,0,,,,,,,,,#2AB7EF,521.487375497818,False,space,correct rejection,None,394.2227363586426,text_14,15,6,2back_dual_main_click,2,sitzt,39,39,78,120,60,,,,,,,,,,22,03,yes,no,no,2025-07-29_14h42.07.153,EXNAT_4_TMS_Psychopy2024.2.5.psyexp,2024.2.5,2025-07-29 14h46.27.272763 +0200,
0,0,0,0,0,0,0,,,,,,,,,#D292F3,521.9219467639923,True,l,hit,407.5913429260254,663.555383682251,text_14,16,6,2back_dual_main_click,2,sie,39,39,78,120,60,,,,,,,,,,22,03,yes,no,no,2025-07-29_14h42.07.153,EXNAT_4_TMS_Psychopy2024.2.5.psyexp,2024.2.5,2025-07-29 14h46.27.272763 +0200,
0,0,0,0,0,0,0,,,,,,,,,#88BA3F,522.626811504364,False,space,correct rejection,None,550.8701801300049,text_14,17,6,2back_dual_main_click,2,beim,39,39,78,120,60,,,,,,,,,,22,03,yes,no,no,2025-07-29_14h42.07.153,EXNAT_4_TMS_Psychopy2024.2.5.psyexp,2024.2.5,2025-07-29 14h46.27.272763 +0200,
0,0,0,0,0,0,0,,,,,,,,,#D292F3,523.2176294326782,True,space,miss,None,728.114128112793,text_14,18,6,2back_dual_main_click,2,Interview.,39,39,78,120,60,,,,,,,,,,22,03,yes,no,no,2025-07-29_14h42.07.153,EXNAT_4_TMS_Psychopy2024.2.5.psyexp,2024.2.5,2025-07-29 14h46.27.272763 +0200,
0,0,0,0,0,0,0,,,,,,,,,#2AB7EF,523.986489534378,False,space,correct rejection,None,343.25647354125977,text_14,19,6,2back_dual_main_click,2,Seit,39,39,78,120,60,,,,,,,,,,22,03,yes,no,no,2025-07-29_14h42.07.153,EXNAT_4_TMS_Psychopy2024.2.5.psyexp,2024.2.5,2025-07-29 14h46.27.272763 +0200,
0,0,0,0,0,0,0,,,,,,,,,#F989A2,524.371054649353,False,space,correct rejection,None,550.4953861236572,text_14,20,6,2back_dual_main_click,2,2009,40,39,79,120,60,524.7788455486298,,,,,,,,,22,03,yes,no,no,2025-07-29_14h42.07.153,EXNAT_4_TMS_Psychopy2024.2.5.psyexp,2024.2.5,2025-07-29 14h46.27.272763 +0200,
0,0,0,0,0,0,0,,,,,,,,,#F989A2,524.9613707065582,False,space,correct rejection,None,456.20274543762207,text_14,21,6,2back_dual_main_click,2,ist,40,39,79,120,60,,,,,,,,,,22,03,yes,no,no,2025-07-29_14h42.07.153,EXNAT_4_TMS_Psychopy2024.2.5.psyexp,2024.2.5,2025-07-29 14h46.27.272763 +0200,
0,0,0,0,0,0,0,,,,,,,,,#2AB7EF,525.4561626911163,False,space,correct rejection,None,505.5384635925293,text_14,22,6,2back_dual_main_click,2,die,40,39,79,120,60,,,,,,,,,,22,03,yes,no,no,2025-07-29_14h42.07.153,EXNAT_4_TMS_Psychopy2024.2.5.psyexp,2024.2.5,2025-07-29 14h46.27.272763 +0200,
0,0,0,0,0,0,0,,,,,,,,,#88BA3F,526.000349521637,False,space,correct rejection,None,537.053108215332,text_14,23,6,2back_dual_main_click,2,Londonerin,40,39,79,120,60,,,,,,,,,,22,03,yes,no,no,2025-07-29_14h42.07.153,EXNAT_4_TMS_Psychopy2024.2.5.psyexp,2024.2.5,2025-07-29 14h46.27.272763 +0200,
0,0,0,0,0,0,0,,,,,,,,,#F989A2,526.576553106308,False,space,correct rejection,None,617.0773506164551,text_14,24,6,2back_dual_main_click,2,unter,40,39,79,120,60,,,,,,,,,,22,03,yes,no,no,2025-07-29_14h42.07.153,EXNAT_4_TMS_Psychopy2024.2.5.psyexp,2024.2.5,2025-07-29 14h46.27.272763 +0200,
0,0,0,0,0,0,0,,,,,,,,,#F989A2,527.2343859672546,False,space,correct rejection,None,375.23412704467773,text_14,25,6,2back_dual_main_click,2,dem,40,39,79,120,60,,,,,,,,,,22,03,yes,no,no,2025-07-29_14h42.07.153,EXNAT_4_TMS_Psychopy2024.2.5.psyexp,2024.2.5,2025-07-29 14h46.27.272763 +0200,
0,0,0,0,0,0,0,,,,,,,,,#D292F3,527.6486921310425,False,space,correct rejection,None,584.8696231842041,text_14,26,6,2back_dual_main_click,2,Namen,40,39,79,120,60,,,,,,,,,,22,03,yes,no,no,2025-07-29_14h42.07.153,EXNAT_4_TMS_Psychopy2024.2.5.psyexp,2024.2.5,2025-07-29 14h46.27.272763 +0200,
0,0,0,0,0,0,0,,,,,,,,,#2AB7EF,528.2748811244965,False,space,correct rejection,None,502.7139186859131,text_14,27,6,2back_dual_main_click,2,""Florence,40,39,79,120,60,,,,,,,,,,22,03,yes,no,no,2025-07-29_14h42.07.153,EXNAT_4_TMS_Psychopy2024.2.5.psyexp,2024.2.5,2025-07-29 14h46.27.272763 +0200,
0,0,0,0,0,0,0,,,,,,,,,#88BA3F,528.8172118663788,False,space,correct rejection,None,520.4422473907471,text_14,28,6,2back_dual_main_click,2,and,40,39,79,120,60,,,,,,,,,,22,03,yes,no,no,2025-07-29_14h42.07.153,EXNAT_4_TMS_Psychopy2024.2.5.psyexp,2024.2.5,2025-07-29 14h46.27.272763 +0200,
0,0,0,0,0,0,0,,,,,,,,,#F989A2,529.3784830570221,False,space,correct rejection,None,390.9721374511719,text_14,29,6,2back_dual_main_click,2,The,40,39,79,120,60,,,,,,,,,,22,03,yes,no,no,2025-07-29_14h42.07.153,EXNAT_4_TMS_Psychopy2024.2.5.psyexp,2024.2.5,2025-07-29 14h46.27.272763 +0200,
0,0,0,0,0,0,0,,,,,,,,,#88BA3F,529.8103795051575,True,space,miss,None,487.1678352355957,text_14,30,6,2back_dual_main_click,2,Machine"",40,39,79,120,60,,,,,,,,,,22,03,yes,no,no,2025-07-29_14h42.07.153,EXNAT_4_TMS_Psychopy2024.2.5.psyexp,2024.2.5,2025-07-29 14h46.27.272763 +0200,
0,0,0,0,0,0,0,,,,,,,,,#2AB7EF,530.3363907337189,False,space,correct rejection,None,505.28740882873535,text_14,31,6,2back_dual_main_click,2,international,41,39,80,120,60,530.4008591175079,,,,,,,,,22,03,yes,no,no,2025-07-29_14h42.07.153,EXNAT_4_TMS_Psychopy2024.2.5.psyexp,2024.2.5,2025-07-29 14h46.27.272763 +0200,
0,0,0,0,0,0,0,,,,,,,,,#88BA3F,530.8828792572021,True,space,miss,None,630.7737827301025,text_14,32,6,2back_dual_main_click,2,bekannt.,41,39,80,120,60,,,,,,,,,,22,03,yes,no,no,2025-07-29_14h42.07.153,EXNAT_4_TMS_Psychopy2024.2.5.psyexp,2024.2.5,2025-07-29 14h46.27.272763 +0200,
0,0,0,0,0,0,0,,,,,,,,,#D292F3,531.553676366806,False,space,correct rejection,None,568.0944919586182,text_14,33,6,2back_dual_main_click,2,""The,41,39,80,120,60,,,,,,,,,,22,03,yes,no,no,2025-07-29_14h42.07.153,EXNAT_4_TMS_Psychopy2024.2.5.psyexp,2024.2.5,2025-07-29 14h46.27.272763 +0200,
0,0,0,0,0,0,0,,,,,,,,,#D292F3,532.1623892784119,False,space,correct rejection,None,471.2636470794678,text_14,34,6,2back_dual_main_click,2,Machine"",41,39,80,120,60,,,,,,,,,,22,03,yes,no,no,2025-07-29_14h42.07.153,EXNAT_4_TMS_Psychopy2024.2.5.psyexp,2024.2.5,2025-07-29 14h46.27.272763 +0200,
0,0,0,0,0,0,0,,,,,,,,,#F989A2,532.6721959114075,False,space,correct rejection,None,553.4312725067139,text_14,35,6,2back_dual_main_click,2,bezeichnet,41,39,80,120,60,,,,,,,,,,22,03,yes,no,no,2025-07-29_14h42.07.153,EXNAT_4_TMS_Psychopy2024.2.5.psyexp,2024.2.5,2025-07-29 14h46.27.272763 +0200,
0,0,0,0,0,0,0,,,,,,,,,#2AB7EF,533.2644443511963,False,space,correct rejection,None,489.14504051208496,text_14,36,6,2back_dual_main_click,2,dabei,41,39,80,120,60,,,,,,,,,,22,03,yes,no,no,2025-07-29_14h42.07.153,EXNAT_4_TMS_Psychopy2024.2.5.psyexp,2024.2.5,2025-07-29 14h46.27.272763 +0200,
0,0,0,0,0,0,0,,,,,,,,,#F989A2,533.7911505699158,True,l,hit,378.5057067871094,634.2940330505371,text_14,37,6,2back_dual_main_click,2,keine,41,39,80,120,60,,,,,,,,,,22,03,yes,no,no,2025-07-29_14h42.07.153,EXNAT_4_TMS_Psychopy2024.2.5.psyexp,2024.2.5,2025-07-29 14h46.27.272763 +0200,
0,0,0,0,0,0,0,,,,,,,,,#2AB7EF,534.4636549949646,True,space,miss,None,505.997896194458,text_14,38,6,2back_dual_main_click,2,feste,41,39,80,120,60,,,,,,,,,,22,03,yes,no,no,2025-07-29_14h42.07.153,EXNAT_4_TMS_Psychopy2024.2.5.psyexp,2024.2.5,2025-07-29 14h46.27.272763 +0200,
0,0,0,0,0,0,0,,,,,,,,,#D292F3,535.0098118782043,False,space,correct rejection,None,567.8627490997314,text_14,39,6,2back_dual_main_click,2,"Band,",41,39,80,120,60,,,,,,,,,,22,03,yes,no,no,2025-07-29_14h42.07.153,EXNAT_4_TMS_Psychopy2024.2.5.psyexp,2024.2.5,2025-07-29 14h46.27.272763 +0200,
0,0,0,0,0,0,0,,,,,,,,,#F989A2,535.6176066398621,False,space,correct rejection,None,487.994909286499,text_14,40,6,2back_dual_main_click,2,sondern,41,39,80,120,60,,,,,,,,,,22,03,yes,no,no,2025-07-29_14h42.07.153,EXNAT_4_TMS_Psychopy2024.2.5.psyexp,2024.2.5,2025-07-29 14h46.27.272763 +0200,
0,0,0,0,0,0,0,,,,,,,,,#88BA3F,536.1441848278046,False,space,correct rejection,None,569.4115161895752,text_14,41,6,2back_dual_main_click,2,wechselnde,41,39,80,120,60,,,,,,,,,,22,03,yes,no,no,2025-07-29_14h42.07.153,EXNAT_4_TMS_Psychopy2024.2.5.psyexp,2024.2.5,2025-07-29 14h46.27.272763 +0200,
0,0,0,0,0,0,0,,,,,,,,,#88BA3F,536.7550494670868,False,space,correct rejection,None,534.5728397369385,text_14,42,6,2back_dual_main_click,2,musikalische,41,39,80,120,60,,,,,,,,,,22,03,yes,no,no,2025-07-29_14h42.07.153,EXNAT_4_TMS_Psychopy2024.2.5.psyexp,2024.2.5,2025-07-29 14h46.27.272763 +0200,
0,0,0,0,0,0,0,,,,,,,,,#88BA3F,537.3308231830597,True,l,hit,454.8611640930176,742.7074909210205,text_14,43,6,2back_dual_main_click,2,Begleiter.,41,40,81,120,60,537.3844213485718,,,,,,,,,22,03,yes,no,no,2025-07-29_14h42.07.153,EXNAT_4_TMS_Psychopy2024.2.5.psyexp,2024.2.5,2025-07-29 14h46.27.272763 +0200,
0,0,0,0,0,0,0,,,,,,,,,#2AB7EF,538.1141793727875,False,space,correct rejection,None,535.4740619659424,text_14,44,6,2back_dual_main_click,2,Ihr,41,40,81,120,60,,,,,,,,,,22,03,yes,no,no,2025-07-29_14h42.07.153,EXNAT_4_TMS_Psychopy2024.2.5.psyexp,2024.2.5,2025-07-29 14h46.27.272763 +0200,
0,0,0,0,0,0,0,,,,,,,,,#D292F3,538.6884787082672,False,space,correct rejection,None,377.21800804138184,text_14,45,6,2back_dual_main_click,2,Debütalbum,41,40,81,120,60,,,,,,,,,,22,03,yes,no,no,2025-07-29_14h42.07.153,EXNAT_4_TMS_Psychopy2024.2.5.psyexp,2024.2.5,2025-07-29 14h46.27.272763 +0200,
0,0,0,0,0,0,0,,,,,,,,,#F989A2,539.1053004264832,False,space,correct rejection,None,616.2950992584229,text_14,46,6,2back_dual_main_click,2,""Lungs"",41,40,81,120,60,,,,,,,,,,22,03,yes,no,no,2025-07-29_14h42.07.153,EXNAT_4_TMS_Psychopy2024.2.5.psyexp,2024.2.5,2025-07-29 14h46.27.272763 +0200,
0,0,0,0,0,0,0,,,,,,,,,#2AB7EF,539.7620363235474,False,space,correct rejection,None,647.5780010223389,text_14,47,6,2back_dual_main_click,2,erreichte,41,40,81,120,60,,,,,,,,,,22,03,yes,no,no,2025-07-29_14h42.07.153,EXNAT_4_TMS_Psychopy2024.2.5.psyexp,2024.2.5,2025-07-29 14h46.27.272763 +0200,
0,0,0,0,0,0,0,,,,,,,,,#D292F3,540.4502937793732,False,space,correct rejection,None,423.3858585357666,text_14,48,6,2back_dual_main_click,2,Platz,41,40,81,120,60,,,,,,,,,,22,03,yes,no,no,2025-07-29_14h42.07.153,EXNAT_4_TMS_Psychopy2024.2.5.psyexp,2024.2.5,2025-07-29 14h46.27.272763 +0200,
0,0,0,0,0,0,0,,,,,,,,,#F989A2,540.9110970497131,False,space,correct rejection,None,554.5008182525635,text_14,49,6,2back_dual_main_click,2,eins,41,40,81,120,60,,,,,,,,,,22,03,yes,no,no,2025-07-29_14h42.07.153,EXNAT_4_TMS_Psychopy2024.2.5.psyexp,2024.2.5,2025-07-29 14h46.27.272763 +0200,
0,0,0,0,0,0,0,,,,,,,,,#D292F3,541.5046718120575,True,space,miss,None,520.9894180297852,text_14,50,6,2back_dual_main_click,2,der,41,40,81,120,60,,,,,,,,,,22,03,yes,no,no,2025-07-29_14h42.07.153,EXNAT_4_TMS_Psychopy2024.2.5.psyexp,2024.2.5,2025-07-29 14h46.27.272763 +0200,
0,0,0,0,0,0,0,,,,,,,,,#88BA3F,542.0668365955353,False,space,correct rejection,None,502.7735233306885,text_14,51,6,2back_dual_main_click,2,britischen,42,40,82,120,60,542.3844480514526,,,,,,,,,22,03,yes,no,no,2025-07-29_14h42.07.153,EXNAT_4_TMS_Psychopy2024.2.5.psyexp,2024.2.5,2025-07-29 14h46.27.272763 +0200,
0,0,0,0,0,0,0,,,,,,,,,#2AB7EF,542.6077969074249,False,space,correct rejection,None,809.8390102386475,text_14,52,6,2back_dual_main_click,2,Charts,42,40,82,120,60,,,,,,,,,,22,03,yes,no,no,2025-07-29_14h42.07.153,EXNAT_4_TMS_Psychopy2024.2.5.psyexp,2024.2.5,2025-07-29 14h46.27.272763 +0200,
0,0,0,0,0,0,0,,,,,,,,,#F989A2,543.4574301242828,False,space,correct rejection,None,584.1856002807617,text_14,53,6,2back_dual_main_click,2,und,42,40,82,120,60,,,,,,,,,,22,03,yes,no,no,2025-07-29_14h42.07.153,EXNAT_4_TMS_Psychopy2024.2.5.psyexp,2024.2.5,2025-07-29 14h46.27.272763 +0200,
0,0,0,0,0,0,0,,,,,,,,,#F989A2,544.0834767818451,False,space,correct rejection,None,710.1550102233887,text_14,54,6,2back_dual_main_click,2,erhielt,42,40,82,120,60,,,,,,,,,,22,03,yes,no,no,2025-07-29_14h42.07.153,EXNAT_4_TMS_Psychopy2024.2.5.psyexp,2024.2.5,2025-07-29 14h46.27.272763 +0200,
0,0,0,0,0,0,0,,,,,,,,,#2AB7EF,544.8359777927399,False,space,correct rejection,None,565.6709671020508,text_14,55,6,2back_dual_main_click,2,in,42,40,82,120,60,,,,,,,,,,22,03,yes,no,no,2025-07-29_14h42.07.153,EXNAT_4_TMS_Psychopy2024.2.5.psyexp,2024.2.5,2025-07-29 14h46.27.272763 +0200,
0,0,0,0,0,0,0,,,,,,,,,#88BA3F,545.4426999092102,False,space,correct rejection,None,503.1290054321289,text_14,56,6,2back_dual_main_click,2,den,42,40,82,120,60,,,,,,,,,,22,03,yes,no,no,2025-07-29_14h42.07.153,EXNAT_4_TMS_Psychopy2024.2.5.psyexp,2024.2.5,2025-07-29 14h46.27.272763 +0200,
0,0,0,0,0,0,0,,,,,,,,,#88BA3F,545.9862372875214,False,space,correct rejection,None,487.32614517211914,text_14,57,6,2back_dual_main_click,2,USA,42,40,82,120,60,,,,,,,,,,22,03,yes,no,no,2025-07-29_14h42.07.153,EXNAT_4_TMS_Psychopy2024.2.5.psyexp,2024.2.5,2025-07-29 14h46.27.272763 +0200,
0,0,0,0,0,0,0,,,,,,,,,#D292F3,546.5127537250519,False,space,correct rejection,None,456.9077491760254,text_14,58,6,2back_dual_main_click,2,eine,42,40,82,120,60,,,,,,,,,,22,03,yes,no,no,2025-07-29_14h42.07.153,EXNAT_4_TMS_Psychopy2024.2.5.psyexp,2024.2.5,2025-07-29 14h46.27.272763 +0200,
0,0,0,0,0,0,0,,,,,,,,,#2AB7EF,547.0071620941162,False,space,correct rejection,None,426.4657497406006,text_14,59,6,2back_dual_main_click,2,Goldene,42,40,82,120,60,,,,,,,,,,22,03,yes,no,no,2025-07-29_14h42.07.153,EXNAT_4_TMS_Psychopy2024.2.5.psyexp,2024.2.5,2025-07-29 14h46.27.272763 +0200,
0,0,0,0,0,0,0,,,,,,,,,#D292F3,547.4710524082184,True,space,miss,None,618.7431812286377,text_14,60,6,2back_dual_main_click,2,Schallplatte.,42,40,82,120,60,,,,,,,,,,22,03,yes,no,no,2025-07-29_14h42.07.153,EXNAT_4_TMS_Psychopy2024.2.5.psyexp,2024.2.5,2025-07-29 14h46.27.272763 +0200,
0,0,0,0,0,0,0,,,,,,,,,#88BA3F,548.1283271312714,False,space,correct rejection,None,361.3433837890625,text_14,61,6,2back_dual_main_click,2,Spätestens,42,40,82,120,60,,,,,,,,,,22,03,yes,no,no,2025-07-29_14h42.07.153,EXNAT_4_TMS_Psychopy2024.2.5.psyexp,2024.2.5,2025-07-29 14h46.27.272763 +0200,
0,0,0,0,0,0,0,,,,,,,,,#D292F3,548.5284361839294,True,l,hit,409.2435836791992,633.1837177276611,text_14,62,6,2back_dual_main_click,2,mit,42,41,83,120,60,548.5815312862396,,,,,,,,,22,03,yes,no,no,2025-07-29_14h42.07.153,EXNAT_4_TMS_Psychopy2024.2.5.psyexp,2024.2.5,2025-07-29 14h46.27.272763 +0200,
0,0,0,0,0,0,0,,,,,,,,,#2AB7EF,549.2012329101562,False,space,correct rejection,None,472.41783142089844,text_14,63,6,2back_dual_main_click,2,ihrem,42,41,83,120,60,,,,,,,,,,22,03,yes,no,no,2025-07-29_14h42.07.153,EXNAT_4_TMS_Psychopy2024.2.5.psyexp,2024.2.5,2025-07-29 14h46.27.272763 +0200,
0,0,0,0,0,0,0,,,,,,,,,#88BA3F,549.7097408771515,False,space,correct rejection,None,475.7070541381836,text_14,64,6,2back_dual_main_click,2,Auftritt,42,41,83,120,60,,,,,,,,,,22,03,yes,no,no,2025-07-29_14h42.07.153,EXNAT_4_TMS_Psychopy2024.2.5.psyexp,2024.2.5,2025-07-29 14h46.27.272763 +0200,
0,0,0,0,0,0,0,,,,,,,,,#F989A2,550.2224323749542,False,space,correct rejection,None,539.1573905944824,text_14,65,6,2back_dual_main_click,2,bei,42,41,83,120,60,,,,,,,,,,22,03,yes,no,no,2025-07-29_14h42.07.153,EXNAT_4_TMS_Psychopy2024.2.5.psyexp,2024.2.5,2025-07-29 14h46.27.272763 +0200,
0,0,0,0,0,0,0,,,,,,,,,#F989A2,550.8000802993774,False,space,correct rejection,None,377.5327205657959,text_14,66,6,2back_dual_main_click,2,den,42,41,83,120,60,,,,,,,,,,22,03,yes,no,no,2025-07-29_14h42.07.153,EXNAT_4_TMS_Psychopy2024.2.5.psyexp,2024.2.5,2025-07-29 14h46.27.272763 +0200,
0,0,0,0,0,0,0,,,,,,,,,#2AB7EF,551.2167921066284,False,space,correct rejection,None,504.89306449890137,text_14,67,6,2back_dual_main_click,2,MTV,42,41,83,120,60,,,,,,,,,,22,03,yes,no,no,2025-07-29_14h42.07.153,EXNAT_4_TMS_Psychopy2024.2.5.psyexp,2024.2.5,2025-07-29 14h46.27.272763 +0200,
0,0,0,0,0,0,0,,,,,,,,,#D292F3,551.7609767913818,False,space,correct rejection,None,392.67992973327637,text_14,68,6,2back_dual_main_click,2,Video,42,41,83,120,60,,,,,,,,,,22,03,yes,no,no,2025-07-29_14h42.07.153,EXNAT_4_TMS_Psychopy2024.2.5.psyexp,2024.2.5,2025-07-29 14h46.27.272763 +0200,
0,0,0,0,0,0,0,,,,,,,,,#F989A2,552.1934878826141,False,space,correct rejection,None,584.3298435211182,text_14,69,6,2back_dual_main_click,2,Music,42,41,83,120,60,,,,,,,,,,22,03,yes,no,no,2025-07-29_14h42.07.153,EXNAT_4_TMS_Psychopy2024.2.5.psyexp,2024.2.5,2025-07-29 14h46.27.272763 +0200,
0,0,0,0,0,0,0,,,,,,,,,#D292F3,552.8160877227783,True,space,miss,None,729.6051979064941,text_14,70,6,2back_dual_main_click,2,Awards,42,41,83,120,60,,,,,,,,,,22,03,yes,no,no,2025-07-29_14h42.07.153,EXNAT_4_TMS_Psychopy2024.2.5.psyexp,2024.2.5,2025-07-29 14h46.27.272763 +0200,
0,0,0,0,0,0,0,,,,,,,,,#88BA3F,553.5847198963165,False,space,correct rejection,None,872.9708194732666,text_14,71,6,2back_dual_main_click,2,schaffte,43,41,84,120,60,553.6403005123138,,,,,,,,,22,03,yes,no,no,2025-07-29_14h42.07.153,EXNAT_4_TMS_Psychopy2024.2.5.psyexp,2024.2.5,2025-07-29 14h46.27.272763 +0200,
0,0,0,0,0,0,0,,,,,,,,,#2AB7EF,554.4978556632996,False,space,correct rejection,None,503.7961006164551,text_14,72,6,2back_dual_main_click,2,sie,43,41,84,120,60,,,,,,,,,,22,03,yes,no,no,2025-07-29_14h42.07.153,EXNAT_4_TMS_Psychopy2024.2.5.psyexp,2024.2.5,2025-07-29 14h46.27.272763 +0200,
0,0,0,0,0,0,0,,,,,,,,,#2AB7EF,555.0409204959869,False,space,correct rejection,None,520.7235813140869,text_14,73,6,2back_dual_main_click,2,den,43,41,84,120,60,,,,,,,,,,22,03,yes,no,no,2025-07-29_14h42.07.153,EXNAT_4_TMS_Psychopy2024.2.5.psyexp,2024.2.5,2025-07-29 14h46.27.272763 +0200,
0,0,0,0,0,0,0,,,,,,,,,#88BA3F,555.6018478870392,False,space,correct rejection,None,663.7954711914062,text_14,74,6,2back_dual_main_click,2,Durchbruch.,43,41,84,120,60,,,,,,,,,,22,03,yes,no,no,2025-07-29_14h42.07.153,EXNAT_4_TMS_Psychopy2024.2.5.psyexp,2024.2.5,2025-07-29 14h46.27.272763 +0200,
0,0,0,0,0,0,0,,,,,,,,,#F989A2,556.3063344955444,False,space,correct rejection,None,439.3799304962158,text_14,75,6,2back_dual_main_click,2,Ihr,43,41,84,120,60,,,,,,,,,,22,03,yes,no,no,2025-07-29_14h42.07.153,EXNAT_4_TMS_Psychopy2024.2.5.psyexp,2024.2.5,2025-07-29 14h46.27.272763 +0200,
0,0,0,0,0,0,0,,,,,,,,,#D292F3,556.7845597267151,False,space,correct rejection,None,393.1131362915039,text_14,76,6,2back_dual_main_click,2,Song,43,41,84,120,60,,,,,,,,,,22,03,yes,no,no,2025-07-29_14h42.07.153,EXNAT_4_TMS_Psychopy2024.2.5.psyexp,2024.2.5,2025-07-29 14h46.27.272763 +0200,
0,0,0,0,0,0,0,,,,,,,,,#2AB7EF,557.2154386043549,False,space,correct rejection,None,538.4602546691895,text_14,77,6,2back_dual_main_click,2,""Dog,43,41,84,120,60,,,,,,,,,,22,03,yes,no,no,2025-07-29_14h42.07.153,EXNAT_4_TMS_Psychopy2024.2.5.psyexp,2024.2.5,2025-07-29 14h46.27.272763 +0200,
0,0,0,0,0,0,0,,,,,,,,,#D292F3,557.7948455810547,True,space,miss,None,550.9874820709229,text_14,78,6,2back_dual_main_click,2,Days,43,41,84,120,60,,,,,,,,,,22,03,yes,no,no,2025-07-29_14h42.07.153,EXNAT_4_TMS_Psychopy2024.2.5.psyexp,2024.2.5,2025-07-29 14h46.27.272763 +0200,
0,0,0,0,0,0,0,,,,,,,,,#F989A2,558.3856601715088,False,space,correct rejection,None,584.2125415802002,text_14,79,6,2back_dual_main_click,2,Are,43,41,84,120,60,,,,,,,,,,22,03,yes,no,no,2025-07-29_14h42.07.153,EXNAT_4_TMS_Psychopy2024.2.5.psyexp,2024.2.5,2025-07-29 14h46.27.272763 +0200,
0,0,0,0,0,0,0,,,,,,,,,#D292F3,559.0105760097504,True,space,miss,None,1063.1344318389893,text_14,80,6,2back_dual_main_click,2,Over"",43,42,85,120,60,559.0626134872437,,,,,,,,,22,03,yes,no,no,2025-07-29_14h42.07.153,EXNAT_4_TMS_Psychopy2024.2.5.psyexp,2024.2.5,2025-07-29 14h46.27.272763 +0200,
0,0,0,0,0,0,0,,,,,,,,,#2AB7EF,560.1127586364746,False,space,correct rejection,None,904.9742221832275,text_14,81,6,2back_dual_main_click,2,wurde,43,42,85,120,60,,,,,,,,,,22,03,yes,no,no,2025-07-29_14h42.07.153,EXNAT_4_TMS_Psychopy2024.2.5.psyexp,2024.2.5,2025-07-29 14h46.27.272763 +0200,
0,0,0,0,0,0,0,,,,,,,,,#88BA3F,561.055321931839,False,space,correct rejection,None,490.4191493988037,text_14,82,6,2back_dual_main_click,2,zum,43,42,85,120,60,,,,,,,,,,22,03,yes,no,no,2025-07-29_14h42.07.153,EXNAT_4_TMS_Psychopy2024.2.5.psyexp,2024.2.5,2025-07-29 14h46.27.272763 +0200,
0,0,0,0,0,0,0,,,,,,,,,#88BA3F,561.5850245952606,False,space,correct rejection,None,632.699728012085,text_14,83,6,2back_dual_main_click,2,"Hit,",43,42,85,120,60,,,,,,,,,,22,03,yes,no,no,2025-07-29_14h42.07.153,EXNAT_4_TMS_Psychopy2024.2.5.psyexp,2024.2.5,2025-07-29 14h46.27.272763 +0200,
0,0,0,0,0,0,0,,,,,,,,,#F989A2,562.254495382309,False,space,correct rejection,None,859.3168258666992,text_14,84,6,2back_dual_main_click,2,ihre,43,42,85,120,60,,,,,,,,,,22,03,yes,no,no,2025-07-29_14h42.07.153,EXNAT_4_TMS_Psychopy2024.2.5.psyexp,2024.2.5,2025-07-29 14h46.27.272763 +0200,
0,0,0,0,0,0,0,,,,,,,,,#D292F3,563.1545917987823,False,space,correct rejection,None,455.2948474884033,text_14,85,6,2back_dual_main_click,2,Musik,43,42,85,120,60,,,,,,,,,,22,03,yes,no,no,2025-07-29_14h42.07.153,EXNAT_4_TMS_Psychopy2024.2.5.psyexp,2024.2.5,2025-07-29 14h46.27.272763 +0200,
0,0,0,0,0,0,0,,,,,,,,,#88BA3F,563.6529176235199,False,space,correct rejection,None,532.8974723815918,text_14,86,6,2back_dual_main_click,2,lief,44,42,86,120,60,564.0625176429749,,,,,,,,,22,03,yes,no,no,2025-07-29_14h42.07.153,EXNAT_4_TMS_Psychopy2024.2.5.psyexp,2024.2.5,2025-07-29 14h46.27.272763 +0200,
0,0,0,0,0,0,0,,,,,,,,,#2AB7EF,564.2249226570129,False,space,correct rejection,None,408.8304042816162,text_14,87,6,2back_dual_main_click,2,in,44,42,86,120,60,,,,,,,,,,22,03,yes,no,no,2025-07-29_14h42.07.153,EXNAT_4_TMS_Psychopy2024.2.5.psyexp,2024.2.5,2025-07-29 14h46.27.272763 +0200,
0,0,0,0,0,0,0,,,,,,,,,#D292F3,564.6737449169159,False,space,correct rejection,None,600.0516414642334,text_14,88,6,2back_dual_main_click,2,vielen,44,42,86,120,60,,,,,,,,,,22,03,yes,no,no,2025-07-29_14h42.07.153,EXNAT_4_TMS_Psychopy2024.2.5.psyexp,2024.2.5,2025-07-29 14h46.27.272763 +0200,
0,0,0,0,0,0,0,,,,,,,,,#2AB7EF,565.3165938854218,True,space,miss,None,901.1664390563965,text_14,89,6,2back_dual_main_click,2,US-Serien.,44,42,86,120,60,,,,,,,,,,22,03,yes,no,no,2025-07-29_14h42.07.153,EXNAT_4_TMS_Psychopy2024.2.5.psyexp,2024.2.5,2025-07-29 14h46.27.272763 +0200,
0,0,0,0,0,0,0,,,,,,,,,#D292F3,566.2557289600372,True,space,miss,None,441.76602363586426,text_14,90,6,2back_dual_main_click,2,Welch,44,42,86,120,60,,,,,,,,,,22,03,yes,no,no,2025-07-29_14h42.07.153,EXNAT_4_TMS_Psychopy2024.2.5.psyexp,2024.2.5,2025-07-29 14h46.27.272763 +0200,
0,0,0,0,0,0,0,,,,,,,,,#88BA3F,566.7365026473999,False,space,correct rejection,None,857.1922779083252,text_14,91,6,2back_dual_main_click,2,trat,44,42,86,120,60,,,,,,,,,,22,03,yes,no,no,2025-07-29_14h42.07.153,EXNAT_4_TMS_Psychopy2024.2.5.psyexp,2024.2.5,2025-07-29 14h46.27.272763 +0200,
0,0,0,0,0,0,0,,,,,,,,,#88BA3F,567.63472032547,False,space,correct rejection,None,710.956335067749,text_14,92,6,2back_dual_main_click,2,bei,44,42,86,120,60,,,,,,,,,,22,03,yes,no,no,2025-07-29_14h42.07.153,EXNAT_4_TMS_Psychopy2024.2.5.psyexp,2024.2.5,2025-07-29 14h46.27.272763 +0200,
0,0,0,0,0,0,0,,,,,,,,,#F989A2,568.3840065002441,False,space,correct rejection,None,569.6792602539062,text_14,93,6,2back_dual_main_click,2,einer,44,42,86,120,60,,,,,,,,,,22,03,yes,no,no,2025-07-29_14h42.07.153,EXNAT_4_TMS_Psychopy2024.2.5.psyexp,2024.2.5,2025-07-29 14h46.27.272763 +0200,
0,0,0,0,0,0,0,,,,,,,,,#2AB7EF,568.9962956905365,False,space,correct rejection,None,645.4193592071533,text_14,94,6,2back_dual_main_click,2,"Google-Versammlung,",44,42,86,120,60,,,,,,,,,,22,03,yes,no,no,2025-07-29_14h42.07.153,EXNAT_4_TMS_Psychopy2024.2.5.psyexp,2024.2.5,2025-07-29 14h46.27.272763 +0200,
0,0,0,0,0,0,0,,,,,,,,,#F989A2,569.6819584369659,True,space,miss,None,615.8273220062256,text_14,95,6,2back_dual_main_click,2,X-Factor,44,43,87,120,60,569.7461698055267,,,,,,,,,22,03,yes,no,no,2025-07-29_14h42.07.153,EXNAT_4_TMS_Psychopy2024.2.5.psyexp,2024.2.5,2025-07-29 14h46.27.272763 +0200,
0,0,0,0,0,0,0,,,,,,,,,#F989A2,570.3356094360352,False,space,correct rejection,None,634.2484951019287,text_14,96,6,2back_dual_main_click,2,und,44,43,87,120,60,,,,,,,,,,22,03,yes,no,no,2025-07-29_14h42.07.153,EXNAT_4_TMS_Psychopy2024.2.5.psyexp,2024.2.5,2025-07-29 14h46.27.272763 +0200,
0,0,0,0,0,0,0,,,,,,,,,#88BA3F,571.0116488933563,False,space,correct rejection,None,630.1426887512207,text_14,97,6,2back_dual_main_click,2,Modenschauen,44,43,87,120,60,,,,,,,,,,22,03,yes,no,no,2025-07-29_14h42.07.153,EXNAT_4_TMS_Psychopy2024.2.5.psyexp,2024.2.5,2025-07-29 14h46.27.272763 +0200,
0,0,0,0,0,0,0,,,,,,,,,#D292F3,571.680261850357,False,space,correct rejection,None,585.4265689849854,text_14,98,6,2back_dual_main_click,2,auf.,44,43,87,120,60,,,,,,,,,,22,03,yes,no,no,2025-07-29_14h42.07.153,EXNAT_4_TMS_Psychopy2024.2.5.psyexp,2024.2.5,2025-07-29 14h46.27.272763 +0200,
0,0,0,0,0,0,0,,,,,,,,,#D292F3,572.3073513507843,False,space,correct rejection,None,406.4674377441406,text_14,99,6,2back_dual_main_click,2,""Lungs"",44,43,87,120,60,,,,,,,,,,22,03,yes,no,no,2025-07-29_14h42.07.153,EXNAT_4_TMS_Psychopy2024.2.5.psyexp,2024.2.5,2025-07-29 14h46.27.272763 +0200,
0,0,0,0,0,0,0,,,,,,,,,#2AB7EF,572.7532570362091,False,space,correct rejection,None,600.5771160125732,text_14,100,6,2back_dual_main_click,2,war,44,43,87,120,60,,,,,,,,,,22,03,yes,no,no,2025-07-29_14h42.07.153,EXNAT_4_TMS_Psychopy2024.2.5.psyexp,2024.2.5,2025-07-29 14h46.27.272763 +0200,
0,0,0,0,0,0,0,,,,,,,,,#88BA3F,573.3940918445587,False,space,correct rejection,None,535.7966423034668,text_14,101,6,2back_dual_main_click,2,ein,44,43,87,120,60,,,,,,,,,,22,03,yes,no,no,2025-07-29_14h42.07.153,EXNAT_4_TMS_Psychopy2024.2.5.psyexp,2024.2.5,2025-07-29 14h46.27.272763 +0200,
0,0,0,0,0,0,0,,,,,,,,,#2AB7EF,573.9706647396088,True,l,hit,839.2529487609863,1031.0945510864258,text_14,102,6,2back_dual_main_click,2,vielseitiges,44,43,87,120,60,,,,,,,,,,22,03,yes,no,no,2025-07-29_14h42.07.153,EXNAT_4_TMS_Psychopy2024.2.5.psyexp,2024.2.5,2025-07-29 14h46.27.272763 +0200,
0,0,0,0,0,0,0,,,,,,,,,#F989A2,575.0431568622589,False,space,correct rejection,None,742.7496910095215,text_14,103,6,2back_dual_main_click,2,Album,45,43,88,120,60,575.0966837406158,,,,,,,,,22,03,yes,no,no,2025-07-29_14h42.07.153,EXNAT_4_TMS_Psychopy2024.2.5.psyexp,2024.2.5,2025-07-29 14h46.27.272763 +0200,
0,0,0,0,0,0,0,,,,,,,,,#2AB7EF,575.8261351585388,True,space,miss,None,471.59290313720703,text_14,104,6,2back_dual_main_click,2,aus,45,43,88,120,60,,,,,,,,,,22,03,yes,no,no,2025-07-29_14h42.07.153,EXNAT_4_TMS_Psychopy2024.2.5.psyexp,2024.2.5,2025-07-29 14h46.27.272763 +0200,
0,0,0,0,0,0,0,,,,,,,,,#88BA3F,576.3378636837006,False,space,correct rejection,None,519.9882984161377,text_14,105,6,2back_dual_main_click,2,"Blues,",45,43,88,120,60,,,,,,,,,,22,03,yes,no,no,2025-07-29_14h42.07.153,EXNAT_4_TMS_Psychopy2024.2.5.psyexp,2024.2.5,2025-07-29 14h46.27.272763 +0200,
0,0,0,0,0,0,0,,,,,,,,,#F989A2,576.8965814113617,False,l,false alarm,969.2878723144531,1160.9406471252441,text_14,106,6,2back_dual_main_click,2,Disco,45,43,88,120,60,,,,,,,,,,22,03,yes,no,no,2025-07-29_14h42.07.153,EXNAT_4_TMS_Psychopy2024.2.5.psyexp,2024.2.5,2025-07-29 14h46.27.272763 +0200,
0,0,0,0,0,0,0,,,,,,,,,#D292F3,578.0966846942902,False,space,correct rejection,None,393.0964469909668,text_14,107,6,2back_dual_main_click,2,und,45,43,88,120,60,,,,,,,,,,22,03,yes,no,no,2025-07-29_14h42.07.153,EXNAT_4_TMS_Psychopy2024.2.5.psyexp,2024.2.5,2025-07-29 14h46.27.272763 +0200,
0,0,0,0,0,0,0,,,,,,,,,#F989A2,578.5289509296417,True,space,miss,None,776.7915725708008,text_14,108,6,2back_dual_main_click,2,Soul.,45,43,88,120,60,,,,,,,,,,22,03,yes,no,no,2025-07-29_14h42.07.153,EXNAT_4_TMS_Psychopy2024.2.5.psyexp,2024.2.5,2025-07-29 14h46.27.272763 +0200,
0,0,0,0,0,0,0,,,,,,,,,#2AB7EF,579.3469314575195,False,space,correct rejection,None,534.8434448242188,text_14,109,6,2back_dual_main_click,2,Für,45,43,88,120,60,,,,,,,,,,22,03,yes,no,no,2025-07-29_14h42.07.153,EXNAT_4_TMS_Psychopy2024.2.5.psyexp,2024.2.5,2025-07-29 14h46.27.272763 +0200,
0,0,0,0,0,0,0,,,,,,,,,#88BA3F,579.9215965270996,False,space,correct rejection,None,424.1645336151123,text_14,110,6,2back_dual_main_click,2,ihr,45,43,88,120,60,,,,,,,,,,22,03,yes,no,no,2025-07-29_14h42.07.153,EXNAT_4_TMS_Psychopy2024.2.5.psyexp,2024.2.5,2025-07-29 14h46.27.272763 +0200,
0,0,0,0,0,0,0,,,,,,,,,#D292F3,580.3857200145721,False,space,correct rejection,None,664.0028953552246,text_14,111,6,2back_dual_main_click,2,neues,45,43,88,120,60,,,,,,,,,,22,03,yes,no,no,2025-07-29_14h42.07.153,EXNAT_4_TMS_Psychopy2024.2.5.psyexp,2024.2.5,2025-07-29 14h46.27.272763 +0200,
0,0,0,0,0,0,0,,,,,,,,,#F989A2,581.0895359516144,False,space,correct rejection,None,408.2379341125488,text_14,112,6,2back_dual_main_click,2,Werk,45,43,88,120,60,,,,,,,,,,22,03,yes,no,no,2025-07-29_14h42.07.153,EXNAT_4_TMS_Psychopy2024.2.5.psyexp,2024.2.5,2025-07-29 14h46.27.272763 +0200,
0,0,0,0,0,0,0,,,,,,,,,#2AB7EF,581.5374791622162,False,space,correct rejection,None,696.305513381958,text_14,113,6,2back_dual_main_click,2,wollte,45,43,88,120,60,,,,,,,,,,22,03,yes,no,no,2025-07-29_14h42.07.153,EXNAT_4_TMS_Psychopy2024.2.5.psyexp,2024.2.5,2025-07-29 14h46.27.272763 +0200,
0,0,0,0,0,0,0,,,,,,,,,#88BA3F,582.2737050056458,False,space,correct rejection,None,488.0232810974121,text_14,114,6,2back_dual_main_click,2,sie,45,43,88,120,60,,,,,,,,,,22,03,yes,no,no,2025-07-29_14h42.07.153,EXNAT_4_TMS_Psychopy2024.2.5.psyexp,2024.2.5,2025-07-29 14h46.27.272763 +0200,
0,0,0,0,0,0,0,,,,,,,,,#2AB7EF,582.801985502243,True,space,miss,None,551.7613887786865,text_14,115,6,2back_dual_main_click,2,mehr,45,44,89,120,60,582.8573822975159,,,,,,,,,22,03,yes,no,no,2025-07-29_14h42.07.153,EXNAT_4_TMS_Psychopy2024.2.5.psyexp,2024.2.5,2025-07-29 14h46.27.272763 +0200,
0,0,0,0,0,0,0,,,,,,,,,#D292F3,583.3934926986694,False,space,correct rejection,None,616.1279678344727,text_14,116,6,2back_dual_main_click,2,Einheit.,45,44,89,120,60,,,,,,,,,,22,03,yes,no,no,2025-07-29_14h42.07.153,EXNAT_4_TMS_Psychopy2024.2.5.psyexp,2024.2.5,2025-07-29 14h46.27.272763 +0200,
0,0,0,0,0,0,0,,,,,,,,,#88BA3F,584.050684928894,False,space,correct rejection,None,391.07465744018555,text_14,117,6,2back_dual_main_click,2,Sie,45,44,89,120,60,,,,,,,,,,22,03,yes,no,no,2025-07-29_14h42.07.153,EXNAT_4_TMS_Psychopy2024.2.5.psyexp,2024.2.5,2025-07-29 14h46.27.272763 +0200,
0,0,0,0,0,0,0,,,,,,,,,#D292F3,584.4815027713776,True,space,miss,None,520.1661586761475,text_14,118,6,2back_dual_main_click,2,nahm,45,44,89,120,60,,,,,,,,,,22,03,yes,no,no,2025-07-29_14h42.07.153,EXNAT_4_TMS_Psychopy2024.2.5.psyexp,2024.2.5,2025-07-29 14h46.27.272763 +0200,
0,0,0,0,0,0,0,,,,,,,,,#F989A2,585.0423200130463,False,space,correct rejection,None,695.5990791320801,text_14,119,6,2back_dual_main_click,2,es,45,44,89,120,60,,,,,,,,,,22,03,yes,no,no,2025-07-29_14h42.07.153,EXNAT_4_TMS_Psychopy2024.2.5.psyexp,2024.2.5,2025-07-29 14h46.27.272763 +0200,
0,0,0,0,0,0,0,,,,,,,,,#F989A2,585.7778313159943,False,space,correct rejection,None,327.90613174438477,text_14,120,6,2back_dual_main_click,2,komplett,45,44,89,120,60,,,,,,,,,,22,03,yes,no,no,2025-07-29_14h42.07.153,EXNAT_4_TMS_Psychopy2024.2.5.psyexp,2024.2.5,2025-07-29 14h46.27.272763 +0200,
0,0,0,0,0,0,0,,,,,,,,,#D292F3,586.1464521884918,False,space,correct rejection,None,647.2477912902832,text_14,121,6,2back_dual_main_click,2,im,45,44,89,120,60,,,,,,,,,,22,03,yes,no,no,2025-07-29_14h42.07.153,EXNAT_4_TMS_Psychopy2024.2.5.psyexp,2024.2.5,2025-07-29 14h46.27.272763 +0200,
0,0,0,0,0,0,0,,,,,,,,,#88BA3F,586.834823846817,False,space,correct rejection,None,406.9812297821045,text_14,122,6,2back_dual_main_click,2,Abbey-Road-Studio,45,44,89,120,60,,,,,,,,,,22,03,yes,no,no,2025-07-29_14h42.07.153,EXNAT_4_TMS_Psychopy2024.2.5.psyexp,2024.2.5,2025-07-29 14h46.27.272763 +0200,
0,0,0,0,0,0,0,,,,,,,,,#F989A2,587.2793371677399,False,space,correct rejection,None,714.432954788208,text_14,123,6,2back_dual_main_click,2,mit,46,44,90,120,60,587.8574109077454,,,,,,,,,22,03,yes,no,no,2025-07-29_14h42.07.153,EXNAT_4_TMS_Psychopy2024.2.5.psyexp,2024.2.5,2025-07-29 14h46.27.272763 +0200,
0,0,0,0,0,0,0,,,,,,,,,#88BA3F,588.0334784984589,True,space,miss,None,760.3280544281006,text_14,124,6,2back_dual_main_click,2,nur,46,44,90,120,60,,,,,,,,,,22,03,yes,no,no,2025-07-29_14h42.07.153,EXNAT_4_TMS_Psychopy2024.2.5.psyexp,2024.2.5,2025-07-29 14h46.27.272763 +0200,
0,0,0,0,0,0,0,,,,,,,,,#2AB7EF,588.8344714641571,False,space,correct rejection,None,551.382303237915,text_14,125,6,2back_dual_main_click,2,einem,46,44,90,120,60,,,,,,,,,,22,03,yes,no,no,2025-07-29_14h42.07.153,EXNAT_4_TMS_Psychopy2024.2.5.psyexp,2024.2.5,2025-07-29 14h46.27.272763 +0200,
0,0,0,0,0,0,0,,,,,,,,,#D292F3,589.4275844097137,False,space,correct rejection,None,486.24682426452637,text_14,126,6,2back_dual_main_click,2,Produzenten,46,44,90,120,60,,,,,,,,,,22,03,yes,no,no,2025-07-29_14h42.07.153,EXNAT_4_TMS_Psychopy2024.2.5.psyexp,2024.2.5,2025-07-29 14h46.27.272763 +0200,
0,0,0,0,0,0,0,,,,,,,,,#2AB7EF,589.952315568924,True,space,miss,None,441.4341449737549,text_14,127,6,2back_dual_main_click,2,auf.,46,44,90,120,60,,,,,,,,,,22,03,yes,no,no,2025-07-29_14h42.07.153,EXNAT_4_TMS_Psychopy2024.2.5.psyexp,2024.2.5,2025-07-29 14h46.27.272763 +0200,
0,0,0,0,0,0,0,,,,,,,,,#D292F3,590.4329674243927,True,space,miss,None,440.9048557281494,text_14,128,6,2back_dual_main_click,2,Die,46,44,90,120,60,,,,,,,,,,22,03,yes,no,no,2025-07-29_14h42.07.153,EXNAT_4_TMS_Psychopy2024.2.5.psyexp,2024.2.5,2025-07-29 14h46.27.272763 +0200,
0,0,0,0,0,0,0,,,,,,,,,#88BA3F,590.9149923324585,False,space,correct rejection,None,518.8760757446289,text_14,129,6,2back_dual_main_click,2,eindrucksvollen,46,44,90,120,60,,,,,,,,,,22,03,yes,no,no,2025-07-29_14h42.07.153,EXNAT_4_TMS_Psychopy2024.2.5.psyexp,2024.2.5,2025-07-29 14h46.27.272763 +0200,
0,0,0,0,0,0,0,,,,,,,,,#2AB7EF,591.4744257926941,False,space,correct rejection,None,551.2986183166504,text_14,130,6,2back_dual_main_click,2,Lieder,46,44,90,120,60,,,,,,,,,,22,03,yes,no,no,2025-07-29_14h42.07.153,EXNAT_4_TMS_Psychopy2024.2.5.psyexp,2024.2.5,2025-07-29 14h46.27.272763 +0200,
0,0,0,0,0,0,0,,,,,,,,,#F989A2,592.0645606517792,False,space,correct rejection,None,505.1429271697998,text_14,131,6,2back_dual_main_click,2,erzählen,46,44,90,120,60,,,,,,,,,,22,03,yes,no,no,2025-07-29_14h42.07.153,EXNAT_4_TMS_Psychopy2024.2.5.psyexp,2024.2.5,2025-07-29 14h46.27.272763 +0200,
0,0,0,0,0,0,0,,,,,,,,,#F989A2,592.6075072288513,False,space,correct rejection,None,442.31128692626953,text_14,132,6,2back_dual_main_click,2,von,46,44,90,120,60,,,,,,,,,,22,03,yes,no,no,2025-07-29_14h42.07.153,EXNAT_4_TMS_Psychopy2024.2.5.psyexp,2024.2.5,2025-07-29 14h46.27.272763 +0200,
0,0,0,0,0,0,0,,,,,,,,,#F989A2,593.0903508663177,True,space,miss,None,503.248929977417,text_14,133,6,2back_dual_main_click,2,"Verlust,",46,45,91,120,60,593.1477477550507,,,,,,,,,22,03,yes,no,no,2025-07-29_14h42.07.153,EXNAT_4_TMS_Psychopy2024.2.5.psyexp,2024.2.5,2025-07-29 14h46.27.272763 +0200,
0,0,0,0,0,0,0,,,,,,,,,#2AB7EF,593.6347396373749,False,space,correct rejection,None,550.9989261627197,text_14,134,6,2back_dual_main_click,2,Betrug,46,45,91,120,60,,,,,,,,,,22,03,yes,no,no,2025-07-29_14h42.07.153,EXNAT_4_TMS_Psychopy2024.2.5.psyexp,2024.2.5,2025-07-29 14h46.27.272763 +0200,
0,0,0,0,0,0,0,,,,,,,,,#D292F3,594.2255022525787,False,space,correct rejection,None,424.3431091308594,text_14,135,6,2back_dual_main_click,2,und,46,45,91,120,60,,,,,,,,,,22,03,yes,no,no,2025-07-29_14h42.07.153,EXNAT_4_TMS_Psychopy2024.2.5.psyexp,2024.2.5,2025-07-29 14h46.27.272763 +0200,
0,0,0,0,0,0,0,,,,,,,,,#88BA3F,594.6886930465698,False,space,correct rejection,None,553.1013011932373,text_14,136,6,2back_dual_main_click,2,Trauer.,46,45,91,120,60,,,,,,,,,,22,03,yes,no,no,2025-07-29_14h42.07.153,EXNAT_4_TMS_Psychopy2024.2.5.psyexp,2024.2.5,2025-07-29 14h46.27.272763 +0200,
0,0,0,0,0,0,0,,,,,,,,,#88BA3F,595.2797355651855,False,space,correct rejection,None,473.94680976867676,text_14,137,6,2back_dual_main_click,2,Das,46,45,91,120,60,,,,,,,,,,22,03,yes,no,no,2025-07-29_14h42.07.153,EXNAT_4_TMS_Psychopy2024.2.5.psyexp,2024.2.5,2025-07-29 14h46.27.272763 +0200,
0,0,0,0,0,0,0,,,,,,,,,#F989A2,595.7941563129425,False,space,correct rejection,None,439.53442573547363,text_14,138,6,2back_dual_main_click,2,Magazin,46,45,91,120,60,,,,,,,,,,22,03,yes,no,no,2025-07-29_14h42.07.153,EXNAT_4_TMS_Psychopy2024.2.5.psyexp,2024.2.5,2025-07-29 14h46.27.272763 +0200,
0,0,0,0,0,0,0,,,,,,,,,#D292F3,596.2746777534485,False,space,correct rejection,None,599.1592407226562,text_14,139,6,2back_dual_main_click,2,Rolling,46,45,91,120,60,,,,,,,,,,22,03,yes,no,no,2025-07-29_14h42.07.153,EXNAT_4_TMS_Psychopy2024.2.5.psyexp,2024.2.5,2025-07-29 14h46.27.272763 +0200,
0,0,0,0,0,0,0,,,,,,,,,#2AB7EF,596.913877248764,False,space,correct rejection,None,519.9804306030273,text_14,140,6,2back_dual_main_click,2,Stone,46,45,91,120,60,,,,,,,,,,22,03,yes,no,no,2025-07-29_14h42.07.153,EXNAT_4_TMS_Psychopy2024.2.5.psyexp,2024.2.5,2025-07-29 14h46.27.272763 +0200,
0,0,0,0,0,0,0,,,,,,,,,#2AB7EF,597.4751310348511,False,space,correct rejection,None,550.7071018218994,text_14,141,6,2back_dual_main_click,2,sieht,46,45,91,120,60,,,,,,,,,,22,03,yes,no,no,2025-07-29_14h42.07.153,EXNAT_4_TMS_Psychopy2024.2.5.psyexp,2024.2.5,2025-07-29 14h46.27.272763 +0200,
0,0,0,0,0,0,0,,,,,,,,,#F989A2,598.0674364566803,False,space,correct rejection,None,518.3413028717041,text_14,142,6,2back_dual_main_click,2,in,47,45,92,120,60,598.1477825641632,,,,,,,,,22,03,yes,no,no,2025-07-29_14h42.07.153,EXNAT_4_TMS_Psychopy2024.2.5.psyexp,2024.2.5,2025-07-29 14h46.27.272763 +0200,
0,0,0,0,0,0,0,,,,,,,,,#D292F3,598.6243295669556,False,space,correct rejection,None,553.441047668457,text_14,143,6,2back_dual_main_click,2,ihr,47,45,92,120,60,,,,,,,,,,22,03,yes,no,no,2025-07-29_14h42.07.153,EXNAT_4_TMS_Psychopy2024.2.5.psyexp,2024.2.5,2025-07-29 14h46.27.272763 +0200,
0,0,0,0,0,0,0,,,,,,,,,#88BA3F,599.2182195186615,False,space,correct rejection,None,599.5316505432129,text_14,144,6,2back_dual_main_click,2,eine,47,45,92,120,60,,,,,,,,,,22,03,yes,no,no,2025-07-29_14h42.07.153,EXNAT_4_TMS_Psychopy2024.2.5.psyexp,2024.2.5,2025-07-29 14h46.27.272763 +0200,
0,0,0,0,0,0,0,,,,,,,,,#F989A2,599.857480764389,False,space,correct rejection,None,360.18943786621094,text_14,145,6,2back_dual_main_click,2,Künstlerin,47,45,92,120,60,,,,,,,,,,22,03,yes,no,no,2025-07-29_14h42.07.153,EXNAT_4_TMS_Psychopy2024.2.5.psyexp,2024.2.5,2025-07-29 14h46.27.272763 +0200,
0,0,0,0,0,0,0,,,,,,,,,#2AB7EF,600.2578411102295,False,space,correct rejection,None,631.9639682769775,text_14,146,6,2back_dual_main_click,2,mit,47,45,92,120,60,,,,,,,,,,22,03,yes,no,no,2025-07-29_14h42.07.153,EXNAT_4_TMS_Psychopy2024.2.5.psyexp,2024.2.5,2025-07-29 14h46.27.272763 +0200,
0,0,0,0,0,0,0,,,,,,,,,#88BA3F,600.9289288520813,False,space,correct rejection,None,440.8905506134033,text_14,147,6,2back_dual_main_click,2,Potenzial,47,45,92,120,60,,,,,,,,,,22,03,yes,no,no,2025-07-29_14h42.07.153,EXNAT_4_TMS_Psychopy2024.2.5.psyexp,2024.2.5,2025-07-29 14h46.27.272763 +0200,
0,0,0,0,0,0,0,,,,,,,,,#2AB7EF,601.4086196422577,True,l,hit,536.9467735290527,825.0558376312256,text_14,148,6,2back_dual_main_click,2,für,47,45,92,120,60,,,,,,,,,,22,03,yes,no,no,2025-07-29_14h42.07.153,EXNAT_4_TMS_Psychopy2024.2.5.psyexp,2024.2.5,2025-07-29 14h46.27.272763 +0200,
0,0,0,0,0,0,0,,,,,,,,,#F989A2,602.2730045318604,False,space,correct rejection,None,536.8068218231201,text_14,149,6,2back_dual_main_click,2,weltweiten,47,45,92,120,60,,,,,,,,,,22,03,yes,no,no,2025-07-29_14h42.07.153,EXNAT_4_TMS_Psychopy2024.2.5.psyexp,2024.2.5,2025-07-29 14h46.27.272763 +0200,
0,0,0,0,0,0,0,,,,,,,,,#D292F3,602.850389957428,False,space,correct rejection,None,631.4523220062256,text_14,150,6,2back_dual_main_click,2,Ruhm.,47,45,92,120,60,,,,,,,,,,22,03,yes,no,no,2025-07-29_14h42.07.153,EXNAT_4_TMS_Psychopy2024.2.5.psyexp,2024.2.5,2025-07-29 14h46.27.272763 +0200,
0,0,0,0,0,0,0,,,,,,,,,,603.5370004177094,,1,,,,text_14,,6,2back_dual_main_click,,,,,,,,,Q1,a,True,,,,,,22,03,yes,no,no,2025-07-29_14h42.07.153,EXNAT_4_TMS_Psychopy2024.2.5.psyexp,2024.2.5,2025-07-29 14h46.27.272763 +0200,
0,0,0,0,0,0,0,,,,,,,,,,609.7451586723328,,2,,,,text_14,,6,2back_dual_main_click,,,,,,,,,Q2,b,True,,,,,,22,03,yes,no,no,2025-07-29_14h42.07.153,EXNAT_4_TMS_Psychopy2024.2.5.psyexp,2024.2.5,2025-07-29 14h46.27.272763 +0200,
0,0,0,0,0,0,0,,,,,,,,,,614.5248837471008,,3,,,,text_14,,6,2back_dual_main_click,,,,,,,,,Q3,c,True,,,,,,22,03,yes,no,no,2025-07-29_14h42.07.153,EXNAT_4_TMS_Psychopy2024.2.5.psyexp,2024.2.5,2025-07-29 14h46.27.272763 +0200,
0,0,0,0,0,0,0,,,,,,,,,#F989A2,621.7714691162109,False,space,correct rejection,None,446.2764263153076,text_01,1,7,2back_dual_main_click,2,Der,47,45,92,120,60,,,,,,,,,,22,03,yes,no,no,2025-07-29_14h42.07.153,EXNAT_4_TMS_Psychopy2024.2.5.psyexp,2024.2.5,2025-07-29 14h46.27.272763 +0200,
0,0,0,0,0,0,0,,,,,,,,,#88BA3F,622.251157283783,False,space,correct rejection,None,414.51215744018555,text_01,2,7,2back_dual_main_click,2,Anblick,47,45,92,120,60,,,,,,,,,,22,03,yes,no,no,2025-07-29_14h42.07.153,EXNAT_4_TMS_Psychopy2024.2.5.psyexp,2024.2.5,2025-07-29 14h46.27.272763 +0200,
0,0,0,0,0,0,0,,,,,,,,,#D292F3,622.697859287262,False,space,correct rejection,None,543.9178943634033,text_01,3,7,2back_dual_main_click,2,der,47,45,92,120,60,,,,,,,,,,22,03,yes,no,no,2025-07-29_14h42.07.153,EXNAT_4_TMS_Psychopy2024.2.5.psyexp,2024.2.5,2025-07-29 14h46.27.272763 +0200,
0,0,0,0,0,0,0,,,,,,,,,#D292F3,623.2769362926483,False,space,correct rejection,None,460.7999324798584,text_01,4,7,2back_dual_main_click,2,Tiere,47,45,92,120,60,,,,,,,,,,22,03,yes,no,no,2025-07-29_14h42.07.153,EXNAT_4_TMS_Psychopy2024.2.5.psyexp,2024.2.5,2025-07-29 14h46.27.272763 +0200,
0,0,0,0,0,0,0,,,,,,,,,#D292F3,623.7769145965576,True,l,hit,616.7409420013428,856.8000793457031,text_01,5,7,2back_dual_main_click,2,jagte,47,46,93,120,60,623.83070063591,,,,,,,,,22,03,yes,no,no,2025-07-29_14h42.07.153,EXNAT_4_TMS_Psychopy2024.2.5.psyexp,2024.2.5,2025-07-29 14h46.27.272763 +0200,
0,0,0,0,0,0,0,,,,,,,,,#2AB7EF,624.6744418144226,False,space,correct rejection,None,503.4501552581787,text_01,6,7,2back_dual_main_click,2,Seeleuten,47,46,93,120,60,,,,,,,,,,22,03,yes,no,no,2025-07-29_14h42.07.153,EXNAT_4_TMS_Psychopy2024.2.5.psyexp,2024.2.5,2025-07-29 14h46.27.272763 +0200,
0,0,0,0,0,0,0,,,,,,,,,#F989A2,625.2167375087738,False,space,correct rejection,None,473.10352325439453,text_01,7,7,2back_dual_main_click,2,vergangener,47,46,93,120,60,,,,,,,,,,22,03,yes,no,no,2025-07-29_14h42.07.153,EXNAT_4_TMS_Psychopy2024.2.5.psyexp,2024.2.5,2025-07-29 14h46.27.272763 +0200,
0,0,0,0,0,0,0,,,,,,,,,#88BA3F,625.7316732406616,False,space,correct rejection,None,534.1198444366455,text_01,8,7,2back_dual_main_click,2,Jahrhunderte,47,46,93,120,60,,,,,,,,,,22,03,yes,no,no,2025-07-29_14h42.07.153,EXNAT_4_TMS_Psychopy2024.2.5.psyexp,2024.2.5,2025-07-29 14h46.27.272763 +0200,
0,0,0,0,0,0,0,,,,,,,,,#88BA3F,626.3063361644745,False,space,correct rejection,None,407.52148628234863,text_01,9,7,2back_dual_main_click,2,zurecht,47,46,93,120,60,,,,,,,,,,22,03,yes,no,no,2025-07-29_14h42.07.153,EXNAT_4_TMS_Psychopy2024.2.5.psyexp,2024.2.5,2025-07-29 14h46.27.272763 +0200,
0,0,0,0,0,0,0,,,,,,,,,#2AB7EF,626.7547931671143,False,space,correct rejection,None,503.09014320373535,text_01,10,7,2back_dual_main_click,2,Angst,47,46,93,120,60,,,,,,,,,,22,03,yes,no,no,2025-07-29_14h42.07.153,EXNAT_4_TMS_Psychopy2024.2.5.psyexp,2024.2.5,2025-07-29 14h46.27.272763 +0200,
0,0,0,0,0,0,0,,,,,,,,,#F989A2,627.298248052597,False,space,correct rejection,None,487.6699447631836,text_01,11,7,2back_dual_main_click,2,ein.,47,46,93,120,60,,,,,,,,,,22,03,yes,no,no,2025-07-29_14h42.07.153,EXNAT_4_TMS_Psychopy2024.2.5.psyexp,2024.2.5,2025-07-29 14h46.27.272763 +0200,
0,0,0,0,0,0,0,,,,,,,,,#2AB7EF,627.8262672424316,True,space,miss,None,487.6840114593506,text_01,12,7,2back_dual_main_click,2,Vor,47,46,93,120,60,,,,,,,,,,22,03,yes,no,no,2025-07-29_14h42.07.153,EXNAT_4_TMS_Psychopy2024.2.5.psyexp,2024.2.5,2025-07-29 14h46.27.272763 +0200,
0,0,0,0,0,0,0,,,,,,,,,#2AB7EF,628.354246377945,False,space,correct rejection,None,439.6963119506836,text_01,13,7,2back_dual_main_click,2,der,47,46,93,120,60,,,,,,,,,,22,03,yes,no,no,2025-07-29_14h42.07.153,EXNAT_4_TMS_Psychopy2024.2.5.psyexp,2024.2.5,2025-07-29 14h46.27.272763 +0200,
0,0,0,0,0,0,0,,,,,,,,,#F989A2,628.8352437019348,False,space,correct rejection,None,470.6590175628662,text_01,14,7,2back_dual_main_click,2,Küste,48,46,94,120,60,628.8865065574646,,,,,,,,,22,03,yes,no,no,2025-07-29_14h42.07.153,EXNAT_4_TMS_Psychopy2024.2.5.psyexp,2024.2.5,2025-07-29 14h46.27.272763 +0200,
0,0,0,0,0,0,0,,,,,,,,,#88BA3F,629.3458330631256,False,space,correct rejection,None,552.0162582397461,text_01,15,7,2back_dual_main_click,2,Chiles,48,46,94,120,60,,,,,,,,,,22,03,yes,no,no,2025-07-29_14h42.07.153,EXNAT_4_TMS_Psychopy2024.2.5.psyexp,2024.2.5,2025-07-29 14h46.27.272763 +0200,
0,0,0,0,0,0,0,,,,,,,,,#D292F3,629.9385902881622,False,space,correct rejection,None,599.3471145629883,text_01,16,7,2back_dual_main_click,2,tauchen,48,46,94,120,60,,,,,,,,,,22,03,yes,no,no,2025-07-29_14h42.07.153,EXNAT_4_TMS_Psychopy2024.2.5.psyexp,2024.2.5,2025-07-29 14h46.27.272763 +0200,
0,0,0,0,0,0,0,,,,,,,,,#88BA3F,630.5759007930756,True,space,miss,None,633.9473724365234,text_01,17,7,2back_dual_main_click,2,derzeit,48,46,94,120,60,,,,,,,,,,22,03,yes,no,no,2025-07-29_14h42.07.153,EXNAT_4_TMS_Psychopy2024.2.5.psyexp,2024.2.5,2025-07-29 14h46.27.272763 +0200,
0,0,0,0,0,0,0,,,,,,,,,#2AB7EF,631.250385761261,False,space,correct rejection,None,919.4090366363525,text_01,18,7,2back_dual_main_click,2,ungewöhnlich,48,46,94,120,60,,,,,,,,,,22,03,yes,no,no,2025-07-29_14h42.07.153,EXNAT_4_TMS_Psychopy2024.2.5.psyexp,2024.2.5,2025-07-29 14h46.27.272763 +0200,
0,0,0,0,0,0,0,,,,,,,,,#D292F3,632.2106349468231,False,space,correct rejection,None,535.0887775421143,text_01,19,7,2back_dual_main_click,2,viele,48,46,94,120,60,,,,,,,,,,22,03,yes,no,no,2025-07-29_14h42.07.153,EXNAT_4_TMS_Psychopy2024.2.5.psyexp,2024.2.5,2025-07-29 14h46.27.272763 +0200,
0,0,0,0,0,0,0,,,,,,,,,#2AB7EF,632.7872934341431,True,space,miss,None,582.5932025909424,text_01,20,7,2back_dual_main_click,2,große,48,46,94,120,60,,,,,,,,,,22,03,yes,no,no,2025-07-29_14h42.07.153,EXNAT_4_TMS_Psychopy2024.2.5.psyexp,2024.2.5,2025-07-29 14h46.27.272763 +0200,
0,0,0,0,0,0,0,,,,,,,,,#F989A2,633.4089984893799,False,space,correct rejection,None,440.88029861450195,text_01,21,7,2back_dual_main_click,2,Kalmare,48,46,94,120,60,,,,,,,,,,22,03,yes,no,no,2025-07-29_14h42.07.153,EXNAT_4_TMS_Psychopy2024.2.5.psyexp,2024.2.5,2025-07-29 14h46.27.272763 +0200,
0,0,0,0,0,0,0,,,,,,,,,#F989A2,633.8903434276581,False,space,correct rejection,None,631.6065788269043,text_01,22,7,2back_dual_main_click,2,auf.,48,46,94,120,60,,,,,,,,,,22,03,yes,no,no,2025-07-29_14h42.07.153,EXNAT_4_TMS_Psychopy2024.2.5.psyexp,2024.2.5,2025-07-29 14h46.27.272763 +0200,
0,0,0,0,0,0,0,,,,,,,,,#D292F3,634.5635588169098,False,space,correct rejection,None,534.3351364135742,text_01,23,7,2back_dual_main_click,2,Normalerweise,48,46,94,120,60,,,,,,,,,,22,03,yes,no,no,2025-07-29_14h42.07.153,EXNAT_4_TMS_Psychopy2024.2.5.psyexp,2024.2.5,2025-07-29 14h46.27.272763 +0200,
0,0,0,0,0,0,0,,,,,,,,,#88BA3F,635.1382625102997,False,space,correct rejection,None,487.518310546875,text_01,24,7,2back_dual_main_click,2,leben,48,46,94,120,60,,,,,,,,,,22,03,yes,no,no,2025-07-29_14h42.07.153,EXNAT_4_TMS_Psychopy2024.2.5.psyexp,2024.2.5,2025-07-29 14h46.27.272763 +0200,
0,0,0,0,0,0,0,,,,,,,,,#F989A2,635.6664972305298,False,space,correct rejection,None,551.3570308685303,text_01,25,7,2back_dual_main_click,2,sie,48,46,94,120,60,,,,,,,,,,22,03,yes,no,no,2025-07-29_14h42.07.153,EXNAT_4_TMS_Psychopy2024.2.5.psyexp,2024.2.5,2025-07-29 14h46.27.272763 +0200,
0,0,0,0,0,0,0,,,,,,,,,#2AB7EF,636.2552454471588,False,space,correct rejection,None,474.6556282043457,text_01,26,7,2back_dual_main_click,2,im,48,46,94,120,60,,,,,,,,,,22,03,yes,no,no,2025-07-29_14h42.07.153,EXNAT_4_TMS_Psychopy2024.2.5.psyexp,2024.2.5,2025-07-29 14h46.27.272763 +0200,
0,0,0,0,0,0,0,,,,,,,,,#D292F3,636.771265745163,False,space,correct rejection,None,470.63732147216797,text_01,27,7,2back_dual_main_click,2,offenen,48,46,94,120,60,,,,,,,,,,22,03,yes,no,no,2025-07-29_14h42.07.153,EXNAT_4_TMS_Psychopy2024.2.5.psyexp,2024.2.5,2025-07-29 14h46.27.272763 +0200,
0,0,0,0,0,0,0,,,,,,,,,#D292F3,637.2828059196472,False,space,correct rejection,None,375.0648498535156,text_01,28,7,2back_dual_main_click,2,Meer,48,46,94,120,60,,,,,,,,,,22,03,yes,no,no,2025-07-29_14h42.07.153,EXNAT_4_TMS_Psychopy2024.2.5.psyexp,2024.2.5,2025-07-29 14h46.27.272763 +0200,
0,0,0,0,0,0,0,,,,,,,,,#F989A2,637.6956474781036,False,space,correct rejection,None,506.1838626861572,text_01,29,7,2back_dual_main_click,2,und,48,46,94,120,60,,,,,,,,,,22,03,yes,no,no,2025-07-29_14h42.07.153,EXNAT_4_TMS_Psychopy2024.2.5.psyexp,2024.2.5,2025-07-29 14h46.27.272763 +0200,
0,0,0,0,0,0,0,,,,,,,,,#2AB7EF,638.24294090271,False,space,correct rejection,None,390.9492492675781,text_01,30,7,2back_dual_main_click,2,sind,48,46,94,120,60,,,,,,,,,,22,03,yes,no,no,2025-07-29_14h42.07.153,EXNAT_4_TMS_Psychopy2024.2.5.psyexp,2024.2.5,2025-07-29 14h46.27.272763 +0200,
0,0,0,0,0,0,0,,,,,,,,,#88BA3F,638.6728513240814,False,space,correct rejection,None,408.9772701263428,text_01,31,7,2back_dual_main_click,2,nur,48,46,94,120,60,,,,,,,,,,22,03,yes,no,no,2025-07-29_14h42.07.153,EXNAT_4_TMS_Psychopy2024.2.5.psyexp,2024.2.5,2025-07-29 14h46.27.272763 +0200,
0,0,0,0,0,0,0,,,,,,,,,#2AB7EF,639.1238234043121,True,space,miss,None,469.8765277862549,text_01,32,7,2back_dual_main_click,2,nachts,48,46,94,120,60,,,,,,,,,,22,03,yes,no,no,2025-07-29_14h42.07.153,EXNAT_4_TMS_Psychopy2024.2.5.psyexp,2024.2.5,2025-07-29 14h46.27.272763 +0200,
0,0,0,0,0,0,0,,,,,,,,,#88BA3F,639.6325664520264,True,space,miss,None,745.3210353851318,text_01,33,7,2back_dual_main_click,2,aktiv.,48,47,95,120,60,639.6876554489136,,,,,,,,,22,03,yes,no,no,2025-07-29_14h42.07.153,EXNAT_4_TMS_Psychopy2024.2.5.psyexp,2024.2.5,2025-07-29 14h46.27.272763 +0200,
0,0,0,0,0,0,0,,,,,,,,,#2AB7EF,640.4181876182556,True,space,miss,None,343.6853885650635,text_01,34,7,2back_dual_main_click,2,Jetzt,48,47,95,120,60,,,,,,,,,,22,03,yes,no,no,2025-07-29_14h42.07.153,EXNAT_4_TMS_Psychopy2024.2.5.psyexp,2024.2.5,2025-07-29 14h46.27.272763 +0200,
0,0,0,0,0,0,0,,,,,,,,,#F989A2,640.800933599472,False,space,correct rejection,None,696.8848705291748,text_01,35,7,2back_dual_main_click,2,aber,48,47,95,120,60,,,,,,,,,,22,03,yes,no,no,2025-07-29_14h42.07.153,EXNAT_4_TMS_Psychopy2024.2.5.psyexp,2024.2.5,2025-07-29 14h46.27.272763 +0200,
0,0,0,0,0,0,0,,,,,,,,,#88BA3F,641.5384964942932,False,space,correct rejection,None,391.3564682006836,text_01,36,7,2back_dual_main_click,2,jagen,48,47,95,120,60,,,,,,,,,,22,03,yes,no,no,2025-07-29_14h42.07.153,EXNAT_4_TMS_Psychopy2024.2.5.psyexp,2024.2.5,2025-07-29 14h46.27.272763 +0200,
0,0,0,0,0,0,0,,,,,,,,,#88BA3F,641.96648645401,False,space,correct rejection,None,459.3634605407715,text_01,37,7,2back_dual_main_click,2,sie,48,47,95,120,60,,,,,,,,,,22,03,yes,no,no,2025-07-29_14h42.07.153,EXNAT_4_TMS_Psychopy2024.2.5.psyexp,2024.2.5,2025-07-29 14h46.27.272763 +0200,
0,0,0,0,0,0,0,,,,,,,,,#88BA3F,642.4650654792786,True,l,hit,712.8229141235352,952.7583122253418,text_01,38,7,2back_dual_main_click,2,auch,48,47,95,120,60,,,,,,,,,,22,03,yes,no,no,2025-07-29_14h42.07.153,EXNAT_4_TMS_Psychopy2024.2.5.psyexp,2024.2.5,2025-07-29 14h46.27.272763 +0200,
0,0,0,0,0,0,0,,,,,,,,,#F989A2,643.4594147205353,False,space,correct rejection,None,550.544261932373,text_01,39,7,2back_dual_main_click,2,tagsüber,48,47,95,120,60,,,,,,,,,,22,03,yes,no,no,2025-07-29_14h42.07.153,EXNAT_4_TMS_Psychopy2024.2.5.psyexp,2024.2.5,2025-07-29 14h46.27.272763 +0200,
0,0,0,0,0,0,0,,,,,,,,,#2AB7EF,644.0467352867126,False,space,correct rejection,None,475.07190704345703,text_01,40,7,2back_dual_main_click,2,in,48,47,95,120,60,,,,,,,,,,22,03,yes,no,no,2025-07-29_14h42.07.153,EXNAT_4_TMS_Psychopy2024.2.5.psyexp,2024.2.5,2025-07-29 14h46.27.272763 +0200,
0,0,0,0,0,0,0,,,,,,,,,#D292F3,644.5621364116669,False,space,correct rejection,None,439.72015380859375,text_01,41,7,2back_dual_main_click,2,flachen,49,47,96,120,60,644.6876289844513,,,,,,,,,22,03,yes,no,no,2025-07-29_14h42.07.153,EXNAT_4_TMS_Psychopy2024.2.5.psyexp,2024.2.5,2025-07-29 14h46.27.272763 +0200,
0,0,0,0,0,0,0,,,,,,,,,#2AB7EF,645.0419631004333,True,space,miss,None,408.0359935760498,text_01,42,7,2back_dual_main_click,2,Gewässern,49,47,96,120,60,,,,,,,,,,22,03,yes,no,no,2025-07-29_14h42.07.153,EXNAT_4_TMS_Psychopy2024.2.5.psyexp,2024.2.5,2025-07-29 14h46.27.272763 +0200,
0,0,0,0,0,0,0,,,,,,,,,#88BA3F,645.489696264267,False,space,correct rejection,None,504.23598289489746,text_01,43,7,2back_dual_main_click,2,sehr,49,47,96,120,60,,,,,,,,,,22,03,yes,no,no,2025-07-29_14h42.07.153,EXNAT_4_TMS_Psychopy2024.2.5.psyexp,2024.2.5,2025-07-29 14h46.27.272763 +0200,
0,0,0,0,0,0,0,,,,,,,,,#2AB7EF,646.0349943637848,True,space,miss,None,422.85656929016113,text_01,44,7,2back_dual_main_click,2,zum,49,47,96,120,60,,,,,,,,,,22,03,yes,no,no,2025-07-29_14h42.07.153,EXNAT_4_TMS_Psychopy2024.2.5.psyexp,2024.2.5,2025-07-29 14h46.27.272763 +0200,
0,0,0,0,0,0,0,,,,,,,,,#88BA3F,646.497757434845,True,space,miss,None,456.1159610748291,text_01,45,7,2back_dual_main_click,2,Ärger,49,47,96,120,60,,,,,,,,,,22,03,yes,no,no,2025-07-29_14h42.07.153,EXNAT_4_TMS_Psychopy2024.2.5.psyexp,2024.2.5,2025-07-29 14h46.27.272763 +0200,
0,0,0,0,0,0,0,,,,,,,,,#D292F3,646.9949111938477,False,space,correct rejection,None,375.02050399780273,text_01,46,7,2back_dual_main_click,2,der,49,47,96,120,60,,,,,,,,,,22,03,yes,no,no,2025-07-29_14h42.07.153,EXNAT_4_TMS_Psychopy2024.2.5.psyexp,2024.2.5,2025-07-29 14h46.27.272763 +0200,
0,0,0,0,0,0,0,,,,,,,,,#F989A2,647.4110214710236,False,space,correct rejection,None,806.7781925201416,text_01,47,7,2back_dual_main_click,2,Fischer.,49,47,96,120,60,,,,,,,,,,22,03,yes,no,no,2025-07-29_14h42.07.153,EXNAT_4_TMS_Psychopy2024.2.5.psyexp,2024.2.5,2025-07-29 14h46.27.272763 +0200,
0,0,0,0,0,0,0,,,,,,,,,#F989A2,648.2573504447937,False,space,correct rejection,None,376.53303146362305,text_01,48,7,2back_dual_main_click,2,Die,49,47,96,120,60,,,,,,,,,,22,03,yes,no,no,2025-07-29_14h42.07.153,EXNAT_4_TMS_Psychopy2024.2.5.psyexp,2024.2.5,2025-07-29 14h46.27.272763 +0200,
0,0,0,0,0,0,0,,,,,,,,,#88BA3F,648.6724324226379,False,space,correct rejection,None,777.4355411529541,text_01,49,7,2back_dual_main_click,2,Kalmare,49,47,96,120,60,,,,,,,,,,22,03,yes,no,no,2025-07-29_14h42.07.153,EXNAT_4_TMS_Psychopy2024.2.5.psyexp,2024.2.5,2025-07-29 14h46.27.272763 +0200,
0,0,0,0,0,0,0,,,,,,,,,#2AB7EF,649.4895367622375,False,space,correct rejection,None,712.263822555542,text_01,50,7,2back_dual_main_click,2,fressen,49,47,96,120,60,,,,,,,,,,22,03,yes,no,no,2025-07-29_14h42.07.153,EXNAT_4_TMS_Psychopy2024.2.5.psyexp,2024.2.5,2025-07-29 14h46.27.272763 +0200,
0,0,0,0,0,0,0,,,,,,,,,#D292F3,650.2418384552002,False,space,correct rejection,None,552.1862506866455,text_01,51,7,2back_dual_main_click,2,große,49,47,96,120,60,,,,,,,,,,22,03,yes,no,no,2025-07-29_14h42.07.153,EXNAT_4_TMS_Psychopy2024.2.5.psyexp,2024.2.5,2025-07-29 14h46.27.272763 +0200,
0,0,0,0,0,0,0,,,,,,,,,#D292F3,650.835622549057,False,space,correct rejection,None,518.3734893798828,text_01,52,7,2back_dual_main_click,2,Mengen,49,47,96,120,60,,,,,,,,,,22,03,yes,no,no,2025-07-29_14h42.07.153,EXNAT_4_TMS_Psychopy2024.2.5.psyexp,2024.2.5,2025-07-29 14h46.27.272763 +0200,
0,0,0,0,0,0,0,,,,,,,,,#D292F3,651.3926734924316,True,space,miss,None,473.0663299560547,text_01,53,7,2back_dual_main_click,2,an,49,48,97,120,60,651.4490356445312,,,,,,,,,22,03,yes,no,no,2025-07-29_14h42.07.153,EXNAT_4_TMS_Psychopy2024.2.5.psyexp,2024.2.5,2025-07-29 14h46.27.272763 +0200,
0,0,0,0,0,0,0,,,,,,,,,#2AB7EF,651.9057052135468,False,space,correct rejection,None,744.0371513366699,text_01,54,7,2back_dual_main_click,2,Sardinen,49,48,97,120,60,,,,,,,,,,22,03,yes,no,no,2025-07-29_14h42.07.153,EXNAT_4_TMS_Psychopy2024.2.5.psyexp,2024.2.5,2025-07-29 14h46.27.272763 +0200,
0,0,0,0,0,0,0,,,,,,,,,#88BA3F,652.6898930072784,False,space,correct rejection,None,536.0193252563477,text_01,55,7,2back_dual_main_click,2,Sardellen,49,48,97,120,60,,,,,,,,,,22,03,yes,no,no,2025-07-29_14h42.07.153,EXNAT_4_TMS_Psychopy2024.2.5.psyexp,2024.2.5,2025-07-29 14h46.27.272763 +0200,
0,0,0,0,0,0,0,,,,,,,,,#F989A2,653.2632546424866,False,space,correct rejection,None,522.6445198059082,text_01,56,7,2back_dual_main_click,2,und,49,48,97,120,60,,,,,,,,,,22,03,yes,no,no,2025-07-29_14h42.07.153,EXNAT_4_TMS_Psychopy2024.2.5.psyexp,2024.2.5,2025-07-29 14h46.27.272763 +0200,
0,0,0,0,0,0,0,,,,,,,,,#F989A2,653.827216386795,False,space,correct rejection,None,694.683313369751,text_01,57,7,2back_dual_main_click,2,Hechten.,49,48,97,120,60,,,,,,,,,,22,03,yes,no,no,2025-07-29_14h42.07.153,EXNAT_4_TMS_Psychopy2024.2.5.psyexp,2024.2.5,2025-07-29 14h46.27.272763 +0200,
0,0,0,0,0,0,0,,,,,,,,,#F989A2,654.5607962608337,True,space,miss,None,377.14433670043945,text_01,58,7,2back_dual_main_click,2,Der,49,48,97,120,60,,,,,,,,,,22,03,yes,no,no,2025-07-29_14h42.07.153,EXNAT_4_TMS_Psychopy2024.2.5.psyexp,2024.2.5,2025-07-29 14h46.27.272763 +0200,
0,0,0,0,0,0,0,,,,,,,,,#F989A2,654.9771990776062,True,l,hit,440.8106803894043,776.7019271850586,text_01,59,7,2back_dual_main_click,2,Grund,49,48,97,120,60,,,,,,,,,,22,03,yes,no,no,2025-07-29_14h42.07.153,EXNAT_4_TMS_Psychopy2024.2.5.psyexp,2024.2.5,2025-07-29 14h46.27.272763 +0200,
0,0,0,0,0,0,0,,,,,,,,,#2AB7EF,655.7926514148712,False,space,correct rejection,None,617.3017024993896,text_01,60,7,2back_dual_main_click,2,für,49,48,97,120,60,,,,,,,,,,22,03,yes,no,no,2025-07-29_14h42.07.153,EXNAT_4_TMS_Psychopy2024.2.5.psyexp,2024.2.5,2025-07-29 14h46.27.272763 +0200,
0,0,0,0,0,0,0,,,,,,,,,#D292F3,656.4500091075897,False,space,correct rejection,None,487.9779815673828,text_01,61,7,2back_dual_main_click,2,ihr,50,48,98,120,60,656.5050640106201,,,,,,,,,22,03,yes,no,no,2025-07-29_14h42.07.153,EXNAT_4_TMS_Psychopy2024.2.5.psyexp,2024.2.5,2025-07-29 14h46.27.272763 +0200,
0,0,0,0,0,0,0,,,,,,,,,#F989A2,656.9788844585419,False,l,false alarm,407.0923328399658,710.7815742492676,text_01,62,7,2back_dual_main_click,2,plötzliches,50,48,98,120,60,,,,,,,,,,22,03,yes,no,no,2025-07-29_14h42.07.153,EXNAT_4_TMS_Psychopy2024.2.5.psyexp,2024.2.5,2025-07-29 14h46.27.272763 +0200,
0,0,0,0,0,0,0,,,,,,,,,#88BA3F,657.7312388420105,False,space,correct rejection,None,566.702127456665,text_01,63,7,2back_dual_main_click,2,Auftreten:,50,48,98,120,60,,,,,,,,,,22,03,yes,no,no,2025-07-29_14h42.07.153,EXNAT_4_TMS_Psychopy2024.2.5.psyexp,2024.2.5,2025-07-29 14h46.27.272763 +0200,
0,0,0,0,0,0,0,,,,,,,,,#2AB7EF,658.3372912406921,False,space,correct rejection,None,408.7202548980713,text_01,64,7,2back_dual_main_click,2,Das,50,48,98,120,60,,,,,,,,,,22,03,yes,no,no,2025-07-29_14h42.07.153,EXNAT_4_TMS_Psychopy2024.2.5.psyexp,2024.2.5,2025-07-29 14h46.27.272763 +0200,
0,0,0,0,0,0,0,,,,,,,,,#D292F3,658.7868402004242,False,space,correct rejection,None,551.1186122894287,text_01,65,7,2back_dual_main_click,2,Meer,50,48,98,120,60,,,,,,,,,,22,03,yes,no,no,2025-07-29_14h42.07.153,EXNAT_4_TMS_Psychopy2024.2.5.psyexp,2024.2.5,2025-07-29 14h46.27.272763 +0200,
0,0,0,0,0,0,0,,,,,,,,,#2AB7EF,659.3777921199799,True,l,hit,488.25693130493164,760.0727081298828,text_01,66,7,2back_dual_main_click,2,war,50,48,98,120,60,,,,,,,,,,22,03,yes,no,no,2025-07-29_14h42.07.153,EXNAT_4_TMS_Psychopy2024.2.5.psyexp,2024.2.5,2025-07-29 14h46.27.272763 +0200,
0,0,0,0,0,0,0,,,,,,,,,#88BA3F,660.175669670105,False,space,correct rejection,None,474.4226932525635,text_01,67,7,2back_dual_main_click,2,im,50,48,98,120,60,,,,,,,,,,22,03,yes,no,no,2025-07-29_14h42.07.153,EXNAT_4_TMS_Psychopy2024.2.5.psyexp,2024.2.5,2025-07-29 14h46.27.272763 +0200,
0,0,0,0,0,0,0,,,,,,,,,#F989A2,660.6909611225128,False,space,correct rejection,None,503.01456451416016,text_01,68,7,2back_dual_main_click,2,Februar,50,48,98,120,60,,,,,,,,,,22,03,yes,no,no,2025-07-29_14h42.07.153,EXNAT_4_TMS_Psychopy2024.2.5.psyexp,2024.2.5,2025-07-29 14h46.27.272763 +0200,
0,0,0,0,0,0,0,,,,,,,,,#2AB7EF,661.2348229885101,False,space,correct rejection,None,454.8819065093994,text_01,69,7,2back_dual_main_click,2,ungewöhnlich,50,48,98,120,60,,,,,,,,,,22,03,yes,no,no,2025-07-29_14h42.07.153,EXNAT_4_TMS_Psychopy2024.2.5.psyexp,2024.2.5,2025-07-29 14h46.27.272763 +0200,
0,0,0,0,0,0,0,,,,,,,,,#88BA3F,661.7305896282196,False,space,correct rejection,None,695.47438621521,text_01,70,7,2back_dual_main_click,2,"warm,",50,48,98,120,60,,,,,,,,,,22,03,yes,no,no,2025-07-29_14h42.07.153,EXNAT_4_TMS_Psychopy2024.2.5.psyexp,2024.2.5,2025-07-29 14h46.27.272763 +0200,
0,0,0,0,0,0,0,,,,,,,,,#2AB7EF,662.4648146629333,True,space,miss,None,505.124568939209,text_01,71,7,2back_dual_main_click,2,weshalb,50,49,99,120,60,662.5203924179077,,,,,,,,,22,03,yes,no,no,2025-07-29_14h42.07.153,EXNAT_4_TMS_Psychopy2024.2.5.psyexp,2024.2.5,2025-07-29 14h46.27.272763 +0200,
0,0,0,0,0,0,0,,,,,,,,,#F989A2,663.0098431110382,False,space,correct rejection,None,376.0697841644287,text_01,72,7,2back_dual_main_click,2,sich,50,49,99,120,60,,,,,,,,,,22,03,yes,no,no,2025-07-29_14h42.07.153,EXNAT_4_TMS_Psychopy2024.2.5.psyexp,2024.2.5,2025-07-29 14h46.27.272763 +0200,
0,0,0,0,0,0,0,,,,,,,,,#F989A2,663.4256362915039,False,space,correct rejection,None,600.1460552215576,text_01,73,7,2back_dual_main_click,2,viele,50,49,99,120,60,,,,,,,,,,22,03,yes,no,no,2025-07-29_14h42.07.153,EXNAT_4_TMS_Psychopy2024.2.5.psyexp,2024.2.5,2025-07-29 14h46.27.272763 +0200,
0,0,0,0,0,0,0,,,,,,,,,#2AB7EF,664.0630445480347,False,space,correct rejection,None,602.9212474822998,text_01,74,7,2back_dual_main_click,2,kleine,50,49,99,120,60,,,,,,,,,,22,03,yes,no,no,2025-07-29_14h42.07.153,EXNAT_4_TMS_Psychopy2024.2.5.psyexp,2024.2.5,2025-07-29 14h46.27.272763 +0200,
0,0,0,0,0,0,0,,,,,,,,,#D292F3,664.7049469947815,False,space,correct rejection,None,665.055513381958,text_01,75,7,2back_dual_main_click,2,Beutefische,50,49,99,120,60,,,,,,,,,,22,03,yes,no,no,2025-07-29_14h42.07.153,EXNAT_4_TMS_Psychopy2024.2.5.psyexp,2024.2.5,2025-07-29 14h46.27.272763 +0200,
0,0,0,0,0,0,0,,,,,,,,,#D292F3,665.4075500965118,False,space,correct rejection,None,778.5124778747559,text_01,76,7,2back_dual_main_click,2,nahe,50,49,99,120,60,,,,,,,,,,22,03,yes,no,no,2025-07-29_14h42.07.153,EXNAT_4_TMS_Psychopy2024.2.5.psyexp,2024.2.5,2025-07-29 14h46.27.272763 +0200,
0,0,0,0,0,0,0,,,,,,,,,#F989A2,666.2252953052521,False,space,correct rejection,None,760.408878326416,text_01,77,7,2back_dual_main_click,2,der,50,49,99,120,60,,,,,,,,,,22,03,yes,no,no,2025-07-29_14h42.07.153,EXNAT_4_TMS_Psychopy2024.2.5.psyexp,2024.2.5,2025-07-29 14h46.27.272763 +0200,
0,0,0,0,0,0,0,,,,,,,,,#88BA3F,667.0233767032623,False,space,correct rejection,None,602.6425361633301,text_01,78,7,2back_dual_main_click,2,Küste,50,49,99,120,60,,,,,,,,,,22,03,yes,no,no,2025-07-29_14h42.07.153,EXNAT_4_TMS_Psychopy2024.2.5.psyexp,2024.2.5,2025-07-29 14h46.27.272763 +0200,
0,0,0,0,0,0,0,,,,,,,,,#88BA3F,667.6670775413513,False,space,correct rejection,None,438.88306617736816,text_01,79,7,2back_dual_main_click,2,sammelten.,51,49,100,120,60,667.7208118438721,,,,,,,,,22,03,yes,no,no,2025-07-29_14h42.07.153,EXNAT_4_TMS_Psychopy2024.2.5.psyexp,2024.2.5,2025-07-29 14h46.27.272763 +0200,
0,0,0,0,0,0,0,,,,,,,,,#88BA3F,668.1459574699402,True,l,hit,519.848108291626,855.9293746948242,text_01,80,7,2back_dual_main_click,2,Die,51,49,100,120,60,,,,,,,,,,22,03,yes,no,no,2025-07-29_14h42.07.153,EXNAT_4_TMS_Psychopy2024.2.5.psyexp,2024.2.5,2025-07-29 14h46.27.272763 +0200,
0,0,0,0,0,0,0,,,,,,,,,#2AB7EF,669.0416612625122,False,space,correct rejection,None,472.37277030944824,text_01,81,7,2back_dual_main_click,2,Kalmare,51,49,100,120,60,,,,,,,,,,22,03,yes,no,no,2025-07-29_14h42.07.153,EXNAT_4_TMS_Psychopy2024.2.5.psyexp,2024.2.5,2025-07-29 14h46.27.272763 +0200,
0,0,0,0,0,0,0,,,,,,,,,#F989A2,669.5543596744537,False,space,correct rejection,None,567.6169395446777,text_01,82,7,2back_dual_main_click,2,wurden,51,49,100,120,60,,,,,,,,,,22,03,yes,no,no,2025-07-29_14h42.07.153,EXNAT_4_TMS_Psychopy2024.2.5.psyexp,2024.2.5,2025-07-29 14h46.27.272763 +0200,
0,0,0,0,0,0,0,,,,,,,,,#88BA3F,670.163054227829,False,space,correct rejection,None,470.8106517791748,text_01,83,7,2back_dual_main_click,2,davon,51,49,100,120,60,,,,,,,,,,22,03,yes,no,no,2025-07-29_14h42.07.153,EXNAT_4_TMS_Psychopy2024.2.5.psyexp,2024.2.5,2025-07-29 14h46.27.272763 +0200,
0,0,0,0,0,0,0,,,,,,,,,#D292F3,670.6745507717133,False,space,correct rejection,None,711.4114761352539,text_01,84,7,2back_dual_main_click,2,angelockt.,51,49,100,120,60,,,,,,,,,,22,03,yes,no,no,2025-07-29_14h42.07.153,EXNAT_4_TMS_Psychopy2024.2.5.psyexp,2024.2.5,2025-07-29 14h46.27.272763 +0200,
0,0,0,0,0,0,0,,,,,,,,,#F989A2,671.4266991615295,False,space,correct rejection,None,519.3440914154053,text_01,85,7,2back_dual_main_click,2,Für,51,49,100,120,60,,,,,,,,,,22,03,yes,no,no,2025-07-29_14h42.07.153,EXNAT_4_TMS_Psychopy2024.2.5.psyexp,2024.2.5,2025-07-29 14h46.27.272763 +0200,
0,0,0,0,0,0,0,,,,,,,,,#88BA3F,671.9868531227112,False,space,correct rejection,None,391.1783695220947,text_01,86,7,2back_dual_main_click,2,Meeresbiologen,51,49,100,120,60,,,,,,,,,,22,03,yes,no,no,2025-07-29_14h42.07.153,EXNAT_4_TMS_Psychopy2024.2.5.psyexp,2024.2.5,2025-07-29 14h46.27.272763 +0200,
0,0,0,0,0,0,0,,,,,,,,,#88BA3F,672.4177670478821,False,space,correct rejection,None,663.9277935028076,text_01,87,7,2back_dual_main_click,2,ist,51,49,100,120,60,,,,,,,,,,22,03,yes,no,no,2025-07-29_14h42.07.153,EXNAT_4_TMS_Psychopy2024.2.5.psyexp,2024.2.5,2025-07-29 14h46.27.272763 +0200,
0,0,0,0,0,0,0,,,,,,,,,#2AB7EF,673.1211411952972,False,space,correct rejection,None,584.8963260650635,text_01,88,7,2back_dual_main_click,2,das,51,49,100,120,60,,,,,,,,,,22,03,yes,no,no,2025-07-29_14h42.07.153,EXNAT_4_TMS_Psychopy2024.2.5.psyexp,2024.2.5,2025-07-29 14h46.27.272763 +0200,
0,0,0,0,0,0,0,,,,,,,,,#2AB7EF,673.7457182407379,False,space,correct rejection,None,488.2805347442627,text_01,89,7,2back_dual_main_click,2,eine,51,49,100,120,60,,,,,,,,,,22,03,yes,no,no,2025-07-29_14h42.07.153,EXNAT_4_TMS_Psychopy2024.2.5.psyexp,2024.2.5,2025-07-29 14h46.27.272763 +0200,
0,0,0,0,0,0,0,,,,,,,,,#D292F3,674.273514509201,False,space,correct rejection,None,648.5600471496582,text_01,90,7,2back_dual_main_click,2,seltene,51,49,100,120,60,,,,,,,,,,22,03,yes,no,no,2025-07-29_14h42.07.153,EXNAT_4_TMS_Psychopy2024.2.5.psyexp,2024.2.5,2025-07-29 14h46.27.272763 +0200,
0,0,0,0,0,0,0,,,,,,,,,#D292F3,674.9630167484283,False,space,correct rejection,None,614.9799823760986,text_01,91,7,2back_dual_main_click,2,Gelegenheit,51,49,100,120,60,,,,,,,,,,22,03,yes,no,no,2025-07-29_14h42.07.153,EXNAT_4_TMS_Psychopy2024.2.5.psyexp,2024.2.5,2025-07-29 14h46.27.272763 +0200,
0,0,0,0,0,0,0,,,,,,,,,#F989A2,675.61740899086,False,space,correct rejection,None,600.6026268005371,text_01,92,7,2back_dual_main_click,2,diese,51,49,100,120,60,,,,,,,,,,22,03,yes,no,no,2025-07-29_14h42.07.153,EXNAT_4_TMS_Psychopy2024.2.5.psyexp,2024.2.5,2025-07-29 14h46.27.272763 +0200,
0,0,0,0,0,0,0,,,,,,,,,#D292F3,676.2581276893616,True,space,miss,None,535.9053611755371,text_01,93,7,2back_dual_main_click,2,Tiere,51,50,101,120,60,676.3147480487823,,,,,,,,,22,03,yes,no,no,2025-07-29_14h42.07.153,EXNAT_4_TMS_Psychopy2024.2.5.psyexp,2024.2.5,2025-07-29 14h46.27.272763 +0200,
0,0,0,0,0,0,0,,,,,,,,,#88BA3F,676.8341145515442,False,space,correct rejection,None,519.7620391845703,text_01,94,7,2back_dual_main_click,2,aus,51,50,101,120,60,,,,,,,,,,22,03,yes,no,no,2025-07-29_14h42.07.153,EXNAT_4_TMS_Psychopy2024.2.5.psyexp,2024.2.5,2025-07-29 14h46.27.272763 +0200,
0,0,0,0,0,0,0,,,,,,,,,#F989A2,677.3928525447845,False,space,correct rejection,None,649.0378379821777,text_01,95,7,2back_dual_main_click,2,der,51,50,101,120,60,,,,,,,,,,22,03,yes,no,no,2025-07-29_14h42.07.153,EXNAT_4_TMS_Psychopy2024.2.5.psyexp,2024.2.5,2025-07-29 14h46.27.272763 +0200,
0,0,0,0,0,0,0,,,,,,,,,#2AB7EF,678.0831003189087,False,space,correct rejection,None,502.93827056884766,text_01,96,7,2back_dual_main_click,2,Nähe,51,50,101,120,60,,,,,,,,,,22,03,yes,no,no,2025-07-29_14h42.07.153,EXNAT_4_TMS_Psychopy2024.2.5.psyexp,2024.2.5,2025-07-29 14h46.27.272763 +0200,
0,0,0,0,0,0,0,,,,,,,,,#F989A2,678.6274783611298,True,space,miss,None,438.44151496887207,text_01,97,7,2back_dual_main_click,2,zu,51,50,101,120,60,,,,,,,,,,22,03,yes,no,no,2025-07-29_14h42.07.153,EXNAT_4_TMS_Psychopy2024.2.5.psyexp,2024.2.5,2025-07-29 14h46.27.272763 +0200,
0,0,0,0,0,0,0,,,,,,,,,#D292F3,679.1051161289215,False,space,correct rejection,None,744.971752166748,text_01,98,7,2back_dual_main_click,2,beobachten.,51,50,101,120,60,,,,,,,,,,22,03,yes,no,no,2025-07-29_14h42.07.153,EXNAT_4_TMS_Psychopy2024.2.5.psyexp,2024.2.5,2025-07-29 14h46.27.272763 +0200,
0,0,0,0,0,0,0,,,,,,,,,#2AB7EF,679.8881924152374,False,space,correct rejection,None,521.735668182373,text_01,99,7,2back_dual_main_click,2,Denn,51,50,101,120,60,,,,,,,,,,22,03,yes,no,no,2025-07-29_14h42.07.153,EXNAT_4_TMS_Psychopy2024.2.5.psyexp,2024.2.5,2025-07-29 14h46.27.272763 +0200,
0,0,0,0,0,0,0,,,,,,,,,#88BA3F,680.4506886005402,False,space,correct rejection,None,391.24274253845215,text_01,100,7,2back_dual_main_click,2,große,51,50,101,120,60,,,,,,,,,,22,03,yes,no,no,2025-07-29_14h42.07.153,EXNAT_4_TMS_Psychopy2024.2.5.psyexp,2024.2.5,2025-07-29 14h46.27.272763 +0200,
0,0,0,0,0,0,0,,,,,,,,,#2AB7EF,680.8813576698303,True,l,hit,408.65445137023926,744.4863319396973,text_01,101,7,2back_dual_main_click,2,Kalmare,51,51,102,120,60,681.3146166801453,,,,,,,,,22,03,yes,no,no,2025-07-29_14h42.07.153,EXNAT_4_TMS_Psychopy2024.2.5.psyexp,2024.2.5,2025-07-29 14h46.27.272763 +0200,
0,0,0,0,0,0,0,,,,,,,,,#D292F3,681.6631953716278,False,space,correct rejection,None,554.7072887420654,text_01,102,7,2back_dual_main_click,2,lassen,51,51,102,120,60,,,,,,,,,,22,03,yes,no,no,2025-07-29_14h42.07.153,EXNAT_4_TMS_Psychopy2024.2.5.psyexp,2024.2.5,2025-07-29 14h46.27.272763 +0200,
0,0,0,0,0,0,0,,,,,,,,,#F989A2,682.2568953037262,False,space,correct rejection,None,585.0887298583984,text_01,103,7,2back_dual_main_click,2,sich,51,51,102,120,60,,,,,,,,,,22,03,yes,no,no,2025-07-29_14h42.07.153,EXNAT_4_TMS_Psychopy2024.2.5.psyexp,2024.2.5,2025-07-29 14h46.27.272763 +0200,
0,0,0,0,0,0,0,,,,,,,,,#2AB7EF,682.8831708431244,False,space,correct rejection,None,726.7539501190186,text_01,104,7,2back_dual_main_click,2,nur,51,51,102,120,60,,,,,,,,,,22,03,yes,no,no,2025-07-29_14h42.07.153,EXNAT_4_TMS_Psychopy2024.2.5.psyexp,2024.2.5,2025-07-29 14h46.27.272763 +0200,
0,0,0,0,0,0,0,,,,,,,,,#2AB7EF,683.6492347717285,False,space,correct rejection,None,552.7257919311523,text_01,105,7,2back_dual_main_click,2,schwer,51,51,102,120,60,,,,,,,,,,22,03,yes,no,no,2025-07-29_14h42.07.153,EXNAT_4_TMS_Psychopy2024.2.5.psyexp,2024.2.5,2025-07-29 14h46.27.272763 +0200,
0,0,0,0,0,0,0,,,,,,,,,#88BA3F,684.2406940460205,False,space,correct rejection,None,473.30260276794434,text_01,106,7,2back_dual_main_click,2,filmen.,51,51,102,120,60,,,,,,,,,,22,03,yes,no,no,2025-07-29_14h42.07.153,EXNAT_4_TMS_Psychopy2024.2.5.psyexp,2024.2.5,2025-07-29 14h46.27.272763 +0200,
0,0,0,0,0,0,0,,,,,,,,,#F989A2,684.7550432682037,False,space,correct rejection,None,486.77992820739746,text_01,107,7,2back_dual_main_click,2,Ein,51,51,102,120,60,,,,,,,,,,22,03,yes,no,no,2025-07-29_14h42.07.153,EXNAT_4_TMS_Psychopy2024.2.5.psyexp,2024.2.5,2025-07-29 14h46.27.272763 +0200,
0,0,0,0,0,0,0,,,,,,,,,#D292F3,685.2805891036987,False,space,correct rejection,None,585.331916809082,text_01,108,7,2back_dual_main_click,2,Biologe,51,51,102,120,60,,,,,,,,,,22,03,yes,no,no,2025-07-29_14h42.07.153,EXNAT_4_TMS_Psychopy2024.2.5.psyexp,2024.2.5,2025-07-29 14h46.27.272763 +0200,
0,0,0,0,0,0,0,,,,,,,,,#2AB7EF,685.9067208766937,False,space,correct rejection,None,743.187427520752,text_01,109,7,2back_dual_main_click,2,aus,52,51,103,120,60,686.3146810531616,,,,,,,,,22,03,yes,no,no,2025-07-29_14h42.07.153,EXNAT_4_TMS_Psychopy2024.2.5.psyexp,2024.2.5,2025-07-29 14h46.27.272763 +0200,
0,0,0,0,0,0,0,,,,,,,,,#F989A2,686.6913120746613,False,l,false alarm,374.7272491455078,694.5443153381348,text_01,110,7,2back_dual_main_click,2,Neuseeland,52,51,103,120,60,,,,,,,,,,22,03,yes,no,no,2025-07-29_14h42.07.153,EXNAT_4_TMS_Psychopy2024.2.5.psyexp,2024.2.5,2025-07-29 14h46.27.272763 +0200,
0,0,0,0,0,0,0,,,,,,,,,#88BA3F,687.4237833023071,False,space,correct rejection,None,474.088191986084,text_01,111,7,2back_dual_main_click,2,will,52,51,103,120,60,,,,,,,,,,22,03,yes,no,no,2025-07-29_14h42.07.153,EXNAT_4_TMS_Psychopy2024.2.5.psyexp,2024.2.5,2025-07-29 14h46.27.272763 +0200,
0,0,0,0,0,0,0,,,,,,,,,#F989A2,687.9381246566772,True,space,miss,None,663.6419296264648,text_01,112,7,2back_dual_main_click,2,versuchen,52,51,103,120,60,,,,,,,,,,22,03,yes,no,no,2025-07-29_14h42.07.153,EXNAT_4_TMS_Psychopy2024.2.5.psyexp,2024.2.5,2025-07-29 14h46.27.272763 +0200,
0,0,0,0,0,0,0,,,,,,,,,#D292F3,688.641419172287,False,space,correct rejection,None,504.5921802520752,text_01,113,7,2back_dual_main_click,2,sie,52,51,103,120,60,,,,,,,,,,22,03,yes,no,no,2025-07-29_14h42.07.153,EXNAT_4_TMS_Psychopy2024.2.5.psyexp,2024.2.5,2025-07-29 14h46.27.272763 +0200,
0,0,0,0,0,0,0,,,,,,,,,#2AB7EF,689.1838550567627,False,space,correct rejection,None,394.2115306854248,text_01,114,7,2back_dual_main_click,2,mit,52,51,103,120,60,,,,,,,,,,22,03,yes,no,no,2025-07-29_14h42.07.153,EXNAT_4_TMS_Psychopy2024.2.5.psyexp,2024.2.5,2025-07-29 14h46.27.272763 +0200,
0,0,0,0,0,0,0,,,,,,,,,#D292F3,689.6195676326752,True,l,hit,422.2373962402344,726.177453994751,text_01,115,7,2back_dual_main_click,2,Sexualhormonen,52,51,103,120,60,,,,,,,,,,22,03,yes,no,no,2025-07-29_14h42.07.153,EXNAT_4_TMS_Psychopy2024.2.5.psyexp,2024.2.5,2025-07-29 14h46.27.272763 +0200,
0,0,0,0,0,0,0,,,,,,,,,#D292F3,690.386447429657,False,space,correct rejection,None,423.4957695007324,text_01,116,7,2back_dual_main_click,2,vor,52,51,103,120,60,,,,,,,,,,22,03,yes,no,no,2025-07-29_14h42.07.153,EXNAT_4_TMS_Psychopy2024.2.5.psyexp,2024.2.5,2025-07-29 14h46.27.272763 +0200,
0,0,0,0,0,0,0,,,,,,,,,#88BA3F,690.8481347560883,False,space,correct rejection,None,521.8772888183594,text_01,117,7,2back_dual_main_click,2,die,52,51,103,120,60,,,,,,,,,,22,03,yes,no,no,2025-07-29_14h42.07.153,EXNAT_4_TMS_Psychopy2024.2.5.psyexp,2024.2.5,2025-07-29 14h46.27.272763 +0200,
0,0,0,0,0,0,0,,,,,,,,,#D292F3,691.4108490943909,True,space,miss,None,679.0573596954346,text_01,118,7,2back_dual_main_click,2,Kamera,52,52,104,120,60,691.4640164375305,,,,,,,,,22,03,yes,no,no,2025-07-29_14h42.07.153,EXNAT_4_TMS_Psychopy2024.2.5.psyexp,2024.2.5,2025-07-29 14h46.27.272763 +0200,
0,0,0,0,0,0,0,,,,,,,,,#88BA3F,692.1287474632263,True,space,miss,None,409.20519828796387,text_01,119,7,2back_dual_main_click,2,zu,52,52,104,120,60,,,,,,,,,,22,03,yes,no,no,2025-07-29_14h42.07.153,EXNAT_4_TMS_Psychopy2024.2.5.psyexp,2024.2.5,2025-07-29 14h46.27.272763 +0200,
0,0,0,0,0,0,0,,,,,,,,,#2AB7EF,692.5773677825928,False,space,correct rejection,None,616.3973808288574,text_01,120,7,2back_dual_main_click,2,locken.,52,52,104,120,60,,,,,,,,,,22,03,yes,no,no,2025-07-29_14h42.07.153,EXNAT_4_TMS_Psychopy2024.2.5.psyexp,2024.2.5,2025-07-29 14h46.27.272763 +0200,
0,0,0,0,0,0,0,,,,,,,,,#88BA3F,693.2340335845947,True,space,miss,None,551.9332885742188,text_01,121,7,2back_dual_main_click,2,Der,52,52,104,120,60,,,,,,,,,,22,03,yes,no,no,2025-07-29_14h42.07.153,EXNAT_4_TMS_Psychopy2024.2.5.psyexp,2024.2.5,2025-07-29 14h46.27.272763 +0200,
0,0,0,0,0,0,0,,,,,,,,,#88BA3F,693.8269045352936,False,space,correct rejection,None,519.0842151641846,text_01,122,7,2back_dual_main_click,2,Riesenkalmar,52,52,104,120,60,,,,,,,,,,22,03,yes,no,no,2025-07-29_14h42.07.153,EXNAT_4_TMS_Psychopy2024.2.5.psyexp,2024.2.5,2025-07-29 14h46.27.272763 +0200,
0,0,0,0,0,0,0,,,,,,,,,#F989A2,694.3857409954071,False,space,correct rejection,None,648.2326984405518,text_01,123,7,2back_dual_main_click,2,gilt,52,52,104,120,60,,,,,,,,,,22,03,yes,no,no,2025-07-29_14h42.07.153,EXNAT_4_TMS_Psychopy2024.2.5.psyexp,2024.2.5,2025-07-29 14h46.27.272763 +0200,
0,0,0,0,0,0,0,,,,,,,,,#F989A2,695.073872089386,False,space,correct rejection,None,392.0862674713135,text_01,124,7,2back_dual_main_click,2,als,52,52,104,120,60,,,,,,,,,,22,03,yes,no,no,2025-07-29_14h42.07.153,EXNAT_4_TMS_Psychopy2024.2.5.psyexp,2024.2.5,2025-07-29 14h46.27.272763 +0200,
0,0,0,0,0,0,0,,,,,,,,,#2AB7EF,695.506974697113,False,space,correct rejection,None,502.99668312072754,text_01,125,7,2back_dual_main_click,2,das,52,52,104,120,60,,,,,,,,,,22,03,yes,no,no,2025-07-29_14h42.07.153,EXNAT_4_TMS_Psychopy2024.2.5.psyexp,2024.2.5,2025-07-29 14h46.27.272763 +0200,
0,0,0,0,0,0,0,,,,,,,,,#2AB7EF,696.0513060092926,False,space,correct rejection,None,566.5364265441895,text_01,126,7,2back_dual_main_click,2,größte,53,52,105,120,60,696.4639949798584,,,,,,,,,22,03,yes,no,no,2025-07-29_14h42.07.153,EXNAT_4_TMS_Psychopy2024.2.5.psyexp,2024.2.5,2025-07-29 14h46.27.272763 +0200,
0,0,0,0,0,0,0,,,,,,,,,#88BA3F,696.6569423675537,False,space,correct rejection,None,488.93141746520996,text_01,127,7,2back_dual_main_click,2,wirbellose,53,52,105,120,60,,,,,,,,,,22,03,yes,no,no,2025-07-29_14h42.07.153,EXNAT_4_TMS_Psychopy2024.2.5.psyexp,2024.2.5,2025-07-29 14h46.27.272763 +0200,
0,0,0,0,0,0,0,,,,,,,,,#D292F3,697.1864666938782,False,space,correct rejection,None,423.30074310302734,text_01,128,7,2back_dual_main_click,2,Tier,53,52,105,120,60,,,,,,,,,,22,03,yes,no,no,2025-07-29_14h42.07.153,EXNAT_4_TMS_Psychopy2024.2.5.psyexp,2024.2.5,2025-07-29 14h46.27.272763 +0200,
0,0,0,0,0,0,0,,,,,,,,,#F989A2,697.6489520072937,False,space,correct rejection,None,552.9625415802002,text_01,129,7,2back_dual_main_click,2,der,53,52,105,120,60,,,,,,,,,,22,03,yes,no,no,2025-07-29_14h42.07.153,EXNAT_4_TMS_Psychopy2024.2.5.psyexp,2024.2.5,2025-07-29 14h46.27.272763 +0200,
0,0,0,0,0,0,0,,,,,,,,,#D292F3,698.2419936656952,True,space,miss,None,792.0699119567871,text_01,130,7,2back_dual_main_click,2,Welt.,53,52,105,120,60,,,,,,,,,,22,03,yes,no,no,2025-07-29_14h42.07.153,EXNAT_4_TMS_Psychopy2024.2.5.psyexp,2024.2.5,2025-07-29 14h46.27.272763 +0200,
0,0,0,0,0,0,0,,,,,,,,,#2AB7EF,699.0759401321411,False,space,correct rejection,None,534.1238975524902,text_01,131,7,2back_dual_main_click,2,Er,53,52,105,120,60,,,,,,,,,,22,03,yes,no,no,2025-07-29_14h42.07.153,EXNAT_4_TMS_Psychopy2024.2.5.psyexp,2024.2.5,2025-07-29 14h46.27.272763 +0200,
0,0,0,0,0,0,0,,,,,,,,,#D292F3,699.6524329185486,True,space,miss,None,389.5080089569092,text_01,132,7,2back_dual_main_click,2,kann,53,52,105,120,60,,,,,,,,,,22,03,yes,no,no,2025-07-29_14h42.07.153,EXNAT_4_TMS_Psychopy2024.2.5.psyexp,2024.2.5,2025-07-29 14h46.27.272763 +0200,
0,0,0,0,0,0,0,,,,,,,,,#2AB7EF,700.0806186199188,True,l,hit,409.35778617858887,697.2670555114746,text_01,133,7,2back_dual_main_click,2,bis,53,52,105,120,60,,,,,,,,,,22,03,yes,no,no,2025-07-29_14h42.07.153,EXNAT_4_TMS_Psychopy2024.2.5.psyexp,2024.2.5,2025-07-29 14h46.27.272763 +0200,
0,0,0,0,0,0,0,,,,,,,,,#D292F3,700.8191332817078,True,space,miss,None,454.92100715637207,text_01,134,7,2back_dual_main_click,2,zu,53,52,105,120,60,,,,,,,,,,22,03,yes,no,no,2025-07-29_14h42.07.153,EXNAT_4_TMS_Psychopy2024.2.5.psyexp,2024.2.5,2025-07-29 14h46.27.272763 +0200,
0,0,0,0,0,0,0,,,,,,,,,#D292F3,701.3137440681458,False,space,correct rejection,None,456.14051818847656,text_01,135,7,2back_dual_main_click,2,20,54,52,106,120,60,701.4639639854431,,,,,,,,,22,03,yes,no,no,2025-07-29_14h42.07.153,EXNAT_4_TMS_Psychopy2024.2.5.psyexp,2024.2.5,2025-07-29 14h46.27.272763 +0200,
0,0,0,0,0,0,0,,,,,,,,,#88BA3F,701.8110344409943,False,space,correct rejection,None,535.0673198699951,text_01,136,7,2back_dual_main_click,2,Meter,54,52,106,120,60,,,,,,,,,,22,03,yes,no,no,2025-07-29_14h42.07.153,EXNAT_4_TMS_Psychopy2024.2.5.psyexp,2024.2.5,2025-07-29 14h46.27.272763 +0200,
0,0,0,0,0,0,0,,,,,,,,,#88BA3F,702.38694190979,False,space,correct rejection,None,487.0593547821045,text_01,137,7,2back_dual_main_click,2,lang,54,52,106,120,60,,,,,,,,,,22,03,yes,no,no,2025-07-29_14h42.07.153,EXNAT_4_TMS_Psychopy2024.2.5.psyexp,2024.2.5,2025-07-29 14h46.27.272763 +0200,
0,0,0,0,0,0,0,,,,,,,,,#F989A2,702.9130644798279,False,space,correct rejection,None,584.7232341766357,text_01,138,7,2back_dual_main_click,2,und,54,52,106,120,60,,,,,,,,,,22,03,yes,no,no,2025-07-29_14h42.07.153,EXNAT_4_TMS_Psychopy2024.2.5.psyexp,2024.2.5,2025-07-29 14h46.27.272763 +0200,
0,0,0,0,0,0,0,,,,,,,,,#D292F3,703.5376305580139,False,space,correct rejection,None,760.1542472839355,text_01,139,7,2back_dual_main_click,2,500,54,52,106,120,60,,,,,,,,,,22,03,yes,no,no,2025-07-29_14h42.07.153,EXNAT_4_TMS_Psychopy2024.2.5.psyexp,2024.2.5,2025-07-29 14h46.27.272763 +0200,
0,0,0,0,0,0,0,,,,,,,,,#2AB7EF,704.337658405304,False,space,correct rejection,None,664.313793182373,text_01,140,7,2back_dual_main_click,2,Kilogramm,54,52,106,120,60,,,,,,,,,,22,03,yes,no,no,2025-07-29_14h42.07.153,EXNAT_4_TMS_Psychopy2024.2.5.psyexp,2024.2.5,2025-07-29 14h46.27.272763 +0200,
0,0,0,0,0,0,0,,,,,,,,,#88BA3F,705.0403864383698,False,space,correct rejection,None,809.4234466552734,text_01,141,7,2back_dual_main_click,2,schwer,54,52,106,120,60,,,,,,,,,,22,03,yes,no,no,2025-07-29_14h42.07.153,EXNAT_4_TMS_Psychopy2024.2.5.psyexp,2024.2.5,2025-07-29 14h46.27.272763 +0200,
0,0,0,0,0,0,0,,,,,,,,,#F989A2,705.8905346393585,False,space,correct rejection,None,631.5610408782959,text_01,142,7,2back_dual_main_click,2,"werden,",54,52,106,120,60,,,,,,,,,,22,03,yes,no,no,2025-07-29_14h42.07.153,EXNAT_4_TMS_Psychopy2024.2.5.psyexp,2024.2.5,2025-07-29 14h46.27.272763 +0200,
0,0,0,0,0,0,0,,,,,,,,,#2AB7EF,706.5625624656677,False,space,correct rejection,None,503.41796875,text_01,143,7,2back_dual_main_click,2,wurde,54,52,106,120,60,,,,,,,,,,22,03,yes,no,no,2025-07-29_14h42.07.153,EXNAT_4_TMS_Psychopy2024.2.5.psyexp,2024.2.5,2025-07-29 14h46.27.272763 +0200,
0,0,0,0,0,0,0,,,,,,,,,#2AB7EF,707.1063859462738,False,space,correct rejection,None,391.5383815765381,text_01,144,7,2back_dual_main_click,2,jedoch,54,52,106,120,60,,,,,,,,,,22,03,yes,no,no,2025-07-29_14h42.07.153,EXNAT_4_TMS_Psychopy2024.2.5.psyexp,2024.2.5,2025-07-29 14h46.27.272763 +0200,
0,0,0,0,0,0,0,,,,,,,,,#F989A2,707.5383884906769,False,space,correct rejection,None,535.6273651123047,text_01,145,7,2back_dual_main_click,2,noch,54,52,106,120,60,,,,,,,,,,22,03,yes,no,no,2025-07-29_14h42.07.153,EXNAT_4_TMS_Psychopy2024.2.5.psyexp,2024.2.5,2025-07-29 14h46.27.272763 +0200,
0,0,0,0,0,0,0,,,,,,,,,#2AB7EF,708.1112771034241,True,space,miss,None,410.57515144348145,text_01,146,7,2back_dual_main_click,2,nie,54,53,107,120,60,708.1689240932465,,,,,,,,,22,03,yes,no,no,2025-07-29_14h42.07.153,EXNAT_4_TMS_Psychopy2024.2.5.psyexp,2024.2.5,2025-07-29 14h46.27.272763 +0200,
0,0,0,0,0,0,0,,,,,,,,,#2AB7EF,708.5595545768738,False,space,correct rejection,None,682.4758052825928,text_01,147,7,2back_dual_main_click,2,in,54,53,107,120,60,,,,,,,,,,22,03,yes,no,no,2025-07-29_14h42.07.153,EXNAT_4_TMS_Psychopy2024.2.5.psyexp,2024.2.5,2025-07-29 14h46.27.272763 +0200,
0,0,0,0,0,0,0,,,,,,,,,#D292F3,709.2799165248871,False,space,correct rejection,None,602.1213531494141,text_01,148,7,2back_dual_main_click,2,freier,54,53,107,120,60,,,,,,,,,,22,03,yes,no,no,2025-07-29_14h42.07.153,EXNAT_4_TMS_Psychopy2024.2.5.psyexp,2024.2.5,2025-07-29 14h46.27.272763 +0200,
0,0,0,0,0,0,0,,,,,,,,,#88BA3F,709.9235656261444,False,space,correct rejection,None,518.5332298278809,text_01,149,7,2back_dual_main_click,2,Wildbahn,54,53,107,120,60,,,,,,,,,,22,03,yes,no,no,2025-07-29_14h42.07.153,EXNAT_4_TMS_Psychopy2024.2.5.psyexp,2024.2.5,2025-07-29 14h46.27.272763 +0200,
0,0,0,0,0,0,0,,,,,,,,,#F989A2,710.4839372634888,False,space,correct rejection,None,517.9476737976074,text_01,150,7,2back_dual_main_click,2,gefilmt.,54,53,107,120,60,,,,,,,,,,22,03,yes,no,no,2025-07-29_14h42.07.153,EXNAT_4_TMS_Psychopy2024.2.5.psyexp,2024.2.5,2025-07-29 14h46.27.272763 +0200,
0,0,0,0,0,0,0,,,,,,,,,,711.053946018219,,2,,,,text_01,,7,2back_dual_main_click,,,,,,,,,Q1,b,False,,,,,,22,03,yes,no,no,2025-07-29_14h42.07.153,EXNAT_4_TMS_Psychopy2024.2.5.psyexp,2024.2.5,2025-07-29 14h46.27.272763 +0200,
0,0,0,0,0,0,0,,,,,,,,,,719.2135038375854,,4,,,,text_01,,7,2back_dual_main_click,,,,,,,,,Q2,d,True,,,,,,22,03,yes,no,no,2025-07-29_14h42.07.153,EXNAT_4_TMS_Psychopy2024.2.5.psyexp,2024.2.5,2025-07-29 14h46.27.272763 +0200,
0,0,0,0,0,0,0,,,,,,,,,,722.114616394043,,1,,,,text_01,,7,2back_dual_main_click,,,,,,,,,Q3,a,True,,,,,,22,03,yes,no,no,2025-07-29_14h42.07.153,EXNAT_4_TMS_Psychopy2024.2.5.psyexp,2024.2.5,2025-07-29 14h46.27.272763 +0200,
0,0,0,0,0,0,0,,,,,,,,,#2AB7EF,729.7526881694794,False,space,correct rejection,None,497.36642837524414,text_02,1,8,2back_dual_main_click,2,Ernest,55,53,108,120,60,729.8053143024445,,,,,,,,,22,03,yes,no,no,2025-07-29_14h42.07.153,EXNAT_4_TMS_Psychopy2024.2.5.psyexp,2024.2.5,2025-07-29 14h46.27.272763 +0200,
0,0,0,0,0,0,0,,,,,,,,,#88BA3F,730.28582239151,False,space,correct rejection,None,444.11635398864746,text_02,2,8,2back_dual_main_click,2,Hemingway,55,53,108,120,60,,,,,,,,,,22,03,yes,no,no,2025-07-29_14h42.07.153,EXNAT_4_TMS_Psychopy2024.2.5.psyexp,2024.2.5,2025-07-29 14h46.27.272763 +0200,
0,0,0,0,0,0,0,,,,,,,,,#F989A2,730.7610776424408,False,space,correct rejection,None,464.8284912109375,text_02,3,8,2back_dual_main_click,2,lebte,55,53,108,120,60,,,,,,,,,,22,03,yes,no,no,2025-07-29_14h42.07.153,EXNAT_4_TMS_Psychopy2024.2.5.psyexp,2024.2.5,2025-07-29 14h46.27.272763 +0200,
0,0,0,0,0,0,0,,,,,,,,,#2AB7EF,731.2581663131714,False,space,correct rejection,None,479.88367080688477,text_02,4,8,2back_dual_main_click,2,rund,55,53,108,120,60,,,,,,,,,,22,03,yes,no,no,2025-07-29_14h42.07.153,EXNAT_4_TMS_Psychopy2024.2.5.psyexp,2024.2.5,2025-07-29 14h46.27.272763 +0200,
0,0,0,0,0,0,0,,,,,,,,,#88BA3F,731.7752211093903,False,space,correct rejection,None,490.8308982849121,text_02,5,8,2back_dual_main_click,2,zwanzig,55,53,108,120,60,,,,,,,,,,22,03,yes,no,no,2025-07-29_14h42.07.153,EXNAT_4_TMS_Psychopy2024.2.5.psyexp,2024.2.5,2025-07-29 14h46.27.272763 +0200,
0,0,0,0,0,0,0,,,,,,,,,#88BA3F,732.3071587085724,False,space,correct rejection,None,534.9135398864746,text_02,6,8,2back_dual_main_click,2,Jahre,55,53,108,120,60,,,,,,,,,,22,03,yes,no,no,2025-07-29_14h42.07.153,EXNAT_4_TMS_Psychopy2024.2.5.psyexp,2024.2.5,2025-07-29 14h46.27.272763 +0200,
0,0,0,0,0,0,0,,,,,,,,,#F989A2,732.8803894519806,False,space,correct rejection,None,489.6838665008545,text_02,7,8,2back_dual_main_click,2,in,55,53,108,120,60,,,,,,,,,,22,03,yes,no,no,2025-07-29_14h42.07.153,EXNAT_4_TMS_Psychopy2024.2.5.psyexp,2024.2.5,2025-07-29 14h46.27.272763 +0200,
0,0,0,0,0,0,0,,,,,,,,,#D292F3,733.4114384651184,False,space,correct rejection,None,358.7362766265869,text_02,8,8,2back_dual_main_click,2,"Kuba,",55,53,108,120,60,,,,,,,,,,22,03,yes,no,no,2025-07-29_14h42.07.153,EXNAT_4_TMS_Psychopy2024.2.5.psyexp,2024.2.5,2025-07-29 14h46.27.272763 +0200,
0,0,0,0,0,0,0,,,,,,,,,#F989A2,733.8113987445831,True,space,miss,None,646.6507911682129,text_02,9,8,2back_dual_main_click,2,hauptsächlich,55,53,108,120,60,,,,,,,,,,22,03,yes,no,no,2025-07-29_14h42.07.153,EXNAT_4_TMS_Psychopy2024.2.5.psyexp,2024.2.5,2025-07-29 14h46.27.272763 +0200,
0,0,0,0,0,0,0,,,,,,,,,#D292F3,734.4975454807281,True,space,miss,None,552.487850189209,text_02,10,8,2back_dual_main_click,2,in,55,54,109,120,60,734.8054859638214,,,,,,,,,22,03,yes,no,no,2025-07-29_14h42.07.153,EXNAT_4_TMS_Psychopy2024.2.5.psyexp,2024.2.5,2025-07-29 14h46.27.272763 +0200,
0,0,0,0,0,0,0,,,,,,,,,#D292F3,735.0902717113495,False,space,correct rejection,None,471.7903137207031,text_02,11,8,2back_dual_main_click,2,seinem,55,54,109,120,60,,,,,,,,,,22,03,yes,no,no,2025-07-29_14h42.07.153,EXNAT_4_TMS_Psychopy2024.2.5.psyexp,2024.2.5,2025-07-29 14h46.27.272763 +0200,
0,0,0,0,0,0,0,,,,,,,,,#2AB7EF,735.6011080741882,False,space,correct rejection,None,552.8509616851807,text_02,12,8,2back_dual_main_click,2,Haus,55,54,109,120,60,,,,,,,,,,22,03,yes,no,no,2025-07-29_14h42.07.153,EXNAT_4_TMS_Psychopy2024.2.5.psyexp,2024.2.5,2025-07-29 14h46.27.272763 +0200,
0,0,0,0,0,0,0,,,,,,,,,#88BA3F,736.1945605278015,False,space,correct rejection,None,407.3503017425537,text_02,13,8,2back_dual_main_click,2,Finca,55,54,109,120,60,,,,,,,,,,22,03,yes,no,no,2025-07-29_14h42.07.153,EXNAT_4_TMS_Psychopy2024.2.5.psyexp,2024.2.5,2025-07-29 14h46.27.272763 +0200,
0,0,0,0,0,0,0,,,,,,,,,#F989A2,736.6409029960632,False,space,correct rejection,None,569.1273212432861,text_02,14,8,2back_dual_main_click,2,Vigía,55,54,109,120,60,,,,,,,,,,22,03,yes,no,no,2025-07-29_14h42.07.153,EXNAT_4_TMS_Psychopy2024.2.5.psyexp,2024.2.5,2025-07-29 14h46.27.272763 +0200,
0,0,0,0,0,0,0,,,,,,,,,#F989A2,737.2491109371185,False,space,correct rejection,None,488.9872074127197,text_02,15,8,2back_dual_main_click,2,bei,55,54,109,120,60,,,,,,,,,,22,03,yes,no,no,2025-07-29_14h42.07.153,EXNAT_4_TMS_Psychopy2024.2.5.psyexp,2024.2.5,2025-07-29 14h46.27.272763 +0200,
0,0,0,0,0,0,0,,,,,,,,,#F989A2,737.7776985168457,True,l,hit,488.1401062011719,824.0840435028076,text_02,16,8,2back_dual_main_click,2,Havanna.,55,54,109,120,60,,,,,,,,,,22,03,yes,no,no,2025-07-29_14h42.07.153,EXNAT_4_TMS_Psychopy2024.2.5.psyexp,2024.2.5,2025-07-29 14h46.27.272763 +0200,
0,0,0,0,0,0,0,,,,,,,,,#88BA3F,738.6422219276428,False,space,correct rejection,None,487.8120422363281,text_02,17,8,2back_dual_main_click,2,Dort,55,54,109,120,60,,,,,,,,,,22,03,yes,no,no,2025-07-29_14h42.07.153,EXNAT_4_TMS_Psychopy2024.2.5.psyexp,2024.2.5,2025-07-29 14h46.27.272763 +0200,
0,0,0,0,0,0,0,,,,,,,,,#2AB7EF,739.1683905124664,False,space,correct rejection,None,361.5851402282715,text_02,18,8,2back_dual_main_click,2,lagern,55,54,109,120,60,,,,,,,,,,22,03,yes,no,no,2025-07-29_14h42.07.153,EXNAT_4_TMS_Psychopy2024.2.5.psyexp,2024.2.5,2025-07-29 14h46.27.272763 +0200,
0,0,0,0,0,0,0,,,,,,,,,#D292F3,739.5713922977448,False,space,correct rejection,None,534.6193313598633,text_02,19,8,2back_dual_main_click,2,etwa,56,54,110,120,60,739.8052940368652,,,,,,,,,22,03,yes,no,no,2025-07-29_14h42.07.153,EXNAT_4_TMS_Psychopy2024.2.5.psyexp,2024.2.5,2025-07-29 14h46.27.272763 +0200,
0,0,0,0,0,0,0,,,,,,,,,#2AB7EF,740.1445970535278,True,space,miss,None,377.3987293243408,text_02,20,8,2back_dual_main_click,2,3000,56,54,110,120,60,,,,,,,,,,22,03,yes,no,no,2025-07-29_14h42.07.153,EXNAT_4_TMS_Psychopy2024.2.5.psyexp,2024.2.5,2025-07-29 14h46.27.272763 +0200,
0,0,0,0,0,0,0,,,,,,,,,#2AB7EF,740.5622391700745,False,space,correct rejection,None,471.73070907592773,text_02,21,8,2back_dual_main_click,2,Manuskripte,56,54,110,120,60,,,,,,,,,,22,03,yes,no,no,2025-07-29_14h42.07.153,EXNAT_4_TMS_Psychopy2024.2.5.psyexp,2024.2.5,2025-07-29 14h46.27.272763 +0200,
0,0,0,0,0,0,0,,,,,,,,,#88BA3F,741.0747134685516,False,space,correct rejection,None,503.34954261779785,text_02,22,8,2back_dual_main_click,2,des,56,54,110,120,60,,,,,,,,,,22,03,yes,no,no,2025-07-29_14h42.07.153,EXNAT_4_TMS_Psychopy2024.2.5.psyexp,2024.2.5,2025-07-29 14h46.27.272763 +0200,
0,0,0,0,0,0,0,,,,,,,,,#D292F3,741.6179592609406,False,space,correct rejection,None,728.1241416931152,text_02,23,8,2back_dual_main_click,2,"Autors,",56,54,110,120,60,,,,,,,,,,22,03,yes,no,no,2025-07-29_14h42.07.153,EXNAT_4_TMS_Psychopy2024.2.5.psyexp,2024.2.5,2025-07-29 14h46.27.272763 +0200,
0,0,0,0,0,0,0,,,,,,,,,#D292F3,742.3870148658752,False,space,correct rejection,None,486.9112968444824,text_02,24,8,2back_dual_main_click,2,die,56,54,110,120,60,,,,,,,,,,22,03,yes,no,no,2025-07-29_14h42.07.153,EXNAT_4_TMS_Psychopy2024.2.5.psyexp,2024.2.5,2025-07-29 14h46.27.272763 +0200,
0,0,0,0,0,0,0,,,,,,,,,#F989A2,742.9117691516876,False,space,correct rejection,None,666.2943363189697,text_02,25,8,2back_dual_main_click,2,nach,56,54,110,120,60,,,,,,,,,,22,03,yes,no,no,2025-07-29_14h42.07.153,EXNAT_4_TMS_Psychopy2024.2.5.psyexp,2024.2.5,2025-07-29 14h46.27.272763 +0200,
0,0,0,0,0,0,0,,,,,,,,,#88BA3F,743.6184237003326,False,space,correct rejection,None,343.66369247436523,text_02,26,8,2back_dual_main_click,2,und,56,54,110,120,60,,,,,,,,,,22,03,yes,no,no,2025-07-29_14h42.07.153,EXNAT_4_TMS_Psychopy2024.2.5.psyexp,2024.2.5,2025-07-29 14h46.27.272763 +0200,
0,0,0,0,0,0,0,,,,,,,,,#2AB7EF,743.9999694824219,False,space,correct rejection,None,553.9605617523193,text_02,27,8,2back_dual_main_click,2,nach,56,54,110,120,60,,,,,,,,,,22,03,yes,no,no,2025-07-29_14h42.07.153,EXNAT_4_TMS_Psychopy2024.2.5.psyexp,2024.2.5,2025-07-29 14h46.27.272763 +0200,
0,0,0,0,0,0,0,,,,,,,,,#2AB7EF,744.5935215950012,False,space,correct rejection,None,536.5638732910156,text_02,28,8,2back_dual_main_click,2,digitalisiert,56,54,110,120,60,,,,,,,,,,22,03,yes,no,no,2025-07-29_14h42.07.153,EXNAT_4_TMS_Psychopy2024.2.5.psyexp,2024.2.5,2025-07-29 14h46.27.272763 +0200,
0,0,0,0,0,0,0,,,,,,,,,#D292F3,745.1703023910522,False,space,correct rejection,None,679.8310279846191,text_02,29,8,2back_dual_main_click,2,wurden.,56,54,110,120,60,,,,,,,,,,22,03,yes,no,no,2025-07-29_14h42.07.153,EXNAT_4_TMS_Psychopy2024.2.5.psyexp,2024.2.5,2025-07-29 14h46.27.272763 +0200,
0,0,0,0,0,0,0,,,,,,,,,#D292F3,745.8888649940491,False,space,correct rejection,None,457.1993350982666,text_02,30,8,2back_dual_main_click,2,Viele,56,54,110,120,60,,,,,,,,,,22,03,yes,no,no,2025-07-29_14h42.07.153,EXNAT_4_TMS_Psychopy2024.2.5.psyexp,2024.2.5,2025-07-29 14h46.27.272763 +0200,
0,0,0,0,0,0,0,,,,,,,,,#F989A2,746.3865578174591,False,space,correct rejection,None,455.48129081726074,text_02,31,8,2back_dual_main_click,2,davon,56,54,110,120,60,,,,,,,,,,22,03,yes,no,no,2025-07-29_14h42.07.153,EXNAT_4_TMS_Psychopy2024.2.5.psyexp,2024.2.5,2025-07-29 14h46.27.272763 +0200,
0,0,0,0,0,0,0,,,,,,,,,#D292F3,746.8811724185944,True,l,hit,424.8199462890625,712.8026485443115,text_02,32,8,2back_dual_main_click,2,sind,56,55,111,120,60,746.9359445571899,,,,,,,,,22,03,yes,no,no,2025-07-29_14h42.07.153,EXNAT_4_TMS_Psychopy2024.2.5.psyexp,2024.2.5,2025-07-29 14h46.27.272763 +0200,
0,0,0,0,0,0,0,,,,,,,,,#88BA3F,747.6345458030701,False,space,correct rejection,None,535.4766845703125,text_02,33,8,2back_dual_main_click,2,bislang,56,55,111,120,60,,,,,,,,,,22,03,yes,no,no,2025-07-29_14h42.07.153,EXNAT_4_TMS_Psychopy2024.2.5.psyexp,2024.2.5,2025-07-29 14h46.27.272763 +0200,
0,0,0,0,0,0,0,,,,,,,,,#2AB7EF,748.210170507431,False,space,correct rejection,None,631.9518089294434,text_02,34,8,2back_dual_main_click,2,unveröffentlicht.,56,55,111,120,60,,,,,,,,,,22,03,yes,no,no,2025-07-29_14h42.07.153,EXNAT_4_TMS_Psychopy2024.2.5.psyexp,2024.2.5,2025-07-29 14h46.27.272763 +0200,
0,0,0,0,0,0,0,,,,,,,,,#88BA3F,748.8812301158905,True,space,miss,None,440.8447742462158,text_02,35,8,2back_dual_main_click,2,Nun,56,55,111,120,60,,,,,,,,,,22,03,yes,no,no,2025-07-29_14h42.07.153,EXNAT_4_TMS_Psychopy2024.2.5.psyexp,2024.2.5,2025-07-29 14h46.27.272763 +0200,
0,0,0,0,0,0,0,,,,,,,,,#88BA3F,749.3605568408966,False,space,correct rejection,None,409.44790840148926,text_02,36,8,2back_dual_main_click,2,sollen,56,55,111,120,60,,,,,,,,,,22,03,yes,no,no,2025-07-29_14h42.07.153,EXNAT_4_TMS_Psychopy2024.2.5.psyexp,2024.2.5,2025-07-29 14h46.27.272763 +0200,
0,0,0,0,0,0,0,,,,,,,,,#D292F3,749.8098592758179,False,space,correct rejection,None,648.2431888580322,text_02,37,8,2back_dual_main_click,2,sie,56,55,111,120,60,,,,,,,,,,22,03,yes,no,no,2025-07-29_14h42.07.153,EXNAT_4_TMS_Psychopy2024.2.5.psyexp,2024.2.5,2025-07-29 14h46.27.272763 +0200,
0,0,0,0,0,0,0,,,,,,,,,#D292F3,750.4975264072418,False,space,correct rejection,None,504.50849533081055,text_02,38,8,2back_dual_main_click,2,zunächst,56,55,111,120,60,,,,,,,,,,22,03,yes,no,no,2025-07-29_14h42.07.153,EXNAT_4_TMS_Psychopy2024.2.5.psyexp,2024.2.5,2025-07-29 14h46.27.272763 +0200,
0,0,0,0,0,0,0,,,,,,,,,#2AB7EF,751.0429422855377,False,space,correct rejection,None,871.0761070251465,text_02,39,8,2back_dual_main_click,2,in,56,55,111,120,60,,,,,,,,,,22,03,yes,no,no,2025-07-29_14h42.07.153,EXNAT_4_TMS_Psychopy2024.2.5.psyexp,2024.2.5,2025-07-29 14h46.27.272763 +0200,
0,0,0,0,0,0,0,,,,,,,,,#88BA3F,751.9554691314697,False,space,correct rejection,None,406.35037422180176,text_02,40,8,2back_dual_main_click,2,Kuba,57,55,112,120,60,752.0087764263153,,,,,,,,,22,03,yes,no,no,2025-07-29_14h42.07.153,EXNAT_4_TMS_Psychopy2024.2.5.psyexp,2024.2.5,2025-07-29 14h46.27.272763 +0200,
0,0,0,0,0,0,0,,,,,,,,,#2AB7EF,752.4027588367462,True,l,hit,455.2345275878906,791.2580966949463,text_02,41,8,2back_dual_main_click,2,ausgestellt,57,55,112,120,60,,,,,,,,,,22,03,yes,no,no,2025-07-29_14h42.07.153,EXNAT_4_TMS_Psychopy2024.2.5.psyexp,2024.2.5,2025-07-29 14h46.27.272763 +0200,
0,0,0,0,0,0,0,,,,,,,,,#F989A2,753.2326412200928,False,space,correct rejection,None,681.3836097717285,text_02,42,8,2back_dual_main_click,2,und,57,55,112,120,60,,,,,,,,,,22,03,yes,no,no,2025-07-29_14h42.07.153,EXNAT_4_TMS_Psychopy2024.2.5.psyexp,2024.2.5,2025-07-29 14h46.27.272763 +0200,
0,0,0,0,0,0,0,,,,,,,,,#88BA3F,753.9532051086426,False,space,correct rejection,None,344.806432723999,text_02,43,8,2back_dual_main_click,2,später,57,55,112,120,60,,,,,,,,,,22,03,yes,no,no,2025-07-29_14h42.07.153,EXNAT_4_TMS_Psychopy2024.2.5.psyexp,2024.2.5,2025-07-29 14h46.27.272763 +0200,
0,0,0,0,0,0,0,,,,,,,,,#D292F3,754.3378903865814,False,space,correct rejection,None,600.1458168029785,text_02,44,8,2back_dual_main_click,2,der,57,55,112,120,60,,,,,,,,,,22,03,yes,no,no,2025-07-29_14h42.07.153,EXNAT_4_TMS_Psychopy2024.2.5.psyexp,2024.2.5,2025-07-29 14h46.27.272763 +0200,
0,0,0,0,0,0,0,,,,,,,,,#F989A2,754.9762780666351,False,space,correct rejection,None,473.82616996765137,text_02,45,8,2back_dual_main_click,2,Bibliothek,57,55,112,120,60,,,,,,,,,,22,03,yes,no,no,2025-07-29_14h42.07.153,EXNAT_4_TMS_Psychopy2024.2.5.psyexp,2024.2.5,2025-07-29 14h46.27.272763 +0200,
0,0,0,0,0,0,0,,,,,,,,,#88BA3F,755.4905369281769,False,space,correct rejection,None,663.5661125183105,text_02,46,8,2back_dual_main_click,2,in,57,55,112,120,60,,,,,,,,,,22,03,yes,no,no,2025-07-29_14h42.07.153,EXNAT_4_TMS_Psychopy2024.2.5.psyexp,2024.2.5,2025-07-29 14h46.27.272763 +0200,
0,0,0,0,0,0,0,,,,,,,,,#2AB7EF,756.194328546524,False,space,correct rejection,None,551.7840385437012,text_02,47,8,2back_dual_main_click,2,Boston,57,55,112,120,60,,,,,,,,,,22,03,yes,no,no,2025-07-29_14h42.07.153,EXNAT_4_TMS_Psychopy2024.2.5.psyexp,2024.2.5,2025-07-29 14h46.27.272763 +0200,
0,0,0,0,0,0,0,,,,,,,,,#F989A2,756.7875156402588,False,space,correct rejection,None,598.6125469207764,text_02,48,8,2back_dual_main_click,2,übergeben,57,55,112,120,60,,,,,,,,,,22,03,yes,no,no,2025-07-29_14h42.07.153,EXNAT_4_TMS_Psychopy2024.2.5.psyexp,2024.2.5,2025-07-29 14h46.27.272763 +0200,
0,0,0,0,0,0,0,,,,,,,,,#88BA3F,757.4273369312286,False,space,correct rejection,None,630.7501792907715,text_02,49,8,2back_dual_main_click,2,werden.,57,55,112,120,60,,,,,,,,,,22,03,yes,no,no,2025-07-29_14h42.07.153,EXNAT_4_TMS_Psychopy2024.2.5.psyexp,2024.2.5,2025-07-29 14h46.27.272763 +0200,
0,0,0,0,0,0,0,,,,,,,,,#D292F3,758.0987093448639,False,space,correct rejection,None,535.4290008544922,text_02,50,8,2back_dual_main_click,2,Bereits,57,55,112,120,60,,,,,,,,,,22,03,yes,no,no,2025-07-29_14h42.07.153,EXNAT_4_TMS_Psychopy2024.2.5.psyexp,2024.2.5,2025-07-29 14h46.27.272763 +0200,
0,0,0,0,0,0,0,,,,,,,,,#F989A2,758.6735489368439,False,space,correct rejection,None,584.5649242401123,text_02,51,8,2back_dual_main_click,2,2002,57,55,112,120,60,,,,,,,,,,22,03,yes,no,no,2025-07-29_14h42.07.153,EXNAT_4_TMS_Psychopy2024.2.5.psyexp,2024.2.5,2025-07-29 14h46.27.272763 +0200,
0,0,0,0,0,0,0,,,,,,,,,#D292F3,759.2979583740234,True,space,miss,None,663.8619899749756,text_02,52,8,2back_dual_main_click,2,wurde,57,56,113,120,60,759.351514339447,,,,,,,,,22,03,yes,no,no,2025-07-29_14h42.07.153,EXNAT_4_TMS_Psychopy2024.2.5.psyexp,2024.2.5,2025-07-29 14h46.27.272763 +0200,
0,0,0,0,0,0,0,,,,,,,,,#D292F3,760.0025634765625,False,space,correct rejection,None,631.6020488739014,text_02,53,8,2back_dual_main_click,2,die,57,56,113,120,60,,,,,,,,,,22,03,yes,no,no,2025-07-29_14h42.07.153,EXNAT_4_TMS_Psychopy2024.2.5.psyexp,2024.2.5,2025-07-29 14h46.27.272763 +0200,
0,0,0,0,0,0,0,,,,,,,,,#88BA3F,760.6744661331177,False,space,correct rejection,None,535.670280456543,text_02,54,8,2back_dual_main_click,2,Digitalisierung,57,56,113,120,60,,,,,,,,,,22,03,yes,no,no,2025-07-29_14h42.07.153,EXNAT_4_TMS_Psychopy2024.2.5.psyexp,2024.2.5,2025-07-29 14h46.27.272763 +0200,
0,0,0,0,0,0,0,,,,,,,,,#2AB7EF,761.2498989105225,False,space,correct rejection,None,424.27968978881836,text_02,55,8,2back_dual_main_click,2,zwischen,57,56,113,120,60,,,,,,,,,,22,03,yes,no,no,2025-07-29_14h42.07.153,EXNAT_4_TMS_Psychopy2024.2.5.psyexp,2024.2.5,2025-07-29 14h46.27.272763 +0200,
0,0,0,0,0,0,0,,,,,,,,,#88BA3F,761.7139739990234,True,l,hit,456.1030864715576,728.0893325805664,text_02,56,8,2back_dual_main_click,2,Kuba,57,56,113,120,60,,,,,,,,,,22,03,yes,no,no,2025-07-29_14h42.07.153,EXNAT_4_TMS_Psychopy2024.2.5.psyexp,2024.2.5,2025-07-29 14h46.27.272763 +0200,
0,0,0,0,0,0,0,,,,,,,,,#2AB7EF,762.4810025691986,True,space,miss,None,441.09082221984863,text_02,57,8,2back_dual_main_click,2,und,57,56,113,120,60,,,,,,,,,,22,03,yes,no,no,2025-07-29_14h42.07.153,EXNAT_4_TMS_Psychopy2024.2.5.psyexp,2024.2.5,2025-07-29 14h46.27.272763 +0200,
0,0,0,0,0,0,0,,,,,,,,,#F989A2,762.9600033760071,False,space,correct rejection,None,458.21380615234375,text_02,58,8,2back_dual_main_click,2,den,57,56,113,120,60,,,,,,,,,,22,03,yes,no,no,2025-07-29_14h42.07.153,EXNAT_4_TMS_Psychopy2024.2.5.psyexp,2024.2.5,2025-07-29 14h46.27.272763 +0200,
0,0,0,0,0,0,0,,,,,,,,,#D292F3,763.4569554328918,False,space,correct rejection,None,489.1073703765869,text_02,59,8,2back_dual_main_click,2,USA,57,56,113,120,60,,,,,,,,,,22,03,yes,no,no,2025-07-29_14h42.07.153,EXNAT_4_TMS_Psychopy2024.2.5.psyexp,2024.2.5,2025-07-29 14h46.27.272763 +0200,
0,0,0,0,0,0,0,,,,,,,,,#F989A2,763.987585067749,True,space,miss,None,486.5150451660156,text_02,60,8,2back_dual_main_click,2,vereinbart.,57,57,114,120,60,764.3514997959137,,,,,,,,,22,03,yes,no,no,2025-07-29_14h42.07.153,EXNAT_4_TMS_Psychopy2024.2.5.psyexp,2024.2.5,2025-07-29 14h46.27.272763 +0200,
0,0,0,0,0,0,0,,,,,,,,,#88BA3F,764.5141949653625,False,space,correct rejection,None,439.82911109924316,text_02,61,8,2back_dual_main_click,2,Laut,57,57,114,120,60,,,,,,,,,,22,03,yes,no,no,2025-07-29_14h42.07.153,EXNAT_4_TMS_Psychopy2024.2.5.psyexp,2024.2.5,2025-07-29 14h46.27.272763 +0200,
0,0,0,0,0,0,0,,,,,,,,,#2AB7EF,764.9912002086639,False,space,correct rejection,None,362.92433738708496,text_02,62,8,2back_dual_main_click,2,der,57,57,114,120,60,,,,,,,,,,22,03,yes,no,no,2025-07-29_14h42.07.153,EXNAT_4_TMS_Psychopy2024.2.5.psyexp,2024.2.5,2025-07-29 14h46.27.272763 +0200,
0,0,0,0,0,0,0,,,,,,,,,#2AB7EF,765.3947968482971,False,space,correct rejection,None,535.2447032928467,text_02,63,8,2back_dual_main_click,2,""New,57,57,114,120,60,,,,,,,,,,22,03,yes,no,no,2025-07-29_14h42.07.153,EXNAT_4_TMS_Psychopy2024.2.5.psyexp,2024.2.5,2025-07-29 14h46.27.272763 +0200,
0,0,0,0,0,0,0,,,,,,,,,#2AB7EF,765.9709215164185,True,space,miss,None,551.2006282806396,text_02,64,8,2back_dual_main_click,2,York,57,57,114,120,60,,,,,,,,,,22,03,yes,no,no,2025-07-29_14h42.07.153,EXNAT_4_TMS_Psychopy2024.2.5.psyexp,2024.2.5,2025-07-29 14h46.27.272763 +0200,
0,0,0,0,0,0,0,,,,,,,,,#F989A2,766.563636302948,False,space,correct rejection,None,774.407148361206,text_02,65,8,2back_dual_main_click,2,Times"",57,57,114,120,60,,,,,,,,,,22,03,yes,no,no,2025-07-29_14h42.07.153,EXNAT_4_TMS_Psychopy2024.2.5.psyexp,2024.2.5,2025-07-29 14h46.27.272763 +0200,
0,0,0,0,0,0,0,,,,,,,,,#88BA3F,767.3767185211182,False,space,correct rejection,None,441.3626194000244,text_02,66,8,2back_dual_main_click,2,befinden,57,57,114,120,60,,,,,,,,,,22,03,yes,no,no,2025-07-29_14h42.07.153,EXNAT_4_TMS_Psychopy2024.2.5.psyexp,2024.2.5,2025-07-29 14h46.27.272763 +0200,
0,0,0,0,0,0,0,,,,,,,,,#D292F3,767.8572800159454,False,space,correct rejection,None,600.7068157196045,text_02,67,8,2back_dual_main_click,2,sich,57,57,114,120,60,,,,,,,,,,22,03,yes,no,no,2025-07-29_14h42.07.153,EXNAT_4_TMS_Psychopy2024.2.5.psyexp,2024.2.5,2025-07-29 14h46.27.272763 +0200,
0,0,0,0,0,0,0,,,,,,,,,#F989A2,768.4980833530426,False,space,correct rejection,None,504.01782989501953,text_02,68,8,2back_dual_main_click,2,unter,57,57,114,120,60,,,,,,,,,,22,03,yes,no,no,2025-07-29_14h42.07.153,EXNAT_4_TMS_Psychopy2024.2.5.psyexp,2024.2.5,2025-07-29 14h46.27.272763 +0200,
0,0,0,0,0,0,0,,,,,,,,,#88BA3F,769.0420436859131,False,space,correct rejection,None,728.0850410461426,text_02,69,8,2back_dual_main_click,2,den,57,57,114,120,60,,,,,,,,,,22,03,yes,no,no,2025-07-29_14h42.07.153,EXNAT_4_TMS_Psychopy2024.2.5.psyexp,2024.2.5,2025-07-29 14h46.27.272763 +0200,
0,0,0,0,0,0,0,,,,,,,,,#D292F3,769.8115200996399,False,space,correct rejection,None,662.6789569854736,text_02,70,8,2back_dual_main_click,2,Dokumenten,57,57,114,120,60,,,,,,,,,,22,03,yes,no,no,2025-07-29_14h42.07.153,EXNAT_4_TMS_Psychopy2024.2.5.psyexp,2024.2.5,2025-07-29 14h46.27.272763 +0200,
0,0,0,0,0,0,0,,,,,,,,,#88BA3F,770.5145227909088,True,l,hit,471.63963317871094,775.5508422851562,text_02,71,8,2back_dual_main_click,2,"Notizen,",57,58,115,120,60,770.5812220573425,,,,,,,,,22,03,yes,no,no,2025-07-29_14h42.07.153,EXNAT_4_TMS_Psychopy2024.2.5.psyexp,2024.2.5,2025-07-29 14h46.27.272763 +0200,
0,0,0,0,0,0,0,,,,,,,,,#D292F3,771.3279159069061,True,space,miss,None,458.2087993621826,text_02,72,8,2back_dual_main_click,2,Briefe,57,58,115,120,60,,,,,,,,,,22,03,yes,no,no,2025-07-29_14h42.07.153,EXNAT_4_TMS_Psychopy2024.2.5.psyexp,2024.2.5,2025-07-29 14h46.27.272763 +0200,
0,0,0,0,0,0,0,,,,,,,,,#D292F3,771.8265175819397,False,space,correct rejection,None,615.6504154205322,text_02,73,8,2back_dual_main_click,2,und,57,58,115,120,60,,,,,,,,,,22,03,yes,no,no,2025-07-29_14h42.07.153,EXNAT_4_TMS_Psychopy2024.2.5.psyexp,2024.2.5,2025-07-29 14h46.27.272763 +0200,
0,0,0,0,0,0,0,,,,,,,,,#88BA3F,772.482161283493,False,space,correct rejection,None,599.9987125396729,text_02,74,8,2back_dual_main_click,2,"Entwürfe,",57,58,115,120,60,,,,,,,,,,22,03,yes,no,no,2025-07-29_14h42.07.153,EXNAT_4_TMS_Psychopy2024.2.5.psyexp,2024.2.5,2025-07-29 14h46.27.272763 +0200,
0,0,0,0,0,0,0,,,,,,,,,#F989A2,773.1220002174377,False,space,correct rejection,None,408.0972671508789,text_02,75,8,2back_dual_main_click,2,die,57,58,115,120,60,,,,,,,,,,22,03,yes,no,no,2025-07-29_14h42.07.153,EXNAT_4_TMS_Psychopy2024.2.5.psyexp,2024.2.5,2025-07-29 14h46.27.272763 +0200,
0,0,0,0,0,0,0,,,,,,,,,#D292F3,773.5702254772186,False,space,correct rejection,None,551.7494678497314,text_02,76,8,2back_dual_main_click,2,teilweise,57,58,115,120,60,,,,,,,,,,22,03,yes,no,no,2025-07-29_14h42.07.153,EXNAT_4_TMS_Psychopy2024.2.5.psyexp,2024.2.5,2025-07-29 14h46.27.272763 +0200,
0,0,0,0,0,0,0,,,,,,,,,#F989A2,774.1593251228333,True,space,miss,None,410.65335273742676,text_02,77,8,2back_dual_main_click,2,auf,57,58,115,120,60,,,,,,,,,,22,03,yes,no,no,2025-07-29_14h42.07.153,EXNAT_4_TMS_Psychopy2024.2.5.psyexp,2024.2.5,2025-07-29 14h46.27.272763 +0200,
0,0,0,0,0,0,0,,,,,,,,,#2AB7EF,774.6096708774567,False,space,correct rejection,None,456.24399185180664,text_02,78,8,2back_dual_main_click,2,lose,57,58,115,120,60,,,,,,,,,,22,03,yes,no,no,2025-07-29_14h42.07.153,EXNAT_4_TMS_Psychopy2024.2.5.psyexp,2024.2.5,2025-07-29 14h46.27.272763 +0200,
0,0,0,0,0,0,0,,,,,,,,,#D292F3,775.1049635410309,False,space,correct rejection,None,537.2452735900879,text_02,79,8,2back_dual_main_click,2,Blätter,58,58,116,120,60,775.5813603401184,,,,,,,,,22,03,yes,no,no,2025-07-29_14h42.07.153,EXNAT_4_TMS_Psychopy2024.2.5.psyexp,2024.2.5,2025-07-29 14h46.27.272763 +0200,
0,0,0,0,0,0,0,,,,,,,,,#88BA3F,775.6829655170441,False,space,correct rejection,None,663.2487773895264,text_02,80,8,2back_dual_main_click,2,geschrieben,58,58,116,120,60,,,,,,,,,,22,03,yes,no,no,2025-07-29_14h42.07.153,EXNAT_4_TMS_Psychopy2024.2.5.psyexp,2024.2.5,2025-07-29 14h46.27.272763 +0200,
0,0,0,0,0,0,0,,,,,,,,,#2AB7EF,776.3866918087006,False,space,correct rejection,None,631.4911842346191,text_02,81,8,2back_dual_main_click,2,wurden.,58,58,116,120,60,,,,,,,,,,22,03,yes,no,no,2025-07-29_14h42.07.153,EXNAT_4_TMS_Psychopy2024.2.5.psyexp,2024.2.5,2025-07-29 14h46.27.272763 +0200,
0,0,0,0,0,0,0,,,,,,,,,#F989A2,777.0581603050232,False,space,correct rejection,None,392.0104503631592,text_02,82,8,2back_dual_main_click,2,Hemingway,58,58,116,120,60,,,,,,,,,,22,03,yes,no,no,2025-07-29_14h42.07.153,EXNAT_4_TMS_Psychopy2024.2.5.psyexp,2024.2.5,2025-07-29 14h46.27.272763 +0200,
0,0,0,0,0,0,0,,,,,,,,,#88BA3F,777.4911856651306,False,space,correct rejection,None,599.0588665008545,text_02,83,8,2back_dual_main_click,2,schrieb,58,58,116,120,60,,,,,,,,,,22,03,yes,no,no,2025-07-29_14h42.07.153,EXNAT_4_TMS_Psychopy2024.2.5.psyexp,2024.2.5,2025-07-29 14h46.27.272763 +0200,
0,0,0,0,0,0,0,,,,,,,,,#2AB7EF,778.1310992240906,False,space,correct rejection,None,567.0487880706787,text_02,84,8,2back_dual_main_click,2,auf,58,58,116,120,60,,,,,,,,,,22,03,yes,no,no,2025-07-29_14h42.07.153,EXNAT_4_TMS_Psychopy2024.2.5.psyexp,2024.2.5,2025-07-29 14h46.27.272763 +0200,
0,0,0,0,0,0,0,,,,,,,,,#88BA3F,778.7385053634644,True,l,hit,471.5909957885742,759.5295906066895,text_02,85,8,2back_dual_main_click,2,Kuba,58,58,116,120,60,,,,,,,,,,22,03,yes,no,no,2025-07-29_14h42.07.153,EXNAT_4_TMS_Psychopy2024.2.5.psyexp,2024.2.5,2025-07-29 14h46.27.272763 +0200,
0,0,0,0,0,0,0,,,,,,,,,#D292F3,779.5387849807739,False,space,correct rejection,None,535.3512763977051,text_02,86,8,2back_dual_main_click,2,seine,58,58,116,120,60,,,,,,,,,,22,03,yes,no,no,2025-07-29_14h42.07.153,EXNAT_4_TMS_Psychopy2024.2.5.psyexp,2024.2.5,2025-07-29 14h46.27.272763 +0200,
0,0,0,0,0,0,0,,,,,,,,,#D292F3,780.1130378246307,False,space,correct rejection,None,425.11510848999023,text_02,87,8,2back_dual_main_click,2,berühmte,58,58,116,120,60,,,,,,,,,,22,03,yes,no,no,2025-07-29_14h42.07.153,EXNAT_4_TMS_Psychopy2024.2.5.psyexp,2024.2.5,2025-07-29 14h46.27.272763 +0200,
0,0,0,0,0,0,0,,,,,,,,,#F989A2,780.5796194076538,False,space,correct rejection,None,566.5674209594727,text_02,88,8,2back_dual_main_click,2,Novelle,59,58,117,120,60,780.6334729194641,,,,,,,,,22,03,yes,no,no,2025-07-29_14h42.07.153,EXNAT_4_TMS_Psychopy2024.2.5.psyexp,2024.2.5,2025-07-29 14h46.27.272763 +0200,
0,0,0,0,0,0,0,,,,,,,,,#F989A2,781.1873307228088,False,space,correct rejection,None,454.83970642089844,text_02,89,8,2back_dual_main_click,2,""Der,59,58,117,120,60,,,,,,,,,,22,03,yes,no,no,2025-07-29_14h42.07.153,EXNAT_4_TMS_Psychopy2024.2.5.psyexp,2024.2.5,2025-07-29 14h46.27.272763 +0200,
0,0,0,0,0,0,0,,,,,,,,,#88BA3F,781.6804978847504,False,space,correct rejection,None,473.5982418060303,text_02,90,8,2back_dual_main_click,2,alte,59,58,117,120,60,,,,,,,,,,22,03,yes,no,no,2025-07-29_14h42.07.153,EXNAT_4_TMS_Psychopy2024.2.5.psyexp,2024.2.5,2025-07-29 14h46.27.272763 +0200,
0,0,0,0,0,0,0,,,,,,,,,#2AB7EF,782.1938283443451,False,space,correct rejection,None,504.335880279541,text_02,91,8,2back_dual_main_click,2,Mann,59,58,117,120,60,,,,,,,,,,22,03,yes,no,no,2025-07-29_14h42.07.153,EXNAT_4_TMS_Psychopy2024.2.5.psyexp,2024.2.5,2025-07-29 14h46.27.272763 +0200,
0,0,0,0,0,0,0,,,,,,,,,#88BA3F,782.7388107776642,True,space,miss,None,535.4111194610596,text_02,92,8,2back_dual_main_click,2,und,59,58,117,120,60,,,,,,,,,,22,03,yes,no,no,2025-07-29_14h42.07.153,EXNAT_4_TMS_Psychopy2024.2.5.psyexp,2024.2.5,2025-07-29 14h46.27.272763 +0200,
0,0,0,0,0,0,0,,,,,,,,,#88BA3F,783.3149075508118,False,space,correct rejection,None,519.3533897399902,text_02,93,8,2back_dual_main_click,2,das,59,58,117,120,60,,,,,,,,,,22,03,yes,no,no,2025-07-29_14h42.07.153,EXNAT_4_TMS_Psychopy2024.2.5.psyexp,2024.2.5,2025-07-29 14h46.27.272763 +0200,
0,0,0,0,0,0,0,,,,,,,,,#D292F3,783.8743672370911,False,space,correct rejection,None,535.6237888336182,text_02,94,8,2back_dual_main_click,2,"Meer"",",59,58,117,120,60,,,,,,,,,,22,03,yes,no,no,2025-07-29_14h42.07.153,EXNAT_4_TMS_Psychopy2024.2.5.psyexp,2024.2.5,2025-07-29 14h46.27.272763 +0200,
0,0,0,0,0,0,0,,,,,,,,,#2AB7EF,784.4491596221924,False,space,correct rejection,None,425.001859664917,text_02,95,8,2back_dual_main_click,2,in,59,58,117,120,60,,,,,,,,,,22,03,yes,no,no,2025-07-29_14h42.07.153,EXNAT_4_TMS_Psychopy2024.2.5.psyexp,2024.2.5,2025-07-29 14h46.27.272763 +0200,
0,0,0,0,0,0,0,,,,,,,,,#F989A2,784.9150815010071,False,space,correct rejection,None,503.06153297424316,text_02,96,8,2back_dual_main_click,2,der,59,58,117,120,60,,,,,,,,,,22,03,yes,no,no,2025-07-29_14h42.07.153,EXNAT_4_TMS_Psychopy2024.2.5.psyexp,2024.2.5,2025-07-29 14h46.27.272763 +0200,
0,0,0,0,0,0,0,,,,,,,,,#88BA3F,785.4581649303436,False,space,correct rejection,None,504.11105155944824,text_02,97,8,2back_dual_main_click,2,ein,60,58,118,120,60,785.6334199905396,,,,,,,,,22,03,yes,no,no,2025-07-29_14h42.07.153,EXNAT_4_TMS_Psychopy2024.2.5.psyexp,2024.2.5,2025-07-29 14h46.27.272763 +0200,
0,0,0,0,0,0,0,,,,,,,,,#F989A2,786.0036029815674,True,space,miss,None,534.4581604003906,text_02,98,8,2back_dual_main_click,2,Fischer,60,58,118,120,60,,,,,,,,,,22,03,yes,no,no,2025-07-29_14h42.07.153,EXNAT_4_TMS_Psychopy2024.2.5.psyexp,2024.2.5,2025-07-29 14h46.27.272763 +0200,
0,0,0,0,0,0,0,,,,,,,,,#F989A2,786.5764076709747,False,space,correct rejection,None,537.5881195068359,text_02,99,8,2back_dual_main_click,2,tagelang,60,58,118,120,60,,,,,,,,,,22,03,yes,no,no,2025-07-29_14h42.07.153,EXNAT_4_TMS_Psychopy2024.2.5.psyexp,2024.2.5,2025-07-29 14h46.27.272763 +0200,
0,0,0,0,0,0,0,,,,,,,,,#F989A2,787.1543431282043,True,l,hit,567.8279399871826,855.7493686676025,text_02,100,8,2back_dual_main_click,2,gegen,60,58,118,120,60,,,,,,,,,,22,03,yes,no,no,2025-07-29_14h42.07.153,EXNAT_4_TMS_Psychopy2024.2.5.psyexp,2024.2.5,2025-07-29 14h46.27.272763 +0200,
0,0,0,0,0,0,0,,,,,,,,,#88BA3F,788.046502828598,False,space,correct rejection,None,587.5999927520752,text_02,101,8,2back_dual_main_click,2,einen,60,58,118,120,60,,,,,,,,,,22,03,yes,no,no,2025-07-29_14h42.07.153,EXNAT_4_TMS_Psychopy2024.2.5.psyexp,2024.2.5,2025-07-29 14h46.27.272763 +0200,
0,0,0,0,0,0,0,,,,,,,,,#D292F3,788.6733829975128,False,space,correct rejection,None,408.8022708892822,text_02,102,8,2back_dual_main_click,2,riesigen,60,58,118,120,60,,,,,,,,,,22,03,yes,no,no,2025-07-29_14h42.07.153,EXNAT_4_TMS_Psychopy2024.2.5.psyexp,2024.2.5,2025-07-29 14h46.27.272763 +0200,
0,0,0,0,0,0,0,,,,,,,,,#88BA3F,789.1218044757843,True,l,hit,424.3450164794922,696.3105201721191,text_02,103,8,2back_dual_main_click,2,Schwertfisch,60,58,118,120,60,,,,,,,,,,22,03,yes,no,no,2025-07-29_14h42.07.153,EXNAT_4_TMS_Psychopy2024.2.5.psyexp,2024.2.5,2025-07-29 14h46.27.272763 +0200,
0,0,0,0,0,0,0,,,,,,,,,#2AB7EF,789.8578231334686,False,space,correct rejection,None,536.3836288452148,text_02,104,8,2back_dual_main_click,2,kämpft.,60,58,118,120,60,,,,,,,,,,22,03,yes,no,no,2025-07-29_14h42.07.153,EXNAT_4_TMS_Psychopy2024.2.5.psyexp,2024.2.5,2025-07-29 14h46.27.272763 +0200,
0,0,0,0,0,0,0,,,,,,,,,#2AB7EF,790.435316324234,False,space,correct rejection,None,470.90744972229004,text_02,105,8,2back_dual_main_click,2,Die,60,58,118,120,60,,,,,,,,,,22,03,yes,no,no,2025-07-29_14h42.07.153,EXNAT_4_TMS_Psychopy2024.2.5.psyexp,2024.2.5,2025-07-29 14h46.27.272763 +0200,
0,0,0,0,0,0,0,,,,,,,,,#D292F3,790.944700717926,False,space,correct rejection,None,521.5511322021484,text_02,106,8,2back_dual_main_click,2,Figur,60,58,118,120,60,,,,,,,,,,22,03,yes,no,no,2025-07-29_14h42.07.153,EXNAT_4_TMS_Psychopy2024.2.5.psyexp,2024.2.5,2025-07-29 14h46.27.272763 +0200,
0,0,0,0,0,0,0,,,,,,,,,#2AB7EF,791.5061638355255,True,l,hit,472.08380699157715,743.7593936920166,text_02,107,8,2back_dual_main_click,2,des,60,58,118,120,60,,,,,,,,,,22,03,yes,no,no,2025-07-29_14h42.07.153,EXNAT_4_TMS_Psychopy2024.2.5.psyexp,2024.2.5,2025-07-29 14h46.27.272763 +0200,
0,0,0,0,0,0,0,,,,,,,,,#D292F3,792.2880144119263,True,space,miss,None,506.2541961669922,text_02,108,8,2back_dual_main_click,2,Fischers,60,59,119,120,60,792.340176820755,,,,,,,,,22,03,yes,no,no,2025-07-29_14h42.07.153,EXNAT_4_TMS_Psychopy2024.2.5.psyexp,2024.2.5,2025-07-29 14h46.27.272763 +0200,
0,0,0,0,0,0,0,,,,,,,,,#2AB7EF,792.8351259231567,True,space,miss,None,438.9307498931885,text_02,109,8,2back_dual_main_click,2,ist,60,59,119,120,60,,,,,,,,,,22,03,yes,no,no,2025-07-29_14h42.07.153,EXNAT_4_TMS_Psychopy2024.2.5.psyexp,2024.2.5,2025-07-29 14h46.27.272763 +0200,
0,0,0,0,0,0,0,,,,,,,,,#2AB7EF,793.3122940063477,False,space,correct rejection,None,521.7914581298828,text_02,110,8,2back_dual_main_click,2,an,60,59,119,120,60,,,,,,,,,,22,03,yes,no,no,2025-07-29_14h42.07.153,EXNAT_4_TMS_Psychopy2024.2.5.psyexp,2024.2.5,2025-07-29 14h46.27.272763 +0200,
0,0,0,0,0,0,0,,,,,,,,,#D292F3,793.874577999115,False,space,correct rejection,None,583.7266445159912,text_02,111,8,2back_dual_main_click,2,Gregorio,60,59,119,120,60,,,,,,,,,,22,03,yes,no,no,2025-07-29_14h42.07.153,EXNAT_4_TMS_Psychopy2024.2.5.psyexp,2024.2.5,2025-07-29 14h46.27.272763 +0200,
0,0,0,0,0,0,0,,,,,,,,,#88BA3F,794.4969930648804,False,space,correct rejection,None,425.2028465270996,text_02,112,8,2back_dual_main_click,2,Fuentes,60,59,119,120,60,,,,,,,,,,22,03,yes,no,no,2025-07-29_14h42.07.153,EXNAT_4_TMS_Psychopy2024.2.5.psyexp,2024.2.5,2025-07-29 14h46.27.272763 +0200,
0,0,0,0,0,0,0,,,,,,,,,#2AB7EF,794.9610002040863,False,space,correct rejection,None,825.1008987426758,text_02,113,8,2back_dual_main_click,2,"angelehnt,",60,59,119,120,60,,,,,,,,,,22,03,yes,no,no,2025-07-29_14h42.07.153,EXNAT_4_TMS_Psychopy2024.2.5.psyexp,2024.2.5,2025-07-29 14h46.27.272763 +0200,
0,0,0,0,0,0,0,,,,,,,,,#D292F3,795.8258872032166,False,space,correct rejection,None,424.32641983032227,text_02,114,8,2back_dual_main_click,2,der,60,59,119,120,60,,,,,,,,,,22,03,yes,no,no,2025-07-29_14h42.07.153,EXNAT_4_TMS_Psychopy2024.2.5.psyexp,2024.2.5,2025-07-29 14h46.27.272763 +0200,
0,0,0,0,0,0,0,,,,,,,,,#2AB7EF,796.2898137569427,True,l,hit,424.20077323913574,760.0693702697754,text_02,115,8,2back_dual_main_click,2,sich,60,59,119,120,60,,,,,,,,,,22,03,yes,no,no,2025-07-29_14h42.07.153,EXNAT_4_TMS_Psychopy2024.2.5.psyexp,2024.2.5,2025-07-29 14h46.27.272763 +0200,
0,0,0,0,0,0,0,,,,,,,,,#F989A2,797.0904023647308,False,space,correct rejection,None,503.54647636413574,text_02,116,8,2back_dual_main_click,2,um,60,59,119,120,60,,,,,,,,,,22,03,yes,no,no,2025-07-29_14h42.07.153,EXNAT_4_TMS_Psychopy2024.2.5.psyexp,2024.2.5,2025-07-29 14h46.27.272763 +0200,
0,0,0,0,0,0,0,,,,,,,,,#F989A2,797.633143901825,False,space,correct rejection,None,409.02137756347656,text_02,117,8,2back_dual_main_click,2,Hemingway's,60,59,119,120,60,,,,,,,,,,22,03,yes,no,no,2025-07-29_14h42.07.153,EXNAT_4_TMS_Psychopy2024.2.5.psyexp,2024.2.5,2025-07-29 14h46.27.272763 +0200,
0,0,0,0,0,0,0,,,,,,,,,#88BA3F,798.0822603702545,False,space,correct rejection,None,439.8379325866699,text_02,118,8,2back_dual_main_click,2,Boot,60,59,119,120,60,,,,,,,,,,22,03,yes,no,no,2025-07-29_14h42.07.153,EXNAT_4_TMS_Psychopy2024.2.5.psyexp,2024.2.5,2025-07-29 14h46.27.272763 +0200,
0,0,0,0,0,0,0,,,,,,,,,#D292F3,798.5627720355988,False,space,correct rejection,None,663.4624004364014,text_02,119,8,2back_dual_main_click,2,kümmerte.,60,59,119,120,60,,,,,,,,,,22,03,yes,no,no,2025-07-29_14h42.07.153,EXNAT_4_TMS_Psychopy2024.2.5.psyexp,2024.2.5,2025-07-29 14h46.27.272763 +0200,
0,0,0,0,0,0,0,,,,,,,,,#88BA3F,799.2665905952454,True,space,miss,None,375.60105323791504,text_02,120,8,2back_dual_main_click,2,Dieser,60,60,120,120,inf,799.3176684379578,,,,,,,,,22,03,yes,no,no,2025-07-29_14h42.07.153,EXNAT_4_TMS_Psychopy2024.2.5.psyexp,2024.2.5,2025-07-29 14h46.27.272763 +0200,
0,0,0,0,0,0,0,,,,,,,,,#D292F3,799.6813094615936,True,l,hit,440.93966484069824,728.7981510162354,text_02,121,8,2back_dual_main_click,2,Roman,60,60,120,120,inf,,,,,,,,,,22,03,yes,no,no,2025-07-29_14h42.07.153,EXNAT_4_TMS_Psychopy2024.2.5.psyexp,2024.2.5,2025-07-29 14h46.27.272763 +0200,
0,0,0,0,0,0,0,,,,,,,,,#F989A2,800.4484391212463,False,space,correct rejection,None,569.6263313293457,text_02,122,8,2back_dual_main_click,2,brachte,60,60,120,120,inf,,,,,,,,,,22,03,yes,no,no,2025-07-29_14h42.07.153,EXNAT_4_TMS_Psychopy2024.2.5.psyexp,2024.2.5,2025-07-29 14h46.27.272763 +0200,
0,0,0,0,0,0,0,,,,,,,,,#F989A2,801.0552022457123,False,space,correct rejection,None,426.8949031829834,text_02,123,8,2back_dual_main_click,2,Hemingway,60,60,120,120,inf,,,,,,,,,,22,03,yes,no,no,2025-07-29_14h42.07.153,EXNAT_4_TMS_Psychopy2024.2.5.psyexp,2024.2.5,2025-07-29 14h46.27.272763 +0200,
0,0,0,0,0,0,0,,,,,,,,,#88BA3F,801.5216019153595,False,space,correct rejection,None,488.5706901550293,text_02,124,8,2back_dual_main_click,2,den,60,60,120,120,inf,,,,,,,,,,22,03,yes,no,no,2025-07-29_14h42.07.153,EXNAT_4_TMS_Psychopy2024.2.5.psyexp,2024.2.5,2025-07-29 14h46.27.272763 +0200,
0,0,0,0,0,0,0,,,,,,,,,#88BA3F,802.0471782684326,False,space,correct rejection,None,731.0636043548584,text_02,125,8,2back_dual_main_click,2,Literaturnobelpreis,60,60,120,120,inf,,,,,,,,,,22,03,yes,no,no,2025-07-29_14h42.07.153,EXNAT_4_TMS_Psychopy2024.2.5.psyexp,2024.2.5,2025-07-29 14h46.27.272763 +0200,
0,0,0,0,0,0,0,,,,,,,,,#2AB7EF,802.8176033496857,False,space,correct rejection,None,632.6644420623779,text_02,126,8,2back_dual_main_click,2,ein.,60,60,120,120,inf,,,,,,,,,,22,03,yes,no,no,2025-07-29_14h42.07.153,EXNAT_4_TMS_Psychopy2024.2.5.psyexp,2024.2.5,2025-07-29 14h46.27.272763 +0200,
0,0,0,0,0,0,0,,,,,,,,,#D292F3,803.4891541004181,False,space,correct rejection,None,441.0545825958252,text_02,127,8,2back_dual_main_click,2,Aus,60,60,120,120,inf,,,,,,,,,,22,03,yes,no,no,2025-07-29_14h42.07.153,EXNAT_4_TMS_Psychopy2024.2.5.psyexp,2024.2.5,2025-07-29 14h46.27.272763 +0200,
0,0,0,0,0,0,0,,,,,,,,,#88BA3F,803.9674746990204,False,space,correct rejection,None,522.7096080780029,text_02,128,8,2back_dual_main_click,2,Verbundenheit,61,60,121,120,inf,804.3176646232605,,,,,,,,,22,03,yes,no,no,2025-07-29_14h42.07.153,EXNAT_4_TMS_Psychopy2024.2.5.psyexp,2024.2.5,2025-07-29 14h46.27.272763 +0200,
0,0,0,0,0,0,0,,,,,,,,,#2AB7EF,804.5273218154907,False,l,false alarm,890.8421993255615,1146.7454433441162,text_02,129,8,2back_dual_main_click,2,zu,61,60,121,120,inf,,,,,,,,,,22,03,yes,no,no,2025-07-29_14h42.07.153,EXNAT_4_TMS_Psychopy2024.2.5.psyexp,2024.2.5,2025-07-29 14h46.27.272763 +0200,
0,0,0,0,0,0,0,,,,,,,,,#D292F3,805.7139534950256,False,space,correct rejection,None,552.2966384887695,text_02,130,8,2back_dual_main_click,2,Kuba,61,60,121,120,inf,,,,,,,,,,22,03,yes,no,no,2025-07-29_14h42.07.153,EXNAT_4_TMS_Psychopy2024.2.5.psyexp,2024.2.5,2025-07-29 14h46.27.272763 +0200,
0,0,0,0,0,0,0,,,,,,,,,#F989A2,806.3075497150421,False,space,correct rejection,None,406.6493511199951,text_02,131,8,2back_dual_main_click,2,schenkte,61,60,121,120,inf,,,,,,,,,,22,03,yes,no,no,2025-07-29_14h42.07.153,EXNAT_4_TMS_Psychopy2024.2.5.psyexp,2024.2.5,2025-07-29 14h46.27.272763 +0200,
0,0,0,0,0,0,0,,,,,,,,,#D292F3,806.7539341449738,True,l,hit,408.13755989074707,712.1372222900391,text_02,132,8,2back_dual_main_click,2,er,61,60,121,120,inf,,,,,,,,,,22,03,yes,no,no,2025-07-29_14h42.07.153,EXNAT_4_TMS_Psychopy2024.2.5.psyexp,2024.2.5,2025-07-29 14h46.27.272763 +0200,
0,0,0,0,0,0,0,,,,,,,,,#2AB7EF,807.5061445236206,False,space,correct rejection,None,567.9762363433838,text_02,133,8,2back_dual_main_click,2,die,61,60,121,120,inf,,,,,,,,,,22,03,yes,no,no,2025-07-29_14h42.07.153,EXNAT_4_TMS_Psychopy2024.2.5.psyexp,2024.2.5,2025-07-29 14h46.27.272763 +0200,
0,0,0,0,0,0,0,,,,,,,,,#F989A2,808.1146202087402,False,space,correct rejection,None,407.47737884521484,text_02,134,8,2back_dual_main_click,2,Medaille,61,60,121,120,inf,,,,,,,,,,22,03,yes,no,no,2025-07-29_14h42.07.153,EXNAT_4_TMS_Psychopy2024.2.5.psyexp,2024.2.5,2025-07-29 14h46.27.272763 +0200,
0,0,0,0,0,0,0,,,,,,,,,#F989A2,808.561838388443,False,space,correct rejection,None,616.1825656890869,text_02,135,8,2back_dual_main_click,2,der,61,60,121,120,inf,,,,,,,,,,22,03,yes,no,no,2025-07-29_14h42.07.153,EXNAT_4_TMS_Psychopy2024.2.5.psyexp,2024.2.5,2025-07-29 14h46.27.272763 +0200,
0,0,0,0,0,0,0,,,,,,,,,#88BA3F,809.2195158004761,False,space,correct rejection,None,694.6601867675781,text_02,136,8,2back_dual_main_click,2,Wallfahrtskirche,62,60,122,120,inf,809.3177843093872,,,,,,,,,22,03,yes,no,no,2025-07-29_14h42.07.153,EXNAT_4_TMS_Psychopy2024.2.5.psyexp,2024.2.5,2025-07-29 14h46.27.272763 +0200,
0,0,0,0,0,0,0,,,,,,,,,#D292F3,809.952761888504,False,space,correct rejection,None,505.2824020385742,text_02,137,8,2back_dual_main_click,2,der,62,60,122,120,inf,,,,,,,,,,22,03,yes,no,no,2025-07-29_14h42.07.153,EXNAT_4_TMS_Psychopy2024.2.5.psyexp,2024.2.5,2025-07-29 14h46.27.272763 +0200,
0,0,0,0,0,0,0,,,,,,,,,#2AB7EF,810.4971177577972,False,space,correct rejection,None,632.8310966491699,text_02,138,8,2back_dual_main_click,2,Jungfrau,62,60,122,120,inf,,,,,,,,,,22,03,yes,no,no,2025-07-29_14h42.07.153,EXNAT_4_TMS_Psychopy2024.2.5.psyexp,2024.2.5,2025-07-29 14h46.27.272763 +0200,
0,0,0,0,0,0,0,,,,,,,,,#88BA3F,811.1711084842682,False,space,correct rejection,None,535.1576805114746,text_02,139,8,2back_dual_main_click,2,von,62,60,122,120,inf,,,,,,,,,,22,03,yes,no,no,2025-07-29_14h42.07.153,EXNAT_4_TMS_Psychopy2024.2.5.psyexp,2024.2.5,2025-07-29 14h46.27.272763 +0200,
0,0,0,0,0,0,0,,,,,,,,,#D292F3,811.746551990509,False,space,correct rejection,None,631.4918994903564,text_02,140,8,2back_dual_main_click,2,Cobre.,62,60,122,120,inf,,,,,,,,,,22,03,yes,no,no,2025-07-29_14h42.07.153,EXNAT_4_TMS_Psychopy2024.2.5.psyexp,2024.2.5,2025-07-29 14h46.27.272763 +0200,
0,0,0,0,0,0,0,,,,,,,,,#2AB7EF,812.4203367233276,False,space,correct rejection,None,437.91890144348145,text_02,141,8,2back_dual_main_click,2,Die,62,60,122,120,inf,,,,,,,,,,22,03,yes,no,no,2025-07-29_14h42.07.153,EXNAT_4_TMS_Psychopy2024.2.5.psyexp,2024.2.5,2025-07-29 14h46.27.272763 +0200,
0,0,0,0,0,0,0,,,,,,,,,#D292F3,812.8991549015045,True,l,hit,455.0297260284424,710.932731628418,text_02,142,8,2back_dual_main_click,2,Medaille,62,60,122,120,inf,,,,,,,,,,22,03,yes,no,no,2025-07-29_14h42.07.153,EXNAT_4_TMS_Psychopy2024.2.5.psyexp,2024.2.5,2025-07-29 14h46.27.272763 +0200,
0,0,0,0,0,0,0,,,,,,,,,#F989A2,813.6487107276917,False,space,correct rejection,None,489.43209648132324,text_02,143,8,2back_dual_main_click,2,ist,62,60,122,120,inf,,,,,,,,,,22,03,yes,no,no,2025-07-29_14h42.07.153,EXNAT_4_TMS_Psychopy2024.2.5.psyexp,2024.2.5,2025-07-29 14h46.27.272763 +0200,
0,0,0,0,0,0,0,,,,,,,,,#88BA3F,814.1747140884399,False,space,correct rejection,None,539.34645652771,text_02,144,8,2back_dual_main_click,2,bis,62,60,122,120,inf,,,,,,,,,,22,03,yes,no,no,2025-07-29_14h42.07.153,EXNAT_4_TMS_Psychopy2024.2.5.psyexp,2024.2.5,2025-07-29 14h46.27.272763 +0200,
0,0,0,0,0,0,0,,,,,,,,,#F989A2,814.7530443668365,True,space,miss,None,553.1375408172607,text_02,145,8,2back_dual_main_click,2,heute,62,61,123,120,inf,814.8042106628418,,,,,,,,,22,03,yes,no,no,2025-07-29_14h42.07.153,EXNAT_4_TMS_Psychopy2024.2.5.psyexp,2024.2.5,2025-07-29 14h46.27.272763 +0200,
0,0,0,0,0,0,0,,,,,,,,,#88BA3F,815.343554019928,True,space,miss,None,426.46312713623047,text_02,146,8,2back_dual_main_click,2,in,62,61,123,120,inf,,,,,,,,,,22,03,yes,no,no,2025-07-29_14h42.07.153,EXNAT_4_TMS_Psychopy2024.2.5.psyexp,2024.2.5,2025-07-29 14h46.27.272763 +0200,
0,0,0,0,0,0,0,,,,,,,,,#88BA3F,815.8078136444092,False,space,correct rejection,None,458.32300186157227,text_02,147,8,2back_dual_main_click,2,der,62,61,123,120,inf,,,,,,,,,,22,03,yes,no,no,2025-07-29_14h42.07.153,EXNAT_4_TMS_Psychopy2024.2.5.psyexp,2024.2.5,2025-07-29 14h46.27.272763 +0200,
0,0,0,0,0,0,0,,,,,,,,,#2AB7EF,816.3066537380219,False,space,correct rejection,None,519.6492671966553,text_02,148,8,2back_dual_main_click,2,Kirche,62,61,123,120,inf,,,,,,,,,,22,03,yes,no,no,2025-07-29_14h42.07.153,EXNAT_4_TMS_Psychopy2024.2.5.psyexp,2024.2.5,2025-07-29 14h46.27.272763 +0200,
0,0,0,0,0,0,0,,,,,,,,,#D292F3,816.8657023906708,False,space,correct rejection,None,376.5857219696045,text_02,149,8,2back_dual_main_click,2,zu,62,61,123,120,inf,,,,,,,,,,22,03,yes,no,no,2025-07-29_14h42.07.153,EXNAT_4_TMS_Psychopy2024.2.5.psyexp,2024.2.5,2025-07-29 14h46.27.272763 +0200,
0,0,0,0,0,0,0,,,,,,,,,#D292F3,817.28045129776,False,space,correct rejection,None,633.6987018585205,text_02,150,8,2back_dual_main_click,2,sehen.,62,61,123,120,inf,,,,,,,,,,22,03,yes,no,no,2025-07-29_14h42.07.153,EXNAT_4_TMS_Psychopy2024.2.5.psyexp,2024.2.5,2025-07-29 14h46.27.272763 +0200,
0,0,0,0,0,0,0,,,,,,,,,,817.966386795044,,3,,,,text_02,,8,2back_dual_main_click,,,,,,,,,Q1,c,True,,,,,,22,03,yes,no,no,2025-07-29_14h42.07.153,EXNAT_4_TMS_Psychopy2024.2.5.psyexp,2024.2.5,2025-07-29 14h46.27.272763 +0200,
0,0,0,0,0,0,0,,,,,,,,,,821.7367208003998,,1,,,,text_02,,8,2back_dual_main_click,,,,,,,,,Q2,a,True,,,,,,22,03,yes,no,no,2025-07-29_14h42.07.153,EXNAT_4_TMS_Psychopy2024.2.5.psyexp,2024.2.5,2025-07-29 14h46.27.272763 +0200,
0,0,0,0,0,0,0,,,,,,,,,,824.7143447399139,,4,,,,text_02,,8,2back_dual_main_click,,,,,,,,,Q3,d,True,,,,,,22,03,yes,no,no,2025-07-29_14h42.07.153,EXNAT_4_TMS_Psychopy2024.2.5.psyexp,2024.2.5,2025-07-29 14h46.27.272763 +0200,
0,0,0,0,0,0,0,,,,,,,,,#D292F3,838.9745395183563,None,space,None,None,603.6303043365479,text_06,1,9,Reading_Baseline_main_click,None,Mauritius,0,0,0,60,60,,,,,,,,,,22,03,yes,no,no,2025-07-29_14h42.07.153,EXNAT_4_TMS_Psychopy2024.2.5.psyexp,2024.2.5,2025-07-29 14h46.27.272763 +0200,
0,0,0,0,0,0,0,,,,,,,,,#D292F3,839.6087381839752,None,space,None,None,385.4053020477295,text_06,2,9,Reading_Baseline_main_click,None,ist,1,0,1,60,60,839.667875289917,,,,,,,,,22,03,yes,no,no,2025-07-29_14h42.07.153,EXNAT_4_TMS_Psychopy2024.2.5.psyexp,2024.2.5,2025-07-29 14h46.27.272763 +0200,
0,0,0,0,0,0,0,,,,,,,,,#88BA3F,840.0274317264557,None,space,None,None,446.6996192932129,text_06,3,9,Reading_Baseline_main_click,None,eine,1,0,1,60,60,,,,,,,,,,22,03,yes,no,no,2025-07-29_14h42.07.153,EXNAT_4_TMS_Psychopy2024.2.5.psyexp,2024.2.5,2025-07-29 14h46.27.272763 +0200,
0,0,0,0,0,0,0,,,,,,,,,#2AB7EF,840.5071179866791,None,space,None,None,367.0945167541504,text_06,4,9,Reading_Baseline_main_click,None,Insel,1,0,1,60,60,,,,,,,,,,22,03,yes,no,no,2025-07-29_14h42.07.153,EXNAT_4_TMS_Psychopy2024.2.5.psyexp,2024.2.5,2025-07-29 14h46.27.272763 +0200,
0,0,0,0,0,0,0,,,,,,,,,#88BA3F,840.9116699695587,None,space,None,None,426.6161918640137,text_06,5,9,Reading_Baseline_main_click,None,im,1,0,1,60,60,,,,,,,,,,22,03,yes,no,no,2025-07-29_14h42.07.153,EXNAT_4_TMS_Psychopy2024.2.5.psyexp,2024.2.5,2025-07-29 14h46.27.272763 +0200,
0,0,0,0,0,0,0,,,,,,,,,#F989A2,841.3767309188843,None,space,None,None,377.62999534606934,text_06,6,9,Reading_Baseline_main_click,None,Indischen,1,0,1,60,60,,,,,,,,,,22,03,yes,no,no,2025-07-29_14h42.07.153,EXNAT_4_TMS_Psychopy2024.2.5.psyexp,2024.2.5,2025-07-29 14h46.27.272763 +0200,
0,0,0,0,0,0,0,,,,,,,,,#D292F3,841.7949759960175,None,space,None,None,375.09751319885254,text_06,7,9,Reading_Baseline_main_click,None,Ozean.,1,0,1,60,60,,,,,,,,,,22,03,yes,no,no,2025-07-29_14h42.07.153,EXNAT_4_TMS_Psychopy2024.2.5.psyexp,2024.2.5,2025-07-29 14h46.27.272763 +0200,
0,0,0,0,0,0,0,,,,,,,,,#F989A2,842.2088403701782,None,space,None,None,409.26551818847656,text_06,8,9,Reading_Baseline_main_click,None,Früher,1,0,1,60,60,,,,,,,,,,22,03,yes,no,no,2025-07-29_14h42.07.153,EXNAT_4_TMS_Psychopy2024.2.5.psyexp,2024.2.5,2025-07-29 14h46.27.272763 +0200,
0,0,0,0,0,0,0,,,,,,,,,#2AB7EF,842.6578686237335,None,space,None,None,376.4045238494873,text_06,9,9,Reading_Baseline_main_click,None,war,1,0,1,60,60,,,,,,,,,,22,03,yes,no,no,2025-07-29_14h42.07.153,EXNAT_4_TMS_Psychopy2024.2.5.psyexp,2024.2.5,2025-07-29 14h46.27.272763 +0200,
0,0,0,0,0,0,0,,,,,,,,,#F989A2,843.0740370750427,None,space,None,None,424.3135452270508,text_06,10,9,Reading_Baseline_main_click,None,sie,1,0,1,60,60,,,,,,,,,,22,03,yes,no,no,2025-07-29_14h42.07.153,EXNAT_4_TMS_Psychopy2024.2.5.psyexp,2024.2.5,2025-07-29 14h46.27.272763 +0200,
0,0,0,0,0,0,0,,,,,,,,,#2AB7EF,843.5364327430725,None,space,None,None,393.65315437316895,text_06,11,9,Reading_Baseline_main_click,None,kaum,1,0,1,60,60,,,,,,,,,,22,03,yes,no,no,2025-07-29_14h42.07.153,EXNAT_4_TMS_Psychopy2024.2.5.psyexp,2024.2.5,2025-07-29 14h46.27.272763 +0200,
0,0,0,0,0,0,0,,,,,,,,,#88BA3F,843.9718952178955,None,space,None,None,646.1100578308105,text_06,12,9,Reading_Baseline_main_click,None,"bekannt,",1,0,1,60,60,,,,,,,,,,22,03,yes,no,no,2025-07-29_14h42.07.153,EXNAT_4_TMS_Psychopy2024.2.5.psyexp,2024.2.5,2025-07-29 14h46.27.272763 +0200,
0,0,0,0,0,0,0,,,,,,,,,#D292F3,844.6564211845398,None,space,None,None,665.79270362854,text_06,13,9,Reading_Baseline_main_click,None,heute,2,0,2,60,60,844.7198250293732,,,,,,,,,22,03,yes,no,no,2025-07-29_14h42.07.153,EXNAT_4_TMS_Psychopy2024.2.5.psyexp,2024.2.5,2025-07-29 14h46.27.272763 +0200,
0,0,0,0,0,0,0,,,,,,,,,#F989A2,845.3623428344727,None,space,None,None,903.9287567138672,text_06,14,9,Reading_Baseline_main_click,None,ist,2,0,2,60,60,,,,,,,,,,22,03,yes,no,no,2025-07-29_14h42.07.153,EXNAT_4_TMS_Psychopy2024.2.5.psyexp,2024.2.5,2025-07-29 14h46.27.272763 +0200,
0,0,0,0,0,0,0,,,,,,,,,#88BA3F,846.3060083389282,None,space,None,None,1192.1725273132324,text_06,15,9,Reading_Baseline_main_click,None,sie,2,0,2,60,60,,,,,,,,,,22,03,yes,no,no,2025-07-29_14h42.07.153,EXNAT_4_TMS_Psychopy2024.2.5.psyexp,2024.2.5,2025-07-29 14h46.27.272763 +0200,
0,0,0,0,0,0,0,,,,,,,,,#F989A2,847.5547754764557,None,space,None,None,791.4175987243652,text_06,16,9,Reading_Baseline_main_click,None,ein,2,0,2,60,60,,,,,,,,,,22,03,yes,no,no,2025-07-29_14h42.07.153,EXNAT_4_TMS_Psychopy2024.2.5.psyexp,2024.2.5,2025-07-29 14h46.27.272763 +0200,
0,0,0,0,0,0,0,,,,,,,,,#D292F3,848.4007549285889,None,space,None,None,377.4125576019287,text_06,17,9,Reading_Baseline_main_click,None,beliebtes,2,0,2,60,60,,,,,,,,,,22,03,yes,no,no,2025-07-29_14h42.07.153,EXNAT_4_TMS_Psychopy2024.2.5.psyexp,2024.2.5,2025-07-29 14h46.27.272763 +0200,
0,0,0,0,0,0,0,,,,,,,,,#D292F3,848.8201625347137,None,space,None,None,2358.0377101898193,text_06,18,9,Reading_Baseline_main_click,None,Urlaubsziel.,3,0,3,60,60,849.7198140621185,,,,,,,,,22,03,yes,no,no,2025-07-29_14h42.07.153,EXNAT_4_TMS_Psychopy2024.2.5.psyexp,2024.2.5,2025-07-29 14h46.27.272763 +0200,
0,0,0,0,0,0,0,,,,,,,,,#2AB7EF,851.2343118190765,None,space,None,None,663.9754772186279,text_06,19,9,Reading_Baseline_main_click,None,Die,3,0,3,60,60,,,,,,,,,,22,03,yes,no,no,2025-07-29_14h42.07.153,EXNAT_4_TMS_Psychopy2024.2.5.psyexp,2024.2.5,2025-07-29 14h46.27.272763 +0200,
0,0,0,0,0,0,0,,,,,,,,,#88BA3F,851.9549145698547,None,space,None,None,471.30703926086426,text_06,20,9,Reading_Baseline_main_click,None,Portugiesen,3,0,3,60,60,,,,,,,,,,22,03,yes,no,no,2025-07-29_14h42.07.153,EXNAT_4_TMS_Psychopy2024.2.5.psyexp,2024.2.5,2025-07-29 14h46.27.272763 +0200,
0,0,0,0,0,0,0,,,,,,,,,#2AB7EF,852.4810326099396,None,space,None,None,441.21742248535156,text_06,21,9,Reading_Baseline_main_click,None,entdeckten,3,0,3,60,60,,,,,,,,,,22,03,yes,no,no,2025-07-29_14h42.07.153,EXNAT_4_TMS_Psychopy2024.2.5.psyexp,2024.2.5,2025-07-29 14h46.27.272763 +0200,
0,0,0,0,0,0,0,,,,,,,,,#2AB7EF,852.9776191711426,None,space,None,None,424.6065616607666,text_06,22,9,Reading_Baseline_main_click,None,die,3,0,3,60,60,,,,,,,,,,22,03,yes,no,no,2025-07-29_14h42.07.153,EXNAT_4_TMS_Psychopy2024.2.5.psyexp,2024.2.5,2025-07-29 14h46.27.272763 +0200,
0,0,0,0,0,0,0,,,,,,,,,#2AB7EF,853.4559664726257,None,space,None,None,346.41003608703613,text_06,23,9,Reading_Baseline_main_click,None,Insel,3,0,3,60,60,,,,,,,,,,22,03,yes,no,no,2025-07-29_14h42.07.153,EXNAT_4_TMS_Psychopy2024.2.5.psyexp,2024.2.5,2025-07-29 14h46.27.272763 +0200,
0,0,0,0,0,0,0,,,,,,,,,#88BA3F,853.8579592704773,None,space,None,None,376.32036209106445,text_06,24,9,Reading_Baseline_main_click,None,zuerst,3,0,3,60,60,,,,,,,,,,22,03,yes,no,no,2025-07-29_14h42.07.153,EXNAT_4_TMS_Psychopy2024.2.5.psyexp,2024.2.5,2025-07-29 14h46.27.272763 +0200,
0,0,0,0,0,0,0,,,,,,,,,#2AB7EF,854.2879664897919,None,space,None,None,346.3404178619385,text_06,25,9,Reading_Baseline_main_click,None,und,3,0,3,60,60,,,,,,,,,,22,03,yes,no,no,2025-07-29_14h42.07.153,EXNAT_4_TMS_Psychopy2024.2.5.psyexp,2024.2.5,2025-07-29 14h46.27.272763 +0200,
0,0,0,0,0,0,0,,,,,,,,,#F989A2,854.6885735988617,None,space,None,None,345.7810878753662,text_06,26,9,Reading_Baseline_main_click,None,nannten,4,0,4,60,60,854.7401971817017,,,,,,,,,22,03,yes,no,no,2025-07-29_14h42.07.153,EXNAT_4_TMS_Psychopy2024.2.5.psyexp,2024.2.5,2025-07-29 14h46.27.272763 +0200,
0,0,0,0,0,0,0,,,,,,,,,#88BA3F,855.0894165039062,None,space,None,None,328.89509201049805,text_06,27,9,Reading_Baseline_main_click,None,sie,4,0,4,60,60,,,,,,,,,,22,03,yes,no,no,2025-07-29_14h42.07.153,EXNAT_4_TMS_Psychopy2024.2.5.psyexp,2024.2.5,2025-07-29 14h46.27.272763 +0200,
0,0,0,0,0,0,0,,,,,,,,,#2AB7EF,855.4748950004578,None,space,None,None,455.5196762084961,text_06,28,9,Reading_Baseline_main_click,None,""Schwaneninsel."",4,0,4,60,60,,,,,,,,,,22,03,yes,no,no,2025-07-29_14h42.07.153,EXNAT_4_TMS_Psychopy2024.2.5.psyexp,2024.2.5,2025-07-29 14h46.27.272763 +0200,
0,0,0,0,0,0,0,,,,,,,,,#F989A2,855.9857745170593,None,space,None,None,392.52591133117676,text_06,29,9,Reading_Baseline_main_click,None,Sie,4,0,4,60,60,,,,,,,,,,22,03,yes,no,no,2025-07-29_14h42.07.153,EXNAT_4_TMS_Psychopy2024.2.5.psyexp,2024.2.5,2025-07-29 14h46.27.272763 +0200,
0,0,0,0,0,0,0,,,,,,,,,#88BA3F,856.4319672584534,None,space,None,None,378.0841827392578,text_06,30,9,Reading_Baseline_main_click,None,siedelten,4,0,4,60,60,,,,,,,,,,22,03,yes,no,no,2025-07-29_14h42.07.153,EXNAT_4_TMS_Psychopy2024.2.5.psyexp,2024.2.5,2025-07-29 14h46.27.272763 +0200,
0,0,0,0,0,0,0,,,,,,,,,#D292F3,856.8661215305328,None,space,None,None,312.35623359680176,text_06,31,9,Reading_Baseline_main_click,None,sich,4,0,4,60,60,,,,,,,,,,22,03,yes,no,no,2025-07-29_14h42.07.153,EXNAT_4_TMS_Psychopy2024.2.5.psyexp,2024.2.5,2025-07-29 14h46.27.272763 +0200,
0,0,0,0,0,0,0,,,,,,,,,#2AB7EF,857.219489812851,None,space,None,None,358.7977886199951,text_06,32,9,Reading_Baseline_main_click,None,dort,4,0,4,60,60,,,,,,,,,,22,03,yes,no,no,2025-07-29_14h42.07.153,EXNAT_4_TMS_Psychopy2024.2.5.psyexp,2024.2.5,2025-07-29 14h46.27.272763 +0200,
0,0,0,0,0,0,0,,,,,,,,,#D292F3,857.6180236339569,None,space,None,None,312.34288215637207,text_06,33,9,Reading_Baseline_main_click,None,aber,4,0,4,60,60,,,,,,,,,,22,03,yes,no,no,2025-07-29_14h42.07.153,EXNAT_4_TMS_Psychopy2024.2.5.psyexp,2024.2.5,2025-07-29 14h46.27.272763 +0200,
0,0,0,0,0,0,0,,,,,,,,,#F989A2,857.9705419540405,None,space,None,None,327.8038501739502,text_06,34,9,Reading_Baseline_main_click,None,nicht,4,0,4,60,60,,,,,,,,,,22,03,yes,no,no,2025-07-29_14h42.07.153,EXNAT_4_TMS_Psychopy2024.2.5.psyexp,2024.2.5,2025-07-29 14h46.27.272763 +0200,
0,0,0,0,0,0,0,,,,,,,,,#88BA3F,858.3384716510773,None,space,None,None,359.86948013305664,text_06,35,9,Reading_Baseline_main_click,None,an.,4,0,4,60,60,,,,,,,,,,22,03,yes,no,no,2025-07-29_14h42.07.153,EXNAT_4_TMS_Psychopy2024.2.5.psyexp,2024.2.5,2025-07-29 14h46.27.272763 +0200,
0,0,0,0,0,0,0,,,,,,,,,#D292F3,858.7386586666107,None,space,None,None,343.6141014099121,text_06,36,9,Reading_Baseline_main_click,None,Später,4,0,4,60,60,,,,,,,,,,22,03,yes,no,no,2025-07-29_14h42.07.153,EXNAT_4_TMS_Psychopy2024.2.5.psyexp,2024.2.5,2025-07-29 14h46.27.272763 +0200,
0,0,0,0,0,0,0,,,,,,,,,#D292F3,859.1223919391632,None,space,None,None,391.89624786376953,text_06,37,9,Reading_Baseline_main_click,None,kamen,4,0,4,60,60,,,,,,,,,,22,03,yes,no,no,2025-07-29_14h42.07.153,EXNAT_4_TMS_Psychopy2024.2.5.psyexp,2024.2.5,2025-07-29 14h46.27.272763 +0200,
0,0,0,0,0,0,0,,,,,,,,,#88BA3F,859.5539538860321,None,space,None,None,376.45721435546875,text_06,38,9,Reading_Baseline_main_click,None,die,5,0,5,60,60,859.7401659488678,,,,,,,,,22,03,yes,no,no,2025-07-29_14h42.07.153,EXNAT_4_TMS_Psychopy2024.2.5.psyexp,2024.2.5,2025-07-29 14h46.27.272763 +0200,
0,0,0,0,0,0,0,,,,,,,,,#88BA3F,859.9712326526642,None,space,None,None,423.0494499206543,text_06,39,9,Reading_Baseline_main_click,None,Holländer.,5,0,5,60,60,,,,,,,,,,22,03,yes,no,no,2025-07-29_14h42.07.153,EXNAT_4_TMS_Psychopy2024.2.5.psyexp,2024.2.5,2025-07-29 14h46.27.272763 +0200,
0,0,0,0,0,0,0,,,,,,,,,#F989A2,860.434828042984,None,space,None,None,391.5824890136719,text_06,40,9,Reading_Baseline_main_click,None,Sie,5,0,5,60,60,,,,,,,,,,22,03,yes,no,no,2025-07-29_14h42.07.153,EXNAT_4_TMS_Psychopy2024.2.5.psyexp,2024.2.5,2025-07-29 14h46.27.272763 +0200,
0,0,0,0,0,0,0,,,,,,,,,#2AB7EF,860.8677613735199,None,space,None,None,358.51478576660156,text_06,41,9,Reading_Baseline_main_click,None,benannten,5,0,5,60,60,,,,,,,,,,22,03,yes,no,no,2025-07-29_14h42.07.153,EXNAT_4_TMS_Psychopy2024.2.5.psyexp,2024.2.5,2025-07-29 14h46.27.272763 +0200,
0,0,0,0,0,0,0,,,,,,,,,#D292F3,861.2660517692566,None,space,None,None,360.2936267852783,text_06,42,9,Reading_Baseline_main_click,None,die,5,0,5,60,60,,,,,,,,,,22,03,yes,no,no,2025-07-29_14h42.07.153,EXNAT_4_TMS_Psychopy2024.2.5.psyexp,2024.2.5,2025-07-29 14h46.27.272763 +0200,
0,0,0,0,0,0,0,,,,,,,,,#F989A2,861.6656441688538,None,space,None,None,344.62809562683105,text_06,43,9,Reading_Baseline_main_click,None,Insel,5,0,5,60,60,,,,,,,,,,22,03,yes,no,no,2025-07-29_14h42.07.153,EXNAT_4_TMS_Psychopy2024.2.5.psyexp,2024.2.5,2025-07-29 14h46.27.272763 +0200,
0,0,0,0,0,0,0,,,,,,,,,#2AB7EF,862.0477995872498,None,space,None,None,362.3166084289551,text_06,44,9,Reading_Baseline_main_click,None,nach,5,0,5,60,60,,,,,,,,,,22,03,yes,no,no,2025-07-29_14h42.07.153,EXNAT_4_TMS_Psychopy2024.2.5.psyexp,2024.2.5,2025-07-29 14h46.27.272763 +0200,
0,0,0,0,0,0,0,,,,,,,,,#88BA3F,862.4466979503632,None,space,None,None,283.3840847015381,text_06,45,9,Reading_Baseline_main_click,None,dem,5,0,5,60,60,,,,,,,,,,22,03,yes,no,no,2025-07-29_14h42.07.153,EXNAT_4_TMS_Psychopy2024.2.5.psyexp,2024.2.5,2025-07-29 14h46.27.272763 +0200,
0,0,0,0,0,0,0,,,,,,,,,#F989A2,862.7703120708466,None,space,None,None,311.7341995239258,text_06,46,9,Reading_Baseline_main_click,None,Prinzen,5,0,5,60,60,,,,,,,,,,22,03,yes,no,no,2025-07-29_14h42.07.153,EXNAT_4_TMS_Psychopy2024.2.5.psyexp,2024.2.5,2025-07-29 14h46.27.272763 +0200,
0,0,0,0,0,0,0,,,,,,,,,#2AB7EF,863.1223323345184,None,space,None,None,344.03491020202637,text_06,47,9,Reading_Baseline_main_click,None,"Moritz,",5,0,5,60,60,,,,,,,,,,22,03,yes,no,no,2025-07-29_14h42.07.153,EXNAT_4_TMS_Psychopy2024.2.5.psyexp,2024.2.5,2025-07-29 14h46.27.272763 +0200,
0,0,0,0,0,0,0,,,,,,,,,#2AB7EF,863.5049045085907,None,space,None,None,313.495397567749,text_06,48,9,Reading_Baseline_main_click,None,bauten,5,0,5,60,60,,,,,,,,,,22,03,yes,no,no,2025-07-29_14h42.07.153,EXNAT_4_TMS_Psychopy2024.2.5.psyexp,2024.2.5,2025-07-29 14h46.27.272763 +0200,
0,0,0,0,0,0,0,,,,,,,,,#F989A2,863.8559806346893,None,space,None,None,314.20063972473145,text_06,49,9,Reading_Baseline_main_click,None,Zuckerrohr,5,0,5,60,60,,,,,,,,,,22,03,yes,no,no,2025-07-29_14h42.07.153,EXNAT_4_TMS_Psychopy2024.2.5.psyexp,2024.2.5,2025-07-29 14h46.27.272763 +0200,
0,0,0,0,0,0,0,,,,,,,,,#D292F3,864.2062768936157,None,space,None,None,331.86936378479004,text_06,50,9,Reading_Baseline_main_click,None,"an,",5,0,5,60,60,,,,,,,,,,22,03,yes,no,no,2025-07-29_14h42.07.153,EXNAT_4_TMS_Psychopy2024.2.5.psyexp,2024.2.5,2025-07-29 14h46.27.272763 +0200,
0,0,0,0,0,0,0,,,,,,,,,#88BA3F,864.5792193412781,None,space,None,None,359.20000076293945,text_06,51,9,Reading_Baseline_main_click,None,errichteten,6,0,6,60,60,864.7401268482208,,,,,,,,,22,03,yes,no,no,2025-07-29_14h42.07.153,EXNAT_4_TMS_Psychopy2024.2.5.psyexp,2024.2.5,2025-07-29 14h46.27.272763 +0200,
0,0,0,0,0,0,0,,,,,,,,,#D292F3,864.9770276546478,None,space,None,None,377.3794174194336,text_06,52,9,Reading_Baseline_main_click,None,Häuser,6,0,6,60,60,,,,,,,,,,22,03,yes,no,no,2025-07-29_14h42.07.153,EXNAT_4_TMS_Psychopy2024.2.5.psyexp,2024.2.5,2025-07-29 14h46.27.272763 +0200,
0,0,0,0,0,0,0,,,,,,,,,#2AB7EF,865.39186668396,None,space,None,None,394.40464973449707,text_06,53,9,Reading_Baseline_main_click,None,und,6,0,6,60,60,,,,,,,,,,22,03,yes,no,no,2025-07-29_14h42.07.153,EXNAT_4_TMS_Psychopy2024.2.5.psyexp,2024.2.5,2025-07-29 14h46.27.272763 +0200,
0,0,0,0,0,0,0,,,,,,,,,#2AB7EF,865.8266360759735,None,space,None,None,311.6302490234375,text_06,54,9,Reading_Baseline_main_click,None,sammelten,6,0,6,60,60,,,,,,,,,,22,03,yes,no,no,2025-07-29_14h42.07.153,EXNAT_4_TMS_Psychopy2024.2.5.psyexp,2024.2.5,2025-07-29 14h46.27.272763 +0200,
0,0,0,0,0,0,0,,,,,,,,,#D292F3,866.1780560016632,None,space,None,None,408.22696685791016,text_06,55,9,Reading_Baseline_main_click,None,Ebenholz.,6,0,6,60,60,,,,,,,,,,22,03,yes,no,no,2025-07-29_14h42.07.153,EXNAT_4_TMS_Psychopy2024.2.5.psyexp,2024.2.5,2025-07-29 14h46.27.272763 +0200,
0,0,0,0,0,0,0,,,,,,,,,#F989A2,866.6262054443359,None,space,None,None,648.1616497039795,text_06,56,9,Reading_Baseline_main_click,None,Um,6,0,6,60,60,,,,,,,,,,22,03,yes,no,no,2025-07-29_14h42.07.153,EXNAT_4_TMS_Psychopy2024.2.5.psyexp,2024.2.5,2025-07-29 14h46.27.272763 +0200,
0,0,0,0,0,0,0,,,,,,,,,#F989A2,867.3145825862885,None,space,None,None,423.64978790283203,text_06,57,9,Reading_Baseline_main_click,None,sich,6,0,6,60,60,,,,,,,,,,22,03,yes,no,no,2025-07-29_14h42.07.153,EXNAT_4_TMS_Psychopy2024.2.5.psyexp,2024.2.5,2025-07-29 14h46.27.272763 +0200,
0,0,0,0,0,0,0,,,,,,,,,#88BA3F,867.7768723964691,None,space,None,None,281.44001960754395,text_06,58,9,Reading_Baseline_main_click,None,zu,6,0,6,60,60,,,,,,,,,,22,03,yes,no,no,2025-07-29_14h42.07.153,EXNAT_4_TMS_Psychopy2024.2.5.psyexp,2024.2.5,2025-07-29 14h46.27.272763 +0200,
0,0,0,0,0,0,0,,,,,,,,,#2AB7EF,868.0959551334381,None,space,None,None,282.1648120880127,text_06,59,9,Reading_Baseline_main_click,None,"ernähren,",6,0,6,60,60,,,,,,,,,,22,03,yes,no,no,2025-07-29_14h42.07.153,EXNAT_4_TMS_Psychopy2024.2.5.psyexp,2024.2.5,2025-07-29 14h46.27.272763 +0200,
0,0,0,0,0,0,0,,,,,,,,,#88BA3F,868.4189813137054,None,space,None,None,311.1541271209717,text_06,60,9,Reading_Baseline_main_click,None,jagten,6,0,6,60,60,,,,,,,,,,22,03,yes,no,no,2025-07-29_14h42.07.153,EXNAT_4_TMS_Psychopy2024.2.5.psyexp,2024.2.5,2025-07-29 14h46.27.272763 +0200,
0,0,0,0,0,0,0,,,,,,,,,#2AB7EF,868.7678093910217,None,space,None,None,282.38773345947266,text_06,61,9,Reading_Baseline_main_click,None,und,6,0,6,60,60,,,,,,,,,,22,03,yes,no,no,2025-07-29_14h42.07.153,EXNAT_4_TMS_Psychopy2024.2.5.psyexp,2024.2.5,2025-07-29 14h46.27.272763 +0200,
0,0,0,0,0,0,0,,,,,,,,,#2AB7EF,869.0913789272308,None,space,None,None,262.77875900268555,text_06,62,9,Reading_Baseline_main_click,None,rotteten,6,0,6,60,60,,,,,,,,,,22,03,yes,no,no,2025-07-29_14h42.07.153,EXNAT_4_TMS_Psychopy2024.2.5.psyexp,2024.2.5,2025-07-29 14h46.27.272763 +0200,
0,0,0,0,0,0,0,,,,,,,,,#F989A2,869.3918218612671,None,space,None,None,314.4991397857666,text_06,63,9,Reading_Baseline_main_click,None,sie,6,0,6,60,60,,,,,,,,,,22,03,yes,no,no,2025-07-29_14h42.07.153,EXNAT_4_TMS_Psychopy2024.2.5.psyexp,2024.2.5,2025-07-29 14h46.27.272763 +0200,
0,0,0,0,0,0,0,,,,,,,,,#F989A2,869.7451875209808,None,space,None,None,280.98440170288086,text_06,64,9,Reading_Baseline_main_click,None,auch,7,0,7,60,60,869.7989485263824,,,,,,,,,22,03,yes,no,no,2025-07-29_14h42.07.153,EXNAT_4_TMS_Psychopy2024.2.5.psyexp,2024.2.5,2025-07-29 14h46.27.272763 +0200,
0,0,0,0,0,0,0,,,,,,,,,#2AB7EF,870.0609788894653,None,space,None,None,445.3864097595215,text_06,65,9,Reading_Baseline_main_click,None,den,7,0,7,60,60,,,,,,,,,,22,03,yes,no,no,2025-07-29_14h42.07.153,EXNAT_4_TMS_Psychopy2024.2.5.psyexp,2024.2.5,2025-07-29 14h46.27.272763 +0200,
0,0,0,0,0,0,0,,,,,,,,,#88BA3F,870.5462749004364,None,space,None,None,263.85021209716797,text_06,66,9,Reading_Baseline_main_click,None,Dodo,7,0,7,60,60,,,,,,,,,,22,03,yes,no,no,2025-07-29_14h42.07.153,EXNAT_4_TMS_Psychopy2024.2.5.psyexp,2024.2.5,2025-07-29 14h46.27.272763 +0200,
0,0,0,0,0,0,0,,,,,,,,,#D292F3,870.8490996360779,None,space,None,None,505.2163600921631,text_06,67,9,Reading_Baseline_main_click,None,aus.,7,0,7,60,60,,,,,,,,,,22,03,yes,no,no,2025-07-29_14h42.07.153,EXNAT_4_TMS_Psychopy2024.2.5.psyexp,2024.2.5,2025-07-29 14h46.27.272763 +0200,
0,0,0,0,0,0,0,,,,,,,,,#2AB7EF,871.3948969841003,None,space,None,None,407.52291679382324,text_06,68,9,Reading_Baseline_main_click,None,Der,7,0,7,60,60,,,,,,,,,,22,03,yes,no,no,2025-07-29_14h42.07.153,EXNAT_4_TMS_Psychopy2024.2.5.psyexp,2024.2.5,2025-07-29 14h46.27.272763 +0200,
0,0,0,0,0,0,0,,,,,,,,,#88BA3F,871.8432545661926,None,space,None,None,359.0395450592041,text_06,69,9,Reading_Baseline_main_click,None,Dodo,7,0,7,60,60,,,,,,,,,,22,03,yes,no,no,2025-07-29_14h42.07.153,EXNAT_4_TMS_Psychopy2024.2.5.psyexp,2024.2.5,2025-07-29 14h46.27.272763 +0200,
0,0,0,0,0,0,0,,,,,,,,,#D292F3,872.241934299469,None,space,None,None,392.4241065979004,text_06,70,9,Reading_Baseline_main_click,None,ist,7,0,7,60,60,,,,,,,,,,22,03,yes,no,no,2025-07-29_14h42.07.153,EXNAT_4_TMS_Psychopy2024.2.5.psyexp,2024.2.5,2025-07-29 14h46.27.272763 +0200,
0,0,0,0,0,0,0,,,,,,,,,#F989A2,872.6743483543396,None,space,None,None,279.76107597351074,text_06,71,9,Reading_Baseline_main_click,None,ein,7,0,7,60,60,,,,,,,,,,22,03,yes,no,no,2025-07-29_14h42.07.153,EXNAT_4_TMS_Psychopy2024.2.5.psyexp,2024.2.5,2025-07-29 14h46.27.272763 +0200,
0,0,0,0,0,0,0,,,,,,,,,#D292F3,872.9927697181702,None,space,None,None,441.56527519226074,text_06,72,9,Reading_Baseline_main_click,None,flugunfähiger,7,0,7,60,60,,,,,,,,,,22,03,yes,no,no,2025-07-29_14h42.07.153,EXNAT_4_TMS_Psychopy2024.2.5.psyexp,2024.2.5,2025-07-29 14h46.27.272763 +0200,
0,0,0,0,0,0,0,,,,,,,,,#F989A2,873.4722054004669,None,space,None,None,362.0021343231201,text_06,73,9,Reading_Baseline_main_click,None,"Vogel,",7,0,7,60,60,,,,,,,,,,22,03,yes,no,no,2025-07-29_14h42.07.153,EXNAT_4_TMS_Psychopy2024.2.5.psyexp,2024.2.5,2025-07-29 14h46.27.272763 +0200,
0,0,0,0,0,0,0,,,,,,,,,#D292F3,873.8742792606354,None,space,None,None,360.0807189941406,text_06,74,9,Reading_Baseline_main_click,None,der,7,0,7,60,60,,,,,,,,,,22,03,yes,no,no,2025-07-29_14h42.07.153,EXNAT_4_TMS_Psychopy2024.2.5.psyexp,2024.2.5,2025-07-29 14h46.27.272763 +0200,
0,0,0,0,0,0,0,,,,,,,,,#F989A2,874.274160861969,None,space,None,None,312.0260238647461,text_06,75,9,Reading_Baseline_main_click,None,bis,7,0,7,60,60,,,,,,,,,,22,03,yes,no,no,2025-07-29_14h42.07.153,EXNAT_4_TMS_Psychopy2024.2.5.psyexp,2024.2.5,2025-07-29 14h46.27.272763 +0200,
0,0,0,0,0,0,0,,,,,,,,,#D292F3,874.62451338768,None,space,None,None,329.8211097717285,text_06,76,9,Reading_Baseline_main_click,None,heute,8,0,8,60,60,874.7989194393158,,,,,,,,,22,03,yes,no,no,2025-07-29_14h42.07.153,EXNAT_4_TMS_Psychopy2024.2.5.psyexp,2024.2.5,2025-07-29 14h46.27.272763 +0200,
0,0,0,0,0,0,0,,,,,,,,,#88BA3F,874.9938077926636,None,space,None,None,296.3418960571289,text_06,77,9,Reading_Baseline_main_click,None,das,8,0,8,60,60,,,,,,,,,,22,03,yes,no,no,2025-07-29_14h42.07.153,EXNAT_4_TMS_Psychopy2024.2.5.psyexp,2024.2.5,2025-07-29 14h46.27.272763 +0200,
0,0,0,0,0,0,0,,,,,,,,,#F989A2,875.3305735588074,None,space,None,None,455.70826530456543,text_06,78,9,Reading_Baseline_main_click,None,Nationalsymbol,8,0,8,60,60,,,,,,,,,,22,03,yes,no,no,2025-07-29_14h42.07.153,EXNAT_4_TMS_Psychopy2024.2.5.psyexp,2024.2.5,2025-07-29 14h46.27.272763 +0200,
0,0,0,0,0,0,0,,,,,,,,,#2AB7EF,875.8237199783325,None,space,None,None,490.6282424926758,text_06,79,9,Reading_Baseline_main_click,None,der,8,0,8,60,60,,,,,,,,,,22,03,yes,no,no,2025-07-29_14h42.07.153,EXNAT_4_TMS_Psychopy2024.2.5.psyexp,2024.2.5,2025-07-29 14h46.27.272763 +0200,
0,0,0,0,0,0,0,,,,,,,,,#2AB7EF,876.3555777072906,None,space,None,None,518.8181400299072,text_06,80,9,Reading_Baseline_main_click,None,Insel,8,0,8,60,60,,,,,,,,,,22,03,yes,no,no,2025-07-29_14h42.07.153,EXNAT_4_TMS_Psychopy2024.2.5.psyexp,2024.2.5,2025-07-29 14h46.27.272763 +0200,
0,0,0,0,0,0,0,,,,,,,,,#88BA3F,876.9135806560516,None,space,None,None,440.7172203063965,text_06,81,9,Reading_Baseline_main_click,None,ist.,8,0,8,60,60,,,,,,,,,,22,03,yes,no,no,2025-07-29_14h42.07.153,EXNAT_4_TMS_Psychopy2024.2.5.psyexp,2024.2.5,2025-07-29 14h46.27.272763 +0200,
0,0,0,0,0,0,0,,,,,,,,,#88BA3F,877.3920516967773,None,space,None,None,602.3416519165039,text_06,82,9,Reading_Baseline_main_click,None,Nachdem,8,0,8,60,60,,,,,,,,,,22,03,yes,no,no,2025-07-29_14h42.07.153,EXNAT_4_TMS_Psychopy2024.2.5.psyexp,2024.2.5,2025-07-29 14h46.27.272763 +0200,
0,0,0,0,0,0,0,,,,,,,,,#D292F3,878.0349659919739,None,space,None,None,855.3431034088135,text_06,83,9,Reading_Baseline_main_click,None,die,8,0,8,60,60,,,,,,,,,,22,03,yes,no,no,2025-07-29_14h42.07.153,EXNAT_4_TMS_Psychopy2024.2.5.psyexp,2024.2.5,2025-07-29 14h46.27.272763 +0200,
0,0,0,0,0,0,0,,,,,,,,,#88BA3F,878.9298899173737,None,space,None,None,856.4028739929199,text_06,84,9,Reading_Baseline_main_click,None,Natur,8,0,8,60,60,,,,,,,,,,22,03,yes,no,no,2025-07-29_14h42.07.153,EXNAT_4_TMS_Psychopy2024.2.5.psyexp,2024.2.5,2025-07-29 14h46.27.272763 +0200,
0,0,0,0,0,0,0,,,,,,,,,#2AB7EF,879.8263645172119,None,space,None,None,231.63866996765137,text_06,85,9,Reading_Baseline_main_click,None,stark,9,0,9,60,60,879.8827722072601,,,,,,,,,22,03,yes,no,no,2025-07-29_14h42.07.153,EXNAT_4_TMS_Psychopy2024.2.5.psyexp,2024.2.5,2025-07-29 14h46.27.272763 +0200,
0,0,0,0,0,0,0,,,,,,,,,#F989A2,880.0986094474792,None,space,None,None,391.62158966064453,text_06,86,9,Reading_Baseline_main_click,None,beschädigt,9,0,9,60,60,,,,,,,,,,22,03,yes,no,no,2025-07-29_14h42.07.153,EXNAT_4_TMS_Psychopy2024.2.5.psyexp,2024.2.5,2025-07-29 14h46.27.272763 +0200,
0,0,0,0,0,0,0,,,,,,,,,#2AB7EF,880.5294055938721,None,space,None,None,472.790002822876,text_06,87,9,Reading_Baseline_main_click,None,worden,9,0,9,60,60,,,,,,,,,,22,03,yes,no,no,2025-07-29_14h42.07.153,EXNAT_4_TMS_Psychopy2024.2.5.psyexp,2024.2.5,2025-07-29 14h46.27.272763 +0200,
0,0,0,0,0,0,0,,,,,,,,,#2AB7EF,881.0411667823792,None,space,None,None,280.8568477630615,text_06,88,9,Reading_Baseline_main_click,None,"war,",9,0,9,60,60,,,,,,,,,,22,03,yes,no,no,2025-07-29_14h42.07.153,EXNAT_4_TMS_Psychopy2024.2.5.psyexp,2024.2.5,2025-07-29 14h46.27.272763 +0200,
0,0,0,0,0,0,0,,,,,,,,,#D292F3,881.359689950943,None,space,None,None,362.49303817749023,text_06,89,9,Reading_Baseline_main_click,None,verließen,9,0,9,60,60,,,,,,,,,,22,03,yes,no,no,2025-07-29_14h42.07.153,EXNAT_4_TMS_Psychopy2024.2.5.psyexp,2024.2.5,2025-07-29 14h46.27.272763 +0200,
0,0,0,0,0,0,0,,,,,,,,,#F989A2,881.7589147090912,None,space,None,None,347.393274307251,text_06,90,9,Reading_Baseline_main_click,None,die,9,0,9,60,60,,,,,,,,,,22,03,yes,no,no,2025-07-29_14h42.07.153,EXNAT_4_TMS_Psychopy2024.2.5.psyexp,2024.2.5,2025-07-29 14h46.27.272763 +0200,
0,0,0,0,0,0,0,,,,,,,,,#88BA3F,882.1468694210052,None,space,None,None,423.4166145324707,text_06,91,9,Reading_Baseline_main_click,None,Holländer,9,0,9,60,60,,,,,,,,,,22,03,yes,no,no,2025-07-29_14h42.07.153,EXNAT_4_TMS_Psychopy2024.2.5.psyexp,2024.2.5,2025-07-29 14h46.27.272763 +0200,
0,0,0,0,0,0,0,,,,,,,,,#88BA3F,882.6085889339447,None,space,None,None,393.80550384521484,text_06,92,9,Reading_Baseline_main_click,None,die,9,0,9,60,60,,,,,,,,,,22,03,yes,no,no,2025-07-29_14h42.07.153,EXNAT_4_TMS_Psychopy2024.2.5.psyexp,2024.2.5,2025-07-29 14h46.27.272763 +0200,
0,0,0,0,0,0,0,,,,,,,,,#D292F3,883.0415468215942,None,space,None,None,504.69970703125,text_06,93,9,Reading_Baseline_main_click,None,Insel.,9,0,9,60,60,,,,,,,,,,22,03,yes,no,no,2025-07-29_14h42.07.153,EXNAT_4_TMS_Psychopy2024.2.5.psyexp,2024.2.5,2025-07-29 14h46.27.272763 +0200,
0,0,0,0,0,0,0,,,,,,,,,#88BA3F,883.5858345031738,None,space,None,None,344.3281650543213,text_06,94,9,Reading_Baseline_main_click,None,Es,9,0,9,60,60,,,,,,,,,,22,03,yes,no,no,2025-07-29_14h42.07.153,EXNAT_4_TMS_Psychopy2024.2.5.psyexp,2024.2.5,2025-07-29 14h46.27.272763 +0200,
0,0,0,0,0,0,0,,,,,,,,,#2AB7EF,883.9710404872894,None,space,None,None,407.1183204650879,text_06,95,9,Reading_Baseline_main_click,None,folgten,9,0,9,60,60,,,,,,,,,,22,03,yes,no,no,2025-07-29_14h42.07.153,EXNAT_4_TMS_Psychopy2024.2.5.psyexp,2024.2.5,2025-07-29 14h46.27.272763 +0200,
0,0,0,0,0,0,0,,,,,,,,,#D292F3,884.419403553009,None,space,None,None,326.84779167175293,text_06,96,9,Reading_Baseline_main_click,None,erbitterte,9,0,9,60,60,,,,,,,,,,22,03,yes,no,no,2025-07-29_14h42.07.153,EXNAT_4_TMS_Psychopy2024.2.5.psyexp,2024.2.5,2025-07-29 14h46.27.272763 +0200,
0,0,0,0,0,0,0,,,,,,,,,#88BA3F,884.7855954170227,None,space,None,None,648.6492156982422,text_06,97,9,Reading_Baseline_main_click,None,Kämpfe,10,0,10,60,60,884.8828318119049,,,,,,,,,22,03,yes,no,no,2025-07-29_14h42.07.153,EXNAT_4_TMS_Psychopy2024.2.5.psyexp,2024.2.5,2025-07-29 14h46.27.272763 +0200,
0,0,0,0,0,0,0,,,,,,,,,#F989A2,885.474650144577,None,space,None,None,375.72503089904785,text_06,98,9,Reading_Baseline_main_click,None,zwischen,10,0,10,60,60,,,,,,,,,,22,03,yes,no,no,2025-07-29_14h42.07.153,EXNAT_4_TMS_Psychopy2024.2.5.psyexp,2024.2.5,2025-07-29 14h46.27.272763 +0200,
0,0,0,0,0,0,0,,,,,,,,,#D292F3,885.891277551651,None,space,None,None,487.01930046081543,text_06,99,9,Reading_Baseline_main_click,None,Briten,10,0,10,60,60,,,,,,,,,,22,03,yes,no,no,2025-07-29_14h42.07.153,EXNAT_4_TMS_Psychopy2024.2.5.psyexp,2024.2.5,2025-07-29 14h46.27.272763 +0200,
0,0,0,0,0,0,0,,,,,,,,,#F989A2,886.415399312973,None,space,None,None,346.97556495666504,text_06,100,9,Reading_Baseline_main_click,None,und,10,0,10,60,60,,,,,,,,,,22,03,yes,no,no,2025-07-29_14h42.07.153,EXNAT_4_TMS_Psychopy2024.2.5.psyexp,2024.2.5,2025-07-29 14h46.27.272763 +0200,
0,0,0,0,0,0,0,,,,,,,,,#F989A2,886.8034977912903,None,space,None,None,358.74462127685547,text_06,101,9,Reading_Baseline_main_click,None,Franzosen,10,0,10,60,60,,,,,,,,,,22,03,yes,no,no,2025-07-29_14h42.07.153,EXNAT_4_TMS_Psychopy2024.2.5.psyexp,2024.2.5,2025-07-29 14h46.27.272763 +0200,
0,0,0,0,0,0,0,,,,,,,,,#2AB7EF,887.1981985569,None,space,None,None,380.0163269042969,text_06,102,9,Reading_Baseline_main_click,None,um,10,0,10,60,60,,,,,,,,,,22,03,yes,no,no,2025-07-29_14h42.07.153,EXNAT_4_TMS_Psychopy2024.2.5.psyexp,2024.2.5,2025-07-29 14h46.27.272763 +0200,
0,0,0,0,0,0,0,,,,,,,,,#2AB7EF,887.6157188415527,None,space,None,None,410.54654121398926,text_06,103,9,Reading_Baseline_main_click,None,die,10,0,10,60,60,,,,,,,,,,22,03,yes,no,no,2025-07-29_14h42.07.153,EXNAT_4_TMS_Psychopy2024.2.5.psyexp,2024.2.5,2025-07-29 14h46.27.272763 +0200,
0,0,0,0,0,0,0,,,,,,,,,#88BA3F,888.0660429000854,None,space,None,None,248.19374084472656,text_06,104,9,Reading_Baseline_main_click,None,Kontrolle,10,0,10,60,60,,,,,,,,,,22,03,yes,no,no,2025-07-29_14h42.07.153,EXNAT_4_TMS_Psychopy2024.2.5.psyexp,2024.2.5,2025-07-29 14h46.27.272763 +0200,
0,0,0,0,0,0,0,,,,,,,,,#2AB7EF,888.3548424243927,None,space,None,None,423.4910011291504,text_06,105,9,Reading_Baseline_main_click,None,der,10,0,10,60,60,,,,,,,,,,22,03,yes,no,no,2025-07-29_14h42.07.153,EXNAT_4_TMS_Psychopy2024.2.5.psyexp,2024.2.5,2025-07-29 14h46.27.272763 +0200,
0,0,0,0,0,0,0,,,,,,,,,#D292F3,888.8192849159241,None,space,None,None,455.11937141418457,text_06,106,9,Reading_Baseline_main_click,None,Insel.,10,0,10,60,60,,,,,,,,,,22,03,yes,no,no,2025-07-29_14h42.07.153,EXNAT_4_TMS_Psychopy2024.2.5.psyexp,2024.2.5,2025-07-29 14h46.27.272763 +0200,
0,0,0,0,0,0,0,,,,,,,,,#88BA3F,889.3145415782928,None,space,None,None,359.7099781036377,text_06,107,9,Reading_Baseline_main_click,None,Die,10,0,10,60,60,,,,,,,,,,22,03,yes,no,no,2025-07-29_14h42.07.153,EXNAT_4_TMS_Psychopy2024.2.5.psyexp,2024.2.5,2025-07-29 14h46.27.272763 +0200,
0,0,0,0,0,0,0,,,,,,,,,#D292F3,889.7120406627655,None,space,None,None,378.28612327575684,text_06,108,9,Reading_Baseline_main_click,None,Bevölkerung,11,0,11,60,60,889.8827364444733,,,,,,,,,22,03,yes,no,no,2025-07-29_14h42.07.153,EXNAT_4_TMS_Psychopy2024.2.5.psyexp,2024.2.5,2025-07-29 14h46.27.272763 +0200,
0,0,0,0,0,0,0,,,,,,,,,#F989A2,890.1320383548737,None,space,None,None,342.2834873199463,text_06,109,9,Reading_Baseline_main_click,None,setzte,11,0,11,60,60,,,,,,,,,,22,03,yes,no,no,2025-07-29_14h42.07.153,EXNAT_4_TMS_Psychopy2024.2.5.psyexp,2024.2.5,2025-07-29 14h46.27.272763 +0200,
0,0,0,0,0,0,0,,,,,,,,,#88BA3F,890.51136302948,None,space,None,None,266.7200565338135,text_06,110,9,Reading_Baseline_main_click,None,sich,11,0,11,60,60,,,,,,,,,,22,03,yes,no,no,2025-07-29_14h42.07.153,EXNAT_4_TMS_Psychopy2024.2.5.psyexp,2024.2.5,2025-07-29 14h46.27.272763 +0200,
0,0,0,0,0,0,0,,,,,,,,,#2AB7EF,890.8187470436096,None,space,None,None,327.5609016418457,text_06,111,9,Reading_Baseline_main_click,None,damals,11,0,11,60,60,,,,,,,,,,22,03,yes,no,no,2025-07-29_14h42.07.153,EXNAT_4_TMS_Psychopy2024.2.5.psyexp,2024.2.5,2025-07-29 14h46.27.272763 +0200,
0,0,0,0,0,0,0,,,,,,,,,#88BA3F,891.1870443820953,None,space,None,None,311.17796897888184,text_06,112,9,Reading_Baseline_main_click,None,aus,11,0,11,60,60,,,,,,,,,,22,03,yes,no,no,2025-07-29_14h42.07.153,EXNAT_4_TMS_Psychopy2024.2.5.psyexp,2024.2.5,2025-07-29 14h46.27.272763 +0200,
0,0,0,0,0,0,0,,,,,,,,,#D292F3,891.5371601581573,None,space,None,None,313.1577968597412,text_06,113,9,Reading_Baseline_main_click,None,afrikanischen,11,0,11,60,60,,,,,,,,,,22,03,yes,no,no,2025-07-29_14h42.07.153,EXNAT_4_TMS_Psychopy2024.2.5.psyexp,2024.2.5,2025-07-29 14h46.27.272763 +0200,
0,0,0,0,0,0,0,,,,,,,,,#F989A2,891.8910894393921,None,space,None,None,359.24267768859863,text_06,114,9,Reading_Baseline_main_click,None,"Sklaven,",11,0,11,60,60,,,,,,,,,,22,03,yes,no,no,2025-07-29_14h42.07.153,EXNAT_4_TMS_Psychopy2024.2.5.psyexp,2024.2.5,2025-07-29 14h46.27.272763 +0200,
0,0,0,0,0,0,0,,,,,,,,,#D292F3,892.2899355888367,None,space,None,None,344.3467617034912,text_06,115,9,Reading_Baseline_main_click,None,indischen,11,0,11,60,60,,,,,,,,,,22,03,yes,no,no,2025-07-29_14h42.07.153,EXNAT_4_TMS_Psychopy2024.2.5.psyexp,2024.2.5,2025-07-29 14h46.27.272763 +0200,
0,0,0,0,0,0,0,,,,,,,,,#D292F3,892.6753993034363,None,space,None,None,310.89067459106445,text_06,116,9,Reading_Baseline_main_click,None,Arbeitern,11,0,11,60,60,,,,,,,,,,22,03,yes,no,no,2025-07-29_14h42.07.153,EXNAT_4_TMS_Psychopy2024.2.5.psyexp,2024.2.5,2025-07-29 14h46.27.272763 +0200,
0,0,0,0,0,0,0,,,,,,,,,#2AB7EF,893.0275647640228,None,space,None,None,326.7045021057129,text_06,117,9,Reading_Baseline_main_click,None,sowie,11,0,11,60,60,,,,,,,,,,22,03,yes,no,no,2025-07-29_14h42.07.153,EXNAT_4_TMS_Psychopy2024.2.5.psyexp,2024.2.5,2025-07-29 14h46.27.272763 +0200,
0,0,0,0,0,0,0,,,,,,,,,#88BA3F,893.3942332267761,None,space,None,None,360.1067066192627,text_06,118,9,Reading_Baseline_main_click,None,muslimischen,11,0,11,60,60,,,,,,,,,,22,03,yes,no,no,2025-07-29_14h42.07.153,EXNAT_4_TMS_Psychopy2024.2.5.psyexp,2024.2.5,2025-07-29 14h46.27.272763 +0200,
0,0,0,0,0,0,0,,,,,,,,,#2AB7EF,893.7929813861847,None,space,None,None,329.4036388397217,text_06,119,9,Reading_Baseline_main_click,None,und,11,0,11,60,60,,,,,,,,,,22,03,yes,no,no,2025-07-29_14h42.07.153,EXNAT_4_TMS_Psychopy2024.2.5.psyexp,2024.2.5,2025-07-29 14h46.27.272763 +0200,
0,0,0,0,0,0,0,,,,,,,,,#F989A2,894.1634523868561,None,space,None,None,342.8621292114258,text_06,120,9,Reading_Baseline_main_click,None,chinesischen,11,0,11,60,60,,,,,,,,,,22,03,yes,no,no,2025-07-29_14h42.07.153,EXNAT_4_TMS_Psychopy2024.2.5.psyexp,2024.2.5,2025-07-29 14h46.27.272763 +0200,
0,0,0,0,0,0,0,,,,,,,,,#F989A2,894.5447158813477,None,space,None,None,361.5913391113281,text_06,121,9,Reading_Baseline_main_click,None,Händlern,12,0,12,60,60,894.8827471733093,,,,,,,,,22,03,yes,no,no,2025-07-29_14h42.07.153,EXNAT_4_TMS_Psychopy2024.2.5.psyexp,2024.2.5,2025-07-29 14h46.27.272763 +0200,
0,0,0,0,0,0,0,,,,,,,,,#D292F3,894.9454343318939,None,space,None,None,376.8959045410156,text_06,122,9,Reading_Baseline_main_click,None,zusammen.,12,0,12,60,60,,,,,,,,,,22,03,yes,no,no,2025-07-29_14h42.07.153,EXNAT_4_TMS_Psychopy2024.2.5.psyexp,2024.2.5,2025-07-29 14h46.27.272763 +0200,
0,0,0,0,0,0,0,,,,,,,,,#D292F3,895.3607261180878,None,space,None,None,409.5721244812012,text_06,123,9,Reading_Baseline_main_click,None,Ihre,12,0,12,60,60,,,,,,,,,,22,03,yes,no,no,2025-07-29_14h42.07.153,EXNAT_4_TMS_Psychopy2024.2.5.psyexp,2024.2.5,2025-07-29 14h46.27.272763 +0200,
0,0,0,0,0,0,0,,,,,,,,,#D292F3,895.809517621994,None,space,None,None,328.8116455078125,text_06,124,9,Reading_Baseline_main_click,None,Nachfahren,12,0,12,60,60,,,,,,,,,,22,03,yes,no,no,2025-07-29_14h42.07.153,EXNAT_4_TMS_Psychopy2024.2.5.psyexp,2024.2.5,2025-07-29 14h46.27.272763 +0200,
0,0,0,0,0,0,0,,,,,,,,,#2AB7EF,896.1787748336792,None,space,None,None,343.54090690612793,text_06,125,9,Reading_Baseline_main_click,None,bilden,12,0,12,60,60,,,,,,,,,,22,03,yes,no,no,2025-07-29_14h42.07.153,EXNAT_4_TMS_Psychopy2024.2.5.psyexp,2024.2.5,2025-07-29 14h46.27.272763 +0200,
0,0,0,0,0,0,0,,,,,,,,,#88BA3F,896.5612666606903,None,space,None,None,393.0087089538574,text_06,126,9,Reading_Baseline_main_click,None,heute,12,0,12,60,60,,,,,,,,,,22,03,yes,no,no,2025-07-29_14h42.07.153,EXNAT_4_TMS_Psychopy2024.2.5.psyexp,2024.2.5,2025-07-29 14h46.27.272763 +0200,
0,0,0,0,0,0,0,,,,,,,,,#F989A2,896.9921596050262,None,space,None,None,298.1445789337158,text_06,127,9,Reading_Baseline_main_click,None,eine,12,0,12,60,60,,,,,,,,,,22,03,yes,no,no,2025-07-29_14h42.07.153,EXNAT_4_TMS_Psychopy2024.2.5.psyexp,2024.2.5,2025-07-29 14h46.27.272763 +0200,
0,0,0,0,0,0,0,,,,,,,,,#D292F3,897.3296990394592,None,space,None,None,248.42071533203125,text_06,128,9,Reading_Baseline_main_click,None,der,12,0,12,60,60,,,,,,,,,,22,03,yes,no,no,2025-07-29_14h42.07.153,EXNAT_4_TMS_Psychopy2024.2.5.psyexp,2024.2.5,2025-07-29 14h46.27.272763 +0200,
0,0,0,0,0,0,0,,,,,,,,,#F989A2,897.6160459518433,None,space,None,None,346.1956977844238,text_06,129,9,Reading_Baseline_main_click,None,wenigen,12,0,12,60,60,,,,,,,,,,22,03,yes,no,no,2025-07-29_14h42.07.153,EXNAT_4_TMS_Psychopy2024.2.5.psyexp,2024.2.5,2025-07-29 14h46.27.272763 +0200,
0,0,0,0,0,0,0,,,,,,,,,#F989A2,898.0040695667267,None,space,None,None,342.19956398010254,text_06,130,9,Reading_Baseline_main_click,None,multikulturellen,12,0,12,60,60,,,,,,,,,,22,03,yes,no,no,2025-07-29_14h42.07.153,EXNAT_4_TMS_Psychopy2024.2.5.psyexp,2024.2.5,2025-07-29 14h46.27.272763 +0200,
0,0,0,0,0,0,0,,,,,,,,,#88BA3F,898.3857505321503,None,space,None,None,456.4807415008545,text_06,131,9,Reading_Baseline_main_click,None,Gesellschaften,12,0,12,60,60,,,,,,,,,,22,03,yes,no,no,2025-07-29_14h42.07.153,EXNAT_4_TMS_Psychopy2024.2.5.psyexp,2024.2.5,2025-07-29 14h46.27.272763 +0200,
0,0,0,0,0,0,0,,,,,,,,,#2AB7EF,898.8816576004028,None,space,None,None,344.6033000946045,text_06,132,9,Reading_Baseline_main_click,None,weltweit.,12,0,12,60,60,,,,,,,,,,22,03,yes,no,no,2025-07-29_14h42.07.153,EXNAT_4_TMS_Psychopy2024.2.5.psyexp,2024.2.5,2025-07-29 14h46.27.272763 +0200,
0,0,0,0,0,0,0,,,,,,,,,#F989A2,899.2664697170258,None,space,None,None,439.9399757385254,text_06,133,9,Reading_Baseline_main_click,None,Die,12,0,12,60,60,,,,,,,,,,22,03,yes,no,no,2025-07-29_14h42.07.153,EXNAT_4_TMS_Psychopy2024.2.5.psyexp,2024.2.5,2025-07-29 14h46.27.272763 +0200,
0,0,0,0,0,0,0,,,,,,,,,#2AB7EF,899.745899438858,None,space,None,None,424.4256019592285,text_06,134,9,Reading_Baseline_main_click,None,Geschichte,13,0,13,60,60,899.8827111721039,,,,,,,,,22,03,yes,no,no,2025-07-29_14h42.07.153,EXNAT_4_TMS_Psychopy2024.2.5.psyexp,2024.2.5,2025-07-29 14h46.27.272763 +0200,
0,0,0,0,0,0,0,,,,,,,,,#2AB7EF,900.2108731269836,None,space,None,None,247.31826782226562,text_06,135,9,Reading_Baseline_main_click,None,von,13,0,13,60,60,,,,,,,,,,22,03,yes,no,no,2025-07-29_14h42.07.153,EXNAT_4_TMS_Psychopy2024.2.5.psyexp,2024.2.5,2025-07-29 14h46.27.272763 +0200,
0,0,0,0,0,0,0,,,,,,,,,#2AB7EF,900.4981951713562,None,space,None,None,295.96495628356934,text_06,136,9,Reading_Baseline_main_click,None,Mauritius,13,0,13,60,60,,,,,,,,,,22,03,yes,no,no,2025-07-29_14h42.07.153,EXNAT_4_TMS_Psychopy2024.2.5.psyexp,2024.2.5,2025-07-29 14h46.27.272763 +0200,
0,0,0,0,0,0,0,,,,,,,,,#88BA3F,900.8353419303894,None,space,None,None,454.8778533935547,text_06,137,9,Reading_Baseline_main_click,None,"zeigt,",13,0,13,60,60,,,,,,,,,,22,03,yes,no,no,2025-07-29_14h42.07.153,EXNAT_4_TMS_Psychopy2024.2.5.psyexp,2024.2.5,2025-07-29 14h46.27.272763 +0200,
0,0,0,0,0,0,0,,,,,,,,,#F989A2,901.328409910202,None,space,None,None,377.78735160827637,text_06,138,9,Reading_Baseline_main_click,None,wie,13,0,13,60,60,,,,,,,,,,22,03,yes,no,no,2025-07-29_14h42.07.153,EXNAT_4_TMS_Psychopy2024.2.5.psyexp,2024.2.5,2025-07-29 14h46.27.272763 +0200,
0,0,0,0,0,0,0,,,,,,,,,#D292F3,901.7453515529633,None,space,None,None,456.8922519683838,text_06,139,9,Reading_Baseline_main_click,None,"Kolonialismus,",13,0,13,60,60,,,,,,,,,,22,03,yes,no,no,2025-07-29_14h42.07.153,EXNAT_4_TMS_Psychopy2024.2.5.psyexp,2024.2.5,2025-07-29 14h46.27.272763 +0200,
0,0,0,0,0,0,0,,,,,,,,,#88BA3F,902.241486787796,None,space,None,None,344.8219299316406,text_06,140,9,Reading_Baseline_main_click,None,Handel,13,0,13,60,60,,,,,,,,,,22,03,yes,no,no,2025-07-29_14h42.07.153,EXNAT_4_TMS_Psychopy2024.2.5.psyexp,2024.2.5,2025-07-29 14h46.27.272763 +0200,
0,0,0,0,0,0,0,,,,,,,,,#D292F3,902.624767780304,None,space,None,None,217.43106842041016,text_06,141,9,Reading_Baseline_main_click,None,und,13,0,13,60,60,,,,,,,,,,22,03,yes,no,no,2025-07-29_14h42.07.153,EXNAT_4_TMS_Psychopy2024.2.5.psyexp,2024.2.5,2025-07-29 14h46.27.272763 +0200,
0,0,0,0,0,0,0,,,,,,,,,#88BA3F,902.8827872276306,None,space,None,None,359.4532012939453,text_06,142,9,Reading_Baseline_main_click,None,Migration,13,0,13,60,60,,,,,,,,,,22,03,yes,no,no,2025-07-29_14h42.07.153,EXNAT_4_TMS_Psychopy2024.2.5.psyexp,2024.2.5,2025-07-29 14h46.27.272763 +0200,
0,0,0,0,0,0,0,,,,,,,,,#D292F3,903.2800319194794,None,space,None,None,330.17444610595703,text_06,143,9,Reading_Baseline_main_click,None,eine,13,0,13,60,60,,,,,,,,,,22,03,yes,no,no,2025-07-29_14h42.07.153,EXNAT_4_TMS_Psychopy2024.2.5.psyexp,2024.2.5,2025-07-29 14h46.27.272763 +0200,
0,0,0,0,0,0,0,,,,,,,,,#F989A2,903.6486532688141,None,space,None,None,377.6135444641113,text_06,144,9,Reading_Baseline_main_click,None,kleine,13,0,13,60,60,,,,,,,,,,22,03,yes,no,no,2025-07-29_14h42.07.153,EXNAT_4_TMS_Psychopy2024.2.5.psyexp,2024.2.5,2025-07-29 14h46.27.272763 +0200,
0,0,0,0,0,0,0,,,,,,,,,#2AB7EF,904.0659680366516,None,space,None,None,296.33402824401855,text_06,145,9,Reading_Baseline_main_click,None,Insel,13,0,13,60,60,,,,,,,,,,22,03,yes,no,no,2025-07-29_14h42.07.153,EXNAT_4_TMS_Psychopy2024.2.5.psyexp,2024.2.5,2025-07-29 14h46.27.272763 +0200,
0,0,0,0,0,0,0,,,,,,,,,#2AB7EF,904.4022586345673,None,space,None,None,343.9483642578125,text_06,146,9,Reading_Baseline_main_click,None,bis,13,0,13,60,60,,,,,,,,,,22,03,yes,no,no,2025-07-29_14h42.07.153,EXNAT_4_TMS_Psychopy2024.2.5.psyexp,2024.2.5,2025-07-29 14h46.27.272763 +0200,
0,0,0,0,0,0,0,,,,,,,,,#F989A2,904.7873466014862,None,space,None,None,310.98008155822754,text_06,147,9,Reading_Baseline_main_click,None,heute,14,0,14,60,60,904.8827548027039,,,,,,,,,22,03,yes,no,no,2025-07-29_14h42.07.153,EXNAT_4_TMS_Psychopy2024.2.5.psyexp,2024.2.5,2025-07-29 14h46.27.272763 +0200,
0,0,0,0,0,0,0,,,,,,,,,#D292F3,905.1386086940765,None,space,None,None,407.5772762298584,text_06,148,9,Reading_Baseline_main_click,None,tief,14,0,14,60,60,,,,,,,,,,22,03,yes,no,no,2025-07-29_14h42.07.153,EXNAT_4_TMS_Psychopy2024.2.5.psyexp,2024.2.5,2025-07-29 14h46.27.272763 +0200,
0,0,0,0,0,0,0,,,,,,,,,#F989A2,905.5865504741669,None,space,None,None,391.83926582336426,text_06,149,9,Reading_Baseline_main_click,None,geprägt,14,0,14,60,60,,,,,,,,,,22,03,yes,no,no,2025-07-29_14h42.07.153,EXNAT_4_TMS_Psychopy2024.2.5.psyexp,2024.2.5,2025-07-29 14h46.27.272763 +0200,
0,0,0,0,0,0,0,,,,,,,,,#88BA3F,906.0195124149323,None,space,None,None,374.75061416625977,text_06,150,9,Reading_Baseline_main_click,None,haben.,14,0,14,60,60,,,,,,,,,,22,03,yes,no,no,2025-07-29_14h42.07.153,EXNAT_4_TMS_Psychopy2024.2.5.psyexp,2024.2.5,2025-07-29 14h46.27.272763 +0200,
0,0,0,0,0,0,0,,,,,,,,,,906.4422378540039,,1,,,,text_06,,9,Reading_Baseline_main_click,,,,,,,,,Q1,a,True,,,,,,22,03,yes,no,no,2025-07-29_14h42.07.153,EXNAT_4_TMS_Psychopy2024.2.5.psyexp,2024.2.5,2025-07-29 14h46.27.272763 +0200,
0,0,0,0,0,0,0,,,,,,,,,,910.4150681495667,,4,,,,text_06,,9,Reading_Baseline_main_click,,,,,,,,,Q2,d,False,,,,,,22,03,yes,no,no,2025-07-29_14h42.07.153,EXNAT_4_TMS_Psychopy2024.2.5.psyexp,2024.2.5,2025-07-29 14h46.27.272763 +0200,
0,0,0,0,0,0,0,,,,,,,,,,914.7068977355957,,4,,,,text_06,,9,Reading_Baseline_main_click,,,,,,,,,Q3,d,True,,,,,,22,03,yes,no,no,2025-07-29_14h42.07.153,EXNAT_4_TMS_Psychopy2024.2.5.psyexp,2024.2.5,2025-07-29 14h46.27.272763 +0200,
0,0,0,0,0,0,0,,,,,,,,,#F989A2,921.482831954956,None,space,None,None,527.5373458862305,text_09,1,10,Reading_Baseline_main_click,None,Als,15,0,15,60,60,921.539927482605,,,,,,,,,22,03,yes,no,no,2025-07-29_14h42.07.153,EXNAT_4_TMS_Psychopy2024.2.5.psyexp,2024.2.5,2025-07-29 14h46.27.272763 +0200,
0,0,0,0,0,0,0,,,,,,,,,#2AB7EF,922.0447781085968,None,space,None,None,349.49374198913574,text_09,2,10,Reading_Baseline_main_click,None,William,15,0,15,60,60,,,,,,,,,,22,03,yes,no,no,2025-07-29_14h42.07.153,EXNAT_4_TMS_Psychopy2024.2.5.psyexp,2024.2.5,2025-07-29 14h46.27.272763 +0200,
0,0,0,0,0,0,0,,,,,,,,,#2AB7EF,922.4267246723175,None,space,None,None,447.56555557250977,text_09,3,10,Reading_Baseline_main_click,None,Shakespeare,15,0,15,60,60,,,,,,,,,,22,03,yes,no,no,2025-07-29_14h42.07.153,EXNAT_4_TMS_Psychopy2024.2.5.psyexp,2024.2.5,2025-07-29 14h46.27.272763 +0200,
0,0,0,0,0,0,0,,,,,,,,,#88BA3F,922.9070944786072,None,space,None,None,431.26535415649414,text_09,4,10,Reading_Baseline_main_click,None,etwa,15,0,15,60,60,,,,,,,,,,22,03,yes,no,no,2025-07-29_14h42.07.153,EXNAT_4_TMS_Psychopy2024.2.5.psyexp,2024.2.5,2025-07-29 14h46.27.272763 +0200,
0,0,0,0,0,0,0,,,,,,,,,#F989A2,923.3762826919556,None,space,None,None,345.93772888183594,text_09,5,10,Reading_Baseline_main_click,None,fünf,15,0,15,60,60,,,,,,,,,,22,03,yes,no,no,2025-07-29_14h42.07.153,EXNAT_4_TMS_Psychopy2024.2.5.psyexp,2024.2.5,2025-07-29 14h46.27.272763 +0200,
0,0,0,0,0,0,0,,,,,,,,,#2AB7EF,923.7600154876709,None,space,None,None,394.21582221984863,text_09,6,10,Reading_Baseline_main_click,None,Jahre,15,0,15,60,60,,,,,,,,,,22,03,yes,no,no,2025-07-29_14h42.07.153,EXNAT_4_TMS_Psychopy2024.2.5.psyexp,2024.2.5,2025-07-29 14h46.27.272763 +0200,
0,0,0,0,0,0,0,,,,,,,,,#88BA3F,924.191563129425,None,space,None,None,362.81275749206543,text_09,7,10,Reading_Baseline_main_click,None,alt,15,0,15,60,60,,,,,,,,,,22,03,yes,no,no,2025-07-29_14h42.07.153,EXNAT_4_TMS_Psychopy2024.2.5.psyexp,2024.2.5,2025-07-29 14h46.27.272763 +0200,
0,0,0,0,0,0,0,,,,,,,,,#D292F3,924.5940594673157,None,space,None,None,312.3655319213867,text_09,8,10,Reading_Baseline_main_click,None,"war,",15,0,15,60,60,,,,,,,,,,22,03,yes,no,no,2025-07-29_14h42.07.153,EXNAT_4_TMS_Psychopy2024.2.5.psyexp,2024.2.5,2025-07-29 14h46.27.272763 +0200,
0,0,0,0,0,0,0,,,,,,,,,#F989A2,924.9456226825714,None,space,None,None,504.7588348388672,text_09,9,10,Reading_Baseline_main_click,None,ertrank,15,0,15,60,60,,,,,,,,,,22,03,yes,no,no,2025-07-29_14h42.07.153,EXNAT_4_TMS_Psychopy2024.2.5.psyexp,2024.2.5,2025-07-29 14h46.27.272763 +0200,
0,0,0,0,0,0,0,,,,,,,,,#88BA3F,925.491400718689,None,space,None,None,422.86181449890137,text_09,10,10,Reading_Baseline_main_click,None,in,15,0,15,60,60,,,,,,,,,,22,03,yes,no,no,2025-07-29_14h42.07.153,EXNAT_4_TMS_Psychopy2024.2.5.psyexp,2024.2.5,2025-07-29 14h46.27.272763 +0200,
0,0,0,0,0,0,0,,,,,,,,,#D292F3,925.9522948265076,None,space,None,None,329.99348640441895,text_09,11,10,Reading_Baseline_main_click,None,der,15,0,15,60,60,,,,,,,,,,22,03,yes,no,no,2025-07-29_14h42.07.153,EXNAT_4_TMS_Psychopy2024.2.5.psyexp,2024.2.5,2025-07-29 14h46.27.272763 +0200,
0,0,0,0,0,0,0,,,,,,,,,#D292F3,926.3225197792053,None,space,None,None,487.8098964691162,text_09,12,10,Reading_Baseline_main_click,None,Nähe,16,0,16,60,60,926.5399405956268,,,,,,,,,22,03,yes,no,no,2025-07-29_14h42.07.153,EXNAT_4_TMS_Psychopy2024.2.5.psyexp,2024.2.5,2025-07-29 14h46.27.272763 +0200,
0,0,0,0,0,0,0,,,,,,,,,#D292F3,926.8517594337463,None,space,None,None,342.56744384765625,text_09,13,10,Reading_Baseline_main_click,None,seines,16,0,16,60,60,,,,,,,,,,22,03,yes,no,no,2025-07-29_14h42.07.153,EXNAT_4_TMS_Psychopy2024.2.5.psyexp,2024.2.5,2025-07-29 14h46.27.272763 +0200,
0,0,0,0,0,0,0,,,,,,,,,#D292F3,927.2361416816711,None,space,None,None,342.0720100402832,text_09,14,10,Reading_Baseline_main_click,None,Heimatorts,16,0,16,60,60,,,,,,,,,,22,03,yes,no,no,2025-07-29_14h42.07.153,EXNAT_4_TMS_Psychopy2024.2.5.psyexp,2024.2.5,2025-07-29 14h46.27.272763 +0200,
0,0,0,0,0,0,0,,,,,,,,,#D292F3,927.6155986785889,None,space,None,None,362.7009391784668,text_09,15,10,Reading_Baseline_main_click,None,ein,16,0,16,60,60,,,,,,,,,,22,03,yes,no,no,2025-07-29_14h42.07.153,EXNAT_4_TMS_Psychopy2024.2.5.psyexp,2024.2.5,2025-07-29 14h46.27.272763 +0200,
0,0,0,0,0,0,0,,,,,,,,,#2AB7EF,928.0187108516693,None,space,None,None,327.58092880249023,text_09,16,10,Reading_Baseline_main_click,None,kleines,16,0,16,60,60,,,,,,,,,,22,03,yes,no,no,2025-07-29_14h42.07.153,EXNAT_4_TMS_Psychopy2024.2.5.psyexp,2024.2.5,2025-07-29 14h46.27.272763 +0200,
0,0,0,0,0,0,0,,,,,,,,,#D292F3,928.3875014781952,None,space,None,None,374.7999668121338,text_09,17,10,Reading_Baseline_main_click,None,Mädchen,16,0,16,60,60,,,,,,,,,,22,03,yes,no,no,2025-07-29_14h42.07.153,EXNAT_4_TMS_Psychopy2024.2.5.psyexp,2024.2.5,2025-07-29 14h46.27.272763 +0200,
0,0,0,0,0,0,0,,,,,,,,,#88BA3F,928.8041372299194,None,space,None,None,278.20539474487305,text_09,18,10,Reading_Baseline_main_click,None,namens,16,0,16,60,60,,,,,,,,,,22,03,yes,no,no,2025-07-29_14h42.07.153,EXNAT_4_TMS_Psychopy2024.2.5.psyexp,2024.2.5,2025-07-29 14h46.27.272763 +0200,
0,0,0,0,0,0,0,,,,,,,,,#2AB7EF,929.1216974258423,None,space,None,None,344.6767330169678,text_09,19,10,Reading_Baseline_main_click,None,Jane,16,0,16,60,60,,,,,,,,,,22,03,yes,no,no,2025-07-29_14h42.07.153,EXNAT_4_TMS_Psychopy2024.2.5.psyexp,2024.2.5,2025-07-29 14h46.27.272763 +0200,
0,0,0,0,0,0,0,,,,,,,,,#2AB7EF,929.5077481269836,None,space,None,None,310.6374740600586,text_09,20,10,Reading_Baseline_main_click,None,Shaxspere.,16,0,16,60,60,,,,,,,,,,22,03,yes,no,no,2025-07-29_14h42.07.153,EXNAT_4_TMS_Psychopy2024.2.5.psyexp,2024.2.5,2025-07-29 14h46.27.272763 +0200,
0,0,0,0,0,0,0,,,,,,,,,#F989A2,929.8560039997101,None,space,None,None,618.3016300201416,text_09,21,10,Reading_Baseline_main_click,None,Sie,16,0,16,60,60,,,,,,,,,,22,03,yes,no,no,2025-07-29_14h42.07.153,EXNAT_4_TMS_Psychopy2024.2.5.psyexp,2024.2.5,2025-07-29 14h46.27.272763 +0200,
0,0,0,0,0,0,0,,,,,,,,,#F989A2,930.5153565406799,None,space,None,None,438.9021396636963,text_09,22,10,Reading_Baseline_main_click,None,fiel,16,0,16,60,60,,,,,,,,,,22,03,yes,no,no,2025-07-29_14h42.07.153,EXNAT_4_TMS_Psychopy2024.2.5.psyexp,2024.2.5,2025-07-29 14h46.27.272763 +0200,
0,0,0,0,0,0,0,,,,,,,,,#F989A2,930.9932260513306,None,space,None,None,297.12605476379395,text_09,23,10,Reading_Baseline_main_click,None,beim,16,0,16,60,60,,,,,,,,,,22,03,yes,no,no,2025-07-29_14h42.07.153,EXNAT_4_TMS_Psychopy2024.2.5.psyexp,2024.2.5,2025-07-29 14h46.27.272763 +0200,
0,0,0,0,0,0,0,,,,,,,,,#88BA3F,931.334050655365,None,space,None,None,340.2366638183594,text_09,24,10,Reading_Baseline_main_click,None,Blumenpflücken,17,0,17,60,60,931.5399067401886,,,,,,,,,22,03,yes,no,no,2025-07-29_14h42.07.153,EXNAT_4_TMS_Psychopy2024.2.5.psyexp,2024.2.5,2025-07-29 14h46.27.272763 +0200,
0,0,0,0,0,0,0,,,,,,,,,#F989A2,931.7123491764069,None,space,None,None,393.9247131347656,text_09,25,10,Reading_Baseline_main_click,None,an,17,0,17,60,60,,,,,,,,,,22,03,yes,no,no,2025-07-29_14h42.07.153,EXNAT_4_TMS_Psychopy2024.2.5.psyexp,2024.2.5,2025-07-29 14h46.27.272763 +0200,
0,0,0,0,0,0,0,,,,,,,,,#2AB7EF,932.1454834938049,None,space,None,None,312.84022331237793,text_09,26,10,Reading_Baseline_main_click,None,einem,17,0,17,60,60,,,,,,,,,,22,03,yes,no,no,2025-07-29_14h42.07.153,EXNAT_4_TMS_Psychopy2024.2.5.psyexp,2024.2.5,2025-07-29 14h46.27.272763 +0200,
0,0,0,0,0,0,0,,,,,,,,,#D292F3,932.4973936080933,None,space,None,None,376.8939971923828,text_09,27,10,Reading_Baseline_main_click,None,Mühlteich,17,0,17,60,60,,,,,,,,,,22,03,yes,no,no,2025-07-29_14h42.07.153,EXNAT_4_TMS_Psychopy2024.2.5.psyexp,2024.2.5,2025-07-29 14h46.27.272763 +0200,
0,0,0,0,0,0,0,,,,,,,,,#2AB7EF,932.9141235351562,None,space,None,None,376.1556148529053,text_09,28,10,Reading_Baseline_main_click,None,ins,17,0,17,60,60,,,,,,,,,,22,03,yes,no,no,2025-07-29_14h42.07.153,EXNAT_4_TMS_Psychopy2024.2.5.psyexp,2024.2.5,2025-07-29 14h46.27.272763 +0200,
0,0,0,0,0,0,0,,,,,,,,,#88BA3F,933.3309886455536,None,space,None,None,407.32765197753906,text_09,29,10,Reading_Baseline_main_click,None,Wasser.,17,0,17,60,60,,,,,,,,,,22,03,yes,no,no,2025-07-29_14h42.07.153,EXNAT_4_TMS_Psychopy2024.2.5.psyexp,2024.2.5,2025-07-29 14h46.27.272763 +0200,
0,0,0,0,0,0,0,,,,,,,,,#D292F3,933.778626203537,None,space,None,None,423.6714839935303,text_09,30,10,Reading_Baseline_main_click,None,Forscher,17,0,17,60,60,,,,,,,,,,22,03,yes,no,no,2025-07-29_14h42.07.153,EXNAT_4_TMS_Psychopy2024.2.5.psyexp,2024.2.5,2025-07-29 14h46.27.272763 +0200,
0,0,0,0,0,0,0,,,,,,,,,#88BA3F,934.2429120540619,None,space,None,None,327.42905616760254,text_09,31,10,Reading_Baseline_main_click,None,der,17,0,17,60,60,,,,,,,,,,22,03,yes,no,no,2025-07-29_14h42.07.153,EXNAT_4_TMS_Psychopy2024.2.5.psyexp,2024.2.5,2025-07-29 14h46.27.272763 +0200,
0,0,0,0,0,0,0,,,,,,,,,#F989A2,934.6137142181396,None,space,None,None,292.5851345062256,text_09,32,10,Reading_Baseline_main_click,None,Universität,17,0,17,60,60,,,,,,,,,,22,03,yes,no,no,2025-07-29_14h42.07.153,EXNAT_4_TMS_Psychopy2024.2.5.psyexp,2024.2.5,2025-07-29 14h46.27.272763 +0200,
0,0,0,0,0,0,0,,,,,,,,,#F989A2,934.9475922584534,None,space,None,None,294.5818901062012,text_09,33,10,Reading_Baseline_main_click,None,Oxford,17,0,17,60,60,,,,,,,,,,22,03,yes,no,no,2025-07-29_14h42.07.153,EXNAT_4_TMS_Psychopy2024.2.5.psyexp,2024.2.5,2025-07-29 14h46.27.272763 +0200,
0,0,0,0,0,0,0,,,,,,,,,#D292F3,935.2816543579102,None,space,None,None,392.5893306732178,text_09,34,10,Reading_Baseline_main_click,None,vermuten,17,0,17,60,60,,,,,,,,,,22,03,yes,no,no,2025-07-29_14h42.07.153,EXNAT_4_TMS_Psychopy2024.2.5.psyexp,2024.2.5,2025-07-29 14h46.27.272763 +0200,
0,0,0,0,0,0,0,,,,,,,,,#88BA3F,935.7117795944214,None,space,None,None,378.49926948547363,text_09,35,10,Reading_Baseline_main_click,None,einen,17,0,17,60,60,,,,,,,,,,22,03,yes,no,no,2025-07-29_14h42.07.153,EXNAT_4_TMS_Psychopy2024.2.5.psyexp,2024.2.5,2025-07-29 14h46.27.272763 +0200,
0,0,0,0,0,0,0,,,,,,,,,#2AB7EF,936.1313400268555,None,space,None,None,246.85120582580566,text_09,36,10,Reading_Baseline_main_click,None,Zusammenhang,17,0,17,60,60,,,,,,,,,,22,03,yes,no,no,2025-07-29_14h42.07.153,EXNAT_4_TMS_Psychopy2024.2.5.psyexp,2024.2.5,2025-07-29 14h46.27.272763 +0200,
0,0,0,0,0,0,0,,,,,,,,,#2AB7EF,936.4168975353241,None,space,None,None,377.40230560302734,text_09,37,10,Reading_Baseline_main_click,None,mit,18,0,18,60,60,936.5399367809296,,,,,,,,,22,03,yes,no,no,2025-07-29_14h42.07.153,EXNAT_4_TMS_Psychopy2024.2.5.psyexp,2024.2.5,2025-07-29 14h46.27.272763 +0200,
0,0,0,0,0,0,0,,,,,,,,,#2AB7EF,936.8313457965851,None,space,None,None,331.0585021972656,text_09,38,10,Reading_Baseline_main_click,None,Shakespeares,18,0,18,60,60,,,,,,,,,,22,03,yes,no,no,2025-07-29_14h42.07.153,EXNAT_4_TMS_Psychopy2024.2.5.psyexp,2024.2.5,2025-07-29 14h46.27.272763 +0200,
0,0,0,0,0,0,0,,,,,,,,,#F989A2,937.2021272182465,None,space,None,None,296.2532043457031,text_09,39,10,Reading_Baseline_main_click,None,späterem,18,0,18,60,60,,,,,,,,,,22,03,yes,no,no,2025-07-29_14h42.07.153,EXNAT_4_TMS_Psychopy2024.2.5.psyexp,2024.2.5,2025-07-29 14h46.27.272763 +0200,
0,0,0,0,0,0,0,,,,,,,,,#88BA3F,937.539831161499,None,space,None,None,294.26002502441406,text_09,40,10,Reading_Baseline_main_click,None,Drama,18,0,18,60,60,,,,,,,,,,22,03,yes,no,no,2025-07-29_14h42.07.153,EXNAT_4_TMS_Psychopy2024.2.5.psyexp,2024.2.5,2025-07-29 14h46.27.272763 +0200,
0,0,0,0,0,0,0,,,,,,,,,#D292F3,937.8740162849426,None,space,None,None,344.33913230895996,text_09,41,10,Reading_Baseline_main_click,None,""Hamlet."",18,0,18,60,60,,,,,,,,,,22,03,yes,no,no,2025-07-29_14h42.07.153,EXNAT_4_TMS_Psychopy2024.2.5.psyexp,2024.2.5,2025-07-29 14h46.27.272763 +0200,
0,0,0,0,0,0,0,,,,,,,,,#D292F3,938.2584366798401,None,space,None,None,423.72608184814453,text_09,42,10,Reading_Baseline_main_click,None,In,18,0,18,60,60,,,,,,,,,,22,03,yes,no,no,2025-07-29_14h42.07.153,EXNAT_4_TMS_Psychopy2024.2.5.psyexp,2024.2.5,2025-07-29 14h46.27.272763 +0200,
0,0,0,0,0,0,0,,,,,,,,,#F989A2,938.7215278148651,None,space,None,None,328.75537872314453,text_09,43,10,Reading_Baseline_main_click,None,dem,18,0,18,60,60,,,,,,,,,,22,03,yes,no,no,2025-07-29_14h42.07.153,EXNAT_4_TMS_Psychopy2024.2.5.psyexp,2024.2.5,2025-07-29 14h46.27.272763 +0200,
0,0,0,0,0,0,0,,,,,,,,,#88BA3F,939.0907456874847,None,space,None,None,311.5572929382324,text_09,44,10,Reading_Baseline_main_click,None,Stück,18,0,18,60,60,,,,,,,,,,22,03,yes,no,no,2025-07-29_14h42.07.153,EXNAT_4_TMS_Psychopy2024.2.5.psyexp,2024.2.5,2025-07-29 14h46.27.272763 +0200,
0,0,0,0,0,0,0,,,,,,,,,#D292F3,939.4423649311066,None,space,None,None,311.8300437927246,text_09,45,10,Reading_Baseline_main_click,None,tötet,18,0,18,60,60,,,,,,,,,,22,03,yes,no,no,2025-07-29_14h42.07.153,EXNAT_4_TMS_Psychopy2024.2.5.psyexp,2024.2.5,2025-07-29 14h46.27.272763 +0200,
0,0,0,0,0,0,0,,,,,,,,,#D292F3,939.7936792373657,None,space,None,None,344.6660041809082,text_09,46,10,Reading_Baseline_main_click,None,Hamlet,18,0,18,60,60,,,,,,,,,,22,03,yes,no,no,2025-07-29_14h42.07.153,EXNAT_4_TMS_Psychopy2024.2.5.psyexp,2024.2.5,2025-07-29 14h46.27.272763 +0200,
0,0,0,0,0,0,0,,,,,,,,,#2AB7EF,940.1786029338837,None,space,None,None,327.8160095214844,text_09,47,10,Reading_Baseline_main_click,None,versehentlich,18,0,18,60,60,,,,,,,,,,22,03,yes,no,no,2025-07-29_14h42.07.153,EXNAT_4_TMS_Psychopy2024.2.5.psyexp,2024.2.5,2025-07-29 14h46.27.272763 +0200,
0,0,0,0,0,0,0,,,,,,,,,#F989A2,940.5461173057556,None,space,None,None,328.005313873291,text_09,48,10,Reading_Baseline_main_click,None,den,18,0,18,60,60,,,,,,,,,,22,03,yes,no,no,2025-07-29_14h42.07.153,EXNAT_4_TMS_Psychopy2024.2.5.psyexp,2024.2.5,2025-07-29 14h46.27.272763 +0200,
0,0,0,0,0,0,0,,,,,,,,,#88BA3F,940.9146819114685,None,space,None,None,359.7390651702881,text_09,49,10,Reading_Baseline_main_click,None,Vater,18,0,18,60,60,,,,,,,,,,22,03,yes,no,no,2025-07-29_14h42.07.153,EXNAT_4_TMS_Psychopy2024.2.5.psyexp,2024.2.5,2025-07-29 14h46.27.272763 +0200,
0,0,0,0,0,0,0,,,,,,,,,#D292F3,941.3130040168762,None,space,None,None,297.21665382385254,text_09,50,10,Reading_Baseline_main_click,None,seiner,19,0,19,60,60,941.5399572849274,,,,,,,,,22,03,yes,no,no,2025-07-29_14h42.07.153,EXNAT_4_TMS_Psychopy2024.2.5.psyexp,2024.2.5,2025-07-29 14h46.27.272763 +0200,
0,0,0,0,0,0,0,,,,,,,,,#2AB7EF,941.6531128883362,None,space,None,None,309.2653751373291,text_09,51,10,Reading_Baseline_main_click,None,Geliebten,19,0,19,60,60,,,,,,,,,,22,03,yes,no,no,2025-07-29_14h42.07.153,EXNAT_4_TMS_Psychopy2024.2.5.psyexp,2024.2.5,2025-07-29 14h46.27.272763 +0200,
0,0,0,0,0,0,0,,,,,,,,,#2AB7EF,942.0030736923218,None,space,None,None,279.30426597595215,text_09,52,10,Reading_Baseline_main_click,None,Ophelia.,19,0,19,60,60,,,,,,,,,,22,03,yes,no,no,2025-07-29_14h42.07.153,EXNAT_4_TMS_Psychopy2024.2.5.psyexp,2024.2.5,2025-07-29 14h46.27.272763 +0200,
0,0,0,0,0,0,0,,,,,,,,,#F989A2,942.321790933609,None,space,None,None,488.56401443481445,text_09,53,10,Reading_Baseline_main_click,None,Kurz,19,0,19,60,60,,,,,,,,,,22,03,yes,no,no,2025-07-29_14h42.07.153,EXNAT_4_TMS_Psychopy2024.2.5.psyexp,2024.2.5,2025-07-29 14h46.27.272763 +0200,
0,0,0,0,0,0,0,,,,,,,,,#88BA3F,942.8486244678497,None,space,None,None,329.74743843078613,text_09,54,10,Reading_Baseline_main_click,None,danach,19,0,19,60,60,,,,,,,,,,22,03,yes,no,no,2025-07-29_14h42.07.153,EXNAT_4_TMS_Psychopy2024.2.5.psyexp,2024.2.5,2025-07-29 14h46.27.272763 +0200,
0,0,0,0,0,0,0,,,,,,,,,#F989A2,943.2181451320648,None,space,None,None,440.21034240722656,text_09,55,10,Reading_Baseline_main_click,None,fällt,19,0,19,60,60,,,,,,,,,,22,03,yes,no,no,2025-07-29_14h42.07.153,EXNAT_4_TMS_Psychopy2024.2.5.psyexp,2024.2.5,2025-07-29 14h46.27.272763 +0200,
0,0,0,0,0,0,0,,,,,,,,,#D292F3,943.6984241008759,None,space,None,None,343.81699562072754,text_09,56,10,Reading_Baseline_main_click,None,die,19,0,19,60,60,,,,,,,,,,22,03,yes,no,no,2025-07-29_14h42.07.153,EXNAT_4_TMS_Psychopy2024.2.5.psyexp,2024.2.5,2025-07-29 14h46.27.272763 +0200,
0,0,0,0,0,0,0,,,,,,,,,#F989A2,944.0825545787811,None,space,None,None,295.67909240722656,text_09,57,10,Reading_Baseline_main_click,None,verzweifelte,19,0,19,60,60,,,,,,,,,,22,03,yes,no,no,2025-07-29_14h42.07.153,EXNAT_4_TMS_Psychopy2024.2.5.psyexp,2024.2.5,2025-07-29 14h46.27.272763 +0200,
0,0,0,0,0,0,0,,,,,,,,,#D292F3,944.4159595966339,None,space,None,None,330.28244972229004,text_09,58,10,Reading_Baseline_main_click,None,Edeldame,19,0,19,60,60,,,,,,,,,,22,03,yes,no,no,2025-07-29_14h42.07.153,EXNAT_4_TMS_Psychopy2024.2.5.psyexp,2024.2.5,2025-07-29 14h46.27.272763 +0200,
0,0,0,0,0,0,0,,,,,,,,,#2AB7EF,944.7864458560944,None,space,None,None,375.9112358093262,text_09,59,10,Reading_Baseline_main_click,None,beim,19,0,19,60,60,,,,,,,,,,22,03,yes,no,no,2025-07-29_14h42.07.153,EXNAT_4_TMS_Psychopy2024.2.5.psyexp,2024.2.5,2025-07-29 14h46.27.272763 +0200,
0,0,0,0,0,0,0,,,,,,,,,#88BA3F,945.1992814540863,None,space,None,None,283.0090522766113,text_09,60,10,Reading_Baseline_main_click,None,Blumenpflücken,19,0,19,60,60,,,,,,,,,,22,03,yes,no,no,2025-07-29_14h42.07.153,EXNAT_4_TMS_Psychopy2024.2.5.psyexp,2024.2.5,2025-07-29 14h46.27.272763 +0200,
0,0,0,0,0,0,0,,,,,,,,,#F989A2,945.5210251808167,None,space,None,None,297.1920967102051,text_09,61,10,Reading_Baseline_main_click,None,in,19,0,19,60,60,,,,,,,,,,22,03,yes,no,no,2025-07-29_14h42.07.153,EXNAT_4_TMS_Psychopy2024.2.5.psyexp,2024.2.5,2025-07-29 14h46.27.272763 +0200,
0,0,0,0,0,0,0,,,,,,,,,#F989A2,945.8561060428619,None,space,None,None,362.257719039917,text_09,62,10,Reading_Baseline_main_click,None,einen,19,0,19,60,60,,,,,,,,,,22,03,yes,no,no,2025-07-29_14h42.07.153,EXNAT_4_TMS_Psychopy2024.2.5.psyexp,2024.2.5,2025-07-29 14h46.27.272763 +0200,
0,0,0,0,0,0,0,,,,,,,,,#2AB7EF,946.2586381435394,None,space,None,None,583.763837814331,text_09,63,10,Reading_Baseline_main_click,None,Bach.,20,0,20,60,60,946.5401737689972,,,,,,,,,22,03,yes,no,no,2025-07-29_14h42.07.153,EXNAT_4_TMS_Psychopy2024.2.5.psyexp,2024.2.5,2025-07-29 14h46.27.272763 +0200,
0,0,0,0,0,0,0,,,,,,,,,#F989A2,946.8809666633606,None,space,None,None,345.3400135040283,text_09,64,10,Reading_Baseline_main_click,None,Ihr,20,0,20,60,60,,,,,,,,,,22,03,yes,no,no,2025-07-29_14h42.07.153,EXNAT_4_TMS_Psychopy2024.2.5.psyexp,2024.2.5,2025-07-29 14h46.27.272763 +0200,
0,0,0,0,0,0,0,,,,,,,,,#D292F3,947.264068365097,None,space,None,None,378.28922271728516,text_09,65,10,Reading_Baseline_main_click,None,Kleid,20,0,20,60,60,,,,,,,,,,22,03,yes,no,no,2025-07-29_14h42.07.153,EXNAT_4_TMS_Psychopy2024.2.5.psyexp,2024.2.5,2025-07-29 14h46.27.272763 +0200,
0,0,0,0,0,0,0,,,,,,,,,#88BA3F,947.682103395462,None,space,None,None,408.17952156066895,text_09,66,10,Reading_Baseline_main_click,None,saugt,20,0,20,60,60,,,,,,,,,,22,03,yes,no,no,2025-07-29_14h42.07.153,EXNAT_4_TMS_Psychopy2024.2.5.psyexp,2024.2.5,2025-07-29 14h46.27.272763 +0200,
0,0,0,0,0,0,0,,,,,,,,,#88BA3F,948.1304807662964,None,space,None,None,359.80963706970215,text_09,67,10,Reading_Baseline_main_click,None,sich,20,0,20,60,60,,,,,,,,,,22,03,yes,no,no,2025-07-29_14h42.07.153,EXNAT_4_TMS_Psychopy2024.2.5.psyexp,2024.2.5,2025-07-29 14h46.27.272763 +0200,
0,0,0,0,0,0,0,,,,,,,,,#D292F3,948.5311763286591,None,space,None,None,375.18954277038574,text_09,68,10,Reading_Baseline_main_click,None,mit,20,0,20,60,60,,,,,,,,,,22,03,yes,no,no,2025-07-29_14h42.07.153,EXNAT_4_TMS_Psychopy2024.2.5.psyexp,2024.2.5,2025-07-29 14h46.27.272763 +0200,
0,0,0,0,0,0,0,,,,,,,,,#2AB7EF,948.9460248947144,None,space,None,None,280.2472114562988,text_09,69,10,Reading_Baseline_main_click,None,Wasser,20,0,20,60,60,,,,,,,,,,22,03,yes,no,no,2025-07-29_14h42.07.153,EXNAT_4_TMS_Psychopy2024.2.5.psyexp,2024.2.5,2025-07-29 14h46.27.272763 +0200,
0,0,0,0,0,0,0,,,,,,,,,#88BA3F,949.2672293186188,None,space,None,None,246.86026573181152,text_09,70,10,Reading_Baseline_main_click,None,voll,20,0,20,60,60,,,,,,,,,,22,03,yes,no,no,2025-07-29_14h42.07.153,EXNAT_4_TMS_Psychopy2024.2.5.psyexp,2024.2.5,2025-07-29 14h46.27.272763 +0200,
0,0,0,0,0,0,0,,,,,,,,,#D292F3,949.5550577640533,None,space,None,None,263.12851905822754,text_09,71,10,Reading_Baseline_main_click,None,und,20,0,20,60,60,,,,,,,,,,22,03,yes,no,no,2025-07-29_14h42.07.153,EXNAT_4_TMS_Psychopy2024.2.5.psyexp,2024.2.5,2025-07-29 14h46.27.272763 +0200,
0,0,0,0,0,0,0,,,,,,,,,#2AB7EF,949.8560721874237,None,space,None,None,362.26892471313477,text_09,72,10,Reading_Baseline_main_click,None,sie,20,0,20,60,60,,,,,,,,,,22,03,yes,no,no,2025-07-29_14h42.07.153,EXNAT_4_TMS_Psychopy2024.2.5.psyexp,2024.2.5,2025-07-29 14h46.27.272763 +0200,
0,0,0,0,0,0,0,,,,,,,,,#88BA3F,950.2569751739502,None,space,None,None,409.503698348999,text_09,73,10,Reading_Baseline_main_click,None,geht,20,0,20,60,60,,,,,,,,,,22,03,yes,no,no,2025-07-29_14h42.07.153,EXNAT_4_TMS_Psychopy2024.2.5.psyexp,2024.2.5,2025-07-29 14h46.27.272763 +0200,
0,0,0,0,0,0,0,,,,,,,,,#F989A2,950.7068104743958,None,space,None,None,311.45167350769043,text_09,74,10,Reading_Baseline_main_click,None,unter.,20,0,20,60,60,,,,,,,,,,22,03,yes,no,no,2025-07-29_14h42.07.153,EXNAT_4_TMS_Psychopy2024.2.5.psyexp,2024.2.5,2025-07-29 14h46.27.272763 +0200,
0,0,0,0,0,0,0,,,,,,,,,#2AB7EF,951.0583691596985,None,space,None,None,391.88218116760254,text_09,75,10,Reading_Baseline_main_click,None,Ob,20,0,20,60,60,,,,,,,,,,22,03,yes,no,no,2025-07-29_14h42.07.153,EXNAT_4_TMS_Psychopy2024.2.5.psyexp,2024.2.5,2025-07-29 14h46.27.272763 +0200,
0,0,0,0,0,0,0,,,,,,,,,#F989A2,951.4904851913452,None,space,None,None,295.78685760498047,text_09,76,10,Reading_Baseline_main_click,None,es,21,0,21,60,60,951.5433931350708,,,,,,,,,22,03,yes,no,no,2025-07-29_14h42.07.153,EXNAT_4_TMS_Psychopy2024.2.5.psyexp,2024.2.5,2025-07-29 14h46.27.272763 +0200,
0,0,0,0,0,0,0,,,,,,,,,#D292F3,951.8239488601685,None,space,None,None,266.3872241973877,text_09,77,10,Reading_Baseline_main_click,None,ein,21,0,21,60,60,,,,,,,,,,22,03,yes,no,no,2025-07-29_14h42.07.153,EXNAT_4_TMS_Psychopy2024.2.5.psyexp,2024.2.5,2025-07-29 14h46.27.272763 +0200,
0,0,0,0,0,0,0,,,,,,,,,#88BA3F,952.1304638385773,None,space,None,None,327.84414291381836,text_09,78,10,Reading_Baseline_main_click,None,Unfall,21,0,21,60,60,,,,,,,,,,22,03,yes,no,no,2025-07-29_14h42.07.153,EXNAT_4_TMS_Psychopy2024.2.5.psyexp,2024.2.5,2025-07-29 14h46.27.272763 +0200,
0,0,0,0,0,0,0,,,,,,,,,#D292F3,952.4973456859589,None,space,None,None,376.97410583496094,text_09,79,10,Reading_Baseline_main_click,None,oder,21,0,21,60,60,,,,,,,,,,22,03,yes,no,no,2025-07-29_14h42.07.153,EXNAT_4_TMS_Psychopy2024.2.5.psyexp,2024.2.5,2025-07-29 14h46.27.272763 +0200,
0,0,0,0,0,0,0,,,,,,,,,#88BA3F,952.9139406681061,None,space,None,None,216.2773609161377,text_09,80,10,Reading_Baseline_main_click,None,ein,21,0,21,60,60,,,,,,,,,,22,03,yes,no,no,2025-07-29_14h42.07.153,EXNAT_4_TMS_Psychopy2024.2.5.psyexp,2024.2.5,2025-07-29 14h46.27.272763 +0200,
0,0,0,0,0,0,0,,,,,,,,,#2AB7EF,953.1719696521759,None,space,None,None,358.2594394683838,text_09,81,10,Reading_Baseline_main_click,None,Suizid,21,0,21,60,60,,,,,,,,,,22,03,yes,no,no,2025-07-29_14h42.07.153,EXNAT_4_TMS_Psychopy2024.2.5.psyexp,2024.2.5,2025-07-29 14h46.27.272763 +0200,
0,0,0,0,0,0,0,,,,,,,,,#F989A2,953.5684742927551,None,space,None,None,313.8470649719238,text_09,82,10,Reading_Baseline_main_click,None,"ist,",21,0,21,60,60,,,,,,,,,,22,03,yes,no,no,2025-07-29_14h42.07.153,EXNAT_4_TMS_Psychopy2024.2.5.psyexp,2024.2.5,2025-07-29 14h46.27.272763 +0200,
0,0,0,0,0,0,0,,,,,,,,,#D292F3,953.9190955162048,None,space,None,None,299.12757873535156,text_09,83,10,Reading_Baseline_main_click,None,wird,21,0,21,60,60,,,,,,,,,,22,03,yes,no,no,2025-07-29_14h42.07.153,EXNAT_4_TMS_Psychopy2024.2.5.psyexp,2024.2.5,2025-07-29 14h46.27.272763 +0200,
0,0,0,0,0,0,0,,,,,,,,,#2AB7EF,954.2568974494934,None,space,None,None,313.22765350341797,text_09,84,10,Reading_Baseline_main_click,None,im,21,0,21,60,60,,,,,,,,,,22,03,yes,no,no,2025-07-29_14h42.07.153,EXNAT_4_TMS_Psychopy2024.2.5.psyexp,2024.2.5,2025-07-29 14h46.27.272763 +0200,
0,0,0,0,0,0,0,,,,,,,,,#88BA3F,954.6087484359741,None,space,None,None,281.37707710266113,text_09,85,10,Reading_Baseline_main_click,None,Stück,21,0,21,60,60,,,,,,,,,,22,03,yes,no,no,2025-07-29_14h42.07.153,EXNAT_4_TMS_Psychopy2024.2.5.psyexp,2024.2.5,2025-07-29 14h46.27.272763 +0200,
0,0,0,0,0,0,0,,,,,,,,,#D292F3,954.9281930923462,None,space,None,None,586.1601829528809,text_09,86,10,Reading_Baseline_main_click,None,offengelassen.,21,0,21,60,60,,,,,,,,,,22,03,yes,no,no,2025-07-29_14h42.07.153,EXNAT_4_TMS_Psychopy2024.2.5.psyexp,2024.2.5,2025-07-29 14h46.27.272763 +0200,
0,0,0,0,0,0,0,,,,,,,,,#F989A2,955.5564110279083,None,space,None,None,373.96955490112305,text_09,87,10,Reading_Baseline_main_click,None,Historiker,21,0,21,60,60,,,,,,,,,,22,03,yes,no,no,2025-07-29_14h42.07.153,EXNAT_4_TMS_Psychopy2024.2.5.psyexp,2024.2.5,2025-07-29 14h46.27.272763 +0200,
0,0,0,0,0,0,0,,,,,,,,,#D292F3,955.9703984260559,None,space,None,None,279.9849510192871,text_09,88,10,Reading_Baseline_main_click,None,wurden,21,0,21,60,60,,,,,,,,,,22,03,yes,no,no,2025-07-29_14h42.07.153,EXNAT_4_TMS_Psychopy2024.2.5.psyexp,2024.2.5,2025-07-29 14h46.27.272763 +0200,
0,0,0,0,0,0,0,,,,,,,,,#2AB7EF,956.289847612381,None,space,None,None,328.29785346984863,text_09,89,10,Reading_Baseline_main_click,None,durch,22,0,22,60,60,956.54336810112,,,,,,,,,22,03,yes,no,no,2025-07-29_14h42.07.153,EXNAT_4_TMS_Psychopy2024.2.5.psyexp,2024.2.5,2025-07-29 14h46.27.272763 +0200,
0,0,0,0,0,0,0,,,,,,,,,#2AB7EF,956.6561667919159,None,space,None,None,362.32829093933105,text_09,90,10,Reading_Baseline_main_click,None,alte,22,0,22,60,60,,,,,,,,,,22,03,yes,no,no,2025-07-29_14h42.07.153,EXNAT_4_TMS_Psychopy2024.2.5.psyexp,2024.2.5,2025-07-29 14h46.27.272763 +0200,
0,0,0,0,0,0,0,,,,,,,,,#2AB7EF,957.0603892803192,None,space,None,None,373.80099296569824,text_09,91,10,Reading_Baseline_main_click,None,medizinische,22,0,22,60,60,,,,,,,,,,22,03,yes,no,no,2025-07-29_14h42.07.153,EXNAT_4_TMS_Psychopy2024.2.5.psyexp,2024.2.5,2025-07-29 14h46.27.272763 +0200,
0,0,0,0,0,0,0,,,,,,,,,#88BA3F,957.4714126586914,None,space,None,None,299.0405559539795,text_09,92,10,Reading_Baseline_main_click,None,Akten,22,0,22,60,60,,,,,,,,,,22,03,yes,no,no,2025-07-29_14h42.07.153,EXNAT_4_TMS_Psychopy2024.2.5.psyexp,2024.2.5,2025-07-29 14h46.27.272763 +0200,
0,0,0,0,0,0,0,,,,,,,,,#2AB7EF,957.8116669654846,None,space,None,None,342.7298069000244,text_09,93,10,Reading_Baseline_main_click,None,auf,22,0,22,60,60,,,,,,,,,,22,03,yes,no,no,2025-07-29_14h42.07.153,EXNAT_4_TMS_Psychopy2024.2.5.psyexp,2024.2.5,2025-07-29 14h46.27.272763 +0200,
0,0,0,0,0,0,0,,,,,,,,,#88BA3F,958.1942236423492,None,space,None,None,280.102014541626,text_09,94,10,Reading_Baseline_main_click,None,die,22,0,22,60,60,,,,,,,,,,22,03,yes,no,no,2025-07-29_14h42.07.153,EXNAT_4_TMS_Psychopy2024.2.5.psyexp,2024.2.5,2025-07-29 14h46.27.272763 +0200,
0,0,0,0,0,0,0,,,,,,,,,#D292F3,958.5159466266632,None,space,None,None,278.2783508300781,text_09,95,10,Reading_Baseline_main_click,None,Ähnlichkeit,22,0,22,60,60,,,,,,,,,,22,03,yes,no,no,2025-07-29_14h42.07.153,EXNAT_4_TMS_Psychopy2024.2.5.psyexp,2024.2.5,2025-07-29 14h46.27.272763 +0200,
0,0,0,0,0,0,0,,,,,,,,,#F989A2,958.8338730335236,None,space,None,None,344.35200691223145,text_09,96,10,Reading_Baseline_main_click,None,der,22,0,22,60,60,,,,,,,,,,22,03,yes,no,no,2025-07-29_14h42.07.153,EXNAT_4_TMS_Psychopy2024.2.5.psyexp,2024.2.5,2025-07-29 14h46.27.272763 +0200,
0,0,0,0,0,0,0,,,,,,,,,#88BA3F,959.2173230648041,None,space,None,None,297.24693298339844,text_09,97,10,Reading_Baseline_main_click,None,Fälle,22,0,22,60,60,,,,,,,,,,22,03,yes,no,no,2025-07-29_14h42.07.153,EXNAT_4_TMS_Psychopy2024.2.5.psyexp,2024.2.5,2025-07-29 14h46.27.272763 +0200,
0,0,0,0,0,0,0,,,,,,,,,#F989A2,959.5554523468018,None,space,None,None,246.86455726623535,text_09,98,10,Reading_Baseline_main_click,None,aufmerksam.,22,0,22,60,60,,,,,,,,,,22,03,yes,no,no,2025-07-29_14h42.07.153,EXNAT_4_TMS_Psychopy2024.2.5.psyexp,2024.2.5,2025-07-29 14h46.27.272763 +0200,
0,0,0,0,0,0,0,,,,,,,,,#2AB7EF,959.8420178890228,None,space,None,None,424.4518280029297,text_09,99,10,Reading_Baseline_main_click,None,Auch,22,0,22,60,60,,,,,,,,,,22,03,yes,no,no,2025-07-29_14h42.07.153,EXNAT_4_TMS_Psychopy2024.2.5.psyexp,2024.2.5,2025-07-29 14h46.27.272763 +0200,
0,0,0,0,0,0,0,,,,,,,,,#2AB7EF,960.3062195777893,None,space,None,None,280.0755500793457,text_09,100,10,Reading_Baseline_main_click,None,die,22,0,22,60,60,,,,,,,,,,22,03,yes,no,no,2025-07-29_14h42.07.153,EXNAT_4_TMS_Psychopy2024.2.5.psyexp,2024.2.5,2025-07-29 14h46.27.272763 +0200,
0,0,0,0,0,0,0,,,,,,,,,#F989A2,960.6259818077087,None,space,None,None,344.404935836792,text_09,101,10,Reading_Baseline_main_click,None,fast,22,0,22,60,60,,,,,,,,,,22,03,yes,no,no,2025-07-29_14h42.07.153,EXNAT_4_TMS_Psychopy2024.2.5.psyexp,2024.2.5,2025-07-29 14h46.27.272763 +0200,
0,0,0,0,0,0,0,,,,,,,,,#88BA3F,961.0098860263824,None,space,None,None,376.5125274658203,text_09,102,10,Reading_Baseline_main_click,None,gleichen,22,0,22,60,60,,,,,,,,,,22,03,yes,no,no,2025-07-29_14h42.07.153,EXNAT_4_TMS_Psychopy2024.2.5.psyexp,2024.2.5,2025-07-29 14h46.27.272763 +0200,
0,0,0,0,0,0,0,,,,,,,,,#D292F3,961.4274792671204,None,space,None,None,359.03406143188477,text_09,103,10,Reading_Baseline_main_click,None,Nachnamen,23,0,23,60,60,961.5433566570282,,,,,,,,,22,03,yes,no,no,2025-07-29_14h42.07.153,EXNAT_4_TMS_Psychopy2024.2.5.psyexp,2024.2.5,2025-07-29 14h46.27.272763 +0200,
0,0,0,0,0,0,0,,,,,,,,,#2AB7EF,961.8261587619781,None,space,None,None,312.3040199279785,text_09,104,10,Reading_Baseline_main_click,None,fielen,23,0,23,60,60,,,,,,,,,,22,03,yes,no,no,2025-07-29_14h42.07.153,EXNAT_4_TMS_Psychopy2024.2.5.psyexp,2024.2.5,2025-07-29 14h46.27.272763 +0200,
0,0,0,0,0,0,0,,,,,,,,,#D292F3,962.1790254116058,None,space,None,None,279.4923782348633,text_09,105,10,Reading_Baseline_main_click,None,auf.,23,0,23,60,60,,,,,,,,,,22,03,yes,no,no,2025-07-29_14h42.07.153,EXNAT_4_TMS_Psychopy2024.2.5.psyexp,2024.2.5,2025-07-29 14h46.27.272763 +0200,
0,0,0,0,0,0,0,,,,,,,,,#88BA3F,962.4965579509735,None,space,None,None,377.90656089782715,text_09,106,10,Reading_Baseline_main_click,None,Da,23,0,23,60,60,,,,,,,,,,22,03,yes,no,no,2025-07-29_14h42.07.153,EXNAT_4_TMS_Psychopy2024.2.5.psyexp,2024.2.5,2025-07-29 14h46.27.272763 +0200,
0,0,0,0,0,0,0,,,,,,,,,#F989A2,962.9140284061432,None,space,None,None,296.2687015533447,text_09,107,10,Reading_Baseline_main_click,None,es,23,0,23,60,60,,,,,,,,,,22,03,yes,no,no,2025-07-29_14h42.07.153,EXNAT_4_TMS_Psychopy2024.2.5.psyexp,2024.2.5,2025-07-29 14h46.27.272763 +0200,
0,0,0,0,0,0,0,,,,,,,,,#D292F3,963.2495336532593,None,space,None,None,296.9212532043457,text_09,108,10,Reading_Baseline_main_click,None,damals,23,0,23,60,60,,,,,,,,,,22,03,yes,no,no,2025-07-29_14h42.07.153,EXNAT_4_TMS_Psychopy2024.2.5.psyexp,2024.2.5,2025-07-29 14h46.27.272763 +0200,
0,0,0,0,0,0,0,,,,,,,,,#D292F3,963.5862023830414,None,space,None,None,568.3085918426514,text_09,109,10,Reading_Baseline_main_click,None,keine,23,0,23,60,60,,,,,,,,,,22,03,yes,no,no,2025-07-29_14h42.07.153,EXNAT_4_TMS_Psychopy2024.2.5.psyexp,2024.2.5,2025-07-29 14h46.27.272763 +0200,
0,0,0,0,0,0,0,,,,,,,,,#F989A2,964.1942219734192,None,space,None,None,312.20388412475586,text_09,110,10,Reading_Baseline_main_click,None,festen,23,0,23,60,60,,,,,,,,,,22,03,yes,no,no,2025-07-29_14h42.07.153,EXNAT_4_TMS_Psychopy2024.2.5.psyexp,2024.2.5,2025-07-29 14h46.27.272763 +0200,
0,0,0,0,0,0,0,,,,,,,,,#88BA3F,964.5446376800537,None,space,None,None,441.60938262939453,text_09,111,10,Reading_Baseline_main_click,None,Schreibweisen,23,0,23,60,60,,,,,,,,,,22,03,yes,no,no,2025-07-29_14h42.07.153,EXNAT_4_TMS_Psychopy2024.2.5.psyexp,2024.2.5,2025-07-29 14h46.27.272763 +0200,
0,0,0,0,0,0,0,,,,,,,,,#D292F3,965.0253307819366,None,space,None,None,232.93423652648926,text_09,112,10,Reading_Baseline_main_click,None,"gab,",23,0,23,60,60,,,,,,,,,,22,03,yes,no,no,2025-07-29_14h42.07.153,EXNAT_4_TMS_Psychopy2024.2.5.psyexp,2024.2.5,2025-07-29 14h46.27.272763 +0200,
0,0,0,0,0,0,0,,,,,,,,,#2AB7EF,965.2994530200958,None,space,None,None,278.81932258605957,text_09,113,10,Reading_Baseline_main_click,None,könnten,23,0,23,60,60,,,,,,,,,,22,03,yes,no,no,2025-07-29_14h42.07.153,EXNAT_4_TMS_Psychopy2024.2.5.psyexp,2024.2.5,2025-07-29 14h46.27.272763 +0200,
0,0,0,0,0,0,0,,,,,,,,,#88BA3F,965.6171457767487,None,space,None,None,281.0068130493164,text_09,114,10,Reading_Baseline_main_click,None,William,23,0,23,60,60,,,,,,,,,,22,03,yes,no,no,2025-07-29_14h42.07.153,EXNAT_4_TMS_Psychopy2024.2.5.psyexp,2024.2.5,2025-07-29 14h46.27.272763 +0200,
0,0,0,0,0,0,0,,,,,,,,,#88BA3F,965.9389615058899,None,space,None,None,311.2185001373291,text_09,115,10,Reading_Baseline_main_click,None,und,23,0,23,60,60,,,,,,,,,,22,03,yes,no,no,2025-07-29_14h42.07.153,EXNAT_4_TMS_Psychopy2024.2.5.psyexp,2024.2.5,2025-07-29 14h46.27.272763 +0200,
0,0,0,0,0,0,0,,,,,,,,,#2AB7EF,966.2902474403381,None,space,None,None,328.19056510925293,text_09,116,10,Reading_Baseline_main_click,None,Jane,24,0,24,60,60,966.5434324741364,,,,,,,,,22,03,yes,no,no,2025-07-29_14h42.07.153,EXNAT_4_TMS_Psychopy2024.2.5.psyexp,2024.2.5,2025-07-29 14h46.27.272763 +0200,
0,0,0,0,0,0,0,,,,,,,,,#D292F3,966.6580066680908,None,space,None,None,360.37731170654297,text_09,117,10,Reading_Baseline_main_click,None,sogar,24,0,24,60,60,,,,,,,,,,22,03,yes,no,no,2025-07-29_14h42.07.153,EXNAT_4_TMS_Psychopy2024.2.5.psyexp,2024.2.5,2025-07-29 14h46.27.272763 +0200,
0,0,0,0,0,0,0,,,,,,,,,#F989A2,967.0587084293365,None,space,None,None,343.7800407409668,text_09,118,10,Reading_Baseline_main_click,None,verwandt,24,0,24,60,60,,,,,,,,,,22,03,yes,no,no,2025-07-29_14h42.07.153,EXNAT_4_TMS_Psychopy2024.2.5.psyexp,2024.2.5,2025-07-29 14h46.27.272763 +0200,
0,0,0,0,0,0,0,,,,,,,,,#2AB7EF,967.4417455196381,None,space,None,None,312.7732276916504,text_09,119,10,Reading_Baseline_main_click,None,gewesen,24,0,24,60,60,,,,,,,,,,22,03,yes,no,no,2025-07-29_14h42.07.153,EXNAT_4_TMS_Psychopy2024.2.5.psyexp,2024.2.5,2025-07-29 14h46.27.272763 +0200,
0,0,0,0,0,0,0,,,,,,,,,#F989A2,967.7938642501831,None,space,None,None,376.5742778778076,text_09,120,10,Reading_Baseline_main_click,None,sein.,24,0,24,60,60,,,,,,,,,,22,03,yes,no,no,2025-07-29_14h42.07.153,EXNAT_4_TMS_Psychopy2024.2.5.psyexp,2024.2.5,2025-07-29 14h46.27.272763 +0200,
0,0,0,0,0,0,0,,,,,,,,,#D292F3,968.2090547084808,None,space,None,None,329.4849395751953,text_09,121,10,Reading_Baseline_main_click,None,Eine,24,0,24,60,60,,,,,,,,,,22,03,yes,no,no,2025-07-29_14h42.07.153,EXNAT_4_TMS_Psychopy2024.2.5.psyexp,2024.2.5,2025-07-29 14h46.27.272763 +0200,
0,0,0,0,0,0,0,,,,,,,,,#F989A2,968.5782504081726,None,space,None,None,504.08244132995605,text_09,122,10,Reading_Baseline_main_click,None,Forscherin,24,0,24,60,60,,,,,,,,,,22,03,yes,no,no,2025-07-29_14h42.07.153,EXNAT_4_TMS_Psychopy2024.2.5.psyexp,2024.2.5,2025-07-29 14h46.27.272763 +0200,
0,0,0,0,0,0,0,,,,,,,,,#2AB7EF,969.1222739219666,None,space,None,None,392.08054542541504,text_09,123,10,Reading_Baseline_main_click,None,meint:,24,0,24,60,60,,,,,,,,,,22,03,yes,no,no,2025-07-29_14h42.07.153,EXNAT_4_TMS_Psychopy2024.2.5.psyexp,2024.2.5,2025-07-29 14h46.27.272763 +0200,
0,0,0,0,0,0,0,,,,,,,,,#2AB7EF,969.5546295642853,None,space,None,None,455.8372497558594,text_09,124,10,Reading_Baseline_main_click,None,Selbst,24,0,24,60,60,,,,,,,,,,22,03,yes,no,no,2025-07-29_14h42.07.153,EXNAT_4_TMS_Psychopy2024.2.5.psyexp,2024.2.5,2025-07-29 14h46.27.272763 +0200,
0,0,0,0,0,0,0,,,,,,,,,#F989A2,970.0481011867523,None,space,None,None,314.26548957824707,text_09,125,10,Reading_Baseline_main_click,None,ohne,24,0,24,60,60,,,,,,,,,,22,03,yes,no,no,2025-07-29_14h42.07.153,EXNAT_4_TMS_Psychopy2024.2.5.psyexp,2024.2.5,2025-07-29 14h46.27.272763 +0200,
0,0,0,0,0,0,0,,,,,,,,,#D292F3,970.3998675346375,None,space,None,None,394.43397521972656,text_09,126,10,Reading_Baseline_main_click,None,Verwandtschaft,24,0,24,60,60,,,,,,,,,,22,03,yes,no,no,2025-07-29_14h42.07.153,EXNAT_4_TMS_Psychopy2024.2.5.psyexp,2024.2.5,2025-07-29 14h46.27.272763 +0200,
0,0,0,0,0,0,0,,,,,,,,,#88BA3F,970.8338541984558,None,space,None,None,344.58398818969727,text_09,127,10,Reading_Baseline_main_click,None,könnte,24,0,24,60,60,,,,,,,,,,22,03,yes,no,no,2025-07-29_14h42.07.153,EXNAT_4_TMS_Psychopy2024.2.5.psyexp,2024.2.5,2025-07-29 14h46.27.272763 +0200,
0,0,0,0,0,0,0,,,,,,,,,#88BA3F,971.2154574394226,None,space,None,None,346.74930572509766,text_09,128,10,Reading_Baseline_main_click,None,der,25,0,25,60,60,971.5435674190521,,,,,,,,,22,03,yes,no,no,2025-07-29_14h42.07.153,EXNAT_4_TMS_Psychopy2024.2.5.psyexp,2024.2.5,2025-07-29 14h46.27.272763 +0200,
0,0,0,0,0,0,0,,,,,,,,,#88BA3F,971.6006765365601,None,space,None,None,489.7298812866211,text_09,129,10,Reading_Baseline_main_click,None,Fall,25,0,25,60,60,,,,,,,,,,22,03,yes,no,no,2025-07-29_14h42.07.153,EXNAT_4_TMS_Psychopy2024.2.5.psyexp,2024.2.5,2025-07-29 14h46.27.272763 +0200,
0,0,0,0,0,0,0,,,,,,,,,#F989A2,972.1301355361938,None,space,None,None,280.04980087280273,text_09,130,10,Reading_Baseline_main_click,None,Shakespeare,25,0,25,60,60,,,,,,,,,,22,03,yes,no,no,2025-07-29_14h42.07.153,EXNAT_4_TMS_Psychopy2024.2.5.psyexp,2024.2.5,2025-07-29 14h46.27.272763 +0200,
0,0,0,0,0,0,0,,,,,,,,,#D292F3,972.4474823474884,None,space,None,None,298.85292053222656,text_09,131,10,Reading_Baseline_main_click,None,durch,25,0,25,60,60,,,,,,,,,,22,03,yes,no,no,2025-07-29_14h42.07.153,EXNAT_4_TMS_Psychopy2024.2.5.psyexp,2024.2.5,2025-07-29 14h46.27.272763 +0200,
0,0,0,0,0,0,0,,,,,,,,,#88BA3F,972.7864129543304,None,space,None,None,391.99209213256836,text_09,132,10,Reading_Baseline_main_click,None,den,25,0,25,60,60,,,,,,,,,,22,03,yes,no,no,2025-07-29_14h42.07.153,EXNAT_4_TMS_Psychopy2024.2.5.psyexp,2024.2.5,2025-07-29 14h46.27.272763 +0200,
0,0,0,0,0,0,0,,,,,,,,,#2AB7EF,973.2171885967255,None,space,None,None,313.14635276794434,text_09,133,10,Reading_Baseline_main_click,None,Namen,25,0,25,60,60,,,,,,,,,,22,03,yes,no,no,2025-07-29_14h42.07.153,EXNAT_4_TMS_Psychopy2024.2.5.psyexp,2024.2.5,2025-07-29 14h46.27.272763 +0200,
0,0,0,0,0,0,0,,,,,,,,,#F989A2,973.5664141178131,None,space,None,None,396.09408378601074,text_09,134,10,Reading_Baseline_main_click,None,im,25,0,25,60,60,,,,,,,,,,22,03,yes,no,no,2025-07-29_14h42.07.153,EXNAT_4_TMS_Psychopy2024.2.5.psyexp,2024.2.5,2025-07-29 14h46.27.272763 +0200,
0,0,0,0,0,0,0,,,,,,,,,#88BA3F,974.0036144256592,None,space,None,None,326.81751251220703,text_09,135,10,Reading_Baseline_main_click,None,Gedächtnis,25,0,25,60,60,,,,,,,,,,22,03,yes,no,no,2025-07-29_14h42.07.153,EXNAT_4_TMS_Psychopy2024.2.5.psyexp,2024.2.5,2025-07-29 14h46.27.272763 +0200,
0,0,0,0,0,0,0,,,,,,,,,#F989A2,974.3717398643494,None,space,None,None,342.4038887023926,text_09,136,10,Reading_Baseline_main_click,None,geblieben,25,0,25,60,60,,,,,,,,,,22,03,yes,no,no,2025-07-29_14h42.07.153,EXNAT_4_TMS_Psychopy2024.2.5.psyexp,2024.2.5,2025-07-29 14h46.27.272763 +0200,
0,0,0,0,0,0,0,,,,,,,,,#2AB7EF,974.7529852390289,None,space,None,None,361.15574836730957,text_09,137,10,Reading_Baseline_main_click,None,sein.,25,0,25,60,60,,,,,,,,,,22,03,yes,no,no,2025-07-29_14h42.07.153,EXNAT_4_TMS_Psychopy2024.2.5.psyexp,2024.2.5,2025-07-29 14h46.27.272763 +0200,
0,0,0,0,0,0,0,,,,,,,,,#88BA3F,975.1566755771637,None,space,None,None,389.8735046386719,text_09,138,10,Reading_Baseline_main_click,None,Neben,25,0,25,60,60,,,,,,,,,,22,03,yes,no,no,2025-07-29_14h42.07.153,EXNAT_4_TMS_Psychopy2024.2.5.psyexp,2024.2.5,2025-07-29 14h46.27.272763 +0200,
0,0,0,0,0,0,0,,,,,,,,,#D292F3,975.587394952774,None,space,None,None,278.8980007171631,text_09,139,10,Reading_Baseline_main_click,None,historischen,25,0,25,60,60,,,,,,,,,,22,03,yes,no,no,2025-07-29_14h42.07.153,EXNAT_4_TMS_Psychopy2024.2.5.psyexp,2024.2.5,2025-07-29 14h46.27.272763 +0200,
0,0,0,0,0,0,0,,,,,,,,,#2AB7EF,975.9073324203491,None,space,None,None,294.8606014251709,text_09,140,10,Reading_Baseline_main_click,None,Ereignissen,25,0,25,60,60,,,,,,,,,,22,03,yes,no,no,2025-07-29_14h42.07.153,EXNAT_4_TMS_Psychopy2024.2.5.psyexp,2024.2.5,2025-07-29 14h46.27.272763 +0200,
0,0,0,0,0,0,0,,,,,,,,,#88BA3F,976.2417204380035,None,space,None,None,536.4515781402588,text_09,141,10,Reading_Baseline_main_click,None,prägten,26,0,26,60,60,976.5434186458588,,,,,,,,,22,03,yes,no,no,2025-07-29_14h42.07.153,EXNAT_4_TMS_Psychopy2024.2.5.psyexp,2024.2.5,2025-07-29 14h46.27.272763 +0200,
0,0,0,0,0,0,0,,,,,,,,,#D292F3,976.8163859844208,None,space,None,None,281.86774253845215,text_09,142,10,Reading_Baseline_main_click,None,laut,26,0,26,60,60,,,,,,,,,,22,03,yes,no,no,2025-07-29_14h42.07.153,EXNAT_4_TMS_Psychopy2024.2.5.psyexp,2024.2.5,2025-07-29 14h46.27.272763 +0200,
0,0,0,0,0,0,0,,,,,,,,,#D292F3,977.1362590789795,None,space,None,None,329.8943042755127,text_09,143,10,Reading_Baseline_main_click,None,ihr,26,0,26,60,60,,,,,,,,,,22,03,yes,no,no,2025-07-29_14h42.07.153,EXNAT_4_TMS_Psychopy2024.2.5.psyexp,2024.2.5,2025-07-29 14h46.27.272763 +0200,
0,0,0,0,0,0,0,,,,,,,,,#F989A2,977.5059089660645,None,space,None,None,360.3353500366211,text_09,144,10,Reading_Baseline_main_click,None,auch,26,0,26,60,60,,,,,,,,,,22,03,yes,no,no,2025-07-29_14h42.07.153,EXNAT_4_TMS_Psychopy2024.2.5.psyexp,2024.2.5,2025-07-29 14h46.27.272763 +0200,
0,0,0,0,0,0,0,,,,,,,,,#D292F3,977.9047605991364,None,space,None,None,297.63221740722656,text_09,145,10,Reading_Baseline_main_click,None,Gerüchte,26,0,26,60,60,,,,,,,,,,22,03,yes,no,no,2025-07-29_14h42.07.153,EXNAT_4_TMS_Psychopy2024.2.5.psyexp,2024.2.5,2025-07-29 14h46.27.272763 +0200,
0,0,0,0,0,0,0,,,,,,,,,#2AB7EF,978.2428197860718,None,space,None,None,391.7381763458252,text_09,146,10,Reading_Baseline_main_click,None,und,26,0,26,60,60,,,,,,,,,,22,03,yes,no,no,2025-07-29_14h42.07.153,EXNAT_4_TMS_Psychopy2024.2.5.psyexp,2024.2.5,2025-07-29 14h46.27.272763 +0200,
0,0,0,0,0,0,0,,,,,,,,,#88BA3F,978.6745460033417,None,space,None,None,327.61073112487793,text_09,147,10,Reading_Baseline_main_click,None,tragische,26,0,26,60,60,,,,,,,,,,22,03,yes,no,no,2025-07-29_14h42.07.153,EXNAT_4_TMS_Psychopy2024.2.5.psyexp,2024.2.5,2025-07-29 14h46.27.272763 +0200,
0,0,0,0,0,0,0,,,,,,,,,#2AB7EF,979.0419776439667,None,space,None,None,264.3146514892578,text_09,148,10,Reading_Baseline_main_click,None,Geschichten,26,0,26,60,60,,,,,,,,,,22,03,yes,no,no,2025-07-29_14h42.07.153,EXNAT_4_TMS_Psychopy2024.2.5.psyexp,2024.2.5,2025-07-29 14h46.27.272763 +0200,
0,0,0,0,0,0,0,,,,,,,,,#F989A2,979.3444845676422,None,space,None,None,361.8650436401367,text_09,149,10,Reading_Baseline_main_click,None,Shakespeares,26,0,26,60,60,,,,,,,,,,22,03,yes,no,no,2025-07-29_14h42.07.153,EXNAT_4_TMS_Psychopy2024.2.5.psyexp,2024.2.5,2025-07-29 14h46.27.272763 +0200,
0,0,0,0,0,0,0,,,,,,,,,#88BA3F,979.7439563274384,None,space,None,None,362.4579906463623,text_09,150,10,Reading_Baseline_main_click,None,Werke.,26,0,26,60,60,,,,,,,,,,22,03,yes,no,no,2025-07-29_14h42.07.153,EXNAT_4_TMS_Psychopy2024.2.5.psyexp,2024.2.5,2025-07-29 14h46.27.272763 +0200,
0,0,0,0,0,0,0,,,,,,,,,,980.1562769412994,,3,,,,text_09,,10,Reading_Baseline_main_click,,,,,,,,,Q1,c,True,,,,,,22,03,yes,no,no,2025-07-29_14h42.07.153,EXNAT_4_TMS_Psychopy2024.2.5.psyexp,2024.2.5,2025-07-29 14h46.27.272763 +0200,
0,0,0,0,0,0,0,,,,,,,,,,984.6523988246918,,4,,,,text_09,,10,Reading_Baseline_main_click,,,,,,,,,Q2,d,True,,,,,,22,03,yes,no,no,2025-07-29_14h42.07.153,EXNAT_4_TMS_Psychopy2024.2.5.psyexp,2024.2.5,2025-07-29 14h46.27.272763 +0200,
0,0,0,0,0,0,0,,,,,,,,,,989.1292510032654,,1,,,,text_09,,10,Reading_Baseline_main_click,,,,,,,,,Q3,a,True,,,,,,22,03,yes,no,no,2025-07-29_14h42.07.153,EXNAT_4_TMS_Psychopy2024.2.5.psyexp,2024.2.5,2025-07-29 14h46.27.272763 +0200,
0,0,0,0,0,0,0,,,,,,,,,#D292F3,994.6893961429596,None,space,None,None,584.9587917327881,text_10,1,11,Reading_Baseline_main_click,None,Hinter,26,0,26,60,60,,,,,,,,,,22,03,yes,no,no,2025-07-29_14h42.07.153,EXNAT_4_TMS_Psychopy2024.2.5.psyexp,2024.2.5,2025-07-29 14h46.27.272763 +0200,
0,0,0,0,0,0,0,,,,,,,,,#F989A2,995.3079674243927,None,space,None,None,398.3438014984131,text_10,2,11,Reading_Baseline_main_click,None,einer,27,0,27,60,60,995.3686354160309,,,,,,,,,22,03,yes,no,no,2025-07-29_14h42.07.153,EXNAT_4_TMS_Psychopy2024.2.5.psyexp,2024.2.5,2025-07-29 14h46.27.272763 +0200,
0,0,0,0,0,0,0,,,,,,,,,#88BA3F,995.7403175830841,None,space,None,None,398.1025218963623,text_10,3,11,Reading_Baseline_main_click,None,grünen,27,0,27,60,60,,,,,,,,,,22,03,yes,no,no,2025-07-29_14h42.07.153,EXNAT_4_TMS_Psychopy2024.2.5.psyexp,2024.2.5,2025-07-29 14h46.27.272763 +0200,
0,0,0,0,0,0,0,,,,,,,,,#F989A2,996.1764390468597,None,space,None,None,441.85853004455566,text_10,4,11,Reading_Baseline_main_click,None,Metalltür,27,0,27,60,60,,,,,,,,,,22,03,yes,no,no,2025-07-29_14h42.07.153,EXNAT_4_TMS_Psychopy2024.2.5.psyexp,2024.2.5,2025-07-29 14h46.27.272763 +0200,
0,0,0,0,0,0,0,,,,,,,,,#F989A2,996.6577897071838,None,space,None,None,376.6674995422363,text_10,5,11,Reading_Baseline_main_click,None,in,27,0,27,60,60,,,,,,,,,,22,03,yes,no,no,2025-07-29_14h42.07.153,EXNAT_4_TMS_Psychopy2024.2.5.psyexp,2024.2.5,2025-07-29 14h46.27.272763 +0200,
0,0,0,0,0,0,0,,,,,,,,,#88BA3F,997.0752601623535,None,space,None,None,439.16773796081543,text_10,6,11,Reading_Baseline_main_click,None,Jordanien,27,0,27,60,60,,,,,,,,,,22,03,yes,no,no,2025-07-29_14h42.07.153,EXNAT_4_TMS_Psychopy2024.2.5.psyexp,2024.2.5,2025-07-29 14h46.27.272763 +0200,
0,0,0,0,0,0,0,,,,,,,,,#2AB7EF,997.5554468631744,None,space,None,None,630.9747695922852,text_10,7,11,Reading_Baseline_main_click,None,liegt,27,0,27,60,60,,,,,,,,,,22,03,yes,no,no,2025-07-29_14h42.07.153,EXNAT_4_TMS_Psychopy2024.2.5.psyexp,2024.2.5,2025-07-29 14h46.27.272763 +0200,
0,0,0,0,0,0,0,,,,,,,,,#2AB7EF,998.2266416549683,None,space,None,None,391.82543754577637,text_10,8,11,Reading_Baseline_main_click,None,Adnans,27,0,27,60,60,,,,,,,,,,22,03,yes,no,no,2025-07-29_14h42.07.153,EXNAT_4_TMS_Psychopy2024.2.5.psyexp,2024.2.5,2025-07-29 14h46.27.272763 +0200,
0,0,0,0,0,0,0,,,,,,,,,#2AB7EF,998.6578915119171,None,space,None,None,568.533182144165,text_10,9,11,Reading_Baseline_main_click,None,Proberaum.,27,0,27,60,60,,,,,,,,,,22,03,yes,no,no,2025-07-29_14h42.07.153,EXNAT_4_TMS_Psychopy2024.2.5.psyexp,2024.2.5,2025-07-29 14h46.27.272763 +0200,
0,0,0,0,0,0,0,,,,,,,,,#D292F3,999.26717710495,None,space,None,None,407.30738639831543,text_10,10,11,Reading_Baseline_main_click,None,Dort,27,0,27,60,60,,,,,,,,,,22,03,yes,no,no,2025-07-29_14h42.07.153,EXNAT_4_TMS_Psychopy2024.2.5.psyexp,2024.2.5,2025-07-29 14h46.27.272763 +0200,
0,0,0,0,0,0,0,,,,,,,,,#88BA3F,999.7113738059998,None,space,None,None,427.0062446594238,text_10,11,11,Reading_Baseline_main_click,None,spielt,27,0,27,60,60,,,,,,,,,,22,03,yes,no,no,2025-07-29_14h42.07.153,EXNAT_4_TMS_Psychopy2024.2.5.psyexp,2024.2.5,2025-07-29 14h46.27.272763 +0200,
0,0,0,0,0,0,0,,,,,,,,,#D292F3,1000.1784942150116,None,space,None,None,311.89417839050293,text_10,12,11,Reading_Baseline_main_click,None,er,28,0,28,60,60,1000.3686411380768,,,,,,,,,22,03,yes,no,no,2025-07-29_14h42.07.153,EXNAT_4_TMS_Psychopy2024.2.5.psyexp,2024.2.5,2025-07-29 14h46.27.272763 +0200,
0,0,0,0,0,0,0,,,,,,,,,#88BA3F,1000.5301525592804,None,space,None,None,360.1658344268799,text_10,13,11,Reading_Baseline_main_click,None,mit,28,0,28,60,60,,,,,,,,,,22,03,yes,no,no,2025-07-29_14h42.07.153,EXNAT_4_TMS_Psychopy2024.2.5.psyexp,2024.2.5,2025-07-29 14h46.27.272763 +0200,
0,0,0,0,0,0,0,,,,,,,,,#88BA3F,1000.9317526817322,None,space,None,None,374.59278106689453,text_10,14,11,Reading_Baseline_main_click,None,seiner,28,0,28,60,60,,,,,,,,,,22,03,yes,no,no,2025-07-29_14h42.07.153,EXNAT_4_TMS_Psychopy2024.2.5.psyexp,2024.2.5,2025-07-29 14h46.27.272763 +0200,
0,0,0,0,0,0,0,,,,,,,,,#2AB7EF,1001.3453154563904,None,space,None,None,313.154935836792,text_10,15,11,Reading_Baseline_main_click,None,Band,28,0,28,60,60,,,,,,,,,,22,03,yes,no,no,2025-07-29_14h42.07.153,EXNAT_4_TMS_Psychopy2024.2.5.psyexp,2024.2.5,2025-07-29 14h46.27.272763 +0200,
0,0,0,0,0,0,0,,,,,,,,,#D292F3,1001.6980619430542,None,space,None,None,312.1302127838135,text_10,16,11,Reading_Baseline_main_click,None,Heavy,28,0,28,60,60,,,,,,,,,,22,03,yes,no,no,2025-07-29_14h42.07.153,EXNAT_4_TMS_Psychopy2024.2.5.psyexp,2024.2.5,2025-07-29 14h46.27.272763 +0200,
0,0,0,0,0,0,0,,,,,,,,,#88BA3F,1002.0501790046692,None,space,None,None,312.2396469116211,text_10,17,11,Reading_Baseline_main_click,None,Metal.,28,0,28,60,60,,,,,,,,,,22,03,yes,no,no,2025-07-29_14h42.07.153,EXNAT_4_TMS_Psychopy2024.2.5.psyexp,2024.2.5,2025-07-29 14h46.27.272763 +0200,
0,0,0,0,0,0,0,,,,,,,,,#D292F3,1002.4016089439392,None,space,None,None,456.77709579467773,text_10,18,11,Reading_Baseline_main_click,None,Doch,28,0,28,60,60,,,,,,,,,,22,03,yes,no,no,2025-07-29_14h42.07.153,EXNAT_4_TMS_Psychopy2024.2.5.psyexp,2024.2.5,2025-07-29 14h46.27.272763 +0200,
0,0,0,0,0,0,0,,,,,,,,,#D292F3,1002.8979442119598,None,space,None,None,392.46678352355957,text_10,19,11,Reading_Baseline_main_click,None,diese,28,0,28,60,60,,,,,,,,,,22,03,yes,no,no,2025-07-29_14h42.07.153,EXNAT_4_TMS_Psychopy2024.2.5.psyexp,2024.2.5,2025-07-29 14h46.27.272763 +0200,
0,0,0,0,0,0,0,,,,,,,,,#88BA3F,1003.3295328617096,None,space,None,None,392.9283618927002,text_10,20,11,Reading_Baseline_main_click,None,Musik,28,0,28,60,60,,,,,,,,,,22,03,yes,no,no,2025-07-29_14h42.07.153,EXNAT_4_TMS_Psychopy2024.2.5.psyexp,2024.2.5,2025-07-29 14h46.27.272763 +0200,
0,0,0,0,0,0,0,,,,,,,,,#F989A2,1003.7613024711609,None,space,None,None,472.98741340637207,text_10,21,11,Reading_Baseline_main_click,None,ist,28,0,28,60,60,,,,,,,,,,22,03,yes,no,no,2025-07-29_14h42.07.153,EXNAT_4_TMS_Psychopy2024.2.5.psyexp,2024.2.5,2025-07-29 14h46.27.272763 +0200,
0,0,0,0,0,0,0,,,,,,,,,#F989A2,1004.2743940353394,None,space,None,None,231.83441162109375,text_10,22,11,Reading_Baseline_main_click,None,in,28,0,28,60,60,,,,,,,,,,22,03,yes,no,no,2025-07-29_14h42.07.153,EXNAT_4_TMS_Psychopy2024.2.5.psyexp,2024.2.5,2025-07-29 14h46.27.272763 +0200,
0,0,0,0,0,0,0,,,,,,,,,#88BA3F,1004.5445458889008,None,space,None,None,297.75238037109375,text_10,23,11,Reading_Baseline_main_click,None,Jordanien,28,0,28,60,60,,,,,,,,,,22,03,yes,no,no,2025-07-29_14h42.07.153,EXNAT_4_TMS_Psychopy2024.2.5.psyexp,2024.2.5,2025-07-29 14h46.27.272763 +0200,
0,0,0,0,0,0,0,,,,,,,,,#F989A2,1004.8818151950836,None,space,None,None,312.41488456726074,text_10,24,11,Reading_Baseline_main_click,None,nicht,28,0,28,60,60,,,,,,,,,,22,03,yes,no,no,2025-07-29_14h42.07.153,EXNAT_4_TMS_Psychopy2024.2.5.psyexp,2024.2.5,2025-07-29 14h46.27.272763 +0200,
0,0,0,0,0,0,0,,,,,,,,,#F989A2,1005.2353556156158,None,space,None,None,326.9810676574707,text_10,25,11,Reading_Baseline_main_click,None,ungefährlich.,29,0,29,60,60,1005.3686575889587,,,,,,,,,22,03,yes,no,no,2025-07-29_14h42.07.153,EXNAT_4_TMS_Psychopy2024.2.5.psyexp,2024.2.5,2025-07-29 14h46.27.272763 +0200,
0,0,0,0,0,0,0,,,,,,,,,#D292F3,1005.6038653850555,None,space,None,None,342.5619602203369,text_10,26,11,Reading_Baseline_main_click,None,Konzerte,29,0,29,60,60,,,,,,,,,,22,03,yes,no,no,2025-07-29_14h42.07.153,EXNAT_4_TMS_Psychopy2024.2.5.psyexp,2024.2.5,2025-07-29 14h46.27.272763 +0200,
0,0,0,0,0,0,0,,,,,,,,,#D292F3,1005.9858794212341,None,space,None,None,264.56761360168457,text_10,27,11,Reading_Baseline_main_click,None,sind,29,0,29,60,60,,,,,,,,,,22,03,yes,no,no,2025-07-29_14h42.07.153,EXNAT_4_TMS_Psychopy2024.2.5.psyexp,2024.2.5,2025-07-29 14h46.27.272763 +0200,
0,0,0,0,0,0,0,,,,,,,,,#88BA3F,1006.291353225708,None,space,None,None,246.83141708374023,text_10,28,11,Reading_Baseline_main_click,None,oft,29,0,29,60,60,,,,,,,,,,22,03,yes,no,no,2025-07-29_14h42.07.153,EXNAT_4_TMS_Psychopy2024.2.5.psyexp,2024.2.5,2025-07-29 14h46.27.272763 +0200,
0,0,0,0,0,0,0,,,,,,,,,#F989A2,1006.5788581371307,None,space,None,None,295.46332359313965,text_10,29,11,Reading_Baseline_main_click,None,"verboten,",29,0,29,60,60,,,,,,,,,,22,03,yes,no,no,2025-07-29_14h42.07.153,EXNAT_4_TMS_Psychopy2024.2.5.psyexp,2024.2.5,2025-07-29 14h46.27.272763 +0200,
0,0,0,0,0,0,0,,,,,,,,,#88BA3F,1006.913001537323,None,space,None,None,345.442533493042,text_10,30,11,Reading_Baseline_main_click,None,und,29,0,29,60,60,,,,,,,,,,22,03,yes,no,no,2025-07-29_14h42.07.153,EXNAT_4_TMS_Psychopy2024.2.5.psyexp,2024.2.5,2025-07-29 14h46.27.272763 +0200,
0,0,0,0,0,0,0,,,,,,,,,#2AB7EF,1007.2966105937958,None,space,None,None,313.732385635376,text_10,31,11,Reading_Baseline_main_click,None,Fans,29,0,29,60,60,,,,,,,,,,22,03,yes,no,no,2025-07-29_14h42.07.153,EXNAT_4_TMS_Psychopy2024.2.5.psyexp,2024.2.5,2025-07-29 14h46.27.272763 +0200,
0,0,0,0,0,0,0,,,,,,,,,#D292F3,1007.6510078907013,None,space,None,None,343.3990478515625,text_10,32,11,Reading_Baseline_main_click,None,können,29,0,29,60,60,,,,,,,,,,22,03,yes,no,no,2025-07-29_14h42.07.153,EXNAT_4_TMS_Psychopy2024.2.5.psyexp,2024.2.5,2025-07-29 14h46.27.272763 +0200,
0,0,0,0,0,0,0,,,,,,,,,#F989A2,1008.0344004631042,None,space,None,None,360.044002532959,text_10,33,11,Reading_Baseline_main_click,None,verhaftet,29,0,29,60,60,,,,,,,,,,22,03,yes,no,no,2025-07-29_14h42.07.153,EXNAT_4_TMS_Psychopy2024.2.5.psyexp,2024.2.5,2025-07-29 14h46.27.272763 +0200,
0,0,0,0,0,0,0,,,,,,,,,#2AB7EF,1008.4355707168579,None,space,None,None,294.6667671203613,text_10,34,11,Reading_Baseline_main_click,None,werden.,29,0,29,60,60,,,,,,,,,,22,03,yes,no,no,2025-07-29_14h42.07.153,EXNAT_4_TMS_Psychopy2024.2.5.psyexp,2024.2.5,2025-07-29 14h46.27.272763 +0200,
0,0,0,0,0,0,0,,,,,,,,,#D292F3,1008.7709367275238,None,space,None,None,279.2856693267822,text_10,35,11,Reading_Baseline_main_click,None,In,29,0,29,60,60,,,,,,,,,,22,03,yes,no,no,2025-07-29_14h42.07.153,EXNAT_4_TMS_Psychopy2024.2.5.psyexp,2024.2.5,2025-07-29 14h46.27.272763 +0200,
0,0,0,0,0,0,0,,,,,,,,,#88BA3F,1009.0890772342682,None,space,None,None,313.3528232574463,text_10,36,11,Reading_Baseline_main_click,None,den,29,0,29,60,60,,,,,,,,,,22,03,yes,no,no,2025-07-29_14h42.07.153,EXNAT_4_TMS_Psychopy2024.2.5.psyexp,2024.2.5,2025-07-29 14h46.27.272763 +0200,
0,0,0,0,0,0,0,,,,,,,,,#88BA3F,1009.4436130523682,None,space,None,None,294.7063446044922,text_10,37,11,Reading_Baseline_main_click,None,1990er-Jahren,29,0,29,60,60,,,,,,,,,,22,03,yes,no,no,2025-07-29_14h42.07.153,EXNAT_4_TMS_Psychopy2024.2.5.psyexp,2024.2.5,2025-07-29 14h46.27.272763 +0200,
0,0,0,0,0,0,0,,,,,,,,,#88BA3F,1009.7759754657745,None,space,None,None,378.4213066101074,text_10,38,11,Reading_Baseline_main_click,None,gab,29,0,29,60,60,,,,,,,,,,22,03,yes,no,no,2025-07-29_14h42.07.153,EXNAT_4_TMS_Psychopy2024.2.5.psyexp,2024.2.5,2025-07-29 14h46.27.272763 +0200,
0,0,0,0,0,0,0,,,,,,,,,#F989A2,1010.1923620700836,None,space,None,None,282.0727825164795,text_10,39,11,Reading_Baseline_main_click,None,es,30,0,30,60,60,1010.3686532974243,,,,,,,,,22,03,yes,no,no,2025-07-29_14h42.07.153,EXNAT_4_TMS_Psychopy2024.2.5.psyexp,2024.2.5,2025-07-29 14h46.27.272763 +0200,
0,0,0,0,0,0,0,,,,,,,,,#2AB7EF,1010.5130524635315,None,space,None,None,233.19411277770996,text_10,40,11,Reading_Baseline_main_click,None,erste,30,0,30,60,60,,,,,,,,,,22,03,yes,no,no,2025-07-29_14h42.07.153,EXNAT_4_TMS_Psychopy2024.2.5.psyexp,2024.2.5,2025-07-29 14h46.27.272763 +0200,
0,0,0,0,0,0,0,,,,,,,,,#F989A2,1010.7873950004578,None,space,None,None,550.9586334228516,text_10,41,11,Reading_Baseline_main_click,None,Metal-Konzerte,30,0,30,60,60,,,,,,,,,,22,03,yes,no,no,2025-07-29_14h42.07.153,EXNAT_4_TMS_Psychopy2024.2.5.psyexp,2024.2.5,2025-07-29 14h46.27.272763 +0200,
0,0,0,0,0,0,0,,,,,,,,,#D292F3,1011.3762328624725,None,space,None,None,282.20224380493164,text_10,42,11,Reading_Baseline_main_click,None,in,30,0,30,60,60,,,,,,,,,,22,03,yes,no,no,2025-07-29_14h42.07.153,EXNAT_4_TMS_Psychopy2024.2.5.psyexp,2024.2.5,2025-07-29 14h46.27.272763 +0200,
0,0,0,0,0,0,0,,,,,,,,,#88BA3F,1011.6977219581604,None,space,None,None,344.4669246673584,text_10,43,11,Reading_Baseline_main_click,None,arabischen,30,0,30,60,60,,,,,,,,,,22,03,yes,no,no,2025-07-29_14h42.07.153,EXNAT_4_TMS_Psychopy2024.2.5.psyexp,2024.2.5,2025-07-29 14h46.27.272763 +0200,
0,0,0,0,0,0,0,,,,,,,,,#D292F3,1012.0826432704926,None,space,None,None,359.68852043151855,text_10,44,11,Reading_Baseline_main_click,None,Ländern.,30,0,30,60,60,,,,,,,,,,22,03,yes,no,no,2025-07-29_14h42.07.153,EXNAT_4_TMS_Psychopy2024.2.5.psyexp,2024.2.5,2025-07-29 14h46.27.272763 +0200,
0,0,0,0,0,0,0,,,,,,,,,#88BA3F,1012.4824302196503,None,space,None,None,327.894926071167,text_10,45,11,Reading_Baseline_main_click,None,Oft,30,0,30,60,60,,,,,,,,,,22,03,yes,no,no,2025-07-29_14h42.07.153,EXNAT_4_TMS_Psychopy2024.2.5.psyexp,2024.2.5,2025-07-29 14h46.27.272763 +0200,
0,0,0,0,0,0,0,,,,,,,,,#2AB7EF,1012.8480308055878,None,space,None,None,378.38220596313477,text_10,46,11,Reading_Baseline_main_click,None,endeten,30,0,30,60,60,,,,,,,,,,22,03,yes,no,no,2025-07-29_14h42.07.153,EXNAT_4_TMS_Psychopy2024.2.5.psyexp,2024.2.5,2025-07-29 14h46.27.272763 +0200,
0,0,0,0,0,0,0,,,,,,,,,#F989A2,1013.2662239074707,None,space,None,None,312.1380805969238,text_10,47,11,Reading_Baseline_main_click,None,diese,30,0,30,60,60,,,,,,,,,,22,03,yes,no,no,2025-07-29_14h42.07.153,EXNAT_4_TMS_Psychopy2024.2.5.psyexp,2024.2.5,2025-07-29 14h46.27.272763 +0200,
0,0,0,0,0,0,0,,,,,,,,,#2AB7EF,1013.6171853542328,None,space,None,None,313.1825923919678,text_10,48,11,Reading_Baseline_main_click,None,mit,30,0,30,60,60,,,,,,,,,,22,03,yes,no,no,2025-07-29_14h42.07.153,EXNAT_4_TMS_Psychopy2024.2.5.psyexp,2024.2.5,2025-07-29 14h46.27.272763 +0200,
0,0,0,0,0,0,0,,,,,,,,,#F989A2,1013.9717361927032,None,space,None,None,550.7857799530029,text_10,49,11,Reading_Baseline_main_click,None,Polizeirazzien.,30,0,30,60,60,,,,,,,,,,22,03,yes,no,no,2025-07-29_14h42.07.153,EXNAT_4_TMS_Psychopy2024.2.5.psyexp,2024.2.5,2025-07-29 14h46.27.272763 +0200,
0,0,0,0,0,0,0,,,,,,,,,#2AB7EF,1014.5629281997681,None,space,None,None,423.5658645629883,text_10,50,11,Reading_Baseline_main_click,None,In,30,0,30,60,60,,,,,,,,,,22,03,yes,no,no,2025-07-29_14h42.07.153,EXNAT_4_TMS_Psychopy2024.2.5.psyexp,2024.2.5,2025-07-29 14h46.27.272763 +0200,
0,0,0,0,0,0,0,,,,,,,,,#F989A2,1015.0250496864319,None,space,None,None,313.1873607635498,text_10,51,11,Reading_Baseline_main_click,None,Ägypten,30,0,30,60,60,,,,,,,,,,22,03,yes,no,no,2025-07-29_14h42.07.153,EXNAT_4_TMS_Psychopy2024.2.5.psyexp,2024.2.5,2025-07-29 14h46.27.272763 +0200,
0,0,0,0,0,0,0,,,,,,,,,#D292F3,1015.3774044513702,None,space,None,None,328.9194107055664,text_10,52,11,Reading_Baseline_main_click,None,wurden,31,0,31,60,60,1015.4324064254761,,,,,,,,,22,03,yes,no,no,2025-07-29_14h42.07.153,EXNAT_4_TMS_Psychopy2024.2.5.psyexp,2024.2.5,2025-07-29 14h46.27.272763 +0200,
0,0,0,0,0,0,0,,,,,,,,,#D292F3,1015.7458682060242,None,space,None,None,312.3924732208252,text_10,53,11,Reading_Baseline_main_click,None,bei,31,0,31,60,60,,,,,,,,,,22,03,yes,no,no,2025-07-29_14h42.07.153,EXNAT_4_TMS_Psychopy2024.2.5.psyexp,2024.2.5,2025-07-29 14h46.27.272763 +0200,
0,0,0,0,0,0,0,,,,,,,,,#2AB7EF,1016.0974130630493,None,space,None,None,376.9357204437256,text_10,54,11,Reading_Baseline_main_click,None,einem,31,0,31,60,60,,,,,,,,,,22,03,yes,no,no,2025-07-29_14h42.07.153,EXNAT_4_TMS_Psychopy2024.2.5.psyexp,2024.2.5,2025-07-29 14h46.27.272763 +0200,
0,0,0,0,0,0,0,,,,,,,,,#88BA3F,1016.5156145095825,None,space,None,None,294.66748237609863,text_10,55,11,Reading_Baseline_main_click,None,Konzert,31,0,31,60,60,,,,,,,,,,22,03,yes,no,no,2025-07-29_14h42.07.153,EXNAT_4_TMS_Psychopy2024.2.5.psyexp,2024.2.5,2025-07-29 14h46.27.272763 +0200,
0,0,0,0,0,0,0,,,,,,,,,#F989A2,1016.8473858833313,None,space,None,None,314.9573802947998,text_10,56,11,Reading_Baseline_main_click,None,damals,31,0,31,60,60,,,,,,,,,,22,03,yes,no,no,2025-07-29_14h42.07.153,EXNAT_4_TMS_Psychopy2024.2.5.psyexp,2024.2.5,2025-07-29 14h46.27.272763 +0200,
0,0,0,0,0,0,0,,,,,,,,,#2AB7EF,1017.2024154663086,None,space,None,None,343.94049644470215,text_10,57,11,Reading_Baseline_main_click,None,70,31,0,31,60,60,,,,,,,,,,22,03,yes,no,no,2025-07-29_14h42.07.153,EXNAT_4_TMS_Psychopy2024.2.5.psyexp,2024.2.5,2025-07-29 14h46.27.272763 +0200,
0,0,0,0,0,0,0,,,,,,,,,#88BA3F,1017.587991476059,None,space,None,None,310.5051517486572,text_10,58,11,Reading_Baseline_main_click,None,Jugendliche,31,0,31,60,60,,,,,,,,,,22,03,yes,no,no,2025-07-29_14h42.07.153,EXNAT_4_TMS_Psychopy2024.2.5.psyexp,2024.2.5,2025-07-29 14h46.27.272763 +0200,
0,0,0,0,0,0,0,,,,,,,,,#D292F3,1017.9396119117737,None,space,None,None,374.755859375,text_10,59,11,Reading_Baseline_main_click,None,festgenommen.,31,0,31,60,60,,,,,,,,,,22,03,yes,no,no,2025-07-29_14h42.07.153,EXNAT_4_TMS_Psychopy2024.2.5.psyexp,2024.2.5,2025-07-29 14h46.27.272763 +0200,
0,0,0,0,0,0,0,,,,,,,,,#88BA3F,1018.3549718856812,None,space,None,None,311.47289276123047,text_10,60,11,Reading_Baseline_main_click,None,Heute,31,0,31,60,60,,,,,,,,,,22,03,yes,no,no,2025-07-29_14h42.07.153,EXNAT_4_TMS_Psychopy2024.2.5.psyexp,2024.2.5,2025-07-29 14h46.27.272763 +0200,
0,0,0,0,0,0,0,,,,,,,,,#2AB7EF,1018.7060816287994,None,space,None,None,328.31788063049316,text_10,61,11,Reading_Baseline_main_click,None,kommt,31,0,31,60,60,,,,,,,,,,22,03,yes,no,no,2025-07-29_14h42.07.153,EXNAT_4_TMS_Psychopy2024.2.5.psyexp,2024.2.5,2025-07-29 14h46.27.272763 +0200,
0,0,0,0,0,0,0,,,,,,,,,#D292F3,1019.0741596221924,None,space,None,None,312.20006942749023,text_10,62,11,Reading_Baseline_main_click,None,es,31,0,31,60,60,,,,,,,,,,22,03,yes,no,no,2025-07-29_14h42.07.153,EXNAT_4_TMS_Psychopy2024.2.5.psyexp,2024.2.5,2025-07-29 14h46.27.272763 +0200,
0,0,0,0,0,0,0,,,,,,,,,#88BA3F,1019.426825761795,None,space,None,None,247.44081497192383,text_10,63,11,Reading_Baseline_main_click,None,in,31,0,31,60,60,,,,,,,,,,22,03,yes,no,no,2025-07-29_14h42.07.153,EXNAT_4_TMS_Psychopy2024.2.5.psyexp,2024.2.5,2025-07-29 14h46.27.272763 +0200,
0,0,0,0,0,0,0,,,,,,,,,#D292F3,1019.7103540897369,None,space,None,None,299.915075302124,text_10,64,11,Reading_Baseline_main_click,None,Jordanien,31,0,31,60,60,,,,,,,,,,22,03,yes,no,no,2025-07-29_14h42.07.153,EXNAT_4_TMS_Psychopy2024.2.5.psyexp,2024.2.5,2025-07-29 14h46.27.272763 +0200,
0,0,0,0,0,0,0,,,,,,,,,#2AB7EF,1020.0491480827332,None,space,None,None,281.18085861206055,text_10,65,11,Reading_Baseline_main_click,None,zwar,31,0,31,60,60,,,,,,,,,,22,03,yes,no,no,2025-07-29_14h42.07.153,EXNAT_4_TMS_Psychopy2024.2.5.psyexp,2024.2.5,2025-07-29 14h46.27.272763 +0200,
0,0,0,0,0,0,0,,,,,,,,,#88BA3F,1020.3676478862762,None,space,None,None,346.79102897644043,text_10,66,11,Reading_Baseline_main_click,None,seltener,32,0,32,60,60,1020.4323432445526,,,,,,,,,22,03,yes,no,no,2025-07-29_14h42.07.153,EXNAT_4_TMS_Psychopy2024.2.5.psyexp,2024.2.5,2025-07-29 14h46.27.272763 +0200,
0,0,0,0,0,0,0,,,,,,,,,#88BA3F,1020.7539246082306,None,space,None,None,264.35160636901855,text_10,67,11,Reading_Baseline_main_click,None,zu,32,0,32,60,60,,,,,,,,,,22,03,yes,no,no,2025-07-29_14h42.07.153,EXNAT_4_TMS_Psychopy2024.2.5.psyexp,2024.2.5,2025-07-29 14h46.27.272763 +0200,
0,0,0,0,0,0,0,,,,,,,,,#2AB7EF,1021.0594725608826,None,space,None,None,310.93502044677734,text_10,68,11,Reading_Baseline_main_click,None,"Festnahmen,",32,0,32,60,60,,,,,,,,,,22,03,yes,no,no,2025-07-29_14h42.07.153,EXNAT_4_TMS_Psychopy2024.2.5.psyexp,2024.2.5,2025-07-29 14h46.27.272763 +0200,
0,0,0,0,0,0,0,,,,,,,,,#F989A2,1021.4109642505646,None,space,None,None,247.2398281097412,text_10,69,11,Reading_Baseline_main_click,None,aber,32,0,32,60,60,,,,,,,,,,22,03,yes,no,no,2025-07-29_14h42.07.153,EXNAT_4_TMS_Psychopy2024.2.5.psyexp,2024.2.5,2025-07-29 14h46.27.272763 +0200,
0,0,0,0,0,0,0,,,,,,,,,#D292F3,1021.69677734375,None,space,None,None,329.68878746032715,text_10,70,11,Reading_Baseline_main_click,None,dafür,32,0,32,60,60,,,,,,,,,,22,03,yes,no,no,2025-07-29_14h42.07.153,EXNAT_4_TMS_Psychopy2024.2.5.psyexp,2024.2.5,2025-07-29 14h46.27.272763 +0200,
0,0,0,0,0,0,0,,,,,,,,,#F989A2,1022.0673015117645,None,space,None,None,263.0183696746826,text_10,71,11,Reading_Baseline_main_click,None,werden,32,0,32,60,60,,,,,,,,,,22,03,yes,no,no,2025-07-29_14h42.07.153,EXNAT_4_TMS_Psychopy2024.2.5.psyexp,2024.2.5,2025-07-29 14h46.27.272763 +0200,
0,0,0,0,0,0,0,,,,,,,,,#F989A2,1022.3710832595825,None,space,None,None,439.32271003723145,text_10,72,11,Reading_Baseline_main_click,None,Konzerte,32,0,32,60,60,,,,,,,,,,22,03,yes,no,no,2025-07-29_14h42.07.153,EXNAT_4_TMS_Psychopy2024.2.5.psyexp,2024.2.5,2025-07-29 14h46.27.272763 +0200,
0,0,0,0,0,0,0,,,,,,,,,#88BA3F,1022.8504900932312,None,space,None,None,359.8754405975342,text_10,73,11,Reading_Baseline_main_click,None,meist,32,0,32,60,60,,,,,,,,,,22,03,yes,no,no,2025-07-29_14h42.07.153,EXNAT_4_TMS_Psychopy2024.2.5.psyexp,2024.2.5,2025-07-29 14h46.27.272763 +0200,
0,0,0,0,0,0,0,,,,,,,,,#D292F3,1023.2500820159912,None,space,None,None,248.2283115386963,text_10,74,11,Reading_Baseline_main_click,None,schon,32,0,32,60,60,,,,,,,,,,22,03,yes,no,no,2025-07-29_14h42.07.153,EXNAT_4_TMS_Psychopy2024.2.5.psyexp,2024.2.5,2025-07-29 14h46.27.272763 +0200,
0,0,0,0,0,0,0,,,,,,,,,#88BA3F,1023.5388247966766,None,space,None,None,311.43808364868164,text_10,75,11,Reading_Baseline_main_click,None,direkt,32,0,32,60,60,,,,,,,,,,22,03,yes,no,no,2025-07-29_14h42.07.153,EXNAT_4_TMS_Psychopy2024.2.5.psyexp,2024.2.5,2025-07-29 14h46.27.272763 +0200,
0,0,0,0,0,0,0,,,,,,,,,#88BA3F,1023.8901078701019,None,space,None,None,296.3533401489258,text_10,76,11,Reading_Baseline_main_click,None,verboten.,32,0,32,60,60,,,,,,,,,,22,03,yes,no,no,2025-07-29_14h42.07.153,EXNAT_4_TMS_Psychopy2024.2.5.psyexp,2024.2.5,2025-07-29 14h46.27.272763 +0200,
0,0,0,0,0,0,0,,,,,,,,,#F989A2,1024.2263412475586,None,space,None,None,408.16354751586914,text_10,77,11,Reading_Baseline_main_click,None,Deshalb,32,0,32,60,60,,,,,,,,,,22,03,yes,no,no,2025-07-29_14h42.07.153,EXNAT_4_TMS_Psychopy2024.2.5.psyexp,2024.2.5,2025-07-29 14h46.27.272763 +0200,
0,0,0,0,0,0,0,,,,,,,,,#2AB7EF,1024.6749472618103,None,space,None,None,327.44741439819336,text_10,78,11,Reading_Baseline_main_click,None,finden,32,0,32,60,60,,,,,,,,,,22,03,yes,no,no,2025-07-29_14h42.07.153,EXNAT_4_TMS_Psychopy2024.2.5.psyexp,2024.2.5,2025-07-29 14h46.27.272763 +0200,
0,0,0,0,0,0,0,,,,,,,,,#F989A2,1025.042207956314,None,space,None,None,344.18249130249023,text_10,79,11,Reading_Baseline_main_click,None,sie,32,0,32,60,60,,,,,,,,,,22,03,yes,no,no,2025-07-29_14h42.07.153,EXNAT_4_TMS_Psychopy2024.2.5.psyexp,2024.2.5,2025-07-29 14h46.27.272763 +0200,
0,0,0,0,0,0,0,,,,,,,,,#D292F3,1025.4250180721283,None,space,None,None,521.3799476623535,text_10,80,11,Reading_Baseline_main_click,None,nur,33,0,33,60,60,1025.4829835891724,,,,,,,,,22,03,yes,no,no,2025-07-29_14h42.07.153,EXNAT_4_TMS_Psychopy2024.2.5.psyexp,2024.2.5,2025-07-29 14h46.27.272763 +0200,
0,0,0,0,0,0,0,,,,,,,,,#2AB7EF,1025.9857714176178,None,space,None,None,264.6193504333496,text_10,81,11,Reading_Baseline_main_click,None,heimlich,33,0,33,60,60,,,,,,,,,,22,03,yes,no,no,2025-07-29_14h42.07.153,EXNAT_4_TMS_Psychopy2024.2.5.psyexp,2024.2.5,2025-07-29 14h46.27.272763 +0200,
0,0,0,0,0,0,0,,,,,,,,,#D292F3,1026.289294719696,None,space,None,None,345.15380859375,text_10,82,11,Reading_Baseline_main_click,None,statt.,33,0,33,60,60,,,,,,,,,,22,03,yes,no,no,2025-07-29_14h42.07.153,EXNAT_4_TMS_Psychopy2024.2.5.psyexp,2024.2.5,2025-07-29 14h46.27.272763 +0200,
0,0,0,0,0,0,0,,,,,,,,,#2AB7EF,1026.6766948699951,None,space,None,None,325.5786895751953,text_10,83,11,Reading_Baseline_main_click,None,Trotzdem,33,0,33,60,60,,,,,,,,,,22,03,yes,no,no,2025-07-29_14h42.07.153,EXNAT_4_TMS_Psychopy2024.2.5.psyexp,2024.2.5,2025-07-29 14h46.27.272763 +0200,
0,0,0,0,0,0,0,,,,,,,,,#F989A2,1027.04248213768,None,space,None,None,311.9039535522461,text_10,84,11,Reading_Baseline_main_click,None,wächst,33,0,33,60,60,,,,,,,,,,22,03,yes,no,no,2025-07-29_14h42.07.153,EXNAT_4_TMS_Psychopy2024.2.5.psyexp,2024.2.5,2025-07-29 14h46.27.272763 +0200,
0,0,0,0,0,0,0,,,,,,,,,#F989A2,1027.3950998783112,None,space,None,None,359.2493534088135,text_10,85,11,Reading_Baseline_main_click,None,die,33,0,33,60,60,,,,,,,,,,22,03,yes,no,no,2025-07-29_14h42.07.153,EXNAT_4_TMS_Psychopy2024.2.5.psyexp,2024.2.5,2025-07-29 14h46.27.272763 +0200,
0,0,0,0,0,0,0,,,,,,,,,#2AB7EF,1027.7946758270264,None,space,None,None,263.5629177093506,text_10,86,11,Reading_Baseline_main_click,None,Szene,33,0,33,60,60,,,,,,,,,,22,03,yes,no,no,2025-07-29_14h42.07.153,EXNAT_4_TMS_Psychopy2024.2.5.psyexp,2024.2.5,2025-07-29 14h46.27.272763 +0200,
0,0,0,0,0,0,0,,,,,,,,,#D292F3,1028.0963191986084,None,space,None,None,281.874418258667,text_10,87,11,Reading_Baseline_main_click,None,"weiter,",33,0,33,60,60,,,,,,,,,,22,03,yes,no,no,2025-07-29_14h42.07.153,EXNAT_4_TMS_Psychopy2024.2.5.psyexp,2024.2.5,2025-07-29 14h46.27.272763 +0200,
0,0,0,0,0,0,0,,,,,,,,,#D292F3,1028.4188239574432,None,space,None,None,343.54257583618164,text_10,88,11,Reading_Baseline_main_click,None,vielleicht,33,0,33,60,60,,,,,,,,,,22,03,yes,no,no,2025-07-29_14h42.07.153,EXNAT_4_TMS_Psychopy2024.2.5.psyexp,2024.2.5,2025-07-29 14h46.27.272763 +0200,
0,0,0,0,0,0,0,,,,,,,,,#2AB7EF,1028.8005919456482,None,space,None,None,345.75891494750977,text_10,89,11,Reading_Baseline_main_click,None,gerade,33,0,33,60,60,,,,,,,,,,22,03,yes,no,no,2025-07-29_14h42.07.153,EXNAT_4_TMS_Psychopy2024.2.5.psyexp,2024.2.5,2025-07-29 14h46.27.272763 +0200,
0,0,0,0,0,0,0,,,,,,,,,#2AB7EF,1029.185959815979,None,space,None,None,296.4162826538086,text_10,90,11,Reading_Baseline_main_click,None,wegen,33,0,33,60,60,,,,,,,,,,22,03,yes,no,no,2025-07-29_14h42.07.153,EXNAT_4_TMS_Psychopy2024.2.5.psyexp,2024.2.5,2025-07-29 14h46.27.272763 +0200,
0,0,0,0,0,0,0,,,,,,,,,#88BA3F,1029.5215668678284,None,space,None,None,312.90388107299805,text_10,91,11,Reading_Baseline_main_click,None,der,33,0,33,60,60,,,,,,,,,,22,03,yes,no,no,2025-07-29_14h42.07.153,EXNAT_4_TMS_Psychopy2024.2.5.psyexp,2024.2.5,2025-07-29 14h46.27.272763 +0200,
0,0,0,0,0,0,0,,,,,,,,,#D292F3,1029.8737909793854,None,space,None,None,264.5535469055176,text_10,92,11,Reading_Baseline_main_click,None,Verbote.,33,0,33,60,60,,,,,,,,,,22,03,yes,no,no,2025-07-29_14h42.07.153,EXNAT_4_TMS_Psychopy2024.2.5.psyexp,2024.2.5,2025-07-29 14h46.27.272763 +0200,
0,0,0,0,0,0,0,,,,,,,,,#F989A2,1030.1757793426514,None,space,None,None,474.66492652893066,text_10,93,11,Reading_Baseline_main_click,None,Doch,34,0,34,60,60,1030.4828712940216,,,,,,,,,22,03,yes,no,no,2025-07-29_14h42.07.153,EXNAT_4_TMS_Psychopy2024.2.5.psyexp,2024.2.5,2025-07-29 14h46.27.272763 +0200,
0,0,0,0,0,0,0,,,,,,,,,#88BA3F,1030.6916813850403,None,space,None,None,422.8188991546631,text_10,94,11,Reading_Baseline_main_click,None,das,34,0,34,60,60,,,,,,,,,,22,03,yes,no,no,2025-07-29_14h42.07.153,EXNAT_4_TMS_Psychopy2024.2.5.psyexp,2024.2.5,2025-07-29 14h46.27.272763 +0200,
0,0,0,0,0,0,0,,,,,,,,,#D292F3,1031.1541786193848,None,space,None,None,424.20077323913574,text_10,95,11,Reading_Baseline_main_click,None,Misstrauen,34,0,34,60,60,,,,,,,,,,22,03,yes,no,no,2025-07-29_14h42.07.153,EXNAT_4_TMS_Psychopy2024.2.5.psyexp,2024.2.5,2025-07-29 14h46.27.272763 +0200,
0,0,0,0,0,0,0,,,,,,,,,#2AB7EF,1031.614910364151,None,space,None,None,299.2722988128662,text_10,96,11,Reading_Baseline_main_click,None,der,34,0,34,60,60,,,,,,,,,,22,03,yes,no,no,2025-07-29_14h42.07.153,EXNAT_4_TMS_Psychopy2024.2.5.psyexp,2024.2.5,2025-07-29 14h46.27.272763 +0200,
0,0,0,0,0,0,0,,,,,,,,,#88BA3F,1031.9507820606232,None,space,None,None,283.52832794189453,text_10,97,11,Reading_Baseline_main_click,None,Behörden,34,0,34,60,60,,,,,,,,,,22,03,yes,no,no,2025-07-29_14h42.07.153,EXNAT_4_TMS_Psychopy2024.2.5.psyexp,2024.2.5,2025-07-29 14h46.27.272763 +0200,
0,0,0,0,0,0,0,,,,,,,,,#88BA3F,1032.272503376007,None,space,None,None,249.78327751159668,text_10,98,11,Reading_Baseline_main_click,None,bleibt,34,0,34,60,60,,,,,,,,,,22,03,yes,no,no,2025-07-29_14h42.07.153,EXNAT_4_TMS_Psychopy2024.2.5.psyexp,2024.2.5,2025-07-29 14h46.27.272763 +0200,
0,0,0,0,0,0,0,,,,,,,,,#D292F3,1032.563026189804,None,space,None,None,311.443567276001,text_10,99,11,Reading_Baseline_main_click,None,groß.,34,0,34,60,60,,,,,,,,,,22,03,yes,no,no,2025-07-29_14h42.07.153,EXNAT_4_TMS_Psychopy2024.2.5.psyexp,2024.2.5,2025-07-29 14h46.27.272763 +0200,
0,0,0,0,0,0,0,,,,,,,,,#D292F3,1032.914836883545,None,space,None,None,407.5438976287842,text_10,100,11,Reading_Baseline_main_click,None,Wenn,34,0,34,60,60,,,,,,,,,,22,03,yes,no,no,2025-07-29_14h42.07.153,EXNAT_4_TMS_Psychopy2024.2.5.psyexp,2024.2.5,2025-07-29 14h46.27.272763 +0200,
0,0,0,0,0,0,0,,,,,,,,,#2AB7EF,1033.3622431755066,None,space,None,None,296.1864471435547,text_10,101,11,Reading_Baseline_main_click,None,man,34,0,34,60,60,,,,,,,,,,22,03,yes,no,no,2025-07-29_14h42.07.153,EXNAT_4_TMS_Psychopy2024.2.5.psyexp,2024.2.5,2025-07-29 14h46.27.272763 +0200,
0,0,0,0,0,0,0,,,,,,,,,#2AB7EF,1033.6989912986755,None,space,None,None,327.38780975341797,text_10,102,11,Reading_Baseline_main_click,None,nach,34,0,34,60,60,,,,,,,,,,22,03,yes,no,no,2025-07-29_14h42.07.153,EXNAT_4_TMS_Psychopy2024.2.5.psyexp,2024.2.5,2025-07-29 14h46.27.272763 +0200,
0,0,0,0,0,0,0,,,,,,,,,#D292F3,1034.0657432079315,None,space,None,None,344.56753730773926,text_10,103,11,Reading_Baseline_main_click,None,Metal-Fans,34,0,34,60,60,,,,,,,,,,22,03,yes,no,no,2025-07-29_14h42.07.153,EXNAT_4_TMS_Psychopy2024.2.5.psyexp,2024.2.5,2025-07-29 14h46.27.272763 +0200,
0,0,0,0,0,0,0,,,,,,,,,#88BA3F,1034.4501721858978,None,space,None,None,296.0526943206787,text_10,104,11,Reading_Baseline_main_click,None,"fragt,",34,0,34,60,60,,,,,,,,,,22,03,yes,no,no,2025-07-29_14h42.07.153,EXNAT_4_TMS_Psychopy2024.2.5.psyexp,2024.2.5,2025-07-29 14h46.27.272763 +0200,
0,0,0,0,0,0,0,,,,,,,,,#D292F3,1034.7858140468597,None,space,None,None,296.4656352996826,text_10,105,11,Reading_Baseline_main_click,None,bekommt,34,0,34,60,60,,,,,,,,,,22,03,yes,no,no,2025-07-29_14h42.07.153,EXNAT_4_TMS_Psychopy2024.2.5.psyexp,2024.2.5,2025-07-29 14h46.27.272763 +0200,
0,0,0,0,0,0,0,,,,,,,,,#F989A2,1035.1229183673859,None,space,None,None,247.4508285522461,text_10,106,11,Reading_Baseline_main_click,None,man,34,0,34,60,60,,,,,,,,,,22,03,yes,no,no,2025-07-29_14h42.07.153,EXNAT_4_TMS_Psychopy2024.2.5.psyexp,2024.2.5,2025-07-29 14h46.27.272763 +0200,
0,0,0,0,0,0,0,,,,,,,,,#F989A2,1035.409873008728,None,space,None,None,312.3469352722168,text_10,107,11,Reading_Baseline_main_click,None,kaum,35,0,35,60,60,1035.4829246997833,,,,,,,,,22,03,yes,no,no,2025-07-29_14h42.07.153,EXNAT_4_TMS_Psychopy2024.2.5.psyexp,2024.2.5,2025-07-29 14h46.27.272763 +0200,
0,0,0,0,0,0,0,,,,,,,,,#F989A2,1035.7596232891083,None,space,None,None,298.8286018371582,text_10,108,11,Reading_Baseline_main_click,None,eine,35,0,35,60,60,,,,,,,,,,22,03,yes,no,no,2025-07-29_14h42.07.153,EXNAT_4_TMS_Psychopy2024.2.5.psyexp,2024.2.5,2025-07-29 14h46.27.272763 +0200,
0,0,0,0,0,0,0,,,,,,,,,#D292F3,1036.096699476242,None,space,None,None,441.81132316589355,text_10,109,11,Reading_Baseline_main_click,None,Antwort.,35,0,35,60,60,,,,,,,,,,22,03,yes,no,no,2025-07-29_14h42.07.153,EXNAT_4_TMS_Psychopy2024.2.5.psyexp,2024.2.5,2025-07-29 14h46.27.272763 +0200,
0,0,0,0,0,0,0,,,,,,,,,#F989A2,1036.5792248249054,None,space,None,None,327.3470401763916,text_10,110,11,Reading_Baseline_main_click,None,Ein,35,0,35,60,60,,,,,,,,,,22,03,yes,no,no,2025-07-29_14h42.07.153,EXNAT_4_TMS_Psychopy2024.2.5.psyexp,2024.2.5,2025-07-29 14h46.27.272763 +0200,
0,0,0,0,0,0,0,,,,,,,,,#88BA3F,1036.946137189865,None,space,None,None,264.1606330871582,text_10,111,11,Reading_Baseline_main_click,None,Polizist,35,0,35,60,60,,,,,,,,,,22,03,yes,no,no,2025-07-29_14h42.07.153,EXNAT_4_TMS_Psychopy2024.2.5.psyexp,2024.2.5,2025-07-29 14h46.27.272763 +0200,
0,0,0,0,0,0,0,,,,,,,,,#2AB7EF,1037.2497880458832,None,space,None,None,328.5670280456543,text_10,112,11,Reading_Baseline_main_click,None,sagt:,35,0,35,60,60,,,,,,,,,,22,03,yes,no,no,2025-07-29_14h42.07.153,EXNAT_4_TMS_Psychopy2024.2.5.psyexp,2024.2.5,2025-07-29 14h46.27.272763 +0200,
0,0,0,0,0,0,0,,,,,,,,,#F989A2,1037.6197590827942,None,space,None,None,310.72092056274414,text_10,113,11,Reading_Baseline_main_click,None,""Die,35,0,35,60,60,,,,,,,,,,22,03,yes,no,no,2025-07-29_14h42.07.153,EXNAT_4_TMS_Psychopy2024.2.5.psyexp,2024.2.5,2025-07-29 14h46.27.272763 +0200,
0,0,0,0,0,0,0,,,,,,,,,#2AB7EF,1037.9710068702698,None,space,None,None,279.36863899230957,text_10,114,11,Reading_Baseline_main_click,None,Musik,35,0,35,60,60,,,,,,,,,,22,03,yes,no,no,2025-07-29_14h42.07.153,EXNAT_4_TMS_Psychopy2024.2.5.psyexp,2024.2.5,2025-07-29 14h46.27.272763 +0200,
0,0,0,0,0,0,0,,,,,,,,,#88BA3F,1038.2914028167725,None,space,None,None,262.8359794616699,text_10,115,11,Reading_Baseline_main_click,None,ist,35,0,35,60,60,,,,,,,,,,22,03,yes,no,no,2025-07-29_14h42.07.153,EXNAT_4_TMS_Psychopy2024.2.5.psyexp,2024.2.5,2025-07-29 14h46.27.272763 +0200,
0,0,0,0,0,0,0,,,,,,,,,#D292F3,1038.5926535129547,None,space,None,None,313.89498710632324,text_10,116,11,Reading_Baseline_main_click,None,kein,35,0,35,60,60,,,,,,,,,,22,03,yes,no,no,2025-07-29_14h42.07.153,EXNAT_4_TMS_Psychopy2024.2.5.psyexp,2024.2.5,2025-07-29 14h46.27.272763 +0200,
0,0,0,0,0,0,0,,,,,,,,,#D292F3,1038.9457569122314,None,space,None,None,296.63944244384766,text_10,117,11,Reading_Baseline_main_click,None,"Problem,",35,0,35,60,60,,,,,,,,,,22,03,yes,no,no,2025-07-29_14h42.07.153,EXNAT_4_TMS_Psychopy2024.2.5.psyexp,2024.2.5,2025-07-29 14h46.27.272763 +0200,
0,0,0,0,0,0,0,,,,,,,,,#88BA3F,1039.2796461582184,None,space,None,None,330.74283599853516,text_10,118,11,Reading_Baseline_main_click,None,aber,35,0,35,60,60,,,,,,,,,,22,03,yes,no,no,2025-07-29_14h42.07.153,EXNAT_4_TMS_Psychopy2024.2.5.psyexp,2024.2.5,2025-07-29 14h46.27.272763 +0200,
0,0,0,0,0,0,0,,,,,,,,,#F989A2,1039.6510379314423,None,space,None,None,295.40085792541504,text_10,119,11,Reading_Baseline_main_click,None,Satanismus,35,0,35,60,60,,,,,,,,,,22,03,yes,no,no,2025-07-29_14h42.07.153,EXNAT_4_TMS_Psychopy2024.2.5.psyexp,2024.2.5,2025-07-29 14h46.27.272763 +0200,
0,0,0,0,0,0,0,,,,,,,,,#2AB7EF,1039.9866597652435,None,space,None,None,375.7283687591553,text_10,120,11,Reading_Baseline_main_click,None,ist,35,0,35,60,60,,,,,,,,,,22,03,yes,no,no,2025-07-29_14h42.07.153,EXNAT_4_TMS_Psychopy2024.2.5.psyexp,2024.2.5,2025-07-29 14h46.27.272763 +0200,
0,0,0,0,0,0,0,,,,,,,,,#F989A2,1040.402075767517,None,space,None,None,552.4647235870361,text_10,121,11,Reading_Baseline_main_click,None,verboten."",36,0,36,60,60,1040.4829280376434,,,,,,,,,22,03,yes,no,no,2025-07-29_14h42.07.153,EXNAT_4_TMS_Psychopy2024.2.5.psyexp,2024.2.5,2025-07-29 14h46.27.272763 +0200,
0,0,0,0,0,0,0,,,,,,,,,#88BA3F,1040.9941155910492,None,space,None,None,360.2778911590576,text_10,122,11,Reading_Baseline_main_click,None,Was,36,0,36,60,60,,,,,,,,,,22,03,yes,no,no,2025-07-29_14h42.07.153,EXNAT_4_TMS_Psychopy2024.2.5.psyexp,2024.2.5,2025-07-29 14h46.27.272763 +0200,
0,0,0,0,0,0,0,,,,,,,,,#D292F3,1041.39435172081,None,space,None,None,343.9915180206299,text_10,123,11,Reading_Baseline_main_click,None,das,36,0,36,60,60,,,,,,,,,,22,03,yes,no,no,2025-07-29_14h42.07.153,EXNAT_4_TMS_Psychopy2024.2.5.psyexp,2024.2.5,2025-07-29 14h46.27.272763 +0200,
0,0,0,0,0,0,0,,,,,,,,,#88BA3F,1041.7771728038788,None,space,None,None,281.2216281890869,text_10,124,11,Reading_Baseline_main_click,None,mit,36,0,36,60,60,,,,,,,,,,22,03,yes,no,no,2025-07-29_14h42.07.153,EXNAT_4_TMS_Psychopy2024.2.5.psyexp,2024.2.5,2025-07-29 14h46.27.272763 +0200,
0,0,0,0,0,0,0,,,,,,,,,#2AB7EF,1042.0957181453705,None,space,None,None,266.4659023284912,text_10,125,11,Reading_Baseline_main_click,None,Metal,36,0,36,60,60,,,,,,,,,,22,03,yes,no,no,2025-07-29_14h42.07.153,EXNAT_4_TMS_Psychopy2024.2.5.psyexp,2024.2.5,2025-07-29 14h46.27.272763 +0200,
0,0,0,0,0,0,0,,,,,,,,,#D292F3,1042.4010167121887,None,space,None,None,329.3266296386719,text_10,126,11,Reading_Baseline_main_click,None,zu,36,0,36,60,60,,,,,,,,,,22,03,yes,no,no,2025-07-29_14h42.07.153,EXNAT_4_TMS_Psychopy2024.2.5.psyexp,2024.2.5,2025-07-29 14h46.27.272763 +0200,
0,0,0,0,0,0,0,,,,,,,,,#2AB7EF,1042.7678899765015,None,space,None,None,250.4277229309082,text_10,127,11,Reading_Baseline_main_click,None,tun,36,0,36,60,60,,,,,,,,,,22,03,yes,no,no,2025-07-29_14h42.07.153,EXNAT_4_TMS_Psychopy2024.2.5.psyexp,2024.2.5,2025-07-29 14h46.27.272763 +0200,
0,0,0,0,0,0,0,,,,,,,,,#F989A2,1043.055151939392,None,space,None,None,363.2636070251465,text_10,128,11,Reading_Baseline_main_click,None,"hat,",36,0,36,60,60,,,,,,,,,,22,03,yes,no,no,2025-07-29_14h42.07.153,EXNAT_4_TMS_Psychopy2024.2.5.psyexp,2024.2.5,2025-07-29 14h46.27.272763 +0200,
0,0,0,0,0,0,0,,,,,,,,,#88BA3F,1043.4593131542206,None,space,None,None,278.97095680236816,text_10,129,11,Reading_Baseline_main_click,None,erklärt,36,0,36,60,60,,,,,,,,,,22,03,yes,no,no,2025-07-29_14h42.07.153,EXNAT_4_TMS_Psychopy2024.2.5.psyexp,2024.2.5,2025-07-29 14h46.27.272763 +0200,
0,0,0,0,0,0,0,,,,,,,,,#D292F3,1043.7780632972717,None,space,None,None,328.2492160797119,text_10,130,11,Reading_Baseline_main_click,None,er,36,0,36,60,60,,,,,,,,,,22,03,yes,no,no,2025-07-29_14h42.07.153,EXNAT_4_TMS_Psychopy2024.2.5.psyexp,2024.2.5,2025-07-29 14h46.27.272763 +0200,
0,0,0,0,0,0,0,,,,,,,,,#F989A2,1044.1452314853668,None,space,None,None,345.20792961120605,text_10,131,11,Reading_Baseline_main_click,None,nicht.,36,0,36,60,60,,,,,,,,,,22,03,yes,no,no,2025-07-29_14h42.07.153,EXNAT_4_TMS_Psychopy2024.2.5.psyexp,2024.2.5,2025-07-29 14h46.27.272763 +0200,
0,0,0,0,0,0,0,,,,,,,,,#2AB7EF,1044.531127691269,None,space,None,None,567.3384666442871,text_10,132,11,Reading_Baseline_main_click,None,Adnan,36,0,36,60,60,,,,,,,,,,22,03,yes,no,no,2025-07-29_14h42.07.153,EXNAT_4_TMS_Psychopy2024.2.5.psyexp,2024.2.5,2025-07-29 14h46.27.272763 +0200,
0,0,0,0,0,0,0,,,,,,,,,#F989A2,1045.1392095088959,None,space,None,None,263.17429542541504,text_10,133,11,Reading_Baseline_main_click,None,wollte,36,0,36,60,60,,,,,,,,,,22,03,yes,no,no,2025-07-29_14h42.07.153,EXNAT_4_TMS_Psychopy2024.2.5.psyexp,2024.2.5,2025-07-29 14h46.27.272763 +0200,
0,0,0,0,0,0,0,,,,,,,,,#D292F3,1045.4430356025696,None,space,None,None,391.40868186950684,text_10,134,11,Reading_Baseline_main_click,None,Polizisten,37,0,37,60,60,1045.5005776882172,,,,,,,,,22,03,yes,no,no,2025-07-29_14h42.07.153,EXNAT_4_TMS_Psychopy2024.2.5.psyexp,2024.2.5,2025-07-29 14h46.27.272763 +0200,
0,0,0,0,0,0,0,,,,,,,,,#2AB7EF,1045.8735048770905,None,space,None,None,360.88085174560547,text_10,135,11,Reading_Baseline_main_click,None,zu,37,0,37,60,60,,,,,,,,,,22,03,yes,no,no,2025-07-29_14h42.07.153,EXNAT_4_TMS_Psychopy2024.2.5.psyexp,2024.2.5,2025-07-29 14h46.27.272763 +0200,
0,0,0,0,0,0,0,,,,,,,,,#F989A2,1046.2713658809662,None,space,None,None,394.96469497680664,text_10,136,11,Reading_Baseline_main_click,None,einem,37,0,37,60,60,,,,,,,,,,22,03,yes,no,no,2025-07-29_14h42.07.153,EXNAT_4_TMS_Psychopy2024.2.5.psyexp,2024.2.5,2025-07-29 14h46.27.272763 +0200,
0,0,0,0,0,0,0,,,,,,,,,#88BA3F,1046.7065591812134,None,space,None,None,471.9412326812744,text_10,137,11,Reading_Baseline_main_click,None,Konzert,37,0,37,60,60,,,,,,,,,,22,03,yes,no,no,2025-07-29_14h42.07.153,EXNAT_4_TMS_Psychopy2024.2.5.psyexp,2024.2.5,2025-07-29 14h46.27.272763 +0200,
0,0,0,0,0,0,0,,,,,,,,,#88BA3F,1047.2203633785248,None,space,None,None,294.11792755126953,text_10,138,11,Reading_Baseline_main_click,None,"einladen,",37,0,37,60,60,,,,,,,,,,22,03,yes,no,no,2025-07-29_14h42.07.153,EXNAT_4_TMS_Psychopy2024.2.5.psyexp,2024.2.5,2025-07-29 14h46.27.272763 +0200,
0,0,0,0,0,0,0,,,,,,,,,#2AB7EF,1047.5546925067902,None,space,None,None,327.7020454406738,text_10,139,11,Reading_Baseline_main_click,None,um,37,0,37,60,60,,,,,,,,,,22,03,yes,no,no,2025-07-29_14h42.07.153,EXNAT_4_TMS_Psychopy2024.2.5.psyexp,2024.2.5,2025-07-29 14h46.27.272763 +0200,
0,0,0,0,0,0,0,,,,,,,,,#D292F3,1047.9220352172852,None,space,None,None,280.37309646606445,text_10,140,11,Reading_Baseline_main_click,None,Vorurteile,37,0,37,60,60,,,,,,,,,,22,03,yes,no,no,2025-07-29_14h42.07.153,EXNAT_4_TMS_Psychopy2024.2.5.psyexp,2024.2.5,2025-07-29 14h46.27.272763 +0200,
0,0,0,0,0,0,0,,,,,,,,,#2AB7EF,1048.2397949695587,None,space,None,None,282.5441360473633,text_10,141,11,Reading_Baseline_main_click,None,zu,37,0,37,60,60,,,,,,,,,,22,03,yes,no,no,2025-07-29_14h42.07.153,EXNAT_4_TMS_Psychopy2024.2.5.psyexp,2024.2.5,2025-07-29 14h46.27.272763 +0200,
0,0,0,0,0,0,0,,,,,,,,,#2AB7EF,1048.5610721111298,None,space,None,None,329.45704460144043,text_10,142,11,Reading_Baseline_main_click,None,verringern.,37,0,37,60,60,,,,,,,,,,22,03,yes,no,no,2025-07-29_14h42.07.153,EXNAT_4_TMS_Psychopy2024.2.5.psyexp,2024.2.5,2025-07-29 14h46.27.272763 +0200,
0,0,0,0,0,0,0,,,,,,,,,#88BA3F,1048.9292664527893,None,space,None,None,329.11205291748047,text_10,143,11,Reading_Baseline_main_click,None,Doch,37,0,37,60,60,,,,,,,,,,22,03,yes,no,no,2025-07-29_14h42.07.153,EXNAT_4_TMS_Psychopy2024.2.5.psyexp,2024.2.5,2025-07-29 14h46.27.272763 +0200,
0,0,0,0,0,0,0,,,,,,,,,#F989A2,1049.2977933883667,None,space,None,None,248.57783317565918,text_10,144,11,Reading_Baseline_main_click,None,niemand,37,0,37,60,60,,,,,,,,,,22,03,yes,no,no,2025-07-29_14h42.07.153,EXNAT_4_TMS_Psychopy2024.2.5.psyexp,2024.2.5,2025-07-29 14h46.27.272763 +0200,
0,0,0,0,0,0,0,,,,,,,,,#2AB7EF,1049.5862233638763,None,space,None,None,312.166690826416,text_10,145,11,Reading_Baseline_main_click,None,antwortete.,37,0,37,60,60,,,,,,,,,,22,03,yes,no,no,2025-07-29_14h42.07.153,EXNAT_4_TMS_Psychopy2024.2.5.psyexp,2024.2.5,2025-07-29 14h46.27.272763 +0200,
0,0,0,0,0,0,0,,,,,,,,,#F989A2,1049.9377148151398,None,space,None,None,376.73306465148926,text_10,146,11,Reading_Baseline_main_click,None,Die,37,0,37,60,60,,,,,,,,,,22,03,yes,no,no,2025-07-29_14h42.07.153,EXNAT_4_TMS_Psychopy2024.2.5.psyexp,2024.2.5,2025-07-29 14h46.27.272763 +0200,
0,0,0,0,0,0,0,,,,,,,,,#88BA3F,1050.35506772995,None,space,None,None,311.2914562225342,text_10,147,11,Reading_Baseline_main_click,None,Bands,38,0,38,60,60,1050.5005600452423,,,,,,,,,22,03,yes,no,no,2025-07-29_14h42.07.153,EXNAT_4_TMS_Psychopy2024.2.5.psyexp,2024.2.5,2025-07-29 14h46.27.272763 +0200,
0,0,0,0,0,0,0,,,,,,,,,#D292F3,1050.706972360611,None,space,None,None,311.51509284973145,text_10,148,11,Reading_Baseline_main_click,None,proben,38,0,38,60,60,,,,,,,,,,22,03,yes,no,no,2025-07-29_14h42.07.153,EXNAT_4_TMS_Psychopy2024.2.5.psyexp,2024.2.5,2025-07-29 14h46.27.272763 +0200,
0,0,0,0,0,0,0,,,,,,,,,#F989A2,1051.0573012828827,None,space,None,None,329.1804790496826,text_10,149,11,Reading_Baseline_main_click,None,heimlich,38,0,38,60,60,,,,,,,,,,22,03,yes,no,no,2025-07-29_14h42.07.153,EXNAT_4_TMS_Psychopy2024.2.5.psyexp,2024.2.5,2025-07-29 14h46.27.272763 +0200,
0,0,0,0,0,0,0,,,,,,,,,#88BA3F,1051.42622590065,None,space,None,None,344.30527687072754,text_10,150,11,Reading_Baseline_main_click,None,weiter.,38,0,38,60,60,,,,,,,,,,22,03,yes,no,no,2025-07-29_14h42.07.153,EXNAT_4_TMS_Psychopy2024.2.5.psyexp,2024.2.5,2025-07-29 14h46.27.272763 +0200,
0,0,0,0,0,0,0,,,,,,,,,,1051.817322254181,,3,,,,text_10,,11,Reading_Baseline_main_click,,,,,,,,,Q1,c,True,,,,,,22,03,yes,no,no,2025-07-29_14h42.07.153,EXNAT_4_TMS_Psychopy2024.2.5.psyexp,2024.2.5,2025-07-29 14h46.27.272763 +0200,
0,0,0,0,0,0,0,,,,,,,,,,1055.239108800888,,3,,,,text_10,,11,Reading_Baseline_main_click,,,,,,,,,Q2,c,False,,,,,,22,03,yes,no,no,2025-07-29_14h42.07.153,EXNAT_4_TMS_Psychopy2024.2.5.psyexp,2024.2.5,2025-07-29 14h46.27.272763 +0200,
0,0,0,0,0,0,0,,,,,,,,,,1061.7409129142761,,1,,,,text_10,,11,Reading_Baseline_main_click,,,,,,,,,Q3,a,False,,,,,,22,03,yes,no,no,2025-07-29_14h42.07.153,EXNAT_4_TMS_Psychopy2024.2.5.psyexp,2024.2.5,2025-07-29 14h46.27.272763 +0200,
0,0,0,0,0,0,0,,,,,,,,,#D292F3,1070.288039445877,None,space,None,None,570.415735244751,text_03,1,12,Reading_Baseline_main_click,None,Johanna,39,0,39,60,60,1070.3409218788147,,,,,,,,,22,03,yes,no,no,2025-07-29_14h42.07.153,EXNAT_4_TMS_Psychopy2024.2.5.psyexp,2024.2.5,2025-07-29 14h46.27.272763 +0200,
0,0,0,0,0,0,0,,,,,,,,,#F989A2,1070.8934235572815,None,space,None,None,492.9962158203125,text_03,2,12,Reading_Baseline_main_click,None,Fantova,39,0,39,60,60,,,,,,,,,,22,03,yes,no,no,2025-07-29_14h42.07.153,EXNAT_4_TMS_Psychopy2024.2.5.psyexp,2024.2.5,2025-07-29 14h46.27.272763 +0200,
0,0,0,0,0,0,0,,,,,,,,,#2AB7EF,1071.4210040569305,None,space,None,None,525.409460067749,text_03,3,12,Reading_Baseline_main_click,None,war,39,0,39,60,60,,,,,,,,,,22,03,yes,no,no,2025-07-29_14h42.07.153,EXNAT_4_TMS_Psychopy2024.2.5.psyexp,2024.2.5,2025-07-29 14h46.27.272763 +0200,
0,0,0,0,0,0,0,,,,,,,,,#F989A2,1071.9822998046875,None,space,None,None,508.17298889160156,text_03,4,12,Reading_Baseline_main_click,None,die,39,0,39,60,60,,,,,,,,,,22,03,yes,no,no,2025-07-29_14h42.07.153,EXNAT_4_TMS_Psychopy2024.2.5.psyexp,2024.2.5,2025-07-29 14h46.27.272763 +0200,
0,0,0,0,0,0,0,,,,,,,,,#D292F3,1072.529244184494,None,space,None,None,473.2632637023926,text_03,5,12,Reading_Baseline_main_click,None,letzte,39,0,39,60,60,,,,,,,,,,22,03,yes,no,no,2025-07-29_14h42.07.153,EXNAT_4_TMS_Psychopy2024.2.5.psyexp,2024.2.5,2025-07-29 14h46.27.272763 +0200,
0,0,0,0,0,0,0,,,,,,,,,#D292F3,1073.0412635803223,None,space,None,None,489.28117752075195,text_03,6,12,Reading_Baseline_main_click,None,enge,39,0,39,60,60,,,,,,,,,,22,03,yes,no,no,2025-07-29_14h42.07.153,EXNAT_4_TMS_Psychopy2024.2.5.psyexp,2024.2.5,2025-07-29 14h46.27.272763 +0200,
0,0,0,0,0,0,0,,,,,,,,,#88BA3F,1073.5694675445557,None,space,None,None,521.0437774658203,text_03,7,12,Reading_Baseline_main_click,None,Freundin,39,0,39,60,60,,,,,,,,,,22,03,yes,no,no,2025-07-29_14h42.07.153,EXNAT_4_TMS_Psychopy2024.2.5.psyexp,2024.2.5,2025-07-29 14h46.27.272763 +0200,
0,0,0,0,0,0,0,,,,,,,,,#F989A2,1074.127986907959,None,space,None,None,394.50669288635254,text_03,8,12,Reading_Baseline_main_click,None,von,39,0,39,60,60,,,,,,,,,,22,03,yes,no,no,2025-07-29_14h42.07.153,EXNAT_4_TMS_Psychopy2024.2.5.psyexp,2024.2.5,2025-07-29 14h46.27.272763 +0200,
0,0,0,0,0,0,0,,,,,,,,,#88BA3F,1074.562177181244,None,space,None,None,392.3666477203369,text_03,9,12,Reading_Baseline_main_click,None,Albert,39,0,39,60,60,,,,,,,,,,22,03,yes,no,no,2025-07-29_14h42.07.153,EXNAT_4_TMS_Psychopy2024.2.5.psyexp,2024.2.5,2025-07-29 14h46.27.272763 +0200,
0,0,0,0,0,0,0,,,,,,,,,#2AB7EF,1074.9957330226898,None,space,None,None,502.8831958770752,text_03,10,12,Reading_Baseline_main_click,None,Einstein.,40,0,40,60,60,1075.3410692214966,,,,,,,,,22,03,yes,no,no,2025-07-29_14h42.07.153,EXNAT_4_TMS_Psychopy2024.2.5.psyexp,2024.2.5,2025-07-29 14h46.27.272763 +0200,
0,0,0,0,0,0,0,,,,,,,,,#88BA3F,1075.538342475891,None,space,None,None,408.2140922546387,text_03,11,12,Reading_Baseline_main_click,None,Sie,40,0,40,60,60,,,,,,,,,,22,03,yes,no,no,2025-07-29_14h42.07.153,EXNAT_4_TMS_Psychopy2024.2.5.psyexp,2024.2.5,2025-07-29 14h46.27.272763 +0200,
0,0,0,0,0,0,0,,,,,,,,,#2AB7EF,1075.9862937927246,None,space,None,None,424.2739677429199,text_03,12,12,Reading_Baseline_main_click,None,telefonierten,40,0,40,60,60,,,,,,,,,,22,03,yes,no,no,2025-07-29_14h42.07.153,EXNAT_4_TMS_Psychopy2024.2.5.psyexp,2024.2.5,2025-07-29 14h46.27.272763 +0200,
0,0,0,0,0,0,0,,,,,,,,,#F989A2,1076.450898885727,None,space,None,None,407.7415466308594,text_03,13,12,Reading_Baseline_main_click,None,"oft,",40,0,40,60,60,,,,,,,,,,22,03,yes,no,no,2025-07-29_14h42.07.153,EXNAT_4_TMS_Psychopy2024.2.5.psyexp,2024.2.5,2025-07-29 14h46.27.272763 +0200,
0,0,0,0,0,0,0,,,,,,,,,#F989A2,1076.8994669914246,None,space,None,None,375.12826919555664,text_03,14,12,Reading_Baseline_main_click,None,trafen,40,0,40,60,60,,,,,,,,,,22,03,yes,no,no,2025-07-29_14h42.07.153,EXNAT_4_TMS_Psychopy2024.2.5.psyexp,2024.2.5,2025-07-29 14h46.27.272763 +0200,
0,0,0,0,0,0,0,,,,,,,,,#88BA3F,1077.3135633468628,None,space,None,None,457.03697204589844,text_03,15,12,Reading_Baseline_main_click,None,sich,40,0,40,60,60,,,,,,,,,,22,03,yes,no,no,2025-07-29_14h42.07.153,EXNAT_4_TMS_Psychopy2024.2.5.psyexp,2024.2.5,2025-07-29 14h46.27.272763 +0200,
0,0,0,0,0,0,0,,,,,,,,,#D292F3,1077.810287475586,None,space,None,None,488.1556034088135,text_03,16,12,Reading_Baseline_main_click,None,regelmäßig,40,0,40,60,60,,,,,,,,,,22,03,yes,no,no,2025-07-29_14h42.07.153,EXNAT_4_TMS_Psychopy2024.2.5.psyexp,2024.2.5,2025-07-29 14h46.27.272763 +0200,
0,0,0,0,0,0,0,,,,,,,,,#88BA3F,1078.3375084400177,None,space,None,None,441.05029106140137,text_03,17,12,Reading_Baseline_main_click,None,und,40,0,40,60,60,,,,,,,,,,22,03,yes,no,no,2025-07-29_14h42.07.153,EXNAT_4_TMS_Psychopy2024.2.5.psyexp,2024.2.5,2025-07-29 14h46.27.272763 +0200,
0,0,0,0,0,0,0,,,,,,,,,#2AB7EF,1078.817783355713,None,space,None,None,328.5984992980957,text_03,18,12,Reading_Baseline_main_click,None,gingen,40,0,40,60,60,,,,,,,,,,22,03,yes,no,no,2025-07-29_14h42.07.153,EXNAT_4_TMS_Psychopy2024.2.5.psyexp,2024.2.5,2025-07-29 14h46.27.272763 +0200,
0,0,0,0,0,0,0,,,,,,,,,#F989A2,1079.1896240711212,None,space,None,None,324.91302490234375,text_03,19,12,Reading_Baseline_main_click,None,gemeinsam,40,0,40,60,60,,,,,,,,,,22,03,yes,no,no,2025-07-29_14h42.07.153,EXNAT_4_TMS_Psychopy2024.2.5.psyexp,2024.2.5,2025-07-29 14h46.27.272763 +0200,
0,0,0,0,0,0,0,,,,,,,,,#2AB7EF,1079.5546350479126,None,space,None,None,407.7892303466797,text_03,20,12,Reading_Baseline_main_click,None,segeln.,40,0,40,60,60,,,,,,,,,,22,03,yes,no,no,2025-07-29_14h42.07.153,EXNAT_4_TMS_Psychopy2024.2.5.psyexp,2024.2.5,2025-07-29 14h46.27.272763 +0200,
0,0,0,0,0,0,0,,,,,,,,,#D292F3,1080.0033354759216,None,space,None,None,407.1950912475586,text_03,21,12,Reading_Baseline_main_click,None,Heimlich,41,0,41,60,60,1080.3409452438354,,,,,,,,,22,03,yes,no,no,2025-07-29_14h42.07.153,EXNAT_4_TMS_Psychopy2024.2.5.psyexp,2024.2.5,2025-07-29 14h46.27.272763 +0200,
0,0,0,0,0,0,0,,,,,,,,,#2AB7EF,1080.4511132240295,None,space,None,None,391.2622928619385,text_03,22,12,Reading_Baseline_main_click,None,schrieb,41,0,41,60,60,,,,,,,,,,22,03,yes,no,no,2025-07-29_14h42.07.153,EXNAT_4_TMS_Psychopy2024.2.5.psyexp,2024.2.5,2025-07-29 14h46.27.272763 +0200,
0,0,0,0,0,0,0,,,,,,,,,#2AB7EF,1080.8818140029907,None,space,None,None,328.60255241394043,text_03,23,12,Reading_Baseline_main_click,None,Fantova,41,0,41,60,60,,,,,,,,,,22,03,yes,no,no,2025-07-29_14h42.07.153,EXNAT_4_TMS_Psychopy2024.2.5.psyexp,2024.2.5,2025-07-29 14h46.27.272763 +0200,
0,0,0,0,0,0,0,,,,,,,,,#88BA3F,1081.2516419887543,None,space,None,None,614.7658824920654,text_03,24,12,Reading_Baseline_main_click,None,Notizen,41,0,41,60,60,,,,,,,,,,22,03,yes,no,no,2025-07-29_14h42.07.153,EXNAT_4_TMS_Psychopy2024.2.5.psyexp,2024.2.5,2025-07-29 14h46.27.272763 +0200,
0,0,0,0,0,0,0,,,,,,,,,#F989A2,1081.9071547985077,None,space,None,None,423.3219623565674,text_03,25,12,Reading_Baseline_main_click,None,über,41,0,41,60,60,,,,,,,,,,22,03,yes,no,no,2025-07-29_14h42.07.153,EXNAT_4_TMS_Psychopy2024.2.5.psyexp,2024.2.5,2025-07-29 14h46.27.272763 +0200,
0,0,0,0,0,0,0,,,,,,,,,#D292F3,1082.3713266849518,None,space,None,None,375.0607967376709,text_03,26,12,Reading_Baseline_main_click,None,ihre,41,0,41,60,60,,,,,,,,,,22,03,yes,no,no,2025-07-29_14h42.07.153,EXNAT_4_TMS_Psychopy2024.2.5.psyexp,2024.2.5,2025-07-29 14h46.27.272763 +0200,
0,0,0,0,0,0,0,,,,,,,,,#88BA3F,1082.787700176239,None,space,None,None,406.82196617126465,text_03,27,12,Reading_Baseline_main_click,None,Gespräche.,41,0,41,60,60,,,,,,,,,,22,03,yes,no,no,2025-07-29_14h42.07.153,EXNAT_4_TMS_Psychopy2024.2.5.psyexp,2024.2.5,2025-07-29 14h46.27.272763 +0200,
0,0,0,0,0,0,0,,,,,,,,,#2AB7EF,1083.2349622249603,None,space,None,None,503.2999515533447,text_03,28,12,Reading_Baseline_main_click,None,Darin,41,0,41,60,60,,,,,,,,,,22,03,yes,no,no,2025-07-29_14h42.07.153,EXNAT_4_TMS_Psychopy2024.2.5.psyexp,2024.2.5,2025-07-29 14h46.27.272763 +0200,
0,0,0,0,0,0,0,,,,,,,,,#F989A2,1083.7785384654999,None,space,None,None,311.88106536865234,text_03,29,12,Reading_Baseline_main_click,None,zeigt,41,0,41,60,60,,,,,,,,,,22,03,yes,no,no,2025-07-29_14h42.07.153,EXNAT_4_TMS_Psychopy2024.2.5.psyexp,2024.2.5,2025-07-29 14h46.27.272763 +0200,
0,0,0,0,0,0,0,,,,,,,,,#2AB7EF,1084.1327793598175,None,space,None,None,341.6330814361572,text_03,30,12,Reading_Baseline_main_click,None,sich,41,0,41,60,60,,,,,,,,,,22,03,yes,no,no,2025-07-29_14h42.07.153,EXNAT_4_TMS_Psychopy2024.2.5.psyexp,2024.2.5,2025-07-29 14h46.27.272763 +0200,
0,0,0,0,0,0,0,,,,,,,,,#88BA3F,1084.5156390666962,None,space,None,None,390.805721282959,text_03,31,12,Reading_Baseline_main_click,None,Einstein,41,0,41,60,60,,,,,,,,,,22,03,yes,no,no,2025-07-29_14h42.07.153,EXNAT_4_TMS_Psychopy2024.2.5.psyexp,2024.2.5,2025-07-29 14h46.27.272763 +0200,
0,0,0,0,0,0,0,,,,,,,,,#2AB7EF,1084.9460139274597,None,space,None,None,360.48150062561035,text_03,32,12,Reading_Baseline_main_click,None,nicht,41,0,41,60,60,,,,,,,,,,22,03,yes,no,no,2025-07-29_14h42.07.153,EXNAT_4_TMS_Psychopy2024.2.5.psyexp,2024.2.5,2025-07-29 14h46.27.272763 +0200,
0,0,0,0,0,0,0,,,,,,,,,#D292F3,1085.3475720882416,None,space,None,None,310.9698295593262,text_03,33,12,Reading_Baseline_main_click,None,nur,42,0,42,60,60,1085.3994798660278,,,,,,,,,22,03,yes,no,no,2025-07-29_14h42.07.153,EXNAT_4_TMS_Psychopy2024.2.5.psyexp,2024.2.5,2025-07-29 14h46.27.272763 +0200,
0,0,0,0,0,0,0,,,,,,,,,#D292F3,1085.6959791183472,None,space,None,None,330.5068016052246,text_03,34,12,Reading_Baseline_main_click,None,als,42,0,42,60,60,,,,,,,,,,22,03,yes,no,no,2025-07-29_14h42.07.153,EXNAT_4_TMS_Psychopy2024.2.5.psyexp,2024.2.5,2025-07-29 14h46.27.272763 +0200,
0,0,0,0,0,0,0,,,,,,,,,#F989A2,1086.0670607089996,None,space,None,None,391.42441749572754,text_03,35,12,Reading_Baseline_main_click,None,berühmter,42,0,42,60,60,,,,,,,,,,22,03,yes,no,no,2025-07-29_14h42.07.153,EXNAT_4_TMS_Psychopy2024.2.5.psyexp,2024.2.5,2025-07-29 14h46.27.272763 +0200,
0,0,0,0,0,0,0,,,,,,,,,#88BA3F,1086.498445034027,None,space,None,None,279.8168659210205,text_03,36,12,Reading_Baseline_main_click,None,"Wissenschaftler,",42,0,42,60,60,,,,,,,,,,22,03,yes,no,no,2025-07-29_14h42.07.153,EXNAT_4_TMS_Psychopy2024.2.5.psyexp,2024.2.5,2025-07-29 14h46.27.272763 +0200,
0,0,0,0,0,0,0,,,,,,,,,#D292F3,1086.8168625831604,None,space,None,None,345.60656547546387,text_03,37,12,Reading_Baseline_main_click,None,sondern,42,0,42,60,60,,,,,,,,,,22,03,yes,no,no,2025-07-29_14h42.07.153,EXNAT_4_TMS_Psychopy2024.2.5.psyexp,2024.2.5,2025-07-29 14h46.27.272763 +0200,
0,0,0,0,0,0,0,,,,,,,,,#D292F3,1087.2025187015533,None,space,None,None,279.76512908935547,text_03,38,12,Reading_Baseline_main_click,None,auch,42,0,42,60,60,,,,,,,,,,22,03,yes,no,no,2025-07-29_14h42.07.153,EXNAT_4_TMS_Psychopy2024.2.5.psyexp,2024.2.5,2025-07-29 14h46.27.272763 +0200,
0,0,0,0,0,0,0,,,,,,,,,#F989A2,1087.5219974517822,None,space,None,None,312.4969005584717,text_03,39,12,Reading_Baseline_main_click,None,als,42,0,42,60,60,,,,,,,,,,22,03,yes,no,no,2025-07-29_14h42.07.153,EXNAT_4_TMS_Psychopy2024.2.5.psyexp,2024.2.5,2025-07-29 14h46.27.272763 +0200,
0,0,0,0,0,0,0,,,,,,,,,#D292F3,1087.8748507499695,None,space,None,None,391.63827896118164,text_03,40,12,Reading_Baseline_main_click,None,warmherziger,42,0,42,60,60,,,,,,,,,,22,03,yes,no,no,2025-07-29_14h42.07.153,EXNAT_4_TMS_Psychopy2024.2.5.psyexp,2024.2.5,2025-07-29 14h46.27.272763 +0200,
0,0,0,0,0,0,0,,,,,,,,,#88BA3F,1088.3062756061554,None,space,None,None,328.23729515075684,text_03,41,12,Reading_Baseline_main_click,None,und,42,0,42,60,60,,,,,,,,,,22,03,yes,no,no,2025-07-29_14h42.07.153,EXNAT_4_TMS_Psychopy2024.2.5.psyexp,2024.2.5,2025-07-29 14h46.27.272763 +0200,
0,0,0,0,0,0,0,,,,,,,,,#D292F3,1088.6728115081787,None,space,None,None,297.5320816040039,text_03,42,12,Reading_Baseline_main_click,None,lustiger,42,0,42,60,60,,,,,,,,,,22,03,yes,no,no,2025-07-29_14h42.07.153,EXNAT_4_TMS_Psychopy2024.2.5.psyexp,2024.2.5,2025-07-29 14h46.27.272763 +0200,
0,0,0,0,0,0,0,,,,,,,,,#F989A2,1089.0107963085175,None,space,None,None,359.77840423583984,text_03,43,12,Reading_Baseline_main_click,None,Mensch.,42,0,42,60,60,,,,,,,,,,22,03,yes,no,no,2025-07-29_14h42.07.153,EXNAT_4_TMS_Psychopy2024.2.5.psyexp,2024.2.5,2025-07-29 14h46.27.272763 +0200,
0,0,0,0,0,0,0,,,,,,,,,#2AB7EF,1089.4116005897522,None,space,None,None,358.9351177215576,text_03,44,12,Reading_Baseline_main_click,None,Ohne,42,0,42,60,60,,,,,,,,,,22,03,yes,no,no,2025-07-29_14h42.07.153,EXNAT_4_TMS_Psychopy2024.2.5.psyexp,2024.2.5,2025-07-29 14h46.27.272763 +0200,
0,0,0,0,0,0,0,,,,,,,,,#88BA3F,1089.8075242042542,None,space,None,None,378.77869606018066,text_03,45,12,Reading_Baseline_main_click,None,Fantovas,42,0,42,60,60,,,,,,,,,,22,03,yes,no,no,2025-07-29_14h42.07.153,EXNAT_4_TMS_Psychopy2024.2.5.psyexp,2024.2.5,2025-07-29 14h46.27.272763 +0200,
0,0,0,0,0,0,0,,,,,,,,,#F989A2,1090.2256376743317,None,space,None,None,312.7937316894531,text_03,46,12,Reading_Baseline_main_click,None,Aufzeichnungen,43,0,43,60,60,1090.3994266986847,,,,,,,,,22,03,yes,no,no,2025-07-29_14h42.07.153,EXNAT_4_TMS_Psychopy2024.2.5.psyexp,2024.2.5,2025-07-29 14h46.27.272763 +0200,
0,0,0,0,0,0,0,,,,,,,,,#2AB7EF,1090.5779321193695,None,space,None,None,296.36383056640625,text_03,47,12,Reading_Baseline_main_click,None,wüsste,43,0,43,60,60,,,,,,,,,,22,03,yes,no,no,2025-07-29_14h42.07.153,EXNAT_4_TMS_Psychopy2024.2.5.psyexp,2024.2.5,2025-07-29 14h46.27.272763 +0200,
0,0,0,0,0,0,0,,,,,,,,,#2AB7EF,1090.9106369018555,None,space,None,None,299.78418350219727,text_03,48,12,Reading_Baseline_main_click,None,man,43,0,43,60,60,,,,,,,,,,22,03,yes,no,no,2025-07-29_14h42.07.153,EXNAT_4_TMS_Psychopy2024.2.5.psyexp,2024.2.5,2025-07-29 14h46.27.272763 +0200,
0,0,0,0,0,0,0,,,,,,,,,#D292F3,1091.2485330104828,None,space,None,None,377.73704528808594,text_03,49,12,Reading_Baseline_main_click,None,zum,43,0,43,60,60,,,,,,,,,,22,03,yes,no,no,2025-07-29_14h42.07.153,EXNAT_4_TMS_Psychopy2024.2.5.psyexp,2024.2.5,2025-07-29 14h46.27.272763 +0200,
0,0,0,0,0,0,0,,,,,,,,,#2AB7EF,1091.6643273830414,None,space,None,None,249.9220371246338,text_03,50,12,Reading_Baseline_main_click,None,Beispiel,43,0,43,60,60,,,,,,,,,,22,03,yes,no,no,2025-07-29_14h42.07.153,EXNAT_4_TMS_Psychopy2024.2.5.psyexp,2024.2.5,2025-07-29 14h46.27.272763 +0200,
0,0,0,0,0,0,0,,,,,,,,,#88BA3F,1091.952717781067,None,space,None,None,297.5611686706543,text_03,51,12,Reading_Baseline_main_click,None,nichts,43,0,43,60,60,,,,,,,,,,22,03,yes,no,no,2025-07-29_14h42.07.153,EXNAT_4_TMS_Psychopy2024.2.5.psyexp,2024.2.5,2025-07-29 14h46.27.272763 +0200,
0,0,0,0,0,0,0,,,,,,,,,#D292F3,1092.2900021076202,None,space,None,None,360.4559898376465,text_03,52,12,Reading_Baseline_main_click,None,von,43,0,43,60,60,,,,,,,,,,22,03,yes,no,no,2025-07-29_14h42.07.153,EXNAT_4_TMS_Psychopy2024.2.5.psyexp,2024.2.5,2025-07-29 14h46.27.272763 +0200,
0,0,0,0,0,0,0,,,,,,,,,#F989A2,1092.688539981842,None,space,None,None,265.7496929168701,text_03,53,12,Reading_Baseline_main_click,None,Einsteins,43,0,43,60,60,,,,,,,,,,22,03,yes,no,no,2025-07-29_14h42.07.153,EXNAT_4_TMS_Psychopy2024.2.5.psyexp,2024.2.5,2025-07-29 14h46.27.272763 +0200,
0,0,0,0,0,0,0,,,,,,,,,#88BA3F,1092.9922795295715,None,space,None,None,362.1528148651123,text_03,54,12,Reading_Baseline_main_click,None,melancholischem,43,0,43,60,60,,,,,,,,,,22,03,yes,no,no,2025-07-29_14h42.07.153,EXNAT_4_TMS_Psychopy2024.2.5.psyexp,2024.2.5,2025-07-29 14h46.27.272763 +0200,
0,0,0,0,0,0,0,,,,,,,,,#F989A2,1093.3954346179962,None,space,None,None,615.0176525115967,text_03,55,12,Reading_Baseline_main_click,None,Papagei,43,0,43,60,60,,,,,,,,,,22,03,yes,no,no,2025-07-29_14h42.07.153,EXNAT_4_TMS_Psychopy2024.2.5.psyexp,2024.2.5,2025-07-29 14h46.27.272763 +0200,
0,0,0,0,0,0,0,,,,,,,,,#F989A2,1094.049512386322,None,space,None,None,408.902645111084,text_03,56,12,Reading_Baseline_main_click,None,Bibo.,43,0,43,60,60,,,,,,,,,,22,03,yes,no,no,2025-07-29_14h42.07.153,EXNAT_4_TMS_Psychopy2024.2.5.psyexp,2024.2.5,2025-07-29 14h46.27.272763 +0200,
0,0,0,0,0,0,0,,,,,,,,,#D292F3,1094.49645113945,None,space,None,None,473.99234771728516,text_03,57,12,Reading_Baseline_main_click,None,Auch,43,0,43,60,60,,,,,,,,,,22,03,yes,no,no,2025-07-29_14h42.07.153,EXNAT_4_TMS_Psychopy2024.2.5.psyexp,2024.2.5,2025-07-29 14h46.27.272763 +0200,
0,0,0,0,0,0,0,,,,,,,,,#88BA3F,1095.0094130039215,None,space,None,None,345.0474739074707,text_03,58,12,Reading_Baseline_main_click,None,seine,43,0,43,60,60,,,,,,,,,,22,03,yes,no,no,2025-07-29_14h42.07.153,EXNAT_4_TMS_Psychopy2024.2.5.psyexp,2024.2.5,2025-07-29 14h46.27.272763 +0200,
0,0,0,0,0,0,0,,,,,,,,,#2AB7EF,1095.3939650058746,None,space,None,None,344.2873954772949,text_03,59,12,Reading_Baseline_main_click,None,witzigen,44,0,44,60,60,1095.4506907463074,,,,,,,,,22,03,yes,no,no,2025-07-29_14h42.07.153,EXNAT_4_TMS_Psychopy2024.2.5.psyexp,2024.2.5,2025-07-29 14h46.27.272763 +0200,
0,0,0,0,0,0,0,,,,,,,,,#2AB7EF,1095.7772867679596,None,space,None,None,505.25808334350586,text_03,60,12,Reading_Baseline_main_click,None,Sprüche,44,0,44,60,60,,,,,,,,,,22,03,yes,no,no,2025-07-29_14h42.07.153,EXNAT_4_TMS_Psychopy2024.2.5.psyexp,2024.2.5,2025-07-29 14h46.27.272763 +0200,
0,0,0,0,0,0,0,,,,,,,,,#D292F3,1096.3237900733948,None,space,None,None,278.5179615020752,text_03,61,12,Reading_Baseline_main_click,None,über,44,0,44,60,60,,,,,,,,,,22,03,yes,no,no,2025-07-29_14h42.07.153,EXNAT_4_TMS_Psychopy2024.2.5.psyexp,2024.2.5,2025-07-29 14h46.27.272763 +0200,
0,0,0,0,0,0,0,,,,,,,,,#2AB7EF,1096.6420307159424,None,space,None,None,312.420129776001,text_03,62,12,Reading_Baseline_main_click,None,das,44,0,44,60,60,,,,,,,,,,22,03,yes,no,no,2025-07-29_14h42.07.153,EXNAT_4_TMS_Psychopy2024.2.5.psyexp,2024.2.5,2025-07-29 14h46.27.272763 +0200,
0,0,0,0,0,0,0,,,,,,,,,#D292F3,1096.995056629181,None,space,None,None,247.32065200805664,text_03,63,12,Reading_Baseline_main_click,None,Leben,44,0,44,60,60,,,,,,,,,,22,03,yes,no,no,2025-07-29_14h42.07.153,EXNAT_4_TMS_Psychopy2024.2.5.psyexp,2024.2.5,2025-07-29 14h46.27.272763 +0200,
0,0,0,0,0,0,0,,,,,,,,,#88BA3F,1097.2797706127167,None,space,None,None,314.70632553100586,text_03,64,12,Reading_Baseline_main_click,None,wären,44,0,44,60,60,,,,,,,,,,22,03,yes,no,no,2025-07-29_14h42.07.153,EXNAT_4_TMS_Psychopy2024.2.5.psyexp,2024.2.5,2025-07-29 14h46.27.272763 +0200,
0,0,0,0,0,0,0,,,,,,,,,#F989A2,1097.6342260837555,None,space,None,None,264.26172256469727,text_03,65,12,Reading_Baseline_main_click,None,verloren.,44,0,44,60,60,,,,,,,,,,22,03,yes,no,no,2025-07-29_14h42.07.153,EXNAT_4_TMS_Psychopy2024.2.5.psyexp,2024.2.5,2025-07-29 14h46.27.272763 +0200,
0,0,0,0,0,0,0,,,,,,,,,#F989A2,1097.938931465149,None,space,None,None,455.5478096008301,text_03,66,12,Reading_Baseline_main_click,None,Über,44,0,44,60,60,,,,,,,,,,22,03,yes,no,no,2025-07-29_14h42.07.153,EXNAT_4_TMS_Psychopy2024.2.5.psyexp,2024.2.5,2025-07-29 14h46.27.272763 +0200,
0,0,0,0,0,0,0,,,,,,,,,#2AB7EF,1098.4333674907684,None,space,None,None,393.14818382263184,text_03,67,12,Reading_Baseline_main_click,None,einen,44,0,44,60,60,,,,,,,,,,22,03,yes,no,no,2025-07-29_14h42.07.153,EXNAT_4_TMS_Psychopy2024.2.5.psyexp,2024.2.5,2025-07-29 14h46.27.272763 +0200,
0,0,0,0,0,0,0,,,,,,,,,#D292F3,1098.8677997589111,None,space,None,None,790.7900810241699,text_03,68,12,Reading_Baseline_main_click,None,Nachbarn,44,0,44,60,60,,,,,,,,,,22,03,yes,no,no,2025-07-29_14h42.07.153,EXNAT_4_TMS_Psychopy2024.2.5.psyexp,2024.2.5,2025-07-29 14h46.27.272763 +0200,
0,0,0,0,0,0,0,,,,,,,,,#88BA3F,1099.6971871852875,None,space,None,None,361.30714416503906,text_03,69,12,Reading_Baseline_main_click,None,sagte,44,0,44,60,60,,,,,,,,,,22,03,yes,no,no,2025-07-29_14h42.07.153,EXNAT_4_TMS_Psychopy2024.2.5.psyexp,2024.2.5,2025-07-29 14h46.27.272763 +0200,
0,0,0,0,0,0,0,,,,,,,,,#88BA3F,1100.098420381546,None,space,None,None,280.0180912017822,text_03,70,12,Reading_Baseline_main_click,None,er,44,0,44,60,60,,,,,,,,,,22,03,yes,no,no,2025-07-29_14h42.07.153,EXNAT_4_TMS_Psychopy2024.2.5.psyexp,2024.2.5,2025-07-29 14h46.27.272763 +0200,
0,0,0,0,0,0,0,,,,,,,,,#2AB7EF,1100.4164633750916,None,space,None,None,313.9328956604004,text_03,71,12,Reading_Baseline_main_click,None,zum,45,0,45,60,60,1100.4726288318634,,,,,,,,,22,03,yes,no,no,2025-07-29_14h42.07.153,EXNAT_4_TMS_Psychopy2024.2.5.psyexp,2024.2.5,2025-07-29 14h46.27.272763 +0200,
0,0,0,0,0,0,0,,,,,,,,,#F989A2,1100.7710268497467,None,space,None,None,215.3007984161377,text_03,72,12,Reading_Baseline_main_click,None,Beispiel:,45,0,45,60,60,,,,,,,,,,22,03,yes,no,no,2025-07-29_14h42.07.153,EXNAT_4_TMS_Psychopy2024.2.5.psyexp,2024.2.5,2025-07-29 14h46.27.272763 +0200,
0,0,0,0,0,0,0,,,,,,,,,#D292F3,1101.0271015167236,None,space,None,None,295.43066024780273,text_03,73,12,Reading_Baseline_main_click,None,""Es,45,0,45,60,60,,,,,,,,,,22,03,yes,no,no,2025-07-29_14h42.07.153,EXNAT_4_TMS_Psychopy2024.2.5.psyexp,2024.2.5,2025-07-29 14h46.27.272763 +0200,
0,0,0,0,0,0,0,,,,,,,,,#F989A2,1101.362143754959,None,space,None,None,200.2882957458496,text_03,74,12,Reading_Baseline_main_click,None,besteht,45,0,45,60,60,,,,,,,,,,22,03,yes,no,no,2025-07-29_14h42.07.153,EXNAT_4_TMS_Psychopy2024.2.5.psyexp,2024.2.5,2025-07-29 14h46.27.272763 +0200,
0,0,0,0,0,0,0,,,,,,,,,#88BA3F,1101.6022508144379,None,space,None,None,312.00599670410156,text_03,75,12,Reading_Baseline_main_click,None,die,45,0,45,60,60,,,,,,,,,,22,03,yes,no,no,2025-07-29_14h42.07.153,EXNAT_4_TMS_Psychopy2024.2.5.psyexp,2024.2.5,2025-07-29 14h46.27.272763 +0200,
0,0,0,0,0,0,0,,,,,,,,,#D292F3,1101.9556648731232,None,space,None,None,342.8218364715576,text_03,76,12,Reading_Baseline_main_click,None,"Gefahr,",45,0,45,60,60,,,,,,,,,,22,03,yes,no,no,2025-07-29_14h42.07.153,EXNAT_4_TMS_Psychopy2024.2.5.psyexp,2024.2.5,2025-07-29 14h46.27.272763 +0200,
0,0,0,0,0,0,0,,,,,,,,,#2AB7EF,1102.339558839798,None,space,None,None,214.72644805908203,text_03,77,12,Reading_Baseline_main_click,None,dass,45,0,45,60,60,,,,,,,,,,22,03,yes,no,no,2025-07-29_14h42.07.153,EXNAT_4_TMS_Psychopy2024.2.5.psyexp,2024.2.5,2025-07-29 14h46.27.272763 +0200,
0,0,0,0,0,0,0,,,,,,,,,#F989A2,1102.5951154232025,None,space,None,None,263.1962299346924,text_03,78,12,Reading_Baseline_main_click,None,sein,45,0,45,60,60,,,,,,,,,,22,03,yes,no,no,2025-07-29_14h42.07.153,EXNAT_4_TMS_Psychopy2024.2.5.psyexp,2024.2.5,2025-07-29 14h46.27.272763 +0200,
0,0,0,0,0,0,0,,,,,,,,,#88BA3F,1102.8982181549072,None,space,None,None,264.04595375061035,text_03,79,12,Reading_Baseline_main_click,None,Sohn,45,0,45,60,60,,,,,,,,,,22,03,yes,no,no,2025-07-29_14h42.07.153,EXNAT_4_TMS_Psychopy2024.2.5.psyexp,2024.2.5,2025-07-29 14h46.27.272763 +0200,
0,0,0,0,0,0,0,,,,,,,,,#2AB7EF,1103.199848651886,None,space,None,None,282.6817035675049,text_03,80,12,Reading_Baseline_main_click,None,heiratet."",45,0,45,60,60,,,,,,,,,,22,03,yes,no,no,2025-07-29_14h42.07.153,EXNAT_4_TMS_Psychopy2024.2.5.psyexp,2024.2.5,2025-07-29 14h46.27.272763 +0200,
0,0,0,0,0,0,0,,,,,,,,,#88BA3F,1103.5229618549347,None,space,None,None,455.30033111572266,text_03,81,12,Reading_Baseline_main_click,None,Fantova,45,0,45,60,60,,,,,,,,,,22,03,yes,no,no,2025-07-29_14h42.07.153,EXNAT_4_TMS_Psychopy2024.2.5.psyexp,2024.2.5,2025-07-29 14h46.27.272763 +0200,
0,0,0,0,0,0,0,,,,,,,,,#D292F3,1104.0163407325745,None,space,None,None,330.28674125671387,text_03,82,12,Reading_Baseline_main_click,None,war,45,0,45,60,60,,,,,,,,,,22,03,yes,no,no,2025-07-29_14h42.07.153,EXNAT_4_TMS_Psychopy2024.2.5.psyexp,2024.2.5,2025-07-29 14h46.27.272763 +0200,
0,0,0,0,0,0,0,,,,,,,,,#2AB7EF,1104.387301683426,None,space,None,None,263.08274269104004,text_03,83,12,Reading_Baseline_main_click,None,22,45,0,45,60,60,,,,,,,,,,22,03,yes,no,no,2025-07-29_14h42.07.153,EXNAT_4_TMS_Psychopy2024.2.5.psyexp,2024.2.5,2025-07-29 14h46.27.272763 +0200,
0,0,0,0,0,0,0,,,,,,,,,#F989A2,1104.6891465187073,None,space,None,None,393.2831287384033,text_03,84,12,Reading_Baseline_main_click,None,Jahre,45,0,45,60,60,,,,,,,,,,22,03,yes,no,no,2025-07-29_14h42.07.153,EXNAT_4_TMS_Psychopy2024.2.5.psyexp,2024.2.5,2025-07-29 14h46.27.272763 +0200,
0,0,0,0,0,0,0,,,,,,,,,#D292F3,1105.1223394870758,None,space,None,None,248.11577796936035,text_03,85,12,Reading_Baseline_main_click,None,jünger,45,0,45,60,60,,,,,,,,,,22,03,yes,no,no,2025-07-29_14h42.07.153,EXNAT_4_TMS_Psychopy2024.2.5.psyexp,2024.2.5,2025-07-29 14h46.27.272763 +0200,
0,0,0,0,0,0,0,,,,,,,,,#2AB7EF,1105.4074609279633,None,space,None,None,314.8493766784668,text_03,86,12,Reading_Baseline_main_click,None,als,46,0,46,60,60,1105.4724910259247,,,,,,,,,22,03,yes,no,no,2025-07-29_14h42.07.153,EXNAT_4_TMS_Psychopy2024.2.5.psyexp,2024.2.5,2025-07-29 14h46.27.272763 +0200,
0,0,0,0,0,0,0,,,,,,,,,#D292F3,1105.7608757019043,None,space,None,None,345.6454277038574,text_03,87,12,Reading_Baseline_main_click,None,Einstein,46,0,46,60,60,,,,,,,,,,22,03,yes,no,no,2025-07-29_14h42.07.153,EXNAT_4_TMS_Psychopy2024.2.5.psyexp,2024.2.5,2025-07-29 14h46.27.272763 +0200,
0,0,0,0,0,0,0,,,,,,,,,#2AB7EF,1106.1466546058655,None,space,None,None,263.7219429016113,text_03,88,12,Reading_Baseline_main_click,None,und,46,0,46,60,60,,,,,,,,,,22,03,yes,no,no,2025-07-29_14h42.07.153,EXNAT_4_TMS_Psychopy2024.2.5.psyexp,2024.2.5,2025-07-29 14h46.27.272763 +0200,
0,0,0,0,0,0,0,,,,,,,,,#88BA3F,1106.4488053321838,None,space,None,None,361.6509437561035,text_03,89,12,Reading_Baseline_main_click,None,kam,46,0,46,60,60,,,,,,,,,,22,03,yes,no,no,2025-07-29_14h42.07.153,EXNAT_4_TMS_Psychopy2024.2.5.psyexp,2024.2.5,2025-07-29 14h46.27.272763 +0200,
0,0,0,0,0,0,0,,,,,,,,,#88BA3F,1106.8473031520844,None,space,None,None,299.21674728393555,text_03,90,12,Reading_Baseline_main_click,None,wie,46,0,46,60,60,,,,,,,,,,22,03,yes,no,no,2025-07-29_14h42.07.153,EXNAT_4_TMS_Psychopy2024.2.5.psyexp,2024.2.5,2025-07-29 14h46.27.272763 +0200,
0,0,0,0,0,0,0,,,,,,,,,#F989A2,1107.1858191490173,None,space,None,None,264.50324058532715,text_03,91,12,Reading_Baseline_main_click,None,er,46,0,46,60,60,,,,,,,,,,22,03,yes,no,no,2025-07-29_14h42.07.153,EXNAT_4_TMS_Psychopy2024.2.5.psyexp,2024.2.5,2025-07-29 14h46.27.272763 +0200,
0,0,0,0,0,0,0,,,,,,,,,#88BA3F,1107.4893450737,None,space,None,None,280.9114456176758,text_03,92,12,Reading_Baseline_main_click,None,aus,46,0,46,60,60,,,,,,,,,,22,03,yes,no,no,2025-07-29_14h42.07.153,EXNAT_4_TMS_Psychopy2024.2.5.psyexp,2024.2.5,2025-07-29 14h46.27.272763 +0200,
0,0,0,0,0,0,0,,,,,,,,,#2AB7EF,1107.808654308319,None,space,None,None,377.73752212524414,text_03,93,12,Reading_Baseline_main_click,None,Europa.,46,0,46,60,60,,,,,,,,,,22,03,yes,no,no,2025-07-29_14h42.07.153,EXNAT_4_TMS_Psychopy2024.2.5.psyexp,2024.2.5,2025-07-29 14h46.27.272763 +0200,
0,0,0,0,0,0,0,,,,,,,,,#F989A2,1108.22465133667,None,space,None,None,393.85366439819336,text_03,94,12,Reading_Baseline_main_click,None,Die,46,0,46,60,60,,,,,,,,,,22,03,yes,no,no,2025-07-29_14h42.07.153,EXNAT_4_TMS_Psychopy2024.2.5.psyexp,2024.2.5,2025-07-29 14h46.27.272763 +0200,
0,0,0,0,0,0,0,,,,,,,,,#F989A2,1108.6596117019653,None,space,None,None,246.83022499084473,text_03,95,12,Reading_Baseline_main_click,None,Eltern,46,0,46,60,60,,,,,,,,,,22,03,yes,no,no,2025-07-29_14h42.07.153,EXNAT_4_TMS_Psychopy2024.2.5.psyexp,2024.2.5,2025-07-29 14h46.27.272763 +0200,
0,0,0,0,0,0,0,,,,,,,,,#D292F3,1108.9452815055847,None,space,None,None,377.2013187408447,text_03,96,12,Reading_Baseline_main_click,None,ihres,46,0,46,60,60,,,,,,,,,,22,03,yes,no,no,2025-07-29_14h42.07.153,EXNAT_4_TMS_Psychopy2024.2.5.psyexp,2024.2.5,2025-07-29 14h46.27.272763 +0200,
0,0,0,0,0,0,0,,,,,,,,,#D292F3,1109.3622884750366,None,space,None,None,232.0868968963623,text_03,97,12,Reading_Baseline_main_click,None,"Mannes,",46,0,46,60,60,,,,,,,,,,22,03,yes,no,no,2025-07-29_14h42.07.153,EXNAT_4_TMS_Psychopy2024.2.5.psyexp,2024.2.5,2025-07-29 14h46.27.272763 +0200,
0,0,0,0,0,0,0,,,,,,,,,#F989A2,1109.6317646503448,None,space,None,None,346.6918468475342,text_03,98,12,Reading_Baseline_main_click,None,Otto,46,0,46,60,60,,,,,,,,,,22,03,yes,no,no,2025-07-29_14h42.07.153,EXNAT_4_TMS_Psychopy2024.2.5.psyexp,2024.2.5,2025-07-29 14h46.27.272763 +0200,
0,0,0,0,0,0,0,,,,,,,,,#2AB7EF,1110.0156376361847,None,space,None,None,314.7168159484863,text_03,99,12,Reading_Baseline_main_click,None,"Fanta,",46,0,46,60,60,,,,,,,,,,22,03,yes,no,no,2025-07-29_14h42.07.153,EXNAT_4_TMS_Psychopy2024.2.5.psyexp,2024.2.5,2025-07-29 14h46.27.272763 +0200,
0,0,0,0,0,0,0,,,,,,,,,#88BA3F,1110.3710253238678,None,space,None,None,279.4055938720703,text_03,100,12,Reading_Baseline_main_click,None,luden,47,0,47,60,60,1110.472643852234,,,,,,,,,22,03,yes,no,no,2025-07-29_14h42.07.153,EXNAT_4_TMS_Psychopy2024.2.5.psyexp,2024.2.5,2025-07-29 14h46.27.272763 +0200,
0,0,0,0,0,0,0,,,,,,,,,#D292F3,1110.6916673183441,None,space,None,None,710.8500003814697,text_03,101,12,Reading_Baseline_main_click,None,viele,47,0,47,60,60,,,,,,,,,,22,03,yes,no,no,2025-07-29_14h42.07.153,EXNAT_4_TMS_Psychopy2024.2.5.psyexp,2024.2.5,2025-07-29 14h46.27.272763 +0200,
0,0,0,0,0,0,0,,,,,,,,,#D292F3,1111.4423520565033,None,space,None,None,200.14572143554688,text_03,102,12,Reading_Baseline_main_click,None,berühmte,47,0,47,60,60,,,,,,,,,,22,03,yes,no,no,2025-07-29_14h42.07.153,EXNAT_4_TMS_Psychopy2024.2.5.psyexp,2024.2.5,2025-07-29 14h46.27.272763 +0200,
0,0,0,0,0,0,0,,,,,,,,,#2AB7EF,1111.6830668449402,None,space,None,None,295.2585220336914,text_03,103,12,Reading_Baseline_main_click,None,Menschen,47,0,47,60,60,,,,,,,,,,22,03,yes,no,no,2025-07-29_14h42.07.153,EXNAT_4_TMS_Psychopy2024.2.5.psyexp,2024.2.5,2025-07-29 14h46.27.272763 +0200,
0,0,0,0,0,0,0,,,,,,,,,#F989A2,1112.0168106555939,None,space,None,None,265.63334465026855,text_03,104,12,Reading_Baseline_main_click,None,in,47,0,47,60,60,,,,,,,,,,22,03,yes,no,no,2025-07-29_14h42.07.153,EXNAT_4_TMS_Psychopy2024.2.5.psyexp,2024.2.5,2025-07-29 14h46.27.272763 +0200,
0,0,0,0,0,0,0,,,,,,,,,#88BA3F,1112.3226408958435,None,space,None,None,391.86763763427734,text_03,105,12,Reading_Baseline_main_click,None,ihren,47,0,47,60,60,,,,,,,,,,22,03,yes,no,no,2025-07-29_14h42.07.153,EXNAT_4_TMS_Psychopy2024.2.5.psyexp,2024.2.5,2025-07-29 14h46.27.272763 +0200,
0,0,0,0,0,0,0,,,,,,,,,#88BA3F,1112.7547714710236,None,space,None,None,343.66893768310547,text_03,106,12,Reading_Baseline_main_click,None,Salon,47,0,47,60,60,,,,,,,,,,22,03,yes,no,no,2025-07-29_14h42.07.153,EXNAT_4_TMS_Psychopy2024.2.5.psyexp,2024.2.5,2025-07-29 14h46.27.272763 +0200,
0,0,0,0,0,0,0,,,,,,,,,#F989A2,1113.1386559009552,None,space,None,None,295.76706886291504,text_03,107,12,Reading_Baseline_main_click,None,ein.,47,0,47,60,60,,,,,,,,,,22,03,yes,no,no,2025-07-29_14h42.07.153,EXNAT_4_TMS_Psychopy2024.2.5.psyexp,2024.2.5,2025-07-29 14h46.27.272763 +0200,
0,0,0,0,0,0,0,,,,,,,,,#2AB7EF,1113.4742777347565,None,space,None,None,328.2804489135742,text_03,108,12,Reading_Baseline_main_click,None,Neben,47,0,47,60,60,,,,,,,,,,22,03,yes,no,no,2025-07-29_14h42.07.153,EXNAT_4_TMS_Psychopy2024.2.5.psyexp,2024.2.5,2025-07-29 14h46.27.272763 +0200,
0,0,0,0,0,0,0,,,,,,,,,#F989A2,1113.8415567874908,None,space,None,None,536.7991924285889,text_03,109,12,Reading_Baseline_main_click,None,Einstein,47,0,47,60,60,,,,,,,,,,22,03,yes,no,no,2025-07-29_14h42.07.153,EXNAT_4_TMS_Psychopy2024.2.5.psyexp,2024.2.5,2025-07-29 14h46.27.272763 +0200,
0,0,0,0,0,0,0,,,,,,,,,#2AB7EF,1114.4161393642426,None,space,None,None,298.1448173522949,text_03,110,12,Reading_Baseline_main_click,None,gehörte,47,0,47,60,60,,,,,,,,,,22,03,yes,no,no,2025-07-29_14h42.07.153,EXNAT_4_TMS_Psychopy2024.2.5.psyexp,2024.2.5,2025-07-29 14h46.27.272763 +0200,
0,0,0,0,0,0,0,,,,,,,,,#2AB7EF,1114.751968383789,None,space,None,None,362.57457733154297,text_03,111,12,Reading_Baseline_main_click,None,auch,47,0,47,60,60,,,,,,,,,,22,03,yes,no,no,2025-07-29_14h42.07.153,EXNAT_4_TMS_Psychopy2024.2.5.psyexp,2024.2.5,2025-07-29 14h46.27.272763 +0200,
0,0,0,0,0,0,0,,,,,,,,,#D292F3,1115.1536552906036,None,space,None,None,568.7065124511719,text_03,112,12,Reading_Baseline_main_click,None,Franz,48,0,48,60,60,1115.4727747440338,,,,,,,,,22,03,yes,no,no,2025-07-29_14h42.07.153,EXNAT_4_TMS_Psychopy2024.2.5.psyexp,2024.2.5,2025-07-29 14h46.27.272763 +0200,
0,0,0,0,0,0,0,,,,,,,,,#D292F3,1115.7608842849731,None,space,None,None,313.39430809020996,text_03,113,12,Reading_Baseline_main_click,None,Kafka,48,0,48,60,60,,,,,,,,,,22,03,yes,no,no,2025-07-29_14h42.07.153,EXNAT_4_TMS_Psychopy2024.2.5.psyexp,2024.2.5,2025-07-29 14h46.27.272763 +0200,
0,0,0,0,0,0,0,,,,,,,,,#D292F3,1116.1096165180206,None,space,None,None,332.83543586730957,text_03,114,12,Reading_Baseline_main_click,None,dazu.,48,0,48,60,60,,,,,,,,,,22,03,yes,no,no,2025-07-29_14h42.07.153,EXNAT_4_TMS_Psychopy2024.2.5.psyexp,2024.2.5,2025-07-29 14h46.27.272763 +0200,
0,0,0,0,0,0,0,,,,,,,,,#88BA3F,1116.481671333313,None,space,None,None,424.6082305908203,text_03,115,12,Reading_Baseline_main_click,None,Für,48,0,48,60,60,,,,,,,,,,22,03,yes,no,no,2025-07-29_14h42.07.153,EXNAT_4_TMS_Psychopy2024.2.5.psyexp,2024.2.5,2025-07-29 14h46.27.272763 +0200,
0,0,0,0,0,0,0,,,,,,,,,#F989A2,1116.945023059845,None,space,None,None,377.4127960205078,text_03,116,12,Reading_Baseline_main_click,None,Einstein,48,0,48,60,60,,,,,,,,,,22,03,yes,no,no,2025-07-29_14h42.07.153,EXNAT_4_TMS_Psychopy2024.2.5.psyexp,2024.2.5,2025-07-29 14h46.27.272763 +0200,
0,0,0,0,0,0,0,,,,,,,,,#88BA3F,1117.359884262085,None,space,None,None,330.5625915527344,text_03,117,12,Reading_Baseline_main_click,None,war,48,0,48,60,60,,,,,,,,,,22,03,yes,no,no,2025-07-29_14h42.07.153,EXNAT_4_TMS_Psychopy2024.2.5.psyexp,2024.2.5,2025-07-29 14h46.27.272763 +0200,
0,0,0,0,0,0,0,,,,,,,,,#F989A2,1117.728408575058,None,space,None,None,474.05028343200684,text_03,118,12,Reading_Baseline_main_click,None,Fantova,48,0,48,60,60,,,,,,,,,,22,03,yes,no,no,2025-07-29_14h42.07.153,EXNAT_4_TMS_Psychopy2024.2.5.psyexp,2024.2.5,2025-07-29 14h46.27.272763 +0200,
0,0,0,0,0,0,0,,,,,,,,,#D292F3,1118.241837978363,None,space,None,None,328.6268711090088,text_03,119,12,Reading_Baseline_main_click,None,eine,48,0,48,60,60,,,,,,,,,,22,03,yes,no,no,2025-07-29_14h42.07.153,EXNAT_4_TMS_Psychopy2024.2.5.psyexp,2024.2.5,2025-07-29 14h46.27.272763 +0200,
0,0,0,0,0,0,0,,,,,,,,,#88BA3F,1118.61097073555,None,space,None,None,343.57213973999023,text_03,120,12,Reading_Baseline_main_click,None,Teil,48,0,48,60,60,,,,,,,,,,22,03,yes,no,no,2025-07-29_14h42.07.153,EXNAT_4_TMS_Psychopy2024.2.5.psyexp,2024.2.5,2025-07-29 14h46.27.272763 +0200,
0,0,0,0,0,0,0,,,,,,,,,#88BA3F,1118.9929628372192,None,space,None,None,393.5360908508301,text_03,121,12,Reading_Baseline_main_click,None,der,48,0,48,60,60,,,,,,,,,,22,03,yes,no,no,2025-07-29_14h42.07.153,EXNAT_4_TMS_Psychopy2024.2.5.psyexp,2024.2.5,2025-07-29 14h46.27.272763 +0200,
0,0,0,0,0,0,0,,,,,,,,,#2AB7EF,1119.4258587360382,None,space,None,None,344.510555267334,text_03,122,12,Reading_Baseline_main_click,None,alten,48,0,48,60,60,,,,,,,,,,22,03,yes,no,no,2025-07-29_14h42.07.153,EXNAT_4_TMS_Psychopy2024.2.5.psyexp,2024.2.5,2025-07-29 14h46.27.272763 +0200,
0,0,0,0,0,0,0,,,,,,,,,#D292F3,1119.8094894886017,None,space,None,None,376.91426277160645,text_03,123,12,Reading_Baseline_main_click,None,"Welt,",48,0,48,60,60,,,,,,,,,,22,03,yes,no,no,2025-07-29_14h42.07.153,EXNAT_4_TMS_Psychopy2024.2.5.psyexp,2024.2.5,2025-07-29 14h46.27.272763 +0200,
0,0,0,0,0,0,0,,,,,,,,,#F989A2,1120.2241661548615,None,space,None,None,378.2236576080322,text_03,124,12,Reading_Baseline_main_click,None,die,49,0,49,60,60,1120.472568511963,,,,,,,,,22,03,yes,no,no,2025-07-29_14h42.07.153,EXNAT_4_TMS_Psychopy2024.2.5.psyexp,2024.2.5,2025-07-29 14h46.27.272763 +0200,
0,0,0,0,0,0,0,,,,,,,,,#D292F3,1120.6416103839874,None,space,None,None,696.77734375,text_03,125,12,Reading_Baseline_main_click,None,er,49,0,49,60,60,,,,,,,,,,22,03,yes,no,no,2025-07-29_14h42.07.153,EXNAT_4_TMS_Psychopy2024.2.5.psyexp,2024.2.5,2025-07-29 14h46.27.272763 +0200,
0,0,0,0,0,0,0,,,,,,,,,#D292F3,1121.376633644104,None,space,None,None,537.8818511962891,text_03,126,12,Reading_Baseline_main_click,None,vermisste.,49,0,49,60,60,,,,,,,,,,22,03,yes,no,no,2025-07-29_14h42.07.153,EXNAT_4_TMS_Psychopy2024.2.5.psyexp,2024.2.5,2025-07-29 14h46.27.272763 +0200,
0,0,0,0,0,0,0,,,,,,,,,#88BA3F,1121.953111410141,None,space,None,None,313.3571147918701,text_03,127,12,Reading_Baseline_main_click,None,In,49,0,49,60,60,,,,,,,,,,22,03,yes,no,no,2025-07-29_14h42.07.153,EXNAT_4_TMS_Psychopy2024.2.5.psyexp,2024.2.5,2025-07-29 14h46.27.272763 +0200,
0,0,0,0,0,0,0,,,,,,,,,#2AB7EF,1122.3054687976837,None,space,None,None,360.9902858734131,text_03,128,12,Reading_Baseline_main_click,None,ihrem,49,0,49,60,60,,,,,,,,,,22,03,yes,no,no,2025-07-29_14h42.07.153,EXNAT_4_TMS_Psychopy2024.2.5.psyexp,2024.2.5,2025-07-29 14h46.27.272763 +0200,
0,0,0,0,0,0,0,,,,,,,,,#F989A2,1122.7072286605835,None,space,None,None,391.2160396575928,text_03,129,12,Reading_Baseline_main_click,None,Text,49,0,49,60,60,,,,,,,,,,22,03,yes,no,no,2025-07-29_14h42.07.153,EXNAT_4_TMS_Psychopy2024.2.5.psyexp,2024.2.5,2025-07-29 14h46.27.272763 +0200,
0,0,0,0,0,0,0,,,,,,,,,#F989A2,1123.1363639831543,None,space,None,None,314.0444755554199,text_03,130,12,Reading_Baseline_main_click,None,beschreibt,49,0,49,60,60,,,,,,,,,,22,03,yes,no,no,2025-07-29_14h42.07.153,EXNAT_4_TMS_Psychopy2024.2.5.psyexp,2024.2.5,2025-07-29 14h46.27.272763 +0200,
0,0,0,0,0,0,0,,,,,,,,,#88BA3F,1123.4894070625305,None,space,None,None,409.12675857543945,text_03,131,12,Reading_Baseline_main_click,None,sie,49,0,49,60,60,,,,,,,,,,22,03,yes,no,no,2025-07-29_14h42.07.153,EXNAT_4_TMS_Psychopy2024.2.5.psyexp,2024.2.5,2025-07-29 14h46.27.272763 +0200,
0,0,0,0,0,0,0,,,,,,,,,#2AB7EF,1123.9388403892517,None,space,None,None,439.7604465484619,text_03,132,12,Reading_Baseline_main_click,None,ihn,49,0,49,60,60,,,,,,,,,,22,03,yes,no,no,2025-07-29_14h42.07.153,EXNAT_4_TMS_Psychopy2024.2.5.psyexp,2024.2.5,2025-07-29 14h46.27.272763 +0200,
0,0,0,0,0,0,0,,,,,,,,,#F989A2,1124.4178402423859,None,space,None,None,312.5343322753906,text_03,133,12,Reading_Baseline_main_click,None,als,49,0,49,60,60,,,,,,,,,,22,03,yes,no,no,2025-07-29_14h42.07.153,EXNAT_4_TMS_Psychopy2024.2.5.psyexp,2024.2.5,2025-07-29 14h46.27.272763 +0200,
0,0,0,0,0,0,0,,,,,,,,,#D292F3,1124.7682535648346,None,space,None,None,314.18442726135254,text_03,134,12,Reading_Baseline_main_click,None,"zurückgezogen,",49,0,49,60,60,,,,,,,,,,22,03,yes,no,no,2025-07-29_14h42.07.153,EXNAT_4_TMS_Psychopy2024.2.5.psyexp,2024.2.5,2025-07-29 14h46.27.272763 +0200,
0,0,0,0,0,0,0,,,,,,,,,#D292F3,1125.1188962459564,None,space,None,None,315.57655334472656,text_03,135,12,Reading_Baseline_main_click,None,aber,49,0,49,60,60,,,,,,,,,,22,03,yes,no,no,2025-07-29_14h42.07.153,EXNAT_4_TMS_Psychopy2024.2.5.psyexp,2024.2.5,2025-07-29 14h46.27.272763 +0200,
0,0,0,0,0,0,0,,,,,,,,,#F989A2,1125.4738864898682,None,space,None,None,344.6211814880371,text_03,136,12,Reading_Baseline_main_click,None,herzlich.,50,0,50,60,60,1125.5283498764038,,,,,,,,,22,03,yes,no,no,2025-07-29_14h42.07.153,EXNAT_4_TMS_Psychopy2024.2.5.psyexp,2024.2.5,2025-07-29 14h46.27.272763 +0200,
0,0,0,0,0,0,0,,,,,,,,,#2AB7EF,1125.85640001297,None,space,None,None,394.05202865600586,text_03,137,12,Reading_Baseline_main_click,None,Besonders,50,0,50,60,60,,,,,,,,,,22,03,yes,no,no,2025-07-29_14h42.07.153,EXNAT_4_TMS_Psychopy2024.2.5.psyexp,2024.2.5,2025-07-29 14h46.27.272763 +0200,
0,0,0,0,0,0,0,,,,,,,,,#88BA3F,1126.2881746292114,None,space,None,None,298.3369827270508,text_03,138,12,Reading_Baseline_main_click,None,bewegend,50,0,50,60,60,,,,,,,,,,22,03,yes,no,no,2025-07-29_14h42.07.153,EXNAT_4_TMS_Psychopy2024.2.5.psyexp,2024.2.5,2025-07-29 14h46.27.272763 +0200,
0,0,0,0,0,0,0,,,,,,,,,#2AB7EF,1126.627200603485,None,space,None,None,295.1161861419678,text_03,139,12,Reading_Baseline_main_click,None,"war,",50,0,50,60,60,,,,,,,,,,22,03,yes,no,no,2025-07-29_14h42.07.153,EXNAT_4_TMS_Psychopy2024.2.5.psyexp,2024.2.5,2025-07-29 14h46.27.272763 +0200,
0,0,0,0,0,0,0,,,,,,,,,#D292F3,1126.962604045868,None,space,None,None,279.6933650970459,text_03,140,12,Reading_Baseline_main_click,None,wie,50,0,50,60,60,,,,,,,,,,22,03,yes,no,no,2025-07-29_14h42.07.153,EXNAT_4_TMS_Psychopy2024.2.5.psyexp,2024.2.5,2025-07-29 14h46.27.272763 +0200,
0,0,0,0,0,0,0,,,,,,,,,#88BA3F,1127.2822597026825,None,space,None,None,280.07030487060547,text_03,141,12,Reading_Baseline_main_click,None,Einstein,50,0,50,60,60,,,,,,,,,,22,03,yes,no,no,2025-07-29_14h42.07.153,EXNAT_4_TMS_Psychopy2024.2.5.psyexp,2024.2.5,2025-07-29 14h46.27.272763 +0200,
0,0,0,0,0,0,0,,,,,,,,,#88BA3F,1127.6029496192932,None,space,None,None,327.6562690734863,text_03,142,12,Reading_Baseline_main_click,None,"versuchte,",50,0,50,60,60,,,,,,,,,,22,03,yes,no,no,2025-07-29_14h42.07.153,EXNAT_4_TMS_Psychopy2024.2.5.psyexp,2024.2.5,2025-07-29 14h46.27.272763 +0200,
0,0,0,0,0,0,0,,,,,,,,,#F989A2,1127.9718668460846,None,space,None,None,342.58008003234863,text_03,143,12,Reading_Baseline_main_click,None,seinen,50,0,50,60,60,,,,,,,,,,22,03,yes,no,no,2025-07-29_14h42.07.153,EXNAT_4_TMS_Psychopy2024.2.5.psyexp,2024.2.5,2025-07-29 14h46.27.272763 +0200,
0,0,0,0,0,0,0,,,,,,,,,#2AB7EF,1128.354459285736,None,space,None,None,407.881498336792,text_03,144,12,Reading_Baseline_main_click,None,traurigen,50,0,50,60,60,,,,,,,,,,22,03,yes,no,no,2025-07-29_14h42.07.153,EXNAT_4_TMS_Psychopy2024.2.5.psyexp,2024.2.5,2025-07-29 14h46.27.272763 +0200,
0,0,0,0,0,0,0,,,,,,,,,#2AB7EF,1128.80162358284,None,space,None,None,296.8449592590332,text_03,145,12,Reading_Baseline_main_click,None,Papagei,50,0,50,60,60,,,,,,,,,,22,03,yes,no,no,2025-07-29_14h42.07.153,EXNAT_4_TMS_Psychopy2024.2.5.psyexp,2024.2.5,2025-07-29 14h46.27.272763 +0200,
0,0,0,0,0,0,0,,,,,,,,,#D292F3,1129.1386241912842,None,space,None,None,391.8266296386719,text_03,146,12,Reading_Baseline_main_click,None,Bibo,50,0,50,60,60,,,,,,,,,,22,03,yes,no,no,2025-07-29_14h42.07.153,EXNAT_4_TMS_Psychopy2024.2.5.psyexp,2024.2.5,2025-07-29 14h46.27.272763 +0200,
0,0,0,0,0,0,0,,,,,,,,,#F989A2,1129.5679106712341,None,space,None,None,442.61884689331055,text_03,147,12,Reading_Baseline_main_click,None,mit,50,0,50,60,60,,,,,,,,,,22,03,yes,no,no,2025-07-29_14h42.07.153,EXNAT_4_TMS_Psychopy2024.2.5.psyexp,2024.2.5,2025-07-29 14h46.27.272763 +0200,
0,0,0,0,0,0,0,,,,,,,,,#88BA3F,1130.051249742508,None,space,None,None,375.13136863708496,text_03,148,12,Reading_Baseline_main_click,None,Scherzen,50,0,50,60,60,,,,,,,,,,22,03,yes,no,no,2025-07-29_14h42.07.153,EXNAT_4_TMS_Psychopy2024.2.5.psyexp,2024.2.5,2025-07-29 14h46.27.272763 +0200,
0,0,0,0,0,0,0,,,,,,,,,#88BA3F,1130.4633429050446,None,space,None,None,282.94825553894043,text_03,149,12,Reading_Baseline_main_click,None,zu,51,0,51,60,60,1130.5284814834595,,,,,,,,,22,03,yes,no,no,2025-07-29_14h42.07.153,EXNAT_4_TMS_Psychopy2024.2.5.psyexp,2024.2.5,2025-07-29 14h46.27.272763 +0200,
0,0,0,0,0,0,0,,,,,,,,,#D292F3,1130.784989118576,None,space,None,None,361.4070415496826,text_03,150,12,Reading_Baseline_main_click,None,trösten.,51,0,51,60,60,,,,,,,,,,22,03,yes,no,no,2025-07-29_14h42.07.153,EXNAT_4_TMS_Psychopy2024.2.5.psyexp,2024.2.5,2025-07-29 14h46.27.272763 +0200,
0,0,0,0,0,0,0,,,,,,,,,,1131.1955251693726,,4,,,,text_03,,12,Reading_Baseline_main_click,,,,,,,,,Q1,d,True,,,,,,22,03,yes,no,no,2025-07-29_14h42.07.153,EXNAT_4_TMS_Psychopy2024.2.5.psyexp,2024.2.5,2025-07-29 14h46.27.272763 +0200,
0,0,0,0,0,0,0,,,,,,,,,,1136.346535205841,,1,,,,text_03,,12,Reading_Baseline_main_click,,,,,,,,,Q2,a,True,,,,,,22,03,yes,no,no,2025-07-29_14h42.07.153,EXNAT_4_TMS_Psychopy2024.2.5.psyexp,2024.2.5,2025-07-29 14h46.27.272763 +0200,
0,0,0,0,0,0,0,,,,,,,,,,1139.7205243110657,,1,,,,text_03,,12,Reading_Baseline_main_click,,,,,,,,,Q3,a,True,,,,,,22,03,yes,no,no,2025-07-29_14h42.07.153,EXNAT_4_TMS_Psychopy2024.2.5.psyexp,2024.2.5,2025-07-29 14h46.27.272763 +0200,
0,0,0,0,0,0,0,,,,,,,,,#F989A2,1144.9908802509308,None,space,None,None,555.567741394043,text_12,1,13,Reading_Baseline_main_click,None,Unfälle,51,0,51,60,60,,,,,,,,,,22,03,yes,no,no,2025-07-29_14h42.07.153,EXNAT_4_TMS_Psychopy2024.2.5.psyexp,2024.2.5,2025-07-29 14h46.27.272763 +0200,
0,0,0,0,0,0,0,,,,,,,,,#D292F3,1145.580628156662,None,space,None,None,445.79315185546875,text_12,2,13,Reading_Baseline_main_click,None,spielen,52,0,52,60,60,1145.6331355571747,,,,,,,,,22,03,yes,no,no,2025-07-29_14h42.07.153,EXNAT_4_TMS_Psychopy2024.2.5.psyexp,2024.2.5,2025-07-29 14h46.27.272763 +0200,
0,0,0,0,0,0,0,,,,,,,,,#88BA3F,1146.0568282604218,None,space,None,None,481.7233085632324,text_12,3,13,Reading_Baseline_main_click,None,in,52,0,52,60,60,,,,,,,,,,22,03,yes,no,no,2025-07-29_14h42.07.153,EXNAT_4_TMS_Psychopy2024.2.5.psyexp,2024.2.5,2025-07-29 14h46.27.272763 +0200,
0,0,0,0,0,0,0,,,,,,,,,#F989A2,1146.5699157714844,None,space,None,None,400.3911018371582,text_12,4,13,Reading_Baseline_main_click,None,den,52,0,52,60,60,,,,,,,,,,22,03,yes,no,no,2025-07-29_14h42.07.153,EXNAT_4_TMS_Psychopy2024.2.5.psyexp,2024.2.5,2025-07-29 14h46.27.272763 +0200,
0,0,0,0,0,0,0,,,,,,,,,#D292F3,1147.007556438446,None,space,None,None,394.94848251342773,text_12,5,13,Reading_Baseline_main_click,None,Filmen,52,0,52,60,60,,,,,,,,,,22,03,yes,no,no,2025-07-29_14h42.07.153,EXNAT_4_TMS_Psychopy2024.2.5.psyexp,2024.2.5,2025-07-29 14h46.27.272763 +0200,
0,0,0,0,0,0,0,,,,,,,,,#2AB7EF,1147.4420006275177,None,space,None,None,440.5503273010254,text_12,6,13,Reading_Baseline_main_click,None,von,52,0,52,60,60,,,,,,,,,,22,03,yes,no,no,2025-07-29_14h42.07.153,EXNAT_4_TMS_Psychopy2024.2.5.psyexp,2024.2.5,2025-07-29 14h46.27.272763 +0200,
0,0,0,0,0,0,0,,,,,,,,,#88BA3F,1147.9233193397522,None,space,None,None,471.2028503417969,text_12,7,13,Reading_Baseline_main_click,None,Alejandro,52,0,52,60,60,,,,,,,,,,22,03,yes,no,no,2025-07-29_14h42.07.153,EXNAT_4_TMS_Psychopy2024.2.5.psyexp,2024.2.5,2025-07-29 14h46.27.272763 +0200,
0,0,0,0,0,0,0,,,,,,,,,#2AB7EF,1148.437311887741,None,space,None,None,501.0194778442383,text_12,8,13,Reading_Baseline_main_click,None,Iñárritu,52,0,52,60,60,,,,,,,,,,22,03,yes,no,no,2025-07-29_14h42.07.153,EXNAT_4_TMS_Psychopy2024.2.5.psyexp,2024.2.5,2025-07-29 14h46.27.272763 +0200,
0,0,0,0,0,0,0,,,,,,,,,#D292F3,1148.9794478416443,None,space,None,None,503.01408767700195,text_12,9,13,Reading_Baseline_main_click,None,eine,52,0,52,60,60,,,,,,,,,,22,03,yes,no,no,2025-07-29_14h42.07.153,EXNAT_4_TMS_Psychopy2024.2.5.psyexp,2024.2.5,2025-07-29 14h46.27.272763 +0200,
0,0,0,0,0,0,0,,,,,,,,,#88BA3F,1149.5236649513245,None,space,None,None,326.8318176269531,text_12,10,13,Reading_Baseline_main_click,None,zentrale,52,0,52,60,60,,,,,,,,,,22,03,yes,no,no,2025-07-29_14h42.07.153,EXNAT_4_TMS_Psychopy2024.2.5.psyexp,2024.2.5,2025-07-29 14h46.27.272763 +0200,
0,0,0,0,0,0,0,,,,,,,,,#F989A2,1149.8908565044403,None,space,None,None,487.66446113586426,text_12,11,13,Reading_Baseline_main_click,None,Rolle,52,0,52,60,60,,,,,,,,,,22,03,yes,no,no,2025-07-29_14h42.07.153,EXNAT_4_TMS_Psychopy2024.2.5.psyexp,2024.2.5,2025-07-29 14h46.27.272763 +0200,
0,0,0,0,0,0,0,,,,,,,,,#2AB7EF,1150.4179430007935,None,space,None,None,456.5093517303467,text_12,12,13,Reading_Baseline_main_click,None,und,53,0,53,60,60,1150.6330561637878,,,,,,,,,22,03,yes,no,no,2025-07-29_14h42.07.153,EXNAT_4_TMS_Psychopy2024.2.5.psyexp,2024.2.5,2025-07-29 14h46.27.272763 +0200,
0,0,0,0,0,0,0,,,,,,,,,#F989A2,1150.9142365455627,None,space,None,None,360.3968620300293,text_12,13,13,Reading_Baseline_main_click,None,so,53,0,53,60,60,,,,,,,,,,22,03,yes,no,no,2025-07-29_14h42.07.153,EXNAT_4_TMS_Psychopy2024.2.5.psyexp,2024.2.5,2025-07-29 14h46.27.272763 +0200,
0,0,0,0,0,0,0,,,,,,,,,#F989A2,1151.3151981830597,None,space,None,None,375.26726722717285,text_12,14,13,Reading_Baseline_main_click,None,auch,53,0,53,60,60,,,,,,,,,,22,03,yes,no,no,2025-07-29_14h42.07.153,EXNAT_4_TMS_Psychopy2024.2.5.psyexp,2024.2.5,2025-07-29 14h46.27.272763 +0200,
0,0,0,0,0,0,0,,,,,,,,,#F989A2,1151.729121685028,None,space,None,None,313.30299377441406,text_12,15,13,Reading_Baseline_main_click,None,in,53,0,53,60,60,,,,,,,,,,22,03,yes,no,no,2025-07-29_14h42.07.153,EXNAT_4_TMS_Psychopy2024.2.5.psyexp,2024.2.5,2025-07-29 14h46.27.272763 +0200,
0,0,0,0,0,0,0,,,,,,,,,#88BA3F,1152.0832426548004,None,space,None,None,695.2338218688965,text_12,16,13,Reading_Baseline_main_click,None,""Babel"".,53,0,53,60,60,,,,,,,,,,22,03,yes,no,no,2025-07-29_14h42.07.153,EXNAT_4_TMS_Psychopy2024.2.5.psyexp,2024.2.5,2025-07-29 14h46.27.272763 +0200,
0,0,0,0,0,0,0,,,,,,,,,#88BA3F,1152.8171005249023,None,space,None,None,409.44385528564453,text_12,17,13,Reading_Baseline_main_click,None,In,53,0,53,60,60,,,,,,,,,,22,03,yes,no,no,2025-07-29_14h42.07.153,EXNAT_4_TMS_Psychopy2024.2.5.psyexp,2024.2.5,2025-07-29 14h46.27.272763 +0200,
0,0,0,0,0,0,0,,,,,,,,,#2AB7EF,1153.2671573162079,None,space,None,None,471.3551998138428,text_12,18,13,Reading_Baseline_main_click,None,Marokko,53,0,53,60,60,,,,,,,,,,22,03,yes,no,no,2025-07-29_14h42.07.153,EXNAT_4_TMS_Psychopy2024.2.5.psyexp,2024.2.5,2025-07-29 14h46.27.272763 +0200,
0,0,0,0,0,0,0,,,,,,,,,#88BA3F,1153.7784404754639,None,space,None,None,327.9833793640137,text_12,19,13,Reading_Baseline_main_click,None,testen,53,0,53,60,60,,,,,,,,,,22,03,yes,no,no,2025-07-29_14h42.07.153,EXNAT_4_TMS_Psychopy2024.2.5.psyexp,2024.2.5,2025-07-29 14h46.27.272763 +0200,
0,0,0,0,0,0,0,,,,,,,,,#D292F3,1154.146089553833,None,space,None,None,344.4030284881592,text_12,20,13,Reading_Baseline_main_click,None,zwei,53,0,53,60,60,,,,,,,,,,22,03,yes,no,no,2025-07-29_14h42.07.153,EXNAT_4_TMS_Psychopy2024.2.5.psyexp,2024.2.5,2025-07-29 14h46.27.272763 +0200,
0,0,0,0,0,0,0,,,,,,,,,#2AB7EF,1154.5315499305725,None,space,None,None,343.0521488189697,text_12,21,13,Reading_Baseline_main_click,None,Jungen,53,0,53,60,60,,,,,,,,,,22,03,yes,no,no,2025-07-29_14h42.07.153,EXNAT_4_TMS_Psychopy2024.2.5.psyexp,2024.2.5,2025-07-29 14h46.27.272763 +0200,
0,0,0,0,0,0,0,,,,,,,,,#F989A2,1154.9122745990753,None,space,None,None,346.32015228271484,text_12,22,13,Reading_Baseline_main_click,None,ein,53,0,53,60,60,,,,,,,,,,22,03,yes,no,no,2025-07-29_14h42.07.153,EXNAT_4_TMS_Psychopy2024.2.5.psyexp,2024.2.5,2025-07-29 14h46.27.272763 +0200,
0,0,0,0,0,0,0,,,,,,,,,#D292F3,1155.2962114810944,None,space,None,None,282.1309566497803,text_12,23,13,Reading_Baseline_main_click,None,Gewehr,53,0,53,60,60,,,,,,,,,,22,03,yes,no,no,2025-07-29_14h42.07.153,EXNAT_4_TMS_Psychopy2024.2.5.psyexp,2024.2.5,2025-07-29 14h46.27.272763 +0200,
0,0,0,0,0,0,0,,,,,,,,,#2AB7EF,1155.6176249980927,None,space,None,None,376.8622875213623,text_12,24,13,Reading_Baseline_main_click,None,und,54,0,54,60,60,1155.6703538894653,,,,,,,,,22,03,yes,no,no,2025-07-29_14h42.07.153,EXNAT_4_TMS_Psychopy2024.2.5.psyexp,2024.2.5,2025-07-29 14h46.27.272763 +0200,
0,0,0,0,0,0,0,,,,,,,,,#F989A2,1156.0344738960266,None,space,None,None,344.0122604370117,text_12,25,13,Reading_Baseline_main_click,None,treffen,54,0,54,60,60,,,,,,,,,,22,03,yes,no,no,2025-07-29_14h42.07.153,EXNAT_4_TMS_Psychopy2024.2.5.psyexp,2024.2.5,2025-07-29 14h46.27.272763 +0200,
0,0,0,0,0,0,0,,,,,,,,,#F989A2,1156.4184265136719,None,space,None,None,296.21028900146484,text_12,26,13,Reading_Baseline_main_click,None,damit,54,0,54,60,60,,,,,,,,,,22,03,yes,no,no,2025-07-29_14h42.07.153,EXNAT_4_TMS_Psychopy2024.2.5.psyexp,2024.2.5,2025-07-29 14h46.27.272763 +0200,
0,0,0,0,0,0,0,,,,,,,,,#88BA3F,1156.7540509700775,None,space,None,None,312.5183582305908,text_12,27,13,Reading_Baseline_main_click,None,eine,54,0,54,60,60,,,,,,,,,,22,03,yes,no,no,2025-07-29_14h42.07.153,EXNAT_4_TMS_Psychopy2024.2.5.psyexp,2024.2.5,2025-07-29 14h46.27.272763 +0200,
0,0,0,0,0,0,0,,,,,,,,,#D292F3,1157.1071906089783,None,space,None,None,455.40404319763184,text_12,28,13,Reading_Baseline_main_click,None,Touristin,54,0,54,60,60,,,,,,,,,,22,03,yes,no,no,2025-07-29_14h42.07.153,EXNAT_4_TMS_Psychopy2024.2.5.psyexp,2024.2.5,2025-07-29 14h46.27.272763 +0200,
0,0,0,0,0,0,0,,,,,,,,,#D292F3,1157.5993146896362,None,space,None,None,315.216064453125,text_12,29,13,Reading_Baseline_main_click,None,im,54,0,54,60,60,,,,,,,,,,22,03,yes,no,no,2025-07-29_14h42.07.153,EXNAT_4_TMS_Psychopy2024.2.5.psyexp,2024.2.5,2025-07-29 14h46.27.272763 +0200,
0,0,0,0,0,0,0,,,,,,,,,#88BA3F,1157.9558873176575,None,space,None,None,326.6162872314453,text_12,30,13,Reading_Baseline_main_click,None,Bus.,54,0,54,60,60,,,,,,,,,,22,03,yes,no,no,2025-07-29_14h42.07.153,EXNAT_4_TMS_Psychopy2024.2.5.psyexp,2024.2.5,2025-07-29 14h46.27.272763 +0200,
0,0,0,0,0,0,0,,,,,,,,,#2AB7EF,1158.322787284851,None,space,None,None,327.8355598449707,text_12,31,13,Reading_Baseline_main_click,None,Diese,54,0,54,60,60,,,,,,,,,,22,03,yes,no,no,2025-07-29_14h42.07.153,EXNAT_4_TMS_Psychopy2024.2.5.psyexp,2024.2.5,2025-07-29 14h46.27.272763 +0200,
0,0,0,0,0,0,0,,,,,,,,,#F989A2,1158.6895911693573,None,space,None,None,264.77980613708496,text_12,32,13,Reading_Baseline_main_click,None,heißt,54,0,54,60,60,,,,,,,,,,22,03,yes,no,no,2025-07-29_14h42.07.153,EXNAT_4_TMS_Psychopy2024.2.5.psyexp,2024.2.5,2025-07-29 14h46.27.272763 +0200,
0,0,0,0,0,0,0,,,,,,,,,#88BA3F,1158.994786977768,None,space,None,None,295.66335678100586,text_12,33,13,Reading_Baseline_main_click,None,Susan,54,0,54,60,60,,,,,,,,,,22,03,yes,no,no,2025-07-29_14h42.07.153,EXNAT_4_TMS_Psychopy2024.2.5.psyexp,2024.2.5,2025-07-29 14h46.27.272763 +0200,
0,0,0,0,0,0,0,,,,,,,,,#2AB7EF,1159.3307995796204,None,space,None,None,391.77751541137695,text_12,34,13,Reading_Baseline_main_click,None,und,54,0,54,60,60,,,,,,,,,,22,03,yes,no,no,2025-07-29_14h42.07.153,EXNAT_4_TMS_Psychopy2024.2.5.psyexp,2024.2.5,2025-07-29 14h46.27.272763 +0200,
0,0,0,0,0,0,0,,,,,,,,,#2AB7EF,1159.7626280784607,None,space,None,None,311.70010566711426,text_12,35,13,Reading_Baseline_main_click,None,wird,54,0,54,60,60,,,,,,,,,,22,03,yes,no,no,2025-07-29_14h42.07.153,EXNAT_4_TMS_Psychopy2024.2.5.psyexp,2024.2.5,2025-07-29 14h46.27.272763 +0200,
0,0,0,0,0,0,0,,,,,,,,,#2AB7EF,1160.1134774684906,None,space,None,None,280.8270454406738,text_12,36,13,Reading_Baseline_main_click,None,von,54,0,54,60,60,,,,,,,,,,22,03,yes,no,no,2025-07-29_14h42.07.153,EXNAT_4_TMS_Psychopy2024.2.5.psyexp,2024.2.5,2025-07-29 14h46.27.272763 +0200,
0,0,0,0,0,0,0,,,,,,,,,#F989A2,1160.431277513504,None,space,None,None,315.0749206542969,text_12,37,13,Reading_Baseline_main_click,None,Cate,55,0,55,60,60,1160.6703069210052,,,,,,,,,22,03,yes,no,no,2025-07-29_14h42.07.153,EXNAT_4_TMS_Psychopy2024.2.5.psyexp,2024.2.5,2025-07-29 14h46.27.272763 +0200,
0,0,0,0,0,0,0,,,,,,,,,#88BA3F,1160.785881280899,None,space,None,None,392.69065856933594,text_12,38,13,Reading_Baseline_main_click,None,Blanchett,55,0,55,60,60,,,,,,,,,,22,03,yes,no,no,2025-07-29_14h42.07.153,EXNAT_4_TMS_Psychopy2024.2.5.psyexp,2024.2.5,2025-07-29 14h46.27.272763 +0200,
0,0,0,0,0,0,0,,,,,,,,,#2AB7EF,1161.216141462326,None,space,None,None,346.3733196258545,text_12,39,13,Reading_Baseline_main_click,None,gespielt.,55,0,55,60,60,,,,,,,,,,22,03,yes,no,no,2025-07-29_14h42.07.153,EXNAT_4_TMS_Psychopy2024.2.5.psyexp,2024.2.5,2025-07-29 14h46.27.272763 +0200,
0,0,0,0,0,0,0,,,,,,,,,#2AB7EF,1161.6013040542603,None,space,None,None,377.21896171569824,text_12,40,13,Reading_Baseline_main_click,None,Ihr,55,0,55,60,60,,,,,,,,,,22,03,yes,no,no,2025-07-29_14h42.07.153,EXNAT_4_TMS_Psychopy2024.2.5.psyexp,2024.2.5,2025-07-29 14h46.27.272763 +0200,
0,0,0,0,0,0,0,,,,,,,,,#F989A2,1162.0175349712372,None,space,None,None,329.1049003601074,text_12,41,13,Reading_Baseline_main_click,None,Mann,55,0,55,60,60,,,,,,,,,,22,03,yes,no,no,2025-07-29_14h42.07.153,EXNAT_4_TMS_Psychopy2024.2.5.psyexp,2024.2.5,2025-07-29 14h46.27.272763 +0200,
0,0,0,0,0,0,0,,,,,,,,,#2AB7EF,1162.388182401657,None,space,None,None,342.3621654510498,text_12,42,13,Reading_Baseline_main_click,None,"Richard,",55,0,55,60,60,,,,,,,,,,22,03,yes,no,no,2025-07-29_14h42.07.153,EXNAT_4_TMS_Psychopy2024.2.5.psyexp,2024.2.5,2025-07-29 14h46.27.272763 +0200,
0,0,0,0,0,0,0,,,,,,,,,#88BA3F,1162.7723681926727,None,space,None,None,246.15836143493652,text_12,43,13,Reading_Baseline_main_click,None,gespielt,55,0,55,60,60,,,,,,,,,,22,03,yes,no,no,2025-07-29_14h42.07.153,EXNAT_4_TMS_Psychopy2024.2.5.psyexp,2024.2.5,2025-07-29 14h46.27.272763 +0200,
0,0,0,0,0,0,0,,,,,,,,,#D292F3,1163.05837059021,None,space,None,None,296.1275577545166,text_12,44,13,Reading_Baseline_main_click,None,von,55,0,55,60,60,,,,,,,,,,22,03,yes,no,no,2025-07-29_14h42.07.153,EXNAT_4_TMS_Psychopy2024.2.5.psyexp,2024.2.5,2025-07-29 14h46.27.272763 +0200,
0,0,0,0,0,0,0,,,,,,,,,#D292F3,1163.3940787315369,None,space,None,None,264.33324813842773,text_12,45,13,Reading_Baseline_main_click,None,Brad,55,0,55,60,60,,,,,,,,,,22,03,yes,no,no,2025-07-29_14h42.07.153,EXNAT_4_TMS_Psychopy2024.2.5.psyexp,2024.2.5,2025-07-29 14h46.27.272763 +0200,
0,0,0,0,0,0,0,,,,,,,,,#F989A2,1163.6992626190186,None,space,None,None,327.2433280944824,text_12,46,13,Reading_Baseline_main_click,None,"Pitt,",55,0,55,60,60,,,,,,,,,,22,03,yes,no,no,2025-07-29_14h42.07.153,EXNAT_4_TMS_Psychopy2024.2.5.psyexp,2024.2.5,2025-07-29 14h46.27.272763 +0200,
0,0,0,0,0,0,0,,,,,,,,,#D292F3,1164.0669844150543,None,space,None,None,295.58730125427246,text_12,47,13,Reading_Baseline_main_click,None,"versucht,",55,0,55,60,60,,,,,,,,,,22,03,yes,no,no,2025-07-29_14h42.07.153,EXNAT_4_TMS_Psychopy2024.2.5.psyexp,2024.2.5,2025-07-29 14h46.27.272763 +0200,
0,0,0,0,0,0,0,,,,,,,,,#88BA3F,1164.4039702415466,None,space,None,None,294.391393661499,text_12,48,13,Reading_Baseline_main_click,None,Hilfe,55,0,55,60,60,,,,,,,,,,22,03,yes,no,no,2025-07-29_14h42.07.153,EXNAT_4_TMS_Psychopy2024.2.5.psyexp,2024.2.5,2025-07-29 14h46.27.272763 +0200,
0,0,0,0,0,0,0,,,,,,,,,#F989A2,1164.7344660758972,None,space,None,None,331.89988136291504,text_12,49,13,Reading_Baseline_main_click,None,zu,55,0,55,60,60,,,,,,,,,,22,03,yes,no,no,2025-07-29_14h42.07.153,EXNAT_4_TMS_Psychopy2024.2.5.psyexp,2024.2.5,2025-07-29 14h46.27.272763 +0200,
0,0,0,0,0,0,0,,,,,,,,,#D292F3,1165.106553554535,None,space,None,None,247.8339672088623,text_12,50,13,Reading_Baseline_main_click,None,holen.,55,0,55,60,60,,,,,,,,,,22,03,yes,no,no,2025-07-29_14h42.07.153,EXNAT_4_TMS_Psychopy2024.2.5.psyexp,2024.2.5,2025-07-29 14h46.27.272763 +0200,
0,0,0,0,0,0,0,,,,,,,,,#88BA3F,1165.3941423892975,None,space,None,None,328.2184600830078,text_12,51,13,Reading_Baseline_main_click,None,Gleichzeitig,56,0,56,60,60,1165.670358657837,,,,,,,,,22,03,yes,no,no,2025-07-29_14h42.07.153,EXNAT_4_TMS_Psychopy2024.2.5.psyexp,2024.2.5,2025-07-29 14h46.27.272763 +0200,
0,0,0,0,0,0,0,,,,,,,,,#88BA3F,1165.7615900039673,None,space,None,None,344.99359130859375,text_12,52,13,Reading_Baseline_main_click,None,verändert,56,0,56,60,60,,,,,,,,,,22,03,yes,no,no,2025-07-29_14h42.07.153,EXNAT_4_TMS_Psychopy2024.2.5.psyexp,2024.2.5,2025-07-29 14h46.27.272763 +0200,
0,0,0,0,0,0,0,,,,,,,,,#F989A2,1166.1431832313538,None,space,None,None,251.27625465393066,text_12,53,13,Reading_Baseline_main_click,None,der,56,0,56,60,60,,,,,,,,,,22,03,yes,no,no,2025-07-29_14h42.07.153,EXNAT_4_TMS_Psychopy2024.2.5.psyexp,2024.2.5,2025-07-29 14h46.27.272763 +0200,
0,0,0,0,0,0,0,,,,,,,,,#2AB7EF,1166.4324412345886,None,space,None,None,362.015962600708,text_12,54,13,Reading_Baseline_main_click,None,Unfall,56,0,56,60,60,,,,,,,,,,22,03,yes,no,no,2025-07-29_14h42.07.153,EXNAT_4_TMS_Psychopy2024.2.5.psyexp,2024.2.5,2025-07-29 14h46.27.272763 +0200,
0,0,0,0,0,0,0,,,,,,,,,#D292F3,1166.8351016044617,None,space,None,None,375.49448013305664,text_12,55,13,Reading_Baseline_main_click,None,auch,56,0,56,60,60,,,,,,,,,,22,03,yes,no,no,2025-07-29_14h42.07.153,EXNAT_4_TMS_Psychopy2024.2.5.psyexp,2024.2.5,2025-07-29 14h46.27.272763 +0200,
0,0,0,0,0,0,0,,,,,,,,,#88BA3F,1167.248972415924,None,space,None,None,265.4237747192383,text_12,56,13,Reading_Baseline_main_click,None,das,56,0,56,60,60,,,,,,,,,,22,03,yes,no,no,2025-07-29_14h42.07.153,EXNAT_4_TMS_Psychopy2024.2.5.psyexp,2024.2.5,2025-07-29 14h46.27.272763 +0200,
0,0,0,0,0,0,0,,,,,,,,,#2AB7EF,1167.5557098388672,None,space,None,None,518.7735557556152,text_12,57,13,Reading_Baseline_main_click,None,Leben,56,0,56,60,60,,,,,,,,,,22,03,yes,no,no,2025-07-29_14h42.07.153,EXNAT_4_TMS_Psychopy2024.2.5.psyexp,2024.2.5,2025-07-29 14h46.27.272763 +0200,
0,0,0,0,0,0,0,,,,,,,,,#D292F3,1168.1133983135223,None,space,None,None,361.10544204711914,text_12,58,13,Reading_Baseline_main_click,None,ihrer,56,0,56,60,60,,,,,,,,,,22,03,yes,no,no,2025-07-29_14h42.07.153,EXNAT_4_TMS_Psychopy2024.2.5.psyexp,2024.2.5,2025-07-29 14h46.27.272763 +0200,
0,0,0,0,0,0,0,,,,,,,,,#F989A2,1168.5141081809998,None,space,None,None,456.2687873840332,text_12,59,13,Reading_Baseline_main_click,None,Kinderfrau,56,0,56,60,60,,,,,,,,,,22,03,yes,no,no,2025-07-29_14h42.07.153,EXNAT_4_TMS_Psychopy2024.2.5.psyexp,2024.2.5,2025-07-29 14h46.27.272763 +0200,
0,0,0,0,0,0,0,,,,,,,,,#2AB7EF,1169.0105922222137,None,space,None,None,328.0067443847656,text_12,60,13,Reading_Baseline_main_click,None,in,56,0,56,60,60,,,,,,,,,,22,03,yes,no,no,2025-07-29_14h42.07.153,EXNAT_4_TMS_Psychopy2024.2.5.psyexp,2024.2.5,2025-07-29 14h46.27.272763 +0200,
0,0,0,0,0,0,0,,,,,,,,,#D292F3,1169.379362821579,None,space,None,None,471.1885452270508,text_12,61,13,Reading_Baseline_main_click,None,"Amerika,",56,0,56,60,60,,,,,,,,,,22,03,yes,no,no,2025-07-29_14h42.07.153,EXNAT_4_TMS_Psychopy2024.2.5.psyexp,2024.2.5,2025-07-29 14h46.27.272763 +0200,
0,0,0,0,0,0,0,,,,,,,,,#2AB7EF,1169.8892369270325,None,space,None,None,505.3255558013916,text_12,62,13,Reading_Baseline_main_click,None,die,56,0,56,60,60,,,,,,,,,,22,03,yes,no,no,2025-07-29_14h42.07.153,EXNAT_4_TMS_Psychopy2024.2.5.psyexp,2024.2.5,2025-07-29 14h46.27.272763 +0200,
0,0,0,0,0,0,0,,,,,,,,,#F989A2,1170.432335615158,None,space,None,None,282.1075916290283,text_12,63,13,Reading_Baseline_main_click,None,spontan,57,0,57,60,60,1170.6703698635101,,,,,,,,,22,03,yes,no,no,2025-07-29_14h42.07.153,EXNAT_4_TMS_Psychopy2024.2.5.psyexp,2024.2.5,2025-07-29 14h46.27.272763 +0200,
0,0,0,0,0,0,0,,,,,,,,,#88BA3F,1170.7532887458801,None,space,None,None,393.04327964782715,text_12,64,13,Reading_Baseline_main_click,None,zur,57,0,57,60,60,,,,,,,,,,22,03,yes,no,no,2025-07-29_14h42.07.153,EXNAT_4_TMS_Psychopy2024.2.5.psyexp,2024.2.5,2025-07-29 14h46.27.272763 +0200,
0,0,0,0,0,0,0,,,,,,,,,#88BA3F,1171.1841866970062,None,space,None,None,314.4717216491699,text_12,65,13,Reading_Baseline_main_click,None,Hochzeit,57,0,57,60,60,,,,,,,,,,22,03,yes,no,no,2025-07-29_14h42.07.153,EXNAT_4_TMS_Psychopy2024.2.5.psyexp,2024.2.5,2025-07-29 14h46.27.272763 +0200,
0,0,0,0,0,0,0,,,,,,,,,#2AB7EF,1171.536192893982,None,space,None,None,298.39086532592773,text_12,66,13,Reading_Baseline_main_click,None,ihres,57,0,57,60,60,,,,,,,,,,22,03,yes,no,no,2025-07-29_14h42.07.153,EXNAT_4_TMS_Psychopy2024.2.5.psyexp,2024.2.5,2025-07-29 14h46.27.272763 +0200,
0,0,0,0,0,0,0,,,,,,,,,#2AB7EF,1171.8738296031952,None,space,None,None,392.8055763244629,text_12,67,13,Reading_Baseline_main_click,None,Sohnes,57,0,57,60,60,,,,,,,,,,22,03,yes,no,no,2025-07-29_14h42.07.153,EXNAT_4_TMS_Psychopy2024.2.5.psyexp,2024.2.5,2025-07-29 14h46.27.272763 +0200,
0,0,0,0,0,0,0,,,,,,,,,#88BA3F,1172.3073465824127,None,space,None,None,359.2066764831543,text_12,68,13,Reading_Baseline_main_click,None,nach,57,0,57,60,60,,,,,,,,,,22,03,yes,no,no,2025-07-29_14h42.07.153,EXNAT_4_TMS_Psychopy2024.2.5.psyexp,2024.2.5,2025-07-29 14h46.27.272763 +0200,
0,0,0,0,0,0,0,,,,,,,,,#D292F3,1172.7071075439453,None,space,None,None,343.43647956848145,text_12,69,13,Reading_Baseline_main_click,None,Mexiko,57,0,57,60,60,,,,,,,,,,22,03,yes,no,no,2025-07-29_14h42.07.153,EXNAT_4_TMS_Psychopy2024.2.5.psyexp,2024.2.5,2025-07-29 14h46.27.272763 +0200,
0,0,0,0,0,0,0,,,,,,,,,#F989A2,1173.0912470817566,None,space,None,None,391.2670612335205,text_12,70,13,Reading_Baseline_main_click,None,"fährt,",57,0,57,60,60,,,,,,,,,,22,03,yes,no,no,2025-07-29_14h42.07.153,EXNAT_4_TMS_Psychopy2024.2.5.psyexp,2024.2.5,2025-07-29 14h46.27.272763 +0200,
0,0,0,0,0,0,0,,,,,,,,,#F989A2,1173.522937297821,None,space,None,None,567.4576759338379,text_12,71,13,Reading_Baseline_main_click,None,und,57,0,57,60,60,,,,,,,,,,22,03,yes,no,no,2025-07-29_14h42.07.153,EXNAT_4_TMS_Psychopy2024.2.5.psyexp,2024.2.5,2025-07-29 14h46.27.272763 +0200,
0,0,0,0,0,0,0,,,,,,,,,#D292F3,1174.129433631897,None,space,None,None,361.09137535095215,text_12,72,13,Reading_Baseline_main_click,None,zwar,57,0,57,60,60,,,,,,,,,,22,03,yes,no,no,2025-07-29_14h42.07.153,EXNAT_4_TMS_Psychopy2024.2.5.psyexp,2024.2.5,2025-07-29 14h46.27.272763 +0200,
0,0,0,0,0,0,0,,,,,,,,,#F989A2,1174.5310170650482,None,space,None,None,343.5535430908203,text_12,73,13,Reading_Baseline_main_click,None,mit,57,0,57,60,60,,,,,,,,,,22,03,yes,no,no,2025-07-29_14h42.07.153,EXNAT_4_TMS_Psychopy2024.2.5.psyexp,2024.2.5,2025-07-29 14h46.27.272763 +0200,
0,0,0,0,0,0,0,,,,,,,,,#88BA3F,1174.9139502048492,None,space,None,None,296.4346408843994,text_12,74,13,Reading_Baseline_main_click,None,den,57,0,57,60,60,,,,,,,,,,22,03,yes,no,no,2025-07-29_14h42.07.153,EXNAT_4_TMS_Psychopy2024.2.5.psyexp,2024.2.5,2025-07-29 14h46.27.272763 +0200,
0,0,0,0,0,0,0,,,,,,,,,#88BA3F,1175.2487087249756,None,space,None,None,393.8591480255127,text_12,75,13,Reading_Baseline_main_click,None,Kindern.,57,0,57,60,60,,,,,,,,,,22,03,yes,no,no,2025-07-29_14h42.07.153,EXNAT_4_TMS_Psychopy2024.2.5.psyexp,2024.2.5,2025-07-29 14h46.27.272763 +0200,
0,0,0,0,0,0,0,,,,,,,,,#D292F3,1175.6807553768158,None,space,None,None,409.9900722503662,text_12,76,13,Reading_Baseline_main_click,None,Auf,58,0,58,60,60,1175.7342853546143,,,,,,,,,22,03,yes,no,no,2025-07-29_14h42.07.153,EXNAT_4_TMS_Psychopy2024.2.5.psyexp,2024.2.5,2025-07-29 14h46.27.272763 +0200,
0,0,0,0,0,0,0,,,,,,,,,#2AB7EF,1176.12957239151,None,space,None,None,360.98527908325195,text_12,77,13,Reading_Baseline_main_click,None,der,58,0,58,60,60,,,,,,,,,,22,03,yes,no,no,2025-07-29_14h42.07.153,EXNAT_4_TMS_Psychopy2024.2.5.psyexp,2024.2.5,2025-07-29 14h46.27.272763 +0200,
0,0,0,0,0,0,0,,,,,,,,,#D292F3,1176.5307047367096,None,space,None,None,279.7677516937256,text_12,78,13,Reading_Baseline_main_click,None,Rückreise,58,0,58,60,60,,,,,,,,,,22,03,yes,no,no,2025-07-29_14h42.07.153,EXNAT_4_TMS_Psychopy2024.2.5.psyexp,2024.2.5,2025-07-29 14h46.27.272763 +0200,
0,0,0,0,0,0,0,,,,,,,,,#2AB7EF,1176.852724313736,None,space,None,None,325.8545398712158,text_12,79,13,Reading_Baseline_main_click,None,kommt,58,0,58,60,60,,,,,,,,,,22,03,yes,no,no,2025-07-29_14h42.07.153,EXNAT_4_TMS_Psychopy2024.2.5.psyexp,2024.2.5,2025-07-29 14h46.27.272763 +0200,
0,0,0,0,0,0,0,,,,,,,,,#2AB7EF,1177.2166764736176,None,space,None,None,362.0343208312988,text_12,80,13,Reading_Baseline_main_click,None,es,58,0,58,60,60,,,,,,,,,,22,03,yes,no,no,2025-07-29_14h42.07.153,EXNAT_4_TMS_Psychopy2024.2.5.psyexp,2024.2.5,2025-07-29 14h46.27.272763 +0200,
0,0,0,0,0,0,0,,,,,,,,,#D292F3,1177.6153728961945,None,space,None,None,363.07549476623535,text_12,81,13,Reading_Baseline_main_click,None,an,58,0,58,60,60,,,,,,,,,,22,03,yes,no,no,2025-07-29_14h42.07.153,EXNAT_4_TMS_Psychopy2024.2.5.psyexp,2024.2.5,2025-07-29 14h46.27.272763 +0200,
0,0,0,0,0,0,0,,,,,,,,,#F989A2,1178.017418384552,None,space,None,None,313.0645751953125,text_12,82,13,Reading_Baseline_main_click,None,der,58,0,58,60,60,,,,,,,,,,22,03,yes,no,no,2025-07-29_14h42.07.153,EXNAT_4_TMS_Psychopy2024.2.5.psyexp,2024.2.5,2025-07-29 14h46.27.272763 +0200,
0,0,0,0,0,0,0,,,,,,,,,#F989A2,1178.36820602417,None,space,None,None,362.2622489929199,text_12,83,13,Reading_Baseline_main_click,None,Grenze,58,0,58,60,60,,,,,,,,,,22,03,yes,no,no,2025-07-29_14h42.07.153,EXNAT_4_TMS_Psychopy2024.2.5.psyexp,2024.2.5,2025-07-29 14h46.27.272763 +0200,
0,0,0,0,0,0,0,,,,,,,,,#88BA3F,1178.7666697502136,None,space,None,None,251.80411338806152,text_12,84,13,Reading_Baseline_main_click,None,zu,58,0,58,60,60,,,,,,,,,,22,03,yes,no,no,2025-07-29_14h42.07.153,EXNAT_4_TMS_Psychopy2024.2.5.psyexp,2024.2.5,2025-07-29 14h46.27.272763 +0200,
0,0,0,0,0,0,0,,,,,,,,,#2AB7EF,1179.0581171512604,None,space,None,None,392.34447479248047,text_12,85,13,Reading_Baseline_main_click,None,Problemen.,58,0,58,60,60,,,,,,,,,,22,03,yes,no,no,2025-07-29_14h42.07.153,EXNAT_4_TMS_Psychopy2024.2.5.psyexp,2024.2.5,2025-07-29 14h46.27.272763 +0200,
0,0,0,0,0,0,0,,,,,,,,,#F989A2,1179.4911544322968,None,space,None,None,423.43831062316895,text_12,86,13,Reading_Baseline_main_click,None,Währenddessen,58,0,58,60,60,,,,,,,,,,22,03,yes,no,no,2025-07-29_14h42.07.153,EXNAT_4_TMS_Psychopy2024.2.5.psyexp,2024.2.5,2025-07-29 14h46.27.272763 +0200,
0,0,0,0,0,0,0,,,,,,,,,#D292F3,1179.9548037052155,None,space,None,None,391.7419910430908,text_12,87,13,Reading_Baseline_main_click,None,verläuft,58,0,58,60,60,,,,,,,,,,22,03,yes,no,no,2025-07-29_14h42.07.153,EXNAT_4_TMS_Psychopy2024.2.5.psyexp,2024.2.5,2025-07-29 14h46.27.272763 +0200,
0,0,0,0,0,0,0,,,,,,,,,#88BA3F,1180.3857417106628,None,space,None,None,328.7484645843506,text_12,88,13,Reading_Baseline_main_click,None,in,58,0,58,60,60,,,,,,,,,,22,03,yes,no,no,2025-07-29_14h42.07.153,EXNAT_4_TMS_Psychopy2024.2.5.psyexp,2024.2.5,2025-07-29 14h46.27.272763 +0200,
0,0,0,0,0,0,0,,,,,,,,,#D292F3,1180.7516174316406,None,space,None,None,490.8609390258789,text_12,89,13,Reading_Baseline_main_click,None,Marokko,59,0,59,60,60,1180.8077347278595,,,,,,,,,22,03,yes,no,no,2025-07-29_14h42.07.153,EXNAT_4_TMS_Psychopy2024.2.5.psyexp,2024.2.5,2025-07-29 14h46.27.272763 +0200,
0,0,0,0,0,0,0,,,,,,,,,#D292F3,1181.282672405243,None,space,None,None,311.7992877960205,text_12,90,13,Reading_Baseline_main_click,None,die,59,0,59,60,60,,,,,,,,,,22,03,yes,no,no,2025-07-29_14h42.07.153,EXNAT_4_TMS_Psychopy2024.2.5.psyexp,2024.2.5,2025-07-29 14h46.27.272763 +0200,
0,0,0,0,0,0,0,,,,,,,,,#F989A2,1181.634036064148,None,space,None,None,280.29918670654297,text_12,91,13,Reading_Baseline_main_click,None,Rettung,59,0,59,60,60,,,,,,,,,,22,03,yes,no,no,2025-07-29_14h42.07.153,EXNAT_4_TMS_Psychopy2024.2.5.psyexp,2024.2.5,2025-07-29 14h46.27.272763 +0200,
0,0,0,0,0,0,0,,,,,,,,,#2AB7EF,1181.9528696537018,None,space,None,None,265.4738426208496,text_12,92,13,Reading_Baseline_main_click,None,der,59,0,59,60,60,,,,,,,,,,22,03,yes,no,no,2025-07-29_14h42.07.153,EXNAT_4_TMS_Psychopy2024.2.5.psyexp,2024.2.5,2025-07-29 14h46.27.272763 +0200,
0,0,0,0,0,0,0,,,,,,,,,#88BA3F,1182.257518529892,None,space,None,None,312.9880428314209,text_12,93,13,Reading_Baseline_main_click,None,verletzten,59,0,59,60,60,,,,,,,,,,22,03,yes,no,no,2025-07-29_14h42.07.153,EXNAT_4_TMS_Psychopy2024.2.5.psyexp,2024.2.5,2025-07-29 14h46.27.272763 +0200,
0,0,0,0,0,0,0,,,,,,,,,#88BA3F,1182.6114928722382,None,space,None,None,246.95467948913574,text_12,94,13,Reading_Baseline_main_click,None,Susan,59,0,59,60,60,,,,,,,,,,22,03,yes,no,no,2025-07-29_14h42.07.153,EXNAT_4_TMS_Psychopy2024.2.5.psyexp,2024.2.5,2025-07-29 14h46.27.272763 +0200,
0,0,0,0,0,0,0,,,,,,,,,#2AB7EF,1182.8976740837097,None,space,None,None,536.8344783782959,text_12,95,13,Reading_Baseline_main_click,None,schleppend.,59,0,59,60,60,,,,,,,,,,22,03,yes,no,no,2025-07-29_14h42.07.153,EXNAT_4_TMS_Psychopy2024.2.5.psyexp,2024.2.5,2025-07-29 14h46.27.272763 +0200,
0,0,0,0,0,0,0,,,,,,,,,#F989A2,1183.4734387397766,None,space,None,None,345.2029228210449,text_12,96,13,Reading_Baseline_main_click,None,Kritiker,59,0,59,60,60,,,,,,,,,,22,03,yes,no,no,2025-07-29_14h42.07.153,EXNAT_4_TMS_Psychopy2024.2.5.psyexp,2024.2.5,2025-07-29 14h46.27.272763 +0200,
0,0,0,0,0,0,0,,,,,,,,,#F989A2,1183.858734369278,None,space,None,None,279.7200679779053,text_12,97,13,Reading_Baseline_main_click,None,werfen,59,0,59,60,60,,,,,,,,,,22,03,yes,no,no,2025-07-29_14h42.07.153,EXNAT_4_TMS_Psychopy2024.2.5.psyexp,2024.2.5,2025-07-29 14h46.27.272763 +0200,
0,0,0,0,0,0,0,,,,,,,,,#2AB7EF,1184.1747834682465,None,space,None,None,299.6373176574707,text_12,98,13,Reading_Baseline_main_click,None,dem,59,0,59,60,60,,,,,,,,,,22,03,yes,no,no,2025-07-29_14h42.07.153,EXNAT_4_TMS_Psychopy2024.2.5.psyexp,2024.2.5,2025-07-29 14h46.27.272763 +0200,
0,0,0,0,0,0,0,,,,,,,,,#88BA3F,1184.512835264206,None,space,None,None,393.7056064605713,text_12,99,13,Reading_Baseline_main_click,None,Regisseur,59,0,59,60,60,,,,,,,,,,22,03,yes,no,no,2025-07-29_14h42.07.153,EXNAT_4_TMS_Psychopy2024.2.5.psyexp,2024.2.5,2025-07-29 14h46.27.272763 +0200,
0,0,0,0,0,0,0,,,,,,,,,#D292F3,1184.946772813797,None,space,None,None,375.87475776672363,text_12,100,13,Reading_Baseline_main_click,None,"vor,",59,0,59,60,60,,,,,,,,,,22,03,yes,no,no,2025-07-29_14h42.07.153,EXNAT_4_TMS_Psychopy2024.2.5.psyexp,2024.2.5,2025-07-29 14h46.27.272763 +0200,
0,0,0,0,0,0,0,,,,,,,,,#88BA3F,1185.3632643222809,None,space,None,None,279.2532444000244,text_12,101,13,Reading_Baseline_main_click,None,das,59,0,59,60,60,,,,,,,,,,22,03,yes,no,no,2025-07-29_14h42.07.153,EXNAT_4_TMS_Psychopy2024.2.5.psyexp,2024.2.5,2025-07-29 14h46.27.272763 +0200,
0,0,0,0,0,0,0,,,,,,,,,#D292F3,1185.6816112995148,None,space,None,None,312.86025047302246,text_12,102,13,Reading_Baseline_main_click,None,Publikum,60,0,60,60,inf,1185.807609796524,,,,,,,,,22,03,yes,no,no,2025-07-29_14h42.07.153,EXNAT_4_TMS_Psychopy2024.2.5.psyexp,2024.2.5,2025-07-29 14h46.27.272763 +0200,
0,0,0,0,0,0,0,,,,,,,,,#F989A2,1186.0325672626495,None,space,None,None,265.88892936706543,text_12,103,13,Reading_Baseline_main_click,None,mit,60,0,60,60,inf,,,,,,,,,,22,03,yes,no,no,2025-07-29_14h42.07.153,EXNAT_4_TMS_Psychopy2024.2.5.psyexp,2024.2.5,2025-07-29 14h46.27.272763 +0200,
0,0,0,0,0,0,0,,,,,,,,,#88BA3F,1186.339026927948,None,space,None,None,311.4156723022461,text_12,104,13,Reading_Baseline_main_click,None,starken,60,0,60,60,inf,,,,,,,,,,22,03,yes,no,no,2025-07-29_14h42.07.153,EXNAT_4_TMS_Psychopy2024.2.5.psyexp,2024.2.5,2025-07-29 14h46.27.272763 +0200,
0,0,0,0,0,0,0,,,,,,,,,#F989A2,1186.6902434825897,None,space,None,None,312.2069835662842,text_12,105,13,Reading_Baseline_main_click,None,Bildern,60,0,60,60,inf,,,,,,,,,,22,03,yes,no,no,2025-07-29_14h42.07.153,EXNAT_4_TMS_Psychopy2024.2.5.psyexp,2024.2.5,2025-07-29 14h46.27.272763 +0200,
0,0,0,0,0,0,0,,,,,,,,,#2AB7EF,1187.0409803390503,None,space,None,None,329.62918281555176,text_12,106,13,Reading_Baseline_main_click,None,zu,60,0,60,60,inf,,,,,,,,,,22,03,yes,no,no,2025-07-29_14h42.07.153,EXNAT_4_TMS_Psychopy2024.2.5.psyexp,2024.2.5,2025-07-29 14h46.27.272763 +0200,
0,0,0,0,0,0,0,,,,,,,,,#D292F3,1187.409354686737,None,space,None,None,345.29685974121094,text_12,107,13,Reading_Baseline_main_click,None,"blenden,",60,0,60,60,inf,,,,,,,,,,22,03,yes,no,no,2025-07-29_14h42.07.153,EXNAT_4_TMS_Psychopy2024.2.5.psyexp,2024.2.5,2025-07-29 14h46.27.272763 +0200,
0,0,0,0,0,0,0,,,,,,,,,#2AB7EF,1187.7945387363434,None,space,None,None,280.20691871643066,text_12,108,13,Reading_Baseline_main_click,None,obwohl,60,0,60,60,inf,,,,,,,,,,22,03,yes,no,no,2025-07-29_14h42.07.153,EXNAT_4_TMS_Psychopy2024.2.5.psyexp,2024.2.5,2025-07-29 14h46.27.272763 +0200,
0,0,0,0,0,0,0,,,,,,,,,#D292F3,1188.113783121109,None,space,None,None,328.7332057952881,text_12,109,13,Reading_Baseline_main_click,None,es,60,0,60,60,inf,,,,,,,,,,22,03,yes,no,no,2025-07-29_14h42.07.153,EXNAT_4_TMS_Psychopy2024.2.5.psyexp,2024.2.5,2025-07-29 14h46.27.272763 +0200,
0,0,0,0,0,0,0,,,,,,,,,#D292F3,1188.4824948310852,None,space,None,None,360.08644104003906,text_12,110,13,Reading_Baseline_main_click,None,um,60,0,60,60,inf,,,,,,,,,,22,03,yes,no,no,2025-07-29_14h42.07.153,EXNAT_4_TMS_Psychopy2024.2.5.psyexp,2024.2.5,2025-07-29 14h46.27.272763 +0200,
0,0,0,0,0,0,0,,,,,,,,,#2AB7EF,1188.8821465969086,None,space,None,None,552.3793697357178,text_12,111,13,Reading_Baseline_main_click,None,Missverständnisse,60,0,60,60,inf,,,,,,,,,,22,03,yes,no,no,2025-07-29_14h42.07.153,EXNAT_4_TMS_Psychopy2024.2.5.psyexp,2024.2.5,2025-07-29 14h46.27.272763 +0200,
0,0,0,0,0,0,0,,,,,,,,,#F989A2,1189.4736473560333,None,space,None,None,664.9210453033447,text_12,112,13,Reading_Baseline_main_click,None,gehe.,60,0,60,60,inf,,,,,,,,,,22,03,yes,no,no,2025-07-29_14h42.07.153,EXNAT_4_TMS_Psychopy2024.2.5.psyexp,2024.2.5,2025-07-29 14h46.27.272763 +0200,
0,0,0,0,0,0,0,,,,,,,,,#88BA3F,1190.1791474819183,None,space,None,None,391.42560958862305,text_12,113,13,Reading_Baseline_main_click,None,Doch,60,0,60,60,inf,,,,,,,,,,22,03,yes,no,no,2025-07-29_14h42.07.153,EXNAT_4_TMS_Psychopy2024.2.5.psyexp,2024.2.5,2025-07-29 14h46.27.272763 +0200,
0,0,0,0,0,0,0,,,,,,,,,#88BA3F,1190.611511707306,None,space,None,None,359.00354385375977,text_12,114,13,Reading_Baseline_main_click,None,genau,61,0,61,60,inf,1190.8076326847076,,,,,,,,,22,03,yes,no,no,2025-07-29_14h42.07.153,EXNAT_4_TMS_Psychopy2024.2.5.psyexp,2024.2.5,2025-07-29 14h46.27.272763 +0200,
0,0,0,0,0,0,0,,,,,,,,,#F989A2,1191.0107610225677,None,space,None,None,359.81035232543945,text_12,115,13,Reading_Baseline_main_click,None,das,61,0,61,60,inf,,,,,,,,,,22,03,yes,no,no,2025-07-29_14h42.07.153,EXNAT_4_TMS_Psychopy2024.2.5.psyexp,2024.2.5,2025-07-29 14h46.27.272763 +0200,
0,0,0,0,0,0,0,,,,,,,,,#2AB7EF,1191.4102833271027,None,space,None,None,248.16274642944336,text_12,116,13,Reading_Baseline_main_click,None,ist,61,0,61,60,inf,,,,,,,,,,22,03,yes,no,no,2025-07-29_14h42.07.153,EXNAT_4_TMS_Psychopy2024.2.5.psyexp,2024.2.5,2025-07-29 14h46.27.272763 +0200,
0,0,0,0,0,0,0,,,,,,,,,#2AB7EF,1191.694962978363,None,space,None,None,331.49123191833496,text_12,117,13,Reading_Baseline_main_click,None,die,61,0,61,60,inf,,,,,,,,,,22,03,yes,no,no,2025-07-29_14h42.07.153,EXNAT_4_TMS_Psychopy2024.2.5.psyexp,2024.2.5,2025-07-29 14h46.27.272763 +0200,
0,0,0,0,0,0,0,,,,,,,,,#D292F3,1192.064073085785,None,space,None,None,330.45101165771484,text_12,118,13,Reading_Baseline_main_click,None,zentrale,61,0,61,60,inf,,,,,,,,,,22,03,yes,no,no,2025-07-29_14h42.07.153,EXNAT_4_TMS_Psychopy2024.2.5.psyexp,2024.2.5,2025-07-29 14h46.27.272763 +0200,
0,0,0,0,0,0,0,,,,,,,,,#F989A2,1192.4337272644043,None,space,None,None,296.70095443725586,text_12,119,13,Reading_Baseline_main_click,None,Aussage:,61,0,61,60,inf,,,,,,,,,,22,03,yes,no,no,2025-07-29_14h42.07.153,EXNAT_4_TMS_Psychopy2024.2.5.psyexp,2024.2.5,2025-07-29 14h46.27.272763 +0200,
0,0,0,0,0,0,0,,,,,,,,,#88BA3F,1192.7697839736938,None,space,None,None,328.6712169647217,text_12,120,13,Reading_Baseline_main_click,None,Menschen,61,0,61,60,inf,,,,,,,,,,22,03,yes,no,no,2025-07-29_14h42.07.153,EXNAT_4_TMS_Psychopy2024.2.5.psyexp,2024.2.5,2025-07-29 14h46.27.272763 +0200,
0,0,0,0,0,0,0,,,,,,,,,#D292F3,1193.1383574008942,None,space,None,None,264.0666961669922,text_12,121,13,Reading_Baseline_main_click,None,verstehen,61,0,61,60,inf,,,,,,,,,,22,03,yes,no,no,2025-07-29_14h42.07.153,EXNAT_4_TMS_Psychopy2024.2.5.psyexp,2024.2.5,2025-07-29 14h46.27.272763 +0200,
0,0,0,0,0,0,0,,,,,,,,,#88BA3F,1193.4406852722168,None,space,None,None,329.9078941345215,text_12,122,13,Reading_Baseline_main_click,None,einander,61,0,61,60,inf,,,,,,,,,,22,03,yes,no,no,2025-07-29_14h42.07.153,EXNAT_4_TMS_Psychopy2024.2.5.psyexp,2024.2.5,2025-07-29 14h46.27.272763 +0200,
0,0,0,0,0,0,0,,,,,,,,,#F989A2,1193.808706521988,None,space,None,None,313.92717361450195,text_12,123,13,Reading_Baseline_main_click,None,nicht.,61,0,61,60,inf,,,,,,,,,,22,03,yes,no,no,2025-07-29_14h42.07.153,EXNAT_4_TMS_Psychopy2024.2.5.psyexp,2024.2.5,2025-07-29 14h46.27.272763 +0200,
0,0,0,0,0,0,0,,,,,,,,,#2AB7EF,1194.162662744522,None,space,None,None,455.9042453765869,text_12,124,13,Reading_Baseline_main_click,None,Der,61,0,61,60,inf,,,,,,,,,,22,03,yes,no,no,2025-07-29_14h42.07.153,EXNAT_4_TMS_Psychopy2024.2.5.psyexp,2024.2.5,2025-07-29 14h46.27.272763 +0200,
0,0,0,0,0,0,0,,,,,,,,,#D292F3,1194.657517671585,None,space,None,None,360.9910011291504,text_12,125,13,Reading_Baseline_main_click,None,Titel,61,0,61,60,inf,,,,,,,,,,22,03,yes,no,no,2025-07-29_14h42.07.153,EXNAT_4_TMS_Psychopy2024.2.5.psyexp,2024.2.5,2025-07-29 14h46.27.272763 +0200,
0,0,0,0,0,0,0,,,,,,,,,#88BA3F,1195.0573341846466,None,space,None,None,521.2373733520508,text_12,126,13,Reading_Baseline_main_click,None,Babel,61,0,61,60,inf,,,,,,,,,,22,03,yes,no,no,2025-07-29_14h42.07.153,EXNAT_4_TMS_Psychopy2024.2.5.psyexp,2024.2.5,2025-07-29 14h46.27.272763 +0200,
0,0,0,0,0,0,0,,,,,,,,,#F989A2,1195.6152987480164,None,space,None,None,395.0622081756592,text_12,127,13,Reading_Baseline_main_click,None,verweist,62,0,62,60,inf,1195.8076105117798,,,,,,,,,22,03,yes,no,no,2025-07-29_14h42.07.153,EXNAT_4_TMS_Psychopy2024.2.5.psyexp,2024.2.5,2025-07-29 14h46.27.272763 +0200,
0,0,0,0,0,0,0,,,,,,,,,#88BA3F,1196.0490727424622,None,space,None,None,457.4408531188965,text_12,128,13,Reading_Baseline_main_click,None,auf,62,0,62,60,inf,,,,,,,,,,22,03,yes,no,no,2025-07-29_14h42.07.153,EXNAT_4_TMS_Psychopy2024.2.5.psyexp,2024.2.5,2025-07-29 14h46.27.272763 +0200,
0,0,0,0,0,0,0,,,,,,,,,#2AB7EF,1196.544706583023,None,space,None,None,329.74886894226074,text_12,129,13,Reading_Baseline_main_click,None,die,62,0,62,60,inf,,,,,,,,,,22,03,yes,no,no,2025-07-29_14h42.07.153,EXNAT_4_TMS_Psychopy2024.2.5.psyexp,2024.2.5,2025-07-29 14h46.27.272763 +0200,
0,0,0,0,0,0,0,,,,,,,,,#F989A2,1196.9151067733765,None,space,None,None,375.4429817199707,text_12,130,13,Reading_Baseline_main_click,None,biblische,62,0,62,60,inf,,,,,,,,,,22,03,yes,no,no,2025-07-29_14h42.07.153,EXNAT_4_TMS_Psychopy2024.2.5.psyexp,2024.2.5,2025-07-29 14h46.27.272763 +0200,
0,0,0,0,0,0,0,,,,,,,,,#D292F3,1197.3314781188965,None,space,None,None,343.1966304779053,text_12,131,13,Reading_Baseline_main_click,None,Geschichte,62,0,62,60,inf,,,,,,,,,,22,03,yes,no,no,2025-07-29_14h42.07.153,EXNAT_4_TMS_Psychopy2024.2.5.psyexp,2024.2.5,2025-07-29 14h46.27.272763 +0200,
0,0,0,0,0,0,0,,,,,,,,,#2AB7EF,1197.7102468013763,None,space,None,None,300.1370429992676,text_12,132,13,Reading_Baseline_main_click,None,vom,62,0,62,60,inf,,,,,,,,,,22,03,yes,no,no,2025-07-29_14h42.07.153,EXNAT_4_TMS_Psychopy2024.2.5.psyexp,2024.2.5,2025-07-29 14h46.27.272763 +0200,
0,0,0,0,0,0,0,,,,,,,,,#88BA3F,1198.0502643585205,None,space,None,None,328.22418212890625,text_12,133,13,Reading_Baseline_main_click,None,"Turmbau,",62,0,62,60,inf,,,,,,,,,,22,03,yes,no,no,2025-07-29_14h42.07.153,EXNAT_4_TMS_Psychopy2024.2.5.psyexp,2024.2.5,2025-07-29 14h46.27.272763 +0200,
0,0,0,0,0,0,0,,,,,,,,,#D292F3,1198.4179513454437,None,space,None,None,264.4188404083252,text_12,134,13,Reading_Baseline_main_click,None,bei,62,0,62,60,inf,,,,,,,,,,22,03,yes,no,no,2025-07-29_14h42.07.153,EXNAT_4_TMS_Psychopy2024.2.5.psyexp,2024.2.5,2025-07-29 14h46.27.272763 +0200,
0,0,0,0,0,0,0,,,,,,,,,#D292F3,1198.7217907905579,None,space,None,None,312.8018379211426,text_12,135,13,Reading_Baseline_main_click,None,dem,62,0,62,60,inf,,,,,,,,,,22,03,yes,no,no,2025-07-29_14h42.07.153,EXNAT_4_TMS_Psychopy2024.2.5.psyexp,2024.2.5,2025-07-29 14h46.27.272763 +0200,
0,0,0,0,0,0,0,,,,,,,,,#2AB7EF,1199.0743000507355,None,space,None,None,376.18398666381836,text_12,136,13,Reading_Baseline_main_click,None,Gott,62,0,62,60,inf,,,,,,,,,,22,03,yes,no,no,2025-07-29_14h42.07.153,EXNAT_4_TMS_Psychopy2024.2.5.psyexp,2024.2.5,2025-07-29 14h46.27.272763 +0200,
0,0,0,0,0,0,0,,,,,,,,,#88BA3F,1199.4900302886963,None,space,None,None,312.52264976501465,text_12,137,13,Reading_Baseline_main_click,None,die,62,0,62,60,inf,,,,,,,,,,22,03,yes,no,no,2025-07-29_14h42.07.153,EXNAT_4_TMS_Psychopy2024.2.5.psyexp,2024.2.5,2025-07-29 14h46.27.272763 +0200,
0,0,0,0,0,0,0,,,,,,,,,#F989A2,1199.84286236763,None,space,None,None,375.638484954834,text_12,138,13,Reading_Baseline_main_click,None,Sprache,62,0,62,60,inf,,,,,,,,,,22,03,yes,no,no,2025-07-29_14h42.07.153,EXNAT_4_TMS_Psychopy2024.2.5.psyexp,2024.2.5,2025-07-29 14h46.27.272763 +0200,
0,0,0,0,0,0,0,,,,,,,,,#F989A2,1200.2568056583405,None,space,None,None,329.82683181762695,text_12,139,13,Reading_Baseline_main_click,None,der,62,0,62,60,inf,,,,,,,,,,22,03,yes,no,no,2025-07-29_14h42.07.153,EXNAT_4_TMS_Psychopy2024.2.5.psyexp,2024.2.5,2025-07-29 14h46.27.272763 +0200,
0,0,0,0,0,0,0,,,,,,,,,#88BA3F,1200.6282632350922,None,space,None,None,326.3359069824219,text_12,140,13,Reading_Baseline_main_click,None,Menschen,63,0,63,60,inf,1200.8076422214508,,,,,,,,,22,03,yes,no,no,2025-07-29_14h42.07.153,EXNAT_4_TMS_Psychopy2024.2.5.psyexp,2024.2.5,2025-07-29 14h46.27.272763 +0200,
0,0,0,0,0,0,0,,,,,,,,,#2AB7EF,1200.9953792095184,None,space,None,None,807.2202205657959,text_12,141,13,Reading_Baseline_main_click,None,verwirrte.,63,0,63,60,inf,,,,,,,,,,22,03,yes,no,no,2025-07-29_14h42.07.153,EXNAT_4_TMS_Psychopy2024.2.5.psyexp,2024.2.5,2025-07-29 14h46.27.272763 +0200,
0,0,0,0,0,0,0,,,,,,,,,#F989A2,1201.8417224884033,None,space,None,None,360.6390953063965,text_12,142,13,Reading_Baseline_main_click,None,Der,63,0,63,60,inf,,,,,,,,,,22,03,yes,no,no,2025-07-29_14h42.07.153,EXNAT_4_TMS_Psychopy2024.2.5.psyexp,2024.2.5,2025-07-29 14h46.27.272763 +0200,
0,0,0,0,0,0,0,,,,,,,,,#D292F3,1202.2417318820953,None,space,None,None,392.7791118621826,text_12,143,13,Reading_Baseline_main_click,None,Film,63,0,63,60,inf,,,,,,,,,,22,03,yes,no,no,2025-07-29_14h42.07.153,EXNAT_4_TMS_Psychopy2024.2.5.psyexp,2024.2.5,2025-07-29 14h46.27.272763 +0200,
0,0,0,0,0,0,0,,,,,,,,,#2AB7EF,1202.674551486969,None,space,None,None,375.95582008361816,text_12,144,13,Reading_Baseline_main_click,None,verdeutlicht,63,0,63,60,inf,,,,,,,,,,22,03,yes,no,no,2025-07-29_14h42.07.153,EXNAT_4_TMS_Psychopy2024.2.5.psyexp,2024.2.5,2025-07-29 14h46.27.272763 +0200,
0,0,0,0,0,0,0,,,,,,,,,#2AB7EF,1203.0912885665894,None,space,None,None,311.30290031433105,text_12,145,13,Reading_Baseline_main_click,None,die,63,0,63,60,inf,,,,,,,,,,22,03,yes,no,no,2025-07-29_14h42.07.153,EXNAT_4_TMS_Psychopy2024.2.5.psyexp,2024.2.5,2025-07-29 14h46.27.272763 +0200,
0,0,0,0,0,0,0,,,,,,,,,#F989A2,1203.442936182022,None,space,None,None,375.66637992858887,text_12,146,13,Reading_Baseline_main_click,None,Folgen,63,0,63,60,inf,,,,,,,,,,22,03,yes,no,no,2025-07-29_14h42.07.153,EXNAT_4_TMS_Psychopy2024.2.5.psyexp,2024.2.5,2025-07-29 14h46.27.272763 +0200,
0,0,0,0,0,0,0,,,,,,,,,#88BA3F,1203.8578143119812,None,space,None,None,328.8114070892334,text_12,147,13,Reading_Baseline_main_click,None,von,63,0,63,60,inf,,,,,,,,,,22,03,yes,no,no,2025-07-29_14h42.07.153,EXNAT_4_TMS_Psychopy2024.2.5.psyexp,2024.2.5,2025-07-29 14h46.27.272763 +0200,
0,0,0,0,0,0,0,,,,,,,,,#F989A2,1204.2267763614655,None,space,None,None,647.7963924407959,text_12,148,13,Reading_Baseline_main_click,None,Sprachlosigkeit,63,0,63,60,inf,,,,,,,,,,22,03,yes,no,no,2025-07-29_14h42.07.153,EXNAT_4_TMS_Psychopy2024.2.5.psyexp,2024.2.5,2025-07-29 14h46.27.272763 +0200,
0,0,0,0,0,0,0,,,,,,,,,#D292F3,1204.9129493236542,None,space,None,None,297.5301742553711,text_12,149,13,Reading_Baseline_main_click,None,und,63,0,63,60,inf,,,,,,,,,,22,03,yes,no,no,2025-07-29_14h42.07.153,EXNAT_4_TMS_Psychopy2024.2.5.psyexp,2024.2.5,2025-07-29 14h46.27.272763 +0200,
0,0,0,0,0,0,0,,,,,,,,,#2AB7EF,1205.249507188797,None,space,None,None,616.9960498809814,text_12,150,13,Reading_Baseline_main_click,None,Missverständnissen.,64,0,64,60,inf,1205.8076558113098,,,,,,,,,22,03,yes,no,no,2025-07-29_14h42.07.153,EXNAT_4_TMS_Psychopy2024.2.5.psyexp,2024.2.5,2025-07-29 14h46.27.272763 +0200,
0,0,0,0,0,0,0,,,,,,,,,,1205.916898727417,,1,,,,text_12,,13,Reading_Baseline_main_click,,,,,,,,,Q1,a,True,,,,,,22,03,yes,no,no,2025-07-29_14h42.07.153,EXNAT_4_TMS_Psychopy2024.2.5.psyexp,2024.2.5,2025-07-29 14h46.27.272763 +0200,
0,0,0,0,0,0,0,,,,,,,,,,1209.8001141548157,,3,,,,text_12,,13,Reading_Baseline_main_click,,,,,,,,,Q2,c,True,,,,,,22,03,yes,no,no,2025-07-29_14h42.07.153,EXNAT_4_TMS_Psychopy2024.2.5.psyexp,2024.2.5,2025-07-29 14h46.27.272763 +0200,
0,0,0,0,0,0,0,,,,,,,,,,1214.915689945221,,4,,,,text_12,,13,Reading_Baseline_main_click,,,,,,,,,Q3,d,True,,,,,,22,03,yes,no,no,2025-07-29_14h42.07.153,EXNAT_4_TMS_Psychopy2024.2.5.psyexp,2024.2.5,2025-07-29 14h46.27.272763 +0200,
0,0,0,0,0,0,0,,,,,,,,,,,,,,,,,,,,,,,,,,,,,,,1220.6709427833557,1220.670963525772,,,,22,03,yes,no,no,2025-07-29_14h42.07.153,EXNAT_4_TMS_Psychopy2024.2.5.psyexp,2024.2.5,2025-07-29 14h46.27.272763 +0200,
1,0,1,1,0,1,0,,,,,1220.696805715561,,,,,,,,,,,,,,,,,,,,,,,,,,1220.6713960170746,1220.6715371608734,,,,22,03,yes,no,no,2025-07-29_14h42.07.153,EXNAT_4_TMS_Psychopy2024.2.5.psyexp,2024.2.5,2025-07-29 14h46.27.272763 +0200,
2,0,2,2,0,2,0,,,,,1220.696805715561,,,,,,,,,,,,,,,,,,,,,,,,,,1220.671846628189,1220.6719126701355,,,,22,03,yes,no,no,2025-07-29_14h42.07.153,EXNAT_4_TMS_Psychopy2024.2.5.psyexp,2024.2.5,2025-07-29 14h46.27.272763 +0200,
3,0,3,3,0,3,0,,,,,1220.696805715561,,,,,,,,,,,,,,,,,,,,,,,,,,1220.6722197532654,1220.6722798347473,,,,22,03,yes,no,no,2025-07-29_14h42.07.153,EXNAT_4_TMS_Psychopy2024.2.5.psyexp,2024.2.5,2025-07-29 14h46.27.272763 +0200,
4,0,4,4,0,4,0,,,,,1220.696805715561,,,,,,,,,,,,,,,,,,,,,,,,,,1220.6725823879242,1220.6726424694061,,,,22,03,yes,no,no,2025-07-29_14h42.07.153,EXNAT_4_TMS_Psychopy2024.2.5.psyexp,2024.2.5,2025-07-29 14h46.27.272763 +0200,
0,0,0,,,,,0,0,0,0,1220.696805715561,,,,#88BA3F,1231.432294845581,False,space,correct rejection,None,418.20549964904785,,1,14,1back_single_main_click,1,,1,0,1,24,12,1231.4916262626648,,,,,,,,,22,03,yes,no,no,2025-07-29_14h42.07.153,EXNAT_4_TMS_Psychopy2024.2.5.psyexp,2024.2.5,2025-07-29 14h46.27.272763 +0200,
0,0,0,,,,,0,0,0,0,,,,,#2AB7EF,1232.0633435249329,False,space,correct rejection,None,379.3003559112549,,2,14,1back_single_main_click,1,,1,0,1,24,12,,,,,,,,,,22,03,yes,no,no,2025-07-29_14h42.07.153,EXNAT_4_TMS_Psychopy2024.2.5.psyexp,2024.2.5,2025-07-29 14h46.27.272763 +0200,
0,0,0,,,,,0,0,0,0,,,,,#88BA3F,1232.6573836803436,False,space,correct rejection,None,361.29093170166016,,3,14,1back_single_main_click,1,,1,0,1,24,12,,,,,,,,,,22,03,yes,no,no,2025-07-29_14h42.07.153,EXNAT_4_TMS_Psychopy2024.2.5.psyexp,2024.2.5,2025-07-29 14h46.27.272763 +0200,
0,0,0,,,,,0,0,0,0,,,,,#D292F3,1233.2342414855957,False,space,correct rejection,None,456.4015865325928,,4,14,1back_single_main_click,1,,1,0,1,24,12,,,,,,,,,,22,03,yes,no,no,2025-07-29_14h42.07.153,EXNAT_4_TMS_Psychopy2024.2.5.psyexp,2024.2.5,2025-07-29 14h46.27.272763 +0200,
0,0,0,,,,,0,0,0,0,,,,,#F989A2,1233.9079036712646,False,space,correct rejection,None,438.73119354248047,,5,14,1back_single_main_click,1,,1,0,1,24,12,,,,,,,,,,22,03,yes,no,no,2025-07-29_14h42.07.153,EXNAT_4_TMS_Psychopy2024.2.5.psyexp,2024.2.5,2025-07-29 14h46.27.272763 +0200,
0,0,0,,,,,0,0,0,0,,,,,#2AB7EF,1234.5635921955109,False,space,correct rejection,None,375.0114440917969,,6,14,1back_single_main_click,1,,1,0,1,24,12,,,,,,,,,,22,03,yes,no,no,2025-07-29_14h42.07.153,EXNAT_4_TMS_Psychopy2024.2.5.psyexp,2024.2.5,2025-07-29 14h46.27.272763 +0200,
0,0,0,,,,,0,0,0,0,,,,,#D292F3,1235.1555128097534,False,space,correct rejection,None,374.9430179595947,,7,14,1back_single_main_click,1,,1,0,1,24,12,,,,,,,,,,22,03,yes,no,no,2025-07-29_14h42.07.153,EXNAT_4_TMS_Psychopy2024.2.5.psyexp,2024.2.5,2025-07-29 14h46.27.272763 +0200,
0,0,0,,,,,0,0,0,0,,,,,#F989A2,1235.747253894806,False,space,correct rejection,None,375.1869201660156,,8,14,1back_single_main_click,1,,1,0,1,24,12,,,,,,,,,,22,03,yes,no,no,2025-07-29_14h42.07.153,EXNAT_4_TMS_Psychopy2024.2.5.psyexp,2024.2.5,2025-07-29 14h46.27.272763 +0200,
0,0,0,,,,,0,0,0,0,,,,,#D292F3,1236.3400189876556,False,space,correct rejection,None,454.6051025390625,,9,14,1back_single_main_click,1,,2,0,2,24,12,1236.491607427597,,,,,,,,,22,03,yes,no,no,2025-07-29_14h42.07.153,EXNAT_4_TMS_Psychopy2024.2.5.psyexp,2024.2.5,2025-07-29 14h46.27.272763 +0200,
0,0,0,,,,,0,0,0,0,,,,,#D292F3,1237.0111186504364,True,l,hit,423.6106872558594,711.4317417144775,,10,14,1back_single_main_click,1,,2,0,2,24,12,,,,,,,,,,22,03,yes,no,no,2025-07-29_14h42.07.153,EXNAT_4_TMS_Psychopy2024.2.5.psyexp,2024.2.5,2025-07-29 14h46.27.272763 +0200,
0,0,0,,,,,0,0,0,0,,,,,#88BA3F,1237.9398367404938,False,space,correct rejection,None,310.7941150665283,,11,14,1back_single_main_click,1,,2,0,2,24,12,,,,,,,,,,22,03,yes,no,no,2025-07-29_14h42.07.153,EXNAT_4_TMS_Psychopy2024.2.5.psyexp,2024.2.5,2025-07-29 14h46.27.272763 +0200,
0,0,0,,,,,0,0,0,0,,,,,#F989A2,1238.474270105362,False,space,correct rejection,None,352.3995876312256,,12,14,1back_single_main_click,1,,2,0,2,24,12,,,,,,,,,,22,03,yes,no,no,2025-07-29_14h42.07.153,EXNAT_4_TMS_Psychopy2024.2.5.psyexp,2024.2.5,2025-07-29 14h46.27.272763 +0200,
0,0,0,,,,,0,0,0,0,,,,,#D292F3,1239.0502984523773,False,space,correct rejection,None,464.34473991394043,,13,14,1back_single_main_click,1,,2,0,2,24,12,,,,,,,,,,22,03,yes,no,no,2025-07-29_14h42.07.153,EXNAT_4_TMS_Psychopy2024.2.5.psyexp,2024.2.5,2025-07-29 14h46.27.272763 +0200,
0,0,0,,,,,0,0,0,0,,,,,#D292F3,1239.738584280014,True,l,hit,480.0102710723877,719.9661731719971,,14,14,1back_single_main_click,1,,2,0,2,24,12,,,,,,,,,,22,03,yes,no,no,2025-07-29_14h42.07.153,EXNAT_4_TMS_Psychopy2024.2.5.psyexp,2024.2.5,2025-07-29 14h46.27.272763 +0200,
0,0,0,,,,,0,0,0,0,,,,,#D292F3,1240.6821730136871,True,l,hit,448.4827518463135,688.3430480957031,,15,14,1back_single_main_click,1,,2,0,2,24,12,,,,,,,,,,22,03,yes,no,no,2025-07-29_14h42.07.153,EXNAT_4_TMS_Psychopy2024.2.5.psyexp,2024.2.5,2025-07-29 14h46.27.272763 +0200,
0,0,0,,,,,0,0,0,0,,,,,#88BA3F,1241.5941727161407,False,space,correct rejection,None,384.48023796081543,,16,14,1back_single_main_click,1,,2,0,2,24,12,,,,,,,,,,22,03,yes,no,no,2025-07-29_14h42.07.153,EXNAT_4_TMS_Psychopy2024.2.5.psyexp,2024.2.5,2025-07-29 14h46.27.272763 +0200,
0,0,0,,,,,0,0,0,0,,,,,#F989A2,1242.2022693157196,False,space,correct rejection,None,480.2134037017822,,17,14,1back_single_main_click,1,,2,0,2,24,12,,,,,,,,,,22,03,yes,no,no,2025-07-29_14h42.07.153,EXNAT_4_TMS_Psychopy2024.2.5.psyexp,2024.2.5,2025-07-29 14h46.27.272763 +0200,
0,0,0,,,,,0,0,0,0,,,,,#F989A2,1242.906040430069,True,l,hit,496.57392501831055,736.4227771759033,,18,14,1back_single_main_click,1,,2,0,2,24,12,,,,,,,,,,22,03,yes,no,no,2025-07-29_14h42.07.153,EXNAT_4_TMS_Psychopy2024.2.5.psyexp,2024.2.5,2025-07-29 14h46.27.272763 +0200,
0,0,0,,,,,0,0,0,0,,,,,#F989A2,1243.8667838573456,True,space,miss,None,367.7825927734375,,19,14,1back_single_main_click,1,,2,1,3,24,12,1243.9277338981628,,,,,,,,,22,03,yes,no,no,2025-07-29_14h42.07.153,EXNAT_4_TMS_Psychopy2024.2.5.psyexp,2024.2.5,2025-07-29 14h46.27.272763 +0200,
0,0,0,,,,,0,0,0,0,,,,,#2AB7EF,1244.458266735077,False,l,false alarm,80.3835391998291,544.3055629730225,,20,14,1back_single_main_click,1,,2,1,3,24,12,,,,,,,,,,22,03,yes,no,no,2025-07-29_14h42.07.153,EXNAT_4_TMS_Psychopy2024.2.5.psyexp,2024.2.5,2025-07-29 14h46.27.272763 +0200,
0,0,0,,,,,0,0,0,0,,,,,#88BA3F,1245.2263972759247,False,space,correct rejection,None,384.2816352844238,,21,14,1back_single_main_click,1,,2,1,3,24,12,,,,,,,,,,22,03,yes,no,no,2025-07-29_14h42.07.153,EXNAT_4_TMS_Psychopy2024.2.5.psyexp,2024.2.5,2025-07-29 14h46.27.272763 +0200,
0,0,0,,,,,0,0,0,0,,,,,#2AB7EF,1245.8350474834442,False,space,correct rejection,None,271.67701721191406,,22,14,1back_single_main_click,1,,2,1,3,24,12,,,,,,,,,,22,03,yes,no,no,2025-07-29_14h42.07.153,EXNAT_4_TMS_Psychopy2024.2.5.psyexp,2024.2.5,2025-07-29 14h46.27.272763 +0200,
0,0,0,,,,,0,0,0,0,,,,,#2AB7EF,1246.3304057121277,True,space,miss,None,464.1914367675781,,23,14,1back_single_main_click,1,,2,1,3,24,12,,,,,,,,,,22,03,yes,no,no,2025-07-29_14h42.07.153,EXNAT_4_TMS_Psychopy2024.2.5.psyexp,2024.2.5,2025-07-29 14h46.27.272763 +0200,
0,0,0,,,,,0,0,0,0,,,,,#88BA3F,1247.0186450481415,False,space,correct rejection,None,528.080940246582,,24,14,1back_single_main_click,1,,2,1,3,24,12,,,,,,,,,,22,03,yes,no,no,2025-07-29_14h42.07.153,EXNAT_4_TMS_Psychopy2024.2.5.psyexp,2024.2.5,2025-07-29 14h46.27.272763 +0200,
0,0,0,,,,,0,0,0,0,,,,,#88BA3F,1247.7701375484467,True,l,hit,480.4821014404297,752.3295879364014,,25,14,1back_single_main_click,1,,2,1,3,24,12,,,,,,,,,,22,03,yes,no,no,2025-07-29_14h42.07.153,EXNAT_4_TMS_Psychopy2024.2.5.psyexp,2024.2.5,2025-07-29 14h46.27.272763 +0200,
0,0,0,,,,,0,0,0,0,,,,,#F989A2,1248.747549533844,False,space,correct rejection,None,431.0274124145508,,26,14,1back_single_main_click,1,,3,1,4,24,12,1248.9277064800262,,,,,,,,,22,03,yes,no,no,2025-07-29_14h42.07.153,EXNAT_4_TMS_Psychopy2024.2.5.psyexp,2024.2.5,2025-07-29 14h46.27.272763 +0200,
0,0,0,,,,,0,0,0,0,,,,,#F989A2,1249.4020371437073,True,l,hit,400.56562423706055,688.4448528289795,,27,14,1back_single_main_click,1,,3,1,4,24,12,,,,,,,,,,22,03,yes,no,no,2025-07-29_14h42.07.153,EXNAT_4_TMS_Psychopy2024.2.5.psyexp,2024.2.5,2025-07-29 14h46.27.272763 +0200,
0,0,0,,,,,0,0,0,0,,,,,#2AB7EF,1250.3141374588013,False,space,correct rejection,None,400.48694610595703,,28,14,1back_single_main_click,1,,3,1,4,24,12,,,,,,,,,,22,03,yes,no,no,2025-07-29_14h42.07.153,EXNAT_4_TMS_Psychopy2024.2.5.psyexp,2024.2.5,2025-07-29 14h46.27.272763 +0200,
0,0,0,,,,,0,0,0,0,,,,,#F989A2,1250.9389598369598,False,space,correct rejection,None,415.64416885375977,,29,14,1back_single_main_click,1,,3,1,4,24,12,,,,,,,,,,22,03,yes,no,no,2025-07-29_14h42.07.153,EXNAT_4_TMS_Psychopy2024.2.5.psyexp,2024.2.5,2025-07-29 14h46.27.272763 +0200,
0,0,0,,,,,0,0,0,0,,,,,#88BA3F,1251.578229188919,False,space,correct rejection,None,432.4536323547363,,30,14,1back_single_main_click,1,,3,1,4,24,12,,,,,,,,,,22,03,yes,no,no,2025-07-29_14h42.07.153,EXNAT_4_TMS_Psychopy2024.2.5.psyexp,2024.2.5,2025-07-29 14h46.27.272763 +0200,
0,0,0,,,,,0,0,0,0,,,,,#D292F3,1252.234533071518,False,space,correct rejection,None,416.2003993988037,,31,14,1back_single_main_click,1,,3,1,4,24,12,,,,,,,,,,22,03,yes,no,no,2025-07-29_14h42.07.153,EXNAT_4_TMS_Psychopy2024.2.5.psyexp,2024.2.5,2025-07-29 14h46.27.272763 +0200,
0,0,0,,,,,0,0,0,0,,,,,#88BA3F,1252.8752782344818,False,space,correct rejection,None,479.4490337371826,,32,14,1back_single_main_click,1,,3,1,4,24,12,,,,,,,,,,22,03,yes,no,no,2025-07-29_14h42.07.153,EXNAT_4_TMS_Psychopy2024.2.5.psyexp,2024.2.5,2025-07-29 14h46.27.272763 +0200,
0,0,0,,,,,0,0,0,0,,,,,#2AB7EF,1253.5784738063812,False,space,correct rejection,None,368.2286739349365,,33,14,1back_single_main_click,1,,3,1,4,24,12,,,,,,,,,,22,03,yes,no,no,2025-07-29_14h42.07.153,EXNAT_4_TMS_Psychopy2024.2.5.psyexp,2024.2.5,2025-07-29 14h46.27.272763 +0200,
0,0,0,,,,,0,0,0,0,,,,,#2AB7EF,1254.1703598499298,True,l,hit,544.2211627960205,848.1264114379883,,34,14,1back_single_main_click,1,,3,2,5,24,12,1254.226446390152,,,,,,,,,22,03,yes,no,no,2025-07-29_14h42.07.153,EXNAT_4_TMS_Psychopy2024.2.5.psyexp,2024.2.5,2025-07-29 14h46.27.272763 +0200,
0,0,0,,,,,0,0,0,0,,,,,#D292F3,1255.2419090270996,False,space,correct rejection,None,352.7350425720215,,35,14,1back_single_main_click,1,,3,2,5,24,12,,,,,,,,,,22,03,yes,no,no,2025-07-29_14h42.07.153,EXNAT_4_TMS_Psychopy2024.2.5.psyexp,2024.2.5,2025-07-29 14h46.27.272763 +0200,
0,0,0,,,,,0,0,0,0,,,,,#2AB7EF,1255.8186874389648,False,space,correct rejection,None,399.99938011169434,,36,14,1back_single_main_click,1,,3,2,5,24,12,,,,,,,,,,22,03,yes,no,no,2025-07-29_14h42.07.153,EXNAT_4_TMS_Psychopy2024.2.5.psyexp,2024.2.5,2025-07-29 14h46.27.272763 +0200,
0,0,0,,,,,0,0,0,0,,,,,#88BA3F,1256.4427819252014,False,space,correct rejection,None,415.82441329956055,,37,14,1back_single_main_click,1,,3,2,5,24,12,,,,,,,,,,22,03,yes,no,no,2025-07-29_14h42.07.153,EXNAT_4_TMS_Psychopy2024.2.5.psyexp,2024.2.5,2025-07-29 14h46.27.272763 +0200,
0,0,0,,,,,0,0,0,0,,,,,#2AB7EF,1257.0820236206055,False,space,correct rejection,None,480.69238662719727,,38,14,1back_single_main_click,1,,3,2,5,24,12,,,,,,,,,,22,03,yes,no,no,2025-07-29_14h42.07.153,EXNAT_4_TMS_Psychopy2024.2.5.psyexp,2024.2.5,2025-07-29 14h46.27.272763 +0200,
0,0,0,,,,,0,0,0,0,,,,,#F989A2,1257.7865195274353,False,space,correct rejection,None,576.2016773223877,,39,14,1back_single_main_click,1,,3,2,5,24,12,,,,,,,,,,22,03,yes,no,no,2025-07-29_14h42.07.153,EXNAT_4_TMS_Psychopy2024.2.5.psyexp,2024.2.5,2025-07-29 14h46.27.272763 +0200,
0,0,0,,,,,0,0,0,0,,,,,#88BA3F,1258.586386680603,False,space,correct rejection,None,512.3112201690674,,40,14,1back_single_main_click,1,,3,2,5,24,12,,,,,,,,,,22,03,yes,no,no,2025-07-29_14h42.07.153,EXNAT_4_TMS_Psychopy2024.2.5.psyexp,2024.2.5,2025-07-29 14h46.27.272763 +0200,
0,0,0,,,,,0,0,0,0,,,,,#88BA3F,1259.322636604309,True,space,miss,None,416.00990295410156,,41,14,1back_single_main_click,1,,3,3,6,24,12,1259.3822402954102,,,,,,,,,22,03,yes,no,no,2025-07-29_14h42.07.153,EXNAT_4_TMS_Psychopy2024.2.5.psyexp,2024.2.5,2025-07-29 14h46.27.272763 +0200,
0,0,0,,,,,0,0,0,0,,,,,#D292F3,1259.962394475937,False,space,correct rejection,None,576.3506889343262,,42,14,1back_single_main_click,1,,3,3,6,24,12,,,,,,,,,,22,03,yes,no,no,2025-07-29_14h42.07.153,EXNAT_4_TMS_Psychopy2024.2.5.psyexp,2024.2.5,2025-07-29 14h46.27.272763 +0200,
0,0,0,,,,,0,0,0,0,,,,,#D292F3,1260.7625181674957,True,l,hit,416.11361503601074,688.0278587341309,,43,14,1back_single_main_click,1,,3,3,6,24,12,,,,,,,,,,22,03,yes,no,no,2025-07-29_14h42.07.153,EXNAT_4_TMS_Psychopy2024.2.5.psyexp,2024.2.5,2025-07-29 14h46.27.272763 +0200,
0,0,0,,,,,0,0,0,0,,,,,#88BA3F,1261.6742086410522,False,space,correct rejection,None,400.5618095397949,,44,14,1back_single_main_click,1,,3,3,6,24,12,,,,,,,,,,22,03,yes,no,no,2025-07-29_14h42.07.153,EXNAT_4_TMS_Psychopy2024.2.5.psyexp,2024.2.5,2025-07-29 14h46.27.272763 +0200,
0,0,0,,,,,0,0,0,0,,,,,#2AB7EF,1262.2982580661774,False,space,correct rejection,None,384.25183296203613,,45,14,1back_single_main_click,1,,3,3,6,24,12,,,,,,,,,,22,03,yes,no,no,2025-07-29_14h42.07.153,EXNAT_4_TMS_Psychopy2024.2.5.psyexp,2024.2.5,2025-07-29 14h46.27.272763 +0200,
0,0,0,,,,,0,0,0,0,,,,,#F989A2,1262.9059472084045,False,space,correct rejection,None,416.7659282684326,,46,14,1back_single_main_click,1,,3,3,6,24,12,,,,,,,,,,22,03,yes,no,no,2025-07-29_14h42.07.153,EXNAT_4_TMS_Psychopy2024.2.5.psyexp,2024.2.5,2025-07-29 14h46.27.272763 +0200,
0,0,0,,,,,0,0,0,0,,,,,#F989A2,1263.5465285778046,True,l,hit,480.2744388580322,736.147403717041,,47,14,1back_single_main_click,1,,3,3,6,24,12,,,,,,,,,,22,03,yes,no,no,2025-07-29_14h42.07.153,EXNAT_4_TMS_Psychopy2024.2.5.psyexp,2024.2.5,2025-07-29 14h46.27.272763 +0200,
0,0,0,,,,,0,0,0,0,,,,,#2AB7EF,1264.5064067840576,False,space,correct rejection,None,320.1925754547119,,48,14,1back_single_main_click,1,,4,3,7,24,12,1264.560251235962,,,,,,,,,22,03,yes,no,no,2025-07-29_14h42.07.153,EXNAT_4_TMS_Psychopy2024.2.5.psyexp,2024.2.5,2025-07-29 14h46.27.272763 +0200,
0,0,0,,,,,0,0,0,0,,,,,#88BA3F,1265.0506482124329,False,space,correct rejection,None,368.074893951416,,49,14,1back_single_main_click,1,,4,3,7,24,12,,,,,,,,,,22,03,yes,no,no,2025-07-29_14h42.07.153,EXNAT_4_TMS_Psychopy2024.2.5.psyexp,2024.2.5,2025-07-29 14h46.27.272763 +0200,
0,0,0,,,,,0,0,0,0,,,,,#D292F3,1265.6424143314362,False,space,correct rejection,None,464.33305740356445,,50,14,1back_single_main_click,1,,4,3,7,24,12,,,,,,,,,,22,03,yes,no,no,2025-07-29_14h42.07.153,EXNAT_4_TMS_Psychopy2024.2.5.psyexp,2024.2.5,2025-07-29 14h46.27.272763 +0200,
0,0,0,,,,,0,0,0,0,,,,,#88BA3F,1266.3304069042206,False,space,correct rejection,None,288.2683277130127,,51,14,1back_single_main_click,1,,4,3,7,24,12,,,,,,,,,,22,03,yes,no,no,2025-07-29_14h42.07.153,EXNAT_4_TMS_Psychopy2024.2.5.psyexp,2024.2.5,2025-07-29 14h46.27.272763 +0200,
0,0,0,,,,,0,0,0,0,,,,,#2AB7EF,1266.8426203727722,False,space,correct rejection,None,512.082576751709,,52,14,1back_single_main_click,1,,4,3,7,24,12,,,,,,,,,,22,03,yes,no,no,2025-07-29_14h42.07.153,EXNAT_4_TMS_Psychopy2024.2.5.psyexp,2024.2.5,2025-07-29 14h46.27.272763 +0200,
0,0,0,,,,,0,0,0,0,,,,,#D292F3,1267.5783944129944,False,space,correct rejection,None,480.3187847137451,,53,14,1back_single_main_click,1,,4,3,7,24,12,,,,,,,,,,22,03,yes,no,no,2025-07-29_14h42.07.153,EXNAT_4_TMS_Psychopy2024.2.5.psyexp,2024.2.5,2025-07-29 14h46.27.272763 +0200,
0,0,0,,,,,0,0,0,0,,,,,#88BA3F,1268.2825875282288,False,space,correct rejection,None,416.1202907562256,,54,14,1back_single_main_click,1,,4,3,7,24,12,,,,,,,,,,22,03,yes,no,no,2025-07-29_14h42.07.153,EXNAT_4_TMS_Psychopy2024.2.5.psyexp,2024.2.5,2025-07-29 14h46.27.272763 +0200,
0,0,0,,,,,0,0,0,0,,,,,#F989A2,1268.9226031303406,False,space,correct rejection,None,464.1764163970947,,55,14,1back_single_main_click,1,,4,3,7,24,12,,,,,,,,,,22,03,yes,no,no,2025-07-29_14h42.07.153,EXNAT_4_TMS_Psychopy2024.2.5.psyexp,2024.2.5,2025-07-29 14h46.27.272763 +0200,
0,0,0,,,,,0,0,0,0,,,,,#D292F3,1269.610908985138,False,space,correct rejection,None,351.8221378326416,,56,14,1back_single_main_click,1,,5,3,8,24,12,1269.6682658195496,,,,,,,,,22,03,yes,no,no,2025-07-29_14h42.07.153,EXNAT_4_TMS_Psychopy2024.2.5.psyexp,2024.2.5,2025-07-29 14h46.27.272763 +0200,
0,0,0,,,,,0,0,0,0,,,,,#2AB7EF,1270.1862163543701,False,space,correct rejection,None,464.4136428833008,,57,14,1back_single_main_click,1,,5,3,8,24,12,,,,,,,,,,22,03,yes,no,no,2025-07-29_14h42.07.153,EXNAT_4_TMS_Psychopy2024.2.5.psyexp,2024.2.5,2025-07-29 14h46.27.272763 +0200,
0,0,0,,,,,0,0,0,0,,,,,#F989A2,1270.8747363090515,False,space,correct rejection,None,415.88878631591797,,58,14,1back_single_main_click,1,,5,3,8,24,12,,,,,,,,,,22,03,yes,no,no,2025-07-29_14h42.07.153,EXNAT_4_TMS_Psychopy2024.2.5.psyexp,2024.2.5,2025-07-29 14h46.27.272763 +0200,
0,0,0,,,,,0,0,0,0,,,,,#88BA3F,1271.51478099823,False,space,correct rejection,None,415.6956672668457,,59,14,1back_single_main_click,1,,5,3,8,24,12,,,,,,,,,,22,03,yes,no,no,2025-07-29_14h42.07.153,EXNAT_4_TMS_Psychopy2024.2.5.psyexp,2024.2.5,2025-07-29 14h46.27.272763 +0200,
0,0,0,,,,,0,0,0,0,,,,,#F989A2,1272.1542580127716,False,space,correct rejection,None,336.444616317749,,60,14,1back_single_main_click,1,,5,3,8,24,12,,,,,,,,,,22,03,yes,no,no,2025-07-29_14h42.07.153,EXNAT_4_TMS_Psychopy2024.2.5.psyexp,2024.2.5,2025-07-29 14h46.27.272763 +0200,
0,0,0,,,,,0,0,0,0,,,,,#F989A2,1276.245884180069,False,space,correct rejection,None,564.7180080413818,,1,15,1back_single_main_click,1,,5,3,8,24,12,,,,,,,,,,22,03,yes,no,no,2025-07-29_14h42.07.153,EXNAT_4_TMS_Psychopy2024.2.5.psyexp,2024.2.5,2025-07-29 14h46.27.272763 +0200,
0,0,0,,,,,0,0,0,0,,,,,#D292F3,1277.0231750011444,False,space,correct rejection,None,459.65051651000977,,2,15,1back_single_main_click,1,,5,3,8,24,12,,,,,,,,,,22,03,yes,no,no,2025-07-29_14h42.07.153,EXNAT_4_TMS_Psychopy2024.2.5.psyexp,2024.2.5,2025-07-29 14h46.27.272763 +0200,
0,0,0,,,,,0,0,0,0,,,,,#88BA3F,1277.6983003616333,False,space,correct rejection,None,440.51170349121094,,3,15,1back_single_main_click,1,,5,3,8,24,12,,,,,,,,,,22,03,yes,no,no,2025-07-29_14h42.07.153,EXNAT_4_TMS_Psychopy2024.2.5.psyexp,2024.2.5,2025-07-29 14h46.27.272763 +0200,
0,0,0,,,,,0,0,0,0,,,,,#88BA3F,1278.3542766571045,True,space,miss,None,440.5338764190674,,4,15,1back_single_main_click,1,,5,4,9,24,12,1278.4094471931458,,,,,,,,,22,03,yes,no,no,2025-07-29_14h42.07.153,EXNAT_4_TMS_Psychopy2024.2.5.psyexp,2024.2.5,2025-07-29 14h46.27.272763 +0200,
0,0,0,,,,,0,0,0,0,,,,,#D292F3,1279.01211643219,False,l,false alarm,70.55306434631348,534.4142913818359,,5,15,1back_single_main_click,1,,5,4,9,24,12,,,,,,,,,,22,03,yes,no,no,2025-07-29_14h42.07.153,EXNAT_4_TMS_Psychopy2024.2.5.psyexp,2024.2.5,2025-07-29 14h46.27.272763 +0200,
0,0,0,,,,,0,0,0,0,,,,,#88BA3F,1279.7636308670044,False,space,correct rejection,None,455.14607429504395,,6,15,1back_single_main_click,1,,5,4,9,24,12,,,,,,,,,,22,03,yes,no,no,2025-07-29_14h42.07.153,EXNAT_4_TMS_Psychopy2024.2.5.psyexp,2024.2.5,2025-07-29 14h46.27.272763 +0200,
0,0,0,,,,,0,0,0,0,,,,,#F989A2,1280.4359421730042,False,space,correct rejection,None,438.8234615325928,,7,15,1back_single_main_click,1,,5,4,9,24,12,,,,,,,,,,22,03,yes,no,no,2025-07-29_14h42.07.153,EXNAT_4_TMS_Psychopy2024.2.5.psyexp,2024.2.5,2025-07-29 14h46.27.272763 +0200,
0,0,0,,,,,0,0,0,0,,,,,#2AB7EF,1281.092229604721,False,space,correct rejection,None,502.5355815887451,,8,15,1back_single_main_click,1,,5,4,9,24,12,,,,,,,,,,22,03,yes,no,no,2025-07-29_14h42.07.153,EXNAT_4_TMS_Psychopy2024.2.5.psyexp,2024.2.5,2025-07-29 14h46.27.272763 +0200,
0,0,0,,,,,0,0,0,0,,,,,#2AB7EF,1281.8181684017181,True,space,miss,None,464.522123336792,,9,15,1back_single_main_click,1,,5,4,9,24,12,,,,,,,,,,22,03,yes,no,no,2025-07-29_14h42.07.153,EXNAT_4_TMS_Psychopy2024.2.5.psyexp,2024.2.5,2025-07-29 14h46.27.272763 +0200,
0,0,0,,,,,0,0,0,0,,,,,#F989A2,1282.5067868232727,False,space,correct rejection,None,655.8549404144287,,10,15,1back_single_main_click,1,,5,4,9,24,12,,,,,,,,,,22,03,yes,no,no,2025-07-29_14h42.07.153,EXNAT_4_TMS_Psychopy2024.2.5.psyexp,2024.2.5,2025-07-29 14h46.27.272763 +0200,
0,0,0,,,,,0,0,0,0,,,,,#D292F3,1283.3862495422363,False,space,correct rejection,None,560.4262351989746,,11,15,1back_single_main_click,1,,6,4,10,24,12,1283.4415946006775,,,,,,,,,22,03,yes,no,no,2025-07-29_14h42.07.153,EXNAT_4_TMS_Psychopy2024.2.5.psyexp,2024.2.5,2025-07-29 14h46.27.272763 +0200,
0,0,0,,,,,0,0,0,0,,,,,#2AB7EF,1284.1705257892609,False,space,correct rejection,None,432.1327209472656,,12,15,1back_single_main_click,1,,6,4,10,24,12,,,,,,,,,,22,03,yes,no,no,2025-07-29_14h42.07.153,EXNAT_4_TMS_Psychopy2024.2.5.psyexp,2024.2.5,2025-07-29 14h46.27.272763 +0200,
0,0,0,,,,,0,0,0,0,,,,,#F989A2,1284.8260588645935,False,space,correct rejection,None,640.52414894104,,13,15,1back_single_main_click,1,,6,4,10,24,12,,,,,,,,,,22,03,yes,no,no,2025-07-29_14h42.07.153,EXNAT_4_TMS_Psychopy2024.2.5.psyexp,2024.2.5,2025-07-29 14h46.27.272763 +0200,
0,0,0,,,,,0,0,0,0,,,,,#2AB7EF,1285.6902656555176,False,space,correct rejection,None,464.4970893859863,,14,15,1back_single_main_click,1,,6,4,10,24,12,,,,,,,,,,22,03,yes,no,no,2025-07-29_14h42.07.153,EXNAT_4_TMS_Psychopy2024.2.5.psyexp,2024.2.5,2025-07-29 14h46.27.272763 +0200,
0,0,0,,,,,0,0,0,0,,,,,#D292F3,1286.3788423538208,False,space,correct rejection,None,479.86602783203125,,15,15,1back_single_main_click,1,,6,4,10,24,12,,,,,,,,,,22,03,yes,no,no,2025-07-29_14h42.07.153,EXNAT_4_TMS_Psychopy2024.2.5.psyexp,2024.2.5,2025-07-29 14h46.27.272763 +0200,
0,0,0,,,,,0,0,0,0,,,,,#2AB7EF,1287.0823979377747,False,space,correct rejection,None,560.326337814331,,16,15,1back_single_main_click,1,,6,4,10,24,12,,,,,,,,,,22,03,yes,no,no,2025-07-29_14h42.07.153,EXNAT_4_TMS_Psychopy2024.2.5.psyexp,2024.2.5,2025-07-29 14h46.27.272763 +0200,
0,0,0,,,,,0,0,0,0,,,,,#88BA3F,1287.8664011955261,False,space,correct rejection,None,496.3243007659912,,17,15,1back_single_main_click,1,,6,4,10,24,12,,,,,,,,,,22,03,yes,no,no,2025-07-29_14h42.07.153,EXNAT_4_TMS_Psychopy2024.2.5.psyexp,2024.2.5,2025-07-29 14h46.27.272763 +0200,
0,0,0,,,,,0,0,0,0,,,,,#88BA3F,1288.5866541862488,True,l,hit,399.98626708984375,671.8699932098389,,18,15,1back_single_main_click,1,,6,5,11,24,12,1288.644285917282,,,,,,,,,22,03,yes,no,no,2025-07-29_14h42.07.153,EXNAT_4_TMS_Psychopy2024.2.5.psyexp,2024.2.5,2025-07-29 14h46.27.272763 +0200,
0,0,0,,,,,0,0,0,0,,,,,#D292F3,1289.4830527305603,False,space,correct rejection,None,479.6948432922363,,19,15,1back_single_main_click,1,,6,5,11,24,12,,,,,,,,,,22,03,yes,no,no,2025-07-29_14h42.07.153,EXNAT_4_TMS_Psychopy2024.2.5.psyexp,2024.2.5,2025-07-29 14h46.27.272763 +0200,
0,0,0,,,,,0,0,0,0,,,,,#F989A2,1290.1865661144257,False,space,correct rejection,None,464.11681175231934,,20,15,1back_single_main_click,1,,6,5,11,24,12,,,,,,,,,,22,03,yes,no,no,2025-07-29_14h42.07.153,EXNAT_4_TMS_Psychopy2024.2.5.psyexp,2024.2.5,2025-07-29 14h46.27.272763 +0200,
0,0,0,,,,,0,0,0,0,,,,,#F989A2,1290.8743987083435,True,l,hit,448.08459281921387,736.112117767334,,21,15,1back_single_main_click,1,,6,5,11,24,12,,,,,,,,,,22,03,yes,no,no,2025-07-29_14h42.07.153,EXNAT_4_TMS_Psychopy2024.2.5.psyexp,2024.2.5,2025-07-29 14h46.27.272763 +0200,
0,0,0,,,,,0,0,0,0,,,,,#D292F3,1291.834182024002,False,space,correct rejection,None,384.49716567993164,,22,15,1back_single_main_click,1,,6,5,11,24,12,,,,,,,,,,22,03,yes,no,no,2025-07-29_14h42.07.153,EXNAT_4_TMS_Psychopy2024.2.5.psyexp,2024.2.5,2025-07-29 14h46.27.272763 +0200,
0,0,0,,,,,0,0,0,0,,,,,#88BA3F,1292.442393064499,False,space,correct rejection,None,416.29838943481445,,23,15,1back_single_main_click,1,,6,5,11,24,12,,,,,,,,,,22,03,yes,no,no,2025-07-29_14h42.07.153,EXNAT_4_TMS_Psychopy2024.2.5.psyexp,2024.2.5,2025-07-29 14h46.27.272763 +0200,
0,0,0,,,,,0,0,0,0,,,,,#2AB7EF,1293.082317352295,False,space,correct rejection,None,480.334997177124,,24,15,1back_single_main_click,1,,6,5,11,24,12,,,,,,,,,,22,03,yes,no,no,2025-07-29_14h42.07.153,EXNAT_4_TMS_Psychopy2024.2.5.psyexp,2024.2.5,2025-07-29 14h46.27.272763 +0200,
0,0,0,,,,,0,0,0,0,,,,,#D292F3,1293.785789012909,False,space,correct rejection,None,416.9778823852539,,25,15,1back_single_main_click,1,,7,5,12,24,12,1293.8443114757538,,,,,,,,,22,03,yes,no,no,2025-07-29_14h42.07.153,EXNAT_4_TMS_Psychopy2024.2.5.psyexp,2024.2.5,2025-07-29 14h46.27.272763 +0200,
0,0,0,,,,,0,0,0,0,,,,,#F989A2,1294.4265217781067,False,space,correct rejection,None,448.0712413787842,,26,15,1back_single_main_click,1,,7,5,12,24,12,,,,,,,,,,22,03,yes,no,no,2025-07-29_14h42.07.153,EXNAT_4_TMS_Psychopy2024.2.5.psyexp,2024.2.5,2025-07-29 14h46.27.272763 +0200,
0,0,0,,,,,0,0,0,0,,,,,#2AB7EF,1295.0979263782501,False,space,correct rejection,None,464.7786617279053,,27,15,1back_single_main_click,1,,7,5,12,24,12,,,,,,,,,,22,03,yes,no,no,2025-07-29_14h42.07.153,EXNAT_4_TMS_Psychopy2024.2.5.psyexp,2024.2.5,2025-07-29 14h46.27.272763 +0200,
0,0,0,,,,,0,0,0,0,,,,,#88BA3F,1295.786602973938,False,space,correct rejection,None,448.0621814727783,,28,15,1back_single_main_click,1,,7,5,12,24,12,,,,,,,,,,22,03,yes,no,no,2025-07-29_14h42.07.153,EXNAT_4_TMS_Psychopy2024.2.5.psyexp,2024.2.5,2025-07-29 14h46.27.272763 +0200,
0,0,0,,,,,0,0,0,0,,,,,#D292F3,1296.458788394928,False,space,correct rejection,None,431.86283111572266,,29,15,1back_single_main_click,1,,7,5,12,24,12,,,,,,,,,,22,03,yes,no,no,2025-07-29_14h42.07.153,EXNAT_4_TMS_Psychopy2024.2.5.psyexp,2024.2.5,2025-07-29 14h46.27.272763 +0200,
0,0,0,,,,,0,0,0,0,,,,,#88BA3F,1297.1137473583221,False,space,correct rejection,None,369.02308464050293,,30,15,1back_single_main_click,1,,7,5,12,24,12,,,,,,,,,,22,03,yes,no,no,2025-07-29_14h42.07.153,EXNAT_4_TMS_Psychopy2024.2.5.psyexp,2024.2.5,2025-07-29 14h46.27.272763 +0200,
0,0,0,,,,,0,0,0,0,,,,,#88BA3F,1297.7066712379456,True,l,hit,496.08659744262695,735.908031463623,,31,15,1back_single_main_click,1,,7,5,12,24,12,,,,,,,,,,22,03,yes,no,no,2025-07-29_14h42.07.153,EXNAT_4_TMS_Psychopy2024.2.5.psyexp,2024.2.5,2025-07-29 14h46.27.272763 +0200,
0,0,0,,,,,0,0,0,0,,,,,#2AB7EF,1298.666526556015,False,space,correct rejection,None,416.2416458129883,,32,15,1back_single_main_click,1,,7,5,12,24,12,,,,,,,,,,22,03,yes,no,no,2025-07-29_14h42.07.153,EXNAT_4_TMS_Psychopy2024.2.5.psyexp,2024.2.5,2025-07-29 14h46.27.272763 +0200,
0,0,0,,,,,0,0,0,0,,,,,#F989A2,1299.3066551685333,False,space,correct rejection,None,400.10523796081543,,33,15,1back_single_main_click,1,,7,5,12,24,12,,,,,,,,,,22,03,yes,no,no,2025-07-29_14h42.07.153,EXNAT_4_TMS_Psychopy2024.2.5.psyexp,2024.2.5,2025-07-29 14h46.27.272763 +0200,
0,0,0,,,,,0,0,0,0,,,,,#F989A2,1299.930380821228,True,l,hit,432.4150085449219,704.2365074157715,,34,15,1back_single_main_click,1,,7,6,13,24,12,1299.9817912578583,,,,,,,,,22,03,yes,no,no,2025-07-29_14h42.07.153,EXNAT_4_TMS_Psychopy2024.2.5.psyexp,2024.2.5,2025-07-29 14h46.27.272763 +0200,
0,0,0,,,,,0,0,0,0,,,,,#2AB7EF,1300.8582675457,False,space,correct rejection,None,368.23463439941406,,35,15,1back_single_main_click,1,,7,6,13,24,12,,,,,,,,,,22,03,yes,no,no,2025-07-29_14h42.07.153,EXNAT_4_TMS_Psychopy2024.2.5.psyexp,2024.2.5,2025-07-29 14h46.27.272763 +0200,
0,0,0,,,,,0,0,0,0,,,,,#D292F3,1301.4505276679993,False,space,correct rejection,None,400.19774436950684,,36,15,1back_single_main_click,1,,7,6,13,24,12,,,,,,,,,,22,03,yes,no,no,2025-07-29_14h42.07.153,EXNAT_4_TMS_Psychopy2024.2.5.psyexp,2024.2.5,2025-07-29 14h46.27.272763 +0200,
0,0,0,,,,,0,0,0,0,,,,,#88BA3F,1302.0745759010315,False,space,correct rejection,None,384.063720703125,,37,15,1back_single_main_click,1,,7,6,13,24,12,,,,,,,,,,22,03,yes,no,no,2025-07-29_14h42.07.153,EXNAT_4_TMS_Psychopy2024.2.5.psyexp,2024.2.5,2025-07-29 14h46.27.272763 +0200,
0,0,0,,,,,0,0,0,0,,,,,#D292F3,1302.6827919483185,False,space,correct rejection,None,655.8616161346436,,38,15,1back_single_main_click,1,,7,6,13,24,12,,,,,,,,,,22,03,yes,no,no,2025-07-29_14h42.07.153,EXNAT_4_TMS_Psychopy2024.2.5.psyexp,2024.2.5,2025-07-29 14h46.27.272763 +0200,
0,0,0,,,,,0,0,0,0,,,,,#F989A2,1303.5627837181091,False,space,correct rejection,None,495.88584899902344,,39,15,1back_single_main_click,1,,7,6,13,24,12,,,,,,,,,,22,03,yes,no,no,2025-07-29_14h42.07.153,EXNAT_4_TMS_Psychopy2024.2.5.psyexp,2024.2.5,2025-07-29 14h46.27.272763 +0200,
0,0,0,,,,,0,0,0,0,,,,,#2AB7EF,1304.2822680473328,False,space,correct rejection,None,432.35087394714355,,40,15,1back_single_main_click,1,,7,6,13,24,12,,,,,,,,,,22,03,yes,no,no,2025-07-29_14h42.07.153,EXNAT_4_TMS_Psychopy2024.2.5.psyexp,2024.2.5,2025-07-29 14h46.27.272763 +0200,
0,0,0,,,,,0,0,0,0,,,,,#F989A2,1304.937304019928,False,space,correct rejection,None,433.37368965148926,,41,15,1back_single_main_click,1,,8,6,14,24,12,1304.9923524856567,,,,,,,,,22,03,yes,no,no,2025-07-29_14h42.07.153,EXNAT_4_TMS_Psychopy2024.2.5.psyexp,2024.2.5,2025-07-29 14h46.27.272763 +0200,
0,0,0,,,,,0,0,0,0,,,,,#F989A2,1305.5947711467743,True,l,hit,463.9317989349365,735.7954978942871,,42,15,1back_single_main_click,1,,8,6,14,24,12,,,,,,,,,,22,03,yes,no,no,2025-07-29_14h42.07.153,EXNAT_4_TMS_Psychopy2024.2.5.psyexp,2024.2.5,2025-07-29 14h46.27.272763 +0200,
0,0,0,,,,,0,0,0,0,,,,,#2AB7EF,1306.5544288158417,False,space,correct rejection,None,432.2950839996338,,43,15,1back_single_main_click,1,,8,6,14,24,12,,,,,,,,,,22,03,yes,no,no,2025-07-29_14h42.07.153,EXNAT_4_TMS_Psychopy2024.2.5.psyexp,2024.2.5,2025-07-29 14h46.27.272763 +0200,
0,0,0,,,,,0,0,0,0,,,,,#88BA3F,1307.2106275558472,False,space,correct rejection,None,400.0988006591797,,44,15,1back_single_main_click,1,,8,6,14,24,12,,,,,,,,,,22,03,yes,no,no,2025-07-29_14h42.07.153,EXNAT_4_TMS_Psychopy2024.2.5.psyexp,2024.2.5,2025-07-29 14h46.27.272763 +0200,
0,0,0,,,,,0,0,0,0,,,,,#88BA3F,1307.8345255851746,True,l,hit,464.1993045806885,704.0309906005859,,45,15,1back_single_main_click,1,,8,6,14,24,12,,,,,,,,,,22,03,yes,no,no,2025-07-29_14h42.07.153,EXNAT_4_TMS_Psychopy2024.2.5.psyexp,2024.2.5,2025-07-29 14h46.27.272763 +0200,
0,0,0,,,,,0,0,0,0,,,,,#D292F3,1308.7622601985931,False,space,correct rejection,None,432.3618412017822,,46,15,1back_single_main_click,1,,8,6,14,24,12,,,,,,,,,,22,03,yes,no,no,2025-07-29_14h42.07.153,EXNAT_4_TMS_Psychopy2024.2.5.psyexp,2024.2.5,2025-07-29 14h46.27.272763 +0200,
0,0,0,,,,,0,0,0,0,,,,,#D292F3,1309.4185757637024,True,l,hit,463.9616012573242,719.825267791748,,47,15,1back_single_main_click,1,,8,7,15,24,12,1309.9922547340393,,,,,,,,,22,03,yes,no,no,2025-07-29_14h42.07.153,EXNAT_4_TMS_Psychopy2024.2.5.psyexp,2024.2.5,2025-07-29 14h46.27.272763 +0200,
0,0,0,,,,,0,0,0,0,,,,,#2AB7EF,1310.3605892658234,False,space,correct rejection,None,370.1779842376709,,48,15,1back_single_main_click,1,,8,7,15,24,12,,,,,,,,,,22,03,yes,no,no,2025-07-29_14h42.07.153,EXNAT_4_TMS_Psychopy2024.2.5.psyexp,2024.2.5,2025-07-29 14h46.27.272763 +0200,
0,0,0,,,,,0,0,0,0,,,,,#2AB7EF,1310.9546632766724,True,l,hit,480.01861572265625,735.8736991882324,,49,15,1back_single_main_click,1,,8,7,15,24,12,,,,,,,,,,22,03,yes,no,no,2025-07-29_14h42.07.153,EXNAT_4_TMS_Psychopy2024.2.5.psyexp,2024.2.5,2025-07-29 14h46.27.272763 +0200,
0,0,0,,,,,0,0,0,0,,,,,#2AB7EF,1311.9142580032349,True,l,hit,528.5229682922363,816.1942958831787,,50,15,1back_single_main_click,1,,8,7,15,24,12,,,,,,,,,,22,03,yes,no,no,2025-07-29_14h42.07.153,EXNAT_4_TMS_Psychopy2024.2.5.psyexp,2024.2.5,2025-07-29 14h46.27.272763 +0200,
0,0,0,,,,,0,0,0,0,,,,,#88BA3F,1312.9536230564117,False,space,correct rejection,None,401.02171897888184,,51,15,1back_single_main_click,1,,8,7,15,24,12,,,,,,,,,,22,03,yes,no,no,2025-07-29_14h42.07.153,EXNAT_4_TMS_Psychopy2024.2.5.psyexp,2024.2.5,2025-07-29 14h46.27.272763 +0200,
0,0,0,,,,,0,0,0,0,,,,,#F989A2,1313.578623533249,False,space,correct rejection,None,416.0573482513428,,52,15,1back_single_main_click,1,,8,7,15,24,12,,,,,,,,,,22,03,yes,no,no,2025-07-29_14h42.07.153,EXNAT_4_TMS_Psychopy2024.2.5.psyexp,2024.2.5,2025-07-29 14h46.27.272763 +0200,
0,0,0,,,,,0,0,0,0,,,,,#88BA3F,1314.2185292243958,False,space,correct rejection,None,448.08411598205566,,53,15,1back_single_main_click,1,,8,7,15,24,12,,,,,,,,,,22,03,yes,no,no,2025-07-29_14h42.07.153,EXNAT_4_TMS_Psychopy2024.2.5.psyexp,2024.2.5,2025-07-29 14h46.27.272763 +0200,
0,0,0,,,,,0,0,0,0,,,,,#D292F3,1314.89035654068,False,space,correct rejection,None,368.18790435791016,,54,15,1back_single_main_click,1,,9,7,16,24,12,1314.9924502372742,,,,,,,,,22,03,yes,no,no,2025-07-29_14h42.07.153,EXNAT_4_TMS_Psychopy2024.2.5.psyexp,2024.2.5,2025-07-29 14h46.27.272763 +0200,
0,0,0,,,,,0,0,0,0,,,,,#2AB7EF,1315.4820096492767,False,space,correct rejection,None,448.64344596862793,,55,15,1back_single_main_click,1,,9,7,16,24,12,,,,,,,,,,22,03,yes,no,no,2025-07-29_14h42.07.153,EXNAT_4_TMS_Psychopy2024.2.5.psyexp,2024.2.5,2025-07-29 14h46.27.272763 +0200,
0,0,0,,,,,0,0,0,0,,,,,#88BA3F,1316.1542649269104,False,space,correct rejection,None,592.4813747406006,,56,15,1back_single_main_click,1,,9,7,16,24,12,,,,,,,,,,22,03,yes,no,no,2025-07-29_14h42.07.153,EXNAT_4_TMS_Psychopy2024.2.5.psyexp,2024.2.5,2025-07-29 14h46.27.272763 +0200,
0,0,0,,,,,0,0,0,0,,,,,#2AB7EF,1316.970581293106,False,space,correct rejection,None,448.1792449951172,,57,15,1back_single_main_click,1,,9,7,16,24,12,,,,,,,,,,22,03,yes,no,no,2025-07-29_14h42.07.153,EXNAT_4_TMS_Psychopy2024.2.5.psyexp,2024.2.5,2025-07-29 14h46.27.272763 +0200,
0,0,0,,,,,0,0,0,0,,,,,#D292F3,1317.6436443328857,False,space,correct rejection,None,462.86964416503906,,58,15,1back_single_main_click,1,,9,7,16,24,12,,,,,,,,,,22,03,yes,no,no,2025-07-29_14h42.07.153,EXNAT_4_TMS_Psychopy2024.2.5.psyexp,2024.2.5,2025-07-29 14h46.27.272763 +0200,
0,0,0,,,,,0,0,0,0,,,,,#F989A2,1318.330143213272,False,space,correct rejection,None,384.540319442749,,59,15,1back_single_main_click,1,,9,7,16,24,12,,,,,,,,,,22,03,yes,no,no,2025-07-29_14h42.07.153,EXNAT_4_TMS_Psychopy2024.2.5.psyexp,2024.2.5,2025-07-29 14h46.27.272763 +0200,
0,0,0,,,,,0,0,0,0,,,,,#F989A2,1318.93856883049,True,space,miss,None,303.9512634277344,,60,15,1back_single_main_click,1,,9,7,16,24,12,,,,,,,,,,22,03,yes,no,no,2025-07-29_14h42.07.153,EXNAT_4_TMS_Psychopy2024.2.5.psyexp,2024.2.5,2025-07-29 14h46.27.272763 +0200,
0,0,0,,,,,0,0,0,0,,,,,#F989A2,1322.7113132476807,False,space,correct rejection,None,547.278881072998,,1,16,1back_single_main_click,1,,9,7,16,24,12,,,,,,,,,,22,03,yes,no,no,2025-07-29_14h42.07.153,EXNAT_4_TMS_Psychopy2024.2.5.psyexp,2024.2.5,2025-07-29 14h46.27.272763 +0200,
0,0,0,,,,,0,0,0,0,,,,,#D292F3,1323.4715275764465,False,space,correct rejection,None,539.0028953552246,,2,16,1back_single_main_click,1,,9,7,16,24,12,,,,,,,,,,22,03,yes,no,no,2025-07-29_14h42.07.153,EXNAT_4_TMS_Psychopy2024.2.5.psyexp,2024.2.5,2025-07-29 14h46.27.272763 +0200,
0,0,0,,,,,0,0,0,0,,,,,#D292F3,1324.2258169651031,True,l,hit,472.74255752563477,760.749101638794,,3,16,1back_single_main_click,1,,9,8,17,24,12,1324.2851860523224,,,,,,,,,22,03,yes,no,no,2025-07-29_14h42.07.153,EXNAT_4_TMS_Psychopy2024.2.5.psyexp,2024.2.5,2025-07-29 14h46.27.272763 +0200,
0,0,0,,,,,0,0,0,0,,,,,#F989A2,1325.2033667564392,False,space,correct rejection,None,391.3252353668213,,4,16,1back_single_main_click,1,,9,8,17,24,12,,,,,,,,,,22,03,yes,no,no,2025-07-29_14h42.07.153,EXNAT_4_TMS_Psychopy2024.2.5.psyexp,2024.2.5,2025-07-29 14h46.27.272763 +0200,
0,0,0,,,,,0,0,0,0,,,,,#D292F3,1325.8116500377655,False,space,correct rejection,None,503.07202339172363,,5,16,1back_single_main_click,1,,9,8,17,24,12,,,,,,,,,,22,03,yes,no,no,2025-07-29_14h42.07.153,EXNAT_4_TMS_Psychopy2024.2.5.psyexp,2024.2.5,2025-07-29 14h46.27.272763 +0200,
0,0,0,,,,,0,0,0,0,,,,,#88BA3F,1326.5319402217865,False,space,correct rejection,None,470.5767631530762,,6,16,1back_single_main_click,1,,9,8,17,24,12,,,,,,,,,,22,03,yes,no,no,2025-07-29_14h42.07.153,EXNAT_4_TMS_Psychopy2024.2.5.psyexp,2024.2.5,2025-07-29 14h46.27.272763 +0200,
0,0,0,,,,,0,0,0,0,,,,,#2AB7EF,1327.218908071518,False,space,correct rejection,None,455.7831287384033,,7,16,1back_single_main_click,1,,9,8,17,24,12,,,,,,,,,,22,03,yes,no,no,2025-07-29_14h42.07.153,EXNAT_4_TMS_Psychopy2024.2.5.psyexp,2024.2.5,2025-07-29 14h46.27.272763 +0200,
0,0,0,,,,,0,0,0,0,,,,,#88BA3F,1327.8917791843414,False,space,correct rejection,None,614.9227619171143,,8,16,1back_single_main_click,1,,9,8,17,24,12,,,,,,,,,,22,03,yes,no,no,2025-07-29_14h42.07.153,EXNAT_4_TMS_Psychopy2024.2.5.psyexp,2024.2.5,2025-07-29 14h46.27.272763 +0200,
0,0,0,,,,,0,0,0,0,,,,,#2AB7EF,1328.7233793735504,False,space,correct rejection,None,535.2706909179688,,9,16,1back_single_main_click,1,,9,8,17,24,12,,,,,,,,,,22,03,yes,no,no,2025-07-29_14h42.07.153,EXNAT_4_TMS_Psychopy2024.2.5.psyexp,2024.2.5,2025-07-29 14h46.27.272763 +0200,
0,0,0,,,,,0,0,0,0,,,,,#88BA3F,1329.4756264686584,False,space,correct rejection,None,566.8659210205078,,10,16,1back_single_main_click,1,,10,8,18,24,12,1329.5351657867432,,,,,,,,,22,03,yes,no,no,2025-07-29_14h42.07.153,EXNAT_4_TMS_Psychopy2024.2.5.psyexp,2024.2.5,2025-07-29 14h46.27.272763 +0200,
0,0,0,,,,,0,0,0,0,,,,,#2AB7EF,1330.259259223938,False,space,correct rejection,None,487.4405860900879,,11,16,1back_single_main_click,1,,10,8,18,24,12,,,,,,,,,,22,03,yes,no,no,2025-07-29_14h42.07.153,EXNAT_4_TMS_Psychopy2024.2.5.psyexp,2024.2.5,2025-07-29 14h46.27.272763 +0200,
0,0,0,,,,,0,0,0,0,,,,,#F989A2,1330.9634730815887,False,space,correct rejection,None,583.2118988037109,,12,16,1back_single_main_click,1,,10,8,18,24,12,,,,,,,,,,22,03,yes,no,no,2025-07-29_14h42.07.153,EXNAT_4_TMS_Psychopy2024.2.5.psyexp,2024.2.5,2025-07-29 14h46.27.272763 +0200,
0,0,0,,,,,0,0,0,0,,,,,#2AB7EF,1331.7703971862793,False,space,correct rejection,None,464.28561210632324,,13,16,1back_single_main_click,1,,10,8,18,24,12,,,,,,,,,,22,03,yes,no,no,2025-07-29_14h42.07.153,EXNAT_4_TMS_Psychopy2024.2.5.psyexp,2024.2.5,2025-07-29 14h46.27.272763 +0200,
0,0,0,,,,,0,0,0,0,,,,,#2AB7EF,1332.4584782123566,True,l,hit,464.2488956451416,752.1159648895264,,14,16,1back_single_main_click,1,,10,8,18,24,12,,,,,,,,,,22,03,yes,no,no,2025-07-29_14h42.07.153,EXNAT_4_TMS_Psychopy2024.2.5.psyexp,2024.2.5,2025-07-29 14h46.27.272763 +0200,
0,0,0,,,,,0,0,0,0,,,,,#D292F3,1333.4342694282532,False,space,correct rejection,None,416.46265983581543,,15,16,1back_single_main_click,1,,10,8,18,24,12,,,,,,,,,,22,03,yes,no,no,2025-07-29_14h42.07.153,EXNAT_4_TMS_Psychopy2024.2.5.psyexp,2024.2.5,2025-07-29 14h46.27.272763 +0200,
0,0,0,,,,,0,0,0,0,,,,,#D292F3,1334.074651479721,True,l,hit,448.09556007385254,767.972469329834,,16,16,1back_single_main_click,1,,10,9,19,24,12,1334.5350608825684,,,,,,,,,22,03,yes,no,no,2025-07-29_14h42.07.153,EXNAT_4_TMS_Psychopy2024.2.5.psyexp,2024.2.5,2025-07-29 14h46.27.272763 +0200,
0,0,0,,,,,0,0,0,0,,,,,#88BA3F,1335.06640291214,False,space,correct rejection,None,480.358362197876,,17,16,1back_single_main_click,1,,10,9,19,24,12,,,,,,,,,,22,03,yes,no,no,2025-07-29_14h42.07.153,EXNAT_4_TMS_Psychopy2024.2.5.psyexp,2024.2.5,2025-07-29 14h46.27.272763 +0200,
0,0,0,,,,,0,0,0,0,,,,,#F989A2,1335.7704539299011,False,space,correct rejection,None,544.2750453948975,,18,16,1back_single_main_click,1,,10,9,19,24,12,,,,,,,,,,22,03,yes,no,no,2025-07-29_14h42.07.153,EXNAT_4_TMS_Psychopy2024.2.5.psyexp,2024.2.5,2025-07-29 14h46.27.272763 +0200,
0,0,0,,,,,0,0,0,0,,,,,#F989A2,1336.538404226303,True,space,miss,None,480.27753829956055,,19,16,1back_single_main_click,1,,10,9,19,24,12,,,,,,,,,,22,03,yes,no,no,2025-07-29_14h42.07.153,EXNAT_4_TMS_Psychopy2024.2.5.psyexp,2024.2.5,2025-07-29 14h46.27.272763 +0200,
0,0,0,,,,,0,0,0,0,,,,,#2AB7EF,1337.242369890213,False,space,correct rejection,None,496.31285667419434,,20,16,1back_single_main_click,1,,10,9,19,24,12,,,,,,,,,,22,03,yes,no,no,2025-07-29_14h42.07.153,EXNAT_4_TMS_Psychopy2024.2.5.psyexp,2024.2.5,2025-07-29 14h46.27.272763 +0200,
0,0,0,,,,,0,0,0,0,,,,,#D292F3,1337.9619908332825,False,space,correct rejection,None,480.6957244873047,,21,16,1back_single_main_click,1,,10,9,19,24,12,,,,,,,,,,22,03,yes,no,no,2025-07-29_14h42.07.153,EXNAT_4_TMS_Psychopy2024.2.5.psyexp,2024.2.5,2025-07-29 14h46.27.272763 +0200,
0,0,0,,,,,0,0,0,0,,,,,#88BA3F,1338.6665132045746,False,space,correct rejection,None,544.1944599151611,,22,16,1back_single_main_click,1,,10,9,19,24,12,,,,,,,,,,22,03,yes,no,no,2025-07-29_14h42.07.153,EXNAT_4_TMS_Psychopy2024.2.5.psyexp,2024.2.5,2025-07-29 14h46.27.272763 +0200,
0,0,0,,,,,0,0,0,0,,,,,#88BA3F,1339.434648990631,True,l,hit,560.0283145904541,831.8946361541748,,23,16,1back_single_main_click,1,,10,10,20,24,12,1339.535187959671,,,,,,,,,22,03,yes,no,no,2025-07-29_14h42.07.153,EXNAT_4_TMS_Psychopy2024.2.5.psyexp,2024.2.5,2025-07-29 14h46.27.272763 +0200,
0,0,0,,,,,0,0,0,0,,,,,#F989A2,1340.4902720451355,False,space,correct rejection,None,416.41712188720703,,24,16,1back_single_main_click,1,,10,10,20,24,12,,,,,,,,,,22,03,yes,no,no,2025-07-29_14h42.07.153,EXNAT_4_TMS_Psychopy2024.2.5.psyexp,2024.2.5,2025-07-29 14h46.27.272763 +0200,
0,0,0,,,,,0,0,0,0,,,,,#2AB7EF,1341.1305816173553,False,space,correct rejection,None,608.0973148345947,,25,16,1back_single_main_click,1,,10,10,20,24,12,,,,,,,,,,22,03,yes,no,no,2025-07-29_14h42.07.153,EXNAT_4_TMS_Psychopy2024.2.5.psyexp,2024.2.5,2025-07-29 14h46.27.272763 +0200,
0,0,0,,,,,0,0,0,0,,,,,#F989A2,1341.9623925685883,False,space,correct rejection,None,336.3912105560303,,26,16,1back_single_main_click,1,,10,10,20,24,12,,,,,,,,,,22,03,yes,no,no,2025-07-29_14h42.07.153,EXNAT_4_TMS_Psychopy2024.2.5.psyexp,2024.2.5,2025-07-29 14h46.27.272763 +0200,
0,0,0,,,,,0,0,0,0,,,,,#F989A2,1342.5226602554321,True,space,miss,None,896.1031436920166,,27,16,1back_single_main_click,1,,10,10,20,24,12,,,,,,,,,,22,03,yes,no,no,2025-07-29_14h42.07.153,EXNAT_4_TMS_Psychopy2024.2.5.psyexp,2024.2.5,2025-07-29 14h46.27.272763 +0200,
0,0,0,,,,,0,0,0,0,,,,,#D292F3,1343.6427886486053,False,space,correct rejection,None,559.9195957183838,,28,16,1back_single_main_click,1,,10,10,20,24,12,,,,,,,,,,22,03,yes,no,no,2025-07-29_14h42.07.153,EXNAT_4_TMS_Psychopy2024.2.5.psyexp,2024.2.5,2025-07-29 14h46.27.272763 +0200,
0,0,0,,,,,0,0,0,0,,,,,#88BA3F,1344.4263715744019,False,space,correct rejection,None,528.2871723175049,,29,16,1back_single_main_click,1,,11,10,21,24,12,1344.5352430343628,,,,,,,,,22,03,yes,no,no,2025-07-29_14h42.07.153,EXNAT_4_TMS_Psychopy2024.2.5.psyexp,2024.2.5,2025-07-29 14h46.27.272763 +0200,
0,0,0,,,,,0,0,0,0,,,,,#D292F3,1345.1785435676575,False,space,correct rejection,None,496.1585998535156,,30,16,1back_single_main_click,1,,11,10,21,24,12,,,,,,,,,,22,03,yes,no,no,2025-07-29_14h42.07.153,EXNAT_4_TMS_Psychopy2024.2.5.psyexp,2024.2.5,2025-07-29 14h46.27.272763 +0200,
0,0,0,,,,,0,0,0,0,,,,,#2AB7EF,1345.8986508846283,False,space,correct rejection,None,511.8885040283203,,31,16,1back_single_main_click,1,,11,10,21,24,12,,,,,,,,,,22,03,yes,no,no,2025-07-29_14h42.07.153,EXNAT_4_TMS_Psychopy2024.2.5.psyexp,2024.2.5,2025-07-29 14h46.27.272763 +0200,
0,0,0,,,,,0,0,0,0,,,,,#D292F3,1346.6343896389008,False,space,correct rejection,None,496.2449073791504,,32,16,1back_single_main_click,1,,11,10,21,24,12,,,,,,,,,,22,03,yes,no,no,2025-07-29_14h42.07.153,EXNAT_4_TMS_Psychopy2024.2.5.psyexp,2024.2.5,2025-07-29 14h46.27.272763 +0200,
0,0,0,,,,,0,0,0,0,,,,,#88BA3F,1347.35502576828,False,space,correct rejection,None,511.53063774108887,,33,16,1back_single_main_click,1,,11,10,21,24,12,,,,,,,,,,22,03,yes,no,no,2025-07-29_14h42.07.153,EXNAT_4_TMS_Psychopy2024.2.5.psyexp,2024.2.5,2025-07-29 14h46.27.272763 +0200,
0,0,0,,,,,0,0,0,0,,,,,#2AB7EF,1348.0906376838684,False,space,correct rejection,None,560.1131916046143,,34,16,1back_single_main_click,1,,11,10,21,24,12,,,,,,,,,,22,03,yes,no,no,2025-07-29_14h42.07.153,EXNAT_4_TMS_Psychopy2024.2.5.psyexp,2024.2.5,2025-07-29 14h46.27.272763 +0200,
0,0,0,,,,,0,0,0,0,,,,,#88BA3F,1348.8745126724243,False,space,correct rejection,None,1104.0096282958984,,35,16,1back_single_main_click,1,,12,10,22,24,12,1349.535176038742,,,,,,,,,22,03,yes,no,no,2025-07-29_14h42.07.153,EXNAT_4_TMS_Psychopy2024.2.5.psyexp,2024.2.5,2025-07-29 14h46.27.272763 +0200,
0,0,0,,,,,0,0,0,0,,,,,#F989A2,1350.202017068863,False,space,correct rejection,None,416.52989387512207,,36,16,1back_single_main_click,1,,12,10,22,24,12,,,,,,,,,,22,03,yes,no,no,2025-07-29_14h42.07.153,EXNAT_4_TMS_Psychopy2024.2.5.psyexp,2024.2.5,2025-07-29 14h46.27.272763 +0200,
0,0,0,,,,,0,0,0,0,,,,,#88BA3F,1350.8419208526611,False,space,correct rejection,None,464.7533893585205,,37,16,1back_single_main_click,1,,12,10,22,24,12,,,,,,,,,,22,03,yes,no,no,2025-07-29_14h42.07.153,EXNAT_4_TMS_Psychopy2024.2.5.psyexp,2024.2.5,2025-07-29 14h46.27.272763 +0200,
0,0,0,,,,,0,0,0,0,,,,,#2AB7EF,1351.53116440773,False,space,correct rejection,None,479.55322265625,,38,16,1back_single_main_click,1,,12,10,22,24,12,,,,,,,,,,22,03,yes,no,no,2025-07-29_14h42.07.153,EXNAT_4_TMS_Psychopy2024.2.5.psyexp,2024.2.5,2025-07-29 14h46.27.272763 +0200,
0,0,0,,,,,0,0,0,0,,,,,#2AB7EF,1352.2344422340393,True,l,hit,512.1753215789795,784.2044830322266,,39,16,1back_single_main_click,1,,12,10,22,24,12,,,,,,,,,,22,03,yes,no,no,2025-07-29_14h42.07.153,EXNAT_4_TMS_Psychopy2024.2.5.psyexp,2024.2.5,2025-07-29 14h46.27.272763 +0200,
0,0,0,,,,,0,0,0,0,,,,,#2AB7EF,1353.2423477172852,True,l,hit,432.45530128479004,768.263578414917,,40,16,1back_single_main_click,1,,12,10,22,24,12,,,,,,,,,,22,03,yes,no,no,2025-07-29_14h42.07.153,EXNAT_4_TMS_Psychopy2024.2.5.psyexp,2024.2.5,2025-07-29 14h46.27.272763 +0200,
0,0,0,,,,,0,0,0,0,,,,,#D292F3,1354.2346353530884,False,space,correct rejection,None,400.21324157714844,,41,16,1back_single_main_click,1,,12,10,22,24,12,,,,,,,,,,22,03,yes,no,no,2025-07-29_14h42.07.153,EXNAT_4_TMS_Psychopy2024.2.5.psyexp,2024.2.5,2025-07-29 14h46.27.272763 +0200,
0,0,0,,,,,0,0,0,0,,,,,#F989A2,1354.8585765361786,False,space,correct rejection,None,432.1882724761963,,42,16,1back_single_main_click,1,,12,10,22,24,12,,,,,,,,,,22,03,yes,no,no,2025-07-29_14h42.07.153,EXNAT_4_TMS_Psychopy2024.2.5.psyexp,2024.2.5,2025-07-29 14h46.27.272763 +0200,
0,0,0,,,,,0,0,0,0,,,,,#F989A2,1355.5145194530487,True,l,hit,496.1438179016113,736.06276512146,,43,16,1back_single_main_click,1,,12,10,22,24,12,,,,,,,,,,22,03,yes,no,no,2025-07-29_14h42.07.153,EXNAT_4_TMS_Psychopy2024.2.5.psyexp,2024.2.5,2025-07-29 14h46.27.272763 +0200,
0,0,0,,,,,0,0,0,0,,,,,#F989A2,1356.474617242813,True,l,hit,528.1028747558594,767.9882049560547,,44,16,1back_single_main_click,1,,12,11,23,24,12,1356.5306310653687,,,,,,,,,22,03,yes,no,no,2025-07-29_14h42.07.153,EXNAT_4_TMS_Psychopy2024.2.5.psyexp,2024.2.5,2025-07-29 14h46.27.272763 +0200,
0,0,0,,,,,0,0,0,0,,,,,#2AB7EF,1357.4660785198212,False,space,correct rejection,None,480.7276725769043,,45,16,1back_single_main_click,1,,12,11,23,24,12,,,,,,,,,,22,03,yes,no,no,2025-07-29_14h42.07.153,EXNAT_4_TMS_Psychopy2024.2.5.psyexp,2024.2.5,2025-07-29 14h46.27.272763 +0200,
0,0,0,,,,,0,0,0,0,,,,,#D292F3,1358.1705117225647,False,space,correct rejection,None,576.3700008392334,,46,16,1back_single_main_click,1,,12,11,23,24,12,,,,,,,,,,22,03,yes,no,no,2025-07-29_14h42.07.153,EXNAT_4_TMS_Psychopy2024.2.5.psyexp,2024.2.5,2025-07-29 14h46.27.272763 +0200,
0,0,0,,,,,0,0,0,0,,,,,#D292F3,1358.9703996181488,True,l,hit,592.4098491668701,880.3694248199463,,47,16,1back_single_main_click,1,,12,11,23,24,12,,,,,,,,,,22,03,yes,no,no,2025-07-29_14h42.07.153,EXNAT_4_TMS_Psychopy2024.2.5.psyexp,2024.2.5,2025-07-29 14h46.27.272763 +0200,
0,0,0,,,,,0,0,0,0,,,,,#88BA3F,1360.0744757652283,False,space,correct rejection,None,496.2122440338135,,48,16,1back_single_main_click,1,,12,11,23,24,12,,,,,,,,,,22,03,yes,no,no,2025-07-29_14h42.07.153,EXNAT_4_TMS_Psychopy2024.2.5.psyexp,2024.2.5,2025-07-29 14h46.27.272763 +0200,
0,0,0,,,,,0,0,0,0,,,,,#D292F3,1360.7943704128265,False,space,correct rejection,None,464.50257301330566,,49,16,1back_single_main_click,1,,12,11,23,24,12,,,,,,,,,,22,03,yes,no,no,2025-07-29_14h42.07.153,EXNAT_4_TMS_Psychopy2024.2.5.psyexp,2024.2.5,2025-07-29 14h46.27.272763 +0200,
0,0,0,,,,,0,0,0,0,,,,,#F989A2,1361.4827897548676,False,space,correct rejection,None,496.07324600219727,,50,16,1back_single_main_click,1,,12,11,23,24,12,,,,,,,,,,22,03,yes,no,no,2025-07-29_14h42.07.153,EXNAT_4_TMS_Psychopy2024.2.5.psyexp,2024.2.5,2025-07-29 14h46.27.272763 +0200,
0,0,0,,,,,0,0,0,0,,,,,#F989A2,1362.2029087543488,True,l,hit,639.9104595184326,879.7836303710938,,51,16,1back_single_main_click,1,,12,12,24,24,inf,1362.26038813591,,,,,,,,,22,03,yes,no,no,2025-07-29_14h42.07.153,EXNAT_4_TMS_Psychopy2024.2.5.psyexp,2024.2.5,2025-07-29 14h46.27.272763 +0200,
0,0,0,,,,,0,0,0,0,,,,,#88BA3F,1363.3065683841705,False,space,correct rejection,None,415.99059104919434,,52,16,1back_single_main_click,1,,12,12,24,24,inf,,,,,,,,,,22,03,yes,no,no,2025-07-29_14h42.07.153,EXNAT_4_TMS_Psychopy2024.2.5.psyexp,2024.2.5,2025-07-29 14h46.27.272763 +0200,
0,0,0,,,,,0,0,0,0,,,,,#D292F3,1363.946135044098,False,space,correct rejection,None,576.5368938446045,,53,16,1back_single_main_click,1,,12,12,24,24,inf,,,,,,,,,,22,03,yes,no,no,2025-07-29_14h42.07.153,EXNAT_4_TMS_Psychopy2024.2.5.psyexp,2024.2.5,2025-07-29 14h46.27.272763 +0200,
0,0,0,,,,,0,0,0,0,,,,,#2AB7EF,1364.7466094493866,False,space,correct rejection,None,480.15475273132324,,54,16,1back_single_main_click,1,,12,12,24,24,inf,,,,,,,,,,22,03,yes,no,no,2025-07-29_14h42.07.153,EXNAT_4_TMS_Psychopy2024.2.5.psyexp,2024.2.5,2025-07-29 14h46.27.272763 +0200,
0,0,0,,,,,0,0,0,0,,,,,#D292F3,1365.4511721134186,False,space,correct rejection,None,479.7101020812988,,55,16,1back_single_main_click,1,,12,12,24,24,inf,,,,,,,,,,22,03,yes,no,no,2025-07-29_14h42.07.153,EXNAT_4_TMS_Psychopy2024.2.5.psyexp,2024.2.5,2025-07-29 14h46.27.272763 +0200,
0,0,0,,,,,0,0,0,0,,,,,#2AB7EF,1366.1546700000763,False,space,correct rejection,None,496.06871604919434,,56,16,1back_single_main_click,1,,12,12,24,24,inf,,,,,,,,,,22,03,yes,no,no,2025-07-29_14h42.07.153,EXNAT_4_TMS_Psychopy2024.2.5.psyexp,2024.2.5,2025-07-29 14h46.27.272763 +0200,
0,0,0,,,,,0,0,0,0,,,,,#88BA3F,1366.8756823539734,False,space,correct rejection,None,511.08813285827637,,57,16,1back_single_main_click,1,,13,12,25,24,inf,1367.2603335380554,,,,,,,,,22,03,yes,no,no,2025-07-29_14h42.07.153,EXNAT_4_TMS_Psychopy2024.2.5.psyexp,2024.2.5,2025-07-29 14h46.27.272763 +0200,
0,0,0,,,,,0,0,0,0,,,,,#F989A2,1367.6101412773132,False,space,correct rejection,None,448.6370086669922,,58,16,1back_single_main_click,1,,13,12,25,24,inf,,,,,,,,,,22,03,yes,no,no,2025-07-29_14h42.07.153,EXNAT_4_TMS_Psychopy2024.2.5.psyexp,2024.2.5,2025-07-29 14h46.27.272763 +0200,
0,0,0,,,,,0,0,0,0,,,,,#88BA3F,1368.2826914787292,False,space,correct rejection,None,480.0550937652588,,59,16,1back_single_main_click,1,,13,12,25,24,inf,,,,,,,,,,22,03,yes,no,no,2025-07-29_14h42.07.153,EXNAT_4_TMS_Psychopy2024.2.5.psyexp,2024.2.5,2025-07-29 14h46.27.272763 +0200,
0,0,0,,,,,0,0,0,0,,,,,#2AB7EF,1368.9873831272125,False,space,correct rejection,None,479.2337417602539,,60,16,1back_single_main_click,1,,13,12,25,24,inf,,,,,,,,,,22,03,yes,no,no,2025-07-29_14h42.07.153,EXNAT_4_TMS_Psychopy2024.2.5.psyexp,2024.2.5,2025-07-29 14h46.27.272763 +0200,
0,0,0,,,,,0,0,0,0,,,,,#F989A2,1380.6369004249573,False,space,correct rejection,None,493.7915802001953,,1,17,2back_single_main_click,2,,1,0,1,24,12,1380.6945507526398,,,,,,,,,22,03,yes,no,no,2025-07-29_14h42.07.153,EXNAT_4_TMS_Psychopy2024.2.5.psyexp,2024.2.5,2025-07-29 14h46.27.272763 +0200,
0,0,0,,,,,0,0,0,0,,,,,#2AB7EF,1381.3428304195404,False,space,correct rejection,None,427.9475212097168,,2,17,2back_single_main_click,2,,1,0,1,24,12,,,,,,,,,,22,03,yes,no,no,2025-07-29_14h42.07.153,EXNAT_4_TMS_Psychopy2024.2.5.psyexp,2024.2.5,2025-07-29 14h46.27.272763 +0200,
0,0,0,,,,,0,0,0,0,,,,,#88BA3F,1381.9837715625763,False,space,correct rejection,None,426.81431770324707,,3,17,2back_single_main_click,2,,1,0,1,24,12,,,,,,,,,,22,03,yes,no,no,2025-07-29_14h42.07.153,EXNAT_4_TMS_Psychopy2024.2.5.psyexp,2024.2.5,2025-07-29 14h46.27.272763 +0200,
0,0,0,,,,,0,0,0,0,,,,,#2AB7EF,1382.6272435188293,True,space,miss,None,423.56371879577637,,4,17,2back_single_main_click,2,,1,0,1,24,12,,,,,,,,,,22,03,yes,no,no,2025-07-29_14h42.07.153,EXNAT_4_TMS_Psychopy2024.2.5.psyexp,2024.2.5,2025-07-29 14h46.27.272763 +0200,
0,0,0,,,,,0,0,0,0,,,,,#F989A2,1383.2677869796753,False,space,correct rejection,None,406.91089630126953,,5,17,2back_single_main_click,2,,1,0,1,24,12,,,,,,,,,,22,03,yes,no,no,2025-07-29_14h42.07.153,EXNAT_4_TMS_Psychopy2024.2.5.psyexp,2024.2.5,2025-07-29 14h46.27.272763 +0200,
0,0,0,,,,,0,0,0,0,,,,,#D292F3,1383.8908302783966,False,space,correct rejection,None,343.977689743042,,6,17,2back_single_main_click,2,,1,0,1,24,12,,,,,,,,,,22,03,yes,no,no,2025-07-29_14h42.07.153,EXNAT_4_TMS_Psychopy2024.2.5.psyexp,2024.2.5,2025-07-29 14h46.27.272763 +0200,
0,0,0,,,,,0,0,0,0,,,,,#F989A2,1384.4514994621277,True,l,hit,375.20527839660645,726.945161819458,,7,17,2back_single_main_click,2,,1,0,1,24,12,,,,,,,,,,22,03,yes,no,no,2025-07-29_14h42.07.153,EXNAT_4_TMS_Psychopy2024.2.5.psyexp,2024.2.5,2025-07-29 14h46.27.272763 +0200,
0,0,0,,,,,0,0,0,0,,,,,#D292F3,1385.395577430725,True,space,miss,None,439.12768363952637,,8,17,2back_single_main_click,2,,1,1,2,24,12,1385.6945540904999,,,,,,,,,22,03,yes,no,no,2025-07-29_14h42.07.153,EXNAT_4_TMS_Psychopy2024.2.5.psyexp,2024.2.5,2025-07-29 14h46.27.272763 +0200,
0,0,0,,,,,0,0,0,0,,,,,#88BA3F,1386.0583970546722,False,space,correct rejection,None,496.28281593322754,,9,17,2back_single_main_click,2,,1,1,2,24,12,,,,,,,,,,22,03,yes,no,no,2025-07-29_14h42.07.153,EXNAT_4_TMS_Psychopy2024.2.5.psyexp,2024.2.5,2025-07-29 14h46.27.272763 +0200,
0,0,0,,,,,0,0,0,0,,,,,#2AB7EF,1386.778493642807,False,space,correct rejection,None,480.22985458374023,,10,17,2back_single_main_click,2,,1,1,2,24,12,,,,,,,,,,22,03,yes,no,no,2025-07-29_14h42.07.153,EXNAT_4_TMS_Psychopy2024.2.5.psyexp,2024.2.5,2025-07-29 14h46.27.272763 +0200,
0,0,0,,,,,0,0,0,0,,,,,#88BA3F,1387.482711315155,True,space,miss,None,368.0112361907959,,11,17,2back_single_main_click,2,,1,1,2,24,12,,,,,,,,,,22,03,yes,no,no,2025-07-29_14h42.07.153,EXNAT_4_TMS_Psychopy2024.2.5.psyexp,2024.2.5,2025-07-29 14h46.27.272763 +0200,
0,0,0,,,,,0,0,0,0,,,,,#D292F3,1388.0745284557343,False,space,correct rejection,None,528.1949043273926,,12,17,2back_single_main_click,2,,1,1,2,24,12,,,,,,,,,,22,03,yes,no,no,2025-07-29_14h42.07.153,EXNAT_4_TMS_Psychopy2024.2.5.psyexp,2024.2.5,2025-07-29 14h46.27.272763 +0200,
0,0,0,,,,,0,0,0,0,,,,,#2AB7EF,1388.8263957500458,False,space,correct rejection,None,400.31933784484863,,13,17,2back_single_main_click,2,,1,1,2,24,12,,,,,,,,,,22,03,yes,no,no,2025-07-29_14h42.07.153,EXNAT_4_TMS_Psychopy2024.2.5.psyexp,2024.2.5,2025-07-29 14h46.27.272763 +0200,
0,0,0,,,,,0,0,0,0,,,,,#88BA3F,1389.4505178928375,False,space,correct rejection,None,464.0369415283203,,14,17,2back_single_main_click,2,,1,1,2,24,12,,,,,,,,,,22,03,yes,no,no,2025-07-29_14h42.07.153,EXNAT_4_TMS_Psychopy2024.2.5.psyexp,2024.2.5,2025-07-29 14h46.27.272763 +0200,
0,0,0,,,,,0,0,0,0,,,,,#F989A2,1390.1382684707642,False,space,correct rejection,None,512.5505924224854,,15,17,2back_single_main_click,2,,1,1,2,24,12,,,,,,,,,,22,03,yes,no,no,2025-07-29_14h42.07.153,EXNAT_4_TMS_Psychopy2024.2.5.psyexp,2024.2.5,2025-07-29 14h46.27.272763 +0200,
0,0,0,,,,,0,0,0,0,,,,,#F989A2,1390.8748066425323,False,space,correct rejection,None,943.9883232116699,,16,17,2back_single_main_click,2,,2,1,3,24,12,1390.930320262909,,,,,,,,,22,03,yes,no,no,2025-07-29_14h42.07.153,EXNAT_4_TMS_Psychopy2024.2.5.psyexp,2024.2.5,2025-07-29 14h46.27.272763 +0200,
0,0,0,,,,,0,0,0,0,,,,,#F989A2,1392.0425367355347,True,l,hit,592.2458171844482,880.0637722015381,,17,17,2back_single_main_click,2,,2,1,3,24,12,,,,,,,,,,22,03,yes,no,no,2025-07-29_14h42.07.153,EXNAT_4_TMS_Psychopy2024.2.5.psyexp,2024.2.5,2025-07-29 14h46.27.272763 +0200,
0,0,0,,,,,0,0,0,0,,,,,#D292F3,1393.1463994979858,False,space,correct rejection,None,592.3862457275391,,18,17,2back_single_main_click,2,,2,1,3,24,12,,,,,,,,,,22,03,yes,no,no,2025-07-29_14h42.07.153,EXNAT_4_TMS_Psychopy2024.2.5.psyexp,2024.2.5,2025-07-29 14h46.27.272763 +0200,
0,0,0,,,,,0,0,0,0,,,,,#88BA3F,1393.962789773941,False,space,correct rejection,None,512.0551586151123,,19,17,2back_single_main_click,2,,2,1,3,24,12,,,,,,,,,,22,03,yes,no,no,2025-07-29_14h42.07.153,EXNAT_4_TMS_Psychopy2024.2.5.psyexp,2024.2.5,2025-07-29 14h46.27.272763 +0200,
0,0,0,,,,,0,0,0,0,,,,,#2AB7EF,1394.6994986534119,False,space,correct rejection,None,415.3320789337158,,20,17,2back_single_main_click,2,,2,1,3,24,12,,,,,,,,,,22,03,yes,no,no,2025-07-29_14h42.07.153,EXNAT_4_TMS_Psychopy2024.2.5.psyexp,2024.2.5,2025-07-29 14h46.27.272763 +0200,
0,0,0,,,,,0,0,0,0,,,,,#D292F3,1395.3386557102203,False,space,correct rejection,None,464.0324115753174,,21,17,2back_single_main_click,2,,2,1,3,24,12,,,,,,,,,,22,03,yes,no,no,2025-07-29_14h42.07.153,EXNAT_4_TMS_Psychopy2024.2.5.psyexp,2024.2.5,2025-07-29 14h46.27.272763 +0200,
0,0,0,,,,,0,0,0,0,,,,,#D292F3,1396.0265884399414,False,space,correct rejection,None,352.142333984375,,22,17,2back_single_main_click,2,,3,1,4,24,12,1396.0814473628998,,,,,,,,,22,03,yes,no,no,2025-07-29_14h42.07.153,EXNAT_4_TMS_Psychopy2024.2.5.psyexp,2024.2.5,2025-07-29 14h46.27.272763 +0200,
0,0,0,,,,,0,0,0,0,,,,,#88BA3F,1396.602528333664,False,space,correct rejection,None,896.1396217346191,,23,17,2back_single_main_click,2,,3,1,4,24,12,,,,,,,,,,22,03,yes,no,no,2025-07-29_14h42.07.153,EXNAT_4_TMS_Psychopy2024.2.5.psyexp,2024.2.5,2025-07-29 14h46.27.272763 +0200,
0,0,0,,,,,0,0,0,0,,,,,#2AB7EF,1397.7224576473236,False,space,correct rejection,None,304.34584617614746,,24,17,2back_single_main_click,2,,3,1,4,24,12,,,,,,,,,,22,03,yes,no,no,2025-07-29_14h42.07.153,EXNAT_4_TMS_Psychopy2024.2.5.psyexp,2024.2.5,2025-07-29 14h46.27.272763 +0200,
0,0,0,,,,,0,0,0,0,,,,,#D292F3,1398.2506964206696,False,space,correct rejection,None,479.9978733062744,,25,17,2back_single_main_click,2,,3,1,4,24,12,,,,,,,,,,22,03,yes,no,no,2025-07-29_14h42.07.153,EXNAT_4_TMS_Psychopy2024.2.5.psyexp,2024.2.5,2025-07-29 14h46.27.272763 +0200,
0,0,0,,,,,0,0,0,0,,,,,#2AB7EF,1398.9545946121216,True,space,miss,None,352.13518142700195,,26,17,2back_single_main_click,2,,3,1,4,24,12,,,,,,,,,,22,03,yes,no,no,2025-07-29_14h42.07.153,EXNAT_4_TMS_Psychopy2024.2.5.psyexp,2024.2.5,2025-07-29 14h46.27.272763 +0200,
0,0,0,,,,,0,0,0,0,,,,,#D292F3,1399.5309147834778,True,l,hit,463.8817310333252,799.7217178344727,,27,17,2back_single_main_click,2,,3,1,4,24,12,,,,,,,,,,22,03,yes,no,no,2025-07-29_14h42.07.153,EXNAT_4_TMS_Psychopy2024.2.5.psyexp,2024.2.5,2025-07-29 14h46.27.272763 +0200,
0,0,0,,,,,0,0,0,0,,,,,#88BA3F,1400.5547397136688,False,space,correct rejection,None,655.9367179870605,,28,17,2back_single_main_click,2,,3,1,4,24,12,,,,,,,,,,22,03,yes,no,no,2025-07-29_14h42.07.153,EXNAT_4_TMS_Psychopy2024.2.5.psyexp,2024.2.5,2025-07-29 14h46.27.272763 +0200,
0,0,0,,,,,0,0,0,0,,,,,#F989A2,1401.4345216751099,False,space,correct rejection,None,560.183048248291,,29,17,2back_single_main_click,2,,3,1,4,24,12,,,,,,,,,,22,03,yes,no,no,2025-07-29_14h42.07.153,EXNAT_4_TMS_Psychopy2024.2.5.psyexp,2024.2.5,2025-07-29 14h46.27.272763 +0200,
0,0,0,,,,,0,0,0,0,,,,,#2AB7EF,1402.2186596393585,False,space,correct rejection,None,608.1192493438721,,30,17,2back_single_main_click,2,,3,1,4,24,12,,,,,,,,,,22,03,yes,no,no,2025-07-29_14h42.07.153,EXNAT_4_TMS_Psychopy2024.2.5.psyexp,2024.2.5,2025-07-29 14h46.27.272763 +0200,
0,0,0,,,,,0,0,0,0,,,,,#D292F3,1403.050659418106,False,space,correct rejection,None,448.03571701049805,,31,17,2back_single_main_click,2,,3,1,4,24,12,,,,,,,,,,22,03,yes,no,no,2025-07-29_14h42.07.153,EXNAT_4_TMS_Psychopy2024.2.5.psyexp,2024.2.5,2025-07-29 14h46.27.272763 +0200,
0,0,0,,,,,0,0,0,0,,,,,#2AB7EF,1403.7229154109955,True,l,hit,415.7736301422119,703.6597728729248,,32,17,2back_single_main_click,2,,3,2,5,24,12,1403.7818098068237,,,,,,,,,22,03,yes,no,no,2025-07-29_14h42.07.153,EXNAT_4_TMS_Psychopy2024.2.5.psyexp,2024.2.5,2025-07-29 14h46.27.272763 +0200,
0,0,0,,,,,0,0,0,0,,,,,#F989A2,1404.6504020690918,False,space,correct rejection,None,368.12806129455566,,33,17,2back_single_main_click,2,,3,2,5,24,12,,,,,,,,,,22,03,yes,no,no,2025-07-29_14h42.07.153,EXNAT_4_TMS_Psychopy2024.2.5.psyexp,2024.2.5,2025-07-29 14h46.27.272763 +0200,
0,0,0,,,,,0,0,0,0,,,,,#88BA3F,1405.2425332069397,False,space,correct rejection,None,528.0330181121826,,34,17,2back_single_main_click,2,,3,2,5,24,12,,,,,,,,,,22,03,yes,no,no,2025-07-29_14h42.07.153,EXNAT_4_TMS_Psychopy2024.2.5.psyexp,2024.2.5,2025-07-29 14h46.27.272763 +0200,
0,0,0,,,,,0,0,0,0,,,,,#F989A2,1405.994074344635,True,space,miss,None,480.64184188842773,,35,17,2back_single_main_click,2,,3,2,5,24,12,,,,,,,,,,22,03,yes,no,no,2025-07-29_14h42.07.153,EXNAT_4_TMS_Psychopy2024.2.5.psyexp,2024.2.5,2025-07-29 14h46.27.272763 +0200,
0,0,0,,,,,0,0,0,0,,,,,#88BA3F,1406.698622226715,True,l,hit,448.0876922607422,767.9510116577148,,36,17,2back_single_main_click,2,,3,2,5,24,12,,,,,,,,,,22,03,yes,no,no,2025-07-29_14h42.07.153,EXNAT_4_TMS_Psychopy2024.2.5.psyexp,2024.2.5,2025-07-29 14h46.27.272763 +0200,
0,0,0,,,,,0,0,0,0,,,,,#F989A2,1407.690580368042,True,space,miss,None,495.9902763366699,,37,17,2back_single_main_click,2,,3,2,5,24,12,,,,,,,,,,22,03,yes,no,no,2025-07-29_14h42.07.153,EXNAT_4_TMS_Psychopy2024.2.5.psyexp,2024.2.5,2025-07-29 14h46.27.272763 +0200,
0,0,0,,,,,0,0,0,0,,,,,#2AB7EF,1408.4102709293365,False,space,correct rejection,None,528.2366275787354,,38,17,2back_single_main_click,2,,4,2,6,24,12,1408.781753540039,,,,,,,,,22,03,yes,no,no,2025-07-29_14h42.07.153,EXNAT_4_TMS_Psychopy2024.2.5.psyexp,2024.2.5,2025-07-29 14h46.27.272763 +0200,
0,0,0,,,,,0,0,0,0,,,,,#88BA3F,1409.1620156764984,False,space,correct rejection,None,480.7872772216797,,39,17,2back_single_main_click,2,,4,2,6,24,12,,,,,,,,,,22,03,yes,no,no,2025-07-29_14h42.07.153,EXNAT_4_TMS_Psychopy2024.2.5.psyexp,2024.2.5,2025-07-29 14h46.27.272763 +0200,
0,0,0,,,,,0,0,0,0,,,,,#88BA3F,1409.8665313720703,False,space,correct rejection,None,496.29855155944824,,40,17,2back_single_main_click,2,,4,2,6,24,12,,,,,,,,,,22,03,yes,no,no,2025-07-29_14h42.07.153,EXNAT_4_TMS_Psychopy2024.2.5.psyexp,2024.2.5,2025-07-29 14h46.27.272763 +0200,
0,0,0,,,,,0,0,0,0,,,,,#D292F3,1410.5865285396576,False,space,correct rejection,None,496.2735176086426,,41,17,2back_single_main_click,2,,4,2,6,24,12,,,,,,,,,,22,03,yes,no,no,2025-07-29_14h42.07.153,EXNAT_4_TMS_Psychopy2024.2.5.psyexp,2024.2.5,2025-07-29 14h46.27.272763 +0200,
0,0,0,,,,,0,0,0,0,,,,,#D292F3,1411.3068494796753,False,space,correct rejection,None,431.9143295288086,,42,17,2back_single_main_click,2,,4,2,6,24,12,,,,,,,,,,22,03,yes,no,no,2025-07-29_14h42.07.153,EXNAT_4_TMS_Psychopy2024.2.5.psyexp,2024.2.5,2025-07-29 14h46.27.272763 +0200,
0,0,0,,,,,0,0,0,0,,,,,#F989A2,1411.962533712387,False,space,correct rejection,None,592.2396183013916,,43,17,2back_single_main_click,2,,4,2,6,24,12,,,,,,,,,,22,03,yes,no,no,2025-07-29_14h42.07.153,EXNAT_4_TMS_Psychopy2024.2.5.psyexp,2024.2.5,2025-07-29 14h46.27.272763 +0200,
0,0,0,,,,,0,0,0,0,,,,,#F989A2,1412.7786874771118,False,space,correct rejection,None,496.05727195739746,,44,17,2back_single_main_click,2,,4,2,6,24,12,,,,,,,,,,22,03,yes,no,no,2025-07-29_14h42.07.153,EXNAT_4_TMS_Psychopy2024.2.5.psyexp,2024.2.5,2025-07-29 14h46.27.272763 +0200,
0,0,0,,,,,0,0,0,0,,,,,#2AB7EF,1413.4986276626587,False,space,correct rejection,None,544.0666675567627,,45,17,2back_single_main_click,2,,4,2,6,24,12,,,,,,,,,,22,03,yes,no,no,2025-07-29_14h42.07.153,EXNAT_4_TMS_Psychopy2024.2.5.psyexp,2024.2.5,2025-07-29 14h46.27.272763 +0200,
0,0,0,,,,,0,0,0,0,,,,,#D292F3,1414.2662706375122,False,space,correct rejection,None,400.50625801086426,,46,17,2back_single_main_click,2,,4,2,6,24,12,,,,,,,,,,22,03,yes,no,no,2025-07-29_14h42.07.153,EXNAT_4_TMS_Psychopy2024.2.5.psyexp,2024.2.5,2025-07-29 14h46.27.272763 +0200,
0,0,0,,,,,0,0,0,0,,,,,#2AB7EF,1414.8898105621338,True,l,hit,384.9601745605469,640.819787979126,,47,17,2back_single_main_click,2,,4,3,7,24,12,1414.9506232738495,,,,,,,,,22,03,yes,no,no,2025-07-29_14h42.07.153,EXNAT_4_TMS_Psychopy2024.2.5.psyexp,2024.2.5,2025-07-29 14h46.27.272763 +0200,
0,0,0,,,,,0,0,0,0,,,,,#88BA3F,1415.7546682357788,False,space,correct rejection,None,336.0738754272461,,48,17,2back_single_main_click,2,,4,3,7,24,12,,,,,,,,,,22,03,yes,no,no,2025-07-29_14h42.07.153,EXNAT_4_TMS_Psychopy2024.2.5.psyexp,2024.2.5,2025-07-29 14h46.27.272763 +0200,
0,0,0,,,,,0,0,0,0,,,,,#F989A2,1416.3147110939026,False,space,correct rejection,None,464.0660285949707,,49,17,2back_single_main_click,2,,4,3,7,24,12,,,,,,,,,,22,03,yes,no,no,2025-07-29_14h42.07.153,EXNAT_4_TMS_Psychopy2024.2.5.psyexp,2024.2.5,2025-07-29 14h46.27.272763 +0200,
0,0,0,,,,,0,0,0,0,,,,,#2AB7EF,1417.002081155777,False,space,correct rejection,None,608.6544990539551,,50,17,2back_single_main_click,2,,4,3,7,24,12,,,,,,,,,,22,03,yes,no,no,2025-07-29_14h42.07.153,EXNAT_4_TMS_Psychopy2024.2.5.psyexp,2024.2.5,2025-07-29 14h46.27.272763 +0200,
0,0,0,,,,,0,0,0,0,,,,,#88BA3F,1417.8344044685364,False,space,correct rejection,None,464.3285274505615,,51,17,2back_single_main_click,2,,4,3,7,24,12,,,,,,,,,,22,03,yes,no,no,2025-07-29_14h42.07.153,EXNAT_4_TMS_Psychopy2024.2.5.psyexp,2024.2.5,2025-07-29 14h46.27.272763 +0200,
0,0,0,,,,,0,0,0,0,,,,,#88BA3F,1418.5225834846497,False,space,correct rejection,None,496.1984157562256,,52,17,2back_single_main_click,2,,4,3,7,24,12,,,,,,,,,,22,03,yes,no,no,2025-07-29_14h42.07.153,EXNAT_4_TMS_Psychopy2024.2.5.psyexp,2024.2.5,2025-07-29 14h46.27.272763 +0200,
0,0,0,,,,,0,0,0,0,,,,,#F989A2,1419.2424008846283,False,space,correct rejection,None,512.2904777526855,,53,17,2back_single_main_click,2,,4,3,7,24,12,,,,,,,,,,22,03,yes,no,no,2025-07-29_14h42.07.153,EXNAT_4_TMS_Psychopy2024.2.5.psyexp,2024.2.5,2025-07-29 14h46.27.272763 +0200,
0,0,0,,,,,0,0,0,0,,,,,#D292F3,1419.9789209365845,False,space,correct rejection,None,383.86082649230957,,54,17,2back_single_main_click,2,,5,3,8,24,12,1420.0349290370941,,,,,,,,,22,03,yes,no,no,2025-07-29_14h42.07.153,EXNAT_4_TMS_Psychopy2024.2.5.psyexp,2024.2.5,2025-07-29 14h46.27.272763 +0200,
0,0,0,,,,,0,0,0,0,,,,,#88BA3F,1420.5863718986511,False,space,correct rejection,None,528.4011363983154,,55,17,2back_single_main_click,2,,5,3,8,24,12,,,,,,,,,,22,03,yes,no,no,2025-07-29_14h42.07.153,EXNAT_4_TMS_Psychopy2024.2.5.psyexp,2024.2.5,2025-07-29 14h46.27.272763 +0200,
0,0,0,,,,,0,0,0,0,,,,,#2AB7EF,1421.3385381698608,False,space,correct rejection,None,304.11219596862793,,56,17,2back_single_main_click,2,,5,3,8,24,12,,,,,,,,,,22,03,yes,no,no,2025-07-29_14h42.07.153,EXNAT_4_TMS_Psychopy2024.2.5.psyexp,2024.2.5,2025-07-29 14h46.27.272763 +0200,
0,0,0,,,,,0,0,0,0,,,,,#2AB7EF,1421.8661410808563,False,space,correct rejection,None,544.4674491882324,,57,17,2back_single_main_click,2,,5,3,8,24,12,,,,,,,,,,22,03,yes,no,no,2025-07-29_14h42.07.153,EXNAT_4_TMS_Psychopy2024.2.5.psyexp,2024.2.5,2025-07-29 14h46.27.272763 +0200,
0,0,0,,,,,0,0,0,0,,,,,#D292F3,1422.634529352188,False,space,correct rejection,None,512.26806640625,,58,17,2back_single_main_click,2,,5,3,8,24,12,,,,,,,,,,22,03,yes,no,no,2025-07-29_14h42.07.153,EXNAT_4_TMS_Psychopy2024.2.5.psyexp,2024.2.5,2025-07-29 14h46.27.272763 +0200,
0,0,0,,,,,0,0,0,0,,,,,#D292F3,1423.3713567256927,False,space,correct rejection,None,383.33988189697266,,59,17,2back_single_main_click,2,,5,3,8,24,12,,,,,,,,,,22,03,yes,no,no,2025-07-29_14h42.07.153,EXNAT_4_TMS_Psychopy2024.2.5.psyexp,2024.2.5,2025-07-29 14h46.27.272763 +0200,
0,0,0,,,,,0,0,0,0,,,,,#F989A2,1423.978530406952,False,space,correct rejection,None,544.2728996276855,,60,17,2back_single_main_click,2,,5,3,8,24,12,,,,,,,,,,22,03,yes,no,no,2025-07-29_14h42.07.153,EXNAT_4_TMS_Psychopy2024.2.5.psyexp,2024.2.5,2025-07-29 14h46.27.272763 +0200,
0,0,0,,,,,0,0,0,0,,,,,#2AB7EF,1427.9504282474518,False,space,correct rejection,None,652.2092819213867,,1,18,2back_single_main_click,2,,5,3,8,24,12,,,,,,,,,,22,03,yes,no,no,2025-07-29_14h42.07.153,EXNAT_4_TMS_Psychopy2024.2.5.psyexp,2024.2.5,2025-07-29 14h46.27.272763 +0200,
0,0,0,,,,,0,0,0,0,,,,,#F989A2,1428.815898180008,False,space,correct rejection,None,442.8842067718506,,2,18,2back_single_main_click,2,,5,3,8,24,12,,,,,,,,,,22,03,yes,no,no,2025-07-29_14h42.07.153,EXNAT_4_TMS_Psychopy2024.2.5.psyexp,2024.2.5,2025-07-29 14h46.27.272763 +0200,
0,0,0,,,,,0,0,0,0,,,,,#88BA3F,1429.4742984771729,False,space,correct rejection,None,440.43493270874023,,3,18,2back_single_main_click,2,,5,3,8,24,12,,,,,,,,,,22,03,yes,no,no,2025-07-29_14h42.07.153,EXNAT_4_TMS_Psychopy2024.2.5.psyexp,2024.2.5,2025-07-29 14h46.27.272763 +0200,
0,0,0,,,,,0,0,0,0,,,,,#2AB7EF,1430.13156747818,False,space,correct rejection,None,455.22308349609375,,4,18,2back_single_main_click,2,,5,3,8,24,12,,,,,,,,,,22,03,yes,no,no,2025-07-29_14h42.07.153,EXNAT_4_TMS_Psychopy2024.2.5.psyexp,2024.2.5,2025-07-29 14h46.27.272763 +0200,
0,0,0,,,,,0,0,0,0,,,,,#D292F3,1430.8039054870605,False,space,correct rejection,None,486.8276119232178,,5,18,2back_single_main_click,2,,5,3,8,24,12,,,,,,,,,,22,03,yes,no,no,2025-07-29_14h42.07.153,EXNAT_4_TMS_Psychopy2024.2.5.psyexp,2024.2.5,2025-07-29 14h46.27.272763 +0200,
0,0,0,,,,,0,0,0,0,,,,,#D292F3,1431.5078287124634,False,space,correct rejection,None,342.9136276245117,,6,18,2back_single_main_click,2,,5,3,8,24,12,,,,,,,,,,22,03,yes,no,no,2025-07-29_14h42.07.153,EXNAT_4_TMS_Psychopy2024.2.5.psyexp,2024.2.5,2025-07-29 14h46.27.272763 +0200,
0,0,0,,,,,0,0,0,0,,,,,#88BA3F,1432.0676958560944,False,space,correct rejection,None,535.0477695465088,,7,18,2back_single_main_click,2,,5,3,8,24,12,,,,,,,,,,22,03,yes,no,no,2025-07-29_14h42.07.153,EXNAT_4_TMS_Psychopy2024.2.5.psyexp,2024.2.5,2025-07-29 14h46.27.272763 +0200,
0,0,0,,,,,0,0,0,0,,,,,#2AB7EF,1432.8199727535248,False,space,correct rejection,None,342.7717685699463,,8,18,2back_single_main_click,2,,5,3,8,24,12,,,,,,,,,,22,03,yes,no,no,2025-07-29_14h42.07.153,EXNAT_4_TMS_Psychopy2024.2.5.psyexp,2024.2.5,2025-07-29 14h46.27.272763 +0200,
0,0,0,,,,,0,0,0,0,,,,,#D292F3,1433.3865311145782,False,space,correct rejection,None,480.2553653717041,,9,18,2back_single_main_click,2,,5,3,8,24,12,,,,,,,,,,22,03,yes,no,no,2025-07-29_14h42.07.153,EXNAT_4_TMS_Psychopy2024.2.5.psyexp,2024.2.5,2025-07-29 14h46.27.272763 +0200,
0,0,0,,,,,0,0,0,0,,,,,#88BA3F,1434.0907320976257,False,space,correct rejection,None,368.0226802825928,,10,18,2back_single_main_click,2,,5,3,8,24,12,,,,,,,,,,22,03,yes,no,no,2025-07-29_14h42.07.153,EXNAT_4_TMS_Psychopy2024.2.5.psyexp,2024.2.5,2025-07-29 14h46.27.272763 +0200,
0,0,0,,,,,0,0,0,0,,,,,#F989A2,1434.682543516159,False,space,correct rejection,None,448.2605457305908,,11,18,2back_single_main_click,2,,5,3,8,24,12,,,,,,,,,,22,03,yes,no,no,2025-07-29_14h42.07.153,EXNAT_4_TMS_Psychopy2024.2.5.psyexp,2024.2.5,2025-07-29 14h46.27.272763 +0200,
0,0,0,,,,,0,0,0,0,,,,,#F989A2,1435.3547916412354,False,space,correct rejection,None,320.01280784606934,,12,18,2back_single_main_click,2,,5,3,8,24,12,,,,,,,,,,22,03,yes,no,no,2025-07-29_14h42.07.153,EXNAT_4_TMS_Psychopy2024.2.5.psyexp,2024.2.5,2025-07-29 14h46.27.272763 +0200,
0,0,0,,,,,0,0,0,0,,,,,#F989A2,1435.898630142212,True,l,hit,464.04123306274414,735.8744144439697,,13,18,2back_single_main_click,2,,5,3,8,24,12,,,,,,,,,,22,03,yes,no,no,2025-07-29_14h42.07.153,EXNAT_4_TMS_Psychopy2024.2.5.psyexp,2024.2.5,2025-07-29 14h46.27.272763 +0200,
0,0,0,,,,,0,0,0,0,,,,,#F989A2,1436.857859134674,True,space,miss,None,416.92495346069336,,14,18,2back_single_main_click,2,,5,4,9,24,12,1436.9114065170288,,,,,,,,,22,03,yes,no,no,2025-07-29_14h42.07.153,EXNAT_4_TMS_Psychopy2024.2.5.psyexp,2024.2.5,2025-07-29 14h46.27.272763 +0200,
0,0,0,,,,,0,0,0,0,,,,,#F989A2,1437.498919248581,True,l,hit,575.8116245269775,895.5104351043701,,15,18,2back_single_main_click,2,,5,4,9,24,12,,,,,,,,,,22,03,yes,no,no,2025-07-29_14h42.07.153,EXNAT_4_TMS_Psychopy2024.2.5.psyexp,2024.2.5,2025-07-29 14h46.27.272763 +0200,
0,0,0,,,,,0,0,0,0,,,,,#D292F3,1438.6172285079956,False,space,correct rejection,None,481.5695285797119,,16,18,2back_single_main_click,2,,5,4,9,24,12,,,,,,,,,,22,03,yes,no,no,2025-07-29_14h42.07.153,EXNAT_4_TMS_Psychopy2024.2.5.psyexp,2024.2.5,2025-07-29 14h46.27.272763 +0200,
0,0,0,,,,,0,0,0,0,,,,,#88BA3F,1439.322524547577,False,space,correct rejection,None,400.03347396850586,,17,18,2back_single_main_click,2,,5,4,9,24,12,,,,,,,,,,22,03,yes,no,no,2025-07-29_14h42.07.153,EXNAT_4_TMS_Psychopy2024.2.5.psyexp,2024.2.5,2025-07-29 14h46.27.272763 +0200,
0,0,0,,,,,0,0,0,0,,,,,#2AB7EF,1439.9461426734924,False,space,correct rejection,None,512.4244689941406,,18,18,2back_single_main_click,2,,5,4,9,24,12,,,,,,,,,,22,03,yes,no,no,2025-07-29_14h42.07.153,EXNAT_4_TMS_Psychopy2024.2.5.psyexp,2024.2.5,2025-07-29 14h46.27.272763 +0200,
0,0,0,,,,,0,0,0,0,,,,,#88BA3F,1440.6823780536652,True,space,miss,None,352.4308204650879,,19,18,2back_single_main_click,2,,5,4,9,24,12,,,,,,,,,,22,03,yes,no,no,2025-07-29_14h42.07.153,EXNAT_4_TMS_Psychopy2024.2.5.psyexp,2024.2.5,2025-07-29 14h46.27.272763 +0200,
0,0,0,,,,,0,0,0,0,,,,,#D292F3,1441.2582476139069,False,space,correct rejection,None,448.5607147216797,,20,18,2back_single_main_click,2,,5,4,9,24,12,,,,,,,,,,22,03,yes,no,no,2025-07-29_14h42.07.153,EXNAT_4_TMS_Psychopy2024.2.5.psyexp,2024.2.5,2025-07-29 14h46.27.272763 +0200,
0,0,0,,,,,0,0,0,0,,,,,#F989A2,1441.9304058551788,False,space,correct rejection,None,336.3375663757324,,21,18,2back_single_main_click,2,,6,4,10,24,12,1441.986973285675,,,,,,,,,22,03,yes,no,no,2025-07-29_14h42.07.153,EXNAT_4_TMS_Psychopy2024.2.5.psyexp,2024.2.5,2025-07-29 14h46.27.272763 +0200,
0,0,0,,,,,0,0,0,0,,,,,#2AB7EF,1442.4901869297028,False,space,correct rejection,None,528.3908843994141,,22,18,2back_single_main_click,2,,6,4,10,24,12,,,,,,,,,,22,03,yes,no,no,2025-07-29_14h42.07.153,EXNAT_4_TMS_Psychopy2024.2.5.psyexp,2024.2.5,2025-07-29 14h46.27.272763 +0200,
0,0,0,,,,,0,0,0,0,,,,,#88BA3F,1443.2422258853912,False,space,correct rejection,None,336.3826274871826,,23,18,2back_single_main_click,2,,6,4,10,24,12,,,,,,,,,,22,03,yes,no,no,2025-07-29_14h42.07.153,EXNAT_4_TMS_Psychopy2024.2.5.psyexp,2024.2.5,2025-07-29 14h46.27.272763 +0200,
0,0,0,,,,,0,0,0,0,,,,,#88BA3F,1443.8015010356903,False,space,correct rejection,None,433.260440826416,,24,18,2back_single_main_click,2,,6,4,10,24,12,,,,,,,,,,22,03,yes,no,no,2025-07-29_14h42.07.153,EXNAT_4_TMS_Psychopy2024.2.5.psyexp,2024.2.5,2025-07-29 14h46.27.272763 +0200,
0,0,0,,,,,0,0,0,0,,,,,#D292F3,1444.4582722187042,False,space,correct rejection,None,512.5162601470947,,25,18,2back_single_main_click,2,,6,4,10,24,12,,,,,,,,,,22,03,yes,no,no,2025-07-29_14h42.07.153,EXNAT_4_TMS_Psychopy2024.2.5.psyexp,2024.2.5,2025-07-29 14h46.27.272763 +0200,
0,0,0,,,,,0,0,0,0,,,,,#F989A2,1445.1951265335083,False,space,correct rejection,None,383.6684226989746,,26,18,2back_single_main_click,2,,6,4,10,24,12,,,,,,,,,,22,03,yes,no,no,2025-07-29_14h42.07.153,EXNAT_4_TMS_Psychopy2024.2.5.psyexp,2024.2.5,2025-07-29 14h46.27.272763 +0200,
0,0,0,,,,,0,0,0,0,,,,,#D292F3,1445.8020782470703,True,l,hit,496.75464630126953,784.5757007598877,,27,18,2back_single_main_click,2,,6,4,10,24,12,,,,,,,,,,22,03,yes,no,no,2025-07-29_14h42.07.153,EXNAT_4_TMS_Psychopy2024.2.5.psyexp,2024.2.5,2025-07-29 14h46.27.272763 +0200,
0,0,0,,,,,0,0,0,0,,,,,#D292F3,1446.8102028369904,False,l,false alarm,624.5837211608887,992.4569129943848,,28,18,2back_single_main_click,2,,6,4,10,24,12,,,,,,,,,,22,03,yes,no,no,2025-07-29_14h42.07.153,EXNAT_4_TMS_Psychopy2024.2.5.psyexp,2024.2.5,2025-07-29 14h46.27.272763 +0200,
0,0,0,,,,,0,0,0,0,,,,,#F989A2,1448.0261933803558,False,space,correct rejection,None,512.3867988586426,,29,18,2back_single_main_click,2,,6,4,10,24,12,,,,,,,,,,22,03,yes,no,no,2025-07-29_14h42.07.153,EXNAT_4_TMS_Psychopy2024.2.5.psyexp,2024.2.5,2025-07-29 14h46.27.272763 +0200,
0,0,0,,,,,0,0,0,0,,,,,#88BA3F,1448.7622320652008,False,space,correct rejection,None,464.33377265930176,,30,18,2back_single_main_click,2,,6,4,10,24,12,,,,,,,,,,22,03,yes,no,no,2025-07-29_14h42.07.153,EXNAT_4_TMS_Psychopy2024.2.5.psyexp,2024.2.5,2025-07-29 14h46.27.272763 +0200,
0,0,0,,,,,0,0,0,0,,,,,#F989A2,1449.4504356384277,True,space,miss,None,368.1957721710205,,31,18,2back_single_main_click,2,,6,5,11,24,12,1449.5100991725922,,,,,,,,,22,03,yes,no,no,2025-07-29_14h42.07.153,EXNAT_4_TMS_Psychopy2024.2.5.psyexp,2024.2.5,2025-07-29 14h46.27.272763 +0200,
0,0,0,,,,,0,0,0,0,,,,,#D292F3,1450.0420761108398,False,space,correct rejection,None,480.5123805999756,,32,18,2back_single_main_click,2,,6,5,11,24,12,,,,,,,,,,22,03,yes,no,no,2025-07-29_14h42.07.153,EXNAT_4_TMS_Psychopy2024.2.5.psyexp,2024.2.5,2025-07-29 14h46.27.272763 +0200,
0,0,0,,,,,0,0,0,0,,,,,#2AB7EF,1450.7464406490326,False,space,correct rejection,None,352.34642028808594,,33,18,2back_single_main_click,2,,6,5,11,24,12,,,,,,,,,,22,03,yes,no,no,2025-07-29_14h42.07.153,EXNAT_4_TMS_Psychopy2024.2.5.psyexp,2024.2.5,2025-07-29 14h46.27.272763 +0200,
0,0,0,,,,,0,0,0,0,,,,,#2AB7EF,1451.3226220607758,False,space,correct rejection,None,720.1235294342041,,34,18,2back_single_main_click,2,,6,5,11,24,12,,,,,,,,,,22,03,yes,no,no,2025-07-29_14h42.07.153,EXNAT_4_TMS_Psychopy2024.2.5.psyexp,2024.2.5,2025-07-29 14h46.27.272763 +0200,
0,0,0,,,,,0,0,0,0,,,,,#88BA3F,1452.2663929462433,False,space,correct rejection,None,528.3219814300537,,35,18,2back_single_main_click,2,,6,5,11,24,12,,,,,,,,,,22,03,yes,no,no,2025-07-29_14h42.07.153,EXNAT_4_TMS_Psychopy2024.2.5.psyexp,2024.2.5,2025-07-29 14h46.27.272763 +0200,
0,0,0,,,,,0,0,0,0,,,,,#2AB7EF,1453.018142938614,True,space,miss,None,800.6529808044434,,36,18,2back_single_main_click,2,,6,5,11,24,12,,,,,,,,,,22,03,yes,no,no,2025-07-29_14h42.07.153,EXNAT_4_TMS_Psychopy2024.2.5.psyexp,2024.2.5,2025-07-29 14h46.27.272763 +0200,
0,0,0,,,,,0,0,0,0,,,,,#D292F3,1454.04279088974,False,space,correct rejection,None,480.074405670166,,37,18,2back_single_main_click,2,,7,5,12,24,12,1454.5100355148315,,,,,,,,,22,03,yes,no,no,2025-07-29_14h42.07.153,EXNAT_4_TMS_Psychopy2024.2.5.psyexp,2024.2.5,2025-07-29 14h46.27.272763 +0200,
0,0,0,,,,,0,0,0,0,,,,,#F989A2,1454.7467136383057,False,space,correct rejection,None,352.0379066467285,,38,18,2back_single_main_click,2,,7,5,12,24,12,,,,,,,,,,22,03,yes,no,no,2025-07-29_14h42.07.153,EXNAT_4_TMS_Psychopy2024.2.5.psyexp,2024.2.5,2025-07-29 14h46.27.272763 +0200,
0,0,0,,,,,0,0,0,0,,,,,#88BA3F,1455.3221776485443,False,space,correct rejection,None,448.5790729522705,,39,18,2back_single_main_click,2,,7,5,12,24,12,,,,,,,,,,22,03,yes,no,no,2025-07-29_14h42.07.153,EXNAT_4_TMS_Psychopy2024.2.5.psyexp,2024.2.5,2025-07-29 14h46.27.272763 +0200,
0,0,0,,,,,0,0,0,0,,,,,#D292F3,1455.9947907924652,False,space,correct rejection,None,272.0029354095459,,40,18,2back_single_main_click,2,,7,5,12,24,12,,,,,,,,,,22,03,yes,no,no,2025-07-29_14h42.07.153,EXNAT_4_TMS_Psychopy2024.2.5.psyexp,2024.2.5,2025-07-29 14h46.27.272763 +0200,
0,0,0,,,,,0,0,0,0,,,,,#88BA3F,1456.4904055595398,True,space,miss,None,560.3761672973633,,41,18,2back_single_main_click,2,,7,5,12,24,12,,,,,,,,,,22,03,yes,no,no,2025-07-29_14h42.07.153,EXNAT_4_TMS_Psychopy2024.2.5.psyexp,2024.2.5,2025-07-29 14h46.27.272763 +0200,
0,0,0,,,,,0,0,0,0,,,,,#F989A2,1457.275047302246,False,space,correct rejection,None,463.6800289154053,,42,18,2back_single_main_click,2,,7,5,12,24,12,,,,,,,,,,22,03,yes,no,no,2025-07-29_14h42.07.153,EXNAT_4_TMS_Psychopy2024.2.5.psyexp,2024.2.5,2025-07-29 14h46.27.272763 +0200,
0,0,0,,,,,0,0,0,0,,,,,#2AB7EF,1457.9624609947205,False,space,correct rejection,None,352.3416519165039,,43,18,2back_single_main_click,2,,7,5,12,24,12,,,,,,,,,,22,03,yes,no,no,2025-07-29_14h42.07.153,EXNAT_4_TMS_Psychopy2024.2.5.psyexp,2024.2.5,2025-07-29 14h46.27.272763 +0200,
0,0,0,,,,,0,0,0,0,,,,,#2AB7EF,1458.538776397705,False,space,correct rejection,None,464.036226272583,,44,18,2back_single_main_click,2,,7,5,12,24,12,,,,,,,,,,22,03,yes,no,no,2025-07-29_14h42.07.153,EXNAT_4_TMS_Psychopy2024.2.5.psyexp,2024.2.5,2025-07-29 14h46.27.272763 +0200,
0,0,0,,,,,0,0,0,0,,,,,#2AB7EF,1459.2264127731323,True,space,miss,None,1216.1827087402344,,45,18,2back_single_main_click,2,,7,6,13,24,12,1459.5100631713867,,,,,,,,,22,03,yes,no,no,2025-07-29_14h42.07.153,EXNAT_4_TMS_Psychopy2024.2.5.psyexp,2024.2.5,2025-07-29 14h46.27.272763 +0200,
0,0,0,,,,,0,0,0,0,,,,,#F989A2,1460.6665275096893,False,space,correct rejection,None,496.22583389282227,,46,18,2back_single_main_click,2,,7,6,13,24,12,,,,,,,,,,22,03,yes,no,no,2025-07-29_14h42.07.153,EXNAT_4_TMS_Psychopy2024.2.5.psyexp,2024.2.5,2025-07-29 14h46.27.272763 +0200,
0,0,0,,,,,0,0,0,0,,,,,#88BA3F,1461.386510848999,False,space,correct rejection,None,416.37349128723145,,47,18,2back_single_main_click,2,,7,6,13,24,12,,,,,,,,,,22,03,yes,no,no,2025-07-29_14h42.07.153,EXNAT_4_TMS_Psychopy2024.2.5.psyexp,2024.2.5,2025-07-29 14h46.27.272763 +0200,
0,0,0,,,,,0,0,0,0,,,,,#88BA3F,1462.026794910431,False,space,correct rejection,None,464.0934467315674,,48,18,2back_single_main_click,2,,7,6,13,24,12,,,,,,,,,,22,03,yes,no,no,2025-07-29_14h42.07.153,EXNAT_4_TMS_Psychopy2024.2.5.psyexp,2024.2.5,2025-07-29 14h46.27.272763 +0200,
0,0,0,,,,,0,0,0,0,,,,,#F989A2,1462.7144474983215,False,space,correct rejection,None,496.19555473327637,,49,18,2back_single_main_click,2,,7,6,13,24,12,,,,,,,,,,22,03,yes,no,no,2025-07-29_14h42.07.153,EXNAT_4_TMS_Psychopy2024.2.5.psyexp,2024.2.5,2025-07-29 14h46.27.272763 +0200,
0,0,0,,,,,0,0,0,0,,,,,#88BA3F,1463.433382987976,True,space,miss,None,353.52301597595215,,50,18,2back_single_main_click,2,,7,6,13,24,12,,,,,,,,,,22,03,yes,no,no,2025-07-29_14h42.07.153,EXNAT_4_TMS_Psychopy2024.2.5.psyexp,2024.2.5,2025-07-29 14h46.27.272763 +0200,
0,0,0,,,,,0,0,0,0,,,,,#D292F3,1464.0106582641602,False,space,correct rejection,None,480.26585578918457,,51,18,2back_single_main_click,2,,7,6,13,24,12,,,,,,,,,,22,03,yes,no,no,2025-07-29_14h42.07.153,EXNAT_4_TMS_Psychopy2024.2.5.psyexp,2024.2.5,2025-07-29 14h46.27.272763 +0200,
0,0,0,,,,,0,0,0,0,,,,,#F989A2,1464.7145771980286,False,space,correct rejection,None,400.3467559814453,,52,18,2back_single_main_click,2,,8,6,14,24,12,1464.7755680084229,,,,,,,,,22,03,yes,no,no,2025-07-29_14h42.07.153,EXNAT_4_TMS_Psychopy2024.2.5.psyexp,2024.2.5,2025-07-29 14h46.27.272763 +0200,
0,0,0,,,,,0,0,0,0,,,,,#D292F3,1465.339075088501,True,l,hit,479.74610328674316,751.4417171478271,,53,18,2back_single_main_click,2,,8,6,14,24,12,,,,,,,,,,22,03,yes,no,no,2025-07-29_14h42.07.153,EXNAT_4_TMS_Psychopy2024.2.5.psyexp,2024.2.5,2025-07-29 14h46.27.272763 +0200,
0,0,0,,,,,0,0,0,0,,,,,#88BA3F,1466.3145241737366,False,space,correct rejection,None,432.28602409362793,,54,18,2back_single_main_click,2,,8,6,14,24,12,,,,,,,,,,22,03,yes,no,no,2025-07-29_14h42.07.153,EXNAT_4_TMS_Psychopy2024.2.5.psyexp,2024.2.5,2025-07-29 14h46.27.272763 +0200,
0,0,0,,,,,0,0,0,0,,,,,#88BA3F,1466.97052693367,False,space,correct rejection,None,544.35133934021,,55,18,2back_single_main_click,2,,8,6,14,24,12,,,,,,,,,,22,03,yes,no,no,2025-07-29_14h42.07.153,EXNAT_4_TMS_Psychopy2024.2.5.psyexp,2024.2.5,2025-07-29 14h46.27.272763 +0200,
0,0,0,,,,,0,0,0,0,,,,,#2AB7EF,1467.7387762069702,False,space,correct rejection,None,576.0738849639893,,56,18,2back_single_main_click,2,,8,6,14,24,12,,,,,,,,,,22,03,yes,no,no,2025-07-29_14h42.07.153,EXNAT_4_TMS_Psychopy2024.2.5.psyexp,2024.2.5,2025-07-29 14h46.27.272763 +0200,
0,0,0,,,,,0,0,0,0,,,,,#2AB7EF,1468.5386621952057,False,space,correct rejection,None,288.12241554260254,,57,18,2back_single_main_click,2,,8,6,14,24,12,,,,,,,,,,22,03,yes,no,no,2025-07-29_14h42.07.153,EXNAT_4_TMS_Psychopy2024.2.5.psyexp,2024.2.5,2025-07-29 14h46.27.272763 +0200,
0,0,0,,,,,0,0,0,0,,,,,#2AB7EF,1469.050576210022,True,l,hit,416.1944389343262,736.1323833465576,,58,18,2back_single_main_click,2,,8,7,15,24,12,1469.7754278182983,,,,,,,,,22,03,yes,no,no,2025-07-29_14h42.07.153,EXNAT_4_TMS_Psychopy2024.2.5.psyexp,2024.2.5,2025-07-29 14h46.27.272763 +0200,
0,0,0,,,,,0,0,0,0,,,,,#D292F3,1470.0105254650116,False,space,correct rejection,None,496.23870849609375,,59,18,2back_single_main_click,2,,8,7,15,24,12,,,,,,,,,,22,03,yes,no,no,2025-07-29_14h42.07.153,EXNAT_4_TMS_Psychopy2024.2.5.psyexp,2024.2.5,2025-07-29 14h46.27.272763 +0200,
0,0,0,,,,,0,0,0,0,,,,,#F989A2,1470.73073554039,False,space,correct rejection,None,512.0196342468262,,60,18,2back_single_main_click,2,,8,7,15,24,12,,,,,,,,,,22,03,yes,no,no,2025-07-29_14h42.07.153,EXNAT_4_TMS_Psychopy2024.2.5.psyexp,2024.2.5,2025-07-29 14h46.27.272763 +0200,
0,0,0,,,,,0,0,0,0,,,,,#F989A2,1474.526046514511,False,space,correct rejection,None,588.4780883789062,,1,19,2back_single_main_click,2,,9,7,16,24,12,1474.583412885666,,,,,,,,,22,03,yes,no,no,2025-07-29_14h42.07.153,EXNAT_4_TMS_Psychopy2024.2.5.psyexp,2024.2.5,2025-07-29 14h46.27.272763 +0200,
0,0,0,,,,,0,0,0,0,,,,,#88BA3F,1475.3280053138733,False,space,correct rejection,None,394.88935470581055,,2,19,2back_single_main_click,2,,9,7,16,24,12,,,,,,,,,,22,03,yes,no,no,2025-07-29_14h42.07.153,EXNAT_4_TMS_Psychopy2024.2.5.psyexp,2024.2.5,2025-07-29 14h46.27.272763 +0200,
0,0,0,,,,,0,0,0,0,,,,,#2AB7EF,1475.9378554821014,False,space,correct rejection,None,505.01060485839844,,3,19,2back_single_main_click,2,,9,7,16,24,12,,,,,,,,,,22,03,yes,no,no,2025-07-29_14h42.07.153,EXNAT_4_TMS_Psychopy2024.2.5.psyexp,2024.2.5,2025-07-29 14h46.27.272763 +0200,
0,0,0,,,,,0,0,0,0,,,,,#F989A2,1476.658706188202,False,space,correct rejection,None,328.04322242736816,,4,19,2back_single_main_click,2,,9,7,16,24,12,,,,,,,,,,22,03,yes,no,no,2025-07-29_14h42.07.153,EXNAT_4_TMS_Psychopy2024.2.5.psyexp,2024.2.5,2025-07-29 14h46.27.272763 +0200,
0,0,0,,,,,0,0,0,0,,,,,#D292F3,1477.2037017345428,False,space,correct rejection,None,471.1616039276123,,5,19,2back_single_main_click,2,,9,7,16,24,12,,,,,,,,,,22,03,yes,no,no,2025-07-29_14h42.07.153,EXNAT_4_TMS_Psychopy2024.2.5.psyexp,2024.2.5,2025-07-29 14h46.27.272763 +0200,
0,0,0,,,,,0,0,0,0,,,,,#D292F3,1477.8922381401062,False,space,correct rejection,None,470.6707000732422,,6,19,2back_single_main_click,2,,9,7,16,24,12,,,,,,,,,,22,03,yes,no,no,2025-07-29_14h42.07.153,EXNAT_4_TMS_Psychopy2024.2.5.psyexp,2024.2.5,2025-07-29 14h46.27.272763 +0200,
0,0,0,,,,,0,0,0,0,,,,,#2AB7EF,1478.5801758766174,False,space,correct rejection,None,470.49951553344727,,7,19,2back_single_main_click,2,,9,7,16,24,12,,,,,,,,,,22,03,yes,no,no,2025-07-29_14h42.07.153,EXNAT_4_TMS_Psychopy2024.2.5.psyexp,2024.2.5,2025-07-29 14h46.27.272763 +0200,
0,0,0,,,,,0,0,0,0,,,,,#2AB7EF,1479.2676091194153,False,space,correct rejection,None,295.11332511901855,,8,19,2back_single_main_click,2,,9,7,16,24,12,,,,,,,,,,22,03,yes,no,no,2025-07-29_14h42.07.153,EXNAT_4_TMS_Psychopy2024.2.5.psyexp,2024.2.5,2025-07-29 14h46.27.272763 +0200,
0,0,0,,,,,0,0,0,0,,,,,#F989A2,1479.7800781726837,False,space,correct rejection,None,486.865758895874,,9,19,2back_single_main_click,2,,9,7,16,24,12,,,,,,,,,,22,03,yes,no,no,2025-07-29_14h42.07.153,EXNAT_4_TMS_Psychopy2024.2.5.psyexp,2024.2.5,2025-07-29 14h46.27.272763 +0200,
0,0,0,,,,,0,0,0,0,,,,,#D292F3,1480.4837970733643,False,space,correct rejection,None,407.02223777770996,,10,19,2back_single_main_click,2,,9,7,16,24,12,,,,,,,,,,22,03,yes,no,no,2025-07-29_14h42.07.153,EXNAT_4_TMS_Psychopy2024.2.5.psyexp,2024.2.5,2025-07-29 14h46.27.272763 +0200,
0,0,0,,,,,0,0,0,0,,,,,#88BA3F,1481.1147928237915,False,space,correct rejection,None,559.8587989807129,,11,19,2back_single_main_click,2,,9,7,16,24,12,,,,,,,,,,22,03,yes,no,no,2025-07-29_14h42.07.153,EXNAT_4_TMS_Psychopy2024.2.5.psyexp,2024.2.5,2025-07-29 14h46.27.272763 +0200,
0,0,0,,,,,0,0,0,0,,,,,#88BA3F,1481.8977510929108,False,space,correct rejection,None,497.09224700927734,,12,19,2back_single_main_click,2,,9,7,16,24,12,,,,,,,,,,22,03,yes,no,no,2025-07-29_14h42.07.153,EXNAT_4_TMS_Psychopy2024.2.5.psyexp,2024.2.5,2025-07-29 14h46.27.272763 +0200,
0,0,0,,,,,0,0,0,0,,,,,#88BA3F,1482.6185109615326,True,space,miss,None,368.2363033294678,,13,19,2back_single_main_click,2,,9,8,17,24,12,1482.67498087883,,,,,,,,,22,03,yes,no,no,2025-07-29_14h42.07.153,EXNAT_4_TMS_Psychopy2024.2.5.psyexp,2024.2.5,2025-07-29 14h46.27.272763 +0200,
0,0,0,,,,,0,0,0,0,,,,,#88BA3F,1483.2105066776276,True,l,hit,608.245849609375,864.121675491333,,14,19,2back_single_main_click,2,,9,8,17,24,12,,,,,,,,,,22,03,yes,no,no,2025-07-29_14h42.07.153,EXNAT_4_TMS_Psychopy2024.2.5.psyexp,2024.2.5,2025-07-29 14h46.27.272763 +0200,
0,0,0,,,,,0,0,0,0,,,,,#D292F3,1484.2986602783203,False,space,correct rejection,None,463.92345428466797,,15,19,2back_single_main_click,2,,9,8,17,24,12,,,,,,,,,,22,03,yes,no,no,2025-07-29_14h42.07.153,EXNAT_4_TMS_Psychopy2024.2.5.psyexp,2024.2.5,2025-07-29 14h46.27.272763 +0200,
0,0,0,,,,,0,0,0,0,,,,,#D292F3,1484.9862356185913,False,space,correct rejection,None,560.5769157409668,,16,19,2back_single_main_click,2,,9,8,17,24,12,,,,,,,,,,22,03,yes,no,no,2025-07-29_14h42.07.153,EXNAT_4_TMS_Psychopy2024.2.5.psyexp,2024.2.5,2025-07-29 14h46.27.272763 +0200,
0,0,0,,,,,0,0,0,0,,,,,#2AB7EF,1485.7707834243774,False,space,correct rejection,None,528.0373096466064,,17,19,2back_single_main_click,2,,9,8,17,24,12,,,,,,,,,,22,03,yes,no,no,2025-07-29_14h42.07.153,EXNAT_4_TMS_Psychopy2024.2.5.psyexp,2024.2.5,2025-07-29 14h46.27.272763 +0200,
0,0,0,,,,,0,0,0,0,,,,,#D292F3,1486.5224423408508,True,space,miss,None,368.3896064758301,,18,19,2back_single_main_click,2,,9,8,17,24,12,,,,,,,,,,22,03,yes,no,no,2025-07-29_14h42.07.153,EXNAT_4_TMS_Psychopy2024.2.5.psyexp,2024.2.5,2025-07-29 14h46.27.272763 +0200,
0,0,0,,,,,0,0,0,0,,,,,#F989A2,1487.1144828796387,False,space,correct rejection,None,432.36589431762695,,19,19,2back_single_main_click,2,,9,8,17,24,12,,,,,,,,,,22,03,yes,no,no,2025-07-29_14h42.07.153,EXNAT_4_TMS_Psychopy2024.2.5.psyexp,2024.2.5,2025-07-29 14h46.27.272763 +0200,
0,0,0,,,,,0,0,0,0,,,,,#F989A2,1487.7705380916595,False,space,correct rejection,None,448.29797744750977,,20,19,2back_single_main_click,2,,10,8,18,24,12,1487.8263716697693,,,,,,,,,22,03,yes,no,no,2025-07-29_14h42.07.153,EXNAT_4_TMS_Psychopy2024.2.5.psyexp,2024.2.5,2025-07-29 14h46.27.272763 +0200,
0,0,0,,,,,0,0,0,0,,,,,#88BA3F,1488.4421844482422,False,space,correct rejection,None,416.6402816772461,,21,19,2back_single_main_click,2,,10,8,18,24,12,,,,,,,,,,22,03,yes,no,no,2025-07-29_14h42.07.153,EXNAT_4_TMS_Psychopy2024.2.5.psyexp,2024.2.5,2025-07-29 14h46.27.272763 +0200,
0,0,0,,,,,0,0,0,0,,,,,#D292F3,1489.082572221756,False,space,correct rejection,None,576.2474536895752,,22,19,2back_single_main_click,2,,10,8,18,24,12,,,,,,,,,,22,03,yes,no,no,2025-07-29_14h42.07.153,EXNAT_4_TMS_Psychopy2024.2.5.psyexp,2024.2.5,2025-07-29 14h46.27.272763 +0200,
0,0,0,,,,,0,0,0,0,,,,,#88BA3F,1489.8824744224548,True,space,miss,None,384.3691349029541,,23,19,2back_single_main_click,2,,10,8,18,24,12,,,,,,,,,,22,03,yes,no,no,2025-07-29_14h42.07.153,EXNAT_4_TMS_Psychopy2024.2.5.psyexp,2024.2.5,2025-07-29 14h46.27.272763 +0200,
0,0,0,,,,,0,0,0,0,,,,,#F989A2,1490.490719795227,False,space,correct rejection,None,592.0979976654053,,24,19,2back_single_main_click,2,,10,8,18,24,12,,,,,,,,,,22,03,yes,no,no,2025-07-29_14h42.07.153,EXNAT_4_TMS_Psychopy2024.2.5.psyexp,2024.2.5,2025-07-29 14h46.27.272763 +0200,
0,0,0,,,,,0,0,0,0,,,,,#88BA3F,1491.3066551685333,True,space,miss,None,384.1073513031006,,25,19,2back_single_main_click,2,,10,8,18,24,12,,,,,,,,,,22,03,yes,no,no,2025-07-29_14h42.07.153,EXNAT_4_TMS_Psychopy2024.2.5.psyexp,2024.2.5,2025-07-29 14h46.27.272763 +0200,
0,0,0,,,,,0,0,0,0,,,,,#D292F3,1491.9145216941833,False,space,correct rejection,None,544.3196296691895,,26,19,2back_single_main_click,2,,10,8,18,24,12,,,,,,,,,,22,03,yes,no,no,2025-07-29_14h42.07.153,EXNAT_4_TMS_Psychopy2024.2.5.psyexp,2024.2.5,2025-07-29 14h46.27.272763 +0200,
0,0,0,,,,,0,0,0,0,,,,,#2AB7EF,1492.6826357841492,False,space,correct rejection,None,447.9377269744873,,27,19,2back_single_main_click,2,,10,8,18,24,12,,,,,,,,,,22,03,yes,no,no,2025-07-29_14h42.07.153,EXNAT_4_TMS_Psychopy2024.2.5.psyexp,2024.2.5,2025-07-29 14h46.27.272763 +0200,
0,0,0,,,,,0,0,0,0,,,,,#D292F3,1493.3541395664215,True,space,miss,None,384.64951515197754,,28,19,2back_single_main_click,2,,10,9,19,24,12,1493.4119157791138,,,,,,,,,22,03,yes,no,no,2025-07-29_14h42.07.153,EXNAT_4_TMS_Psychopy2024.2.5.psyexp,2024.2.5,2025-07-29 14h46.27.272763 +0200,
0,0,0,,,,,0,0,0,0,,,,,#F989A2,1493.9622757434845,False,space,correct rejection,None,448.4574794769287,,29,19,2back_single_main_click,2,,10,9,19,24,12,,,,,,,,,,22,03,yes,no,no,2025-07-29_14h42.07.153,EXNAT_4_TMS_Psychopy2024.2.5.psyexp,2024.2.5,2025-07-29 14h46.27.272763 +0200,
0,0,0,,,,,0,0,0,0,,,,,#F989A2,1494.6347851753235,False,space,correct rejection,None,448.0481147766113,,30,19,2back_single_main_click,2,,10,9,19,24,12,,,,,,,,,,22,03,yes,no,no,2025-07-29_14h42.07.153,EXNAT_4_TMS_Psychopy2024.2.5.psyexp,2024.2.5,2025-07-29 14h46.27.272763 +0200,
0,0,0,,,,,0,0,0,0,,,,,#2AB7EF,1495.3066220283508,False,space,correct rejection,None,512.2230052947998,,31,19,2back_single_main_click,2,,10,9,19,24,12,,,,,,,,,,22,03,yes,no,no,2025-07-29_14h42.07.153,EXNAT_4_TMS_Psychopy2024.2.5.psyexp,2024.2.5,2025-07-29 14h46.27.272763 +0200,
0,0,0,,,,,0,0,0,0,,,,,#88BA3F,1496.0426232814789,False,space,correct rejection,None,400.2234935760498,,32,19,2back_single_main_click,2,,10,9,19,24,12,,,,,,,,,,22,03,yes,no,no,2025-07-29_14h42.07.153,EXNAT_4_TMS_Psychopy2024.2.5.psyexp,2024.2.5,2025-07-29 14h46.27.272763 +0200,
0,0,0,,,,,0,0,0,0,,,,,#88BA3F,1496.6668248176575,False,space,correct rejection,None,463.79780769348145,,33,19,2back_single_main_click,2,,10,9,19,24,12,,,,,,,,,,22,03,yes,no,no,2025-07-29_14h42.07.153,EXNAT_4_TMS_Psychopy2024.2.5.psyexp,2024.2.5,2025-07-29 14h46.27.272763 +0200,
0,0,0,,,,,0,0,0,0,,,,,#F989A2,1497.3543665409088,False,space,correct rejection,None,464.40649032592773,,34,19,2back_single_main_click,2,,10,9,19,24,12,,,,,,,,,,22,03,yes,no,no,2025-07-29_14h42.07.153,EXNAT_4_TMS_Psychopy2024.2.5.psyexp,2024.2.5,2025-07-29 14h46.27.272763 +0200,
0,0,0,,,,,0,0,0,0,,,,,#2AB7EF,1498.0431458950043,False,space,correct rejection,None,479.75778579711914,,35,19,2back_single_main_click,2,,11,9,20,24,12,1498.4119000434875,,,,,,,,,22,03,yes,no,no,2025-07-29_14h42.07.153,EXNAT_4_TMS_Psychopy2024.2.5.psyexp,2024.2.5,2025-07-29 14h46.27.272763 +0200,
0,0,0,,,,,0,0,0,0,,,,,#D292F3,1498.7470819950104,False,space,correct rejection,None,335.8044624328613,,36,19,2back_single_main_click,2,,11,9,20,24,12,,,,,,,,,,22,03,yes,no,no,2025-07-29_14h42.07.153,EXNAT_4_TMS_Psychopy2024.2.5.psyexp,2024.2.5,2025-07-29 14h46.27.272763 +0200,
0,0,0,,,,,0,0,0,0,,,,,#D292F3,1499.3066563606262,False,space,correct rejection,None,512.1924877166748,,37,19,2back_single_main_click,2,,11,9,20,24,12,,,,,,,,,,22,03,yes,no,no,2025-07-29_14h42.07.153,EXNAT_4_TMS_Psychopy2024.2.5.psyexp,2024.2.5,2025-07-29 14h46.27.272763 +0200,
0,0,0,,,,,0,0,0,0,,,,,#2AB7EF,1500.0428471565247,False,space,correct rejection,None,768.0361270904541,,38,19,2back_single_main_click,2,,11,9,20,24,12,,,,,,,,,,22,03,yes,no,no,2025-07-29_14h42.07.153,EXNAT_4_TMS_Psychopy2024.2.5.psyexp,2024.2.5,2025-07-29 14h46.27.272763 +0200,
0,0,0,,,,,0,0,0,0,,,,,#D292F3,1501.0349943637848,True,space,miss,None,463.89174461364746,,39,19,2back_single_main_click,2,,11,9,20,24,12,,,,,,,,,,22,03,yes,no,no,2025-07-29_14h42.07.153,EXNAT_4_TMS_Psychopy2024.2.5.psyexp,2024.2.5,2025-07-29 14h46.27.272763 +0200,
0,0,0,,,,,0,0,0,0,,,,,#F989A2,1501.7225272655487,False,space,correct rejection,None,512.0573043823242,,40,19,2back_single_main_click,2,,11,9,20,24,12,,,,,,,,,,22,03,yes,no,no,2025-07-29_14h42.07.153,EXNAT_4_TMS_Psychopy2024.2.5.psyexp,2024.2.5,2025-07-29 14h46.27.272763 +0200,
0,0,0,,,,,0,0,0,0,,,,,#88BA3F,1502.4584600925446,False,space,correct rejection,None,336.3916873931885,,41,19,2back_single_main_click,2,,11,9,20,24,12,,,,,,,,,,22,03,yes,no,no,2025-07-29_14h42.07.153,EXNAT_4_TMS_Psychopy2024.2.5.psyexp,2024.2.5,2025-07-29 14h46.27.272763 +0200,
0,0,0,,,,,0,0,0,0,,,,,#F989A2,1503.0185120105743,True,l,hit,512.2506618499756,928.0858039855957,,42,19,2back_single_main_click,2,,11,10,21,24,12,1503.4119093418121,,,,,,,,,22,03,yes,no,no,2025-07-29_14h42.07.153,EXNAT_4_TMS_Psychopy2024.2.5.psyexp,2024.2.5,2025-07-29 14h46.27.272763 +0200,
0,0,0,,,,,0,0,0,0,,,,,#D292F3,1504.1701838970184,False,space,correct rejection,None,384.57512855529785,,43,19,2back_single_main_click,2,,11,10,21,24,12,,,,,,,,,,22,03,yes,no,no,2025-07-29_14h42.07.153,EXNAT_4_TMS_Psychopy2024.2.5.psyexp,2024.2.5,2025-07-29 14h46.27.272763 +0200,
0,0,0,,,,,0,0,0,0,,,,,#D292F3,1504.778621673584,False,space,correct rejection,None,768.2075500488281,,44,19,2back_single_main_click,2,,11,10,21,24,12,,,,,,,,,,22,03,yes,no,no,2025-07-29_14h42.07.153,EXNAT_4_TMS_Psychopy2024.2.5.psyexp,2024.2.5,2025-07-29 14h46.27.272763 +0200,
0,0,0,,,,,0,0,0,0,,,,,#88BA3F,1505.7706508636475,False,space,correct rejection,None,528.125524520874,,45,19,2back_single_main_click,2,,11,10,21,24,12,,,,,,,,,,22,03,yes,no,no,2025-07-29_14h42.07.153,EXNAT_4_TMS_Psychopy2024.2.5.psyexp,2024.2.5,2025-07-29 14h46.27.272763 +0200,
0,0,0,,,,,0,0,0,0,,,,,#88BA3F,1506.522789478302,False,space,correct rejection,None,575.9739875793457,,46,19,2back_single_main_click,2,,11,10,21,24,12,,,,,,,,,,22,03,yes,no,no,2025-07-29_14h42.07.153,EXNAT_4_TMS_Psychopy2024.2.5.psyexp,2024.2.5,2025-07-29 14h46.27.272763 +0200,
0,0,0,,,,,0,0,0,0,,,,,#F989A2,1507.3223495483398,False,space,correct rejection,None,528.2673835754395,,47,19,2back_single_main_click,2,,11,10,21,24,12,,,,,,,,,,22,03,yes,no,no,2025-07-29_14h42.07.153,EXNAT_4_TMS_Psychopy2024.2.5.psyexp,2024.2.5,2025-07-29 14h46.27.272763 +0200,
0,0,0,,,,,0,0,0,0,,,,,#2AB7EF,1508.0746207237244,False,space,correct rejection,None,480.1347255706787,,48,19,2back_single_main_click,2,,12,10,22,24,12,1508.4119436740875,,,,,,,,,22,03,yes,no,no,2025-07-29_14h42.07.153,EXNAT_4_TMS_Psychopy2024.2.5.psyexp,2024.2.5,2025-07-29 14h46.27.272763 +0200,
0,0,0,,,,,0,0,0,0,,,,,#2AB7EF,1508.7785449028015,False,space,correct rejection,None,592.2160148620605,,49,19,2back_single_main_click,2,,12,10,22,24,12,,,,,,,,,,22,03,yes,no,no,2025-07-29_14h42.07.153,EXNAT_4_TMS_Psychopy2024.2.5.psyexp,2024.2.5,2025-07-29 14h46.27.272763 +0200,
0,0,0,,,,,0,0,0,0,,,,,#D292F3,1509.5944447517395,False,space,correct rejection,None,592.1738147735596,,50,19,2back_single_main_click,2,,12,10,22,24,12,,,,,,,,,,22,03,yes,no,no,2025-07-29_14h42.07.153,EXNAT_4_TMS_Psychopy2024.2.5.psyexp,2024.2.5,2025-07-29 14h46.27.272763 +0200,
0,0,0,,,,,0,0,0,0,,,,,#2AB7EF,1510.4090406894684,True,space,miss,None,449.6169090270996,,51,19,2back_single_main_click,2,,12,10,22,24,12,,,,,,,,,,22,03,yes,no,no,2025-07-29_14h42.07.153,EXNAT_4_TMS_Psychopy2024.2.5.psyexp,2024.2.5,2025-07-29 14h46.27.272763 +0200,
0,0,0,,,,,0,0,0,0,,,,,#D292F3,1511.0826530456543,True,l,hit,496.1402416229248,800.023078918457,,52,19,2back_single_main_click,2,,12,10,22,24,12,,,,,,,,,,22,03,yes,no,no,2025-07-29_14h42.07.153,EXNAT_4_TMS_Psychopy2024.2.5.psyexp,2024.2.5,2025-07-29 14h46.27.272763 +0200,
0,0,0,,,,,0,0,0,0,,,,,#88BA3F,1512.1065237522125,False,space,correct rejection,None,368.3474063873291,,53,19,2back_single_main_click,2,,12,10,22,24,12,,,,,,,,,,22,03,yes,no,no,2025-07-29_14h42.07.153,EXNAT_4_TMS_Psychopy2024.2.5.psyexp,2024.2.5,2025-07-29 14h46.27.272763 +0200,
0,0,0,,,,,0,0,0,0,,,,,#2AB7EF,1512.698789358139,False,space,correct rejection,None,543.992280960083,,54,19,2back_single_main_click,2,,12,10,22,24,12,,,,,,,,,,22,03,yes,no,no,2025-07-29_14h42.07.153,EXNAT_4_TMS_Psychopy2024.2.5.psyexp,2024.2.5,2025-07-29 14h46.27.272763 +0200,
0,0,0,,,,,0,0,0,0,,,,,#88BA3F,1513.4669914245605,True,space,miss,None,479.63547706604004,,55,19,2back_single_main_click,2,,12,11,23,24,12,1513.5279521942139,,,,,,,,,22,03,yes,no,no,2025-07-29_14h42.07.153,EXNAT_4_TMS_Psychopy2024.2.5.psyexp,2024.2.5,2025-07-29 14h46.27.272763 +0200,
0,0,0,,,,,0,0,0,0,,,,,#D292F3,1514.1706218719482,False,space,correct rejection,None,624.1369247436523,,56,19,2back_single_main_click,2,,12,11,23,24,12,,,,,,,,,,22,03,yes,no,no,2025-07-29_14h42.07.153,EXNAT_4_TMS_Psychopy2024.2.5.psyexp,2024.2.5,2025-07-29 14h46.27.272763 +0200,
0,0,0,,,,,0,0,0,0,,,,,#F989A2,1515.018662929535,False,space,correct rejection,None,480.1018238067627,,57,19,2back_single_main_click,2,,12,11,23,24,12,,,,,,,,,,22,03,yes,no,no,2025-07-29_14h42.07.153,EXNAT_4_TMS_Psychopy2024.2.5.psyexp,2024.2.5,2025-07-29 14h46.27.272763 +0200,
0,0,0,,,,,0,0,0,0,,,,,#88BA3F,1515.7228157520294,False,space,correct rejection,None,495.9752559661865,,58,19,2back_single_main_click,2,,12,11,23,24,12,,,,,,,,,,22,03,yes,no,no,2025-07-29_14h42.07.153,EXNAT_4_TMS_Psychopy2024.2.5.psyexp,2024.2.5,2025-07-29 14h46.27.272763 +0200,
0,0,0,,,,,0,0,0,0,,,,,#F989A2,1516.4427630901337,True,space,miss,None,384.0453624725342,,59,19,2back_single_main_click,2,,12,11,23,24,12,,,,,,,,,,22,03,yes,no,no,2025-07-29_14h42.07.153,EXNAT_4_TMS_Psychopy2024.2.5.psyexp,2024.2.5,2025-07-29 14h46.27.272763 +0200,
0,0,0,,,,,0,0,0,0,,,,,#F989A2,1517.0508484840393,False,space,correct rejection,None,591.9880867004395,,60,19,2back_single_main_click,2,,12,11,23,24,12,,,,,,,,,,22,03,yes,no,no,2025-07-29_14h42.07.153,EXNAT_4_TMS_Psychopy2024.2.5.psyexp,2024.2.5,2025-07-29 14h46.27.272763 +0200,
0,0,0,,,,,0,0,0,0,,,,,#F989A2,1520.194705247879,False,space,correct rejection,None,135.85257530212402,,1,20,2back_single_main_click,2,,12,11,23,24,12,,,,,,,,,,22,03,yes,no,no,2025-07-29_14h42.07.153,EXNAT_4_TMS_Psychopy2024.2.5.psyexp,2024.2.5,2025-07-29 14h46.27.272763 +0200,
0,0,0,,,,,0,0,0,0,,,,,#88BA3F,1520.5415270328522,False,space,correct rejection,None,589.2620086669922,,2,20,2back_single_main_click,2,,12,11,23,24,12,,,,,,,,,,22,03,yes,no,no,2025-07-29_14h42.07.153,EXNAT_4_TMS_Psychopy2024.2.5.psyexp,2024.2.5,2025-07-29 14h46.27.272763 +0200,
0,0,0,,,,,0,0,0,0,,,,,#88BA3F,1521.3456377983093,False,space,correct rejection,None,905.1544666290283,,3,20,2back_single_main_click,2,,12,11,23,24,12,,,,,,,,,,22,03,yes,no,no,2025-07-29_14h42.07.153,EXNAT_4_TMS_Psychopy2024.2.5.psyexp,2024.2.5,2025-07-29 14h46.27.272763 +0200,
0,0,0,,,,,0,0,0,0,,,,,#D292F3,1522.4670133590698,False,space,correct rejection,None,487.77198791503906,,4,20,2back_single_main_click,2,,12,11,23,24,12,,,,,,,,,,22,03,yes,no,no,2025-07-29_14h42.07.153,EXNAT_4_TMS_Psychopy2024.2.5.psyexp,2024.2.5,2025-07-29 14h46.27.272763 +0200,
0,0,0,,,,,0,0,0,0,,,,,#D292F3,1523.1719036102295,False,space,correct rejection,None,438.92931938171387,,5,20,2back_single_main_click,2,,12,11,23,24,12,,,,,,,,,,22,03,yes,no,no,2025-07-29_14h42.07.153,EXNAT_4_TMS_Psychopy2024.2.5.psyexp,2024.2.5,2025-07-29 14h46.27.272763 +0200,
0,0,0,,,,,0,0,0,0,,,,,#2AB7EF,1523.8279175758362,False,space,correct rejection,None,454.93197441101074,,6,20,2back_single_main_click,2,,12,11,23,24,12,,,,,,,,,,22,03,yes,no,no,2025-07-29_14h42.07.153,EXNAT_4_TMS_Psychopy2024.2.5.psyexp,2024.2.5,2025-07-29 14h46.27.272763 +0200,
0,0,0,,,,,0,0,0,0,,,,,#D292F3,1524.5002744197845,True,space,miss,None,326.37596130371094,,7,20,2back_single_main_click,2,,12,12,24,24,inf,1524.559730052948,,,,,,,,,22,03,yes,no,no,2025-07-29_14h42.07.153,EXNAT_4_TMS_Psychopy2024.2.5.psyexp,2024.2.5,2025-07-29 14h46.27.272763 +0200,
0,0,0,,,,,0,0,0,0,,,,,#F989A2,1525.0438418388367,False,space,correct rejection,None,502.98213958740234,,8,20,2back_single_main_click,2,,12,12,24,24,inf,,,,,,,,,,22,03,yes,no,no,2025-07-29_14h42.07.153,EXNAT_4_TMS_Psychopy2024.2.5.psyexp,2024.2.5,2025-07-29 14h46.27.272763 +0200,
0,0,0,,,,,0,0,0,0,,,,,#F989A2,1525.7638227939606,False,space,correct rejection,None,407.04965591430664,,9,20,2back_single_main_click,2,,12,12,24,24,inf,,,,,,,,,,22,03,yes,no,no,2025-07-29_14h42.07.153,EXNAT_4_TMS_Psychopy2024.2.5.psyexp,2024.2.5,2025-07-29 14h46.27.272763 +0200,
0,0,0,,,,,0,0,0,0,,,,,#88BA3F,1526.3880143165588,False,space,correct rejection,None,470.81732749938965,,10,20,2back_single_main_click,2,,12,12,24,24,inf,,,,,,,,,,22,03,yes,no,no,2025-07-29_14h42.07.153,EXNAT_4_TMS_Psychopy2024.2.5.psyexp,2024.2.5,2025-07-29 14h46.27.272763 +0200,
0,0,0,,,,,0,0,0,0,,,,,#2AB7EF,1527.0756769180298,False,space,correct rejection,None,423.17652702331543,,11,20,2back_single_main_click,2,,12,12,24,24,inf,,,,,,,,,,22,03,yes,no,no,2025-07-29_14h42.07.153,EXNAT_4_TMS_Psychopy2024.2.5.psyexp,2024.2.5,2025-07-29 14h46.27.272763 +0200,
0,0,0,,,,,0,0,0,0,,,,,#88BA3F,1527.7155711650848,True,space,miss,None,407.06396102905273,,12,20,2back_single_main_click,2,,12,12,24,24,inf,,,,,,,,,,22,03,yes,no,no,2025-07-29_14h42.07.153,EXNAT_4_TMS_Psychopy2024.2.5.psyexp,2024.2.5,2025-07-29 14h46.27.272763 +0200,
0,0,0,,,,,0,0,0,0,,,,,#D292F3,1528.3466444015503,False,space,correct rejection,None,480.1442623138428,,13,20,2back_single_main_click,2,,12,12,24,24,inf,,,,,,,,,,22,03,yes,no,no,2025-07-29_14h42.07.153,EXNAT_4_TMS_Psychopy2024.2.5.psyexp,2024.2.5,2025-07-29 14h46.27.272763 +0200,
0,0,0,,,,,0,0,0,0,,,,,#F989A2,1529.0504446029663,False,space,correct rejection,None,320.3239440917969,,14,20,2back_single_main_click,2,,12,12,24,24,inf,,,,,,,,,,22,03,yes,no,no,2025-07-29_14h42.07.153,EXNAT_4_TMS_Psychopy2024.2.5.psyexp,2024.2.5,2025-07-29 14h46.27.272763 +0200,
0,0,0,,,,,0,0,0,0,,,,,#88BA3F,1529.594656944275,False,space,correct rejection,None,480.1323413848877,,15,20,2back_single_main_click,2,,13,12,25,24,inf,1529.6520318984985,,,,,,,,,22,03,yes,no,no,2025-07-29_14h42.07.153,EXNAT_4_TMS_Psychopy2024.2.5.psyexp,2024.2.5,2025-07-29 14h46.27.272763 +0200,
0,0,0,,,,,0,0,0,0,,,,,#F989A2,1530.2987844944,True,space,miss,None,336.09938621520996,,16,20,2back_single_main_click,2,,13,12,25,24,inf,,,,,,,,,,22,03,yes,no,no,2025-07-29_14h42.07.153,EXNAT_4_TMS_Psychopy2024.2.5.psyexp,2024.2.5,2025-07-29 14h46.27.272763 +0200,
0,0,0,,,,,0,0,0,0,,,,,#F989A2,1530.8586666584015,False,space,correct rejection,None,576.1783123016357,,17,20,2back_single_main_click,2,,13,12,25,24,inf,,,,,,,,,,22,03,yes,no,no,2025-07-29_14h42.07.153,EXNAT_4_TMS_Psychopy2024.2.5.psyexp,2024.2.5,2025-07-29 14h46.27.272763 +0200,
0,0,0,,,,,0,0,0,0,,,,,#D292F3,1531.6584017276764,False,space,correct rejection,None,528.4168720245361,,18,20,2back_single_main_click,2,,13,12,25,24,inf,,,,,,,,,,22,03,yes,no,no,2025-07-29_14h42.07.153,EXNAT_4_TMS_Psychopy2024.2.5.psyexp,2024.2.5,2025-07-29 14h46.27.272763 +0200,
0,0,0,,,,,0,0,0,0,,,,,#D292F3,1532.4104619026184,False,space,correct rejection,None,672.3337173461914,,19,20,2back_single_main_click,2,,13,12,25,24,inf,,,,,,,,,,22,03,yes,no,no,2025-07-29_14h42.07.153,EXNAT_4_TMS_Psychopy2024.2.5.psyexp,2024.2.5,2025-07-29 14h46.27.272763 +0200,
0,0,0,,,,,0,0,0,0,,,,,#2AB7EF,1533.3066613674164,False,space,correct rejection,None,559.9687099456787,,20,20,2back_single_main_click,2,,13,12,25,24,inf,,,,,,,,,,22,03,yes,no,no,2025-07-29_14h42.07.153,EXNAT_4_TMS_Psychopy2024.2.5.psyexp,2024.2.5,2025-07-29 14h46.27.272763 +0200,
0,0,0,,,,,0,0,0,0,,,,,#88BA3F,1534.0903763771057,False,space,correct rejection,None,416.46695137023926,,21,20,2back_single_main_click,2,,13,12,25,24,inf,,,,,,,,,,22,03,yes,no,no,2025-07-29_14h42.07.153,EXNAT_4_TMS_Psychopy2024.2.5.psyexp,2024.2.5,2025-07-29 14h46.27.272763 +0200,
0,0,0,,,,,0,0,0,0,,,,,#F989A2,1534.7307376861572,False,space,correct rejection,None,496.01078033447266,,22,20,2back_single_main_click,2,,14,12,26,24,inf,1534.7855615615845,,,,,,,,,22,03,yes,no,no,2025-07-29_14h42.07.153,EXNAT_4_TMS_Psychopy2024.2.5.psyexp,2024.2.5,2025-07-29 14h46.27.272763 +0200,
0,0,0,,,,,0,0,0,0,,,,,#88BA3F,1535.4508073329926,True,space,miss,None,368.0610656738281,,23,20,2back_single_main_click,2,,14,12,26,24,inf,,,,,,,,,,22,03,yes,no,no,2025-07-29_14h42.07.153,EXNAT_4_TMS_Psychopy2024.2.5.psyexp,2024.2.5,2025-07-29 14h46.27.272763 +0200,
0,0,0,,,,,0,0,0,0,,,,,#2AB7EF,1536.0422568321228,False,space,correct rejection,None,624.3691444396973,,24,20,2back_single_main_click,2,,14,12,26,24,inf,,,,,,,,,,22,03,yes,no,no,2025-07-29_14h42.07.153,EXNAT_4_TMS_Psychopy2024.2.5.psyexp,2024.2.5,2025-07-29 14h46.27.272763 +0200,
0,0,0,,,,,0,0,0,0,,,,,#88BA3F,1536.890909910202,True,space,miss,None,383.88872146606445,,25,20,2back_single_main_click,2,,14,12,26,24,inf,,,,,,,,,,22,03,yes,no,no,2025-07-29_14h42.07.153,EXNAT_4_TMS_Psychopy2024.2.5.psyexp,2024.2.5,2025-07-29 14h46.27.272763 +0200,
0,0,0,,,,,0,0,0,0,,,,,#D292F3,1537.4986145496368,False,space,correct rejection,None,512.178897857666,,26,20,2back_single_main_click,2,,14,12,26,24,inf,,,,,,,,,,22,03,yes,no,no,2025-07-29_14h42.07.153,EXNAT_4_TMS_Psychopy2024.2.5.psyexp,2024.2.5,2025-07-29 14h46.27.272763 +0200,
0,0,0,,,,,0,0,0,0,,,,,#88BA3F,1538.2349135875702,True,space,miss,None,559.8740577697754,,27,20,2back_single_main_click,2,,14,12,26,24,inf,,,,,,,,,,22,03,yes,no,no,2025-07-29_14h42.07.153,EXNAT_4_TMS_Psychopy2024.2.5.psyexp,2024.2.5,2025-07-29 14h46.27.272763 +0200,
0,0,0,,,,,0,0,0,0,,,,,#2AB7EF,1539.0178904533386,False,space,correct rejection,None,464.97583389282227,,28,20,2back_single_main_click,2,,14,12,26,24,inf,,,,,,,,,,22,03,yes,no,no,2025-07-29_14h42.07.153,EXNAT_4_TMS_Psychopy2024.2.5.psyexp,2024.2.5,2025-07-29 14h46.27.272763 +0200,
0,0,0,,,,,0,0,0,0,,,,,#F989A2,1539.7065227031708,False,space,correct rejection,None,560.2726936340332,,29,20,2back_single_main_click,2,,14,12,26,24,inf,,,,,,,,,,22,03,yes,no,no,2025-07-29_14h42.07.153,EXNAT_4_TMS_Psychopy2024.2.5.psyexp,2024.2.5,2025-07-29 14h46.27.272763 +0200,
0,0,0,,,,,0,0,0,0,,,,,#D292F3,1540.4898896217346,False,space,correct rejection,None,608.9284420013428,,30,20,2back_single_main_click,2,,14,12,26,24,inf,,,,,,,,,,22,03,yes,no,no,2025-07-29_14h42.07.153,EXNAT_4_TMS_Psychopy2024.2.5.psyexp,2024.2.5,2025-07-29 14h46.27.272763 +0200,
0,0,0,,,,,0,0,0,0,,,,,#F989A2,1541.322969198227,True,space,miss,None,511.883020401001,,31,20,2back_single_main_click,2,,14,12,26,24,inf,,,,,,,,,,22,03,yes,no,no,2025-07-29_14h42.07.153,EXNAT_4_TMS_Psychopy2024.2.5.psyexp,2024.2.5,2025-07-29 14h46.27.272763 +0200,
0,0,0,,,,,0,0,0,0,,,,,#2AB7EF,1542.058912038803,False,space,correct rejection,None,463.991641998291,,32,20,2back_single_main_click,2,,14,12,26,24,inf,,,,,,,,,,22,03,yes,no,no,2025-07-29_14h42.07.153,EXNAT_4_TMS_Psychopy2024.2.5.psyexp,2024.2.5,2025-07-29 14h46.27.272763 +0200,
0,0,0,,,,,0,0,0,0,,,,,#F989A2,1542.7473576068878,True,space,miss,None,399.40690994262695,,33,20,2back_single_main_click,2,,14,13,27,24,inf,1542.801919221878,,,,,,,,,22,03,yes,no,no,2025-07-29_14h42.07.153,EXNAT_4_TMS_Psychopy2024.2.5.psyexp,2024.2.5,2025-07-29 14h46.27.272763 +0200,
0,0,0,,,,,0,0,0,0,,,,,#D292F3,1543.370403289795,False,space,correct rejection,None,432.4967861175537,,34,20,2back_single_main_click,2,,14,13,27,24,inf,,,,,,,,,,22,03,yes,no,no,2025-07-29_14h42.07.153,EXNAT_4_TMS_Psychopy2024.2.5.psyexp,2024.2.5,2025-07-29 14h46.27.272763 +0200,
0,0,0,,,,,0,0,0,0,,,,,#88BA3F,1544.0280711650848,False,space,correct rejection,None,382.7943801879883,,35,20,2back_single_main_click,2,,14,13,27,24,inf,,,,,,,,,,22,03,yes,no,no,2025-07-29_14h42.07.153,EXNAT_4_TMS_Psychopy2024.2.5.psyexp,2024.2.5,2025-07-29 14h46.27.272763 +0200,
0,0,0,,,,,0,0,0,0,,,,,#2AB7EF,1544.6348886489868,False,space,correct rejection,None,528.0027389526367,,36,20,2back_single_main_click,2,,14,13,27,24,inf,,,,,,,,,,22,03,yes,no,no,2025-07-29_14h42.07.153,EXNAT_4_TMS_Psychopy2024.2.5.psyexp,2024.2.5,2025-07-29 14h46.27.272763 +0200,
0,0,0,,,,,0,0,0,0,,,,,#F989A2,1545.3866555690765,False,space,correct rejection,None,496.1831569671631,,37,20,2back_single_main_click,2,,14,13,27,24,inf,,,,,,,,,,22,03,yes,no,no,2025-07-29_14h42.07.153,EXNAT_4_TMS_Psychopy2024.2.5.psyexp,2024.2.5,2025-07-29 14h46.27.272763 +0200,
0,0,0,,,,,0,0,0,0,,,,,#F989A2,1546.1065945625305,False,space,correct rejection,None,480.07965087890625,,38,20,2back_single_main_click,2,,14,13,27,24,inf,,,,,,,,,,22,03,yes,no,no,2025-07-29_14h42.07.153,EXNAT_4_TMS_Psychopy2024.2.5.psyexp,2024.2.5,2025-07-29 14h46.27.272763 +0200,
0,0,0,,,,,0,0,0,0,,,,,#88BA3F,1546.8102715015411,False,space,correct rejection,None,528.5215377807617,,39,20,2back_single_main_click,2,,14,13,27,24,inf,,,,,,,,,,22,03,yes,no,no,2025-07-29_14h42.07.153,EXNAT_4_TMS_Psychopy2024.2.5.psyexp,2024.2.5,2025-07-29 14h46.27.272763 +0200,
0,0,0,,,,,0,0,0,0,,,,,#F989A2,1547.5621347427368,True,space,miss,None,368.7925338745117,,40,20,2back_single_main_click,2,,14,14,28,24,inf,1547.8019070625305,,,,,,,,,22,03,yes,no,no,2025-07-29_14h42.07.153,EXNAT_4_TMS_Psychopy2024.2.5.psyexp,2024.2.5,2025-07-29 14h46.27.272763 +0200,
0,0,0,,,,,0,0,0,0,,,,,#D292F3,1548.1547853946686,False,space,correct rejection,None,512.070894241333,,41,20,2back_single_main_click,2,,14,14,28,24,inf,,,,,,,,,,22,03,yes,no,no,2025-07-29_14h42.07.153,EXNAT_4_TMS_Psychopy2024.2.5.psyexp,2024.2.5,2025-07-29 14h46.27.272763 +0200,
0,0,0,,,,,0,0,0,0,,,,,#2AB7EF,1548.8902666568756,False,space,correct rejection,None,512.3515129089355,,42,20,2back_single_main_click,2,,14,14,28,24,inf,,,,,,,,,,22,03,yes,no,no,2025-07-29_14h42.07.153,EXNAT_4_TMS_Psychopy2024.2.5.psyexp,2024.2.5,2025-07-29 14h46.27.272763 +0200,
0,0,0,,,,,0,0,0,0,,,,,#2AB7EF,1549.6265263557434,False,space,correct rejection,None,384.2313289642334,,43,20,2back_single_main_click,2,,14,14,28,24,inf,,,,,,,,,,22,03,yes,no,no,2025-07-29_14h42.07.153,EXNAT_4_TMS_Psychopy2024.2.5.psyexp,2024.2.5,2025-07-29 14h46.27.272763 +0200,
0,0,0,,,,,0,0,0,0,,,,,#2AB7EF,1550.2340905666351,True,l,hit,448.7576484680176,736.6220951080322,,44,20,2back_single_main_click,2,,14,14,28,24,inf,,,,,,,,,,22,03,yes,no,no,2025-07-29_14h42.07.153,EXNAT_4_TMS_Psychopy2024.2.5.psyexp,2024.2.5,2025-07-29 14h46.27.272763 +0200,
0,0,0,,,,,0,0,0,0,,,,,#2AB7EF,1551.1945250034332,True,l,hit,624.3076324462891,928.1575679779053,,45,20,2back_single_main_click,2,,14,14,28,24,inf,,,,,,,,,,22,03,yes,no,no,2025-07-29_14h42.07.153,EXNAT_4_TMS_Psychopy2024.2.5.psyexp,2024.2.5,2025-07-29 14h46.27.272763 +0200,
0,0,0,,,,,0,0,0,0,,,,,#88BA3F,1552.3501913547516,False,space,correct rejection,None,460.7045650482178,,46,20,2back_single_main_click,2,,15,14,29,24,inf,1552.801805973053,,,,,,,,,22,03,yes,no,no,2025-07-29_14h42.07.153,EXNAT_4_TMS_Psychopy2024.2.5.psyexp,2024.2.5,2025-07-29 14h46.27.272763 +0200,
0,0,0,,,,,0,0,0,0,,,,,#F989A2,1553.0348377227783,False,space,correct rejection,None,400.0260829925537,,47,20,2back_single_main_click,2,,15,14,29,24,inf,,,,,,,,,,22,03,yes,no,no,2025-07-29_14h42.07.153,EXNAT_4_TMS_Psychopy2024.2.5.psyexp,2024.2.5,2025-07-29 14h46.27.272763 +0200,
0,0,0,,,,,0,0,0,0,,,,,#D292F3,1553.6587901115417,False,space,correct rejection,None,495.8057403564453,,48,20,2back_single_main_click,2,,15,14,29,24,inf,,,,,,,,,,22,03,yes,no,no,2025-07-29_14h42.07.153,EXNAT_4_TMS_Psychopy2024.2.5.psyexp,2024.2.5,2025-07-29 14h46.27.272763 +0200,
0,0,0,,,,,0,0,0,0,,,,,#2AB7EF,1554.3782739639282,False,space,correct rejection,None,480.5169105529785,,49,20,2back_single_main_click,2,,15,14,29,24,inf,,,,,,,,,,22,03,yes,no,no,2025-07-29_14h42.07.153,EXNAT_4_TMS_Psychopy2024.2.5.psyexp,2024.2.5,2025-07-29 14h46.27.272763 +0200,
0,0,0,,,,,0,0,0,0,,,,,#88BA3F,1555.0825662612915,False,space,correct rejection,None,1008.2759857177734,,50,20,2back_single_main_click,2,,15,14,29,24,inf,,,,,,,,,,22,03,yes,no,no,2025-07-29_14h42.07.153,EXNAT_4_TMS_Psychopy2024.2.5.psyexp,2024.2.5,2025-07-29 14h46.27.272763 +0200,
0,0,0,,,,,0,0,0,0,,,,,#F989A2,1556.3156940937042,False,space,correct rejection,None,495.1059818267822,,51,20,2back_single_main_click,2,,15,14,29,24,inf,,,,,,,,,,22,03,yes,no,no,2025-07-29_14h42.07.153,EXNAT_4_TMS_Psychopy2024.2.5.psyexp,2024.2.5,2025-07-29 14h46.27.272763 +0200,
0,0,0,,,,,0,0,0,0,,,,,#2AB7EF,1557.034793138504,False,space,correct rejection,None,544.050931930542,,52,20,2back_single_main_click,2,,15,14,29,24,inf,,,,,,,,,,22,03,yes,no,no,2025-07-29_14h42.07.153,EXNAT_4_TMS_Psychopy2024.2.5.psyexp,2024.2.5,2025-07-29 14h46.27.272763 +0200,
0,0,0,,,,,0,0,0,0,,,,,#D292F3,1557.8026628494263,False,space,correct rejection,None,479.9695014953613,,53,20,2back_single_main_click,2,,16,14,30,24,inf,1557.8604595661163,,,,,,,,,22,03,yes,no,no,2025-07-29_14h42.07.153,EXNAT_4_TMS_Psychopy2024.2.5.psyexp,2024.2.5,2025-07-29 14h46.27.272763 +0200,
0,0,0,,,,,0,0,0,0,,,,,#F989A2,1558.505753993988,False,space,correct rejection,None,465.1510715484619,,54,20,2back_single_main_click,2,,16,14,30,24,inf,,,,,,,,,,22,03,yes,no,no,2025-07-29_14h42.07.153,EXNAT_4_TMS_Psychopy2024.2.5.psyexp,2024.2.5,2025-07-29 14h46.27.272763 +0200,
0,0,0,,,,,0,0,0,0,,,,,#88BA3F,1559.1949179172516,False,space,correct rejection,None,320.00017166137695,,55,20,2back_single_main_click,2,,16,14,30,24,inf,,,,,,,,,,22,03,yes,no,no,2025-07-29_14h42.07.153,EXNAT_4_TMS_Psychopy2024.2.5.psyexp,2024.2.5,2025-07-29 14h46.27.272763 +0200,
0,0,0,,,,,0,0,0,0,,,,,#D292F3,1559.7383949756622,False,space,correct rejection,None,528.3980369567871,,56,20,2back_single_main_click,2,,16,14,30,24,inf,,,,,,,,,,22,03,yes,no,no,2025-07-29_14h42.07.153,EXNAT_4_TMS_Psychopy2024.2.5.psyexp,2024.2.5,2025-07-29 14h46.27.272763 +0200,
0,0,0,,,,,0,0,0,0,,,,,#2AB7EF,1560.4906523227692,False,space,correct rejection,None,352.1850109100342,,57,20,2back_single_main_click,2,,16,14,30,24,inf,,,,,,,,,,22,03,yes,no,no,2025-07-29_14h42.07.153,EXNAT_4_TMS_Psychopy2024.2.5.psyexp,2024.2.5,2025-07-29 14h46.27.272763 +0200,
0,0,0,,,,,0,0,0,0,,,,,#D292F3,1561.0665271282196,True,l,hit,480.41510581970215,800.2476692199707,,58,20,2back_single_main_click,2,,16,14,30,24,inf,,,,,,,,,,22,03,yes,no,no,2025-07-29_14h42.07.153,EXNAT_4_TMS_Psychopy2024.2.5.psyexp,2024.2.5,2025-07-29 14h46.27.272763 +0200,
0,0,0,,,,,0,0,0,0,,,,,#88BA3F,1562.0912351608276,False,space,correct rejection,None,415.68565368652344,,59,20,2back_single_main_click,2,,16,14,30,24,inf,,,,,,,,,,22,03,yes,no,no,2025-07-29_14h42.07.153,EXNAT_4_TMS_Psychopy2024.2.5.psyexp,2024.2.5,2025-07-29 14h46.27.272763 +0200,
0,0,0,,,,,0,0,0,0,,,,,#F989A2,1562.7307877540588,False,space,correct rejection,None,448.11320304870605,,60,20,2back_single_main_click,2,,16,14,30,24,inf,,,,,,,,,,22,03,yes,no,no,2025-07-29_14h42.07.153,EXNAT_4_TMS_Psychopy2024.2.5.psyexp,2024.2.5,2025-07-29 14h46.27.272763 +0200,
0,0,0,,,,,0,0,0,0,,,,,,,,,,,,,,,,,,,,,,,,,,,,,1563.5933368206024,1563.5933575630188,,22,03,yes,no,no,2025-07-29_14h42.07.153,EXNAT_4_TMS_Psychopy2024.2.5.psyexp,2024.2.5,2025-07-29 14h46.27.272763 +0200,
1,0,1,,,,,1,0,1,0,1563.6175291538239,,,,,,,,,,,,,,,,,,,,,,,,,,,,1563.5934617519379,1563.5936410427094,,22,03,yes,no,no,2025-07-29_14h42.07.153,EXNAT_4_TMS_Psychopy2024.2.5.psyexp,2024.2.5,2025-07-29 14h46.27.272763 +0200,
2,0,2,,,,,2,0,2,0,1563.6175291538239,,,,,,,,,,,,,,,,,,,,,,,,,,,,1563.5937085151672,1563.593768119812,,22,03,yes,no,no,2025-07-29_14h42.07.153,EXNAT_4_TMS_Psychopy2024.2.5.psyexp,2024.2.5,2025-07-29 14h46.27.272763 +0200,
3,0,3,,,,,3,0,3,0,1563.6175291538239,,,,,,,,,,,,,,,,,,,,,,,,,,,,1563.593831539154,1563.5938892364502,,22,03,yes,no,no,2025-07-29_14h42.07.153,EXNAT_4_TMS_Psychopy2024.2.5.psyexp,2024.2.5,2025-07-29 14h46.27.272763 +0200,
4,0,4,,,,,4,0,4,0,1563.6175291538239,,,,,,,,,,,,,,,,,,,,,,,,,,,,1563.5939569473267,1563.594022989273,,22,03,yes,no,no,2025-07-29_14h42.07.153,EXNAT_4_TMS_Psychopy2024.2.5.psyexp,2024.2.5,2025-07-29 14h46.27.272763 +0200,
,,,,,,,,,,,,,,,,,,,,,,,,,,,,,,,,,,,,,,,,,1655.383781671524,,,,,,,,,,
