thisN,thisTrialN,thisRepN,trials.thisRepN,trials.thisTrialN,trials.thisN,trials.thisIndex,loop_nback.thisRepN,loop_nback.thisTrialN,loop_nback.thisN,loop_nback.thisIndex,thisRow.t,notes,settings.started,settings.stopped,colour,global_onset_time,target,button_pressed,nback_response,nback_RT,RT,text_nr,trial_nr,block_nr_exp,block_name,n-back_level,word,nontarget_triggers_sent_this_condition,target_triggers_sent_this_condition,total_triggers_sent_this_condition,minimum_triggers_this_condition,maximum_triggers_this_block,trigger_time,question,chosen_ans,ans_correct,reading_self_paced.started,reading_self_paced.stopped,nback_self_paced.started,nback_self_paced.stopped,end.started,end.stopped,participant,session,TMS_port,testing_mode,skip_reading,date,expName,psychopyVersion,expStart,
,,,,,,,,,,,,,0.05947279930114746,0.05970430374145508,,,,,,,,,,,,,,,,,,,,,,,,,,,,,19,02,yes,no,no,2025-07-14_14h23.31.760,EXNAT_4_TMS_Psychopy2024.2.5.psyexp,2024.2.5,2025-07-14 14h31.41.583675 +0200,
0,0,0,0,0,0,0,,,,,0.35201263427734375,,,,#D292F3,25.27501082420349,None,space,None,None,1034.3008041381836,text_04,1,1,Reading_Baseline_main_click,None,Jerry,0,0,0,60,60,,,,,,,,,,,19,02,yes,no,no,2025-07-14_14h23.31.760,EXNAT_4_TMS_Psychopy2024.2.5.psyexp,2024.2.5,2025-07-14 14h31.41.583675 +0200,
0,0,0,0,0,0,0,,,,,,,,,#88BA3F,26.346993923187256,None,space,None,None,1482.0442199707031,text_04,2,1,Reading_Baseline_main_click,None,Robinson,1,0,1,60,60,26.4118013381958,,,,,,,,,,19,02,yes,no,no,2025-07-14_14h23.31.760,EXNAT_4_TMS_Psychopy2024.2.5.psyexp,2024.2.5,2025-07-14 14h31.41.583675 +0200,
0,0,0,0,0,0,0,,,,,,,,,#D292F3,27.8693904876709,None,space,None,None,583.7528705596924,text_04,3,1,Reading_Baseline_main_click,None,war,1,0,1,60,60,,,,,,,,,,,19,02,yes,no,no,2025-07-14_14h23.31.760,EXNAT_4_TMS_Psychopy2024.2.5.psyexp,2024.2.5,2025-07-14 14h31.41.583675 +0200,
0,0,0,0,0,0,0,,,,,,,,,#F989A2,28.491973876953125,None,space,None,None,537.2328758239746,text_04,4,1,Reading_Baseline_main_click,None,erst,1,0,1,60,60,,,,,,,,,,,19,02,yes,no,no,2025-07-14_14h23.31.760,EXNAT_4_TMS_Psychopy2024.2.5.psyexp,2024.2.5,2025-07-14 14h31.41.583675 +0200,
0,0,0,0,0,0,0,,,,,,,,,#2AB7EF,29.068002462387085,None,space,None,None,553.2009601593018,text_04,5,1,Reading_Baseline_main_click,None,17,1,0,1,60,60,,,,,,,,,,,19,02,yes,no,no,2025-07-14_14h23.31.760,EXNAT_4_TMS_Psychopy2024.2.5.psyexp,2024.2.5,2025-07-14 14h31.41.583675 +0200,
0,0,0,0,0,0,0,,,,,,,,,#F989A2,29.66191005706787,None,space,None,None,599.252462387085,text_04,6,1,Reading_Baseline_main_click,None,Jahre,1,0,1,60,60,,,,,,,,,,,19,02,yes,no,no,2025-07-14_14h23.31.760,EXNAT_4_TMS_Psychopy2024.2.5.psyexp,2024.2.5,2025-07-14 14h31.41.583675 +0200,
0,0,0,0,0,0,0,,,,,,,,,#F989A2,30.300484895706177,None,space,None,None,648.5235691070557,text_04,7,1,Reading_Baseline_main_click,None,"alt,",1,0,1,60,60,,,,,,,,,,,19,02,yes,no,no,2025-07-14_14h23.31.760,EXNAT_4_TMS_Psychopy2024.2.5.psyexp,2024.2.5,2025-07-14 14h31.41.583675 +0200,
0,0,0,0,0,0,0,,,,,,,,,#D292F3,30.988962173461914,None,space,None,None,2440.2801990509033,text_04,8,1,Reading_Baseline_main_click,None,als,2,0,2,60,60,31.4116268157959,,,,,,,,,,19,02,yes,no,no,2025-07-14_14h23.31.760,EXNAT_4_TMS_Psychopy2024.2.5.psyexp,2024.2.5,2025-07-14 14h31.41.583675 +0200,
0,0,0,0,0,0,0,,,,,,,,,#88BA3F,33.482290267944336,None,space,None,None,938.9588832855225,text_04,9,1,Reading_Baseline_main_click,None,er,2,0,2,60,60,,,,,,,,,,,19,02,yes,no,no,2025-07-14_14h23.31.760,EXNAT_4_TMS_Psychopy2024.2.5.psyexp,2024.2.5,2025-07-14 14h31.41.583675 +0200,
0,0,0,0,0,0,0,,,,,,,,,#2AB7EF,34.475555419921875,None,space,None,None,521.6395854949951,text_04,10,1,Reading_Baseline_main_click,None,Bob,2,0,2,60,60,,,,,,,,,,,19,02,yes,no,no,2025-07-14_14h23.31.760,EXNAT_4_TMS_Psychopy2024.2.5.psyexp,2024.2.5,2025-07-14 14h31.41.583675 +0200,
0,0,0,0,0,0,0,,,,,,,,,#88BA3F,35.05337452888489,None,space,None,None,503.772497177124,text_04,11,1,Reading_Baseline_main_click,None,Kane,2,0,2,60,60,,,,,,,,,,,19,02,yes,no,no,2025-07-14_14h23.31.760,EXNAT_4_TMS_Psychopy2024.2.5.psyexp,2024.2.5,2025-07-14 14h31.41.583675 +0200,
0,0,0,0,0,0,0,,,,,,,,,#2AB7EF,35.61277627944946,None,space,None,None,472.41997718811035,text_04,12,1,Reading_Baseline_main_click,None,"traf,",2,0,2,60,60,,,,,,,,,,,19,02,yes,no,no,2025-07-14_14h23.31.760,EXNAT_4_TMS_Psychopy2024.2.5.psyexp,2024.2.5,2025-07-14 14h31.41.583675 +0200,
0,0,0,0,0,0,0,,,,,,,,,#88BA3F,36.13964295387268,None,space,None,None,809.5953464508057,text_04,13,1,Reading_Baseline_main_click,None,den,3,0,3,60,60,36.41160011291504,,,,,,,,,,19,02,yes,no,no,2025-07-14_14h23.31.760,EXNAT_4_TMS_Psychopy2024.2.5.psyexp,2024.2.5,2025-07-14 14h31.41.583675 +0200,
0,0,0,0,0,0,0,,,,,,,,,#F989A2,37.00556230545044,None,space,None,None,567.6653385162354,text_04,14,1,Reading_Baseline_main_click,None,Schöpfer,3,0,3,60,60,,,,,,,,,,,19,02,yes,no,no,2025-07-14_14h23.31.760,EXNAT_4_TMS_Psychopy2024.2.5.psyexp,2024.2.5,2025-07-14 14h31.41.583675 +0200,
0,0,0,0,0,0,0,,,,,,,,,#D292F3,37.62974166870117,None,space,None,None,599.5066165924072,text_04,15,1,Reading_Baseline_main_click,None,von,3,0,3,60,60,,,,,,,,,,,19,02,yes,no,no,2025-07-14_14h23.31.760,EXNAT_4_TMS_Psychopy2024.2.5.psyexp,2024.2.5,2025-07-14 14h31.41.583675 +0200,
0,0,0,0,0,0,0,,,,,,,,,#F989A2,38.27015447616577,None,space,None,None,550.9560108184814,text_04,16,1,Reading_Baseline_main_click,None,""Batman."",3,0,3,60,60,,,,,,,,,,,19,02,yes,no,no,2025-07-14_14h23.31.760,EXNAT_4_TMS_Psychopy2024.2.5.psyexp,2024.2.5,2025-07-14 14h31.41.583675 +0200,
0,0,0,0,0,0,0,,,,,,,,,#F989A2,38.86056470870972,None,space,None,None,712.721586227417,text_04,17,1,Reading_Baseline_main_click,None,Sie,3,0,3,60,60,,,,,,,,,,,19,02,yes,no,no,2025-07-14_14h23.31.760,EXNAT_4_TMS_Psychopy2024.2.5.psyexp,2024.2.5,2025-07-14 14h31.41.583675 +0200,
0,0,0,0,0,0,0,,,,,,,,,#2AB7EF,39.61456561088562,None,space,None,None,534.7225666046143,text_04,18,1,Reading_Baseline_main_click,None,begegneten,3,0,3,60,60,,,,,,,,,,,19,02,yes,no,no,2025-07-14_14h23.31.760,EXNAT_4_TMS_Psychopy2024.2.5.psyexp,2024.2.5,2025-07-14 14h31.41.583675 +0200,
0,0,0,0,0,0,0,,,,,,,,,#2AB7EF,40.18876528739929,None,space,None,None,568.500280380249,text_04,19,1,Reading_Baseline_main_click,None,sich,3,0,3,60,60,,,,,,,,,,,19,02,yes,no,no,2025-07-14_14h23.31.760,EXNAT_4_TMS_Psychopy2024.2.5.psyexp,2024.2.5,2025-07-14 14h31.41.583675 +0200,
0,0,0,0,0,0,0,,,,,,,,,#88BA3F,40.79604434967041,None,space,None,None,489.2079830169678,text_04,20,1,Reading_Baseline_main_click,None,zufällig,3,0,3,60,60,,,,,,,,,,,19,02,yes,no,no,2025-07-14_14h23.31.760,EXNAT_4_TMS_Psychopy2024.2.5.psyexp,2024.2.5,2025-07-14 14h31.41.583675 +0200,
0,0,0,0,0,0,0,,,,,,,,,#D292F3,41.325711727142334,None,space,None,None,471.3757038116455,text_04,21,1,Reading_Baseline_main_click,None,in,4,0,4,60,60,41.411670446395874,,,,,,,,,,19,02,yes,no,no,2025-07-14_14h23.31.760,EXNAT_4_TMS_Psychopy2024.2.5.psyexp,2024.2.5,2025-07-14 14h31.41.583675 +0200,
0,0,0,0,0,0,0,,,,,,,,,#2AB7EF,41.83769464492798,None,space,None,None,455.4400444030762,text_04,22,1,Reading_Baseline_main_click,None,einem,4,0,4,60,60,,,,,,,,,,,19,02,yes,no,no,2025-07-14_14h23.31.760,EXNAT_4_TMS_Psychopy2024.2.5.psyexp,2024.2.5,2025-07-14 14h31.41.583675 +0200,
0,0,0,0,0,0,0,,,,,,,,,#88BA3F,42.33323931694031,None,space,None,None,455.7623863220215,text_04,23,1,Reading_Baseline_main_click,None,Ausflugsgebiet,4,0,4,60,60,,,,,,,,,,,19,02,yes,no,no,2025-07-14_14h23.31.760,EXNAT_4_TMS_Psychopy2024.2.5.psyexp,2024.2.5,2025-07-14 14h31.41.583675 +0200,
0,0,0,0,0,0,0,,,,,,,,,#D292F3,42.82681632041931,None,space,None,None,666.4228439331055,text_04,24,1,Reading_Baseline_main_click,None,in,4,0,4,60,60,,,,,,,,,,,19,02,yes,no,no,2025-07-14_14h23.31.760,EXNAT_4_TMS_Psychopy2024.2.5.psyexp,2024.2.5,2025-07-14 14h31.41.583675 +0200,
0,0,0,0,0,0,0,,,,,,,,,#88BA3F,43.53492617607117,None,space,None,None,646.4996337890625,text_04,25,1,Reading_Baseline_main_click,None,Pennsylvania.,4,0,4,60,60,,,,,,,,,,,19,02,yes,no,no,2025-07-14_14h23.31.760,EXNAT_4_TMS_Psychopy2024.2.5.psyexp,2024.2.5,2025-07-14 14h31.41.583675 +0200,
0,0,0,0,0,0,0,,,,,,,,,#88BA3F,44.22203302383423,None,space,None,None,807.1389198303223,text_04,26,1,Reading_Baseline_main_click,None,Um,4,0,4,60,60,,,,,,,,,,,19,02,yes,no,no,2025-07-14_14h23.31.760,EXNAT_4_TMS_Psychopy2024.2.5.psyexp,2024.2.5,2025-07-14 14h31.41.583675 +0200,
0,0,0,0,0,0,0,,,,,,,,,#2AB7EF,45.069358348846436,None,space,None,None,503.8473606109619,text_04,27,1,Reading_Baseline_main_click,None,ihn,4,0,4,60,60,,,,,,,,,,,19,02,yes,no,no,2025-07-14_14h23.31.760,EXNAT_4_TMS_Psychopy2024.2.5.psyexp,2024.2.5,2025-07-14 14h31.41.583675 +0200,
0,0,0,0,0,0,0,,,,,,,,,#D292F3,45.61093854904175,None,space,None,None,458.29319953918457,text_04,28,1,Reading_Baseline_main_click,None,zu,4,0,4,60,60,,,,,,,,,,,19,02,yes,no,no,2025-07-14_14h23.31.760,EXNAT_4_TMS_Psychopy2024.2.5.psyexp,2024.2.5,2025-07-14 14h31.41.583675 +0200,
0,0,0,0,0,0,0,,,,,,,,,#D292F3,46.109976053237915,None,space,None,None,519.2227363586426,text_04,29,1,Reading_Baseline_main_click,None,"beeindrucken,",5,0,5,60,60,46.411617279052734,,,,,,,,,,19,02,yes,no,no,2025-07-14_14h23.31.760,EXNAT_4_TMS_Psychopy2024.2.5.psyexp,2024.2.5,2025-07-14 14h31.41.583675 +0200,
0,0,0,0,0,0,0,,,,,,,,,#88BA3F,46.67053508758545,None,space,None,None,438.6482238769531,text_04,30,1,Reading_Baseline_main_click,None,zeichnete,5,0,5,60,60,,,,,,,,,,,19,02,yes,no,no,2025-07-14_14h23.31.760,EXNAT_4_TMS_Psychopy2024.2.5.psyexp,2024.2.5,2025-07-14 14h31.41.583675 +0200,
0,0,0,0,0,0,0,,,,,,,,,#2AB7EF,47.149909019470215,None,space,None,None,455.25288581848145,text_04,31,1,Reading_Baseline_main_click,None,Robinson,5,0,5,60,60,,,,,,,,,,,19,02,yes,no,no,2025-07-14_14h23.31.760,EXNAT_4_TMS_Psychopy2024.2.5.psyexp,2024.2.5,2025-07-14 14h31.41.583675 +0200,
0,0,0,0,0,0,0,,,,,,,,,#D292F3,47.643609046936035,None,space,None,None,441.62893295288086,text_04,32,1,Reading_Baseline_main_click,None,kurzerhand,5,0,5,60,60,,,,,,,,,,,19,02,yes,no,no,2025-07-14_14h23.31.760,EXNAT_4_TMS_Psychopy2024.2.5.psyexp,2024.2.5,2025-07-14 14h31.41.583675 +0200,
0,0,0,0,0,0,0,,,,,,,,,#88BA3F,48.12485432624817,None,space,None,None,504.46534156799316,text_04,33,1,Reading_Baseline_main_click,None,auf,5,0,5,60,60,,,,,,,,,,,19,02,yes,no,no,2025-07-14_14h23.31.760,EXNAT_4_TMS_Psychopy2024.2.5.psyexp,2024.2.5,2025-07-14 14h31.41.583675 +0200,
0,0,0,0,0,0,0,,,,,,,,,#2AB7EF,48.67131447792053,None,space,None,None,486.0105514526367,text_04,34,1,Reading_Baseline_main_click,None,seiner,5,0,5,60,60,,,,,,,,,,,19,02,yes,no,no,2025-07-14_14h23.31.760,EXNAT_4_TMS_Psychopy2024.2.5.psyexp,2024.2.5,2025-07-14 14h31.41.583675 +0200,
0,0,0,0,0,0,0,,,,,,,,,#F989A2,49.198087215423584,None,space,None,None,439.1322135925293,text_04,35,1,Reading_Baseline_main_click,None,Jacke.,5,0,5,60,60,,,,,,,,,,,19,02,yes,no,no,2025-07-14_14h23.31.760,EXNAT_4_TMS_Psychopy2024.2.5.psyexp,2024.2.5,2025-07-14 14h31.41.583675 +0200,
0,0,0,0,0,0,0,,,,,,,,,#F989A2,49.67583250999451,None,space,None,None,457.40365982055664,text_04,36,1,Reading_Baseline_main_click,None,Kane,5,0,5,60,60,,,,,,,,,,,19,02,yes,no,no,2025-07-14_14h23.31.760,EXNAT_4_TMS_Psychopy2024.2.5.psyexp,2024.2.5,2025-07-14 14h31.41.583675 +0200,
0,0,0,0,0,0,0,,,,,,,,,#88BA3F,50.172539710998535,None,space,None,None,504.72068786621094,text_04,37,1,Reading_Baseline_main_click,None,war,5,0,5,60,60,,,,,,,,,,,19,02,yes,no,no,2025-07-14_14h23.31.760,EXNAT_4_TMS_Psychopy2024.2.5.psyexp,2024.2.5,2025-07-14 14h31.41.583675 +0200,
0,0,0,0,0,0,0,,,,,,,,,#D292F3,50.71849751472473,None,space,None,None,678.5063743591309,text_04,38,1,Reading_Baseline_main_click,None,beeindruckt,5,0,5,60,60,,,,,,,,,,,19,02,yes,no,no,2025-07-14_14h23.31.760,EXNAT_4_TMS_Psychopy2024.2.5.psyexp,2024.2.5,2025-07-14 14h31.41.583675 +0200,
0,0,0,0,0,0,0,,,,,,,,,#88BA3F,51.43860936164856,None,space,None,None,918.6685085296631,text_04,39,1,Reading_Baseline_main_click,None,und,6,0,6,60,60,51.49109101295471,,,,,,,,,,19,02,yes,no,no,2025-07-14_14h23.31.760,EXNAT_4_TMS_Psychopy2024.2.5.psyexp,2024.2.5,2025-07-14 14h31.41.583675 +0200,
0,0,0,0,0,0,0,,,,,,,,,#F989A2,52.397743940353394,None,space,None,None,519.5209980010986,text_04,40,1,Reading_Baseline_main_click,None,stellte,6,0,6,60,60,,,,,,,,,,,19,02,yes,no,no,2025-07-14_14h23.31.760,EXNAT_4_TMS_Psychopy2024.2.5.psyexp,2024.2.5,2025-07-14 14h31.41.583675 +0200,
0,0,0,0,0,0,0,,,,,,,,,#88BA3F,52.95659899711609,None,space,None,None,472.81813621520996,text_04,41,1,Reading_Baseline_main_click,None,ihn,6,0,6,60,60,,,,,,,,,,,19,02,yes,no,no,2025-07-14_14h23.31.760,EXNAT_4_TMS_Psychopy2024.2.5.psyexp,2024.2.5,2025-07-14 14h31.41.583675 +0200,
0,0,0,0,0,0,0,,,,,,,,,#88BA3F,53.468286991119385,None,space,None,None,457.0918083190918,text_04,42,1,Reading_Baseline_main_click,None,ein.,6,0,6,60,60,,,,,,,,,,,19,02,yes,no,no,2025-07-14_14h23.31.760,EXNAT_4_TMS_Psychopy2024.2.5.psyexp,2024.2.5,2025-07-14 14h31.41.583675 +0200,
0,0,0,0,0,0,0,,,,,,,,,#2AB7EF,53.96475791931152,None,space,None,None,552.635908126831,text_04,43,1,Reading_Baseline_main_click,None,Ab,6,0,6,60,60,,,,,,,,,,,19,02,yes,no,no,2025-07-14_14h23.31.760,EXNAT_4_TMS_Psychopy2024.2.5.psyexp,2024.2.5,2025-07-14 14h31.41.583675 +0200,
0,0,0,0,0,0,0,,,,,,,,,#2AB7EF,54.55728530883789,None,space,None,None,456.12096786499023,text_04,44,1,Reading_Baseline_main_click,None,der,6,0,6,60,60,,,,,,,,,,,19,02,yes,no,no,2025-07-14_14h23.31.760,EXNAT_4_TMS_Psychopy2024.2.5.psyexp,2024.2.5,2025-07-14 14h31.41.583675 +0200,
0,0,0,0,0,0,0,,,,,,,,,#D292F3,55.05395221710205,None,space,None,None,455.40356636047363,text_04,45,1,Reading_Baseline_main_click,None,dritten,6,0,6,60,60,,,,,,,,,,,19,02,yes,no,no,2025-07-14_14h23.31.760,EXNAT_4_TMS_Psychopy2024.2.5.psyexp,2024.2.5,2025-07-14 14h31.41.583675 +0200,
0,0,0,0,0,0,0,,,,,,,,,#D292F3,55.55238175392151,None,space,None,None,516.9317722320557,text_04,46,1,Reading_Baseline_main_click,None,Batman-Ausgabe,6,0,6,60,60,,,,,,,,,,,19,02,yes,no,no,2025-07-14_14h23.31.760,EXNAT_4_TMS_Psychopy2024.2.5.psyexp,2024.2.5,2025-07-14 14h31.41.583675 +0200,
0,0,0,0,0,0,0,,,,,,,,,#2AB7EF,56.10775709152222,None,space,None,None,473.56390953063965,text_04,47,1,Reading_Baseline_main_click,None,arbeitete,7,0,7,60,60,56.49102473258972,,,,,,,,,,19,02,yes,no,no,2025-07-14_14h23.31.760,EXNAT_4_TMS_Psychopy2024.2.5.psyexp,2024.2.5,2025-07-14 14h31.41.583675 +0200,
0,0,0,0,0,0,0,,,,,,,,,#F989A2,56.621530055999756,None,space,None,None,487.72382736206055,text_04,48,1,Reading_Baseline_main_click,None,Robinson,7,0,7,60,60,,,,,,,,,,,19,02,yes,no,no,2025-07-14_14h23.31.760,EXNAT_4_TMS_Psychopy2024.2.5.psyexp,2024.2.5,2025-07-14 14h31.41.583675 +0200,
0,0,0,0,0,0,0,,,,,,,,,#D292F3,57.14811730384827,None,space,None,None,457.06820487976074,text_04,49,1,Reading_Baseline_main_click,None,als,7,0,7,60,60,,,,,,,,,,,19,02,yes,no,no,2025-07-14_14h23.31.760,EXNAT_4_TMS_Psychopy2024.2.5.psyexp,2024.2.5,2025-07-14 14h31.41.583675 +0200,
0,0,0,0,0,0,0,,,,,,,,,#F989A2,57.64710330963135,None,space,None,None,1126.1909008026123,text_04,50,1,Reading_Baseline_main_click,None,Hauptzeichner.,7,0,7,60,60,,,,,,,,,,,19,02,yes,no,no,2025-07-14_14h23.31.760,EXNAT_4_TMS_Psychopy2024.2.5.psyexp,2024.2.5,2025-07-14 14h31.41.583675 +0200,
0,0,0,0,0,0,0,,,,,,,,,#F989A2,58.81472730636597,None,space,None,None,518.5015201568604,text_04,51,1,Reading_Baseline_main_click,None,Tagsüber,7,0,7,60,60,,,,,,,,,,,19,02,yes,no,no,2025-07-14_14h23.31.760,EXNAT_4_TMS_Psychopy2024.2.5.psyexp,2024.2.5,2025-07-14 14h31.41.583675 +0200,
0,0,0,0,0,0,0,,,,,,,,,#88BA3F,59.37376403808594,None,space,None,None,535.4866981506348,text_04,52,1,Reading_Baseline_main_click,None,studierte,7,0,7,60,60,,,,,,,,,,,19,02,yes,no,no,2025-07-14_14h23.31.760,EXNAT_4_TMS_Psychopy2024.2.5.psyexp,2024.2.5,2025-07-14 14h31.41.583675 +0200,
0,0,0,0,0,0,0,,,,,,,,,#2AB7EF,59.95056366920471,None,space,None,None,486.71603202819824,text_04,53,1,Reading_Baseline_main_click,None,er,7,0,7,60,60,,,,,,,,,,,19,02,yes,no,no,2025-07-14_14h23.31.760,EXNAT_4_TMS_Psychopy2024.2.5.psyexp,2024.2.5,2025-07-14 14h31.41.583675 +0200,
0,0,0,0,0,0,0,,,,,,,,,#88BA3F,60.47775459289551,None,space,None,None,551.4440536499023,text_04,54,1,Reading_Baseline_main_click,None,"Journalismus,",7,0,7,60,60,,,,,,,,,,,19,02,yes,no,no,2025-07-14_14h23.31.760,EXNAT_4_TMS_Psychopy2024.2.5.psyexp,2024.2.5,2025-07-14 14h31.41.583675 +0200,
0,0,0,0,0,0,0,,,,,,,,,#D292F3,61.06925296783447,None,space,None,None,567.800760269165,text_04,55,1,Reading_Baseline_main_click,None,nachts,8,0,8,60,60,61.490989685058594,,,,,,,,,,19,02,yes,no,no,2025-07-14_14h23.31.760,EXNAT_4_TMS_Psychopy2024.2.5.psyexp,2024.2.5,2025-07-14 14h31.41.583675 +0200,
0,0,0,0,0,0,0,,,,,,,,,#D292F3,61.67728543281555,None,space,None,None,535.9361171722412,text_04,56,1,Reading_Baseline_main_click,None,zeichnete,8,0,8,60,60,,,,,,,,,,,19,02,yes,no,no,2025-07-14_14h23.31.760,EXNAT_4_TMS_Psychopy2024.2.5.psyexp,2024.2.5,2025-07-14 14h31.41.583675 +0200,
0,0,0,0,0,0,0,,,,,,,,,#D292F3,62.25521993637085,None,space,None,None,517.9033279418945,text_04,57,1,Reading_Baseline_main_click,None,er,8,0,8,60,60,,,,,,,,,,,19,02,yes,no,no,2025-07-14_14h23.31.760,EXNAT_4_TMS_Psychopy2024.2.5.psyexp,2024.2.5,2025-07-14 14h31.41.583675 +0200,
0,0,0,0,0,0,0,,,,,,,,,#2AB7EF,62.812886238098145,None,space,None,None,552.3624420166016,text_04,58,1,Reading_Baseline_main_click,None,Comics.,8,0,8,60,60,,,,,,,,,,,19,02,yes,no,no,2025-07-14_14h23.31.760,EXNAT_4_TMS_Psychopy2024.2.5.psyexp,2024.2.5,2025-07-14 14h31.41.583675 +0200,
0,0,0,0,0,0,0,,,,,,,,,#F989A2,63.406453132629395,None,space,None,None,502.81548500061035,text_04,59,1,Reading_Baseline_main_click,None,Er,8,0,8,60,60,,,,,,,,,,,19,02,yes,no,no,2025-07-14_14h23.31.760,EXNAT_4_TMS_Psychopy2024.2.5.psyexp,2024.2.5,2025-07-14 14h31.41.583675 +0200,
0,0,0,0,0,0,0,,,,,,,,,#2AB7EF,63.94992160797119,None,space,None,None,471.35210037231445,text_04,60,1,Reading_Baseline_main_click,None,erfand,8,0,8,60,60,,,,,,,,,,,19,02,yes,no,no,2025-07-14_14h23.31.760,EXNAT_4_TMS_Psychopy2024.2.5.psyexp,2024.2.5,2025-07-14 14h31.41.583675 +0200,
0,0,0,0,0,0,0,,,,,,,,,#D292F3,64.4604606628418,None,space,None,None,488.74783515930176,text_04,61,1,Reading_Baseline_main_click,None,Figuren,8,0,8,60,60,,,,,,,,,,,19,02,yes,no,no,2025-07-14_14h23.31.760,EXNAT_4_TMS_Psychopy2024.2.5.psyexp,2024.2.5,2025-07-14 14h31.41.583675 +0200,
0,0,0,0,0,0,0,,,,,,,,,#D292F3,64.98940801620483,None,space,None,None,407.8068733215332,text_04,62,1,Reading_Baseline_main_click,None,wie,8,0,8,60,60,,,,,,,,,,,19,02,yes,no,no,2025-07-14_14h23.31.760,EXNAT_4_TMS_Psychopy2024.2.5.psyexp,2024.2.5,2025-07-14 14h31.41.583675 +0200,
0,0,0,0,0,0,0,,,,,,,,,#88BA3F,65.4363784790039,None,space,None,None,472.84460067749023,text_04,63,1,Reading_Baseline_main_click,None,den,8,0,8,60,60,,,,,,,,,,,19,02,yes,no,no,2025-07-14_14h23.31.760,EXNAT_4_TMS_Psychopy2024.2.5.psyexp,2024.2.5,2025-07-14 14h31.41.583675 +0200,
0,0,0,0,0,0,0,,,,,,,,,#F989A2,65.9483551979065,None,space,None,None,440.88196754455566,text_04,64,1,Reading_Baseline_main_click,None,Butler,8,0,8,60,60,,,,,,,,,,,19,02,yes,no,no,2025-07-14_14h23.31.760,EXNAT_4_TMS_Psychopy2024.2.5.psyexp,2024.2.5,2025-07-14 14h31.41.583675 +0200,
0,0,0,0,0,0,0,,,,,,,,,#2AB7EF,66.42935633659363,None,space,None,None,471.67110443115234,text_04,65,1,Reading_Baseline_main_click,None,Alfred,9,0,9,60,60,66.49107623100281,,,,,,,,,,19,02,yes,no,no,2025-07-14_14h23.31.760,EXNAT_4_TMS_Psychopy2024.2.5.psyexp,2024.2.5,2025-07-14 14h31.41.583675 +0200,
0,0,0,0,0,0,0,,,,,,,,,#2AB7EF,66.94006729125977,None,space,None,None,505.13744354248047,text_04,66,1,Reading_Baseline_main_click,None,und,9,0,9,60,60,,,,,,,,,,,19,02,yes,no,no,2025-07-14_14h23.31.760,EXNAT_4_TMS_Psychopy2024.2.5.psyexp,2024.2.5,2025-07-14 14h31.41.583675 +0200,
0,0,0,0,0,0,0,,,,,,,,,#88BA3F,67.48417472839355,None,space,None,None,408.98585319519043,text_04,67,1,Reading_Baseline_main_click,None,Batmans,9,0,9,60,60,,,,,,,,,,,19,02,yes,no,no,2025-07-14_14h23.31.760,EXNAT_4_TMS_Psychopy2024.2.5.psyexp,2024.2.5,2025-07-14 14h31.41.583675 +0200,
0,0,0,0,0,0,0,,,,,,,,,#F989A2,67.9321551322937,None,space,None,None,457.08513259887695,text_04,68,1,Reading_Baseline_main_click,None,Helfer,9,0,9,60,60,,,,,,,,,,,19,02,yes,no,no,2025-07-14_14h23.31.760,EXNAT_4_TMS_Psychopy2024.2.5.psyexp,2024.2.5,2025-07-14 14h31.41.583675 +0200,
0,0,0,0,0,0,0,,,,,,,,,#88BA3F,68.42857599258423,None,space,None,None,360.4450225830078,text_04,69,1,Reading_Baseline_main_click,None,Robin.,9,0,9,60,60,,,,,,,,,,,19,02,yes,no,no,2025-07-14_14h23.31.760,EXNAT_4_TMS_Psychopy2024.2.5.psyexp,2024.2.5,2025-07-14 14h31.41.583675 +0200,
0,0,0,0,0,0,0,,,,,,,,,#D292F3,68.8290102481842,None,space,None,None,488.1141185760498,text_04,70,1,Reading_Baseline_main_click,None,Auch,9,0,9,60,60,,,,,,,,,,,19,02,yes,no,no,2025-07-14_14h23.31.760,EXNAT_4_TMS_Psychopy2024.2.5.psyexp,2024.2.5,2025-07-14 14h31.41.583675 +0200,
0,0,0,0,0,0,0,,,,,,,,,#F989A2,69.35449600219727,None,space,None,None,538.783073425293,text_04,71,1,Reading_Baseline_main_click,None,der,9,0,9,60,60,,,,,,,,,,,19,02,yes,no,no,2025-07-14_14h23.31.760,EXNAT_4_TMS_Psychopy2024.2.5.psyexp,2024.2.5,2025-07-14 14h31.41.583675 +0200,
0,0,0,0,0,0,0,,,,,,,,,#2AB7EF,69.93323302268982,None,space,None,None,519.9291706085205,text_04,72,1,Reading_Baseline_main_click,None,Joker,9,0,9,60,60,,,,,,,,,,,19,02,yes,no,no,2025-07-14_14h23.31.760,EXNAT_4_TMS_Psychopy2024.2.5.psyexp,2024.2.5,2025-07-14 14h31.41.583675 +0200,
0,0,0,0,0,0,0,,,,,,,,,#F989A2,70.49145030975342,None,space,None,None,473.7284183502197,text_04,73,1,Reading_Baseline_main_click,None,wurde,9,0,9,60,60,,,,,,,,,,,19,02,yes,no,no,2025-07-14_14h23.31.760,EXNAT_4_TMS_Psychopy2024.2.5.psyexp,2024.2.5,2025-07-14 14h31.41.583675 +0200,
0,0,0,0,0,0,0,,,,,,,,,#F989A2,71.00580883026123,None,space,None,None,679.2981624603271,text_04,74,1,Reading_Baseline_main_click,None,eingeführt.,10,0,10,60,60,71.49106574058533,,,,,,,,,,19,02,yes,no,no,2025-07-14_14h23.31.760,EXNAT_4_TMS_Psychopy2024.2.5.psyexp,2024.2.5,2025-07-14 14h31.41.583675 +0200,
0,0,0,0,0,0,0,,,,,,,,,#D292F3,71.72388052940369,None,space,None,None,1049.323320388794,text_04,75,1,Reading_Baseline_main_click,None,Robinson,10,0,10,60,60,,,,,,,,,,,19,02,yes,no,no,2025-07-14_14h23.31.760,EXNAT_4_TMS_Psychopy2024.2.5.psyexp,2024.2.5,2025-07-14 14h31.41.583675 +0200,
0,0,0,0,0,0,0,,,,,,,,,#88BA3F,72.81422066688538,None,space,None,None,486.9730472564697,text_04,76,1,Reading_Baseline_main_click,None,sagte,10,0,10,60,60,,,,,,,,,,,19,02,yes,no,no,2025-07-14_14h23.31.760,EXNAT_4_TMS_Psychopy2024.2.5.psyexp,2024.2.5,2025-07-14 14h31.41.583675 +0200,
0,0,0,0,0,0,0,,,,,,,,,#D292F3,73.34172749519348,None,space,None,None,487.4427318572998,text_04,77,1,Reading_Baseline_main_click,None,"später,",10,0,10,60,60,,,,,,,,,,,19,02,yes,no,no,2025-07-14_14h23.31.760,EXNAT_4_TMS_Psychopy2024.2.5.psyexp,2024.2.5,2025-07-14 14h31.41.583675 +0200,
0,0,0,0,0,0,0,,,,,,,,,#2AB7EF,73.8692102432251,None,space,None,None,455.9750556945801,text_04,78,1,Reading_Baseline_main_click,None,die,10,0,10,60,60,,,,,,,,,,,19,02,yes,no,no,2025-07-14_14h23.31.760,EXNAT_4_TMS_Psychopy2024.2.5.psyexp,2024.2.5,2025-07-14 14h31.41.583675 +0200,
0,0,0,0,0,0,0,,,,,,,,,#2AB7EF,74.36458230018616,None,space,None,None,424.4730472564697,text_04,79,1,Reading_Baseline_main_click,None,Idee,10,0,10,60,60,,,,,,,,,,,19,02,yes,no,no,2025-07-14_14h23.31.760,EXNAT_4_TMS_Psychopy2024.2.5.psyexp,2024.2.5,2025-07-14 14h31.41.583675 +0200,
0,0,0,0,0,0,0,,,,,,,,,#F989A2,74.82660841941833,None,space,None,None,394.64449882507324,text_04,80,1,Reading_Baseline_main_click,None,zum,10,0,10,60,60,,,,,,,,,,,19,02,yes,no,no,2025-07-14_14h23.31.760,EXNAT_4_TMS_Psychopy2024.2.5.psyexp,2024.2.5,2025-07-14 14h31.41.583675 +0200,
0,0,0,0,0,0,0,,,,,,,,,#88BA3F,75.26081967353821,None,space,None,None,408.42318534851074,text_04,81,1,Reading_Baseline_main_click,None,Joker,10,0,10,60,60,,,,,,,,,,,19,02,yes,no,no,2025-07-14_14h23.31.760,EXNAT_4_TMS_Psychopy2024.2.5.psyexp,2024.2.5,2025-07-14 14h31.41.583675 +0200,
0,0,0,0,0,0,0,,,,,,,,,#D292F3,75.70893692970276,None,space,None,None,424.30591583251953,text_04,82,1,Reading_Baseline_main_click,None,kam,10,0,10,60,60,,,,,,,,,,,19,02,yes,no,no,2025-07-14_14h23.31.760,EXNAT_4_TMS_Psychopy2024.2.5.psyexp,2024.2.5,2025-07-14 14h31.41.583675 +0200,
0,0,0,0,0,0,0,,,,,,,,,#2AB7EF,76.17158937454224,None,space,None,None,409.6670150756836,text_04,83,1,Reading_Baseline_main_click,None,ihm,11,0,11,60,60,76.49107933044434,,,,,,,,,,19,02,yes,no,no,2025-07-14_14h23.31.760,EXNAT_4_TMS_Psychopy2024.2.5.psyexp,2024.2.5,2025-07-14 14h31.41.583675 +0200,
0,0,0,0,0,0,0,,,,,,,,,#88BA3F,76.6225049495697,None,space,None,None,390.7918930053711,text_04,84,1,Reading_Baseline_main_click,None,durch,11,0,11,60,60,,,,,,,,,,,19,02,yes,no,no,2025-07-14_14h23.31.760,EXNAT_4_TMS_Psychopy2024.2.5.psyexp,2024.2.5,2025-07-14 14h31.41.583675 +0200,
0,0,0,0,0,0,0,,,,,,,,,#88BA3F,77.05372023582458,None,space,None,None,439.4998550415039,text_04,85,1,Reading_Baseline_main_click,None,eine,11,0,11,60,60,,,,,,,,,,,19,02,yes,no,no,2025-07-14_14h23.31.760,EXNAT_4_TMS_Psychopy2024.2.5.psyexp,2024.2.5,2025-07-14 14h31.41.583675 +0200,
0,0,0,0,0,0,0,,,,,,,,,#F989A2,77.53545475006104,None,space,None,None,533.6971282958984,text_04,86,1,Reading_Baseline_main_click,None,Spielkarte.,11,0,11,60,60,,,,,,,,,,,19,02,yes,no,no,2025-07-14_14h23.31.760,EXNAT_4_TMS_Psychopy2024.2.5.psyexp,2024.2.5,2025-07-14 14h31.41.583675 +0200,
0,0,0,0,0,0,0,,,,,,,,,#D292F3,78.11005902290344,None,space,None,None,551.1579513549805,text_04,87,1,Reading_Baseline_main_click,None,Kane,11,0,11,60,60,,,,,,,,,,,19,02,yes,no,no,2025-07-14_14h23.31.760,EXNAT_4_TMS_Psychopy2024.2.5.psyexp,2024.2.5,2025-07-14 14h31.41.583675 +0200,
0,0,0,0,0,0,0,,,,,,,,,#2AB7EF,78.70208144187927,None,space,None,None,535.2640151977539,text_04,88,1,Reading_Baseline_main_click,None,behauptete,11,0,11,60,60,,,,,,,,,,,19,02,yes,no,no,2025-07-14_14h23.31.760,EXNAT_4_TMS_Psychopy2024.2.5.psyexp,2024.2.5,2025-07-14 14h31.41.583675 +0200,
0,0,0,0,0,0,0,,,,,,,,,#D292F3,79.2764003276825,None,space,None,None,504.77147102355957,text_04,89,1,Reading_Baseline_main_click,None,"jedoch,",11,0,11,60,60,,,,,,,,,,,19,02,yes,no,no,2025-07-14_14h23.31.760,EXNAT_4_TMS_Psychopy2024.2.5.psyexp,2024.2.5,2025-07-14 14h31.41.583675 +0200,
0,0,0,0,0,0,0,,,,,,,,,#F989A2,79.82136988639832,None,space,None,None,471.97484970092773,text_04,90,1,Reading_Baseline_main_click,None,die,11,0,11,60,60,,,,,,,,,,,19,02,yes,no,no,2025-07-14_14h23.31.760,EXNAT_4_TMS_Psychopy2024.2.5.psyexp,2024.2.5,2025-07-14 14h31.41.583675 +0200,
0,0,0,0,0,0,0,,,,,,,,,#2AB7EF,80.33461451530457,None,space,None,None,406.58020973205566,text_04,91,1,Reading_Baseline_main_click,None,Figur,11,0,11,60,60,,,,,,,,,,,19,02,yes,no,no,2025-07-14_14h23.31.760,EXNAT_4_TMS_Psychopy2024.2.5.psyexp,2024.2.5,2025-07-14 14h31.41.583675 +0200,
0,0,0,0,0,0,0,,,,,,,,,#88BA3F,80.77928733825684,None,space,None,None,425.9512424468994,text_04,92,1,Reading_Baseline_main_click,None,sei,11,0,11,60,60,,,,,,,,,,,19,02,yes,no,no,2025-07-14_14h23.31.760,EXNAT_4_TMS_Psychopy2024.2.5.psyexp,2024.2.5,2025-07-14 14h31.41.583675 +0200,
0,0,0,0,0,0,0,,,,,,,,,#2AB7EF,81.24581408500671,None,space,None,None,391.3733959197998,text_04,93,1,Reading_Baseline_main_click,None,von,12,0,12,60,60,81.49102544784546,,,,,,,,,,19,02,yes,no,no,2025-07-14_14h23.31.760,EXNAT_4_TMS_Psychopy2024.2.5.psyexp,2024.2.5,2025-07-14 14h31.41.583675 +0200,
0,0,0,0,0,0,0,,,,,,,,,#F989A2,81.67668652534485,None,space,None,None,440.4902458190918,text_04,94,1,Reading_Baseline_main_click,None,einem,12,0,12,60,60,,,,,,,,,,,19,02,yes,no,no,2025-07-14_14h23.31.760,EXNAT_4_TMS_Psychopy2024.2.5.psyexp,2024.2.5,2025-07-14 14h31.41.583675 +0200,
0,0,0,0,0,0,0,,,,,,,,,#D292F3,82.1580216884613,None,space,None,None,407.3030948638916,text_04,95,1,Reading_Baseline_main_click,None,alten,12,0,12,60,60,,,,,,,,,,,19,02,yes,no,no,2025-07-14_14h23.31.760,EXNAT_4_TMS_Psychopy2024.2.5.psyexp,2024.2.5,2025-07-14 14h31.41.583675 +0200,
0,0,0,0,0,0,0,,,,,,,,,#88BA3F,82.60465502738953,None,space,None,None,504.6083927154541,text_04,96,1,Reading_Baseline_main_click,None,Film,12,0,12,60,60,,,,,,,,,,,19,02,yes,no,no,2025-07-14_14h23.31.760,EXNAT_4_TMS_Psychopy2024.2.5.psyexp,2024.2.5,2025-07-14 14h31.41.583675 +0200,
0,0,0,0,0,0,0,,,,,,,,,#2AB7EF,83.15062117576599,None,space,None,None,518.7263488769531,text_04,97,1,Reading_Baseline_main_click,None,inspiriert.,12,0,12,60,60,,,,,,,,,,,19,02,yes,no,no,2025-07-14_14h23.31.760,EXNAT_4_TMS_Psychopy2024.2.5.psyexp,2024.2.5,2025-07-14 14h31.41.583675 +0200,
0,0,0,0,0,0,0,,,,,,,,,#D292F3,83.71095943450928,None,space,None,None,550.2924919128418,text_04,98,1,Reading_Baseline_main_click,None,Obwohl,12,0,12,60,60,,,,,,,,,,,19,02,yes,no,no,2025-07-14_14h23.31.760,EXNAT_4_TMS_Psychopy2024.2.5.psyexp,2024.2.5,2025-07-14 14h31.41.583675 +0200,
0,0,0,0,0,0,0,,,,,,,,,#F989A2,84.29925847053528,None,space,None,None,458.05835723876953,text_04,99,1,Reading_Baseline_main_click,None,Robinson,12,0,12,60,60,,,,,,,,,,,19,02,yes,no,no,2025-07-14_14h23.31.760,EXNAT_4_TMS_Psychopy2024.2.5.psyexp,2024.2.5,2025-07-14 14h31.41.583675 +0200,
0,0,0,0,0,0,0,,,,,,,,,#88BA3F,84.79796051979065,None,space,None,None,455.049991607666,text_04,100,1,Reading_Baseline_main_click,None,wichtige,12,0,12,60,60,,,,,,,,,,,19,02,yes,no,no,2025-07-14_14h23.31.760,EXNAT_4_TMS_Psychopy2024.2.5.psyexp,2024.2.5,2025-07-14 14h31.41.583675 +0200,
0,0,0,0,0,0,0,,,,,,,,,#F989A2,85.2903344631195,None,space,None,None,410.85147857666016,text_04,101,1,Reading_Baseline_main_click,None,Beiträge,12,0,12,60,60,,,,,,,,,,,19,02,yes,no,no,2025-07-14_14h23.31.760,EXNAT_4_TMS_Psychopy2024.2.5.psyexp,2024.2.5,2025-07-14 14h31.41.583675 +0200,
0,0,0,0,0,0,0,,,,,,,,,#2AB7EF,85.74100613594055,None,space,None,None,424.2818355560303,text_04,102,1,Reading_Baseline_main_click,None,"leistete,",12,0,12,60,60,,,,,,,,,,,19,02,yes,no,no,2025-07-14_14h23.31.760,EXNAT_4_TMS_Psychopy2024.2.5.psyexp,2024.2.5,2025-07-14 14h31.41.583675 +0200,
0,0,0,0,0,0,0,,,,,,,,,#F989A2,86.205397605896,None,space,None,None,407.70506858825684,text_04,103,1,Reading_Baseline_main_click,None,galt,13,0,13,60,60,86.49107670783997,,,,,,,,,,19,02,yes,no,no,2025-07-14_14h23.31.760,EXNAT_4_TMS_Psychopy2024.2.5.psyexp,2024.2.5,2025-07-14 14h31.41.583675 +0200,
0,0,0,0,0,0,0,,,,,,,,,#88BA3F,86.65384030342102,None,space,None,None,439.3758773803711,text_04,104,1,Reading_Baseline_main_click,None,er,13,0,13,60,60,,,,,,,,,,,19,02,yes,no,no,2025-07-14_14h23.31.760,EXNAT_4_TMS_Psychopy2024.2.5.psyexp,2024.2.5,2025-07-14 14h31.41.583675 +0200,
0,0,0,0,0,0,0,,,,,,,,,#D292F3,87.13082551956177,None,space,None,None,458.4953784942627,text_04,105,1,Reading_Baseline_main_click,None,nur,13,0,13,60,60,,,,,,,,,,,19,02,yes,no,no,2025-07-14_14h23.31.760,EXNAT_4_TMS_Psychopy2024.2.5.psyexp,2024.2.5,2025-07-14 14h31.41.583675 +0200,
0,0,0,0,0,0,0,,,,,,,,,#2AB7EF,87.62623834609985,None,space,None,None,443.0398941040039,text_04,106,1,Reading_Baseline_main_click,None,als,13,0,13,60,60,,,,,,,,,,,19,02,yes,no,no,2025-07-14_14h23.31.760,EXNAT_4_TMS_Psychopy2024.2.5.psyexp,2024.2.5,2025-07-14 14h31.41.583675 +0200,
0,0,0,0,0,0,0,,,,,,,,,#D292F3,88.10936737060547,None,space,None,None,471.9069004058838,text_04,107,1,Reading_Baseline_main_click,None,"Assistent,",13,0,13,60,60,,,,,,,,,,,19,02,yes,no,no,2025-07-14_14h23.31.760,EXNAT_4_TMS_Psychopy2024.2.5.psyexp,2024.2.5,2025-07-14 14h31.41.583675 +0200,
0,0,0,0,0,0,0,,,,,,,,,#88BA3F,88.62175178527832,None,space,None,None,503.48949432373047,text_04,108,1,Reading_Baseline_main_click,None,da,13,0,13,60,60,,,,,,,,,,,19,02,yes,no,no,2025-07-14_14h23.31.760,EXNAT_4_TMS_Psychopy2024.2.5.psyexp,2024.2.5,2025-07-14 14h31.41.583675 +0200,
0,0,0,0,0,0,0,,,,,,,,,#D292F3,89.16384172439575,None,space,None,None,473.24442863464355,text_04,109,1,Reading_Baseline_main_click,None,Kane,13,0,13,60,60,,,,,,,,,,,19,02,yes,no,no,2025-07-14_14h23.31.760,EXNAT_4_TMS_Psychopy2024.2.5.psyexp,2024.2.5,2025-07-14 14h31.41.583675 +0200,
0,0,0,0,0,0,0,,,,,,,,,#D292F3,89.67563462257385,None,space,None,None,425.6165027618408,text_04,110,1,Reading_Baseline_main_click,None,alle,13,0,13,60,60,,,,,,,,,,,19,02,yes,no,no,2025-07-14_14h23.31.760,EXNAT_4_TMS_Psychopy2024.2.5.psyexp,2024.2.5,2025-07-14 14h31.41.583675 +0200,
0,0,0,0,0,0,0,,,,,,,,,#F989A2,90.14192366600037,None,space,None,None,439.33725357055664,text_04,111,1,Reading_Baseline_main_click,None,Rechte,13,0,13,60,60,,,,,,,,,,,19,02,yes,no,no,2025-07-14_14h23.31.760,EXNAT_4_TMS_Psychopy2024.2.5.psyexp,2024.2.5,2025-07-14 14h31.41.583675 +0200,
0,0,0,0,0,0,0,,,,,,,,,#D292F3,90.62237453460693,None,space,None,None,438.86399269104004,text_04,112,1,Reading_Baseline_main_click,None,besaß.,13,0,13,60,60,,,,,,,,,,,19,02,yes,no,no,2025-07-14_14h23.31.760,EXNAT_4_TMS_Psychopy2024.2.5.psyexp,2024.2.5,2025-07-14 14h31.41.583675 +0200,
0,0,0,0,0,0,0,,,,,,,,,#88BA3F,91.10007739067078,None,space,None,None,505.13672828674316,text_04,113,1,Reading_Baseline_main_click,None,Deshalb,14,0,14,60,60,91.4911241531372,,,,,,,,,,19,02,yes,no,no,2025-07-14_14h23.31.760,EXNAT_4_TMS_Psychopy2024.2.5.psyexp,2024.2.5,2025-07-14 14h31.41.583675 +0200,
0,0,0,0,0,0,0,,,,,,,,,#2AB7EF,91.64513492584229,None,space,None,None,536.1862182617188,text_04,114,1,Reading_Baseline_main_click,None,arbeitete,14,0,14,60,60,,,,,,,,,,,19,02,yes,no,no,2025-07-14_14h23.31.760,EXNAT_4_TMS_Psychopy2024.2.5.psyexp,2024.2.5,2025-07-14 14h31.41.583675 +0200,
0,0,0,0,0,0,0,,,,,,,,,#F989A2,92.22121810913086,None,space,None,None,535.98952293396,text_04,115,1,Reading_Baseline_main_click,None,Robinson,14,0,14,60,60,,,,,,,,,,,19,02,yes,no,no,2025-07-14_14h23.31.760,EXNAT_4_TMS_Psychopy2024.2.5.psyexp,2024.2.5,2025-07-14 14h31.41.583675 +0200,
0,0,0,0,0,0,0,,,,,,,,,#2AB7EF,92.79718780517578,None,space,None,None,535.9559059143066,text_04,116,1,Reading_Baseline_main_click,None,ab,14,0,14,60,60,,,,,,,,,,,19,02,yes,no,no,2025-07-14_14h23.31.760,EXNAT_4_TMS_Psychopy2024.2.5.psyexp,2024.2.5,2025-07-14 14h31.41.583675 +0200,
0,0,0,0,0,0,0,,,,,,,,,#88BA3F,93.37064361572266,None,space,None,None,538.6037826538086,text_04,117,1,Reading_Baseline_main_click,None,1940,14,0,14,60,60,,,,,,,,,,,19,02,yes,no,no,2025-07-14_14h23.31.760,EXNAT_4_TMS_Psychopy2024.2.5.psyexp,2024.2.5,2025-07-14 14h31.41.583675 +0200,
0,0,0,0,0,0,0,,,,,,,,,#88BA3F,93.9471116065979,None,space,None,None,522.1924781799316,text_04,118,1,Reading_Baseline_main_click,None,direkt,14,0,14,60,60,,,,,,,,,,,19,02,yes,no,no,2025-07-14_14h23.31.760,EXNAT_4_TMS_Psychopy2024.2.5.psyexp,2024.2.5,2025-07-14 14h31.41.583675 +0200,
0,0,0,0,0,0,0,,,,,,,,,#2AB7EF,94.5066225528717,None,space,None,None,522.5982666015625,text_04,119,1,Reading_Baseline_main_click,None,für,14,0,14,60,60,,,,,,,,,,,19,02,yes,no,no,2025-07-14_14h23.31.760,EXNAT_4_TMS_Psychopy2024.2.5.psyexp,2024.2.5,2025-07-14 14h31.41.583675 +0200,
0,0,0,0,0,0,0,,,,,,,,,#F989A2,95.06678771972656,None,space,None,None,490.46921730041504,text_04,120,1,Reading_Baseline_main_click,None,den,14,0,14,60,60,,,,,,,,,,,19,02,yes,no,no,2025-07-14_14h23.31.760,EXNAT_4_TMS_Psychopy2024.2.5.psyexp,2024.2.5,2025-07-14 14h31.41.583675 +0200,
0,0,0,0,0,0,0,,,,,,,,,#F989A2,95.59653663635254,None,space,None,None,568.7439441680908,text_04,121,1,Reading_Baseline_main_click,None,Comic-Verlag.,14,0,14,60,60,,,,,,,,,,,19,02,yes,no,no,2025-07-14_14h23.31.760,EXNAT_4_TMS_Psychopy2024.2.5.psyexp,2024.2.5,2025-07-14 14h31.41.583675 +0200,
0,0,0,0,0,0,0,,,,,,,,,#88BA3F,96.20461583137512,None,space,None,None,1096.7235565185547,text_04,122,1,Reading_Baseline_main_click,None,Dort,15,0,15,60,60,96.49125123023987,,,,,,,,,,19,02,yes,no,no,2025-07-14_14h23.31.760,EXNAT_4_TMS_Psychopy2024.2.5.psyexp,2024.2.5,2025-07-14 14h31.41.583675 +0200,
0,0,0,0,0,0,0,,,,,,,,,#88BA3F,97.34000277519226,None,space,None,None,729.2492389678955,text_04,123,1,Reading_Baseline_main_click,None,zeichnete,15,0,15,60,60,,,,,,,,,,,19,02,yes,no,no,2025-07-14_14h23.31.760,EXNAT_4_TMS_Psychopy2024.2.5.psyexp,2024.2.5,2025-07-14 14h31.41.583675 +0200,
0,0,0,0,0,0,0,,,,,,,,,#2AB7EF,98.1087019443512,None,space,None,None,456.5145969390869,text_04,124,1,Reading_Baseline_main_click,None,er,15,0,15,60,60,,,,,,,,,,,19,02,yes,no,no,2025-07-14_14h23.31.760,EXNAT_4_TMS_Psychopy2024.2.5.psyexp,2024.2.5,2025-07-14 14h31.41.583675 +0200,
0,0,0,0,0,0,0,,,,,,,,,#2AB7EF,98.60602569580078,None,space,None,None,455.15990257263184,text_04,125,1,Reading_Baseline_main_click,None,zeitweise,15,0,15,60,60,,,,,,,,,,,19,02,yes,no,no,2025-07-14_14h23.31.760,EXNAT_4_TMS_Psychopy2024.2.5.psyexp,2024.2.5,2025-07-14 14h31.41.583675 +0200,
0,0,0,0,0,0,0,,,,,,,,,#D292F3,99.09842491149902,None,space,None,None,506.78491592407227,text_04,126,1,Reading_Baseline_main_click,None,mit,15,0,15,60,60,,,,,,,,,,,19,02,yes,no,no,2025-07-14_14h23.31.760,EXNAT_4_TMS_Psychopy2024.2.5.psyexp,2024.2.5,2025-07-14 14h31.41.583675 +0200,
0,0,0,0,0,0,0,,,,,,,,,#D292F3,99.64472103118896,None,space,None,None,472.39160537719727,text_04,127,1,Reading_Baseline_main_click,None,Joe,15,0,15,60,60,,,,,,,,,,,19,02,yes,no,no,2025-07-14_14h23.31.760,EXNAT_4_TMS_Psychopy2024.2.5.psyexp,2024.2.5,2025-07-14 14h31.41.583675 +0200,
0,0,0,0,0,0,0,,,,,,,,,#2AB7EF,100.15733885765076,None,space,None,None,471.8966484069824,text_04,128,1,Reading_Baseline_main_click,None,"Shuster,",15,0,15,60,60,,,,,,,,,,,19,02,yes,no,no,2025-07-14_14h23.31.760,EXNAT_4_TMS_Psychopy2024.2.5.psyexp,2024.2.5,2025-07-14 14h31.41.583675 +0200,
0,0,0,0,0,0,0,,,,,,,,,#D292F3,100.67020797729492,None,space,None,None,871.018648147583,text_04,129,1,Reading_Baseline_main_click,None,dem,16,0,16,60,60,101.49107789993286,,,,,,,,,,19,02,yes,no,no,2025-07-14_14h23.31.760,EXNAT_4_TMS_Psychopy2024.2.5.psyexp,2024.2.5,2025-07-14 14h31.41.583675 +0200,
0,0,0,0,0,0,0,,,,,,,,,#F989A2,101.58159947395325,None,space,None,None,919.6276664733887,text_04,130,1,Reading_Baseline_main_click,None,Miterfinder,16,0,16,60,60,,,,,,,,,,,19,02,yes,no,no,2025-07-14_14h23.31.760,EXNAT_4_TMS_Psychopy2024.2.5.psyexp,2024.2.5,2025-07-14 14h31.41.583675 +0200,
0,0,0,0,0,0,0,,,,,,,,,#88BA3F,102.54232001304626,None,space,None,None,582.998514175415,text_04,131,1,Reading_Baseline_main_click,None,von,16,0,16,60,60,,,,,,,,,,,19,02,yes,no,no,2025-07-14_14h23.31.760,EXNAT_4_TMS_Psychopy2024.2.5.psyexp,2024.2.5,2025-07-14 14h31.41.583675 +0200,
0,0,0,0,0,0,0,,,,,,,,,#F989A2,103.1685700416565,None,space,None,None,596.6126918792725,text_04,132,1,Reading_Baseline_main_click,None,Superman.,16,0,16,60,60,,,,,,,,,,,19,02,yes,no,no,2025-07-14_14h23.31.760,EXNAT_4_TMS_Psychopy2024.2.5.psyexp,2024.2.5,2025-07-14 14h31.41.583675 +0200,
0,0,0,0,0,0,0,,,,,,,,,#F989A2,103.80650925636292,None,space,None,None,662.7647876739502,text_04,133,1,Reading_Baseline_main_click,None,Robinson,16,0,16,60,60,,,,,,,,,,,19,02,yes,no,no,2025-07-14_14h23.31.760,EXNAT_4_TMS_Psychopy2024.2.5.psyexp,2024.2.5,2025-07-14 14h31.41.583675 +0200,
0,0,0,0,0,0,0,,,,,,,,,#D292F3,104.50923681259155,None,space,None,None,552.0668029785156,text_04,134,1,Reading_Baseline_main_click,None,setzte,16,0,16,60,60,,,,,,,,,,,19,02,yes,no,no,2025-07-14_14h23.31.760,EXNAT_4_TMS_Psychopy2024.2.5.psyexp,2024.2.5,2025-07-14 14h31.41.583675 +0200,
0,0,0,0,0,0,0,,,,,,,,,#88BA3F,105.10168266296387,None,space,None,None,807.5950145721436,text_04,135,1,Reading_Baseline_main_click,None,sich,16,0,16,60,60,,,,,,,,,,,19,02,yes,no,no,2025-07-14_14h23.31.760,EXNAT_4_TMS_Psychopy2024.2.5.psyexp,2024.2.5,2025-07-14 14h31.41.583675 +0200,
0,0,0,0,0,0,0,,,,,,,,,#2AB7EF,105.94862222671509,None,space,None,None,488.7559413909912,text_04,136,1,Reading_Baseline_main_click,None,später,16,0,16,60,60,,,,,,,,,,,19,02,yes,no,no,2025-07-14_14h23.31.760,EXNAT_4_TMS_Psychopy2024.2.5.psyexp,2024.2.5,2025-07-14 14h31.41.583675 +0200,
0,0,0,0,0,0,0,,,,,,,,,#D292F3,106.47683906555176,None,space,None,None,536.4701747894287,text_04,137,1,Reading_Baseline_main_click,None,für,17,0,17,60,60,106.532550573349,,,,,,,,,,19,02,yes,no,no,2025-07-14_14h23.31.760,EXNAT_4_TMS_Psychopy2024.2.5.psyexp,2024.2.5,2025-07-14 14h31.41.583675 +0200,
0,0,0,0,0,0,0,,,,,,,,,#2AB7EF,107.05455565452576,None,space,None,None,454.7591209411621,text_04,138,1,Reading_Baseline_main_click,None,die,17,0,17,60,60,,,,,,,,,,,19,02,yes,no,no,2025-07-14_14h23.31.760,EXNAT_4_TMS_Psychopy2024.2.5.psyexp,2024.2.5,2025-07-14 14h31.41.583675 +0200,
0,0,0,0,0,0,0,,,,,,,,,#F989A2,107.54884386062622,None,space,None,None,392.41671562194824,text_04,139,1,Reading_Baseline_main_click,None,Rechte,17,0,17,60,60,,,,,,,,,,,19,02,yes,no,no,2025-07-14_14h23.31.760,EXNAT_4_TMS_Psychopy2024.2.5.psyexp,2024.2.5,2025-07-14 14h31.41.583675 +0200,
0,0,0,0,0,0,0,,,,,,,,,#2AB7EF,107.98052954673767,None,space,None,None,440.6399726867676,text_04,140,1,Reading_Baseline_main_click,None,von,17,0,17,60,60,,,,,,,,,,,19,02,yes,no,no,2025-07-14_14h23.31.760,EXNAT_4_TMS_Psychopy2024.2.5.psyexp,2024.2.5,2025-07-14 14h31.41.583675 +0200,
0,0,0,0,0,0,0,,,,,,,,,#D292F3,108.4618411064148,None,space,None,None,471.4353084564209,text_04,141,1,Reading_Baseline_main_click,None,Comic-Künstlern,17,0,17,60,60,,,,,,,,,,,19,02,yes,no,no,2025-07-14_14h23.31.760,EXNAT_4_TMS_Psychopy2024.2.5.psyexp,2024.2.5,2025-07-14 14h31.41.583675 +0200,
0,0,0,0,0,0,0,,,,,,,,,#88BA3F,108.97180390357971,None,space,None,None,473.4683036804199,text_04,142,1,Reading_Baseline_main_click,None,ein.,17,0,17,60,60,,,,,,,,,,,19,02,yes,no,no,2025-07-14_14h23.31.760,EXNAT_4_TMS_Psychopy2024.2.5.psyexp,2024.2.5,2025-07-14 14h31.41.583675 +0200,
0,0,0,0,0,0,0,,,,,,,,,#88BA3F,109.48654961585999,None,space,None,None,422.7426052093506,text_04,143,1,Reading_Baseline_main_click,None,Er,17,0,17,60,60,,,,,,,,,,,19,02,yes,no,no,2025-07-14_14h23.31.760,EXNAT_4_TMS_Psychopy2024.2.5.psyexp,2024.2.5,2025-07-14 14h31.41.583675 +0200,
0,0,0,0,0,0,0,,,,,,,,,#F989A2,109.9481258392334,None,space,None,None,489.2427921295166,text_04,144,1,Reading_Baseline_main_click,None,starb,17,0,17,60,60,,,,,,,,,,,19,02,yes,no,no,2025-07-14_14h23.31.760,EXNAT_4_TMS_Psychopy2024.2.5.psyexp,2024.2.5,2025-07-14 14h31.41.583675 +0200,
0,0,0,0,0,0,0,,,,,,,,,#2AB7EF,110.47679853439331,None,space,None,None,488.56139183044434,text_04,145,1,Reading_Baseline_main_click,None,2011,17,0,17,60,60,,,,,,,,,,,19,02,yes,no,no,2025-07-14_14h23.31.760,EXNAT_4_TMS_Psychopy2024.2.5.psyexp,2024.2.5,2025-07-14 14h31.41.583675 +0200,
0,0,0,0,0,0,0,,,,,,,,,#D292F3,111.00434160232544,None,space,None,None,456.9554328918457,text_04,146,1,Reading_Baseline_main_click,None,im,17,0,17,60,60,,,,,,,,,,,19,02,yes,no,no,2025-07-14_14h23.31.760,EXNAT_4_TMS_Psychopy2024.2.5.psyexp,2024.2.5,2025-07-14 14h31.41.583675 +0200,
0,0,0,0,0,0,0,,,,,,,,,#F989A2,111.50238537788391,None,space,None,None,454.9119472503662,text_04,147,1,Reading_Baseline_main_click,None,Alter,18,0,18,60,60,111.55738663673401,,,,,,,,,,19,02,yes,no,no,2025-07-14_14h23.31.760,EXNAT_4_TMS_Psychopy2024.2.5.psyexp,2024.2.5,2025-07-14 14h31.41.583675 +0200,
0,0,0,0,0,0,0,,,,,,,,,#2AB7EF,111.99645113945007,None,space,None,None,408.8788032531738,text_04,148,1,Reading_Baseline_main_click,None,von,18,0,18,60,60,,,,,,,,,,,19,02,yes,no,no,2025-07-14_14h23.31.760,EXNAT_4_TMS_Psychopy2024.2.5.psyexp,2024.2.5,2025-07-14 14h31.41.583675 +0200,
0,0,0,0,0,0,0,,,,,,,,,#88BA3F,112.44532442092896,None,space,None,None,487.92171478271484,text_04,149,1,Reading_Baseline_main_click,None,89,18,0,18,60,60,,,,,,,,,,,19,02,yes,no,no,2025-07-14_14h23.31.760,EXNAT_4_TMS_Psychopy2024.2.5.psyexp,2024.2.5,2025-07-14 14h31.41.583675 +0200,
0,0,0,0,0,0,0,,,,,,,,,#D292F3,112.9729151725769,None,space,None,None,520.3654766082764,text_04,150,1,Reading_Baseline_main_click,None,Jahren.,18,0,18,60,60,,,,,,,,,,,19,02,yes,no,no,2025-07-14_14h23.31.760,EXNAT_4_TMS_Psychopy2024.2.5.psyexp,2024.2.5,2025-07-14 14h31.41.583675 +0200,
0,0,0,0,0,0,0,,,,,,,,,,113.54444813728333,,2,,,,text_04,,1,Reading_Baseline_main_click,,,,,,,,,Q1,b,True,,,,,,,19,02,yes,no,no,2025-07-14_14h23.31.760,EXNAT_4_TMS_Psychopy2024.2.5.psyexp,2024.2.5,2025-07-14 14h31.41.583675 +0200,
0,0,0,0,0,0,0,,,,,,,,,,117.4778618812561,,1,,,,text_04,,1,Reading_Baseline_main_click,,,,,,,,,Q2,a,True,,,,,,,19,02,yes,no,no,2025-07-14_14h23.31.760,EXNAT_4_TMS_Psychopy2024.2.5.psyexp,2024.2.5,2025-07-14 14h31.41.583675 +0200,
0,0,0,0,0,0,0,,,,,,,,,,121.02405714988708,,3,,,,text_04,,1,Reading_Baseline_main_click,,,,,,,,,Q3,c,True,,,,,,,19,02,yes,no,no,2025-07-14_14h23.31.760,EXNAT_4_TMS_Psychopy2024.2.5.psyexp,2024.2.5,2025-07-14 14h31.41.583675 +0200,
0,0,0,0,0,0,0,,,,,,,,,#2AB7EF,128.24846410751343,None,space,None,None,972.9287624359131,text_03,1,2,Reading_Baseline_main_click,None,Johanna,19,0,19,60,60,128.3006784915924,,,,,,,,,,19,02,yes,no,no,2025-07-14_14h23.31.760,EXNAT_4_TMS_Psychopy2024.2.5.psyexp,2024.2.5,2025-07-14 14h31.41.583675 +0200,
0,0,0,0,0,0,0,,,,,,,,,#D292F3,129.25855326652527,None,space,None,None,442.74377822875977,text_03,2,2,Reading_Baseline_main_click,None,Fantova,19,0,19,60,60,,,,,,,,,,,19,02,yes,no,no,2025-07-14_14h23.31.760,EXNAT_4_TMS_Psychopy2024.2.5.psyexp,2024.2.5,2025-07-14 14h31.41.583675 +0200,
0,0,0,0,0,0,0,,,,,,,,,#2AB7EF,129.73709964752197,None,space,None,None,396.11029624938965,text_03,3,2,Reading_Baseline_main_click,None,war,19,0,19,60,60,,,,,,,,,,,19,02,yes,no,no,2025-07-14_14h23.31.760,EXNAT_4_TMS_Psychopy2024.2.5.psyexp,2024.2.5,2025-07-14 14h31.41.583675 +0200,
0,0,0,0,0,0,0,,,,,,,,,#D292F3,130.16967058181763,None,space,None,None,395.6582546234131,text_03,4,2,Reading_Baseline_main_click,None,die,19,0,19,60,60,,,,,,,,,,,19,02,yes,no,no,2025-07-14_14h23.31.760,EXNAT_4_TMS_Psychopy2024.2.5.psyexp,2024.2.5,2025-07-14 14h31.41.583675 +0200,
0,0,0,0,0,0,0,,,,,,,,,#88BA3F,130.6047170162201,None,space,None,None,472.60475158691406,text_03,5,2,Reading_Baseline_main_click,None,letzte,19,0,19,60,60,,,,,,,,,,,19,02,yes,no,no,2025-07-14_14h23.31.760,EXNAT_4_TMS_Psychopy2024.2.5.psyexp,2024.2.5,2025-07-14 14h31.41.583675 +0200,
0,0,0,0,0,0,0,,,,,,,,,#88BA3F,131.11450386047363,None,space,None,None,506.9100856781006,text_03,6,2,Reading_Baseline_main_click,None,enge,19,0,19,60,60,,,,,,,,,,,19,02,yes,no,no,2025-07-14_14h23.31.760,EXNAT_4_TMS_Psychopy2024.2.5.psyexp,2024.2.5,2025-07-14 14h31.41.583675 +0200,
0,0,0,0,0,0,0,,,,,,,,,#88BA3F,131.65918922424316,None,space,None,None,426.2228012084961,text_03,7,2,Reading_Baseline_main_click,None,Freundin,19,0,19,60,60,,,,,,,,,,,19,02,yes,no,no,2025-07-14_14h23.31.760,EXNAT_4_TMS_Psychopy2024.2.5.psyexp,2024.2.5,2025-07-14 14h31.41.583675 +0200,
0,0,0,0,0,0,0,,,,,,,,,#F989A2,132.12136268615723,None,space,None,None,427.9632568359375,text_03,8,2,Reading_Baseline_main_click,None,von,19,0,19,60,60,,,,,,,,,,,19,02,yes,no,no,2025-07-14_14h23.31.760,EXNAT_4_TMS_Psychopy2024.2.5.psyexp,2024.2.5,2025-07-14 14h31.41.583675 +0200,
0,0,0,0,0,0,0,,,,,,,,,#D292F3,132.58861255645752,None,space,None,None,472.7346897125244,text_03,9,2,Reading_Baseline_main_click,None,Albert,19,0,19,60,60,,,,,,,,,,,19,02,yes,no,no,2025-07-14_14h23.31.760,EXNAT_4_TMS_Psychopy2024.2.5.psyexp,2024.2.5,2025-07-14 14h31.41.583675 +0200,
0,0,0,0,0,0,0,,,,,,,,,#2AB7EF,133.1018521785736,None,space,None,None,503.4308433532715,text_03,10,2,Reading_Baseline_main_click,None,Einstein.,20,0,20,60,60,133.30072236061096,,,,,,,,,,19,02,yes,no,no,2025-07-14_14h23.31.760,EXNAT_4_TMS_Psychopy2024.2.5.psyexp,2024.2.5,2025-07-14 14h31.41.583675 +0200,
0,0,0,0,0,0,0,,,,,,,,,#F989A2,133.6436483860016,None,space,None,None,713.5872840881348,text_03,11,2,Reading_Baseline_main_click,None,Sie,20,0,20,60,60,,,,,,,,,,,19,02,yes,no,no,2025-07-14_14h23.31.760,EXNAT_4_TMS_Psychopy2024.2.5.psyexp,2024.2.5,2025-07-14 14h31.41.583675 +0200,
0,0,0,0,0,0,0,,,,,,,,,#F989A2,134.39903211593628,None,space,None,None,566.2736892700195,text_03,12,2,Reading_Baseline_main_click,None,telefonierten,20,0,20,60,60,,,,,,,,,,,19,02,yes,no,no,2025-07-14_14h23.31.760,EXNAT_4_TMS_Psychopy2024.2.5.psyexp,2024.2.5,2025-07-14 14h31.41.583675 +0200,
0,0,0,0,0,0,0,,,,,,,,,#F989A2,135.00394010543823,None,space,None,None,457.4744701385498,text_03,13,2,Reading_Baseline_main_click,None,"oft,",20,0,20,60,60,,,,,,,,,,,19,02,yes,no,no,2025-07-14_14h23.31.760,EXNAT_4_TMS_Psychopy2024.2.5.psyexp,2024.2.5,2025-07-14 14h31.41.583675 +0200,
0,0,0,0,0,0,0,,,,,,,,,#2AB7EF,135.5011477470398,None,space,None,None,472.1534252166748,text_03,14,2,Reading_Baseline_main_click,None,trafen,20,0,20,60,60,,,,,,,,,,,19,02,yes,no,no,2025-07-14_14h23.31.760,EXNAT_4_TMS_Psychopy2024.2.5.psyexp,2024.2.5,2025-07-14 14h31.41.583675 +0200,
0,0,0,0,0,0,0,,,,,,,,,#88BA3F,136.01284885406494,None,space,None,None,440.45042991638184,text_03,15,2,Reading_Baseline_main_click,None,sich,20,0,20,60,60,,,,,,,,,,,19,02,yes,no,no,2025-07-14_14h23.31.760,EXNAT_4_TMS_Psychopy2024.2.5.psyexp,2024.2.5,2025-07-14 14h31.41.583675 +0200,
0,0,0,0,0,0,0,,,,,,,,,#D292F3,136.49405026435852,None,space,None,None,455.214262008667,text_03,16,2,Reading_Baseline_main_click,None,regelmäßig,20,0,20,60,60,,,,,,,,,,,19,02,yes,no,no,2025-07-14_14h23.31.760,EXNAT_4_TMS_Psychopy2024.2.5.psyexp,2024.2.5,2025-07-14 14h31.41.583675 +0200,
0,0,0,0,0,0,0,,,,,,,,,#2AB7EF,136.98907256126404,None,space,None,None,520.3108787536621,text_03,17,2,Reading_Baseline_main_click,None,und,20,0,20,60,60,,,,,,,,,,,19,02,yes,no,no,2025-07-14_14h23.31.760,EXNAT_4_TMS_Psychopy2024.2.5.psyexp,2024.2.5,2025-07-14 14h31.41.583675 +0200,
0,0,0,0,0,0,0,,,,,,,,,#2AB7EF,137.5504400730133,None,space,None,None,566.9782161712646,text_03,18,2,Reading_Baseline_main_click,None,gingen,20,0,20,60,60,,,,,,,,,,,19,02,yes,no,no,2025-07-14_14h23.31.760,EXNAT_4_TMS_Psychopy2024.2.5.psyexp,2024.2.5,2025-07-14 14h31.41.583675 +0200,
0,0,0,0,0,0,0,,,,,,,,,#88BA3F,138.15814900398254,None,space,None,None,535.1693630218506,text_03,19,2,Reading_Baseline_main_click,None,gemeinsam,21,0,21,60,60,138.30069780349731,,,,,,,,,,19,02,yes,no,no,2025-07-14_14h23.31.760,EXNAT_4_TMS_Psychopy2024.2.5.psyexp,2024.2.5,2025-07-14 14h31.41.583675 +0200,
0,0,0,0,0,0,0,,,,,,,,,#F989A2,138.73481559753418,None,space,None,None,534.5749855041504,text_03,20,2,Reading_Baseline_main_click,None,segeln.,21,0,21,60,60,,,,,,,,,,,19,02,yes,no,no,2025-07-14_14h23.31.760,EXNAT_4_TMS_Psychopy2024.2.5.psyexp,2024.2.5,2025-07-14 14h31.41.583675 +0200,
0,0,0,0,0,0,0,,,,,,,,,#88BA3F,139.30795097351074,None,space,None,None,1433.4030151367188,text_03,21,2,Reading_Baseline_main_click,None,Heimlich,21,0,21,60,60,,,,,,,,,,,19,02,yes,no,no,2025-07-14_14h23.31.760,EXNAT_4_TMS_Psychopy2024.2.5.psyexp,2024.2.5,2025-07-14 14h31.41.583675 +0200,
0,0,0,0,0,0,0,,,,,,,,,#D292F3,140.79669880867004,None,space,None,None,488.7206554412842,text_03,22,2,Reading_Baseline_main_click,None,schrieb,21,0,21,60,60,,,,,,,,,,,19,02,yes,no,no,2025-07-14_14h23.31.760,EXNAT_4_TMS_Psychopy2024.2.5.psyexp,2024.2.5,2025-07-14 14h31.41.583675 +0200,
0,0,0,0,0,0,0,,,,,,,,,#F989A2,141.3408133983612,None,space,None,None,536.3492965698242,text_03,23,2,Reading_Baseline_main_click,None,Fantova,21,0,21,60,60,,,,,,,,,,,19,02,yes,no,no,2025-07-14_14h23.31.760,EXNAT_4_TMS_Psychopy2024.2.5.psyexp,2024.2.5,2025-07-14 14h31.41.583675 +0200,
0,0,0,0,0,0,0,,,,,,,,,#D292F3,141.93124747276306,None,space,None,None,538.0175113677979,text_03,24,2,Reading_Baseline_main_click,None,Notizen,21,0,21,60,60,,,,,,,,,,,19,02,yes,no,no,2025-07-14_14h23.31.760,EXNAT_4_TMS_Psychopy2024.2.5.psyexp,2024.2.5,2025-07-14 14h31.41.583675 +0200,
0,0,0,0,0,0,0,,,,,,,,,#2AB7EF,142.52366423606873,None,space,None,None,457.6997756958008,text_03,25,2,Reading_Baseline_main_click,None,über,21,0,21,60,60,,,,,,,,,,,19,02,yes,no,no,2025-07-14_14h23.31.760,EXNAT_4_TMS_Psychopy2024.2.5.psyexp,2024.2.5,2025-07-14 14h31.41.583675 +0200,
0,0,0,0,0,0,0,,,,,,,,,#88BA3F,143.03668332099915,None,space,None,None,488.6791706085205,text_03,26,2,Reading_Baseline_main_click,None,ihre,22,0,22,60,60,143.30073738098145,,,,,,,,,,19,02,yes,no,no,2025-07-14_14h23.31.760,EXNAT_4_TMS_Psychopy2024.2.5.psyexp,2024.2.5,2025-07-14 14h31.41.583675 +0200,
0,0,0,0,0,0,0,,,,,,,,,#2AB7EF,143.58090162277222,None,space,None,None,504.55236434936523,text_03,27,2,Reading_Baseline_main_click,None,Gespräche.,22,0,22,60,60,,,,,,,,,,,19,02,yes,no,no,2025-07-14_14h23.31.760,EXNAT_4_TMS_Psychopy2024.2.5.psyexp,2024.2.5,2025-07-14 14h31.41.583675 +0200,
0,0,0,0,0,0,0,,,,,,,,,#D292F3,144.14195442199707,None,space,None,None,775.4487991333008,text_03,28,2,Reading_Baseline_main_click,None,Darin,22,0,22,60,60,,,,,,,,,,,19,02,yes,no,no,2025-07-14_14h23.31.760,EXNAT_4_TMS_Psychopy2024.2.5.psyexp,2024.2.5,2025-07-14 14h31.41.583675 +0200,
0,0,0,0,0,0,0,,,,,,,,,#D292F3,144.97372436523438,None,space,None,None,663.6478900909424,text_03,29,2,Reading_Baseline_main_click,None,zeigt,22,0,22,60,60,,,,,,,,,,,19,02,yes,no,no,2025-07-14_14h23.31.760,EXNAT_4_TMS_Psychopy2024.2.5.psyexp,2024.2.5,2025-07-14 14h31.41.583675 +0200,
0,0,0,0,0,0,0,,,,,,,,,#88BA3F,145.69272255897522,None,space,None,None,520.5328464508057,text_03,30,2,Reading_Baseline_main_click,None,sich,22,0,22,60,60,,,,,,,,,,,19,02,yes,no,no,2025-07-14_14h23.31.760,EXNAT_4_TMS_Psychopy2024.2.5.psyexp,2024.2.5,2025-07-14 14h31.41.583675 +0200,
0,0,0,0,0,0,0,,,,,,,,,#F989A2,146.269038438797,None,space,None,None,568.3708190917969,text_03,31,2,Reading_Baseline_main_click,None,Einstein,22,0,22,60,60,,,,,,,,,,,19,02,yes,no,no,2025-07-14_14h23.31.760,EXNAT_4_TMS_Psychopy2024.2.5.psyexp,2024.2.5,2025-07-14 14h31.41.583675 +0200,
0,0,0,0,0,0,0,,,,,,,,,#88BA3F,146.87732911109924,None,space,None,None,632.0912837982178,text_03,32,2,Reading_Baseline_main_click,None,nicht,22,0,22,60,60,,,,,,,,,,,19,02,yes,no,no,2025-07-14_14h23.31.760,EXNAT_4_TMS_Psychopy2024.2.5.psyexp,2024.2.5,2025-07-14 14h31.41.583675 +0200,
0,0,0,0,0,0,0,,,,,,,,,#D292F3,147.5506296157837,None,space,None,None,518.8639163970947,text_03,33,2,Reading_Baseline_main_click,None,nur,22,0,22,60,60,,,,,,,,,,,19,02,yes,no,no,2025-07-14_14h23.31.760,EXNAT_4_TMS_Psychopy2024.2.5.psyexp,2024.2.5,2025-07-14 14h31.41.583675 +0200,
0,0,0,0,0,0,0,,,,,,,,,#F989A2,148.10658931732178,None,space,None,None,490.739107131958,text_03,34,2,Reading_Baseline_main_click,None,als,23,0,23,60,60,148.30076813697815,,,,,,,,,,19,02,yes,no,no,2025-07-14_14h23.31.760,EXNAT_4_TMS_Psychopy2024.2.5.psyexp,2024.2.5,2025-07-14 14h31.41.583675 +0200,
0,0,0,0,0,0,0,,,,,,,,,#2AB7EF,148.6379907131195,None,space,None,None,471.4035987854004,text_03,35,2,Reading_Baseline_main_click,None,berühmter,23,0,23,60,60,,,,,,,,,,,19,02,yes,no,no,2025-07-14_14h23.31.760,EXNAT_4_TMS_Psychopy2024.2.5.psyexp,2024.2.5,2025-07-14 14h31.41.583675 +0200,
0,0,0,0,0,0,0,,,,,,,,,#F989A2,149.15155363082886,None,space,None,None,565.7353401184082,text_03,36,2,Reading_Baseline_main_click,None,"Wissenschaftler,",23,0,23,60,60,,,,,,,,,,,19,02,yes,no,no,2025-07-14_14h23.31.760,EXNAT_4_TMS_Psychopy2024.2.5.psyexp,2024.2.5,2025-07-14 14h31.41.583675 +0200,
0,0,0,0,0,0,0,,,,,,,,,#F989A2,149.7582619190216,None,space,None,None,518.8820362091064,text_03,37,2,Reading_Baseline_main_click,None,sondern,23,0,23,60,60,,,,,,,,,,,19,02,yes,no,no,2025-07-14_14h23.31.760,EXNAT_4_TMS_Psychopy2024.2.5.psyexp,2024.2.5,2025-07-14 14h31.41.583675 +0200,
0,0,0,0,0,0,0,,,,,,,,,#D292F3,150.31585478782654,None,space,None,None,553.532600402832,text_03,38,2,Reading_Baseline_main_click,None,auch,23,0,23,60,60,,,,,,,,,,,19,02,yes,no,no,2025-07-14_14h23.31.760,EXNAT_4_TMS_Psychopy2024.2.5.psyexp,2024.2.5,2025-07-14 14h31.41.583675 +0200,
0,0,0,0,0,0,0,,,,,,,,,#88BA3F,150.91015219688416,None,space,None,None,423.22587966918945,text_03,39,2,Reading_Baseline_main_click,None,als,23,0,23,60,60,,,,,,,,,,,19,02,yes,no,no,2025-07-14_14h23.31.760,EXNAT_4_TMS_Psychopy2024.2.5.psyexp,2024.2.5,2025-07-14 14h31.41.583675 +0200,
0,0,0,0,0,0,0,,,,,,,,,#88BA3F,151.37461256980896,None,space,None,None,598.8316535949707,text_03,40,2,Reading_Baseline_main_click,None,warmherziger,23,0,23,60,60,,,,,,,,,,,19,02,yes,no,no,2025-07-14_14h23.31.760,EXNAT_4_TMS_Psychopy2024.2.5.psyexp,2024.2.5,2025-07-14 14h31.41.583675 +0200,
0,0,0,0,0,0,0,,,,,,,,,#D292F3,152.0138328075409,None,space,None,None,535.4921817779541,text_03,41,2,Reading_Baseline_main_click,None,und,23,0,23,60,60,,,,,,,,,,,19,02,yes,no,no,2025-07-14_14h23.31.760,EXNAT_4_TMS_Psychopy2024.2.5.psyexp,2024.2.5,2025-07-14 14h31.41.583675 +0200,
0,0,0,0,0,0,0,,,,,,,,,#2AB7EF,152.58820700645447,None,space,None,None,505.0625801086426,text_03,42,2,Reading_Baseline_main_click,None,lustiger,23,0,23,60,60,,,,,,,,,,,19,02,yes,no,no,2025-07-14_14h23.31.760,EXNAT_4_TMS_Psychopy2024.2.5.psyexp,2024.2.5,2025-07-14 14h31.41.583675 +0200,
0,0,0,0,0,0,0,,,,,,,,,#F989A2,153.13356256484985,None,space,None,None,535.771369934082,text_03,43,2,Reading_Baseline_main_click,None,Mensch.,24,0,24,60,60,153.3007733821869,,,,,,,,,,19,02,yes,no,no,2025-07-14_14h23.31.760,EXNAT_4_TMS_Psychopy2024.2.5.psyexp,2024.2.5,2025-07-14 14h31.41.583675 +0200,
0,0,0,0,0,0,0,,,,,,,,,#F989A2,153.70769667625427,None,space,None,None,617.7537441253662,text_03,44,2,Reading_Baseline_main_click,None,Ohne,24,0,24,60,60,,,,,,,,,,,19,02,yes,no,no,2025-07-14_14h23.31.760,EXNAT_4_TMS_Psychopy2024.2.5.psyexp,2024.2.5,2025-07-14 14h31.41.583675 +0200,
0,0,0,0,0,0,0,,,,,,,,,#D292F3,154.36527752876282,None,space,None,None,632.1990489959717,text_03,45,2,Reading_Baseline_main_click,None,Fantovas,24,0,24,60,60,,,,,,,,,,,19,02,yes,no,no,2025-07-14_14h23.31.760,EXNAT_4_TMS_Psychopy2024.2.5.psyexp,2024.2.5,2025-07-14 14h31.41.583675 +0200,
0,0,0,0,0,0,0,,,,,,,,,#2AB7EF,155.03787517547607,None,space,None,None,519.5095539093018,text_03,46,2,Reading_Baseline_main_click,None,Aufzeichnungen,24,0,24,60,60,,,,,,,,,,,19,02,yes,no,no,2025-07-14_14h23.31.760,EXNAT_4_TMS_Psychopy2024.2.5.psyexp,2024.2.5,2025-07-14 14h31.41.583675 +0200,
0,0,0,0,0,0,0,,,,,,,,,#2AB7EF,155.5962586402893,None,space,None,None,505.1417350769043,text_03,47,2,Reading_Baseline_main_click,None,wüsste,24,0,24,60,60,,,,,,,,,,,19,02,yes,no,no,2025-07-14_14h23.31.760,EXNAT_4_TMS_Psychopy2024.2.5.psyexp,2024.2.5,2025-07-14 14h31.41.583675 +0200,
0,0,0,0,0,0,0,,,,,,,,,#F989A2,156.1410448551178,None,space,None,None,472.40281105041504,text_03,48,2,Reading_Baseline_main_click,None,man,24,0,24,60,60,,,,,,,,,,,19,02,yes,no,no,2025-07-14_14h23.31.760,EXNAT_4_TMS_Psychopy2024.2.5.psyexp,2024.2.5,2025-07-14 14h31.41.583675 +0200,
0,0,0,0,0,0,0,,,,,,,,,#F989A2,156.65258765220642,None,space,None,None,488.80505561828613,text_03,49,2,Reading_Baseline_main_click,None,zum,24,0,24,60,60,,,,,,,,,,,19,02,yes,no,no,2025-07-14_14h23.31.760,EXNAT_4_TMS_Psychopy2024.2.5.psyexp,2024.2.5,2025-07-14 14h31.41.583675 +0200,
0,0,0,0,0,0,0,,,,,,,,,#D292F3,157.18217158317566,None,space,None,None,455.2440643310547,text_03,50,2,Reading_Baseline_main_click,None,Beispiel,24,0,24,60,60,,,,,,,,,,,19,02,yes,no,no,2025-07-14_14h23.31.760,EXNAT_4_TMS_Psychopy2024.2.5.psyexp,2024.2.5,2025-07-14 14h31.41.583675 +0200,
0,0,0,0,0,0,0,,,,,,,,,#2AB7EF,157.67551445960999,None,space,None,None,505.840539932251,text_03,51,2,Reading_Baseline_main_click,None,nichts,24,0,24,60,60,,,,,,,,,,,19,02,yes,no,no,2025-07-14_14h23.31.760,EXNAT_4_TMS_Psychopy2024.2.5.psyexp,2024.2.5,2025-07-14 14h31.41.583675 +0200,
0,0,0,0,0,0,0,,,,,,,,,#88BA3F,158.22221636772156,None,space,None,None,439.2976760864258,text_03,52,2,Reading_Baseline_main_click,None,von,25,0,25,60,60,158.30076456069946,,,,,,,,,,19,02,yes,no,no,2025-07-14_14h23.31.760,EXNAT_4_TMS_Psychopy2024.2.5.psyexp,2024.2.5,2025-07-14 14h31.41.583675 +0200,
0,0,0,0,0,0,0,,,,,,,,,#F989A2,158.69985914230347,None,space,None,None,489.4688129425049,text_03,53,2,Reading_Baseline_main_click,None,Einsteins,25,0,25,60,60,,,,,,,,,,,19,02,yes,no,no,2025-07-14_14h23.31.760,EXNAT_4_TMS_Psychopy2024.2.5.psyexp,2024.2.5,2025-07-14 14h31.41.583675 +0200,
0,0,0,0,0,0,0,,,,,,,,,#D292F3,159.23040342330933,None,space,None,None,790.855884552002,text_03,54,2,Reading_Baseline_main_click,None,melancholischem,25,0,25,60,60,,,,,,,,,,,19,02,yes,no,no,2025-07-14_14h23.31.760,EXNAT_4_TMS_Psychopy2024.2.5.psyexp,2024.2.5,2025-07-14 14h31.41.583675 +0200,
0,0,0,0,0,0,0,,,,,,,,,#88BA3F,160.05933165550232,None,space,None,None,633.9414119720459,text_03,55,2,Reading_Baseline_main_click,None,Papagei,25,0,25,60,60,,,,,,,,,,,19,02,yes,no,no,2025-07-14_14h23.31.760,EXNAT_4_TMS_Psychopy2024.2.5.psyexp,2024.2.5,2025-07-14 14h31.41.583675 +0200,
0,0,0,0,0,0,0,,,,,,,,,#2AB7EF,160.7346167564392,None,space,None,None,534.8072052001953,text_03,56,2,Reading_Baseline_main_click,None,Bibo.,25,0,25,60,60,,,,,,,,,,,19,02,yes,no,no,2025-07-14_14h23.31.760,EXNAT_4_TMS_Psychopy2024.2.5.psyexp,2024.2.5,2025-07-14 14h31.41.583675 +0200,
0,0,0,0,0,0,0,,,,,,,,,#F989A2,161.3091914653778,None,space,None,None,568.0856704711914,text_03,57,2,Reading_Baseline_main_click,None,Auch,25,0,25,60,60,,,,,,,,,,,19,02,yes,no,no,2025-07-14_14h23.31.760,EXNAT_4_TMS_Psychopy2024.2.5.psyexp,2024.2.5,2025-07-14 14h31.41.583675 +0200,
0,0,0,0,0,0,0,,,,,,,,,#F989A2,161.91862225532532,None,space,None,None,502.7329921722412,text_03,58,2,Reading_Baseline_main_click,None,seine,25,0,25,60,60,,,,,,,,,,,19,02,yes,no,no,2025-07-14_14h23.31.760,EXNAT_4_TMS_Psychopy2024.2.5.psyexp,2024.2.5,2025-07-14 14h31.41.583675 +0200,
0,0,0,0,0,0,0,,,,,,,,,#88BA3F,162.45965886116028,None,space,None,None,521.78955078125,text_03,59,2,Reading_Baseline_main_click,None,witzigen,25,0,25,60,60,,,,,,,,,,,19,02,yes,no,no,2025-07-14_14h23.31.760,EXNAT_4_TMS_Psychopy2024.2.5.psyexp,2024.2.5,2025-07-14 14h31.41.583675 +0200,
0,0,0,0,0,0,0,,,,,,,,,#D292F3,163.02333617210388,None,space,None,None,485.99934577941895,text_03,60,2,Reading_Baseline_main_click,None,Sprüche,26,0,26,60,60,163.30079102516174,,,,,,,,,,19,02,yes,no,no,2025-07-14_14h23.31.760,EXNAT_4_TMS_Psychopy2024.2.5.psyexp,2024.2.5,2025-07-14 14h31.41.583675 +0200,
0,0,0,0,0,0,0,,,,,,,,,#F989A2,163.54931831359863,None,space,None,None,487.84375190734863,text_03,61,2,Reading_Baseline_main_click,None,über,26,0,26,60,60,,,,,,,,,,,19,02,yes,no,no,2025-07-14_14h23.31.760,EXNAT_4_TMS_Psychopy2024.2.5.psyexp,2024.2.5,2025-07-14 14h31.41.583675 +0200,
0,0,0,0,0,0,0,,,,,,,,,#2AB7EF,164.07388758659363,None,space,None,None,507.4458122253418,text_03,62,2,Reading_Baseline_main_click,None,das,26,0,26,60,60,,,,,,,,,,,19,02,yes,no,no,2025-07-14_14h23.31.760,EXNAT_4_TMS_Psychopy2024.2.5.psyexp,2024.2.5,2025-07-14 14h31.41.583675 +0200,
0,0,0,0,0,0,0,,,,,,,,,#F989A2,164.62239122390747,None,space,None,None,534.8162651062012,text_03,63,2,Reading_Baseline_main_click,None,Leben,26,0,26,60,60,,,,,,,,,,,19,02,yes,no,no,2025-07-14_14h23.31.760,EXNAT_4_TMS_Psychopy2024.2.5.psyexp,2024.2.5,2025-07-14 14h31.41.583675 +0200,
0,0,0,0,0,0,0,,,,,,,,,#88BA3F,165.1986882686615,None,space,None,None,470.7207679748535,text_03,64,2,Reading_Baseline_main_click,None,wären,26,0,26,60,60,,,,,,,,,,,19,02,yes,no,no,2025-07-14_14h23.31.760,EXNAT_4_TMS_Psychopy2024.2.5.psyexp,2024.2.5,2025-07-14 14h31.41.583675 +0200,
0,0,0,0,0,0,0,,,,,,,,,#2AB7EF,165.70849204063416,None,space,None,None,808.7725639343262,text_03,65,2,Reading_Baseline_main_click,None,verloren.,26,0,26,60,60,,,,,,,,,,,19,02,yes,no,no,2025-07-14_14h23.31.760,EXNAT_4_TMS_Psychopy2024.2.5.psyexp,2024.2.5,2025-07-14 14h31.41.583675 +0200,
0,0,0,0,0,0,0,,,,,,,,,#D292F3,166.55690503120422,None,space,None,None,552.5097846984863,text_03,66,2,Reading_Baseline_main_click,None,Über,26,0,26,60,60,,,,,,,,,,,19,02,yes,no,no,2025-07-14_14h23.31.760,EXNAT_4_TMS_Psychopy2024.2.5.psyexp,2024.2.5,2025-07-14 14h31.41.583675 +0200,
0,0,0,0,0,0,0,,,,,,,,,#88BA3F,167.14745235443115,None,space,None,None,505.7075023651123,text_03,67,2,Reading_Baseline_main_click,None,einen,26,0,26,60,60,,,,,,,,,,,19,02,yes,no,no,2025-07-14_14h23.31.760,EXNAT_4_TMS_Psychopy2024.2.5.psyexp,2024.2.5,2025-07-14 14h31.41.583675 +0200,
0,0,0,0,0,0,0,,,,,,,,,#D292F3,167.69228529930115,None,space,None,None,520.9660530090332,text_03,68,2,Reading_Baseline_main_click,None,Nachbarn,26,0,26,60,60,,,,,,,,,,,19,02,yes,no,no,2025-07-14_14h23.31.760,EXNAT_4_TMS_Psychopy2024.2.5.psyexp,2024.2.5,2025-07-14 14h31.41.583675 +0200,
0,0,0,0,0,0,0,,,,,,,,,#F989A2,168.25320744514465,None,space,None,None,488.0635738372803,text_03,69,2,Reading_Baseline_main_click,None,sagte,27,0,27,60,60,168.30546188354492,,,,,,,,,,19,02,yes,no,no,2025-07-14_14h23.31.760,EXNAT_4_TMS_Psychopy2024.2.5.psyexp,2024.2.5,2025-07-14 14h31.41.583675 +0200,
0,0,0,0,0,0,0,,,,,,,,,#2AB7EF,168.77961897850037,None,space,None,None,441.62940979003906,text_03,70,2,Reading_Baseline_main_click,None,er,27,0,27,60,60,,,,,,,,,,,19,02,yes,no,no,2025-07-14_14h23.31.760,EXNAT_4_TMS_Psychopy2024.2.5.psyexp,2024.2.5,2025-07-14 14h31.41.583675 +0200,
0,0,0,0,0,0,0,,,,,,,,,#D292F3,169.26137137413025,None,space,None,None,535.7444286346436,text_03,71,2,Reading_Baseline_main_click,None,zum,27,0,27,60,60,,,,,,,,,,,19,02,yes,no,no,2025-07-14_14h23.31.760,EXNAT_4_TMS_Psychopy2024.2.5.psyexp,2024.2.5,2025-07-14 14h31.41.583675 +0200,
0,0,0,0,0,0,0,,,,,,,,,#88BA3F,169.83799481391907,None,space,None,None,567.3387050628662,text_03,72,2,Reading_Baseline_main_click,None,Beispiel:,27,0,27,60,60,,,,,,,,,,,19,02,yes,no,no,2025-07-14_14h23.31.760,EXNAT_4_TMS_Psychopy2024.2.5.psyexp,2024.2.5,2025-07-14 14h31.41.583675 +0200,
0,0,0,0,0,0,0,,,,,,,,,#F989A2,170.44504189491272,None,space,None,None,568.2978630065918,text_03,73,2,Reading_Baseline_main_click,None,""Es,27,0,27,60,60,,,,,,,,,,,19,02,yes,no,no,2025-07-14_14h23.31.760,EXNAT_4_TMS_Psychopy2024.2.5.psyexp,2024.2.5,2025-07-14 14h31.41.583675 +0200,
0,0,0,0,0,0,0,,,,,,,,,#88BA3F,171.05414533615112,None,space,None,None,455.0151824951172,text_03,74,2,Reading_Baseline_main_click,None,besteht,27,0,27,60,60,,,,,,,,,,,19,02,yes,no,no,2025-07-14_14h23.31.760,EXNAT_4_TMS_Psychopy2024.2.5.psyexp,2024.2.5,2025-07-14 14h31.41.583675 +0200,
0,0,0,0,0,0,0,,,,,,,,,#F989A2,171.54813408851624,None,space,None,None,505.1589012145996,text_03,75,2,Reading_Baseline_main_click,None,die,27,0,27,60,60,,,,,,,,,,,19,02,yes,no,no,2025-07-14_14h23.31.760,EXNAT_4_TMS_Psychopy2024.2.5.psyexp,2024.2.5,2025-07-14 14h31.41.583675 +0200,
0,0,0,0,0,0,0,,,,,,,,,#2AB7EF,172.09314060211182,None,space,None,None,584.1479301452637,text_03,76,2,Reading_Baseline_main_click,None,"Gefahr,",27,0,27,60,60,,,,,,,,,,,19,02,yes,no,no,2025-07-14_14h23.31.760,EXNAT_4_TMS_Psychopy2024.2.5.psyexp,2024.2.5,2025-07-14 14h31.41.583675 +0200,
0,0,0,0,0,0,0,,,,,,,,,#D292F3,172.71745896339417,None,space,None,None,455.8911323547363,text_03,77,2,Reading_Baseline_main_click,None,dass,27,0,27,60,60,,,,,,,,,,,19,02,yes,no,no,2025-07-14_14h23.31.760,EXNAT_4_TMS_Psychopy2024.2.5.psyexp,2024.2.5,2025-07-14 14h31.41.583675 +0200,
0,0,0,0,0,0,0,,,,,,,,,#F989A2,173.2106795310974,None,space,None,None,442.63172149658203,text_03,78,2,Reading_Baseline_main_click,None,sein,28,0,28,60,60,173.3054699897766,,,,,,,,,,19,02,yes,no,no,2025-07-14_14h23.31.760,EXNAT_4_TMS_Psychopy2024.2.5.psyexp,2024.2.5,2025-07-14 14h31.41.583675 +0200,
0,0,0,0,0,0,0,,,,,,,,,#D292F3,173.69174766540527,None,space,None,None,505.53083419799805,text_03,79,2,Reading_Baseline_main_click,None,Sohn,28,0,28,60,60,,,,,,,,,,,19,02,yes,no,no,2025-07-14_14h23.31.760,EXNAT_4_TMS_Psychopy2024.2.5.psyexp,2024.2.5,2025-07-14 14h31.41.583675 +0200,
0,0,0,0,0,0,0,,,,,,,,,#88BA3F,174.23652982711792,None,space,None,None,472.7742671966553,text_03,80,2,Reading_Baseline_main_click,None,heiratet."",28,0,28,60,60,,,,,,,,,,,19,02,yes,no,no,2025-07-14_14h23.31.760,EXNAT_4_TMS_Psychopy2024.2.5.psyexp,2024.2.5,2025-07-14 14h31.41.583675 +0200,
0,0,0,0,0,0,0,,,,,,,,,#2AB7EF,174.74688506126404,None,space,None,None,554.3310642242432,text_03,81,2,Reading_Baseline_main_click,None,Fantova,28,0,28,60,60,,,,,,,,,,,19,02,yes,no,no,2025-07-14_14h23.31.760,EXNAT_4_TMS_Psychopy2024.2.5.psyexp,2024.2.5,2025-07-14 14h31.41.583675 +0200,
0,0,0,0,0,0,0,,,,,,,,,#2AB7EF,175.33956718444824,None,space,None,None,521.6615200042725,text_03,82,2,Reading_Baseline_main_click,None,war,28,0,28,60,60,,,,,,,,,,,19,02,yes,no,no,2025-07-14_14h23.31.760,EXNAT_4_TMS_Psychopy2024.2.5.psyexp,2024.2.5,2025-07-14 14h31.41.583675 +0200,
0,0,0,0,0,0,0,,,,,,,,,#88BA3F,175.89821076393127,None,space,None,None,539.0138626098633,text_03,83,2,Reading_Baseline_main_click,None,22,28,0,28,60,60,,,,,,,,,,,19,02,yes,no,no,2025-07-14_14h23.31.760,EXNAT_4_TMS_Psychopy2024.2.5.psyexp,2024.2.5,2025-07-14 14h31.41.583675 +0200,
0,0,0,0,0,0,0,,,,,,,,,#D292F3,176.47467398643494,None,space,None,None,570.683479309082,text_03,84,2,Reading_Baseline_main_click,None,Jahre,28,0,28,60,60,,,,,,,,,,,19,02,yes,no,no,2025-07-14_14h23.31.760,EXNAT_4_TMS_Psychopy2024.2.5.psyexp,2024.2.5,2025-07-14 14h31.41.583675 +0200,
0,0,0,0,0,0,0,,,,,,,,,#2AB7EF,177.08794450759888,None,space,None,None,533.3852767944336,text_03,85,2,Reading_Baseline_main_click,None,jünger,28,0,28,60,60,,,,,,,,,,,19,02,yes,no,no,2025-07-14_14h23.31.760,EXNAT_4_TMS_Psychopy2024.2.5.psyexp,2024.2.5,2025-07-14 14h31.41.583675 +0200,
0,0,0,0,0,0,0,,,,,,,,,#F989A2,177.6577742099762,None,space,None,None,491.4119243621826,text_03,86,2,Reading_Baseline_main_click,None,als,28,0,28,60,60,,,,,,,,,,,19,02,yes,no,no,2025-07-14_14h23.31.760,EXNAT_4_TMS_Psychopy2024.2.5.psyexp,2024.2.5,2025-07-14 14h31.41.583675 +0200,
0,0,0,0,0,0,0,,,,,,,,,#88BA3F,178.18909192085266,None,space,None,None,488.2493019104004,text_03,87,2,Reading_Baseline_main_click,None,Einstein,29,0,29,60,60,178.30543994903564,,,,,,,,,,19,02,yes,no,no,2025-07-14_14h23.31.760,EXNAT_4_TMS_Psychopy2024.2.5.psyexp,2024.2.5,2025-07-14 14h31.41.583675 +0200,
0,0,0,0,0,0,0,,,,,,,,,#2AB7EF,178.7175419330597,None,space,None,None,471.89974784851074,text_03,88,2,Reading_Baseline_main_click,None,und,29,0,29,60,60,,,,,,,,,,,19,02,yes,no,no,2025-07-14_14h23.31.760,EXNAT_4_TMS_Psychopy2024.2.5.psyexp,2024.2.5,2025-07-14 14h31.41.583675 +0200,
0,0,0,0,0,0,0,,,,,,,,,#F989A2,179.23016166687012,None,space,None,None,471.099853515625,text_03,89,2,Reading_Baseline_main_click,None,kam,29,0,29,60,60,,,,,,,,,,,19,02,yes,no,no,2025-07-14_14h23.31.760,EXNAT_4_TMS_Psychopy2024.2.5.psyexp,2024.2.5,2025-07-14 14h31.41.583675 +0200,
0,0,0,0,0,0,0,,,,,,,,,#88BA3F,179.74058055877686,None,space,None,None,456.8476676940918,text_03,90,2,Reading_Baseline_main_click,None,wie,29,0,29,60,60,,,,,,,,,,,19,02,yes,no,no,2025-07-14_14h23.31.760,EXNAT_4_TMS_Psychopy2024.2.5.psyexp,2024.2.5,2025-07-14 14h31.41.583675 +0200,
0,0,0,0,0,0,0,,,,,,,,,#2AB7EF,180.23746418952942,None,space,None,None,455.904483795166,text_03,91,2,Reading_Baseline_main_click,None,er,29,0,29,60,60,,,,,,,,,,,19,02,yes,no,no,2025-07-14_14h23.31.760,EXNAT_4_TMS_Psychopy2024.2.5.psyexp,2024.2.5,2025-07-14 14h31.41.583675 +0200,
0,0,0,0,0,0,0,,,,,,,,,#D292F3,180.73478078842163,None,space,None,None,454.41341400146484,text_03,92,2,Reading_Baseline_main_click,None,aus,29,0,29,60,60,,,,,,,,,,,19,02,yes,no,no,2025-07-14_14h23.31.760,EXNAT_4_TMS_Psychopy2024.2.5.psyexp,2024.2.5,2025-07-14 14h31.41.583675 +0200,
0,0,0,0,0,0,0,,,,,,,,,#D292F3,181.23102378845215,None,space,None,None,454.26273345947266,text_03,93,2,Reading_Baseline_main_click,None,Europa.,29,0,29,60,60,,,,,,,,,,,19,02,yes,no,no,2025-07-14_14h23.31.760,EXNAT_4_TMS_Psychopy2024.2.5.psyexp,2024.2.5,2025-07-14 14h31.41.583675 +0200,
0,0,0,0,0,0,0,,,,,,,,,#F989A2,181.72338151931763,None,space,None,None,1194.0209865570068,text_03,94,2,Reading_Baseline_main_click,None,Die,29,0,29,60,60,,,,,,,,,,,19,02,yes,no,no,2025-07-14_14h23.31.760,EXNAT_4_TMS_Psychopy2024.2.5.psyexp,2024.2.5,2025-07-14 14h31.41.583675 +0200,
0,0,0,0,0,0,0,,,,,,,,,#D292F3,182.95783376693726,None,space,None,None,455.5983543395996,text_03,95,2,Reading_Baseline_main_click,None,Eltern,30,0,30,60,60,183.30554032325745,,,,,,,,,,19,02,yes,no,no,2025-07-14_14h23.31.760,EXNAT_4_TMS_Psychopy2024.2.5.psyexp,2024.2.5,2025-07-14 14h31.41.583675 +0200,
0,0,0,0,0,0,0,,,,,,,,,#88BA3F,183.4540593624115,None,space,None,None,455.2643299102783,text_03,96,2,Reading_Baseline_main_click,None,ihres,30,0,30,60,60,,,,,,,,,,,19,02,yes,no,no,2025-07-14_14h23.31.760,EXNAT_4_TMS_Psychopy2024.2.5.psyexp,2024.2.5,2025-07-14 14h31.41.583675 +0200,
0,0,0,0,0,0,0,,,,,,,,,#2AB7EF,183.94893789291382,None,space,None,None,728.4629344940186,text_03,97,2,Reading_Baseline_main_click,None,"Mannes,",30,0,30,60,60,,,,,,,,,,,19,02,yes,no,no,2025-07-14_14h23.31.760,EXNAT_4_TMS_Psychopy2024.2.5.psyexp,2024.2.5,2025-07-14 14h31.41.583675 +0200,
0,0,0,0,0,0,0,,,,,,,,,#F989A2,184.7171905040741,None,space,None,None,568.2334899902344,text_03,98,2,Reading_Baseline_main_click,None,Otto,30,0,30,60,60,,,,,,,,,,,19,02,yes,no,no,2025-07-14_14h23.31.760,EXNAT_4_TMS_Psychopy2024.2.5.psyexp,2024.2.5,2025-07-14 14h31.41.583675 +0200,
0,0,0,0,0,0,0,,,,,,,,,#88BA3F,185.3259563446045,None,space,None,None,599.4572639465332,text_03,99,2,Reading_Baseline_main_click,None,"Fanta,",30,0,30,60,60,,,,,,,,,,,19,02,yes,no,no,2025-07-14_14h23.31.760,EXNAT_4_TMS_Psychopy2024.2.5.psyexp,2024.2.5,2025-07-14 14h31.41.583675 +0200,
0,0,0,0,0,0,0,,,,,,,,,#2AB7EF,185.96453046798706,None,space,None,None,1544.8102951049805,text_03,100,2,Reading_Baseline_main_click,None,luden,30,0,30,60,60,,,,,,,,,,,19,02,yes,no,no,2025-07-14_14h23.31.760,EXNAT_4_TMS_Psychopy2024.2.5.psyexp,2024.2.5,2025-07-14 14h31.41.583675 +0200,
0,0,0,0,0,0,0,,,,,,,,,#D292F3,187.549875497818,None,space,None,None,551.4063835144043,text_03,101,2,Reading_Baseline_main_click,None,viele,30,0,30,60,60,,,,,,,,,,,19,02,yes,no,no,2025-07-14_14h23.31.760,EXNAT_4_TMS_Psychopy2024.2.5.psyexp,2024.2.5,2025-07-14 14h31.41.583675 +0200,
0,0,0,0,0,0,0,,,,,,,,,#88BA3F,188.14090728759766,None,space,None,None,552.3898601531982,text_03,102,2,Reading_Baseline_main_click,None,berühmte,31,0,31,60,60,188.30545783042908,,,,,,,,,,19,02,yes,no,no,2025-07-14_14h23.31.760,EXNAT_4_TMS_Psychopy2024.2.5.psyexp,2024.2.5,2025-07-14 14h31.41.583675 +0200,
0,0,0,0,0,0,0,,,,,,,,,#2AB7EF,188.7349214553833,None,space,None,None,470.3488349914551,text_03,103,2,Reading_Baseline_main_click,None,Menschen,31,0,31,60,60,,,,,,,,,,,19,02,yes,no,no,2025-07-14_14h23.31.760,EXNAT_4_TMS_Psychopy2024.2.5.psyexp,2024.2.5,2025-07-14 14h31.41.583675 +0200,
0,0,0,0,0,0,0,,,,,,,,,#F989A2,189.2438132762909,None,space,None,None,473.3734130859375,text_03,104,2,Reading_Baseline_main_click,None,in,31,0,31,60,60,,,,,,,,,,,19,02,yes,no,no,2025-07-14_14h23.31.760,EXNAT_4_TMS_Psychopy2024.2.5.psyexp,2024.2.5,2025-07-14 14h31.41.583675 +0200,
0,0,0,0,0,0,0,,,,,,,,,#88BA3F,189.75558304786682,None,space,None,None,441.7424201965332,text_03,105,2,Reading_Baseline_main_click,None,ihren,31,0,31,60,60,,,,,,,,,,,19,02,yes,no,no,2025-07-14_14h23.31.760,EXNAT_4_TMS_Psychopy2024.2.5.psyexp,2024.2.5,2025-07-14 14h31.41.583675 +0200,
0,0,0,0,0,0,0,,,,,,,,,#D292F3,190.23707580566406,None,space,None,None,456.0565948486328,text_03,106,2,Reading_Baseline_main_click,None,Salon,31,0,31,60,60,,,,,,,,,,,19,02,yes,no,no,2025-07-14_14h23.31.760,EXNAT_4_TMS_Psychopy2024.2.5.psyexp,2024.2.5,2025-07-14 14h31.41.583675 +0200,
0,0,0,0,0,0,0,,,,,,,,,#F989A2,190.72949028015137,None,space,None,None,507.7791213989258,text_03,107,2,Reading_Baseline_main_click,None,ein.,31,0,31,60,60,,,,,,,,,,,19,02,yes,no,no,2025-07-14_14h23.31.760,EXNAT_4_TMS_Psychopy2024.2.5.psyexp,2024.2.5,2025-07-14 14h31.41.583675 +0200,
0,0,0,0,0,0,0,,,,,,,,,#D292F3,191.27372336387634,None,space,None,None,491.5122985839844,text_03,108,2,Reading_Baseline_main_click,None,Neben,31,0,31,60,60,,,,,,,,,,,19,02,yes,no,no,2025-07-14_14h23.31.760,EXNAT_4_TMS_Psychopy2024.2.5.psyexp,2024.2.5,2025-07-14 14h31.41.583675 +0200,
0,0,0,0,0,0,0,,,,,,,,,#D292F3,191.8049020767212,None,space,None,None,520.378828048706,text_03,109,2,Reading_Baseline_main_click,None,Einstein,31,0,31,60,60,,,,,,,,,,,19,02,yes,no,no,2025-07-14_14h23.31.760,EXNAT_4_TMS_Psychopy2024.2.5.psyexp,2024.2.5,2025-07-14 14h31.41.583675 +0200,
0,0,0,0,0,0,0,,,,,,,,,#2AB7EF,192.36550498008728,None,space,None,None,471.8143939971924,text_03,110,2,Reading_Baseline_main_click,None,gehörte,31,0,31,60,60,,,,,,,,,,,19,02,yes,no,no,2025-07-14_14h23.31.760,EXNAT_4_TMS_Psychopy2024.2.5.psyexp,2024.2.5,2025-07-14 14h31.41.583675 +0200,
0,0,0,0,0,0,0,,,,,,,,,#2AB7EF,192.87493062019348,None,space,None,None,458.2664966583252,text_03,111,2,Reading_Baseline_main_click,None,auch,32,0,32,60,60,193.30551958084106,,,,,,,,,,19,02,yes,no,no,2025-07-14_14h23.31.760,EXNAT_4_TMS_Psychopy2024.2.5.psyexp,2024.2.5,2025-07-14 14h31.41.583675 +0200,
0,0,0,0,0,0,0,,,,,,,,,#88BA3F,193.37188839912415,None,space,None,None,473.463773727417,text_03,112,2,Reading_Baseline_main_click,None,Franz,32,0,32,60,60,,,,,,,,,,,19,02,yes,no,no,2025-07-14_14h23.31.760,EXNAT_4_TMS_Psychopy2024.2.5.psyexp,2024.2.5,2025-07-14 14h31.41.583675 +0200,
0,0,0,0,0,0,0,,,,,,,,,#F989A2,193.8856692314148,None,space,None,None,423.6295223236084,text_03,113,2,Reading_Baseline_main_click,None,Kafka,32,0,32,60,60,,,,,,,,,,,19,02,yes,no,no,2025-07-14_14h23.31.760,EXNAT_4_TMS_Psychopy2024.2.5.psyexp,2024.2.5,2025-07-14 14h31.41.583675 +0200,
0,0,0,0,0,0,0,,,,,,,,,#2AB7EF,194.3506715297699,None,space,None,None,518.6197757720947,text_03,114,2,Reading_Baseline_main_click,None,dazu.,32,0,32,60,60,,,,,,,,,,,19,02,yes,no,no,2025-07-14_14h23.31.760,EXNAT_4_TMS_Psychopy2024.2.5.psyexp,2024.2.5,2025-07-14 14h31.41.583675 +0200,
0,0,0,0,0,0,0,,,,,,,,,#F989A2,194.908940076828,None,space,None,None,472.4292755126953,text_03,115,2,Reading_Baseline_main_click,None,Für,32,0,32,60,60,,,,,,,,,,,19,02,yes,no,no,2025-07-14_14h23.31.760,EXNAT_4_TMS_Psychopy2024.2.5.psyexp,2024.2.5,2025-07-14 14h31.41.583675 +0200,
0,0,0,0,0,0,0,,,,,,,,,#88BA3F,195.4216823577881,None,space,None,None,487.70904541015625,text_03,116,2,Reading_Baseline_main_click,None,Einstein,32,0,32,60,60,,,,,,,,,,,19,02,yes,no,no,2025-07-14_14h23.31.760,EXNAT_4_TMS_Psychopy2024.2.5.psyexp,2024.2.5,2025-07-14 14h31.41.583675 +0200,
0,0,0,0,0,0,0,,,,,,,,,#88BA3F,195.950434923172,None,space,None,None,486.87267303466797,text_03,117,2,Reading_Baseline_main_click,None,war,32,0,32,60,60,,,,,,,,,,,19,02,yes,no,no,2025-07-14_14h23.31.760,EXNAT_4_TMS_Psychopy2024.2.5.psyexp,2024.2.5,2025-07-14 14h31.41.583675 +0200,
0,0,0,0,0,0,0,,,,,,,,,#F989A2,196.47651624679565,None,space,None,None,456.8321704864502,text_03,118,2,Reading_Baseline_main_click,None,Fantova,32,0,32,60,60,,,,,,,,,,,19,02,yes,no,no,2025-07-14_14h23.31.760,EXNAT_4_TMS_Psychopy2024.2.5.psyexp,2024.2.5,2025-07-14 14h31.41.583675 +0200,
0,0,0,0,0,0,0,,,,,,,,,#D292F3,196.97274780273438,None,space,None,None,520.6267833709717,text_03,119,2,Reading_Baseline_main_click,None,eine,32,0,32,60,60,,,,,,,,,,,19,02,yes,no,no,2025-07-14_14h23.31.760,EXNAT_4_TMS_Psychopy2024.2.5.psyexp,2024.2.5,2025-07-14 14h31.41.583675 +0200,
0,0,0,0,0,0,0,,,,,,,,,#D292F3,197.5338649749756,None,space,None,None,471.59862518310547,text_03,120,2,Reading_Baseline_main_click,None,Teil,32,0,32,60,60,,,,,,,,,,,19,02,yes,no,no,2025-07-14_14h23.31.760,EXNAT_4_TMS_Psychopy2024.2.5.psyexp,2024.2.5,2025-07-14 14h31.41.583675 +0200,
0,0,0,0,0,0,0,,,,,,,,,#2AB7EF,198.04552960395813,None,space,None,None,551.7218112945557,text_03,121,2,Reading_Baseline_main_click,None,der,33,0,33,60,60,198.3055853843689,,,,,,,,,,19,02,yes,no,no,2025-07-14_14h23.31.760,EXNAT_4_TMS_Psychopy2024.2.5.psyexp,2024.2.5,2025-07-14 14h31.41.583675 +0200,
0,0,0,0,0,0,0,,,,,,,,,#D292F3,198.6346890926361,None,space,None,None,490.68593978881836,text_03,122,2,Reading_Baseline_main_click,None,alten,33,0,33,60,60,,,,,,,,,,,19,02,yes,no,no,2025-07-14_14h23.31.760,EXNAT_4_TMS_Psychopy2024.2.5.psyexp,2024.2.5,2025-07-14 14h31.41.583675 +0200,
0,0,0,0,0,0,0,,,,,,,,,#F989A2,199.16543316841125,None,space,None,None,535.7730388641357,text_03,123,2,Reading_Baseline_main_click,None,"Welt,",33,0,33,60,60,,,,,,,,,,,19,02,yes,no,no,2025-07-14_14h23.31.760,EXNAT_4_TMS_Psychopy2024.2.5.psyexp,2024.2.5,2025-07-14 14h31.41.583675 +0200,
0,0,0,0,0,0,0,,,,,,,,,#D292F3,199.737042427063,None,space,None,None,508.40234756469727,text_03,124,2,Reading_Baseline_main_click,None,die,33,0,33,60,60,,,,,,,,,,,19,02,yes,no,no,2025-07-14_14h23.31.760,EXNAT_4_TMS_Psychopy2024.2.5.psyexp,2024.2.5,2025-07-14 14h31.41.583675 +0200,
0,0,0,0,0,0,0,,,,,,,,,#F989A2,200.28346633911133,None,space,None,None,425.93979835510254,text_03,125,2,Reading_Baseline_main_click,None,er,33,0,33,60,60,,,,,,,,,,,19,02,yes,no,no,2025-07-14_14h23.31.760,EXNAT_4_TMS_Psychopy2024.2.5.psyexp,2024.2.5,2025-07-14 14h31.41.583675 +0200,
0,0,0,0,0,0,0,,,,,,,,,#D292F3,200.74830412864685,None,space,None,None,617.0518398284912,text_03,126,2,Reading_Baseline_main_click,None,vermisste.,33,0,33,60,60,,,,,,,,,,,19,02,yes,no,no,2025-07-14_14h23.31.760,EXNAT_4_TMS_Psychopy2024.2.5.psyexp,2024.2.5,2025-07-14 14h31.41.583675 +0200,
0,0,0,0,0,0,0,,,,,,,,,#2AB7EF,201.40236401557922,None,space,None,None,571.00510597229,text_03,127,2,Reading_Baseline_main_click,None,In,33,0,33,60,60,,,,,,,,,,,19,02,yes,no,no,2025-07-14_14h23.31.760,EXNAT_4_TMS_Psychopy2024.2.5.psyexp,2024.2.5,2025-07-14 14h31.41.583675 +0200,
0,0,0,0,0,0,0,,,,,,,,,#2AB7EF,202.01238250732422,None,space,None,None,504.98270988464355,text_03,128,2,Reading_Baseline_main_click,None,ihrem,33,0,33,60,60,,,,,,,,,,,19,02,yes,no,no,2025-07-14_14h23.31.760,EXNAT_4_TMS_Psychopy2024.2.5.psyexp,2024.2.5,2025-07-14 14h31.41.583675 +0200,
0,0,0,0,0,0,0,,,,,,,,,#2AB7EF,202.55648970603943,None,space,None,None,472.98145294189453,text_03,129,2,Reading_Baseline_main_click,None,Text,33,0,33,60,60,,,,,,,,,,,19,02,yes,no,no,2025-07-14_14h23.31.760,EXNAT_4_TMS_Psychopy2024.2.5.psyexp,2024.2.5,2025-07-14 14h31.41.583675 +0200,
0,0,0,0,0,0,0,,,,,,,,,#F989A2,203.06993961334229,None,space,None,None,503.33237648010254,text_03,130,2,Reading_Baseline_main_click,None,beschreibt,34,0,34,60,60,203.30551195144653,,,,,,,,,,19,02,yes,no,no,2025-07-14_14h23.31.760,EXNAT_4_TMS_Psychopy2024.2.5.psyexp,2024.2.5,2025-07-14 14h31.41.583675 +0200,
0,0,0,0,0,0,0,,,,,,,,,#88BA3F,203.61170434951782,None,space,None,None,473.590612411499,text_03,131,2,Reading_Baseline_main_click,None,sie,34,0,34,60,60,,,,,,,,,,,19,02,yes,no,no,2025-07-14_14h23.31.760,EXNAT_4_TMS_Psychopy2024.2.5.psyexp,2024.2.5,2025-07-14 14h31.41.583675 +0200,
0,0,0,0,0,0,0,,,,,,,,,#88BA3F,204.12253546714783,None,space,None,None,474.78723526000977,text_03,132,2,Reading_Baseline_main_click,None,ihn,34,0,34,60,60,,,,,,,,,,,19,02,yes,no,no,2025-07-14_14h23.31.760,EXNAT_4_TMS_Psychopy2024.2.5.psyexp,2024.2.5,2025-07-14 14h31.41.583675 +0200,
0,0,0,0,0,0,0,,,,,,,,,#88BA3F,204.63744735717773,None,space,None,None,519.9301242828369,text_03,133,2,Reading_Baseline_main_click,None,als,34,0,34,60,60,,,,,,,,,,,19,02,yes,no,no,2025-07-14_14h23.31.760,EXNAT_4_TMS_Psychopy2024.2.5.psyexp,2024.2.5,2025-07-14 14h31.41.583675 +0200,
0,0,0,0,0,0,0,,,,,,,,,#88BA3F,205.197820186615,None,space,None,None,679.6143054962158,text_03,134,2,Reading_Baseline_main_click,None,"zurückgezogen,",34,0,34,60,60,,,,,,,,,,,19,02,yes,no,no,2025-07-14_14h23.31.760,EXNAT_4_TMS_Psychopy2024.2.5.psyexp,2024.2.5,2025-07-14 14h31.41.583675 +0200,
0,0,0,0,0,0,0,,,,,,,,,#2AB7EF,205.91603660583496,None,space,None,None,505.340576171875,text_03,135,2,Reading_Baseline_main_click,None,aber,34,0,34,60,60,,,,,,,,,,,19,02,yes,no,no,2025-07-14_14h23.31.760,EXNAT_4_TMS_Psychopy2024.2.5.psyexp,2024.2.5,2025-07-14 14h31.41.583675 +0200,
0,0,0,0,0,0,0,,,,,,,,,#F989A2,206.46009063720703,None,space,None,None,537.2974872589111,text_03,136,2,Reading_Baseline_main_click,None,herzlich.,34,0,34,60,60,,,,,,,,,,,19,02,yes,no,no,2025-07-14_14h23.31.760,EXNAT_4_TMS_Psychopy2024.2.5.psyexp,2024.2.5,2025-07-14 14h31.41.583675 +0200,
0,0,0,0,0,0,0,,,,,,,,,#D292F3,207.03838419914246,None,space,None,None,534.9063873291016,text_03,137,2,Reading_Baseline_main_click,None,Besonders,34,0,34,60,60,,,,,,,,,,,19,02,yes,no,no,2025-07-14_14h23.31.760,EXNAT_4_TMS_Psychopy2024.2.5.psyexp,2024.2.5,2025-07-14 14h31.41.583675 +0200,
0,0,0,0,0,0,0,,,,,,,,,#D292F3,207.61176586151123,None,space,None,None,489.6063804626465,text_03,138,2,Reading_Baseline_main_click,None,bewegend,34,0,34,60,60,,,,,,,,,,,19,02,yes,no,no,2025-07-14_14h23.31.760,EXNAT_4_TMS_Psychopy2024.2.5.psyexp,2024.2.5,2025-07-14 14h31.41.583675 +0200,
0,0,0,0,0,0,0,,,,,,,,,#F989A2,208.14114570617676,None,space,None,None,456.1755657196045,text_03,139,2,Reading_Baseline_main_click,None,"war,",35,0,35,60,60,208.30553650856018,,,,,,,,,,19,02,yes,no,no,2025-07-14_14h23.31.760,EXNAT_4_TMS_Psychopy2024.2.5.psyexp,2024.2.5,2025-07-14 14h31.41.583675 +0200,
0,0,0,0,0,0,0,,,,,,,,,#88BA3F,208.6385097503662,None,space,None,None,502.6559829711914,text_03,140,2,Reading_Baseline_main_click,None,wie,35,0,35,60,60,,,,,,,,,,,19,02,yes,no,no,2025-07-14_14h23.31.760,EXNAT_4_TMS_Psychopy2024.2.5.psyexp,2024.2.5,2025-07-14 14h31.41.583675 +0200,
0,0,0,0,0,0,0,,,,,,,,,#F989A2,209.1781849861145,None,space,None,None,491.1792278289795,text_03,141,2,Reading_Baseline_main_click,None,Einstein,35,0,35,60,60,,,,,,,,,,,19,02,yes,no,no,2025-07-14_14h23.31.760,EXNAT_4_TMS_Psychopy2024.2.5.psyexp,2024.2.5,2025-07-14 14h31.41.583675 +0200,
0,0,0,0,0,0,0,,,,,,,,,#2AB7EF,209.70849895477295,None,space,None,None,488.86871337890625,text_03,142,2,Reading_Baseline_main_click,None,"versuchte,",35,0,35,60,60,,,,,,,,,,,19,02,yes,no,no,2025-07-14_14h23.31.760,EXNAT_4_TMS_Psychopy2024.2.5.psyexp,2024.2.5,2025-07-14 14h31.41.583675 +0200,
0,0,0,0,0,0,0,,,,,,,,,#2AB7EF,210.23736906051636,None,space,None,None,487.95604705810547,text_03,143,2,Reading_Baseline_main_click,None,seinen,35,0,35,60,60,,,,,,,,,,,19,02,yes,no,no,2025-07-14_14h23.31.760,EXNAT_4_TMS_Psychopy2024.2.5.psyexp,2024.2.5,2025-07-14 14h31.41.583675 +0200,
0,0,0,0,0,0,0,,,,,,,,,#D292F3,210.76301074028015,None,space,None,None,474.4107723236084,text_03,144,2,Reading_Baseline_main_click,None,traurigen,35,0,35,60,60,,,,,,,,,,,19,02,yes,no,no,2025-07-14_14h23.31.760,EXNAT_4_TMS_Psychopy2024.2.5.psyexp,2024.2.5,2025-07-14 14h31.41.583675 +0200,
0,0,0,0,0,0,0,,,,,,,,,#88BA3F,211.277086019516,None,space,None,None,472.11146354675293,text_03,145,2,Reading_Baseline_main_click,None,Papagei,35,0,35,60,60,,,,,,,,,,,19,02,yes,no,no,2025-07-14_14h23.31.760,EXNAT_4_TMS_Psychopy2024.2.5.psyexp,2024.2.5,2025-07-14 14h31.41.583675 +0200,
0,0,0,0,0,0,0,,,,,,,,,#D292F3,211.78960919380188,None,space,None,None,503.73220443725586,text_03,146,2,Reading_Baseline_main_click,None,Bibo,35,0,35,60,60,,,,,,,,,,,19,02,yes,no,no,2025-07-14_14h23.31.760,EXNAT_4_TMS_Psychopy2024.2.5.psyexp,2024.2.5,2025-07-14 14h31.41.583675 +0200,
0,0,0,0,0,0,0,,,,,,,,,#F989A2,212.33150219917297,None,space,None,None,537.6815795898438,text_03,147,2,Reading_Baseline_main_click,None,mit,35,0,35,60,60,,,,,,,,,,,19,02,yes,no,no,2025-07-14_14h23.31.760,EXNAT_4_TMS_Psychopy2024.2.5.psyexp,2024.2.5,2025-07-14 14h31.41.583675 +0200,
0,0,0,0,0,0,0,,,,,,,,,#2AB7EF,212.90922045707703,None,space,None,None,488.1300926208496,text_03,148,2,Reading_Baseline_main_click,None,Scherzen,36,0,36,60,60,213.30555844306946,,,,,,,,,,19,02,yes,no,no,2025-07-14_14h23.31.760,EXNAT_4_TMS_Psychopy2024.2.5.psyexp,2024.2.5,2025-07-14 14h31.41.583675 +0200,
0,0,0,0,0,0,0,,,,,,,,,#88BA3F,213.43799018859863,None,space,None,None,455.43432235717773,text_03,149,2,Reading_Baseline_main_click,None,zu,36,0,36,60,60,,,,,,,,,,,19,02,yes,no,no,2025-07-14_14h23.31.760,EXNAT_4_TMS_Psychopy2024.2.5.psyexp,2024.2.5,2025-07-14 14h31.41.583675 +0200,
0,0,0,0,0,0,0,,,,,,,,,#2AB7EF,213.9338219165802,None,space,None,None,471.41075134277344,text_03,150,2,Reading_Baseline_main_click,None,trösten.,36,0,36,60,60,,,,,,,,,,,19,02,yes,no,no,2025-07-14_14h23.31.760,EXNAT_4_TMS_Psychopy2024.2.5.psyexp,2024.2.5,2025-07-14 14h31.41.583675 +0200,
0,0,0,0,0,0,0,,,,,,,,,,214.45519304275513,,4,,,,text_03,,2,Reading_Baseline_main_click,,,,,,,,,Q1,d,True,,,,,,,19,02,yes,no,no,2025-07-14_14h23.31.760,EXNAT_4_TMS_Psychopy2024.2.5.psyexp,2024.2.5,2025-07-14 14h31.41.583675 +0200,
0,0,0,0,0,0,0,,,,,,,,,,219.67402338981628,,1,,,,text_03,,2,Reading_Baseline_main_click,,,,,,,,,Q2,a,True,,,,,,,19,02,yes,no,no,2025-07-14_14h23.31.760,EXNAT_4_TMS_Psychopy2024.2.5.psyexp,2024.2.5,2025-07-14 14h31.41.583675 +0200,
0,0,0,0,0,0,0,,,,,,,,,,224.95699667930603,,1,,,,text_03,,2,Reading_Baseline_main_click,,,,,,,,,Q3,a,True,,,,,,,19,02,yes,no,no,2025-07-14_14h23.31.760,EXNAT_4_TMS_Psychopy2024.2.5.psyexp,2024.2.5,2025-07-14 14h31.41.583675 +0200,
0,0,0,0,0,0,0,,,,,,,,,#D292F3,231.0923113822937,None,space,None,None,1345.1037406921387,text_01,1,3,Reading_Baseline_main_click,None,Der,36,0,36,60,60,,,,,,,,,,,19,02,yes,no,no,2025-07-14_14h23.31.760,EXNAT_4_TMS_Psychopy2024.2.5.psyexp,2024.2.5,2025-07-14 14h31.41.583675 +0200,
0,0,0,0,0,0,0,,,,,,,,,#88BA3F,232.47498416900635,None,space,None,None,1130.2490234375,text_01,2,3,Reading_Baseline_main_click,None,Anblick,37,0,37,60,60,232.5375692844391,,,,,,,,,,19,02,yes,no,no,2025-07-14_14h23.31.760,EXNAT_4_TMS_Psychopy2024.2.5.psyexp,2024.2.5,2025-07-14 14h31.41.583675 +0200,
0,0,0,0,0,0,0,,,,,,,,,#F989A2,233.64310550689697,None,space,None,None,442.22259521484375,text_01,3,3,Reading_Baseline_main_click,None,der,37,0,37,60,60,,,,,,,,,,,19,02,yes,no,no,2025-07-14_14h23.31.760,EXNAT_4_TMS_Psychopy2024.2.5.psyexp,2024.2.5,2025-07-14 14h31.41.583675 +0200,
0,0,0,0,0,0,0,,,,,,,,,#2AB7EF,234.12605118751526,None,space,None,None,423.3686923980713,text_01,4,3,Reading_Baseline_main_click,None,Tiere,37,0,37,60,60,,,,,,,,,,,19,02,yes,no,no,2025-07-14_14h23.31.760,EXNAT_4_TMS_Psychopy2024.2.5.psyexp,2024.2.5,2025-07-14 14h31.41.583675 +0200,
0,0,0,0,0,0,0,,,,,,,,,#2AB7EF,234.5899932384491,None,space,None,None,807.4362277984619,text_01,5,3,Reading_Baseline_main_click,None,jagte,37,0,37,60,60,,,,,,,,,,,19,02,yes,no,no,2025-07-14_14h23.31.760,EXNAT_4_TMS_Psychopy2024.2.5.psyexp,2024.2.5,2025-07-14 14h31.41.583675 +0200,
0,0,0,0,0,0,0,,,,,,,,,#2AB7EF,235.43844199180603,None,space,None,None,487.00404167175293,text_01,6,3,Reading_Baseline_main_click,None,Seeleuten,37,0,37,60,60,,,,,,,,,,,19,02,yes,no,no,2025-07-14_14h23.31.760,EXNAT_4_TMS_Psychopy2024.2.5.psyexp,2024.2.5,2025-07-14 14h31.41.583675 +0200,
0,0,0,0,0,0,0,,,,,,,,,#88BA3F,235.96842312812805,None,space,None,None,613.0268573760986,text_01,7,3,Reading_Baseline_main_click,None,vergangener,37,0,37,60,60,,,,,,,,,,,19,02,yes,no,no,2025-07-14_14h23.31.760,EXNAT_4_TMS_Psychopy2024.2.5.psyexp,2024.2.5,2025-07-14 14h31.41.583675 +0200,
0,0,0,0,0,0,0,,,,,,,,,#D292F3,236.62374687194824,None,space,None,None,517.6856517791748,text_01,8,3,Reading_Baseline_main_click,None,Jahrhunderte,37,0,37,60,60,,,,,,,,,,,19,02,yes,no,no,2025-07-14_14h23.31.760,EXNAT_4_TMS_Psychopy2024.2.5.psyexp,2024.2.5,2025-07-14 14h31.41.583675 +0200,
0,0,0,0,0,0,0,,,,,,,,,#F989A2,237.18106603622437,None,space,None,None,520.3742980957031,text_01,9,3,Reading_Baseline_main_click,None,zurecht,38,0,38,60,60,237.53751254081726,,,,,,,,,,19,02,yes,no,no,2025-07-14_14h23.31.760,EXNAT_4_TMS_Psychopy2024.2.5.psyexp,2024.2.5,2025-07-14 14h31.41.583675 +0200,
0,0,0,0,0,0,0,,,,,,,,,#88BA3F,237.74195313453674,None,space,None,None,455.54637908935547,text_01,10,3,Reading_Baseline_main_click,None,Angst,38,0,38,60,60,,,,,,,,,,,19,02,yes,no,no,2025-07-14_14h23.31.760,EXNAT_4_TMS_Psychopy2024.2.5.psyexp,2024.2.5,2025-07-14 14h31.41.583675 +0200,
0,0,0,0,0,0,0,,,,,,,,,#D292F3,238.23727369308472,None,space,None,None,471.9724655151367,text_01,11,3,Reading_Baseline_main_click,None,ein.,38,0,38,60,60,,,,,,,,,,,19,02,yes,no,no,2025-07-14_14h23.31.760,EXNAT_4_TMS_Psychopy2024.2.5.psyexp,2024.2.5,2025-07-14 14h31.41.583675 +0200,
0,0,0,0,0,0,0,,,,,,,,,#F989A2,238.74951362609863,None,space,None,None,887.937068939209,text_01,12,3,Reading_Baseline_main_click,None,Vor,38,0,38,60,60,,,,,,,,,,,19,02,yes,no,no,2025-07-14_14h23.31.760,EXNAT_4_TMS_Psychopy2024.2.5.psyexp,2024.2.5,2025-07-14 14h31.41.583675 +0200,
0,0,0,0,0,0,0,,,,,,,,,#88BA3F,239.67439436912537,None,space,None,None,747.1001148223877,text_01,13,3,Reading_Baseline_main_click,None,der,38,0,38,60,60,,,,,,,,,,,19,02,yes,no,no,2025-07-14_14h23.31.760,EXNAT_4_TMS_Psychopy2024.2.5.psyexp,2024.2.5,2025-07-14 14h31.41.583675 +0200,
0,0,0,0,0,0,0,,,,,,,,,#2AB7EF,240.46245336532593,None,space,None,None,486.9978427886963,text_01,14,3,Reading_Baseline_main_click,None,Küste,38,0,38,60,60,,,,,,,,,,,19,02,yes,no,no,2025-07-14_14h23.31.760,EXNAT_4_TMS_Psychopy2024.2.5.psyexp,2024.2.5,2025-07-14 14h31.41.583675 +0200,
0,0,0,0,0,0,0,,,,,,,,,#D292F3,240.98867535591125,None,space,None,None,488.50464820861816,text_01,15,3,Reading_Baseline_main_click,None,Chiles,38,0,38,60,60,,,,,,,,,,,19,02,yes,no,no,2025-07-14_14h23.31.760,EXNAT_4_TMS_Psychopy2024.2.5.psyexp,2024.2.5,2025-07-14 14h31.41.583675 +0200,
0,0,0,0,0,0,0,,,,,,,,,#2AB7EF,241.5189869403839,None,space,None,None,502.49648094177246,text_01,16,3,Reading_Baseline_main_click,None,tauchen,38,0,38,60,60,,,,,,,,,,,19,02,yes,no,no,2025-07-14_14h23.31.760,EXNAT_4_TMS_Psychopy2024.2.5.psyexp,2024.2.5,2025-07-14 14h31.41.583675 +0200,
0,0,0,0,0,0,0,,,,,,,,,#88BA3F,242.06081986427307,None,space,None,None,488.5430335998535,text_01,17,3,Reading_Baseline_main_click,None,derzeit,39,0,39,60,60,242.53751730918884,,,,,,,,,,19,02,yes,no,no,2025-07-14_14h23.31.760,EXNAT_4_TMS_Psychopy2024.2.5.psyexp,2024.2.5,2025-07-14 14h31.41.583675 +0200,
0,0,0,0,0,0,0,,,,,,,,,#D292F3,242.58788013458252,None,space,None,None,521.282434463501,text_01,18,3,Reading_Baseline_main_click,None,ungewöhnlich,39,0,39,60,60,,,,,,,,,,,19,02,yes,no,no,2025-07-14_14h23.31.760,EXNAT_4_TMS_Psychopy2024.2.5.psyexp,2024.2.5,2025-07-14 14h31.41.583675 +0200,
0,0,0,0,0,0,0,,,,,,,,,#F989A2,243.148423910141,None,space,None,None,584.9349498748779,text_01,19,3,Reading_Baseline_main_click,None,viele,39,0,39,60,60,,,,,,,,,,,19,02,yes,no,no,2025-07-14_14h23.31.760,EXNAT_4_TMS_Psychopy2024.2.5.psyexp,2024.2.5,2025-07-14 14h31.41.583675 +0200,
0,0,0,0,0,0,0,,,,,,,,,#2AB7EF,243.77405309677124,None,space,None,None,599.370002746582,text_01,20,3,Reading_Baseline_main_click,None,große,39,0,39,60,60,,,,,,,,,,,19,02,yes,no,no,2025-07-14_14h23.31.760,EXNAT_4_TMS_Psychopy2024.2.5.psyexp,2024.2.5,2025-07-14 14h31.41.583675 +0200,
0,0,0,0,0,0,0,,,,,,,,,#D292F3,244.4126102924347,None,space,None,None,520.7655429840088,text_01,21,3,Reading_Baseline_main_click,None,Kalmare,39,0,39,60,60,,,,,,,,,,,19,02,yes,no,no,2025-07-14_14h23.31.760,EXNAT_4_TMS_Psychopy2024.2.5.psyexp,2024.2.5,2025-07-14 14h31.41.583675 +0200,
0,0,0,0,0,0,0,,,,,,,,,#F989A2,244.97305059432983,None,space,None,None,520.3866958618164,text_01,22,3,Reading_Baseline_main_click,None,auf.,39,0,39,60,60,,,,,,,,,,,19,02,yes,no,no,2025-07-14_14h23.31.760,EXNAT_4_TMS_Psychopy2024.2.5.psyexp,2024.2.5,2025-07-14 14h31.41.583675 +0200,
0,0,0,0,0,0,0,,,,,,,,,#88BA3F,245.5352966785431,None,space,None,None,998.1114864349365,text_01,23,3,Reading_Baseline_main_click,None,Normalerweise,39,0,39,60,60,,,,,,,,,,,19,02,yes,no,no,2025-07-14_14h23.31.760,EXNAT_4_TMS_Psychopy2024.2.5.psyexp,2024.2.5,2025-07-14 14h31.41.583675 +0200,
0,0,0,0,0,0,0,,,,,,,,,#88BA3F,246.5728690624237,None,space,None,None,648.5624313354492,text_01,24,3,Reading_Baseline_main_click,None,leben,39,0,39,60,60,,,,,,,,,,,19,02,yes,no,no,2025-07-14_14h23.31.760,EXNAT_4_TMS_Psychopy2024.2.5.psyexp,2024.2.5,2025-07-14 14h31.41.583675 +0200,
0,0,0,0,0,0,0,,,,,,,,,#2AB7EF,247.26124358177185,None,space,None,None,632.1225166320801,text_01,25,3,Reading_Baseline_main_click,None,sie,40,0,40,60,60,247.53746342658997,,,,,,,,,,19,02,yes,no,no,2025-07-14_14h23.31.760,EXNAT_4_TMS_Psychopy2024.2.5.psyexp,2024.2.5,2025-07-14 14h31.41.583675 +0200,
0,0,0,0,0,0,0,,,,,,,,,#88BA3F,247.9318392276764,None,space,None,None,425.6174564361572,text_01,26,3,Reading_Baseline_main_click,None,im,40,0,40,60,60,,,,,,,,,,,19,02,yes,no,no,2025-07-14_14h23.31.760,EXNAT_4_TMS_Psychopy2024.2.5.psyexp,2024.2.5,2025-07-14 14h31.41.583675 +0200,
0,0,0,0,0,0,0,,,,,,,,,#D292F3,248.39851927757263,None,space,None,None,486.9108200073242,text_01,27,3,Reading_Baseline_main_click,None,offenen,40,0,40,60,60,,,,,,,,,,,19,02,yes,no,no,2025-07-14_14h23.31.760,EXNAT_4_TMS_Psychopy2024.2.5.psyexp,2024.2.5,2025-07-14 14h31.41.583675 +0200,
0,0,0,0,0,0,0,,,,,,,,,#F989A2,248.9234812259674,None,space,None,None,425.94146728515625,text_01,28,3,Reading_Baseline_main_click,None,Meer,40,0,40,60,60,,,,,,,,,,,19,02,yes,no,no,2025-07-14_14h23.31.760,EXNAT_4_TMS_Psychopy2024.2.5.psyexp,2024.2.5,2025-07-14 14h31.41.583675 +0200,
0,0,0,0,0,0,0,,,,,,,,,#D292F3,249.38923454284668,None,space,None,None,440.00887870788574,text_01,29,3,Reading_Baseline_main_click,None,und,40,0,40,60,60,,,,,,,,,,,19,02,yes,no,no,2025-07-14_14h23.31.760,EXNAT_4_TMS_Psychopy2024.2.5.psyexp,2024.2.5,2025-07-14 14h31.41.583675 +0200,
0,0,0,0,0,0,0,,,,,,,,,#88BA3F,249.8649263381958,None,space,None,None,460.3252410888672,text_01,30,3,Reading_Baseline_main_click,None,sind,40,0,40,60,60,,,,,,,,,,,19,02,yes,no,no,2025-07-14_14h23.31.760,EXNAT_4_TMS_Psychopy2024.2.5.psyexp,2024.2.5,2025-07-14 14h31.41.583675 +0200,
0,0,0,0,0,0,0,,,,,,,,,#2AB7EF,250.36473178863525,None,space,None,None,440.71269035339355,text_01,31,3,Reading_Baseline_main_click,None,nur,40,0,40,60,60,,,,,,,,,,,19,02,yes,no,no,2025-07-14_14h23.31.760,EXNAT_4_TMS_Psychopy2024.2.5.psyexp,2024.2.5,2025-07-14 14h31.41.583675 +0200,
0,0,0,0,0,0,0,,,,,,,,,#D292F3,250.84317541122437,None,space,None,None,394.3638801574707,text_01,32,3,Reading_Baseline_main_click,None,nachts,40,0,40,60,60,,,,,,,,,,,19,02,yes,no,no,2025-07-14_14h23.31.760,EXNAT_4_TMS_Psychopy2024.2.5.psyexp,2024.2.5,2025-07-14 14h31.41.583675 +0200,
0,0,0,0,0,0,0,,,,,,,,,#2AB7EF,251.2781138420105,None,space,None,None,471.36473655700684,text_01,33,3,Reading_Baseline_main_click,None,aktiv.,40,0,40,60,60,,,,,,,,,,,19,02,yes,no,no,2025-07-14_14h23.31.760,EXNAT_4_TMS_Psychopy2024.2.5.psyexp,2024.2.5,2025-07-14 14h31.41.583675 +0200,
0,0,0,0,0,0,0,,,,,,,,,#88BA3F,251.79010581970215,None,space,None,None,503.36670875549316,text_01,34,3,Reading_Baseline_main_click,None,Jetzt,40,0,40,60,60,,,,,,,,,,,19,02,yes,no,no,2025-07-14_14h23.31.760,EXNAT_4_TMS_Psychopy2024.2.5.psyexp,2024.2.5,2025-07-14 14h31.41.583675 +0200,
0,0,0,0,0,0,0,,,,,,,,,#F989A2,252.33472442626953,None,space,None,None,486.53268814086914,text_01,35,3,Reading_Baseline_main_click,None,aber,41,0,41,60,60,252.53753304481506,,,,,,,,,,19,02,yes,no,no,2025-07-14_14h23.31.760,EXNAT_4_TMS_Psychopy2024.2.5.psyexp,2024.2.5,2025-07-14 14h31.41.583675 +0200,
0,0,0,0,0,0,0,,,,,,,,,#F989A2,252.8603799343109,None,space,None,None,456.94851875305176,text_01,36,3,Reading_Baseline_main_click,None,jagen,41,0,41,60,60,,,,,,,,,,,19,02,yes,no,no,2025-07-14_14h23.31.760,EXNAT_4_TMS_Psychopy2024.2.5.psyexp,2024.2.5,2025-07-14 14h31.41.583675 +0200,
0,0,0,0,0,0,0,,,,,,,,,#2AB7EF,253.3584761619568,None,space,None,None,439.007043838501,text_01,37,3,Reading_Baseline_main_click,None,sie,41,0,41,60,60,,,,,,,,,,,19,02,yes,no,no,2025-07-14_14h23.31.760,EXNAT_4_TMS_Psychopy2024.2.5.psyexp,2024.2.5,2025-07-14 14h31.41.583675 +0200,
0,0,0,0,0,0,0,,,,,,,,,#F989A2,253.8377707004547,None,space,None,None,519.6540355682373,text_01,38,3,Reading_Baseline_main_click,None,auch,41,0,41,60,60,,,,,,,,,,,19,02,yes,no,no,2025-07-14_14h23.31.760,EXNAT_4_TMS_Psychopy2024.2.5.psyexp,2024.2.5,2025-07-14 14h31.41.583675 +0200,
0,0,0,0,0,0,0,,,,,,,,,#F989A2,254.39692878723145,None,space,None,None,552.4957180023193,text_01,39,3,Reading_Baseline_main_click,None,tagsüber,41,0,41,60,60,,,,,,,,,,,19,02,yes,no,no,2025-07-14_14h23.31.760,EXNAT_4_TMS_Psychopy2024.2.5.psyexp,2024.2.5,2025-07-14 14h31.41.583675 +0200,
0,0,0,0,0,0,0,,,,,,,,,#88BA3F,254.98912739753723,None,space,None,None,536.2999439239502,text_01,40,3,Reading_Baseline_main_click,None,in,41,0,41,60,60,,,,,,,,,,,19,02,yes,no,no,2025-07-14_14h23.31.760,EXNAT_4_TMS_Psychopy2024.2.5.psyexp,2024.2.5,2025-07-14 14h31.41.583675 +0200,
0,0,0,0,0,0,0,,,,,,,,,#2AB7EF,255.5668842792511,None,space,None,None,502.61640548706055,text_01,41,3,Reading_Baseline_main_click,None,flachen,41,0,41,60,60,,,,,,,,,,,19,02,yes,no,no,2025-07-14_14h23.31.760,EXNAT_4_TMS_Psychopy2024.2.5.psyexp,2024.2.5,2025-07-14 14h31.41.583675 +0200,
0,0,0,0,0,0,0,,,,,,,,,#D292F3,256.11064076423645,None,space,None,None,470.68142890930176,text_01,42,3,Reading_Baseline_main_click,None,Gewässern,41,0,41,60,60,,,,,,,,,,,19,02,yes,no,no,2025-07-14_14h23.31.760,EXNAT_4_TMS_Psychopy2024.2.5.psyexp,2024.2.5,2025-07-14 14h31.41.583675 +0200,
0,0,0,0,0,0,0,,,,,,,,,#F989A2,256.62100052833557,None,space,None,None,504.2223930358887,text_01,43,3,Reading_Baseline_main_click,None,sehr,41,0,41,60,60,,,,,,,,,,,19,02,yes,no,no,2025-07-14_14h23.31.760,EXNAT_4_TMS_Psychopy2024.2.5.psyexp,2024.2.5,2025-07-14 14h31.41.583675 +0200,
0,0,0,0,0,0,0,,,,,,,,,#2AB7EF,257.16196727752686,None,space,None,None,555.570125579834,text_01,44,3,Reading_Baseline_main_click,None,zum,42,0,42,60,60,257.53756976127625,,,,,,,,,,19,02,yes,no,no,2025-07-14_14h23.31.760,EXNAT_4_TMS_Psychopy2024.2.5.psyexp,2024.2.5,2025-07-14 14h31.41.583675 +0200,
0,0,0,0,0,0,0,,,,,,,,,#88BA3F,257.7577316761017,None,space,None,None,631.9153308868408,text_01,45,3,Reading_Baseline_main_click,None,Ärger,42,0,42,60,60,,,,,,,,,,,19,02,yes,no,no,2025-07-14_14h23.31.760,EXNAT_4_TMS_Psychopy2024.2.5.psyexp,2024.2.5,2025-07-14 14h31.41.583675 +0200,
0,0,0,0,0,0,0,,,,,,,,,#D292F3,258.42897939682007,None,space,None,None,520.4527378082275,text_01,46,3,Reading_Baseline_main_click,None,der,42,0,42,60,60,,,,,,,,,,,19,02,yes,no,no,2025-07-14_14h23.31.760,EXNAT_4_TMS_Psychopy2024.2.5.psyexp,2024.2.5,2025-07-14 14h31.41.583675 +0200,
0,0,0,0,0,0,0,,,,,,,,,#D292F3,258.98933815956116,None,space,None,None,600.1708507537842,text_01,47,3,Reading_Baseline_main_click,None,Fischer.,42,0,42,60,60,,,,,,,,,,,19,02,yes,no,no,2025-07-14_14h23.31.760,EXNAT_4_TMS_Psychopy2024.2.5.psyexp,2024.2.5,2025-07-14 14h31.41.583675 +0200,
0,0,0,0,0,0,0,,,,,,,,,#88BA3F,259.62949323654175,None,space,None,None,599.973201751709,text_01,48,3,Reading_Baseline_main_click,None,Die,42,0,42,60,60,,,,,,,,,,,19,02,yes,no,no,2025-07-14_14h23.31.760,EXNAT_4_TMS_Psychopy2024.2.5.psyexp,2024.2.5,2025-07-14 14h31.41.583675 +0200,
0,0,0,0,0,0,0,,,,,,,,,#D292F3,260.27037048339844,None,space,None,None,566.9183731079102,text_01,49,3,Reading_Baseline_main_click,None,Kalmare,42,0,42,60,60,,,,,,,,,,,19,02,yes,no,no,2025-07-14_14h23.31.760,EXNAT_4_TMS_Psychopy2024.2.5.psyexp,2024.2.5,2025-07-14 14h31.41.583675 +0200,
0,0,0,0,0,0,0,,,,,,,,,#F989A2,260.87769865989685,None,space,None,None,503.77511978149414,text_01,50,3,Reading_Baseline_main_click,None,fressen,42,0,42,60,60,,,,,,,,,,,19,02,yes,no,no,2025-07-14_14h23.31.760,EXNAT_4_TMS_Psychopy2024.2.5.psyexp,2024.2.5,2025-07-14 14h31.41.583675 +0200,
0,0,0,0,0,0,0,,,,,,,,,#2AB7EF,261.4202244281769,None,space,None,None,441.27798080444336,text_01,51,3,Reading_Baseline_main_click,None,große,42,0,42,60,60,,,,,,,,,,,19,02,yes,no,no,2025-07-14_14h23.31.760,EXNAT_4_TMS_Psychopy2024.2.5.psyexp,2024.2.5,2025-07-14 14h31.41.583675 +0200,
0,0,0,0,0,0,0,,,,,,,,,#2AB7EF,261.9023997783661,None,space,None,None,486.9661331176758,text_01,52,3,Reading_Baseline_main_click,None,Mengen,42,0,42,60,60,,,,,,,,,,,19,02,yes,no,no,2025-07-14_14h23.31.760,EXNAT_4_TMS_Psychopy2024.2.5.psyexp,2024.2.5,2025-07-14 14h31.41.583675 +0200,
0,0,0,0,0,0,0,,,,,,,,,#88BA3F,262.42731499671936,None,space,None,None,490.0364875793457,text_01,53,3,Reading_Baseline_main_click,None,an,43,0,43,60,60,262.5375669002533,,,,,,,,,,19,02,yes,no,no,2025-07-14_14h23.31.760,EXNAT_4_TMS_Psychopy2024.2.5.psyexp,2024.2.5,2025-07-14 14h31.41.583675 +0200,
0,0,0,0,0,0,0,,,,,,,,,#D292F3,262.95618057250977,None,space,None,None,457.2334289550781,text_01,54,3,Reading_Baseline_main_click,None,Sardinen,43,0,43,60,60,,,,,,,,,,,19,02,yes,no,no,2025-07-14_14h23.31.760,EXNAT_4_TMS_Psychopy2024.2.5.psyexp,2024.2.5,2025-07-14 14h31.41.583675 +0200,
0,0,0,0,0,0,0,,,,,,,,,#2AB7EF,263.454612493515,None,space,None,None,550.727367401123,text_01,55,3,Reading_Baseline_main_click,None,Sardellen,43,0,43,60,60,,,,,,,,,,,19,02,yes,no,no,2025-07-14_14h23.31.760,EXNAT_4_TMS_Psychopy2024.2.5.psyexp,2024.2.5,2025-07-14 14h31.41.583675 +0200,
0,0,0,0,0,0,0,,,,,,,,,#88BA3F,264.04329013824463,None,space,None,None,666.1324501037598,text_01,56,3,Reading_Baseline_main_click,None,und,43,0,43,60,60,,,,,,,,,,,19,02,yes,no,no,2025-07-14_14h23.31.760,EXNAT_4_TMS_Psychopy2024.2.5.psyexp,2024.2.5,2025-07-14 14h31.41.583675 +0200,
0,0,0,0,0,0,0,,,,,,,,,#F989A2,264.7520442008972,None,space,None,None,677.4044036865234,text_01,57,3,Reading_Baseline_main_click,None,Hechten.,43,0,43,60,60,,,,,,,,,,,19,02,yes,no,no,2025-07-14_14h23.31.760,EXNAT_4_TMS_Psychopy2024.2.5.psyexp,2024.2.5,2025-07-14 14h31.41.583675 +0200,
0,0,0,0,0,0,0,,,,,,,,,#88BA3F,265.4692392349243,None,space,None,None,600.2805233001709,text_01,58,3,Reading_Baseline_main_click,None,Der,43,0,43,60,60,,,,,,,,,,,19,02,yes,no,no,2025-07-14_14h23.31.760,EXNAT_4_TMS_Psychopy2024.2.5.psyexp,2024.2.5,2025-07-14 14h31.41.583675 +0200,
0,0,0,0,0,0,0,,,,,,,,,#F989A2,266.11000752449036,None,space,None,None,791.4271354675293,text_01,59,3,Reading_Baseline_main_click,None,Grund,43,0,43,60,60,,,,,,,,,,,19,02,yes,no,no,2025-07-14_14h23.31.760,EXNAT_4_TMS_Psychopy2024.2.5.psyexp,2024.2.5,2025-07-14 14h31.41.583675 +0200,
0,0,0,0,0,0,0,,,,,,,,,#D292F3,266.93945240974426,None,space,None,None,425.9922504425049,text_01,60,3,Reading_Baseline_main_click,None,für,43,0,43,60,60,,,,,,,,,,,19,02,yes,no,no,2025-07-14_14h23.31.760,EXNAT_4_TMS_Psychopy2024.2.5.psyexp,2024.2.5,2025-07-14 14h31.41.583675 +0200,
0,0,0,0,0,0,0,,,,,,,,,#88BA3F,267.40530920028687,None,space,None,None,456.0813903808594,text_01,61,3,Reading_Baseline_main_click,None,ihr,44,0,44,60,60,267.5375738143921,,,,,,,,,,19,02,yes,no,no,2025-07-14_14h23.31.760,EXNAT_4_TMS_Psychopy2024.2.5.psyexp,2024.2.5,2025-07-14 14h31.41.583675 +0200,
0,0,0,0,0,0,0,,,,,,,,,#2AB7EF,267.9022262096405,None,space,None,None,455.181360244751,text_01,62,3,Reading_Baseline_main_click,None,plötzliches,44,0,44,60,60,,,,,,,,,,,19,02,yes,no,no,2025-07-14_14h23.31.760,EXNAT_4_TMS_Psychopy2024.2.5.psyexp,2024.2.5,2025-07-14 14h31.41.583675 +0200,
0,0,0,0,0,0,0,,,,,,,,,#F989A2,268.39584970474243,None,space,None,None,457.3807716369629,text_01,63,3,Reading_Baseline_main_click,None,Auftreten:,44,0,44,60,60,,,,,,,,,,,19,02,yes,no,no,2025-07-14_14h23.31.760,EXNAT_4_TMS_Psychopy2024.2.5.psyexp,2024.2.5,2025-07-14 14h31.41.583675 +0200,
0,0,0,0,0,0,0,,,,,,,,,#F989A2,268.8915023803711,None,space,None,None,457.84759521484375,text_01,64,3,Reading_Baseline_main_click,None,Das,44,0,44,60,60,,,,,,,,,,,19,02,yes,no,no,2025-07-14_14h23.31.760,EXNAT_4_TMS_Psychopy2024.2.5.psyexp,2024.2.5,2025-07-14 14h31.41.583675 +0200,
0,0,0,0,0,0,0,,,,,,,,,#88BA3F,269.3884973526001,None,space,None,None,457.03816413879395,text_01,65,3,Reading_Baseline_main_click,None,Meer,44,0,44,60,60,,,,,,,,,,,19,02,yes,no,no,2025-07-14_14h23.31.760,EXNAT_4_TMS_Psychopy2024.2.5.psyexp,2024.2.5,2025-07-14 14h31.41.583675 +0200,
0,0,0,0,0,0,0,,,,,,,,,#88BA3F,269.8853769302368,None,space,None,None,439.93139266967773,text_01,66,3,Reading_Baseline_main_click,None,war,44,0,44,60,60,,,,,,,,,,,19,02,yes,no,no,2025-07-14_14h23.31.760,EXNAT_4_TMS_Psychopy2024.2.5.psyexp,2024.2.5,2025-07-14 14h31.41.583675 +0200,
0,0,0,0,0,0,0,,,,,,,,,#D292F3,270.3646664619446,None,space,None,None,504.90713119506836,text_01,67,3,Reading_Baseline_main_click,None,im,44,0,44,60,60,,,,,,,,,,,19,02,yes,no,no,2025-07-14_14h23.31.760,EXNAT_4_TMS_Psychopy2024.2.5.psyexp,2024.2.5,2025-07-14 14h31.41.583675 +0200,
0,0,0,0,0,0,0,,,,,,,,,#2AB7EF,270.910542011261,None,space,None,None,470.9351062774658,text_01,68,3,Reading_Baseline_main_click,None,Februar,44,0,44,60,60,,,,,,,,,,,19,02,yes,no,no,2025-07-14_14h23.31.760,EXNAT_4_TMS_Psychopy2024.2.5.psyexp,2024.2.5,2025-07-14 14h31.41.583675 +0200,
0,0,0,0,0,0,0,,,,,,,,,#F989A2,271.4212324619293,None,space,None,None,488.2359504699707,text_01,69,3,Reading_Baseline_main_click,None,ungewöhnlich,44,0,44,60,60,,,,,,,,,,,19,02,yes,no,no,2025-07-14_14h23.31.760,EXNAT_4_TMS_Psychopy2024.2.5.psyexp,2024.2.5,2025-07-14 14h31.41.583675 +0200,
0,0,0,0,0,0,0,,,,,,,,,#2AB7EF,271.9515016078949,None,space,None,None,486.0339164733887,text_01,70,3,Reading_Baseline_main_click,None,"warm,",44,0,44,60,60,,,,,,,,,,,19,02,yes,no,no,2025-07-14_14h23.31.760,EXNAT_4_TMS_Psychopy2024.2.5.psyexp,2024.2.5,2025-07-14 14h31.41.583675 +0200,
0,0,0,0,0,0,0,,,,,,,,,#D292F3,272.4772777557373,None,space,None,None,504.192590713501,text_01,71,3,Reading_Baseline_main_click,None,weshalb,45,0,45,60,60,272.53757786750793,,,,,,,,,,19,02,yes,no,no,2025-07-14_14h23.31.760,EXNAT_4_TMS_Psychopy2024.2.5.psyexp,2024.2.5,2025-07-14 14h31.41.583675 +0200,
0,0,0,0,0,0,0,,,,,,,,,#F989A2,273.0215859413147,None,space,None,None,439.82481956481934,text_01,72,3,Reading_Baseline_main_click,None,sich,45,0,45,60,60,,,,,,,,,,,19,02,yes,no,no,2025-07-14_14h23.31.760,EXNAT_4_TMS_Psychopy2024.2.5.psyexp,2024.2.5,2025-07-14 14h31.41.583675 +0200,
0,0,0,0,0,0,0,,,,,,,,,#88BA3F,273.500648021698,None,space,None,None,456.76112174987793,text_01,73,3,Reading_Baseline_main_click,None,viele,45,0,45,60,60,,,,,,,,,,,19,02,yes,no,no,2025-07-14_14h23.31.760,EXNAT_4_TMS_Psychopy2024.2.5.psyexp,2024.2.5,2025-07-14 14h31.41.583675 +0200,
0,0,0,0,0,0,0,,,,,,,,,#D292F3,273.99564146995544,None,space,None,None,473.8435745239258,text_01,74,3,Reading_Baseline_main_click,None,kleine,45,0,45,60,60,,,,,,,,,,,19,02,yes,no,no,2025-07-14_14h23.31.760,EXNAT_4_TMS_Psychopy2024.2.5.psyexp,2024.2.5,2025-07-14 14h31.41.583675 +0200,
0,0,0,0,0,0,0,,,,,,,,,#88BA3F,274.5105199813843,None,space,None,None,502.8421878814697,text_01,75,3,Reading_Baseline_main_click,None,Beutefische,45,0,45,60,60,,,,,,,,,,,19,02,yes,no,no,2025-07-14_14h23.31.760,EXNAT_4_TMS_Psychopy2024.2.5.psyexp,2024.2.5,2025-07-14 14h31.41.583675 +0200,
0,0,0,0,0,0,0,,,,,,,,,#F989A2,275.0547709465027,None,space,None,None,502.6130676269531,text_01,76,3,Reading_Baseline_main_click,None,nahe,45,0,45,60,60,,,,,,,,,,,19,02,yes,no,no,2025-07-14_14h23.31.760,EXNAT_4_TMS_Psychopy2024.2.5.psyexp,2024.2.5,2025-07-14 14h31.41.583675 +0200,
0,0,0,0,0,0,0,,,,,,,,,#D292F3,275.59539556503296,None,space,None,None,473.9677906036377,text_01,77,3,Reading_Baseline_main_click,None,der,45,0,45,60,60,,,,,,,,,,,19,02,yes,no,no,2025-07-14_14h23.31.760,EXNAT_4_TMS_Psychopy2024.2.5.psyexp,2024.2.5,2025-07-14 14h31.41.583675 +0200,
0,0,0,0,0,0,0,,,,,,,,,#D292F3,276.1076240539551,None,space,None,None,425.8077144622803,text_01,78,3,Reading_Baseline_main_click,None,Küste,45,0,45,60,60,,,,,,,,,,,19,02,yes,no,no,2025-07-14_14h23.31.760,EXNAT_4_TMS_Psychopy2024.2.5.psyexp,2024.2.5,2025-07-14 14h31.41.583675 +0200,
0,0,0,0,0,0,0,,,,,,,,,#2AB7EF,276.5745449066162,None,space,None,None,470.83353996276855,text_01,79,3,Reading_Baseline_main_click,None,sammelten.,45,0,45,60,60,,,,,,,,,,,19,02,yes,no,no,2025-07-14_14h23.31.760,EXNAT_4_TMS_Psychopy2024.2.5.psyexp,2024.2.5,2025-07-14 14h31.41.583675 +0200,
0,0,0,0,0,0,0,,,,,,,,,#F989A2,277.08535861968994,None,space,None,None,520.0033187866211,text_01,80,3,Reading_Baseline_main_click,None,Die,46,0,46,60,60,277.53753089904785,,,,,,,,,,19,02,yes,no,no,2025-07-14_14h23.31.760,EXNAT_4_TMS_Psychopy2024.2.5.psyexp,2024.2.5,2025-07-14 14h31.41.583675 +0200,
0,0,0,0,0,0,0,,,,,,,,,#88BA3F,277.64119505882263,None,space,None,None,1564.2435550689697,text_01,81,3,Reading_Baseline_main_click,None,Kalmare,46,0,46,60,60,,,,,,,,,,,19,02,yes,no,no,2025-07-14_14h23.31.760,EXNAT_4_TMS_Psychopy2024.2.5.psyexp,2024.2.5,2025-07-14 14h31.41.583675 +0200,
0,0,0,0,0,0,0,,,,,,,,,#F989A2,279.24540162086487,None,space,None,None,535.9072685241699,text_01,82,3,Reading_Baseline_main_click,None,wurden,46,0,46,60,60,,,,,,,,,,,19,02,yes,no,no,2025-07-14_14h23.31.760,EXNAT_4_TMS_Psychopy2024.2.5.psyexp,2024.2.5,2025-07-14 14h31.41.583675 +0200,
0,0,0,0,0,0,0,,,,,,,,,#2AB7EF,279.82022500038147,None,space,None,None,473.2081890106201,text_01,83,3,Reading_Baseline_main_click,None,davon,46,0,46,60,60,,,,,,,,,,,19,02,yes,no,no,2025-07-14_14h23.31.760,EXNAT_4_TMS_Psychopy2024.2.5.psyexp,2024.2.5,2025-07-14 14h31.41.583675 +0200,
0,0,0,0,0,0,0,,,,,,,,,#2AB7EF,280.3342308998108,None,space,None,None,503.0028820037842,text_01,84,3,Reading_Baseline_main_click,None,angelockt.,46,0,46,60,60,,,,,,,,,,,19,02,yes,no,no,2025-07-14_14h23.31.760,EXNAT_4_TMS_Psychopy2024.2.5.psyexp,2024.2.5,2025-07-14 14h31.41.583675 +0200,
0,0,0,0,0,0,0,,,,,,,,,#F989A2,280.87555384635925,None,space,None,None,489.835262298584,text_01,85,3,Reading_Baseline_main_click,None,Für,46,0,46,60,60,,,,,,,,,,,19,02,yes,no,no,2025-07-14_14h23.31.760,EXNAT_4_TMS_Psychopy2024.2.5.psyexp,2024.2.5,2025-07-14 14h31.41.583675 +0200,
0,0,0,0,0,0,0,,,,,,,,,#88BA3F,281.4048113822937,None,space,None,None,456.6214084625244,text_01,86,3,Reading_Baseline_main_click,None,Meeresbiologen,46,0,46,60,60,,,,,,,,,,,19,02,yes,no,no,2025-07-14_14h23.31.760,EXNAT_4_TMS_Psychopy2024.2.5.psyexp,2024.2.5,2025-07-14 14h31.41.583675 +0200,
0,0,0,0,0,0,0,,,,,,,,,#D292F3,281.8990547657013,None,space,None,None,490.3912544250488,text_01,87,3,Reading_Baseline_main_click,None,ist,46,0,46,60,60,,,,,,,,,,,19,02,yes,no,no,2025-07-14_14h23.31.760,EXNAT_4_TMS_Psychopy2024.2.5.psyexp,2024.2.5,2025-07-14 14h31.41.583675 +0200,
0,0,0,0,0,0,0,,,,,,,,,#D292F3,282.42734146118164,None,space,None,None,506.1631202697754,text_01,88,3,Reading_Baseline_main_click,None,das,47,0,47,60,60,282.53761553764343,,,,,,,,,,19,02,yes,no,no,2025-07-14_14h23.31.760,EXNAT_4_TMS_Psychopy2024.2.5.psyexp,2024.2.5,2025-07-14 14h31.41.583675 +0200,
0,0,0,0,0,0,0,,,,,,,,,#D292F3,282.9721646308899,None,space,None,None,409.11293029785156,text_01,89,3,Reading_Baseline_main_click,None,eine,47,0,47,60,60,,,,,,,,,,,19,02,yes,no,no,2025-07-14_14h23.31.760,EXNAT_4_TMS_Psychopy2024.2.5.psyexp,2024.2.5,2025-07-14 14h31.41.583675 +0200,
0,0,0,0,0,0,0,,,,,,,,,#2AB7EF,283.4221727848053,None,space,None,None,423.1865406036377,text_01,90,3,Reading_Baseline_main_click,None,seltene,47,0,47,60,60,,,,,,,,,,,19,02,yes,no,no,2025-07-14_14h23.31.760,EXNAT_4_TMS_Psychopy2024.2.5.psyexp,2024.2.5,2025-07-14 14h31.41.583675 +0200,
0,0,0,0,0,0,0,,,,,,,,,#F989A2,283.8850417137146,None,space,None,None,472.2940921783447,text_01,91,3,Reading_Baseline_main_click,None,Gelegenheit,47,0,47,60,60,,,,,,,,,,,19,02,yes,no,no,2025-07-14_14h23.31.760,EXNAT_4_TMS_Psychopy2024.2.5.psyexp,2024.2.5,2025-07-14 14h31.41.583675 +0200,
0,0,0,0,0,0,0,,,,,,,,,#88BA3F,284.3966348171234,None,space,None,None,456.7384719848633,text_01,92,3,Reading_Baseline_main_click,None,diese,47,0,47,60,60,,,,,,,,,,,19,02,yes,no,no,2025-07-14_14h23.31.760,EXNAT_4_TMS_Psychopy2024.2.5.psyexp,2024.2.5,2025-07-14 14h31.41.583675 +0200,
0,0,0,0,0,0,0,,,,,,,,,#88BA3F,284.89424538612366,None,space,None,None,455.19304275512695,text_01,93,3,Reading_Baseline_main_click,None,Tiere,47,0,47,60,60,,,,,,,,,,,19,02,yes,no,no,2025-07-14_14h23.31.760,EXNAT_4_TMS_Psychopy2024.2.5.psyexp,2024.2.5,2025-07-14 14h31.41.583675 +0200,
0,0,0,0,0,0,0,,,,,,,,,#2AB7EF,285.3896150588989,None,space,None,None,471.7748165130615,text_01,94,3,Reading_Baseline_main_click,None,aus,47,0,47,60,60,,,,,,,,,,,19,02,yes,no,no,2025-07-14_14h23.31.760,EXNAT_4_TMS_Psychopy2024.2.5.psyexp,2024.2.5,2025-07-14 14h31.41.583675 +0200,
0,0,0,0,0,0,0,,,,,,,,,#F989A2,285.9019706249237,None,space,None,None,471.250057220459,text_01,95,3,Reading_Baseline_main_click,None,der,47,0,47,60,60,,,,,,,,,,,19,02,yes,no,no,2025-07-14_14h23.31.760,EXNAT_4_TMS_Psychopy2024.2.5.psyexp,2024.2.5,2025-07-14 14h31.41.583675 +0200,
0,0,0,0,0,0,0,,,,,,,,,#2AB7EF,286.4127345085144,None,space,None,None,472.77140617370605,text_01,96,3,Reading_Baseline_main_click,None,Nähe,47,0,47,60,60,,,,,,,,,,,19,02,yes,no,no,2025-07-14_14h23.31.760,EXNAT_4_TMS_Psychopy2024.2.5.psyexp,2024.2.5,2025-07-14 14h31.41.583675 +0200,
0,0,0,0,0,0,0,,,,,,,,,#2AB7EF,286.92330169677734,None,space,None,None,506.0563087463379,text_01,97,3,Reading_Baseline_main_click,None,zu,47,0,47,60,60,,,,,,,,,,,19,02,yes,no,no,2025-07-14_14h23.31.760,EXNAT_4_TMS_Psychopy2024.2.5.psyexp,2024.2.5,2025-07-14 14h31.41.583675 +0200,
0,0,0,0,0,0,0,,,,,,,,,#F989A2,287.4705295562744,None,space,None,None,454.7157287597656,text_01,98,3,Reading_Baseline_main_click,None,beobachten.,48,0,48,60,60,287.5377264022827,,,,,,,,,,19,02,yes,no,no,2025-07-14_14h23.31.760,EXNAT_4_TMS_Psychopy2024.2.5.psyexp,2024.2.5,2025-07-14 14h31.41.583675 +0200,
0,0,0,0,0,0,0,,,,,,,,,#D292F3,287.9624514579773,None,space,None,None,474.9269485473633,text_01,99,3,Reading_Baseline_main_click,None,Denn,48,0,48,60,60,,,,,,,,,,,19,02,yes,no,no,2025-07-14_14h23.31.760,EXNAT_4_TMS_Psychopy2024.2.5.psyexp,2024.2.5,2025-07-14 14h31.41.583675 +0200,
0,0,0,0,0,0,0,,,,,,,,,#D292F3,288.4750077724457,None,space,None,None,490.3562068939209,text_01,100,3,Reading_Baseline_main_click,None,große,48,0,48,60,60,,,,,,,,,,,19,02,yes,no,no,2025-07-14_14h23.31.760,EXNAT_4_TMS_Psychopy2024.2.5.psyexp,2024.2.5,2025-07-14 14h31.41.583675 +0200,
0,0,0,0,0,0,0,,,,,,,,,#88BA3F,289.00640416145325,None,space,None,None,423.0337142944336,text_01,101,3,Reading_Baseline_main_click,None,Kalmare,48,0,48,60,60,,,,,,,,,,,19,02,yes,no,no,2025-07-14_14h23.31.760,EXNAT_4_TMS_Psychopy2024.2.5.psyexp,2024.2.5,2025-07-14 14h31.41.583675 +0200,
0,0,0,0,0,0,0,,,,,,,,,#88BA3F,289.46897172927856,None,space,None,None,472.42236137390137,text_01,102,3,Reading_Baseline_main_click,None,lassen,48,0,48,60,60,,,,,,,,,,,19,02,yes,no,no,2025-07-14_14h23.31.760,EXNAT_4_TMS_Psychopy2024.2.5.psyexp,2024.2.5,2025-07-14 14h31.41.583675 +0200,
0,0,0,0,0,0,0,,,,,,,,,#F989A2,289.9819667339325,None,space,None,None,391.39842987060547,text_01,103,3,Reading_Baseline_main_click,None,sich,48,0,48,60,60,,,,,,,,,,,19,02,yes,no,no,2025-07-14_14h23.31.760,EXNAT_4_TMS_Psychopy2024.2.5.psyexp,2024.2.5,2025-07-14 14h31.41.583675 +0200,
0,0,0,0,0,0,0,,,,,,,,,#2AB7EF,290.412513256073,None,space,None,None,456.90321922302246,text_01,104,3,Reading_Baseline_main_click,None,nur,48,0,48,60,60,,,,,,,,,,,19,02,yes,no,no,2025-07-14_14h23.31.760,EXNAT_4_TMS_Psychopy2024.2.5.psyexp,2024.2.5,2025-07-14 14h31.41.583675 +0200,
0,0,0,0,0,0,0,,,,,,,,,#F989A2,290.9074890613556,None,space,None,None,473.8633632659912,text_01,105,3,Reading_Baseline_main_click,None,schwer,48,0,48,60,60,,,,,,,,,,,19,02,yes,no,no,2025-07-14_14h23.31.760,EXNAT_4_TMS_Psychopy2024.2.5.psyexp,2024.2.5,2025-07-14 14h31.41.583675 +0200,
0,0,0,0,0,0,0,,,,,,,,,#2AB7EF,291.4221234321594,None,space,None,None,487.16211318969727,text_01,106,3,Reading_Baseline_main_click,None,filmen.,48,0,48,60,60,,,,,,,,,,,19,02,yes,no,no,2025-07-14_14h23.31.760,EXNAT_4_TMS_Psychopy2024.2.5.psyexp,2024.2.5,2025-07-14 14h31.41.583675 +0200,
0,0,0,0,0,0,0,,,,,,,,,#D292F3,291.94955229759216,None,space,None,None,471.89974784851074,text_01,107,3,Reading_Baseline_main_click,None,Ein,48,0,48,60,60,,,,,,,,,,,19,02,yes,no,no,2025-07-14_14h23.31.760,EXNAT_4_TMS_Psychopy2024.2.5.psyexp,2024.2.5,2025-07-14 14h31.41.583675 +0200,
0,0,0,0,0,0,0,,,,,,,,,#88BA3F,292.46202278137207,None,space,None,None,487.4000549316406,text_01,108,3,Reading_Baseline_main_click,None,Biologe,49,0,49,60,60,292.53779554367065,,,,,,,,,,19,02,yes,no,no,2025-07-14_14h23.31.760,EXNAT_4_TMS_Psychopy2024.2.5.psyexp,2024.2.5,2025-07-14 14h31.41.583675 +0200,
0,0,0,0,0,0,0,,,,,,,,,#2AB7EF,292.98805046081543,None,space,None,None,521.334171295166,text_01,109,3,Reading_Baseline_main_click,None,aus,49,0,49,60,60,,,,,,,,,,,19,02,yes,no,no,2025-07-14_14h23.31.760,EXNAT_4_TMS_Psychopy2024.2.5.psyexp,2024.2.5,2025-07-14 14h31.41.583675 +0200,
0,0,0,0,0,0,0,,,,,,,,,#88BA3F,293.54865288734436,None,space,None,None,408.83493423461914,text_01,110,3,Reading_Baseline_main_click,None,Neuseeland,49,0,49,60,60,,,,,,,,,,,19,02,yes,no,no,2025-07-14_14h23.31.760,EXNAT_4_TMS_Psychopy2024.2.5.psyexp,2024.2.5,2025-07-14 14h31.41.583675 +0200,
0,0,0,0,0,0,0,,,,,,,,,#F989A2,293.9975416660309,None,space,None,None,519.8791027069092,text_01,111,3,Reading_Baseline_main_click,None,will,49,0,49,60,60,,,,,,,,,,,19,02,yes,no,no,2025-07-14_14h23.31.760,EXNAT_4_TMS_Psychopy2024.2.5.psyexp,2024.2.5,2025-07-14 14h31.41.583675 +0200,
0,0,0,0,0,0,0,,,,,,,,,#F989A2,294.5574493408203,None,space,None,None,471.9831943511963,text_01,112,3,Reading_Baseline_main_click,None,versuchen,49,0,49,60,60,,,,,,,,,,,19,02,yes,no,no,2025-07-14_14h23.31.760,EXNAT_4_TMS_Psychopy2024.2.5.psyexp,2024.2.5,2025-07-14 14h31.41.583675 +0200,
0,0,0,0,0,0,0,,,,,,,,,#D292F3,295.06801867485046,None,space,None,None,521.4188098907471,text_01,113,3,Reading_Baseline_main_click,None,sie,49,0,49,60,60,,,,,,,,,,,19,02,yes,no,no,2025-07-14_14h23.31.760,EXNAT_4_TMS_Psychopy2024.2.5.psyexp,2024.2.5,2025-07-14 14h31.41.583675 +0200,
0,0,0,0,0,0,0,,,,,,,,,#88BA3F,295.630001783371,None,space,None,None,487.44869232177734,text_01,114,3,Reading_Baseline_main_click,None,mit,49,0,49,60,60,,,,,,,,,,,19,02,yes,no,no,2025-07-14_14h23.31.760,EXNAT_4_TMS_Psychopy2024.2.5.psyexp,2024.2.5,2025-07-14 14h31.41.583675 +0200,
0,0,0,0,0,0,0,,,,,,,,,#D292F3,296.15846943855286,None,space,None,None,614.9599552154541,text_01,115,3,Reading_Baseline_main_click,None,Sexualhormonen,49,0,49,60,60,,,,,,,,,,,19,02,yes,no,no,2025-07-14_14h23.31.760,EXNAT_4_TMS_Psychopy2024.2.5.psyexp,2024.2.5,2025-07-14 14h31.41.583675 +0200,
0,0,0,0,0,0,0,,,,,,,,,#2AB7EF,296.81333923339844,None,space,None,None,456.04944229125977,text_01,116,3,Reading_Baseline_main_click,None,vor,49,0,49,60,60,,,,,,,,,,,19,02,yes,no,no,2025-07-14_14h23.31.760,EXNAT_4_TMS_Psychopy2024.2.5.psyexp,2024.2.5,2025-07-14 14h31.41.583675 +0200,
0,0,0,0,0,0,0,,,,,,,,,#2AB7EF,297.309205532074,None,space,None,None,488.1713390350342,text_01,117,3,Reading_Baseline_main_click,None,die,50,0,50,60,60,297.5376651287079,,,,,,,,,,19,02,yes,no,no,2025-07-14_14h23.31.760,EXNAT_4_TMS_Psychopy2024.2.5.psyexp,2024.2.5,2025-07-14 14h31.41.583675 +0200,
0,0,0,0,0,0,0,,,,,,,,,#88BA3F,297.83805656433105,None,space,None,None,487.3225688934326,text_01,118,3,Reading_Baseline_main_click,None,Kamera,50,0,50,60,60,,,,,,,,,,,19,02,yes,no,no,2025-07-14_14h23.31.760,EXNAT_4_TMS_Psychopy2024.2.5.psyexp,2024.2.5,2025-07-14 14h31.41.583675 +0200,
0,0,0,0,0,0,0,,,,,,,,,#D292F3,298.36370730400085,None,space,None,None,489.73655700683594,text_01,119,3,Reading_Baseline_main_click,None,zu,50,0,50,60,60,,,,,,,,,,,19,02,yes,no,no,2025-07-14_14h23.31.760,EXNAT_4_TMS_Psychopy2024.2.5.psyexp,2024.2.5,2025-07-14 14h31.41.583675 +0200,
0,0,0,0,0,0,0,,,,,,,,,#F989A2,298.8952648639679,None,space,None,None,550.1768589019775,text_01,120,3,Reading_Baseline_main_click,None,locken.,50,0,50,60,60,,,,,,,,,,,19,02,yes,no,no,2025-07-14_14h23.31.760,EXNAT_4_TMS_Psychopy2024.2.5.psyexp,2024.2.5,2025-07-14 14h31.41.583675 +0200,
0,0,0,0,0,0,0,,,,,,,,,#2AB7EF,299.48574328422546,None,space,None,None,519.697904586792,text_01,121,3,Reading_Baseline_main_click,None,Der,50,0,50,60,60,,,,,,,,,,,19,02,yes,no,no,2025-07-14_14h23.31.760,EXNAT_4_TMS_Psychopy2024.2.5.psyexp,2024.2.5,2025-07-14 14h31.41.583675 +0200,
0,0,0,0,0,0,0,,,,,,,,,#D292F3,300.0460834503174,None,space,None,None,487.2446060180664,text_01,122,3,Reading_Baseline_main_click,None,Riesenkalmar,50,0,50,60,60,,,,,,,,,,,19,02,yes,no,no,2025-07-14_14h23.31.760,EXNAT_4_TMS_Psychopy2024.2.5.psyexp,2024.2.5,2025-07-14 14h31.41.583675 +0200,
0,0,0,0,0,0,0,,,,,,,,,#F989A2,300.57211542129517,None,space,None,None,505.2652359008789,text_01,123,3,Reading_Baseline_main_click,None,gilt,50,0,50,60,60,,,,,,,,,,,19,02,yes,no,no,2025-07-14_14h23.31.760,EXNAT_4_TMS_Psychopy2024.2.5.psyexp,2024.2.5,2025-07-14 14h31.41.583675 +0200,
0,0,0,0,0,0,0,,,,,,,,,#88BA3F,301.1185085773468,None,space,None,None,502.71153450012207,text_01,124,3,Reading_Baseline_main_click,None,als,50,0,50,60,60,,,,,,,,,,,19,02,yes,no,no,2025-07-14_14h23.31.760,EXNAT_4_TMS_Psychopy2024.2.5.psyexp,2024.2.5,2025-07-14 14h31.41.583675 +0200,
0,0,0,0,0,0,0,,,,,,,,,#2AB7EF,301.6618320941925,None,space,None,None,471.59814834594727,text_01,125,3,Reading_Baseline_main_click,None,das,50,0,50,60,60,,,,,,,,,,,19,02,yes,no,no,2025-07-14_14h23.31.760,EXNAT_4_TMS_Psychopy2024.2.5.psyexp,2024.2.5,2025-07-14 14h31.41.583675 +0200,
0,0,0,0,0,0,0,,,,,,,,,#88BA3F,302.17378973960876,None,space,None,None,455.66344261169434,text_01,126,3,Reading_Baseline_main_click,None,größte,51,0,51,60,60,302.5377423763275,,,,,,,,,,19,02,yes,no,no,2025-07-14_14h23.31.760,EXNAT_4_TMS_Psychopy2024.2.5.psyexp,2024.2.5,2025-07-14 14h31.41.583675 +0200,
0,0,0,0,0,0,0,,,,,,,,,#2AB7EF,302.6700801849365,None,space,None,None,503.2460689544678,text_01,127,3,Reading_Baseline_main_click,None,wirbellose,51,0,51,60,60,,,,,,,,,,,19,02,yes,no,no,2025-07-14_14h23.31.760,EXNAT_4_TMS_Psychopy2024.2.5.psyexp,2024.2.5,2025-07-14 14h31.41.583675 +0200,
0,0,0,0,0,0,0,,,,,,,,,#D292F3,303.2145698070526,None,space,None,None,454.8606872558594,text_01,128,3,Reading_Baseline_main_click,None,Tier,51,0,51,60,60,,,,,,,,,,,19,02,yes,no,no,2025-07-14_14h23.31.760,EXNAT_4_TMS_Psychopy2024.2.5.psyexp,2024.2.5,2025-07-14 14h31.41.583675 +0200,
0,0,0,0,0,0,0,,,,,,,,,#D292F3,303.7077145576477,None,space,None,None,521.7227935791016,text_01,129,3,Reading_Baseline_main_click,None,der,51,0,51,60,60,,,,,,,,,,,19,02,yes,no,no,2025-07-14_14h23.31.760,EXNAT_4_TMS_Psychopy2024.2.5.psyexp,2024.2.5,2025-07-14 14h31.41.583675 +0200,
0,0,0,0,0,0,0,,,,,,,,,#F989A2,304.2687554359436,None,space,None,None,472.74303436279297,text_01,130,3,Reading_Baseline_main_click,None,Welt.,51,0,51,60,60,,,,,,,,,,,19,02,yes,no,no,2025-07-14_14h23.31.760,EXNAT_4_TMS_Psychopy2024.2.5.psyexp,2024.2.5,2025-07-14 14h31.41.583675 +0200,
0,0,0,0,0,0,0,,,,,,,,,#F989A2,304.7810728549957,None,space,None,None,936.173677444458,text_01,131,3,Reading_Baseline_main_click,None,Er,51,0,51,60,60,,,,,,,,,,,19,02,yes,no,no,2025-07-14_14h23.31.760,EXNAT_4_TMS_Psychopy2024.2.5.psyexp,2024.2.5,2025-07-14 14h31.41.583675 +0200,
0,0,0,0,0,0,0,,,,,,,,,#88BA3F,305.75757455825806,None,space,None,None,615.8068180084229,text_01,132,3,Reading_Baseline_main_click,None,kann,51,0,51,60,60,,,,,,,,,,,19,02,yes,no,no,2025-07-14_14h23.31.760,EXNAT_4_TMS_Psychopy2024.2.5.psyexp,2024.2.5,2025-07-14 14h31.41.583675 +0200,
0,0,0,0,0,0,0,,,,,,,,,#2AB7EF,306.41100311279297,None,space,None,None,762.4108791351318,text_01,133,3,Reading_Baseline_main_click,None,bis,51,0,51,60,60,,,,,,,,,,,19,02,yes,no,no,2025-07-14_14h23.31.760,EXNAT_4_TMS_Psychopy2024.2.5.psyexp,2024.2.5,2025-07-14 14h31.41.583675 +0200,
0,0,0,0,0,0,0,,,,,,,,,#2AB7EF,307.2137222290039,None,space,None,None,535.7396602630615,text_01,134,3,Reading_Baseline_main_click,None,zu,52,0,52,60,60,307.5378704071045,,,,,,,,,,19,02,yes,no,no,2025-07-14_14h23.31.760,EXNAT_4_TMS_Psychopy2024.2.5.psyexp,2024.2.5,2025-07-14 14h31.41.583675 +0200,
0,0,0,0,0,0,0,,,,,,,,,#D292F3,307.78942823410034,None,space,None,None,408.0641269683838,text_01,135,3,Reading_Baseline_main_click,None,20,52,0,52,60,60,,,,,,,,,,,19,02,yes,no,no,2025-07-14_14h23.31.760,EXNAT_4_TMS_Psychopy2024.2.5.psyexp,2024.2.5,2025-07-14 14h31.41.583675 +0200,
0,0,0,0,0,0,0,,,,,,,,,#F989A2,308.2375524044037,None,space,None,None,423.8393306732178,text_01,136,3,Reading_Baseline_main_click,None,Meter,52,0,52,60,60,,,,,,,,,,,19,02,yes,no,no,2025-07-14_14h23.31.760,EXNAT_4_TMS_Psychopy2024.2.5.psyexp,2024.2.5,2025-07-14 14h31.41.583675 +0200,
0,0,0,0,0,0,0,,,,,,,,,#2AB7EF,308.6988830566406,None,space,None,None,394.5646286010742,text_01,137,3,Reading_Baseline_main_click,None,lang,52,0,52,60,60,,,,,,,,,,,19,02,yes,no,no,2025-07-14_14h23.31.760,EXNAT_4_TMS_Psychopy2024.2.5.psyexp,2024.2.5,2025-07-14 14h31.41.583675 +0200,
0,0,0,0,0,0,0,,,,,,,,,#88BA3F,309.1321656703949,None,space,None,None,505.19585609436035,text_01,138,3,Reading_Baseline_main_click,None,und,52,0,52,60,60,,,,,,,,,,,19,02,yes,no,no,2025-07-14_14h23.31.760,EXNAT_4_TMS_Psychopy2024.2.5.psyexp,2024.2.5,2025-07-14 14h31.41.583675 +0200,
0,0,0,0,0,0,0,,,,,,,,,#F989A2,309.6766152381897,None,space,None,None,472.8066921234131,text_01,139,3,Reading_Baseline_main_click,None,500,52,0,52,60,60,,,,,,,,,,,19,02,yes,no,no,2025-07-14_14h23.31.760,EXNAT_4_TMS_Psychopy2024.2.5.psyexp,2024.2.5,2025-07-14 14h31.41.583675 +0200,
0,0,0,0,0,0,0,,,,,,,,,#D292F3,310.18983602523804,None,space,None,None,471.5571403503418,text_01,140,3,Reading_Baseline_main_click,None,Kilogramm,52,0,52,60,60,,,,,,,,,,,19,02,yes,no,no,2025-07-14_14h23.31.760,EXNAT_4_TMS_Psychopy2024.2.5.psyexp,2024.2.5,2025-07-14 14h31.41.583675 +0200,
0,0,0,0,0,0,0,,,,,,,,,#D292F3,310.7024281024933,None,space,None,None,502.94017791748047,text_01,141,3,Reading_Baseline_main_click,None,schwer,52,0,52,60,60,,,,,,,,,,,19,02,yes,no,no,2025-07-14_14h23.31.760,EXNAT_4_TMS_Psychopy2024.2.5.psyexp,2024.2.5,2025-07-14 14h31.41.583675 +0200,
0,0,0,0,0,0,0,,,,,,,,,#88BA3F,311.2465994358063,None,space,None,None,1654.881238937378,text_01,142,3,Reading_Baseline_main_click,None,"werden,",53,0,53,60,60,312.537752866745,,,,,,,,,,19,02,yes,no,no,2025-07-14_14h23.31.760,EXNAT_4_TMS_Psychopy2024.2.5.psyexp,2024.2.5,2025-07-14 14h31.41.583675 +0200,
0,0,0,0,0,0,0,,,,,,,,,#88BA3F,312.9563798904419,None,space,None,None,537.0700359344482,text_01,143,3,Reading_Baseline_main_click,None,wurde,53,0,53,60,60,,,,,,,,,,,19,02,yes,no,no,2025-07-14_14h23.31.760,EXNAT_4_TMS_Psychopy2024.2.5.psyexp,2024.2.5,2025-07-14 14h31.41.583675 +0200,
0,0,0,0,0,0,0,,,,,,,,,#F989A2,313.54796600341797,None,space,None,None,457.45396614074707,text_01,144,3,Reading_Baseline_main_click,None,jedoch,53,0,53,60,60,,,,,,,,,,,19,02,yes,no,no,2025-07-14_14h23.31.760,EXNAT_4_TMS_Psychopy2024.2.5.psyexp,2024.2.5,2025-07-14 14h31.41.583675 +0200,
0,0,0,0,0,0,0,,,,,,,,,#D292F3,314.0600187778473,None,space,None,None,457.4391841888428,text_01,145,3,Reading_Baseline_main_click,None,noch,53,0,53,60,60,,,,,,,,,,,19,02,yes,no,no,2025-07-14_14h23.31.760,EXNAT_4_TMS_Psychopy2024.2.5.psyexp,2024.2.5,2025-07-14 14h31.41.583675 +0200,
0,0,0,0,0,0,0,,,,,,,,,#D292F3,314.570858001709,None,space,None,None,426.4211654663086,text_01,146,3,Reading_Baseline_main_click,None,nie,53,0,53,60,60,,,,,,,,,,,19,02,yes,no,no,2025-07-14_14h23.31.760,EXNAT_4_TMS_Psychopy2024.2.5.psyexp,2024.2.5,2025-07-14 14h31.41.583675 +0200,
0,0,0,0,0,0,0,,,,,,,,,#2AB7EF,315.04832792282104,None,space,None,None,476.9430160522461,text_01,147,3,Reading_Baseline_main_click,None,in,53,0,53,60,60,,,,,,,,,,,19,02,yes,no,no,2025-07-14_14h23.31.760,EXNAT_4_TMS_Psychopy2024.2.5.psyexp,2024.2.5,2025-07-14 14h31.41.583675 +0200,
0,0,0,0,0,0,0,,,,,,,,,#88BA3F,315.57912278175354,None,space,None,None,458.2860469818115,text_01,148,3,Reading_Baseline_main_click,None,freier,53,0,53,60,60,,,,,,,,,,,19,02,yes,no,no,2025-07-14_14h23.31.760,EXNAT_4_TMS_Psychopy2024.2.5.psyexp,2024.2.5,2025-07-14 14h31.41.583675 +0200,
0,0,0,0,0,0,0,,,,,,,,,#2AB7EF,316.09342980384827,None,space,None,None,471.9507694244385,text_01,149,3,Reading_Baseline_main_click,None,Wildbahn,53,0,53,60,60,,,,,,,,,,,19,02,yes,no,no,2025-07-14_14h23.31.760,EXNAT_4_TMS_Psychopy2024.2.5.psyexp,2024.2.5,2025-07-14 14h31.41.583675 +0200,
0,0,0,0,0,0,0,,,,,,,,,#F989A2,316.6202349662781,None,space,None,None,489.03632164001465,text_01,150,3,Reading_Baseline_main_click,None,gefilmt.,53,0,53,60,60,,,,,,,,,,,19,02,yes,no,no,2025-07-14_14h23.31.760,EXNAT_4_TMS_Psychopy2024.2.5.psyexp,2024.2.5,2025-07-14 14h31.41.583675 +0200,
0,0,0,0,0,0,0,,,,,,,,,,317.16832756996155,,3,,,,text_01,,3,Reading_Baseline_main_click,,,,,,,,,Q1,c,True,,,,,,,19,02,yes,no,no,2025-07-14_14h23.31.760,EXNAT_4_TMS_Psychopy2024.2.5.psyexp,2024.2.5,2025-07-14 14h31.41.583675 +0200,
0,0,0,0,0,0,0,,,,,,,,,,322.69149899482727,,4,,,,text_01,,3,Reading_Baseline_main_click,,,,,,,,,Q2,d,True,,,,,,,19,02,yes,no,no,2025-07-14_14h23.31.760,EXNAT_4_TMS_Psychopy2024.2.5.psyexp,2024.2.5,2025-07-14 14h31.41.583675 +0200,
0,0,0,0,0,0,0,,,,,,,,,,325.8676426410675,,1,,,,text_01,,3,Reading_Baseline_main_click,,,,,,,,,Q3,a,True,,,,,,,19,02,yes,no,no,2025-07-14_14h23.31.760,EXNAT_4_TMS_Psychopy2024.2.5.psyexp,2024.2.5,2025-07-14 14h31.41.583675 +0200,
0,0,0,0,0,0,0,,,,,,,,,#D292F3,332.00363206863403,None,space,None,None,1665.8470630645752,text_10,1,4,Reading_Baseline_main_click,None,Hinter,54,0,54,60,60,332.056592464447,,,,,,,,,,19,02,yes,no,no,2025-07-14_14h23.31.760,EXNAT_4_TMS_Psychopy2024.2.5.psyexp,2024.2.5,2025-07-14 14h31.41.583675 +0200,
0,0,0,0,0,0,0,,,,,,,,,#2AB7EF,333.70912075042725,None,space,None,None,456.35414123535156,text_10,2,4,Reading_Baseline_main_click,None,einer,54,0,54,60,60,,,,,,,,,,,19,02,yes,no,no,2025-07-14_14h23.31.760,EXNAT_4_TMS_Psychopy2024.2.5.psyexp,2024.2.5,2025-07-14 14h31.41.583675 +0200,
0,0,0,0,0,0,0,,,,,,,,,#F989A2,334.205144405365,None,space,None,None,376.28769874572754,text_10,3,4,Reading_Baseline_main_click,None,grünen,54,0,54,60,60,,,,,,,,,,,19,02,yes,no,no,2025-07-14_14h23.31.760,EXNAT_4_TMS_Psychopy2024.2.5.psyexp,2024.2.5,2025-07-14 14h31.41.583675 +0200,
0,0,0,0,0,0,0,,,,,,,,,#2AB7EF,334.62173199653625,None,space,None,None,423.52914810180664,text_10,4,4,Reading_Baseline_main_click,None,Metalltür,54,0,54,60,60,,,,,,,,,,,19,02,yes,no,no,2025-07-14_14h23.31.760,EXNAT_4_TMS_Psychopy2024.2.5.psyexp,2024.2.5,2025-07-14 14h31.41.583675 +0200,
0,0,0,0,0,0,0,,,,,,,,,#2AB7EF,335.0834627151489,None,space,None,None,489.9899959564209,text_10,5,4,Reading_Baseline_main_click,None,in,54,0,54,60,60,,,,,,,,,,,19,02,yes,no,no,2025-07-14_14h23.31.760,EXNAT_4_TMS_Psychopy2024.2.5.psyexp,2024.2.5,2025-07-14 14h31.41.583675 +0200,
0,0,0,0,0,0,0,,,,,,,,,#F989A2,335.61340165138245,None,space,None,None,487.9879951477051,text_10,6,4,Reading_Baseline_main_click,None,Jordanien,54,0,54,60,60,,,,,,,,,,,19,02,yes,no,no,2025-07-14_14h23.31.760,EXNAT_4_TMS_Psychopy2024.2.5.psyexp,2024.2.5,2025-07-14 14h31.41.583675 +0200,
0,0,0,0,0,0,0,,,,,,,,,#88BA3F,336.1395831108093,None,space,None,None,473.88529777526855,text_10,7,4,Reading_Baseline_main_click,None,liegt,54,0,54,60,60,,,,,,,,,,,19,02,yes,no,no,2025-07-14_14h23.31.760,EXNAT_4_TMS_Psychopy2024.2.5.psyexp,2024.2.5,2025-07-14 14h31.41.583675 +0200,
0,0,0,0,0,0,0,,,,,,,,,#F989A2,336.65434765815735,None,space,None,None,487.1563911437988,text_10,8,4,Reading_Baseline_main_click,None,Adnans,55,0,55,60,60,337.0565936565399,,,,,,,,,,19,02,yes,no,no,2025-07-14_14h23.31.760,EXNAT_4_TMS_Psychopy2024.2.5.psyexp,2024.2.5,2025-07-14 14h31.41.583675 +0200,
0,0,0,0,0,0,0,,,,,,,,,#88BA3F,337.18077659606934,None,space,None,None,648.496150970459,text_10,9,4,Reading_Baseline_main_click,None,Proberaum.,55,0,55,60,60,,,,,,,,,,,19,02,yes,no,no,2025-07-14_14h23.31.760,EXNAT_4_TMS_Psychopy2024.2.5.psyexp,2024.2.5,2025-07-14 14h31.41.583675 +0200,
0,0,0,0,0,0,0,,,,,,,,,#D292F3,337.8648374080658,None,space,None,None,1372.6460933685303,text_10,10,4,Reading_Baseline_main_click,None,Dort,55,0,55,60,60,,,,,,,,,,,19,02,yes,no,no,2025-07-14_14h23.31.760,EXNAT_4_TMS_Psychopy2024.2.5.psyexp,2024.2.5,2025-07-14 14h31.41.583675 +0200,
0,0,0,0,0,0,0,,,,,,,,,#88BA3F,339.2772550582886,None,space,None,None,584.3052864074707,text_10,11,4,Reading_Baseline_main_click,None,spielt,55,0,55,60,60,,,,,,,,,,,19,02,yes,no,no,2025-07-14_14h23.31.760,EXNAT_4_TMS_Psychopy2024.2.5.psyexp,2024.2.5,2025-07-14 14h31.41.583675 +0200,
0,0,0,0,0,0,0,,,,,,,,,#D292F3,339.90283465385437,None,space,None,None,502.6817321777344,text_10,12,4,Reading_Baseline_main_click,None,er,55,0,55,60,60,,,,,,,,,,,19,02,yes,no,no,2025-07-14_14h23.31.760,EXNAT_4_TMS_Psychopy2024.2.5.psyexp,2024.2.5,2025-07-14 14h31.41.583675 +0200,
0,0,0,0,0,0,0,,,,,,,,,#D292F3,340.44501185417175,None,space,None,None,552.4857044219971,text_10,13,4,Reading_Baseline_main_click,None,mit,55,0,55,60,60,,,,,,,,,,,19,02,yes,no,no,2025-07-14_14h23.31.760,EXNAT_4_TMS_Psychopy2024.2.5.psyexp,2024.2.5,2025-07-14 14h31.41.583675 +0200,
0,0,0,0,0,0,0,,,,,,,,,#88BA3F,341.0376527309418,None,space,None,None,439.65697288513184,text_10,14,4,Reading_Baseline_main_click,None,seiner,55,0,55,60,60,,,,,,,,,,,19,02,yes,no,no,2025-07-14_14h23.31.760,EXNAT_4_TMS_Psychopy2024.2.5.psyexp,2024.2.5,2025-07-14 14h31.41.583675 +0200,
0,0,0,0,0,0,0,,,,,,,,,#2AB7EF,341.5184066295624,None,space,None,None,471.1766242980957,text_10,15,4,Reading_Baseline_main_click,None,Band,55,0,55,60,60,,,,,,,,,,,19,02,yes,no,no,2025-07-14_14h23.31.760,EXNAT_4_TMS_Psychopy2024.2.5.psyexp,2024.2.5,2025-07-14 14h31.41.583675 +0200,
0,0,0,0,0,0,0,,,,,,,,,#F989A2,342.03062891960144,None,space,None,None,470.9632396697998,text_10,16,4,Reading_Baseline_main_click,None,Heavy,56,0,56,60,60,342.08607840538025,,,,,,,,,,19,02,yes,no,no,2025-07-14_14h23.31.760,EXNAT_4_TMS_Psychopy2024.2.5.psyexp,2024.2.5,2025-07-14 14h31.41.583675 +0200,
0,0,0,0,0,0,0,,,,,,,,,#D292F3,342.54010343551636,None,space,None,None,489.32552337646484,text_10,17,4,Reading_Baseline_main_click,None,Metal.,56,0,56,60,60,,,,,,,,,,,19,02,yes,no,no,2025-07-14_14h23.31.760,EXNAT_4_TMS_Psychopy2024.2.5.psyexp,2024.2.5,2025-07-14 14h31.41.583675 +0200,
0,0,0,0,0,0,0,,,,,,,,,#D292F3,343.070396900177,None,space,None,None,535.1898670196533,text_10,18,4,Reading_Baseline_main_click,None,Doch,56,0,56,60,60,,,,,,,,,,,19,02,yes,no,no,2025-07-14_14h23.31.760,EXNAT_4_TMS_Psychopy2024.2.5.psyexp,2024.2.5,2025-07-14 14h31.41.583675 +0200,
0,0,0,0,0,0,0,,,,,,,,,#88BA3F,343.6448075771332,None,space,None,None,472.69606590270996,text_10,19,4,Reading_Baseline_main_click,None,diese,56,0,56,60,60,,,,,,,,,,,19,02,yes,no,no,2025-07-14_14h23.31.760,EXNAT_4_TMS_Psychopy2024.2.5.psyexp,2024.2.5,2025-07-14 14h31.41.583675 +0200,
0,0,0,0,0,0,0,,,,,,,,,#F989A2,344.1573450565338,None,space,None,None,472.14245796203613,text_10,20,4,Reading_Baseline_main_click,None,Musik,56,0,56,60,60,,,,,,,,,,,19,02,yes,no,no,2025-07-14_14h23.31.760,EXNAT_4_TMS_Psychopy2024.2.5.psyexp,2024.2.5,2025-07-14 14h31.41.583675 +0200,
0,0,0,0,0,0,0,,,,,,,,,#2AB7EF,344.66836166381836,None,space,None,None,473.12116622924805,text_10,21,4,Reading_Baseline_main_click,None,ist,56,0,56,60,60,,,,,,,,,,,19,02,yes,no,no,2025-07-14_14h23.31.760,EXNAT_4_TMS_Psychopy2024.2.5.psyexp,2024.2.5,2025-07-14 14h31.41.583675 +0200,
0,0,0,0,0,0,0,,,,,,,,,#88BA3F,345.1803638935089,None,space,None,None,489.11023139953613,text_10,22,4,Reading_Baseline_main_click,None,in,56,0,56,60,60,,,,,,,,,,,19,02,yes,no,no,2025-07-14_14h23.31.760,EXNAT_4_TMS_Psychopy2024.2.5.psyexp,2024.2.5,2025-07-14 14h31.41.583675 +0200,
0,0,0,0,0,0,0,,,,,,,,,#2AB7EF,345.70859956741333,None,space,None,None,488.8625144958496,text_10,23,4,Reading_Baseline_main_click,None,Jordanien,56,0,56,60,60,,,,,,,,,,,19,02,yes,no,no,2025-07-14_14h23.31.760,EXNAT_4_TMS_Psychopy2024.2.5.psyexp,2024.2.5,2025-07-14 14h31.41.583675 +0200,
0,0,0,0,0,0,0,,,,,,,,,#F989A2,346.23715353012085,None,space,None,None,472.16153144836426,text_10,24,4,Reading_Baseline_main_click,None,nicht,56,0,56,60,60,,,,,,,,,,,19,02,yes,no,no,2025-07-14_14h23.31.760,EXNAT_4_TMS_Psychopy2024.2.5.psyexp,2024.2.5,2025-07-14 14h31.41.583675 +0200,
0,0,0,0,0,0,0,,,,,,,,,#2AB7EF,346.7525234222412,None,space,None,None,484.9553108215332,text_10,25,4,Reading_Baseline_main_click,None,ungefährlich.,57,0,57,60,60,347.08609080314636,,,,,,,,,,19,02,yes,no,no,2025-07-14_14h23.31.760,EXNAT_4_TMS_Psychopy2024.2.5.psyexp,2024.2.5,2025-07-14 14h31.41.583675 +0200,
0,0,0,0,0,0,0,,,,,,,,,#88BA3F,347.278817653656,None,space,None,None,1062.5340938568115,text_10,26,4,Reading_Baseline_main_click,None,Konzerte,57,0,57,60,60,,,,,,,,,,,19,02,yes,no,no,2025-07-14_14h23.31.760,EXNAT_4_TMS_Psychopy2024.2.5.psyexp,2024.2.5,2025-07-14 14h31.41.583675 +0200,
0,0,0,0,0,0,0,,,,,,,,,#F989A2,348.3795099258423,None,space,None,None,570.0478553771973,text_10,27,4,Reading_Baseline_main_click,None,sind,57,0,57,60,60,,,,,,,,,,,19,02,yes,no,no,2025-07-14_14h23.31.760,EXNAT_4_TMS_Psychopy2024.2.5.psyexp,2024.2.5,2025-07-14 14h31.41.583675 +0200,
0,0,0,0,0,0,0,,,,,,,,,#2AB7EF,348.9904000759125,None,space,None,None,566.9820308685303,text_10,28,4,Reading_Baseline_main_click,None,oft,57,0,57,60,60,,,,,,,,,,,19,02,yes,no,no,2025-07-14_14h23.31.760,EXNAT_4_TMS_Psychopy2024.2.5.psyexp,2024.2.5,2025-07-14 14h31.41.583675 +0200,
0,0,0,0,0,0,0,,,,,,,,,#88BA3F,349.5956416130066,None,space,None,None,841.8910503387451,text_10,29,4,Reading_Baseline_main_click,None,"verboten,",57,0,57,60,60,,,,,,,,,,,19,02,yes,no,no,2025-07-14_14h23.31.760,EXNAT_4_TMS_Psychopy2024.2.5.psyexp,2024.2.5,2025-07-14 14h31.41.583675 +0200,
0,0,0,0,0,0,0,,,,,,,,,#D292F3,350.4931457042694,None,space,None,None,600.2197265625,text_10,30,4,Reading_Baseline_main_click,None,und,57,0,57,60,60,,,,,,,,,,,19,02,yes,no,no,2025-07-14_14h23.31.760,EXNAT_4_TMS_Psychopy2024.2.5.psyexp,2024.2.5,2025-07-14 14h31.41.583675 +0200,
0,0,0,0,0,0,0,,,,,,,,,#88BA3F,351.14808177948,None,space,None,None,425.42195320129395,text_10,31,4,Reading_Baseline_main_click,None,Fans,57,0,57,60,60,,,,,,,,,,,19,02,yes,no,no,2025-07-14_14h23.31.760,EXNAT_4_TMS_Psychopy2024.2.5.psyexp,2024.2.5,2025-07-14 14h31.41.583675 +0200,
0,0,0,0,0,0,0,,,,,,,,,#2AB7EF,351.6295237541199,None,space,None,None,440.0146007537842,text_10,32,4,Reading_Baseline_main_click,None,können,57,0,57,60,60,,,,,,,,,,,19,02,yes,no,no,2025-07-14_14h23.31.760,EXNAT_4_TMS_Psychopy2024.2.5.psyexp,2024.2.5,2025-07-14 14h31.41.583675 +0200,
0,0,0,0,0,0,0,,,,,,,,,#F989A2,352.1234300136566,None,space,None,None,442.0650005340576,text_10,33,4,Reading_Baseline_main_click,None,verhaftet,58,0,58,60,60,352.17395281791687,,,,,,,,,,19,02,yes,no,no,2025-07-14_14h23.31.760,EXNAT_4_TMS_Psychopy2024.2.5.psyexp,2024.2.5,2025-07-14 14h31.41.583675 +0200,
0,0,0,0,0,0,0,,,,,,,,,#F989A2,352.6190330982208,None,space,None,None,442.5375461578369,text_10,34,4,Reading_Baseline_main_click,None,werden.,58,0,58,60,60,,,,,,,,,,,19,02,yes,no,no,2025-07-14_14h23.31.760,EXNAT_4_TMS_Psychopy2024.2.5.psyexp,2024.2.5,2025-07-14 14h31.41.583675 +0200,
0,0,0,0,0,0,0,,,,,,,,,#D292F3,353.1147975921631,None,space,None,None,506.8519115447998,text_10,35,4,Reading_Baseline_main_click,None,In,58,0,58,60,60,,,,,,,,,,,19,02,yes,no,no,2025-07-14_14h23.31.760,EXNAT_4_TMS_Psychopy2024.2.5.psyexp,2024.2.5,2025-07-14 14h31.41.583675 +0200,
0,0,0,0,0,0,0,,,,,,,,,#D292F3,353.66066122055054,None,space,None,None,488.6038303375244,text_10,36,4,Reading_Baseline_main_click,None,den,58,0,58,60,60,,,,,,,,,,,19,02,yes,no,no,2025-07-14_14h23.31.760,EXNAT_4_TMS_Psychopy2024.2.5.psyexp,2024.2.5,2025-07-14 14h31.41.583675 +0200,
0,0,0,0,0,0,0,,,,,,,,,#D292F3,354.1903371810913,None,space,None,None,583.0063819885254,text_10,37,4,Reading_Baseline_main_click,None,1990er-Jahren,58,0,58,60,60,,,,,,,,,,,19,02,yes,no,no,2025-07-14_14h23.31.760,EXNAT_4_TMS_Psychopy2024.2.5.psyexp,2024.2.5,2025-07-14 14h31.41.583675 +0200,
0,0,0,0,0,0,0,,,,,,,,,#F989A2,354.8096058368683,None,space,None,None,619.9963092803955,text_10,38,4,Reading_Baseline_main_click,None,gab,58,0,58,60,60,,,,,,,,,,,19,02,yes,no,no,2025-07-14_14h23.31.760,EXNAT_4_TMS_Psychopy2024.2.5.psyexp,2024.2.5,2025-07-14 14h31.41.583675 +0200,
0,0,0,0,0,0,0,,,,,,,,,#F989A2,355.4692590236664,None,space,None,None,488.2361888885498,text_10,39,4,Reading_Baseline_main_click,None,es,58,0,58,60,60,,,,,,,,,,,19,02,yes,no,no,2025-07-14_14h23.31.760,EXNAT_4_TMS_Psychopy2024.2.5.psyexp,2024.2.5,2025-07-14 14h31.41.583675 +0200,
0,0,0,0,0,0,0,,,,,,,,,#2AB7EF,355.99617528915405,None,space,None,None,553.3146858215332,text_10,40,4,Reading_Baseline_main_click,None,erste,58,0,58,60,60,,,,,,,,,,,19,02,yes,no,no,2025-07-14_14h23.31.760,EXNAT_4_TMS_Psychopy2024.2.5.psyexp,2024.2.5,2025-07-14 14h31.41.583675 +0200,
0,0,0,0,0,0,0,,,,,,,,,#F989A2,356.59084033966064,None,space,None,None,918.6804294586182,text_10,41,4,Reading_Baseline_main_click,None,Metal-Konzerte,59,0,59,60,60,357.1738746166229,,,,,,,,,,19,02,yes,no,no,2025-07-14_14h23.31.760,EXNAT_4_TMS_Psychopy2024.2.5.psyexp,2024.2.5,2025-07-14 14h31.41.583675 +0200,
0,0,0,0,0,0,0,,,,,,,,,#88BA3F,357.5509660243988,None,space,None,None,534.7287654876709,text_10,42,4,Reading_Baseline_main_click,None,in,59,0,59,60,60,,,,,,,,,,,19,02,yes,no,no,2025-07-14_14h23.31.760,EXNAT_4_TMS_Psychopy2024.2.5.psyexp,2024.2.5,2025-07-14 14h31.41.583675 +0200,
0,0,0,0,0,0,0,,,,,,,,,#88BA3F,358.1279273033142,None,space,None,None,533.3712100982666,text_10,43,4,Reading_Baseline_main_click,None,arabischen,59,0,59,60,60,,,,,,,,,,,19,02,yes,no,no,2025-07-14_14h23.31.760,EXNAT_4_TMS_Psychopy2024.2.5.psyexp,2024.2.5,2025-07-14 14h31.41.583675 +0200,
0,0,0,0,0,0,0,,,,,,,,,#D292F3,358.70305132865906,None,space,None,None,518.5065269470215,text_10,44,4,Reading_Baseline_main_click,None,Ländern.,59,0,59,60,60,,,,,,,,,,,19,02,yes,no,no,2025-07-14_14h23.31.760,EXNAT_4_TMS_Psychopy2024.2.5.psyexp,2024.2.5,2025-07-14 14h31.41.583675 +0200,
0,0,0,0,0,0,0,,,,,,,,,#2AB7EF,359.2620086669922,None,space,None,None,599.5311737060547,text_10,45,4,Reading_Baseline_main_click,None,Oft,59,0,59,60,60,,,,,,,,,,,19,02,yes,no,no,2025-07-14_14h23.31.760,EXNAT_4_TMS_Psychopy2024.2.5.psyexp,2024.2.5,2025-07-14 14h31.41.583675 +0200,
0,0,0,0,0,0,0,,,,,,,,,#D292F3,359.90243911743164,None,space,None,None,599.0369319915771,text_10,46,4,Reading_Baseline_main_click,None,endeten,59,0,59,60,60,,,,,,,,,,,19,02,yes,no,no,2025-07-14_14h23.31.760,EXNAT_4_TMS_Psychopy2024.2.5.psyexp,2024.2.5,2025-07-14 14h31.41.583675 +0200,
0,0,0,0,0,0,0,,,,,,,,,#2AB7EF,360.5418758392334,None,space,None,None,487.6585006713867,text_10,47,4,Reading_Baseline_main_click,None,diese,59,0,59,60,60,,,,,,,,,,,19,02,yes,no,no,2025-07-14_14h23.31.760,EXNAT_4_TMS_Psychopy2024.2.5.psyexp,2024.2.5,2025-07-14 14h31.41.583675 +0200,
0,0,0,0,0,0,0,,,,,,,,,#88BA3F,361.0714271068573,None,space,None,None,453.85217666625977,text_10,48,4,Reading_Baseline_main_click,None,mit,59,0,59,60,60,,,,,,,,,,,19,02,yes,no,no,2025-07-14_14h23.31.760,EXNAT_4_TMS_Psychopy2024.2.5.psyexp,2024.2.5,2025-07-14 14h31.41.583675 +0200,
0,0,0,0,0,0,0,,,,,,,,,#88BA3F,361.5665600299835,None,space,None,None,550.9505271911621,text_10,49,4,Reading_Baseline_main_click,None,Polizeirazzien.,59,0,59,60,60,,,,,,,,,,,19,02,yes,no,no,2025-07-14_14h23.31.760,EXNAT_4_TMS_Psychopy2024.2.5.psyexp,2024.2.5,2025-07-14 14h31.41.583675 +0200,
0,0,0,0,0,0,0,,,,,,,,,#F989A2,362.15675616264343,None,space,None,None,504.72521781921387,text_10,50,4,Reading_Baseline_main_click,None,In,60,0,60,60,inf,362.2093186378479,,,,,,,,,,19,02,yes,no,no,2025-07-14_14h23.31.760,EXNAT_4_TMS_Psychopy2024.2.5.psyexp,2024.2.5,2025-07-14 14h31.41.583675 +0200,
0,0,0,0,0,0,0,,,,,,,,,#D292F3,362.7015907764435,None,space,None,None,503.99279594421387,text_10,51,4,Reading_Baseline_main_click,None,Ägypten,60,0,60,60,inf,,,,,,,,,,,19,02,yes,no,no,2025-07-14_14h23.31.760,EXNAT_4_TMS_Psychopy2024.2.5.psyexp,2024.2.5,2025-07-14 14h31.41.583675 +0200,
0,0,0,0,0,0,0,,,,,,,,,#D292F3,363.24529933929443,None,space,None,None,472.20683097839355,text_10,52,4,Reading_Baseline_main_click,None,wurden,60,0,60,60,inf,,,,,,,,,,,19,02,yes,no,no,2025-07-14_14h23.31.760,EXNAT_4_TMS_Psychopy2024.2.5.psyexp,2024.2.5,2025-07-14 14h31.41.583675 +0200,
0,0,0,0,0,0,0,,,,,,,,,#2AB7EF,363.7580668926239,None,space,None,None,439.44597244262695,text_10,53,4,Reading_Baseline_main_click,None,bei,60,0,60,60,inf,,,,,,,,,,,19,02,yes,no,no,2025-07-14_14h23.31.760,EXNAT_4_TMS_Psychopy2024.2.5.psyexp,2024.2.5,2025-07-14 14h31.41.583675 +0200,
0,0,0,0,0,0,0,,,,,,,,,#88BA3F,364.23893547058105,None,space,None,None,470.5328941345215,text_10,54,4,Reading_Baseline_main_click,None,einem,60,0,60,60,inf,,,,,,,,,,,19,02,yes,no,no,2025-07-14_14h23.31.760,EXNAT_4_TMS_Psychopy2024.2.5.psyexp,2024.2.5,2025-07-14 14h31.41.583675 +0200,
0,0,0,0,0,0,0,,,,,,,,,#2AB7EF,364.7516345977783,None,space,None,None,453.8719654083252,text_10,55,4,Reading_Baseline_main_click,None,Konzert,60,0,60,60,inf,,,,,,,,,,,19,02,yes,no,no,2025-07-14_14h23.31.760,EXNAT_4_TMS_Psychopy2024.2.5.psyexp,2024.2.5,2025-07-14 14h31.41.583675 +0200,
0,0,0,0,0,0,0,,,,,,,,,#F989A2,365.24480271339417,None,space,None,None,488.80457878112793,text_10,56,4,Reading_Baseline_main_click,None,damals,60,0,60,60,inf,,,,,,,,,,,19,02,yes,no,no,2025-07-14_14h23.31.760,EXNAT_4_TMS_Psychopy2024.2.5.psyexp,2024.2.5,2025-07-14 14h31.41.583675 +0200,
0,0,0,0,0,0,0,,,,,,,,,#2AB7EF,365.7735514640808,None,space,None,None,487.95080184936523,text_10,57,4,Reading_Baseline_main_click,None,70,60,0,60,60,inf,,,,,,,,,,,19,02,yes,no,no,2025-07-14_14h23.31.760,EXNAT_4_TMS_Psychopy2024.2.5.psyexp,2024.2.5,2025-07-14 14h31.41.583675 +0200,
0,0,0,0,0,0,0,,,,,,,,,#F989A2,366.3010485172272,None,space,None,None,488.39640617370605,text_10,58,4,Reading_Baseline_main_click,None,Jugendliche,60,0,60,60,inf,,,,,,,,,,,19,02,yes,no,no,2025-07-14_14h23.31.760,EXNAT_4_TMS_Psychopy2024.2.5.psyexp,2024.2.5,2025-07-14 14h31.41.583675 +0200,
0,0,0,0,0,0,0,,,,,,,,,#88BA3F,366.83013343811035,None,space,None,None,487.32757568359375,text_10,59,4,Reading_Baseline_main_click,None,festgenommen.,61,0,61,60,inf,367.2093462944031,,,,,,,,,,19,02,yes,no,no,2025-07-14_14h23.31.760,EXNAT_4_TMS_Psychopy2024.2.5.psyexp,2024.2.5,2025-07-14 14h31.41.583675 +0200,
0,0,0,0,0,0,0,,,,,,,,,#D292F3,367.35755801200867,None,space,None,None,744.0586090087891,text_10,60,4,Reading_Baseline_main_click,None,Heute,61,0,61,60,inf,,,,,,,,,,,19,02,yes,no,no,2025-07-14_14h23.31.760,EXNAT_4_TMS_Psychopy2024.2.5.psyexp,2024.2.5,2025-07-14 14h31.41.583675 +0200,
0,0,0,0,0,0,0,,,,,,,,,#2AB7EF,368.1423041820526,None,space,None,None,615.2539253234863,text_10,61,4,Reading_Baseline_main_click,None,kommt,61,0,61,60,inf,,,,,,,,,,,19,02,yes,no,no,2025-07-14_14h23.31.760,EXNAT_4_TMS_Psychopy2024.2.5.psyexp,2024.2.5,2025-07-14 14h31.41.583675 +0200,
0,0,0,0,0,0,0,,,,,,,,,#F989A2,368.79660630226135,None,space,None,None,488.74902725219727,text_10,62,4,Reading_Baseline_main_click,None,es,61,0,61,60,inf,,,,,,,,,,,19,02,yes,no,no,2025-07-14_14h23.31.760,EXNAT_4_TMS_Psychopy2024.2.5.psyexp,2024.2.5,2025-07-14 14h31.41.583675 +0200,
0,0,0,0,0,0,0,,,,,,,,,#2AB7EF,369.32452392578125,None,space,None,None,504.83131408691406,text_10,63,4,Reading_Baseline_main_click,None,in,61,0,61,60,inf,,,,,,,,,,,19,02,yes,no,no,2025-07-14_14h23.31.760,EXNAT_4_TMS_Psychopy2024.2.5.psyexp,2024.2.5,2025-07-14 14h31.41.583675 +0200,
0,0,0,0,0,0,0,,,,,,,,,#88BA3F,369.8700957298279,None,space,None,None,471.2343215942383,text_10,64,4,Reading_Baseline_main_click,None,Jordanien,61,0,61,60,inf,,,,,,,,,,,19,02,yes,no,no,2025-07-14_14h23.31.760,EXNAT_4_TMS_Psychopy2024.2.5.psyexp,2024.2.5,2025-07-14 14h31.41.583675 +0200,
0,0,0,0,0,0,0,,,,,,,,,#88BA3F,370.3795557022095,None,space,None,None,457.95440673828125,text_10,65,4,Reading_Baseline_main_click,None,zwar,61,0,61,60,inf,,,,,,,,,,,19,02,yes,no,no,2025-07-14_14h23.31.760,EXNAT_4_TMS_Psychopy2024.2.5.psyexp,2024.2.5,2025-07-14 14h31.41.583675 +0200,
0,0,0,0,0,0,0,,,,,,,,,#F989A2,370.87584471702576,None,space,None,None,473.7436771392822,text_10,66,4,Reading_Baseline_main_click,None,seltener,61,0,61,60,inf,,,,,,,,,,,19,02,yes,no,no,2025-07-14_14h23.31.760,EXNAT_4_TMS_Psychopy2024.2.5.psyexp,2024.2.5,2025-07-14 14h31.41.583675 +0200,
0,0,0,0,0,0,0,,,,,,,,,#D292F3,371.3883774280548,None,space,None,None,473.0517864227295,text_10,67,4,Reading_Baseline_main_click,None,zu,61,0,61,60,inf,,,,,,,,,,,19,02,yes,no,no,2025-07-14_14h23.31.760,EXNAT_4_TMS_Psychopy2024.2.5.psyexp,2024.2.5,2025-07-14 14h31.41.583675 +0200,
0,0,0,0,0,0,0,,,,,,,,,#88BA3F,371.90348386764526,None,space,None,None,453.9027214050293,text_10,68,4,Reading_Baseline_main_click,None,"Festnahmen,",62,0,62,60,inf,372.2093229293823,,,,,,,,,,19,02,yes,no,no,2025-07-14_14h23.31.760,EXNAT_4_TMS_Psychopy2024.2.5.psyexp,2024.2.5,2025-07-14 14h31.41.583675 +0200,
0,0,0,0,0,0,0,,,,,,,,,#D292F3,372.39718532562256,None,space,None,None,520.2021598815918,text_10,69,4,Reading_Baseline_main_click,None,aber,62,0,62,60,inf,,,,,,,,,,,19,02,yes,no,no,2025-07-14_14h23.31.760,EXNAT_4_TMS_Psychopy2024.2.5.psyexp,2024.2.5,2025-07-14 14h31.41.583675 +0200,
0,0,0,0,0,0,0,,,,,,,,,#F989A2,372.9549844264984,None,space,None,None,458.3914279937744,text_10,70,4,Reading_Baseline_main_click,None,dafür,62,0,62,60,inf,,,,,,,,,,,19,02,yes,no,no,2025-07-14_14h23.31.760,EXNAT_4_TMS_Psychopy2024.2.5.psyexp,2024.2.5,2025-07-14 14h31.41.583675 +0200,
0,0,0,0,0,0,0,,,,,,,,,#2AB7EF,373.4545316696167,None,space,None,None,486.96064949035645,text_10,71,4,Reading_Baseline_main_click,None,werden,62,0,62,60,inf,,,,,,,,,,,19,02,yes,no,no,2025-07-14_14h23.31.760,EXNAT_4_TMS_Psychopy2024.2.5.psyexp,2024.2.5,2025-07-14 14h31.41.583675 +0200,
0,0,0,0,0,0,0,,,,,,,,,#D292F3,373.98192381858826,None,space,None,None,455.5625915527344,text_10,72,4,Reading_Baseline_main_click,None,Konzerte,62,0,62,60,inf,,,,,,,,,,,19,02,yes,no,no,2025-07-14_14h23.31.760,EXNAT_4_TMS_Psychopy2024.2.5.psyexp,2024.2.5,2025-07-14 14h31.41.583675 +0200,
0,0,0,0,0,0,0,,,,,,,,,#88BA3F,374.47849345207214,None,space,None,None,486.97352409362793,text_10,73,4,Reading_Baseline_main_click,None,meist,62,0,62,60,inf,,,,,,,,,,,19,02,yes,no,no,2025-07-14_14h23.31.760,EXNAT_4_TMS_Psychopy2024.2.5.psyexp,2024.2.5,2025-07-14 14h31.41.583675 +0200,
0,0,0,0,0,0,0,,,,,,,,,#88BA3F,375.0045835971832,None,space,None,None,472.8989601135254,text_10,74,4,Reading_Baseline_main_click,None,schon,62,0,62,60,inf,,,,,,,,,,,19,02,yes,no,no,2025-07-14_14h23.31.760,EXNAT_4_TMS_Psychopy2024.2.5.psyexp,2024.2.5,2025-07-14 14h31.41.583675 +0200,
0,0,0,0,0,0,0,,,,,,,,,#2AB7EF,375.51565170288086,None,space,None,None,457.78656005859375,text_10,75,4,Reading_Baseline_main_click,None,direkt,62,0,62,60,inf,,,,,,,,,,,19,02,yes,no,no,2025-07-14_14h23.31.760,EXNAT_4_TMS_Psychopy2024.2.5.psyexp,2024.2.5,2025-07-14 14h31.41.583675 +0200,
0,0,0,0,0,0,0,,,,,,,,,#D292F3,376.0139548778534,None,space,None,None,503.3574104309082,text_10,76,4,Reading_Baseline_main_click,None,verboten.,62,0,62,60,inf,,,,,,,,,,,19,02,yes,no,no,2025-07-14_14h23.31.760,EXNAT_4_TMS_Psychopy2024.2.5.psyexp,2024.2.5,2025-07-14 14h31.41.583675 +0200,
0,0,0,0,0,0,0,,,,,,,,,#D292F3,376.556592464447,None,space,None,None,536.7836952209473,text_10,77,4,Reading_Baseline_main_click,None,Deshalb,62,0,62,60,inf,,,,,,,,,,,19,02,yes,no,no,2025-07-14_14h23.31.760,EXNAT_4_TMS_Psychopy2024.2.5.psyexp,2024.2.5,2025-07-14 14h31.41.583675 +0200,
0,0,0,0,0,0,0,,,,,,,,,#F989A2,377.13456439971924,None,space,None,None,502.76827812194824,text_10,78,4,Reading_Baseline_main_click,None,finden,63,0,63,60,inf,377.2093141078949,,,,,,,,,,19,02,yes,no,no,2025-07-14_14h23.31.760,EXNAT_4_TMS_Psychopy2024.2.5.psyexp,2024.2.5,2025-07-14 14h31.41.583675 +0200,
0,0,0,0,0,0,0,,,,,,,,,#88BA3F,377.6773943901062,None,space,None,None,488.13629150390625,text_10,79,4,Reading_Baseline_main_click,None,sie,63,0,63,60,inf,,,,,,,,,,,19,02,yes,no,no,2025-07-14_14h23.31.760,EXNAT_4_TMS_Psychopy2024.2.5.psyexp,2024.2.5,2025-07-14 14h31.41.583675 +0200,
0,0,0,0,0,0,0,,,,,,,,,#2AB7EF,378.20561814308167,None,space,None,None,487.85996437072754,text_10,80,4,Reading_Baseline_main_click,None,nur,63,0,63,60,inf,,,,,,,,,,,19,02,yes,no,no,2025-07-14_14h23.31.760,EXNAT_4_TMS_Psychopy2024.2.5.psyexp,2024.2.5,2025-07-14 14h31.41.583675 +0200,
0,0,0,0,0,0,0,,,,,,,,,#D292F3,378.7347159385681,None,space,None,None,502.7797222137451,text_10,81,4,Reading_Baseline_main_click,None,heimlich,63,0,63,60,inf,,,,,,,,,,,19,02,yes,no,no,2025-07-14_14h23.31.760,EXNAT_4_TMS_Psychopy2024.2.5.psyexp,2024.2.5,2025-07-14 14h31.41.583675 +0200,
0,0,0,0,0,0,0,,,,,,,,,#F989A2,379.2755923271179,None,space,None,None,489.87746238708496,text_10,82,4,Reading_Baseline_main_click,None,statt.,63,0,63,60,inf,,,,,,,,,,,19,02,yes,no,no,2025-07-14_14h23.31.760,EXNAT_4_TMS_Psychopy2024.2.5.psyexp,2024.2.5,2025-07-14 14h31.41.583675 +0200,
0,0,0,0,0,0,0,,,,,,,,,#F989A2,379.8055531978607,None,space,None,None,487.9159927368164,text_10,83,4,Reading_Baseline_main_click,None,Trotzdem,63,0,63,60,inf,,,,,,,,,,,19,02,yes,no,no,2025-07-14_14h23.31.760,EXNAT_4_TMS_Psychopy2024.2.5.psyexp,2024.2.5,2025-07-14 14h31.41.583675 +0200,
0,0,0,0,0,0,0,,,,,,,,,#2AB7EF,380.33244371414185,None,space,None,None,489.0267848968506,text_10,84,4,Reading_Baseline_main_click,None,wächst,63,0,63,60,inf,,,,,,,,,,,19,02,yes,no,no,2025-07-14_14h23.31.760,EXNAT_4_TMS_Psychopy2024.2.5.psyexp,2024.2.5,2025-07-14 14h31.41.583675 +0200,
0,0,0,0,0,0,0,,,,,,,,,#88BA3F,380.8572025299072,None,space,None,None,476.29642486572266,text_10,85,4,Reading_Baseline_main_click,None,die,63,0,63,60,inf,,,,,,,,,,,19,02,yes,no,no,2025-07-14_14h23.31.760,EXNAT_4_TMS_Psychopy2024.2.5.psyexp,2024.2.5,2025-07-14 14h31.41.583675 +0200,
0,0,0,0,0,0,0,,,,,,,,,#D292F3,381.3748993873596,None,space,None,None,470.6549644470215,text_10,86,4,Reading_Baseline_main_click,None,Szene,63,0,63,60,inf,,,,,,,,,,,19,02,yes,no,no,2025-07-14_14h23.31.760,EXNAT_4_TMS_Psychopy2024.2.5.psyexp,2024.2.5,2025-07-14 14h31.41.583675 +0200,
0,0,0,0,0,0,0,,,,,,,,,#D292F3,381.8864984512329,None,space,None,None,486.9375228881836,text_10,87,4,Reading_Baseline_main_click,None,"weiter,",64,0,64,60,inf,382.20932054519653,,,,,,,,,,19,02,yes,no,no,2025-07-14_14h23.31.760,EXNAT_4_TMS_Psychopy2024.2.5.psyexp,2024.2.5,2025-07-14 14h31.41.583675 +0200,
0,0,0,0,0,0,0,,,,,,,,,#2AB7EF,382.412761926651,None,space,None,None,504.78196144104004,text_10,88,4,Reading_Baseline_main_click,None,vielleicht,64,0,64,60,inf,,,,,,,,,,,19,02,yes,no,no,2025-07-14_14h23.31.760,EXNAT_4_TMS_Psychopy2024.2.5.psyexp,2024.2.5,2025-07-14 14h31.41.583675 +0200,
0,0,0,0,0,0,0,,,,,,,,,#D292F3,382.9581732749939,None,space,None,None,535.3310108184814,text_10,89,4,Reading_Baseline_main_click,None,gerade,64,0,64,60,inf,,,,,,,,,,,19,02,yes,no,no,2025-07-14_14h23.31.760,EXNAT_4_TMS_Psychopy2024.2.5.psyexp,2024.2.5,2025-07-14 14h31.41.583675 +0200,
0,0,0,0,0,0,0,,,,,,,,,#2AB7EF,383.53363013267517,None,space,None,None,455.8560848236084,text_10,90,4,Reading_Baseline_main_click,None,wegen,64,0,64,60,inf,,,,,,,,,,,19,02,yes,no,no,2025-07-14_14h23.31.760,EXNAT_4_TMS_Psychopy2024.2.5.psyexp,2024.2.5,2025-07-14 14h31.41.583675 +0200,
0,0,0,0,0,0,0,,,,,,,,,#88BA3F,384.0284605026245,None,space,None,None,457.0300579071045,text_10,91,4,Reading_Baseline_main_click,None,der,64,0,64,60,inf,,,,,,,,,,,19,02,yes,no,no,2025-07-14_14h23.31.760,EXNAT_4_TMS_Psychopy2024.2.5.psyexp,2024.2.5,2025-07-14 14h31.41.583675 +0200,
0,0,0,0,0,0,0,,,,,,,,,#F989A2,384.5258378982544,None,space,None,None,519.6447372436523,text_10,92,4,Reading_Baseline_main_click,None,Verbote.,64,0,64,60,inf,,,,,,,,,,,19,02,yes,no,no,2025-07-14_14h23.31.760,EXNAT_4_TMS_Psychopy2024.2.5.psyexp,2024.2.5,2025-07-14 14h31.41.583675 +0200,
0,0,0,0,0,0,0,,,,,,,,,#F989A2,385.0850808620453,None,space,None,None,552.4497032165527,text_10,93,4,Reading_Baseline_main_click,None,Doch,64,0,64,60,inf,,,,,,,,,,,19,02,yes,no,no,2025-07-14_14h23.31.760,EXNAT_4_TMS_Psychopy2024.2.5.psyexp,2024.2.5,2025-07-14 14h31.41.583675 +0200,
0,0,0,0,0,0,0,,,,,,,,,#88BA3F,385.6760754585266,None,space,None,None,489.3364906311035,text_10,94,4,Reading_Baseline_main_click,None,das,64,0,64,60,inf,,,,,,,,,,,19,02,yes,no,no,2025-07-14_14h23.31.760,EXNAT_4_TMS_Psychopy2024.2.5.psyexp,2024.2.5,2025-07-14 14h31.41.583675 +0200,
0,0,0,0,0,0,0,,,,,,,,,#F989A2,386.20464754104614,None,space,None,None,456.8455219268799,text_10,95,4,Reading_Baseline_main_click,None,Misstrauen,64,0,64,60,inf,,,,,,,,,,,19,02,yes,no,no,2025-07-14_14h23.31.760,EXNAT_4_TMS_Psychopy2024.2.5.psyexp,2024.2.5,2025-07-14 14h31.41.583675 +0200,
0,0,0,0,0,0,0,,,,,,,,,#2AB7EF,386.70024132728577,None,space,None,None,441.27655029296875,text_10,96,4,Reading_Baseline_main_click,None,der,64,0,64,60,inf,,,,,,,,,,,19,02,yes,no,no,2025-07-14_14h23.31.760,EXNAT_4_TMS_Psychopy2024.2.5.psyexp,2024.2.5,2025-07-14 14h31.41.583675 +0200,
0,0,0,0,0,0,0,,,,,,,,,#2AB7EF,387.1827082633972,None,space,None,None,454.8616409301758,text_10,97,4,Reading_Baseline_main_click,None,Behörden,65,0,65,60,inf,387.23889684677124,,,,,,,,,,19,02,yes,no,no,2025-07-14_14h23.31.760,EXNAT_4_TMS_Psychopy2024.2.5.psyexp,2024.2.5,2025-07-14 14h31.41.583675 +0200,
0,0,0,0,0,0,0,,,,,,,,,#2AB7EF,387.675194978714,None,space,None,None,442.39306449890137,text_10,98,4,Reading_Baseline_main_click,None,bleibt,65,0,65,60,inf,,,,,,,,,,,19,02,yes,no,no,2025-07-14_14h23.31.760,EXNAT_4_TMS_Psychopy2024.2.5.psyexp,2024.2.5,2025-07-14 14h31.41.583675 +0200,
0,0,0,0,0,0,0,,,,,,,,,#2AB7EF,388.159054517746,None,space,None,None,454.2696475982666,text_10,99,4,Reading_Baseline_main_click,None,groß.,65,0,65,60,inf,,,,,,,,,,,19,02,yes,no,no,2025-07-14_14h23.31.760,EXNAT_4_TMS_Psychopy2024.2.5.psyexp,2024.2.5,2025-07-14 14h31.41.583675 +0200,
0,0,0,0,0,0,0,,,,,,,,,#D292F3,388.6554853916168,None,space,None,None,470.0508117675781,text_10,100,4,Reading_Baseline_main_click,None,Wenn,65,0,65,60,inf,,,,,,,,,,,19,02,yes,no,no,2025-07-14_14h23.31.760,EXNAT_4_TMS_Psychopy2024.2.5.psyexp,2024.2.5,2025-07-14 14h31.41.583675 +0200,
0,0,0,0,0,0,0,,,,,,,,,#F989A2,389.16422510147095,None,space,None,None,441.2682056427002,text_10,101,4,Reading_Baseline_main_click,None,man,65,0,65,60,inf,,,,,,,,,,,19,02,yes,no,no,2025-07-14_14h23.31.760,EXNAT_4_TMS_Psychopy2024.2.5.psyexp,2024.2.5,2025-07-14 14h31.41.583675 +0200,
0,0,0,0,0,0,0,,,,,,,,,#88BA3F,389.6442940235138,None,space,None,None,425.0826835632324,text_10,102,4,Reading_Baseline_main_click,None,nach,65,0,65,60,inf,,,,,,,,,,,19,02,yes,no,no,2025-07-14_14h23.31.760,EXNAT_4_TMS_Psychopy2024.2.5.psyexp,2024.2.5,2025-07-14 14h31.41.583675 +0200,
0,0,0,0,0,0,0,,,,,,,,,#F989A2,390.10889887809753,None,space,None,None,424.5762825012207,text_10,103,4,Reading_Baseline_main_click,None,Metal-Fans,65,0,65,60,inf,,,,,,,,,,,19,02,yes,no,no,2025-07-14_14h23.31.760,EXNAT_4_TMS_Psychopy2024.2.5.psyexp,2024.2.5,2025-07-14 14h31.41.583675 +0200,
0,0,0,0,0,0,0,,,,,,,,,#F989A2,390.57029247283936,None,space,None,None,491.2254810333252,text_10,104,4,Reading_Baseline_main_click,None,"fragt,",65,0,65,60,inf,,,,,,,,,,,19,02,yes,no,no,2025-07-14_14h23.31.760,EXNAT_4_TMS_Psychopy2024.2.5.psyexp,2024.2.5,2025-07-14 14h31.41.583675 +0200,
0,0,0,0,0,0,0,,,,,,,,,#D292F3,391.10209345817566,None,space,None,None,471.3854789733887,text_10,105,4,Reading_Baseline_main_click,None,bekommt,65,0,65,60,inf,,,,,,,,,,,19,02,yes,no,no,2025-07-14_14h23.31.760,EXNAT_4_TMS_Psychopy2024.2.5.psyexp,2024.2.5,2025-07-14 14h31.41.583675 +0200,
0,0,0,0,0,0,0,,,,,,,,,#88BA3F,391.61258912086487,None,space,None,None,472.9118347167969,text_10,106,4,Reading_Baseline_main_click,None,man,65,0,65,60,inf,,,,,,,,,,,19,02,yes,no,no,2025-07-14_14h23.31.760,EXNAT_4_TMS_Psychopy2024.2.5.psyexp,2024.2.5,2025-07-14 14h31.41.583675 +0200,
0,0,0,0,0,0,0,,,,,,,,,#D292F3,392.12557649612427,None,space,None,None,423.9306449890137,text_10,107,4,Reading_Baseline_main_click,None,kaum,66,0,66,60,inf,392.23898911476135,,,,,,,,,,19,02,yes,no,no,2025-07-14_14h23.31.760,EXNAT_4_TMS_Psychopy2024.2.5.psyexp,2024.2.5,2025-07-14 14h31.41.583675 +0200,
0,0,0,0,0,0,0,,,,,,,,,#88BA3F,392.5899269580841,None,space,None,None,455.5032253265381,text_10,108,4,Reading_Baseline_main_click,None,eine,66,0,66,60,inf,,,,,,,,,,,19,02,yes,no,no,2025-07-14_14h23.31.760,EXNAT_4_TMS_Psychopy2024.2.5.psyexp,2024.2.5,2025-07-14 14h31.41.583675 +0200,
0,0,0,0,0,0,0,,,,,,,,,#2AB7EF,393.0857632160187,None,space,None,None,471.6625213623047,text_10,109,4,Reading_Baseline_main_click,None,Antwort.,66,0,66,60,inf,,,,,,,,,,,19,02,yes,no,no,2025-07-14_14h23.31.760,EXNAT_4_TMS_Psychopy2024.2.5.psyexp,2024.2.5,2025-07-14 14h31.41.583675 +0200,
0,0,0,0,0,0,0,,,,,,,,,#D292F3,393.5976779460907,None,space,None,None,503.7975311279297,text_10,110,4,Reading_Baseline_main_click,None,Ein,66,0,66,60,inf,,,,,,,,,,,19,02,yes,no,no,2025-07-14_14h23.31.760,EXNAT_4_TMS_Psychopy2024.2.5.psyexp,2024.2.5,2025-07-14 14h31.41.583675 +0200,
0,0,0,0,0,0,0,,,,,,,,,#2AB7EF,394.1414918899536,None,space,None,None,568.082332611084,text_10,111,4,Reading_Baseline_main_click,None,Polizist,66,0,66,60,inf,,,,,,,,,,,19,02,yes,no,no,2025-07-14_14h23.31.760,EXNAT_4_TMS_Psychopy2024.2.5.psyexp,2024.2.5,2025-07-14 14h31.41.583675 +0200,
0,0,0,0,0,0,0,,,,,,,,,#D292F3,394.74953508377075,None,space,None,None,775.9699821472168,text_10,112,4,Reading_Baseline_main_click,None,sagt:,66,0,66,60,inf,,,,,,,,,,,19,02,yes,no,no,2025-07-14_14h23.31.760,EXNAT_4_TMS_Psychopy2024.2.5.psyexp,2024.2.5,2025-07-14 14h31.41.583675 +0200,
0,0,0,0,0,0,0,,,,,,,,,#2AB7EF,395.56465220451355,None,space,None,None,504.73690032958984,text_10,113,4,Reading_Baseline_main_click,None,""Die,66,0,66,60,inf,,,,,,,,,,,19,02,yes,no,no,2025-07-14_14h23.31.760,EXNAT_4_TMS_Psychopy2024.2.5.psyexp,2024.2.5,2025-07-14 14h31.41.583675 +0200,
0,0,0,0,0,0,0,,,,,,,,,#F989A2,396.11002564430237,None,space,None,None,487.38789558410645,text_10,114,4,Reading_Baseline_main_click,None,Musik,66,0,66,60,inf,,,,,,,,,,,19,02,yes,no,no,2025-07-14_14h23.31.760,EXNAT_4_TMS_Psychopy2024.2.5.psyexp,2024.2.5,2025-07-14 14h31.41.583675 +0200,
0,0,0,0,0,0,0,,,,,,,,,#D292F3,396.6374912261963,None,space,None,None,487.9298210144043,text_10,115,4,Reading_Baseline_main_click,None,ist,66,0,66,60,inf,,,,,,,,,,,19,02,yes,no,no,2025-07-14_14h23.31.760,EXNAT_4_TMS_Psychopy2024.2.5.psyexp,2024.2.5,2025-07-14 14h31.41.583675 +0200,
0,0,0,0,0,0,0,,,,,,,,,#88BA3F,397.1638865470886,None,space,None,None,521.5697288513184,text_10,116,4,Reading_Baseline_main_click,None,kein,67,0,67,60,inf,397.2391185760498,,,,,,,,,,19,02,yes,no,no,2025-07-14_14h23.31.760,EXNAT_4_TMS_Psychopy2024.2.5.psyexp,2024.2.5,2025-07-14 14h31.41.583675 +0200,
0,0,0,0,0,0,0,,,,,,,,,#F989A2,397.72376251220703,None,space,None,None,505.72896003723145,text_10,117,4,Reading_Baseline_main_click,None,"Problem,",67,0,67,60,inf,,,,,,,,,,,19,02,yes,no,no,2025-07-14_14h23.31.760,EXNAT_4_TMS_Psychopy2024.2.5.psyexp,2024.2.5,2025-07-14 14h31.41.583675 +0200,
0,0,0,0,0,0,0,,,,,,,,,#88BA3F,398.2708203792572,None,space,None,None,486.4375591278076,text_10,118,4,Reading_Baseline_main_click,None,aber,67,0,67,60,inf,,,,,,,,,,,19,02,yes,no,no,2025-07-14_14h23.31.760,EXNAT_4_TMS_Psychopy2024.2.5.psyexp,2024.2.5,2025-07-14 14h31.41.583675 +0200,
0,0,0,0,0,0,0,,,,,,,,,#88BA3F,398.79612612724304,None,space,None,None,505.36346435546875,text_10,119,4,Reading_Baseline_main_click,None,Satanismus,67,0,67,60,inf,,,,,,,,,,,19,02,yes,no,no,2025-07-14_14h23.31.760,EXNAT_4_TMS_Psychopy2024.2.5.psyexp,2024.2.5,2025-07-14 14h31.41.583675 +0200,
0,0,0,0,0,0,0,,,,,,,,,#F989A2,399.3400821685791,None,space,None,None,505.3985118865967,text_10,120,4,Reading_Baseline_main_click,None,ist,67,0,67,60,inf,,,,,,,,,,,19,02,yes,no,no,2025-07-14_14h23.31.760,EXNAT_4_TMS_Psychopy2024.2.5.psyexp,2024.2.5,2025-07-14 14h31.41.583675 +0200,
0,0,0,0,0,0,0,,,,,,,,,#2AB7EF,399.88219714164734,None,space,None,None,491.29486083984375,text_10,121,4,Reading_Baseline_main_click,None,verboten."",67,0,67,60,inf,,,,,,,,,,,19,02,yes,no,no,2025-07-14_14h23.31.760,EXNAT_4_TMS_Psychopy2024.2.5.psyexp,2024.2.5,2025-07-14 14h31.41.583675 +0200,
0,0,0,0,0,0,0,,,,,,,,,#88BA3F,400.41299057006836,None,space,None,None,616.4476871490479,text_10,122,4,Reading_Baseline_main_click,None,Was,67,0,67,60,inf,,,,,,,,,,,19,02,yes,no,no,2025-07-14_14h23.31.760,EXNAT_4_TMS_Psychopy2024.2.5.psyexp,2024.2.5,2025-07-14 14h31.41.583675 +0200,
0,0,0,0,0,0,0,,,,,,,,,#2AB7EF,401.06853723526,None,space,None,None,520.9219455718994,text_10,123,4,Reading_Baseline_main_click,None,das,67,0,67,60,inf,,,,,,,,,,,19,02,yes,no,no,2025-07-14_14h23.31.760,EXNAT_4_TMS_Psychopy2024.2.5.psyexp,2024.2.5,2025-07-14 14h31.41.583675 +0200,
0,0,0,0,0,0,0,,,,,,,,,#2AB7EF,401.6278910636902,None,space,None,None,505.56349754333496,text_10,124,4,Reading_Baseline_main_click,None,mit,67,0,67,60,inf,,,,,,,,,,,19,02,yes,no,no,2025-07-14_14h23.31.760,EXNAT_4_TMS_Psychopy2024.2.5.psyexp,2024.2.5,2025-07-14 14h31.41.583675 +0200,
0,0,0,0,0,0,0,,,,,,,,,#88BA3F,402.1724672317505,None,space,None,None,472.92637825012207,text_10,125,4,Reading_Baseline_main_click,None,Metal,68,0,68,60,inf,402.2390468120575,,,,,,,,,,19,02,yes,no,no,2025-07-14_14h23.31.760,EXNAT_4_TMS_Psychopy2024.2.5.psyexp,2024.2.5,2025-07-14 14h31.41.583675 +0200,
0,0,0,0,0,0,0,,,,,,,,,#D292F3,402.685186624527,None,space,None,None,488.1443977355957,text_10,126,4,Reading_Baseline_main_click,None,zu,68,0,68,60,inf,,,,,,,,,,,19,02,yes,no,no,2025-07-14_14h23.31.760,EXNAT_4_TMS_Psychopy2024.2.5.psyexp,2024.2.5,2025-07-14 14h31.41.583675 +0200,
0,0,0,0,0,0,0,,,,,,,,,#F989A2,403.21207332611084,None,space,None,None,441.3647651672363,text_10,127,4,Reading_Baseline_main_click,None,tun,68,0,68,60,inf,,,,,,,,,,,19,02,yes,no,no,2025-07-14_14h23.31.760,EXNAT_4_TMS_Psychopy2024.2.5.psyexp,2024.2.5,2025-07-14 14h31.41.583675 +0200,
0,0,0,0,0,0,0,,,,,,,,,#D292F3,403.6941134929657,None,space,None,None,455.31344413757324,text_10,128,4,Reading_Baseline_main_click,None,"hat,",68,0,68,60,inf,,,,,,,,,,,19,02,yes,no,no,2025-07-14_14h23.31.760,EXNAT_4_TMS_Psychopy2024.2.5.psyexp,2024.2.5,2025-07-14 14h31.41.583675 +0200,
0,0,0,0,0,0,0,,,,,,,,,#F989A2,404.1868185997009,None,space,None,None,458.67419242858887,text_10,129,4,Reading_Baseline_main_click,None,erklärt,68,0,68,60,inf,,,,,,,,,,,19,02,yes,no,no,2025-07-14_14h23.31.760,EXNAT_4_TMS_Psychopy2024.2.5.psyexp,2024.2.5,2025-07-14 14h31.41.583675 +0200,
0,0,0,0,0,0,0,,,,,,,,,#D292F3,404.68287682533264,None,space,None,None,474.5972156524658,text_10,130,4,Reading_Baseline_main_click,None,er,68,0,68,60,inf,,,,,,,,,,,19,02,yes,no,no,2025-07-14_14h23.31.760,EXNAT_4_TMS_Psychopy2024.2.5.psyexp,2024.2.5,2025-07-14 14h31.41.583675 +0200,
0,0,0,0,0,0,0,,,,,,,,,#F989A2,405.19600653648376,None,space,None,None,473.42896461486816,text_10,131,4,Reading_Baseline_main_click,None,nicht.,68,0,68,60,inf,,,,,,,,,,,19,02,yes,no,no,2025-07-14_14h23.31.760,EXNAT_4_TMS_Psychopy2024.2.5.psyexp,2024.2.5,2025-07-14 14h31.41.583675 +0200,
0,0,0,0,0,0,0,,,,,,,,,#88BA3F,405.7095980644226,None,space,None,None,519.8476314544678,text_10,132,4,Reading_Baseline_main_click,None,Adnan,68,0,68,60,inf,,,,,,,,,,,19,02,yes,no,no,2025-07-14_14h23.31.760,EXNAT_4_TMS_Psychopy2024.2.5.psyexp,2024.2.5,2025-07-14 14h31.41.583675 +0200,
0,0,0,0,0,0,0,,,,,,,,,#D292F3,406.26975202560425,None,space,None,None,535.6934070587158,text_10,133,4,Reading_Baseline_main_click,None,wollte,68,0,68,60,inf,,,,,,,,,,,19,02,yes,no,no,2025-07-14_14h23.31.760,EXNAT_4_TMS_Psychopy2024.2.5.psyexp,2024.2.5,2025-07-14 14h31.41.583675 +0200,
0,0,0,0,0,0,0,,,,,,,,,#D292F3,406.8450083732605,None,space,None,None,632.5345039367676,text_10,134,4,Reading_Baseline_main_click,None,Polizisten,69,0,69,60,inf,407.2390568256378,,,,,,,,,,19,02,yes,no,no,2025-07-14_14h23.31.760,EXNAT_4_TMS_Psychopy2024.2.5.psyexp,2024.2.5,2025-07-14 14h31.41.583675 +0200,
0,0,0,0,0,0,0,,,,,,,,,#F989A2,407.51708579063416,None,space,None,None,584.4855308532715,text_10,135,4,Reading_Baseline_main_click,None,zu,69,0,69,60,inf,,,,,,,,,,,19,02,yes,no,no,2025-07-14_14h23.31.760,EXNAT_4_TMS_Psychopy2024.2.5.psyexp,2024.2.5,2025-07-14 14h31.41.583675 +0200,
0,0,0,0,0,0,0,,,,,,,,,#F989A2,408.1414198875427,None,space,None,None,519.9718475341797,text_10,136,4,Reading_Baseline_main_click,None,einem,69,0,69,60,inf,,,,,,,,,,,19,02,yes,no,no,2025-07-14_14h23.31.760,EXNAT_4_TMS_Psychopy2024.2.5.psyexp,2024.2.5,2025-07-14 14h31.41.583675 +0200,
0,0,0,0,0,0,0,,,,,,,,,#2AB7EF,408.70237469673157,None,space,None,None,519.1347599029541,text_10,137,4,Reading_Baseline_main_click,None,Konzert,69,0,69,60,inf,,,,,,,,,,,19,02,yes,no,no,2025-07-14_14h23.31.760,EXNAT_4_TMS_Psychopy2024.2.5.psyexp,2024.2.5,2025-07-14 14h31.41.583675 +0200,
0,0,0,0,0,0,0,,,,,,,,,#88BA3F,409.26219058036804,None,space,None,None,503.36718559265137,text_10,138,4,Reading_Baseline_main_click,None,"einladen,",69,0,69,60,inf,,,,,,,,,,,19,02,yes,no,no,2025-07-14_14h23.31.760,EXNAT_4_TMS_Psychopy2024.2.5.psyexp,2024.2.5,2025-07-14 14h31.41.583675 +0200,
0,0,0,0,0,0,0,,,,,,,,,#2AB7EF,409.8015215396881,None,space,None,None,492.0022487640381,text_10,139,4,Reading_Baseline_main_click,None,um,69,0,69,60,inf,,,,,,,,,,,19,02,yes,no,no,2025-07-14_14h23.31.760,EXNAT_4_TMS_Psychopy2024.2.5.psyexp,2024.2.5,2025-07-14 14h31.41.583675 +0200,
0,0,0,0,0,0,0,,,,,,,,,#F989A2,410.3321599960327,None,space,None,None,473.2809066772461,text_10,140,4,Reading_Baseline_main_click,None,Vorurteile,69,0,69,60,inf,,,,,,,,,,,19,02,yes,no,no,2025-07-14_14h23.31.760,EXNAT_4_TMS_Psychopy2024.2.5.psyexp,2024.2.5,2025-07-14 14h31.41.583675 +0200,
0,0,0,0,0,0,0,,,,,,,,,#88BA3F,410.8467962741852,None,space,None,None,518.728494644165,text_10,141,4,Reading_Baseline_main_click,None,zu,69,0,69,60,inf,,,,,,,,,,,19,02,yes,no,no,2025-07-14_14h23.31.760,EXNAT_4_TMS_Psychopy2024.2.5.psyexp,2024.2.5,2025-07-14 14h31.41.583675 +0200,
0,0,0,0,0,0,0,,,,,,,,,#D292F3,411.4052369594574,None,space,None,None,488.231897354126,text_10,142,4,Reading_Baseline_main_click,None,verringern.,69,0,69,60,inf,,,,,,,,,,,19,02,yes,no,no,2025-07-14_14h23.31.760,EXNAT_4_TMS_Psychopy2024.2.5.psyexp,2024.2.5,2025-07-14 14h31.41.583675 +0200,
0,0,0,0,0,0,0,,,,,,,,,#2AB7EF,411.933296918869,None,space,None,None,488.292932510376,text_10,143,4,Reading_Baseline_main_click,None,Doch,70,0,70,60,inf,412.2389907836914,,,,,,,,,,19,02,yes,no,no,2025-07-14_14h23.31.760,EXNAT_4_TMS_Psychopy2024.2.5.psyexp,2024.2.5,2025-07-14 14h31.41.583675 +0200,
0,0,0,0,0,0,0,,,,,,,,,#88BA3F,412.46094846725464,None,space,None,None,456.5093517303467,text_10,144,4,Reading_Baseline_main_click,None,niemand,70,0,70,60,inf,,,,,,,,,,,19,02,yes,no,no,2025-07-14_14h23.31.760,EXNAT_4_TMS_Psychopy2024.2.5.psyexp,2024.2.5,2025-07-14 14h31.41.583675 +0200,
0,0,0,0,0,0,0,,,,,,,,,#2AB7EF,412.9559829235077,None,space,None,None,441.62464141845703,text_10,145,4,Reading_Baseline_main_click,None,antwortete.,70,0,70,60,inf,,,,,,,,,,,19,02,yes,no,no,2025-07-14_14h23.31.760,EXNAT_4_TMS_Psychopy2024.2.5.psyexp,2024.2.5,2025-07-14 14h31.41.583675 +0200,
0,0,0,0,0,0,0,,,,,,,,,#88BA3F,413.4376893043518,None,space,None,None,487.8067970275879,text_10,146,4,Reading_Baseline_main_click,None,Die,70,0,70,60,inf,,,,,,,,,,,19,02,yes,no,no,2025-07-14_14h23.31.760,EXNAT_4_TMS_Psychopy2024.2.5.psyexp,2024.2.5,2025-07-14 14h31.41.583675 +0200,
0,0,0,0,0,0,0,,,,,,,,,#F989A2,413.9649143218994,None,space,None,None,488.64221572875977,text_10,147,4,Reading_Baseline_main_click,None,Bands,70,0,70,60,inf,,,,,,,,,,,19,02,yes,no,no,2025-07-14_14h23.31.760,EXNAT_4_TMS_Psychopy2024.2.5.psyexp,2024.2.5,2025-07-14 14h31.41.583675 +0200,
0,0,0,0,0,0,0,,,,,,,,,#D292F3,414.49446535110474,None,space,None,None,487.1506690979004,text_10,148,4,Reading_Baseline_main_click,None,proben,70,0,70,60,inf,,,,,,,,,,,19,02,yes,no,no,2025-07-14_14h23.31.760,EXNAT_4_TMS_Psychopy2024.2.5.psyexp,2024.2.5,2025-07-14 14h31.41.583675 +0200,
0,0,0,0,0,0,0,,,,,,,,,#D292F3,415.02106404304504,None,space,None,None,456.4208984375,text_10,149,4,Reading_Baseline_main_click,None,heimlich,70,0,70,60,inf,,,,,,,,,,,19,02,yes,no,no,2025-07-14_14h23.31.760,EXNAT_4_TMS_Psychopy2024.2.5.psyexp,2024.2.5,2025-07-14 14h31.41.583675 +0200,
0,0,0,0,0,0,0,,,,,,,,,#88BA3F,415.51731848716736,None,space,None,None,504.16016578674316,text_10,150,4,Reading_Baseline_main_click,None,weiter.,70,0,70,60,inf,,,,,,,,,,,19,02,yes,no,no,2025-07-14_14h23.31.760,EXNAT_4_TMS_Psychopy2024.2.5.psyexp,2024.2.5,2025-07-14 14h31.41.583675 +0200,
0,0,0,0,0,0,0,,,,,,,,,,416.06900787353516,,3,,,,text_10,,4,Reading_Baseline_main_click,,,,,,,,,Q1,c,True,,,,,,,19,02,yes,no,no,2025-07-14_14h23.31.760,EXNAT_4_TMS_Psychopy2024.2.5.psyexp,2024.2.5,2025-07-14 14h31.41.583675 +0200,
0,0,0,0,0,0,0,,,,,,,,,,420.6927740573883,,2,,,,text_10,,4,Reading_Baseline_main_click,,,,,,,,,Q2,b,True,,,,,,,19,02,yes,no,no,2025-07-14_14h23.31.760,EXNAT_4_TMS_Psychopy2024.2.5.psyexp,2024.2.5,2025-07-14 14h31.41.583675 +0200,
0,0,0,0,0,0,0,,,,,,,,,,426.57715225219727,,1,,,,text_10,,4,Reading_Baseline_main_click,,,,,,,,,Q3,a,False,,,,,,,19,02,yes,no,no,2025-07-14_14h23.31.760,EXNAT_4_TMS_Psychopy2024.2.5.psyexp,2024.2.5,2025-07-14 14h31.41.583675 +0200,
0,0,0,0,0,0,0,,,,,,,,,#88BA3F,451.763792514801,False,space,correct rejection,None,2529.6549797058105,text_07,1,5,2back_dual_main_click,2,Angkor,0,0,0,120,60,,,,,,,,,,,19,02,yes,no,no,2025-07-14_14h23.31.760,EXNAT_4_TMS_Psychopy2024.2.5.psyexp,2024.2.5,2025-07-14 14h31.41.583675 +0200,
0,0,0,0,0,0,0,,,,,,,,,#88BA3F,454.3453993797302,False,space,correct rejection,None,2092.2586917877197,text_07,2,5,2back_dual_main_click,2,Wat,0,0,0,120,60,,,,,,,,,,,19,02,yes,no,no,2025-07-14_14h23.31.760,EXNAT_4_TMS_Psychopy2024.2.5.psyexp,2024.2.5,2025-07-14 14h31.41.583675 +0200,
0,0,0,0,0,0,0,,,,,,,,,#F989A2,456.49064564704895,False,space,correct rejection,None,1290.93337059021,text_07,3,5,2back_dual_main_click,2,in,1,0,1,120,60,456.54237055778503,,,,,,,,,,19,02,yes,no,no,2025-07-14_14h23.31.760,EXNAT_4_TMS_Psychopy2024.2.5.psyexp,2024.2.5,2025-07-14 14h31.41.583675 +0200,
0,0,0,0,0,0,0,,,,,,,,,#88BA3F,457.8383514881134,True,l,hit,502.98595428466797,775.1343250274658,text_07,4,5,2back_dual_main_click,2,Kambodscha,1,0,1,120,60,,,,,,,,,,,19,02,yes,no,no,2025-07-14_14h23.31.760,EXNAT_4_TMS_Psychopy2024.2.5.psyexp,2024.2.5,2025-07-14 14h31.41.583675 +0200,
0,0,0,0,0,0,0,,,,,,,,,#D292F3,458.66875743865967,False,space,correct rejection,None,776.8783569335938,text_07,5,5,2back_dual_main_click,2,wurde,1,0,1,120,60,,,,,,,,,,,19,02,yes,no,no,2025-07-14_14h23.31.760,EXNAT_4_TMS_Psychopy2024.2.5.psyexp,2024.2.5,2025-07-14 14h31.41.583675 +0200,
0,0,0,0,0,0,0,,,,,,,,,#2AB7EF,459.4998228549957,False,space,correct rejection,None,617.7361011505127,text_07,6,5,2back_dual_main_click,2,vor,1,0,1,120,60,,,,,,,,,,,19,02,yes,no,no,2025-07-14_14h23.31.760,EXNAT_4_TMS_Psychopy2024.2.5.psyexp,2024.2.5,2025-07-14 14h31.41.583675 +0200,
0,0,0,0,0,0,0,,,,,,,,,#D292F3,460.1578416824341,True,l,hit,615.7808303833008,823.5483169555664,text_07,7,5,2back_dual_main_click,2,etwa,1,0,1,120,60,,,,,,,,,,,19,02,yes,no,no,2025-07-14_14h23.31.760,EXNAT_4_TMS_Psychopy2024.2.5.psyexp,2024.2.5,2025-07-14 14h31.41.583675 +0200,
0,0,0,0,0,0,0,,,,,,,,,#2AB7EF,461.01994705200195,True,l,hit,825.5496025085449,1017.4503326416016,text_07,8,5,2back_dual_main_click,2,900,1,1,2,120,60,461.542277097702,,,,,,,,,,19,02,yes,no,no,2025-07-14_14h23.31.760,EXNAT_4_TMS_Psychopy2024.2.5.psyexp,2024.2.5,2025-07-14 14h31.41.583675 +0200,
0,0,0,0,0,0,0,,,,,,,,,#2AB7EF,462.093852519989,False,space,correct rejection,None,695.7943439483643,text_07,9,5,2back_dual_main_click,2,Jahren,1,1,2,120,60,,,,,,,,,,,19,02,yes,no,no,2025-07-14_14h23.31.760,EXNAT_4_TMS_Psychopy2024.2.5.psyexp,2024.2.5,2025-07-14 14h31.41.583675 +0200,
0,0,0,0,0,0,0,,,,,,,,,#D292F3,462.84190821647644,False,l,false alarm,1083.76145362854,1259.5891952514648,text_07,10,5,2back_dual_main_click,2,erbaut,1,1,2,120,60,,,,,,,,,,,19,02,yes,no,no,2025-07-14_14h23.31.760,EXNAT_4_TMS_Psychopy2024.2.5.psyexp,2024.2.5,2025-07-14 14h31.41.583675 +0200,
0,0,0,0,0,0,0,,,,,,,,,#F989A2,464.1564099788666,False,space,correct rejection,None,601.107120513916,text_07,11,5,2back_dual_main_click,2,und,1,1,2,120,60,,,,,,,,,,,19,02,yes,no,no,2025-07-14_14h23.31.760,EXNAT_4_TMS_Psychopy2024.2.5.psyexp,2024.2.5,2025-07-14 14h31.41.583675 +0200,
0,0,0,0,0,0,0,,,,,,,,,#F989A2,464.79534792900085,False,space,correct rejection,None,842.0085906982422,text_07,12,5,2back_dual_main_click,2,galt,1,1,2,120,60,,,,,,,,,,,19,02,yes,no,no,2025-07-14_14h23.31.760,EXNAT_4_TMS_Psychopy2024.2.5.psyexp,2024.2.5,2025-07-14 14h31.41.583675 +0200,
0,0,0,0,0,0,0,,,,,,,,,#2AB7EF,465.6776099205017,False,space,correct rejection,None,679.8641681671143,text_07,13,5,2back_dual_main_click,2,lange,1,1,2,120,60,,,,,,,,,,,19,02,yes,no,no,2025-07-14_14h23.31.760,EXNAT_4_TMS_Psychopy2024.2.5.psyexp,2024.2.5,2025-07-14 14h31.41.583675 +0200,
0,0,0,0,0,0,0,,,,,,,,,#88BA3F,466.3978946208954,False,space,correct rejection,None,551.6202449798584,text_07,14,5,2back_dual_main_click,2,nur,1,1,2,120,60,,,,,,,,,,,19,02,yes,no,no,2025-07-14_14h23.31.760,EXNAT_4_TMS_Psychopy2024.2.5.psyexp,2024.2.5,2025-07-14 14h31.41.583675 +0200,
0,0,0,0,0,0,0,,,,,,,,,#D292F3,466.9891793727875,False,space,correct rejection,None,968.3928489685059,text_07,15,5,2back_dual_main_click,2,als,1,1,2,120,60,,,,,,,,,,,19,02,yes,no,no,2025-07-14_14h23.31.760,EXNAT_4_TMS_Psychopy2024.2.5.psyexp,2024.2.5,2025-07-14 14h31.41.583675 +0200,
0,0,0,0,0,0,0,,,,,,,,,#88BA3F,467.99908471107483,True,space,miss,None,1846.3108539581299,text_07,16,5,2back_dual_main_click,2,Tempelanlage.,1,2,3,120,60,468.0532395839691,,,,,,,,,,19,02,yes,no,no,2025-07-14_14h23.31.760,EXNAT_4_TMS_Psychopy2024.2.5.psyexp,2024.2.5,2025-07-14 14h31.41.583675 +0200,
0,0,0,0,0,0,0,,,,,,,,,#D292F3,469.8975224494934,True,space,miss,None,2060.1587295532227,text_07,17,5,2back_dual_main_click,2,Ein,1,2,3,120,60,,,,,,,,,,,19,02,yes,no,no,2025-07-14_14h23.31.760,EXNAT_4_TMS_Psychopy2024.2.5.psyexp,2024.2.5,2025-07-14 14h31.41.583675 +0200,
0,0,0,0,0,0,0,,,,,,,,,#2AB7EF,472.0125494003296,False,space,correct rejection,None,505.02681732177734,text_07,18,5,2back_dual_main_click,2,Forschungsteam,1,2,3,120,60,,,,,,,,,,,19,02,yes,no,no,2025-07-14_14h23.31.760,EXNAT_4_TMS_Psychopy2024.2.5.psyexp,2024.2.5,2025-07-14 14h31.41.583675 +0200,
0,0,0,0,0,0,0,,,,,,,,,#D292F3,472.5723524093628,True,l,hit,505.24353981018066,809.1566562652588,text_07,19,5,2back_dual_main_click,2,um,1,3,4,120,60,473.0531873703003,,,,,,,,,,19,02,yes,no,no,2025-07-14_14h23.31.760,EXNAT_4_TMS_Psychopy2024.2.5.psyexp,2024.2.5,2025-07-14 14h31.41.583675 +0200,
0,0,0,0,0,0,0,,,,,,,,,#2AB7EF,473.43785095214844,True,l,hit,743.7703609466553,951.6599178314209,text_07,20,5,2back_dual_main_click,2,Damian,1,3,4,120,60,,,,,,,,,,,19,02,yes,no,no,2025-07-14_14h23.31.760,EXNAT_4_TMS_Psychopy2024.2.5.psyexp,2024.2.5,2025-07-14 14h31.41.583675 +0200,
0,0,0,0,0,0,0,,,,,,,,,#88BA3F,474.4459936618805,False,space,correct rejection,None,631.7129135131836,text_07,21,5,2back_dual_main_click,2,Evans,1,3,4,120,60,,,,,,,,,,,19,02,yes,no,no,2025-07-14_14h23.31.760,EXNAT_4_TMS_Psychopy2024.2.5.psyexp,2024.2.5,2025-07-14 14h31.41.583675 +0200,
0,0,0,0,0,0,0,,,,,,,,,#F989A2,475.13041710853577,False,space,correct rejection,None,635.2577209472656,text_07,22,5,2back_dual_main_click,2,hat,1,3,4,120,60,,,,,,,,,,,19,02,yes,no,no,2025-07-14_14h23.31.760,EXNAT_4_TMS_Psychopy2024.2.5.psyexp,2024.2.5,2025-07-14 14h31.41.583675 +0200,
0,0,0,0,0,0,0,,,,,,,,,#F989A2,475.8066084384918,False,space,correct rejection,None,551.0027408599854,text_07,23,5,2back_dual_main_click,2,nun,1,3,4,120,60,,,,,,,,,,,19,02,yes,no,no,2025-07-14_14h23.31.760,EXNAT_4_TMS_Psychopy2024.2.5.psyexp,2024.2.5,2025-07-14 14h31.41.583675 +0200,
0,0,0,0,0,0,0,,,,,,,,,#F989A2,476.39858865737915,True,l,hit,710.9682559967041,998.8412857055664,text_07,24,5,2back_dual_main_click,2,"gezeigt,",1,3,4,120,60,,,,,,,,,,,19,02,yes,no,no,2025-07-14_14h23.31.760,EXNAT_4_TMS_Psychopy2024.2.5.psyexp,2024.2.5,2025-07-14 14h31.41.583675 +0200,
0,0,0,0,0,0,0,,,,,,,,,#F989A2,477.43704199790955,True,l,hit,520.4343795776367,808.3610534667969,text_07,25,5,2back_dual_main_click,2,dass,1,4,5,120,60,478.0531876087189,,,,,,,,,,19,02,yes,no,no,2025-07-14_14h23.31.760,EXNAT_4_TMS_Psychopy2024.2.5.psyexp,2024.2.5,2025-07-14 14h31.41.583675 +0200,
0,0,0,0,0,0,0,,,,,,,,,#D292F3,478.2845687866211,False,space,correct rejection,None,761.0213756561279,text_07,26,5,2back_dual_main_click,2,es,1,4,5,120,60,,,,,,,,,,,19,02,yes,no,no,2025-07-14_14h23.31.760,EXNAT_4_TMS_Psychopy2024.2.5.psyexp,2024.2.5,2025-07-14 14h31.41.583675 +0200,
0,0,0,0,0,0,0,,,,,,,,,#D292F3,479.0860996246338,False,space,correct rejection,None,679.5270442962646,text_07,27,5,2back_dual_main_click,2,sich,1,4,5,120,60,,,,,,,,,,,19,02,yes,no,no,2025-07-14_14h23.31.760,EXNAT_4_TMS_Psychopy2024.2.5.psyexp,2024.2.5,2025-07-14 14h31.41.583675 +0200,
0,0,0,0,0,0,0,,,,,,,,,#D292F3,479.80458188056946,True,l,hit,537.0206832885742,744.9042797088623,text_07,28,5,2back_dual_main_click,2,um,1,4,5,120,60,,,,,,,,,,,19,02,yes,no,no,2025-07-14_14h23.31.760,EXNAT_4_TMS_Psychopy2024.2.5.psyexp,2024.2.5,2025-07-14 14h31.41.583675 +0200,
0,0,0,0,0,0,0,,,,,,,,,#88BA3F,480.5882239341736,False,space,correct rejection,None,825.3698348999023,text_07,29,5,2back_dual_main_click,2,eine,1,4,5,120,60,,,,,,,,,,,19,02,yes,no,no,2025-07-14_14h23.31.760,EXNAT_4_TMS_Psychopy2024.2.5.psyexp,2024.2.5,2025-07-14 14h31.41.583675 +0200,
0,0,0,0,0,0,0,,,,,,,,,#88BA3F,481.4532127380371,False,space,correct rejection,None,680.3817749023438,text_07,30,5,2back_dual_main_click,2,riesige,1,4,5,120,60,,,,,,,,,,,19,02,yes,no,no,2025-07-14_14h23.31.760,EXNAT_4_TMS_Psychopy2024.2.5.psyexp,2024.2.5,2025-07-14 14h31.41.583675 +0200,
0,0,0,0,0,0,0,,,,,,,,,#88BA3F,482.1735746860504,True,l,hit,663.8808250427246,807.9133033752441,text_07,31,5,2back_dual_main_click,2,Stadt,1,4,5,120,60,,,,,,,,,,,19,02,yes,no,no,2025-07-14_14h23.31.760,EXNAT_4_TMS_Psychopy2024.2.5.psyexp,2024.2.5,2025-07-14 14h31.41.583675 +0200,
0,0,0,0,0,0,0,,,,,,,,,#D292F3,483.0225296020508,False,space,correct rejection,None,678.840160369873,text_07,32,5,2back_dual_main_click,2,"handelte,",2,4,6,120,60,483.07597756385803,,,,,,,,,,19,02,yes,no,no,2025-07-14_14h23.31.760,EXNAT_4_TMS_Psychopy2024.2.5.psyexp,2024.2.5,2025-07-14 14h31.41.583675 +0200,
0,0,0,0,0,0,0,,,,,,,,,#2AB7EF,483.73856115341187,False,space,correct rejection,None,1787.1129512786865,text_07,33,5,2back_dual_main_click,2,womöglich,2,4,6,120,60,,,,,,,,,,,19,02,yes,no,no,2025-07-14_14h23.31.760,EXNAT_4_TMS_Psychopy2024.2.5.psyexp,2024.2.5,2025-07-14 14h31.41.583675 +0200,
0,0,0,0,0,0,0,,,,,,,,,#2AB7EF,485.5793180465698,False,space,correct rejection,None,666.2540435791016,text_07,34,5,2back_dual_main_click,2,sogar,2,4,6,120,60,,,,,,,,,,,19,02,yes,no,no,2025-07-14_14h23.31.760,EXNAT_4_TMS_Psychopy2024.2.5.psyexp,2024.2.5,2025-07-14 14h31.41.583675 +0200,
0,0,0,0,0,0,0,,,,,,,,,#F989A2,486.3013365268707,False,space,correct rejection,None,776.2534618377686,text_07,35,5,2back_dual_main_click,2,größer,2,4,6,120,60,,,,,,,,,,,19,02,yes,no,no,2025-07-14_14h23.31.760,EXNAT_4_TMS_Psychopy2024.2.5.psyexp,2024.2.5,2025-07-14 14h31.41.583675 +0200,
0,0,0,0,0,0,0,,,,,,,,,#2AB7EF,487.1313486099243,True,l,hit,762.1843814849854,986.0820770263672,text_07,36,5,2back_dual_main_click,2,als,2,5,7,120,60,488.0759072303772,,,,,,,,,,19,02,yes,no,no,2025-07-14_14h23.31.760,EXNAT_4_TMS_Psychopy2024.2.5.psyexp,2024.2.5,2025-07-14 14h31.41.583675 +0200,
0,0,0,0,0,0,0,,,,,,,,,#2AB7EF,488.17201018333435,False,space,correct rejection,None,937.5691413879395,text_07,37,5,2back_dual_main_click,2,New,2,5,7,120,60,,,,,,,,,,,19,02,yes,no,no,2025-07-14_14h23.31.760,EXNAT_4_TMS_Psychopy2024.2.5.psyexp,2024.2.5,2025-07-14 14h31.41.583675 +0200,
0,0,0,0,0,0,0,,,,,,,,,#88BA3F,489.16582226753235,False,space,correct rejection,None,1015.8374309539795,text_07,38,5,2back_dual_main_click,2,York.,2,5,7,120,60,,,,,,,,,,,19,02,yes,no,no,2025-07-14_14h23.31.760,EXNAT_4_TMS_Psychopy2024.2.5.psyexp,2024.2.5,2025-07-14 14h31.41.583675 +0200,
0,0,0,0,0,0,0,,,,,,,,,#88BA3F,490.23831725120544,False,space,correct rejection,None,583.249568939209,text_07,39,5,2back_dual_main_click,2,Damit,2,5,7,120,60,,,,,,,,,,,19,02,yes,no,no,2025-07-14_14h23.31.760,EXNAT_4_TMS_Psychopy2024.2.5.psyexp,2024.2.5,2025-07-14 14h31.41.583675 +0200,
0,0,0,0,0,0,0,,,,,,,,,#F989A2,490.87732768058777,False,space,correct rejection,None,1416.2178039550781,text_07,40,5,2back_dual_main_click,2,gilt,2,5,7,120,60,,,,,,,,,,,19,02,yes,no,no,2025-07-14_14h23.31.760,EXNAT_4_TMS_Psychopy2024.2.5.psyexp,2024.2.5,2025-07-14 14h31.41.583675 +0200,
0,0,0,0,0,0,0,,,,,,,,,#F989A2,492.3489022254944,False,space,correct rejection,None,600.6464958190918,text_07,41,5,2back_dual_main_click,2,Groß-Angkor,2,5,7,120,60,,,,,,,,,,,19,02,yes,no,no,2025-07-14_14h23.31.760,EXNAT_4_TMS_Psychopy2024.2.5.psyexp,2024.2.5,2025-07-14 14h31.41.583675 +0200,
0,0,0,0,0,0,0,,,,,,,,,#2AB7EF,493.0053086280823,False,space,correct rejection,None,968.2807922363281,text_07,42,5,2back_dual_main_click,2,als,2,5,7,120,60,,,,,,,,,,,19,02,yes,no,no,2025-07-14_14h23.31.760,EXNAT_4_TMS_Psychopy2024.2.5.psyexp,2024.2.5,2025-07-14 14h31.41.583675 +0200,
0,0,0,0,0,0,0,,,,,,,,,#D292F3,494.0302472114563,False,space,correct rejection,None,951.3041973114014,text_07,43,5,2back_dual_main_click,2,größte,2,5,7,120,60,,,,,,,,,,,19,02,yes,no,no,2025-07-14_14h23.31.760,EXNAT_4_TMS_Psychopy2024.2.5.psyexp,2024.2.5,2025-07-14 14h31.41.583675 +0200,
0,0,0,0,0,0,0,,,,,,,,,#2AB7EF,495.03786635398865,True,l,hit,647.6240158081055,839.5645618438721,text_07,44,5,2back_dual_main_click,2,vorindustrielle,2,5,7,120,60,,,,,,,,,,,19,02,yes,no,no,2025-07-14_14h23.31.760,EXNAT_4_TMS_Psychopy2024.2.5.psyexp,2024.2.5,2025-07-14 14h31.41.583675 +0200,
0,0,0,0,0,0,0,,,,,,,,,#D292F3,495.932181596756,True,space,miss,None,761.4908218383789,text_07,45,5,2back_dual_main_click,2,Siedlung,2,5,7,120,60,,,,,,,,,,,19,02,yes,no,no,2025-07-14_14h23.31.760,EXNAT_4_TMS_Psychopy2024.2.5.psyexp,2024.2.5,2025-07-14 14h31.41.583675 +0200,
0,0,0,0,0,0,0,,,,,,,,,#88BA3F,496.7484059333801,False,space,correct rejection,None,649.162769317627,text_07,46,5,2back_dual_main_click,2,der,3,5,8,120,60,496.82431411743164,,,,,,,,,,19,02,yes,no,no,2025-07-14_14h23.31.760,EXNAT_4_TMS_Psychopy2024.2.5.psyexp,2024.2.5,2025-07-14 14h31.41.583675 +0200,
0,0,0,0,0,0,0,,,,,,,,,#F989A2,497.4385099411011,False,space,correct rejection,None,663.0733013153076,text_07,47,5,2back_dual_main_click,2,Welt.,3,5,8,120,60,,,,,,,,,,,19,02,yes,no,no,2025-07-14_14h23.31.760,EXNAT_4_TMS_Psychopy2024.2.5.psyexp,2024.2.5,2025-07-14 14h31.41.583675 +0200,
0,0,0,0,0,0,0,,,,,,,,,#D292F3,498.140811920166,False,space,correct rejection,None,696.845293045044,text_07,48,5,2back_dual_main_click,2,Die,3,5,8,120,60,,,,,,,,,,,19,02,yes,no,no,2025-07-14_14h23.31.760,EXNAT_4_TMS_Psychopy2024.2.5.psyexp,2024.2.5,2025-07-14 14h31.41.583675 +0200,
0,0,0,0,0,0,0,,,,,,,,,#2AB7EF,498.87741708755493,False,space,correct rejection,None,872.1315860748291,text_07,49,5,2back_dual_main_click,2,Forscher,3,5,8,120,60,,,,,,,,,,,19,02,yes,no,no,2025-07-14_14h23.31.760,EXNAT_4_TMS_Psychopy2024.2.5.psyexp,2024.2.5,2025-07-14 14h31.41.583675 +0200,
0,0,0,0,0,0,0,,,,,,,,,#2AB7EF,499.7889292240143,False,space,correct rejection,None,632.6422691345215,text_07,50,5,2back_dual_main_click,2,fanden,3,5,8,120,60,,,,,,,,,,,19,02,yes,no,no,2025-07-14_14h23.31.760,EXNAT_4_TMS_Psychopy2024.2.5.psyexp,2024.2.5,2025-07-14 14h31.41.583675 +0200,
0,0,0,0,0,0,0,,,,,,,,,#88BA3F,500.46183609962463,False,space,correct rejection,None,663.7277603149414,text_07,51,5,2back_dual_main_click,2,ein,3,5,8,120,60,,,,,,,,,,,19,02,yes,no,no,2025-07-14_14h23.31.760,EXNAT_4_TMS_Psychopy2024.2.5.psyexp,2024.2.5,2025-07-14 14h31.41.583675 +0200,
0,0,0,0,0,0,0,,,,,,,,,#88BA3F,501.1654546260834,False,space,correct rejection,None,632.0703029632568,text_07,52,5,2back_dual_main_click,2,weit,3,5,8,120,60,,,,,,,,,,,19,02,yes,no,no,2025-07-14_14h23.31.760,EXNAT_4_TMS_Psychopy2024.2.5.psyexp,2024.2.5,2025-07-14 14h31.41.583675 +0200,
0,0,0,0,0,0,0,,,,,,,,,#88BA3F,501.83685302734375,True,l,hit,520.709753036499,712.592363357544,text_07,53,5,2back_dual_main_click,2,verzweigtes,3,6,9,120,60,501.8906590938568,,,,,,,,,,19,02,yes,no,no,2025-07-14_14h23.31.760,EXNAT_4_TMS_Psychopy2024.2.5.psyexp,2024.2.5,2025-07-14 14h31.41.583675 +0200,
0,0,0,0,0,0,0,,,,,,,,,#F989A2,502.592157125473,False,space,correct rejection,None,757.5147151947021,text_07,54,5,2back_dual_main_click,2,"Bewässerungssystem,",3,6,9,120,60,,,,,,,,,,,19,02,yes,no,no,2025-07-14_14h23.31.760,EXNAT_4_TMS_Psychopy2024.2.5.psyexp,2024.2.5,2025-07-14 14h31.41.583675 +0200,
0,0,0,0,0,0,0,,,,,,,,,#D292F3,503.3899323940277,False,space,correct rejection,None,1351.689100265503,text_07,55,5,2back_dual_main_click,2,das,3,6,9,120,60,,,,,,,,,,,19,02,yes,no,no,2025-07-14_14h23.31.760,EXNAT_4_TMS_Psychopy2024.2.5.psyexp,2024.2.5,2025-07-14 14h31.41.583675 +0200,
0,0,0,0,0,0,0,,,,,,,,,#D292F3,504.7809257507324,False,space,correct rejection,None,632.5857639312744,text_07,56,5,2back_dual_main_click,2,es,3,6,9,120,60,,,,,,,,,,,19,02,yes,no,no,2025-07-14_14h23.31.760,EXNAT_4_TMS_Psychopy2024.2.5.psyexp,2024.2.5,2025-07-14 14h31.41.583675 +0200,
0,0,0,0,0,0,0,,,,,,,,,#F989A2,505.45506048202515,False,space,correct rejection,None,790.2894020080566,text_07,57,5,2back_dual_main_click,2,"ermöglichte,",3,6,9,120,60,,,,,,,,,,,19,02,yes,no,no,2025-07-14_14h23.31.760,EXNAT_4_TMS_Psychopy2024.2.5.psyexp,2024.2.5,2025-07-14 14h31.41.583675 +0200,
0,0,0,0,0,0,0,,,,,,,,,#2AB7EF,506.28716707229614,False,space,correct rejection,None,662.3444557189941,text_07,58,5,2back_dual_main_click,2,mehrmals,4,6,10,120,60,506.890602350235,,,,,,,,,,19,02,yes,no,no,2025-07-14_14h23.31.760,EXNAT_4_TMS_Psychopy2024.2.5.psyexp,2024.2.5,2025-07-14 14h31.41.583675 +0200,
0,0,0,0,0,0,0,,,,,,,,,#F989A2,506.98701333999634,True,l,hit,810.5571269989014,1002.4890899658203,text_07,59,5,2back_dual_main_click,2,im,4,6,10,120,60,,,,,,,,,,,19,02,yes,no,no,2025-07-14_14h23.31.760,EXNAT_4_TMS_Psychopy2024.2.5.psyexp,2024.2.5,2025-07-14 14h31.41.583675 +0200,
0,0,0,0,0,0,0,,,,,,,,,#D292F3,508.02911901474,False,space,correct rejection,None,760.4269981384277,text_07,60,5,2back_dual_main_click,2,Jahr,4,6,10,120,60,,,,,,,,,,,19,02,yes,no,no,2025-07-14_14h23.31.760,EXNAT_4_TMS_Psychopy2024.2.5.psyexp,2024.2.5,2025-07-14 14h31.41.583675 +0200,
0,0,0,0,0,0,0,,,,,,,,,#2AB7EF,508.82867670059204,False,space,correct rejection,None,920.8357334136963,text_07,61,5,2back_dual_main_click,2,Reis,4,6,10,120,60,,,,,,,,,,,19,02,yes,no,no,2025-07-14_14h23.31.760,EXNAT_4_TMS_Psychopy2024.2.5.psyexp,2024.2.5,2025-07-14 14h31.41.583675 +0200,
0,0,0,0,0,0,0,,,,,,,,,#D292F3,509.7892837524414,True,space,miss,None,744.3602085113525,text_07,62,5,2back_dual_main_click,2,zu,4,6,10,120,60,,,,,,,,,,,19,02,yes,no,no,2025-07-14_14h23.31.760,EXNAT_4_TMS_Psychopy2024.2.5.psyexp,2024.2.5,2025-07-14 14h31.41.583675 +0200,
0,0,0,0,0,0,0,,,,,,,,,#88BA3F,510.5731589794159,False,space,correct rejection,None,680.4077625274658,text_07,63,5,2back_dual_main_click,2,ernten.,4,6,10,120,60,,,,,,,,,,,19,02,yes,no,no,2025-07-14_14h23.31.760,EXNAT_4_TMS_Psychopy2024.2.5.psyexp,2024.2.5,2025-07-14 14h31.41.583675 +0200,
0,0,0,0,0,0,0,,,,,,,,,#D292F3,511.29221081733704,True,space,miss,None,681.3559532165527,text_07,64,5,2back_dual_main_click,2,Über,4,7,11,120,60,511.89060854911804,,,,,,,,,,19,02,yes,no,no,2025-07-14_14h23.31.760,EXNAT_4_TMS_Psychopy2024.2.5.psyexp,2024.2.5,2025-07-14 14h31.41.583675 +0200,
0,0,0,0,0,0,0,,,,,,,,,#88BA3F,512.013822555542,True,space,miss,None,743.6270713806152,text_07,65,5,2back_dual_main_click,2,eine,4,7,11,120,60,,,,,,,,,,,19,02,yes,no,no,2025-07-14_14h23.31.760,EXNAT_4_TMS_Psychopy2024.2.5.psyexp,2024.2.5,2025-07-14 14h31.41.583675 +0200,
0,0,0,0,0,0,0,,,,,,,,,#2AB7EF,512.7972791194916,False,space,correct rejection,None,888.3013725280762,text_07,66,5,2back_dual_main_click,2,Million,4,7,11,120,60,,,,,,,,,,,19,02,yes,no,no,2025-07-14_14h23.31.760,EXNAT_4_TMS_Psychopy2024.2.5.psyexp,2024.2.5,2025-07-14 14h31.41.583675 +0200,
0,0,0,0,0,0,0,,,,,,,,,#F989A2,513.7262003421783,False,space,correct rejection,None,711.1685276031494,text_07,67,5,2back_dual_main_click,2,Menschen,4,7,11,120,60,,,,,,,,,,,19,02,yes,no,no,2025-07-14_14h23.31.760,EXNAT_4_TMS_Psychopy2024.2.5.psyexp,2024.2.5,2025-07-14 14h31.41.583675 +0200,
0,0,0,0,0,0,0,,,,,,,,,#D292F3,514.4773998260498,False,space,correct rejection,None,696.1884498596191,text_07,68,5,2back_dual_main_click,2,lebten,4,7,11,120,60,,,,,,,,,,,19,02,yes,no,no,2025-07-14_14h23.31.760,EXNAT_4_TMS_Psychopy2024.2.5.psyexp,2024.2.5,2025-07-14 14h31.41.583675 +0200,
0,0,0,0,0,0,0,,,,,,,,,#F989A2,515.2138905525208,True,l,hit,743.5410022735596,935.3876113891602,text_07,69,5,2back_dual_main_click,2,"dort,",4,7,11,120,60,,,,,,,,,,,19,02,yes,no,no,2025-07-14_14h23.31.760,EXNAT_4_TMS_Psychopy2024.2.5.psyexp,2024.2.5,2025-07-14 14h31.41.583675 +0200,
0,0,0,0,0,0,0,,,,,,,,,#2AB7EF,516.1894063949585,False,space,correct rejection,None,616.0428524017334,text_07,70,5,2back_dual_main_click,2,umgeben,4,7,11,120,60,,,,,,,,,,,19,02,yes,no,no,2025-07-14_14h23.31.760,EXNAT_4_TMS_Psychopy2024.2.5.psyexp,2024.2.5,2025-07-14 14h31.41.583675 +0200,
0,0,0,0,0,0,0,,,,,,,,,#2AB7EF,516.8444991111755,False,space,correct rejection,None,873.0263710021973,text_07,71,5,2back_dual_main_click,2,von,5,7,12,120,60,516.9001357555389,,,,,,,,,,19,02,yes,no,no,2025-07-14_14h23.31.760,EXNAT_4_TMS_Psychopy2024.2.5.psyexp,2024.2.5,2025-07-14 14h31.41.583675 +0200,
0,0,0,0,0,0,0,,,,,,,,,#88BA3F,517.756284236908,False,space,correct rejection,None,889.2388343811035,text_07,72,5,2back_dual_main_click,2,einem,5,7,12,120,60,,,,,,,,,,,19,02,yes,no,no,2025-07-14_14h23.31.760,EXNAT_4_TMS_Psychopy2024.2.5.psyexp,2024.2.5,2025-07-14 14h31.41.583675 +0200,
0,0,0,0,0,0,0,,,,,,,,,#D292F3,518.6991055011749,False,space,correct rejection,None,730.4584980010986,text_07,73,5,2back_dual_main_click,2,Netz,5,7,12,120,60,,,,,,,,,,,19,02,yes,no,no,2025-07-14_14h23.31.760,EXNAT_4_TMS_Psychopy2024.2.5.psyexp,2024.2.5,2025-07-14 14h31.41.583675 +0200,
0,0,0,0,0,0,0,,,,,,,,,#F989A2,519.4703304767609,False,space,correct rejection,None,647.1908092498779,text_07,74,5,2back_dual_main_click,2,aus,5,7,12,120,60,,,,,,,,,,,19,02,yes,no,no,2025-07-14_14h23.31.760,EXNAT_4_TMS_Psychopy2024.2.5.psyexp,2024.2.5,2025-07-14 14h31.41.583675 +0200,
0,0,0,0,0,0,0,,,,,,,,,#88BA3F,520.1577453613281,False,space,correct rejection,None,759.80544090271,text_07,75,5,2back_dual_main_click,2,"Flüssen,",5,7,12,120,60,,,,,,,,,,,19,02,yes,no,no,2025-07-14_14h23.31.760,EXNAT_4_TMS_Psychopy2024.2.5.psyexp,2024.2.5,2025-07-14 14h31.41.583675 +0200,
0,0,0,0,0,0,0,,,,,,,,,#88BA3F,520.9588003158569,False,space,correct rejection,None,662.8899574279785,text_07,76,5,2back_dual_main_click,2,Kanälen,5,7,12,120,60,,,,,,,,,,,19,02,yes,no,no,2025-07-14_14h23.31.760,EXNAT_4_TMS_Psychopy2024.2.5.psyexp,2024.2.5,2025-07-14 14h31.41.583675 +0200,
0,0,0,0,0,0,0,,,,,,,,,#D292F3,521.6768779754639,False,space,correct rejection,None,728.7552356719971,text_07,77,5,2back_dual_main_click,2,und,6,7,13,120,60,521.9000916481018,,,,,,,,,,19,02,yes,no,no,2025-07-14_14h23.31.760,EXNAT_4_TMS_Psychopy2024.2.5.psyexp,2024.2.5,2025-07-14 14h31.41.583675 +0200,
0,0,0,0,0,0,0,,,,,,,,,#F989A2,522.4460422992706,False,space,correct rejection,None,743.5674667358398,text_07,78,5,2back_dual_main_click,2,Seen.,6,7,13,120,60,,,,,,,,,,,19,02,yes,no,no,2025-07-14_14h23.31.760,EXNAT_4_TMS_Psychopy2024.2.5.psyexp,2024.2.5,2025-07-14 14h31.41.583675 +0200,
0,0,0,0,0,0,0,,,,,,,,,#88BA3F,523.2292494773865,False,space,correct rejection,None,760.2953910827637,text_07,79,5,2back_dual_main_click,2,Die,6,7,13,120,60,,,,,,,,,,,19,02,yes,no,no,2025-07-14_14h23.31.760,EXNAT_4_TMS_Psychopy2024.2.5.psyexp,2024.2.5,2025-07-14 14h31.41.583675 +0200,
0,0,0,0,0,0,0,,,,,,,,,#2AB7EF,524.0285181999207,False,space,correct rejection,None,712.8698825836182,text_07,80,5,2back_dual_main_click,2,Stadt,6,7,13,120,60,,,,,,,,,,,19,02,yes,no,no,2025-07-14_14h23.31.760,EXNAT_4_TMS_Psychopy2024.2.5.psyexp,2024.2.5,2025-07-14 14h31.41.583675 +0200,
0,0,0,0,0,0,0,,,,,,,,,#D292F3,524.7811107635498,False,space,correct rejection,None,1384.4263553619385,text_07,81,5,2back_dual_main_click,2,umgab,6,7,13,120,60,,,,,,,,,,,19,02,yes,no,no,2025-07-14_14h23.31.760,EXNAT_4_TMS_Psychopy2024.2.5.psyexp,2024.2.5,2025-07-14 14h31.41.583675 +0200,
0,0,0,0,0,0,0,,,,,,,,,#F989A2,526.2212929725647,False,space,correct rejection,None,808.2771301269531,text_07,82,5,2back_dual_main_click,2,ein,7,7,14,120,60,526.9002628326416,,,,,,,,,,19,02,yes,no,no,2025-07-14_14h23.31.760,EXNAT_4_TMS_Psychopy2024.2.5.psyexp,2024.2.5,2025-07-14 14h31.41.583675 +0200,
0,0,0,0,0,0,0,,,,,,,,,#2AB7EF,527.0817437171936,False,space,correct rejection,None,731.6737174987793,text_07,83,5,2back_dual_main_click,2,riesiges,7,7,14,120,60,,,,,,,,,,,19,02,yes,no,no,2025-07-14_14h23.31.760,EXNAT_4_TMS_Psychopy2024.2.5.psyexp,2024.2.5,2025-07-14 14h31.41.583675 +0200,
0,0,0,0,0,0,0,,,,,,,,,#2AB7EF,527.8645324707031,False,space,correct rejection,None,813.0621910095215,text_07,84,5,2back_dual_main_click,2,Geflecht,7,7,14,120,60,,,,,,,,,,,19,02,yes,no,no,2025-07-14_14h23.31.760,EXNAT_4_TMS_Psychopy2024.2.5.psyexp,2024.2.5,2025-07-14 14h31.41.583675 +0200,
0,0,0,0,0,0,0,,,,,,,,,#D292F3,528.7305145263672,False,space,correct rejection,None,827.0649909973145,text_07,85,5,2back_dual_main_click,2,aus,7,7,14,120,60,,,,,,,,,,,19,02,yes,no,no,2025-07-14_14h23.31.760,EXNAT_4_TMS_Psychopy2024.2.5.psyexp,2024.2.5,2025-07-14 14h31.41.583675 +0200,
0,0,0,0,0,0,0,,,,,,,,,#88BA3F,529.6139414310455,False,space,correct rejection,None,727.6883125305176,text_07,86,5,2back_dual_main_click,2,Äckern,7,7,14,120,60,,,,,,,,,,,19,02,yes,no,no,2025-07-14_14h23.31.760,EXNAT_4_TMS_Psychopy2024.2.5.psyexp,2024.2.5,2025-07-14 14h31.41.583675 +0200,
0,0,0,0,0,0,0,,,,,,,,,#F989A2,530.3953354358673,False,space,correct rejection,None,826.3275623321533,text_07,87,5,2back_dual_main_click,2,und,7,7,14,120,60,,,,,,,,,,,19,02,yes,no,no,2025-07-14_14h23.31.760,EXNAT_4_TMS_Psychopy2024.2.5.psyexp,2024.2.5,2025-07-14 14h31.41.583675 +0200,
0,0,0,0,0,0,0,,,,,,,,,#2AB7EF,531.27765417099,False,space,correct rejection,None,695.9173679351807,text_07,88,5,2back_dual_main_click,2,"Häusern,",8,7,15,120,60,531.9001681804657,,,,,,,,,,19,02,yes,no,no,2025-07-14_14h23.31.760,EXNAT_4_TMS_Psychopy2024.2.5.psyexp,2024.2.5,2025-07-14 14h31.41.583675 +0200,
0,0,0,0,0,0,0,,,,,,,,,#F989A2,532.0262017250061,True,l,hit,667.2215461730957,843.2939052581787,text_07,89,5,2back_dual_main_click,2,das,8,7,15,120,60,,,,,,,,,,,19,02,yes,no,no,2025-07-14_14h23.31.760,EXNAT_4_TMS_Psychopy2024.2.5.psyexp,2024.2.5,2025-07-14 14h31.41.583675 +0200,
0,0,0,0,0,0,0,,,,,,,,,#D292F3,532.9264061450958,False,space,correct rejection,None,759.263277053833,text_07,90,5,2back_dual_main_click,2,sich,8,7,15,120,60,,,,,,,,,,,19,02,yes,no,no,2025-07-14_14h23.31.760,EXNAT_4_TMS_Psychopy2024.2.5.psyexp,2024.2.5,2025-07-14 14h31.41.583675 +0200,
0,0,0,0,0,0,0,,,,,,,,,#2AB7EF,533.7412362098694,False,space,correct rejection,None,696.4061260223389,text_07,91,5,2back_dual_main_click,2,über,8,7,15,120,60,,,,,,,,,,,19,02,yes,no,no,2025-07-14_14h23.31.760,EXNAT_4_TMS_Psychopy2024.2.5.psyexp,2024.2.5,2025-07-14 14h31.41.583675 +0200,
0,0,0,0,0,0,0,,,,,,,,,#88BA3F,534.4916594028473,False,space,correct rejection,None,1049.9649047851562,text_07,92,5,2back_dual_main_click,2,tausend,8,7,15,120,60,,,,,,,,,,,19,02,yes,no,no,2025-07-14_14h23.31.760,EXNAT_4_TMS_Psychopy2024.2.5.psyexp,2024.2.5,2025-07-14 14h31.41.583675 +0200,
0,0,0,0,0,0,0,,,,,,,,,#D292F3,535.5972988605499,False,space,correct rejection,None,1112.2913360595703,text_07,93,5,2back_dual_main_click,2,Quadratkilometer,8,7,15,120,60,,,,,,,,,,,19,02,yes,no,no,2025-07-14_14h23.31.760,EXNAT_4_TMS_Psychopy2024.2.5.psyexp,2024.2.5,2025-07-14 14h31.41.583675 +0200,
0,0,0,0,0,0,0,,,,,,,,,#F989A2,536.7654807567596,False,space,correct rejection,None,1176.1579513549805,text_07,94,5,2back_dual_main_click,2,erstreckte.,9,7,16,120,60,536.9001710414886,,,,,,,,,,19,02,yes,no,no,2025-07-14_14h23.31.760,EXNAT_4_TMS_Psychopy2024.2.5.psyexp,2024.2.5,2025-07-14 14h31.41.583675 +0200,
0,0,0,0,0,0,0,,,,,,,,,#88BA3F,537.9958028793335,False,space,correct rejection,None,889.8513317108154,text_07,95,5,2back_dual_main_click,2,Der,9,7,16,120,60,,,,,,,,,,,19,02,yes,no,no,2025-07-14_14h23.31.760,EXNAT_4_TMS_Psychopy2024.2.5.psyexp,2024.2.5,2025-07-14 14h31.41.583675 +0200,
0,0,0,0,0,0,0,,,,,,,,,#2AB7EF,538.9401109218597,False,space,correct rejection,None,1737.6213073730469,text_07,96,5,2back_dual_main_click,2,Reisanbau,9,7,16,120,60,,,,,,,,,,,19,02,yes,no,no,2025-07-14_14h23.31.760,EXNAT_4_TMS_Psychopy2024.2.5.psyexp,2024.2.5,2025-07-14 14h31.41.583675 +0200,
0,0,0,0,0,0,0,,,,,,,,,#F989A2,540.7167234420776,False,space,correct rejection,None,760.9055042266846,text_07,97,5,2back_dual_main_click,2,erforderte,9,7,16,120,60,,,,,,,,,,,19,02,yes,no,no,2025-07-14_14h23.31.760,EXNAT_4_TMS_Psychopy2024.2.5.psyexp,2024.2.5,2025-07-14 14h31.41.583675 +0200,
0,0,0,0,0,0,0,,,,,,,,,#D292F3,541.518098115921,False,space,correct rejection,None,711.3447189331055,text_07,98,5,2back_dual_main_click,2,viel,9,7,16,120,60,,,,,,,,,,,19,02,yes,no,no,2025-07-14_14h23.31.760,EXNAT_4_TMS_Psychopy2024.2.5.psyexp,2024.2.5,2025-07-14 14h31.41.583675 +0200,
0,0,0,0,0,0,0,,,,,,,,,#2AB7EF,542.2710990905762,False,space,correct rejection,None,726.3743877410889,text_07,99,5,2back_dual_main_click,2,Wasser,9,7,16,120,60,,,,,,,,,,,19,02,yes,no,no,2025-07-14_14h23.31.760,EXNAT_4_TMS_Psychopy2024.2.5.psyexp,2024.2.5,2025-07-14 14h31.41.583675 +0200,
0,0,0,0,0,0,0,,,,,,,,,#F989A2,543.0391392707825,False,space,correct rejection,None,982.2609424591064,text_07,100,5,2back_dual_main_click,2,und,9,7,16,120,60,,,,,,,,,,,19,02,yes,no,no,2025-07-14_14h23.31.760,EXNAT_4_TMS_Psychopy2024.2.5.psyexp,2024.2.5,2025-07-14 14h31.41.583675 +0200,
0,0,0,0,0,0,0,,,,,,,,,#F989A2,544.0616629123688,False,space,correct rejection,None,791.820764541626,text_07,101,5,2back_dual_main_click,2,große,9,7,16,120,60,,,,,,,,,,,19,02,yes,no,no,2025-07-14_14h23.31.760,EXNAT_4_TMS_Psychopy2024.2.5.psyexp,2024.2.5,2025-07-14 14h31.41.583675 +0200,
0,0,0,0,0,0,0,,,,,,,,,#D292F3,544.8937344551086,False,space,correct rejection,None,1063.6987686157227,text_07,102,5,2back_dual_main_click,2,"Flächen,",9,7,16,120,60,,,,,,,,,,,19,02,yes,no,no,2025-07-14_14h23.31.760,EXNAT_4_TMS_Psychopy2024.2.5.psyexp,2024.2.5,2025-07-14 14h31.41.583675 +0200,
0,0,0,0,0,0,0,,,,,,,,,#88BA3F,545.9978427886963,False,space,correct rejection,None,727.8225421905518,text_07,103,5,2back_dual_main_click,2,daher,9,7,16,120,60,,,,,,,,,,,19,02,yes,no,no,2025-07-14_14h23.31.760,EXNAT_4_TMS_Psychopy2024.2.5.psyexp,2024.2.5,2025-07-14 14h31.41.583675 +0200,
0,0,0,0,0,0,0,,,,,,,,,#D292F3,546.7641892433167,True,l,hit,681.2846660614014,857.1381568908691,text_07,104,5,2back_dual_main_click,2,wurden,9,8,17,120,60,546.8152687549591,,,,,,,,,,19,02,yes,no,no,2025-07-14_14h23.31.760,EXNAT_4_TMS_Psychopy2024.2.5.psyexp,2024.2.5,2025-07-14 14h31.41.583675 +0200,
0,0,0,0,0,0,0,,,,,,,,,#88BA3F,547.6617166996002,True,l,hit,856.0185432434082,999.7689723968506,text_07,105,5,2back_dual_main_click,2,Wälder,9,8,17,120,60,,,,,,,,,,,19,02,yes,no,no,2025-07-14_14h23.31.760,EXNAT_4_TMS_Psychopy2024.2.5.psyexp,2024.2.5,2025-07-14 14h31.41.583675 +0200,
0,0,0,0,0,0,0,,,,,,,,,#2AB7EF,548.7013971805573,False,space,correct rejection,None,840.357780456543,text_07,106,5,2back_dual_main_click,2,gerodet.,9,8,17,120,60,,,,,,,,,,,19,02,yes,no,no,2025-07-14_14h23.31.760,EXNAT_4_TMS_Psychopy2024.2.5.psyexp,2024.2.5,2025-07-14 14h31.41.583675 +0200,
0,0,0,0,0,0,0,,,,,,,,,#2AB7EF,549.5799548625946,False,space,correct rejection,None,649.6422290802002,text_07,107,5,2back_dual_main_click,2,Das,9,8,17,120,60,,,,,,,,,,,19,02,yes,no,no,2025-07-14_14h23.31.760,EXNAT_4_TMS_Psychopy2024.2.5.psyexp,2024.2.5,2025-07-14 14h31.41.583675 +0200,
0,0,0,0,0,0,0,,,,,,,,,#88BA3F,550.269305229187,False,space,correct rejection,None,984.3249320983887,text_07,108,5,2back_dual_main_click,2,könnte,9,8,17,120,60,,,,,,,,,,,19,02,yes,no,no,2025-07-14_14h23.31.760,EXNAT_4_TMS_Psychopy2024.2.5.psyexp,2024.2.5,2025-07-14 14h31.41.583675 +0200,
0,0,0,0,0,0,0,,,,,,,,,#F989A2,551.2946217060089,False,space,correct rejection,None,663.053035736084,text_07,109,5,2back_dual_main_click,2,langfristig,10,8,18,120,60,551.8152961730957,,,,,,,,,,19,02,yes,no,no,2025-07-14_14h23.31.760,EXNAT_4_TMS_Psychopy2024.2.5.psyexp,2024.2.5,2025-07-14 14h31.41.583675 +0200,
0,0,0,0,0,0,0,,,,,,,,,#88BA3F,551.9975135326385,True,l,hit,808.0933094024658,936.0449314117432,text_07,110,5,2back_dual_main_click,2,zu,10,8,18,120,60,,,,,,,,,,,19,02,yes,no,no,2025-07-14_14h23.31.760,EXNAT_4_TMS_Psychopy2024.2.5.psyexp,2024.2.5,2025-07-14 14h31.41.583675 +0200,
0,0,0,0,0,0,0,,,,,,,,,#D292F3,552.9720544815063,False,space,correct rejection,None,825.5395889282227,text_07,111,5,2back_dual_main_click,2,Erdrutschen,10,8,18,120,60,,,,,,,,,,,19,02,yes,no,no,2025-07-14_14h23.31.760,EXNAT_4_TMS_Psychopy2024.2.5.psyexp,2024.2.5,2025-07-14 14h31.41.583675 +0200,
0,0,0,0,0,0,0,,,,,,,,,#D292F3,553.8365931510925,False,space,correct rejection,None,1033.1087112426758,text_07,112,5,2back_dual_main_click,2,und,10,8,18,120,60,,,,,,,,,,,19,02,yes,no,no,2025-07-14_14h23.31.760,EXNAT_4_TMS_Psychopy2024.2.5.psyexp,2024.2.5,2025-07-14 14h31.41.583675 +0200,
0,0,0,0,0,0,0,,,,,,,,,#88BA3F,554.9265956878662,False,l,false alarm,1254.922866821289,1462.7935886383057,text_07,113,5,2back_dual_main_click,2,ökologischen,10,8,18,120,60,,,,,,,,,,,19,02,yes,no,no,2025-07-14_14h23.31.760,EXNAT_4_TMS_Psychopy2024.2.5.psyexp,2024.2.5,2025-07-14 14h31.41.583675 +0200,
0,0,0,0,0,0,0,,,,,,,,,#D292F3,556.4450540542603,True,space,miss,None,968.5931205749512,text_07,114,5,2back_dual_main_click,2,Problemen,10,9,19,120,60,556.8153023719788,,,,,,,,,,19,02,yes,no,no,2025-07-14_14h23.31.760,EXNAT_4_TMS_Psychopy2024.2.5.psyexp,2024.2.5,2025-07-14 14h31.41.583675 +0200,
0,0,0,0,0,0,0,,,,,,,,,#F989A2,557.4707741737366,False,space,correct rejection,None,934.8113536834717,text_07,115,5,2back_dual_main_click,2,geführt,10,9,19,120,60,,,,,,,,,,,19,02,yes,no,no,2025-07-14_14h23.31.760,EXNAT_4_TMS_Psychopy2024.2.5.psyexp,2024.2.5,2025-07-14 14h31.41.583675 +0200,
0,0,0,0,0,0,0,,,,,,,,,#2AB7EF,558.4611248970032,False,space,correct rejection,None,696.4895725250244,text_07,116,5,2back_dual_main_click,2,haben.,10,9,19,120,60,,,,,,,,,,,19,02,yes,no,no,2025-07-14_14h23.31.760,EXNAT_4_TMS_Psychopy2024.2.5.psyexp,2024.2.5,2025-07-14 14h31.41.583675 +0200,
0,0,0,0,0,0,0,,,,,,,,,#88BA3F,559.2140436172485,False,space,correct rejection,None,759.6404552459717,text_07,117,5,2back_dual_main_click,2,Besonders,10,9,19,120,60,,,,,,,,,,,19,02,yes,no,no,2025-07-14_14h23.31.760,EXNAT_4_TMS_Psychopy2024.2.5.psyexp,2024.2.5,2025-07-14 14h31.41.583675 +0200,
0,0,0,0,0,0,0,,,,,,,,,#2AB7EF,560.029069185257,True,space,miss,None,1048.6156940460205,text_07,118,5,2back_dual_main_click,2,im,10,9,19,120,60,,,,,,,,,,,19,02,yes,no,no,2025-07-14_14h23.31.760,EXNAT_4_TMS_Psychopy2024.2.5.psyexp,2024.2.5,2025-07-14 14h31.41.583675 +0200,
0,0,0,0,0,0,0,,,,,,,,,#F989A2,561.1316497325897,False,space,correct rejection,None,874.0346431732178,text_07,119,5,2back_dual_main_click,2,Norden,11,9,20,120,60,561.8153092861176,,,,,,,,,,19,02,yes,no,no,2025-07-14_14h23.31.760,EXNAT_4_TMS_Psychopy2024.2.5.psyexp,2024.2.5,2025-07-14 14h31.41.583675 +0200,
0,0,0,0,0,0,0,,,,,,,,,#2AB7EF,562.060558795929,True,l,hit,888.984203338623,1064.9278163909912,text_07,120,5,2back_dual_main_click,2,fand,11,9,20,120,60,,,,,,,,,,,19,02,yes,no,no,2025-07-14_14h23.31.760,EXNAT_4_TMS_Psychopy2024.2.5.psyexp,2024.2.5,2025-07-14 14h31.41.583675 +0200,
0,0,0,0,0,0,0,,,,,,,,,#D292F3,563.1797530651093,False,space,correct rejection,None,1241.7349815368652,text_07,121,5,2back_dual_main_click,2,man,11,9,20,120,60,,,,,,,,,,,19,02,yes,no,no,2025-07-14_14h23.31.760,EXNAT_4_TMS_Psychopy2024.2.5.psyexp,2024.2.5,2025-07-14 14h31.41.583675 +0200,
0,0,0,0,0,0,0,,,,,,,,,#F989A2,564.4753887653351,False,space,correct rejection,None,682.2056770324707,text_07,122,5,2back_dual_main_click,2,Hinweise,11,9,20,120,60,,,,,,,,,,,19,02,yes,no,no,2025-07-14_14h23.31.760,EXNAT_4_TMS_Psychopy2024.2.5.psyexp,2024.2.5,2025-07-14 14h31.41.583675 +0200,
0,0,0,0,0,0,0,,,,,,,,,#2AB7EF,565.2139463424683,False,l,false alarm,999.7296333312988,1159.5664024353027,text_07,123,5,2back_dual_main_click,2,auf,11,9,20,120,60,,,,,,,,,,,19,02,yes,no,no,2025-07-14_14h23.31.760,EXNAT_4_TMS_Psychopy2024.2.5.psyexp,2024.2.5,2025-07-14 14h31.41.583675 +0200,
0,0,0,0,0,0,0,,,,,,,,,#88BA3F,566.4289088249207,False,space,correct rejection,None,872.6861476898193,text_07,124,5,2back_dual_main_click,2,Deichbrüche,11,9,20,120,60,,,,,,,,,,,19,02,yes,no,no,2025-07-14_14h23.31.760,EXNAT_4_TMS_Psychopy2024.2.5.psyexp,2024.2.5,2025-07-14 14h31.41.583675 +0200,
0,0,0,0,0,0,0,,,,,,,,,#D292F3,567.3536059856415,False,space,correct rejection,None,1244.0800666809082,text_07,125,5,2back_dual_main_click,2,und,11,9,20,120,60,,,,,,,,,,,19,02,yes,no,no,2025-07-14_14h23.31.760,EXNAT_4_TMS_Psychopy2024.2.5.psyexp,2024.2.5,2025-07-14 14h31.41.583675 +0200,
0,0,0,0,0,0,0,,,,,,,,,#F989A2,568.652357339859,False,space,correct rejection,None,953.2110691070557,text_07,126,5,2back_dual_main_click,2,hektische,11,9,20,120,60,,,,,,,,,,,19,02,yes,no,no,2025-07-14_14h23.31.760,EXNAT_4_TMS_Psychopy2024.2.5.psyexp,2024.2.5,2025-07-14 14h31.41.583675 +0200,
0,0,0,0,0,0,0,,,,,,,,,#88BA3F,569.6594076156616,False,space,correct rejection,None,954.157829284668,text_07,127,5,2back_dual_main_click,2,Umbauten.,11,9,20,120,60,,,,,,,,,,,19,02,yes,no,no,2025-07-14_14h23.31.760,EXNAT_4_TMS_Psychopy2024.2.5.psyexp,2024.2.5,2025-07-14 14h31.41.583675 +0200,
0,0,0,0,0,0,0,,,,,,,,,#2AB7EF,570.6678333282471,False,space,correct rejection,None,889.7337913513184,text_07,128,5,2back_dual_main_click,2,Die,11,9,20,120,60,,,,,,,,,,,19,02,yes,no,no,2025-07-14_14h23.31.760,EXNAT_4_TMS_Psychopy2024.2.5.psyexp,2024.2.5,2025-07-14 14h31.41.583675 +0200,
0,0,0,0,0,0,0,,,,,,,,,#D292F3,571.6124532222748,False,space,correct rejection,None,761.1069679260254,text_07,129,5,2back_dual_main_click,2,neue,11,9,20,120,60,,,,,,,,,,,19,02,yes,no,no,2025-07-14_14h23.31.760,EXNAT_4_TMS_Psychopy2024.2.5.psyexp,2024.2.5,2025-07-14 14h31.41.583675 +0200,
0,0,0,0,0,0,0,,,,,,,,,#2AB7EF,572.4289033412933,True,l,hit,600.670337677002,792.5646305084229,text_07,130,5,2back_dual_main_click,2,Karte,11,10,21,120,60,572.4818930625916,,,,,,,,,,19,02,yes,no,no,2025-07-14_14h23.31.760,EXNAT_4_TMS_Psychopy2024.2.5.psyexp,2024.2.5,2025-07-14 14h31.41.583675 +0200,
0,0,0,0,0,0,0,,,,,,,,,#88BA3F,573.2772419452667,False,space,correct rejection,None,872.3499774932861,text_07,131,5,2back_dual_main_click,2,hilft,11,10,21,120,60,,,,,,,,,,,19,02,yes,no,no,2025-07-14_14h23.31.760,EXNAT_4_TMS_Psychopy2024.2.5.psyexp,2024.2.5,2025-07-14 14h31.41.583675 +0200,
0,0,0,0,0,0,0,,,,,,,,,#F989A2,574.203616142273,False,space,correct rejection,None,666.0060882568359,text_07,132,5,2back_dual_main_click,2,"dabei,",11,10,21,120,60,,,,,,,,,,,19,02,yes,no,no,2025-07-14_14h23.31.760,EXNAT_4_TMS_Psychopy2024.2.5.psyexp,2024.2.5,2025-07-14 14h31.41.583675 +0200,
0,0,0,0,0,0,0,,,,,,,,,#2AB7EF,574.9248538017273,False,space,correct rejection,None,856.6322326660156,text_07,133,5,2back_dual_main_click,2,gezielt,11,10,21,120,60,,,,,,,,,,,19,02,yes,no,no,2025-07-14_14h23.31.760,EXNAT_4_TMS_Psychopy2024.2.5.psyexp,2024.2.5,2025-07-14 14h31.41.583675 +0200,
0,0,0,0,0,0,0,,,,,,,,,#88BA3F,575.8337664604187,False,space,correct rejection,None,811.8000030517578,text_07,134,5,2back_dual_main_click,2,nach,11,10,21,120,60,,,,,,,,,,,19,02,yes,no,no,2025-07-14_14h23.31.760,EXNAT_4_TMS_Psychopy2024.2.5.psyexp,2024.2.5,2025-07-14 14h31.41.583675 +0200,
0,0,0,0,0,0,0,,,,,,,,,#2AB7EF,576.7017560005188,True,l,hit,1319.9670314788818,1495.732069015503,text_07,135,5,2back_dual_main_click,2,Ursachen,11,11,22,120,60,577.4818434715271,,,,,,,,,,19,02,yes,no,no,2025-07-14_14h23.31.760,EXNAT_4_TMS_Psychopy2024.2.5.psyexp,2024.2.5,2025-07-14 14h31.41.583675 +0200,
0,0,0,0,0,0,0,,,,,,,,,#D292F3,578.2499353885651,False,space,correct rejection,None,843.7983989715576,text_07,136,5,2back_dual_main_click,2,für,11,11,22,120,60,,,,,,,,,,,19,02,yes,no,no,2025-07-14_14h23.31.760,EXNAT_4_TMS_Psychopy2024.2.5.psyexp,2024.2.5,2025-07-14 14h31.41.583675 +0200,
0,0,0,0,0,0,0,,,,,,,,,#D292F3,579.1488034725189,False,space,correct rejection,None,712.7532958984375,text_07,137,5,2back_dual_main_click,2,den,11,11,22,120,60,,,,,,,,,,,19,02,yes,no,no,2025-07-14_14h23.31.760,EXNAT_4_TMS_Psychopy2024.2.5.psyexp,2024.2.5,2025-07-14 14h31.41.583675 +0200,
0,0,0,0,0,0,0,,,,,,,,,#F989A2,579.9164960384369,False,space,correct rejection,None,681.1473369598389,text_07,138,5,2back_dual_main_click,2,Untergang,11,11,22,120,60,,,,,,,,,,,19,02,yes,no,no,2025-07-14_14h23.31.760,EXNAT_4_TMS_Psychopy2024.2.5.psyexp,2024.2.5,2025-07-14 14h31.41.583675 +0200,
0,0,0,0,0,0,0,,,,,,,,,#88BA3F,580.6529157161713,False,space,correct rejection,None,1192.6395893096924,text_07,139,5,2back_dual_main_click,2,der,11,11,22,120,60,,,,,,,,,,,19,02,yes,no,no,2025-07-14_14h23.31.760,EXNAT_4_TMS_Psychopy2024.2.5.psyexp,2024.2.5,2025-07-14 14h31.41.583675 +0200,
0,0,0,0,0,0,0,,,,,,,,,#88BA3F,581.8980298042297,False,space,correct rejection,None,731.6176891326904,text_07,140,5,2back_dual_main_click,2,Stadt,12,11,23,120,60,582.4818429946899,,,,,,,,,,19,02,yes,no,no,2025-07-14_14h23.31.760,EXNAT_4_TMS_Psychopy2024.2.5.psyexp,2024.2.5,2025-07-14 14h31.41.583675 +0200,
0,0,0,0,0,0,0,,,,,,,,,#F989A2,582.68315076828,False,space,correct rejection,None,906.4583778381348,text_07,141,5,2back_dual_main_click,2,zu,12,11,23,120,60,,,,,,,,,,,19,02,yes,no,no,2025-07-14_14h23.31.760,EXNAT_4_TMS_Psychopy2024.2.5.psyexp,2024.2.5,2025-07-14 14h31.41.583675 +0200,
0,0,0,0,0,0,0,,,,,,,,,#D292F3,583.6435477733612,False,space,correct rejection,None,570.0516700744629,text_07,142,5,2back_dual_main_click,2,suchen,12,11,23,120,60,,,,,,,,,,,19,02,yes,no,no,2025-07-14_14h23.31.760,EXNAT_4_TMS_Psychopy2024.2.5.psyexp,2024.2.5,2025-07-14 14h31.41.583675 +0200,
0,0,0,0,0,0,0,,,,,,,,,#2AB7EF,584.2690048217773,False,space,correct rejection,None,664.6380424499512,text_07,143,5,2back_dual_main_click,2,und,12,11,23,120,60,,,,,,,,,,,19,02,yes,no,no,2025-07-14_14h23.31.760,EXNAT_4_TMS_Psychopy2024.2.5.psyexp,2024.2.5,2025-07-14 14h31.41.583675 +0200,
0,0,0,0,0,0,0,,,,,,,,,#F989A2,584.9903454780579,False,space,correct rejection,None,983.2730293273926,text_07,144,5,2back_dual_main_click,2,liefert,12,11,23,120,60,,,,,,,,,,,19,02,yes,no,no,2025-07-14_14h23.31.760,EXNAT_4_TMS_Psychopy2024.2.5.psyexp,2024.2.5,2025-07-14 14h31.41.583675 +0200,
0,0,0,0,0,0,0,,,,,,,,,#2AB7EF,586.0291018486023,True,space,miss,None,1544.3713665008545,text_07,145,5,2back_dual_main_click,2,Hinweise,12,12,24,120,60,587.481871843338,,,,,,,,,,19,02,yes,no,no,2025-07-14_14h23.31.760,EXNAT_4_TMS_Psychopy2024.2.5.psyexp,2024.2.5,2025-07-14 14h31.41.583675 +0200,
0,0,0,0,0,0,0,,,,,,,,,#2AB7EF,587.6284883022308,False,space,correct rejection,None,633.1760883331299,text_07,146,5,2back_dual_main_click,2,zur,12,12,24,120,60,,,,,,,,,,,19,02,yes,no,no,2025-07-14_14h23.31.760,EXNAT_4_TMS_Psychopy2024.2.5.psyexp,2024.2.5,2025-07-14 14h31.41.583675 +0200,
0,0,0,0,0,0,0,,,,,,,,,#D292F3,588.3167538642883,False,space,correct rejection,None,648.8587856292725,text_07,147,5,2back_dual_main_click,2,Lebensweise,12,12,24,120,60,,,,,,,,,,,19,02,yes,no,no,2025-07-14_14h23.31.760,EXNAT_4_TMS_Psychopy2024.2.5.psyexp,2024.2.5,2025-07-14 14h31.41.583675 +0200,
0,0,0,0,0,0,0,,,,,,,,,#D292F3,589.0211741924286,False,space,correct rejection,None,648.4370231628418,text_07,148,5,2back_dual_main_click,2,der,12,12,24,120,60,,,,,,,,,,,19,02,yes,no,no,2025-07-14_14h23.31.760,EXNAT_4_TMS_Psychopy2024.2.5.psyexp,2024.2.5,2025-07-14 14h31.41.583675 +0200,
0,0,0,0,0,0,0,,,,,,,,,#88BA3F,589.7249526977539,False,space,correct rejection,None,856.6884994506836,text_07,149,5,2back_dual_main_click,2,damaligen,12,12,24,120,60,,,,,,,,,,,19,02,yes,no,no,2025-07-14_14h23.31.760,EXNAT_4_TMS_Psychopy2024.2.5.psyexp,2024.2.5,2025-07-14 14h31.41.583675 +0200,
0,0,0,0,0,0,0,,,,,,,,,#F989A2,590.6372766494751,False,space,correct rejection,None,680.3297996520996,text_07,150,5,2back_dual_main_click,2,Bewohner.,12,12,24,120,60,,,,,,,,,,,19,02,yes,no,no,2025-07-14_14h23.31.760,EXNAT_4_TMS_Psychopy2024.2.5.psyexp,2024.2.5,2025-07-14 14h31.41.583675 +0200,
0,0,0,0,0,0,0,,,,,,,,,,591.3739295005798,,1,,,,text_07,,5,2back_dual_main_click,,,,,,,,,Q1,a,True,,,,,,,19,02,yes,no,no,2025-07-14_14h23.31.760,EXNAT_4_TMS_Psychopy2024.2.5.psyexp,2024.2.5,2025-07-14 14h31.41.583675 +0200,
0,0,0,0,0,0,0,,,,,,,,,,600.3983840942383,,3,,,,text_07,,5,2back_dual_main_click,,,,,,,,,Q2,c,True,,,,,,,19,02,yes,no,no,2025-07-14_14h23.31.760,EXNAT_4_TMS_Psychopy2024.2.5.psyexp,2024.2.5,2025-07-14 14h31.41.583675 +0200,
0,0,0,0,0,0,0,,,,,,,,,,602.840808391571,,NA,,,,text_07,,5,2back_dual_main_click,,,,,,,,,Q3,NA,False,,,,,,,19,02,yes,no,no,2025-07-14_14h23.31.760,EXNAT_4_TMS_Psychopy2024.2.5.psyexp,2024.2.5,2025-07-14 14h31.41.583675 +0200,
0,0,0,0,0,0,0,,,,,,,,,#F989A2,616.5644891262054,False,space,correct rejection,None,1409.1267585754395,text_12,1,6,2back_dual_main_click,2,Unfälle,12,12,24,120,60,,,,,,,,,,,19,02,yes,no,no,2025-07-14_14h23.31.760,EXNAT_4_TMS_Psychopy2024.2.5.psyexp,2024.2.5,2025-07-14 14h31.41.583675 +0200,
0,0,0,0,0,0,0,,,,,,,,,#88BA3F,618.0129520893097,False,space,correct rejection,None,504.6670436859131,text_12,2,6,2back_dual_main_click,2,spielen,13,12,25,120,60,618.0661265850067,,,,,,,,,,19,02,yes,no,no,2025-07-14_14h23.31.760,EXNAT_4_TMS_Psychopy2024.2.5.psyexp,2024.2.5,2025-07-14 14h31.41.583675 +0200,
0,0,0,0,0,0,0,,,,,,,,,#F989A2,618.5578815937042,True,space,miss,None,471.7447757720947,text_12,3,6,2back_dual_main_click,2,in,13,12,25,120,60,,,,,,,,,,,19,02,yes,no,no,2025-07-14_14h23.31.760,EXNAT_4_TMS_Psychopy2024.2.5.psyexp,2024.2.5,2025-07-14 14h31.41.583675 +0200,
0,0,0,0,0,0,0,,,,,,,,,#2AB7EF,619.070062160492,False,space,correct rejection,None,807.6508045196533,text_12,4,6,2back_dual_main_click,2,den,13,12,25,120,60,,,,,,,,,,,19,02,yes,no,no,2025-07-14_14h23.31.760,EXNAT_4_TMS_Psychopy2024.2.5.psyexp,2024.2.5,2025-07-14 14h31.41.583675 +0200,
0,0,0,0,0,0,0,,,,,,,,,#2AB7EF,619.9179191589355,False,space,correct rejection,None,1031.8055152893066,text_12,5,6,2back_dual_main_click,2,Filmen,13,12,25,120,60,,,,,,,,,,,19,02,yes,no,no,2025-07-14_14h23.31.760,EXNAT_4_TMS_Psychopy2024.2.5.psyexp,2024.2.5,2025-07-14 14h31.41.583675 +0200,
0,0,0,0,0,0,0,,,,,,,,,#D292F3,620.9916961193085,False,space,correct rejection,None,1093.9488410949707,text_12,6,6,2back_dual_main_click,2,von,13,12,25,120,60,,,,,,,,,,,19,02,yes,no,no,2025-07-14_14h23.31.760,EXNAT_4_TMS_Psychopy2024.2.5.psyexp,2024.2.5,2025-07-14 14h31.41.583675 +0200,
0,0,0,0,0,0,0,,,,,,,,,#D292F3,622.1269705295563,False,space,correct rejection,None,1478.6372184753418,text_12,7,6,2back_dual_main_click,2,Alejandro,14,12,26,120,60,623.0660929679871,,,,,,,,,,19,02,yes,no,no,2025-07-14_14h23.31.760,EXNAT_4_TMS_Psychopy2024.2.5.psyexp,2024.2.5,2025-07-14 14h31.41.583675 +0200,
0,0,0,0,0,0,0,,,,,,,,,#88BA3F,623.6460299491882,False,space,correct rejection,None,711.5461826324463,text_12,8,6,2back_dual_main_click,2,Iñárritu,14,12,26,120,60,,,,,,,,,,,19,02,yes,no,no,2025-07-14_14h23.31.760,EXNAT_4_TMS_Psychopy2024.2.5.psyexp,2024.2.5,2025-07-14 14h31.41.583675 +0200,
0,0,0,0,0,0,0,,,,,,,,,#88BA3F,624.3953905105591,False,space,correct rejection,None,730.247974395752,text_12,9,6,2back_dual_main_click,2,eine,14,12,26,120,60,,,,,,,,,,,19,02,yes,no,no,2025-07-14_14h23.31.760,EXNAT_4_TMS_Psychopy2024.2.5.psyexp,2024.2.5,2025-07-14 14h31.41.583675 +0200,
0,0,0,0,0,0,0,,,,,,,,,#D292F3,625.164558172226,False,space,correct rejection,None,856.9035530090332,text_12,10,6,2back_dual_main_click,2,zentrale,14,12,26,120,60,,,,,,,,,,,19,02,yes,no,no,2025-07-14_14h23.31.760,EXNAT_4_TMS_Psychopy2024.2.5.psyexp,2024.2.5,2025-07-14 14h31.41.583675 +0200,
0,0,0,0,0,0,0,,,,,,,,,#F989A2,626.0606708526611,False,space,correct rejection,None,792.9370403289795,text_12,11,6,2back_dual_main_click,2,Rolle,14,12,26,120,60,,,,,,,,,,,19,02,yes,no,no,2025-07-14_14h23.31.760,EXNAT_4_TMS_Psychopy2024.2.5.psyexp,2024.2.5,2025-07-14 14h31.41.583675 +0200,
0,0,0,0,0,0,0,,,,,,,,,#2AB7EF,626.89333319664,False,space,correct rejection,None,968.2860374450684,text_12,12,6,2back_dual_main_click,2,und,14,12,26,120,60,,,,,,,,,,,19,02,yes,no,no,2025-07-14_14h23.31.760,EXNAT_4_TMS_Psychopy2024.2.5.psyexp,2024.2.5,2025-07-14 14h31.41.583675 +0200,
0,0,0,0,0,0,0,,,,,,,,,#88BA3F,627.9011940956116,False,space,correct rejection,None,808.3667755126953,text_12,13,6,2back_dual_main_click,2,so,14,12,26,120,60,,,,,,,,,,,19,02,yes,no,no,2025-07-14_14h23.31.760,EXNAT_4_TMS_Psychopy2024.2.5.psyexp,2024.2.5,2025-07-14 14h31.41.583675 +0200,
0,0,0,0,0,0,0,,,,,,,,,#2AB7EF,628.7505605220795,True,space,miss,None,823.0760097503662,text_12,14,6,2back_dual_main_click,2,auch,14,13,27,120,60,628.8069050312042,,,,,,,,,,19,02,yes,no,no,2025-07-14_14h23.31.760,EXNAT_4_TMS_Psychopy2024.2.5.psyexp,2024.2.5,2025-07-14 14h31.41.583675 +0200,
0,0,0,0,0,0,0,,,,,,,,,#D292F3,629.6144807338715,False,space,correct rejection,None,599.172830581665,text_12,15,6,2back_dual_main_click,2,in,14,13,27,120,60,,,,,,,,,,,19,02,yes,no,no,2025-07-14_14h23.31.760,EXNAT_4_TMS_Psychopy2024.2.5.psyexp,2024.2.5,2025-07-14 14h31.41.583675 +0200,
0,0,0,0,0,0,0,,,,,,,,,#D292F3,630.2561547756195,False,space,correct rejection,None,501.47056579589844,text_12,16,6,2back_dual_main_click,2,""Babel"".,14,13,27,120,60,,,,,,,,,,,19,02,yes,no,no,2025-07-14_14h23.31.760,EXNAT_4_TMS_Psychopy2024.2.5.psyexp,2024.2.5,2025-07-14 14h31.41.583675 +0200,
0,0,0,0,0,0,0,,,,,,,,,#88BA3F,630.7956576347351,False,space,correct rejection,None,745.8527088165283,text_12,17,6,2back_dual_main_click,2,In,14,13,27,120,60,,,,,,,,,,,19,02,yes,no,no,2025-07-14_14h23.31.760,EXNAT_4_TMS_Psychopy2024.2.5.psyexp,2024.2.5,2025-07-14 14h31.41.583675 +0200,
0,0,0,0,0,0,0,,,,,,,,,#2AB7EF,631.5814530849457,False,space,correct rejection,None,984.2033386230469,text_12,18,6,2back_dual_main_click,2,Marokko,14,13,27,120,60,,,,,,,,,,,19,02,yes,no,no,2025-07-14_14h23.31.760,EXNAT_4_TMS_Psychopy2024.2.5.psyexp,2024.2.5,2025-07-14 14h31.41.583675 +0200,
0,0,0,0,0,0,0,,,,,,,,,#F989A2,632.6063237190247,False,space,correct rejection,None,1495.3062534332275,text_12,19,6,2back_dual_main_click,2,testen,15,13,28,120,60,633.8068733215332,,,,,,,,,,19,02,yes,no,no,2025-07-14_14h23.31.760,EXNAT_4_TMS_Psychopy2024.2.5.psyexp,2024.2.5,2025-07-14 14h31.41.583675 +0200,
0,0,0,0,0,0,0,,,,,,,,,#F989A2,634.141937494278,False,space,correct rejection,None,855.7214736938477,text_12,20,6,2back_dual_main_click,2,zwei,15,13,28,120,60,,,,,,,,,,,19,02,yes,no,no,2025-07-14_14h23.31.760,EXNAT_4_TMS_Psychopy2024.2.5.psyexp,2024.2.5,2025-07-14 14h31.41.583675 +0200,
0,0,0,0,0,0,0,,,,,,,,,#D292F3,635.0381669998169,False,space,correct rejection,None,1111.4649772644043,text_12,21,6,2back_dual_main_click,2,Jungen,15,13,28,120,60,,,,,,,,,,,19,02,yes,no,no,2025-07-14_14h23.31.760,EXNAT_4_TMS_Psychopy2024.2.5.psyexp,2024.2.5,2025-07-14 14h31.41.583675 +0200,
0,0,0,0,0,0,0,,,,,,,,,#F989A2,636.1897659301758,True,l,hit,471.89855575561523,839.8630619049072,text_12,22,6,2back_dual_main_click,2,ein,15,13,28,120,60,,,,,,,,,,,19,02,yes,no,no,2025-07-14_14h23.31.760,EXNAT_4_TMS_Psychopy2024.2.5.psyexp,2024.2.5,2025-07-14 14h31.41.583675 +0200,
0,0,0,0,0,0,0,,,,,,,,,#2AB7EF,637.0717580318451,False,space,correct rejection,None,1029.9808979034424,text_12,23,6,2back_dual_main_click,2,Gewehr,15,13,28,120,60,,,,,,,,,,,19,02,yes,no,no,2025-07-14_14h23.31.760,EXNAT_4_TMS_Psychopy2024.2.5.psyexp,2024.2.5,2025-07-14 14h31.41.583675 +0200,
0,0,0,0,0,0,0,,,,,,,,,#88BA3F,638.1421329975128,False,space,correct rejection,None,935.52565574646,text_12,24,6,2back_dual_main_click,2,und,15,13,28,120,60,,,,,,,,,,,19,02,yes,no,no,2025-07-14_14h23.31.760,EXNAT_4_TMS_Psychopy2024.2.5.psyexp,2024.2.5,2025-07-14 14h31.41.583675 +0200,
0,0,0,0,0,0,0,,,,,,,,,#F989A2,639.1170740127563,False,space,correct rejection,None,744.6737289428711,text_12,25,6,2back_dual_main_click,2,treffen,15,13,28,120,60,,,,,,,,,,,19,02,yes,no,no,2025-07-14_14h23.31.760,EXNAT_4_TMS_Psychopy2024.2.5.psyexp,2024.2.5,2025-07-14 14h31.41.583675 +0200,
0,0,0,0,0,0,0,,,,,,,,,#F989A2,639.901584148407,False,space,correct rejection,None,648.1211185455322,text_12,26,6,2back_dual_main_click,2,damit,15,13,28,120,60,,,,,,,,,,,19,02,yes,no,no,2025-07-14_14h23.31.760,EXNAT_4_TMS_Psychopy2024.2.5.psyexp,2024.2.5,2025-07-14 14h31.41.583675 +0200,
0,0,0,0,0,0,0,,,,,,,,,#F989A2,640.5895392894745,True,l,hit,760.183572769165,968.092679977417,text_12,27,6,2back_dual_main_click,2,eine,15,14,29,120,60,640.6448590755463,,,,,,,,,,19,02,yes,no,no,2025-07-14_14h23.31.760,EXNAT_4_TMS_Psychopy2024.2.5.psyexp,2024.2.5,2025-07-14 14h31.41.583675 +0200,
0,0,0,0,0,0,0,,,,,,,,,#F989A2,641.5973236560822,True,l,hit,536.3309383392334,696.3059902191162,text_12,28,6,2back_dual_main_click,2,Touristin,15,14,29,120,60,,,,,,,,,,,19,02,yes,no,no,2025-07-14_14h23.31.760,EXNAT_4_TMS_Psychopy2024.2.5.psyexp,2024.2.5,2025-07-14 14h31.41.583675 +0200,
0,0,0,0,0,0,0,,,,,,,,,#2AB7EF,642.3335657119751,False,space,correct rejection,None,856.0483455657959,text_12,29,6,2back_dual_main_click,2,im,15,14,29,120,60,,,,,,,,,,,19,02,yes,no,no,2025-07-14_14h23.31.760,EXNAT_4_TMS_Psychopy2024.2.5.psyexp,2024.2.5,2025-07-14 14h31.41.583675 +0200,
0,0,0,0,0,0,0,,,,,,,,,#D292F3,643.2290508747101,False,space,correct rejection,None,2088.481664657593,text_12,30,6,2back_dual_main_click,2,Bus.,15,14,29,120,60,,,,,,,,,,,19,02,yes,no,no,2025-07-14_14h23.31.760,EXNAT_4_TMS_Psychopy2024.2.5.psyexp,2024.2.5,2025-07-14 14h31.41.583675 +0200,
0,0,0,0,0,0,0,,,,,,,,,#88BA3F,645.3709170818329,False,space,correct rejection,None,1002.765417098999,text_12,31,6,2back_dual_main_click,2,Diese,16,14,30,120,60,645.6448554992676,,,,,,,,,,19,02,yes,no,no,2025-07-14_14h23.31.760,EXNAT_4_TMS_Psychopy2024.2.5.psyexp,2024.2.5,2025-07-14 14h31.41.583675 +0200,
0,0,0,0,0,0,0,,,,,,,,,#D292F3,646.428991317749,True,l,hit,504.596471786499,712.5098705291748,text_12,32,6,2back_dual_main_click,2,heißt,16,14,30,120,60,,,,,,,,,,,19,02,yes,no,no,2025-07-14_14h23.31.760,EXNAT_4_TMS_Psychopy2024.2.5.psyexp,2024.2.5,2025-07-14 14h31.41.583675 +0200,
0,0,0,0,0,0,0,,,,,,,,,#2AB7EF,647.1963014602661,False,space,correct rejection,None,745.3086376190186,text_12,33,6,2back_dual_main_click,2,Susan,16,14,30,120,60,,,,,,,,,,,19,02,yes,no,no,2025-07-14_14h23.31.760,EXNAT_4_TMS_Psychopy2024.2.5.psyexp,2024.2.5,2025-07-14 14h31.41.583675 +0200,
0,0,0,0,0,0,0,,,,,,,,,#2AB7EF,647.995374917984,False,space,correct rejection,None,954.2710781097412,text_12,34,6,2back_dual_main_click,2,und,16,14,30,120,60,,,,,,,,,,,19,02,yes,no,no,2025-07-14_14h23.31.760,EXNAT_4_TMS_Psychopy2024.2.5.psyexp,2024.2.5,2025-07-14 14h31.41.583675 +0200,
0,0,0,0,0,0,0,,,,,,,,,#D292F3,649.0046849250793,False,space,correct rejection,None,664.9861335754395,text_12,35,6,2back_dual_main_click,2,wird,16,14,30,120,60,,,,,,,,,,,19,02,yes,no,no,2025-07-14_14h23.31.760,EXNAT_4_TMS_Psychopy2024.2.5.psyexp,2024.2.5,2025-07-14 14h31.41.583675 +0200,
0,0,0,0,0,0,0,,,,,,,,,#D292F3,649.7229387760162,False,space,correct rejection,None,698.6839771270752,text_12,36,6,2back_dual_main_click,2,von,16,14,30,120,60,,,,,,,,,,,19,02,yes,no,no,2025-07-14_14h23.31.760,EXNAT_4_TMS_Psychopy2024.2.5.psyexp,2024.2.5,2025-07-14 14h31.41.583675 +0200,
0,0,0,0,0,0,0,,,,,,,,,#F989A2,650.475282907486,False,space,correct rejection,None,650.3458023071289,text_12,37,6,2back_dual_main_click,2,Cate,16,14,30,120,60,,,,,,,,,,,19,02,yes,no,no,2025-07-14_14h23.31.760,EXNAT_4_TMS_Psychopy2024.2.5.psyexp,2024.2.5,2025-07-14 14h31.41.583675 +0200,
0,0,0,0,0,0,0,,,,,,,,,#88BA3F,651.1818490028381,False,space,correct rejection,None,823.6954212188721,text_12,38,6,2back_dual_main_click,2,Blanchett,16,14,30,120,60,,,,,,,,,,,19,02,yes,no,no,2025-07-14_14h23.31.760,EXNAT_4_TMS_Psychopy2024.2.5.psyexp,2024.2.5,2025-07-14 14h31.41.583675 +0200,
0,0,0,0,0,0,0,,,,,,,,,#D292F3,652.0619215965271,False,space,correct rejection,None,775.6557464599609,text_12,39,6,2back_dual_main_click,2,gespielt.,16,14,30,120,60,,,,,,,,,,,19,02,yes,no,no,2025-07-14_14h23.31.760,EXNAT_4_TMS_Psychopy2024.2.5.psyexp,2024.2.5,2025-07-14 14h31.41.583675 +0200,
0,0,0,0,0,0,0,,,,,,,,,#88BA3F,652.8931422233582,True,space,miss,None,664.6130084991455,text_12,40,6,2back_dual_main_click,2,Ihr,16,14,30,120,60,,,,,,,,,,,19,02,yes,no,no,2025-07-14_14h23.31.760,EXNAT_4_TMS_Psychopy2024.2.5.psyexp,2024.2.5,2025-07-14 14h31.41.583675 +0200,
0,0,0,0,0,0,0,,,,,,,,,#F989A2,653.6126353740692,False,space,correct rejection,None,857.1782112121582,text_12,41,6,2back_dual_main_click,2,Mann,16,14,30,120,60,,,,,,,,,,,19,02,yes,no,no,2025-07-14_14h23.31.760,EXNAT_4_TMS_Psychopy2024.2.5.psyexp,2024.2.5,2025-07-14 14h31.41.583675 +0200,
0,0,0,0,0,0,0,,,,,,,,,#88BA3F,654.52667927742,True,l,hit,518.8474655151367,726.9086837768555,text_12,42,6,2back_dual_main_click,2,"Richard,",16,15,31,120,60,654.5785481929779,,,,,,,,,,19,02,yes,no,no,2025-07-14_14h23.31.760,EXNAT_4_TMS_Psychopy2024.2.5.psyexp,2024.2.5,2025-07-14 14h31.41.583675 +0200,
0,0,0,0,0,0,0,,,,,,,,,#F989A2,655.3076505661011,True,l,hit,665.959358215332,842.034101486206,text_12,43,6,2back_dual_main_click,2,gespielt,16,15,31,120,60,,,,,,,,,,,19,02,yes,no,no,2025-07-14_14h23.31.760,EXNAT_4_TMS_Psychopy2024.2.5.psyexp,2024.2.5,2025-07-14 14h31.41.583675 +0200,
0,0,0,0,0,0,0,,,,,,,,,#D292F3,656.2046265602112,False,space,correct rejection,None,1273.2160091400146,text_12,44,6,2back_dual_main_click,2,von,16,15,31,120,60,,,,,,,,,,,19,02,yes,no,no,2025-07-14_14h23.31.760,EXNAT_4_TMS_Psychopy2024.2.5.psyexp,2024.2.5,2025-07-14 14h31.41.583675 +0200,
0,0,0,0,0,0,0,,,,,,,,,#2AB7EF,657.5317671298981,False,space,correct rejection,None,681.9941997528076,text_12,45,6,2back_dual_main_click,2,Brad,16,15,31,120,60,,,,,,,,,,,19,02,yes,no,no,2025-07-14_14h23.31.760,EXNAT_4_TMS_Psychopy2024.2.5.psyexp,2024.2.5,2025-07-14 14h31.41.583675 +0200,
0,0,0,0,0,0,0,,,,,,,,,#2AB7EF,658.2677083015442,False,space,correct rejection,None,1177.992343902588,text_12,46,6,2back_dual_main_click,2,"Pitt,",16,15,31,120,60,,,,,,,,,,,19,02,yes,no,no,2025-07-14_14h23.31.760,EXNAT_4_TMS_Psychopy2024.2.5.psyexp,2024.2.5,2025-07-14 14h31.41.583675 +0200,
0,0,0,0,0,0,0,,,,,,,,,#D292F3,659.5007221698761,False,space,correct rejection,None,1721.0140228271484,text_12,47,6,2back_dual_main_click,2,"versucht,",16,15,31,120,60,,,,,,,,,,,19,02,yes,no,no,2025-07-14_14h23.31.760,EXNAT_4_TMS_Psychopy2024.2.5.psyexp,2024.2.5,2025-07-14 14h31.41.583675 +0200,
0,0,0,0,0,0,0,,,,,,,,,#2AB7EF,661.2764203548431,True,space,miss,None,793.2455539703369,text_12,48,6,2back_dual_main_click,2,Hilfe,16,16,32,120,60,661.3281569480896,,,,,,,,,,19,02,yes,no,no,2025-07-14_14h23.31.760,EXNAT_4_TMS_Psychopy2024.2.5.psyexp,2024.2.5,2025-07-14 14h31.41.583675 +0200,
0,0,0,0,0,0,0,,,,,,,,,#D292F3,662.1243448257446,True,l,hit,825.329065322876,985.2349758148193,text_12,49,6,2back_dual_main_click,2,zu,16,16,32,120,60,,,,,,,,,,,19,02,yes,no,no,2025-07-14_14h23.31.760,EXNAT_4_TMS_Psychopy2024.2.5.psyexp,2024.2.5,2025-07-14 14h31.41.583675 +0200,
0,0,0,0,0,0,0,,,,,,,,,#F989A2,663.1643662452698,False,space,correct rejection,None,729.1507720947266,text_12,50,6,2back_dual_main_click,2,holen.,16,16,32,120,60,,,,,,,,,,,19,02,yes,no,no,2025-07-14_14h23.31.760,EXNAT_4_TMS_Psychopy2024.2.5.psyexp,2024.2.5,2025-07-14 14h31.41.583675 +0200,
0,0,0,0,0,0,0,,,,,,,,,#88BA3F,663.948676109314,False,space,correct rejection,None,1400.9253978729248,text_12,51,6,2back_dual_main_click,2,Gleichzeitig,16,16,32,120,60,,,,,,,,,,,19,02,yes,no,no,2025-07-14_14h23.31.760,EXNAT_4_TMS_Psychopy2024.2.5.psyexp,2024.2.5,2025-07-14 14h31.41.583675 +0200,
0,0,0,0,0,0,0,,,,,,,,,#D292F3,665.4052155017853,False,space,correct rejection,None,600.3856658935547,text_12,52,6,2back_dual_main_click,2,verändert,16,16,32,120,60,,,,,,,,,,,19,02,yes,no,no,2025-07-14_14h23.31.760,EXNAT_4_TMS_Psychopy2024.2.5.psyexp,2024.2.5,2025-07-14 14h31.41.583675 +0200,
0,0,0,0,0,0,0,,,,,,,,,#2AB7EF,666.0594191551208,False,space,correct rejection,None,602.2720336914062,text_12,53,6,2back_dual_main_click,2,der,17,16,33,120,60,666.3281509876251,,,,,,,,,,19,02,yes,no,no,2025-07-14_14h23.31.760,EXNAT_4_TMS_Psychopy2024.2.5.psyexp,2024.2.5,2025-07-14 14h31.41.583675 +0200,
0,0,0,0,0,0,0,,,,,,,,,#D292F3,666.7166435718536,True,l,hit,1385.0245475769043,1576.8141746520996,text_12,54,6,2back_dual_main_click,2,Unfall,17,16,33,120,60,,,,,,,,,,,19,02,yes,no,no,2025-07-14_14h23.31.760,EXNAT_4_TMS_Psychopy2024.2.5.psyexp,2024.2.5,2025-07-14 14h31.41.583675 +0200,
0,0,0,0,0,0,0,,,,,,,,,#88BA3F,668.3330359458923,False,space,correct rejection,None,568.6194896697998,text_12,55,6,2back_dual_main_click,2,auch,17,16,33,120,60,,,,,,,,,,,19,02,yes,no,no,2025-07-14_14h23.31.760,EXNAT_4_TMS_Psychopy2024.2.5.psyexp,2024.2.5,2025-07-14 14h31.41.583675 +0200,
0,0,0,0,0,0,0,,,,,,,,,#D292F3,668.940815448761,True,l,hit,792.8078174591064,968.7135219573975,text_12,56,6,2back_dual_main_click,2,das,17,16,33,120,60,,,,,,,,,,,19,02,yes,no,no,2025-07-14_14h23.31.760,EXNAT_4_TMS_Psychopy2024.2.5.psyexp,2024.2.5,2025-07-14 14h31.41.583675 +0200,
0,0,0,0,0,0,0,,,,,,,,,#2AB7EF,669.948634147644,False,space,correct rejection,None,569.0932273864746,text_12,57,6,2back_dual_main_click,2,Leben,17,16,33,120,60,,,,,,,,,,,19,02,yes,no,no,2025-07-14_14h23.31.760,EXNAT_4_TMS_Psychopy2024.2.5.psyexp,2024.2.5,2025-07-14 14h31.41.583675 +0200,
0,0,0,0,0,0,0,,,,,,,,,#F989A2,670.557457447052,False,space,correct rejection,None,632.1485042572021,text_12,58,6,2back_dual_main_click,2,ihrer,17,16,33,120,60,,,,,,,,,,,19,02,yes,no,no,2025-07-14_14h23.31.760,EXNAT_4_TMS_Psychopy2024.2.5.psyexp,2024.2.5,2025-07-14 14h31.41.583675 +0200,
0,0,0,0,0,0,0,,,,,,,,,#F989A2,671.2287452220917,False,l,false alarm,1272.9430198669434,1752.873420715332,text_12,59,6,2back_dual_main_click,2,Kinderfrau,17,16,33,120,60,,,,,,,,,,,19,02,yes,no,no,2025-07-14_14h23.31.760,EXNAT_4_TMS_Psychopy2024.2.5.psyexp,2024.2.5,2025-07-14 14h31.41.583675 +0200,
0,0,0,0,0,0,0,,,,,,,,,#88BA3F,673.0290009975433,False,space,correct rejection,None,576.6479969024658,text_12,60,6,2back_dual_main_click,2,in,17,16,33,120,60,,,,,,,,,,,19,02,yes,no,no,2025-07-14_14h23.31.760,EXNAT_4_TMS_Psychopy2024.2.5.psyexp,2024.2.5,2025-07-14 14h31.41.583675 +0200,
0,0,0,0,0,0,0,,,,,,,,,#F989A2,673.661379814148,True,l,hit,488.1751537322998,648.108720779419,text_12,61,6,2back_dual_main_click,2,"Amerika,",17,17,34,120,60,673.7134778499603,,,,,,,,,,19,02,yes,no,no,2025-07-14_14h23.31.760,EXNAT_4_TMS_Psychopy2024.2.5.psyexp,2024.2.5,2025-07-14 14h31.41.583675 +0200,
0,0,0,0,0,0,0,,,,,,,,,#88BA3F,674.3625404834747,True,space,miss,None,635.1559162139893,text_12,62,6,2back_dual_main_click,2,die,17,17,34,120,60,,,,,,,,,,,19,02,yes,no,no,2025-07-14_14h23.31.760,EXNAT_4_TMS_Psychopy2024.2.5.psyexp,2024.2.5,2025-07-14 14h31.41.583675 +0200,
0,0,0,0,0,0,0,,,,,,,,,#D292F3,675.0520074367523,False,space,correct rejection,None,713.7598991394043,text_12,63,6,2back_dual_main_click,2,spontan,17,17,34,120,60,,,,,,,,,,,19,02,yes,no,no,2025-07-14_14h23.31.760,EXNAT_4_TMS_Psychopy2024.2.5.psyexp,2024.2.5,2025-07-14 14h31.41.583675 +0200,
0,0,0,0,0,0,0,,,,,,,,,#2AB7EF,675.8207881450653,False,space,correct rejection,None,520.9569931030273,text_12,64,6,2back_dual_main_click,2,zur,17,17,34,120,60,,,,,,,,,,,19,02,yes,no,no,2025-07-14_14h23.31.760,EXNAT_4_TMS_Psychopy2024.2.5.psyexp,2024.2.5,2025-07-14 14h31.41.583675 +0200,
0,0,0,0,0,0,0,,,,,,,,,#88BA3F,676.39821434021,False,space,correct rejection,None,855.4360866546631,text_12,65,6,2back_dual_main_click,2,Hochzeit,17,17,34,120,60,,,,,,,,,,,19,02,yes,no,no,2025-07-14_14h23.31.760,EXNAT_4_TMS_Psychopy2024.2.5.psyexp,2024.2.5,2025-07-14 14h31.41.583675 +0200,
0,0,0,0,0,0,0,,,,,,,,,#2AB7EF,677.3084604740143,True,space,miss,None,585.1061344146729,text_12,66,6,2back_dual_main_click,2,ihres,17,17,34,120,60,,,,,,,,,,,19,02,yes,no,no,2025-07-14_14h23.31.760,EXNAT_4_TMS_Psychopy2024.2.5.psyexp,2024.2.5,2025-07-14 14h31.41.583675 +0200,
0,0,0,0,0,0,0,,,,,,,,,#2AB7EF,677.9493184089661,False,space,correct rejection,None,664.3722057342529,text_12,67,6,2back_dual_main_click,2,Sohnes,17,17,34,120,60,,,,,,,,,,,19,02,yes,no,no,2025-07-14_14h23.31.760,EXNAT_4_TMS_Psychopy2024.2.5.psyexp,2024.2.5,2025-07-14 14h31.41.583675 +0200,
0,0,0,0,0,0,0,,,,,,,,,#D292F3,678.6695809364319,False,space,correct rejection,None,600.0330448150635,text_12,68,6,2back_dual_main_click,2,nach,18,17,35,120,60,678.7237284183502,,,,,,,,,,19,02,yes,no,no,2025-07-14_14h23.31.760,EXNAT_4_TMS_Psychopy2024.2.5.psyexp,2024.2.5,2025-07-14 14h31.41.583675 +0200,
0,0,0,0,0,0,0,,,,,,,,,#88BA3F,679.3068344593048,False,space,correct rejection,None,874.8025894165039,text_12,69,6,2back_dual_main_click,2,Mexiko,18,17,35,120,60,,,,,,,,,,,19,02,yes,no,no,2025-07-14_14h23.31.760,EXNAT_4_TMS_Psychopy2024.2.5.psyexp,2024.2.5,2025-07-14 14h31.41.583675 +0200,
0,0,0,0,0,0,0,,,,,,,,,#88BA3F,680.2216963768005,False,space,correct rejection,None,711.9722366333008,text_12,70,6,2back_dual_main_click,2,"fährt,",18,17,35,120,60,,,,,,,,,,,19,02,yes,no,no,2025-07-14_14h23.31.760,EXNAT_4_TMS_Psychopy2024.2.5.psyexp,2024.2.5,2025-07-14 14h31.41.583675 +0200,
0,0,0,0,0,0,0,,,,,,,,,#F989A2,680.9726674556732,False,space,correct rejection,None,664.9692058563232,text_12,71,6,2back_dual_main_click,2,und,18,17,35,120,60,,,,,,,,,,,19,02,yes,no,no,2025-07-14_14h23.31.760,EXNAT_4_TMS_Psychopy2024.2.5.psyexp,2024.2.5,2025-07-14 14h31.41.583675 +0200,
0,0,0,0,0,0,0,,,,,,,,,#D292F3,681.677768945694,False,space,correct rejection,None,903.9092063903809,text_12,72,6,2back_dual_main_click,2,zwar,18,17,35,120,60,,,,,,,,,,,19,02,yes,no,no,2025-07-14_14h23.31.760,EXNAT_4_TMS_Psychopy2024.2.5.psyexp,2024.2.5,2025-07-14 14h31.41.583675 +0200,
0,0,0,0,0,0,0,,,,,,,,,#F989A2,682.6231558322906,True,l,hit,694.3850517272949,854.4185161590576,text_12,73,6,2back_dual_main_click,2,mit,18,17,35,120,60,,,,,,,,,,,19,02,yes,no,no,2025-07-14_14h23.31.760,EXNAT_4_TMS_Psychopy2024.2.5.psyexp,2024.2.5,2025-07-14 14h31.41.583675 +0200,
0,0,0,0,0,0,0,,,,,,,,,#88BA3F,683.5170316696167,False,space,correct rejection,None,1016.6912078857422,text_12,74,6,2back_dual_main_click,2,den,19,17,36,120,60,683.7236526012421,,,,,,,,,,19,02,yes,no,no,2025-07-14_14h23.31.760,EXNAT_4_TMS_Psychopy2024.2.5.psyexp,2024.2.5,2025-07-14 14h31.41.583675 +0200,
0,0,0,0,0,0,0,,,,,,,,,#88BA3F,684.5729846954346,False,space,correct rejection,None,616.7159080505371,text_12,75,6,2back_dual_main_click,2,Kindern.,19,17,36,120,60,,,,,,,,,,,19,02,yes,no,no,2025-07-14_14h23.31.760,EXNAT_4_TMS_Psychopy2024.2.5.psyexp,2024.2.5,2025-07-14 14h31.41.583675 +0200,
0,0,0,0,0,0,0,,,,,,,,,#2AB7EF,685.229104757309,False,space,correct rejection,None,888.5231018066406,text_12,76,6,2back_dual_main_click,2,Auf,19,17,36,120,60,,,,,,,,,,,19,02,yes,no,no,2025-07-14_14h23.31.760,EXNAT_4_TMS_Psychopy2024.2.5.psyexp,2024.2.5,2025-07-14 14h31.41.583675 +0200,
0,0,0,0,0,0,0,,,,,,,,,#D292F3,686.157294511795,False,space,correct rejection,None,888.343095779419,text_12,77,6,2back_dual_main_click,2,der,19,17,36,120,60,,,,,,,,,,,19,02,yes,no,no,2025-07-14_14h23.31.760,EXNAT_4_TMS_Psychopy2024.2.5.psyexp,2024.2.5,2025-07-14 14h31.41.583675 +0200,
0,0,0,0,0,0,0,,,,,,,,,#F989A2,687.0878672599792,False,space,correct rejection,None,869.7423934936523,text_12,78,6,2back_dual_main_click,2,Rückreise,19,17,36,120,60,,,,,,,,,,,19,02,yes,no,no,2025-07-14_14h23.31.760,EXNAT_4_TMS_Psychopy2024.2.5.psyexp,2024.2.5,2025-07-14 14h31.41.583675 +0200,
0,0,0,0,0,0,0,,,,,,,,,#2AB7EF,687.9984214305878,False,space,correct rejection,None,919.0471172332764,text_12,79,6,2back_dual_main_click,2,kommt,19,17,36,120,60,,,,,,,,,,,19,02,yes,no,no,2025-07-14_14h23.31.760,EXNAT_4_TMS_Psychopy2024.2.5.psyexp,2024.2.5,2025-07-14 14h31.41.583675 +0200,
0,0,0,0,0,0,0,,,,,,,,,#D292F3,688.9574439525604,False,space,correct rejection,None,888.089656829834,text_12,80,6,2back_dual_main_click,2,es,19,17,36,120,60,,,,,,,,,,,19,02,yes,no,no,2025-07-14_14h23.31.760,EXNAT_4_TMS_Psychopy2024.2.5.psyexp,2024.2.5,2025-07-14 14h31.41.583675 +0200,
0,0,0,0,0,0,0,,,,,,,,,#88BA3F,689.8819172382355,False,space,correct rejection,None,779.7369956970215,text_12,81,6,2back_dual_main_click,2,an,19,17,36,120,60,,,,,,,,,,,19,02,yes,no,no,2025-07-14_14h23.31.760,EXNAT_4_TMS_Psychopy2024.2.5.psyexp,2024.2.5,2025-07-14 14h31.41.583675 +0200,
0,0,0,0,0,0,0,,,,,,,,,#D292F3,690.7019498348236,True,l,hit,791.5356159210205,951.6119956970215,text_12,82,6,2back_dual_main_click,2,der,19,18,37,120,60,690.7525191307068,,,,,,,,,,19,02,yes,no,no,2025-07-14_14h23.31.760,EXNAT_4_TMS_Psychopy2024.2.5.psyexp,2024.2.5,2025-07-14 14h31.41.583675 +0200,
0,0,0,0,0,0,0,,,,,,,,,#F989A2,691.6938631534576,False,space,correct rejection,None,631.7458152770996,text_12,83,6,2back_dual_main_click,2,Grenze,19,18,37,120,60,,,,,,,,,,,19,02,yes,no,no,2025-07-14_14h23.31.760,EXNAT_4_TMS_Psychopy2024.2.5.psyexp,2024.2.5,2025-07-14 14h31.41.583675 +0200,
0,0,0,0,0,0,0,,,,,,,,,#2AB7EF,692.3655259609222,False,space,correct rejection,None,936.089277267456,text_12,84,6,2back_dual_main_click,2,zu,19,18,37,120,60,,,,,,,,,,,19,02,yes,no,no,2025-07-14_14h23.31.760,EXNAT_4_TMS_Psychopy2024.2.5.psyexp,2024.2.5,2025-07-14 14h31.41.583675 +0200,
0,0,0,0,0,0,0,,,,,,,,,#D292F3,693.3409786224365,False,space,correct rejection,None,2088.813304901123,text_12,85,6,2back_dual_main_click,2,Problemen.,19,18,37,120,60,,,,,,,,,,,19,02,yes,no,no,2025-07-14_14h23.31.760,EXNAT_4_TMS_Psychopy2024.2.5.psyexp,2024.2.5,2025-07-14 14h31.41.583675 +0200,
0,0,0,0,0,0,0,,,,,,,,,#F989A2,695.4871790409088,False,space,correct rejection,None,2022.4924087524414,text_12,86,6,2back_dual_main_click,2,Währenddessen,20,18,38,120,60,695.7525672912598,,,,,,,,,,19,02,yes,no,no,2025-07-14_14h23.31.760,EXNAT_4_TMS_Psychopy2024.2.5.psyexp,2024.2.5,2025-07-14 14h31.41.583675 +0200,
0,0,0,0,0,0,0,,,,,,,,,#D292F3,697.5653121471405,True,space,miss,None,792.3123836517334,text_12,87,6,2back_dual_main_click,2,verläuft,20,18,38,120,60,,,,,,,,,,,19,02,yes,no,no,2025-07-14_14h23.31.760,EXNAT_4_TMS_Psychopy2024.2.5.psyexp,2024.2.5,2025-07-14 14h31.41.583675 +0200,
0,0,0,0,0,0,0,,,,,,,,,#2AB7EF,698.4117920398712,False,space,correct rejection,None,729.825496673584,text_12,88,6,2back_dual_main_click,2,in,20,18,38,120,60,,,,,,,,,,,19,02,yes,no,no,2025-07-14_14h23.31.760,EXNAT_4_TMS_Psychopy2024.2.5.psyexp,2024.2.5,2025-07-14 14h31.41.583675 +0200,
0,0,0,0,0,0,0,,,,,,,,,#88BA3F,699.195305109024,False,space,correct rejection,None,810.3020191192627,text_12,89,6,2back_dual_main_click,2,Marokko,20,18,38,120,60,,,,,,,,,,,19,02,yes,no,no,2025-07-14_14h23.31.760,EXNAT_4_TMS_Psychopy2024.2.5.psyexp,2024.2.5,2025-07-14 14h31.41.583675 +0200,
0,0,0,0,0,0,0,,,,,,,,,#2AB7EF,700.0596783161163,True,l,hit,586.007833480835,761.8160247802734,text_12,90,6,2back_dual_main_click,2,die,20,19,39,120,60,700.7525889873505,,,,,,,,,,19,02,yes,no,no,2025-07-14_14h23.31.760,EXNAT_4_TMS_Psychopy2024.2.5.psyexp,2024.2.5,2025-07-14 14h31.41.583675 +0200,
0,0,0,0,0,0,0,,,,,,,,,#88BA3F,700.8764457702637,True,l,hit,1417.2203540802002,1529.233455657959,text_12,91,6,2back_dual_main_click,2,Rettung,20,19,39,120,60,,,,,,,,,,,19,02,yes,no,no,2025-07-14_14h23.31.760,EXNAT_4_TMS_Psychopy2024.2.5.psyexp,2024.2.5,2025-07-14 14h31.41.583675 +0200,
0,0,0,0,0,0,0,,,,,,,,,#88BA3F,702.4604542255402,False,space,correct rejection,None,793.109655380249,text_12,92,6,2back_dual_main_click,2,der,20,19,39,120,60,,,,,,,,,,,19,02,yes,no,no,2025-07-14_14h23.31.760,EXNAT_4_TMS_Psychopy2024.2.5.psyexp,2024.2.5,2025-07-14 14h31.41.583675 +0200,
0,0,0,0,0,0,0,,,,,,,,,#88BA3F,703.3088233470917,True,l,hit,584.9807262420654,744.652271270752,text_12,93,6,2back_dual_main_click,2,verletzten,20,19,39,120,60,,,,,,,,,,,19,02,yes,no,no,2025-07-14_14h23.31.760,EXNAT_4_TMS_Psychopy2024.2.5.psyexp,2024.2.5,2025-07-14 14h31.41.583675 +0200,
0,0,0,0,0,0,0,,,,,,,,,#2AB7EF,704.0909860134125,False,space,correct rejection,None,618.664026260376,text_12,94,6,2back_dual_main_click,2,Susan,20,19,39,120,60,,,,,,,,,,,19,02,yes,no,no,2025-07-14_14h23.31.760,EXNAT_4_TMS_Psychopy2024.2.5.psyexp,2024.2.5,2025-07-14 14h31.41.583675 +0200,
0,0,0,0,0,0,0,,,,,,,,,#F989A2,704.7506334781647,False,space,correct rejection,None,982.9797744750977,text_12,95,6,2back_dual_main_click,2,schleppend.,20,19,39,120,60,,,,,,,,,,,19,02,yes,no,no,2025-07-14_14h23.31.760,EXNAT_4_TMS_Psychopy2024.2.5.psyexp,2024.2.5,2025-07-14 14h31.41.583675 +0200,
0,0,0,0,0,0,0,,,,,,,,,#F989A2,705.7740123271942,False,space,correct rejection,None,647.6023197174072,text_12,96,6,2back_dual_main_click,2,Kritiker,21,19,40,120,60,705.8270690441132,,,,,,,,,,19,02,yes,no,no,2025-07-14_14h23.31.760,EXNAT_4_TMS_Psychopy2024.2.5.psyexp,2024.2.5,2025-07-14 14h31.41.583675 +0200,
0,0,0,0,0,0,0,,,,,,,,,#88BA3F,706.4609344005585,False,space,correct rejection,None,760.695219039917,text_12,97,6,2back_dual_main_click,2,werfen,21,19,40,120,60,,,,,,,,,,,19,02,yes,no,no,2025-07-14_14h23.31.760,EXNAT_4_TMS_Psychopy2024.2.5.psyexp,2024.2.5,2025-07-14 14h31.41.583675 +0200,
0,0,0,0,0,0,0,,,,,,,,,#D292F3,707.2608036994934,False,space,correct rejection,None,760.8468532562256,text_12,98,6,2back_dual_main_click,2,dem,21,19,40,120,60,,,,,,,,,,,19,02,yes,no,no,2025-07-14_14h23.31.760,EXNAT_4_TMS_Psychopy2024.2.5.psyexp,2024.2.5,2025-07-14 14h31.41.583675 +0200,
0,0,0,0,0,0,0,,,,,,,,,#F989A2,708.0761859416962,False,space,correct rejection,None,777.5204181671143,text_12,99,6,2back_dual_main_click,2,Regisseur,21,19,40,120,60,,,,,,,,,,,19,02,yes,no,no,2025-07-14_14h23.31.760,EXNAT_4_TMS_Psychopy2024.2.5.psyexp,2024.2.5,2025-07-14 14h31.41.583675 +0200,
0,0,0,0,0,0,0,,,,,,,,,#F989A2,708.9075455665588,False,space,correct rejection,None,666.0959720611572,text_12,100,6,2back_dual_main_click,2,"vor,",21,19,40,120,60,,,,,,,,,,,19,02,yes,no,no,2025-07-14_14h23.31.760,EXNAT_4_TMS_Psychopy2024.2.5.psyexp,2024.2.5,2025-07-14 14h31.41.583675 +0200,
0,0,0,0,0,0,0,,,,,,,,,#D292F3,709.6291873455048,False,space,correct rejection,None,1032.289743423462,text_12,101,6,2back_dual_main_click,2,das,21,19,40,120,60,,,,,,,,,,,19,02,yes,no,no,2025-07-14_14h23.31.760,EXNAT_4_TMS_Psychopy2024.2.5.psyexp,2024.2.5,2025-07-14 14h31.41.583675 +0200,
0,0,0,0,0,0,0,,,,,,,,,#2AB7EF,710.7167718410492,False,space,correct rejection,None,1080.9016227722168,text_12,102,6,2back_dual_main_click,2,Publikum,21,19,40,120,60,,,,,,,,,,,19,02,yes,no,no,2025-07-14_14h23.31.760,EXNAT_4_TMS_Psychopy2024.2.5.psyexp,2024.2.5,2025-07-14 14h31.41.583675 +0200,
0,0,0,0,0,0,0,,,,,,,,,#D292F3,711.8514730930328,True,l,hit,954.1785717010498,1146.1386680603027,text_12,103,6,2back_dual_main_click,2,mit,21,20,41,120,60,711.904149055481,,,,,,,,,,19,02,yes,no,no,2025-07-14_14h23.31.760,EXNAT_4_TMS_Psychopy2024.2.5.psyexp,2024.2.5,2025-07-14 14h31.41.583675 +0200,
0,0,0,0,0,0,0,,,,,,,,,#F989A2,713.0535869598389,False,space,correct rejection,None,776.0701179504395,text_12,104,6,2back_dual_main_click,2,starken,21,20,41,120,60,,,,,,,,,,,19,02,yes,no,no,2025-07-14_14h23.31.760,EXNAT_4_TMS_Psychopy2024.2.5.psyexp,2024.2.5,2025-07-14 14h31.41.583675 +0200,
0,0,0,0,0,0,0,,,,,,,,,#2AB7EF,713.8843710422516,False,space,correct rejection,None,1321.199893951416,text_12,105,6,2back_dual_main_click,2,Bildern,21,20,41,120,60,,,,,,,,,,,19,02,yes,no,no,2025-07-14_14h23.31.760,EXNAT_4_TMS_Psychopy2024.2.5.psyexp,2024.2.5,2025-07-14 14h31.41.583675 +0200,
0,0,0,0,0,0,0,,,,,,,,,#88BA3F,715.260580778122,False,space,correct rejection,None,649.1260528564453,text_12,106,6,2back_dual_main_click,2,zu,21,20,41,120,60,,,,,,,,,,,19,02,yes,no,no,2025-07-14_14h23.31.760,EXNAT_4_TMS_Psychopy2024.2.5.psyexp,2024.2.5,2025-07-14 14h31.41.583675 +0200,
0,0,0,0,0,0,0,,,,,,,,,#D292F3,715.9644057750702,False,space,correct rejection,None,1305.2449226379395,text_12,107,6,2back_dual_main_click,2,"blenden,",22,20,42,120,60,716.904066324234,,,,,,,,,,19,02,yes,no,no,2025-07-14_14h23.31.760,EXNAT_4_TMS_Psychopy2024.2.5.psyexp,2024.2.5,2025-07-14 14h31.41.583675 +0200,
0,0,0,0,0,0,0,,,,,,,,,#2AB7EF,717.3232448101044,False,space,correct rejection,None,938.4951591491699,text_12,108,6,2back_dual_main_click,2,obwohl,22,20,42,120,60,,,,,,,,,,,19,02,yes,no,no,2025-07-14_14h23.31.760,EXNAT_4_TMS_Psychopy2024.2.5.psyexp,2024.2.5,2025-07-14 14h31.41.583675 +0200,
0,0,0,0,0,0,0,,,,,,,,,#2AB7EF,718.3154799938202,False,space,correct rejection,None,570.1546669006348,text_12,109,6,2back_dual_main_click,2,es,22,20,42,120,60,,,,,,,,,,,19,02,yes,no,no,2025-07-14_14h23.31.760,EXNAT_4_TMS_Psychopy2024.2.5.psyexp,2024.2.5,2025-07-14 14h31.41.583675 +0200,
0,0,0,0,0,0,0,,,,,,,,,#88BA3F,718.9406251907349,False,space,correct rejection,None,729.0465831756592,text_12,110,6,2back_dual_main_click,2,um,22,20,42,120,60,,,,,,,,,,,19,02,yes,no,no,2025-07-14_14h23.31.760,EXNAT_4_TMS_Psychopy2024.2.5.psyexp,2024.2.5,2025-07-14 14h31.41.583675 +0200,
0,0,0,0,0,0,0,,,,,,,,,#2AB7EF,719.7247734069824,True,space,miss,None,888.8633251190186,text_12,111,6,2back_dual_main_click,2,Missverständnisse,22,20,42,120,60,,,,,,,,,,,19,02,yes,no,no,2025-07-14_14h23.31.760,EXNAT_4_TMS_Psychopy2024.2.5.psyexp,2024.2.5,2025-07-14 14h31.41.583675 +0200,
0,0,0,0,0,0,0,,,,,,,,,#F989A2,720.6693267822266,False,space,correct rejection,None,760.3154182434082,text_12,112,6,2back_dual_main_click,2,gehe.,22,20,42,120,60,,,,,,,,,,,19,02,yes,no,no,2025-07-14_14h23.31.760,EXNAT_4_TMS_Psychopy2024.2.5.psyexp,2024.2.5,2025-07-14 14h31.41.583675 +0200,
0,0,0,0,0,0,0,,,,,,,,,#F989A2,721.4846384525299,False,space,correct rejection,None,825.0796794891357,text_12,113,6,2back_dual_main_click,2,Doch,22,20,42,120,60,,,,,,,,,,,19,02,yes,no,no,2025-07-14_14h23.31.760,EXNAT_4_TMS_Psychopy2024.2.5.psyexp,2024.2.5,2025-07-14 14h31.41.583675 +0200,
0,0,0,0,0,0,0,,,,,,,,,#D292F3,722.3654844760895,False,space,correct rejection,None,712.1877670288086,text_12,114,6,2back_dual_main_click,2,genau,22,20,42,120,60,,,,,,,,,,,19,02,yes,no,no,2025-07-14_14h23.31.760,EXNAT_4_TMS_Psychopy2024.2.5.psyexp,2024.2.5,2025-07-14 14h31.41.583675 +0200,
0,0,0,0,0,0,0,,,,,,,,,#D292F3,723.1318511962891,False,space,correct rejection,None,729.8204898834229,text_12,115,6,2back_dual_main_click,2,das,22,20,42,120,60,,,,,,,,,,,19,02,yes,no,no,2025-07-14_14h23.31.760,EXNAT_4_TMS_Psychopy2024.2.5.psyexp,2024.2.5,2025-07-14 14h31.41.583675 +0200,
0,0,0,0,0,0,0,,,,,,,,,#2AB7EF,723.9169824123383,False,space,correct rejection,None,584.7258567810059,text_12,116,6,2back_dual_main_click,2,ist,22,20,42,120,60,,,,,,,,,,,19,02,yes,no,no,2025-07-14_14h23.31.760,EXNAT_4_TMS_Psychopy2024.2.5.psyexp,2024.2.5,2025-07-14 14h31.41.583675 +0200,
0,0,0,0,0,0,0,,,,,,,,,#88BA3F,724.5574779510498,False,space,correct rejection,None,712.2790813446045,text_12,117,6,2back_dual_main_click,2,die,22,20,42,120,60,,,,,,,,,,,19,02,yes,no,no,2025-07-14_14h23.31.760,EXNAT_4_TMS_Psychopy2024.2.5.psyexp,2024.2.5,2025-07-14 14h31.41.583675 +0200,
0,0,0,0,0,0,0,,,,,,,,,#2AB7EF,725.3259165287018,True,space,miss,None,1255.7413578033447,text_12,118,6,2back_dual_main_click,2,zentrale,22,21,43,120,60,725.3775508403778,,,,,,,,,,19,02,yes,no,no,2025-07-14_14h23.31.760,EXNAT_4_TMS_Psychopy2024.2.5.psyexp,2024.2.5,2025-07-14 14h31.41.583675 +0200,
0,0,0,0,0,0,0,,,,,,,,,#F989A2,726.6374270915985,False,space,correct rejection,None,696.3393688201904,text_12,119,6,2back_dual_main_click,2,Aussage:,22,21,43,120,60,,,,,,,,,,,19,02,yes,no,no,2025-07-14_14h23.31.760,EXNAT_4_TMS_Psychopy2024.2.5.psyexp,2024.2.5,2025-07-14 14h31.41.583675 +0200,
0,0,0,0,0,0,0,,,,,,,,,#D292F3,727.3869984149933,False,space,correct rejection,None,682.6815605163574,text_12,120,6,2back_dual_main_click,2,Menschen,22,21,43,120,60,,,,,,,,,,,19,02,yes,no,no,2025-07-14_14h23.31.760,EXNAT_4_TMS_Psychopy2024.2.5.psyexp,2024.2.5,2025-07-14 14h31.41.583675 +0200,
0,0,0,0,0,0,0,,,,,,,,,#F989A2,728.125895023346,True,l,hit,487.83206939697266,695.6803798675537,text_12,121,6,2back_dual_main_click,2,verstehen,22,21,43,120,60,,,,,,,,,,,19,02,yes,no,no,2025-07-14_14h23.31.760,EXNAT_4_TMS_Psychopy2024.2.5.psyexp,2024.2.5,2025-07-14 14h31.41.583675 +0200,
0,0,0,0,0,0,0,,,,,,,,,#2AB7EF,728.8755924701691,False,space,correct rejection,None,890.1669979095459,text_12,122,6,2back_dual_main_click,2,einander,22,21,43,120,60,,,,,,,,,,,19,02,yes,no,no,2025-07-14_14h23.31.760,EXNAT_4_TMS_Psychopy2024.2.5.psyexp,2024.2.5,2025-07-14 14h31.41.583675 +0200,
0,0,0,0,0,0,0,,,,,,,,,#88BA3F,729.8185076713562,False,space,correct rejection,None,859.2178821563721,text_12,123,6,2back_dual_main_click,2,nicht.,23,21,44,120,60,730.3774192333221,,,,,,,,,,19,02,yes,no,no,2025-07-14_14h23.31.760,EXNAT_4_TMS_Psychopy2024.2.5.psyexp,2024.2.5,2025-07-14 14h31.41.583675 +0200,
0,0,0,0,0,0,0,,,,,,,,,#D292F3,730.7175140380859,False,space,correct rejection,None,696.1894035339355,text_12,124,6,2back_dual_main_click,2,Der,23,21,44,120,60,,,,,,,,,,,19,02,yes,no,no,2025-07-14_14h23.31.760,EXNAT_4_TMS_Psychopy2024.2.5.psyexp,2024.2.5,2025-07-14 14h31.41.583675 +0200,
0,0,0,0,0,0,0,,,,,,,,,#2AB7EF,731.4550831317902,False,space,correct rejection,None,1110.6266975402832,text_12,125,6,2back_dual_main_click,2,Titel,23,21,44,120,60,,,,,,,,,,,19,02,yes,no,no,2025-07-14_14h23.31.760,EXNAT_4_TMS_Psychopy2024.2.5.psyexp,2024.2.5,2025-07-14 14h31.41.583675 +0200,
0,0,0,0,0,0,0,,,,,,,,,#2AB7EF,732.6061379909515,False,space,correct rejection,None,599.6568202972412,text_12,126,6,2back_dual_main_click,2,Babel,23,21,44,120,60,,,,,,,,,,,19,02,yes,no,no,2025-07-14_14h23.31.760,EXNAT_4_TMS_Psychopy2024.2.5.psyexp,2024.2.5,2025-07-14 14h31.41.583675 +0200,
0,0,0,0,0,0,0,,,,,,,,,#D292F3,733.2450861930847,False,space,correct rejection,None,792.6251888275146,text_12,127,6,2back_dual_main_click,2,verweist,23,21,44,120,60,,,,,,,,,,,19,02,yes,no,no,2025-07-14_14h23.31.760,EXNAT_4_TMS_Psychopy2024.2.5.psyexp,2024.2.5,2025-07-14 14h31.41.583675 +0200,
0,0,0,0,0,0,0,,,,,,,,,#F989A2,734.0776262283325,False,space,correct rejection,None,856.0841083526611,text_12,128,6,2back_dual_main_click,2,auf,23,21,44,120,60,,,,,,,,,,,19,02,yes,no,no,2025-07-14_14h23.31.760,EXNAT_4_TMS_Psychopy2024.2.5.psyexp,2024.2.5,2025-07-14 14h31.41.583675 +0200,
0,0,0,0,0,0,0,,,,,,,,,#88BA3F,734.9740750789642,False,space,correct rejection,None,503.68380546569824,text_12,129,6,2back_dual_main_click,2,die,23,21,44,120,60,,,,,,,,,,,19,02,yes,no,no,2025-07-14_14h23.31.760,EXNAT_4_TMS_Psychopy2024.2.5.psyexp,2024.2.5,2025-07-14 14h31.41.583675 +0200,
0,0,0,0,0,0,0,,,,,,,,,#D292F3,735.5178396701813,False,space,correct rejection,None,775.8479118347168,text_12,130,6,2back_dual_main_click,2,biblische,23,21,44,120,60,,,,,,,,,,,19,02,yes,no,no,2025-07-14_14h23.31.760,EXNAT_4_TMS_Psychopy2024.2.5.psyexp,2024.2.5,2025-07-14 14h31.41.583675 +0200,
0,0,0,0,0,0,0,,,,,,,,,#88BA3F,736.3330783843994,True,space,miss,None,696.5069770812988,text_12,131,6,2back_dual_main_click,2,Geschichte,23,22,45,120,60,736.3842542171478,,,,,,,,,,19,02,yes,no,no,2025-07-14_14h23.31.760,EXNAT_4_TMS_Psychopy2024.2.5.psyexp,2024.2.5,2025-07-14 14h31.41.583675 +0200,
0,0,0,0,0,0,0,,,,,,,,,#F989A2,737.0671513080597,False,space,correct rejection,None,570.620059967041,text_12,132,6,2back_dual_main_click,2,vom,23,22,45,120,60,,,,,,,,,,,19,02,yes,no,no,2025-07-14_14h23.31.760,EXNAT_4_TMS_Psychopy2024.2.5.psyexp,2024.2.5,2025-07-14 14h31.41.583675 +0200,
0,0,0,0,0,0,0,,,,,,,,,#D292F3,737.677969455719,False,space,correct rejection,None,551.7706871032715,text_12,133,6,2back_dual_main_click,2,"Turmbau,",23,22,45,120,60,,,,,,,,,,,19,02,yes,no,no,2025-07-14_14h23.31.760,EXNAT_4_TMS_Psychopy2024.2.5.psyexp,2024.2.5,2025-07-14 14h31.41.583675 +0200,
0,0,0,0,0,0,0,,,,,,,,,#D292F3,738.2684445381165,False,space,correct rejection,None,729.3927669525146,text_12,134,6,2back_dual_main_click,2,bei,23,22,45,120,60,,,,,,,,,,,19,02,yes,no,no,2025-07-14_14h23.31.760,EXNAT_4_TMS_Psychopy2024.2.5.psyexp,2024.2.5,2025-07-14 14h31.41.583675 +0200,
0,0,0,0,0,0,0,,,,,,,,,#2AB7EF,739.0372540950775,False,space,correct rejection,None,600.4455089569092,text_12,135,6,2back_dual_main_click,2,dem,23,22,45,120,60,,,,,,,,,,,19,02,yes,no,no,2025-07-14_14h23.31.760,EXNAT_4_TMS_Psychopy2024.2.5.psyexp,2024.2.5,2025-07-14 14h31.41.583675 +0200,
0,0,0,0,0,0,0,,,,,,,,,#2AB7EF,739.6763234138489,False,space,correct rejection,None,889.1370296478271,text_12,136,6,2back_dual_main_click,2,Gott,23,22,45,120,60,,,,,,,,,,,19,02,yes,no,no,2025-07-14_14h23.31.760,EXNAT_4_TMS_Psychopy2024.2.5.psyexp,2024.2.5,2025-07-14 14h31.41.583675 +0200,
0,0,0,0,0,0,0,,,,,,,,,#2AB7EF,740.604297876358,True,l,hit,649.4946479797363,825.2196311950684,text_12,137,6,2back_dual_main_click,2,die,23,23,46,120,60,741.3841211795807,,,,,,,,,,19,02,yes,no,no,2025-07-14_14h23.31.760,EXNAT_4_TMS_Psychopy2024.2.5.psyexp,2024.2.5,2025-07-14 14h31.41.583675 +0200,
0,0,0,0,0,0,0,,,,,,,,,#88BA3F,741.4705135822296,False,space,correct rejection,None,583.3942890167236,text_12,138,6,2back_dual_main_click,2,Sprache,23,23,46,120,60,,,,,,,,,,,19,02,yes,no,no,2025-07-14_14h23.31.760,EXNAT_4_TMS_Psychopy2024.2.5.psyexp,2024.2.5,2025-07-14 14h31.41.583675 +0200,
0,0,0,0,0,0,0,,,,,,,,,#F989A2,742.0948173999786,False,space,correct rejection,None,1511.101484298706,text_12,139,6,2back_dual_main_click,2,der,23,23,46,120,60,,,,,,,,,,,19,02,yes,no,no,2025-07-14_14h23.31.760,EXNAT_4_TMS_Psychopy2024.2.5.psyexp,2024.2.5,2025-07-14 14h31.41.583675 +0200,
0,0,0,0,0,0,0,,,,,,,,,#F989A2,743.6467506885529,False,space,correct rejection,None,646.8908786773682,text_12,140,6,2back_dual_main_click,2,Menschen,23,23,46,120,60,,,,,,,,,,,19,02,yes,no,no,2025-07-14_14h23.31.760,EXNAT_4_TMS_Psychopy2024.2.5.psyexp,2024.2.5,2025-07-14 14h31.41.583675 +0200,
0,0,0,0,0,0,0,,,,,,,,,#D292F3,744.3339433670044,False,space,correct rejection,None,679.8567771911621,text_12,141,6,2back_dual_main_click,2,verwirrte.,23,23,46,120,60,,,,,,,,,,,19,02,yes,no,no,2025-07-14_14h23.31.760,EXNAT_4_TMS_Psychopy2024.2.5.psyexp,2024.2.5,2025-07-14 14h31.41.583675 +0200,
0,0,0,0,0,0,0,,,,,,,,,#88BA3F,745.0542569160461,False,space,correct rejection,None,1175.61674118042,text_12,142,6,2back_dual_main_click,2,Der,23,23,46,120,60,,,,,,,,,,,19,02,yes,no,no,2025-07-14_14h23.31.760,EXNAT_4_TMS_Psychopy2024.2.5.psyexp,2024.2.5,2025-07-14 14h31.41.583675 +0200,
0,0,0,0,0,0,0,,,,,,,,,#88BA3F,746.2705471515656,False,space,correct rejection,None,1159.144401550293,text_12,143,6,2back_dual_main_click,2,Film,24,23,47,120,60,746.3840827941895,,,,,,,,,,19,02,yes,no,no,2025-07-14_14h23.31.760,EXNAT_4_TMS_Psychopy2024.2.5.psyexp,2024.2.5,2025-07-14 14h31.41.583675 +0200,
0,0,0,0,0,0,0,,,,,,,,,#F989A2,747.471334695816,False,space,correct rejection,None,774.4078636169434,text_12,144,6,2back_dual_main_click,2,verdeutlicht,24,23,47,120,60,,,,,,,,,,,19,02,yes,no,no,2025-07-14_14h23.31.760,EXNAT_4_TMS_Psychopy2024.2.5.psyexp,2024.2.5,2025-07-14 14h31.41.583675 +0200,
0,0,0,0,0,0,0,,,,,,,,,#F989A2,748.2835962772369,False,space,correct rejection,None,714.0927314758301,text_12,145,6,2back_dual_main_click,2,die,24,23,47,120,60,,,,,,,,,,,19,02,yes,no,no,2025-07-14_14h23.31.760,EXNAT_4_TMS_Psychopy2024.2.5.psyexp,2024.2.5,2025-07-14 14h31.41.583675 +0200,
0,0,0,0,0,0,0,,,,,,,,,#88BA3F,749.0382888317108,False,space,correct rejection,None,695.3995227813721,text_12,146,6,2back_dual_main_click,2,Folgen,24,23,47,120,60,,,,,,,,,,,19,02,yes,no,no,2025-07-14_14h23.31.760,EXNAT_4_TMS_Psychopy2024.2.5.psyexp,2024.2.5,2025-07-14 14h31.41.583675 +0200,
0,0,0,0,0,0,0,,,,,,,,,#2AB7EF,749.7741196155548,False,space,correct rejection,None,583.5404396057129,text_12,147,6,2back_dual_main_click,2,von,24,23,47,120,60,,,,,,,,,,,19,02,yes,no,no,2025-07-14_14h23.31.760,EXNAT_4_TMS_Psychopy2024.2.5.psyexp,2024.2.5,2025-07-14 14h31.41.583675 +0200,
0,0,0,0,0,0,0,,,,,,,,,#88BA3F,750.3969740867615,True,l,hit,616.779088973999,776.6954898834229,text_12,148,6,2back_dual_main_click,2,Sprachlosigkeit,24,23,47,120,60,,,,,,,,,,,19,02,yes,no,no,2025-07-14_14h23.31.760,EXNAT_4_TMS_Psychopy2024.2.5.psyexp,2024.2.5,2025-07-14 14h31.41.583675 +0200,
0,0,0,0,0,0,0,,,,,,,,,#2AB7EF,751.2142288684845,True,space,miss,None,727.4966239929199,text_12,149,6,2back_dual_main_click,2,und,24,24,48,120,60,751.3841018676758,,,,,,,,,,19,02,yes,no,no,2025-07-14_14h23.31.760,EXNAT_4_TMS_Psychopy2024.2.5.psyexp,2024.2.5,2025-07-14 14h31.41.583675 +0200,
0,0,0,0,0,0,0,,,,,,,,,#F989A2,751.9818353652954,False,space,correct rejection,None,679.9015998840332,text_12,150,6,2back_dual_main_click,2,Missverständnissen.,24,24,48,120,60,,,,,,,,,,,19,02,yes,no,no,2025-07-14_14h23.31.760,EXNAT_4_TMS_Psychopy2024.2.5.psyexp,2024.2.5,2025-07-14 14h31.41.583675 +0200,
0,0,0,0,0,0,0,,,,,,,,,,752.7125344276428,,1,,,,text_12,,6,2back_dual_main_click,,,,,,,,,Q1,a,True,,,,,,,19,02,yes,no,no,2025-07-14_14h23.31.760,EXNAT_4_TMS_Psychopy2024.2.5.psyexp,2024.2.5,2025-07-14 14h31.41.583675 +0200,
0,0,0,0,0,0,0,,,,,,,,,,757.0949568748474,,3,,,,text_12,,6,2back_dual_main_click,,,,,,,,,Q2,c,True,,,,,,,19,02,yes,no,no,2025-07-14_14h23.31.760,EXNAT_4_TMS_Psychopy2024.2.5.psyexp,2024.2.5,2025-07-14 14h31.41.583675 +0200,
0,0,0,0,0,0,0,,,,,,,,,,759.6798207759857,,4,,,,text_12,,6,2back_dual_main_click,,,,,,,,,Q3,d,True,,,,,,,19,02,yes,no,no,2025-07-14_14h23.31.760,EXNAT_4_TMS_Psychopy2024.2.5.psyexp,2024.2.5,2025-07-14 14h31.41.583675 +0200,
0,0,0,0,0,0,0,,,,,,,,,#2AB7EF,768.519248008728,False,space,correct rejection,None,1278.594732284546,text_08,1,7,2back_dual_main_click,2,Nach,24,24,48,120,60,,,,,,,,,,,19,02,yes,no,no,2025-07-14_14h23.31.760,EXNAT_4_TMS_Psychopy2024.2.5.psyexp,2024.2.5,2025-07-14 14h31.41.583675 +0200,
0,0,0,0,0,0,0,,,,,,,,,#D292F3,769.8318090438843,False,space,correct rejection,None,718.0371284484863,text_08,2,7,2back_dual_main_click,2,einem,25,24,49,120,60,769.8821091651917,,,,,,,,,,19,02,yes,no,no,2025-07-14_14h23.31.760,EXNAT_4_TMS_Psychopy2024.2.5.psyexp,2024.2.5,2025-07-14 14h31.41.583675 +0200,
0,0,0,0,0,0,0,,,,,,,,,#D292F3,770.5897119045258,False,space,correct rejection,None,840.0237560272217,text_08,3,7,2back_dual_main_click,2,Ritt,25,24,49,120,60,,,,,,,,,,,19,02,yes,no,no,2025-07-14_14h23.31.760,EXNAT_4_TMS_Psychopy2024.2.5.psyexp,2024.2.5,2025-07-14 14h31.41.583675 +0200,
0,0,0,0,0,0,0,,,,,,,,,#2AB7EF,771.472115278244,False,space,correct rejection,None,901.5426635742188,text_08,4,7,2back_dual_main_click,2,durch,25,24,49,120,60,,,,,,,,,,,19,02,yes,no,no,2025-07-14_14h23.31.760,EXNAT_4_TMS_Psychopy2024.2.5.psyexp,2024.2.5,2025-07-14 14h31.41.583675 +0200,
0,0,0,0,0,0,0,,,,,,,,,#88BA3F,772.4138538837433,False,space,correct rejection,None,679.6553134918213,text_08,5,7,2back_dual_main_click,2,eine,25,24,49,120,60,,,,,,,,,,,19,02,yes,no,no,2025-07-14_14h23.31.760,EXNAT_4_TMS_Psychopy2024.2.5.psyexp,2024.2.5,2025-07-14 14h31.41.583675 +0200,
0,0,0,0,0,0,0,,,,,,,,,#F989A2,773.1337468624115,False,space,correct rejection,None,727.9207706451416,text_08,6,7,2back_dual_main_click,2,Schlucht,25,24,49,120,60,,,,,,,,,,,19,02,yes,no,no,2025-07-14_14h23.31.760,EXNAT_4_TMS_Psychopy2024.2.5.psyexp,2024.2.5,2025-07-14 14h31.41.583675 +0200,
0,0,0,0,0,0,0,,,,,,,,,#D292F3,773.901703119278,False,space,correct rejection,None,887.9203796386719,text_08,7,7,2back_dual_main_click,2,steht,25,24,49,120,60,,,,,,,,,,,19,02,yes,no,no,2025-07-14_14h23.31.760,EXNAT_4_TMS_Psychopy2024.2.5.psyexp,2024.2.5,2025-07-14 14h31.41.583675 +0200,
0,0,0,0,0,0,0,,,,,,,,,#2AB7EF,774.8296732902527,False,space,correct rejection,None,696.143388748169,text_08,8,7,2back_dual_main_click,2,Indiana,26,24,50,120,60,774.8837077617645,,,,,,,,,,19,02,yes,no,no,2025-07-14_14h23.31.760,EXNAT_4_TMS_Psychopy2024.2.5.psyexp,2024.2.5,2025-07-14 14h31.41.583675 +0200,
0,0,0,0,0,0,0,,,,,,,,,#88BA3F,775.5662610530853,False,space,correct rejection,None,695.4660415649414,text_08,9,7,2back_dual_main_click,2,Jones,26,24,50,120,60,,,,,,,,,,,19,02,yes,no,no,2025-07-14_14h23.31.760,EXNAT_4_TMS_Psychopy2024.2.5.psyexp,2024.2.5,2025-07-14 14h31.41.583675 +0200,
0,0,0,0,0,0,0,,,,,,,,,#F989A2,776.3020558357239,False,space,correct rejection,None,775.7070064544678,text_08,10,7,2back_dual_main_click,2,vor,26,24,50,120,60,,,,,,,,,,,19,02,yes,no,no,2025-07-14_14h23.31.760,EXNAT_4_TMS_Psychopy2024.2.5.psyexp,2024.2.5,2025-07-14 14h31.41.583675 +0200,
0,0,0,0,0,0,0,,,,,,,,,#88BA3F,777.1167793273926,True,space,miss,None,1112.8954887390137,text_08,11,7,2back_dual_main_click,2,der,26,24,50,120,60,,,,,,,,,,,19,02,yes,no,no,2025-07-14_14h23.31.760,EXNAT_4_TMS_Psychopy2024.2.5.psyexp,2024.2.5,2025-07-14 14h31.41.583675 +0200,
0,0,0,0,0,0,0,,,,,,,,,#F989A2,778.2703292369843,True,space,miss,None,999.3441104888916,text_08,12,7,2back_dual_main_click,2,gewaltigen,26,24,50,120,60,,,,,,,,,,,19,02,yes,no,no,2025-07-14_14h23.31.760,EXNAT_4_TMS_Psychopy2024.2.5.psyexp,2024.2.5,2025-07-14 14h31.41.583675 +0200,
0,0,0,0,0,0,0,,,,,,,,,#2AB7EF,779.3204345703125,False,space,correct rejection,None,1117.2840595245361,text_08,13,7,2back_dual_main_click,2,Fassade,26,24,50,120,60,,,,,,,,,,,19,02,yes,no,no,2025-07-14_14h23.31.760,EXNAT_4_TMS_Psychopy2024.2.5.psyexp,2024.2.5,2025-07-14 14h31.41.583675 +0200,
0,0,0,0,0,0,0,,,,,,,,,#F989A2,780.4933714866638,True,l,hit,472.3072052001953,808.2633018493652,text_08,14,7,2back_dual_main_click,2,der,26,24,50,120,60,,,,,,,,,,,19,02,yes,no,no,2025-07-14_14h23.31.760,EXNAT_4_TMS_Psychopy2024.2.5.psyexp,2024.2.5,2025-07-14 14h31.41.583675 +0200,
0,0,0,0,0,0,0,,,,,,,,,#D292F3,781.3575203418732,False,space,correct rejection,None,920.2351570129395,text_08,15,7,2back_dual_main_click,2,antiken,26,24,50,120,60,,,,,,,,,,,19,02,yes,no,no,2025-07-14_14h23.31.760,EXNAT_4_TMS_Psychopy2024.2.5.psyexp,2024.2.5,2025-07-14 14h31.41.583675 +0200,
0,0,0,0,0,0,0,,,,,,,,,#F989A2,782.3327989578247,True,l,hit,984.8148822784424,1176.8546104431152,text_08,16,7,2back_dual_main_click,2,Felsenstadt,26,24,50,120,60,,,,,,,,,,,19,02,yes,no,no,2025-07-14_14h23.31.760,EXNAT_4_TMS_Psychopy2024.2.5.psyexp,2024.2.5,2025-07-14 14h31.41.583675 +0200,
0,0,0,0,0,0,0,,,,,,,,,#2AB7EF,783.5663723945618,False,space,correct rejection,None,1191.4176940917969,text_08,17,7,2back_dual_main_click,2,Petra.,26,24,50,120,60,,,,,,,,,,,19,02,yes,no,no,2025-07-14_14h23.31.760,EXNAT_4_TMS_Psychopy2024.2.5.psyexp,2024.2.5,2025-07-14 14h31.41.583675 +0200,
0,0,0,0,0,0,0,,,,,,,,,#F989A2,784.8114700317383,True,space,miss,None,938.1880760192871,text_08,18,7,2back_dual_main_click,2,Die,26,25,51,120,60,784.8632435798645,,,,,,,,,,19,02,yes,no,no,2025-07-14_14h23.31.760,EXNAT_4_TMS_Psychopy2024.2.5.psyexp,2024.2.5,2025-07-14 14h31.41.583675 +0200,
0,0,0,0,0,0,0,,,,,,,,,#88BA3F,785.8039953708649,False,space,correct rejection,None,1225.644588470459,text_08,19,7,2back_dual_main_click,2,Szene,26,25,51,120,60,,,,,,,,,,,19,02,yes,no,no,2025-07-14_14h23.31.760,EXNAT_4_TMS_Psychopy2024.2.5.psyexp,2024.2.5,2025-07-14 14h31.41.583675 +0200,
0,0,0,0,0,0,0,,,,,,,,,#88BA3F,787.0842912197113,False,space,correct rejection,None,681.4537048339844,text_08,20,7,2back_dual_main_click,2,aus,26,25,51,120,60,,,,,,,,,,,19,02,yes,no,no,2025-07-14_14h23.31.760,EXNAT_4_TMS_Psychopy2024.2.5.psyexp,2024.2.5,2025-07-14 14h31.41.583675 +0200,
0,0,0,0,0,0,0,,,,,,,,,#88BA3F,787.8216049671173,True,l,hit,600.0862121582031,776.0539054870605,text_08,21,7,2back_dual_main_click,2,dem,26,25,51,120,60,,,,,,,,,,,19,02,yes,no,no,2025-07-14_14h23.31.760,EXNAT_4_TMS_Psychopy2024.2.5.psyexp,2024.2.5,2025-07-14 14h31.41.583675 +0200,
0,0,0,0,0,0,0,,,,,,,,,#2AB7EF,788.6376662254333,False,space,correct rejection,None,920.1874732971191,text_08,22,7,2back_dual_main_click,2,Kinofilm,26,25,51,120,60,,,,,,,,,,,19,02,yes,no,no,2025-07-14_14h23.31.760,EXNAT_4_TMS_Psychopy2024.2.5.psyexp,2024.2.5,2025-07-14 14h31.41.583675 +0200,
0,0,0,0,0,0,0,,,,,,,,,#D292F3,789.5965173244476,False,space,correct rejection,None,745.0673580169678,text_08,23,7,2back_dual_main_click,2,machte,27,25,52,120,60,789.8632543087006,,,,,,,,,,19,02,yes,no,no,2025-07-14_14h23.31.760,EXNAT_4_TMS_Psychopy2024.2.5.psyexp,2024.2.5,2025-07-14 14h31.41.583675 +0200,
0,0,0,0,0,0,0,,,,,,,,,#D292F3,790.3810663223267,False,space,correct rejection,None,760.5900764465332,text_08,24,7,2back_dual_main_click,2,die,27,25,52,120,60,,,,,,,,,,,19,02,yes,no,no,2025-07-14_14h23.31.760,EXNAT_4_TMS_Psychopy2024.2.5.psyexp,2024.2.5,2025-07-14 14h31.41.583675 +0200,
0,0,0,0,0,0,0,,,,,,,,,#F989A2,791.1814072132111,False,space,correct rejection,None,808.3531856536865,text_08,25,7,2back_dual_main_click,2,einstige,27,25,52,120,60,,,,,,,,,,,19,02,yes,no,no,2025-07-14_14h23.31.760,EXNAT_4_TMS_Psychopy2024.2.5.psyexp,2024.2.5,2025-07-14 14h31.41.583675 +0200,
0,0,0,0,0,0,0,,,,,,,,,#D292F3,792.0294806957245,True,l,hit,552.1962642669678,760.124683380127,text_08,26,7,2back_dual_main_click,2,Hauptstadt,27,25,52,120,60,,,,,,,,,,,19,02,yes,no,no,2025-07-14_14h23.31.760,EXNAT_4_TMS_Psychopy2024.2.5.psyexp,2024.2.5,2025-07-14 14h31.41.583675 +0200,
0,0,0,0,0,0,0,,,,,,,,,#2AB7EF,792.8278498649597,False,space,correct rejection,None,1273.9741802215576,text_08,27,7,2back_dual_main_click,2,der,27,25,52,120,60,,,,,,,,,,,19,02,yes,no,no,2025-07-14_14h23.31.760,EXNAT_4_TMS_Psychopy2024.2.5.psyexp,2024.2.5,2025-07-14 14h31.41.583675 +0200,
0,0,0,0,0,0,0,,,,,,,,,#88BA3F,794.1434831619263,False,space,correct rejection,None,1366.3086891174316,text_08,28,7,2back_dual_main_click,2,Nabatäer,27,25,52,120,60,,,,,,,,,,,19,02,yes,no,no,2025-07-14_14h23.31.760,EXNAT_4_TMS_Psychopy2024.2.5.psyexp,2024.2.5,2025-07-14 14h31.41.583675 +0200,
0,0,0,0,0,0,0,,,,,,,,,#88BA3F,795.5586190223694,False,space,correct rejection,None,623.021125793457,text_08,29,7,2back_dual_main_click,2,berühmt.,27,25,52,120,60,,,,,,,,,,,19,02,yes,no,no,2025-07-14_14h23.31.760,EXNAT_4_TMS_Psychopy2024.2.5.psyexp,2024.2.5,2025-07-14 14h31.41.583675 +0200,
0,0,0,0,0,0,0,,,,,,,,,#D292F3,796.2369685173035,False,space,correct rejection,None,760.7765197753906,text_08,30,7,2back_dual_main_click,2,Diese,27,25,52,120,60,,,,,,,,,,,19,02,yes,no,no,2025-07-14_14h23.31.760,EXNAT_4_TMS_Psychopy2024.2.5.psyexp,2024.2.5,2025-07-14 14h31.41.583675 +0200,
0,0,0,0,0,0,0,,,,,,,,,#2AB7EF,797.0380480289459,False,space,correct rejection,None,727.6468276977539,text_08,31,7,2back_dual_main_click,2,dominierten,27,25,52,120,60,,,,,,,,,,,19,02,yes,no,no,2025-07-14_14h23.31.760,EXNAT_4_TMS_Psychopy2024.2.5.psyexp,2024.2.5,2025-07-14 14h31.41.583675 +0200,
0,0,0,0,0,0,0,,,,,,,,,#F989A2,797.8066749572754,False,space,correct rejection,None,679.0025234222412,text_08,32,7,2back_dual_main_click,2,zwei,27,25,52,120,60,,,,,,,,,,,19,02,yes,no,no,2025-07-14_14h23.31.760,EXNAT_4_TMS_Psychopy2024.2.5.psyexp,2024.2.5,2025-07-14 14h31.41.583675 +0200,
0,0,0,0,0,0,0,,,,,,,,,#D292F3,798.5259549617767,False,l,false alarm,791.7611598968506,1095.6392288208008,text_08,33,7,2back_dual_main_click,2,Jahrhunderte,27,25,52,120,60,,,,,,,,,,,19,02,yes,no,no,2025-07-14_14h23.31.760,EXNAT_4_TMS_Psychopy2024.2.5.psyexp,2024.2.5,2025-07-14 14h31.41.583675 +0200,
0,0,0,0,0,0,0,,,,,,,,,#F989A2,799.6597440242767,True,l,hit,745.8853721618652,889.9040222167969,text_08,34,7,2back_dual_main_click,2,lang,27,26,53,120,60,799.7194638252258,,,,,,,,,,19,02,yes,no,no,2025-07-14_14h23.31.760,EXNAT_4_TMS_Psychopy2024.2.5.psyexp,2024.2.5,2025-07-14 14h31.41.583675 +0200,
0,0,0,0,0,0,0,,,,,,,,,#2AB7EF,800.5891399383545,False,space,correct rejection,None,616.5926456451416,text_08,35,7,2back_dual_main_click,2,den,27,26,53,120,60,,,,,,,,,,,19,02,yes,no,no,2025-07-14_14h23.31.760,EXNAT_4_TMS_Psychopy2024.2.5.psyexp,2024.2.5,2025-07-14 14h31.41.583675 +0200,
0,0,0,0,0,0,0,,,,,,,,,#88BA3F,801.2436442375183,False,space,correct rejection,None,794.0981388092041,text_08,36,7,2back_dual_main_click,2,Handel,27,26,53,120,60,,,,,,,,,,,19,02,yes,no,no,2025-07-14_14h23.31.760,EXNAT_4_TMS_Psychopy2024.2.5.psyexp,2024.2.5,2025-07-14 14h31.41.583675 +0200,
0,0,0,0,0,0,0,,,,,,,,,#2AB7EF,802.0771207809448,True,l,hit,472.6247787475586,648.5517024993896,text_08,37,7,2back_dual_main_click,2,im,27,26,53,120,60,,,,,,,,,,,19,02,yes,no,no,2025-07-14_14h23.31.760,EXNAT_4_TMS_Psychopy2024.2.5.psyexp,2024.2.5,2025-07-14 14h31.41.583675 +0200,
0,0,0,0,0,0,0,,,,,,,,,#F989A2,802.7651968002319,False,space,correct rejection,None,792.4482822418213,text_08,38,7,2back_dual_main_click,2,Nahen,27,26,53,120,60,,,,,,,,,,,19,02,yes,no,no,2025-07-14_14h23.31.760,EXNAT_4_TMS_Psychopy2024.2.5.psyexp,2024.2.5,2025-07-14 14h31.41.583675 +0200,
0,0,0,0,0,0,0,,,,,,,,,#D292F3,803.5988974571228,False,space,correct rejection,None,662.8360748291016,text_08,39,7,2back_dual_main_click,2,Osten.,27,26,53,120,60,,,,,,,,,,,19,02,yes,no,no,2025-07-14_14h23.31.760,EXNAT_4_TMS_Psychopy2024.2.5.psyexp,2024.2.5,2025-07-14 14h31.41.583675 +0200,
0,0,0,0,0,0,0,,,,,,,,,#2AB7EF,804.3005714416504,False,space,correct rejection,None,729.1932106018066,text_08,40,7,2back_dual_main_click,2,In,28,26,54,120,60,804.7193565368652,,,,,,,,,,19,02,yes,no,no,2025-07-14_14h23.31.760,EXNAT_4_TMS_Psychopy2024.2.5.psyexp,2024.2.5,2025-07-14 14h31.41.583675 +0200,
0,0,0,0,0,0,0,,,,,,,,,#2AB7EF,805.0678169727325,False,space,correct rejection,None,585.8891010284424,text_08,41,7,2back_dual_main_click,2,kürzester,28,26,54,120,60,,,,,,,,,,,19,02,yes,no,no,2025-07-14_14h23.31.760,EXNAT_4_TMS_Psychopy2024.2.5.psyexp,2024.2.5,2025-07-14 14h31.41.583675 +0200,
0,0,0,0,0,0,0,,,,,,,,,#D292F3,805.6940746307373,False,space,correct rejection,None,839.4596576690674,text_08,42,7,2back_dual_main_click,2,Zeit,28,26,54,120,60,,,,,,,,,,,19,02,yes,no,no,2025-07-14_14h23.31.760,EXNAT_4_TMS_Psychopy2024.2.5.psyexp,2024.2.5,2025-07-14 14h31.41.583675 +0200,
0,0,0,0,0,0,0,,,,,,,,,#88BA3F,806.5736184120178,False,space,correct rejection,None,760.1430416107178,text_08,43,7,2back_dual_main_click,2,entstand,28,26,54,120,60,,,,,,,,,,,19,02,yes,no,no,2025-07-14_14h23.31.760,EXNAT_4_TMS_Psychopy2024.2.5.psyexp,2024.2.5,2025-07-14 14h31.41.583675 +0200,
0,0,0,0,0,0,0,,,,,,,,,#F989A2,807.3736505508423,False,space,correct rejection,None,791.9278144836426,text_08,44,7,2back_dual_main_click,2,eine,28,26,54,120,60,,,,,,,,,,,19,02,yes,no,no,2025-07-14_14h23.31.760,EXNAT_4_TMS_Psychopy2024.2.5.psyexp,2024.2.5,2025-07-14 14h31.41.583675 +0200,
0,0,0,0,0,0,0,,,,,,,,,#88BA3F,808.2052743434906,True,space,miss,None,1048.2776165008545,text_08,45,7,2back_dual_main_click,2,Stadt,28,26,54,120,60,,,,,,,,,,,19,02,yes,no,no,2025-07-14_14h23.31.760,EXNAT_4_TMS_Psychopy2024.2.5.psyexp,2024.2.5,2025-07-14 14h31.41.583675 +0200,
0,0,0,0,0,0,0,,,,,,,,,#F989A2,809.292400598526,True,space,miss,None,825.3607749938965,text_08,46,7,2back_dual_main_click,2,mit,28,27,55,120,60,809.7193624973297,,,,,,,,,,19,02,yes,no,no,2025-07-14_14h23.31.760,EXNAT_4_TMS_Psychopy2024.2.5.psyexp,2024.2.5,2025-07-14 14h31.41.583675 +0200,
0,0,0,0,0,0,0,,,,,,,,,#D292F3,810.1586372852325,False,space,correct rejection,None,647.0727920532227,text_08,47,7,2back_dual_main_click,2,Hunderten,28,27,55,120,60,,,,,,,,,,,19,02,yes,no,no,2025-07-14_14h23.31.760,EXNAT_4_TMS_Psychopy2024.2.5.psyexp,2024.2.5,2025-07-14 14h31.41.583675 +0200,
0,0,0,0,0,0,0,,,,,,,,,#88BA3F,810.8444859981537,False,space,correct rejection,None,585.254430770874,text_08,48,7,2back_dual_main_click,2,Höhlen,28,27,55,120,60,,,,,,,,,,,19,02,yes,no,no,2025-07-14_14h23.31.760,EXNAT_4_TMS_Psychopy2024.2.5.psyexp,2024.2.5,2025-07-14 14h31.41.583675 +0200,
0,0,0,0,0,0,0,,,,,,,,,#F989A2,811.4695105552673,False,space,correct rejection,None,1096.2176322937012,text_08,49,7,2back_dual_main_click,2,und,28,27,55,120,60,,,,,,,,,,,19,02,yes,no,no,2025-07-14_14h23.31.760,EXNAT_4_TMS_Psychopy2024.2.5.psyexp,2024.2.5,2025-07-14 14h31.41.583675 +0200,
0,0,0,0,0,0,0,,,,,,,,,#88BA3F,812.6064040660858,True,l,hit,647.1307277679443,791.0645008087158,text_08,50,7,2back_dual_main_click,2,Fassaden.,28,27,55,120,60,,,,,,,,,,,19,02,yes,no,no,2025-07-14_14h23.31.760,EXNAT_4_TMS_Psychopy2024.2.5.psyexp,2024.2.5,2025-07-14 14h31.41.583675 +0200,
0,0,0,0,0,0,0,,,,,,,,,#88BA3F,813.4371366500854,False,space,correct rejection,None,712.7299308776855,text_08,51,7,2back_dual_main_click,2,Lange,28,27,55,120,60,,,,,,,,,,,19,02,yes,no,no,2025-07-14_14h23.31.760,EXNAT_4_TMS_Psychopy2024.2.5.psyexp,2024.2.5,2025-07-14 14h31.41.583675 +0200,
0,0,0,0,0,0,0,,,,,,,,,#D292F3,814.1898458003998,False,space,correct rejection,None,791.9719219207764,text_08,52,7,2back_dual_main_click,2,glaubte,29,27,56,120,60,814.7193660736084,,,,,,,,,,19,02,yes,no,no,2025-07-14_14h23.31.760,EXNAT_4_TMS_Psychopy2024.2.5.psyexp,2024.2.5,2025-07-14 14h31.41.583675 +0200,
0,0,0,0,0,0,0,,,,,,,,,#D292F3,815.0229618549347,False,space,correct rejection,None,982.553243637085,text_08,53,7,2back_dual_main_click,2,"man,",29,27,56,120,60,,,,,,,,,,,19,02,yes,no,no,2025-07-14_14h23.31.760,EXNAT_4_TMS_Psychopy2024.2.5.psyexp,2024.2.5,2025-07-14 14h31.41.583675 +0200,
0,0,0,0,0,0,0,,,,,,,,,#2AB7EF,816.043298959732,False,space,correct rejection,None,922.4417209625244,text_08,54,7,2back_dual_main_click,2,Petra,29,27,56,120,60,,,,,,,,,,,19,02,yes,no,no,2025-07-14_14h23.31.760,EXNAT_4_TMS_Psychopy2024.2.5.psyexp,2024.2.5,2025-07-14 14h31.41.583675 +0200,
0,0,0,0,0,0,0,,,,,,,,,#D292F3,817.006383895874,True,space,miss,None,1607.2227954864502,text_08,55,7,2back_dual_main_click,2,sei,29,27,56,120,60,,,,,,,,,,,19,02,yes,no,no,2025-07-14_14h23.31.760,EXNAT_4_TMS_Psychopy2024.2.5.psyexp,2024.2.5,2025-07-14 14h31.41.583675 +0200,
0,0,0,0,0,0,0,,,,,,,,,#F989A2,818.6667947769165,False,space,correct rejection,None,666.8078899383545,text_08,56,7,2back_dual_main_click,2,nur,29,27,56,120,60,,,,,,,,,,,19,02,yes,no,no,2025-07-14_14h23.31.760,EXNAT_4_TMS_Psychopy2024.2.5.psyexp,2024.2.5,2025-07-14 14h31.41.583675 +0200,
0,0,0,0,0,0,0,,,,,,,,,#2AB7EF,819.3896110057831,False,space,correct rejection,None,552.1659851074219,text_08,57,7,2back_dual_main_click,2,ein,29,27,56,120,60,,,,,,,,,,,19,02,yes,no,no,2025-07-14_14h23.31.760,EXNAT_4_TMS_Psychopy2024.2.5.psyexp,2024.2.5,2025-07-14 14h31.41.583675 +0200,
0,0,0,0,0,0,0,,,,,,,,,#88BA3F,819.9976332187653,False,space,correct rejection,None,776.0710716247559,text_08,58,7,2back_dual_main_click,2,Ort,29,27,56,120,60,,,,,,,,,,,19,02,yes,no,no,2025-07-14_14h23.31.760,EXNAT_4_TMS_Psychopy2024.2.5.psyexp,2024.2.5,2025-07-14 14h31.41.583675 +0200,
0,0,0,0,0,0,0,,,,,,,,,#2AB7EF,820.827981710434,True,l,hit,521.7649936676025,729.6419143676758,text_08,59,7,2back_dual_main_click,2,für,29,28,57,120,60,820.9039947986603,,,,,,,,,,19,02,yes,no,no,2025-07-14_14h23.31.760,EXNAT_4_TMS_Psychopy2024.2.5.psyexp,2024.2.5,2025-07-14 14h31.41.583675 +0200,
0,0,0,0,0,0,0,,,,,,,,,#D292F3,821.5985646247864,False,space,correct rejection,None,807.220458984375,text_08,60,7,2back_dual_main_click,2,Tote,29,28,57,120,60,,,,,,,,,,,19,02,yes,no,no,2025-07-14_14h23.31.760,EXNAT_4_TMS_Psychopy2024.2.5.psyexp,2024.2.5,2025-07-14 14h31.41.583675 +0200,
0,0,0,0,0,0,0,,,,,,,,,#F989A2,822.4449956417084,False,space,correct rejection,None,792.7887439727783,text_08,61,7,2back_dual_main_click,2,und,29,28,57,120,60,,,,,,,,,,,19,02,yes,no,no,2025-07-14_14h23.31.760,EXNAT_4_TMS_Psychopy2024.2.5.psyexp,2024.2.5,2025-07-14 14h31.41.583675 +0200,
0,0,0,0,0,0,0,,,,,,,,,#88BA3F,823.2784855365753,False,space,correct rejection,None,679.2972087860107,text_08,62,7,2back_dual_main_click,2,Götter.,29,28,57,120,60,,,,,,,,,,,19,02,yes,no,no,2025-07-14_14h23.31.760,EXNAT_4_TMS_Psychopy2024.2.5.psyexp,2024.2.5,2025-07-14 14h31.41.583675 +0200,
0,0,0,0,0,0,0,,,,,,,,,#D292F3,823.9981465339661,False,space,correct rejection,None,935.6198310852051,text_08,63,7,2back_dual_main_click,2,Jedoch,29,28,57,120,60,,,,,,,,,,,19,02,yes,no,no,2025-07-14_14h23.31.760,EXNAT_4_TMS_Psychopy2024.2.5.psyexp,2024.2.5,2025-07-14 14h31.41.583675 +0200,
0,0,0,0,0,0,0,,,,,,,,,#F989A2,824.9719924926758,False,space,correct rejection,None,649.5621204376221,text_08,64,7,2back_dual_main_click,2,war,29,28,57,120,60,,,,,,,,,,,19,02,yes,no,no,2025-07-14_14h23.31.760,EXNAT_4_TMS_Psychopy2024.2.5.psyexp,2024.2.5,2025-07-14 14h31.41.583675 +0200,
0,0,0,0,0,0,0,,,,,,,,,#D292F3,825.6615076065063,True,l,hit,472.26881980895996,648.1201648712158,text_08,65,7,2back_dual_main_click,2,sie,29,29,58,120,60,825.9038457870483,,,,,,,,,,19,02,yes,no,no,2025-07-14_14h23.31.760,EXNAT_4_TMS_Psychopy2024.2.5.psyexp,2024.2.5,2025-07-14 14h31.41.583675 +0200,
0,0,0,0,0,0,0,,,,,,,,,#D292F3,826.3496506214142,False,space,correct rejection,None,616.0967350006104,text_08,66,7,2back_dual_main_click,2,tatsächlich,29,29,58,120,60,,,,,,,,,,,19,02,yes,no,no,2025-07-14_14h23.31.760,EXNAT_4_TMS_Psychopy2024.2.5.psyexp,2024.2.5,2025-07-14 14h31.41.583675 +0200,
0,0,0,0,0,0,0,,,,,,,,,#2AB7EF,827.0059337615967,False,space,correct rejection,None,887.7379894256592,text_08,67,7,2back_dual_main_click,2,eine,29,29,58,120,60,,,,,,,,,,,19,02,yes,no,no,2025-07-14_14h23.31.760,EXNAT_4_TMS_Psychopy2024.2.5.psyexp,2024.2.5,2025-07-14 14h31.41.583675 +0200,
0,0,0,0,0,0,0,,,,,,,,,#F989A2,827.9324247837067,False,space,correct rejection,None,873.2683658599854,text_08,68,7,2back_dual_main_click,2,echte,29,29,58,120,60,,,,,,,,,,,19,02,yes,no,no,2025-07-14_14h23.31.760,EXNAT_4_TMS_Psychopy2024.2.5.psyexp,2024.2.5,2025-07-14 14h31.41.583675 +0200,
0,0,0,0,0,0,0,,,,,,,,,#88BA3F,828.8461246490479,False,space,correct rejection,None,631.6623687744141,text_08,69,7,2back_dual_main_click,2,"Stadt,",29,29,58,120,60,,,,,,,,,,,19,02,yes,no,no,2025-07-14_14h23.31.760,EXNAT_4_TMS_Psychopy2024.2.5.psyexp,2024.2.5,2025-07-14 14h31.41.583675 +0200,
0,0,0,0,0,0,0,,,,,,,,,#88BA3F,829.5174076557159,False,space,correct rejection,None,632.2433948516846,text_08,70,7,2back_dual_main_click,2,die,29,29,58,120,60,,,,,,,,,,,19,02,yes,no,no,2025-07-14_14h23.31.760,EXNAT_4_TMS_Psychopy2024.2.5.psyexp,2024.2.5,2025-07-14 14h31.41.583675 +0200,
0,0,0,0,0,0,0,,,,,,,,,#2AB7EF,830.1881716251373,False,space,correct rejection,None,841.5474891662598,text_08,71,7,2back_dual_main_click,2,aber,29,29,58,120,60,,,,,,,,,,,19,02,yes,no,no,2025-07-14_14h23.31.760,EXNAT_4_TMS_Psychopy2024.2.5.psyexp,2024.2.5,2025-07-14 14h31.41.583675 +0200,
0,0,0,0,0,0,0,,,,,,,,,#2AB7EF,831.0691304206848,False,space,correct rejection,None,760.631799697876,text_08,72,7,2back_dual_main_click,2,an,30,29,59,120,60,831.1223430633545,,,,,,,,,,19,02,yes,no,no,2025-07-14_14h23.31.760,EXNAT_4_TMS_Psychopy2024.2.5.psyexp,2024.2.5,2025-07-14 14h31.41.583675 +0200,
0,0,0,0,0,0,0,,,,,,,,,#2AB7EF,831.8690767288208,True,l,hit,984.5528602600098,1144.5343494415283,text_08,73,7,2back_dual_main_click,2,einem,30,29,59,120,60,,,,,,,,,,,19,02,yes,no,no,2025-07-14_14h23.31.760,EXNAT_4_TMS_Psychopy2024.2.5.psyexp,2024.2.5,2025-07-14 14h31.41.583675 +0200,
0,0,0,0,0,0,0,,,,,,,,,#F989A2,833.053608417511,False,space,correct rejection,None,776.2296199798584,text_08,74,7,2back_dual_main_click,2,trockenen,30,29,59,120,60,,,,,,,,,,,19,02,yes,no,no,2025-07-14_14h23.31.760,EXNAT_4_TMS_Psychopy2024.2.5.psyexp,2024.2.5,2025-07-14 14h31.41.583675 +0200,
0,0,0,0,0,0,0,,,,,,,,,#88BA3F,833.8706684112549,False,space,correct rejection,None,823.153018951416,text_08,75,7,2back_dual_main_click,2,Ort,30,29,59,120,60,,,,,,,,,,,19,02,yes,no,no,2025-07-14_14h23.31.760,EXNAT_4_TMS_Psychopy2024.2.5.psyexp,2024.2.5,2025-07-14 14h31.41.583675 +0200,
0,0,0,0,0,0,0,,,,,,,,,#88BA3F,834.7340061664581,False,space,correct rejection,None,711.6062641143799,text_08,76,7,2back_dual_main_click,2,lag.,30,29,59,120,60,,,,,,,,,,,19,02,yes,no,no,2025-07-14_14h23.31.760,EXNAT_4_TMS_Psychopy2024.2.5.psyexp,2024.2.5,2025-07-14 14h31.41.583675 +0200,
0,0,0,0,0,0,0,,,,,,,,,#2AB7EF,835.4856386184692,False,space,correct rejection,None,2872.1840381622314,text_08,77,7,2back_dual_main_click,2,Die,31,29,60,120,60,836.1223459243774,,,,,,,,,,19,02,yes,no,no,2025-07-14_14h23.31.760,EXNAT_4_TMS_Psychopy2024.2.5.psyexp,2024.2.5,2025-07-14 14h31.41.583675 +0200,
0,0,0,0,0,0,0,,,,,,,,,#2AB7EF,838.4121000766754,False,space,correct rejection,None,553.4367561340332,text_08,78,7,2back_dual_main_click,2,Nabatäer,31,29,60,120,60,,,,,,,,,,,19,02,yes,no,no,2025-07-14_14h23.31.760,EXNAT_4_TMS_Psychopy2024.2.5.psyexp,2024.2.5,2025-07-14 14h31.41.583675 +0200,
0,0,0,0,0,0,0,,,,,,,,,#D292F3,839.0200026035309,False,space,correct rejection,None,1049.8123168945312,text_08,79,7,2back_dual_main_click,2,nutzten,31,29,60,120,60,,,,,,,,,,,19,02,yes,no,no,2025-07-14_14h23.31.760,EXNAT_4_TMS_Psychopy2024.2.5.psyexp,2024.2.5,2025-07-14 14h31.41.583675 +0200,
0,0,0,0,0,0,0,,,,,,,,,#F989A2,840.1245720386505,False,space,correct rejection,None,889.3542289733887,text_08,80,7,2back_dual_main_click,2,seltene,31,29,60,120,60,,,,,,,,,,,19,02,yes,no,no,2025-07-14_14h23.31.760,EXNAT_4_TMS_Psychopy2024.2.5.psyexp,2024.2.5,2025-07-14 14h31.41.583675 +0200,
0,0,0,0,0,0,0,,,,,,,,,#D292F3,841.0702259540558,True,space,miss,None,535.6953144073486,text_08,81,7,2back_dual_main_click,2,Regenfälle,31,30,61,120,60,841.1224327087402,,,,,,,,,,19,02,yes,no,no,2025-07-14_14h23.31.760,EXNAT_4_TMS_Psychopy2024.2.5.psyexp,2024.2.5,2025-07-14 14h31.41.583675 +0200,
0,0,0,0,0,0,0,,,,,,,,,#F989A2,841.6620218753815,True,l,hit,471.96078300476074,647.8176116943359,text_08,82,7,2back_dual_main_click,2,durch,31,30,61,120,60,,,,,,,,,,,19,02,yes,no,no,2025-07-14_14h23.31.760,EXNAT_4_TMS_Psychopy2024.2.5.psyexp,2024.2.5,2025-07-14 14h31.41.583675 +0200,
0,0,0,0,0,0,0,,,,,,,,,#88BA3F,842.3642089366913,False,space,correct rejection,None,633.751392364502,text_08,83,7,2back_dual_main_click,2,ein,31,30,61,120,60,,,,,,,,,,,19,02,yes,no,no,2025-07-14_14h23.31.760,EXNAT_4_TMS_Psychopy2024.2.5.psyexp,2024.2.5,2025-07-14 14h31.41.583675 +0200,
0,0,0,0,0,0,0,,,,,,,,,#D292F3,843.0527057647705,False,l,false alarm,793.1697368621826,1033.029556274414,text_08,84,7,2back_dual_main_click,2,geniales,31,30,61,120,60,,,,,,,,,,,19,02,yes,no,no,2025-07-14_14h23.31.760,EXNAT_4_TMS_Psychopy2024.2.5.psyexp,2024.2.5,2025-07-14 14h31.41.583675 +0200,
0,0,0,0,0,0,0,,,,,,,,,#F989A2,844.1434319019318,False,l,false alarm,790.4617786407471,1302.2313117980957,text_08,85,7,2back_dual_main_click,2,Bewässerungssystem.,31,30,61,120,60,,,,,,,,,,,19,02,yes,no,no,2025-07-14_14h23.31.760,EXNAT_4_TMS_Psychopy2024.2.5.psyexp,2024.2.5,2025-07-14 14h31.41.583675 +0200,
0,0,0,0,0,0,0,,,,,,,,,#88BA3F,845.5016722679138,False,space,correct rejection,None,552.18505859375,text_08,86,7,2back_dual_main_click,2,"Wasserbecken,",31,30,61,120,60,,,,,,,,,,,19,02,yes,no,no,2025-07-14_14h23.31.760,EXNAT_4_TMS_Psychopy2024.2.5.psyexp,2024.2.5,2025-07-14 14h31.41.583675 +0200,
0,0,0,0,0,0,0,,,,,,,,,#2AB7EF,846.1102271080017,False,space,correct rejection,None,759.6316337585449,text_08,87,7,2back_dual_main_click,2,Kanäle,31,30,61,120,60,,,,,,,,,,,19,02,yes,no,no,2025-07-14_14h23.31.760,EXNAT_4_TMS_Psychopy2024.2.5.psyexp,2024.2.5,2025-07-14 14h31.41.583675 +0200,
0,0,0,0,0,0,0,,,,,,,,,#D292F3,846.9286658763885,False,space,correct rejection,None,725.196123123169,text_08,88,7,2back_dual_main_click,2,und,31,30,61,120,60,,,,,,,,,,,19,02,yes,no,no,2025-07-14_14h23.31.760,EXNAT_4_TMS_Psychopy2024.2.5.psyexp,2024.2.5,2025-07-14 14h31.41.583675 +0200,
0,0,0,0,0,0,0,,,,,,,,,#2AB7EF,847.7088260650635,True,l,hit,665.003776550293,808.8569641113281,text_08,89,7,2back_dual_main_click,2,Leitungen,31,31,62,120,60,847.7616512775421,,,,,,,,,,19,02,yes,no,no,2025-07-14_14h23.31.760,EXNAT_4_TMS_Psychopy2024.2.5.psyexp,2024.2.5,2025-07-14 14h31.41.583675 +0200,
0,0,0,0,0,0,0,,,,,,,,,#D292F3,848.572722196579,True,space,miss,None,585.1523876190186,text_08,90,7,2back_dual_main_click,2,verteilten,31,31,62,120,60,,,,,,,,,,,19,02,yes,no,no,2025-07-14_14h23.31.760,EXNAT_4_TMS_Psychopy2024.2.5.psyexp,2024.2.5,2025-07-14 14h31.41.583675 +0200,
0,0,0,0,0,0,0,,,,,,,,,#D292F3,849.2116937637329,False,space,correct rejection,None,602.1404266357422,text_08,91,7,2back_dual_main_click,2,das,31,31,62,120,60,,,,,,,,,,,19,02,yes,no,no,2025-07-14_14h23.31.760,EXNAT_4_TMS_Psychopy2024.2.5.psyexp,2024.2.5,2025-07-14 14h31.41.583675 +0200,
0,0,0,0,0,0,0,,,,,,,,,#F989A2,849.8692638874054,False,space,correct rejection,None,616.565465927124,text_08,92,7,2back_dual_main_click,2,Wasser,31,31,62,120,60,,,,,,,,,,,19,02,yes,no,no,2025-07-14_14h23.31.760,EXNAT_4_TMS_Psychopy2024.2.5.psyexp,2024.2.5,2025-07-14 14h31.41.583675 +0200,
0,0,0,0,0,0,0,,,,,,,,,#88BA3F,850.5392932891846,False,space,correct rejection,None,602.3998260498047,text_08,93,7,2back_dual_main_click,2,in,31,31,62,120,60,,,,,,,,,,,19,02,yes,no,no,2025-07-14_14h23.31.760,EXNAT_4_TMS_Psychopy2024.2.5.psyexp,2024.2.5,2025-07-14 14h31.41.583675 +0200,
0,0,0,0,0,0,0,,,,,,,,,#2AB7EF,851.1956923007965,False,space,correct rejection,None,730.1504611968994,text_08,94,7,2back_dual_main_click,2,der,31,31,62,120,60,,,,,,,,,,,19,02,yes,no,no,2025-07-14_14h23.31.760,EXNAT_4_TMS_Psychopy2024.2.5.psyexp,2024.2.5,2025-07-14 14h31.41.583675 +0200,
0,0,0,0,0,0,0,,,,,,,,,#F989A2,851.9806489944458,False,space,correct rejection,None,617.2118186950684,text_08,95,7,2back_dual_main_click,2,Stadt.,31,31,62,120,60,,,,,,,,,,,19,02,yes,no,no,2025-07-14_14h23.31.760,EXNAT_4_TMS_Psychopy2024.2.5.psyexp,2024.2.5,2025-07-14 14h31.41.583675 +0200,
0,0,0,0,0,0,0,,,,,,,,,#D292F3,852.6541337966919,False,space,correct rejection,None,791.675329208374,text_08,96,7,2back_dual_main_click,2,Diese,31,31,62,120,60,,,,,,,,,,,19,02,yes,no,no,2025-07-14_14h23.31.760,EXNAT_4_TMS_Psychopy2024.2.5.psyexp,2024.2.5,2025-07-14 14h31.41.583675 +0200,
0,0,0,0,0,0,0,,,,,,,,,#2AB7EF,853.5004005432129,False,space,correct rejection,None,809.2083930969238,text_08,97,7,2back_dual_main_click,2,Anlagen,32,31,63,120,60,853.5520923137665,,,,,,,,,,19,02,yes,no,no,2025-07-14_14h23.31.760,EXNAT_4_TMS_Psychopy2024.2.5.psyexp,2024.2.5,2025-07-14 14h31.41.583675 +0200,
0,0,0,0,0,0,0,,,,,,,,,#D292F3,854.365620136261,True,l,hit,808.0587387084961,984.1256141662598,text_08,98,7,2back_dual_main_click,2,schützten,32,31,63,120,60,,,,,,,,,,,19,02,yes,no,no,2025-07-14_14h23.31.760,EXNAT_4_TMS_Psychopy2024.2.5.psyexp,2024.2.5,2025-07-14 14h31.41.583675 +0200,
0,0,0,0,0,0,0,,,,,,,,,#D292F3,855.405490398407,False,space,correct rejection,None,616.3852214813232,text_08,99,7,2back_dual_main_click,2,auch,32,31,63,120,60,,,,,,,,,,,19,02,yes,no,no,2025-07-14_14h23.31.760,EXNAT_4_TMS_Psychopy2024.2.5.psyexp,2024.2.5,2025-07-14 14h31.41.583675 +0200,
0,0,0,0,0,0,0,,,,,,,,,#2AB7EF,856.0599503517151,False,space,correct rejection,None,841.9675827026367,text_08,100,7,2back_dual_main_click,2,die,32,31,63,120,60,,,,,,,,,,,19,02,yes,no,no,2025-07-14_14h23.31.760,EXNAT_4_TMS_Psychopy2024.2.5.psyexp,2024.2.5,2025-07-14 14h31.41.583675 +0200,
0,0,0,0,0,0,0,,,,,,,,,#D292F3,856.9420425891876,True,space,miss,None,1863.924503326416,text_08,101,7,2back_dual_main_click,2,empfindlichen,32,31,63,120,60,,,,,,,,,,,19,02,yes,no,no,2025-07-14_14h23.31.760,EXNAT_4_TMS_Psychopy2024.2.5.psyexp,2024.2.5,2025-07-14 14h31.41.583675 +0200,
0,0,0,0,0,0,0,,,,,,,,,#88BA3F,858.871301651001,False,space,correct rejection,None,1310.56809425354,text_08,102,7,2back_dual_main_click,2,Sandsteinfassaden.,32,31,63,120,60,,,,,,,,,,,19,02,yes,no,no,2025-07-14_14h23.31.760,EXNAT_4_TMS_Psychopy2024.2.5.psyexp,2024.2.5,2025-07-14 14h31.41.583675 +0200,
0,0,0,0,0,0,0,,,,,,,,,#D292F3,860.2376644611359,True,space,miss,None,952.0478248596191,text_08,103,7,2back_dual_main_click,2,Heute,32,32,64,120,60,860.288590669632,,,,,,,,,,19,02,yes,no,no,2025-07-14_14h23.31.760,EXNAT_4_TMS_Psychopy2024.2.5.psyexp,2024.2.5,2025-07-14 14h31.41.583675 +0200,
0,0,0,0,0,0,0,,,,,,,,,#88BA3F,861.2449631690979,True,l,hit,1896.8002796173096,2296.7188358306885,text_08,104,7,2back_dual_main_click,2,funktioniert,32,32,64,120,60,,,,,,,,,,,19,02,yes,no,no,2025-07-14_14h23.31.760,EXNAT_4_TMS_Psychopy2024.2.5.psyexp,2024.2.5,2025-07-14 14h31.41.583675 +0200,
0,0,0,0,0,0,0,,,,,,,,,#F989A2,863.5970709323883,False,space,correct rejection,None,1240.565538406372,text_08,105,7,2back_dual_main_click,2,das,32,32,64,120,60,,,,,,,,,,,19,02,yes,no,no,2025-07-14_14h23.31.760,EXNAT_4_TMS_Psychopy2024.2.5.psyexp,2024.2.5,2025-07-14 14h31.41.583675 +0200,
0,0,0,0,0,0,0,,,,,,,,,#F989A2,864.8927865028381,False,space,correct rejection,None,665.0402545928955,text_08,106,7,2back_dual_main_click,2,System,32,32,64,120,60,,,,,,,,,,,19,02,yes,no,no,2025-07-14_14h23.31.760,EXNAT_4_TMS_Psychopy2024.2.5.psyexp,2024.2.5,2025-07-14 14h31.41.583675 +0200,
0,0,0,0,0,0,0,,,,,,,,,#2AB7EF,865.6129183769226,False,space,correct rejection,None,584.6943855285645,text_08,107,7,2back_dual_main_click,2,nicht,32,32,64,120,60,,,,,,,,,,,19,02,yes,no,no,2025-07-14_14h23.31.760,EXNAT_4_TMS_Psychopy2024.2.5.psyexp,2024.2.5,2025-07-14 14h31.41.583675 +0200,
0,0,0,0,0,0,0,,,,,,,,,#F989A2,866.2505505084991,True,l,hit,795.2463626861572,971.1685180664062,text_08,108,7,2back_dual_main_click,2,mehr,32,33,65,120,60,866.304140329361,,,,,,,,,,19,02,yes,no,no,2025-07-14_14h23.31.760,EXNAT_4_TMS_Psychopy2024.2.5.psyexp,2024.2.5,2025-07-14 14h31.41.583675 +0200,
0,0,0,0,0,0,0,,,,,,,,,#2AB7EF,867.2761421203613,True,l,hit,809.7286224365234,937.5767707824707,text_08,109,7,2back_dual_main_click,2,und,32,33,65,120,60,,,,,,,,,,,19,02,yes,no,no,2025-07-14_14h23.31.760,EXNAT_4_TMS_Psychopy2024.2.5.psyexp,2024.2.5,2025-07-14 14h31.41.583675 +0200,
0,0,0,0,0,0,0,,,,,,,,,#88BA3F,868.2663366794586,False,space,correct rejection,None,587.5165462493896,text_08,110,7,2back_dual_main_click,2,der,32,33,65,120,60,,,,,,,,,,,19,02,yes,no,no,2025-07-14_14h23.31.760,EXNAT_4_TMS_Psychopy2024.2.5.psyexp,2024.2.5,2025-07-14 14h31.41.583675 +0200,
0,0,0,0,0,0,0,,,,,,,,,#2AB7EF,868.9087510108948,True,l,hit,1161.1642837524414,1257.0152282714844,text_08,111,7,2back_dual_main_click,2,Regen,32,33,65,120,60,,,,,,,,,,,19,02,yes,no,no,2025-07-14_14h23.31.760,EXNAT_4_TMS_Psychopy2024.2.5.psyexp,2024.2.5,2025-07-14 14h31.41.583675 +0200,
0,0,0,0,0,0,0,,,,,,,,,#88BA3F,870.2212872505188,True,space,miss,None,600.5947589874268,text_08,112,7,2back_dual_main_click,2,schadet,32,33,65,120,60,,,,,,,,,,,19,02,yes,no,no,2025-07-14_14h23.31.760,EXNAT_4_TMS_Psychopy2024.2.5.psyexp,2024.2.5,2025-07-14 14h31.41.583675 +0200,
0,0,0,0,0,0,0,,,,,,,,,#F989A2,870.8769700527191,False,space,correct rejection,None,840.8036231994629,text_08,113,7,2back_dual_main_click,2,den,33,33,66,120,60,871.3040335178375,,,,,,,,,,19,02,yes,no,no,2025-07-14_14h23.31.760,EXNAT_4_TMS_Psychopy2024.2.5.psyexp,2024.2.5,2025-07-14 14h31.41.583675 +0200,
0,0,0,0,0,0,0,,,,,,,,,#F989A2,871.7741615772247,False,space,correct rejection,None,743.7224388122559,text_08,114,7,2back_dual_main_click,2,Bauwerken.,33,33,66,120,60,,,,,,,,,,,19,02,yes,no,no,2025-07-14_14h23.31.760,EXNAT_4_TMS_Psychopy2024.2.5.psyexp,2024.2.5,2025-07-14 14h31.41.583675 +0200,
0,0,0,0,0,0,0,,,,,,,,,#D292F3,872.5579352378845,False,space,correct rejection,None,999.8898506164551,text_08,115,7,2back_dual_main_click,2,Rettungsversuche,33,33,66,120,60,,,,,,,,,,,19,02,yes,no,no,2025-07-14_14h23.31.760,EXNAT_4_TMS_Psychopy2024.2.5.psyexp,2024.2.5,2025-07-14 14h31.41.583675 +0200,
0,0,0,0,0,0,0,,,,,,,,,#D292F3,873.5975856781006,False,space,correct rejection,None,712.1708393096924,text_08,116,7,2back_dual_main_click,2,blieben,33,33,66,120,60,,,,,,,,,,,19,02,yes,no,no,2025-07-14_14h23.31.760,EXNAT_4_TMS_Psychopy2024.2.5.psyexp,2024.2.5,2025-07-14 14h31.41.583675 +0200,
0,0,0,0,0,0,0,,,,,,,,,#D292F3,874.3487904071808,True,l,hit,536.9889736175537,712.9137516021729,text_08,117,7,2back_dual_main_click,2,erfolglos.,33,33,66,120,60,,,,,,,,,,,19,02,yes,no,no,2025-07-14_14h23.31.760,EXNAT_4_TMS_Psychopy2024.2.5.psyexp,2024.2.5,2025-07-14 14h31.41.583675 +0200,
0,0,0,0,0,0,0,,,,,,,,,#2AB7EF,875.1000094413757,False,space,correct rejection,None,617.7916526794434,text_08,118,7,2back_dual_main_click,2,Deshalb,33,33,66,120,60,,,,,,,,,,,19,02,yes,no,no,2025-07-14_14h23.31.760,EXNAT_4_TMS_Psychopy2024.2.5.psyexp,2024.2.5,2025-07-14 14h31.41.583675 +0200,
0,0,0,0,0,0,0,,,,,,,,,#88BA3F,875.7581326961517,False,space,correct rejection,None,823.6773014068604,text_08,119,7,2back_dual_main_click,2,wird,34,33,67,120,60,876.3041076660156,,,,,,,,,,19,02,yes,no,no,2025-07-14_14h23.31.760,EXNAT_4_TMS_Psychopy2024.2.5.psyexp,2024.2.5,2025-07-14 14h31.41.583675 +0200,
0,0,0,0,0,0,0,,,,,,,,,#F989A2,876.6218707561493,False,space,correct rejection,None,727.9012203216553,text_08,120,7,2back_dual_main_click,2,die,34,33,67,120,60,,,,,,,,,,,19,02,yes,no,no,2025-07-14_14h23.31.760,EXNAT_4_TMS_Psychopy2024.2.5.psyexp,2024.2.5,2025-07-14 14h31.41.583675 +0200,
0,0,0,0,0,0,0,,,,,,,,,#F989A2,877.391087770462,False,space,correct rejection,None,1286.7310047149658,text_08,121,7,2back_dual_main_click,2,Felsenstadt,34,33,67,120,60,,,,,,,,,,,19,02,yes,no,no,2025-07-14_14h23.31.760,EXNAT_4_TMS_Psychopy2024.2.5.psyexp,2024.2.5,2025-07-14 14h31.41.583675 +0200,
0,0,0,0,0,0,0,,,,,,,,,#2AB7EF,878.7162284851074,False,space,correct rejection,None,921.5586185455322,text_08,122,7,2back_dual_main_click,2,eines,34,33,67,120,60,,,,,,,,,,,19,02,yes,no,no,2025-07-14_14h23.31.760,EXNAT_4_TMS_Psychopy2024.2.5.psyexp,2024.2.5,2025-07-14 14h31.41.583675 +0200,
0,0,0,0,0,0,0,,,,,,,,,#2AB7EF,879.677962064743,False,space,correct rejection,None,1447.878360748291,text_08,123,7,2back_dual_main_click,2,Tages,34,33,67,120,60,,,,,,,,,,,19,02,yes,no,no,2025-07-14_14h23.31.760,EXNAT_4_TMS_Psychopy2024.2.5.psyexp,2024.2.5,2025-07-14 14h31.41.583675 +0200,
0,0,0,0,0,0,0,,,,,,,,,#2AB7EF,881.1823196411133,True,l,hit,839.3590450286865,1031.3408374786377,text_08,124,7,2back_dual_main_click,2,wohl,34,34,68,120,60,881.3041729927063,,,,,,,,,,19,02,yes,no,no,2025-07-14_14h23.31.760,EXNAT_4_TMS_Psychopy2024.2.5.psyexp,2024.2.5,2025-07-14 14h31.41.583675 +0200,
0,0,0,0,0,0,0,,,,,,,,,#D292F3,882.2678258419037,False,space,correct rejection,None,777.7645587921143,text_08,125,7,2back_dual_main_click,2,wieder,34,34,68,120,60,,,,,,,,,,,19,02,yes,no,no,2025-07-14_14h23.31.760,EXNAT_4_TMS_Psychopy2024.2.5.psyexp,2024.2.5,2025-07-14 14h31.41.583675 +0200,
0,0,0,0,0,0,0,,,,,,,,,#88BA3F,883.101175069809,False,space,correct rejection,None,648.6616134643555,text_08,126,7,2back_dual_main_click,2,zu,34,34,68,120,60,,,,,,,,,,,19,02,yes,no,no,2025-07-14_14h23.31.760,EXNAT_4_TMS_Psychopy2024.2.5.psyexp,2024.2.5,2025-07-14 14h31.41.583675 +0200,
0,0,0,0,0,0,0,,,,,,,,,#88BA3F,883.8048765659332,False,space,correct rejection,None,728.8510799407959,text_08,127,7,2back_dual_main_click,2,Sand,34,34,68,120,60,,,,,,,,,,,19,02,yes,no,no,2025-07-14_14h23.31.760,EXNAT_4_TMS_Psychopy2024.2.5.psyexp,2024.2.5,2025-07-14 14h31.41.583675 +0200,
0,0,0,0,0,0,0,,,,,,,,,#D292F3,884.5954315662384,False,l,false alarm,1186.3689422607422,1298.1455326080322,text_08,128,7,2back_dual_main_click,2,zerfallen.,34,34,68,120,60,,,,,,,,,,,19,02,yes,no,no,2025-07-14_14h23.31.760,EXNAT_4_TMS_Psychopy2024.2.5.psyexp,2024.2.5,2025-07-14 14h31.41.583675 +0200,
0,0,0,0,0,0,0,,,,,,,,,#F989A2,885.9334163665771,False,space,correct rejection,None,728.4708023071289,text_08,129,7,2back_dual_main_click,2,Von,35,34,69,120,60,886.3042993545532,,,,,,,,,,19,02,yes,no,no,2025-07-14_14h23.31.760,EXNAT_4_TMS_Psychopy2024.2.5.psyexp,2024.2.5,2025-07-14 14h31.41.583675 +0200,
0,0,0,0,0,0,0,,,,,,,,,#F989A2,886.702244758606,False,space,correct rejection,None,663.5158061981201,text_08,130,7,2back_dual_main_click,2,der,35,34,69,120,60,,,,,,,,,,,19,02,yes,no,no,2025-07-14_14h23.31.760,EXNAT_4_TMS_Psychopy2024.2.5.psyexp,2024.2.5,2025-07-14 14h31.41.583675 +0200,
0,0,0,0,0,0,0,,,,,,,,,#88BA3F,887.4044880867004,False,space,correct rejection,None,633.3394050598145,text_08,131,7,2back_dual_main_click,2,einstigen,35,34,69,120,60,,,,,,,,,,,19,02,yes,no,no,2025-07-14_14h23.31.760,EXNAT_4_TMS_Psychopy2024.2.5.psyexp,2024.2.5,2025-07-14 14h31.41.583675 +0200,
0,0,0,0,0,0,0,,,,,,,,,#D292F3,888.0800492763519,False,space,correct rejection,None,741.7628765106201,text_08,132,7,2back_dual_main_click,2,Metropole,35,34,69,120,60,,,,,,,,,,,19,02,yes,no,no,2025-07-14_14h23.31.760,EXNAT_4_TMS_Psychopy2024.2.5.psyexp,2024.2.5,2025-07-14 14h31.41.583675 +0200,
0,0,0,0,0,0,0,,,,,,,,,#F989A2,888.8625667095184,False,space,correct rejection,None,1335.2653980255127,text_08,133,7,2back_dual_main_click,2,bleiben,35,34,69,120,60,,,,,,,,,,,19,02,yes,no,no,2025-07-14_14h23.31.760,EXNAT_4_TMS_Psychopy2024.2.5.psyexp,2024.2.5,2025-07-14 14h31.41.583675 +0200,
0,0,0,0,0,0,0,,,,,,,,,#F989A2,890.2387444972992,False,space,correct rejection,None,791.0113334655762,text_08,134,7,2back_dual_main_click,2,nur,35,34,69,120,60,,,,,,,,,,,19,02,yes,no,no,2025-07-14_14h23.31.760,EXNAT_4_TMS_Psychopy2024.2.5.psyexp,2024.2.5,2025-07-14 14h31.41.583675 +0200,
0,0,0,0,0,0,0,,,,,,,,,#2AB7EF,891.0689971446991,False,space,correct rejection,None,1144.6466445922852,text_08,135,7,2back_dual_main_click,2,Ruinen,36,34,70,120,60,891.3041076660156,,,,,,,,,,19,02,yes,no,no,2025-07-14_14h23.31.760,EXNAT_4_TMS_Psychopy2024.2.5.psyexp,2024.2.5,2025-07-14 14h31.41.583675 +0200,
0,0,0,0,0,0,0,,,,,,,,,#88BA3F,892.2544362545013,False,space,correct rejection,None,679.2974472045898,text_08,136,7,2back_dual_main_click,2,und,36,34,70,120,60,,,,,,,,,,,19,02,yes,no,no,2025-07-14_14h23.31.760,EXNAT_4_TMS_Psychopy2024.2.5.psyexp,2024.2.5,2025-07-14 14h31.41.583675 +0200,
0,0,0,0,0,0,0,,,,,,,,,#88BA3F,892.9728217124939,False,space,correct rejection,None,712.8720283508301,text_08,137,7,2back_dual_main_click,2,die,36,34,70,120,60,,,,,,,,,,,19,02,yes,no,no,2025-07-14_14h23.31.760,EXNAT_4_TMS_Psychopy2024.2.5.psyexp,2024.2.5,2025-07-14 14h31.41.583675 +0200,
0,0,0,0,0,0,0,,,,,,,,,#D292F3,893.7280490398407,False,space,correct rejection,None,629.5855045318604,text_08,138,7,2back_dual_main_click,2,Erinnerung,36,34,70,120,60,,,,,,,,,,,19,02,yes,no,no,2025-07-14_14h23.31.760,EXNAT_4_TMS_Psychopy2024.2.5.psyexp,2024.2.5,2025-07-14 14h31.41.583675 +0200,
0,0,0,0,0,0,0,,,,,,,,,#D292F3,894.3983039855957,False,space,correct rejection,None,663.532018661499,text_08,139,7,2back_dual_main_click,2,an,36,34,70,120,60,,,,,,,,,,,19,02,yes,no,no,2025-07-14_14h23.31.760,EXNAT_4_TMS_Psychopy2024.2.5.psyexp,2024.2.5,2025-07-14 14h31.41.583675 +0200,
0,0,0,0,0,0,0,,,,,,,,,#2AB7EF,895.1007018089294,False,space,correct rejection,None,649.106502532959,text_08,140,7,2back_dual_main_click,2,eine,36,34,70,120,60,,,,,,,,,,,19,02,yes,no,no,2025-07-14_14h23.31.760,EXNAT_4_TMS_Psychopy2024.2.5.psyexp,2024.2.5,2025-07-14 14h31.41.583675 +0200,
0,0,0,0,0,0,0,,,,,,,,,#2AB7EF,895.7902355194092,False,space,correct rejection,None,615.5705451965332,text_08,141,7,2back_dual_main_click,2,"Kultur,",36,34,70,120,60,,,,,,,,,,,19,02,yes,no,no,2025-07-14_14h23.31.760,EXNAT_4_TMS_Psychopy2024.2.5.psyexp,2024.2.5,2025-07-14 14h31.41.583675 +0200,
0,0,0,0,0,0,0,,,,,,,,,#88BA3F,896.445077419281,False,space,correct rejection,None,664.8094654083252,text_08,142,7,2back_dual_main_click,2,die,36,34,70,120,60,,,,,,,,,,,19,02,yes,no,no,2025-07-14_14h23.31.760,EXNAT_4_TMS_Psychopy2024.2.5.psyexp,2024.2.5,2025-07-14 14h31.41.583675 +0200,
0,0,0,0,0,0,0,,,,,,,,,#D292F3,897.1504876613617,False,space,correct rejection,None,823.3613967895508,text_08,143,7,2back_dual_main_click,2,mitten,36,34,70,120,60,,,,,,,,,,,19,02,yes,no,no,2025-07-14_14h23.31.760,EXNAT_4_TMS_Psychopy2024.2.5.psyexp,2024.2.5,2025-07-14 14h31.41.583675 +0200,
0,0,0,0,0,0,0,,,,,,,,,#F989A2,898.0140383243561,False,space,correct rejection,None,743.7112331390381,text_08,144,7,2back_dual_main_click,2,in,36,34,70,120,60,,,,,,,,,,,19,02,yes,no,no,2025-07-14_14h23.31.760,EXNAT_4_TMS_Psychopy2024.2.5.psyexp,2024.2.5,2025-07-14 14h31.41.583675 +0200,
0,0,0,0,0,0,0,,,,,,,,,#2AB7EF,898.7967987060547,False,space,correct rejection,None,617.0814037322998,text_08,145,7,2back_dual_main_click,2,der,36,34,70,120,60,,,,,,,,,,,19,02,yes,no,no,2025-07-14_14h23.31.760,EXNAT_4_TMS_Psychopy2024.2.5.psyexp,2024.2.5,2025-07-14 14h31.41.583675 +0200,
0,0,0,0,0,0,0,,,,,,,,,#88BA3F,899.4530262947083,False,space,correct rejection,None,872.6677894592285,text_08,146,7,2back_dual_main_click,2,Wüste,36,34,70,120,60,,,,,,,,,,,19,02,yes,no,no,2025-07-14_14h23.31.760,EXNAT_4_TMS_Psychopy2024.2.5.psyexp,2024.2.5,2025-07-14 14h31.41.583675 +0200,
0,0,0,0,0,0,0,,,,,,,,,#F989A2,900.3664815425873,False,space,correct rejection,None,615.4160499572754,text_08,147,7,2back_dual_main_click,2,eine,36,34,70,120,60,,,,,,,,,,,19,02,yes,no,no,2025-07-14_14h23.31.760,EXNAT_4_TMS_Psychopy2024.2.5.psyexp,2024.2.5,2025-07-14 14h31.41.583675 +0200,
0,0,0,0,0,0,0,,,,,,,,,#D292F3,901.022867679596,False,space,correct rejection,None,678.948163986206,text_08,148,7,2back_dual_main_click,2,blühende,36,34,70,120,60,,,,,,,,,,,19,02,yes,no,no,2025-07-14_14h23.31.760,EXNAT_4_TMS_Psychopy2024.2.5.psyexp,2024.2.5,2025-07-14 14h31.41.583675 +0200,
0,0,0,0,0,0,0,,,,,,,,,#D292F3,901.7399742603302,False,space,correct rejection,None,649.7838497161865,text_08,149,7,2back_dual_main_click,2,Stadt,36,34,70,120,60,,,,,,,,,,,19,02,yes,no,no,2025-07-14_14h23.31.760,EXNAT_4_TMS_Psychopy2024.2.5.psyexp,2024.2.5,2025-07-14 14h31.41.583675 +0200,
0,0,0,0,0,0,0,,,,,,,,,#2AB7EF,902.4286332130432,False,space,correct rejection,None,1337.221622467041,text_08,150,7,2back_dual_main_click,2,erschuf.,36,34,70,120,60,,,,,,,,,,,19,02,yes,no,no,2025-07-14_14h23.31.760,EXNAT_4_TMS_Psychopy2024.2.5.psyexp,2024.2.5,2025-07-14 14h31.41.583675 +0200,
0,0,0,0,0,0,0,,,,,,,,,,903.811872959137,,1,,,,text_08,,7,2back_dual_main_click,,,,,,,,,Q1,a,False,,,,,,,19,02,yes,no,no,2025-07-14_14h23.31.760,EXNAT_4_TMS_Psychopy2024.2.5.psyexp,2024.2.5,2025-07-14 14h31.41.583675 +0200,
0,0,0,0,0,0,0,,,,,,,,,,910.7171301841736,,1,,,,text_08,,7,2back_dual_main_click,,,,,,,,,Q2,a,True,,,,,,,19,02,yes,no,no,2025-07-14_14h23.31.760,EXNAT_4_TMS_Psychopy2024.2.5.psyexp,2024.2.5,2025-07-14 14h31.41.583675 +0200,
0,0,0,0,0,0,0,,,,,,,,,,914.3102126121521,,4,,,,text_08,,7,2back_dual_main_click,,,,,,,,,Q3,d,True,,,,,,,19,02,yes,no,no,2025-07-14_14h23.31.760,EXNAT_4_TMS_Psychopy2024.2.5.psyexp,2024.2.5,2025-07-14 14h31.41.583675 +0200,
0,0,0,0,0,0,0,,,,,,,,,#D292F3,925.6149079799652,False,space,correct rejection,None,2502.933979034424,text_06,1,8,2back_dual_main_click,2,Mauritius,36,34,70,120,60,,,,,,,,,,,19,02,yes,no,no,2025-07-14_14h23.31.760,EXNAT_4_TMS_Psychopy2024.2.5.psyexp,2024.2.5,2025-07-14 14h31.41.583675 +0200,
0,0,0,0,0,0,0,,,,,,,,,#88BA3F,928.154403924942,False,space,correct rejection,None,507.4431896209717,text_06,2,8,2back_dual_main_click,2,ist,36,34,70,120,60,,,,,,,,,,,19,02,yes,no,no,2025-07-14_14h23.31.760,EXNAT_4_TMS_Psychopy2024.2.5.psyexp,2024.2.5,2025-07-14 14h31.41.583675 +0200,
0,0,0,0,0,0,0,,,,,,,,,#88BA3F,928.7036526203156,False,space,correct rejection,None,550.2851009368896,text_06,3,8,2back_dual_main_click,2,eine,36,34,70,120,60,,,,,,,,,,,19,02,yes,no,no,2025-07-14_14h23.31.760,EXNAT_4_TMS_Psychopy2024.2.5.psyexp,2024.2.5,2025-07-14 14h31.41.583675 +0200,
0,0,0,0,0,0,0,,,,,,,,,#88BA3F,929.2914614677429,True,l,hit,586.388349533081,794.2860126495361,text_06,4,8,2back_dual_main_click,2,Insel,36,35,71,120,60,929.3516736030579,,,,,,,,,,19,02,yes,no,no,2025-07-14_14h23.31.760,EXNAT_4_TMS_Psychopy2024.2.5.psyexp,2024.2.5,2025-07-14 14h31.41.583675 +0200,
0,0,0,0,0,0,0,,,,,,,,,#2AB7EF,930.1250281333923,False,space,correct rejection,None,456.8054676055908,text_06,5,8,2back_dual_main_click,2,im,36,35,71,120,60,,,,,,,,,,,19,02,yes,no,no,2025-07-14_14h23.31.760,EXNAT_4_TMS_Psychopy2024.2.5.psyexp,2024.2.5,2025-07-14 14h31.41.583675 +0200,
0,0,0,0,0,0,0,,,,,,,,,#F989A2,930.6229345798492,False,space,correct rejection,None,662.841796875,text_06,6,8,2back_dual_main_click,2,Indischen,36,35,71,120,60,,,,,,,,,,,19,02,yes,no,no,2025-07-14_14h23.31.760,EXNAT_4_TMS_Psychopy2024.2.5.psyexp,2024.2.5,2025-07-14 14h31.41.583675 +0200,
0,0,0,0,0,0,0,,,,,,,,,#F989A2,931.3247239589691,False,space,correct rejection,None,664.9737358093262,text_06,7,8,2back_dual_main_click,2,Ozean.,36,35,71,120,60,,,,,,,,,,,19,02,yes,no,no,2025-07-14_14h23.31.760,EXNAT_4_TMS_Psychopy2024.2.5.psyexp,2024.2.5,2025-07-14 14h31.41.583675 +0200,
0,0,0,0,0,0,0,,,,,,,,,#2AB7EF,932.0300061702728,False,space,correct rejection,None,551.8224239349365,text_06,8,8,2back_dual_main_click,2,Früher,36,35,71,120,60,,,,,,,,,,,19,02,yes,no,no,2025-07-14_14h23.31.760,EXNAT_4_TMS_Psychopy2024.2.5.psyexp,2024.2.5,2025-07-14 14h31.41.583675 +0200,
0,0,0,0,0,0,0,,,,,,,,,#F989A2,932.6234531402588,True,l,hit,902.3165702819824,1014.2316818237305,text_06,9,8,2back_dual_main_click,2,war,36,35,71,120,60,,,,,,,,,,,19,02,yes,no,no,2025-07-14_14h23.31.760,EXNAT_4_TMS_Psychopy2024.2.5.psyexp,2024.2.5,2025-07-14 14h31.41.583675 +0200,
0,0,0,0,0,0,0,,,,,,,,,#D292F3,933.6770536899567,False,space,correct rejection,None,504.84561920166016,text_06,10,8,2back_dual_main_click,2,sie,36,35,71,120,60,,,,,,,,,,,19,02,yes,no,no,2025-07-14_14h23.31.760,EXNAT_4_TMS_Psychopy2024.2.5.psyexp,2024.2.5,2025-07-14 14h31.41.583675 +0200,
0,0,0,0,0,0,0,,,,,,,,,#D292F3,934.2216398715973,False,space,correct rejection,None,551.9111156463623,text_06,11,8,2back_dual_main_click,2,kaum,37,35,72,120,60,934.3516249656677,,,,,,,,,,19,02,yes,no,no,2025-07-14_14h23.31.760,EXNAT_4_TMS_Psychopy2024.2.5.psyexp,2024.2.5,2025-07-14 14h31.41.583675 +0200,
0,0,0,0,0,0,0,,,,,,,,,#2AB7EF,934.8128428459167,False,space,correct rejection,None,553.0276298522949,text_06,12,8,2back_dual_main_click,2,"bekannt,",37,35,72,120,60,,,,,,,,,,,19,02,yes,no,no,2025-07-14_14h23.31.760,EXNAT_4_TMS_Psychopy2024.2.5.psyexp,2024.2.5,2025-07-14 14h31.41.583675 +0200,
0,0,0,0,0,0,0,,,,,,,,,#88BA3F,935.4066150188446,False,space,correct rejection,None,567.2280788421631,text_06,13,8,2back_dual_main_click,2,heute,37,35,72,120,60,,,,,,,,,,,19,02,yes,no,no,2025-07-14_14h23.31.760,EXNAT_4_TMS_Psychopy2024.2.5.psyexp,2024.2.5,2025-07-14 14h31.41.583675 +0200,
0,0,0,0,0,0,0,,,,,,,,,#D292F3,936.0127205848694,False,space,correct rejection,None,808.9108467102051,text_06,14,8,2back_dual_main_click,2,ist,37,35,72,120,60,,,,,,,,,,,19,02,yes,no,no,2025-07-14_14h23.31.760,EXNAT_4_TMS_Psychopy2024.2.5.psyexp,2024.2.5,2025-07-14 14h31.41.583675 +0200,
0,0,0,0,0,0,0,,,,,,,,,#2AB7EF,936.8607308864594,False,space,correct rejection,None,713.0768299102783,text_06,15,8,2back_dual_main_click,2,sie,37,35,72,120,60,,,,,,,,,,,19,02,yes,no,no,2025-07-14_14h23.31.760,EXNAT_4_TMS_Psychopy2024.2.5.psyexp,2024.2.5,2025-07-14 14h31.41.583675 +0200,
0,0,0,0,0,0,0,,,,,,,,,#F989A2,937.6129598617554,False,space,correct rejection,None,744.8382377624512,text_06,16,8,2back_dual_main_click,2,ein,37,35,72,120,60,,,,,,,,,,,19,02,yes,no,no,2025-07-14_14h23.31.760,EXNAT_4_TMS_Psychopy2024.2.5.psyexp,2024.2.5,2025-07-14 14h31.41.583675 +0200,
0,0,0,0,0,0,0,,,,,,,,,#2AB7EF,938.3974440097809,True,l,hit,600.4226207733154,744.359016418457,text_06,17,8,2back_dual_main_click,2,beliebtes,37,35,72,120,60,,,,,,,,,,,19,02,yes,no,no,2025-07-14_14h23.31.760,EXNAT_4_TMS_Psychopy2024.2.5.psyexp,2024.2.5,2025-07-14 14h31.41.583675 +0200,
0,0,0,0,0,0,0,,,,,,,,,#F989A2,939.1829841136932,True,l,hit,646.8005180358887,774.8579978942871,text_06,18,8,2back_dual_main_click,2,Urlaubsziel.,37,36,73,120,60,939.3516240119934,,,,,,,,,,19,02,yes,no,no,2025-07-14_14h23.31.760,EXNAT_4_TMS_Psychopy2024.2.5.psyexp,2024.2.5,2025-07-14 14h31.41.583675 +0200,
0,0,0,0,0,0,0,,,,,,,,,#88BA3F,939.9977827072144,False,space,correct rejection,None,696.1016654968262,text_06,19,8,2back_dual_main_click,2,Die,37,36,73,120,60,,,,,,,,,,,19,02,yes,no,no,2025-07-14_14h23.31.760,EXNAT_4_TMS_Psychopy2024.2.5.psyexp,2024.2.5,2025-07-14 14h31.41.583675 +0200,
0,0,0,0,0,0,0,,,,,,,,,#88BA3F,940.7350704669952,False,space,correct rejection,None,1110.8708381652832,text_06,20,8,2back_dual_main_click,2,Portugiesen,37,36,73,120,60,,,,,,,,,,,19,02,yes,no,no,2025-07-14_14h23.31.760,EXNAT_4_TMS_Psychopy2024.2.5.psyexp,2024.2.5,2025-07-14 14h31.41.583675 +0200,
0,0,0,0,0,0,0,,,,,,,,,#D292F3,941.8845391273499,False,space,correct rejection,None,649.3697166442871,text_06,21,8,2back_dual_main_click,2,entdeckten,37,36,73,120,60,,,,,,,,,,,19,02,yes,no,no,2025-07-14_14h23.31.760,EXNAT_4_TMS_Psychopy2024.2.5.psyexp,2024.2.5,2025-07-14 14h31.41.583675 +0200,
0,0,0,0,0,0,0,,,,,,,,,#2AB7EF,942.573887348175,False,space,correct rejection,None,632.0822238922119,text_06,22,8,2back_dual_main_click,2,die,37,36,73,120,60,,,,,,,,,,,19,02,yes,no,no,2025-07-14_14h23.31.760,EXNAT_4_TMS_Psychopy2024.2.5.psyexp,2024.2.5,2025-07-14 14h31.41.583675 +0200,
0,0,0,0,0,0,0,,,,,,,,,#D292F3,943.2452847957611,True,l,hit,440.3948783874512,616.2817478179932,text_06,23,8,2back_dual_main_click,2,Insel,37,36,73,120,60,,,,,,,,,,,19,02,yes,no,no,2025-07-14_14h23.31.760,EXNAT_4_TMS_Psychopy2024.2.5.psyexp,2024.2.5,2025-07-14 14h31.41.583675 +0200,
0,0,0,0,0,0,0,,,,,,,,,#F989A2,943.8993630409241,False,space,correct rejection,None,682.530403137207,text_06,24,8,2back_dual_main_click,2,zuerst,38,36,74,120,60,944.3516392707825,,,,,,,,,,19,02,yes,no,no,2025-07-14_14h23.31.760,EXNAT_4_TMS_Psychopy2024.2.5.psyexp,2024.2.5,2025-07-14 14h31.41.583675 +0200,
0,0,0,0,0,0,0,,,,,,,,,#2AB7EF,944.6194832324982,False,space,correct rejection,None,618.4122562408447,text_06,25,8,2back_dual_main_click,2,und,38,36,74,120,60,,,,,,,,,,,19,02,yes,no,no,2025-07-14_14h23.31.760,EXNAT_4_TMS_Psychopy2024.2.5.psyexp,2024.2.5,2025-07-14 14h31.41.583675 +0200,
0,0,0,0,0,0,0,,,,,,,,,#2AB7EF,945.2783722877502,False,space,correct rejection,None,903.569221496582,text_06,26,8,2back_dual_main_click,2,nannten,38,36,74,120,60,,,,,,,,,,,19,02,yes,no,no,2025-07-14_14h23.31.760,EXNAT_4_TMS_Psychopy2024.2.5.psyexp,2024.2.5,2025-07-14 14h31.41.583675 +0200,
0,0,0,0,0,0,0,,,,,,,,,#2AB7EF,946.2220132350922,True,l,hit,583.7953090667725,695.734977722168,text_06,27,8,2back_dual_main_click,2,sie,38,36,74,120,60,,,,,,,,,,,19,02,yes,no,no,2025-07-14_14h23.31.760,EXNAT_4_TMS_Psychopy2024.2.5.psyexp,2024.2.5,2025-07-14 14h31.41.583675 +0200,
0,0,0,0,0,0,0,,,,,,,,,#D292F3,946.9590182304382,False,space,correct rejection,None,918.7629222869873,text_06,28,8,2back_dual_main_click,2,""Schwaneninsel."",38,36,74,120,60,,,,,,,,,,,19,02,yes,no,no,2025-07-14_14h23.31.760,EXNAT_4_TMS_Psychopy2024.2.5.psyexp,2024.2.5,2025-07-14 14h31.41.583675 +0200,
0,0,0,0,0,0,0,,,,,,,,,#F989A2,947.916830778122,False,space,correct rejection,None,729.0327548980713,text_06,29,8,2back_dual_main_click,2,Sie,38,36,74,120,60,,,,,,,,,,,19,02,yes,no,no,2025-07-14_14h23.31.760,EXNAT_4_TMS_Psychopy2024.2.5.psyexp,2024.2.5,2025-07-14 14h31.41.583675 +0200,
0,0,0,0,0,0,0,,,,,,,,,#F989A2,948.6858539581299,False,space,correct rejection,None,663.7694835662842,text_06,30,8,2back_dual_main_click,2,siedelten,38,36,74,120,60,,,,,,,,,,,19,02,yes,no,no,2025-07-14_14h23.31.760,EXNAT_4_TMS_Psychopy2024.2.5.psyexp,2024.2.5,2025-07-14 14h31.41.583675 +0200,
0,0,0,0,0,0,0,,,,,,,,,#88BA3F,949.3890197277069,False,space,correct rejection,None,568.7036514282227,text_06,31,8,2back_dual_main_click,2,sich,38,36,74,120,60,,,,,,,,,,,19,02,yes,no,no,2025-07-14_14h23.31.760,EXNAT_4_TMS_Psychopy2024.2.5.psyexp,2024.2.5,2025-07-14 14h31.41.583675 +0200,
0,0,0,0,0,0,0,,,,,,,,,#88BA3F,949.9964039325714,False,space,correct rejection,None,825.5064487457275,text_06,32,8,2back_dual_main_click,2,dort,38,36,74,120,60,,,,,,,,,,,19,02,yes,no,no,2025-07-14_14h23.31.760,EXNAT_4_TMS_Psychopy2024.2.5.psyexp,2024.2.5,2025-07-14 14h31.41.583675 +0200,
0,0,0,0,0,0,0,,,,,,,,,#88BA3F,950.8613300323486,True,l,hit,504.53901290893555,680.4630756378174,text_06,33,8,2back_dual_main_click,2,aber,38,37,75,120,60,950.9197716712952,,,,,,,,,,19,02,yes,no,no,2025-07-14_14h23.31.760,EXNAT_4_TMS_Psychopy2024.2.5.psyexp,2024.2.5,2025-07-14 14h31.41.583675 +0200,
0,0,0,0,0,0,0,,,,,,,,,#88BA3F,951.5827758312225,True,l,hit,743.0844306945801,855.0102710723877,text_06,34,8,2back_dual_main_click,2,nicht,38,37,75,120,60,,,,,,,,,,,19,02,yes,no,no,2025-07-14_14h23.31.760,EXNAT_4_TMS_Psychopy2024.2.5.psyexp,2024.2.5,2025-07-14 14h31.41.583675 +0200,
0,0,0,0,0,0,0,,,,,,,,,#D292F3,952.4763514995575,False,space,correct rejection,None,697.3021030426025,text_06,35,8,2back_dual_main_click,2,an.,38,37,75,120,60,,,,,,,,,,,19,02,yes,no,no,2025-07-14_14h23.31.760,EXNAT_4_TMS_Psychopy2024.2.5.psyexp,2024.2.5,2025-07-14 14h31.41.583675 +0200,
0,0,0,0,0,0,0,,,,,,,,,#F989A2,953.2146534919739,False,space,correct rejection,None,727.2744178771973,text_06,36,8,2back_dual_main_click,2,Später,38,37,75,120,60,,,,,,,,,,,19,02,yes,no,no,2025-07-14_14h23.31.760,EXNAT_4_TMS_Psychopy2024.2.5.psyexp,2024.2.5,2025-07-14 14h31.41.583675 +0200,
0,0,0,0,0,0,0,,,,,,,,,#88BA3F,953.9816427230835,False,space,correct rejection,None,1112.3619079589844,text_06,37,8,2back_dual_main_click,2,kamen,38,37,75,120,60,,,,,,,,,,,19,02,yes,no,no,2025-07-14_14h23.31.760,EXNAT_4_TMS_Psychopy2024.2.5.psyexp,2024.2.5,2025-07-14 14h31.41.583675 +0200,
0,0,0,0,0,0,0,,,,,,,,,#F989A2,955.1315746307373,True,space,miss,None,714.268684387207,text_06,38,8,2back_dual_main_click,2,die,38,37,75,120,60,,,,,,,,,,,19,02,yes,no,no,2025-07-14_14h23.31.760,EXNAT_4_TMS_Psychopy2024.2.5.psyexp,2024.2.5,2025-07-14 14h31.41.583675 +0200,
0,0,0,0,0,0,0,,,,,,,,,#D292F3,955.8842842578888,False,space,correct rejection,None,1385.5822086334229,text_06,39,8,2back_dual_main_click,2,Holländer.,39,37,76,120,60,955.9412889480591,,,,,,,,,,19,02,yes,no,no,2025-07-14_14h23.31.760,EXNAT_4_TMS_Psychopy2024.2.5.psyexp,2024.2.5,2025-07-14 14h31.41.583675 +0200,
0,0,0,0,0,0,0,,,,,,,,,#2AB7EF,957.3098757266998,False,space,correct rejection,None,791.9738292694092,text_06,40,8,2back_dual_main_click,2,Sie,39,37,76,120,60,,,,,,,,,,,19,02,yes,no,no,2025-07-14_14h23.31.760,EXNAT_4_TMS_Psychopy2024.2.5.psyexp,2024.2.5,2025-07-14 14h31.41.583675 +0200,
0,0,0,0,0,0,0,,,,,,,,,#F989A2,958.142168045044,False,l,false alarm,1015.6302452087402,1175.5826473236084,text_06,41,8,2back_dual_main_click,2,benannten,39,37,76,120,60,,,,,,,,,,,19,02,yes,no,no,2025-07-14_14h23.31.760,EXNAT_4_TMS_Psychopy2024.2.5.psyexp,2024.2.5,2025-07-14 14h31.41.583675 +0200,
0,0,0,0,0,0,0,,,,,,,,,#D292F3,959.3719930648804,False,space,correct rejection,None,1721.879243850708,text_06,42,8,2back_dual_main_click,2,die,39,37,76,120,60,,,,,,,,,,,19,02,yes,no,no,2025-07-14_14h23.31.760,EXNAT_4_TMS_Psychopy2024.2.5.psyexp,2024.2.5,2025-07-14 14h31.41.583675 +0200,
0,0,0,0,0,0,0,,,,,,,,,#2AB7EF,961.1468284130096,False,space,correct rejection,None,523.0140686035156,text_06,43,8,2back_dual_main_click,2,Insel,39,37,76,120,60,,,,,,,,,,,19,02,yes,no,no,2025-07-14_14h23.31.760,EXNAT_4_TMS_Psychopy2024.2.5.psyexp,2024.2.5,2025-07-14 14h31.41.583675 +0200,
0,0,0,0,0,0,0,,,,,,,,,#88BA3F,961.7240164279938,False,space,correct rejection,None,633.9278221130371,text_06,44,8,2back_dual_main_click,2,nach,39,37,76,120,60,,,,,,,,,,,19,02,yes,no,no,2025-07-14_14h23.31.760,EXNAT_4_TMS_Psychopy2024.2.5.psyexp,2024.2.5,2025-07-14 14h31.41.583675 +0200,
0,0,0,0,0,0,0,,,,,,,,,#F989A2,962.411369562149,False,space,correct rejection,None,650.468111038208,text_06,45,8,2back_dual_main_click,2,dem,39,37,76,120,60,,,,,,,,,,,19,02,yes,no,no,2025-07-14_14h23.31.760,EXNAT_4_TMS_Psychopy2024.2.5.psyexp,2024.2.5,2025-07-14 14h31.41.583675 +0200,
0,0,0,0,0,0,0,,,,,,,,,#F989A2,963.1179811954498,False,space,correct rejection,None,711.9038105010986,text_06,46,8,2back_dual_main_click,2,Prinzen,39,37,76,120,60,,,,,,,,,,,19,02,yes,no,no,2025-07-14_14h23.31.760,EXNAT_4_TMS_Psychopy2024.2.5.psyexp,2024.2.5,2025-07-14 14h31.41.583675 +0200,
0,0,0,0,0,0,0,,,,,,,,,#2AB7EF,963.8844330310822,False,space,correct rejection,None,649.4243144989014,text_06,47,8,2back_dual_main_click,2,"Moritz,",39,37,76,120,60,,,,,,,,,,,19,02,yes,no,no,2025-07-14_14h23.31.760,EXNAT_4_TMS_Psychopy2024.2.5.psyexp,2024.2.5,2025-07-14 14h31.41.583675 +0200,
0,0,0,0,0,0,0,,,,,,,,,#D292F3,964.590651512146,False,space,correct rejection,None,887.1831893920898,text_06,48,8,2back_dual_main_click,2,bauten,39,37,76,120,60,,,,,,,,,,,19,02,yes,no,no,2025-07-14_14h23.31.760,EXNAT_4_TMS_Psychopy2024.2.5.psyexp,2024.2.5,2025-07-14 14h31.41.583675 +0200,
0,0,0,0,0,0,0,,,,,,,,,#88BA3F,965.5334384441376,False,space,correct rejection,None,824.3865966796875,text_06,49,8,2back_dual_main_click,2,Zuckerrohr,39,37,76,120,60,,,,,,,,,,,19,02,yes,no,no,2025-07-14_14h23.31.760,EXNAT_4_TMS_Psychopy2024.2.5.psyexp,2024.2.5,2025-07-14 14h31.41.583675 +0200,
0,0,0,0,0,0,0,,,,,,,,,#D292F3,966.4137439727783,True,space,miss,None,775.9089469909668,text_06,50,8,2back_dual_main_click,2,"an,",39,38,77,120,60,966.4662787914276,,,,,,,,,,19,02,yes,no,no,2025-07-14_14h23.31.760,EXNAT_4_TMS_Psychopy2024.2.5.psyexp,2024.2.5,2025-07-14 14h31.41.583675 +0200,
0,0,0,0,0,0,0,,,,,,,,,#2AB7EF,967.2458484172821,False,space,correct rejection,None,920.0139045715332,text_06,51,8,2back_dual_main_click,2,errichteten,39,38,77,120,60,,,,,,,,,,,19,02,yes,no,no,2025-07-14_14h23.31.760,EXNAT_4_TMS_Psychopy2024.2.5.psyexp,2024.2.5,2025-07-14 14h31.41.583675 +0200,
0,0,0,0,0,0,0,,,,,,,,,#F989A2,968.2202339172363,False,space,correct rejection,None,889.4302845001221,text_06,52,8,2back_dual_main_click,2,Häuser,39,38,77,120,60,,,,,,,,,,,19,02,yes,no,no,2025-07-14_14h23.31.760,EXNAT_4_TMS_Psychopy2024.2.5.psyexp,2024.2.5,2025-07-14 14h31.41.583675 +0200,
0,0,0,0,0,0,0,,,,,,,,,#D292F3,969.1643953323364,False,space,correct rejection,None,681.5297603607178,text_06,53,8,2back_dual_main_click,2,und,39,38,77,120,60,,,,,,,,,,,19,02,yes,no,no,2025-07-14_14h23.31.760,EXNAT_4_TMS_Psychopy2024.2.5.psyexp,2024.2.5,2025-07-14 14h31.41.583675 +0200,
0,0,0,0,0,0,0,,,,,,,,,#2AB7EF,969.9010014533997,False,space,correct rejection,None,680.8538436889648,text_06,54,8,2back_dual_main_click,2,sammelten,39,38,77,120,60,,,,,,,,,,,19,02,yes,no,no,2025-07-14_14h23.31.760,EXNAT_4_TMS_Psychopy2024.2.5.psyexp,2024.2.5,2025-07-14 14h31.41.583675 +0200,
0,0,0,0,0,0,0,,,,,,,,,#F989A2,970.6393983364105,False,space,correct rejection,None,742.457389831543,text_06,55,8,2back_dual_main_click,2,Ebenholz.,39,38,77,120,60,,,,,,,,,,,19,02,yes,no,no,2025-07-14_14h23.31.760,EXNAT_4_TMS_Psychopy2024.2.5.psyexp,2024.2.5,2025-07-14 14h31.41.583675 +0200,
0,0,0,0,0,0,0,,,,,,,,,#2AB7EF,971.436594247818,True,space,miss,None,841.2775993347168,text_06,56,8,2back_dual_main_click,2,Um,39,39,78,120,60,971.489720582962,,,,,,,,,,19,02,yes,no,no,2025-07-14_14h23.31.760,EXNAT_4_TMS_Psychopy2024.2.5.psyexp,2024.2.5,2025-07-14 14h31.41.583675 +0200,
0,0,0,0,0,0,0,,,,,,,,,#D292F3,972.3314509391785,False,space,correct rejection,None,874.3503093719482,text_06,57,8,2back_dual_main_click,2,sich,39,39,78,120,60,,,,,,,,,,,19,02,yes,no,no,2025-07-14_14h23.31.760,EXNAT_4_TMS_Psychopy2024.2.5.psyexp,2024.2.5,2025-07-14 14h31.41.583675 +0200,
0,0,0,0,0,0,0,,,,,,,,,#D292F3,973.2600393295288,False,space,correct rejection,None,681.6451549530029,text_06,58,8,2back_dual_main_click,2,zu,39,39,78,120,60,,,,,,,,,,,19,02,yes,no,no,2025-07-14_14h23.31.760,EXNAT_4_TMS_Psychopy2024.2.5.psyexp,2024.2.5,2025-07-14 14h31.41.583675 +0200,
0,0,0,0,0,0,0,,,,,,,,,#2AB7EF,973.982090473175,False,space,correct rejection,None,759.676456451416,text_06,59,8,2back_dual_main_click,2,"ernähren,",39,39,78,120,60,,,,,,,,,,,19,02,yes,no,no,2025-07-14_14h23.31.760,EXNAT_4_TMS_Psychopy2024.2.5.psyexp,2024.2.5,2025-07-14 14h31.41.583675 +0200,
0,0,0,0,0,0,0,,,,,,,,,#D292F3,974.7823541164398,True,l,hit,983.3104610443115,1159.3763828277588,text_06,60,8,2back_dual_main_click,2,jagten,39,39,78,120,60,,,,,,,,,,,19,02,yes,no,no,2025-07-14_14h23.31.760,EXNAT_4_TMS_Psychopy2024.2.5.psyexp,2024.2.5,2025-07-14 14h31.41.583675 +0200,
0,0,0,0,0,0,0,,,,,,,,,#D292F3,975.9964187145233,False,space,correct rejection,None,873.4467029571533,text_06,61,8,2back_dual_main_click,2,und,40,39,79,120,60,976.4896976947784,,,,,,,,,,19,02,yes,no,no,2025-07-14_14h23.31.760,EXNAT_4_TMS_Psychopy2024.2.5.psyexp,2024.2.5,2025-07-14 14h31.41.583675 +0200,
0,0,0,0,0,0,0,,,,,,,,,#F989A2,976.9264323711395,False,space,correct rejection,None,1047.4467277526855,text_06,62,8,2back_dual_main_click,2,rotteten,40,39,79,120,60,,,,,,,,,,,19,02,yes,no,no,2025-07-14_14h23.31.760,EXNAT_4_TMS_Psychopy2024.2.5.psyexp,2024.2.5,2025-07-14 14h31.41.583675 +0200,
0,0,0,0,0,0,0,,,,,,,,,#F989A2,978.0286691188812,False,space,correct rejection,None,905.2064418792725,text_06,63,8,2back_dual_main_click,2,sie,40,39,79,120,60,,,,,,,,,,,19,02,yes,no,no,2025-07-14_14h23.31.760,EXNAT_4_TMS_Psychopy2024.2.5.psyexp,2024.2.5,2025-07-14 14h31.41.583675 +0200,
0,0,0,0,0,0,0,,,,,,,,,#F989A2,978.9881584644318,True,l,hit,793.5843467712402,953.5965919494629,text_06,64,8,2back_dual_main_click,2,auch,40,39,79,120,60,,,,,,,,,,,19,02,yes,no,no,2025-07-14_14h23.31.760,EXNAT_4_TMS_Psychopy2024.2.5.psyexp,2024.2.5,2025-07-14 14h31.41.583675 +0200,
0,0,0,0,0,0,0,,,,,,,,,#88BA3F,979.9942626953125,False,space,correct rejection,None,603.6627292633057,text_06,65,8,2back_dual_main_click,2,den,40,39,79,120,60,,,,,,,,,,,19,02,yes,no,no,2025-07-14_14h23.31.760,EXNAT_4_TMS_Psychopy2024.2.5.psyexp,2024.2.5,2025-07-14 14h31.41.583675 +0200,
0,0,0,0,0,0,0,,,,,,,,,#2AB7EF,980.6514928340912,False,space,correct rejection,None,938.2419586181641,text_06,66,8,2back_dual_main_click,2,Dodo,41,39,80,120,60,981.4897203445435,,,,,,,,,,19,02,yes,no,no,2025-07-14_14h23.31.760,EXNAT_4_TMS_Psychopy2024.2.5.psyexp,2024.2.5,2025-07-14 14h31.41.583675 +0200,
0,0,0,0,0,0,0,,,,,,,,,#88BA3F,981.646098613739,True,space,miss,None,1207.7231407165527,text_06,67,8,2back_dual_main_click,2,aus.,41,39,80,120,60,,,,,,,,,,,19,02,yes,no,no,2025-07-14_14h23.31.760,EXNAT_4_TMS_Psychopy2024.2.5.psyexp,2024.2.5,2025-07-14 14h31.41.583675 +0200,
0,0,0,0,0,0,0,,,,,,,,,#88BA3F,982.9090659618378,False,space,correct rejection,None,1256.8707466125488,text_06,68,8,2back_dual_main_click,2,Der,41,39,80,120,60,,,,,,,,,,,19,02,yes,no,no,2025-07-14_14h23.31.760,EXNAT_4_TMS_Psychopy2024.2.5.psyexp,2024.2.5,2025-07-14 14h31.41.583675 +0200,
0,0,0,0,0,0,0,,,,,,,,,#D292F3,984.2216501235962,False,space,correct rejection,None,2200.178861618042,text_06,69,8,2back_dual_main_click,2,Dodo,41,39,80,120,60,,,,,,,,,,,19,02,yes,no,no,2025-07-14_14h23.31.760,EXNAT_4_TMS_Psychopy2024.2.5.psyexp,2024.2.5,2025-07-14 14h31.41.583675 +0200,
0,0,0,0,0,0,0,,,,,,,,,#2AB7EF,986.4751844406128,False,space,correct rejection,None,794.6674823760986,text_06,70,8,2back_dual_main_click,2,ist,41,39,80,120,60,,,,,,,,,,,19,02,yes,no,no,2025-07-14_14h23.31.760,EXNAT_4_TMS_Psychopy2024.2.5.psyexp,2024.2.5,2025-07-14 14h31.41.583675 +0200,
0,0,0,0,0,0,0,,,,,,,,,#2AB7EF,987.3244824409485,False,space,correct rejection,None,617.3191070556641,text_06,71,8,2back_dual_main_click,2,ein,41,39,80,120,60,,,,,,,,,,,19,02,yes,no,no,2025-07-14_14h23.31.760,EXNAT_4_TMS_Psychopy2024.2.5.psyexp,2024.2.5,2025-07-14 14h31.41.583675 +0200,
0,0,0,0,0,0,0,,,,,,,,,#D292F3,987.998129606247,False,space,correct rejection,None,711.6756439208984,text_06,72,8,2back_dual_main_click,2,flugunfähiger,41,39,80,120,60,,,,,,,,,,,19,02,yes,no,no,2025-07-14_14h23.31.760,EXNAT_4_TMS_Psychopy2024.2.5.psyexp,2024.2.5,2025-07-14 14h31.41.583675 +0200,
0,0,0,0,0,0,0,,,,,,,,,#2AB7EF,988.7653057575226,True,l,hit,696.4428424835205,840.4719829559326,text_06,73,8,2back_dual_main_click,2,"Vogel,",41,39,80,120,60,,,,,,,,,,,19,02,yes,no,no,2025-07-14_14h23.31.760,EXNAT_4_TMS_Psychopy2024.2.5.psyexp,2024.2.5,2025-07-14 14h31.41.583675 +0200,
0,0,0,0,0,0,0,,,,,,,,,#F989A2,989.6613285541534,False,space,correct rejection,None,584.4607353210449,text_06,74,8,2back_dual_main_click,2,der,41,39,80,120,60,,,,,,,,,,,19,02,yes,no,no,2025-07-14_14h23.31.760,EXNAT_4_TMS_Psychopy2024.2.5.psyexp,2024.2.5,2025-07-14 14h31.41.583675 +0200,
0,0,0,0,0,0,0,,,,,,,,,#2AB7EF,990.2998585700989,True,space,miss,None,2297.952890396118,text_06,75,8,2back_dual_main_click,2,bis,41,40,81,120,60,990.3738973140717,,,,,,,,,,19,02,yes,no,no,2025-07-14_14h23.31.760,EXNAT_4_TMS_Psychopy2024.2.5.psyexp,2024.2.5,2025-07-14 14h31.41.583675 +0200,
0,0,0,0,0,0,0,,,,,,,,,#D292F3,992.6500988006592,False,space,correct rejection,None,939.7985935211182,text_06,76,8,2back_dual_main_click,2,heute,41,40,81,120,60,,,,,,,,,,,19,02,yes,no,no,2025-07-14_14h23.31.760,EXNAT_4_TMS_Psychopy2024.2.5.psyexp,2024.2.5,2025-07-14 14h31.41.583675 +0200,
0,0,0,0,0,0,0,,,,,,,,,#88BA3F,993.6433591842651,False,space,correct rejection,None,650.3870487213135,text_06,77,8,2back_dual_main_click,2,das,41,40,81,120,60,,,,,,,,,,,19,02,yes,no,no,2025-07-14_14h23.31.760,EXNAT_4_TMS_Psychopy2024.2.5.psyexp,2024.2.5,2025-07-14 14h31.41.583675 +0200,
0,0,0,0,0,0,0,,,,,,,,,#2AB7EF,994.3482694625854,False,space,correct rejection,None,713.6647701263428,text_06,78,8,2back_dual_main_click,2,Nationalsymbol,41,40,81,120,60,,,,,,,,,,,19,02,yes,no,no,2025-07-14_14h23.31.760,EXNAT_4_TMS_Psychopy2024.2.5.psyexp,2024.2.5,2025-07-14 14h31.41.583675 +0200,
0,0,0,0,0,0,0,,,,,,,,,#2AB7EF,995.1011607646942,False,space,correct rejection,None,680.657148361206,text_06,79,8,2back_dual_main_click,2,der,42,40,82,120,60,995.3738403320312,,,,,,,,,,19,02,yes,no,no,2025-07-14_14h23.31.760,EXNAT_4_TMS_Psychopy2024.2.5.psyexp,2024.2.5,2025-07-14 14h31.41.583675 +0200,
0,0,0,0,0,0,0,,,,,,,,,#D292F3,995.8217051029205,False,space,correct rejection,None,1304.1646480560303,text_06,80,8,2back_dual_main_click,2,Insel,42,40,82,120,60,,,,,,,,,,,19,02,yes,no,no,2025-07-14_14h23.31.760,EXNAT_4_TMS_Psychopy2024.2.5.psyexp,2024.2.5,2025-07-14 14h31.41.583675 +0200,
0,0,0,0,0,0,0,,,,,,,,,#D292F3,997.1802706718445,False,space,correct rejection,None,809.6153736114502,text_06,81,8,2back_dual_main_click,2,ist.,42,40,82,120,60,,,,,,,,,,,19,02,yes,no,no,2025-07-14_14h23.31.760,EXNAT_4_TMS_Psychopy2024.2.5.psyexp,2024.2.5,2025-07-14 14h31.41.583675 +0200,
0,0,0,0,0,0,0,,,,,,,,,#88BA3F,998.0295889377594,False,space,correct rejection,None,696.2141990661621,text_06,82,8,2back_dual_main_click,2,Nachdem,42,40,82,120,60,,,,,,,,,,,19,02,yes,no,no,2025-07-14_14h23.31.760,EXNAT_4_TMS_Psychopy2024.2.5.psyexp,2024.2.5,2025-07-14 14h31.41.583675 +0200,
0,0,0,0,0,0,0,,,,,,,,,#D292F3,998.7666149139404,True,l,hit,599.2271900177002,759.117841720581,text_06,83,8,2back_dual_main_click,2,die,42,40,82,120,60,,,,,,,,,,,19,02,yes,no,no,2025-07-14_14h23.31.760,EXNAT_4_TMS_Psychopy2024.2.5.psyexp,2024.2.5,2025-07-14 14h31.41.583675 +0200,
0,0,0,0,0,0,0,,,,,,,,,#F989A2,999.5660047531128,False,space,correct rejection,None,631.920576095581,text_06,84,8,2back_dual_main_click,2,Natur,42,40,82,120,60,,,,,,,,,,,19,02,yes,no,no,2025-07-14_14h23.31.760,EXNAT_4_TMS_Psychopy2024.2.5.psyexp,2024.2.5,2025-07-14 14h31.41.583675 +0200,
0,0,0,0,0,0,0,,,,,,,,,#2AB7EF,1000.2368292808533,False,space,correct rejection,None,600.8403301239014,text_06,85,8,2back_dual_main_click,2,stark,42,40,82,120,60,,,,,,,,,,,19,02,yes,no,no,2025-07-14_14h23.31.760,EXNAT_4_TMS_Psychopy2024.2.5.psyexp,2024.2.5,2025-07-14 14h31.41.583675 +0200,
0,0,0,0,0,0,0,,,,,,,,,#D292F3,1000.8785903453827,False,space,correct rejection,None,599.0610122680664,text_06,86,8,2back_dual_main_click,2,beschädigt,42,40,82,120,60,,,,,,,,,,,19,02,yes,no,no,2025-07-14_14h23.31.760,EXNAT_4_TMS_Psychopy2024.2.5.psyexp,2024.2.5,2025-07-14 14h31.41.583675 +0200,
0,0,0,0,0,0,0,,,,,,,,,#D292F3,1001.5178349018097,False,space,correct rejection,None,807.9826831817627,text_06,87,8,2back_dual_main_click,2,worden,42,40,82,120,60,,,,,,,,,,,19,02,yes,no,no,2025-07-14_14h23.31.760,EXNAT_4_TMS_Psychopy2024.2.5.psyexp,2024.2.5,2025-07-14 14h31.41.583675 +0200,
0,0,0,0,0,0,0,,,,,,,,,#F989A2,1002.3665182590485,False,space,correct rejection,None,615.2400970458984,text_06,88,8,2back_dual_main_click,2,"war,",42,40,82,120,60,,,,,,,,,,,19,02,yes,no,no,2025-07-14_14h23.31.760,EXNAT_4_TMS_Psychopy2024.2.5.psyexp,2024.2.5,2025-07-14 14h31.41.583675 +0200,
0,0,0,0,0,0,0,,,,,,,,,#2AB7EF,1003.0221076011658,False,space,correct rejection,None,599.7450351715088,text_06,89,8,2back_dual_main_click,2,verließen,42,40,82,120,60,,,,,,,,,,,19,02,yes,no,no,2025-07-14_14h23.31.760,EXNAT_4_TMS_Psychopy2024.2.5.psyexp,2024.2.5,2025-07-14 14h31.41.583675 +0200,
0,0,0,0,0,0,0,,,,,,,,,#D292F3,1003.6624512672424,False,space,correct rejection,None,615.2710914611816,text_06,90,8,2back_dual_main_click,2,die,42,40,82,120,60,,,,,,,,,,,19,02,yes,no,no,2025-07-14_14h23.31.760,EXNAT_4_TMS_Psychopy2024.2.5.psyexp,2024.2.5,2025-07-14 14h31.41.583675 +0200,
0,0,0,0,0,0,0,,,,,,,,,#88BA3F,1004.3160502910614,False,space,correct rejection,None,665.8239364624023,text_06,91,8,2back_dual_main_click,2,Holländer,42,40,82,120,60,,,,,,,,,,,19,02,yes,no,no,2025-07-14_14h23.31.760,EXNAT_4_TMS_Psychopy2024.2.5.psyexp,2024.2.5,2025-07-14 14h31.41.583675 +0200,
0,0,0,0,0,0,0,,,,,,,,,#88BA3F,1005.021461725235,False,space,correct rejection,None,616.3003444671631,text_06,92,8,2back_dual_main_click,2,die,42,40,82,120,60,,,,,,,,,,,19,02,yes,no,no,2025-07-14_14h23.31.760,EXNAT_4_TMS_Psychopy2024.2.5.psyexp,2024.2.5,2025-07-14 14h31.41.583675 +0200,
0,0,0,0,0,0,0,,,,,,,,,#88BA3F,1005.6775870323181,True,l,hit,696.2909698486328,1128.1838417053223,text_06,93,8,2back_dual_main_click,2,Insel.,42,41,83,120,60,1005.7350680828094,,,,,,,,,,19,02,yes,no,no,2025-07-14_14h23.31.760,EXNAT_4_TMS_Psychopy2024.2.5.psyexp,2024.2.5,2025-07-14 14h31.41.583675 +0200,
0,0,0,0,0,0,0,,,,,,,,,#F989A2,1006.8444333076477,False,space,correct rejection,None,985.4960441589355,text_06,94,8,2back_dual_main_click,2,Es,42,41,83,120,60,,,,,,,,,,,19,02,yes,no,no,2025-07-14_14h23.31.760,EXNAT_4_TMS_Psychopy2024.2.5.psyexp,2024.2.5,2025-07-14 14h31.41.583675 +0200,
0,0,0,0,0,0,0,,,,,,,,,#F989A2,1007.8693180084229,False,space,correct rejection,None,600.4180908203125,text_06,95,8,2back_dual_main_click,2,folgten,42,41,83,120,60,,,,,,,,,,,19,02,yes,no,no,2025-07-14_14h23.31.760,EXNAT_4_TMS_Psychopy2024.2.5.psyexp,2024.2.5,2025-07-14 14h31.41.583675 +0200,
0,0,0,0,0,0,0,,,,,,,,,#88BA3F,1008.5114104747772,False,space,correct rejection,None,854.2599678039551,text_06,96,8,2back_dual_main_click,2,erbitterte,42,41,83,120,60,,,,,,,,,,,19,02,yes,no,no,2025-07-14_14h23.31.760,EXNAT_4_TMS_Psychopy2024.2.5.psyexp,2024.2.5,2025-07-14 14h31.41.583675 +0200,
0,0,0,0,0,0,0,,,,,,,,,#2AB7EF,1009.4044466018677,False,space,correct rejection,None,681.4532279968262,text_06,97,8,2back_dual_main_click,2,Kämpfe,42,41,83,120,60,,,,,,,,,,,19,02,yes,no,no,2025-07-14_14h23.31.760,EXNAT_4_TMS_Psychopy2024.2.5.psyexp,2024.2.5,2025-07-14 14h31.41.583675 +0200,
0,0,0,0,0,0,0,,,,,,,,,#F989A2,1010.1262545585632,False,space,correct rejection,None,759.58251953125,text_06,98,8,2back_dual_main_click,2,zwischen,43,41,84,120,60,1010.7350835800171,,,,,,,,,,19,02,yes,no,no,2025-07-14_14h23.31.760,EXNAT_4_TMS_Psychopy2024.2.5.psyexp,2024.2.5,2025-07-14 14h31.41.583675 +0200,
0,0,0,0,0,0,0,,,,,,,,,#F989A2,1010.9243838787079,False,space,correct rejection,None,937.4394416809082,text_06,99,8,2back_dual_main_click,2,Briten,43,41,84,120,60,,,,,,,,,,,19,02,yes,no,no,2025-07-14_14h23.31.760,EXNAT_4_TMS_Psychopy2024.2.5.psyexp,2024.2.5,2025-07-14 14h31.41.583675 +0200,
0,0,0,0,0,0,0,,,,,,,,,#D292F3,1011.9019386768341,False,space,correct rejection,None,615.9763336181641,text_06,100,8,2back_dual_main_click,2,und,43,41,84,120,60,,,,,,,,,,,19,02,yes,no,no,2025-07-14_14h23.31.760,EXNAT_4_TMS_Psychopy2024.2.5.psyexp,2024.2.5,2025-07-14 14h31.41.583675 +0200,
0,0,0,0,0,0,0,,,,,,,,,#2AB7EF,1012.5591511726379,False,space,correct rejection,None,1750.718355178833,text_06,101,8,2back_dual_main_click,2,Franzosen,43,41,84,120,60,,,,,,,,,,,19,02,yes,no,no,2025-07-14_14h23.31.760,EXNAT_4_TMS_Psychopy2024.2.5.psyexp,2024.2.5,2025-07-14 14h31.41.583675 +0200,
0,0,0,0,0,0,0,,,,,,,,,#2AB7EF,1014.3604691028595,False,space,correct rejection,None,605.196475982666,text_06,102,8,2back_dual_main_click,2,um,43,41,84,120,60,,,,,,,,,,,19,02,yes,no,no,2025-07-14_14h23.31.760,EXNAT_4_TMS_Psychopy2024.2.5.psyexp,2024.2.5,2025-07-14 14h31.41.583675 +0200,
0,0,0,0,0,0,0,,,,,,,,,#D292F3,1015.0066795349121,False,space,correct rejection,None,615.1316165924072,text_06,103,8,2back_dual_main_click,2,die,43,41,84,120,60,,,,,,,,,,,19,02,yes,no,no,2025-07-14_14h23.31.760,EXNAT_4_TMS_Psychopy2024.2.5.psyexp,2024.2.5,2025-07-14 14h31.41.583675 +0200,
0,0,0,0,0,0,0,,,,,,,,,#F989A2,1015.6634657382965,False,space,correct rejection,None,694.3435668945312,text_06,104,8,2back_dual_main_click,2,Kontrolle,43,41,84,120,60,,,,,,,,,,,19,02,yes,no,no,2025-07-14_14h23.31.760,EXNAT_4_TMS_Psychopy2024.2.5.psyexp,2024.2.5,2025-07-14 14h31.41.583675 +0200,
0,0,0,0,0,0,0,,,,,,,,,#D292F3,1016.3978593349457,True,space,miss,None,616.0099506378174,text_06,105,8,2back_dual_main_click,2,der,43,42,85,120,60,1016.4549868106842,,,,,,,,,,19,02,yes,no,no,2025-07-14_14h23.31.760,EXNAT_4_TMS_Psychopy2024.2.5.psyexp,2024.2.5,2025-07-14 14h31.41.583675 +0200,
0,0,0,0,0,0,0,,,,,,,,,#88BA3F,1017.0555038452148,False,space,correct rejection,None,918.2064533233643,text_06,106,8,2back_dual_main_click,2,Insel.,43,42,85,120,60,,,,,,,,,,,19,02,yes,no,no,2025-07-14_14h23.31.760,EXNAT_4_TMS_Psychopy2024.2.5.psyexp,2024.2.5,2025-07-14 14h31.41.583675 +0200,
0,0,0,0,0,0,0,,,,,,,,,#88BA3F,1018.0122141838074,False,space,correct rejection,None,713.6580944061279,text_06,107,8,2back_dual_main_click,2,Die,43,42,85,120,60,,,,,,,,,,,19,02,yes,no,no,2025-07-14_14h23.31.760,EXNAT_4_TMS_Psychopy2024.2.5.psyexp,2024.2.5,2025-07-14 14h31.41.583675 +0200,
0,0,0,0,0,0,0,,,,,,,,,#88BA3F,1018.7677791118622,True,space,miss,None,822.12233543396,text_06,108,8,2back_dual_main_click,2,Bevölkerung,43,42,85,120,60,,,,,,,,,,,19,02,yes,no,no,2025-07-14_14h23.31.760,EXNAT_4_TMS_Psychopy2024.2.5.psyexp,2024.2.5,2025-07-14 14h31.41.583675 +0200,
0,0,0,0,0,0,0,,,,,,,,,#88BA3F,1019.629054069519,True,space,miss,None,696.652889251709,text_06,109,8,2back_dual_main_click,2,setzte,43,42,85,120,60,,,,,,,,,,,19,02,yes,no,no,2025-07-14_14h23.31.760,EXNAT_4_TMS_Psychopy2024.2.5.psyexp,2024.2.5,2025-07-14 14h31.41.583675 +0200,
0,0,0,0,0,0,0,,,,,,,,,#88BA3F,1020.364809513092,True,l,hit,697.0546245574951,840.9717082977295,text_06,110,8,2back_dual_main_click,2,sich,43,42,85,120,60,,,,,,,,,,,19,02,yes,no,no,2025-07-14_14h23.31.760,EXNAT_4_TMS_Psychopy2024.2.5.psyexp,2024.2.5,2025-07-14 14h31.41.583675 +0200,
0,0,0,0,0,0,0,,,,,,,,,#F989A2,1021.2448225021362,False,space,correct rejection,None,617.0823574066162,text_06,111,8,2back_dual_main_click,2,damals,43,42,85,120,60,,,,,,,,,,,19,02,yes,no,no,2025-07-14_14h23.31.760,EXNAT_4_TMS_Psychopy2024.2.5.psyexp,2024.2.5,2025-07-14 14h31.41.583675 +0200,
0,0,0,0,0,0,0,,,,,,,,,#D292F3,1021.9011995792389,False,space,correct rejection,None,664.6275520324707,text_06,112,8,2back_dual_main_click,2,aus,44,42,86,120,60,1021.9533584117889,,,,,,,,,,19,02,yes,no,no,2025-07-14_14h23.31.760,EXNAT_4_TMS_Psychopy2024.2.5.psyexp,2024.2.5,2025-07-14 14h31.41.583675 +0200,
0,0,0,0,0,0,0,,,,,,,,,#F989A2,1022.6060519218445,True,space,miss,None,647.6573944091797,text_06,113,8,2back_dual_main_click,2,afrikanischen,44,42,86,120,60,,,,,,,,,,,19,02,yes,no,no,2025-07-14_14h23.31.760,EXNAT_4_TMS_Psychopy2024.2.5.psyexp,2024.2.5,2025-07-14 14h31.41.583675 +0200,
0,0,0,0,0,0,0,,,,,,,,,#88BA3F,1023.2920942306519,False,space,correct rejection,None,777.7166366577148,text_06,114,8,2back_dual_main_click,2,"Sklaven,",44,42,86,120,60,,,,,,,,,,,19,02,yes,no,no,2025-07-14_14h23.31.760,EXNAT_4_TMS_Psychopy2024.2.5.psyexp,2024.2.5,2025-07-14 14h31.41.583675 +0200,
0,0,0,0,0,0,0,,,,,,,,,#88BA3F,1024.1100516319275,False,space,correct rejection,None,695.9207057952881,text_06,115,8,2back_dual_main_click,2,indischen,44,42,86,120,60,,,,,,,,,,,19,02,yes,no,no,2025-07-14_14h23.31.760,EXNAT_4_TMS_Psychopy2024.2.5.psyexp,2024.2.5,2025-07-14 14h31.41.583675 +0200,
0,0,0,0,0,0,0,,,,,,,,,#2AB7EF,1024.8448135852814,False,space,correct rejection,None,745.1035976409912,text_06,116,8,2back_dual_main_click,2,Arbeitern,44,42,86,120,60,,,,,,,,,,,19,02,yes,no,no,2025-07-14_14h23.31.760,EXNAT_4_TMS_Psychopy2024.2.5.psyexp,2024.2.5,2025-07-14 14h31.41.583675 +0200,
0,0,0,0,0,0,0,,,,,,,,,#2AB7EF,1025.6313183307648,False,space,correct rejection,None,678.5461902618408,text_06,117,8,2back_dual_main_click,2,sowie,44,42,86,120,60,,,,,,,,,,,19,02,yes,no,no,2025-07-14_14h23.31.760,EXNAT_4_TMS_Psychopy2024.2.5.psyexp,2024.2.5,2025-07-14 14h31.41.583675 +0200,
0,0,0,0,0,0,0,,,,,,,,,#D292F3,1026.3505909442902,False,space,correct rejection,None,759.3894004821777,text_06,118,8,2back_dual_main_click,2,muslimischen,44,42,86,120,60,,,,,,,,,,,19,02,yes,no,no,2025-07-14_14h23.31.760,EXNAT_4_TMS_Psychopy2024.2.5.psyexp,2024.2.5,2025-07-14 14h31.41.583675 +0200,
0,0,0,0,0,0,0,,,,,,,,,#F989A2,1027.150313615799,False,space,correct rejection,None,503.5290718078613,text_06,119,8,2back_dual_main_click,2,und,44,42,86,120,60,,,,,,,,,,,19,02,yes,no,no,2025-07-14_14h23.31.760,EXNAT_4_TMS_Psychopy2024.2.5.psyexp,2024.2.5,2025-07-14 14h31.41.583675 +0200,
0,0,0,0,0,0,0,,,,,,,,,#D292F3,1027.6948790550232,True,l,hit,407.03868865966797,630.812406539917,text_06,120,8,2back_dual_main_click,2,chinesischen,44,43,87,120,60,1027.7551090717316,,,,,,,,,,19,02,yes,no,no,2025-07-14_14h23.31.760,EXNAT_4_TMS_Psychopy2024.2.5.psyexp,2024.2.5,2025-07-14 14h31.41.583675 +0200,
0,0,0,0,0,0,0,,,,,,,,,#88BA3F,1028.3639855384827,False,space,correct rejection,None,537.8966331481934,text_06,121,8,2back_dual_main_click,2,Händlern,44,43,87,120,60,,,,,,,,,,,19,02,yes,no,no,2025-07-14_14h23.31.760,EXNAT_4_TMS_Psychopy2024.2.5.psyexp,2024.2.5,2025-07-14 14h31.41.583675 +0200,
0,0,0,0,0,0,0,,,,,,,,,#F989A2,1028.9420347213745,False,space,correct rejection,None,935.9469413757324,text_06,122,8,2back_dual_main_click,2,zusammen.,44,43,87,120,60,,,,,,,,,,,19,02,yes,no,no,2025-07-14_14h23.31.760,EXNAT_4_TMS_Psychopy2024.2.5.psyexp,2024.2.5,2025-07-14 14h31.41.583675 +0200,
0,0,0,0,0,0,0,,,,,,,,,#2AB7EF,1029.916689157486,False,space,correct rejection,None,713.2692337036133,text_06,123,8,2back_dual_main_click,2,Ihre,44,43,87,120,60,,,,,,,,,,,19,02,yes,no,no,2025-07-14_14h23.31.760,EXNAT_4_TMS_Psychopy2024.2.5.psyexp,2024.2.5,2025-07-14 14h31.41.583675 +0200,
0,0,0,0,0,0,0,,,,,,,,,#F989A2,1030.6695601940155,True,space,miss,None,504.36878204345703,text_06,124,8,2back_dual_main_click,2,Nachfahren,44,43,87,120,60,,,,,,,,,,,19,02,yes,no,no,2025-07-14_14h23.31.760,EXNAT_4_TMS_Psychopy2024.2.5.psyexp,2024.2.5,2025-07-14 14h31.41.583675 +0200,
0,0,0,0,0,0,0,,,,,,,,,#88BA3F,1031.2131309509277,False,space,correct rejection,None,1272.791862487793,text_06,125,8,2back_dual_main_click,2,bilden,44,43,87,120,60,,,,,,,,,,,19,02,yes,no,no,2025-07-14_14h23.31.760,EXNAT_4_TMS_Psychopy2024.2.5.psyexp,2024.2.5,2025-07-14 14h31.41.583675 +0200,
0,0,0,0,0,0,0,,,,,,,,,#D292F3,1032.5258095264435,False,space,correct rejection,None,696.113109588623,text_06,126,8,2back_dual_main_click,2,heute,45,43,88,120,60,1032.7550473213196,,,,,,,,,,19,02,yes,no,no,2025-07-14_14h23.31.760,EXNAT_4_TMS_Psychopy2024.2.5.psyexp,2024.2.5,2025-07-14 14h31.41.583675 +0200,
0,0,0,0,0,0,0,,,,,,,,,#D292F3,1033.260166168213,False,space,correct rejection,None,617.5234317779541,text_06,127,8,2back_dual_main_click,2,eine,45,43,88,120,60,,,,,,,,,,,19,02,yes,no,no,2025-07-14_14h23.31.760,EXNAT_4_TMS_Psychopy2024.2.5.psyexp,2024.2.5,2025-07-14 14h31.41.583675 +0200,
0,0,0,0,0,0,0,,,,,,,,,#F989A2,1033.913898229599,False,space,correct rejection,None,748.0309009552002,text_06,128,8,2back_dual_main_click,2,der,45,43,88,120,60,,,,,,,,,,,19,02,yes,no,no,2025-07-14_14h23.31.760,EXNAT_4_TMS_Psychopy2024.2.5.psyexp,2024.2.5,2025-07-14 14h31.41.583675 +0200,
0,0,0,0,0,0,0,,,,,,,,,#2AB7EF,1034.701716184616,False,space,correct rejection,None,728.2123565673828,text_06,129,8,2back_dual_main_click,2,wenigen,45,43,88,120,60,,,,,,,,,,,19,02,yes,no,no,2025-07-14_14h23.31.760,EXNAT_4_TMS_Psychopy2024.2.5.psyexp,2024.2.5,2025-07-14 14h31.41.583675 +0200,
0,0,0,0,0,0,0,,,,,,,,,#D292F3,1035.4677827358246,False,l,false alarm,1498.1718063354492,1610.0835800170898,text_06,130,8,2back_dual_main_click,2,multikulturellen,45,43,88,120,60,,,,,,,,,,,19,02,yes,no,no,2025-07-14_14h23.31.760,EXNAT_4_TMS_Psychopy2024.2.5.psyexp,2024.2.5,2025-07-14 14h31.41.583675 +0200,
0,0,0,0,0,0,0,,,,,,,,,#88BA3F,1037.1183745861053,False,space,correct rejection,None,647.5088596343994,text_06,131,8,2back_dual_main_click,2,Gesellschaften,45,43,88,120,60,,,,,,,,,,,19,02,yes,no,no,2025-07-14_14h23.31.760,EXNAT_4_TMS_Psychopy2024.2.5.psyexp,2024.2.5,2025-07-14 14h31.41.583675 +0200,
0,0,0,0,0,0,0,,,,,,,,,#F989A2,1037.8059828281403,False,space,correct rejection,None,695.8901882171631,text_06,132,8,2back_dual_main_click,2,weltweit.,45,43,88,120,60,,,,,,,,,,,19,02,yes,no,no,2025-07-14_14h23.31.760,EXNAT_4_TMS_Psychopy2024.2.5.psyexp,2024.2.5,2025-07-14 14h31.41.583675 +0200,
0,0,0,0,0,0,0,,,,,,,,,#D292F3,1038.5415995121002,False,space,correct rejection,None,664.2773151397705,text_06,133,8,2back_dual_main_click,2,Die,45,43,88,120,60,,,,,,,,,,,19,02,yes,no,no,2025-07-14_14h23.31.760,EXNAT_4_TMS_Psychopy2024.2.5.psyexp,2024.2.5,2025-07-14 14h31.41.583675 +0200,
0,0,0,0,0,0,0,,,,,,,,,#F989A2,1039.2462537288666,True,l,hit,935.6160163879395,1047.5680828094482,text_06,134,8,2back_dual_main_click,2,Geschichte,45,43,88,120,60,,,,,,,,,,,19,02,yes,no,no,2025-07-14_14h23.31.760,EXNAT_4_TMS_Psychopy2024.2.5.psyexp,2024.2.5,2025-07-14 14h31.41.583675 +0200,
0,0,0,0,0,0,0,,,,,,,,,#88BA3F,1040.3337659835815,False,space,correct rejection,None,616.1484718322754,text_06,135,8,2back_dual_main_click,2,von,45,43,88,120,60,,,,,,,,,,,19,02,yes,no,no,2025-07-14_14h23.31.760,EXNAT_4_TMS_Psychopy2024.2.5.psyexp,2024.2.5,2025-07-14 14h31.41.583675 +0200,
0,0,0,0,0,0,0,,,,,,,,,#F989A2,1040.9896020889282,True,l,hit,1320.3802108764648,1432.283878326416,text_06,136,8,2back_dual_main_click,2,Mauritius,45,44,89,120,60,1041.0415396690369,,,,,,,,,,19,02,yes,no,no,2025-07-14_14h23.31.760,EXNAT_4_TMS_Psychopy2024.2.5.psyexp,2024.2.5,2025-07-14 14h31.41.583675 +0200,
0,0,0,0,0,0,0,,,,,,,,,#2AB7EF,1042.4625310897827,False,space,correct rejection,None,663.4979248046875,text_06,137,8,2back_dual_main_click,2,"zeigt,",45,44,89,120,60,,,,,,,,,,,19,02,yes,no,no,2025-07-14_14h23.31.760,EXNAT_4_TMS_Psychopy2024.2.5.psyexp,2024.2.5,2025-07-14 14h31.41.583675 +0200,
0,0,0,0,0,0,0,,,,,,,,,#88BA3F,1043.1658535003662,False,space,correct rejection,None,1223.9553928375244,text_06,138,8,2back_dual_main_click,2,wie,45,44,89,120,60,,,,,,,,,,,19,02,yes,no,no,2025-07-14_14h23.31.760,EXNAT_4_TMS_Psychopy2024.2.5.psyexp,2024.2.5,2025-07-14 14h31.41.583675 +0200,
0,0,0,0,0,0,0,,,,,,,,,#2AB7EF,1044.4437248706818,True,space,miss,None,618.1955337524414,text_06,139,8,2back_dual_main_click,2,"Kolonialismus,",45,44,89,120,60,,,,,,,,,,,19,02,yes,no,no,2025-07-14_14h23.31.760,EXNAT_4_TMS_Psychopy2024.2.5.psyexp,2024.2.5,2025-07-14 14h31.41.583675 +0200,
0,0,0,0,0,0,0,,,,,,,,,#2AB7EF,1045.1158657073975,False,space,correct rejection,None,681.8363666534424,text_06,140,8,2back_dual_main_click,2,Handel,45,44,89,120,60,,,,,,,,,,,19,02,yes,no,no,2025-07-14_14h23.31.760,EXNAT_4_TMS_Psychopy2024.2.5.psyexp,2024.2.5,2025-07-14 14h31.41.583675 +0200,
0,0,0,0,0,0,0,,,,,,,,,#D292F3,1045.8520863056183,False,space,correct rejection,None,633.7473392486572,text_06,141,8,2back_dual_main_click,2,und,45,44,89,120,60,,,,,,,,,,,19,02,yes,no,no,2025-07-14_14h23.31.760,EXNAT_4_TMS_Psychopy2024.2.5.psyexp,2024.2.5,2025-07-14 14h31.41.583675 +0200,
0,0,0,0,0,0,0,,,,,,,,,#F989A2,1046.5270459651947,False,space,correct rejection,None,758.873701095581,text_06,142,8,2back_dual_main_click,2,Migration,46,44,90,120,60,1046.580729484558,,,,,,,,,,19,02,yes,no,no,2025-07-14_14h23.31.760,EXNAT_4_TMS_Psychopy2024.2.5.psyexp,2024.2.5,2025-07-14 14h31.41.583675 +0200,
0,0,0,0,0,0,0,,,,,,,,,#D292F3,1047.3247497081757,True,l,hit,729.140043258667,841.0313129425049,text_06,143,8,2back_dual_main_click,2,eine,46,44,90,120,60,,,,,,,,,,,19,02,yes,no,no,2025-07-14_14h23.31.760,EXNAT_4_TMS_Psychopy2024.2.5.psyexp,2024.2.5,2025-07-14 14h31.41.583675 +0200,
0,0,0,0,0,0,0,,,,,,,,,#2AB7EF,1048.2050890922546,False,space,correct rejection,None,600.8279323577881,text_06,144,8,2back_dual_main_click,2,kleine,46,44,90,120,60,,,,,,,,,,,19,02,yes,no,no,2025-07-14_14h23.31.760,EXNAT_4_TMS_Psychopy2024.2.5.psyexp,2024.2.5,2025-07-14 14h31.41.583675 +0200,
0,0,0,0,0,0,0,,,,,,,,,#88BA3F,1048.8455448150635,False,space,correct rejection,None,584.4051837921143,text_06,145,8,2back_dual_main_click,2,Insel,46,44,90,120,60,,,,,,,,,,,19,02,yes,no,no,2025-07-14_14h23.31.760,EXNAT_4_TMS_Psychopy2024.2.5.psyexp,2024.2.5,2025-07-14 14h31.41.583675 +0200,
0,0,0,0,0,0,0,,,,,,,,,#F989A2,1049.4687061309814,False,space,correct rejection,None,681.0808181762695,text_06,146,8,2back_dual_main_click,2,bis,46,44,90,120,60,,,,,,,,,,,19,02,yes,no,no,2025-07-14_14h23.31.760,EXNAT_4_TMS_Psychopy2024.2.5.psyexp,2024.2.5,2025-07-14 14h31.41.583675 +0200,
0,0,0,0,0,0,0,,,,,,,,,#D292F3,1050.1889085769653,False,space,correct rejection,None,681.0016632080078,text_06,147,8,2back_dual_main_click,2,heute,46,44,90,120,60,,,,,,,,,,,19,02,yes,no,no,2025-07-14_14h23.31.760,EXNAT_4_TMS_Psychopy2024.2.5.psyexp,2024.2.5,2025-07-14 14h31.41.583675 +0200,
0,0,0,0,0,0,0,,,,,,,,,#2AB7EF,1050.910994052887,False,space,correct rejection,None,614.9535179138184,text_06,148,8,2back_dual_main_click,2,tief,46,44,90,120,60,,,,,,,,,,,19,02,yes,no,no,2025-07-14_14h23.31.760,EXNAT_4_TMS_Psychopy2024.2.5.psyexp,2024.2.5,2025-07-14 14h31.41.583675 +0200,
0,0,0,0,0,0,0,,,,,,,,,#D292F3,1051.5640742778778,True,space,miss,None,665.8580303192139,text_06,149,8,2back_dual_main_click,2,geprägt,46,45,91,120,60,1051.6217691898346,,,,,,,,,,19,02,yes,no,no,2025-07-14_14h23.31.760,EXNAT_4_TMS_Psychopy2024.2.5.psyexp,2024.2.5,2025-07-14 14h31.41.583675 +0200,
0,0,0,0,0,0,0,,,,,,,,,#F989A2,1052.2688887119293,False,space,correct rejection,None,809.0293407440186,text_06,150,8,2back_dual_main_click,2,haben.,46,45,91,120,60,,,,,,,,,,,19,02,yes,no,no,2025-07-14_14h23.31.760,EXNAT_4_TMS_Psychopy2024.2.5.psyexp,2024.2.5,2025-07-14 14h31.41.583675 +0200,
0,0,0,0,0,0,0,,,,,,,,,,1053.1266283988953,,1,,,,text_06,,8,2back_dual_main_click,,,,,,,,,Q1,a,True,,,,,,,19,02,yes,no,no,2025-07-14_14h23.31.760,EXNAT_4_TMS_Psychopy2024.2.5.psyexp,2024.2.5,2025-07-14 14h31.41.583675 +0200,
0,0,0,0,0,0,0,,,,,,,,,,1057.5401256084442,,4,,,,text_06,,8,2back_dual_main_click,,,,,,,,,Q2,d,False,,,,,,,19,02,yes,no,no,2025-07-14_14h23.31.760,EXNAT_4_TMS_Psychopy2024.2.5.psyexp,2024.2.5,2025-07-14 14h31.41.583675 +0200,
0,0,0,0,0,0,0,,,,,,,,,,1064.130045890808,,1,,,,text_06,,8,2back_dual_main_click,,,,,,,,,Q3,a,False,,,,,,,19,02,yes,no,no,2025-07-14_14h23.31.760,EXNAT_4_TMS_Psychopy2024.2.5.psyexp,2024.2.5,2025-07-14 14h31.41.583675 +0200,
0,0,0,0,0,0,0,,,,,,,,,#D292F3,1077.5123500823975,False,space,correct rejection,None,2061.6092681884766,text_16,1,9,2back_dual_main_click,2,Im,46,45,91,120,60,,,,,,,,,,,19,02,yes,no,no,2025-07-14_14h23.31.760,EXNAT_4_TMS_Psychopy2024.2.5.psyexp,2024.2.5,2025-07-14 14h31.41.583675 +0200,
0,0,0,0,0,0,0,,,,,,,,,#D292F3,1079.627222776413,False,space,correct rejection,None,1834.7234725952148,text_16,2,9,2back_dual_main_click,2,Jahr,47,45,92,120,60,1079.6789047718048,,,,,,,,,,19,02,yes,no,no,2025-07-14_14h23.31.760,EXNAT_4_TMS_Psychopy2024.2.5.psyexp,2024.2.5,2025-07-14 14h31.41.583675 +0200,
0,0,0,0,0,0,0,,,,,,,,,#2AB7EF,1081.5023531913757,False,space,correct rejection,None,567.5032138824463,text_16,3,9,2back_dual_main_click,2,1602,47,45,92,120,60,,,,,,,,,,,19,02,yes,no,no,2025-07-14_14h23.31.760,EXNAT_4_TMS_Psychopy2024.2.5.psyexp,2024.2.5,2025-07-14 14h31.41.583675 +0200,
0,0,0,0,0,0,0,,,,,,,,,#88BA3F,1082.1126306056976,False,space,correct rejection,None,677.2439479827881,text_16,4,9,2back_dual_main_click,2,strandete,47,45,92,120,60,,,,,,,,,,,19,02,yes,no,no,2025-07-14_14h23.31.760,EXNAT_4_TMS_Psychopy2024.2.5.psyexp,2024.2.5,2025-07-14 14h31.41.583675 +0200,
0,0,0,0,0,0,0,,,,,,,,,#D292F3,1082.829397201538,False,space,correct rejection,None,584.5208168029785,text_16,5,9,2back_dual_main_click,2,der,47,45,92,120,60,,,,,,,,,,,19,02,yes,no,no,2025-07-14_14h23.31.760,EXNAT_4_TMS_Psychopy2024.2.5.psyexp,2024.2.5,2025-07-14 14h31.41.583675 +0200,
0,0,0,0,0,0,0,,,,,,,,,#2AB7EF,1083.456740140915,False,space,correct rejection,None,1173.2392311096191,text_16,6,9,2back_dual_main_click,2,französische,47,45,92,120,60,,,,,,,,,,,19,02,yes,no,no,2025-07-14_14h23.31.760,EXNAT_4_TMS_Psychopy2024.2.5.psyexp,2024.2.5,2025-07-14 14h31.41.583675 +0200,
0,0,0,0,0,0,0,,,,,,,,,#F989A2,1084.6709551811218,False,space,correct rejection,None,758.9454650878906,text_16,7,9,2back_dual_main_click,2,Abenteurer,47,45,92,120,60,,,,,,,,,,,19,02,yes,no,no,2025-07-14_14h23.31.760,EXNAT_4_TMS_Psychopy2024.2.5.psyexp,2024.2.5,2025-07-14 14h31.41.583675 +0200,
0,0,0,0,0,0,0,,,,,,,,,#2AB7EF,1085.4698061943054,True,space,miss,None,760.094165802002,text_16,8,9,2back_dual_main_click,2,François,47,46,93,120,60,1085.535939693451,,,,,,,,,,19,02,yes,no,no,2025-07-14_14h23.31.760,EXNAT_4_TMS_Psychopy2024.2.5.psyexp,2024.2.5,2025-07-14 14h31.41.583675 +0200,
0,0,0,0,0,0,0,,,,,,,,,#88BA3F,1086.267495393753,False,space,correct rejection,None,618.3581352233887,text_16,9,9,2back_dual_main_click,2,Pyrard,47,46,93,120,60,,,,,,,,,,,19,02,yes,no,no,2025-07-14_14h23.31.760,EXNAT_4_TMS_Psychopy2024.2.5.psyexp,2024.2.5,2025-07-14 14h31.41.583675 +0200,
0,0,0,0,0,0,0,,,,,,,,,#88BA3F,1086.9251685142517,False,space,correct rejection,None,712.7599716186523,text_16,10,9,2back_dual_main_click,2,auf,47,46,93,120,60,,,,,,,,,,,19,02,yes,no,no,2025-07-14_14h23.31.760,EXNAT_4_TMS_Psychopy2024.2.5.psyexp,2024.2.5,2025-07-14 14h31.41.583675 +0200,
0,0,0,0,0,0,0,,,,,,,,,#F989A2,1087.678197145462,False,space,correct rejection,None,599.541187286377,text_16,11,9,2back_dual_main_click,2,den,47,46,93,120,60,,,,,,,,,,,19,02,yes,no,no,2025-07-14_14h23.31.760,EXNAT_4_TMS_Psychopy2024.2.5.psyexp,2024.2.5,2025-07-14 14h31.41.583675 +0200,
0,0,0,0,0,0,0,,,,,,,,,#F989A2,1088.3185048103333,False,space,correct rejection,None,647.4292278289795,text_16,12,9,2back_dual_main_click,2,Malediven.,47,46,93,120,60,,,,,,,,,,,19,02,yes,no,no,2025-07-14_14h23.31.760,EXNAT_4_TMS_Psychopy2024.2.5.psyexp,2024.2.5,2025-07-14 14h31.41.583675 +0200,
0,0,0,0,0,0,0,,,,,,,,,#F989A2,1089.0075616836548,True,l,hit,598.3626842498779,790.3022766113281,text_16,13,9,2back_dual_main_click,2,Dort,47,46,93,120,60,,,,,,,,,,,19,02,yes,no,no,2025-07-14_14h23.31.760,EXNAT_4_TMS_Psychopy2024.2.5.psyexp,2024.2.5,2025-07-14 14h31.41.583675 +0200,
0,0,0,0,0,0,0,,,,,,,,,#88BA3F,1089.8373391628265,False,space,correct rejection,None,968.3690071105957,text_16,14,9,2back_dual_main_click,2,stieß,48,46,94,120,60,1090.5359213352203,,,,,,,,,,19,02,yes,no,no,2025-07-14_14h23.31.760,EXNAT_4_TMS_Psychopy2024.2.5.psyexp,2024.2.5,2025-07-14 14h31.41.583675 +0200,
0,0,0,0,0,0,0,,,,,,,,,#D292F3,1090.845484495163,False,space,correct rejection,None,584.3923091888428,text_16,15,9,2back_dual_main_click,2,er,48,46,94,120,60,,,,,,,,,,,19,02,yes,no,no,2025-07-14_14h23.31.760,EXNAT_4_TMS_Psychopy2024.2.5.psyexp,2024.2.5,2025-07-14 14h31.41.583675 +0200,
0,0,0,0,0,0,0,,,,,,,,,#2AB7EF,1091.4704627990723,False,space,correct rejection,None,679.4788837432861,text_16,16,9,2back_dual_main_click,2,mit,48,46,94,120,60,,,,,,,,,,,19,02,yes,no,no,2025-07-14_14h23.31.760,EXNAT_4_TMS_Psychopy2024.2.5.psyexp,2024.2.5,2025-07-14 14h31.41.583675 +0200,
0,0,0,0,0,0,0,,,,,,,,,#F989A2,1092.1898136138916,False,space,correct rejection,None,920.133113861084,text_16,17,9,2back_dual_main_click,2,seiner,48,46,94,120,60,,,,,,,,,,,19,02,yes,no,no,2025-07-14_14h23.31.760,EXNAT_4_TMS_Psychopy2024.2.5.psyexp,2024.2.5,2025-07-14 14h31.41.583675 +0200,
0,0,0,0,0,0,0,,,,,,,,,#2AB7EF,1093.1493480205536,True,space,miss,None,744.3642616271973,text_16,18,9,2back_dual_main_click,2,Mannschaft,48,46,94,120,60,,,,,,,,,,,19,02,yes,no,no,2025-07-14_14h23.31.760,EXNAT_4_TMS_Psychopy2024.2.5.psyexp,2024.2.5,2025-07-14 14h31.41.583675 +0200,
0,0,0,0,0,0,0,,,,,,,,,#D292F3,1093.9342486858368,False,space,correct rejection,None,775.6781578063965,text_16,19,9,2back_dual_main_click,2,auf,48,46,94,120,60,,,,,,,,,,,19,02,yes,no,no,2025-07-14_14h23.31.760,EXNAT_4_TMS_Psychopy2024.2.5.psyexp,2024.2.5,2025-07-14 14h31.41.583675 +0200,
0,0,0,0,0,0,0,,,,,,,,,#2AB7EF,1094.7500214576721,True,l,hit,471.81224822998047,631.7791938781738,text_16,20,9,2back_dual_main_click,2,eine,48,46,94,120,60,,,,,,,,,,,19,02,yes,no,no,2025-07-14_14h23.31.760,EXNAT_4_TMS_Psychopy2024.2.5.psyexp,2024.2.5,2025-07-14 14h31.41.583675 +0200,
0,0,0,0,0,0,0,,,,,,,,,#F989A2,1095.4233951568604,False,l,false alarm,710.615873336792,822.441816329956,text_16,21,9,2back_dual_main_click,2,außergewöhnlich,48,46,94,120,60,,,,,,,,,,,19,02,yes,no,no,2025-07-14_14h23.31.760,EXNAT_4_TMS_Psychopy2024.2.5.psyexp,2024.2.5,2025-07-14 14h31.41.583675 +0200,
0,0,0,0,0,0,0,,,,,,,,,#88BA3F,1096.2859930992126,False,space,correct rejection,None,727.9098033905029,text_16,22,9,2back_dual_main_click,2,große,48,46,94,120,60,,,,,,,,,,,19,02,yes,no,no,2025-07-14_14h23.31.760,EXNAT_4_TMS_Psychopy2024.2.5.psyexp,2024.2.5,2025-07-14 14h31.41.583675 +0200,
0,0,0,0,0,0,0,,,,,,,,,#88BA3F,1097.0537593364716,False,space,correct rejection,None,648.0767726898193,text_16,23,9,2back_dual_main_click,2,und,48,46,94,120,60,,,,,,,,,,,19,02,yes,no,no,2025-07-14_14h23.31.760,EXNAT_4_TMS_Psychopy2024.2.5.psyexp,2024.2.5,2025-07-14 14h31.41.583675 +0200,
0,0,0,0,0,0,0,,,,,,,,,#D292F3,1097.7414004802704,False,space,correct rejection,None,664.4721031188965,text_16,24,9,2back_dual_main_click,2,seltsam,48,46,94,120,60,,,,,,,,,,,19,02,yes,no,no,2025-07-14_14h23.31.760,EXNAT_4_TMS_Psychopy2024.2.5.psyexp,2024.2.5,2025-07-14 14h31.41.583675 +0200,
0,0,0,0,0,0,0,,,,,,,,,#D292F3,1098.446652173996,False,space,correct rejection,None,583.2304954528809,text_16,25,9,2back_dual_main_click,2,geformte,48,46,94,120,60,,,,,,,,,,,19,02,yes,no,no,2025-07-14_14h23.31.760,EXNAT_4_TMS_Psychopy2024.2.5.psyexp,2024.2.5,2025-07-14 14h31.41.583675 +0200,
0,0,0,0,0,0,0,,,,,,,,,#88BA3F,1099.0722110271454,False,space,correct rejection,None,821.6502666473389,text_16,26,9,2back_dual_main_click,2,Frucht.,48,46,94,120,60,,,,,,,,,,,19,02,yes,no,no,2025-07-14_14h23.31.760,EXNAT_4_TMS_Psychopy2024.2.5.psyexp,2024.2.5,2025-07-14 14h31.41.583675 +0200,
0,0,0,0,0,0,0,,,,,,,,,#D292F3,1099.932608127594,True,l,hit,649.2924690246582,745.2311515808105,text_16,27,9,2back_dual_main_click,2,Diese,48,47,95,120,60,1099.9902968406677,,,,,,,,,,19,02,yes,no,no,2025-07-14_14h23.31.760,EXNAT_4_TMS_Psychopy2024.2.5.psyexp,2024.2.5,2025-07-14 14h31.41.583675 +0200,
0,0,0,0,0,0,0,,,,,,,,,#2AB7EF,1100.7167751789093,False,space,correct rejection,None,617.0940399169922,text_16,28,9,2back_dual_main_click,2,stellte,48,47,95,120,60,,,,,,,,,,,19,02,yes,no,no,2025-07-14_14h23.31.760,EXNAT_4_TMS_Psychopy2024.2.5.psyexp,2024.2.5,2025-07-14 14h31.41.583675 +0200,
0,0,0,0,0,0,0,,,,,,,,,#F989A2,1101.373732805252,False,space,correct rejection,None,1000.0419616699219,text_16,29,9,2back_dual_main_click,2,sich,48,47,95,120,60,,,,,,,,,,,19,02,yes,no,no,2025-07-14_14h23.31.760,EXNAT_4_TMS_Psychopy2024.2.5.psyexp,2024.2.5,2025-07-14 14h31.41.583675 +0200,
0,0,0,0,0,0,0,,,,,,,,,#2AB7EF,1102.4144744873047,True,space,miss,None,615.3953075408936,text_16,30,9,2back_dual_main_click,2,als,48,47,95,120,60,,,,,,,,,,,19,02,yes,no,no,2025-07-14_14h23.31.760,EXNAT_4_TMS_Psychopy2024.2.5.psyexp,2024.2.5,2025-07-14 14h31.41.583675 +0200,
0,0,0,0,0,0,0,,,,,,,,,#D292F3,1103.0705955028534,False,space,correct rejection,None,2087.4154567718506,text_16,31,9,2back_dual_main_click,2,Nuss,49,47,96,120,60,1104.990314245224,,,,,,,,,,19,02,yes,no,no,2025-07-14_14h23.31.760,EXNAT_4_TMS_Psychopy2024.2.5.psyexp,2024.2.5,2025-07-14 14h31.41.583675 +0200,
0,0,0,0,0,0,0,,,,,,,,,#88BA3F,1105.2130217552185,False,space,correct rejection,None,584.9030017852783,text_16,32,9,2back_dual_main_click,2,der,49,47,96,120,60,,,,,,,,,,,19,02,yes,no,no,2025-07-14_14h23.31.760,EXNAT_4_TMS_Psychopy2024.2.5.psyexp,2024.2.5,2025-07-14 14h31.41.583675 +0200,
0,0,0,0,0,0,0,,,,,,,,,#F989A2,1105.854495048523,False,space,correct rejection,None,1911.4699363708496,text_16,33,9,2back_dual_main_click,2,Seychellen-Palme,49,47,96,120,60,,,,,,,,,,,19,02,yes,no,no,2025-07-14_14h23.31.760,EXNAT_4_TMS_Psychopy2024.2.5.psyexp,2024.2.5,2025-07-14 14h31.41.583675 +0200,
0,0,0,0,0,0,0,,,,,,,,,#F989A2,1107.8191013336182,False,space,correct rejection,None,618.8151836395264,text_16,34,9,2back_dual_main_click,2,heraus.,49,47,96,120,60,,,,,,,,,,,19,02,yes,no,no,2025-07-14_14h23.31.760,EXNAT_4_TMS_Psychopy2024.2.5.psyexp,2024.2.5,2025-07-14 14h31.41.583675 +0200,
0,0,0,0,0,0,0,,,,,,,,,#2AB7EF,1108.4953122138977,False,space,correct rejection,None,822.5955963134766,text_16,35,9,2back_dual_main_click,2,Diese,49,47,96,120,60,,,,,,,,,,,19,02,yes,no,no,2025-07-14_14h23.31.760,EXNAT_4_TMS_Psychopy2024.2.5.psyexp,2024.2.5,2025-07-14 14h31.41.583675 +0200,
0,0,0,0,0,0,0,,,,,,,,,#88BA3F,1109.3688807487488,False,space,correct rejection,None,765.0277614593506,text_16,36,9,2back_dual_main_click,2,ist,49,47,96,120,60,,,,,,,,,,,19,02,yes,no,no,2025-07-14_14h23.31.760,EXNAT_4_TMS_Psychopy2024.2.5.psyexp,2024.2.5,2025-07-14 14h31.41.583675 +0200,
0,0,0,0,0,0,0,,,,,,,,,#2AB7EF,1110.1885769367218,True,space,miss,None,633.4717273712158,text_16,37,9,2back_dual_main_click,2,eine,49,47,96,120,60,,,,,,,,,,,19,02,yes,no,no,2025-07-14_14h23.31.760,EXNAT_4_TMS_Psychopy2024.2.5.psyexp,2024.2.5,2025-07-14 14h31.41.583675 +0200,
0,0,0,0,0,0,0,,,,,,,,,#F989A2,1110.8784375190735,False,space,correct rejection,None,871.5920448303223,text_16,38,9,2back_dual_main_click,2,der,49,47,96,120,60,,,,,,,,,,,19,02,yes,no,no,2025-07-14_14h23.31.760,EXNAT_4_TMS_Psychopy2024.2.5.psyexp,2024.2.5,2025-07-14 14h31.41.583675 +0200,
0,0,0,0,0,0,0,,,,,,,,,#2AB7EF,1111.8061516284943,True,space,miss,None,967.663049697876,text_16,39,9,2back_dual_main_click,2,seltensten,49,48,97,120,60,1111.858312368393,,,,,,,,,,19,02,yes,no,no,2025-07-14_14h23.31.760,EXNAT_4_TMS_Psychopy2024.2.5.psyexp,2024.2.5,2025-07-14 14h31.41.583675 +0200,
0,0,0,0,0,0,0,,,,,,,,,#88BA3F,1112.8292291164398,False,space,correct rejection,None,600.8017063140869,text_16,40,9,2back_dual_main_click,2,Palmenarten,49,48,97,120,60,,,,,,,,,,,19,02,yes,no,no,2025-07-14_14h23.31.760,EXNAT_4_TMS_Psychopy2024.2.5.psyexp,2024.2.5,2025-07-14 14h31.41.583675 +0200,
0,0,0,0,0,0,0,,,,,,,,,#D292F3,1113.4859328269958,False,space,correct rejection,None,648.0922698974609,text_16,41,9,2back_dual_main_click,2,"weltweit,",49,48,97,120,60,,,,,,,,,,,19,02,yes,no,no,2025-07-14_14h23.31.760,EXNAT_4_TMS_Psychopy2024.2.5.psyexp,2024.2.5,2025-07-14 14h31.41.583675 +0200,
0,0,0,0,0,0,0,,,,,,,,,#F989A2,1114.1873242855072,False,space,correct rejection,None,954.6575546264648,text_16,42,9,2back_dual_main_click,2,mit,49,48,97,120,60,,,,,,,,,,,19,02,yes,no,no,2025-07-14_14h23.31.760,EXNAT_4_TMS_Psychopy2024.2.5.psyexp,2024.2.5,2025-07-14 14h31.41.583675 +0200,
0,0,0,0,0,0,0,,,,,,,,,#88BA3F,1115.1964588165283,False,space,correct rejection,None,825.5054950714111,text_16,43,9,2back_dual_main_click,2,nur,49,48,97,120,60,,,,,,,,,,,19,02,yes,no,no,2025-07-14_14h23.31.760,EXNAT_4_TMS_Psychopy2024.2.5.psyexp,2024.2.5,2025-07-14 14h31.41.583675 +0200,
0,0,0,0,0,0,0,,,,,,,,,#88BA3F,1116.0783863067627,False,space,correct rejection,None,871.6332912445068,text_16,44,9,2back_dual_main_click,2,noch,50,48,98,120,60,1116.8582146167755,,,,,,,,,,19,02,yes,no,no,2025-07-14_14h23.31.760,EXNAT_4_TMS_Psychopy2024.2.5.psyexp,2024.2.5,2025-07-14 14h31.41.583675 +0200,
0,0,0,0,0,0,0,,,,,,,,,#D292F3,1117.004623889923,False,space,correct rejection,None,617.3117160797119,text_16,45,9,2back_dual_main_click,2,etwa,50,48,98,120,60,,,,,,,,,,,19,02,yes,no,no,2025-07-14_14h23.31.760,EXNAT_4_TMS_Psychopy2024.2.5.psyexp,2024.2.5,2025-07-14 14h31.41.583675 +0200,
0,0,0,0,0,0,0,,,,,,,,,#2AB7EF,1117.6784119606018,False,space,correct rejection,None,871.6003894805908,text_16,46,9,2back_dual_main_click,2,8200,50,48,98,120,60,,,,,,,,,,,19,02,yes,no,no,2025-07-14_14h23.31.760,EXNAT_4_TMS_Psychopy2024.2.5.psyexp,2024.2.5,2025-07-14 14h31.41.583675 +0200,
0,0,0,0,0,0,0,,,,,,,,,#F989A2,1118.6051309108734,False,space,correct rejection,None,1368.8857555389404,text_16,47,9,2back_dual_main_click,2,Exemplaren.,50,48,98,120,60,,,,,,,,,,,19,02,yes,no,no,2025-07-14_14h23.31.760,EXNAT_4_TMS_Psychopy2024.2.5.psyexp,2024.2.5,2025-07-14 14h31.41.583675 +0200,
0,0,0,0,0,0,0,,,,,,,,,#D292F3,1120.03005361557,False,space,correct rejection,None,759.9055767059326,text_16,48,9,2back_dual_main_click,2,Die,50,48,98,120,60,,,,,,,,,,,19,02,yes,no,no,2025-07-14_14h23.31.760,EXNAT_4_TMS_Psychopy2024.2.5.psyexp,2024.2.5,2025-07-14 14h31.41.583675 +0200,
0,0,0,0,0,0,0,,,,,,,,,#88BA3F,1120.8446323871613,False,space,correct rejection,None,729.2945384979248,text_16,49,9,2back_dual_main_click,2,Nuss,50,48,98,120,60,,,,,,,,,,,19,02,yes,no,no,2025-07-14_14h23.31.760,EXNAT_4_TMS_Psychopy2024.2.5.psyexp,2024.2.5,2025-07-14 14h31.41.583675 +0200,
0,0,0,0,0,0,0,,,,,,,,,#D292F3,1121.6290636062622,True,space,miss,None,1128.8998126983643,text_16,50,9,2back_dual_main_click,2,entwickelt,50,48,98,120,60,,,,,,,,,,,19,02,yes,no,no,2025-07-14_14h23.31.760,EXNAT_4_TMS_Psychopy2024.2.5.psyexp,2024.2.5,2025-07-14 14h31.41.583675 +0200,
0,0,0,0,0,0,0,,,,,,,,,#2AB7EF,1122.813956975937,False,space,correct rejection,None,695.9490776062012,text_16,51,9,2back_dual_main_click,2,sich,50,48,98,120,60,,,,,,,,,,,19,02,yes,no,no,2025-07-14_14h23.31.760,EXNAT_4_TMS_Psychopy2024.2.5.psyexp,2024.2.5,2025-07-14 14h31.41.583675 +0200,
0,0,0,0,0,0,0,,,,,,,,,#D292F3,1123.5658736228943,True,l,hit,1160.0251197814941,1351.9561290740967,text_16,52,9,2back_dual_main_click,2,aus,50,49,99,120,60,1123.6187238693237,,,,,,,,,,19,02,yes,no,no,2025-07-14_14h23.31.760,EXNAT_4_TMS_Psychopy2024.2.5.psyexp,2024.2.5,2025-07-14 14h31.41.583675 +0200,
0,0,0,0,0,0,0,,,,,,,,,#F989A2,1124.9723725318909,False,space,correct rejection,None,569.4215297698975,text_16,53,9,2back_dual_main_click,2,einem,50,49,99,120,60,,,,,,,,,,,19,02,yes,no,no,2025-07-14_14h23.31.760,EXNAT_4_TMS_Psychopy2024.2.5.psyexp,2024.2.5,2025-07-14 14h31.41.583675 +0200,
0,0,0,0,0,0,0,,,,,,,,,#88BA3F,1125.5954825878143,False,space,correct rejection,None,602.402925491333,text_16,54,9,2back_dual_main_click,2,bis,50,49,99,120,60,,,,,,,,,,,19,02,yes,no,no,2025-07-14_14h23.31.760,EXNAT_4_TMS_Psychopy2024.2.5.psyexp,2024.2.5,2025-07-14 14h31.41.583675 +0200,
0,0,0,0,0,0,0,,,,,,,,,#2AB7EF,1126.2526032924652,False,space,correct rejection,None,553.3950328826904,text_16,55,9,2back_dual_main_click,2,zu,50,49,99,120,60,,,,,,,,,,,19,02,yes,no,no,2025-07-14_14h23.31.760,EXNAT_4_TMS_Psychopy2024.2.5.psyexp,2024.2.5,2025-07-14 14h31.41.583675 +0200,
0,0,0,0,0,0,0,,,,,,,,,#F989A2,1126.8607892990112,False,space,correct rejection,None,713.0684852600098,text_16,56,9,2back_dual_main_click,2,20,50,49,99,120,60,,,,,,,,,,,19,02,yes,no,no,2025-07-14_14h23.31.760,EXNAT_4_TMS_Psychopy2024.2.5.psyexp,2024.2.5,2025-07-14 14h31.41.583675 +0200,
0,0,0,0,0,0,0,,,,,,,,,#2AB7EF,1127.628252029419,True,space,miss,None,665.7404899597168,text_16,57,9,2back_dual_main_click,2,Kilogramm,50,49,99,120,60,,,,,,,,,,,19,02,yes,no,no,2025-07-14_14h23.31.760,EXNAT_4_TMS_Psychopy2024.2.5.psyexp,2024.2.5,2025-07-14 14h31.41.583675 +0200,
0,0,0,0,0,0,0,,,,,,,,,#D292F3,1128.34827542305,False,space,correct rejection,None,873.6889362335205,text_16,58,9,2back_dual_main_click,2,schweren,51,49,100,120,60,1128.6187493801117,,,,,,,,,,19,02,yes,no,no,2025-07-14_14h23.31.760,EXNAT_4_TMS_Psychopy2024.2.5.psyexp,2024.2.5,2025-07-14 14h31.41.583675 +0200,
0,0,0,0,0,0,0,,,,,,,,,#88BA3F,1129.2741651535034,False,space,correct rejection,None,987.821102142334,text_16,59,9,2back_dual_main_click,2,Samen,51,49,100,120,60,,,,,,,,,,,19,02,yes,no,no,2025-07-14_14h23.31.760,EXNAT_4_TMS_Psychopy2024.2.5.psyexp,2024.2.5,2025-07-14 14h31.41.583675 +0200,
0,0,0,0,0,0,0,,,,,,,,,#F989A2,1130.3155314922333,False,space,correct rejection,None,746.4249134063721,text_16,60,9,2back_dual_main_click,2,und,51,49,100,120,60,,,,,,,,,,,19,02,yes,no,no,2025-07-14_14h23.31.760,EXNAT_4_TMS_Psychopy2024.2.5.psyexp,2024.2.5,2025-07-14 14h31.41.583675 +0200,
0,0,0,0,0,0,0,,,,,,,,,#88BA3F,1131.1170637607574,True,l,hit,584.7628116607666,760.7920169830322,text_16,61,9,2back_dual_main_click,2,kann,51,49,100,120,60,,,,,,,,,,,19,02,yes,no,no,2025-07-14_14h23.31.760,EXNAT_4_TMS_Psychopy2024.2.5.psyexp,2024.2.5,2025-07-14 14h31.41.583675 +0200,
0,0,0,0,0,0,0,,,,,,,,,#F989A2,1131.9181759357452,True,l,hit,583.6005210876465,711.6620540618896,text_16,62,9,2back_dual_main_click,2,die,51,49,100,120,60,,,,,,,,,,,19,02,yes,no,no,2025-07-14_14h23.31.760,EXNAT_4_TMS_Psychopy2024.2.5.psyexp,2024.2.5,2025-07-14 14h31.41.583675 +0200,
0,0,0,0,0,0,0,,,,,,,,,#F989A2,1132.6700191497803,False,space,correct rejection,None,903.8960933685303,text_16,63,9,2back_dual_main_click,2,vierfache,51,49,100,120,60,,,,,,,,,,,19,02,yes,no,no,2025-07-14_14h23.31.760,EXNAT_4_TMS_Psychopy2024.2.5.psyexp,2024.2.5,2025-07-14 14h31.41.583675 +0200,
0,0,0,0,0,0,0,,,,,,,,,#2AB7EF,1133.6146776676178,False,space,correct rejection,None,823.3311176300049,text_16,64,9,2back_dual_main_click,2,Größe,51,49,100,120,60,,,,,,,,,,,19,02,yes,no,no,2025-07-14_14h23.31.760,EXNAT_4_TMS_Psychopy2024.2.5.psyexp,2024.2.5,2025-07-14 14h31.41.583675 +0200,
0,0,0,0,0,0,0,,,,,,,,,#F989A2,1134.4763231277466,True,l,hit,649.6479511260986,825.5507946014404,text_16,65,9,2back_dual_main_click,2,einer,51,50,101,120,60,1134.5275897979736,,,,,,,,,,19,02,yes,no,no,2025-07-14_14h23.31.760,EXNAT_4_TMS_Psychopy2024.2.5.psyexp,2024.2.5,2025-07-14 14h31.41.583675 +0200,
0,0,0,0,0,0,0,,,,,,,,,#88BA3F,1135.3433773517609,False,space,correct rejection,None,902.5042057037354,text_16,66,9,2back_dual_main_click,2,Kokosnuss,51,50,101,120,60,,,,,,,,,,,19,02,yes,no,no,2025-07-14_14h23.31.760,EXNAT_4_TMS_Psychopy2024.2.5.psyexp,2024.2.5,2025-07-14 14h31.41.583675 +0200,
0,0,0,0,0,0,0,,,,,,,,,#2AB7EF,1136.282865524292,False,space,correct rejection,None,634.9031925201416,text_16,67,9,2back_dual_main_click,2,erreichen.,51,50,101,120,60,,,,,,,,,,,19,02,yes,no,no,2025-07-14_14h23.31.760,EXNAT_4_TMS_Psychopy2024.2.5.psyexp,2024.2.5,2025-07-14 14h31.41.583675 +0200,
0,0,0,0,0,0,0,,,,,,,,,#F989A2,1136.957988500595,False,space,correct rejection,None,1703.9859294891357,text_16,68,9,2back_dual_main_click,2,Im,51,50,101,120,60,,,,,,,,,,,19,02,yes,no,no,2025-07-14_14h23.31.760,EXNAT_4_TMS_Psychopy2024.2.5.psyexp,2024.2.5,2025-07-14 14h31.41.583675 +0200,
0,0,0,0,0,0,0,,,,,,,,,#2AB7EF,1138.7118453979492,True,space,miss,None,1742.1576976776123,text_16,69,9,2back_dual_main_click,2,Botanischen,51,51,102,120,60,1139.5275886058807,,,,,,,,,,19,02,yes,no,no,2025-07-14_14h23.31.760,EXNAT_4_TMS_Psychopy2024.2.5.psyexp,2024.2.5,2025-07-14 14h31.41.583675 +0200,
0,0,0,0,0,0,0,,,,,,,,,#88BA3F,1140.4953548908234,False,space,correct rejection,None,742.6042556762695,text_16,70,9,2back_dual_main_click,2,Garten,51,51,102,120,60,,,,,,,,,,,19,02,yes,no,no,2025-07-14_14h23.31.760,EXNAT_4_TMS_Psychopy2024.2.5.psyexp,2024.2.5,2025-07-14 14h31.41.583675 +0200,
0,0,0,0,0,0,0,,,,,,,,,#D292F3,1141.2788734436035,False,space,correct rejection,None,647.0358371734619,text_16,71,9,2back_dual_main_click,2,in,51,51,102,120,60,,,,,,,,,,,19,02,yes,no,no,2025-07-14_14h23.31.760,EXNAT_4_TMS_Psychopy2024.2.5.psyexp,2024.2.5,2025-07-14 14h31.41.583675 +0200,
0,0,0,0,0,0,0,,,,,,,,,#D292F3,1141.9666666984558,False,space,correct rejection,None,679.0456771850586,text_16,72,9,2back_dual_main_click,2,Berlin,51,51,102,120,60,,,,,,,,,,,19,02,yes,no,no,2025-07-14_14h23.31.760,EXNAT_4_TMS_Psychopy2024.2.5.psyexp,2024.2.5,2025-07-14 14h31.41.583675 +0200,
0,0,0,0,0,0,0,,,,,,,,,#2AB7EF,1142.6860749721527,False,space,correct rejection,None,679.9054145812988,text_16,73,9,2back_dual_main_click,2,keimt,51,51,102,120,60,,,,,,,,,,,19,02,yes,no,no,2025-07-14_14h23.31.760,EXNAT_4_TMS_Psychopy2024.2.5.psyexp,2024.2.5,2025-07-14 14h31.41.583675 +0200,
0,0,0,0,0,0,0,,,,,,,,,#D292F3,1143.4071080684662,True,space,miss,None,742.8381443023682,text_16,74,9,2back_dual_main_click,2,nun,51,51,102,120,60,,,,,,,,,,,19,02,yes,no,no,2025-07-14_14h23.31.760,EXNAT_4_TMS_Psychopy2024.2.5.psyexp,2024.2.5,2025-07-14 14h31.41.583675 +0200,
0,0,0,0,0,0,0,,,,,,,,,#88BA3F,1144.1884682178497,False,space,correct rejection,None,633.2917213439941,text_16,75,9,2back_dual_main_click,2,erstmals,52,51,103,120,60,1144.527526140213,,,,,,,,,,19,02,yes,no,no,2025-07-14_14h23.31.760,EXNAT_4_TMS_Psychopy2024.2.5.psyexp,2024.2.5,2025-07-14 14h31.41.583675 +0200,
0,0,0,0,0,0,0,,,,,,,,,#88BA3F,1144.858601808548,False,space,correct rejection,None,635.3731155395508,text_16,76,9,2back_dual_main_click,2,seit,52,51,103,120,60,,,,,,,,,,,19,02,yes,no,no,2025-07-14_14h23.31.760,EXNAT_4_TMS_Psychopy2024.2.5.psyexp,2024.2.5,2025-07-14 14h31.41.583675 +0200,
0,0,0,0,0,0,0,,,,,,,,,#2AB7EF,1145.5317537784576,False,space,correct rejection,None,698.2319355010986,text_16,77,9,2back_dual_main_click,2,80,52,51,103,120,60,,,,,,,,,,,19,02,yes,no,no,2025-07-14_14h23.31.760,EXNAT_4_TMS_Psychopy2024.2.5.psyexp,2024.2.5,2025-07-14 14h31.41.583675 +0200,
0,0,0,0,0,0,0,,,,,,,,,#2AB7EF,1146.2682588100433,False,space,correct rejection,None,633.638858795166,text_16,78,9,2back_dual_main_click,2,Jahren,52,51,103,120,60,,,,,,,,,,,19,02,yes,no,no,2025-07-14_14h23.31.760,EXNAT_4_TMS_Psychopy2024.2.5.psyexp,2024.2.5,2025-07-14 14h31.41.583675 +0200,
0,0,0,0,0,0,0,,,,,,,,,#F989A2,1146.9425163269043,False,space,correct rejection,None,759.3746185302734,text_16,79,9,2back_dual_main_click,2,ein,52,51,103,120,60,,,,,,,,,,,19,02,yes,no,no,2025-07-14_14h23.31.760,EXNAT_4_TMS_Psychopy2024.2.5.psyexp,2024.2.5,2025-07-14 14h31.41.583675 +0200,
0,0,0,0,0,0,0,,,,,,,,,#2AB7EF,1147.743762254715,True,l,hit,1062.2270107269287,1270.082950592041,text_16,80,9,2back_dual_main_click,2,solches,52,51,103,120,60,,,,,,,,,,,19,02,yes,no,no,2025-07-14_14h23.31.760,EXNAT_4_TMS_Psychopy2024.2.5.psyexp,2024.2.5,2025-07-14 14h31.41.583675 +0200,
0,0,0,0,0,0,0,,,,,,,,,#F989A2,1149.055325269699,True,l,hit,694.5152282714844,854.360818862915,text_16,81,9,2back_dual_main_click,2,Exemplar.,52,52,104,120,60,1149.5276243686676,,,,,,,,,,19,02,yes,no,no,2025-07-14_14h23.31.760,EXNAT_4_TMS_Psychopy2024.2.5.psyexp,2024.2.5,2025-07-14 14h31.41.583675 +0200,
0,0,0,0,0,0,0,,,,,,,,,#D292F3,1149.9490687847137,False,space,correct rejection,None,648.9691734313965,text_16,82,9,2back_dual_main_click,2,Die,52,52,104,120,60,,,,,,,,,,,19,02,yes,no,no,2025-07-14_14h23.31.760,EXNAT_4_TMS_Psychopy2024.2.5.psyexp,2024.2.5,2025-07-14 14h31.41.583675 +0200,
0,0,0,0,0,0,0,,,,,,,,,#D292F3,1150.6384162902832,False,space,correct rejection,None,695.4207420349121,text_16,83,9,2back_dual_main_click,2,Kultivierung,52,52,104,120,60,,,,,,,,,,,19,02,yes,no,no,2025-07-14_14h23.31.760,EXNAT_4_TMS_Psychopy2024.2.5.psyexp,2024.2.5,2025-07-14 14h31.41.583675 +0200,
0,0,0,0,0,0,0,,,,,,,,,#F989A2,1151.3735246658325,False,space,correct rejection,None,2024.5325565338135,text_16,84,9,2back_dual_main_click,2,der,52,52,104,120,60,,,,,,,,,,,19,02,yes,no,no,2025-07-14_14h23.31.760,EXNAT_4_TMS_Psychopy2024.2.5.psyexp,2024.2.5,2025-07-14 14h31.41.583675 +0200,
0,0,0,0,0,0,0,,,,,,,,,#D292F3,1153.4535157680511,True,space,miss,None,840.2748107910156,text_16,85,9,2back_dual_main_click,2,Pflanze,52,52,104,120,60,,,,,,,,,,,19,02,yes,no,no,2025-07-14_14h23.31.760,EXNAT_4_TMS_Psychopy2024.2.5.psyexp,2024.2.5,2025-07-14 14h31.41.583675 +0200,
0,0,0,0,0,0,0,,,,,,,,,#88BA3F,1154.3459434509277,False,space,correct rejection,None,859.8418235778809,text_16,86,9,2back_dual_main_click,2,gilt,53,52,105,120,60,1154.5276293754578,,,,,,,,,,19,02,yes,no,no,2025-07-14_14h23.31.760,EXNAT_4_TMS_Psychopy2024.2.5.psyexp,2024.2.5,2025-07-14 14h31.41.583675 +0200,
0,0,0,0,0,0,0,,,,,,,,,#F989A2,1155.2607040405273,False,l,false alarm,969.292402267456,1113.2166385650635,text_16,87,9,2back_dual_main_click,2,als,53,52,105,120,60,,,,,,,,,,,19,02,yes,no,no,2025-07-14_14h23.31.760,EXNAT_4_TMS_Psychopy2024.2.5.psyexp,2024.2.5,2025-07-14 14h31.41.583675 +0200,
0,0,0,0,0,0,0,,,,,,,,,#2AB7EF,1156.4287548065186,False,space,correct rejection,None,745.1353073120117,text_16,88,9,2back_dual_main_click,2,"anspruchsvoll,",53,52,105,120,60,,,,,,,,,,,19,02,yes,no,no,2025-07-14_14h23.31.760,EXNAT_4_TMS_Psychopy2024.2.5.psyexp,2024.2.5,2025-07-14 14h31.41.583675 +0200,
0,0,0,0,0,0,0,,,,,,,,,#88BA3F,1157.228265762329,False,space,correct rejection,None,569.6151256561279,text_16,89,9,2back_dual_main_click,2,da,53,52,105,120,60,,,,,,,,,,,19,02,yes,no,no,2025-07-14_14h23.31.760,EXNAT_4_TMS_Psychopy2024.2.5.psyexp,2024.2.5,2025-07-14 14h31.41.583675 +0200,
0,0,0,0,0,0,0,,,,,,,,,#D292F3,1157.8498980998993,False,space,correct rejection,None,603.9931774139404,text_16,90,9,2back_dual_main_click,2,ihr,53,52,105,120,60,,,,,,,,,,,19,02,yes,no,no,2025-07-14_14h23.31.760,EXNAT_4_TMS_Psychopy2024.2.5.psyexp,2024.2.5,2025-07-14 14h31.41.583675 +0200,
0,0,0,0,0,0,0,,,,,,,,,#D292F3,1158.49538064003,False,space,correct rejection,None,998.5668659210205,text_16,91,9,2back_dual_main_click,2,Fortpflanzungssystem,53,52,105,120,60,,,,,,,,,,,19,02,yes,no,no,2025-07-14_14h23.31.760,EXNAT_4_TMS_Psychopy2024.2.5.psyexp,2024.2.5,2025-07-14 14h31.41.583675 +0200,
0,0,0,0,0,0,0,,,,,,,,,#F989A2,1159.5338988304138,False,space,correct rejection,None,776.0281562805176,text_16,92,9,2back_dual_main_click,2,hochkomplex,54,52,106,120,60,1159.5860981941223,,,,,,,,,,19,02,yes,no,no,2025-07-14_14h23.31.760,EXNAT_4_TMS_Psychopy2024.2.5.psyexp,2024.2.5,2025-07-14 14h31.41.583675 +0200,
0,0,0,0,0,0,0,,,,,,,,,#2AB7EF,1160.3485684394836,False,space,correct rejection,None,713.3829593658447,text_16,93,9,2back_dual_main_click,2,ist.,54,52,106,120,60,,,,,,,,,,,19,02,yes,no,no,2025-07-14_14h23.31.760,EXNAT_4_TMS_Psychopy2024.2.5.psyexp,2024.2.5,2025-07-14 14h31.41.583675 +0200,
0,0,0,0,0,0,0,,,,,,,,,#88BA3F,1161.1012635231018,False,space,correct rejection,None,888.6027336120605,text_16,94,9,2back_dual_main_click,2,Es,54,52,106,120,60,,,,,,,,,,,19,02,yes,no,no,2025-07-14_14h23.31.760,EXNAT_4_TMS_Psychopy2024.2.5.psyexp,2024.2.5,2025-07-14 14h31.41.583675 +0200,
0,0,0,0,0,0,0,,,,,,,,,#2AB7EF,1162.0293998718262,True,l,hit,1000.5996227264404,1160.430669784546,text_16,95,9,2back_dual_main_click,2,existieren,54,52,106,120,60,,,,,,,,,,,19,02,yes,no,no,2025-07-14_14h23.31.760,EXNAT_4_TMS_Psychopy2024.2.5.psyexp,2024.2.5,2025-07-14 14h31.41.583675 +0200,
0,0,0,0,0,0,0,,,,,,,,,#F989A2,1163.2305555343628,False,space,correct rejection,None,999.5121955871582,text_16,96,9,2back_dual_main_click,2,getrenntgeschlechtliche,54,52,106,120,60,,,,,,,,,,,19,02,yes,no,no,2025-07-14_14h23.31.760,EXNAT_4_TMS_Psychopy2024.2.5.psyexp,2024.2.5,2025-07-14 14h31.41.583675 +0200,
0,0,0,0,0,0,0,,,,,,,,,#88BA3F,1164.2709140777588,False,space,correct rejection,None,743.0410385131836,text_16,97,9,2back_dual_main_click,2,"Pflanzen,",54,52,106,120,60,,,,,,,,,,,19,02,yes,no,no,2025-07-14_14h23.31.760,EXNAT_4_TMS_Psychopy2024.2.5.psyexp,2024.2.5,2025-07-14 14h31.41.583675 +0200,
0,0,0,0,0,0,0,,,,,,,,,#F989A2,1165.0509006977081,True,space,miss,None,619.0118789672852,text_16,98,9,2back_dual_main_click,2,doch,54,53,107,120,60,1165.1057608127594,,,,,,,,,,19,02,yes,no,no,2025-07-14_14h23.31.760,EXNAT_4_TMS_Psychopy2024.2.5.psyexp,2024.2.5,2025-07-14 14h31.41.583675 +0200,
0,0,0,0,0,0,0,,,,,,,,,#88BA3F,1165.7089006900787,True,space,miss,None,1561.0942840576172,text_16,99,9,2back_dual_main_click,2,der,54,53,107,120,60,,,,,,,,,,,19,02,yes,no,no,2025-07-14_14h23.31.760,EXNAT_4_TMS_Psychopy2024.2.5.psyexp,2024.2.5,2025-07-14 14h31.41.583675 +0200,
0,0,0,0,0,0,0,,,,,,,,,#88BA3F,1167.3249952793121,False,space,correct rejection,None,632.9395771026611,text_16,100,9,2back_dual_main_click,2,genaue,54,53,107,120,60,,,,,,,,,,,19,02,yes,no,no,2025-07-14_14h23.31.760,EXNAT_4_TMS_Psychopy2024.2.5.psyexp,2024.2.5,2025-07-14 14h31.41.583675 +0200,
0,0,0,0,0,0,0,,,,,,,,,#F989A2,1168.0138976573944,False,space,correct rejection,None,3256.1378479003906,text_16,101,9,2back_dual_main_click,2,Mechanismus,55,53,108,120,60,1170.105715751648,,,,,,,,,,19,02,yes,no,no,2025-07-14_14h23.31.760,EXNAT_4_TMS_Psychopy2024.2.5.psyexp,2024.2.5,2025-07-14 14h31.41.583675 +0200,
0,0,0,0,0,0,0,,,,,,,,,#2AB7EF,1171.3234913349152,False,space,correct rejection,None,666.2864685058594,text_16,102,9,2back_dual_main_click,2,der,55,53,108,120,60,,,,,,,,,,,19,02,yes,no,no,2025-07-14_14h23.31.760,EXNAT_4_TMS_Psychopy2024.2.5.psyexp,2024.2.5,2025-07-14 14h31.41.583675 +0200,
0,0,0,0,0,0,0,,,,,,,,,#D292F3,1172.0475928783417,False,space,correct rejection,None,694.3895816802979,text_16,103,9,2back_dual_main_click,2,Pollenübertragung,55,53,108,120,60,,,,,,,,,,,19,02,yes,no,no,2025-07-14_14h23.31.760,EXNAT_4_TMS_Psychopy2024.2.5.psyexp,2024.2.5,2025-07-14 14h31.41.583675 +0200,
0,0,0,0,0,0,0,,,,,,,,,#D292F3,1172.797404050827,False,space,correct rejection,None,632.5736045837402,text_16,104,9,2back_dual_main_click,2,ist,55,53,108,120,60,,,,,,,,,,,19,02,yes,no,no,2025-07-14_14h23.31.760,EXNAT_4_TMS_Psychopy2024.2.5.psyexp,2024.2.5,2025-07-14 14h31.41.583675 +0200,
0,0,0,0,0,0,0,,,,,,,,,#D292F3,1173.4708225727081,True,l,hit,503.16548347473145,695.0063705444336,text_16,105,9,2back_dual_main_click,2,noch,55,53,108,120,60,,,,,,,,,,,19,02,yes,no,no,2025-07-14_14h23.31.760,EXNAT_4_TMS_Psychopy2024.2.5.psyexp,2024.2.5,2025-07-14 14h31.41.583675 +0200,
0,0,0,0,0,0,0,,,,,,,,,#88BA3F,1174.2063052654266,False,space,correct rejection,None,631.6390037536621,text_16,106,9,2back_dual_main_click,2,ungeklärt.,55,53,108,120,60,,,,,,,,,,,19,02,yes,no,no,2025-07-14_14h23.31.760,EXNAT_4_TMS_Psychopy2024.2.5.psyexp,2024.2.5,2025-07-14 14h31.41.583675 +0200,
0,0,0,0,0,0,0,,,,,,,,,#2AB7EF,1174.8761954307556,False,space,correct rejection,None,697.7729797363281,text_16,107,9,2back_dual_main_click,2,Außerdem,55,53,108,120,60,,,,,,,,,,,19,02,yes,no,no,2025-07-14_14h23.31.760,EXNAT_4_TMS_Psychopy2024.2.5.psyexp,2024.2.5,2025-07-14 14h31.41.583675 +0200,
0,0,0,0,0,0,0,,,,,,,,,#F989A2,1175.6121170520782,False,space,correct rejection,None,713.6552333831787,text_16,108,9,2back_dual_main_click,2,sinken,55,53,108,120,60,,,,,,,,,,,19,02,yes,no,no,2025-07-14_14h23.31.760,EXNAT_4_TMS_Psychopy2024.2.5.psyexp,2024.2.5,2025-07-14 14h31.41.583675 +0200,
0,0,0,0,0,0,0,,,,,,,,,#F989A2,1176.363088607788,False,space,correct rejection,None,730.8804988861084,text_16,109,9,2back_dual_main_click,2,die,55,53,108,120,60,,,,,,,,,,,19,02,yes,no,no,2025-07-14_14h23.31.760,EXNAT_4_TMS_Psychopy2024.2.5.psyexp,2024.2.5,2025-07-14 14h31.41.583675 +0200,
0,0,0,0,0,0,0,,,,,,,,,#2AB7EF,1177.1330208778381,False,space,correct rejection,None,920.9396839141846,text_16,110,9,2back_dual_main_click,2,schweren,55,53,108,120,60,,,,,,,,,,,19,02,yes,no,no,2025-07-14_14h23.31.760,EXNAT_4_TMS_Psychopy2024.2.5.psyexp,2024.2.5,2025-07-14 14h31.41.583675 +0200,
0,0,0,0,0,0,0,,,,,,,,,#88BA3F,1178.0948255062103,False,space,correct rejection,None,663.0380153656006,text_16,111,9,2back_dual_main_click,2,Samen,55,53,108,120,60,,,,,,,,,,,19,02,yes,no,no,2025-07-14_14h23.31.760,EXNAT_4_TMS_Psychopy2024.2.5.psyexp,2024.2.5,2025-07-14 14h31.41.583675 +0200,
0,0,0,0,0,0,0,,,,,,,,,#D292F3,1178.7973248958588,False,space,correct rejection,None,632.6673030853271,text_16,112,9,2back_dual_main_click,2,im,55,53,108,120,60,,,,,,,,,,,19,02,yes,no,no,2025-07-14_14h23.31.760,EXNAT_4_TMS_Psychopy2024.2.5.psyexp,2024.2.5,2025-07-14 14h31.41.583675 +0200,
0,0,0,0,0,0,0,,,,,,,,,#88BA3F,1179.470486164093,True,space,miss,None,775.4878997802734,text_16,113,9,2back_dual_main_click,2,"Wasser,",55,54,109,120,60,1179.5384707450867,,,,,,,,,,19,02,yes,no,no,2025-07-14_14h23.31.760,EXNAT_4_TMS_Psychopy2024.2.5.psyexp,2024.2.5,2025-07-14 14h31.41.583675 +0200,
0,0,0,0,0,0,0,,,,,,,,,#F989A2,1180.2841494083405,False,space,correct rejection,None,665.7452583312988,text_16,114,9,2back_dual_main_click,2,was,55,54,109,120,60,,,,,,,,,,,19,02,yes,no,no,2025-07-14_14h23.31.760,EXNAT_4_TMS_Psychopy2024.2.5.psyexp,2024.2.5,2025-07-14 14h31.41.583675 +0200,
0,0,0,0,0,0,0,,,,,,,,,#2AB7EF,1180.9893431663513,False,space,correct rejection,None,648.5450267791748,text_16,115,9,2back_dual_main_click,2,ihre,55,54,109,120,60,,,,,,,,,,,19,02,yes,no,no,2025-07-14_14h23.31.760,EXNAT_4_TMS_Psychopy2024.2.5.psyexp,2024.2.5,2025-07-14 14h31.41.583675 +0200,
0,0,0,0,0,0,0,,,,,,,,,#2AB7EF,1181.6779398918152,False,space,correct rejection,None,664.0467643737793,text_16,116,9,2back_dual_main_click,2,Verbreitung,55,54,109,120,60,,,,,,,,,,,19,02,yes,no,no,2025-07-14_14h23.31.760,EXNAT_4_TMS_Psychopy2024.2.5.psyexp,2024.2.5,2025-07-14 14h31.41.583675 +0200,
0,0,0,0,0,0,0,,,,,,,,,#2AB7EF,1182.3825886249542,True,l,hit,1607.4671745300293,1895.2348232269287,text_16,117,9,2back_dual_main_click,2,erschwert.,55,54,109,120,60,,,,,,,,,,,19,02,yes,no,no,2025-07-14_14h23.31.760,EXNAT_4_TMS_Psychopy2024.2.5.psyexp,2024.2.5,2025-07-14 14h31.41.583675 +0200,
0,0,0,0,0,0,0,,,,,,,,,#F989A2,1184.331655740738,False,space,correct rejection,None,570.3132152557373,text_16,118,9,2back_dual_main_click,2,In,56,54,110,120,60,1184.5384364128113,,,,,,,,,,19,02,yes,no,no,2025-07-14_14h23.31.760,EXNAT_4_TMS_Psychopy2024.2.5.psyexp,2024.2.5,2025-07-14 14h31.41.583675 +0200,
0,0,0,0,0,0,0,,,,,,,,,#88BA3F,1184.957641839981,False,space,correct rejection,None,744.3318367004395,text_16,119,9,2back_dual_main_click,2,Berlin,56,54,110,120,60,,,,,,,,,,,19,02,yes,no,no,2025-07-14_14h23.31.760,EXNAT_4_TMS_Psychopy2024.2.5.psyexp,2024.2.5,2025-07-14 14h31.41.583675 +0200,
0,0,0,0,0,0,0,,,,,,,,,#D292F3,1185.7553827762604,False,space,correct rejection,None,666.4144992828369,text_16,120,9,2back_dual_main_click,2,wird,56,54,110,120,60,,,,,,,,,,,19,02,yes,no,no,2025-07-14_14h23.31.760,EXNAT_4_TMS_Psychopy2024.2.5.psyexp,2024.2.5,2025-07-14 14h31.41.583675 +0200,
0,0,0,0,0,0,0,,,,,,,,,#D292F3,1186.4751300811768,False,space,correct rejection,None,602.7803421020508,text_16,121,9,2back_dual_main_click,2,die,56,54,110,120,60,,,,,,,,,,,19,02,yes,no,no,2025-07-14_14h23.31.760,EXNAT_4_TMS_Psychopy2024.2.5.psyexp,2024.2.5,2025-07-14 14h31.41.583675 +0200,
0,0,0,0,0,0,0,,,,,,,,,#88BA3F,1187.1335124969482,False,space,correct rejection,None,680.2480220794678,text_16,122,9,2back_dual_main_click,2,Aufzucht,56,54,110,120,60,,,,,,,,,,,19,02,yes,no,no,2025-07-14_14h23.31.760,EXNAT_4_TMS_Psychopy2024.2.5.psyexp,2024.2.5,2025-07-14 14h31.41.583675 +0200,
0,0,0,0,0,0,0,,,,,,,,,#F989A2,1187.8672053813934,False,space,correct rejection,None,682.7061176300049,text_16,123,9,2back_dual_main_click,2,durch,56,54,110,120,60,,,,,,,,,,,19,02,yes,no,no,2025-07-14_14h23.31.760,EXNAT_4_TMS_Psychopy2024.2.5.psyexp,2024.2.5,2025-07-14 14h31.41.583675 +0200,
0,0,0,0,0,0,0,,,,,,,,,#88BA3F,1188.5902149677277,True,l,hit,567.6889419555664,743.6463832855225,text_16,124,9,2back_dual_main_click,2,eine,56,54,110,120,60,,,,,,,,,,,19,02,yes,no,no,2025-07-14_14h23.31.760,EXNAT_4_TMS_Psychopy2024.2.5.psyexp,2024.2.5,2025-07-14 14h31.41.583675 +0200,
0,0,0,0,0,0,0,,,,,,,,,#D292F3,1189.3741207122803,False,space,correct rejection,None,807.8410625457764,text_16,125,9,2back_dual_main_click,2,Beet-Heizung,56,54,110,120,60,,,,,,,,,,,19,02,yes,no,no,2025-07-14_14h23.31.760,EXNAT_4_TMS_Psychopy2024.2.5.psyexp,2024.2.5,2025-07-14 14h31.41.583675 +0200,
0,0,0,0,0,0,0,,,,,,,,,#D292F3,1190.2241616249084,False,space,correct rejection,None,789.9067401885986,text_16,126,9,2back_dual_main_click,2,unterstützt.,56,54,110,120,60,,,,,,,,,,,19,02,yes,no,no,2025-07-14_14h23.31.760,EXNAT_4_TMS_Psychopy2024.2.5.psyexp,2024.2.5,2025-07-14 14h31.41.583675 +0200,
0,0,0,0,0,0,0,,,,,,,,,#F989A2,1191.0540597438812,False,space,correct rejection,None,791.9411659240723,text_16,127,9,2back_dual_main_click,2,Kritisch,56,54,110,120,60,,,,,,,,,,,19,02,yes,no,no,2025-07-14_14h23.31.760,EXNAT_4_TMS_Psychopy2024.2.5.psyexp,2024.2.5,2025-07-14 14h31.41.583675 +0200,
0,0,0,0,0,0,0,,,,,,,,,#F989A2,1191.8869771957397,False,space,correct rejection,None,630.8751106262207,text_16,128,9,2back_dual_main_click,2,wird,56,54,110,120,60,,,,,,,,,,,19,02,yes,no,no,2025-07-14_14h23.31.760,EXNAT_4_TMS_Psychopy2024.2.5.psyexp,2024.2.5,2025-07-14 14h31.41.583675 +0200,
0,0,0,0,0,0,0,,,,,,,,,#88BA3F,1192.5594189167023,False,space,correct rejection,None,598.541259765625,text_16,129,9,2back_dual_main_click,2,"es,",56,54,110,120,60,,,,,,,,,,,19,02,yes,no,no,2025-07-14_14h23.31.760,EXNAT_4_TMS_Psychopy2024.2.5.psyexp,2024.2.5,2025-07-14 14h31.41.583675 +0200,
0,0,0,0,0,0,0,,,,,,,,,#2AB7EF,1193.1983330249786,False,space,correct rejection,None,871.6230392456055,text_16,130,9,2back_dual_main_click,2,wenn,56,54,110,120,60,,,,,,,,,,,19,02,yes,no,no,2025-07-14_14h23.31.760,EXNAT_4_TMS_Psychopy2024.2.5.psyexp,2024.2.5,2025-07-14 14h31.41.583675 +0200,
0,0,0,0,0,0,0,,,,,,,,,#2AB7EF,1194.1110107898712,False,space,correct rejection,None,726.8736362457275,text_16,131,9,2back_dual_main_click,2,die,56,54,110,120,60,,,,,,,,,,,19,02,yes,no,no,2025-07-14_14h23.31.760,EXNAT_4_TMS_Psychopy2024.2.5.psyexp,2024.2.5,2025-07-14 14h31.41.583675 +0200,
0,0,0,0,0,0,0,,,,,,,,,#2AB7EF,1194.878231048584,True,l,hit,631.8113803863525,823.6453533172607,text_16,132,9,2back_dual_main_click,2,Nährstoffreserven,56,55,111,120,60,1194.936529159546,,,,,,,,,,19,02,yes,no,no,2025-07-14_14h23.31.760,EXNAT_4_TMS_Psychopy2024.2.5.psyexp,2024.2.5,2025-07-14 14h31.41.583675 +0200,
0,0,0,0,0,0,0,,,,,,,,,#F989A2,1195.742701292038,False,space,correct rejection,None,663.2933616638184,text_16,133,9,2back_dual_main_click,2,der,56,55,111,120,60,,,,,,,,,,,19,02,yes,no,no,2025-07-14_14h23.31.760,EXNAT_4_TMS_Psychopy2024.2.5.psyexp,2024.2.5,2025-07-14 14h31.41.583675 +0200,
0,0,0,0,0,0,0,,,,,,,,,#D292F3,1196.446940422058,False,space,correct rejection,None,727.0185947418213,text_16,134,9,2back_dual_main_click,2,Nuss,56,55,111,120,60,,,,,,,,,,,19,02,yes,no,no,2025-07-14_14h23.31.760,EXNAT_4_TMS_Psychopy2024.2.5.psyexp,2024.2.5,2025-07-14 14h31.41.583675 +0200,
0,0,0,0,0,0,0,,,,,,,,,#F989A2,1197.2133688926697,True,l,hit,1048.6016273498535,1208.4808349609375,text_16,135,9,2back_dual_main_click,2,aufgebraucht,56,55,111,120,60,,,,,,,,,,,19,02,yes,no,no,2025-07-14_14h23.31.760,EXNAT_4_TMS_Psychopy2024.2.5.psyexp,2024.2.5,2025-07-14 14h31.41.583675 +0200,
0,0,0,0,0,0,0,,,,,,,,,#2AB7EF,1198.4755954742432,False,space,correct rejection,None,714.4274711608887,text_16,136,9,2back_dual_main_click,2,sind.,56,55,111,120,60,,,,,,,,,,,19,02,yes,no,no,2025-07-14_14h23.31.760,EXNAT_4_TMS_Psychopy2024.2.5.psyexp,2024.2.5,2025-07-14 14h31.41.583675 +0200,
0,0,0,0,0,0,0,,,,,,,,,#88BA3F,1199.2431228160858,False,space,correct rejection,None,746.9067573547363,text_16,137,9,2back_dual_main_click,2,Erst,57,55,112,120,60,1199.9364774227142,,,,,,,,,,19,02,yes,no,no,2025-07-14_14h23.31.760,EXNAT_4_TMS_Psychopy2024.2.5.psyexp,2024.2.5,2025-07-14 14h31.41.583675 +0200,
0,0,0,0,0,0,0,,,,,,,,,#2AB7EF,1200.0436499118805,True,l,hit,426.3589382171631,618.2699203491211,text_16,138,9,2back_dual_main_click,2,nach,57,55,112,120,60,,,,,,,,,,,19,02,yes,no,no,2025-07-14_14h23.31.760,EXNAT_4_TMS_Psychopy2024.2.5.psyexp,2024.2.5,2025-07-14 14h31.41.583675 +0200,
0,0,0,0,0,0,0,,,,,,,,,#2AB7EF,1200.7177584171295,False,space,correct rejection,None,648.155689239502,text_16,139,9,2back_dual_main_click,2,mehreren,57,55,112,120,60,,,,,,,,,,,19,02,yes,no,no,2025-07-14_14h23.31.760,EXNAT_4_TMS_Psychopy2024.2.5.psyexp,2024.2.5,2025-07-14 14h31.41.583675 +0200,
0,0,0,0,0,0,0,,,,,,,,,#88BA3F,1201.4211843013763,False,space,correct rejection,None,744.8265552520752,text_16,140,9,2back_dual_main_click,2,Jahren,57,55,112,120,60,,,,,,,,,,,19,02,yes,no,no,2025-07-14_14h23.31.760,EXNAT_4_TMS_Psychopy2024.2.5.psyexp,2024.2.5,2025-07-14 14h31.41.583675 +0200,
0,0,0,0,0,0,0,,,,,,,,,#F989A2,1202.2230913639069,False,space,correct rejection,None,582.8866958618164,text_16,141,9,2back_dual_main_click,2,lässt,57,55,112,120,60,,,,,,,,,,,19,02,yes,no,no,2025-07-14_14h23.31.760,EXNAT_4_TMS_Psychopy2024.2.5.psyexp,2024.2.5,2025-07-14 14h31.41.583675 +0200,
0,0,0,0,0,0,0,,,,,,,,,#D292F3,1202.8590795993805,False,space,correct rejection,None,602.931022644043,text_16,142,9,2back_dual_main_click,2,sich,57,55,112,120,60,,,,,,,,,,,19,02,yes,no,no,2025-07-14_14h23.31.760,EXNAT_4_TMS_Psychopy2024.2.5.psyexp,2024.2.5,2025-07-14 14h31.41.583675 +0200,
0,0,0,0,0,0,0,,,,,,,,,#D292F3,1203.5166952610016,False,space,correct rejection,None,633.2719326019287,text_16,143,9,2back_dual_main_click,2,das,57,55,112,120,60,,,,,,,,,,,19,02,yes,no,no,2025-07-14_14h23.31.760,EXNAT_4_TMS_Psychopy2024.2.5.psyexp,2024.2.5,2025-07-14 14h31.41.583675 +0200,
0,0,0,0,0,0,0,,,,,,,,,#88BA3F,1204.2056171894073,False,space,correct rejection,None,600.3904342651367,text_16,144,9,2back_dual_main_click,2,Geschlecht,57,55,112,120,60,,,,,,,,,,,19,02,yes,no,no,2025-07-14_14h23.31.760,EXNAT_4_TMS_Psychopy2024.2.5.psyexp,2024.2.5,2025-07-14 14h31.41.583675 +0200,
0,0,0,0,0,0,0,,,,,,,,,#F989A2,1204.8600409030914,False,space,correct rejection,None,825.9353637695312,text_16,145,9,2back_dual_main_click,2,und,57,55,112,120,60,,,,,,,,,,,19,02,yes,no,no,2025-07-14_14h23.31.760,EXNAT_4_TMS_Psychopy2024.2.5.psyexp,2024.2.5,2025-07-14 14h31.41.583675 +0200,
0,0,0,0,0,0,0,,,,,,,,,#88BA3F,1205.7406208515167,True,space,miss,None,665.3461456298828,text_16,146,9,2back_dual_main_click,2,die,57,56,113,120,60,1205.7939603328705,,,,,,,,,,19,02,yes,no,no,2025-07-14_14h23.31.760,EXNAT_4_TMS_Psychopy2024.2.5.psyexp,2024.2.5,2025-07-14 14h31.41.583675 +0200,
0,0,0,0,0,0,0,,,,,,,,,#D292F3,1206.4633889198303,False,space,correct rejection,None,1078.5877704620361,text_16,147,9,2back_dual_main_click,2,Überlebensfähigkeit,57,56,113,120,60,,,,,,,,,,,19,02,yes,no,no,2025-07-14_14h23.31.760,EXNAT_4_TMS_Psychopy2024.2.5.psyexp,2024.2.5,2025-07-14 14h31.41.583675 +0200,
0,0,0,0,0,0,0,,,,,,,,,#D292F3,1207.5948565006256,False,space,correct rejection,None,715.1460647583008,text_16,148,9,2back_dual_main_click,2,der,57,56,113,120,60,,,,,,,,,,,19,02,yes,no,no,2025-07-14_14h23.31.760,EXNAT_4_TMS_Psychopy2024.2.5.psyexp,2024.2.5,2025-07-14 14h31.41.583675 +0200,
0,0,0,0,0,0,0,,,,,,,,,#F989A2,1208.3658564090729,False,space,correct rejection,None,664.081335067749,text_16,149,9,2back_dual_main_click,2,Palme,57,56,113,120,60,,,,,,,,,,,19,02,yes,no,no,2025-07-14_14h23.31.760,EXNAT_4_TMS_Psychopy2024.2.5.psyexp,2024.2.5,2025-07-14 14h31.41.583675 +0200,
0,0,0,0,0,0,0,,,,,,,,,#2AB7EF,1209.0860772132874,False,space,correct rejection,None,695.7142353057861,text_16,150,9,2back_dual_main_click,2,erkennen.,57,56,113,120,60,,,,,,,,,,,19,02,yes,no,no,2025-07-14_14h23.31.760,EXNAT_4_TMS_Psychopy2024.2.5.psyexp,2024.2.5,2025-07-14 14h31.41.583675 +0200,
0,0,0,0,0,0,0,,,,,,,,,,1209.84237575531,,2,,,,text_16,,9,2back_dual_main_click,,,,,,,,,Q1,b,True,,,,,,,19,02,yes,no,no,2025-07-14_14h23.31.760,EXNAT_4_TMS_Psychopy2024.2.5.psyexp,2024.2.5,2025-07-14 14h31.41.583675 +0200,
0,0,0,0,0,0,0,,,,,,,,,,1215.841525554657,,2,,,,text_16,,9,2back_dual_main_click,,,,,,,,,Q2,b,True,,,,,,,19,02,yes,no,no,2025-07-14_14h23.31.760,EXNAT_4_TMS_Psychopy2024.2.5.psyexp,2024.2.5,2025-07-14 14h31.41.583675 +0200,
0,0,0,0,0,0,0,,,,,,,,,,1220.2263057231903,,4,,,,text_16,,9,2back_dual_main_click,,,,,,,,,Q3,d,True,,,,,,,19,02,yes,no,no,2025-07-14_14h23.31.760,EXNAT_4_TMS_Psychopy2024.2.5.psyexp,2024.2.5,2025-07-14 14h31.41.583675 +0200,
0,0,0,0,0,0,0,,,,,,,,,#D292F3,1228.8690912723541,False,space,correct rejection,None,2048.9983558654785,text_14,1,10,2back_dual_main_click,2,"Berlin,",57,56,113,120,60,,,,,,,,,,,19,02,yes,no,no,2025-07-14_14h23.31.760,EXNAT_4_TMS_Psychopy2024.2.5.psyexp,2024.2.5,2025-07-14 14h31.41.583675 +0200,
0,0,0,0,0,0,0,,,,,,,,,#88BA3F,1230.9576663970947,False,space,correct rejection,None,920.2039241790771,text_14,2,10,2back_dual_main_click,2,"windig,",58,56,114,120,60,1231.0126404762268,,,,,,,,,,19,02,yes,no,no,2025-07-14_14h23.31.760,EXNAT_4_TMS_Psychopy2024.2.5.psyexp,2024.2.5,2025-07-14 14h31.41.583675 +0200,
0,0,0,0,0,0,0,,,,,,,,,#D292F3,1231.9195175170898,True,l,hit,1142.3780918121338,1366.2707805633545,text_14,3,10,2back_dual_main_click,2,zehn,58,56,114,120,60,,,,,,,,,,,19,02,yes,no,no,2025-07-14_14h23.31.760,EXNAT_4_TMS_Psychopy2024.2.5.psyexp,2024.2.5,2025-07-14 14h31.41.583675 +0200,
0,0,0,0,0,0,0,,,,,,,,,#2AB7EF,1233.3262348175049,False,space,correct rejection,None,1751.8062591552734,text_14,4,10,2back_dual_main_click,2,Grad.,58,56,114,120,60,,,,,,,,,,,19,02,yes,no,no,2025-07-14_14h23.31.760,EXNAT_4_TMS_Psychopy2024.2.5.psyexp,2024.2.5,2025-07-14 14h31.41.583675 +0200,
0,0,0,0,0,0,0,,,,,,,,,#D292F3,1235.1340301036835,True,l,hit,615.7786846160889,807.7378273010254,text_14,5,10,2back_dual_main_click,2,Florence,58,56,114,120,60,,,,,,,,,,,19,02,yes,no,no,2025-07-14_14h23.31.760,EXNAT_4_TMS_Psychopy2024.2.5.psyexp,2024.2.5,2025-07-14 14h31.41.583675 +0200,
0,0,0,0,0,0,0,,,,,,,,,#F989A2,1235.993965625763,False,space,correct rejection,None,955.8837413787842,text_14,6,10,2back_dual_main_click,2,Welch,58,56,114,120,60,,,,,,,,,,,19,02,yes,no,no,2025-07-14_14h23.31.760,EXNAT_4_TMS_Psychopy2024.2.5.psyexp,2024.2.5,2025-07-14 14h31.41.583675 +0200,
0,0,0,0,0,0,0,,,,,,,,,#2AB7EF,1237.0059580802917,False,space,correct rejection,None,840.1346206665039,text_14,7,10,2back_dual_main_click,2,gibt,58,56,114,120,60,,,,,,,,,,,19,02,yes,no,no,2025-07-14_14h23.31.760,EXNAT_4_TMS_Psychopy2024.2.5.psyexp,2024.2.5,2025-07-14 14h31.41.583675 +0200,
0,0,0,0,0,0,0,,,,,,,,,#F989A2,1237.9027993679047,True,space,miss,None,1142.9975032806396,text_14,8,10,2back_dual_main_click,2,auf,58,57,115,120,60,1237.9769020080566,,,,,,,,,,19,02,yes,no,no,2025-07-14_14h23.31.760,EXNAT_4_TMS_Psychopy2024.2.5.psyexp,2024.2.5,2025-07-14 14h31.41.583675 +0200,
0,0,0,0,0,0,0,,,,,,,,,#F989A2,1239.0863416194916,False,space,correct rejection,None,647.7088928222656,text_14,9,10,2back_dual_main_click,2,einer,58,57,115,120,60,,,,,,,,,,,19,02,yes,no,no,2025-07-14_14h23.31.760,EXNAT_4_TMS_Psychopy2024.2.5.psyexp,2024.2.5,2025-07-14 14h31.41.583675 +0200,
0,0,0,0,0,0,0,,,,,,,,,#88BA3F,1239.7762117385864,False,space,correct rejection,None,789.686918258667,text_14,10,10,2back_dual_main_click,2,Dachterrasse,58,57,115,120,60,,,,,,,,,,,19,02,yes,no,no,2025-07-14_14h23.31.760,EXNAT_4_TMS_Psychopy2024.2.5.psyexp,2024.2.5,2025-07-14 14h31.41.583675 +0200,
0,0,0,0,0,0,0,,,,,,,,,#2AB7EF,1240.606501340866,False,space,correct rejection,None,2135.568141937256,text_14,11,10,2back_dual_main_click,2,ein,58,57,115,120,60,,,,,,,,,,,19,02,yes,no,no,2025-07-14_14h23.31.760,EXNAT_4_TMS_Psychopy2024.2.5.psyexp,2024.2.5,2025-07-14 14h31.41.583675 +0200,
0,0,0,0,0,0,0,,,,,,,,,#88BA3F,1242.7969834804535,True,space,miss,None,873.0876445770264,text_14,12,10,2back_dual_main_click,2,exklusives,58,58,116,120,60,1242.9767405986786,,,,,,,,,,19,02,yes,no,no,2025-07-14_14h23.31.760,EXNAT_4_TMS_Psychopy2024.2.5.psyexp,2024.2.5,2025-07-14 14h31.41.583675 +0200,
0,0,0,0,0,0,0,,,,,,,,,#88BA3F,1243.723290681839,False,space,correct rejection,None,1626.8384456634521,text_14,13,10,2back_dual_main_click,2,"Konzert,",58,58,116,120,60,,,,,,,,,,,19,02,yes,no,no,2025-07-14_14h23.31.760,EXNAT_4_TMS_Psychopy2024.2.5.psyexp,2024.2.5,2025-07-14 14h31.41.583675 +0200,
0,0,0,0,0,0,0,,,,,,,,,#D292F3,1245.4053452014923,False,space,correct rejection,None,744.727373123169,text_14,14,10,2back_dual_main_click,2,später,58,58,116,120,60,,,,,,,,,,,19,02,yes,no,no,2025-07-14_14h23.31.760,EXNAT_4_TMS_Psychopy2024.2.5.psyexp,2024.2.5,2025-07-14 14h31.41.583675 +0200,
0,0,0,0,0,0,0,,,,,,,,,#2AB7EF,1246.2035551071167,False,space,correct rejection,None,890.5370235443115,text_14,15,10,2back_dual_main_click,2,sitzt,58,58,116,120,60,,,,,,,,,,,19,02,yes,no,no,2025-07-14_14h23.31.760,EXNAT_4_TMS_Psychopy2024.2.5.psyexp,2024.2.5,2025-07-14 14h31.41.583675 +0200,
0,0,0,0,0,0,0,,,,,,,,,#2AB7EF,1247.1493620872498,False,space,correct rejection,None,664.3989086151123,text_14,16,10,2back_dual_main_click,2,sie,58,58,116,120,60,,,,,,,,,,,19,02,yes,no,no,2025-07-14_14h23.31.760,EXNAT_4_TMS_Psychopy2024.2.5.psyexp,2024.2.5,2025-07-14 14h31.41.583675 +0200,
0,0,0,0,0,0,0,,,,,,,,,#F989A2,1247.8652017116547,False,space,correct rejection,None,588.9377593994141,text_14,17,10,2back_dual_main_click,2,beim,59,58,117,120,60,1247.9768159389496,,,,,,,,,,19,02,yes,no,no,2025-07-14_14h23.31.760,EXNAT_4_TMS_Psychopy2024.2.5.psyexp,2024.2.5,2025-07-14 14h31.41.583675 +0200,
0,0,0,0,0,0,0,,,,,,,,,#2AB7EF,1248.509821176529,True,space,miss,None,760.33616065979,text_14,18,10,2back_dual_main_click,2,Interview.,59,58,117,120,60,,,,,,,,,,,19,02,yes,no,no,2025-07-14_14h23.31.760,EXNAT_4_TMS_Psychopy2024.2.5.psyexp,2024.2.5,2025-07-14 14h31.41.583675 +0200,
0,0,0,0,0,0,0,,,,,,,,,#D292F3,1249.320253610611,False,space,correct rejection,None,749.7954368591309,text_14,19,10,2back_dual_main_click,2,Seit,59,58,117,120,60,,,,,,,,,,,19,02,yes,no,no,2025-07-14_14h23.31.760,EXNAT_4_TMS_Psychopy2024.2.5.psyexp,2024.2.5,2025-07-14 14h31.41.583675 +0200,
0,0,0,0,0,0,0,,,,,,,,,#88BA3F,1250.12615609169,False,space,correct rejection,None,711.8709087371826,text_14,20,10,2back_dual_main_click,2,2009,59,58,117,120,60,,,,,,,,,,,19,02,yes,no,no,2025-07-14_14h23.31.760,EXNAT_4_TMS_Psychopy2024.2.5.psyexp,2024.2.5,2025-07-14 14h31.41.583675 +0200,
0,0,0,0,0,0,0,,,,,,,,,#D292F3,1250.894297361374,True,l,hit,567.7285194396973,743.649959564209,text_14,21,10,2back_dual_main_click,2,ist,59,58,117,120,60,,,,,,,,,,,19,02,yes,no,no,2025-07-14_14h23.31.760,EXNAT_4_TMS_Psychopy2024.2.5.psyexp,2024.2.5,2025-07-14 14h31.41.583675 +0200,
0,0,0,0,0,0,0,,,,,,,,,#F989A2,1251.692934513092,False,space,correct rejection,None,601.2418270111084,text_14,22,10,2back_dual_main_click,2,die,59,58,117,120,60,,,,,,,,,,,19,02,yes,no,no,2025-07-14_14h23.31.760,EXNAT_4_TMS_Psychopy2024.2.5.psyexp,2024.2.5,2025-07-14 14h31.41.583675 +0200,
0,0,0,0,0,0,0,,,,,,,,,#F989A2,1252.3495984077454,False,space,correct rejection,None,904.3869972229004,text_14,23,10,2back_dual_main_click,2,Londonerin,59,58,117,120,60,,,,,,,,,,,19,02,yes,no,no,2025-07-14_14h23.31.760,EXNAT_4_TMS_Psychopy2024.2.5.psyexp,2024.2.5,2025-07-14 14h31.41.583675 +0200,
0,0,0,0,0,0,0,,,,,,,,,#88BA3F,1253.307212114334,False,space,correct rejection,None,1066.79105758667,text_14,24,10,2back_dual_main_click,2,unter,60,58,118,120,60,1253.3592720031738,,,,,,,,,,19,02,yes,no,no,2025-07-14_14h23.31.760,EXNAT_4_TMS_Psychopy2024.2.5.psyexp,2024.2.5,2025-07-14 14h31.41.583675 +0200,
0,0,0,0,0,0,0,,,,,,,,,#F989A2,1254.428929567337,True,l,hit,825.157880783081,969.038724899292,text_14,25,10,2back_dual_main_click,2,dem,60,58,118,120,60,,,,,,,,,,,19,02,yes,no,no,2025-07-14_14h23.31.760,EXNAT_4_TMS_Psychopy2024.2.5.psyexp,2024.2.5,2025-07-14 14h31.41.583675 +0200,
0,0,0,0,0,0,0,,,,,,,,,#2AB7EF,1255.453105688095,False,space,correct rejection,None,920.9797382354736,text_14,26,10,2back_dual_main_click,2,Namen,60,58,118,120,60,,,,,,,,,,,19,02,yes,no,no,2025-07-14_14h23.31.760,EXNAT_4_TMS_Psychopy2024.2.5.psyexp,2024.2.5,2025-07-14 14h31.41.583675 +0200,
0,0,0,0,0,0,0,,,,,,,,,#2AB7EF,1256.4298589229584,False,space,correct rejection,None,760.061502456665,text_14,27,10,2back_dual_main_click,2,""Florence,60,58,118,120,60,,,,,,,,,,,19,02,yes,no,no,2025-07-14_14h23.31.760,EXNAT_4_TMS_Psychopy2024.2.5.psyexp,2024.2.5,2025-07-14 14h31.41.583675 +0200,
0,0,0,0,0,0,0,,,,,,,,,#D292F3,1257.2435460090637,False,space,correct rejection,None,810.4777336120605,text_14,28,10,2back_dual_main_click,2,and,60,58,118,120,60,,,,,,,,,,,19,02,yes,no,no,2025-07-14_14h23.31.760,EXNAT_4_TMS_Psychopy2024.2.5.psyexp,2024.2.5,2025-07-14 14h31.41.583675 +0200,
0,0,0,0,0,0,0,,,,,,,,,#88BA3F,1258.110443353653,False,space,correct rejection,None,1143.6355113983154,text_14,29,10,2back_dual_main_click,2,The,60,58,118,120,60,,,,,,,,,,,19,02,yes,no,no,2025-07-14_14h23.31.760,EXNAT_4_TMS_Psychopy2024.2.5.psyexp,2024.2.5,2025-07-14 14h31.41.583675 +0200,
0,0,0,0,0,0,0,,,,,,,,,#D292F3,1259.3074316978455,True,space,miss,None,586.679220199585,text_14,30,10,2back_dual_main_click,2,Machine"",60,59,119,120,60,1259.3815333843231,,,,,,,,,,19,02,yes,no,no,2025-07-14_14h23.31.760,EXNAT_4_TMS_Psychopy2024.2.5.psyexp,2024.2.5,2025-07-14 14h31.41.583675 +0200,
0,0,0,0,0,0,0,,,,,,,,,#88BA3F,1259.9340817928314,True,space,miss,None,615.9560680389404,text_14,31,10,2back_dual_main_click,2,international,60,59,119,120,60,,,,,,,,,,,19,02,yes,no,no,2025-07-14_14h23.31.760,EXNAT_4_TMS_Psychopy2024.2.5.psyexp,2024.2.5,2025-07-14 14h31.41.583675 +0200,
0,0,0,0,0,0,0,,,,,,,,,#F989A2,1260.590699672699,False,space,correct rejection,None,935.3234767913818,text_14,32,10,2back_dual_main_click,2,bekannt.,60,59,119,120,60,,,,,,,,,,,19,02,yes,no,no,2025-07-14_14h23.31.760,EXNAT_4_TMS_Psychopy2024.2.5.psyexp,2024.2.5,2025-07-14 14h31.41.583675 +0200,
0,0,0,0,0,0,0,,,,,,,,,#D292F3,1261.5662250518799,False,space,correct rejection,None,775.6862640380859,text_14,33,10,2back_dual_main_click,2,""The,60,59,119,120,60,,,,,,,,,,,19,02,yes,no,no,2025-07-14_14h23.31.760,EXNAT_4_TMS_Psychopy2024.2.5.psyexp,2024.2.5,2025-07-14 14h31.41.583675 +0200,
0,0,0,0,0,0,0,,,,,,,,,#F989A2,1262.3819768428802,True,l,hit,776.0415077209473,935.8208179473877,text_14,34,10,2back_dual_main_click,2,Machine"",60,59,119,120,60,,,,,,,,,,,19,02,yes,no,no,2025-07-14_14h23.31.760,EXNAT_4_TMS_Psychopy2024.2.5.psyexp,2024.2.5,2025-07-14 14h31.41.583675 +0200,
0,0,0,0,0,0,0,,,,,,,,,#F989A2,1263.3562140464783,False,space,correct rejection,None,617.863655090332,text_14,35,10,2back_dual_main_click,2,bezeichnet,60,59,119,120,60,,,,,,,,,,,19,02,yes,no,no,2025-07-14_14h23.31.760,EXNAT_4_TMS_Psychopy2024.2.5.psyexp,2024.2.5,2025-07-14 14h31.41.583675 +0200,
0,0,0,0,0,0,0,,,,,,,,,#D292F3,1264.0135617256165,False,space,correct rejection,None,792.3011779785156,text_14,36,10,2back_dual_main_click,2,dabei,60,59,119,120,60,,,,,,,,,,,19,02,yes,no,no,2025-07-14_14h23.31.760,EXNAT_4_TMS_Psychopy2024.2.5.psyexp,2024.2.5,2025-07-14 14h31.41.583675 +0200,
0,0,0,0,0,0,0,,,,,,,,,#2AB7EF,1264.8456618785858,False,space,correct rejection,None,600.4364490509033,text_14,37,10,2back_dual_main_click,2,keine,60,59,119,120,60,,,,,,,,,,,19,02,yes,no,no,2025-07-14_14h23.31.760,EXNAT_4_TMS_Psychopy2024.2.5.psyexp,2024.2.5,2025-07-14 14h31.41.583675 +0200,
0,0,0,0,0,0,0,,,,,,,,,#88BA3F,1265.4863181114197,False,space,correct rejection,None,631.706953048706,text_14,38,10,2back_dual_main_click,2,feste,60,59,119,120,60,,,,,,,,,,,19,02,yes,no,no,2025-07-14_14h23.31.760,EXNAT_4_TMS_Psychopy2024.2.5.psyexp,2024.2.5,2025-07-14 14h31.41.583675 +0200,
0,0,0,0,0,0,0,,,,,,,,,#D292F3,1266.1578350067139,False,space,correct rejection,None,760.2365016937256,text_14,39,10,2back_dual_main_click,2,"Band,",60,59,119,120,60,,,,,,,,,,,19,02,yes,no,no,2025-07-14_14h23.31.760,EXNAT_4_TMS_Psychopy2024.2.5.psyexp,2024.2.5,2025-07-14 14h31.41.583675 +0200,
0,0,0,0,0,0,0,,,,,,,,,#F989A2,1266.9580554962158,False,space,correct rejection,None,647.9671001434326,text_14,40,10,2back_dual_main_click,2,sondern,60,59,119,120,60,,,,,,,,,,,19,02,yes,no,no,2025-07-14_14h23.31.760,EXNAT_4_TMS_Psychopy2024.2.5.psyexp,2024.2.5,2025-07-14 14h31.41.583675 +0200,
0,0,0,0,0,0,0,,,,,,,,,#F989A2,1267.6472625732422,False,space,correct rejection,None,1446.7298984527588,text_14,41,10,2back_dual_main_click,2,wechselnde,60,59,119,120,60,,,,,,,,,,,19,02,yes,no,no,2025-07-14_14h23.31.760,EXNAT_4_TMS_Psychopy2024.2.5.psyexp,2024.2.5,2025-07-14 14h31.41.583675 +0200,
0,0,0,0,0,0,0,,,,,,,,,#D292F3,1269.1496269702911,False,space,correct rejection,None,616.426944732666,text_14,42,10,2back_dual_main_click,2,musikalische,60,59,119,120,60,,,,,,,,,,,19,02,yes,no,no,2025-07-14_14h23.31.760,EXNAT_4_TMS_Psychopy2024.2.5.psyexp,2024.2.5,2025-07-14 14h31.41.583675 +0200,
0,0,0,0,0,0,0,,,,,,,,,#2AB7EF,1269.8220329284668,False,space,correct rejection,None,583.9507579803467,text_14,43,10,2back_dual_main_click,2,Begleiter.,60,59,119,120,60,,,,,,,,,,,19,02,yes,no,no,2025-07-14_14h23.31.760,EXNAT_4_TMS_Psychopy2024.2.5.psyexp,2024.2.5,2025-07-14 14h31.41.583675 +0200,
0,0,0,0,0,0,0,,,,,,,,,#D292F3,1270.4627437591553,True,l,hit,695.2219009399414,871.1903095245361,text_14,44,10,2back_dual_main_click,2,Ihr,60,60,120,120,inf,1270.5153453350067,,,,,,,,,,19,02,yes,no,no,2025-07-14_14h23.31.760,EXNAT_4_TMS_Psychopy2024.2.5.psyexp,2024.2.5,2025-07-14 14h31.41.583675 +0200,
0,0,0,0,0,0,0,,,,,,,,,#2AB7EF,1271.3887796401978,True,l,hit,1081.244945526123,1241.1460876464844,text_14,45,10,2back_dual_main_click,2,Debütalbum,60,60,120,120,inf,,,,,,,,,,,19,02,yes,no,no,2025-07-14_14h23.31.760,EXNAT_4_TMS_Psychopy2024.2.5.psyexp,2024.2.5,2025-07-14 14h31.41.583675 +0200,
0,0,0,0,0,0,0,,,,,,,,,#88BA3F,1272.6866841316223,False,space,correct rejection,None,679.2130470275879,text_14,46,10,2back_dual_main_click,2,""Lungs"",60,60,120,120,inf,,,,,,,,,,,19,02,yes,no,no,2025-07-14_14h23.31.760,EXNAT_4_TMS_Psychopy2024.2.5.psyexp,2024.2.5,2025-07-14 14h31.41.583675 +0200,
0,0,0,0,0,0,0,,,,,,,,,#F989A2,1273.419439792633,False,space,correct rejection,None,938.5950565338135,text_14,47,10,2back_dual_main_click,2,erreichte,60,60,120,120,inf,,,,,,,,,,,19,02,yes,no,no,2025-07-14_14h23.31.760,EXNAT_4_TMS_Psychopy2024.2.5.psyexp,2024.2.5,2025-07-14 14h31.41.583675 +0200,
0,0,0,0,0,0,0,,,,,,,,,#88BA3F,1274.4133718013763,True,l,hit,456.70080184936523,616.5995597839355,text_14,48,10,2back_dual_main_click,2,Platz,60,60,120,120,inf,,,,,,,,,,,19,02,yes,no,no,2025-07-14_14h23.31.760,EXNAT_4_TMS_Psychopy2024.2.5.psyexp,2024.2.5,2025-07-14 14h31.41.583675 +0200,
0,0,0,0,0,0,0,,,,,,,,,#D292F3,1275.085238456726,False,space,correct rejection,None,616.7314052581787,text_14,49,10,2back_dual_main_click,2,eins,61,60,121,120,inf,1275.5152566432953,,,,,,,,,,19,02,yes,no,no,2025-07-14_14h23.31.760,EXNAT_4_TMS_Psychopy2024.2.5.psyexp,2024.2.5,2025-07-14 14h31.41.583675 +0200,
0,0,0,0,0,0,0,,,,,,,,,#2AB7EF,1275.755520582199,False,space,correct rejection,None,586.4989757537842,text_14,50,10,2back_dual_main_click,2,der,61,60,121,120,inf,,,,,,,,,,,19,02,yes,no,no,2025-07-14_14h23.31.760,EXNAT_4_TMS_Psychopy2024.2.5.psyexp,2024.2.5,2025-07-14 14h31.41.583675 +0200,
0,0,0,0,0,0,0,,,,,,,,,#88BA3F,1276.398318529129,False,space,correct rejection,None,1447.7288722991943,text_14,51,10,2back_dual_main_click,2,britischen,61,60,121,120,inf,,,,,,,,,,,19,02,yes,no,no,2025-07-14_14h23.31.760,EXNAT_4_TMS_Psychopy2024.2.5.psyexp,2024.2.5,2025-07-14 14h31.41.583675 +0200,
0,0,0,0,0,0,0,,,,,,,,,#F989A2,1277.900651216507,False,space,correct rejection,None,825.2620697021484,text_14,52,10,2back_dual_main_click,2,Charts,61,60,121,120,inf,,,,,,,,,,,19,02,yes,no,no,2025-07-14_14h23.31.760,EXNAT_4_TMS_Psychopy2024.2.5.psyexp,2024.2.5,2025-07-14 14h31.41.583675 +0200,
0,0,0,0,0,0,0,,,,,,,,,#2AB7EF,1278.7799553871155,False,space,correct rejection,None,1050.0092506408691,text_14,53,10,2back_dual_main_click,2,und,61,60,121,120,inf,,,,,,,,,,,19,02,yes,no,no,2025-07-14_14h23.31.760,EXNAT_4_TMS_Psychopy2024.2.5.psyexp,2024.2.5,2025-07-14 14h31.41.583675 +0200,
0,0,0,0,0,0,0,,,,,,,,,#2AB7EF,1279.8730540275574,False,space,correct rejection,None,645.1051235198975,text_14,54,10,2back_dual_main_click,2,erhielt,62,60,122,120,inf,1280.5152864456177,,,,,,,,,,19,02,yes,no,no,2025-07-14_14h23.31.760,EXNAT_4_TMS_Psychopy2024.2.5.psyexp,2024.2.5,2025-07-14 14h31.41.583675 +0200,
0,0,0,0,0,0,0,,,,,,,,,#2AB7EF,1280.5563225746155,True,l,hit,681.4758777618408,825.4060745239258,text_14,55,10,2back_dual_main_click,2,in,62,60,122,120,inf,,,,,,,,,,,19,02,yes,no,no,2025-07-14_14h23.31.760,EXNAT_4_TMS_Psychopy2024.2.5.psyexp,2024.2.5,2025-07-14 14h31.41.583675 +0200,
0,0,0,0,0,0,0,,,,,,,,,#F989A2,1281.4188594818115,False,space,correct rejection,None,810.9478950500488,text_14,56,10,2back_dual_main_click,2,den,62,60,122,120,inf,,,,,,,,,,,19,02,yes,no,no,2025-07-14_14h23.31.760,EXNAT_4_TMS_Psychopy2024.2.5.psyexp,2024.2.5,2025-07-14 14h31.41.583675 +0200,
0,0,0,0,0,0,0,,,,,,,,,#88BA3F,1282.268979549408,False,space,correct rejection,None,745.091438293457,text_14,57,10,2back_dual_main_click,2,USA,62,60,122,120,inf,,,,,,,,,,,19,02,yes,no,no,2025-07-14_14h23.31.760,EXNAT_4_TMS_Psychopy2024.2.5.psyexp,2024.2.5,2025-07-14 14h31.41.583675 +0200,
0,0,0,0,0,0,0,,,,,,,,,#88BA3F,1283.054221868515,False,space,correct rejection,None,567.7933692932129,text_14,58,10,2back_dual_main_click,2,eine,62,60,122,120,inf,,,,,,,,,,,19,02,yes,no,no,2025-07-14_14h23.31.760,EXNAT_4_TMS_Psychopy2024.2.5.psyexp,2024.2.5,2025-07-14 14h31.41.583675 +0200,
0,0,0,0,0,0,0,,,,,,,,,#F989A2,1283.6635823249817,False,space,correct rejection,None,1590.489387512207,text_14,59,10,2back_dual_main_click,2,Goldene,62,60,122,120,inf,,,,,,,,,,,19,02,yes,no,no,2025-07-14_14h23.31.760,EXNAT_4_TMS_Psychopy2024.2.5.psyexp,2024.2.5,2025-07-14 14h31.41.583675 +0200,
0,0,0,0,0,0,0,,,,,,,,,#D292F3,1285.3087573051453,False,space,correct rejection,None,937.2076988220215,text_14,60,10,2back_dual_main_click,2,Schallplatte.,62,60,122,120,inf,,,,,,,,,,,19,02,yes,no,no,2025-07-14_14h23.31.760,EXNAT_4_TMS_Psychopy2024.2.5.psyexp,2024.2.5,2025-07-14 14h31.41.583675 +0200,
0,0,0,0,0,0,0,,,,,,,,,#D292F3,1286.30122590065,False,space,correct rejection,None,1304.8286437988281,text_14,61,10,2back_dual_main_click,2,Spätestens,62,60,122,120,inf,,,,,,,,,,,19,02,yes,no,no,2025-07-14_14h23.31.760,EXNAT_4_TMS_Psychopy2024.2.5.psyexp,2024.2.5,2025-07-14 14h31.41.583675 +0200,
0,0,0,0,0,0,0,,,,,,,,,#2AB7EF,1287.661248922348,False,space,correct rejection,None,1272.822618484497,text_14,62,10,2back_dual_main_click,2,mit,62,60,122,120,inf,,,,,,,,,,,19,02,yes,no,no,2025-07-14_14h23.31.760,EXNAT_4_TMS_Psychopy2024.2.5.psyexp,2024.2.5,2025-07-14 14h31.41.583675 +0200,
0,0,0,0,0,0,0,,,,,,,,,#D292F3,1288.9876503944397,True,l,hit,970.4930782318115,1290.3447151184082,text_14,63,10,2back_dual_main_click,2,ihrem,62,61,123,120,inf,1289.0415453910828,,,,,,,,,,19,02,yes,no,no,2025-07-14_14h23.31.760,EXNAT_4_TMS_Psychopy2024.2.5.psyexp,2024.2.5,2025-07-14 14h31.41.583675 +0200,
0,0,0,0,0,0,0,,,,,,,,,#F989A2,1290.3335473537445,False,space,correct rejection,None,776.5641212463379,text_14,64,10,2back_dual_main_click,2,Auftritt,62,61,123,120,inf,,,,,,,,,,,19,02,yes,no,no,2025-07-14_14h23.31.760,EXNAT_4_TMS_Psychopy2024.2.5.psyexp,2024.2.5,2025-07-14 14h31.41.583675 +0200,
0,0,0,0,0,0,0,,,,,,,,,#F989A2,1291.1662392616272,False,space,correct rejection,None,679.7780990600586,text_14,65,10,2back_dual_main_click,2,bei,62,61,123,120,inf,,,,,,,,,,,19,02,yes,no,no,2025-07-14_14h23.31.760,EXNAT_4_TMS_Psychopy2024.2.5.psyexp,2024.2.5,2025-07-14 14h31.41.583675 +0200,
0,0,0,0,0,0,0,,,,,,,,,#88BA3F,1291.8993844985962,False,space,correct rejection,None,586.5111351013184,text_14,66,10,2back_dual_main_click,2,den,62,61,123,120,inf,,,,,,,,,,,19,02,yes,no,no,2025-07-14_14h23.31.760,EXNAT_4_TMS_Psychopy2024.2.5.psyexp,2024.2.5,2025-07-14 14h31.41.583675 +0200,
0,0,0,0,0,0,0,,,,,,,,,#D292F3,1292.5375006198883,False,space,correct rejection,None,764.5576000213623,text_14,67,10,2back_dual_main_click,2,MTV,62,61,123,120,inf,,,,,,,,,,,19,02,yes,no,no,2025-07-14_14h23.31.760,EXNAT_4_TMS_Psychopy2024.2.5.psyexp,2024.2.5,2025-07-14 14h31.41.583675 +0200,
0,0,0,0,0,0,0,,,,,,,,,#2AB7EF,1293.3565919399261,False,space,correct rejection,None,617.5582408905029,text_14,68,10,2back_dual_main_click,2,Video,62,61,123,120,inf,,,,,,,,,,,19,02,yes,no,no,2025-07-14_14h23.31.760,EXNAT_4_TMS_Psychopy2024.2.5.psyexp,2024.2.5,2025-07-14 14h31.41.583675 +0200,
0,0,0,0,0,0,0,,,,,,,,,#F989A2,1294.0295903682709,False,space,correct rejection,None,824.4035243988037,text_14,69,10,2back_dual_main_click,2,Music,63,61,124,120,inf,1294.0825579166412,,,,,,,,,,19,02,yes,no,no,2025-07-14_14h23.31.760,EXNAT_4_TMS_Psychopy2024.2.5.psyexp,2024.2.5,2025-07-14 14h31.41.583675 +0200,
0,0,0,0,0,0,0,,,,,,,,,#D292F3,1294.9087626934052,False,space,correct rejection,None,1209.3210220336914,text_14,70,10,2back_dual_main_click,2,Awards,63,61,124,120,inf,,,,,,,,,,,19,02,yes,no,no,2025-07-14_14h23.31.760,EXNAT_4_TMS_Psychopy2024.2.5.psyexp,2024.2.5,2025-07-14 14h31.41.583675 +0200,
0,0,0,0,0,0,0,,,,,,,,,#88BA3F,1296.1747725009918,False,space,correct rejection,None,935.3237152099609,text_14,71,10,2back_dual_main_click,2,schaffte,63,61,124,120,inf,,,,,,,,,,,19,02,yes,no,no,2025-07-14_14h23.31.760,EXNAT_4_TMS_Psychopy2024.2.5.psyexp,2024.2.5,2025-07-14 14h31.41.583675 +0200,
0,0,0,0,0,0,0,,,,,,,,,#D292F3,1297.1659445762634,True,space,miss,None,696.1226463317871,text_14,72,10,2back_dual_main_click,2,sie,63,61,124,120,inf,,,,,,,,,,,19,02,yes,no,no,2025-07-14_14h23.31.760,EXNAT_4_TMS_Psychopy2024.2.5.psyexp,2024.2.5,2025-07-14 14h31.41.583675 +0200,
0,0,0,0,0,0,0,,,,,,,,,#88BA3F,1297.9167850017548,True,l,hit,601.3407707214355,777.1773338317871,text_14,73,10,2back_dual_main_click,2,den,63,61,124,120,inf,,,,,,,,,,,19,02,yes,no,no,2025-07-14_14h23.31.760,EXNAT_4_TMS_Psychopy2024.2.5.psyexp,2024.2.5,2025-07-14 14h31.41.583675 +0200,
0,0,0,0,0,0,0,,,,,,,,,#F989A2,1298.7490282058716,False,space,correct rejection,None,713.0022048950195,text_14,74,10,2back_dual_main_click,2,Durchbruch.,63,61,124,120,inf,,,,,,,,,,,19,02,yes,no,no,2025-07-14_14h23.31.760,EXNAT_4_TMS_Psychopy2024.2.5.psyexp,2024.2.5,2025-07-14 14h31.41.583675 +0200,
0,0,0,0,0,0,0,,,,,,,,,#F989A2,1299.5165481567383,False,space,correct rejection,None,681.4589500427246,text_14,75,10,2back_dual_main_click,2,Ihr,63,61,124,120,inf,,,,,,,,,,,19,02,yes,no,no,2025-07-14_14h23.31.760,EXNAT_4_TMS_Psychopy2024.2.5.psyexp,2024.2.5,2025-07-14 14h31.41.583675 +0200,
0,0,0,0,0,0,0,,,,,,,,,#D292F3,1300.2527072429657,False,space,correct rejection,None,1145.3399658203125,text_14,76,10,2back_dual_main_click,2,Song,63,61,124,120,inf,,,,,,,,,,,19,02,yes,no,no,2025-07-14_14h23.31.760,EXNAT_4_TMS_Psychopy2024.2.5.psyexp,2024.2.5,2025-07-14 14h31.41.583675 +0200,
0,0,0,0,0,0,0,,,,,,,,,#D292F3,1301.451821088791,False,space,correct rejection,None,810.1415634155273,text_14,77,10,2back_dual_main_click,2,""Dog,63,61,124,120,inf,,,,,,,,,,,19,02,yes,no,no,2025-07-14_14h23.31.760,EXNAT_4_TMS_Psychopy2024.2.5.psyexp,2024.2.5,2025-07-14 14h31.41.583675 +0200,
0,0,0,0,0,0,0,,,,,,,,,#2AB7EF,1302.316659450531,False,space,correct rejection,None,585.3493213653564,text_14,78,10,2back_dual_main_click,2,Days,63,61,124,120,inf,,,,,,,,,,,19,02,yes,no,no,2025-07-14_14h23.31.760,EXNAT_4_TMS_Psychopy2024.2.5.psyexp,2024.2.5,2025-07-14 14h31.41.583675 +0200,
0,0,0,0,0,0,0,,,,,,,,,#2AB7EF,1302.9571571350098,False,space,correct rejection,None,664.940357208252,text_14,79,10,2back_dual_main_click,2,Are,63,61,124,120,inf,,,,,,,,,,,19,02,yes,no,no,2025-07-14_14h23.31.760,EXNAT_4_TMS_Psychopy2024.2.5.psyexp,2024.2.5,2025-07-14 14h31.41.583675 +0200,
0,0,0,0,0,0,0,,,,,,,,,#88BA3F,1303.6785917282104,False,space,correct rejection,None,887.5024318695068,text_14,80,10,2back_dual_main_click,2,Over"",63,61,124,120,inf,,,,,,,,,,,19,02,yes,no,no,2025-07-14_14h23.31.760,EXNAT_4_TMS_Psychopy2024.2.5.psyexp,2024.2.5,2025-07-14 14h31.41.583675 +0200,
0,0,0,0,0,0,0,,,,,,,,,#F989A2,1304.6207127571106,False,space,correct rejection,None,825.4430294036865,text_14,81,10,2back_dual_main_click,2,wurde,63,61,124,120,inf,,,,,,,,,,,19,02,yes,no,no,2025-07-14_14h23.31.760,EXNAT_4_TMS_Psychopy2024.2.5.psyexp,2024.2.5,2025-07-14 14h31.41.583675 +0200,
0,0,0,0,0,0,0,,,,,,,,,#88BA3F,1305.4864423274994,True,l,hit,935.6136322021484,1063.5721683502197,text_14,82,10,2back_dual_main_click,2,zum,63,62,125,120,inf,1305.5412604808807,,,,,,,,,,19,02,yes,no,no,2025-07-14_14h23.31.760,EXNAT_4_TMS_Psychopy2024.2.5.psyexp,2024.2.5,2025-07-14 14h31.41.583675 +0200,
0,0,0,0,0,0,0,,,,,,,,,#2AB7EF,1306.603739976883,False,space,correct rejection,None,794.3720817565918,text_14,83,10,2back_dual_main_click,2,"Hit,",63,62,125,120,inf,,,,,,,,,,,19,02,yes,no,no,2025-07-14_14h23.31.760,EXNAT_4_TMS_Psychopy2024.2.5.psyexp,2024.2.5,2025-07-14 14h31.41.583675 +0200,
0,0,0,0,0,0,0,,,,,,,,,#D292F3,1307.437651872635,False,space,correct rejection,None,680.3958415985107,text_14,84,10,2back_dual_main_click,2,ihre,63,62,125,120,inf,,,,,,,,,,,19,02,yes,no,no,2025-07-14_14h23.31.760,EXNAT_4_TMS_Psychopy2024.2.5.psyexp,2024.2.5,2025-07-14 14h31.41.583675 +0200,
0,0,0,0,0,0,0,,,,,,,,,#2AB7EF,1308.1591210365295,True,space,miss,None,902.965784072876,text_14,85,10,2back_dual_main_click,2,Musik,63,62,125,120,inf,,,,,,,,,,,19,02,yes,no,no,2025-07-14_14h23.31.760,EXNAT_4_TMS_Psychopy2024.2.5.psyexp,2024.2.5,2025-07-14 14h31.41.583675 +0200,
0,0,0,0,0,0,0,,,,,,,,,#88BA3F,1309.101907491684,False,space,correct rejection,None,760.1068019866943,text_14,86,10,2back_dual_main_click,2,lief,63,62,125,120,inf,,,,,,,,,,,19,02,yes,no,no,2025-07-14_14h23.31.760,EXNAT_4_TMS_Psychopy2024.2.5.psyexp,2024.2.5,2025-07-14 14h31.41.583675 +0200,
0,0,0,0,0,0,0,,,,,,,,,#F989A2,1309.899517774582,False,space,correct rejection,None,906.5902233123779,text_14,87,10,2back_dual_main_click,2,in,64,62,126,120,inf,1310.5412209033966,,,,,,,,,,19,02,yes,no,no,2025-07-14_14h23.31.760,EXNAT_4_TMS_Psychopy2024.2.5.psyexp,2024.2.5,2025-07-14 14h31.41.583675 +0200,
0,0,0,0,0,0,0,,,,,,,,,#F989A2,1310.8467662334442,False,space,correct rejection,None,1623.2702732086182,text_14,88,10,2back_dual_main_click,2,vielen,64,62,126,120,inf,,,,,,,,,,,19,02,yes,no,no,2025-07-14_14h23.31.760,EXNAT_4_TMS_Psychopy2024.2.5.psyexp,2024.2.5,2025-07-14 14h31.41.583675 +0200,
0,0,0,0,0,0,0,,,,,,,,,#2AB7EF,1312.5265300273895,False,space,correct rejection,None,631.5257549285889,text_14,89,10,2back_dual_main_click,2,US-Serien.,64,62,126,120,inf,,,,,,,,,,,19,02,yes,no,no,2025-07-14_14h23.31.760,EXNAT_4_TMS_Psychopy2024.2.5.psyexp,2024.2.5,2025-07-14 14h31.41.583675 +0200,
0,0,0,0,0,0,0,,,,,,,,,#88BA3F,1313.2124075889587,False,space,correct rejection,None,697.6161003112793,text_14,90,10,2back_dual_main_click,2,Welch,64,62,126,120,inf,,,,,,,,,,,19,02,yes,no,no,2025-07-14_14h23.31.760,EXNAT_4_TMS_Psychopy2024.2.5.psyexp,2024.2.5,2025-07-14 14h31.41.583675 +0200,
0,0,0,0,0,0,0,,,,,,,,,#D292F3,1313.9655630588531,False,space,correct rejection,None,1320.5339908599854,text_14,91,10,2back_dual_main_click,2,trat,64,62,126,120,inf,,,,,,,,,,,19,02,yes,no,no,2025-07-14_14h23.31.760,EXNAT_4_TMS_Psychopy2024.2.5.psyexp,2024.2.5,2025-07-14 14h31.41.583675 +0200,
0,0,0,0,0,0,0,,,,,,,,,#D292F3,1315.3357963562012,False,space,correct rejection,None,718.1856632232666,text_14,92,10,2back_dual_main_click,2,bei,64,62,126,120,inf,,,,,,,,,,,19,02,yes,no,no,2025-07-14_14h23.31.760,EXNAT_4_TMS_Psychopy2024.2.5.psyexp,2024.2.5,2025-07-14 14h31.41.583675 +0200,
0,0,0,0,0,0,0,,,,,,,,,#88BA3F,1316.1071343421936,False,space,correct rejection,None,1371.0169792175293,text_14,93,10,2back_dual_main_click,2,einer,64,62,126,120,inf,,,,,,,,,,,19,02,yes,no,no,2025-07-14_14h23.31.760,EXNAT_4_TMS_Psychopy2024.2.5.psyexp,2024.2.5,2025-07-14 14h31.41.583675 +0200,
0,0,0,0,0,0,0,,,,,,,,,#2AB7EF,1317.5340802669525,False,space,correct rejection,None,791.8782234191895,text_14,94,10,2back_dual_main_click,2,"Google-Versammlung,",64,62,126,120,inf,,,,,,,,,,,19,02,yes,no,no,2025-07-14_14h23.31.760,EXNAT_4_TMS_Psychopy2024.2.5.psyexp,2024.2.5,2025-07-14 14h31.41.583675 +0200,
0,0,0,0,0,0,0,,,,,,,,,#F989A2,1318.3805210590363,False,space,correct rejection,None,713.5004997253418,text_14,95,10,2back_dual_main_click,2,X-Factor,64,62,126,120,inf,,,,,,,,,,,19,02,yes,no,no,2025-07-14_14h23.31.760,EXNAT_4_TMS_Psychopy2024.2.5.psyexp,2024.2.5,2025-07-14 14h31.41.583675 +0200,
0,0,0,0,0,0,0,,,,,,,,,#D292F3,1319.147513628006,False,space,correct rejection,None,650.41184425354,text_14,96,10,2back_dual_main_click,2,und,64,62,126,120,inf,,,,,,,,,,,19,02,yes,no,no,2025-07-14_14h23.31.760,EXNAT_4_TMS_Psychopy2024.2.5.psyexp,2024.2.5,2025-07-14 14h31.41.583675 +0200,
0,0,0,0,0,0,0,,,,,,,,,#D292F3,1319.8517429828644,False,space,correct rejection,None,794.1591739654541,text_14,97,10,2back_dual_main_click,2,Modenschauen,64,62,126,120,inf,,,,,,,,,,,19,02,yes,no,no,2025-07-14_14h23.31.760,EXNAT_4_TMS_Psychopy2024.2.5.psyexp,2024.2.5,2025-07-14 14h31.41.583675 +0200,
0,0,0,0,0,0,0,,,,,,,,,#88BA3F,1320.6866383552551,False,space,correct rejection,None,823.2948780059814,text_14,98,10,2back_dual_main_click,2,auf.,64,62,126,120,inf,,,,,,,,,,,19,02,yes,no,no,2025-07-14_14h23.31.760,EXNAT_4_TMS_Psychopy2024.2.5.psyexp,2024.2.5,2025-07-14 14h31.41.583675 +0200,
0,0,0,0,0,0,0,,,,,,,,,#D292F3,1321.5493967533112,True,space,miss,None,744.673490524292,text_14,99,10,2back_dual_main_click,2,""Lungs"",64,63,127,120,inf,1321.6048693656921,,,,,,,,,,19,02,yes,no,no,2025-07-14_14h23.31.760,EXNAT_4_TMS_Psychopy2024.2.5.psyexp,2024.2.5,2025-07-14 14h31.41.583675 +0200,
0,0,0,0,0,0,0,,,,,,,,,#88BA3F,1322.3330388069153,True,space,miss,None,728.8796901702881,text_14,100,10,2back_dual_main_click,2,war,64,63,127,120,inf,,,,,,,,,,,19,02,yes,no,no,2025-07-14_14h23.31.760,EXNAT_4_TMS_Psychopy2024.2.5.psyexp,2024.2.5,2025-07-14 14h31.41.583675 +0200,
0,0,0,0,0,0,0,,,,,,,,,#88BA3F,1323.1001975536346,False,space,correct rejection,None,697.9107856750488,text_14,101,10,2back_dual_main_click,2,ein,64,63,127,120,inf,,,,,,,,,,,19,02,yes,no,no,2025-07-14_14h23.31.760,EXNAT_4_TMS_Psychopy2024.2.5.psyexp,2024.2.5,2025-07-14 14h31.41.583675 +0200,
0,0,0,0,0,0,0,,,,,,,,,#F989A2,1323.8383753299713,False,space,correct rejection,None,679.7502040863037,text_14,102,10,2back_dual_main_click,2,vielseitiges,64,63,127,120,inf,,,,,,,,,,,19,02,yes,no,no,2025-07-14_14h23.31.760,EXNAT_4_TMS_Psychopy2024.2.5.psyexp,2024.2.5,2025-07-14 14h31.41.583675 +0200,
0,0,0,0,0,0,0,,,,,,,,,#D292F3,1324.5580458641052,False,space,correct rejection,None,680.0158023834229,text_14,103,10,2back_dual_main_click,2,Album,64,63,127,120,inf,,,,,,,,,,,19,02,yes,no,no,2025-07-14_14h23.31.760,EXNAT_4_TMS_Psychopy2024.2.5.psyexp,2024.2.5,2025-07-14 14h31.41.583675 +0200,
0,0,0,0,0,0,0,,,,,,,,,#88BA3F,1325.2789988517761,False,l,false alarm,903.0072689056396,1062.9260540008545,text_14,104,10,2back_dual_main_click,2,aus,64,63,127,120,inf,,,,,,,,,,,19,02,yes,no,no,2025-07-14_14h23.31.760,EXNAT_4_TMS_Psychopy2024.2.5.psyexp,2024.2.5,2025-07-14 14h31.41.583675 +0200,
0,0,0,0,0,0,0,,,,,,,,,#F989A2,1326.3821823596954,False,space,correct rejection,None,711.9064331054688,text_14,105,10,2back_dual_main_click,2,"Blues,",64,63,127,120,inf,,,,,,,,,,,19,02,yes,no,no,2025-07-14_14h23.31.760,EXNAT_4_TMS_Psychopy2024.2.5.psyexp,2024.2.5,2025-07-14 14h31.41.583675 +0200,
0,0,0,0,0,0,0,,,,,,,,,#2AB7EF,1327.1337988376617,False,space,correct rejection,None,728.240966796875,text_14,106,10,2back_dual_main_click,2,Disco,64,63,127,120,inf,,,,,,,,,,,19,02,yes,no,no,2025-07-14_14h23.31.760,EXNAT_4_TMS_Psychopy2024.2.5.psyexp,2024.2.5,2025-07-14 14h31.41.583675 +0200,
0,0,0,0,0,0,0,,,,,,,,,#F989A2,1327.9015891551971,True,l,hit,952.4831771850586,1144.3943977355957,text_14,107,10,2back_dual_main_click,2,und,64,64,128,120,inf,1327.9574534893036,,,,,,,,,,19,02,yes,no,no,2025-07-14_14h23.31.760,EXNAT_4_TMS_Psychopy2024.2.5.psyexp,2024.2.5,2025-07-14 14h31.41.583675 +0200,
0,0,0,0,0,0,0,,,,,,,,,#2AB7EF,1329.0859878063202,True,space,miss,None,1176.1548519134521,text_14,108,10,2back_dual_main_click,2,Soul.,64,64,128,120,inf,,,,,,,,,,,19,02,yes,no,no,2025-07-14_14h23.31.760,EXNAT_4_TMS_Psychopy2024.2.5.psyexp,2024.2.5,2025-07-14 14h31.41.583675 +0200,
0,0,0,0,0,0,0,,,,,,,,,#D292F3,1330.3007743358612,False,space,correct rejection,None,921.2496280670166,text_14,109,10,2back_dual_main_click,2,Für,64,64,128,120,inf,,,,,,,,,,,19,02,yes,no,no,2025-07-14_14h23.31.760,EXNAT_4_TMS_Psychopy2024.2.5.psyexp,2024.2.5,2025-07-14 14h31.41.583675 +0200,
0,0,0,0,0,0,0,,,,,,,,,#F989A2,1331.2621281147003,False,space,correct rejection,None,951.8783092498779,text_14,110,10,2back_dual_main_click,2,ihr,64,64,128,120,inf,,,,,,,,,,,19,02,yes,no,no,2025-07-14_14h23.31.760,EXNAT_4_TMS_Psychopy2024.2.5.psyexp,2024.2.5,2025-07-14 14h31.41.583675 +0200,
0,0,0,0,0,0,0,,,,,,,,,#88BA3F,1332.2547991275787,False,space,correct rejection,None,695.3270435333252,text_14,111,10,2back_dual_main_click,2,neues,64,64,128,120,inf,,,,,,,,,,,19,02,yes,no,no,2025-07-14_14h23.31.760,EXNAT_4_TMS_Psychopy2024.2.5.psyexp,2024.2.5,2025-07-14 14h31.41.583675 +0200,
0,0,0,0,0,0,0,,,,,,,,,#2AB7EF,1332.9910638332367,False,space,correct rejection,None,455.0483226776123,text_14,112,10,2back_dual_main_click,2,Werk,65,64,129,120,inf,1333.0439927577972,,,,,,,,,,19,02,yes,no,no,2025-07-14_14h23.31.760,EXNAT_4_TMS_Psychopy2024.2.5.psyexp,2024.2.5,2025-07-14 14h31.41.583675 +0200,
0,0,0,0,0,0,0,,,,,,,,,#88BA3F,1333.485423564911,True,l,hit,472.72276878356934,648.6542224884033,text_14,113,10,2back_dual_main_click,2,wollte,65,64,129,120,inf,,,,,,,,,,,19,02,yes,no,no,2025-07-14_14h23.31.760,EXNAT_4_TMS_Psychopy2024.2.5.psyexp,2024.2.5,2025-07-14 14h31.41.583675 +0200,
0,0,0,0,0,0,0,,,,,,,,,#F989A2,1334.1746683120728,False,space,correct rejection,None,647.2911834716797,text_14,114,10,2back_dual_main_click,2,sie,65,64,129,120,inf,,,,,,,,,,,19,02,yes,no,no,2025-07-14_14h23.31.760,EXNAT_4_TMS_Psychopy2024.2.5.psyexp,2024.2.5,2025-07-14 14h31.41.583675 +0200,
0,0,0,0,0,0,0,,,,,,,,,#D292F3,1334.8588178157806,False,space,correct rejection,None,699.408769607544,text_14,115,10,2back_dual_main_click,2,mehr,65,64,129,120,inf,,,,,,,,,,,19,02,yes,no,no,2025-07-14_14h23.31.760,EXNAT_4_TMS_Psychopy2024.2.5.psyexp,2024.2.5,2025-07-14 14h31.41.583675 +0200,
0,0,0,0,0,0,0,,,,,,,,,#88BA3F,1335.596660375595,False,space,correct rejection,None,729.546308517456,text_14,116,10,2back_dual_main_click,2,Einheit.,65,64,129,120,inf,,,,,,,,,,,19,02,yes,no,no,2025-07-14_14h23.31.760,EXNAT_4_TMS_Psychopy2024.2.5.psyexp,2024.2.5,2025-07-14 14h31.41.583675 +0200,
0,0,0,0,0,0,0,,,,,,,,,#88BA3F,1336.3641562461853,False,space,correct rejection,None,729.9783229827881,text_14,117,10,2back_dual_main_click,2,Sie,65,64,129,120,inf,,,,,,,,,,,19,02,yes,no,no,2025-07-14_14h23.31.760,EXNAT_4_TMS_Psychopy2024.2.5.psyexp,2024.2.5,2025-07-14 14h31.41.583675 +0200,
0,0,0,0,0,0,0,,,,,,,,,#2AB7EF,1337.1347391605377,False,space,correct rejection,None,1351.4294624328613,text_14,118,10,2back_dual_main_click,2,nahm,66,64,130,120,inf,1338.0439972877502,,,,,,,,,,19,02,yes,no,no,2025-07-14_14h23.31.760,EXNAT_4_TMS_Psychopy2024.2.5.psyexp,2024.2.5,2025-07-14 14h31.41.583675 +0200,
0,0,0,0,0,0,0,,,,,,,,,#D292F3,1338.52596783638,False,space,correct rejection,None,856.2190532684326,text_14,119,10,2back_dual_main_click,2,es,66,64,130,120,inf,,,,,,,,,,,19,02,yes,no,no,2025-07-14_14h23.31.760,EXNAT_4_TMS_Psychopy2024.2.5.psyexp,2024.2.5,2025-07-14 14h31.41.583675 +0200,
0,0,0,0,0,0,0,,,,,,,,,#F989A2,1339.4238336086273,False,space,correct rejection,None,774.3308544158936,text_14,120,10,2back_dual_main_click,2,komplett,66,64,130,120,inf,,,,,,,,,,,19,02,yes,no,no,2025-07-14_14h23.31.760,EXNAT_4_TMS_Psychopy2024.2.5.psyexp,2024.2.5,2025-07-14 14h31.41.583675 +0200,
0,0,0,0,0,0,0,,,,,,,,,#D292F3,1340.2364201545715,True,space,miss,None,569.7348117828369,text_14,121,10,2back_dual_main_click,2,im,66,64,130,120,inf,,,,,,,,,,,19,02,yes,no,no,2025-07-14_14h23.31.760,EXNAT_4_TMS_Psychopy2024.2.5.psyexp,2024.2.5,2025-07-14 14h31.41.583675 +0200,
0,0,0,0,0,0,0,,,,,,,,,#2AB7EF,1340.84712266922,False,space,correct rejection,None,1078.9625644683838,text_14,122,10,2back_dual_main_click,2,Abbey-Road-Studio,66,64,130,120,inf,,,,,,,,,,,19,02,yes,no,no,2025-07-14_14h23.31.760,EXNAT_4_TMS_Psychopy2024.2.5.psyexp,2024.2.5,2025-07-14 14h31.41.583675 +0200,
0,0,0,0,0,0,0,,,,,,,,,#2AB7EF,1341.965030670166,False,space,correct rejection,None,712.9764556884766,text_14,123,10,2back_dual_main_click,2,mit,66,64,130,120,inf,,,,,,,,,,,19,02,yes,no,no,2025-07-14_14h23.31.760,EXNAT_4_TMS_Psychopy2024.2.5.psyexp,2024.2.5,2025-07-14 14h31.41.583675 +0200,
0,0,0,0,0,0,0,,,,,,,,,#88BA3F,1342.7169117927551,False,space,correct rejection,None,633.1837177276611,text_14,124,10,2back_dual_main_click,2,nur,66,64,130,120,inf,,,,,,,,,,,19,02,yes,no,no,2025-07-14_14h23.31.760,EXNAT_4_TMS_Psychopy2024.2.5.psyexp,2024.2.5,2025-07-14 14h31.41.583675 +0200,
0,0,0,0,0,0,0,,,,,,,,,#D292F3,1343.3896160125732,False,space,correct rejection,None,760.4305744171143,text_14,125,10,2back_dual_main_click,2,einem,66,64,130,120,inf,,,,,,,,,,,19,02,yes,no,no,2025-07-14_14h23.31.760,EXNAT_4_TMS_Psychopy2024.2.5.psyexp,2024.2.5,2025-07-14 14h31.41.583675 +0200,
0,0,0,0,0,0,0,,,,,,,,,#D292F3,1344.1903276443481,False,space,correct rejection,None,663.6185646057129,text_14,126,10,2back_dual_main_click,2,Produzenten,66,64,130,120,inf,,,,,,,,,,,19,02,yes,no,no,2025-07-14_14h23.31.760,EXNAT_4_TMS_Psychopy2024.2.5.psyexp,2024.2.5,2025-07-14 14h31.41.583675 +0200,
0,0,0,0,0,0,0,,,,,,,,,#F989A2,1344.8920228481293,False,space,correct rejection,None,617.9964542388916,text_14,127,10,2back_dual_main_click,2,auf.,66,64,130,120,inf,,,,,,,,,,,19,02,yes,no,no,2025-07-14_14h23.31.760,EXNAT_4_TMS_Psychopy2024.2.5.psyexp,2024.2.5,2025-07-14 14h31.41.583675 +0200,
0,0,0,0,0,0,0,,,,,,,,,#F989A2,1345.5499954223633,False,space,correct rejection,None,632.0445537567139,text_14,128,10,2back_dual_main_click,2,Die,66,64,130,120,inf,,,,,,,,,,,19,02,yes,no,no,2025-07-14_14h23.31.760,EXNAT_4_TMS_Psychopy2024.2.5.psyexp,2024.2.5,2025-07-14 14h31.41.583675 +0200,
0,0,0,0,0,0,0,,,,,,,,,#F989A2,1346.2207667827606,True,space,miss,None,585.2298736572266,text_14,129,10,2back_dual_main_click,2,eindrucksvollen,66,65,131,120,inf,1346.2743072509766,,,,,,,,,,19,02,yes,no,no,2025-07-14_14h23.31.760,EXNAT_4_TMS_Psychopy2024.2.5.psyexp,2024.2.5,2025-07-14 14h31.41.583675 +0200,
0,0,0,0,0,0,0,,,,,,,,,#F989A2,1346.8456387519836,True,l,hit,760.3764533996582,936.3009929656982,text_14,130,10,2back_dual_main_click,2,Lieder,66,65,131,120,inf,,,,,,,,,,,19,02,yes,no,no,2025-07-14_14h23.31.760,EXNAT_4_TMS_Psychopy2024.2.5.psyexp,2024.2.5,2025-07-14 14h31.41.583675 +0200,
0,0,0,0,0,0,0,,,,,,,,,#88BA3F,1347.8228476047516,False,space,correct rejection,None,743.239164352417,text_14,131,10,2back_dual_main_click,2,erzählen,66,65,131,120,inf,,,,,,,,,,,19,02,yes,no,no,2025-07-14_14h23.31.760,EXNAT_4_TMS_Psychopy2024.2.5.psyexp,2024.2.5,2025-07-14 14h31.41.583675 +0200,
0,0,0,0,0,0,0,,,,,,,,,#88BA3F,1348.6069481372833,False,space,correct rejection,None,631.1507225036621,text_14,132,10,2back_dual_main_click,2,von,66,65,131,120,inf,,,,,,,,,,,19,02,yes,no,no,2025-07-14_14h23.31.760,EXNAT_4_TMS_Psychopy2024.2.5.psyexp,2024.2.5,2025-07-14 14h31.41.583675 +0200,
0,0,0,0,0,0,0,,,,,,,,,#2AB7EF,1349.2782316207886,False,space,correct rejection,None,679.8806190490723,text_14,133,10,2back_dual_main_click,2,"Verlust,",66,65,131,120,inf,,,,,,,,,,,19,02,yes,no,no,2025-07-14_14h23.31.760,EXNAT_4_TMS_Psychopy2024.2.5.psyexp,2024.2.5,2025-07-14 14h31.41.583675 +0200,
0,0,0,0,0,0,0,,,,,,,,,#2AB7EF,1349.9981763362885,False,space,correct rejection,None,631.7722797393799,text_14,134,10,2back_dual_main_click,2,Betrug,66,65,131,120,inf,,,,,,,,,,,19,02,yes,no,no,2025-07-14_14h23.31.760,EXNAT_4_TMS_Psychopy2024.2.5.psyexp,2024.2.5,2025-07-14 14h31.41.583675 +0200,
0,0,0,0,0,0,0,,,,,,,,,#F989A2,1350.669447183609,False,space,correct rejection,None,744.6749210357666,text_14,135,10,2back_dual_main_click,2,und,67,65,132,120,inf,1351.2743394374847,,,,,,,,,,19,02,yes,no,no,2025-07-14_14h23.31.760,EXNAT_4_TMS_Psychopy2024.2.5.psyexp,2024.2.5,2025-07-14 14h31.41.583675 +0200,
0,0,0,0,0,0,0,,,,,,,,,#88BA3F,1351.454175710678,False,space,correct rejection,None,759.8769664764404,text_14,136,10,2back_dual_main_click,2,Trauer.,67,65,132,120,inf,,,,,,,,,,,19,02,yes,no,no,2025-07-14_14h23.31.760,EXNAT_4_TMS_Psychopy2024.2.5.psyexp,2024.2.5,2025-07-14 14h31.41.583675 +0200,
0,0,0,0,0,0,0,,,,,,,,,#2AB7EF,1352.254582643509,False,space,correct rejection,None,743.5894012451172,text_14,137,10,2back_dual_main_click,2,Das,67,65,132,120,inf,,,,,,,,,,,19,02,yes,no,no,2025-07-14_14h23.31.760,EXNAT_4_TMS_Psychopy2024.2.5.psyexp,2024.2.5,2025-07-14 14h31.41.583675 +0200,
0,0,0,0,0,0,0,,,,,,,,,#D292F3,1353.0379452705383,False,space,correct rejection,None,680.1903247833252,text_14,138,10,2back_dual_main_click,2,Magazin,67,65,132,120,inf,,,,,,,,,,,19,02,yes,no,no,2025-07-14_14h23.31.760,EXNAT_4_TMS_Psychopy2024.2.5.psyexp,2024.2.5,2025-07-14 14h31.41.583675 +0200,
0,0,0,0,0,0,0,,,,,,,,,#D292F3,1353.758301973343,False,space,correct rejection,None,935.8291625976562,text_14,139,10,2back_dual_main_click,2,Rolling,67,65,132,120,inf,,,,,,,,,,,19,02,yes,no,no,2025-07-14_14h23.31.760,EXNAT_4_TMS_Psychopy2024.2.5.psyexp,2024.2.5,2025-07-14 14h31.41.583675 +0200,
0,0,0,0,0,0,0,,,,,,,,,#88BA3F,1354.732525587082,False,space,correct rejection,None,665.5304431915283,text_14,140,10,2back_dual_main_click,2,Stone,67,65,132,120,inf,,,,,,,,,,,19,02,yes,no,no,2025-07-14_14h23.31.760,EXNAT_4_TMS_Psychopy2024.2.5.psyexp,2024.2.5,2025-07-14 14h31.41.583675 +0200,
0,0,0,0,0,0,0,,,,,,,,,#D292F3,1355.4376611709595,True,space,miss,None,712.4872207641602,text_14,141,10,2back_dual_main_click,2,sieht,67,65,132,120,inf,,,,,,,,,,,19,02,yes,no,no,2025-07-14_14h23.31.760,EXNAT_4_TMS_Psychopy2024.2.5.psyexp,2024.2.5,2025-07-14 14h31.41.583675 +0200,
0,0,0,0,0,0,0,,,,,,,,,#88BA3F,1356.190322637558,True,l,hit,3335.8068466186523,3495.65052986145,text_14,142,10,2back_dual_main_click,2,in,67,66,133,120,inf,1356.2743473052979,,,,,,,,,,19,02,yes,no,no,2025-07-14_14h23.31.760,EXNAT_4_TMS_Psychopy2024.2.5.psyexp,2024.2.5,2025-07-14 14h31.41.583675 +0200,
0,0,0,0,0,0,0,,,,,,,,,#F989A2,1359.7405252456665,False,space,correct rejection,None,713.6211395263672,text_14,143,10,2back_dual_main_click,2,ihr,67,66,133,120,inf,,,,,,,,,,,19,02,yes,no,no,2025-07-14_14h23.31.760,EXNAT_4_TMS_Psychopy2024.2.5.psyexp,2024.2.5,2025-07-14 14h31.41.583675 +0200,
0,0,0,0,0,0,0,,,,,,,,,#F989A2,1360.508029460907,False,space,correct rejection,None,586.1260890960693,text_14,144,10,2back_dual_main_click,2,eine,67,66,133,120,inf,,,,,,,,,,,19,02,yes,no,no,2025-07-14_14h23.31.760,EXNAT_4_TMS_Psychopy2024.2.5.psyexp,2024.2.5,2025-07-14 14h31.41.583675 +0200,
0,0,0,0,0,0,0,,,,,,,,,#88BA3F,1361.1496002674103,False,space,correct rejection,None,760.5452537536621,text_14,145,10,2back_dual_main_click,2,Künstlerin,68,66,134,120,inf,1361.2743895053864,,,,,,,,,,19,02,yes,no,no,2025-07-14_14h23.31.760,EXNAT_4_TMS_Psychopy2024.2.5.psyexp,2024.2.5,2025-07-14 14h31.41.583675 +0200,
0,0,0,0,0,0,0,,,,,,,,,#2AB7EF,1361.9651906490326,False,space,correct rejection,None,633.0316066741943,text_14,146,10,2back_dual_main_click,2,mit,68,66,134,120,inf,,,,,,,,,,,19,02,yes,no,no,2025-07-14_14h23.31.760,EXNAT_4_TMS_Psychopy2024.2.5.psyexp,2024.2.5,2025-07-14 14h31.41.583675 +0200,
0,0,0,0,0,0,0,,,,,,,,,#D292F3,1362.6540727615356,False,space,correct rejection,None,696.0852146148682,text_14,147,10,2back_dual_main_click,2,Potenzial,68,66,134,120,inf,,,,,,,,,,,19,02,yes,no,no,2025-07-14_14h23.31.760,EXNAT_4_TMS_Psychopy2024.2.5.psyexp,2024.2.5,2025-07-14 14h31.41.583675 +0200,
0,0,0,0,0,0,0,,,,,,,,,#F989A2,1363.4048480987549,False,space,correct rejection,None,665.2820110321045,text_14,148,10,2back_dual_main_click,2,für,68,66,134,120,inf,,,,,,,,,,,19,02,yes,no,no,2025-07-14_14h23.31.760,EXNAT_4_TMS_Psychopy2024.2.5.psyexp,2024.2.5,2025-07-14 14h31.41.583675 +0200,
0,0,0,0,0,0,0,,,,,,,,,#D292F3,1364.1249289512634,True,space,miss,None,697.0956325531006,text_14,149,10,2back_dual_main_click,2,weltweiten,68,66,134,120,inf,,,,,,,,,,,19,02,yes,no,no,2025-07-14_14h23.31.760,EXNAT_4_TMS_Psychopy2024.2.5.psyexp,2024.2.5,2025-07-14 14h31.41.583675 +0200,
0,0,0,0,0,0,0,,,,,,,,,#88BA3F,1364.8768503665924,False,space,correct rejection,None,1449.2816925048828,text_14,150,10,2back_dual_main_click,2,Ruhm.,68,66,134,120,inf,,,,,,,,,,,19,02,yes,no,no,2025-07-14_14h23.31.760,EXNAT_4_TMS_Psychopy2024.2.5.psyexp,2024.2.5,2025-07-14 14h31.41.583675 +0200,
0,0,0,0,0,0,0,,,,,,,,,,1366.3886635303497,,2,,,,text_14,,10,2back_dual_main_click,,,,,,,,,Q1,b,False,,,,,,,19,02,yes,no,no,2025-07-14_14h23.31.760,EXNAT_4_TMS_Psychopy2024.2.5.psyexp,2024.2.5,2025-07-14 14h31.41.583675 +0200,
0,0,0,0,0,0,0,,,,,,,,,,1375.3182244300842,,2,,,,text_14,,10,2back_dual_main_click,,,,,,,,,Q2,b,True,,,,,,,19,02,yes,no,no,2025-07-14_14h23.31.760,EXNAT_4_TMS_Psychopy2024.2.5.psyexp,2024.2.5,2025-07-14 14h31.41.583675 +0200,
0,0,0,0,0,0,0,,,,,,,,,,1382.5049841403961,,3,,,,text_14,,10,2back_dual_main_click,,,,,,,,,Q3,c,True,,,,,,,19,02,yes,no,no,2025-07-14_14h23.31.760,EXNAT_4_TMS_Psychopy2024.2.5.psyexp,2024.2.5,2025-07-14 14h31.41.583675 +0200,
0,0,0,0,0,0,0,,,,,,,,,,,,,,,,,,,,,,,,,,,,,,,1385.8239288330078,1385.823949098587,,,,,19,02,yes,no,no,2025-07-14_14h23.31.760,EXNAT_4_TMS_Psychopy2024.2.5.psyexp,2024.2.5,2025-07-14 14h31.41.583675 +0200,
1,0,1,1,0,1,0,,,,,1385.8522486686707,,,,,,,,,,,,,,,,,,,,,,,,,,1385.8243644237518,1385.8245062828064,,,,,19,02,yes,no,no,2025-07-14_14h23.31.760,EXNAT_4_TMS_Psychopy2024.2.5.psyexp,2024.2.5,2025-07-14 14h31.41.583675 +0200,
2,0,2,2,0,2,0,,,,,1385.8522486686707,,,,,,,,,,,,,,,,,,,,,,,,,,1385.8248281478882,1385.8248898983002,,,,,19,02,yes,no,no,2025-07-14_14h23.31.760,EXNAT_4_TMS_Psychopy2024.2.5.psyexp,2024.2.5,2025-07-14 14h31.41.583675 +0200,
3,0,3,3,0,3,0,,,,,1385.8522486686707,,,,,,,,,,,,,,,,,,,,,,,,,,1385.8251960277557,1385.8252563476562,,,,,19,02,yes,no,no,2025-07-14_14h23.31.760,EXNAT_4_TMS_Psychopy2024.2.5.psyexp,2024.2.5,2025-07-14 14h31.41.583675 +0200,
4,0,4,4,0,4,0,,,,,1385.8522486686707,,,,,,,,,,,,,,,,,,,,,,,,,,1385.825561761856,1385.8256220817566,,,,,19,02,yes,no,no,2025-07-14_14h23.31.760,EXNAT_4_TMS_Psychopy2024.2.5.psyexp,2024.2.5,2025-07-14 14h31.41.583675 +0200,
0,0,0,,,,,0,0,0,0,1385.8522486686707,,,,#88BA3F,1398.2470450401306,False,space,correct rejection,None,574.8748779296875,,1,11,1back_single_main_click,1,,1,0,1,24,12,1398.299415588379,,,,,,,,,,19,02,yes,no,no,2025-07-14_14h23.31.760,EXNAT_4_TMS_Psychopy2024.2.5.psyexp,2024.2.5,2025-07-14 14h31.41.583675 +0200,
0,0,0,,,,,0,0,0,0,,,,,#F989A2,1399.0354497432709,False,space,correct rejection,None,410.65502166748047,,2,11,1back_single_main_click,1,,1,0,1,24,12,,,,,,,,,,,19,02,yes,no,no,2025-07-14_14h23.31.760,EXNAT_4_TMS_Psychopy2024.2.5.psyexp,2024.2.5,2025-07-14 14h31.41.583675 +0200,
0,0,0,,,,,0,0,0,0,,,,,#F989A2,1399.6608016490936,True,l,hit,553.3154010772705,729.1920185089111,,3,11,1back_single_main_click,1,,1,0,1,24,12,,,,,,,,,,,19,02,yes,no,no,2025-07-14_14h23.31.760,EXNAT_4_TMS_Psychopy2024.2.5.psyexp,2024.2.5,2025-07-14 14h31.41.583675 +0200,
0,0,0,,,,,0,0,0,0,,,,,#88BA3F,1400.606432914734,False,space,correct rejection,None,487.6852035522461,,4,11,1back_single_main_click,1,,1,0,1,24,12,,,,,,,,,,,19,02,yes,no,no,2025-07-14_14h23.31.760,EXNAT_4_TMS_Psychopy2024.2.5.psyexp,2024.2.5,2025-07-14 14h31.41.583675 +0200,
0,0,0,,,,,0,0,0,0,,,,,#D292F3,1401.311029434204,False,space,correct rejection,None,375.02336502075195,,5,11,1back_single_main_click,1,,1,0,1,24,12,,,,,,,,,,,19,02,yes,no,no,2025-07-14_14h23.31.760,EXNAT_4_TMS_Psychopy2024.2.5.psyexp,2024.2.5,2025-07-14 14h31.41.583675 +0200,
0,0,0,,,,,0,0,0,0,,,,,#D292F3,1401.9028842449188,True,space,miss,None,391.2162780761719,,6,11,1back_single_main_click,1,,1,0,1,24,12,,,,,,,,,,,19,02,yes,no,no,2025-07-14_14h23.31.760,EXNAT_4_TMS_Psychopy2024.2.5.psyexp,2024.2.5,2025-07-14 14h31.41.583675 +0200,
0,0,0,,,,,0,0,0,0,,,,,#F989A2,1402.510843038559,False,space,correct rejection,None,487.37049102783203,,7,11,1back_single_main_click,1,,1,0,1,24,12,,,,,,,,,,,19,02,yes,no,no,2025-07-14_14h23.31.760,EXNAT_4_TMS_Psychopy2024.2.5.psyexp,2024.2.5,2025-07-14 14h31.41.583675 +0200,
0,0,0,,,,,0,0,0,0,,,,,#2AB7EF,1403.2150893211365,False,space,correct rejection,None,407.015323638916,,8,11,1back_single_main_click,1,,2,0,2,24,12,1403.2994544506073,,,,,,,,,,19,02,yes,no,no,2025-07-14_14h23.31.760,EXNAT_4_TMS_Psychopy2024.2.5.psyexp,2024.2.5,2025-07-14 14h31.41.583675 +0200,
0,0,0,,,,,0,0,0,0,,,,,#D292F3,1403.8388903141022,False,space,correct rejection,None,663.2280349731445,,9,11,1back_single_main_click,1,,2,0,2,24,12,,,,,,,,,,,19,02,yes,no,no,2025-07-14_14h23.31.760,EXNAT_4_TMS_Psychopy2024.2.5.psyexp,2024.2.5,2025-07-14 14h31.41.583675 +0200,
0,0,0,,,,,0,0,0,0,,,,,#88BA3F,1404.7255563735962,False,space,correct rejection,None,448.3828544616699,,10,11,1back_single_main_click,1,,2,0,2,24,12,,,,,,,,,,,19,02,yes,no,no,2025-07-14_14h23.31.760,EXNAT_4_TMS_Psychopy2024.2.5.psyexp,2024.2.5,2025-07-14 14h31.41.583675 +0200,
0,0,0,,,,,0,0,0,0,,,,,#2AB7EF,1405.3975081443787,False,space,correct rejection,None,448.6498832702637,,11,11,1back_single_main_click,1,,2,0,2,24,12,,,,,,,,,,,19,02,yes,no,no,2025-07-14_14h23.31.760,EXNAT_4_TMS_Psychopy2024.2.5.psyexp,2024.2.5,2025-07-14 14h31.41.583675 +0200,
0,0,0,,,,,0,0,0,0,,,,,#2AB7EF,1406.070114850998,True,l,hit,496.10447883605957,623.7976551055908,,12,11,1back_single_main_click,1,,2,0,2,24,12,,,,,,,,,,,19,02,yes,no,no,2025-07-14_14h23.31.760,EXNAT_4_TMS_Psychopy2024.2.5.psyexp,2024.2.5,2025-07-14 14h31.41.583675 +0200,
0,0,0,,,,,0,0,0,0,,,,,#88BA3F,1406.9180226325989,False,space,correct rejection,None,560.1670742034912,,13,11,1back_single_main_click,1,,2,0,2,24,12,,,,,,,,,,,19,02,yes,no,no,2025-07-14_14h23.31.760,EXNAT_4_TMS_Psychopy2024.2.5.psyexp,2024.2.5,2025-07-14 14h31.41.583675 +0200,
0,0,0,,,,,0,0,0,0,,,,,#2AB7EF,1407.7018864154816,False,space,correct rejection,None,592.3111438751221,,14,11,1back_single_main_click,1,,2,0,2,24,12,,,,,,,,,,,19,02,yes,no,no,2025-07-14_14h23.31.760,EXNAT_4_TMS_Psychopy2024.2.5.psyexp,2024.2.5,2025-07-14 14h31.41.583675 +0200,
0,0,0,,,,,0,0,0,0,,,,,#F989A2,1408.5176258087158,False,space,correct rejection,None,512.5143527984619,,15,11,1back_single_main_click,1,,2,0,2,24,12,,,,,,,,,,,19,02,yes,no,no,2025-07-14_14h23.31.760,EXNAT_4_TMS_Psychopy2024.2.5.psyexp,2024.2.5,2025-07-14 14h31.41.583675 +0200,
0,0,0,,,,,0,0,0,0,,,,,#F989A2,1409.2538874149323,True,space,miss,None,400.3100395202637,,16,11,1back_single_main_click,1,,2,1,3,24,12,1409.3042621612549,,,,,,,,,,19,02,yes,no,no,2025-07-14_14h23.31.760,EXNAT_4_TMS_Psychopy2024.2.5.psyexp,2024.2.5,2025-07-14 14h31.41.583675 +0200,
0,0,0,,,,,0,0,0,0,,,,,#88BA3F,1409.8780465126038,False,space,correct rejection,None,1040.1041507720947,,17,11,1back_single_main_click,1,,2,1,3,24,12,,,,,,,,,,,19,02,yes,no,no,2025-07-14_14h23.31.760,EXNAT_4_TMS_Psychopy2024.2.5.psyexp,2024.2.5,2025-07-14 14h31.41.583675 +0200,
0,0,0,,,,,0,0,0,0,,,,,#D292F3,1411.14178109169,False,space,correct rejection,None,400.2721309661865,,18,11,1back_single_main_click,1,,2,1,3,24,12,,,,,,,,,,,19,02,yes,no,no,2025-07-14_14h23.31.760,EXNAT_4_TMS_Psychopy2024.2.5.psyexp,2024.2.5,2025-07-14 14h31.41.583675 +0200,
0,0,0,,,,,0,0,0,0,,,,,#2AB7EF,1411.7658774852753,False,space,correct rejection,None,576.2054920196533,,19,11,1back_single_main_click,1,,2,1,3,24,12,,,,,,,,,,,19,02,yes,no,no,2025-07-14_14h23.31.760,EXNAT_4_TMS_Psychopy2024.2.5.psyexp,2024.2.5,2025-07-14 14h31.41.583675 +0200,
0,0,0,,,,,0,0,0,0,,,,,#F989A2,1412.5655736923218,False,space,correct rejection,None,736.5367412567139,,20,11,1back_single_main_click,1,,2,1,3,24,12,,,,,,,,,,,19,02,yes,no,no,2025-07-14_14h23.31.760,EXNAT_4_TMS_Psychopy2024.2.5.psyexp,2024.2.5,2025-07-14 14h31.41.583675 +0200,
0,0,0,,,,,0,0,0,0,,,,,#2AB7EF,1413.5252513885498,False,space,correct rejection,None,401.0007381439209,,21,11,1back_single_main_click,1,,2,1,3,24,12,,,,,,,,,,,19,02,yes,no,no,2025-07-14_14h23.31.760,EXNAT_4_TMS_Psychopy2024.2.5.psyexp,2024.2.5,2025-07-14 14h31.41.583675 +0200,
0,0,0,,,,,0,0,0,0,,,,,#D292F3,1414.1497864723206,False,space,correct rejection,None,448.2142925262451,,22,11,1back_single_main_click,1,,3,1,4,24,12,1414.304109096527,,,,,,,,,,19,02,yes,no,no,2025-07-14_14h23.31.760,EXNAT_4_TMS_Psychopy2024.2.5.psyexp,2024.2.5,2025-07-14 14h31.41.583675 +0200,
0,0,0,,,,,0,0,0,0,,,,,#D292F3,1414.821857213974,True,l,hit,560.2962970733643,736.1664772033691,,23,11,1back_single_main_click,1,,3,1,4,24,12,,,,,,,,,,,19,02,yes,no,no,2025-07-14_14h23.31.760,EXNAT_4_TMS_Psychopy2024.2.5.psyexp,2024.2.5,2025-07-14 14h31.41.583675 +0200,
0,0,0,,,,,0,0,0,0,,,,,#88BA3F,1415.7817327976227,False,space,correct rejection,None,464.4050598144531,,24,11,1back_single_main_click,1,,3,1,4,24,12,,,,,,,,,,,19,02,yes,no,no,2025-07-14_14h23.31.760,EXNAT_4_TMS_Psychopy2024.2.5.psyexp,2024.2.5,2025-07-14 14h31.41.583675 +0200,
0,0,0,,,,,0,0,0,0,,,,,#2AB7EF,1416.4698939323425,False,space,correct rejection,None,480.2205562591553,,25,11,1back_single_main_click,1,,3,1,4,24,12,,,,,,,,,,,19,02,yes,no,no,2025-07-14_14h23.31.760,EXNAT_4_TMS_Psychopy2024.2.5.psyexp,2024.2.5,2025-07-14 14h31.41.583675 +0200,
0,0,0,,,,,0,0,0,0,,,,,#F989A2,1417.173587322235,False,space,correct rejection,None,624.3484020233154,,26,11,1back_single_main_click,1,,3,1,4,24,12,,,,,,,,,,,19,02,yes,no,no,2025-07-14_14h23.31.760,EXNAT_4_TMS_Psychopy2024.2.5.psyexp,2024.2.5,2025-07-14 14h31.41.583675 +0200,
0,0,0,,,,,0,0,0,0,,,,,#88BA3F,1418.021139383316,False,space,correct rejection,None,576.8496990203857,,27,11,1back_single_main_click,1,,3,1,4,24,12,,,,,,,,,,,19,02,yes,no,no,2025-07-14_14h23.31.760,EXNAT_4_TMS_Psychopy2024.2.5.psyexp,2024.2.5,2025-07-14 14h31.41.583675 +0200,
0,0,0,,,,,0,0,0,0,,,,,#88BA3F,1418.821792125702,True,l,hit,512.3004913330078,656.1839580535889,,28,11,1back_single_main_click,1,,3,2,5,24,12,1419.3041276931763,,,,,,,,,,19,02,yes,no,no,2025-07-14_14h23.31.760,EXNAT_4_TMS_Psychopy2024.2.5.psyexp,2024.2.5,2025-07-14 14h31.41.583675 +0200,
0,0,0,,,,,0,0,0,0,,,,,#2AB7EF,1419.7018206119537,False,space,correct rejection,None,384.15002822875977,,29,11,1back_single_main_click,1,,3,2,5,24,12,,,,,,,,,,,19,02,yes,no,no,2025-07-14_14h23.31.760,EXNAT_4_TMS_Psychopy2024.2.5.psyexp,2024.2.5,2025-07-14 14h31.41.583675 +0200,
0,0,0,,,,,0,0,0,0,,,,,#F989A2,1420.3096034526825,False,space,correct rejection,None,416.57423973083496,,30,11,1back_single_main_click,1,,3,2,5,24,12,,,,,,,,,,,19,02,yes,no,no,2025-07-14_14h23.31.760,EXNAT_4_TMS_Psychopy2024.2.5.psyexp,2024.2.5,2025-07-14 14h31.41.583675 +0200,
0,0,0,,,,,0,0,0,0,,,,,#D292F3,1420.9496066570282,False,space,correct rejection,None,496.50096893310547,,31,11,1back_single_main_click,1,,3,2,5,24,12,,,,,,,,,,,19,02,yes,no,no,2025-07-14_14h23.31.760,EXNAT_4_TMS_Psychopy2024.2.5.psyexp,2024.2.5,2025-07-14 14h31.41.583675 +0200,
0,0,0,,,,,0,0,0,0,,,,,#D292F3,1421.6694812774658,True,l,hit,560.7330799102783,672.5468635559082,,32,11,1back_single_main_click,1,,3,2,5,24,12,,,,,,,,,,,19,02,yes,no,no,2025-07-14_14h23.31.760,EXNAT_4_TMS_Psychopy2024.2.5.psyexp,2024.2.5,2025-07-14 14h31.41.583675 +0200,
0,0,0,,,,,0,0,0,0,,,,,#D292F3,1422.565358877182,True,space,miss,None,400.6199836730957,,33,11,1back_single_main_click,1,,3,2,5,24,12,,,,,,,,,,,19,02,yes,no,no,2025-07-14_14h23.31.760,EXNAT_4_TMS_Psychopy2024.2.5.psyexp,2024.2.5,2025-07-14 14h31.41.583675 +0200,
0,0,0,,,,,0,0,0,0,,,,,#D292F3,1423.1894173622131,True,l,hit,544.675350189209,672.562837600708,,34,11,1back_single_main_click,1,,3,2,5,24,12,,,,,,,,,,,19,02,yes,no,no,2025-07-14_14h23.31.760,EXNAT_4_TMS_Psychopy2024.2.5.psyexp,2024.2.5,2025-07-14 14h31.41.583675 +0200,
0,0,0,,,,,0,0,0,0,,,,,#2AB7EF,1424.0857470035553,False,space,correct rejection,None,544.4614887237549,,35,11,1back_single_main_click,1,,4,2,6,24,12,1424.3042042255402,,,,,,,,,,19,02,yes,no,no,2025-07-14_14h23.31.760,EXNAT_4_TMS_Psychopy2024.2.5.psyexp,2024.2.5,2025-07-14 14h31.41.583675 +0200,
0,0,0,,,,,0,0,0,0,,,,,#F989A2,1424.8539803028107,False,space,correct rejection,None,1040.1434898376465,,36,11,1back_single_main_click,1,,4,2,6,24,12,,,,,,,,,,,19,02,yes,no,no,2025-07-14_14h23.31.760,EXNAT_4_TMS_Psychopy2024.2.5.psyexp,2024.2.5,2025-07-14 14h31.41.583675 +0200,
0,0,0,,,,,0,0,0,0,,,,,#D292F3,1426.1183421611786,False,space,correct rejection,None,575.7763385772705,,37,11,1back_single_main_click,1,,4,2,6,24,12,,,,,,,,,,,19,02,yes,no,no,2025-07-14_14h23.31.760,EXNAT_4_TMS_Psychopy2024.2.5.psyexp,2024.2.5,2025-07-14 14h31.41.583675 +0200,
0,0,0,,,,,0,0,0,0,,,,,#D292F3,1426.9173383712769,True,l,hit,560.8255863189697,656.684398651123,,38,11,1back_single_main_click,1,,4,2,6,24,12,,,,,,,,,,,19,02,yes,no,no,2025-07-14_14h23.31.760,EXNAT_4_TMS_Psychopy2024.2.5.psyexp,2024.2.5,2025-07-14 14h31.41.583675 +0200,
0,0,0,,,,,0,0,0,0,,,,,#2AB7EF,1427.7976169586182,False,space,correct rejection,None,512.4974250793457,,39,11,1back_single_main_click,1,,4,2,6,24,12,,,,,,,,,,,19,02,yes,no,no,2025-07-14_14h23.31.760,EXNAT_4_TMS_Psychopy2024.2.5.psyexp,2024.2.5,2025-07-14 14h31.41.583675 +0200,
0,0,0,,,,,0,0,0,0,,,,,#88BA3F,1428.53280043602,False,space,correct rejection,None,433.40110778808594,,40,11,1back_single_main_click,1,,4,2,6,24,12,,,,,,,,,,,19,02,yes,no,no,2025-07-14_14h23.31.760,EXNAT_4_TMS_Psychopy2024.2.5.psyexp,2024.2.5,2025-07-14 14h31.41.583675 +0200,
0,0,0,,,,,0,0,0,0,,,,,#2AB7EF,1429.1898834705353,False,space,correct rejection,None,640.0854587554932,,41,11,1back_single_main_click,1,,4,2,6,24,12,,,,,,,,,,,19,02,yes,no,no,2025-07-14_14h23.31.760,EXNAT_4_TMS_Psychopy2024.2.5.psyexp,2024.2.5,2025-07-14 14h31.41.583675 +0200,
0,0,0,,,,,0,0,0,0,,,,,#88BA3F,1430.0540914535522,False,space,correct rejection,None,544.1155433654785,,42,11,1back_single_main_click,1,,4,2,6,24,12,,,,,,,,,,,19,02,yes,no,no,2025-07-14_14h23.31.760,EXNAT_4_TMS_Psychopy2024.2.5.psyexp,2024.2.5,2025-07-14 14h31.41.583675 +0200,
0,0,0,,,,,0,0,0,0,,,,,#F989A2,1430.8216605186462,False,space,correct rejection,None,400.49099922180176,,43,11,1back_single_main_click,1,,4,2,6,24,12,,,,,,,,,,,19,02,yes,no,no,2025-07-14_14h23.31.760,EXNAT_4_TMS_Psychopy2024.2.5.psyexp,2024.2.5,2025-07-14 14h31.41.583675 +0200,
0,0,0,,,,,0,0,0,0,,,,,#88BA3F,1431.445517539978,False,space,correct rejection,None,560.6107711791992,,44,11,1back_single_main_click,1,,4,2,6,24,12,,,,,,,,,,,19,02,yes,no,no,2025-07-14_14h23.31.760,EXNAT_4_TMS_Psychopy2024.2.5.psyexp,2024.2.5,2025-07-14 14h31.41.583675 +0200,
0,0,0,,,,,0,0,0,0,,,,,#D292F3,1432.2295956611633,False,space,correct rejection,None,432.5406551361084,,45,11,1back_single_main_click,1,,4,2,6,24,12,,,,,,,,,,,19,02,yes,no,no,2025-07-14_14h23.31.760,EXNAT_4_TMS_Psychopy2024.2.5.psyexp,2024.2.5,2025-07-14 14h31.41.583675 +0200,
0,0,0,,,,,0,0,0,0,,,,,#2AB7EF,1432.8857190608978,False,space,correct rejection,None,448.27938079833984,,46,11,1back_single_main_click,1,,4,2,6,24,12,,,,,,,,,,,19,02,yes,no,no,2025-07-14_14h23.31.760,EXNAT_4_TMS_Psychopy2024.2.5.psyexp,2024.2.5,2025-07-14 14h31.41.583675 +0200,
0,0,0,,,,,0,0,0,0,,,,,#F989A2,1433.5558528900146,False,space,correct rejection,None,610.37278175354,,47,11,1back_single_main_click,1,,4,2,6,24,12,,,,,,,,,,,19,02,yes,no,no,2025-07-14_14h23.31.760,EXNAT_4_TMS_Psychopy2024.2.5.psyexp,2024.2.5,2025-07-14 14h31.41.583675 +0200,
0,0,0,,,,,0,0,0,0,,,,,#F989A2,1434.389889717102,True,l,hit,432.1308135986328,560.173511505127,,48,11,1back_single_main_click,1,,4,3,7,24,12,1434.4473872184753,,,,,,,,,,19,02,yes,no,no,2025-07-14_14h23.31.760,EXNAT_4_TMS_Psychopy2024.2.5.psyexp,2024.2.5,2025-07-14 14h31.41.583675 +0200,
0,0,0,,,,,0,0,0,0,,,,,#2AB7EF,1435.173418521881,False,space,correct rejection,None,512.8180980682373,,49,11,1back_single_main_click,1,,4,3,7,24,12,,,,,,,,,,,19,02,yes,no,no,2025-07-14_14h23.31.760,EXNAT_4_TMS_Psychopy2024.2.5.psyexp,2024.2.5,2025-07-14 14h31.41.583675 +0200,
0,0,0,,,,,0,0,0,0,,,,,#D292F3,1435.909747838974,False,space,correct rejection,None,528.4943580627441,,50,11,1back_single_main_click,1,,4,3,7,24,12,,,,,,,,,,,19,02,yes,no,no,2025-07-14_14h23.31.760,EXNAT_4_TMS_Psychopy2024.2.5.psyexp,2024.2.5,2025-07-14 14h31.41.583675 +0200,
0,0,0,,,,,0,0,0,0,,,,,#F989A2,1436.6619763374329,False,space,correct rejection,None,592.1661853790283,,51,11,1back_single_main_click,1,,4,3,7,24,12,,,,,,,,,,,19,02,yes,no,no,2025-07-14_14h23.31.760,EXNAT_4_TMS_Psychopy2024.2.5.psyexp,2024.2.5,2025-07-14 14h31.41.583675 +0200,
0,0,0,,,,,0,0,0,0,,,,,#F989A2,1437.4777166843414,True,l,hit,624.4704723358154,736.3464832305908,,52,11,1back_single_main_click,1,,4,3,7,24,12,,,,,,,,,,,19,02,yes,no,no,2025-07-14_14h23.31.760,EXNAT_4_TMS_Psychopy2024.2.5.psyexp,2024.2.5,2025-07-14 14h31.41.583675 +0200,
0,0,0,,,,,0,0,0,0,,,,,#D292F3,1438.4378595352173,False,space,correct rejection,None,480.41558265686035,,53,11,1back_single_main_click,1,,4,3,7,24,12,,,,,,,,,,,19,02,yes,no,no,2025-07-14_14h23.31.760,EXNAT_4_TMS_Psychopy2024.2.5.psyexp,2024.2.5,2025-07-14 14h31.41.583675 +0200,
0,0,0,,,,,0,0,0,0,,,,,#88BA3F,1439.1420571804047,False,space,correct rejection,None,528.2070636749268,,54,11,1back_single_main_click,1,,5,3,8,24,12,1439.44726228714,,,,,,,,,,19,02,yes,no,no,2025-07-14_14h23.31.760,EXNAT_4_TMS_Psychopy2024.2.5.psyexp,2024.2.5,2025-07-14 14h31.41.583675 +0200,
0,0,0,,,,,0,0,0,0,,,,,#D292F3,1439.8941090106964,False,space,correct rejection,None,592.1783447265625,,55,11,1back_single_main_click,1,,5,3,8,24,12,,,,,,,,,,,19,02,yes,no,no,2025-07-14_14h23.31.760,EXNAT_4_TMS_Psychopy2024.2.5.psyexp,2024.2.5,2025-07-14 14h31.41.583675 +0200,
0,0,0,,,,,0,0,0,0,,,,,#88BA3F,1440.709840297699,False,space,correct rejection,None,512.4444961547852,,56,11,1back_single_main_click,1,,5,3,8,24,12,,,,,,,,,,,19,02,yes,no,no,2025-07-14_14h23.31.760,EXNAT_4_TMS_Psychopy2024.2.5.psyexp,2024.2.5,2025-07-14 14h31.41.583675 +0200,
0,0,0,,,,,0,0,0,0,,,,,#F989A2,1441.4459528923035,False,space,correct rejection,None,496.23823165893555,,57,11,1back_single_main_click,1,,5,3,8,24,12,,,,,,,,,,,19,02,yes,no,no,2025-07-14_14h23.31.760,EXNAT_4_TMS_Psychopy2024.2.5.psyexp,2024.2.5,2025-07-14 14h31.41.583675 +0200,
0,0,0,,,,,0,0,0,0,,,,,#2AB7EF,1442.1658363342285,False,space,correct rejection,None,496.4485168457031,,58,11,1back_single_main_click,1,,5,3,8,24,12,,,,,,,,,,,19,02,yes,no,no,2025-07-14_14h23.31.760,EXNAT_4_TMS_Psychopy2024.2.5.psyexp,2024.2.5,2025-07-14 14h31.41.583675 +0200,
0,0,0,,,,,0,0,0,0,,,,,#88BA3F,1442.8859913349152,False,space,correct rejection,None,464.3206596374512,,59,11,1back_single_main_click,1,,5,3,8,24,12,,,,,,,,,,,19,02,yes,no,no,2025-07-14_14h23.31.760,EXNAT_4_TMS_Psychopy2024.2.5.psyexp,2024.2.5,2025-07-14 14h31.41.583675 +0200,
0,0,0,,,,,0,0,0,0,,,,,#2AB7EF,1443.574238538742,False,space,correct rejection,None,768.1128978729248,,60,11,1back_single_main_click,1,,5,3,8,24,12,,,,,,,,,,,19,02,yes,no,no,2025-07-14_14h23.31.760,EXNAT_4_TMS_Psychopy2024.2.5.psyexp,2024.2.5,2025-07-14 14h31.41.583675 +0200,
0,0,0,,,,,0,0,0,0,,,,,#2AB7EF,1446.8036091327667,False,space,correct rejection,None,530.4465293884277,,1,12,1back_single_main_click,1,,5,3,8,24,12,,,,,,,,,,,19,02,yes,no,no,2025-07-14_14h23.31.760,EXNAT_4_TMS_Psychopy2024.2.5.psyexp,2024.2.5,2025-07-14 14h31.41.583675 +0200,
0,0,0,,,,,0,0,0,0,,,,,#D292F3,1447.5485787391663,False,space,correct rejection,None,377.5653839111328,,2,12,1back_single_main_click,1,,5,3,8,24,12,,,,,,,,,,,19,02,yes,no,no,2025-07-14_14h23.31.760,EXNAT_4_TMS_Psychopy2024.2.5.psyexp,2024.2.5,2025-07-14 14h31.41.583675 +0200,
0,0,0,,,,,0,0,0,0,,,,,#88BA3F,1448.140306711197,False,space,correct rejection,None,553.9538860321045,,3,12,1back_single_main_click,1,,5,3,8,24,12,,,,,,,,,,,19,02,yes,no,no,2025-07-14_14h23.31.760,EXNAT_4_TMS_Psychopy2024.2.5.psyexp,2024.2.5,2025-07-14 14h31.41.583675 +0200,
0,0,0,,,,,0,0,0,0,,,,,#2AB7EF,1448.911143064499,False,space,correct rejection,None,535.0651741027832,,4,12,1back_single_main_click,1,,5,3,8,24,12,,,,,,,,,,,19,02,yes,no,no,2025-07-14_14h23.31.760,EXNAT_4_TMS_Psychopy2024.2.5.psyexp,2024.2.5,2025-07-14 14h31.41.583675 +0200,
0,0,0,,,,,0,0,0,0,,,,,#F989A2,1449.6635482311249,False,space,correct rejection,None,534.6317291259766,,5,12,1back_single_main_click,1,,5,3,8,24,12,,,,,,,,,,,19,02,yes,no,no,2025-07-14_14h23.31.760,EXNAT_4_TMS_Psychopy2024.2.5.psyexp,2024.2.5,2025-07-14 14h31.41.583675 +0200,
0,0,0,,,,,0,0,0,0,,,,,#F989A2,1450.4150862693787,True,l,hit,599.1020202636719,742.9459095001221,,6,12,1back_single_main_click,1,,5,4,9,24,12,1450.4715585708618,,,,,,,,,,19,02,yes,no,no,2025-07-14_14h23.31.760,EXNAT_4_TMS_Psychopy2024.2.5.psyexp,2024.2.5,2025-07-14 14h31.41.583675 +0200,
0,0,0,,,,,0,0,0,0,,,,,#88BA3F,1451.3749239444733,False,space,correct rejection,None,567.2845840454102,,7,12,1back_single_main_click,1,,5,4,9,24,12,,,,,,,,,,,19,02,yes,no,no,2025-07-14_14h23.31.760,EXNAT_4_TMS_Psychopy2024.2.5.psyexp,2024.2.5,2025-07-14 14h31.41.583675 +0200,
0,0,0,,,,,0,0,0,0,,,,,#D292F3,1452.1658263206482,False,space,correct rejection,None,416.36109352111816,,8,12,1back_single_main_click,1,,5,4,9,24,12,,,,,,,,,,,19,02,yes,no,no,2025-07-14_14h23.31.760,EXNAT_4_TMS_Psychopy2024.2.5.psyexp,2024.2.5,2025-07-14 14h31.41.583675 +0200,
0,0,0,,,,,0,0,0,0,,,,,#D292F3,1452.8057742118835,True,l,hit,480.25012016296387,608.3025932312012,,9,12,1back_single_main_click,1,,5,4,9,24,12,,,,,,,,,,,19,02,yes,no,no,2025-07-14_14h23.31.760,EXNAT_4_TMS_Psychopy2024.2.5.psyexp,2024.2.5,2025-07-14 14h31.41.583675 +0200,
0,0,0,,,,,0,0,0,0,,,,,#88BA3F,1453.637303352356,False,space,correct rejection,None,512.9721164703369,,10,12,1back_single_main_click,1,,5,4,9,24,12,,,,,,,,,,,19,02,yes,no,no,2025-07-14_14h23.31.760,EXNAT_4_TMS_Psychopy2024.2.5.psyexp,2024.2.5,2025-07-14 14h31.41.583675 +0200,
0,0,0,,,,,0,0,0,0,,,,,#2AB7EF,1454.3738934993744,False,space,correct rejection,None,480.1025390625,,11,12,1back_single_main_click,1,,5,4,9,24,12,,,,,,,,,,,19,02,yes,no,no,2025-07-14_14h23.31.760,EXNAT_4_TMS_Psychopy2024.2.5.psyexp,2024.2.5,2025-07-14 14h31.41.583675 +0200,
0,0,0,,,,,0,0,0,0,,,,,#F989A2,1455.0771129131317,False,space,correct rejection,None,401.0195732116699,,12,12,1back_single_main_click,1,,6,4,10,24,12,1455.4715218544006,,,,,,,,,,19,02,yes,no,no,2025-07-14_14h23.31.760,EXNAT_4_TMS_Psychopy2024.2.5.psyexp,2024.2.5,2025-07-14 14h31.41.583675 +0200,
0,0,0,,,,,0,0,0,0,,,,,#2AB7EF,1455.7015693187714,False,space,correct rejection,None,608.5889339447021,,13,12,1back_single_main_click,1,,6,4,10,24,12,,,,,,,,,,,19,02,yes,no,no,2025-07-14_14h23.31.760,EXNAT_4_TMS_Psychopy2024.2.5.psyexp,2024.2.5,2025-07-14 14h31.41.583675 +0200,
0,0,0,,,,,0,0,0,0,,,,,#F989A2,1456.533703327179,False,l,false alarm,688.3478164672852,1376.368761062622,,14,12,1back_single_main_click,1,,6,4,10,24,12,,,,,,,,,,,19,02,yes,no,no,2025-07-14_14h23.31.760,EXNAT_4_TMS_Psychopy2024.2.5.psyexp,2024.2.5,2025-07-14 14h31.41.583675 +0200,
0,0,0,,,,,0,0,0,0,,,,,#88BA3F,1458.133484840393,False,space,correct rejection,None,464.7057056427002,,15,12,1back_single_main_click,1,,6,4,10,24,12,,,,,,,,,,,19,02,yes,no,no,2025-07-14_14h23.31.760,EXNAT_4_TMS_Psychopy2024.2.5.psyexp,2024.2.5,2025-07-14 14h31.41.583675 +0200,
0,0,0,,,,,0,0,0,0,,,,,#88BA3F,1458.8217551708221,True,l,hit,496.36363983154297,592.1707153320312,,16,12,1back_single_main_click,1,,6,4,10,24,12,,,,,,,,,,,19,02,yes,no,no,2025-07-14_14h23.31.760,EXNAT_4_TMS_Psychopy2024.2.5.psyexp,2024.2.5,2025-07-14 14h31.41.583675 +0200,
0,0,0,,,,,0,0,0,0,,,,,#D292F3,1459.6377925872803,False,space,correct rejection,None,496.384859085083,,17,12,1back_single_main_click,1,,6,4,10,24,12,,,,,,,,,,,19,02,yes,no,no,2025-07-14_14h23.31.760,EXNAT_4_TMS_Psychopy2024.2.5.psyexp,2024.2.5,2025-07-14 14h31.41.583675 +0200,
0,0,0,,,,,0,0,0,0,,,,,#D292F3,1460.3583233356476,True,l,hit,719.8967933654785,815.6082630157471,,18,12,1back_single_main_click,1,,6,5,11,24,12,1460.471613407135,,,,,,,,,,19,02,yes,no,no,2025-07-14_14h23.31.760,EXNAT_4_TMS_Psychopy2024.2.5.psyexp,2024.2.5,2025-07-14 14h31.41.583675 +0200,
0,0,0,,,,,0,0,0,0,,,,,#88BA3F,1461.3978097438812,False,space,correct rejection,None,496.3982105255127,,19,12,1back_single_main_click,1,,6,5,11,24,12,,,,,,,,,,,19,02,yes,no,no,2025-07-14_14h23.31.760,EXNAT_4_TMS_Psychopy2024.2.5.psyexp,2024.2.5,2025-07-14 14h31.41.583675 +0200,
0,0,0,,,,,0,0,0,0,,,,,#2AB7EF,1462.1177475452423,False,space,correct rejection,None,448.4992027282715,,20,12,1back_single_main_click,1,,6,5,11,24,12,,,,,,,,,,,19,02,yes,no,no,2025-07-14_14h23.31.760,EXNAT_4_TMS_Psychopy2024.2.5.psyexp,2024.2.5,2025-07-14 14h31.41.583675 +0200,
0,0,0,,,,,0,0,0,0,,,,,#F989A2,1462.7909252643585,False,space,correct rejection,None,495.3272342681885,,21,12,1back_single_main_click,1,,6,5,11,24,12,,,,,,,,,,,19,02,yes,no,no,2025-07-14_14h23.31.760,EXNAT_4_TMS_Psychopy2024.2.5.psyexp,2024.2.5,2025-07-14 14h31.41.583675 +0200,
0,0,0,,,,,0,0,0,0,,,,,#2AB7EF,1463.5098931789398,False,space,correct rejection,None,432.3246479034424,,22,12,1back_single_main_click,1,,6,5,11,24,12,,,,,,,,,,,19,02,yes,no,no,2025-07-14_14h23.31.760,EXNAT_4_TMS_Psychopy2024.2.5.psyexp,2024.2.5,2025-07-14 14h31.41.583675 +0200,
0,0,0,,,,,0,0,0,0,,,,,#F989A2,1464.1657423973083,False,space,correct rejection,None,688.4598731994629,,23,12,1back_single_main_click,1,,6,5,11,24,12,,,,,,,,,,,19,02,yes,no,no,2025-07-14_14h23.31.760,EXNAT_4_TMS_Psychopy2024.2.5.psyexp,2024.2.5,2025-07-14 14h31.41.583675 +0200,
0,0,0,,,,,0,0,0,0,,,,,#D292F3,1465.0774836540222,False,space,correct rejection,None,400.56657791137695,,24,12,1back_single_main_click,1,,7,5,12,24,12,1465.471561908722,,,,,,,,,,19,02,yes,no,no,2025-07-14_14h23.31.760,EXNAT_4_TMS_Psychopy2024.2.5.psyexp,2024.2.5,2025-07-14 14h31.41.583675 +0200,
0,0,0,,,,,0,0,0,0,,,,,#2AB7EF,1465.701361656189,False,space,correct rejection,None,416.8844223022461,,25,12,1back_single_main_click,1,,7,5,12,24,12,,,,,,,,,,,19,02,yes,no,no,2025-07-14_14h23.31.760,EXNAT_4_TMS_Psychopy2024.2.5.psyexp,2024.2.5,2025-07-14 14h31.41.583675 +0200,
0,0,0,,,,,0,0,0,0,,,,,#88BA3F,1466.341867685318,False,space,correct rejection,None,464.2748832702637,,26,12,1back_single_main_click,1,,7,5,12,24,12,,,,,,,,,,,19,02,yes,no,no,2025-07-14_14h23.31.760,EXNAT_4_TMS_Psychopy2024.2.5.psyexp,2024.2.5,2025-07-14 14h31.41.583675 +0200,
0,0,0,,,,,0,0,0,0,,,,,#F989A2,1467.0297400951385,False,space,correct rejection,None,528.5122394561768,,27,12,1back_single_main_click,1,,7,5,12,24,12,,,,,,,,,,,19,02,yes,no,no,2025-07-14_14h23.31.760,EXNAT_4_TMS_Psychopy2024.2.5.psyexp,2024.2.5,2025-07-14 14h31.41.583675 +0200,
0,0,0,,,,,0,0,0,0,,,,,#D292F3,1467.7826418876648,False,space,correct rejection,None,543.4792041778564,,28,12,1back_single_main_click,1,,7,5,12,24,12,,,,,,,,,,,19,02,yes,no,no,2025-07-14_14h23.31.760,EXNAT_4_TMS_Psychopy2024.2.5.psyexp,2024.2.5,2025-07-14 14h31.41.583675 +0200,
0,0,0,,,,,0,0,0,0,,,,,#D292F3,1468.5499503612518,True,space,miss,None,480.24749755859375,,29,12,1back_single_main_click,1,,7,5,12,24,12,,,,,,,,,,,19,02,yes,no,no,2025-07-14_14h23.31.760,EXNAT_4_TMS_Psychopy2024.2.5.psyexp,2024.2.5,2025-07-14 14h31.41.583675 +0200,
0,0,0,,,,,0,0,0,0,,,,,#F989A2,1469.2538471221924,False,space,correct rejection,None,560.2097511291504,,30,12,1back_single_main_click,1,,7,5,12,24,12,,,,,,,,,,,19,02,yes,no,no,2025-07-14_14h23.31.760,EXNAT_4_TMS_Psychopy2024.2.5.psyexp,2024.2.5,2025-07-14 14h31.41.583675 +0200,
0,0,0,,,,,0,0,0,0,,,,,#88BA3F,1470.038179397583,False,space,correct rejection,None,416.05615615844727,,31,12,1back_single_main_click,1,,7,5,12,24,12,,,,,,,,,,,19,02,yes,no,no,2025-07-14_14h23.31.760,EXNAT_4_TMS_Psychopy2024.2.5.psyexp,2024.2.5,2025-07-14 14h31.41.583675 +0200,
0,0,0,,,,,0,0,0,0,,,,,#88BA3F,1470.6778717041016,True,l,hit,608.2944869995117,720.1330661773682,,32,12,1back_single_main_click,1,,7,6,13,24,12,1470.7362842559814,,,,,,,,,,19,02,yes,no,no,2025-07-14_14h23.31.760,EXNAT_4_TMS_Psychopy2024.2.5.psyexp,2024.2.5,2025-07-14 14h31.41.583675 +0200,
0,0,0,,,,,0,0,0,0,,,,,#2AB7EF,1471.6214454174042,False,space,correct rejection,None,528.6498069763184,,33,12,1back_single_main_click,1,,7,6,13,24,12,,,,,,,,,,,19,02,yes,no,no,2025-07-14_14h23.31.760,EXNAT_4_TMS_Psychopy2024.2.5.psyexp,2024.2.5,2025-07-14 14h31.41.583675 +0200,
0,0,0,,,,,0,0,0,0,,,,,#D292F3,1472.3739626407623,False,space,correct rejection,None,448.15850257873535,,34,12,1back_single_main_click,1,,7,6,13,24,12,,,,,,,,,,,19,02,yes,no,no,2025-07-14_14h23.31.760,EXNAT_4_TMS_Psychopy2024.2.5.psyexp,2024.2.5,2025-07-14 14h31.41.583675 +0200,
0,0,0,,,,,0,0,0,0,,,,,#F989A2,1473.0459094047546,False,space,correct rejection,None,608.278751373291,,35,12,1back_single_main_click,1,,7,6,13,24,12,,,,,,,,,,,19,02,yes,no,no,2025-07-14_14h23.31.760,EXNAT_4_TMS_Psychopy2024.2.5.psyexp,2024.2.5,2025-07-14 14h31.41.583675 +0200,
0,0,0,,,,,0,0,0,0,,,,,#D292F3,1473.8775868415833,False,space,correct rejection,None,560.6095790863037,,36,12,1back_single_main_click,1,,7,6,13,24,12,,,,,,,,,,,19,02,yes,no,no,2025-07-14_14h23.31.760,EXNAT_4_TMS_Psychopy2024.2.5.psyexp,2024.2.5,2025-07-14 14h31.41.583675 +0200,
0,0,0,,,,,0,0,0,0,,,,,#D292F3,1474.6618790626526,True,l,hit,528.3317565917969,607.9449653625488,,37,12,1back_single_main_click,1,,7,6,13,24,12,,,,,,,,,,,19,02,yes,no,no,2025-07-14_14h23.31.760,EXNAT_4_TMS_Psychopy2024.2.5.psyexp,2024.2.5,2025-07-14 14h31.41.583675 +0200,
0,0,0,,,,,0,0,0,0,,,,,#D292F3,1475.4929082393646,True,l,hit,465.3356075286865,545.2609062194824,,38,12,1back_single_main_click,1,,7,7,14,24,12,1475.736249446869,,,,,,,,,,19,02,yes,no,no,2025-07-14_14h23.31.760,EXNAT_4_TMS_Psychopy2024.2.5.psyexp,2024.2.5,2025-07-14 14h31.41.583675 +0200,
0,0,0,,,,,0,0,0,0,,,,,#2AB7EF,1476.2617900371552,False,space,correct rejection,None,528.3384323120117,,39,12,1back_single_main_click,1,,7,7,14,24,12,,,,,,,,,,,19,02,yes,no,no,2025-07-14_14h23.31.760,EXNAT_4_TMS_Psychopy2024.2.5.psyexp,2024.2.5,2025-07-14 14h31.41.583675 +0200,
0,0,0,,,,,0,0,0,0,,,,,#F989A2,1477.0145540237427,False,space,correct rejection,None,543.6418056488037,,40,12,1back_single_main_click,1,,7,7,14,24,12,,,,,,,,,,,19,02,yes,no,no,2025-07-14_14h23.31.760,EXNAT_4_TMS_Psychopy2024.2.5.psyexp,2024.2.5,2025-07-14 14h31.41.583675 +0200,
0,0,0,,,,,0,0,0,0,,,,,#F989A2,1477.7818586826324,True,l,hit,608.1395149230957,688.140869140625,,41,12,1back_single_main_click,1,,7,7,14,24,12,,,,,,,,,,,19,02,yes,no,no,2025-07-14_14h23.31.760,EXNAT_4_TMS_Psychopy2024.2.5.psyexp,2024.2.5,2025-07-14 14h31.41.583675 +0200,
0,0,0,,,,,0,0,0,0,,,,,#88BA3F,1478.693992137909,False,space,correct rejection,None,464.1866683959961,,42,12,1back_single_main_click,1,,7,7,14,24,12,,,,,,,,,,,19,02,yes,no,no,2025-07-14_14h23.31.760,EXNAT_4_TMS_Psychopy2024.2.5.psyexp,2024.2.5,2025-07-14 14h31.41.583675 +0200,
0,0,0,,,,,0,0,0,0,,,,,#2AB7EF,1479.3819370269775,False,space,correct rejection,None,432.15179443359375,,43,12,1back_single_main_click,1,,7,7,14,24,12,,,,,,,,,,,19,02,yes,no,no,2025-07-14_14h23.31.760,EXNAT_4_TMS_Psychopy2024.2.5.psyexp,2024.2.5,2025-07-14 14h31.41.583675 +0200,
0,0,0,,,,,0,0,0,0,,,,,#2AB7EF,1480.037210226059,True,l,hit,656.855583190918,736.8309497833252,,44,12,1back_single_main_click,1,,7,8,15,24,12,1480.7362308502197,,,,,,,,,,19,02,yes,no,no,2025-07-14_14h23.31.760,EXNAT_4_TMS_Psychopy2024.2.5.psyexp,2024.2.5,2025-07-14 14h31.41.583675 +0200,
0,0,0,,,,,0,0,0,0,,,,,#F989A2,1480.9974286556244,False,space,correct rejection,None,464.83826637268066,,45,12,1back_single_main_click,1,,7,8,15,24,12,,,,,,,,,,,19,02,yes,no,no,2025-07-14_14h23.31.760,EXNAT_4_TMS_Psychopy2024.2.5.psyexp,2024.2.5,2025-07-14 14h31.41.583675 +0200,
0,0,0,,,,,0,0,0,0,,,,,#88BA3F,1481.6860768795013,False,space,correct rejection,None,480.0739288330078,,46,12,1back_single_main_click,1,,7,8,15,24,12,,,,,,,,,,,19,02,yes,no,no,2025-07-14_14h23.31.760,EXNAT_4_TMS_Psychopy2024.2.5.psyexp,2024.2.5,2025-07-14 14h31.41.583675 +0200,
0,0,0,,,,,0,0,0,0,,,,,#D292F3,1482.3899867534637,False,space,correct rejection,None,464.2300605773926,,47,12,1back_single_main_click,1,,7,8,15,24,12,,,,,,,,,,,19,02,yes,no,no,2025-07-14_14h23.31.760,EXNAT_4_TMS_Psychopy2024.2.5.psyexp,2024.2.5,2025-07-14 14h31.41.583675 +0200,
0,0,0,,,,,0,0,0,0,,,,,#88BA3F,1483.0778586864471,False,space,correct rejection,None,416.3544178009033,,48,12,1back_single_main_click,1,,7,8,15,24,12,,,,,,,,,,,19,02,yes,no,no,2025-07-14_14h23.31.760,EXNAT_4_TMS_Psychopy2024.2.5.psyexp,2024.2.5,2025-07-14 14h31.41.583675 +0200,
0,0,0,,,,,0,0,0,0,,,,,#F989A2,1483.7177476882935,False,space,correct rejection,None,544.4653034210205,,49,12,1back_single_main_click,1,,7,8,15,24,12,,,,,,,,,,,19,02,yes,no,no,2025-07-14_14h23.31.760,EXNAT_4_TMS_Psychopy2024.2.5.psyexp,2024.2.5,2025-07-14 14h31.41.583675 +0200,
0,0,0,,,,,0,0,0,0,,,,,#2AB7EF,1484.4855077266693,False,space,correct rejection,None,448.72283935546875,,50,12,1back_single_main_click,1,,7,8,15,24,12,,,,,,,,,,,19,02,yes,no,no,2025-07-14_14h23.31.760,EXNAT_4_TMS_Psychopy2024.2.5.psyexp,2024.2.5,2025-07-14 14h31.41.583675 +0200,
0,0,0,,,,,0,0,0,0,,,,,#D292F3,1485.1578533649445,False,space,correct rejection,None,464.2915725708008,,51,12,1back_single_main_click,1,,7,8,15,24,12,,,,,,,,,,,19,02,yes,no,no,2025-07-14_14h23.31.760,EXNAT_4_TMS_Psychopy2024.2.5.psyexp,2024.2.5,2025-07-14 14h31.41.583675 +0200,
0,0,0,,,,,0,0,0,0,,,,,#F989A2,1485.8456363677979,False,space,correct rejection,None,528.4976959228516,,52,12,1back_single_main_click,1,,8,8,16,24,12,1485.9042625427246,,,,,,,,,,19,02,yes,no,no,2025-07-14_14h23.31.760,EXNAT_4_TMS_Psychopy2024.2.5.psyexp,2024.2.5,2025-07-14 14h31.41.583675 +0200,
0,0,0,,,,,0,0,0,0,,,,,#88BA3F,1486.5974881649017,False,space,correct rejection,None,416.5356159210205,,53,12,1back_single_main_click,1,,8,8,16,24,12,,,,,,,,,,,19,02,yes,no,no,2025-07-14_14h23.31.760,EXNAT_4_TMS_Psychopy2024.2.5.psyexp,2024.2.5,2025-07-14 14h31.41.583675 +0200,
0,0,0,,,,,0,0,0,0,,,,,#88BA3F,1487.2378311157227,True,l,hit,528.425931930542,576.092004776001,,54,12,1back_single_main_click,1,,8,8,16,24,12,,,,,,,,,,,19,02,yes,no,no,2025-07-14_14h23.31.760,EXNAT_4_TMS_Psychopy2024.2.5.psyexp,2024.2.5,2025-07-14 14h31.41.583675 +0200,
0,0,0,,,,,0,0,0,0,,,,,#88BA3F,1488.0364973545074,True,l,hit,513.7035846710205,593.590497970581,,55,12,1back_single_main_click,1,,8,8,16,24,12,,,,,,,,,,,19,02,yes,no,no,2025-07-14_14h23.31.760,EXNAT_4_TMS_Psychopy2024.2.5.psyexp,2024.2.5,2025-07-14 14h31.41.583675 +0200,
0,0,0,,,,,0,0,0,0,,,,,#2AB7EF,1488.8533189296722,False,space,correct rejection,None,496.7939853668213,,56,12,1back_single_main_click,1,,8,8,16,24,12,,,,,,,,,,,19,02,yes,no,no,2025-07-14_14h23.31.760,EXNAT_4_TMS_Psychopy2024.2.5.psyexp,2024.2.5,2025-07-14 14h31.41.583675 +0200,
0,0,0,,,,,0,0,0,0,,,,,#D292F3,1489.573555469513,False,space,correct rejection,None,448.6212730407715,,57,12,1back_single_main_click,1,,8,8,16,24,12,,,,,,,,,,,19,02,yes,no,no,2025-07-14_14h23.31.760,EXNAT_4_TMS_Psychopy2024.2.5.psyexp,2024.2.5,2025-07-14 14h31.41.583675 +0200,
0,0,0,,,,,0,0,0,0,,,,,#F989A2,1490.2459802627563,False,space,correct rejection,None,432.03115463256836,,58,12,1back_single_main_click,1,,8,8,16,24,12,,,,,,,,,,,19,02,yes,no,no,2025-07-14_14h23.31.760,EXNAT_4_TMS_Psychopy2024.2.5.psyexp,2024.2.5,2025-07-14 14h31.41.583675 +0200,
0,0,0,,,,,0,0,0,0,,,,,#2AB7EF,1490.9021141529083,False,space,correct rejection,None,512.1204853057861,,59,12,1back_single_main_click,1,,9,8,17,24,12,1490.9573719501495,,,,,,,,,,19,02,yes,no,no,2025-07-14_14h23.31.760,EXNAT_4_TMS_Psychopy2024.2.5.psyexp,2024.2.5,2025-07-14 14h31.41.583675 +0200,
0,0,0,,,,,0,0,0,0,,,,,#D292F3,1491.6383318901062,False,space,correct rejection,None,495.85461616516113,,60,12,1back_single_main_click,1,,9,8,17,24,12,,,,,,,,,,,19,02,yes,no,no,2025-07-14_14h23.31.760,EXNAT_4_TMS_Psychopy2024.2.5.psyexp,2024.2.5,2025-07-14 14h31.41.583675 +0200,
0,0,0,,,,,0,0,0,0,,,,,#88BA3F,1494.6406795978546,False,space,correct rejection,None,629.4467449188232,,1,13,1back_single_main_click,1,,10,8,18,24,12,1494.6910939216614,,,,,,,,,,19,02,yes,no,no,2025-07-14_14h23.31.760,EXNAT_4_TMS_Psychopy2024.2.5.psyexp,2024.2.5,2025-07-14 14h31.41.583675 +0200,
0,0,0,,,,,0,0,0,0,,,,,#88BA3F,1495.4843354225159,True,l,hit,553.8575649261475,633.6867809295654,,2,13,1back_single_main_click,1,,10,8,18,24,12,,,,,,,,,,,19,02,yes,no,no,2025-07-14_14h23.31.760,EXNAT_4_TMS_Psychopy2024.2.5.psyexp,2024.2.5,2025-07-14 14h31.41.583675 +0200,
0,0,0,,,,,0,0,0,0,,,,,#2AB7EF,1496.3336853981018,False,space,correct rejection,None,408.51640701293945,,3,13,1back_single_main_click,1,,10,8,18,24,12,,,,,,,,,,,19,02,yes,no,no,2025-07-14_14h23.31.760,EXNAT_4_TMS_Psychopy2024.2.5.psyexp,2024.2.5,2025-07-14 14h31.41.583675 +0200,
0,0,0,,,,,0,0,0,0,,,,,#F989A2,1496.959406375885,False,space,correct rejection,None,534.8503589630127,,4,13,1back_single_main_click,1,,10,8,18,24,12,,,,,,,,,,,19,02,yes,no,no,2025-07-14_14h23.31.760,EXNAT_4_TMS_Psychopy2024.2.5.psyexp,2024.2.5,2025-07-14 14h31.41.583675 +0200,
0,0,0,,,,,0,0,0,0,,,,,#88BA3F,1497.71120429039,False,space,correct rejection,None,343.05620193481445,,5,13,1back_single_main_click,1,,10,8,18,24,12,,,,,,,,,,,19,02,yes,no,no,2025-07-14_14h23.31.760,EXNAT_4_TMS_Psychopy2024.2.5.psyexp,2024.2.5,2025-07-14 14h31.41.583675 +0200,
0,0,0,,,,,0,0,0,0,,,,,#F989A2,1498.2713227272034,False,space,correct rejection,None,486.7587089538574,,6,13,1back_single_main_click,1,,10,8,18,24,12,,,,,,,,,,,19,02,yes,no,no,2025-07-14_14h23.31.760,EXNAT_4_TMS_Psychopy2024.2.5.psyexp,2024.2.5,2025-07-14 14h31.41.583675 +0200,
0,0,0,,,,,0,0,0,0,,,,,#D292F3,1498.9752144813538,False,space,correct rejection,None,470.96824645996094,,7,13,1back_single_main_click,1,,10,8,18,24,12,,,,,,,,,,,19,02,yes,no,no,2025-07-14_14h23.31.760,EXNAT_4_TMS_Psychopy2024.2.5.psyexp,2024.2.5,2025-07-14 14h31.41.583675 +0200,
0,0,0,,,,,0,0,0,0,,,,,#2AB7EF,1499.6635835170746,False,space,correct rejection,None,470.5648422241211,,8,13,1back_single_main_click,1,,10,8,18,24,12,,,,,,,,,,,19,02,yes,no,no,2025-07-14_14h23.31.760,EXNAT_4_TMS_Psychopy2024.2.5.psyexp,2024.2.5,2025-07-14 14h31.41.583675 +0200,
0,0,0,,,,,0,0,0,0,,,,,#F989A2,1500.3579449653625,False,space,correct rejection,None,416.11266136169434,,9,13,1back_single_main_click,1,,10,8,18,24,12,,,,,,,,,,,19,02,yes,no,no,2025-07-14_14h23.31.760,EXNAT_4_TMS_Psychopy2024.2.5.psyexp,2024.2.5,2025-07-14 14h31.41.583675 +0200,
0,0,0,,,,,0,0,0,0,,,,,#D292F3,1500.9978601932526,False,space,correct rejection,None,528.1522274017334,,10,13,1back_single_main_click,1,,10,8,18,24,12,,,,,,,,,,,19,02,yes,no,no,2025-07-14_14h23.31.760,EXNAT_4_TMS_Psychopy2024.2.5.psyexp,2024.2.5,2025-07-14 14h31.41.583675 +0200,
0,0,0,,,,,0,0,0,0,,,,,#D292F3,1501.7498433589935,True,l,hit,528.3894538879395,608.2930564880371,,11,13,1back_single_main_click,1,,10,9,19,24,12,1501.8078217506409,,,,,,,,,,19,02,yes,no,no,2025-07-14_14h23.31.760,EXNAT_4_TMS_Psychopy2024.2.5.psyexp,2024.2.5,2025-07-14 14h31.41.583675 +0200,
0,0,0,,,,,0,0,0,0,,,,,#2AB7EF,1502.5821108818054,False,space,correct rejection,None,432.0685863494873,,12,13,1back_single_main_click,1,,10,9,19,24,12,,,,,,,,,,,19,02,yes,no,no,2025-07-14_14h23.31.760,EXNAT_4_TMS_Psychopy2024.2.5.psyexp,2024.2.5,2025-07-14 14h31.41.583675 +0200,
0,0,0,,,,,0,0,0,0,,,,,#88BA3F,1503.2377500534058,False,space,correct rejection,None,560.5437755584717,,13,13,1back_single_main_click,1,,10,9,19,24,12,,,,,,,,,,,19,02,yes,no,no,2025-07-14_14h23.31.760,EXNAT_4_TMS_Psychopy2024.2.5.psyexp,2024.2.5,2025-07-14 14h31.41.583675 +0200,
0,0,0,,,,,0,0,0,0,,,,,#2AB7EF,1504.0218665599823,False,space,correct rejection,None,544.3871021270752,,14,13,1back_single_main_click,1,,10,9,19,24,12,,,,,,,,,,,19,02,yes,no,no,2025-07-14_14h23.31.760,EXNAT_4_TMS_Psychopy2024.2.5.psyexp,2024.2.5,2025-07-14 14h31.41.583675 +0200,
0,0,0,,,,,0,0,0,0,,,,,#88BA3F,1504.7898597717285,False,space,correct rejection,None,576.4546394348145,,15,13,1back_single_main_click,1,,10,9,19,24,12,,,,,,,,,,,19,02,yes,no,no,2025-07-14_14h23.31.760,EXNAT_4_TMS_Psychopy2024.2.5.psyexp,2024.2.5,2025-07-14 14h31.41.583675 +0200,
0,0,0,,,,,0,0,0,0,,,,,#D292F3,1505.5897481441498,False,space,correct rejection,None,416.5005683898926,,16,13,1back_single_main_click,1,,10,9,19,24,12,,,,,,,,,,,19,02,yes,no,no,2025-07-14_14h23.31.760,EXNAT_4_TMS_Psychopy2024.2.5.psyexp,2024.2.5,2025-07-14 14h31.41.583675 +0200,
0,0,0,,,,,0,0,0,0,,,,,#F989A2,1506.229618549347,False,space,correct rejection,None,608.4368228912354,,17,13,1back_single_main_click,1,,11,9,20,24,12,1506.8077178001404,,,,,,,,,,19,02,yes,no,no,2025-07-14_14h23.31.760,EXNAT_4_TMS_Psychopy2024.2.5.psyexp,2024.2.5,2025-07-14 14h31.41.583675 +0200,
0,0,0,,,,,0,0,0,0,,,,,#D292F3,1507.062004327774,False,space,correct rejection,None,416.14270210266113,,18,13,1back_single_main_click,1,,11,9,20,24,12,,,,,,,,,,,19,02,yes,no,no,2025-07-14_14h23.31.760,EXNAT_4_TMS_Psychopy2024.2.5.psyexp,2024.2.5,2025-07-14 14h31.41.583675 +0200,
0,0,0,,,,,0,0,0,0,,,,,#2AB7EF,1507.701602935791,False,space,correct rejection,None,496.61946296691895,,19,13,1back_single_main_click,1,,11,9,20,24,12,,,,,,,,,,,19,02,yes,no,no,2025-07-14_14h23.31.760,EXNAT_4_TMS_Psychopy2024.2.5.psyexp,2024.2.5,2025-07-14 14h31.41.583675 +0200,
0,0,0,,,,,0,0,0,0,,,,,#D292F3,1508.4218306541443,False,space,correct rejection,None,480.410099029541,,20,13,1back_single_main_click,1,,11,9,20,24,12,,,,,,,,,,,19,02,yes,no,no,2025-07-14_14h23.31.760,EXNAT_4_TMS_Psychopy2024.2.5.psyexp,2024.2.5,2025-07-14 14h31.41.583675 +0200,
0,0,0,,,,,0,0,0,0,,,,,#F989A2,1509.1261026859283,False,space,correct rejection,None,528.0706882476807,,21,13,1back_single_main_click,1,,11,9,20,24,12,,,,,,,,,,,19,02,yes,no,no,2025-07-14_14h23.31.760,EXNAT_4_TMS_Psychopy2024.2.5.psyexp,2024.2.5,2025-07-14 14h31.41.583675 +0200,
0,0,0,,,,,0,0,0,0,,,,,#88BA3F,1509.8769142627716,False,space,correct rejection,None,449.2044448852539,,22,13,1back_single_main_click,1,,11,9,20,24,12,,,,,,,,,,,19,02,yes,no,no,2025-07-14_14h23.31.760,EXNAT_4_TMS_Psychopy2024.2.5.psyexp,2024.2.5,2025-07-14 14h31.41.583675 +0200,
0,0,0,,,,,0,0,0,0,,,,,#F989A2,1510.5495567321777,False,space,correct rejection,None,464.68186378479004,,23,13,1back_single_main_click,1,,11,9,20,24,12,,,,,,,,,,,19,02,yes,no,no,2025-07-14_14h23.31.760,EXNAT_4_TMS_Psychopy2024.2.5.psyexp,2024.2.5,2025-07-14 14h31.41.583675 +0200,
0,0,0,,,,,0,0,0,0,,,,,#2AB7EF,1511.2377433776855,False,space,correct rejection,None,496.4413642883301,,24,13,1back_single_main_click,1,,11,9,20,24,12,,,,,,,,,,,19,02,yes,no,no,2025-07-14_14h23.31.760,EXNAT_4_TMS_Psychopy2024.2.5.psyexp,2024.2.5,2025-07-14 14h31.41.583675 +0200,
0,0,0,,,,,0,0,0,0,,,,,#2AB7EF,1511.9580063819885,True,l,hit,464.16568756103516,560.0244998931885,,25,13,1back_single_main_click,1,,11,9,20,24,12,,,,,,,,,,,19,02,yes,no,no,2025-07-14_14h23.31.760,EXNAT_4_TMS_Psychopy2024.2.5.psyexp,2024.2.5,2025-07-14 14h31.41.583675 +0200,
0,0,0,,,,,0,0,0,0,,,,,#2AB7EF,1512.7413787841797,True,l,hit,432.8022003173828,528.5277366638184,,26,13,1back_single_main_click,1,,11,10,21,24,12,1512.802080631256,,,,,,,,,,19,02,yes,no,no,2025-07-14_14h23.31.760,EXNAT_4_TMS_Psychopy2024.2.5.psyexp,2024.2.5,2025-07-14 14h31.41.583675 +0200,
0,0,0,,,,,0,0,0,0,,,,,#88BA3F,1513.4934496879578,False,space,correct rejection,None,816.7951107025146,,27,13,1back_single_main_click,1,,11,10,21,24,12,,,,,,,,,,,19,02,yes,no,no,2025-07-14_14h23.31.760,EXNAT_4_TMS_Psychopy2024.2.5.psyexp,2024.2.5,2025-07-14 14h31.41.583675 +0200,
0,0,0,,,,,0,0,0,0,,,,,#D292F3,1514.5334713459015,False,space,correct rejection,None,432.71517753601074,,28,13,1back_single_main_click,1,,11,10,21,24,12,,,,,,,,,,,19,02,yes,no,no,2025-07-14_14h23.31.760,EXNAT_4_TMS_Psychopy2024.2.5.psyexp,2024.2.5,2025-07-14 14h31.41.583675 +0200,
0,0,0,,,,,0,0,0,0,,,,,#F989A2,1515.1898219585419,False,space,correct rejection,None,528.3403396606445,,29,13,1back_single_main_click,1,,11,10,21,24,12,,,,,,,,,,,19,02,yes,no,no,2025-07-14_14h23.31.760,EXNAT_4_TMS_Psychopy2024.2.5.psyexp,2024.2.5,2025-07-14 14h31.41.583675 +0200,
0,0,0,,,,,0,0,0,0,,,,,#F989A2,1515.9416937828064,True,l,hit,720.5495834350586,816.3900375366211,,30,13,1back_single_main_click,1,,11,10,21,24,12,,,,,,,,,,,19,02,yes,no,no,2025-07-14_14h23.31.760,EXNAT_4_TMS_Psychopy2024.2.5.psyexp,2024.2.5,2025-07-14 14h31.41.583675 +0200,
0,0,0,,,,,0,0,0,0,,,,,#D292F3,1516.9819588661194,False,space,correct rejection,None,464.0491008758545,,31,13,1back_single_main_click,1,,11,10,21,24,12,,,,,,,,,,,19,02,yes,no,no,2025-07-14_14h23.31.760,EXNAT_4_TMS_Psychopy2024.2.5.psyexp,2024.2.5,2025-07-14 14h31.41.583675 +0200,
0,0,0,,,,,0,0,0,0,,,,,#D292F3,1517.6699092388153,True,l,hit,544.1665649414062,544.1708564758301,,32,13,1back_single_main_click,1,,11,11,22,24,12,1517.8020236492157,,,,,,,,,,19,02,yes,no,no,2025-07-14_14h23.31.760,EXNAT_4_TMS_Psychopy2024.2.5.psyexp,2024.2.5,2025-07-14 14h31.41.583675 +0200,
0,0,0,,,,,0,0,0,0,,,,,#F989A2,1518.4374527931213,False,space,correct rejection,None,848.6130237579346,,33,13,1back_single_main_click,1,,11,11,22,24,12,,,,,,,,,,,19,02,yes,no,no,2025-07-14_14h23.31.760,EXNAT_4_TMS_Psychopy2024.2.5.psyexp,2024.2.5,2025-07-14 14h31.41.583675 +0200,
0,0,0,,,,,0,0,0,0,,,,,#88BA3F,1519.5086829662323,False,space,correct rejection,None,481.46629333496094,,34,13,1back_single_main_click,1,,11,11,22,24,12,,,,,,,,,,,19,02,yes,no,no,2025-07-14_14h23.31.760,EXNAT_4_TMS_Psychopy2024.2.5.psyexp,2024.2.5,2025-07-14 14h31.41.583675 +0200,
0,0,0,,,,,0,0,0,0,,,,,#F989A2,1520.2142107486725,False,space,correct rejection,None,848.0403423309326,,35,13,1back_single_main_click,1,,11,11,22,24,12,,,,,,,,,,,19,02,yes,no,no,2025-07-14_14h23.31.760,EXNAT_4_TMS_Psychopy2024.2.5.psyexp,2024.2.5,2025-07-14 14h31.41.583675 +0200,
0,0,0,,,,,0,0,0,0,,,,,#2AB7EF,1521.2864255905151,False,space,correct rejection,None,431.7762851715088,,36,13,1back_single_main_click,1,,11,11,22,24,12,,,,,,,,,,,19,02,yes,no,no,2025-07-14_14h23.31.760,EXNAT_4_TMS_Psychopy2024.2.5.psyexp,2024.2.5,2025-07-14 14h31.41.583675 +0200,
0,0,0,,,,,0,0,0,0,,,,,#F989A2,1521.9421937465668,False,space,correct rejection,None,624.0785121917725,,37,13,1back_single_main_click,1,,11,11,22,24,12,,,,,,,,,,,19,02,yes,no,no,2025-07-14_14h23.31.760,EXNAT_4_TMS_Psychopy2024.2.5.psyexp,2024.2.5,2025-07-14 14h31.41.583675 +0200,
0,0,0,,,,,0,0,0,0,,,,,#2AB7EF,1522.790744304657,False,space,correct rejection,None,687.4268054962158,,38,13,1back_single_main_click,1,,12,11,23,24,12,1522.8471307754517,,,,,,,,,,19,02,yes,no,no,2025-07-14_14h23.31.760,EXNAT_4_TMS_Psychopy2024.2.5.psyexp,2024.2.5,2025-07-14 14h31.41.583675 +0200,
0,0,0,,,,,0,0,0,0,,,,,#88BA3F,1523.70183467865,False,space,correct rejection,None,576.3330459594727,,39,13,1back_single_main_click,1,,12,11,23,24,12,,,,,,,,,,,19,02,yes,no,no,2025-07-14_14h23.31.760,EXNAT_4_TMS_Psychopy2024.2.5.psyexp,2024.2.5,2025-07-14 14h31.41.583675 +0200,
0,0,0,,,,,0,0,0,0,,,,,#2AB7EF,1524.5012872219086,False,space,correct rejection,None,704.9579620361328,,40,13,1back_single_main_click,1,,12,11,23,24,12,,,,,,,,,,,19,02,yes,no,no,2025-07-14_14h23.31.760,EXNAT_4_TMS_Psychopy2024.2.5.psyexp,2024.2.5,2025-07-14 14h31.41.583675 +0200,
0,0,0,,,,,0,0,0,0,,,,,#F989A2,1525.4296860694885,False,space,correct rejection,None,352.5245189666748,,41,13,1back_single_main_click,1,,12,11,23,24,12,,,,,,,,,,,19,02,yes,no,no,2025-07-14_14h23.31.760,EXNAT_4_TMS_Psychopy2024.2.5.psyexp,2024.2.5,2025-07-14 14h31.41.583675 +0200,
0,0,0,,,,,0,0,0,0,,,,,#2AB7EF,1526.005606174469,False,space,correct rejection,None,688.5976791381836,,42,13,1back_single_main_click,1,,12,11,23,24,12,,,,,,,,,,,19,02,yes,no,no,2025-07-14_14h23.31.760,EXNAT_4_TMS_Psychopy2024.2.5.psyexp,2024.2.5,2025-07-14 14h31.41.583675 +0200,
0,0,0,,,,,0,0,0,0,,,,,#F989A2,1526.9175581932068,False,space,correct rejection,None,480.6818962097168,,43,13,1back_single_main_click,1,,12,11,23,24,12,,,,,,,,,,,19,02,yes,no,no,2025-07-14_14h23.31.760,EXNAT_4_TMS_Psychopy2024.2.5.psyexp,2024.2.5,2025-07-14 14h31.41.583675 +0200,
0,0,0,,,,,0,0,0,0,,,,,#D292F3,1527.6218466758728,False,space,correct rejection,None,464.3549919128418,,44,13,1back_single_main_click,1,,12,11,23,24,12,,,,,,,,,,,19,02,yes,no,no,2025-07-14_14h23.31.760,EXNAT_4_TMS_Psychopy2024.2.5.psyexp,2024.2.5,2025-07-14 14h31.41.583675 +0200,
0,0,0,,,,,0,0,0,0,,,,,#D292F3,1528.3098521232605,True,l,hit,624.3546009063721,800.194263458252,,45,13,1back_single_main_click,1,,12,12,24,24,inf,1528.3653230667114,,,,,,,,,,19,02,yes,no,no,2025-07-14_14h23.31.760,EXNAT_4_TMS_Psychopy2024.2.5.psyexp,2024.2.5,2025-07-14 14h31.41.583675 +0200,
0,0,0,,,,,0,0,0,0,,,,,#88BA3F,1529.3338809013367,False,space,correct rejection,None,448.21643829345703,,46,13,1back_single_main_click,1,,12,12,24,24,inf,,,,,,,,,,,19,02,yes,no,no,2025-07-14_14h23.31.760,EXNAT_4_TMS_Psychopy2024.2.5.psyexp,2024.2.5,2025-07-14 14h31.41.583675 +0200,
0,0,0,,,,,0,0,0,0,,,,,#88BA3F,1530.0049076080322,True,l,hit,529.3121337890625,641.1535739898682,,47,13,1back_single_main_click,1,,12,12,24,24,inf,,,,,,,,,,,19,02,yes,no,no,2025-07-14_14h23.31.760,EXNAT_4_TMS_Psychopy2024.2.5.psyexp,2024.2.5,2025-07-14 14h31.41.583675 +0200,
0,0,0,,,,,0,0,0,0,,,,,#D292F3,1530.8699524402618,False,space,correct rejection,None,448.1828212738037,,48,13,1back_single_main_click,1,,12,12,24,24,inf,,,,,,,,,,,19,02,yes,no,no,2025-07-14_14h23.31.760,EXNAT_4_TMS_Psychopy2024.2.5.psyexp,2024.2.5,2025-07-14 14h31.41.583675 +0200,
0,0,0,,,,,0,0,0,0,,,,,#2AB7EF,1531.5419790744781,False,space,correct rejection,None,480.2687168121338,,49,13,1back_single_main_click,1,,12,12,24,24,inf,,,,,,,,,,,19,02,yes,no,no,2025-07-14_14h23.31.760,EXNAT_4_TMS_Psychopy2024.2.5.psyexp,2024.2.5,2025-07-14 14h31.41.583675 +0200,
0,0,0,,,,,0,0,0,0,,,,,#F989A2,1532.2460360527039,False,space,correct rejection,None,448.1329917907715,,50,13,1back_single_main_click,1,,12,12,24,24,inf,,,,,,,,,,,19,02,yes,no,no,2025-07-14_14h23.31.760,EXNAT_4_TMS_Psychopy2024.2.5.psyexp,2024.2.5,2025-07-14 14h31.41.583675 +0200,
0,0,0,,,,,0,0,0,0,,,,,#F989A2,1532.9175519943237,True,l,hit,544.7087287902832,656.3961505889893,,51,13,1back_single_main_click,1,,12,13,25,24,inf,1533.365289926529,,,,,,,,,,19,02,yes,no,no,2025-07-14_14h23.31.760,EXNAT_4_TMS_Psychopy2024.2.5.psyexp,2024.2.5,2025-07-14 14h31.41.583675 +0200,
0,0,0,,,,,0,0,0,0,,,,,#2AB7EF,1533.7974708080292,False,space,correct rejection,None,464.7548198699951,,52,13,1back_single_main_click,1,,12,13,25,24,inf,,,,,,,,,,,19,02,yes,no,no,2025-07-14_14h23.31.760,EXNAT_4_TMS_Psychopy2024.2.5.psyexp,2024.2.5,2025-07-14 14h31.41.583675 +0200,
0,0,0,,,,,0,0,0,0,,,,,#2AB7EF,1534.4848124980927,True,l,hit,545.4258918762207,625.3113746643066,,53,13,1back_single_main_click,1,,12,13,25,24,inf,,,,,,,,,,,19,02,yes,no,no,2025-07-14_14h23.31.760,EXNAT_4_TMS_Psychopy2024.2.5.psyexp,2024.2.5,2025-07-14 14h31.41.583675 +0200,
0,0,0,,,,,0,0,0,0,,,,,#88BA3F,1535.3342034816742,False,space,correct rejection,None,448.02069664001465,,54,13,1back_single_main_click,1,,12,13,25,24,inf,,,,,,,,,,,19,02,yes,no,no,2025-07-14_14h23.31.760,EXNAT_4_TMS_Psychopy2024.2.5.psyexp,2024.2.5,2025-07-14 14h31.41.583675 +0200,
0,0,0,,,,,0,0,0,0,,,,,#88BA3F,1536.0058200359344,True,l,hit,496.4926242828369,592.3840999603271,,55,13,1back_single_main_click,1,,12,13,25,24,inf,,,,,,,,,,,19,02,yes,no,no,2025-07-14_14h23.31.760,EXNAT_4_TMS_Psychopy2024.2.5.psyexp,2024.2.5,2025-07-14 14h31.41.583675 +0200,
0,0,0,,,,,0,0,0,0,,,,,#D292F3,1536.8217279911041,False,space,correct rejection,None,448.40192794799805,,56,13,1back_single_main_click,1,,12,13,25,24,inf,,,,,,,,,,,19,02,yes,no,no,2025-07-14_14h23.31.760,EXNAT_4_TMS_Psychopy2024.2.5.psyexp,2024.2.5,2025-07-14 14h31.41.583675 +0200,
0,0,0,,,,,0,0,0,0,,,,,#F989A2,1537.49400639534,False,space,correct rejection,None,448.2922554016113,,57,13,1back_single_main_click,1,,12,13,25,24,inf,,,,,,,,,,,19,02,yes,no,no,2025-07-14_14h23.31.760,EXNAT_4_TMS_Psychopy2024.2.5.psyexp,2024.2.5,2025-07-14 14h31.41.583675 +0200,
0,0,0,,,,,0,0,0,0,,,,,#D292F3,1538.166098833084,False,space,correct rejection,None,672.1053123474121,,58,13,1back_single_main_click,1,,13,13,26,24,inf,1538.3652737140656,,,,,,,,,,19,02,yes,no,no,2025-07-14_14h23.31.760,EXNAT_4_TMS_Psychopy2024.2.5.psyexp,2024.2.5,2025-07-14 14h31.41.583675 +0200,
0,0,0,,,,,0,0,0,0,,,,,#D292F3,1539.0622279644012,True,space,miss,None,608.098030090332,,59,13,1back_single_main_click,1,,13,13,26,24,inf,,,,,,,,,,,19,02,yes,no,no,2025-07-14_14h23.31.760,EXNAT_4_TMS_Psychopy2024.2.5.psyexp,2024.2.5,2025-07-14 14h31.41.583675 +0200,
0,0,0,,,,,0,0,0,0,,,,,#F989A2,1539.8941578865051,False,space,correct rejection,None,480.18741607666016,,60,13,1back_single_main_click,1,,13,13,26,24,inf,,,,,,,,,,,19,02,yes,no,no,2025-07-14_14h23.31.760,EXNAT_4_TMS_Psychopy2024.2.5.psyexp,2024.2.5,2025-07-14 14h31.41.583675 +0200,
0,0,0,,,,,0,0,0,0,,,,,#88BA3F,1551.4507701396942,False,space,correct rejection,None,891.5014266967773,,1,14,2back_single_main_click,2,,1,0,1,24,12,1551.5081932544708,,,,,,,,,,19,02,yes,no,no,2025-07-14_14h23.31.760,EXNAT_4_TMS_Psychopy2024.2.5.psyexp,2024.2.5,2025-07-14 14h31.41.583675 +0200,
0,0,0,,,,,0,0,0,0,,,,,#D292F3,1552.556096315384,False,space,correct rejection,None,458.1606388092041,,2,14,2back_single_main_click,2,,1,0,1,24,12,,,,,,,,,,,19,02,yes,no,no,2025-07-14_14h23.31.760,EXNAT_4_TMS_Psychopy2024.2.5.psyexp,2024.2.5,2025-07-14 14h31.41.583675 +0200,
0,0,0,,,,,0,0,0,0,,,,,#2AB7EF,1553.2299959659576,False,space,correct rejection,None,760.3814601898193,,3,14,2back_single_main_click,2,,1,0,1,24,12,,,,,,,,,,,19,02,yes,no,no,2025-07-14_14h23.31.760,EXNAT_4_TMS_Psychopy2024.2.5.psyexp,2024.2.5,2025-07-14 14h31.41.583675 +0200,
0,0,0,,,,,0,0,0,0,,,,,#D292F3,1554.2078964710236,True,l,hit,726.3684272766113,806.2305450439453,,4,14,2back_single_main_click,2,,1,0,1,24,12,,,,,,,,,,,19,02,yes,no,no,2025-07-14_14h23.31.760,EXNAT_4_TMS_Psychopy2024.2.5.psyexp,2024.2.5,2025-07-14 14h31.41.583675 +0200,
0,0,0,,,,,0,0,0,0,,,,,#F989A2,1555.2315211296082,False,space,correct rejection,None,566.7366981506348,,5,14,2back_single_main_click,2,,1,0,1,24,12,,,,,,,,,,,19,02,yes,no,no,2025-07-14_14h23.31.760,EXNAT_4_TMS_Psychopy2024.2.5.psyexp,2024.2.5,2025-07-14 14h31.41.583675 +0200,
0,0,0,,,,,0,0,0,0,,,,,#88BA3F,1556.0152621269226,False,space,correct rejection,None,999.0754127502441,,6,14,2back_single_main_click,2,,2,0,2,24,12,1556.5082359313965,,,,,,,,,,19,02,yes,no,no,2025-07-14_14h23.31.760,EXNAT_4_TMS_Psychopy2024.2.5.psyexp,2024.2.5,2025-07-14 14h31.41.583675 +0200,
0,0,0,,,,,0,0,0,0,,,,,#D292F3,1557.237976551056,False,space,correct rejection,None,768.3310508728027,,7,14,2back_single_main_click,2,,2,0,2,24,12,,,,,,,,,,,19,02,yes,no,no,2025-07-14_14h23.31.760,EXNAT_4_TMS_Psychopy2024.2.5.psyexp,2024.2.5,2025-07-14 14h31.41.583675 +0200,
0,0,0,,,,,0,0,0,0,,,,,#F989A2,1558.230140209198,False,space,correct rejection,None,800.0926971435547,,8,14,2back_single_main_click,2,,2,0,2,24,12,,,,,,,,,,,19,02,yes,no,no,2025-07-14_14h23.31.760,EXNAT_4_TMS_Psychopy2024.2.5.psyexp,2024.2.5,2025-07-14 14h31.41.583675 +0200,
0,0,0,,,,,0,0,0,0,,,,,#2AB7EF,1559.2540674209595,False,space,correct rejection,None,544.2125797271729,,9,14,2back_single_main_click,2,,2,0,2,24,12,,,,,,,,,,,19,02,yes,no,no,2025-07-14_14h23.31.760,EXNAT_4_TMS_Psychopy2024.2.5.psyexp,2024.2.5,2025-07-14 14h31.41.583675 +0200,
0,0,0,,,,,0,0,0,0,,,,,#F989A2,1560.0220773220062,True,l,hit,1296.0524559020996,1488.1889820098877,,10,14,2back_single_main_click,2,,2,1,3,24,12,1561.5082297325134,,,,,,,,,,19,02,yes,no,no,2025-07-14_14h23.31.760,EXNAT_4_TMS_Psychopy2024.2.5.psyexp,2024.2.5,2025-07-14 14h31.41.583675 +0200,
0,0,0,,,,,0,0,0,0,,,,,#88BA3F,1561.7343826293945,False,space,correct rejection,None,1199.9504566192627,,11,14,2back_single_main_click,2,,2,1,3,24,12,,,,,,,,,,,19,02,yes,no,no,2025-07-14_14h23.31.760,EXNAT_4_TMS_Psychopy2024.2.5.psyexp,2024.2.5,2025-07-14 14h31.41.583675 +0200,
0,0,0,,,,,0,0,0,0,,,,,#2AB7EF,1563.1583104133606,False,space,correct rejection,None,1711.8761539459229,,12,14,2back_single_main_click,2,,2,1,3,24,12,,,,,,,,,,,19,02,yes,no,no,2025-07-14_14h23.31.760,EXNAT_4_TMS_Psychopy2024.2.5.psyexp,2024.2.5,2025-07-14 14h31.41.583675 +0200,
0,0,0,,,,,0,0,0,0,,,,,#88BA3F,1565.0943834781647,True,l,hit,1839.702844619751,2095.667600631714,,13,14,2back_single_main_click,2,,2,2,4,24,12,1566.5083620548248,,,,,,,,,,19,02,yes,no,no,2025-07-14_14h23.31.760,EXNAT_4_TMS_Psychopy2024.2.5.psyexp,2024.2.5,2025-07-14 14h31.41.583675 +0200,
0,0,0,,,,,0,0,0,0,,,,,#F989A2,1567.4134485721588,False,space,correct rejection,None,3872.871160507202,,14,14,2back_single_main_click,2,,2,2,4,24,12,,,,,,,,,,,19,02,yes,no,no,2025-07-14_14h23.31.760,EXNAT_4_TMS_Psychopy2024.2.5.psyexp,2024.2.5,2025-07-14 14h31.41.583675 +0200,
0,0,0,,,,,0,0,0,0,,,,,#D292F3,1571.5098085403442,False,space,correct rejection,None,960.4887962341309,,15,14,2back_single_main_click,2,,3,2,5,24,12,1571.5667307376862,,,,,,,,,,19,02,yes,no,no,2025-07-14_14h23.31.760,EXNAT_4_TMS_Psychopy2024.2.5.psyexp,2024.2.5,2025-07-14 14h31.41.583675 +0200,
0,0,0,,,,,0,0,0,0,,,,,#D292F3,1572.6937508583069,False,space,correct rejection,None,928.5497665405273,,16,14,2back_single_main_click,2,,3,2,5,24,12,,,,,,,,,,,19,02,yes,no,no,2025-07-14_14h23.31.760,EXNAT_4_TMS_Psychopy2024.2.5.psyexp,2024.2.5,2025-07-14 14h31.41.583675 +0200,
0,0,0,,,,,0,0,0,0,,,,,#2AB7EF,1573.8465549945831,False,space,correct rejection,None,1007.6212882995605,,17,14,2back_single_main_click,2,,3,2,5,24,12,,,,,,,,,,,19,02,yes,no,no,2025-07-14_14h23.31.760,EXNAT_4_TMS_Psychopy2024.2.5.psyexp,2024.2.5,2025-07-14 14h31.41.583675 +0200,
0,0,0,,,,,0,0,0,0,,,,,#F989A2,1575.0789158344269,False,space,correct rejection,None,1439.3646717071533,,18,14,2back_single_main_click,2,,3,2,5,24,12,,,,,,,,,,,19,02,yes,no,no,2025-07-14_14h23.31.760,EXNAT_4_TMS_Psychopy2024.2.5.psyexp,2024.2.5,2025-07-14 14h31.41.583675 +0200,
0,0,0,,,,,0,0,0,0,,,,,#88BA3F,1576.7431671619415,False,space,correct rejection,None,2063.04669380188,,19,14,2back_single_main_click,2,,4,2,6,24,12,1576.8005850315094,,,,,,,,,,19,02,yes,no,no,2025-07-14_14h23.31.760,EXNAT_4_TMS_Psychopy2024.2.5.psyexp,2024.2.5,2025-07-14 14h31.41.583675 +0200,
0,0,0,,,,,0,0,0,0,,,,,#2AB7EF,1579.0303692817688,False,space,correct rejection,None,1183.8462352752686,,20,14,2back_single_main_click,2,,4,2,6,24,12,,,,,,,,,,,19,02,yes,no,no,2025-07-14_14h23.31.760,EXNAT_4_TMS_Psychopy2024.2.5.psyexp,2024.2.5,2025-07-14 14h31.41.583675 +0200,
0,0,0,,,,,0,0,0,0,,,,,#88BA3F,1580.437940120697,True,l,hit,704.2815685272217,944.1432952880859,,21,14,2back_single_main_click,2,,4,2,6,24,12,,,,,,,,,,,19,02,yes,no,no,2025-07-14_14h23.31.760,EXNAT_4_TMS_Psychopy2024.2.5.psyexp,2024.2.5,2025-07-14 14h31.41.583675 +0200,
0,0,0,,,,,0,0,0,0,,,,,#2AB7EF,1581.6058495044708,True,l,hit,592.3588275909424,768.2116031646729,,22,14,2back_single_main_click,2,,4,3,7,24,12,1581.8005373477936,,,,,,,,,,19,02,yes,no,no,2025-07-14_14h23.31.760,EXNAT_4_TMS_Psychopy2024.2.5.psyexp,2024.2.5,2025-07-14 14h31.41.583675 +0200,
0,0,0,,,,,0,0,0,0,,,,,#D292F3,1582.5977036952972,False,space,correct rejection,None,1040.3404235839844,,23,14,2back_single_main_click,2,,4,3,7,24,12,,,,,,,,,,,19,02,yes,no,no,2025-07-14_14h23.31.760,EXNAT_4_TMS_Psychopy2024.2.5.psyexp,2024.2.5,2025-07-14 14h31.41.583675 +0200,
0,0,0,,,,,0,0,0,0,,,,,#F989A2,1583.8632590770721,False,space,correct rejection,None,1022.8500366210938,,24,14,2back_single_main_click,2,,4,3,7,24,12,,,,,,,,,,,19,02,yes,no,no,2025-07-14_14h23.31.760,EXNAT_4_TMS_Psychopy2024.2.5.psyexp,2024.2.5,2025-07-14 14h31.41.583675 +0200,
0,0,0,,,,,0,0,0,0,,,,,#D292F3,1585.1088211536407,True,l,hit,801.445484161377,945.2767372131348,,25,14,2back_single_main_click,2,,4,3,7,24,12,,,,,,,,,,,19,02,yes,no,no,2025-07-14_14h23.31.760,EXNAT_4_TMS_Psychopy2024.2.5.psyexp,2024.2.5,2025-07-14 14h31.41.583675 +0200,
0,0,0,,,,,0,0,0,0,,,,,#88BA3F,1586.278003692627,False,space,correct rejection,None,1808.2060813903809,,26,14,2back_single_main_click,2,,5,3,8,24,12,1586.8006734848022,,,,,,,,,,19,02,yes,no,no,2025-07-14_14h23.31.760,EXNAT_4_TMS_Psychopy2024.2.5.psyexp,2024.2.5,2025-07-14 14h31.41.583675 +0200,
0,0,0,,,,,0,0,0,0,,,,,#2AB7EF,1588.3092329502106,False,space,correct rejection,None,2049.0481853485107,,27,14,2back_single_main_click,2,,5,3,8,24,12,,,,,,,,,,,19,02,yes,no,no,2025-07-14_14h23.31.760,EXNAT_4_TMS_Psychopy2024.2.5.psyexp,2024.2.5,2025-07-14 14h31.41.583675 +0200,
0,0,0,,,,,0,0,0,0,,,,,#88BA3F,1590.5821471214294,True,l,hit,847.8922843933105,1007.7276229858398,,28,14,2back_single_main_click,2,,5,3,8,24,12,,,,,,,,,,,19,02,yes,no,no,2025-07-14_14h23.31.760,EXNAT_4_TMS_Psychopy2024.2.5.psyexp,2024.2.5,2025-07-14 14h31.41.583675 +0200,
0,0,0,,,,,0,0,0,0,,,,,#D292F3,1591.8137118816376,False,space,correct rejection,None,1184.5414638519287,,29,14,2back_single_main_click,2,,5,3,8,24,12,,,,,,,,,,,19,02,yes,no,no,2025-07-14_14h23.31.760,EXNAT_4_TMS_Psychopy2024.2.5.psyexp,2024.2.5,2025-07-14 14h31.41.583675 +0200,
0,0,0,,,,,0,0,0,0,,,,,#88BA3F,1593.2219636440277,True,l,hit,1024.3065357208252,1104.2206287384033,,30,14,2back_single_main_click,2,,5,4,9,24,12,1593.27832198143,,,,,,,,,,19,02,yes,no,no,2025-07-14_14h23.31.760,EXNAT_4_TMS_Psychopy2024.2.5.psyexp,2024.2.5,2025-07-14 14h31.41.583675 +0200,
0,0,0,,,,,0,0,0,0,,,,,#2AB7EF,1594.5498707294464,False,space,correct rejection,None,1120.4566955566406,,31,14,2back_single_main_click,2,,5,4,9,24,12,,,,,,,,,,,19,02,yes,no,no,2025-07-14_14h23.31.760,EXNAT_4_TMS_Psychopy2024.2.5.psyexp,2024.2.5,2025-07-14 14h31.41.583675 +0200,
0,0,0,,,,,0,0,0,0,,,,,#F989A2,1595.8940012454987,False,space,correct rejection,None,976.2818813323975,,32,14,2back_single_main_click,2,,5,4,9,24,12,,,,,,,,,,,19,02,yes,no,no,2025-07-14_14h23.31.760,EXNAT_4_TMS_Psychopy2024.2.5.psyexp,2024.2.5,2025-07-14 14h31.41.583675 +0200,
0,0,0,,,,,0,0,0,0,,,,,#D292F3,1597.0946516990662,False,space,correct rejection,None,1119.6074485778809,,33,14,2back_single_main_click,2,,5,4,9,24,12,,,,,,,,,,,19,02,yes,no,no,2025-07-14_14h23.31.760,EXNAT_4_TMS_Psychopy2024.2.5.psyexp,2024.2.5,2025-07-14 14h31.41.583675 +0200,
0,0,0,,,,,0,0,0,0,,,,,#2AB7EF,1598.4379398822784,False,space,correct rejection,None,1968.4123992919922,,34,14,2back_single_main_click,2,,6,4,10,24,12,1598.4949243068695,,,,,,,,,,19,02,yes,no,no,2025-07-14_14h23.31.760,EXNAT_4_TMS_Psychopy2024.2.5.psyexp,2024.2.5,2025-07-14 14h31.41.583675 +0200,
0,0,0,,,,,0,0,0,0,,,,,#F989A2,1600.6299681663513,False,space,correct rejection,None,928.2810688018799,,35,14,2back_single_main_click,2,,6,4,10,24,12,,,,,,,,,,,19,02,yes,no,no,2025-07-14_14h23.31.760,EXNAT_4_TMS_Psychopy2024.2.5.psyexp,2024.2.5,2025-07-14 14h31.41.583675 +0200,
0,0,0,,,,,0,0,0,0,,,,,#F989A2,1601.7821207046509,False,l,false alarm,992.225170135498,1120.1050281524658,,36,14,2back_single_main_click,2,,6,4,10,24,12,,,,,,,,,,,19,02,yes,no,no,2025-07-14_14h23.31.760,EXNAT_4_TMS_Psychopy2024.2.5.psyexp,2024.2.5,2025-07-14 14h31.41.583675 +0200,
0,0,0,,,,,0,0,0,0,,,,,#88BA3F,1603.1258883476257,False,space,correct rejection,None,1136.4562511444092,,37,14,2back_single_main_click,2,,6,4,10,24,12,,,,,,,,,,,19,02,yes,no,no,2025-07-14_14h23.31.760,EXNAT_4_TMS_Psychopy2024.2.5.psyexp,2024.2.5,2025-07-14 14h31.41.583675 +0200,
0,0,0,,,,,0,0,0,0,,,,,#88BA3F,1604.4858660697937,False,space,correct rejection,None,1200.2649307250977,,38,14,2back_single_main_click,2,,6,4,10,24,12,,,,,,,,,,,19,02,yes,no,no,2025-07-14_14h23.31.760,EXNAT_4_TMS_Psychopy2024.2.5.psyexp,2024.2.5,2025-07-14 14h31.41.583675 +0200,
0,0,0,,,,,0,0,0,0,,,,,#2AB7EF,1605.9089577198029,False,space,correct rejection,None,1665.3361320495605,,39,14,2back_single_main_click,2,,6,4,10,24,12,,,,,,,,,,,19,02,yes,no,no,2025-07-14_14h23.31.760,EXNAT_4_TMS_Psychopy2024.2.5.psyexp,2024.2.5,2025-07-14 14h31.41.583675 +0200,
0,0,0,,,,,0,0,0,0,,,,,#88BA3F,1607.7989673614502,True,l,hit,527.1282196044922,703.1097412109375,,40,14,2back_single_main_click,2,,6,5,11,24,12,1607.8520514965057,,,,,,,,,,19,02,yes,no,no,2025-07-14_14h23.31.760,EXNAT_4_TMS_Psychopy2024.2.5.psyexp,2024.2.5,2025-07-14 14h31.41.583675 +0200,
0,0,0,,,,,0,0,0,0,,,,,#2AB7EF,1608.7257361412048,True,l,hit,2528.3727645874023,2688.215494155884,,41,14,2back_single_main_click,2,,6,5,11,24,12,,,,,,,,,,,19,02,yes,no,no,2025-07-14_14h23.31.760,EXNAT_4_TMS_Psychopy2024.2.5.psyexp,2024.2.5,2025-07-14 14h31.41.583675 +0200,
0,0,0,,,,,0,0,0,0,,,,,#F989A2,1611.637235403061,False,space,correct rejection,None,976.9549369812012,,42,14,2back_single_main_click,2,,6,5,11,24,12,,,,,,,,,,,19,02,yes,no,no,2025-07-14_14h23.31.760,EXNAT_4_TMS_Psychopy2024.2.5.psyexp,2024.2.5,2025-07-14 14h31.41.583675 +0200,
0,0,0,,,,,0,0,0,0,,,,,#2AB7EF,1612.8378899097443,True,space,miss,None,672.3473072052002,,43,14,2back_single_main_click,2,,6,6,12,24,12,1612.8929326534271,,,,,,,,,,19,02,yes,no,no,2025-07-14_14h23.31.760,EXNAT_4_TMS_Psychopy2024.2.5.psyexp,2024.2.5,2025-07-14 14h31.41.583675 +0200,
0,0,0,,,,,0,0,0,0,,,,,#D292F3,1613.7341964244843,False,space,correct rejection,None,624.0067481994629,,44,14,2back_single_main_click,2,,6,6,12,24,12,,,,,,,,,,,19,02,yes,no,no,2025-07-14_14h23.31.760,EXNAT_4_TMS_Psychopy2024.2.5.psyexp,2024.2.5,2025-07-14 14h31.41.583675 +0200,
0,0,0,,,,,0,0,0,0,,,,,#D292F3,1614.5817515850067,False,space,correct rejection,None,688.5569095611572,,45,14,2back_single_main_click,2,,6,6,12,24,12,,,,,,,,,,,19,02,yes,no,no,2025-07-14_14h23.31.760,EXNAT_4_TMS_Psychopy2024.2.5.psyexp,2024.2.5,2025-07-14 14h31.41.583675 +0200,
0,0,0,,,,,0,0,0,0,,,,,#F989A2,1615.4935064315796,False,space,correct rejection,None,944.7188377380371,,46,14,2back_single_main_click,2,,6,6,12,24,12,,,,,,,,,,,19,02,yes,no,no,2025-07-14_14h23.31.760,EXNAT_4_TMS_Psychopy2024.2.5.psyexp,2024.2.5,2025-07-14 14h31.41.583675 +0200,
0,0,0,,,,,0,0,0,0,,,,,#88BA3F,1616.6620903015137,False,space,correct rejection,None,768.2318687438965,,47,14,2back_single_main_click,2,,6,6,12,24,12,,,,,,,,,,,19,02,yes,no,no,2025-07-14_14h23.31.760,EXNAT_4_TMS_Psychopy2024.2.5.psyexp,2024.2.5,2025-07-14 14h31.41.583675 +0200,
0,0,0,,,,,0,0,0,0,,,,,#F989A2,1617.6542532444,True,l,hit,1120.0628280639648,1263.89479637146,,48,14,2back_single_main_click,2,,6,7,13,24,12,1617.8930056095123,,,,,,,,,,19,02,yes,no,no,2025-07-14_14h23.31.760,EXNAT_4_TMS_Psychopy2024.2.5.psyexp,2024.2.5,2025-07-14 14h31.41.583675 +0200,
0,0,0,,,,,0,0,0,0,,,,,#2AB7EF,1619.1418933868408,False,l,false alarm,896.4791297912598,1008.2337856292725,,49,14,2back_single_main_click,2,,6,7,13,24,12,,,,,,,,,,,19,02,yes,no,no,2025-07-14_14h23.31.760,EXNAT_4_TMS_Psychopy2024.2.5.psyexp,2024.2.5,2025-07-14 14h31.41.583675 +0200,
0,0,0,,,,,0,0,0,0,,,,,#88BA3F,1620.3736205101013,False,space,correct rejection,None,768.6300277709961,,50,14,2back_single_main_click,2,,6,7,13,24,12,,,,,,,,,,,19,02,yes,no,no,2025-07-14_14h23.31.760,EXNAT_4_TMS_Psychopy2024.2.5.psyexp,2024.2.5,2025-07-14 14h31.41.583675 +0200,
0,0,0,,,,,0,0,0,0,,,,,#F989A2,1621.3658034801483,False,space,correct rejection,None,720.5221652984619,,51,14,2back_single_main_click,2,,6,7,13,24,12,,,,,,,,,,,19,02,yes,no,no,2025-07-14_14h23.31.760,EXNAT_4_TMS_Psychopy2024.2.5.psyexp,2024.2.5,2025-07-14 14h31.41.583675 +0200,
0,0,0,,,,,0,0,0,0,,,,,#D292F3,1622.309942483902,False,space,correct rejection,None,608.2675457000732,,52,14,2back_single_main_click,2,,7,7,14,24,12,1622.8928990364075,,,,,,,,,,19,02,yes,no,no,2025-07-14_14h23.31.760,EXNAT_4_TMS_Psychopy2024.2.5.psyexp,2024.2.5,2025-07-14 14h31.41.583675 +0200,
0,0,0,,,,,0,0,0,0,,,,,#D292F3,1623.1422083377838,False,space,correct rejection,None,736.0458374023438,,53,14,2back_single_main_click,2,,7,7,14,24,12,,,,,,,,,,,19,02,yes,no,no,2025-07-14_14h23.31.760,EXNAT_4_TMS_Psychopy2024.2.5.psyexp,2024.2.5,2025-07-14 14h31.41.583675 +0200,
0,0,0,,,,,0,0,0,0,,,,,#2AB7EF,1624.1015508174896,False,space,correct rejection,None,832.7226638793945,,54,14,2back_single_main_click,2,,7,7,14,24,12,,,,,,,,,,,19,02,yes,no,no,2025-07-14_14h23.31.760,EXNAT_4_TMS_Psychopy2024.2.5.psyexp,2024.2.5,2025-07-14 14h31.41.583675 +0200,
0,0,0,,,,,0,0,0,0,,,,,#F989A2,1625.1592373847961,False,space,correct rejection,None,606.9791316986084,,55,14,2back_single_main_click,2,,7,7,14,24,12,,,,,,,,,,,19,02,yes,no,no,2025-07-14_14h23.31.760,EXNAT_4_TMS_Psychopy2024.2.5.psyexp,2024.2.5,2025-07-14 14h31.41.583675 +0200,
0,0,0,,,,,0,0,0,0,,,,,#88BA3F,1625.9895596504211,False,space,correct rejection,None,544.7311401367188,,56,14,2back_single_main_click,2,,7,7,14,24,12,,,,,,,,,,,19,02,yes,no,no,2025-07-14_14h23.31.760,EXNAT_4_TMS_Psychopy2024.2.5.psyexp,2024.2.5,2025-07-14 14h31.41.583675 +0200,
0,0,0,,,,,0,0,0,0,,,,,#D292F3,1626.7579720020294,False,space,correct rejection,None,560.2169036865234,,57,14,2back_single_main_click,2,,7,7,14,24,12,,,,,,,,,,,19,02,yes,no,no,2025-07-14_14h23.31.760,EXNAT_4_TMS_Psychopy2024.2.5.psyexp,2024.2.5,2025-07-14 14h31.41.583675 +0200,
0,0,0,,,,,0,0,0,0,,,,,#2AB7EF,1627.5419833660126,False,space,correct rejection,None,528.339147567749,,58,14,2back_single_main_click,2,,8,7,15,24,12,1627.8929538726807,,,,,,,,,,19,02,yes,no,no,2025-07-14_14h23.31.760,EXNAT_4_TMS_Psychopy2024.2.5.psyexp,2024.2.5,2025-07-14 14h31.41.583675 +0200,
0,0,0,,,,,0,0,0,0,,,,,#88BA3F,1628.2939865589142,False,space,correct rejection,None,768.3403491973877,,59,14,2back_single_main_click,2,,8,7,15,24,12,,,,,,,,,,,19,02,yes,no,no,2025-07-14_14h23.31.760,EXNAT_4_TMS_Psychopy2024.2.5.psyexp,2024.2.5,2025-07-14 14h31.41.583675 +0200,
0,0,0,,,,,0,0,0,0,,,,,#F989A2,1629.2861020565033,False,space,correct rejection,None,1008.253812789917,,60,14,2back_single_main_click,2,,8,7,15,24,12,,,,,,,,,,,19,02,yes,no,no,2025-07-14_14h23.31.760,EXNAT_4_TMS_Psychopy2024.2.5.psyexp,2024.2.5,2025-07-14 14h31.41.583675 +0200,
0,0,0,,,,,0,0,0,0,,,,,#2AB7EF,1633.249537229538,False,space,correct rejection,None,1508.7220668792725,,1,15,2back_single_main_click,2,,9,7,16,24,12,1633.3074219226837,,,,,,,,,,19,02,yes,no,no,2025-07-14_14h23.31.760,EXNAT_4_TMS_Psychopy2024.2.5.psyexp,2024.2.5,2025-07-14 14h31.41.583675 +0200,
0,0,0,,,,,0,0,0,0,,,,,#88BA3F,1634.973070859909,False,space,correct rejection,None,633.2008838653564,,2,15,2back_single_main_click,2,,9,7,16,24,12,,,,,,,,,,,19,02,yes,no,no,2025-07-14_14h23.31.760,EXNAT_4_TMS_Psychopy2024.2.5.psyexp,2024.2.5,2025-07-14 14h31.41.583675 +0200,
0,0,0,,,,,0,0,0,0,,,,,#88BA3F,1635.823410987854,False,space,correct rejection,None,646.9058990478516,,3,15,2back_single_main_click,2,,9,7,16,24,12,,,,,,,,,,,19,02,yes,no,no,2025-07-14_14h23.31.760,EXNAT_4_TMS_Psychopy2024.2.5.psyexp,2024.2.5,2025-07-14 14h31.41.583675 +0200,
0,0,0,,,,,0,0,0,0,,,,,#D292F3,1636.6875290870667,False,space,correct rejection,None,742.8054809570312,,4,15,2back_single_main_click,2,,9,7,16,24,12,,,,,,,,,,,19,02,yes,no,no,2025-07-14_14h23.31.760,EXNAT_4_TMS_Psychopy2024.2.5.psyexp,2024.2.5,2025-07-14 14h31.41.583675 +0200,
0,0,0,,,,,0,0,0,0,,,,,#D292F3,1637.6475796699524,False,space,correct rejection,None,710.7574939727783,,5,15,2back_single_main_click,2,,9,7,16,24,12,,,,,,,,,,,19,02,yes,no,no,2025-07-14_14h23.31.760,EXNAT_4_TMS_Psychopy2024.2.5.psyexp,2024.2.5,2025-07-14 14h31.41.583675 +0200,
0,0,0,,,,,0,0,0,0,,,,,#F989A2,1638.5819733142853,False,space,correct rejection,None,1312.1161460876465,,6,15,2back_single_main_click,2,,9,7,16,24,12,,,,,,,,,,,19,02,yes,no,no,2025-07-14_14h23.31.760,EXNAT_4_TMS_Psychopy2024.2.5.psyexp,2024.2.5,2025-07-14 14h31.41.583675 +0200,
0,0,0,,,,,0,0,0,0,,,,,#2AB7EF,1640.1178514957428,False,space,correct rejection,None,944.5154666900635,,7,15,2back_single_main_click,2,,9,7,16,24,12,,,,,,,,,,,19,02,yes,no,no,2025-07-14_14h23.31.760,EXNAT_4_TMS_Psychopy2024.2.5.psyexp,2024.2.5,2025-07-14 14h31.41.583675 +0200,
0,0,0,,,,,0,0,0,0,,,,,#88BA3F,1641.2860844135284,False,space,correct rejection,None,864.2926216125488,,8,15,2back_single_main_click,2,,9,7,16,24,12,,,,,,,,,,,19,02,yes,no,no,2025-07-14_14h23.31.760,EXNAT_4_TMS_Psychopy2024.2.5.psyexp,2024.2.5,2025-07-14 14h31.41.583675 +0200,
0,0,0,,,,,0,0,0,0,,,,,#F989A2,1642.373991727829,False,space,correct rejection,None,592.3295021057129,,9,15,2back_single_main_click,2,,9,7,16,24,12,,,,,,,,,,,19,02,yes,no,no,2025-07-14_14h23.31.760,EXNAT_4_TMS_Psychopy2024.2.5.psyexp,2024.2.5,2025-07-14 14h31.41.583675 +0200,
0,0,0,,,,,0,0,0,0,,,,,#F989A2,1643.190004825592,False,space,correct rejection,None,576.3800144195557,,10,15,2back_single_main_click,2,,9,7,16,24,12,,,,,,,,,,,19,02,yes,no,no,2025-07-14_14h23.31.760,EXNAT_4_TMS_Psychopy2024.2.5.psyexp,2024.2.5,2025-07-14 14h31.41.583675 +0200,
0,0,0,,,,,0,0,0,0,,,,,#2AB7EF,1643.9895479679108,False,space,correct rejection,None,672.8103160858154,,11,15,2back_single_main_click,2,,9,7,16,24,12,,,,,,,,,,,19,02,yes,no,no,2025-07-14_14h23.31.760,EXNAT_4_TMS_Psychopy2024.2.5.psyexp,2024.2.5,2025-07-14 14h31.41.583675 +0200,
0,0,0,,,,,0,0,0,0,,,,,#D292F3,1644.8861014842987,False,space,correct rejection,None,976.2530326843262,,12,15,2back_single_main_click,2,,9,7,16,24,12,,,,,,,,,,,19,02,yes,no,no,2025-07-14_14h23.31.760,EXNAT_4_TMS_Psychopy2024.2.5.psyexp,2024.2.5,2025-07-14 14h31.41.583675 +0200,
0,0,0,,,,,0,0,0,0,,,,,#2AB7EF,1646.085862159729,True,l,hit,1392.5306797027588,1552.3176193237305,,13,15,2back_single_main_click,2,,9,7,16,24,12,,,,,,,,,,,19,02,yes,no,no,2025-07-14_14h23.31.760,EXNAT_4_TMS_Psychopy2024.2.5.psyexp,2024.2.5,2025-07-14 14h31.41.583675 +0200,
0,0,0,,,,,0,0,0,0,,,,,#F989A2,1647.8624687194824,False,space,correct rejection,None,479.7646999359131,,14,15,2back_single_main_click,2,,9,7,16,24,12,,,,,,,,,,,19,02,yes,no,no,2025-07-14_14h23.31.760,EXNAT_4_TMS_Psychopy2024.2.5.psyexp,2024.2.5,2025-07-14 14h31.41.583675 +0200,
0,0,0,,,,,0,0,0,0,,,,,#2AB7EF,1648.5659329891205,True,l,hit,1168.3483123779297,1296.0987091064453,,15,15,2back_single_main_click,2,,9,7,16,24,12,,,,,,,,,,,19,02,yes,no,no,2025-07-14_14h23.31.760,EXNAT_4_TMS_Psychopy2024.2.5.psyexp,2024.2.5,2025-07-14 14h31.41.583675 +0200,
0,0,0,,,,,0,0,0,0,,,,,#D292F3,1650.086590051651,False,space,correct rejection,None,559.7679615020752,,16,15,2back_single_main_click,2,,9,7,16,24,12,,,,,,,,,,,19,02,yes,no,no,2025-07-14_14h23.31.760,EXNAT_4_TMS_Psychopy2024.2.5.psyexp,2024.2.5,2025-07-14 14h31.41.583675 +0200,
0,0,0,,,,,0,0,0,0,,,,,#2AB7EF,1650.8705415725708,True,l,hit,847.6731777191162,975.6872653961182,,17,15,2back_single_main_click,2,,9,8,17,24,12,1650.9270334243774,,,,,,,,,,19,02,yes,no,no,2025-07-14_14h23.31.760,EXNAT_4_TMS_Psychopy2024.2.5.psyexp,2024.2.5,2025-07-14 14h31.41.583675 +0200,
0,0,0,,,,,0,0,0,0,,,,,#F989A2,1652.0691978931427,False,space,correct rejection,None,497.18570709228516,,18,15,2back_single_main_click,2,,9,8,17,24,12,,,,,,,,,,,19,02,yes,no,no,2025-07-14_14h23.31.760,EXNAT_4_TMS_Psychopy2024.2.5.psyexp,2024.2.5,2025-07-14 14h31.41.583675 +0200,
0,0,0,,,,,0,0,0,0,,,,,#F989A2,1652.7902855873108,False,space,correct rejection,None,960.1171016693115,,19,15,2back_single_main_click,2,,9,8,17,24,12,,,,,,,,,,,19,02,yes,no,no,2025-07-14_14h23.31.760,EXNAT_4_TMS_Psychopy2024.2.5.psyexp,2024.2.5,2025-07-14 14h31.41.583675 +0200,
0,0,0,,,,,0,0,0,0,,,,,#88BA3F,1653.9741251468658,False,space,correct rejection,None,1248.2726573944092,,20,15,2back_single_main_click,2,,9,8,17,24,12,,,,,,,,,,,19,02,yes,no,no,2025-07-14_14h23.31.760,EXNAT_4_TMS_Psychopy2024.2.5.psyexp,2024.2.5,2025-07-14 14h31.41.583675 +0200,
0,0,0,,,,,0,0,0,0,,,,,#88BA3F,1655.446128129959,False,space,correct rejection,None,864.283561706543,,21,15,2back_single_main_click,2,,10,8,18,24,12,1655.926905632019,,,,,,,,,,19,02,yes,no,no,2025-07-14_14h23.31.760,EXNAT_4_TMS_Psychopy2024.2.5.psyexp,2024.2.5,2025-07-14 14h31.41.583675 +0200,
0,0,0,,,,,0,0,0,0,,,,,#88BA3F,1656.533831357956,True,l,hit,432.38377571105957,592.4367904663086,,22,15,2back_single_main_click,2,,10,8,18,24,12,,,,,,,,,,,19,02,yes,no,no,2025-07-14_14h23.31.760,EXNAT_4_TMS_Psychopy2024.2.5.psyexp,2024.2.5,2025-07-14 14h31.41.583675 +0200,
0,0,0,,,,,0,0,0,0,,,,,#88BA3F,1657.3499450683594,True,l,hit,480.42750358581543,624.0379810333252,,23,15,2back_single_main_click,2,,10,8,18,24,12,,,,,,,,,,,19,02,yes,no,no,2025-07-14_14h23.31.760,EXNAT_4_TMS_Psychopy2024.2.5.psyexp,2024.2.5,2025-07-14 14h31.41.583675 +0200,
0,0,0,,,,,0,0,0,0,,,,,#2AB7EF,1658.1979081630707,False,space,correct rejection,None,832.4413299560547,,24,15,2back_single_main_click,2,,10,8,18,24,12,,,,,,,,,,,19,02,yes,no,no,2025-07-14_14h23.31.760,EXNAT_4_TMS_Psychopy2024.2.5.psyexp,2024.2.5,2025-07-14 14h31.41.583675 +0200,
0,0,0,,,,,0,0,0,0,,,,,#2AB7EF,1659.2541320323944,False,space,correct rejection,None,720.1757431030273,,25,15,2back_single_main_click,2,,10,8,18,24,12,,,,,,,,,,,19,02,yes,no,no,2025-07-14_14h23.31.760,EXNAT_4_TMS_Psychopy2024.2.5.psyexp,2024.2.5,2025-07-14 14h31.41.583675 +0200,
0,0,0,,,,,0,0,0,0,,,,,#88BA3F,1660.1977741718292,False,space,correct rejection,None,784.5401763916016,,26,15,2back_single_main_click,2,,10,8,18,24,12,,,,,,,,,,,19,02,yes,no,no,2025-07-14_14h23.31.760,EXNAT_4_TMS_Psychopy2024.2.5.psyexp,2024.2.5,2025-07-14 14h31.41.583675 +0200,
0,0,0,,,,,0,0,0,0,,,,,#2AB7EF,1661.2067601680756,True,l,hit,1359.6055507659912,1743.4399127960205,,27,15,2back_single_main_click,2,,10,8,18,24,12,,,,,,,,,,,19,02,yes,no,no,2025-07-14_14h23.31.760,EXNAT_4_TMS_Psychopy2024.2.5.psyexp,2024.2.5,2025-07-14 14h31.41.583675 +0200,
0,0,0,,,,,0,0,0,0,,,,,#F989A2,1663.1726806163788,False,space,correct rejection,None,529.6034812927246,,28,15,2back_single_main_click,2,,10,8,18,24,12,,,,,,,,,,,19,02,yes,no,no,2025-07-14_14h23.31.760,EXNAT_4_TMS_Psychopy2024.2.5.psyexp,2024.2.5,2025-07-14 14h31.41.583675 +0200,
0,0,0,,,,,0,0,0,0,,,,,#2AB7EF,1663.925876379013,True,space,miss,None,1696.2337493896484,,29,15,2back_single_main_click,2,,10,9,19,24,12,1663.9830703735352,,,,,,,,,,19,02,yes,no,no,2025-07-14_14h23.31.760,EXNAT_4_TMS_Psychopy2024.2.5.psyexp,2024.2.5,2025-07-14 14h31.41.583675 +0200,
0,0,0,,,,,0,0,0,0,,,,,#F989A2,1665.845665216446,True,space,miss,None,640.5794620513916,,30,15,2back_single_main_click,2,,10,9,19,24,12,,,,,,,,,,,19,02,yes,no,no,2025-07-14_14h23.31.760,EXNAT_4_TMS_Psychopy2024.2.5.psyexp,2024.2.5,2025-07-14 14h31.41.583675 +0200,
0,0,0,,,,,0,0,0,0,,,,,#F989A2,1666.7100460529327,False,space,correct rejection,None,608.1843376159668,,31,15,2back_single_main_click,2,,10,9,19,24,12,,,,,,,,,,,19,02,yes,no,no,2025-07-14_14h23.31.760,EXNAT_4_TMS_Psychopy2024.2.5.psyexp,2024.2.5,2025-07-14 14h31.41.583675 +0200,
0,0,0,,,,,0,0,0,0,,,,,#88BA3F,1667.5424382686615,False,space,correct rejection,None,767.899751663208,,32,15,2back_single_main_click,2,,10,9,19,24,12,,,,,,,,,,,19,02,yes,no,no,2025-07-14_14h23.31.760,EXNAT_4_TMS_Psychopy2024.2.5.psyexp,2024.2.5,2025-07-14 14h31.41.583675 +0200,
0,0,0,,,,,0,0,0,0,,,,,#D292F3,1668.5334599018097,False,space,correct rejection,None,656.8102836608887,,33,15,2back_single_main_click,2,,11,9,20,24,12,1668.9829416275024,,,,,,,,,,19,02,yes,no,no,2025-07-14_14h23.31.760,EXNAT_4_TMS_Psychopy2024.2.5.psyexp,2024.2.5,2025-07-14 14h31.41.583675 +0200,
0,0,0,,,,,0,0,0,0,,,,,#88BA3F,1669.4132277965546,True,l,hit,785.1414680480957,928.9600849151611,,34,15,2back_single_main_click,2,,11,9,20,24,12,,,,,,,,,,,19,02,yes,no,no,2025-07-14_14h23.31.760,EXNAT_4_TMS_Psychopy2024.2.5.psyexp,2024.2.5,2025-07-14 14h31.41.583675 +0200,
0,0,0,,,,,0,0,0,0,,,,,#88BA3F,1670.5655899047852,False,space,correct rejection,None,1136.7273330688477,,35,15,2back_single_main_click,2,,11,9,20,24,12,,,,,,,,,,,19,02,yes,no,no,2025-07-14_14h23.31.760,EXNAT_4_TMS_Psychopy2024.2.5.psyexp,2024.2.5,2025-07-14 14h31.41.583675 +0200,
0,0,0,,,,,0,0,0,0,,,,,#F989A2,1671.9260087013245,False,space,correct rejection,None,1344.3446159362793,,36,15,2back_single_main_click,2,,11,9,20,24,12,,,,,,,,,,,19,02,yes,no,no,2025-07-14_14h23.31.760,EXNAT_4_TMS_Psychopy2024.2.5.psyexp,2024.2.5,2025-07-14 14h31.41.583675 +0200,
0,0,0,,,,,0,0,0,0,,,,,#2AB7EF,1673.493560552597,False,space,correct rejection,None,864.5620346069336,,37,15,2back_single_main_click,2,,11,9,20,24,12,,,,,,,,,,,19,02,yes,no,no,2025-07-14_14h23.31.760,EXNAT_4_TMS_Psychopy2024.2.5.psyexp,2024.2.5,2025-07-14 14h31.41.583675 +0200,
0,0,0,,,,,0,0,0,0,,,,,#F989A2,1674.580938577652,True,l,hit,1089.360237121582,1265.2018070220947,,38,15,2back_single_main_click,2,,11,10,21,24,12,1674.6362345218658,,,,,,,,,,19,02,yes,no,no,2025-07-14_14h23.31.760,EXNAT_4_TMS_Psychopy2024.2.5.psyexp,2024.2.5,2025-07-14 14h31.41.583675 +0200,
0,0,0,,,,,0,0,0,0,,,,,#F989A2,1676.0697691440582,False,space,correct rejection,None,1024.5850086212158,,39,15,2back_single_main_click,2,,11,10,21,24,12,,,,,,,,,,,19,02,yes,no,no,2025-07-14_14h23.31.760,EXNAT_4_TMS_Psychopy2024.2.5.psyexp,2024.2.5,2025-07-14 14h31.41.583675 +0200,
0,0,0,,,,,0,0,0,0,,,,,#D292F3,1677.3180451393127,False,space,correct rejection,None,1568.1102275848389,,40,15,2back_single_main_click,2,,11,10,21,24,12,,,,,,,,,,,19,02,yes,no,no,2025-07-14_14h23.31.760,EXNAT_4_TMS_Psychopy2024.2.5.psyexp,2024.2.5,2025-07-14 14h31.41.583675 +0200,
0,0,0,,,,,0,0,0,0,,,,,#88BA3F,1679.1087093353271,False,space,correct rejection,None,881.6492557525635,,41,15,2back_single_main_click,2,,12,10,22,24,12,1679.6361248493195,,,,,,,,,,19,02,yes,no,no,2025-07-14_14h23.31.760,EXNAT_4_TMS_Psychopy2024.2.5.psyexp,2024.2.5,2025-07-14 14h31.41.583675 +0200,
0,0,0,,,,,0,0,0,0,,,,,#F989A2,1680.2140519618988,False,l,false alarm,1376.3258457183838,1504.1477680206299,,42,15,2back_single_main_click,2,,12,10,22,24,12,,,,,,,,,,,19,02,yes,no,no,2025-07-14_14h23.31.760,EXNAT_4_TMS_Psychopy2024.2.5.psyexp,2024.2.5,2025-07-14 14h31.41.583675 +0200,
0,0,0,,,,,0,0,0,0,,,,,#D292F3,1681.94269490242,False,space,correct rejection,None,543.5655117034912,,43,15,2back_single_main_click,2,,12,10,22,24,12,,,,,,,,,,,19,02,yes,no,no,2025-07-14_14h23.31.760,EXNAT_4_TMS_Psychopy2024.2.5.psyexp,2024.2.5,2025-07-14 14h31.41.583675 +0200,
0,0,0,,,,,0,0,0,0,,,,,#F989A2,1682.709665298462,True,l,hit,736.635684967041,880.479097366333,,44,15,2back_single_main_click,2,,12,10,22,24,12,,,,,,,,,,,19,02,yes,no,no,2025-07-14_14h23.31.760,EXNAT_4_TMS_Psychopy2024.2.5.psyexp,2024.2.5,2025-07-14 14h31.41.583675 +0200,
0,0,0,,,,,0,0,0,0,,,,,#88BA3F,1683.8136653900146,False,space,correct rejection,None,560.6608390808105,,45,15,2back_single_main_click,2,,12,10,22,24,12,,,,,,,,,,,19,02,yes,no,no,2025-07-14_14h23.31.760,EXNAT_4_TMS_Psychopy2024.2.5.psyexp,2024.2.5,2025-07-14 14h31.41.583675 +0200,
0,0,0,,,,,0,0,0,0,,,,,#88BA3F,1684.5982060432434,False,space,correct rejection,None,608.055830001831,,46,15,2back_single_main_click,2,,12,10,22,24,12,,,,,,,,,,,19,02,yes,no,no,2025-07-14_14h23.31.760,EXNAT_4_TMS_Psychopy2024.2.5.psyexp,2024.2.5,2025-07-14 14h31.41.583675 +0200,
0,0,0,,,,,0,0,0,0,,,,,#F989A2,1685.4298386573792,False,space,correct rejection,None,1232.4707508087158,,47,15,2back_single_main_click,2,,12,10,22,24,12,,,,,,,,,,,19,02,yes,no,no,2025-07-14_14h23.31.760,EXNAT_4_TMS_Psychopy2024.2.5.psyexp,2024.2.5,2025-07-14 14h31.41.583675 +0200,
0,0,0,,,,,0,0,0,0,,,,,#2AB7EF,1686.8859565258026,False,space,correct rejection,None,720.2854156494141,,48,15,2back_single_main_click,2,,12,10,22,24,12,,,,,,,,,,,19,02,yes,no,no,2025-07-14_14h23.31.760,EXNAT_4_TMS_Psychopy2024.2.5.psyexp,2024.2.5,2025-07-14 14h31.41.583675 +0200,
0,0,0,,,,,0,0,0,0,,,,,#2AB7EF,1687.830492258072,False,space,correct rejection,None,591.7646884918213,,49,15,2back_single_main_click,2,,12,10,22,24,12,,,,,,,,,,,19,02,yes,no,no,2025-07-14_14h23.31.760,EXNAT_4_TMS_Psychopy2024.2.5.psyexp,2024.2.5,2025-07-14 14h31.41.583675 +0200,
0,0,0,,,,,0,0,0,0,,,,,#F989A2,1688.6461074352264,False,space,correct rejection,None,736.2484931945801,,50,15,2back_single_main_click,2,,12,10,22,24,12,,,,,,,,,,,19,02,yes,no,no,2025-07-14_14h23.31.760,EXNAT_4_TMS_Psychopy2024.2.5.psyexp,2024.2.5,2025-07-14 14h31.41.583675 +0200,
0,0,0,,,,,0,0,0,0,,,,,#88BA3F,1689.6062083244324,False,space,correct rejection,None,736.0260486602783,,51,15,2back_single_main_click,2,,12,10,22,24,12,,,,,,,,,,,19,02,yes,no,no,2025-07-14_14h23.31.760,EXNAT_4_TMS_Psychopy2024.2.5.psyexp,2024.2.5,2025-07-14 14h31.41.583675 +0200,
0,0,0,,,,,0,0,0,0,,,,,#88BA3F,1690.56556224823,False,space,correct rejection,None,3632.7927112579346,,52,15,2back_single_main_click,2,,12,10,22,24,12,,,,,,,,,,,19,02,yes,no,no,2025-07-14_14h23.31.760,EXNAT_4_TMS_Psychopy2024.2.5.psyexp,2024.2.5,2025-07-14 14h31.41.583675 +0200,
0,0,0,,,,,0,0,0,0,,,,,#F989A2,1694.4221065044403,False,space,correct rejection,None,1008.2533359527588,,53,15,2back_single_main_click,2,,12,10,22,24,12,,,,,,,,,,,19,02,yes,no,no,2025-07-14_14h23.31.760,EXNAT_4_TMS_Psychopy2024.2.5.psyexp,2024.2.5,2025-07-14 14h31.41.583675 +0200,
0,0,0,,,,,0,0,0,0,,,,,#F989A2,1695.654545545578,False,space,correct rejection,None,671.8454360961914,,54,15,2back_single_main_click,2,,12,10,22,24,12,,,,,,,,,,,19,02,yes,no,no,2025-07-14_14h23.31.760,EXNAT_4_TMS_Psychopy2024.2.5.psyexp,2024.2.5,2025-07-14 14h31.41.583675 +0200,
0,0,0,,,,,0,0,0,0,,,,,#2AB7EF,1696.5501639842987,False,space,correct rejection,None,1664.1464233398438,,55,15,2back_single_main_click,2,,12,10,22,24,12,,,,,,,,,,,19,02,yes,no,no,2025-07-14_14h23.31.760,EXNAT_4_TMS_Psychopy2024.2.5.psyexp,2024.2.5,2025-07-14 14h31.41.583675 +0200,
0,0,0,,,,,0,0,0,0,,,,,#88BA3F,1698.437994480133,False,space,correct rejection,None,768.1491374969482,,56,15,2back_single_main_click,2,,12,10,22,24,12,,,,,,,,,,,19,02,yes,no,no,2025-07-14_14h23.31.760,EXNAT_4_TMS_Psychopy2024.2.5.psyexp,2024.2.5,2025-07-14 14h31.41.583675 +0200,
0,0,0,,,,,0,0,0,0,,,,,#D292F3,1699.4297394752502,False,space,correct rejection,None,768.5999870300293,,57,15,2back_single_main_click,2,,12,10,22,24,12,,,,,,,,,,,19,02,yes,no,no,2025-07-14_14h23.31.760,EXNAT_4_TMS_Psychopy2024.2.5.psyexp,2024.2.5,2025-07-14 14h31.41.583675 +0200,
0,0,0,,,,,0,0,0,0,,,,,#D292F3,1700.4221181869507,False,space,correct rejection,None,672.1413135528564,,58,15,2back_single_main_click,2,,12,10,22,24,12,,,,,,,,,,,19,02,yes,no,no,2025-07-14_14h23.31.760,EXNAT_4_TMS_Psychopy2024.2.5.psyexp,2024.2.5,2025-07-14 14h31.41.583675 +0200,
0,0,0,,,,,0,0,0,0,,,,,#2AB7EF,1701.3177213668823,False,space,correct rejection,None,896.6097831726074,,59,15,2back_single_main_click,2,,12,10,22,24,12,,,,,,,,,,,19,02,yes,no,no,2025-07-14_14h23.31.760,EXNAT_4_TMS_Psychopy2024.2.5.psyexp,2024.2.5,2025-07-14 14h31.41.583675 +0200,
0,0,0,,,,,0,0,0,0,,,,,#D292F3,1702.4379568099976,True,l,hit,800.3613948822021,960.1950645446777,,60,15,2back_single_main_click,2,,12,11,23,24,12,1702.4897272586823,,,,,,,,,,19,02,yes,no,no,2025-07-14_14h23.31.760,EXNAT_4_TMS_Psychopy2024.2.5.psyexp,2024.2.5,2025-07-14 14h31.41.583675 +0200,
0,0,0,,,,,0,0,0,0,,,,,#2AB7EF,1706.0056822299957,False,space,correct rejection,None,896.5587615966797,,1,16,2back_single_main_click,2,,12,11,23,24,12,,,,,,,,,,,19,02,yes,no,no,2025-07-14_14h23.31.760,EXNAT_4_TMS_Psychopy2024.2.5.psyexp,2024.2.5,2025-07-14 14h31.41.583675 +0200,
0,0,0,,,,,0,0,0,0,,,,,#88BA3F,1707.115639925003,False,space,correct rejection,None,506.6676139831543,,2,16,2back_single_main_click,2,,12,11,23,24,12,,,,,,,,,,,19,02,yes,no,no,2025-07-14_14h23.31.760,EXNAT_4_TMS_Psychopy2024.2.5.psyexp,2024.2.5,2025-07-14 14h31.41.583675 +0200,
0,0,0,,,,,0,0,0,0,,,,,#88BA3F,1707.8388850688934,False,space,correct rejection,None,775.4590511322021,,3,16,2back_single_main_click,2,,12,11,23,24,12,,,,,,,,,,,19,02,yes,no,no,2025-07-14_14h23.31.760,EXNAT_4_TMS_Psychopy2024.2.5.psyexp,2024.2.5,2025-07-14 14h31.41.583675 +0200,
0,0,0,,,,,0,0,0,0,,,,,#F989A2,1708.8312001228333,False,space,correct rejection,None,711.1237049102783,,4,16,2back_single_main_click,2,,12,11,23,24,12,,,,,,,,,,,19,02,yes,no,no,2025-07-14_14h23.31.760,EXNAT_4_TMS_Psychopy2024.2.5.psyexp,2024.2.5,2025-07-14 14h31.41.583675 +0200,
0,0,0,,,,,0,0,0,0,,,,,#D292F3,1709.7595267295837,False,space,correct rejection,None,774.791955947876,,5,16,2back_single_main_click,2,,12,11,23,24,12,,,,,,,,,,,19,02,yes,no,no,2025-07-14_14h23.31.760,EXNAT_4_TMS_Psychopy2024.2.5.psyexp,2024.2.5,2025-07-14 14h31.41.583675 +0200,
0,0,0,,,,,0,0,0,0,,,,,#88BA3F,1710.758001089096,False,space,correct rejection,None,704.3352127075195,,6,16,2back_single_main_click,2,,12,11,23,24,12,,,,,,,,,,,19,02,yes,no,no,2025-07-14_14h23.31.760,EXNAT_4_TMS_Psychopy2024.2.5.psyexp,2024.2.5,2025-07-14 14h31.41.583675 +0200,
0,0,0,,,,,0,0,0,0,,,,,#2AB7EF,1711.6862461566925,False,space,correct rejection,None,1711.9176387786865,,7,16,2back_single_main_click,2,,12,11,23,24,12,,,,,,,,,,,19,02,yes,no,no,2025-07-14_14h23.31.760,EXNAT_4_TMS_Psychopy2024.2.5.psyexp,2024.2.5,2025-07-14 14h31.41.583675 +0200,
0,0,0,,,,,0,0,0,0,,,,,#D292F3,1713.621339082718,False,space,correct rejection,None,769.0243721008301,,8,16,2back_single_main_click,2,,12,11,23,24,12,,,,,,,,,,,19,02,yes,no,no,2025-07-14_14h23.31.760,EXNAT_4_TMS_Psychopy2024.2.5.psyexp,2024.2.5,2025-07-14 14h31.41.583675 +0200,
0,0,0,,,,,0,0,0,0,,,,,#F989A2,1714.6138951778412,False,space,correct rejection,None,1024.446964263916,,9,16,2back_single_main_click,2,,12,11,23,24,12,,,,,,,,,,,19,02,yes,no,no,2025-07-14_14h23.31.760,EXNAT_4_TMS_Psychopy2024.2.5.psyexp,2024.2.5,2025-07-14 14h31.41.583675 +0200,
0,0,0,,,,,0,0,0,0,,,,,#2AB7EF,1715.862001657486,False,l,false alarm,608.3691120147705,768.2044506072998,,10,16,2back_single_main_click,2,,12,11,23,24,12,,,,,,,,,,,19,02,yes,no,no,2025-07-14_14h23.31.760,EXNAT_4_TMS_Psychopy2024.2.5.psyexp,2024.2.5,2025-07-14 14h31.41.583675 +0200,
0,0,0,,,,,0,0,0,0,,,,,#F989A2,1716.8539469242096,True,l,hit,784.2667102813721,912.2326374053955,,11,16,2back_single_main_click,2,,12,12,24,24,inf,1716.91339969635,,,,,,,,,,19,02,yes,no,no,2025-07-14_14h23.31.760,EXNAT_4_TMS_Psychopy2024.2.5.psyexp,2024.2.5,2025-07-14 14h31.41.583675 +0200,
0,0,0,,,,,0,0,0,0,,,,,#D292F3,1717.9902229309082,False,space,correct rejection,None,815.9375190734863,,12,16,2back_single_main_click,2,,12,12,24,24,inf,,,,,,,,,,,19,02,yes,no,no,2025-07-14_14h23.31.760,EXNAT_4_TMS_Psychopy2024.2.5.psyexp,2024.2.5,2025-07-14 14h31.41.583675 +0200,
0,0,0,,,,,0,0,0,0,,,,,#88BA3F,1719.0296936035156,False,space,correct rejection,None,1872.7056980133057,,13,16,2back_single_main_click,2,,12,12,24,24,inf,,,,,,,,,,,19,02,yes,no,no,2025-07-14_14h23.31.760,EXNAT_4_TMS_Psychopy2024.2.5.psyexp,2024.2.5,2025-07-14 14h31.41.583675 +0200,
0,0,0,,,,,0,0,0,0,,,,,#88BA3F,1721.1257393360138,False,space,correct rejection,None,656.6586494445801,,14,16,2back_single_main_click,2,,12,12,24,24,inf,,,,,,,,,,,19,02,yes,no,no,2025-07-14_14h23.31.760,EXNAT_4_TMS_Psychopy2024.2.5.psyexp,2024.2.5,2025-07-14 14h31.41.583675 +0200,
0,0,0,,,,,0,0,0,0,,,,,#2AB7EF,1722.005943775177,False,space,correct rejection,None,848.3765125274658,,15,16,2back_single_main_click,2,,13,12,25,24,inf,1722.0608608722687,,,,,,,,,,19,02,yes,no,no,2025-07-14_14h23.31.760,EXNAT_4_TMS_Psychopy2024.2.5.psyexp,2024.2.5,2025-07-14 14h31.41.583675 +0200,
0,0,0,,,,,0,0,0,0,,,,,#88BA3F,1723.0767917633057,True,l,hit,833.564281463623,993.3755397796631,,16,16,2back_single_main_click,2,,13,12,25,24,inf,,,,,,,,,,,19,02,yes,no,no,2025-07-14_14h23.31.760,EXNAT_4_TMS_Psychopy2024.2.5.psyexp,2024.2.5,2025-07-14 14h31.41.583675 +0200,
0,0,0,,,,,0,0,0,0,,,,,#D292F3,1724.2939546108246,False,space,correct rejection,None,3776.36981010437,,17,16,2back_single_main_click,2,,14,12,26,24,inf,1727.0607771873474,,,,,,,,,,19,02,yes,no,no,2025-07-14_14h23.31.760,EXNAT_4_TMS_Psychopy2024.2.5.psyexp,2024.2.5,2025-07-14 14h31.41.583675 +0200,
0,0,0,,,,,0,0,0,0,,,,,#F989A2,1728.2936198711395,False,space,correct rejection,None,560.7943534851074,,18,16,2back_single_main_click,2,,14,12,26,24,inf,,,,,,,,,,,19,02,yes,no,no,2025-07-14_14h23.31.760,EXNAT_4_TMS_Psychopy2024.2.5.psyexp,2024.2.5,2025-07-14 14h31.41.583675 +0200,
0,0,0,,,,,0,0,0,0,,,,,#2AB7EF,1729.078254699707,False,space,correct rejection,None,2384.1278553009033,,19,16,2back_single_main_click,2,,14,12,26,24,inf,,,,,,,,,,,19,02,yes,no,no,2025-07-14_14h23.31.760,EXNAT_4_TMS_Psychopy2024.2.5.psyexp,2024.2.5,2025-07-14 14h31.41.583675 +0200,
0,0,0,,,,,0,0,0,0,,,,,#88BA3F,1731.6865592002869,False,space,correct rejection,None,687.8421306610107,,20,16,2back_single_main_click,2,,14,12,26,24,inf,,,,,,,,,,,19,02,yes,no,no,2025-07-14_14h23.31.760,EXNAT_4_TMS_Psychopy2024.2.5.psyexp,2024.2.5,2025-07-14 14h31.41.583675 +0200,
0,0,0,,,,,0,0,0,0,,,,,#D292F3,1732.597953081131,False,space,correct rejection,None,1328.183650970459,,21,16,2back_single_main_click,2,,14,12,26,24,inf,,,,,,,,,,,19,02,yes,no,no,2025-07-14_14h23.31.760,EXNAT_4_TMS_Psychopy2024.2.5.psyexp,2024.2.5,2025-07-14 14h31.41.583675 +0200,
0,0,0,,,,,0,0,0,0,,,,,#F989A2,1734.1501514911652,False,space,correct rejection,None,1424.037218093872,,22,16,2back_single_main_click,2,,14,12,26,24,inf,,,,,,,,,,,19,02,yes,no,no,2025-07-14_14h23.31.760,EXNAT_4_TMS_Psychopy2024.2.5.psyexp,2024.2.5,2025-07-14 14h31.41.583675 +0200,
0,0,0,,,,,0,0,0,0,,,,,#D292F3,1735.797218322754,True,l,hit,545.1962947845459,801.0823726654053,,23,16,2back_single_main_click,2,,14,13,27,24,inf,1735.8544731140137,,,,,,,,,,19,02,yes,no,no,2025-07-14_14h23.31.760,EXNAT_4_TMS_Psychopy2024.2.5.psyexp,2024.2.5,2025-07-14 14h31.41.583675 +0200,
0,0,0,,,,,0,0,0,0,,,,,#F989A2,1736.8220131397247,True,l,hit,608.3543300628662,816.2217140197754,,24,16,2back_single_main_click,2,,14,13,27,24,inf,,,,,,,,,,,19,02,yes,no,no,2025-07-14_14h23.31.760,EXNAT_4_TMS_Psychopy2024.2.5.psyexp,2024.2.5,2025-07-14 14h31.41.583675 +0200,
0,0,0,,,,,0,0,0,0,,,,,#88BA3F,1737.861881017685,False,space,correct rejection,None,976.5732288360596,,25,16,2back_single_main_click,2,,14,13,27,24,inf,,,,,,,,,,,19,02,yes,no,no,2025-07-14_14h23.31.760,EXNAT_4_TMS_Psychopy2024.2.5.psyexp,2024.2.5,2025-07-14 14h31.41.583675 +0200,
0,0,0,,,,,0,0,0,0,,,,,#F989A2,1739.0622141361237,True,l,hit,624.1588592529297,832.0178985595703,,26,16,2back_single_main_click,2,,14,13,27,24,inf,,,,,,,,,,,19,02,yes,no,no,2025-07-14_14h23.31.760,EXNAT_4_TMS_Psychopy2024.2.5.psyexp,2024.2.5,2025-07-14 14h31.41.583675 +0200,
0,0,0,,,,,0,0,0,0,,,,,#88BA3F,1740.1176507472992,True,l,hit,880.591869354248,1024.6334075927734,,27,16,2back_single_main_click,2,,14,14,28,24,inf,1740.8543500900269,,,,,,,,,,19,02,yes,no,no,2025-07-14_14h23.31.760,EXNAT_4_TMS_Psychopy2024.2.5.psyexp,2024.2.5,2025-07-14 14h31.41.583675 +0200,
0,0,0,,,,,0,0,0,0,,,,,#D292F3,1741.3658871650696,False,space,correct rejection,None,4272.52984046936,,28,16,2back_single_main_click,2,,14,14,28,24,inf,,,,,,,,,,,19,02,yes,no,no,2025-07-14_14h23.31.760,EXNAT_4_TMS_Psychopy2024.2.5.psyexp,2024.2.5,2025-07-14 14h31.41.583675 +0200,
0,0,0,,,,,0,0,0,0,,,,,#2AB7EF,1745.8622524738312,False,space,correct rejection,None,1504.176139831543,,29,16,2back_single_main_click,2,,15,14,29,24,inf,1745.9230437278748,,,,,,,,,,19,02,yes,no,no,2025-07-14_14h23.31.760,EXNAT_4_TMS_Psychopy2024.2.5.psyexp,2024.2.5,2025-07-14 14h31.41.583675 +0200,
0,0,0,,,,,0,0,0,0,,,,,#88BA3F,1747.5898311138153,False,space,correct rejection,None,2528.4712314605713,,30,16,2back_single_main_click,2,,15,14,29,24,inf,,,,,,,,,,,19,02,yes,no,no,2025-07-14_14h23.31.760,EXNAT_4_TMS_Psychopy2024.2.5.psyexp,2024.2.5,2025-07-14 14h31.41.583675 +0200,
0,0,0,,,,,0,0,0,0,,,,,#D292F3,1750.3422396183014,False,space,correct rejection,None,816.1294460296631,,31,16,2back_single_main_click,2,,16,14,30,24,inf,1750.9228601455688,,,,,,,,,,19,02,yes,no,no,2025-07-14_14h23.31.760,EXNAT_4_TMS_Psychopy2024.2.5.psyexp,2024.2.5,2025-07-14 14h31.41.583675 +0200,
0,0,0,,,,,0,0,0,0,,,,,#88BA3F,1751.3821210861206,True,l,hit,752.1226406097412,943.9187049865723,,32,16,2back_single_main_click,2,,16,14,30,24,inf,,,,,,,,,,,19,02,yes,no,no,2025-07-14_14h23.31.760,EXNAT_4_TMS_Psychopy2024.2.5.psyexp,2024.2.5,2025-07-14 14h31.41.583675 +0200,
0,0,0,,,,,0,0,0,0,,,,,#F989A2,1752.5491263866425,False,space,correct rejection,None,1121.3068962097168,,33,16,2back_single_main_click,2,,16,14,30,24,inf,,,,,,,,,,,19,02,yes,no,no,2025-07-14_14h23.31.760,EXNAT_4_TMS_Psychopy2024.2.5.psyexp,2024.2.5,2025-07-14 14h31.41.583675 +0200,
0,0,0,,,,,0,0,0,0,,,,,#F989A2,1753.8944439888,False,space,correct rejection,None,687.9692077636719,,34,16,2back_single_main_click,2,,16,14,30,24,inf,,,,,,,,,,,19,02,yes,no,no,2025-07-14_14h23.31.760,EXNAT_4_TMS_Psychopy2024.2.5.psyexp,2024.2.5,2025-07-14 14h31.41.583675 +0200,
0,0,0,,,,,0,0,0,0,,,,,#2AB7EF,1754.805881023407,False,space,correct rejection,None,960.5245590209961,,35,16,2back_single_main_click,2,,16,14,30,24,inf,,,,,,,,,,,19,02,yes,no,no,2025-07-14_14h23.31.760,EXNAT_4_TMS_Psychopy2024.2.5.psyexp,2024.2.5,2025-07-14 14h31.41.583675 +0200,
0,0,0,,,,,0,0,0,0,,,,,#2AB7EF,1755.9894556999207,False,space,correct rejection,None,656.928539276123,,36,16,2back_single_main_click,2,,16,14,30,24,inf,,,,,,,,,,,19,02,yes,no,no,2025-07-14_14h23.31.760,EXNAT_4_TMS_Psychopy2024.2.5.psyexp,2024.2.5,2025-07-14 14h31.41.583675 +0200,
0,0,0,,,,,0,0,0,0,,,,,#D292F3,1756.8688442707062,False,space,correct rejection,None,865.7035827636719,,37,16,2back_single_main_click,2,,16,14,30,24,inf,,,,,,,,,,,19,02,yes,no,no,2025-07-14_14h23.31.760,EXNAT_4_TMS_Psychopy2024.2.5.psyexp,2024.2.5,2025-07-14 14h31.41.583675 +0200,
0,0,0,,,,,0,0,0,0,,,,,#F989A2,1757.9581091403961,False,space,correct rejection,None,640.2184963226318,,38,16,2back_single_main_click,2,,16,14,30,24,inf,,,,,,,,,,,19,02,yes,no,no,2025-07-14_14h23.31.760,EXNAT_4_TMS_Psychopy2024.2.5.psyexp,2024.2.5,2025-07-14 14h31.41.583675 +0200,
0,0,0,,,,,0,0,0,0,,,,,#88BA3F,1758.822124004364,False,space,correct rejection,None,624.2187023162842,,39,16,2back_single_main_click,2,,16,14,30,24,inf,,,,,,,,,,,19,02,yes,no,no,2025-07-14_14h23.31.760,EXNAT_4_TMS_Psychopy2024.2.5.psyexp,2024.2.5,2025-07-14 14h31.41.583675 +0200,
0,0,0,,,,,0,0,0,0,,,,,#2AB7EF,1759.6699721813202,False,space,correct rejection,None,608.344554901123,,40,16,2back_single_main_click,2,,16,14,30,24,inf,,,,,,,,,,,19,02,yes,no,no,2025-07-14_14h23.31.760,EXNAT_4_TMS_Psychopy2024.2.5.psyexp,2024.2.5,2025-07-14 14h31.41.583675 +0200,
0,0,0,,,,,0,0,0,0,,,,,#88BA3F,1760.5020015239716,True,l,hit,496.274471282959,656.2530994415283,,41,16,2back_single_main_click,2,,16,14,30,24,inf,,,,,,,,,,,19,02,yes,no,no,2025-07-14_14h23.31.760,EXNAT_4_TMS_Psychopy2024.2.5.psyexp,2024.2.5,2025-07-14 14h31.41.583675 +0200,
0,0,0,,,,,0,0,0,0,,,,,#D292F3,1761.3817896842957,False,space,correct rejection,None,2256.4263343811035,,42,16,2back_single_main_click,2,,16,14,30,24,inf,,,,,,,,,,,19,02,yes,no,no,2025-07-14_14h23.31.760,EXNAT_4_TMS_Psychopy2024.2.5.psyexp,2024.2.5,2025-07-14 14h31.41.583675 +0200,
0,0,0,,,,,0,0,0,0,,,,,#88BA3F,1763.8616089820862,True,l,hit,1568.7427520751953,1744.5964813232422,,43,16,2back_single_main_click,2,,16,15,31,24,inf,1763.91778922081,,,,,,,,,,19,02,yes,no,no,2025-07-14_14h23.31.760,EXNAT_4_TMS_Psychopy2024.2.5.psyexp,2024.2.5,2025-07-14 14h31.41.583675 +0200,
0,0,0,,,,,0,0,0,0,,,,,#D292F3,1765.8297138214111,True,l,hit,736.4881038665771,912.3287200927734,,44,16,2back_single_main_click,2,,16,15,31,24,inf,,,,,,,,,,,19,02,yes,no,no,2025-07-14_14h23.31.760,EXNAT_4_TMS_Psychopy2024.2.5.psyexp,2024.2.5,2025-07-14 14h31.41.583675 +0200,
0,0,0,,,,,0,0,0,0,,,,,#D292F3,1766.9662415981293,False,space,correct rejection,None,1295.93825340271,,45,16,2back_single_main_click,2,,16,15,31,24,inf,,,,,,,,,,,19,02,yes,no,no,2025-07-14_14h23.31.760,EXNAT_4_TMS_Psychopy2024.2.5.psyexp,2024.2.5,2025-07-14 14h31.41.583675 +0200,
0,0,0,,,,,0,0,0,0,,,,,#2AB7EF,1768.485816001892,False,space,correct rejection,None,1744.4932460784912,,46,16,2back_single_main_click,2,,17,15,32,24,inf,1768.917718410492,,,,,,,,,,19,02,yes,no,no,2025-07-14_14h23.31.760,EXNAT_4_TMS_Psychopy2024.2.5.psyexp,2024.2.5,2025-07-14 14h31.41.583675 +0200,
0,0,0,,,,,0,0,0,0,,,,,#2AB7EF,1770.4538650512695,False,space,correct rejection,None,1056.4072132110596,,47,16,2back_single_main_click,2,,17,15,32,24,inf,,,,,,,,,,,19,02,yes,no,no,2025-07-14_14h23.31.760,EXNAT_4_TMS_Psychopy2024.2.5.psyexp,2024.2.5,2025-07-14 14h31.41.583675 +0200,
0,0,0,,,,,0,0,0,0,,,,,#2AB7EF,1771.7340478897095,True,l,hit,1120.2006340026855,1328.1559944152832,,48,16,2back_single_main_click,2,,17,15,32,24,inf,,,,,,,,,,,19,02,yes,no,no,2025-07-14_14h23.31.760,EXNAT_4_TMS_Psychopy2024.2.5.psyexp,2024.2.5,2025-07-14 14h31.41.583675 +0200,
0,0,0,,,,,0,0,0,0,,,,,#D292F3,1773.28578042984,False,space,correct rejection,None,912.5633239746094,,49,16,2back_single_main_click,2,,17,15,32,24,inf,,,,,,,,,,,19,02,yes,no,no,2025-07-14_14h23.31.760,EXNAT_4_TMS_Psychopy2024.2.5.psyexp,2024.2.5,2025-07-14 14h31.41.583675 +0200,
0,0,0,,,,,0,0,0,0,,,,,#88BA3F,1774.4221601486206,False,space,correct rejection,None,1744.1902160644531,,50,16,2back_single_main_click,2,,17,15,32,24,inf,,,,,,,,,,,19,02,yes,no,no,2025-07-14_14h23.31.760,EXNAT_4_TMS_Psychopy2024.2.5.psyexp,2024.2.5,2025-07-14 14h31.41.583675 +0200,
0,0,0,,,,,0,0,0,0,,,,,#2AB7EF,1776.3901643753052,False,space,correct rejection,None,1776.0448455810547,,51,16,2back_single_main_click,2,,17,15,32,24,inf,,,,,,,,,,,19,02,yes,no,no,2025-07-14_14h23.31.760,EXNAT_4_TMS_Psychopy2024.2.5.psyexp,2024.2.5,2025-07-14 14h31.41.583675 +0200,
0,0,0,,,,,0,0,0,0,,,,,#D292F3,1778.3891880512238,False,space,correct rejection,None,689.2557144165039,,52,16,2back_single_main_click,2,,17,15,32,24,inf,,,,,,,,,,,19,02,yes,no,no,2025-07-14_14h23.31.760,EXNAT_4_TMS_Psychopy2024.2.5.psyexp,2024.2.5,2025-07-14 14h31.41.583675 +0200,
0,0,0,,,,,0,0,0,0,,,,,#D292F3,1779.3019897937775,False,space,correct rejection,None,912.3480319976807,,53,16,2back_single_main_click,2,,17,15,32,24,inf,,,,,,,,,,,19,02,yes,no,no,2025-07-14_14h23.31.760,EXNAT_4_TMS_Psychopy2024.2.5.psyexp,2024.2.5,2025-07-14 14h31.41.583675 +0200,
0,0,0,,,,,0,0,0,0,,,,,#2AB7EF,1780.4378867149353,False,space,correct rejection,None,848.3350276947021,,54,16,2back_single_main_click,2,,17,15,32,24,inf,,,,,,,,,,,19,02,yes,no,no,2025-07-14_14h23.31.760,EXNAT_4_TMS_Psychopy2024.2.5.psyexp,2024.2.5,2025-07-14 14h31.41.583675 +0200,
0,0,0,,,,,0,0,0,0,,,,,#F989A2,1781.5097420215607,False,space,correct rejection,None,1856.6067218780518,,55,16,2back_single_main_click,2,,17,15,32,24,inf,,,,,,,,,,,19,02,yes,no,no,2025-07-14_14h23.31.760,EXNAT_4_TMS_Psychopy2024.2.5.psyexp,2024.2.5,2025-07-14 14h31.41.583675 +0200,
0,0,0,,,,,0,0,0,0,,,,,#F989A2,1783.5903301239014,False,space,correct rejection,None,847.8212356567383,,56,16,2back_single_main_click,2,,17,15,32,24,inf,,,,,,,,,,,19,02,yes,no,no,2025-07-14_14h23.31.760,EXNAT_4_TMS_Psychopy2024.2.5.psyexp,2024.2.5,2025-07-14 14h31.41.583675 +0200,
0,0,0,,,,,0,0,0,0,,,,,#2AB7EF,1784.6618070602417,False,space,correct rejection,None,1232.5434684753418,,57,16,2back_single_main_click,2,,17,15,32,24,inf,,,,,,,,,,,19,02,yes,no,no,2025-07-14_14h23.31.760,EXNAT_4_TMS_Psychopy2024.2.5.psyexp,2024.2.5,2025-07-14 14h31.41.583675 +0200,
0,0,0,,,,,0,0,0,0,,,,,#88BA3F,1786.1179625988007,False,space,correct rejection,None,656.2881469726562,,58,16,2back_single_main_click,2,,17,15,32,24,inf,,,,,,,,,,,19,02,yes,no,no,2025-07-14_14h23.31.760,EXNAT_4_TMS_Psychopy2024.2.5.psyexp,2024.2.5,2025-07-14 14h31.41.583675 +0200,
0,0,0,,,,,0,0,0,0,,,,,#F989A2,1786.9977750778198,False,space,correct rejection,None,624.6092319488525,,59,16,2back_single_main_click,2,,17,15,32,24,inf,,,,,,,,,,,19,02,yes,no,no,2025-07-14_14h23.31.760,EXNAT_4_TMS_Psychopy2024.2.5.psyexp,2024.2.5,2025-07-14 14h31.41.583675 +0200,
0,0,0,,,,,0,0,0,0,,,,,#88BA3F,1787.846471786499,True,l,hit,703.8800716400146,879.7361850738525,,60,16,2back_single_main_click,2,,17,16,33,24,inf,1787.9042029380798,,,,,,,,,,19,02,yes,no,no,2025-07-14_14h23.31.760,EXNAT_4_TMS_Psychopy2024.2.5.psyexp,2024.2.5,2025-07-14 14h31.41.583675 +0200,
0,0,0,,,,,0,0,0,0,,,,,,,,,,,,,,,,,,,,,,,,,,,,,1789.1050515174866,1789.1050715446472,,,19,02,yes,no,no,2025-07-14_14h23.31.760,EXNAT_4_TMS_Psychopy2024.2.5.psyexp,2024.2.5,2025-07-14 14h31.41.583675 +0200,
1,0,1,,,,,1,0,1,0,1789.1292479038239,,,,,,,,,,,,,,,,,,,,,,,,,,,,1789.105176448822,1789.1053943634033,,,19,02,yes,no,no,2025-07-14_14h23.31.760,EXNAT_4_TMS_Psychopy2024.2.5.psyexp,2024.2.5,2025-07-14 14h31.41.583675 +0200,
2,0,2,,,,,2,0,2,0,1789.1292479038239,,,,,,,,,,,,,,,,,,,,,,,,,,,,1789.1054632663727,1789.1055233478546,,,19,02,yes,no,no,2025-07-14_14h23.31.760,EXNAT_4_TMS_Psychopy2024.2.5.psyexp,2024.2.5,2025-07-14 14h31.41.583675 +0200,
3,0,3,,,,,3,0,3,0,1789.1292479038239,,,,,,,,,,,,,,,,,,,,,,,,,,,,1789.1055874824524,1789.1056463718414,,,19,02,yes,no,no,2025-07-14_14h23.31.760,EXNAT_4_TMS_Psychopy2024.2.5.psyexp,2024.2.5,2025-07-14 14h31.41.583675 +0200,
4,0,4,,,,,4,0,4,0,1789.1292479038239,,,,,,,,,,,,,,,,,,,,,,,,,,,,1789.105709552765,1789.105768442154,,,19,02,yes,no,no,2025-07-14_14h23.31.760,EXNAT_4_TMS_Psychopy2024.2.5.psyexp,2024.2.5,2025-07-14 14h31.41.583675 +0200,
,,,,,,,,,,,,,,,,,,,,,,,,,,,,,,,,,,,,,,,,,1793.254124879837,1793.2545182704926,19,02,yes,no,no,2025-07-14_14h23.31.760,EXNAT_4_TMS_Psychopy2024.2.5.psyexp,2024.2.5,2025-07-14 14h31.41.583675 +0200,
