thisN,thisTrialN,thisRepN,trials.thisRepN,trials.thisTrialN,trials.thisN,trials.thisIndex,loop_nback.thisRepN,loop_nback.thisTrialN,loop_nback.thisN,loop_nback.thisIndex,thisRow.t,notes,settings.started,settings.stopped,colour,global_onset_time,target,button_pressed,nback_response,nback_RT,RT,text_nr,trial_nr,block_nr_exp,block_name,n-back_level,word,nontarget_triggers_sent_this_condition,target_triggers_sent_this_condition,total_triggers_sent_this_condition,minimum_triggers_this_condition,maximum_triggers_this_block,trigger_time,question,chosen_ans,ans_correct,reading_self_paced.started,reading_self_paced.stopped,nback_self_paced.started,nback_self_paced.stopped,end.started,end.stopped,participant,session,TMS_port,testing_mode,skip_reading,date,expName,psychopyVersion,expStart,
,,,,,,,,,,,,,0.06276702880859375,0.06292486190795898,,,,,,,,,,,,,,,,,,,,,,,,,,,,,03,03,yes,no,no,2025-06-17_11h10.33.301,EXNAT_4_TMS_Psychopy2024.2.5.psyexp,2024.2.5,2025-06-17 11h10.51.554308 +0200,
0,0,0,0,0,0,0,,,,,0.3289773464202881,,,,#2AB7EF,10.924481868743896,None,space,None,None,620.3031539916992,text_46,1,1,Reading_Baseline_main_click,None,Bei,0,0,0,60,60,,,,,,,,,,,03,03,yes,no,no,2025-06-17_11h10.33.301,EXNAT_4_TMS_Psychopy2024.2.5.psyexp,2024.2.5,2025-06-17 11h10.51.554308 +0200,
0,0,0,0,0,0,0,,,,,,,,,#88BA3F,11.576762914657593,None,space,None,None,415.9820079803467,text_46,2,1,Reading_Baseline_main_click,None,den,1,0,1,60,60,11.631814241409302,,,,,,,,,,03,03,yes,no,no,2025-06-17_11h10.33.301,EXNAT_4_TMS_Psychopy2024.2.5.psyexp,2024.2.5,2025-06-17 11h10.51.554308 +0200,
0,0,0,0,0,0,0,,,,,,,,,#88BA3F,12.031948804855347,None,space,None,None,424.7877597808838,text_46,3,1,Reading_Baseline_main_click,None,Olympischen,1,0,1,60,60,,,,,,,,,,,03,03,yes,no,no,2025-06-17_11h10.33.301,EXNAT_4_TMS_Psychopy2024.2.5.psyexp,2024.2.5,2025-06-17 11h10.51.554308 +0200,
0,0,0,0,0,0,0,,,,,,,,,#F989A2,12.49494194984436,None,space,None,None,345.8702564239502,text_46,4,1,Reading_Baseline_main_click,None,Spielen,1,0,1,60,60,,,,,,,,,,,03,03,yes,no,no,2025-06-17_11h10.33.301,EXNAT_4_TMS_Psychopy2024.2.5.psyexp,2024.2.5,2025-06-17 11h10.51.554308 +0200,
0,0,0,0,0,0,0,,,,,,,,,#F989A2,12.878107070922852,None,space,None,None,330.6608200073242,text_46,5,1,Reading_Baseline_main_click,None,im,1,0,1,60,60,,,,,,,,,,,03,03,yes,no,no,2025-06-17_11h10.33.301,EXNAT_4_TMS_Psychopy2024.2.5.psyexp,2024.2.5,2025-06-17 11h10.51.554308 +0200,
0,0,0,0,0,0,0,,,,,,,,,#D292F3,13.244393110275269,None,space,None,None,332.52811431884766,text_46,6,1,Reading_Baseline_main_click,None,Jahr,1,0,1,60,60,,,,,,,,,,,03,03,yes,no,no,2025-06-17_11h10.33.301,EXNAT_4_TMS_Psychopy2024.2.5.psyexp,2024.2.5,2025-06-17 11h10.51.554308 +0200,
0,0,0,0,0,0,0,,,,,,,,,#88BA3F,13.614260196685791,None,space,None,None,618.431568145752,text_46,7,1,Reading_Baseline_main_click,None,2000,1,0,1,60,60,,,,,,,,,,,03,03,yes,no,no,2025-06-17_11h10.33.301,EXNAT_4_TMS_Psychopy2024.2.5.psyexp,2024.2.5,2025-06-17 11h10.51.554308 +0200,
0,0,0,0,0,0,0,,,,,,,,,#2AB7EF,14.270851135253906,None,space,None,None,409.8379611968994,text_46,8,1,Reading_Baseline_main_click,None,in,1,0,1,60,60,,,,,,,,,,,03,03,yes,no,no,2025-06-17_11h10.33.301,EXNAT_4_TMS_Psychopy2024.2.5.psyexp,2024.2.5,2025-06-17 11h10.51.554308 +0200,
0,0,0,0,0,0,0,,,,,,,,,#D292F3,14.719353675842285,None,space,None,None,697.4318027496338,text_46,9,1,Reading_Baseline_main_click,None,Sydney,1,0,1,60,60,,,,,,,,,,,03,03,yes,no,no,2025-06-17_11h10.33.301,EXNAT_4_TMS_Psychopy2024.2.5.psyexp,2024.2.5,2025-06-17 11h10.51.554308 +0200,
0,0,0,0,0,0,0,,,,,,,,,#2AB7EF,15.457719802856445,None,space,None,None,375.00500679016113,text_46,10,1,Reading_Baseline_main_click,None,stand,1,0,1,60,60,,,,,,,,,,,03,03,yes,no,no,2025-06-17_11h10.33.301,EXNAT_4_TMS_Psychopy2024.2.5.psyexp,2024.2.5,2025-06-17 11h10.51.554308 +0200,
0,0,0,0,0,0,0,,,,,,,,,#D292F3,15.871777772903442,None,space,None,None,312.86144256591797,text_46,11,1,Reading_Baseline_main_click,None,die,1,0,1,60,60,,,,,,,,,,,03,03,yes,no,no,2025-06-17_11h10.33.301,EXNAT_4_TMS_Psychopy2024.2.5.psyexp,2024.2.5,2025-06-17 11h10.51.554308 +0200,
0,0,0,0,0,0,0,,,,,,,,,#F989A2,16.226246118545532,None,space,None,None,598.6378192901611,text_46,12,1,Reading_Baseline_main_click,None,Leichtathletin,2,0,2,60,60,16.63169836997986,,,,,,,,,,03,03,yes,no,no,2025-06-17_11h10.33.301,EXNAT_4_TMS_Psychopy2024.2.5.psyexp,2024.2.5,2025-06-17 11h10.51.554308 +0200,
0,0,0,0,0,0,0,,,,,,,,,#88BA3F,16.86563205718994,None,space,None,None,327.0585536956787,text_46,13,1,Reading_Baseline_main_click,None,Cathy,2,0,2,60,60,,,,,,,,,,,03,03,yes,no,no,2025-06-17_11h10.33.301,EXNAT_4_TMS_Psychopy2024.2.5.psyexp,2024.2.5,2025-06-17 11h10.51.554308 +0200,
0,0,0,0,0,0,0,,,,,,,,,#F989A2,17.23130440711975,None,space,None,None,601.4273166656494,text_46,14,1,Reading_Baseline_main_click,None,Freeman,2,0,2,60,60,,,,,,,,,,,03,03,yes,no,no,2025-06-17_11h10.33.301,EXNAT_4_TMS_Psychopy2024.2.5.psyexp,2024.2.5,2025-06-17 11h10.51.554308 +0200,
0,0,0,0,0,0,0,,,,,,,,,#88BA3F,17.87231731414795,None,space,None,None,424.6368408203125,text_46,15,1,Reading_Baseline_main_click,None,unter,2,0,2,60,60,,,,,,,,,,,03,03,yes,no,no,2025-06-17_11h10.33.301,EXNAT_4_TMS_Psychopy2024.2.5.psyexp,2024.2.5,2025-06-17 11h10.51.554308 +0200,
0,0,0,0,0,0,0,,,,,,,,,#88BA3F,18.338605642318726,None,space,None,None,358.29854011535645,text_46,16,1,Reading_Baseline_main_click,None,enormem,2,0,2,60,60,,,,,,,,,,,03,03,yes,no,no,2025-06-17_11h10.33.301,EXNAT_4_TMS_Psychopy2024.2.5.psyexp,2024.2.5,2025-06-17 11h10.51.554308 +0200,
0,0,0,0,0,0,0,,,,,,,,,#D292F3,18.737377643585205,None,space,None,None,295.1524257659912,text_46,17,1,Reading_Baseline_main_click,None,Druck.,2,0,2,60,60,,,,,,,,,,,03,03,yes,no,no,2025-06-17_11h10.33.301,EXNAT_4_TMS_Psychopy2024.2.5.psyexp,2024.2.5,2025-06-17 11h10.51.554308 +0200,
0,0,0,0,0,0,0,,,,,,,,,#2AB7EF,19.07331418991089,None,space,None,None,327.3041248321533,text_46,18,1,Reading_Baseline_main_click,None,Als,2,0,2,60,60,,,,,,,,,,,03,03,yes,no,no,2025-06-17_11h10.33.301,EXNAT_4_TMS_Psychopy2024.2.5.psyexp,2024.2.5,2025-06-17 11h10.51.554308 +0200,
0,0,0,0,0,0,0,,,,,,,,,#F989A2,19.440740823745728,None,space,None,None,279.8576354980469,text_46,19,1,Reading_Baseline_main_click,None,Aboriginee,2,0,2,60,60,,,,,,,,,,,03,03,yes,no,no,2025-06-17_11h10.33.301,EXNAT_4_TMS_Psychopy2024.2.5.psyexp,2024.2.5,2025-06-17 11h10.51.554308 +0200,
0,0,0,0,0,0,0,,,,,,,,,#2AB7EF,19.756966590881348,None,space,None,None,651.8571376800537,text_46,20,1,Reading_Baseline_main_click,None,entzündete,2,0,2,60,60,,,,,,,,,,,03,03,yes,no,no,2025-06-17_11h10.33.301,EXNAT_4_TMS_Psychopy2024.2.5.psyexp,2024.2.5,2025-06-17 11h10.51.554308 +0200,
0,0,0,0,0,0,0,,,,,,,,,#2AB7EF,20.448171377182007,None,space,None,None,472.6738929748535,text_46,21,1,Reading_Baseline_main_click,None,sie,2,0,2,60,60,,,,,,,,,,,03,03,yes,no,no,2025-06-17_11h10.33.301,EXNAT_4_TMS_Psychopy2024.2.5.psyexp,2024.2.5,2025-06-17 11h10.51.554308 +0200,
0,0,0,0,0,0,0,,,,,,,,,#D292F3,20.96130657196045,None,space,None,None,359.51852798461914,text_46,22,1,Reading_Baseline_main_click,None,das,2,0,2,60,60,,,,,,,,,,,03,03,yes,no,no,2025-06-17_11h10.33.301,EXNAT_4_TMS_Psychopy2024.2.5.psyexp,2024.2.5,2025-06-17 11h10.51.554308 +0200,
0,0,0,0,0,0,0,,,,,,,,,#F989A2,21.360828399658203,None,space,None,None,263.8049125671387,text_46,23,1,Reading_Baseline_main_click,None,olympische,2,0,2,60,60,,,,,,,,,,,03,03,yes,no,no,2025-06-17_11h10.33.301,EXNAT_4_TMS_Psychopy2024.2.5.psyexp,2024.2.5,2025-06-17 11h10.51.554308 +0200,
0,0,0,0,0,0,0,,,,,,,,,#D292F3,21.664141416549683,None,space,None,None,456.42852783203125,text_46,24,1,Reading_Baseline_main_click,None,Feuer,3,0,3,60,60,21.723287105560303,,,,,,,,,,03,03,yes,no,no,2025-06-17_11h10.33.301,EXNAT_4_TMS_Psychopy2024.2.5.psyexp,2024.2.5,2025-06-17 11h10.51.554308 +0200,
0,0,0,0,0,0,0,,,,,,,,,#2AB7EF,22.15820074081421,None,space,None,None,394.55199241638184,text_46,25,1,Reading_Baseline_main_click,None,und,3,0,3,60,60,,,,,,,,,,,03,03,yes,no,no,2025-06-17_11h10.33.301,EXNAT_4_TMS_Psychopy2024.2.5.psyexp,2024.2.5,2025-06-17 11h10.51.554308 +0200,
0,0,0,0,0,0,0,,,,,,,,,#F989A2,22.591304063796997,None,space,None,None,377.53915786743164,text_46,26,1,Reading_Baseline_main_click,None,sollte,3,0,3,60,60,,,,,,,,,,,03,03,yes,no,no,2025-06-17_11h10.33.301,EXNAT_4_TMS_Psychopy2024.2.5.psyexp,2024.2.5,2025-06-17 11h10.51.554308 +0200,
0,0,0,0,0,0,0,,,,,,,,,#2AB7EF,23.01006031036377,None,space,None,None,326.7490863800049,text_46,27,1,Reading_Baseline_main_click,None,später,3,0,3,60,60,,,,,,,,,,,03,03,yes,no,no,2025-06-17_11h10.33.301,EXNAT_4_TMS_Psychopy2024.2.5.psyexp,2024.2.5,2025-06-17 11h10.51.554308 +0200,
0,0,0,0,0,0,0,,,,,,,,,#D292F3,23.377557277679443,None,space,None,None,359.30371284484863,text_46,28,1,Reading_Baseline_main_click,None,im,3,0,3,60,60,,,,,,,,,,,03,03,yes,no,no,2025-06-17_11h10.33.301,EXNAT_4_TMS_Psychopy2024.2.5.psyexp,2024.2.5,2025-06-17 11h10.51.554308 +0200,
0,0,0,0,0,0,0,,,,,,,,,#88BA3F,23.77743411064148,None,space,None,None,279.3924808502197,text_46,29,1,Reading_Baseline_main_click,None,Finale,3,0,3,60,60,,,,,,,,,,,03,03,yes,no,no,2025-06-17_11h10.33.301,EXNAT_4_TMS_Psychopy2024.2.5.psyexp,2024.2.5,2025-06-17 11h10.51.554308 +0200,
0,0,0,0,0,0,0,,,,,,,,,#88BA3F,24.09596562385559,None,space,None,None,296.8630790710449,text_46,30,1,Reading_Baseline_main_click,None,auf,3,0,3,60,60,,,,,,,,,,,03,03,yes,no,no,2025-06-17_11h10.33.301,EXNAT_4_TMS_Psychopy2024.2.5.psyexp,2024.2.5,2025-06-17 11h10.51.554308 +0200,
0,0,0,0,0,0,0,,,,,,,,,#88BA3F,24.43344521522522,None,space,None,None,279.2673110961914,text_46,31,1,Reading_Baseline_main_click,None,400,3,0,3,60,60,,,,,,,,,,,03,03,yes,no,no,2025-06-17_11h10.33.301,EXNAT_4_TMS_Psychopy2024.2.5.psyexp,2024.2.5,2025-06-17 11h10.51.554308 +0200,
0,0,0,0,0,0,0,,,,,,,,,#D292F3,24.750613927841187,None,space,None,None,394.1464424133301,text_46,32,1,Reading_Baseline_main_click,None,Metern,3,0,3,60,60,,,,,,,,,,,03,03,yes,no,no,2025-06-17_11h10.33.301,EXNAT_4_TMS_Psychopy2024.2.5.psyexp,2024.2.5,2025-06-17 11h10.51.554308 +0200,
0,0,0,0,0,0,0,,,,,,,,,#F989A2,25.183820486068726,None,space,None,None,329.0669918060303,text_46,33,1,Reading_Baseline_main_click,None,ihre,3,0,3,60,60,,,,,,,,,,,03,03,yes,no,no,2025-06-17_11h10.33.301,EXNAT_4_TMS_Psychopy2024.2.5.psyexp,2024.2.5,2025-06-17 11h10.51.554308 +0200,
0,0,0,0,0,0,0,,,,,,,,,#2AB7EF,25.55281352996826,None,space,None,None,343.95480155944824,text_46,34,1,Reading_Baseline_main_click,None,Nation,3,0,3,60,60,,,,,,,,,,,03,03,yes,no,no,2025-06-17_11h10.33.301,EXNAT_4_TMS_Psychopy2024.2.5.psyexp,2024.2.5,2025-06-17 11h10.51.554308 +0200,
0,0,0,0,0,0,0,,,,,,,,,#D292F3,25.938388109207153,None,space,None,None,326.5225887298584,text_46,35,1,Reading_Baseline_main_click,None,sportlich,3,0,3,60,60,,,,,,,,,,,03,03,yes,no,no,2025-06-17_11h10.33.301,EXNAT_4_TMS_Psychopy2024.2.5.psyexp,2024.2.5,2025-06-17 11h10.51.554308 +0200,
0,0,0,0,0,0,0,,,,,,,,,#F989A2,26.302911043167114,None,space,None,None,281.8911075592041,text_46,36,1,Reading_Baseline_main_click,None,vereinen.,3,0,3,60,60,,,,,,,,,,,03,03,yes,no,no,2025-06-17_11h10.33.301,EXNAT_4_TMS_Psychopy2024.2.5.psyexp,2024.2.5,2025-06-17 11h10.51.554308 +0200,
0,0,0,0,0,0,0,,,,,,,,,#2AB7EF,26.626590728759766,None,space,None,None,470.20888328552246,text_46,37,1,Reading_Baseline_main_click,None,Ihre,4,0,4,60,60,26.72322106361389,,,,,,,,,,03,03,yes,no,no,2025-06-17_11h10.33.301,EXNAT_4_TMS_Psychopy2024.2.5.psyexp,2024.2.5,2025-06-17 11h10.51.554308 +0200,
0,0,0,0,0,0,0,,,,,,,,,#F989A2,27.13672375679016,None,space,None,None,312.1302127838135,text_46,38,1,Reading_Baseline_main_click,None,stärkste,4,0,4,60,60,,,,,,,,,,,03,03,yes,no,no,2025-06-17_11h10.33.301,EXNAT_4_TMS_Psychopy2024.2.5.psyexp,2024.2.5,2025-06-17 11h10.51.554308 +0200,
0,0,0,0,0,0,0,,,,,,,,,#88BA3F,27.489357948303223,None,space,None,None,295.55320739746094,text_46,39,1,Reading_Baseline_main_click,None,Konkurrentin,4,0,4,60,60,,,,,,,,,,,03,03,yes,no,no,2025-06-17_11h10.33.301,EXNAT_4_TMS_Psychopy2024.2.5.psyexp,2024.2.5,2025-06-17 11h10.51.554308 +0200,
0,0,0,0,0,0,0,,,,,,,,,#2AB7EF,27.825457096099854,None,space,None,None,359.3614101409912,text_46,40,1,Reading_Baseline_main_click,None,war,4,0,4,60,60,,,,,,,,,,,03,03,yes,no,no,2025-06-17_11h10.33.301,EXNAT_4_TMS_Psychopy2024.2.5.psyexp,2024.2.5,2025-06-17 11h10.51.554308 +0200,
0,0,0,0,0,0,0,,,,,,,,,#D292F3,28.2218337059021,None,space,None,None,346.9815254211426,text_46,41,1,Reading_Baseline_main_click,None,Marie-José,4,0,4,60,60,,,,,,,,,,,03,03,yes,no,no,2025-06-17_11h10.33.301,EXNAT_4_TMS_Psychopy2024.2.5.psyexp,2024.2.5,2025-06-17 11h10.51.554308 +0200,
0,0,0,0,0,0,0,,,,,,,,,#2AB7EF,28.607866048812866,None,space,None,None,536.9000434875488,text_46,42,1,Reading_Baseline_main_click,None,Perec,4,0,4,60,60,,,,,,,,,,,03,03,yes,no,no,2025-06-17_11h10.33.301,EXNAT_4_TMS_Psychopy2024.2.5.psyexp,2024.2.5,2025-06-17 11h10.51.554308 +0200,
0,0,0,0,0,0,0,,,,,,,,,#88BA3F,29.183350563049316,None,space,None,None,457.3626518249512,text_46,43,1,Reading_Baseline_main_click,None,aus,4,0,4,60,60,,,,,,,,,,,03,03,yes,no,no,2025-06-17_11h10.33.301,EXNAT_4_TMS_Psychopy2024.2.5.psyexp,2024.2.5,2025-06-17 11h10.51.554308 +0200,
0,0,0,0,0,0,0,,,,,,,,,#88BA3F,29.68267560005188,None,space,None,None,310.23406982421875,text_46,44,1,Reading_Baseline_main_click,None,Frankreich.,4,0,4,60,60,,,,,,,,,,,03,03,yes,no,no,2025-06-17_11h10.33.301,EXNAT_4_TMS_Psychopy2024.2.5.psyexp,2024.2.5,2025-06-17 11h10.51.554308 +0200,
0,0,0,0,0,0,0,,,,,,,,,#F989A2,30.034502267837524,None,space,None,None,326.2321949005127,text_46,45,1,Reading_Baseline_main_click,None,Überraschenderweise,4,0,4,60,60,,,,,,,,,,,03,03,yes,no,no,2025-06-17_11h10.33.301,EXNAT_4_TMS_Psychopy2024.2.5.psyexp,2024.2.5,2025-06-17 11h10.51.554308 +0200,
0,0,0,0,0,0,0,,,,,,,,,#D292F3,30.398865461349487,None,space,None,None,345.7653522491455,text_46,46,1,Reading_Baseline_main_click,None,reiste,4,0,4,60,60,,,,,,,,,,,03,03,yes,no,no,2025-06-17_11h10.33.301,EXNAT_4_TMS_Psychopy2024.2.5.psyexp,2024.2.5,2025-06-17 11h10.51.554308 +0200,
0,0,0,0,0,0,0,,,,,,,,,#D292F3,30.782597064971924,None,space,None,None,378.22628021240234,text_46,47,1,Reading_Baseline_main_click,None,diese,4,0,4,60,60,,,,,,,,,,,03,03,yes,no,no,2025-06-17_11h10.33.301,EXNAT_4_TMS_Psychopy2024.2.5.psyexp,2024.2.5,2025-06-17 11h10.51.554308 +0200,
0,0,0,0,0,0,0,,,,,,,,,#F989A2,31.200260877609253,None,space,None,None,360.5070114135742,text_46,48,1,Reading_Baseline_main_click,None,aber,4,0,4,60,60,,,,,,,,,,,03,03,yes,no,no,2025-06-17_11h10.33.301,EXNAT_4_TMS_Psychopy2024.2.5.psyexp,2024.2.5,2025-06-17 11h10.51.554308 +0200,
0,0,0,0,0,0,0,,,,,,,,,#D292F3,31.60116720199585,None,space,None,None,343.6739444732666,text_46,49,1,Reading_Baseline_main_click,None,kurz,5,0,5,60,60,31.723269939422607,,,,,,,,,,03,03,yes,no,no,2025-06-17_11h10.33.301,EXNAT_4_TMS_Psychopy2024.2.5.psyexp,2024.2.5,2025-06-17 11h10.51.554308 +0200,
0,0,0,0,0,0,0,,,,,,,,,#88BA3F,31.985002279281616,None,space,None,None,375.5075931549072,text_46,50,1,Reading_Baseline_main_click,None,vor,5,0,5,60,60,,,,,,,,,,,03,03,yes,no,no,2025-06-17_11h10.33.301,EXNAT_4_TMS_Psychopy2024.2.5.psyexp,2024.2.5,2025-06-17 11h10.51.554308 +0200,
0,0,0,0,0,0,0,,,,,,,,,#2AB7EF,32.40210485458374,None,space,None,None,326.6615867614746,text_46,51,1,Reading_Baseline_main_click,None,dem,5,0,5,60,60,,,,,,,,,,,03,03,yes,no,no,2025-06-17_11h10.33.301,EXNAT_4_TMS_Psychopy2024.2.5.psyexp,2024.2.5,2025-06-17 11h10.51.554308 +0200,
0,0,0,0,0,0,0,,,,,,,,,#F989A2,32.765740156173706,None,space,None,None,347.00608253479004,text_46,52,1,Reading_Baseline_main_click,None,Finale,5,0,5,60,60,,,,,,,,,,,03,03,yes,no,no,2025-06-17_11h10.33.301,EXNAT_4_TMS_Psychopy2024.2.5.psyexp,2024.2.5,2025-06-17 11h10.51.554308 +0200,
0,0,0,0,0,0,0,,,,,,,,,#F989A2,33.15133047103882,None,space,None,None,361.4473342895508,text_46,53,1,Reading_Baseline_main_click,None,ab,5,0,5,60,60,,,,,,,,,,,03,03,yes,no,no,2025-06-17_11h10.33.301,EXNAT_4_TMS_Psychopy2024.2.5.psyexp,2024.2.5,2025-06-17 11h10.51.554308 +0200,
0,0,0,0,0,0,0,,,,,,,,,#D292F3,33.551042556762695,None,space,None,None,441.85495376586914,text_46,54,1,Reading_Baseline_main_click,None,und,5,0,5,60,60,,,,,,,,,,,03,03,yes,no,no,2025-06-17_11h10.33.301,EXNAT_4_TMS_Psychopy2024.2.5.psyexp,2024.2.5,2025-06-17 11h10.51.554308 +0200,
0,0,0,0,0,0,0,,,,,,,,,#88BA3F,34.033915519714355,None,space,None,None,343.1129455566406,text_46,55,1,Reading_Baseline_main_click,None,so,5,0,5,60,60,,,,,,,,,,,03,03,yes,no,no,2025-06-17_11h10.33.301,EXNAT_4_TMS_Psychopy2024.2.5.psyexp,2024.2.5,2025-06-17 11h10.51.554308 +0200,
0,0,0,0,0,0,0,,,,,,,,,#F989A2,34.41585731506348,None,space,None,None,344.8338508605957,text_46,56,1,Reading_Baseline_main_click,None,wurde,5,0,5,60,60,,,,,,,,,,,03,03,yes,no,no,2025-06-17_11h10.33.301,EXNAT_4_TMS_Psychopy2024.2.5.psyexp,2024.2.5,2025-06-17 11h10.51.554308 +0200,
0,0,0,0,0,0,0,,,,,,,,,#2AB7EF,34.800488233566284,None,space,None,None,344.3470001220703,text_46,57,1,Reading_Baseline_main_click,None,Freemans,5,0,5,60,60,,,,,,,,,,,03,03,yes,no,no,2025-06-17_11h10.33.301,EXNAT_4_TMS_Psychopy2024.2.5.psyexp,2024.2.5,2025-06-17 11h10.51.554308 +0200,
0,0,0,0,0,0,0,,,,,,,,,#88BA3F,35.181562423706055,None,space,None,None,347.23496437072754,text_46,58,1,Reading_Baseline_main_click,None,Sieg,5,0,5,60,60,,,,,,,,,,,03,03,yes,no,no,2025-06-17_11h10.33.301,EXNAT_4_TMS_Psychopy2024.2.5.psyexp,2024.2.5,2025-06-17 11h10.51.554308 +0200,
0,0,0,0,0,0,0,,,,,,,,,#D292F3,35.56741404533386,None,space,None,None,361.38057708740234,text_46,59,1,Reading_Baseline_main_click,None,zum,5,0,5,60,60,,,,,,,,,,,03,03,yes,no,no,2025-06-17_11h10.33.301,EXNAT_4_TMS_Psychopy2024.2.5.psyexp,2024.2.5,2025-06-17 11h10.51.554308 +0200,
0,0,0,0,0,0,0,,,,,,,,,#2AB7EF,35.96939516067505,None,space,None,None,295.5126762390137,text_46,60,1,Reading_Baseline_main_click,None,emotionalen,5,0,5,60,60,,,,,,,,,,,03,03,yes,no,no,2025-06-17_11h10.33.301,EXNAT_4_TMS_Psychopy2024.2.5.psyexp,2024.2.5,2025-06-17 11h10.51.554308 +0200,
0,0,0,0,0,0,0,,,,,,,,,#F989A2,36.306490421295166,None,space,None,None,422.29676246643066,text_46,61,1,Reading_Baseline_main_click,None,Höhepunkt,6,0,6,60,60,36.7232711315155,,,,,,,,,,03,03,yes,no,no,2025-06-17_11h10.33.301,EXNAT_4_TMS_Psychopy2024.2.5.psyexp,2024.2.5,2025-06-17 11h10.51.554308 +0200,
0,0,0,0,0,0,0,,,,,,,,,#F989A2,36.76813888549805,None,space,None,None,408.5965156555176,text_46,62,1,Reading_Baseline_main_click,None,der,6,0,6,60,60,,,,,,,,,,,03,03,yes,no,no,2025-06-17_11h10.33.301,EXNAT_4_TMS_Psychopy2024.2.5.psyexp,2024.2.5,2025-06-17 11h10.51.554308 +0200,
0,0,0,0,0,0,0,,,,,,,,,#2AB7EF,37.21529150009155,None,space,None,None,361.4957332611084,text_46,63,1,Reading_Baseline_main_click,None,Spiele.,6,0,6,60,60,,,,,,,,,,,03,03,yes,no,no,2025-06-17_11h10.33.301,EXNAT_4_TMS_Psychopy2024.2.5.psyexp,2024.2.5,2025-06-17 11h10.51.554308 +0200,
0,0,0,0,0,0,0,,,,,,,,,#D292F3,37.61350464820862,None,space,None,None,363.31748962402344,text_46,64,1,Reading_Baseline_main_click,None,Im,6,0,6,60,60,,,,,,,,,,,03,03,yes,no,no,2025-06-17_11h10.33.301,EXNAT_4_TMS_Psychopy2024.2.5.psyexp,2024.2.5,2025-06-17 11h10.51.554308 +0200,
0,0,0,0,0,0,0,,,,,,,,,#2AB7EF,38.01792502403259,None,space,None,None,310.81390380859375,text_46,65,1,Reading_Baseline_main_click,None,silbernen,6,0,6,60,60,,,,,,,,,,,03,03,yes,no,no,2025-06-17_11h10.33.301,EXNAT_4_TMS_Psychopy2024.2.5.psyexp,2024.2.5,2025-06-17 11h10.51.554308 +0200,
0,0,0,0,0,0,0,,,,,,,,,#D292F3,38.369473695755005,None,space,None,None,599.3847846984863,text_46,66,1,Reading_Baseline_main_click,None,Anzug,6,0,6,60,60,,,,,,,,,,,03,03,yes,no,no,2025-06-17_11h10.33.301,EXNAT_4_TMS_Psychopy2024.2.5.psyexp,2024.2.5,2025-06-17 11h10.51.554308 +0200,
0,0,0,0,0,0,0,,,,,,,,,#88BA3F,39.010165214538574,None,space,None,None,662.5978946685791,text_46,67,1,Reading_Baseline_main_click,None,lief,6,0,6,60,60,,,,,,,,,,,03,03,yes,no,no,2025-06-17_11h10.33.301,EXNAT_4_TMS_Psychopy2024.2.5.psyexp,2024.2.5,2025-06-17 11h10.51.554308 +0200,
0,0,0,0,0,0,0,,,,,,,,,#2AB7EF,39.71485495567322,None,space,None,None,293.84374618530273,text_46,68,1,Reading_Baseline_main_click,None,sie,6,0,6,60,60,,,,,,,,,,,03,03,yes,no,no,2025-06-17_11h10.33.301,EXNAT_4_TMS_Psychopy2024.2.5.psyexp,2024.2.5,2025-06-17 11h10.51.554308 +0200,
0,0,0,0,0,0,0,,,,,,,,,#D292F3,40.04565095901489,None,space,None,None,363.1253242492676,text_46,69,1,Reading_Baseline_main_click,None,als,6,0,6,60,60,,,,,,,,,,,03,03,yes,no,no,2025-06-17_11h10.33.301,EXNAT_4_TMS_Psychopy2024.2.5.psyexp,2024.2.5,2025-06-17 11h10.51.554308 +0200,
0,0,0,0,0,0,0,,,,,,,,,#F989A2,40.44782090187073,None,space,None,None,456.93302154541016,text_46,70,1,Reading_Baseline_main_click,None,Erste,6,0,6,60,60,,,,,,,,,,,03,03,yes,no,no,2025-06-17_11h10.33.301,EXNAT_4_TMS_Psychopy2024.2.5.psyexp,2024.2.5,2025-06-17 11h10.51.554308 +0200,
0,0,0,0,0,0,0,,,,,,,,,#88BA3F,40.9433069229126,None,space,None,None,281.42833709716797,text_46,71,1,Reading_Baseline_main_click,None,ins,6,0,6,60,60,,,,,,,,,,,03,03,yes,no,no,2025-06-17_11h10.33.301,EXNAT_4_TMS_Psychopy2024.2.5.psyexp,2024.2.5,2025-06-17 11h10.51.554308 +0200,
0,0,0,0,0,0,0,,,,,,,,,#2AB7EF,41.2660858631134,None,space,None,None,278.61714363098145,text_46,72,1,Reading_Baseline_main_click,None,Ziel,6,0,6,60,60,,,,,,,,,,,03,03,yes,no,no,2025-06-17_11h10.33.301,EXNAT_4_TMS_Psychopy2024.2.5.psyexp,2024.2.5,2025-06-17 11h10.51.554308 +0200,
0,0,0,0,0,0,0,,,,,,,,,#F989A2,41.58401536941528,None,space,None,None,552.8175830841064,text_46,73,1,Reading_Baseline_main_click,None,und,7,0,7,60,60,41.72328495979309,,,,,,,,,,03,03,yes,no,no,2025-06-17_11h10.33.301,EXNAT_4_TMS_Psychopy2024.2.5.psyexp,2024.2.5,2025-06-17 11h10.51.554308 +0200,
0,0,0,0,0,0,0,,,,,,,,,#D292F3,42.17786264419556,None,space,None,None,455.0631046295166,text_46,74,1,Reading_Baseline_main_click,None,brachte,7,0,7,60,60,,,,,,,,,,,03,03,yes,no,no,2025-06-17_11h10.33.301,EXNAT_4_TMS_Psychopy2024.2.5.psyexp,2024.2.5,2025-06-17 11h10.51.554308 +0200,
0,0,0,0,0,0,0,,,,,,,,,#F989A2,42.67206907272339,None,space,None,None,504.8098564147949,text_46,75,1,Reading_Baseline_main_click,None,das,7,0,7,60,60,,,,,,,,,,,03,03,yes,no,no,2025-06-17_11h10.33.301,EXNAT_4_TMS_Psychopy2024.2.5.psyexp,2024.2.5,2025-06-17 11h10.51.554308 +0200,
0,0,0,0,0,0,0,,,,,,,,,#88BA3F,43.21661162376404,None,space,None,None,520.2741622924805,text_46,76,1,Reading_Baseline_main_click,None,Stadion,7,0,7,60,60,,,,,,,,,,,03,03,yes,no,no,2025-06-17_11h10.33.301,EXNAT_4_TMS_Psychopy2024.2.5.psyexp,2024.2.5,2025-06-17 11h10.51.554308 +0200,
0,0,0,0,0,0,0,,,,,,,,,#D292F3,43.77582144737244,None,space,None,None,408.8568687438965,text_46,77,1,Reading_Baseline_main_click,None,zum,7,0,7,60,60,,,,,,,,,,,03,03,yes,no,no,2025-06-17_11h10.33.301,EXNAT_4_TMS_Psychopy2024.2.5.psyexp,2024.2.5,2025-06-17 11h10.51.554308 +0200,
0,0,0,0,0,0,0,,,,,,,,,#2AB7EF,44.224207639694214,None,space,None,None,504.6272277832031,text_46,78,1,Reading_Baseline_main_click,None,Toben.,7,0,7,60,60,,,,,,,,,,,03,03,yes,no,no,2025-06-17_11h10.33.301,EXNAT_4_TMS_Psychopy2024.2.5.psyexp,2024.2.5,2025-06-17 11h10.51.554308 +0200,
0,0,0,0,0,0,0,,,,,,,,,#F989A2,44.76898455619812,None,space,None,None,535.8476638793945,text_46,79,1,Reading_Baseline_main_click,None,Ihre,7,0,7,60,60,,,,,,,,,,,03,03,yes,no,no,2025-06-17_11h10.33.301,EXNAT_4_TMS_Psychopy2024.2.5.psyexp,2024.2.5,2025-06-17 11h10.51.554308 +0200,
0,0,0,0,0,0,0,,,,,,,,,#D292F3,45.34617638587952,None,space,None,None,326.56311988830566,text_46,80,1,Reading_Baseline_main_click,None,Ehrenrunde,7,0,7,60,60,,,,,,,,,,,03,03,yes,no,no,2025-06-17_11h10.33.301,EXNAT_4_TMS_Psychopy2024.2.5.psyexp,2024.2.5,2025-06-17 11h10.51.554308 +0200,
0,0,0,0,0,0,0,,,,,,,,,#2AB7EF,45.71262717247009,None,space,None,None,584.1166973114014,text_46,81,1,Reading_Baseline_main_click,None,absolvierte,7,0,7,60,60,,,,,,,,,,,03,03,yes,no,no,2025-06-17_11h10.33.301,EXNAT_4_TMS_Psychopy2024.2.5.psyexp,2024.2.5,2025-06-17 11h10.51.554308 +0200,
0,0,0,0,0,0,0,,,,,,,,,#88BA3F,46.33465313911438,None,space,None,None,378.16524505615234,text_46,82,1,Reading_Baseline_main_click,None,sie,7,0,7,60,60,,,,,,,,,,,03,03,yes,no,no,2025-06-17_11h10.33.301,EXNAT_4_TMS_Psychopy2024.2.5.psyexp,2024.2.5,2025-06-17 11h10.51.554308 +0200,
0,0,0,0,0,0,0,,,,,,,,,#88BA3F,46.750744342803955,None,space,None,None,410.0520610809326,text_46,83,1,Reading_Baseline_main_click,None,mit,8,0,8,60,60,46.806333780288696,,,,,,,,,,03,03,yes,no,no,2025-06-17_11h10.33.301,EXNAT_4_TMS_Psychopy2024.2.5.psyexp,2024.2.5,2025-06-17 11h10.51.554308 +0200,
0,0,0,0,0,0,0,,,,,,,,,#2AB7EF,47.20187950134277,None,space,None,None,326.77507400512695,text_46,84,1,Reading_Baseline_main_click,None,zwei,8,0,8,60,60,,,,,,,,,,,03,03,yes,no,no,2025-06-17_11h10.33.301,EXNAT_4_TMS_Psychopy2024.2.5.psyexp,2024.2.5,2025-06-17 11h10.51.554308 +0200,
0,0,0,0,0,0,0,,,,,,,,,#88BA3F,47.57093262672424,None,space,None,None,453.86219024658203,text_46,85,1,Reading_Baseline_main_click,None,Fahnen:,8,0,8,60,60,,,,,,,,,,,03,03,yes,no,no,2025-06-17_11h10.33.301,EXNAT_4_TMS_Psychopy2024.2.5.psyexp,2024.2.5,2025-06-17 11h10.51.554308 +0200,
0,0,0,0,0,0,0,,,,,,,,,#88BA3F,48.065861225128174,None,space,None,None,438.9925003051758,text_46,86,1,Reading_Baseline_main_click,None,Sie,8,0,8,60,60,,,,,,,,,,,03,03,yes,no,no,2025-06-17_11h10.33.301,EXNAT_4_TMS_Psychopy2024.2.5.psyexp,2024.2.5,2025-06-17 11h10.51.554308 +0200,
0,0,0,0,0,0,0,,,,,,,,,#D292F3,48.54454231262207,None,space,None,None,376.279354095459,text_46,87,1,Reading_Baseline_main_click,None,hielt,8,0,8,60,60,,,,,,,,,,,03,03,yes,no,no,2025-06-17_11h10.33.301,EXNAT_4_TMS_Psychopy2024.2.5.psyexp,2024.2.5,2025-06-17 11h10.51.554308 +0200,
0,0,0,0,0,0,0,,,,,,,,,#2AB7EF,48.96121263504028,None,space,None,None,519.5760726928711,text_46,88,1,Reading_Baseline_main_click,None,sowohl,8,0,8,60,60,,,,,,,,,,,03,03,yes,no,no,2025-06-17_11h10.33.301,EXNAT_4_TMS_Psychopy2024.2.5.psyexp,2024.2.5,2025-06-17 11h10.51.554308 +0200,
0,0,0,0,0,0,0,,,,,,,,,#F989A2,49.5210599899292,None,space,None,None,391.5684223175049,text_46,89,1,Reading_Baseline_main_click,None,die,8,0,8,60,60,,,,,,,,,,,03,03,yes,no,no,2025-06-17_11h10.33.301,EXNAT_4_TMS_Psychopy2024.2.5.psyexp,2024.2.5,2025-06-17 11h10.51.554308 +0200,
0,0,0,0,0,0,0,,,,,,,,,#F989A2,49.95432710647583,None,space,None,None,406.31103515625,text_46,90,1,Reading_Baseline_main_click,None,australische,8,0,8,60,60,,,,,,,,,,,03,03,yes,no,no,2025-06-17_11h10.33.301,EXNAT_4_TMS_Psychopy2024.2.5.psyexp,2024.2.5,2025-06-17 11h10.51.554308 +0200,
0,0,0,0,0,0,0,,,,,,,,,#2AB7EF,50.40233135223389,None,space,None,None,422.5199222564697,text_46,91,1,Reading_Baseline_main_click,None,Flagge,8,0,8,60,60,,,,,,,,,,,03,03,yes,no,no,2025-06-17_11h10.33.301,EXNAT_4_TMS_Psychopy2024.2.5.psyexp,2024.2.5,2025-06-17 11h10.51.554308 +0200,
0,0,0,0,0,0,0,,,,,,,,,#88BA3F,50.86586856842041,None,space,None,None,390.89250564575195,text_46,92,1,Reading_Baseline_main_click,None,als,8,0,8,60,60,,,,,,,,,,,03,03,yes,no,no,2025-06-17_11h10.33.301,EXNAT_4_TMS_Psychopy2024.2.5.psyexp,2024.2.5,2025-06-17 11h10.51.554308 +0200,
0,0,0,0,0,0,0,,,,,,,,,#2AB7EF,51.296030044555664,None,space,None,None,328.6395072937012,text_46,93,1,Reading_Baseline_main_click,None,auch,8,0,8,60,60,,,,,,,,,,,03,03,yes,no,no,2025-06-17_11h10.33.301,EXNAT_4_TMS_Psychopy2024.2.5.psyexp,2024.2.5,2025-06-17 11h10.51.554308 +0200,
0,0,0,0,0,0,0,,,,,,,,,#F989A2,51.665364503860474,None,space,None,None,391.4051055908203,text_46,94,1,Reading_Baseline_main_click,None,die,9,0,9,60,60,51.80632543563843,,,,,,,,,,03,03,yes,no,no,2025-06-17_11h10.33.301,EXNAT_4_TMS_Psychopy2024.2.5.psyexp,2024.2.5,2025-06-17 11h10.51.554308 +0200,
0,0,0,0,0,0,0,,,,,,,,,#D292F3,52.09740233421326,None,space,None,None,375.37336349487305,text_46,95,1,Reading_Baseline_main_click,None,der,9,0,9,60,60,,,,,,,,,,,03,03,yes,no,no,2025-06-17_11h10.33.301,EXNAT_4_TMS_Psychopy2024.2.5.psyexp,2024.2.5,2025-06-17 11h10.51.554308 +0200,
0,0,0,0,0,0,0,,,,,,,,,#D292F3,52.51221966743469,None,space,None,None,712.562084197998,text_46,96,1,Reading_Baseline_main_click,None,Aborigines.,9,0,9,60,60,,,,,,,,,,,03,03,yes,no,no,2025-06-17_11h10.33.301,EXNAT_4_TMS_Psychopy2024.2.5.psyexp,2024.2.5,2025-06-17 11h10.51.554308 +0200,
0,0,0,0,0,0,0,,,,,,,,,#88BA3F,53.26650619506836,None,space,None,None,582.2744369506836,text_46,97,1,Reading_Baseline_main_click,None,Dies,9,0,9,60,60,,,,,,,,,,,03,03,yes,no,no,2025-06-17_11h10.33.301,EXNAT_4_TMS_Psychopy2024.2.5.psyexp,2024.2.5,2025-06-17 11h10.51.554308 +0200,
0,0,0,0,0,0,0,,,,,,,,,#2AB7EF,53.8893084526062,None,space,None,None,311.31625175476074,text_46,98,1,Reading_Baseline_main_click,None,war,9,0,9,60,60,,,,,,,,,,,03,03,yes,no,no,2025-06-17_11h10.33.301,EXNAT_4_TMS_Psychopy2024.2.5.psyexp,2024.2.5,2025-06-17 11h10.51.554308 +0200,
0,0,0,0,0,0,0,,,,,,,,,#88BA3F,54.239288568496704,None,space,None,None,345.46756744384766,text_46,99,1,Reading_Baseline_main_click,None,ein,9,0,9,60,60,,,,,,,,,,,03,03,yes,no,no,2025-06-17_11h10.33.301,EXNAT_4_TMS_Psychopy2024.2.5.psyexp,2024.2.5,2025-06-17 11h10.51.554308 +0200,
0,0,0,0,0,0,0,,,,,,,,,#2AB7EF,54.62645864486694,None,space,None,None,742.3288822174072,text_46,100,1,Reading_Baseline_main_click,None,symbolträchtiger,9,0,9,60,60,,,,,,,,,,,03,03,yes,no,no,2025-06-17_11h10.33.301,EXNAT_4_TMS_Psychopy2024.2.5.psyexp,2024.2.5,2025-06-17 11h10.51.554308 +0200,
0,0,0,0,0,0,0,,,,,,,,,#F989A2,55.40718913078308,None,space,None,None,313.60411643981934,text_46,101,1,Reading_Baseline_main_click,None,"Moment,",9,0,9,60,60,,,,,,,,,,,03,03,yes,no,no,2025-06-17_11h10.33.301,EXNAT_4_TMS_Psychopy2024.2.5.psyexp,2024.2.5,2025-06-17 11h10.51.554308 +0200,
0,0,0,0,0,0,0,,,,,,,,,#F989A2,55.76013922691345,None,space,None,None,360.6550693511963,text_46,102,1,Reading_Baseline_main_click,None,der,9,0,9,60,60,,,,,,,,,,,03,03,yes,no,no,2025-06-17_11h10.33.301,EXNAT_4_TMS_Psychopy2024.2.5.psyexp,2024.2.5,2025-06-17 11h10.51.554308 +0200,
0,0,0,0,0,0,0,,,,,,,,,#88BA3F,56.16279149055481,None,space,None,None,405.98583221435547,text_46,103,1,Reading_Baseline_main_click,None,aber,9,0,9,60,60,,,,,,,,,,,03,03,yes,no,no,2025-06-17_11h10.33.301,EXNAT_4_TMS_Psychopy2024.2.5.psyexp,2024.2.5,2025-06-17 11h10.51.554308 +0200,
0,0,0,0,0,0,0,,,,,,,,,#D292F3,56.60745549201965,None,space,None,None,393.3234214782715,text_46,104,1,Reading_Baseline_main_click,None,gegen,10,0,10,60,60,56.806376695632935,,,,,,,,,,03,03,yes,no,no,2025-06-17_11h10.33.301,EXNAT_4_TMS_Psychopy2024.2.5.psyexp,2024.2.5,2025-06-17 11h10.51.554308 +0200,
0,0,0,0,0,0,0,,,,,,,,,#F989A2,57.03922986984253,None,space,None,None,313.518762588501,text_46,105,1,Reading_Baseline_main_click,None,die,10,0,10,60,60,,,,,,,,,,,03,03,yes,no,no,2025-06-17_11h10.33.301,EXNAT_4_TMS_Psychopy2024.2.5.psyexp,2024.2.5,2025-06-17 11h10.51.554308 +0200,
0,0,0,0,0,0,0,,,,,,,,,#D292F3,57.39241981506348,None,space,None,None,376.2855529785156,text_46,106,1,Reading_Baseline_main_click,None,olympischen,10,0,10,60,60,,,,,,,,,,,03,03,yes,no,no,2025-06-17_11h10.33.301,EXNAT_4_TMS_Psychopy2024.2.5.psyexp,2024.2.5,2025-06-17 11h10.51.554308 +0200,
0,0,0,0,0,0,0,,,,,,,,,#D292F3,57.807589292526245,None,space,None,None,313.22336196899414,text_46,107,1,Reading_Baseline_main_click,None,Regeln,10,0,10,60,60,,,,,,,,,,,03,03,yes,no,no,2025-06-17_11h10.33.301,EXNAT_4_TMS_Psychopy2024.2.5.psyexp,2024.2.5,2025-06-17 11h10.51.554308 +0200,
0,0,0,0,0,0,0,,,,,,,,,#2AB7EF,58.16274666786194,None,space,None,None,342.1139717102051,text_46,108,1,Reading_Baseline_main_click,None,verstieß.,10,0,10,60,60,,,,,,,,,,,03,03,yes,no,no,2025-06-17_11h10.33.301,EXNAT_4_TMS_Psychopy2024.2.5.psyexp,2024.2.5,2025-06-17 11h10.51.554308 +0200,
0,0,0,0,0,0,0,,,,,,,,,#D292F3,58.54341745376587,None,space,None,None,537.3446941375732,text_46,109,1,Reading_Baseline_main_click,None,Bei,10,0,10,60,60,,,,,,,,,,,03,03,yes,no,no,2025-06-17_11h10.33.301,EXNAT_4_TMS_Psychopy2024.2.5.psyexp,2024.2.5,2025-06-17 11h10.51.554308 +0200,
0,0,0,0,0,0,0,,,,,,,,,#F989A2,59.1199107170105,None,space,None,None,312.9899501800537,text_46,110,1,Reading_Baseline_main_click,None,der,10,0,10,60,60,,,,,,,,,,,03,03,yes,no,no,2025-06-17_11h10.33.301,EXNAT_4_TMS_Psychopy2024.2.5.psyexp,2024.2.5,2025-06-17 11h10.51.554308 +0200,
0,0,0,0,0,0,0,,,,,,,,,#2AB7EF,59.47448801994324,None,space,None,None,662.3022556304932,text_46,111,1,Reading_Baseline_main_click,None,Siegerehrung,10,0,10,60,60,,,,,,,,,,,03,03,yes,no,no,2025-06-17_11h10.33.301,EXNAT_4_TMS_Psychopy2024.2.5.psyexp,2024.2.5,2025-06-17 11h10.51.554308 +0200,
0,0,0,0,0,0,0,,,,,,,,,#2AB7EF,60.17772579193115,None,space,None,None,327.07905769348145,text_46,112,1,Reading_Baseline_main_click,None,überreichte,10,0,10,60,60,,,,,,,,,,,03,03,yes,no,no,2025-06-17_11h10.33.301,EXNAT_4_TMS_Psychopy2024.2.5.psyexp,2024.2.5,2025-06-17 11h10.51.554308 +0200,
0,0,0,0,0,0,0,,,,,,,,,#D292F3,60.54485583305359,None,space,None,None,407.9699516296387,text_46,113,1,Reading_Baseline_main_click,None,sie,10,0,10,60,60,,,,,,,,,,,03,03,yes,no,no,2025-06-17_11h10.33.301,EXNAT_4_TMS_Psychopy2024.2.5.psyexp,2024.2.5,2025-06-17 11h10.51.554308 +0200,
0,0,0,0,0,0,0,,,,,,,,,#F989A2,60.991519927978516,None,space,None,None,377.246618270874,text_46,114,1,Reading_Baseline_main_click,None,ihrer,10,0,10,60,60,,,,,,,,,,,03,03,yes,no,no,2025-06-17_11h10.33.301,EXNAT_4_TMS_Psychopy2024.2.5.psyexp,2024.2.5,2025-06-17 11h10.51.554308 +0200,
0,0,0,0,0,0,0,,,,,,,,,#D292F3,61.40802574157715,None,space,None,None,392.67611503601074,text_46,115,1,Reading_Baseline_main_click,None,Mutter,10,0,10,60,60,,,,,,,,,,,03,03,yes,no,no,2025-06-17_11h10.33.301,EXNAT_4_TMS_Psychopy2024.2.5.psyexp,2024.2.5,2025-06-17 11h10.51.554308 +0200,
0,0,0,0,0,0,0,,,,,,,,,#F989A2,61.840309619903564,None,space,None,None,392.4987316131592,text_46,116,1,Reading_Baseline_main_click,None,den,11,0,11,60,60,61.895986795425415,,,,,,,,,,03,03,yes,no,no,2025-06-17_11h10.33.301,EXNAT_4_TMS_Psychopy2024.2.5.psyexp,2024.2.5,2025-06-17 11h10.51.554308 +0200,
0,0,0,0,0,0,0,,,,,,,,,#88BA3F,62.273701429367065,None,space,None,None,599.0877151489258,text_46,117,1,Reading_Baseline_main_click,None,Blumenstrauß.,11,0,11,60,60,,,,,,,,,,,03,03,yes,no,no,2025-06-17_11h10.33.301,EXNAT_4_TMS_Psychopy2024.2.5.psyexp,2024.2.5,2025-06-17 11h10.51.554308 +0200,
0,0,0,0,0,0,0,,,,,,,,,#88BA3F,62.91399121284485,None,space,None,None,422.89161682128906,text_46,118,1,Reading_Baseline_main_click,None,Viele,11,0,11,60,60,,,,,,,,,,,03,03,yes,no,no,2025-06-17_11h10.33.301,EXNAT_4_TMS_Psychopy2024.2.5.psyexp,2024.2.5,2025-06-17 11h10.51.554308 +0200,
0,0,0,0,0,0,0,,,,,,,,,#2AB7EF,63.37814807891846,None,space,None,None,342.72313117980957,text_46,119,1,Reading_Baseline_main_click,None,Menschen,11,0,11,60,60,,,,,,,,,,,03,03,yes,no,no,2025-06-17_11h10.33.301,EXNAT_4_TMS_Psychopy2024.2.5.psyexp,2024.2.5,2025-06-17 11h10.51.554308 +0200,
0,0,0,0,0,0,0,,,,,,,,,#88BA3F,63.76017785072327,None,space,None,None,328.5374641418457,text_46,120,1,Reading_Baseline_main_click,None,empfanden,11,0,11,60,60,,,,,,,,,,,03,03,yes,no,no,2025-06-17_11h10.33.301,EXNAT_4_TMS_Psychopy2024.2.5.psyexp,2024.2.5,2025-06-17 11h10.51.554308 +0200,
0,0,0,0,0,0,0,,,,,,,,,#88BA3F,64.12691068649292,None,space,None,None,409.8355770111084,text_46,121,1,Reading_Baseline_main_click,None,das,11,0,11,60,60,,,,,,,,,,,03,03,yes,no,no,2025-06-17_11h10.33.301,EXNAT_4_TMS_Psychopy2024.2.5.psyexp,2024.2.5,2025-06-17 11h10.51.554308 +0200,
0,0,0,0,0,0,0,,,,,,,,,#2AB7EF,64.57675838470459,None,space,None,None,376.096248626709,text_46,122,1,Reading_Baseline_main_click,None,als,11,0,11,60,60,,,,,,,,,,,03,03,yes,no,no,2025-06-17_11h10.33.301,EXNAT_4_TMS_Psychopy2024.2.5.psyexp,2024.2.5,2025-06-17 11h10.51.554308 +0200,
0,0,0,0,0,0,0,,,,,,,,,#2AB7EF,64.99140238761902,None,space,None,None,457.43775367736816,text_46,123,1,Reading_Baseline_main_click,None,ein,11,0,11,60,60,,,,,,,,,,,03,03,yes,no,no,2025-06-17_11h10.33.301,EXNAT_4_TMS_Psychopy2024.2.5.psyexp,2024.2.5,2025-06-17 11h10.51.554308 +0200,
0,0,0,0,0,0,0,,,,,,,,,#F989A2,65.48977851867676,None,space,None,None,535.0134372711182,text_46,124,1,Reading_Baseline_main_click,None,bewegendes,11,0,11,60,60,,,,,,,,,,,03,03,yes,no,no,2025-06-17_11h10.33.301,EXNAT_4_TMS_Psychopy2024.2.5.psyexp,2024.2.5,2025-06-17 11h10.51.554308 +0200,
0,0,0,0,0,0,0,,,,,,,,,#2AB7EF,66.0652244091034,None,space,None,None,535.5725288391113,text_46,125,1,Reading_Baseline_main_click,None,Zeichen,11,0,11,60,60,,,,,,,,,,,03,03,yes,no,no,2025-06-17_11h10.33.301,EXNAT_4_TMS_Psychopy2024.2.5.psyexp,2024.2.5,2025-06-17 11h10.51.554308 +0200,
0,0,0,0,0,0,0,,,,,,,,,#D292F3,66.64148139953613,None,space,None,None,423.2757091522217,text_46,126,1,Reading_Baseline_main_click,None,für,12,0,12,60,60,66.89590454101562,,,,,,,,,,03,03,yes,no,no,2025-06-17_11h10.33.301,EXNAT_4_TMS_Psychopy2024.2.5.psyexp,2024.2.5,2025-06-17 11h10.51.554308 +0200,
0,0,0,0,0,0,0,,,,,,,,,#F989A2,67.10444283485413,None,space,None,None,440.44041633605957,text_46,127,1,Reading_Baseline_main_click,None,familiäre,12,0,12,60,60,,,,,,,,,,,03,03,yes,no,no,2025-06-17_11h10.33.301,EXNAT_4_TMS_Psychopy2024.2.5.psyexp,2024.2.5,2025-06-17 11h10.51.554308 +0200,
0,0,0,0,0,0,0,,,,,,,,,#F989A2,67.5835132598877,None,space,None,None,489.18843269348145,text_46,128,1,Reading_Baseline_main_click,None,und,12,0,12,60,60,,,,,,,,,,,03,03,yes,no,no,2025-06-17_11h10.33.301,EXNAT_4_TMS_Psychopy2024.2.5.psyexp,2024.2.5,2025-06-17 11h10.51.554308 +0200,
0,0,0,0,0,0,0,,,,,,,,,#D292F3,68.11370134353638,None,space,None,None,375.2143383026123,text_46,129,1,Reading_Baseline_main_click,None,kulturelle,12,0,12,60,60,,,,,,,,,,,03,03,yes,no,no,2025-06-17_11h10.33.301,EXNAT_4_TMS_Psychopy2024.2.5.psyexp,2024.2.5,2025-06-17 11h10.51.554308 +0200,
0,0,0,0,0,0,0,,,,,,,,,#D292F3,68.53123259544373,None,space,None,None,485.60643196105957,text_46,130,1,Reading_Baseline_main_click,None,Verbundenheit.,12,0,12,60,60,,,,,,,,,,,03,03,yes,no,no,2025-06-17_11h10.33.301,EXNAT_4_TMS_Psychopy2024.2.5.psyexp,2024.2.5,2025-06-17 11h10.51.554308 +0200,
0,0,0,0,0,0,0,,,,,,,,,#88BA3F,69.05692863464355,None,space,None,None,471.86899185180664,text_46,131,1,Reading_Baseline_main_click,None,Zum,12,0,12,60,60,,,,,,,,,,,03,03,yes,no,no,2025-06-17_11h10.33.301,EXNAT_4_TMS_Psychopy2024.2.5.psyexp,2024.2.5,2025-06-17 11h10.51.554308 +0200,
0,0,0,0,0,0,0,,,,,,,,,#88BA3F,69.56901955604553,None,space,None,None,327.7854919433594,text_46,132,1,Reading_Baseline_main_click,None,Dank,12,0,12,60,60,,,,,,,,,,,03,03,yes,no,no,2025-06-17_11h10.33.301,EXNAT_4_TMS_Psychopy2024.2.5.psyexp,2024.2.5,2025-06-17 11h10.51.554308 +0200,
0,0,0,0,0,0,0,,,,,,,,,#2AB7EF,69.93729758262634,None,space,None,None,903.6238193511963,text_46,133,1,Reading_Baseline_main_click,None,feierte,12,0,12,60,60,,,,,,,,,,,03,03,yes,no,no,2025-06-17_11h10.33.301,EXNAT_4_TMS_Psychopy2024.2.5.psyexp,2024.2.5,2025-06-17 11h10.51.554308 +0200,
0,0,0,0,0,0,0,,,,,,,,,#D292F3,70.88088965415955,None,space,None,None,520.0321674346924,text_46,134,1,Reading_Baseline_main_click,None,ganz,12,0,12,60,60,,,,,,,,,,,03,03,yes,no,no,2025-06-17_11h10.33.301,EXNAT_4_TMS_Psychopy2024.2.5.psyexp,2024.2.5,2025-06-17 11h10.51.554308 +0200,
0,0,0,0,0,0,0,,,,,,,,,#2AB7EF,71.44140768051147,None,space,None,None,487.41912841796875,text_46,135,1,Reading_Baseline_main_click,None,Australien,13,0,13,60,60,71.89598441123962,,,,,,,,,,03,03,yes,no,no,2025-06-17_11h10.33.301,EXNAT_4_TMS_Psychopy2024.2.5.psyexp,2024.2.5,2025-06-17 11h10.51.554308 +0200,
0,0,0,0,0,0,0,,,,,,,,,#F989A2,71.96752858161926,None,space,None,None,425.3959655761719,text_46,136,1,Reading_Baseline_main_click,None,sie,13,0,13,60,60,,,,,,,,,,,03,03,yes,no,no,2025-06-17_11h10.33.301,EXNAT_4_TMS_Psychopy2024.2.5.psyexp,2024.2.5,2025-06-17 11h10.51.554308 +0200,
0,0,0,0,0,0,0,,,,,,,,,#D292F3,72.4317638874054,None,space,None,None,409.17062759399414,text_46,137,1,Reading_Baseline_main_click,None,als,13,0,13,60,60,,,,,,,,,,,03,03,yes,no,no,2025-06-17_11h10.33.301,EXNAT_4_TMS_Psychopy2024.2.5.psyexp,2024.2.5,2025-06-17 11h10.51.554308 +0200,
0,0,0,0,0,0,0,,,,,,,,,#F989A2,72.88055062294006,None,space,None,None,392.12989807128906,text_46,138,1,Reading_Baseline_main_click,None,nationale,13,0,13,60,60,,,,,,,,,,,03,03,yes,no,no,2025-06-17_11h10.33.301,EXNAT_4_TMS_Psychopy2024.2.5.psyexp,2024.2.5,2025-06-17 11h10.51.554308 +0200,
0,0,0,0,0,0,0,,,,,,,,,#88BA3F,73.31246185302734,None,space,None,None,424.2565631866455,text_46,139,1,Reading_Baseline_main_click,None,Heldin.,13,0,13,60,60,,,,,,,,,,,03,03,yes,no,no,2025-06-17_11h10.33.301,EXNAT_4_TMS_Psychopy2024.2.5.psyexp,2024.2.5,2025-06-17 11h10.51.554308 +0200,
0,0,0,0,0,0,0,,,,,,,,,#D292F3,73.77658176422119,None,space,None,None,536.062479019165,text_46,140,1,Reading_Baseline_main_click,None,Es,13,0,13,60,60,,,,,,,,,,,03,03,yes,no,no,2025-06-17_11h10.33.301,EXNAT_4_TMS_Psychopy2024.2.5.psyexp,2024.2.5,2025-06-17 11h10.51.554308 +0200,
0,0,0,0,0,0,0,,,,,,,,,#88BA3F,74.35209107398987,None,space,None,None,360.6710433959961,text_46,141,1,Reading_Baseline_main_click,None,war,13,0,13,60,60,,,,,,,,,,,03,03,yes,no,no,2025-06-17_11h10.33.301,EXNAT_4_TMS_Psychopy2024.2.5.psyexp,2024.2.5,2025-06-17 11h10.51.554308 +0200,
0,0,0,0,0,0,0,,,,,,,,,#2AB7EF,74.74957847595215,None,space,None,None,427.1657466888428,text_46,142,1,Reading_Baseline_main_click,None,ein,13,0,13,60,60,,,,,,,,,,,03,03,yes,no,no,2025-06-17_11h10.33.301,EXNAT_4_TMS_Psychopy2024.2.5.psyexp,2024.2.5,2025-06-17 11h10.51.554308 +0200,
0,0,0,0,0,0,0,,,,,,,,,#F989A2,75.21572828292847,None,space,None,None,553.0564785003662,text_46,143,1,Reading_Baseline_main_click,None,historischer,13,0,13,60,60,,,,,,,,,,,03,03,yes,no,no,2025-06-17_11h10.33.301,EXNAT_4_TMS_Psychopy2024.2.5.psyexp,2024.2.5,2025-06-17 11h10.51.554308 +0200,
0,0,0,0,0,0,0,,,,,,,,,#2AB7EF,75.80977511405945,None,space,None,None,455.0156593322754,text_46,144,1,Reading_Baseline_main_click,None,Moment,13,0,13,60,60,,,,,,,,,,,03,03,yes,no,no,2025-06-17_11h10.33.301,EXNAT_4_TMS_Psychopy2024.2.5.psyexp,2024.2.5,2025-06-17 11h10.51.554308 +0200,
0,0,0,0,0,0,0,,,,,,,,,#2AB7EF,76.30563688278198,None,space,None,None,439.14318084716797,text_46,145,1,Reading_Baseline_main_click,None,für,13,0,13,60,60,,,,,,,,,,,03,03,yes,no,no,2025-06-17_11h10.33.301,EXNAT_4_TMS_Psychopy2024.2.5.psyexp,2024.2.5,2025-06-17 11h10.51.554308 +0200,
0,0,0,0,0,0,0,,,,,,,,,#2AB7EF,76.78407001495361,None,space,None,None,408.70022773742676,text_46,146,1,Reading_Baseline_main_click,None,den,14,0,14,60,60,76.89597225189209,,,,,,,,,,03,03,yes,no,no,2025-06-17_11h10.33.301,EXNAT_4_TMS_Psychopy2024.2.5.psyexp,2024.2.5,2025-06-17 11h10.51.554308 +0200,
0,0,0,0,0,0,0,,,,,,,,,#88BA3F,77.23294019699097,None,space,None,None,455.93953132629395,text_46,147,1,Reading_Baseline_main_click,None,Zusammenhalt,14,0,14,60,60,,,,,,,,,,,03,03,yes,no,no,2025-06-17_11h10.33.301,EXNAT_4_TMS_Psychopy2024.2.5.psyexp,2024.2.5,2025-06-17 11h10.51.554308 +0200,
0,0,0,0,0,0,0,,,,,,,,,#F989A2,77.72721862792969,None,space,None,None,409.5344543457031,text_46,148,1,Reading_Baseline_main_click,None,einer,14,0,14,60,60,,,,,,,,,,,03,03,yes,no,no,2025-06-17_11h10.33.301,EXNAT_4_TMS_Psychopy2024.2.5.psyexp,2024.2.5,2025-06-17 11h10.51.554308 +0200,
0,0,0,0,0,0,0,,,,,,,,,#D292F3,78.17471122741699,None,space,None,None,442.1393871307373,text_46,149,1,Reading_Baseline_main_click,None,gespaltenen,14,0,14,60,60,,,,,,,,,,,03,03,yes,no,no,2025-06-17_11h10.33.301,EXNAT_4_TMS_Psychopy2024.2.5.psyexp,2024.2.5,2025-06-17 11h10.51.554308 +0200,
0,0,0,0,0,0,0,,,,,,,,,#F989A2,78.65793347358704,None,space,None,None,502.8076171875,text_46,150,1,Reading_Baseline_main_click,None,Nation.,14,0,14,60,60,,,,,,,,,,,03,03,yes,no,no,2025-06-17_11h10.33.301,EXNAT_4_TMS_Psychopy2024.2.5.psyexp,2024.2.5,2025-06-17 11h10.51.554308 +0200,
0,0,0,0,0,0,0,,,,,,,,,,79.20888805389404,,3,,,,text_46,,1,Reading_Baseline_main_click,,,,,,,,,Q1,c,True,,,,,,,03,03,yes,no,no,2025-06-17_11h10.33.301,EXNAT_4_TMS_Psychopy2024.2.5.psyexp,2024.2.5,2025-06-17 11h10.51.554308 +0200,
0,0,0,0,0,0,0,,,,,,,,,,83.50732493400574,,3,,,,text_46,,1,Reading_Baseline_main_click,,,,,,,,,Q2,c,True,,,,,,,03,03,yes,no,no,2025-06-17_11h10.33.301,EXNAT_4_TMS_Psychopy2024.2.5.psyexp,2024.2.5,2025-06-17 11h10.51.554308 +0200,
0,0,0,0,0,0,0,,,,,,,,,,88.57845687866211,,3,,,,text_46,,1,Reading_Baseline_main_click,,,,,,,,,Q3,c,True,,,,,,,03,03,yes,no,no,2025-06-17_11h10.33.301,EXNAT_4_TMS_Psychopy2024.2.5.psyexp,2024.2.5,2025-06-17 11h10.51.554308 +0200,
0,0,0,0,0,0,0,,,,,,,,,#D292F3,97.01936221122742,None,space,None,None,701.4665603637695,text_39,1,2,Reading_Baseline_main_click,None,Als,15,0,15,60,60,97.07520771026611,,,,,,,,,,03,03,yes,no,no,2025-06-17_11h10.33.301,EXNAT_4_TMS_Psychopy2024.2.5.psyexp,2024.2.5,2025-06-17 11h10.51.554308 +0200,
0,0,0,0,0,0,0,,,,,,,,,#F989A2,97.75558423995972,None,space,None,None,397.16076850891113,text_39,2,2,Reading_Baseline_main_click,None,Wissenschaftler,15,0,15,60,60,,,,,,,,,,,03,03,yes,no,no,2025-06-17_11h10.33.301,EXNAT_4_TMS_Psychopy2024.2.5.psyexp,2024.2.5,2025-06-17 11h10.51.554308 +0200,
0,0,0,0,0,0,0,,,,,,,,,#D292F3,98.1851737499237,None,space,None,None,383.64696502685547,text_39,3,2,Reading_Baseline_main_click,None,im,15,0,15,60,60,,,,,,,,,,,03,03,yes,no,no,2025-06-17_11h10.33.301,EXNAT_4_TMS_Psychopy2024.2.5.psyexp,2024.2.5,2025-06-17 11h10.51.554308 +0200,
0,0,0,0,0,0,0,,,,,,,,,#88BA3F,98.60732817649841,None,space,None,None,361.4621162414551,text_39,4,2,Reading_Baseline_main_click,None,US-Bundesstaat,15,0,15,60,60,,,,,,,,,,,03,03,yes,no,no,2025-06-17_11h10.33.301,EXNAT_4_TMS_Psychopy2024.2.5.psyexp,2024.2.5,2025-06-17 11h10.51.554308 +0200,
0,0,0,0,0,0,0,,,,,,,,,#D292F3,99.00720500946045,None,space,None,None,425.6124496459961,text_39,5,2,Reading_Baseline_main_click,None,Wyoming,15,0,15,60,60,,,,,,,,,,,03,03,yes,no,no,2025-06-17_11h10.33.301,EXNAT_4_TMS_Psychopy2024.2.5.psyexp,2024.2.5,2025-06-17 11h10.51.554308 +0200,
0,0,0,0,0,0,0,,,,,,,,,#88BA3F,99.47021079063416,None,space,None,None,522.6001739501953,text_39,6,2,Reading_Baseline_main_click,None,einen,15,0,15,60,60,,,,,,,,,,,03,03,yes,no,no,2025-06-17_11h10.33.301,EXNAT_4_TMS_Psychopy2024.2.5.psyexp,2024.2.5,2025-06-17 11h10.51.554308 +0200,
0,0,0,0,0,0,0,,,,,,,,,#D292F3,100.03389048576355,None,space,None,None,407.0262908935547,text_39,7,2,Reading_Baseline_main_click,None,riesigen,15,0,15,60,60,,,,,,,,,,,03,03,yes,no,no,2025-06-17_11h10.33.301,EXNAT_4_TMS_Psychopy2024.2.5.psyexp,2024.2.5,2025-06-17 11h10.51.554308 +0200,
0,0,0,0,0,0,0,,,,,,,,,#F989A2,100.48235940933228,None,space,None,None,454.51951026916504,text_39,8,2,Reading_Baseline_main_click,None,versteinerten,15,0,15,60,60,,,,,,,,,,,03,03,yes,no,no,2025-06-17_11h10.33.301,EXNAT_4_TMS_Psychopy2024.2.5.psyexp,2024.2.5,2025-06-17 11h10.51.554308 +0200,
0,0,0,0,0,0,0,,,,,,,,,#2AB7EF,100.9793586730957,None,space,None,None,405.3463935852051,text_39,9,2,Reading_Baseline_main_click,None,Fuß,15,0,15,60,60,,,,,,,,,,,03,03,yes,no,no,2025-06-17_11h10.33.301,EXNAT_4_TMS_Psychopy2024.2.5.psyexp,2024.2.5,2025-06-17 11h10.51.554308 +0200,
0,0,0,0,0,0,0,,,,,,,,,#F989A2,101.42760682106018,None,space,None,None,613.3608818054199,text_39,10,2,Reading_Baseline_main_click,None,"entdeckten,",15,0,15,60,60,,,,,,,,,,,03,03,yes,no,no,2025-06-17_11h10.33.301,EXNAT_4_TMS_Psychopy2024.2.5.psyexp,2024.2.5,2025-06-17 11h10.51.554308 +0200,
0,0,0,0,0,0,0,,,,,,,,,#2AB7EF,102.07937240600586,None,space,None,None,489.41826820373535,text_39,11,2,Reading_Baseline_main_click,None,staunten,16,0,16,60,60,102.13207221031189,,,,,,,,,,03,03,yes,no,no,2025-06-17_11h10.33.301,EXNAT_4_TMS_Psychopy2024.2.5.psyexp,2024.2.5,2025-06-17 11h10.51.554308 +0200,
0,0,0,0,0,0,0,,,,,,,,,#2AB7EF,102.60727739334106,None,space,None,None,409.66129302978516,text_39,12,2,Reading_Baseline_main_click,None,sie,16,0,16,60,60,,,,,,,,,,,03,03,yes,no,no,2025-06-17_11h10.33.301,EXNAT_4_TMS_Psychopy2024.2.5.psyexp,2024.2.5,2025-06-17 11h10.51.554308 +0200,
0,0,0,0,0,0,0,,,,,,,,,#2AB7EF,103.05576515197754,None,space,None,None,329.0548324584961,text_39,13,2,Reading_Baseline_main_click,None,nicht,16,0,16,60,60,,,,,,,,,,,03,03,yes,no,no,2025-06-17_11h10.33.301,EXNAT_4_TMS_Psychopy2024.2.5.psyexp,2024.2.5,2025-06-17 11h10.51.554308 +0200,
0,0,0,0,0,0,0,,,,,,,,,#D292F3,103.42747664451599,None,space,None,None,245.10526657104492,text_39,14,2,Reading_Baseline_main_click,None,schlecht.,16,0,16,60,60,,,,,,,,,,,03,03,yes,no,no,2025-06-17_11h10.33.301,EXNAT_4_TMS_Psychopy2024.2.5.psyexp,2024.2.5,2025-06-17 11h10.51.554308 +0200,
0,0,0,0,0,0,0,,,,,,,,,#88BA3F,103.71237087249756,None,space,None,None,408.5981845855713,text_39,15,2,Reading_Baseline_main_click,None,Wenn,16,0,16,60,60,,,,,,,,,,,03,03,yes,no,no,2025-06-17_11h10.33.301,EXNAT_4_TMS_Psychopy2024.2.5.psyexp,2024.2.5,2025-06-17 11h10.51.554308 +0200,
0,0,0,0,0,0,0,,,,,,,,,#88BA3F,104.15939426422119,None,space,None,None,345.4148769378662,text_39,16,2,Reading_Baseline_main_click,None,allein,16,0,16,60,60,,,,,,,,,,,03,03,yes,no,no,2025-06-17_11h10.33.301,EXNAT_4_TMS_Psychopy2024.2.5.psyexp,2024.2.5,2025-06-17 11h10.51.554308 +0200,
0,0,0,0,0,0,0,,,,,,,,,#2AB7EF,104.5459394454956,None,space,None,None,310.78433990478516,text_39,17,2,Reading_Baseline_main_click,None,der,16,0,16,60,60,,,,,,,,,,,03,03,yes,no,no,2025-06-17_11h10.33.301,EXNAT_4_TMS_Psychopy2024.2.5.psyexp,2024.2.5,2025-06-17 11h10.51.554308 +0200,
0,0,0,0,0,0,0,,,,,,,,,#88BA3F,104.8979856967926,None,space,None,None,342.7083492279053,text_39,18,2,Reading_Baseline_main_click,None,Fuß,16,0,16,60,60,,,,,,,,,,,03,03,yes,no,no,2025-06-17_11h10.33.301,EXNAT_4_TMS_Psychopy2024.2.5.psyexp,2024.2.5,2025-06-17 11h10.51.554308 +0200,
0,0,0,0,0,0,0,,,,,,,,,#F989A2,105.28118705749512,None,space,None,None,311.5968704223633,text_39,19,2,Reading_Baseline_main_click,None,mehr,16,0,16,60,60,,,,,,,,,,,03,03,yes,no,no,2025-06-17_11h10.33.301,EXNAT_4_TMS_Psychopy2024.2.5.psyexp,2024.2.5,2025-06-17 11h10.51.554308 +0200,
0,0,0,0,0,0,0,,,,,,,,,#D292F3,105.63340187072754,None,space,None,None,295.4587936401367,text_39,20,2,Reading_Baseline_main_click,None,als,16,0,16,60,60,,,,,,,,,,,03,03,yes,no,no,2025-06-17_11h10.33.301,EXNAT_4_TMS_Psychopy2024.2.5.psyexp,2024.2.5,2025-06-17 11h10.51.554308 +0200,
0,0,0,0,0,0,0,,,,,,,,,#F989A2,105.9673445224762,None,space,None,None,313.554048538208,text_39,21,2,Reading_Baseline_main_click,None,einen,16,0,16,60,60,,,,,,,,,,,03,03,yes,no,no,2025-06-17_11h10.33.301,EXNAT_4_TMS_Psychopy2024.2.5.psyexp,2024.2.5,2025-06-17 11h10.51.554308 +0200,
0,0,0,0,0,0,0,,,,,,,,,#D292F3,106.32203364372253,None,space,None,None,310.84585189819336,text_39,22,2,Reading_Baseline_main_click,None,Meter,16,0,16,60,60,,,,,,,,,,,03,03,yes,no,no,2025-06-17_11h10.33.301,EXNAT_4_TMS_Psychopy2024.2.5.psyexp,2024.2.5,2025-06-17 11h10.51.554308 +0200,
0,0,0,0,0,0,0,,,,,,,,,#2AB7EF,106.67447710037231,None,space,None,None,310.2865219116211,text_39,23,2,Reading_Baseline_main_click,None,breit,16,0,16,60,60,,,,,,,,,,,03,03,yes,no,no,2025-06-17_11h10.33.301,EXNAT_4_TMS_Psychopy2024.2.5.psyexp,2024.2.5,2025-06-17 11h10.51.554308 +0200,
0,0,0,0,0,0,0,,,,,,,,,#F989A2,107.02376627922058,None,space,None,None,377.0174980163574,text_39,24,2,Reading_Baseline_main_click,None,"ist,",17,0,17,60,60,107.13204884529114,,,,,,,,,,03,03,yes,no,no,2025-06-17_11h10.33.301,EXNAT_4_TMS_Psychopy2024.2.5.psyexp,2024.2.5,2025-06-17 11h10.51.554308 +0200,
0,0,0,0,0,0,0,,,,,,,,,#2AB7EF,107.43873167037964,None,space,None,None,410.13026237487793,text_39,25,2,Reading_Baseline_main_click,None,wie,17,0,17,60,60,,,,,,,,,,,03,03,yes,no,no,2025-06-17_11h10.33.301,EXNAT_4_TMS_Psychopy2024.2.5.psyexp,2024.2.5,2025-06-17 11h10.51.554308 +0200,
0,0,0,0,0,0,0,,,,,,,,,#2AB7EF,107.88997673988342,None,space,None,None,310.82963943481445,text_39,26,2,Reading_Baseline_main_click,None,groß,17,0,17,60,60,,,,,,,,,,,03,03,yes,no,no,2025-06-17_11h10.33.301,EXNAT_4_TMS_Psychopy2024.2.5.psyexp,2024.2.5,2025-06-17 11h10.51.554308 +0200,
0,0,0,0,0,0,0,,,,,,,,,#D292F3,108.23771214485168,None,space,None,None,347.35560417175293,text_39,27,2,Reading_Baseline_main_click,None,muss,17,0,17,60,60,,,,,,,,,,,03,03,yes,no,no,2025-06-17_11h10.33.301,EXNAT_4_TMS_Psychopy2024.2.5.psyexp,2024.2.5,2025-06-17 11h10.51.554308 +0200,
0,0,0,0,0,0,0,,,,,,,,,#88BA3F,108.62200427055359,None,space,None,None,314.7151470184326,text_39,28,2,Reading_Baseline_main_click,None,dann,17,0,17,60,60,,,,,,,,,,,03,03,yes,no,no,2025-06-17_11h10.33.301,EXNAT_4_TMS_Psychopy2024.2.5.psyexp,2024.2.5,2025-06-17 11h10.51.554308 +0200,
0,0,0,0,0,0,0,,,,,,,,,#F989A2,108.9773576259613,None,space,None,None,343.51110458374023,text_39,29,2,Reading_Baseline_main_click,None,erst,17,0,17,60,60,,,,,,,,,,,03,03,yes,no,no,2025-06-17_11h10.33.301,EXNAT_4_TMS_Psychopy2024.2.5.psyexp,2024.2.5,2025-06-17 11h10.51.554308 +0200,
0,0,0,0,0,0,0,,,,,,,,,#D292F3,109.3615128993988,None,space,None,None,327.3186683654785,text_39,30,2,Reading_Baseline_main_click,None,das,17,0,17,60,60,,,,,,,,,,,03,03,yes,no,no,2025-06-17_11h10.33.301,EXNAT_4_TMS_Psychopy2024.2.5.psyexp,2024.2.5,2025-06-17 11h10.51.554308 +0200,
0,0,0,0,0,0,0,,,,,,,,,#88BA3F,109.72922015190125,None,space,None,None,295.4869270324707,text_39,31,2,Reading_Baseline_main_click,None,Tier,17,0,17,60,60,,,,,,,,,,,03,03,yes,no,no,2025-06-17_11h10.33.301,EXNAT_4_TMS_Psychopy2024.2.5.psyexp,2024.2.5,2025-06-17 11h10.51.554308 +0200,
0,0,0,0,0,0,0,,,,,,,,,#D292F3,110.0663812160492,None,space,None,None,502.3813247680664,text_39,32,2,Reading_Baseline_main_click,None,gewesen,17,0,17,60,60,,,,,,,,,,,03,03,yes,no,no,2025-06-17_11h10.33.301,EXNAT_4_TMS_Psychopy2024.2.5.psyexp,2024.2.5,2025-06-17 11h10.51.554308 +0200,
0,0,0,0,0,0,0,,,,,,,,,#2AB7EF,110.60987901687622,None,space,None,None,518.9313888549805,text_39,33,2,Reading_Baseline_main_click,None,"sein,",17,0,17,60,60,,,,,,,,,,,03,03,yes,no,no,2025-06-17_11h10.33.301,EXNAT_4_TMS_Psychopy2024.2.5.psyexp,2024.2.5,2025-06-17 11h10.51.554308 +0200,
0,0,0,0,0,0,0,,,,,,,,,#F989A2,111.16975975036621,None,space,None,None,375.0777244567871,text_39,34,2,Reading_Baseline_main_click,None,zu,17,0,17,60,60,,,,,,,,,,,03,03,yes,no,no,2025-06-17_11h10.33.301,EXNAT_4_TMS_Psychopy2024.2.5.psyexp,2024.2.5,2025-06-17 11h10.51.554308 +0200,
0,0,0,0,0,0,0,,,,,,,,,#88BA3F,111.58421730995178,None,space,None,None,264.5754814147949,text_39,35,2,Reading_Baseline_main_click,None,dem,17,0,17,60,60,,,,,,,,,,,03,03,yes,no,no,2025-06-17_11h10.33.301,EXNAT_4_TMS_Psychopy2024.2.5.psyexp,2024.2.5,2025-06-17 11h10.51.554308 +0200,
0,0,0,0,0,0,0,,,,,,,,,#F989A2,111.88871002197266,None,space,None,None,312.1211528778076,text_39,36,2,Reading_Baseline_main_click,None,er,18,0,18,60,60,112.13212037086487,,,,,,,,,,03,03,yes,no,no,2025-06-17_11h10.33.301,EXNAT_4_TMS_Psychopy2024.2.5.psyexp,2024.2.5,2025-06-17 11h10.51.554308 +0200,
0,0,0,0,0,0,0,,,,,,,,,#D292F3,112.2424807548523,None,space,None,None,598.3462333679199,text_39,37,2,Reading_Baseline_main_click,None,gehörte?,18,0,18,60,60,,,,,,,,,,,03,03,yes,no,no,2025-06-17_11h10.33.301,EXNAT_4_TMS_Psychopy2024.2.5.psyexp,2024.2.5,2025-06-17 11h10.51.554308 +0200,
0,0,0,0,0,0,0,,,,,,,,,#F989A2,112.88260889053345,None,space,None,None,454.24389839172363,text_39,38,2,Reading_Baseline_main_click,None,Zwanzig,18,0,18,60,60,,,,,,,,,,,03,03,yes,no,no,2025-06-17_11h10.33.301,EXNAT_4_TMS_Psychopy2024.2.5.psyexp,2024.2.5,2025-06-17 11h10.51.554308 +0200,
0,0,0,0,0,0,0,,,,,,,,,#D292F3,113.37645673751831,None,space,None,None,472.46408462524414,text_39,39,2,Reading_Baseline_main_click,None,Jahre,18,0,18,60,60,,,,,,,,,,,03,03,yes,no,no,2025-06-17_11h10.33.301,EXNAT_4_TMS_Psychopy2024.2.5.psyexp,2024.2.5,2025-06-17 11h10.51.554308 +0200,
0,0,0,0,0,0,0,,,,,,,,,#F989A2,113.88867974281311,None,space,None,None,456.2115669250488,text_39,40,2,Reading_Baseline_main_click,None,lang,18,0,18,60,60,,,,,,,,,,,03,03,yes,no,no,2025-06-17_11h10.33.301,EXNAT_4_TMS_Psychopy2024.2.5.psyexp,2024.2.5,2025-06-17 11h10.51.554308 +0200,
0,0,0,0,0,0,0,,,,,,,,,#D292F3,114.38627243041992,None,space,None,None,342.76628494262695,text_39,41,2,Reading_Baseline_main_click,None,blieb,18,0,18,60,60,,,,,,,,,,,03,03,yes,no,no,2025-06-17_11h10.33.301,EXNAT_4_TMS_Psychopy2024.2.5.psyexp,2024.2.5,2025-06-17 11h10.51.554308 +0200,
0,0,0,0,0,0,0,,,,,,,,,#F989A2,114.7689459323883,None,space,None,None,327.94904708862305,text_39,42,2,Reading_Baseline_main_click,None,diese,18,0,18,60,60,,,,,,,,,,,03,03,yes,no,no,2025-06-17_11h10.33.301,EXNAT_4_TMS_Psychopy2024.2.5.psyexp,2024.2.5,2025-06-17 11h10.51.554308 +0200,
0,0,0,0,0,0,0,,,,,,,,,#88BA3F,115.13647532463074,None,space,None,None,264.29057121276855,text_39,43,2,Reading_Baseline_main_click,None,Frage,18,0,18,60,60,,,,,,,,,,,03,03,yes,no,no,2025-06-17_11h10.33.301,EXNAT_4_TMS_Psychopy2024.2.5.psyexp,2024.2.5,2025-06-17 11h10.51.554308 +0200,
0,0,0,0,0,0,0,,,,,,,,,#2AB7EF,115.4439308643341,None,space,None,None,292.99306869506836,text_39,44,2,Reading_Baseline_main_click,None,ungeklärt.,18,0,18,60,60,,,,,,,,,,,03,03,yes,no,no,2025-06-17_11h10.33.301,EXNAT_4_TMS_Psychopy2024.2.5.psyexp,2024.2.5,2025-06-17 11h10.51.554308 +0200,
0,0,0,0,0,0,0,,,,,,,,,#2AB7EF,115.77850699424744,None,space,None,None,342.4084186553955,text_39,45,2,Reading_Baseline_main_click,None,Jetzt,18,0,18,60,60,,,,,,,,,,,03,03,yes,no,no,2025-06-17_11h10.33.301,EXNAT_4_TMS_Psychopy2024.2.5.psyexp,2024.2.5,2025-06-17 11h10.51.554308 +0200,
0,0,0,0,0,0,0,,,,,,,,,#2AB7EF,116.16045069694519,None,space,None,None,296.36073112487793,text_39,46,2,Reading_Baseline_main_click,None,fanden,18,0,18,60,60,,,,,,,,,,,03,03,yes,no,no,2025-06-17_11h10.33.301,EXNAT_4_TMS_Psychopy2024.2.5.psyexp,2024.2.5,2025-06-17 11h10.51.554308 +0200,
0,0,0,0,0,0,0,,,,,,,,,#88BA3F,116.49575924873352,None,space,None,None,377.1519660949707,text_39,47,2,Reading_Baseline_main_click,None,Forscher,18,0,18,60,60,,,,,,,,,,,03,03,yes,no,no,2025-06-17_11h10.33.301,EXNAT_4_TMS_Psychopy2024.2.5.psyexp,2024.2.5,2025-06-17 11h10.51.554308 +0200,
0,0,0,0,0,0,0,,,,,,,,,#88BA3F,116.9135365486145,None,space,None,None,375.4451274871826,text_39,48,2,Reading_Baseline_main_click,None,aus,19,0,19,60,60,117.13213443756104,,,,,,,,,,03,03,yes,no,no,2025-06-17_11h10.33.301,EXNAT_4_TMS_Psychopy2024.2.5.psyexp,2024.2.5,2025-06-17 11h10.51.554308 +0200,
0,0,0,0,0,0,0,,,,,,,,,#2AB7EF,117.33181762695312,None,space,None,None,292.98973083496094,text_39,49,2,Reading_Baseline_main_click,None,"Deutschland,",19,0,19,60,60,,,,,,,,,,,03,03,yes,no,no,2025-06-17_11h10.33.301,EXNAT_4_TMS_Psychopy2024.2.5.psyexp,2024.2.5,2025-06-17 11h10.51.554308 +0200,
0,0,0,0,0,0,0,,,,,,,,,#F989A2,117.66603994369507,None,space,None,None,406.91304206848145,text_39,50,2,Reading_Baseline_main_click,None,der,19,0,19,60,60,,,,,,,,,,,03,03,yes,no,no,2025-06-17_11h10.33.301,EXNAT_4_TMS_Psychopy2024.2.5.psyexp,2024.2.5,2025-06-17 11h10.51.554308 +0200,
0,0,0,0,0,0,0,,,,,,,,,#2AB7EF,118.11339712142944,None,space,None,None,375.4563331604004,text_39,51,2,Reading_Baseline_main_click,None,Schweiz,19,0,19,60,60,,,,,,,,,,,03,03,yes,no,no,2025-06-17_11h10.33.301,EXNAT_4_TMS_Psychopy2024.2.5.psyexp,2024.2.5,2025-06-17 11h10.51.554308 +0200,
0,0,0,0,0,0,0,,,,,,,,,#88BA3F,118.52604603767395,None,space,None,None,362.6370429992676,text_39,52,2,Reading_Baseline_main_click,None,und,19,0,19,60,60,,,,,,,,,,,03,03,yes,no,no,2025-06-17_11h10.33.301,EXNAT_4_TMS_Psychopy2024.2.5.psyexp,2024.2.5,2025-06-17 11h10.51.554308 +0200,
0,0,0,0,0,0,0,,,,,,,,,#D292F3,118.92984318733215,None,space,None,None,374.9432563781738,text_39,53,2,Reading_Baseline_main_click,None,den,19,0,19,60,60,,,,,,,,,,,03,03,yes,no,no,2025-06-17_11h10.33.301,EXNAT_4_TMS_Psychopy2024.2.5.psyexp,2024.2.5,2025-06-17 11h10.51.554308 +0200,
0,0,0,0,0,0,0,,,,,,,,,#88BA3F,119.34701585769653,None,space,None,None,469.9397087097168,text_39,54,2,Reading_Baseline_main_click,None,USA,19,0,19,60,60,,,,,,,,,,,03,03,yes,no,no,2025-06-17_11h10.33.301,EXNAT_4_TMS_Psychopy2024.2.5.psyexp,2024.2.5,2025-06-17 11h10.51.554308 +0200,
0,0,0,0,0,0,0,,,,,,,,,#D292F3,119.85995101928711,None,space,None,None,757.0052146911621,text_39,55,2,Reading_Baseline_main_click,None,"heraus,",19,0,19,60,60,,,,,,,,,,,03,03,yes,no,no,2025-06-17_11h10.33.301,EXNAT_4_TMS_Psychopy2024.2.5.psyexp,2024.2.5,2025-06-17 11h10.51.554308 +0200,
0,0,0,0,0,0,0,,,,,,,,,#F989A2,120.65798711776733,None,space,None,None,342.84186363220215,text_39,56,2,Reading_Baseline_main_click,None,dass,19,0,19,60,60,,,,,,,,,,,03,03,yes,no,no,2025-06-17_11h10.33.301,EXNAT_4_TMS_Psychopy2024.2.5.psyexp,2024.2.5,2025-06-17 11h10.51.554308 +0200,
0,0,0,0,0,0,0,,,,,,,,,#F989A2,121.03918933868408,None,space,None,None,281.4815044403076,text_39,57,2,Reading_Baseline_main_click,None,der,19,0,19,60,60,,,,,,,,,,,03,03,yes,no,no,2025-06-17_11h10.33.301,EXNAT_4_TMS_Psychopy2024.2.5.psyexp,2024.2.5,2025-06-17 11h10.51.554308 +0200,
0,0,0,0,0,0,0,,,,,,,,,#D292F3,121.36128568649292,None,space,None,None,375.6089210510254,text_39,58,2,Reading_Baseline_main_click,None,Fuß,19,0,19,60,60,,,,,,,,,,,03,03,yes,no,no,2025-06-17_11h10.33.301,EXNAT_4_TMS_Psychopy2024.2.5.psyexp,2024.2.5,2025-06-17 11h10.51.554308 +0200,
0,0,0,0,0,0,0,,,,,,,,,#2AB7EF,121.77596831321716,None,space,None,None,344.94519233703613,text_39,59,2,Reading_Baseline_main_click,None,zu,19,0,19,60,60,,,,,,,,,,,03,03,yes,no,no,2025-06-17_11h10.33.301,EXNAT_4_TMS_Psychopy2024.2.5.psyexp,2024.2.5,2025-06-17 11h10.51.554308 +0200,
0,0,0,0,0,0,0,,,,,,,,,#88BA3F,122.15800094604492,None,space,None,None,330.7969570159912,text_39,60,2,Reading_Baseline_main_click,None,einem,20,0,20,60,60,122.22284007072449,,,,,,,,,,03,03,yes,no,no,2025-06-17_11h10.33.301,EXNAT_4_TMS_Psychopy2024.2.5.psyexp,2024.2.5,2025-06-17 11h10.51.554308 +0200,
0,0,0,0,0,0,0,,,,,,,,,#88BA3F,122.52992224693298,None,space,None,None,374.9585151672363,text_39,61,2,Reading_Baseline_main_click,None,Verwandten,20,0,20,60,60,,,,,,,,,,,03,03,yes,no,no,2025-06-17_11h10.33.301,EXNAT_4_TMS_Psychopy2024.2.5.psyexp,2024.2.5,2025-06-17 11h10.51.554308 +0200,
0,0,0,0,0,0,0,,,,,,,,,#F989A2,122.94421935081482,None,space,None,None,424.59630966186523,text_39,62,2,Reading_Baseline_main_click,None,des,20,0,20,60,60,,,,,,,,,,,03,03,yes,no,no,2025-06-17_11h10.33.301,EXNAT_4_TMS_Psychopy2024.2.5.psyexp,2024.2.5,2025-06-17 11h10.51.554308 +0200,
0,0,0,0,0,0,0,,,,,,,,,#2AB7EF,123.40749454498291,None,space,None,None,425.3232479095459,text_39,63,2,Reading_Baseline_main_click,None,Brachiosaurus,20,0,20,60,60,,,,,,,,,,,03,03,yes,no,no,2025-06-17_11h10.33.301,EXNAT_4_TMS_Psychopy2024.2.5.psyexp,2024.2.5,2025-06-17 11h10.51.554308 +0200,
0,0,0,0,0,0,0,,,,,,,,,#2AB7EF,123.87288761138916,None,space,None,None,615.8256530761719,text_39,64,2,Reading_Baseline_main_click,None,gehört.,20,0,20,60,60,,,,,,,,,,,03,03,yes,no,no,2025-06-17_11h10.33.301,EXNAT_4_TMS_Psychopy2024.2.5.psyexp,2024.2.5,2025-06-17 11h10.51.554308 +0200,
0,0,0,0,0,0,0,,,,,,,,,#D292F3,124.52913308143616,None,space,None,None,743.6869144439697,text_39,65,2,Reading_Baseline_main_click,None,Diese,20,0,20,60,60,,,,,,,,,,,03,03,yes,no,no,2025-06-17_11h10.33.301,EXNAT_4_TMS_Psychopy2024.2.5.psyexp,2024.2.5,2025-06-17 11h10.51.554308 +0200,
0,0,0,0,0,0,0,,,,,,,,,#F989A2,125.31437373161316,None,space,None,None,358.31141471862793,text_39,66,2,Reading_Baseline_main_click,None,"Sauropoden,",20,0,20,60,60,,,,,,,,,,,03,03,yes,no,no,2025-06-17_11h10.33.301,EXNAT_4_TMS_Psychopy2024.2.5.psyexp,2024.2.5,2025-06-17 11h10.51.554308 +0200,
0,0,0,0,0,0,0,,,,,,,,,#88BA3F,125.7124707698822,None,space,None,None,488.4345531463623,text_39,67,2,Reading_Baseline_main_click,None,die,20,0,20,60,60,,,,,,,,,,,03,03,yes,no,no,2025-06-17_11h10.33.301,EXNAT_4_TMS_Psychopy2024.2.5.psyexp,2024.2.5,2025-06-17 11h10.51.554308 +0200,
0,0,0,0,0,0,0,,,,,,,,,#88BA3F,126.24172520637512,None,space,None,None,391.12353324890137,text_39,68,2,Reading_Baseline_main_click,None,vor,20,0,20,60,60,,,,,,,,,,,03,03,yes,no,no,2025-06-17_11h10.33.301,EXNAT_4_TMS_Psychopy2024.2.5.psyexp,2024.2.5,2025-06-17 11h10.51.554308 +0200,
0,0,0,0,0,0,0,,,,,,,,,#D292F3,126.6727454662323,None,space,None,None,328.16529273986816,text_39,69,2,Reading_Baseline_main_click,None,150,20,0,20,60,60,,,,,,,,,,,03,03,yes,no,no,2025-06-17_11h10.33.301,EXNAT_4_TMS_Psychopy2024.2.5.psyexp,2024.2.5,2025-06-17 11h10.51.554308 +0200,
0,0,0,0,0,0,0,,,,,,,,,#F989A2,127.04040861129761,None,space,None,None,440.42038917541504,text_39,70,2,Reading_Baseline_main_click,None,Millionen,21,0,21,60,60,127.22284770011902,,,,,,,,,,03,03,yes,no,no,2025-06-17_11h10.33.301,EXNAT_4_TMS_Psychopy2024.2.5.psyexp,2024.2.5,2025-06-17 11h10.51.554308 +0200,
0,0,0,0,0,0,0,,,,,,,,,#2AB7EF,127.52097988128662,None,space,None,None,359.9734306335449,text_39,71,2,Reading_Baseline_main_click,None,Jahren,21,0,21,60,60,,,,,,,,,,,03,03,yes,no,no,2025-06-17_11h10.33.301,EXNAT_4_TMS_Psychopy2024.2.5.psyexp,2024.2.5,2025-06-17 11h10.51.554308 +0200,
0,0,0,0,0,0,0,,,,,,,,,#D292F3,127.92172050476074,None,space,None,None,439.28074836730957,text_39,72,2,Reading_Baseline_main_click,None,ein,21,0,21,60,60,,,,,,,,,,,03,03,yes,no,no,2025-06-17_11h10.33.301,EXNAT_4_TMS_Psychopy2024.2.5.psyexp,2024.2.5,2025-06-17 11h10.51.554308 +0200,
0,0,0,0,0,0,0,,,,,,,,,#F989A2,128.4003620147705,None,space,None,None,424.56555366516113,text_39,73,2,Reading_Baseline_main_click,None,großes,21,0,21,60,60,,,,,,,,,,,03,03,yes,no,no,2025-06-17_11h10.33.301,EXNAT_4_TMS_Psychopy2024.2.5.psyexp,2024.2.5,2025-06-17 11h10.51.554308 +0200,
0,0,0,0,0,0,0,,,,,,,,,#D292F3,128.86430025100708,None,space,None,None,424.67284202575684,text_39,74,2,Reading_Baseline_main_click,None,Gebiet,21,0,21,60,60,,,,,,,,,,,03,03,yes,no,no,2025-06-17_11h10.33.301,EXNAT_4_TMS_Psychopy2024.2.5.psyexp,2024.2.5,2025-06-17 11h10.51.554308 +0200,
0,0,0,0,0,0,0,,,,,,,,,#D292F3,129.33035922050476,None,space,None,None,406.68177604675293,text_39,75,2,Reading_Baseline_main_click,None,von,21,0,21,60,60,,,,,,,,,,,03,03,yes,no,no,2025-06-17_11h10.33.301,EXNAT_4_TMS_Psychopy2024.2.5.psyexp,2024.2.5,2025-06-17 11h10.51.554308 +0200,
0,0,0,0,0,0,0,,,,,,,,,#F989A2,129.77701711654663,None,space,None,None,375.9908676147461,text_39,76,2,Reading_Baseline_main_click,None,Utah,21,0,21,60,60,,,,,,,,,,,03,03,yes,no,no,2025-06-17_11h10.33.301,EXNAT_4_TMS_Psychopy2024.2.5.psyexp,2024.2.5,2025-06-17 11h10.51.554308 +0200,
0,0,0,0,0,0,0,,,,,,,,,#D292F3,130.19297695159912,None,space,None,None,519.9241638183594,text_39,77,2,Reading_Baseline_main_click,None,bis,21,0,21,60,60,,,,,,,,,,,03,03,yes,no,no,2025-06-17_11h10.33.301,EXNAT_4_TMS_Psychopy2024.2.5.psyexp,2024.2.5,2025-06-17 11h10.51.554308 +0200,
0,0,0,0,0,0,0,,,,,,,,,#88BA3F,130.75302910804749,None,space,None,None,407.95207023620605,text_39,78,2,Reading_Baseline_main_click,None,Wyoming,21,0,21,60,60,,,,,,,,,,,03,03,yes,no,no,2025-06-17_11h10.33.301,EXNAT_4_TMS_Psychopy2024.2.5.psyexp,2024.2.5,2025-06-17 11h10.51.554308 +0200,
0,0,0,0,0,0,0,,,,,,,,,#F989A2,131.20022177696228,None,space,None,None,472.80311584472656,text_39,79,2,Reading_Baseline_main_click,None,"bewohnten,",21,0,21,60,60,,,,,,,,,,,03,03,yes,no,no,2025-06-17_11h10.33.301,EXNAT_4_TMS_Psychopy2024.2.5.psyexp,2024.2.5,2025-06-17 11h10.51.554308 +0200,
0,0,0,0,0,0,0,,,,,,,,,#2AB7EF,131.71395015716553,None,space,None,None,422.9724407196045,text_39,80,2,Reading_Baseline_main_click,None,zählten,21,0,21,60,60,,,,,,,,,,,03,03,yes,no,no,2025-06-17_11h10.33.301,EXNAT_4_TMS_Psychopy2024.2.5.psyexp,2024.2.5,2025-06-17 11h10.51.554308 +0200,
0,0,0,0,0,0,0,,,,,,,,,#D292F3,132.17705941200256,None,space,None,None,471.65989875793457,text_39,81,2,Reading_Baseline_main_click,None,zu,22,0,22,60,60,132.22997760772705,,,,,,,,,,03,03,yes,no,no,2025-06-17_11h10.33.301,EXNAT_4_TMS_Psychopy2024.2.5.psyexp,2024.2.5,2025-06-17 11h10.51.554308 +0200,
0,0,0,0,0,0,0,,,,,,,,,#88BA3F,132.68866419792175,None,space,None,None,376.1425018310547,text_39,82,2,Reading_Baseline_main_click,None,den,22,0,22,60,60,,,,,,,,,,,03,03,yes,no,no,2025-06-17_11h10.33.301,EXNAT_4_TMS_Psychopy2024.2.5.psyexp,2024.2.5,2025-06-17 11h10.51.554308 +0200,
0,0,0,0,0,0,0,,,,,,,,,#2AB7EF,133.1055338382721,None,space,None,None,423.1452941894531,text_39,83,2,Reading_Baseline_main_click,None,größten,22,0,22,60,60,,,,,,,,,,,03,03,yes,no,no,2025-06-17_11h10.33.301,EXNAT_4_TMS_Psychopy2024.2.5.psyexp,2024.2.5,2025-06-17 11h10.51.554308 +0200,
0,0,0,0,0,0,0,,,,,,,,,#88BA3F,133.5702407360077,None,space,None,None,438.7998580932617,text_39,84,2,Reading_Baseline_main_click,None,Landtieren,22,0,22,60,60,,,,,,,,,,,03,03,yes,no,no,2025-06-17_11h10.33.301,EXNAT_4_TMS_Psychopy2024.2.5.psyexp,2024.2.5,2025-06-17 11h10.51.554308 +0200,
0,0,0,0,0,0,0,,,,,,,,,#2AB7EF,134.0497968196869,None,space,None,None,375.014066696167,text_39,85,2,Reading_Baseline_main_click,None,der,22,0,22,60,60,,,,,,,,,,,03,03,yes,no,no,2025-06-17_11h10.33.301,EXNAT_4_TMS_Psychopy2024.2.5.psyexp,2024.2.5,2025-06-17 11h10.51.554308 +0200,
0,0,0,0,0,0,0,,,,,,,,,#88BA3F,134.46424984931946,None,space,None,None,1400.719165802002,text_39,86,2,Reading_Baseline_main_click,None,Erdgeschichte.,22,0,22,60,60,,,,,,,,,,,03,03,yes,no,no,2025-06-17_11h10.33.301,EXNAT_4_TMS_Psychopy2024.2.5.psyexp,2024.2.5,2025-06-17 11h10.51.554308 +0200,
0,0,0,0,0,0,0,,,,,,,,,#88BA3F,135.9046938419342,None,space,None,None,616.2416934967041,text_39,87,2,Reading_Baseline_main_click,None,Größer,22,0,22,60,60,,,,,,,,,,,03,03,yes,no,no,2025-06-17_11h10.33.301,EXNAT_4_TMS_Psychopy2024.2.5.psyexp,2024.2.5,2025-06-17 11h10.51.554308 +0200,
0,0,0,0,0,0,0,,,,,,,,,#F989A2,136.56063866615295,None,space,None,None,600.3091335296631,text_39,88,2,Reading_Baseline_main_click,None,waren,22,0,22,60,60,,,,,,,,,,,03,03,yes,no,no,2025-06-17_11h10.33.301,EXNAT_4_TMS_Psychopy2024.2.5.psyexp,2024.2.5,2025-06-17 11h10.51.554308 +0200,
0,0,0,0,0,0,0,,,,,,,,,#D292F3,137.2009401321411,None,space,None,None,519.9615955352783,text_39,89,2,Reading_Baseline_main_click,None,nur,23,0,23,60,60,137.25937414169312,,,,,,,,,,03,03,yes,no,no,2025-06-17_11h10.33.301,EXNAT_4_TMS_Psychopy2024.2.5.psyexp,2024.2.5,2025-06-17 11h10.51.554308 +0200,
0,0,0,0,0,0,0,,,,,,,,,#2AB7EF,137.75961112976074,None,space,None,None,553.2412528991699,text_39,90,2,Reading_Baseline_main_click,None,andere,23,0,23,60,60,,,,,,,,,,,03,03,yes,no,no,2025-06-17_11h10.33.301,EXNAT_4_TMS_Psychopy2024.2.5.psyexp,2024.2.5,2025-06-17 11h10.51.554308 +0200,
0,0,0,0,0,0,0,,,,,,,,,#D292F3,138.3548994064331,None,space,None,None,870.0928688049316,text_39,91,2,Reading_Baseline_main_click,None,Dinosaurierarten,23,0,23,60,60,,,,,,,,,,,03,03,yes,no,no,2025-06-17_11h10.33.301,EXNAT_4_TMS_Psychopy2024.2.5.psyexp,2024.2.5,2025-06-17 11h10.51.554308 +0200,
0,0,0,0,0,0,0,,,,,,,,,#D292F3,139.2651445865631,None,space,None,None,519.7176933288574,text_39,92,2,Reading_Baseline_main_click,None,wie,23,0,23,60,60,,,,,,,,,,,03,03,yes,no,no,2025-06-17_11h10.33.301,EXNAT_4_TMS_Psychopy2024.2.5.psyexp,2024.2.5,2025-06-17 11h10.51.554308 +0200,
0,0,0,0,0,0,0,,,,,,,,,#F989A2,139.82663583755493,None,space,None,None,422.3449230194092,text_39,93,2,Reading_Baseline_main_click,None,Argentinosaurus,23,0,23,60,60,,,,,,,,,,,03,03,yes,no,no,2025-06-17_11h10.33.301,EXNAT_4_TMS_Psychopy2024.2.5.psyexp,2024.2.5,2025-06-17 11h10.51.554308 +0200,
0,0,0,0,0,0,0,,,,,,,,,#88BA3F,140.28894639015198,None,space,None,None,631.8893432617188,text_39,94,2,Reading_Baseline_main_click,None,oder,23,0,23,60,60,,,,,,,,,,,03,03,yes,no,no,2025-06-17_11h10.33.301,EXNAT_4_TMS_Psychopy2024.2.5.psyexp,2024.2.5,2025-06-17 11h10.51.554308 +0200,
0,0,0,0,0,0,0,,,,,,,,,#F989A2,140.96006441116333,None,space,None,None,1720.855474472046,text_39,95,2,Reading_Baseline_main_click,None,Patagotitan.,24,0,24,60,60,142.25934290885925,,,,,,,,,,03,03,yes,no,no,2025-06-17_11h10.33.301,EXNAT_4_TMS_Psychopy2024.2.5.psyexp,2024.2.5,2025-06-17 11h10.51.554308 +0200,
0,0,0,0,0,0,0,,,,,,,,,#2AB7EF,142.73685884475708,None,space,None,None,695.9924697875977,text_39,96,2,Reading_Baseline_main_click,None,Mit,24,0,24,60,60,,,,,,,,,,,03,03,yes,no,no,2025-06-17_11h10.33.301,EXNAT_4_TMS_Psychopy2024.2.5.psyexp,2024.2.5,2025-06-17 11h10.51.554308 +0200,
0,0,0,0,0,0,0,,,,,,,,,#D292F3,143.47351551055908,None,space,None,None,471.36855125427246,text_39,97,2,Reading_Baseline_main_click,None,seinem,24,0,24,60,60,,,,,,,,,,,03,03,yes,no,no,2025-06-17_11h10.33.301,EXNAT_4_TMS_Psychopy2024.2.5.psyexp,2024.2.5,2025-06-17 11h10.51.554308 +0200,
0,0,0,0,0,0,0,,,,,,,,,#F989A2,143.9847047328949,None,space,None,None,392.0483589172363,text_39,98,2,Reading_Baseline_main_click,None,langen,24,0,24,60,60,,,,,,,,,,,03,03,yes,no,no,2025-06-17_11h10.33.301,EXNAT_4_TMS_Psychopy2024.2.5.psyexp,2024.2.5,2025-06-17 11h10.51.554308 +0200,
0,0,0,0,0,0,0,,,,,,,,,#F989A2,144.41676807403564,None,space,None,None,344.1760540008545,text_39,99,2,Reading_Baseline_main_click,None,Hals,24,0,24,60,60,,,,,,,,,,,03,03,yes,no,no,2025-06-17_11h10.33.301,EXNAT_4_TMS_Psychopy2024.2.5.psyexp,2024.2.5,2025-06-17 11h10.51.554308 +0200,
0,0,0,0,0,0,0,,,,,,,,,#D292F3,144.80033349990845,None,space,None,None,440.5348300933838,text_39,100,2,Reading_Baseline_main_click,None,ist,24,0,24,60,60,,,,,,,,,,,03,03,yes,no,no,2025-06-17_11h10.33.301,EXNAT_4_TMS_Psychopy2024.2.5.psyexp,2024.2.5,2025-06-17 11h10.51.554308 +0200,
0,0,0,0,0,0,0,,,,,,,,,#88BA3F,145.27958941459656,None,space,None,None,345.3042507171631,text_39,101,2,Reading_Baseline_main_click,None,der,24,0,24,60,60,,,,,,,,,,,03,03,yes,no,no,2025-06-17_11h10.33.301,EXNAT_4_TMS_Psychopy2024.2.5.psyexp,2024.2.5,2025-06-17 11h10.51.554308 +0200,
0,0,0,0,0,0,0,,,,,,,,,#D292F3,145.66600894927979,None,space,None,None,662.8711223602295,text_39,102,2,Reading_Baseline_main_click,None,Brachiosaurus,24,0,24,60,60,,,,,,,,,,,03,03,yes,no,no,2025-06-17_11h10.33.301,EXNAT_4_TMS_Psychopy2024.2.5.psyexp,2024.2.5,2025-06-17 11h10.51.554308 +0200,
0,0,0,0,0,0,0,,,,,,,,,#88BA3F,146.36877250671387,None,space,None,None,360.1367473602295,text_39,103,2,Reading_Baseline_main_click,None,auch,24,0,24,60,60,,,,,,,,,,,03,03,yes,no,no,2025-06-17_11h10.33.301,EXNAT_4_TMS_Psychopy2024.2.5.psyexp,2024.2.5,2025-06-17 11h10.51.554308 +0200,
0,0,0,0,0,0,0,,,,,,,,,#F989A2,146.76656413078308,None,space,None,None,394.3004608154297,text_39,104,2,Reading_Baseline_main_click,None,durch,24,0,24,60,60,,,,,,,,,,,03,03,yes,no,no,2025-06-17_11h10.33.301,EXNAT_4_TMS_Psychopy2024.2.5.psyexp,2024.2.5,2025-06-17 11h10.51.554308 +0200,
0,0,0,0,0,0,0,,,,,,,,,#88BA3F,147.20007801055908,None,space,None,None,376.7251968383789,text_39,105,2,Reading_Baseline_main_click,None,den,25,0,25,60,60,147.25931882858276,,,,,,,,,,03,03,yes,no,no,2025-06-17_11h10.33.301,EXNAT_4_TMS_Psychopy2024.2.5.psyexp,2024.2.5,2025-06-17 11h10.51.554308 +0200,
0,0,0,0,0,0,0,,,,,,,,,#2AB7EF,147.61413955688477,None,space,None,None,378.6156177520752,text_39,106,2,Reading_Baseline_main_click,None,Film,25,0,25,60,60,,,,,,,,,,,03,03,yes,no,no,2025-06-17_11h10.33.301,EXNAT_4_TMS_Psychopy2024.2.5.psyexp,2024.2.5,2025-06-17 11h10.51.554308 +0200,
0,0,0,0,0,0,0,,,,,,,,,#88BA3F,148.03232288360596,None,space,None,None,504.63151931762695,text_39,107,2,Reading_Baseline_main_click,None,""Jurassic,25,0,25,60,60,,,,,,,,,,,03,03,yes,no,no,2025-06-17_11h10.33.301,EXNAT_4_TMS_Psychopy2024.2.5.psyexp,2024.2.5,2025-06-17 11h10.51.554308 +0200,
0,0,0,0,0,0,0,,,,,,,,,#D292F3,148.57994270324707,None,space,None,None,292.79041290283203,text_39,108,2,Reading_Baseline_main_click,None,Park"",25,0,25,60,60,,,,,,,,,,,03,03,yes,no,no,2025-06-17_11h10.33.301,EXNAT_4_TMS_Psychopy2024.2.5.psyexp,2024.2.5,2025-06-17 11h10.51.554308 +0200,
0,0,0,0,0,0,0,,,,,,,,,#2AB7EF,148.91103386878967,None,space,None,None,377.932071685791,text_39,109,2,Reading_Baseline_main_click,None,bekannt,25,0,25,60,60,,,,,,,,,,,03,03,yes,no,no,2025-06-17_11h10.33.301,EXNAT_4_TMS_Psychopy2024.2.5.psyexp,2024.2.5,2025-06-17 11h10.51.554308 +0200,
0,0,0,0,0,0,0,,,,,,,,,#F989A2,149.32971739768982,None,space,None,None,439.2879009246826,text_39,110,2,Reading_Baseline_main_click,None,geworden.,25,0,25,60,60,,,,,,,,,,,03,03,yes,no,no,2025-06-17_11h10.33.301,EXNAT_4_TMS_Psychopy2024.2.5.psyexp,2024.2.5,2025-06-17 11h10.51.554308 +0200,
0,0,0,0,0,0,0,,,,,,,,,#D292F3,149.81052589416504,None,space,None,None,902.2798538208008,text_39,111,2,Reading_Baseline_main_click,None,"""Bigfoot"",",25,0,25,60,60,,,,,,,,,,,03,03,yes,no,no,2025-06-17_11h10.33.301,EXNAT_4_TMS_Psychopy2024.2.5.psyexp,2024.2.5,2025-06-17 11h10.51.554308 +0200,
0,0,0,0,0,0,0,,,,,,,,,#88BA3F,150.75131130218506,None,space,None,None,505.59544563293457,text_39,112,2,Reading_Baseline_main_click,None,wie,25,0,25,60,60,,,,,,,,,,,03,03,yes,no,no,2025-06-17_11h10.33.301,EXNAT_4_TMS_Psychopy2024.2.5.psyexp,2024.2.5,2025-06-17 11h10.51.554308 +0200,
0,0,0,0,0,0,0,,,,,,,,,#D292F3,151.29844903945923,None,space,None,None,390.5172348022461,text_39,113,2,Reading_Baseline_main_click,None,der,25,0,25,60,60,,,,,,,,,,,03,03,yes,no,no,2025-06-17_11h10.33.301,EXNAT_4_TMS_Psychopy2024.2.5.psyexp,2024.2.5,2025-06-17 11h10.51.554308 +0200,
0,0,0,0,0,0,0,,,,,,,,,#88BA3F,151.7301254272461,None,space,None,None,294.68703269958496,text_39,114,2,Reading_Baseline_main_click,None,aktuelle,25,0,25,60,60,,,,,,,,,,,03,03,yes,no,no,2025-06-17_11h10.33.301,EXNAT_4_TMS_Psychopy2024.2.5.psyexp,2024.2.5,2025-06-17 11h10.51.554308 +0200,
0,0,0,0,0,0,0,,,,,,,,,#D292F3,152.06470584869385,None,space,None,None,360.16392707824707,text_39,115,2,Reading_Baseline_main_click,None,Fund,26,0,26,60,60,152.25935006141663,,,,,,,,,,03,03,yes,no,no,2025-06-17_11h10.33.301,EXNAT_4_TMS_Psychopy2024.2.5.psyexp,2024.2.5,2025-06-17 11h10.51.554308 +0200,
0,0,0,0,0,0,0,,,,,,,,,#F989A2,152.46300387382507,None,space,None,None,617.8445816040039,text_39,116,2,Reading_Baseline_main_click,None,genannt,26,0,26,60,60,,,,,,,,,,,03,03,yes,no,no,2025-06-17_11h10.33.301,EXNAT_4_TMS_Psychopy2024.2.5.psyexp,2024.2.5,2025-06-17 11h10.51.554308 +0200,
0,0,0,0,0,0,0,,,,,,,,,#2AB7EF,153.1211531162262,None,space,None,None,535.7632637023926,text_39,117,2,Reading_Baseline_main_click,None,"wird,",26,0,26,60,60,,,,,,,,,,,03,03,yes,no,no,2025-06-17_11h10.33.301,EXNAT_4_TMS_Psychopy2024.2.5.psyexp,2024.2.5,2025-06-17 11h10.51.554308 +0200,
0,0,0,0,0,0,0,,,,,,,,,#88BA3F,153.69797110557556,None,space,None,None,438.8899803161621,text_39,118,2,Reading_Baseline_main_click,None,war,26,0,26,60,60,,,,,,,,,,,03,03,yes,no,no,2025-06-17_11h10.33.301,EXNAT_4_TMS_Psychopy2024.2.5.psyexp,2024.2.5,2025-06-17 11h10.51.554308 +0200,
0,0,0,0,0,0,0,,,,,,,,,#2AB7EF,154.17452692985535,None,space,None,None,458.31823348999023,text_39,119,2,Reading_Baseline_main_click,None,vermutlich,26,0,26,60,60,,,,,,,,,,,03,03,yes,no,no,2025-06-17_11h10.33.301,EXNAT_4_TMS_Psychopy2024.2.5.psyexp,2024.2.5,2025-06-17 11h10.51.554308 +0200,
0,0,0,0,0,0,0,,,,,,,,,#D292F3,154.67377710342407,None,space,None,None,407.0553779602051,text_39,120,2,Reading_Baseline_main_click,None,zehn,26,0,26,60,60,,,,,,,,,,,03,03,yes,no,no,2025-06-17_11h10.33.301,EXNAT_4_TMS_Psychopy2024.2.5.psyexp,2024.2.5,2025-06-17 11h10.51.554308 +0200,
0,0,0,0,0,0,0,,,,,,,,,#D292F3,155.11756587028503,None,space,None,None,619.3962097167969,text_39,121,2,Reading_Baseline_main_click,None,Meter,26,0,26,60,60,,,,,,,,,,,03,03,yes,no,no,2025-06-17_11h10.33.301,EXNAT_4_TMS_Psychopy2024.2.5.psyexp,2024.2.5,2025-06-17 11h10.51.554308 +0200,
0,0,0,0,0,0,0,,,,,,,,,#88BA3F,155.77811694145203,None,space,None,None,726.6490459442139,text_39,122,2,Reading_Baseline_main_click,None,hoch,26,0,26,60,60,,,,,,,,,,,03,03,yes,no,no,2025-06-17_11h10.33.301,EXNAT_4_TMS_Psychopy2024.2.5.psyexp,2024.2.5,2025-06-17 11h10.51.554308 +0200,
0,0,0,0,0,0,0,,,,,,,,,#88BA3F,156.54354667663574,None,space,None,None,521.223783493042,text_39,123,2,Reading_Baseline_main_click,None,und,26,0,26,60,60,,,,,,,,,,,03,03,yes,no,no,2025-06-17_11h10.33.301,EXNAT_4_TMS_Psychopy2024.2.5.psyexp,2024.2.5,2025-06-17 11h10.51.554308 +0200,
0,0,0,0,0,0,0,,,,,,,,,#F989A2,157.10316038131714,None,space,None,None,409.7862243652344,text_39,124,2,Reading_Baseline_main_click,None,wog,27,0,27,60,60,157.25931477546692,,,,,,,,,,03,03,yes,no,no,2025-06-17_11h10.33.301,EXNAT_4_TMS_Psychopy2024.2.5.psyexp,2024.2.5,2025-06-17 11h10.51.554308 +0200,
0,0,0,0,0,0,0,,,,,,,,,#2AB7EF,157.55517530441284,None,space,None,None,453.7498950958252,text_39,125,2,Reading_Baseline_main_click,None,bis,27,0,27,60,60,,,,,,,,,,,03,03,yes,no,no,2025-06-17_11h10.33.301,EXNAT_4_TMS_Psychopy2024.2.5.psyexp,2024.2.5,2025-06-17 11h10.51.554308 +0200,
0,0,0,0,0,0,0,,,,,,,,,#F989A2,158.0478458404541,None,space,None,None,425.0342845916748,text_39,126,2,Reading_Baseline_main_click,None,zu,27,0,27,60,60,,,,,,,,,,,03,03,yes,no,no,2025-06-17_11h10.33.301,EXNAT_4_TMS_Psychopy2024.2.5.psyexp,2024.2.5,2025-06-17 11h10.51.554308 +0200,
0,0,0,0,0,0,0,,,,,,,,,#2AB7EF,158.51493978500366,None,space,None,None,518.0590152740479,text_39,127,2,Reading_Baseline_main_click,None,vierzig,27,0,27,60,60,,,,,,,,,,,03,03,yes,no,no,2025-06-17_11h10.33.301,EXNAT_4_TMS_Psychopy2024.2.5.psyexp,2024.2.5,2025-06-17 11h10.51.554308 +0200,
0,0,0,0,0,0,0,,,,,,,,,#F989A2,159.07343769073486,None,space,None,None,487.43534088134766,text_39,128,2,Reading_Baseline_main_click,None,Tonnen.,27,0,27,60,60,,,,,,,,,,,03,03,yes,no,no,2025-06-17_11h10.33.301,EXNAT_4_TMS_Psychopy2024.2.5.psyexp,2024.2.5,2025-06-17 11h10.51.554308 +0200,
0,0,0,0,0,0,0,,,,,,,,,#88BA3F,159.60212302207947,None,space,None,None,838.7532234191895,text_39,129,2,Reading_Baseline_main_click,None,Seine,27,0,27,60,60,,,,,,,,,,,03,03,yes,no,no,2025-06-17_11h10.33.301,EXNAT_4_TMS_Psychopy2024.2.5.psyexp,2024.2.5,2025-06-17 11h10.51.554308 +0200,
0,0,0,0,0,0,0,,,,,,,,,#2AB7EF,160.48209428787231,None,space,None,None,486.8326187133789,text_39,130,2,Reading_Baseline_main_click,None,Fundstelle,27,0,27,60,60,,,,,,,,,,,03,03,yes,no,no,2025-06-17_11h10.33.301,EXNAT_4_TMS_Psychopy2024.2.5.psyexp,2024.2.5,2025-06-17 11h10.51.554308 +0200,
0,0,0,0,0,0,0,,,,,,,,,#D292F3,161.00812244415283,None,space,None,None,504.58621978759766,text_39,131,2,Reading_Baseline_main_click,None,gilt,27,0,27,60,60,,,,,,,,,,,03,03,yes,no,no,2025-06-17_11h10.33.301,EXNAT_4_TMS_Psychopy2024.2.5.psyexp,2024.2.5,2025-06-17 11h10.51.554308 +0200,
0,0,0,0,0,0,0,,,,,,,,,#D292F3,161.55323338508606,None,space,None,None,487.6830577850342,text_39,132,2,Reading_Baseline_main_click,None,als,27,0,27,60,60,,,,,,,,,,,03,03,yes,no,no,2025-06-17_11h10.33.301,EXNAT_4_TMS_Psychopy2024.2.5.psyexp,2024.2.5,2025-06-17 11h10.51.554308 +0200,
0,0,0,0,0,0,0,,,,,,,,,#2AB7EF,162.08297324180603,None,space,None,None,661.9257926940918,text_39,133,2,Reading_Baseline_main_click,None,"vielversprechend,",28,0,28,60,60,162.25938320159912,,,,,,,,,,03,03,yes,no,no,2025-06-17_11h10.33.301,EXNAT_4_TMS_Psychopy2024.2.5.psyexp,2024.2.5,2025-06-17 11h10.51.554308 +0200,
0,0,0,0,0,0,0,,,,,,,,,#2AB7EF,162.78546166419983,None,space,None,None,423.4001636505127,text_39,134,2,Reading_Baseline_main_click,None,da,28,0,28,60,60,,,,,,,,,,,03,03,yes,no,no,2025-06-17_11h10.33.301,EXNAT_4_TMS_Psychopy2024.2.5.psyexp,2024.2.5,2025-06-17 11h10.51.554308 +0200,
0,0,0,0,0,0,0,,,,,,,,,#D292F3,163.2463355064392,None,space,None,None,378.64041328430176,text_39,135,2,Reading_Baseline_main_click,None,dort,28,0,28,60,60,,,,,,,,,,,03,03,yes,no,no,2025-06-17_11h10.33.301,EXNAT_4_TMS_Psychopy2024.2.5.psyexp,2024.2.5,2025-06-17 11h10.51.554308 +0200,
0,0,0,0,0,0,0,,,,,,,,,#88BA3F,163.66661095619202,None,space,None,None,614.2063140869141,text_39,136,2,Reading_Baseline_main_click,None,weitere,28,0,28,60,60,,,,,,,,,,,03,03,yes,no,no,2025-06-17_11h10.33.301,EXNAT_4_TMS_Psychopy2024.2.5.psyexp,2024.2.5,2025-06-17 11h10.51.554308 +0200,
0,0,0,0,0,0,0,,,,,,,,,#88BA3F,164.32134747505188,None,space,None,None,631.5114498138428,text_39,137,2,Reading_Baseline_main_click,None,Dinosaurierfossilien,28,0,28,60,60,,,,,,,,,,,03,03,yes,no,no,2025-06-17_11h10.33.301,EXNAT_4_TMS_Psychopy2024.2.5.psyexp,2024.2.5,2025-06-17 11h10.51.554308 +0200,
0,0,0,0,0,0,0,,,,,,,,,#88BA3F,164.99449515342712,None,space,None,None,406.34655952453613,text_39,138,2,Reading_Baseline_main_click,None,erwartet,28,0,28,60,60,,,,,,,,,,,03,03,yes,no,no,2025-06-17_11h10.33.301,EXNAT_4_TMS_Psychopy2024.2.5.psyexp,2024.2.5,2025-06-17 11h10.51.554308 +0200,
0,0,0,0,0,0,0,,,,,,,,,#F989A2,165.44107627868652,None,space,None,None,615.7071590423584,text_39,139,2,Reading_Baseline_main_click,None,werden.,28,0,28,60,60,,,,,,,,,,,03,03,yes,no,no,2025-06-17_11h10.33.301,EXNAT_4_TMS_Psychopy2024.2.5.psyexp,2024.2.5,2025-06-17 11h10.51.554308 +0200,
0,0,0,0,0,0,0,,,,,,,,,#F989A2,166.09496092796326,None,space,None,None,617.9554462432861,text_39,140,2,Reading_Baseline_main_click,None,Auf,28,0,28,60,60,,,,,,,,,,,03,03,yes,no,no,2025-06-17_11h10.33.301,EXNAT_4_TMS_Psychopy2024.2.5.psyexp,2024.2.5,2025-06-17 11h10.51.554308 +0200,
0,0,0,0,0,0,0,,,,,,,,,#F989A2,166.75085401535034,None,space,None,None,394.0870761871338,text_39,141,2,Reading_Baseline_main_click,None,der,28,0,28,60,60,,,,,,,,,,,03,03,yes,no,no,2025-06-17_11h10.33.301,EXNAT_4_TMS_Psychopy2024.2.5.psyexp,2024.2.5,2025-06-17 11h10.51.554308 +0200,
0,0,0,0,0,0,0,,,,,,,,,#D292F3,167.1857578754425,None,space,None,None,359.25817489624023,text_39,142,2,Reading_Baseline_main_click,None,Suche,29,0,29,60,60,167.25944137573242,,,,,,,,,,03,03,yes,no,no,2025-06-17_11h10.33.301,EXNAT_4_TMS_Psychopy2024.2.5.psyexp,2024.2.5,2025-06-17 11h10.51.554308 +0200,
0,0,0,0,0,0,0,,,,,,,,,#D292F3,167.585697889328,None,space,None,None,391.2174701690674,text_39,143,2,Reading_Baseline_main_click,None,nach,29,0,29,60,60,,,,,,,,,,,03,03,yes,no,no,2025-06-17_11h10.33.301,EXNAT_4_TMS_Psychopy2024.2.5.psyexp,2024.2.5,2025-06-17 11h10.51.554308 +0200,
0,0,0,0,0,0,0,,,,,,,,,#D292F3,168.01975798606873,None,space,None,None,389.21594619750977,text_39,144,2,Reading_Baseline_main_click,None,neuen,29,0,29,60,60,,,,,,,,,,,03,03,yes,no,no,2025-06-17_11h10.33.301,EXNAT_4_TMS_Psychopy2024.2.5.psyexp,2024.2.5,2025-06-17 11h10.51.554308 +0200,
0,0,0,0,0,0,0,,,,,,,,,#88BA3F,168.44743394851685,None,space,None,None,425.45247077941895,text_39,145,2,Reading_Baseline_main_click,None,"Skeletten,",29,0,29,60,60,,,,,,,,,,,03,03,yes,no,no,2025-06-17_11h10.33.301,EXNAT_4_TMS_Psychopy2024.2.5.psyexp,2024.2.5,2025-06-17 11h10.51.554308 +0200,
0,0,0,0,0,0,0,,,,,,,,,#2AB7EF,168.91390681266785,None,space,None,None,454.98037338256836,text_39,146,2,Reading_Baseline_main_click,None,geht,29,0,29,60,60,,,,,,,,,,,03,03,yes,no,no,2025-06-17_11h10.33.301,EXNAT_4_TMS_Psychopy2024.2.5.psyexp,2024.2.5,2025-06-17 11h10.51.554308 +0200,
0,0,0,0,0,0,0,,,,,,,,,#D292F3,169.40776228904724,None,space,None,None,409.15608406066895,text_39,147,2,Reading_Baseline_main_click,None,die,29,0,29,60,60,,,,,,,,,,,03,03,yes,no,no,2025-06-17_11h10.33.301,EXNAT_4_TMS_Psychopy2024.2.5.psyexp,2024.2.5,2025-06-17 11h10.51.554308 +0200,
0,0,0,0,0,0,0,,,,,,,,,#2AB7EF,169.85557413101196,None,space,None,None,425.3408908843994,text_39,148,2,Reading_Baseline_main_click,None,Forschung,29,0,29,60,60,,,,,,,,,,,03,03,yes,no,no,2025-06-17_11h10.33.301,EXNAT_4_TMS_Psychopy2024.2.5.psyexp,2024.2.5,2025-06-17 11h10.51.554308 +0200,
0,0,0,0,0,0,0,,,,,,,,,#88BA3F,170.3206923007965,None,space,None,None,408.33282470703125,text_39,149,2,Reading_Baseline_main_click,None,daher,29,0,29,60,60,,,,,,,,,,,03,03,yes,no,no,2025-06-17_11h10.33.301,EXNAT_4_TMS_Psychopy2024.2.5.psyexp,2024.2.5,2025-06-17 11h10.51.554308 +0200,
0,0,0,0,0,0,0,,,,,,,,,#F989A2,170.7703094482422,None,space,None,None,358.6571216583252,text_39,150,2,Reading_Baseline_main_click,None,weiter.,29,0,29,60,60,,,,,,,,,,,03,03,yes,no,no,2025-06-17_11h10.33.301,EXNAT_4_TMS_Psychopy2024.2.5.psyexp,2024.2.5,2025-06-17 11h10.51.554308 +0200,
0,0,0,0,0,0,0,,,,,,,,,,171.17939805984497,,1,,,,text_39,,2,Reading_Baseline_main_click,,,,,,,,,Q1,a,True,,,,,,,03,03,yes,no,no,2025-06-17_11h10.33.301,EXNAT_4_TMS_Psychopy2024.2.5.psyexp,2024.2.5,2025-06-17 11h10.51.554308 +0200,
0,0,0,0,0,0,0,,,,,,,,,,175.95857405662537,,4,,,,text_39,,2,Reading_Baseline_main_click,,,,,,,,,Q2,d,True,,,,,,,03,03,yes,no,no,2025-06-17_11h10.33.301,EXNAT_4_TMS_Psychopy2024.2.5.psyexp,2024.2.5,2025-06-17 11h10.51.554308 +0200,
0,0,0,0,0,0,0,,,,,,,,,,181.36968231201172,,2,,,,text_39,,2,Reading_Baseline_main_click,,,,,,,,,Q3,b,True,,,,,,,03,03,yes,no,no,2025-06-17_11h10.33.301,EXNAT_4_TMS_Psychopy2024.2.5.psyexp,2024.2.5,2025-06-17 11h10.51.554308 +0200,
0,0,0,0,0,0,0,,,,,,,,,#F989A2,195.10973477363586,None,space,None,None,611.2139225006104,text_34,1,3,Reading_Baseline_main_click,None,Die,29,0,29,60,60,,,,,,,,,,,03,03,yes,no,no,2025-06-17_11h10.33.301,EXNAT_4_TMS_Psychopy2024.2.5.psyexp,2024.2.5,2025-06-17 11h10.51.554308 +0200,
0,0,0,0,0,0,0,,,,,,,,,#F989A2,195.75253820419312,None,space,None,None,320.2824592590332,text_34,2,3,Reading_Baseline_main_click,None,Geschichte,30,0,30,60,60,195.80518293380737,,,,,,,,,,03,03,yes,no,no,2025-06-17_11h10.33.301,EXNAT_4_TMS_Psychopy2024.2.5.psyexp,2024.2.5,2025-06-17 11h10.51.554308 +0200,
0,0,0,0,0,0,0,,,,,,,,,#88BA3F,196.10633635520935,None,space,None,None,318.4525966644287,text_34,3,3,Reading_Baseline_main_click,None,von,30,0,30,60,60,,,,,,,,,,,03,03,yes,no,no,2025-06-17_11h10.33.301,EXNAT_4_TMS_Psychopy2024.2.5.psyexp,2024.2.5,2025-06-17 11h10.51.554308 +0200,
0,0,0,0,0,0,0,,,,,,,,,#2AB7EF,196.46050548553467,None,space,None,None,284.5652103424072,text_34,4,3,Reading_Baseline_main_click,None,Clive,30,0,30,60,60,,,,,,,,,,,03,03,yes,no,no,2025-06-17_11h10.33.301,EXNAT_4_TMS_Psychopy2024.2.5.psyexp,2024.2.5,2025-06-17 11h10.51.554308 +0200,
0,0,0,0,0,0,0,,,,,,,,,#2AB7EF,196.78179550170898,None,space,None,None,971.2262153625488,text_34,5,3,Reading_Baseline_main_click,None,Woodall,30,0,30,60,60,,,,,,,,,,,03,03,yes,no,no,2025-06-17_11h10.33.301,EXNAT_4_TMS_Psychopy2024.2.5.psyexp,2024.2.5,2025-06-17 11h10.51.554308 +0200,
0,0,0,0,0,0,0,,,,,,,,,#D292F3,197.7934386730194,None,space,None,None,519.5462703704834,text_34,6,3,Reading_Baseline_main_click,None,erinnert,30,0,30,60,60,,,,,,,,,,,03,03,yes,no,no,2025-06-17_11h10.33.301,EXNAT_4_TMS_Psychopy2024.2.5.psyexp,2024.2.5,2025-06-17 11h10.51.554308 +0200,
0,0,0,0,0,0,0,,,,,,,,,#F989A2,198.35100936889648,None,space,None,None,1065.7894611358643,text_34,7,3,Reading_Baseline_main_click,None,ein,30,0,30,60,60,,,,,,,,,,,03,03,yes,no,no,2025-06-17_11h10.33.301,EXNAT_4_TMS_Psychopy2024.2.5.psyexp,2024.2.5,2025-06-17 11h10.51.554308 +0200,
0,0,0,0,0,0,0,,,,,,,,,#88BA3F,199.45738458633423,None,space,None,None,375.49400329589844,text_34,8,3,Reading_Baseline_main_click,None,wenig,30,0,30,60,60,,,,,,,,,,,03,03,yes,no,no,2025-06-17_11h10.33.301,EXNAT_4_TMS_Psychopy2024.2.5.psyexp,2024.2.5,2025-06-17 11h10.51.554308 +0200,
0,0,0,0,0,0,0,,,,,,,,,#2AB7EF,199.87149596214294,None,space,None,None,377.2695064544678,text_34,9,3,Reading_Baseline_main_click,None,an,30,0,30,60,60,,,,,,,,,,,03,03,yes,no,no,2025-06-17_11h10.33.301,EXNAT_4_TMS_Psychopy2024.2.5.psyexp,2024.2.5,2025-06-17 11h10.51.554308 +0200,
0,0,0,0,0,0,0,,,,,,,,,#D292F3,200.28755688667297,None,space,None,None,377.4526119232178,text_34,10,3,Reading_Baseline_main_click,None,die,30,0,30,60,60,,,,,,,,,,,03,03,yes,no,no,2025-06-17_11h10.33.301,EXNAT_4_TMS_Psychopy2024.2.5.psyexp,2024.2.5,2025-06-17 11h10.51.554308 +0200,
0,0,0,0,0,0,0,,,,,,,,,#88BA3F,200.70279216766357,None,space,None,None,346.1596965789795,text_34,11,3,Reading_Baseline_main_click,None,von,31,0,31,60,60,200.8052041530609,,,,,,,,,,03,03,yes,no,no,2025-06-17_11h10.33.301,EXNAT_4_TMS_Psychopy2024.2.5.psyexp,2024.2.5,2025-06-17 11h10.51.554308 +0200,
0,0,0,0,0,0,0,,,,,,,,,#D292F3,201.0888431072235,None,space,None,None,440.16051292419434,text_34,12,3,Reading_Baseline_main_click,None,Joanne,31,0,31,60,60,,,,,,,,,,,03,03,yes,no,no,2025-06-17_11h10.33.301,EXNAT_4_TMS_Psychopy2024.2.5.psyexp,2024.2.5,2025-06-17 11h10.51.554308 +0200,
0,0,0,0,0,0,0,,,,,,,,,#88BA3F,201.56903839111328,None,space,None,None,391.7827606201172,text_34,13,3,Reading_Baseline_main_click,None,K.,31,0,31,60,60,,,,,,,,,,,03,03,yes,no,no,2025-06-17_11h10.33.301,EXNAT_4_TMS_Psychopy2024.2.5.psyexp,2024.2.5,2025-06-17 11h10.51.554308 +0200,
0,0,0,0,0,0,0,,,,,,,,,#88BA3F,202.00306701660156,None,space,None,None,501.83796882629395,text_34,14,3,Reading_Baseline_main_click,None,"Rowling,",31,0,31,60,60,,,,,,,,,,,03,03,yes,no,no,2025-06-17_11h10.33.301,EXNAT_4_TMS_Psychopy2024.2.5.psyexp,2024.2.5,2025-06-17 11h10.51.554308 +0200,
0,0,0,0,0,0,0,,,,,,,,,#D292F3,202.54572248458862,None,space,None,None,407.0436954498291,text_34,15,3,Reading_Baseline_main_click,None,der,31,0,31,60,60,,,,,,,,,,,03,03,yes,no,no,2025-06-17_11h10.33.301,EXNAT_4_TMS_Psychopy2024.2.5.psyexp,2024.2.5,2025-06-17 11h10.51.554308 +0200,
0,0,0,0,0,0,0,,,,,,,,,#D292F3,202.9943835735321,None,space,None,None,358.5376739501953,text_34,16,3,Reading_Baseline_main_click,None,""Mutter"",31,0,31,60,60,,,,,,,,,,,03,03,yes,no,no,2025-06-17_11h10.33.301,EXNAT_4_TMS_Psychopy2024.2.5.psyexp,2024.2.5,2025-06-17 11h10.51.554308 +0200,
0,0,0,0,0,0,0,,,,,,,,,#D292F3,203.3922462463379,None,space,None,None,408.68687629699707,text_34,17,3,Reading_Baseline_main_click,None,Harry,31,0,31,60,60,,,,,,,,,,,03,03,yes,no,no,2025-06-17_11h10.33.301,EXNAT_4_TMS_Psychopy2024.2.5.psyexp,2024.2.5,2025-06-17 11h10.51.554308 +0200,
0,0,0,0,0,0,0,,,,,,,,,#2AB7EF,203.8392448425293,None,space,None,None,745.6789016723633,text_34,18,3,Reading_Baseline_main_click,None,Potters.,31,0,31,60,60,,,,,,,,,,,03,03,yes,no,no,2025-06-17_11h10.33.301,EXNAT_4_TMS_Psychopy2024.2.5.psyexp,2024.2.5,2025-06-17 11h10.51.554308 +0200,
0,0,0,0,0,0,0,,,,,,,,,#88BA3F,204.62552499771118,None,space,None,None,407.25207328796387,text_34,19,3,Reading_Baseline_main_click,None,Quasi,31,0,31,60,60,,,,,,,,,,,03,03,yes,no,no,2025-06-17_11h10.33.301,EXNAT_4_TMS_Psychopy2024.2.5.psyexp,2024.2.5,2025-06-17 11h10.51.554308 +0200,
0,0,0,0,0,0,0,,,,,,,,,#2AB7EF,205.07365107536316,None,space,None,None,343.16039085388184,text_34,20,3,Reading_Baseline_main_click,None,über,31,0,31,60,60,,,,,,,,,,,03,03,yes,no,no,2025-06-17_11h10.33.301,EXNAT_4_TMS_Psychopy2024.2.5.psyexp,2024.2.5,2025-06-17 11h10.51.554308 +0200,
0,0,0,0,0,0,0,,,,,,,,,#F989A2,205.45593070983887,None,space,None,None,280.9121608734131,text_34,21,3,Reading_Baseline_main_click,None,Nacht,31,0,31,60,60,,,,,,,,,,,03,03,yes,no,no,2025-06-17_11h10.33.301,EXNAT_4_TMS_Psychopy2024.2.5.psyexp,2024.2.5,2025-06-17 11h10.51.554308 +0200,
0,0,0,0,0,0,0,,,,,,,,,#F989A2,205.77746033668518,None,space,None,None,615.4971122741699,text_34,22,3,Reading_Baseline_main_click,None,wurde,32,0,32,60,60,205.83460879325867,,,,,,,,,,03,03,yes,no,no,2025-06-17_11h10.33.301,EXNAT_4_TMS_Psychopy2024.2.5.psyexp,2024.2.5,2025-06-17 11h10.51.554308 +0200,
0,0,0,0,0,0,0,,,,,,,,,#2AB7EF,206.4316942691803,None,space,None,None,281.02803230285645,text_34,23,3,Reading_Baseline_main_click,None,der,32,0,32,60,60,,,,,,,,,,,03,03,yes,no,no,2025-06-17_11h10.33.301,EXNAT_4_TMS_Psychopy2024.2.5.psyexp,2024.2.5,2025-06-17 11h10.51.554308 +0200,
0,0,0,0,0,0,0,,,,,,,,,#D292F3,206.75486707687378,None,space,None,None,294.1627502441406,text_34,24,3,Reading_Baseline_main_click,None,Supermarktleiter,32,0,32,60,60,,,,,,,,,,,03,03,yes,no,no,2025-06-17_11h10.33.301,EXNAT_4_TMS_Psychopy2024.2.5.psyexp,2024.2.5,2025-06-17 11h10.51.554308 +0200,
0,0,0,0,0,0,0,,,,,,,,,#2AB7EF,207.0875687599182,None,space,None,None,729.2819023132324,text_34,25,3,Reading_Baseline_main_click,None,aus,32,0,32,60,60,,,,,,,,,,,03,03,yes,no,no,2025-06-17_11h10.33.301,EXNAT_4_TMS_Psychopy2024.2.5.psyexp,2024.2.5,2025-06-17 11h10.51.554308 +0200,
0,0,0,0,0,0,0,,,,,,,,,#D292F3,207.85557508468628,None,space,None,None,617.3262596130371,text_34,26,3,Reading_Baseline_main_click,None,England,32,0,32,60,60,,,,,,,,,,,03,03,yes,no,no,2025-06-17_11h10.33.301,EXNAT_4_TMS_Psychopy2024.2.5.psyexp,2024.2.5,2025-06-17 11h10.51.554308 +0200,
0,0,0,0,0,0,0,,,,,,,,,#88BA3F,208.51278138160706,None,space,None,None,584.1124057769775,text_34,27,3,Reading_Baseline_main_click,None,zum,32,0,32,60,60,,,,,,,,,,,03,03,yes,no,no,2025-06-17_11h10.33.301,EXNAT_4_TMS_Psychopy2024.2.5.psyexp,2024.2.5,2025-06-17 11h10.51.554308 +0200,
0,0,0,0,0,0,0,,,,,,,,,#D292F3,209.13659596443176,None,space,None,None,616.3830757141113,text_34,28,3,Reading_Baseline_main_click,None,Millionär.,32,0,32,60,60,,,,,,,,,,,03,03,yes,no,no,2025-06-17_11h10.33.301,EXNAT_4_TMS_Psychopy2024.2.5.psyexp,2024.2.5,2025-06-17 11h10.51.554308 +0200,
0,0,0,0,0,0,0,,,,,,,,,#88BA3F,209.79435062408447,None,space,None,None,1286.529779434204,text_34,29,3,Reading_Baseline_main_click,None,Woodall,33,0,33,60,60,210.83467292785645,,,,,,,,,,03,03,yes,no,no,2025-06-17_11h10.33.301,EXNAT_4_TMS_Psychopy2024.2.5.psyexp,2024.2.5,2025-06-17 11h10.51.554308 +0200,
0,0,0,0,0,0,0,,,,,,,,,#F989A2,211.12060117721558,None,space,None,None,488.36255073547363,text_34,30,3,Reading_Baseline_main_click,None,verfasste,33,0,33,60,60,,,,,,,,,,,03,03,yes,no,no,2025-06-17_11h10.33.301,EXNAT_4_TMS_Psychopy2024.2.5.psyexp,2024.2.5,2025-06-17 11h10.51.554308 +0200,
0,0,0,0,0,0,0,,,,,,,,,#2AB7EF,211.64810132980347,None,space,None,None,584.8445892333984,text_34,31,3,Reading_Baseline_main_click,None,in,33,0,33,60,60,,,,,,,,,,,03,03,yes,no,no,2025-06-17_11h10.33.301,EXNAT_4_TMS_Psychopy2024.2.5.psyexp,2024.2.5,2025-06-17 11h10.51.554308 +0200,
0,0,0,0,0,0,0,,,,,,,,,#F989A2,212.27307510375977,None,space,None,None,455.9054374694824,text_34,32,3,Reading_Baseline_main_click,None,seiner,33,0,33,60,60,,,,,,,,,,,03,03,yes,no,no,2025-06-17_11h10.33.301,EXNAT_4_TMS_Psychopy2024.2.5.psyexp,2024.2.5,2025-06-17 11h10.51.554308 +0200,
0,0,0,0,0,0,0,,,,,,,,,#2AB7EF,212.76991820335388,None,space,None,None,471.0192680358887,text_34,33,3,Reading_Baseline_main_click,None,Freizeit,33,0,33,60,60,,,,,,,,,,,03,03,yes,no,no,2025-06-17_11h10.33.301,EXNAT_4_TMS_Psychopy2024.2.5.psyexp,2024.2.5,2025-06-17 11h10.51.554308 +0200,
0,0,0,0,0,0,0,,,,,,,,,#D292F3,213.28040432929993,None,space,None,None,440.3047561645508,text_34,34,3,Reading_Baseline_main_click,None,ein,33,0,33,60,60,,,,,,,,,,,03,03,yes,no,no,2025-06-17_11h10.33.301,EXNAT_4_TMS_Psychopy2024.2.5.psyexp,2024.2.5,2025-06-17 11h10.51.554308 +0200,
0,0,0,0,0,0,0,,,,,,,,,#88BA3F,213.75886845588684,None,space,None,None,410.19535064697266,text_34,35,3,Reading_Baseline_main_click,None,Kinderbuch,33,0,33,60,60,,,,,,,,,,,03,03,yes,no,no,2025-06-17_11h10.33.301,EXNAT_4_TMS_Psychopy2024.2.5.psyexp,2024.2.5,2025-06-17 11h10.51.554308 +0200,
0,0,0,0,0,0,0,,,,,,,,,#88BA3F,214.20709896087646,None,space,None,None,425.86803436279297,text_34,36,3,Reading_Baseline_main_click,None,über,33,0,33,60,60,,,,,,,,,,,03,03,yes,no,no,2025-06-17_11h10.33.301,EXNAT_4_TMS_Psychopy2024.2.5.psyexp,2024.2.5,2025-06-17 11h10.51.554308 +0200,
0,0,0,0,0,0,0,,,,,,,,,#2AB7EF,214.6708106994629,None,space,None,None,378.19719314575195,text_34,37,3,Reading_Baseline_main_click,None,ein,33,0,33,60,60,,,,,,,,,,,03,03,yes,no,no,2025-06-17_11h10.33.301,EXNAT_4_TMS_Psychopy2024.2.5.psyexp,2024.2.5,2025-06-17 11h10.51.554308 +0200,
0,0,0,0,0,0,0,,,,,,,,,#D292F3,215.08638262748718,None,space,None,None,426.49316787719727,text_34,38,3,Reading_Baseline_main_click,None,mutiges,33,0,33,60,60,,,,,,,,,,,03,03,yes,no,no,2025-06-17_11h10.33.301,EXNAT_4_TMS_Psychopy2024.2.5.psyexp,2024.2.5,2025-06-17 11h10.51.554308 +0200,
0,0,0,0,0,0,0,,,,,,,,,#D292F3,215.5549819469452,None,space,None,None,389.9393081665039,text_34,39,3,Reading_Baseline_main_click,None,"Rotkehlchen,",34,0,34,60,60,215.83474922180176,,,,,,,,,,03,03,yes,no,no,2025-06-17_11h10.33.301,EXNAT_4_TMS_Psychopy2024.2.5.psyexp,2024.2.5,2025-06-17 11h10.51.554308 +0200,
0,0,0,0,0,0,0,,,,,,,,,#2AB7EF,215.9845006465912,None,space,None,None,1000.5373954772949,text_34,40,3,Reading_Baseline_main_click,None,das,34,0,34,60,60,,,,,,,,,,,03,03,yes,no,no,2025-06-17_11h10.33.301,EXNAT_4_TMS_Psychopy2024.2.5.psyexp,2024.2.5,2025-06-17 11h10.51.554308 +0200,
0,0,0,0,0,0,0,,,,,,,,,#2AB7EF,217.02471709251404,None,space,None,None,552.3431301116943,text_34,41,3,Reading_Baseline_main_click,None,das,34,0,34,60,60,,,,,,,,,,,03,03,yes,no,no,2025-06-17_11h10.33.301,EXNAT_4_TMS_Psychopy2024.2.5.psyexp,2024.2.5,2025-06-17 11h10.51.554308 +0200,
0,0,0,0,0,0,0,,,,,,,,,#D292F3,217.61768674850464,None,space,None,None,935.2762699127197,text_34,42,3,Reading_Baseline_main_click,None,Vogelreich,34,0,34,60,60,,,,,,,,,,,03,03,yes,no,no,2025-06-17_11h10.33.301,EXNAT_4_TMS_Psychopy2024.2.5.psyexp,2024.2.5,2025-06-17 11h10.51.554308 +0200,
0,0,0,0,0,0,0,,,,,,,,,#F989A2,218.59220170974731,None,space,None,None,776.7055034637451,text_34,43,3,Reading_Baseline_main_click,None,vor,34,0,34,60,60,,,,,,,,,,,03,03,yes,no,no,2025-06-17_11h10.33.301,EXNAT_4_TMS_Psychopy2024.2.5.psyexp,2024.2.5,2025-06-17 11h10.51.554308 +0200,
0,0,0,0,0,0,0,,,,,,,,,#88BA3F,219.40919852256775,None,space,None,None,775.6831645965576,text_34,44,3,Reading_Baseline_main_click,None,einer,34,0,34,60,60,,,,,,,,,,,03,03,yes,no,no,2025-06-17_11h10.33.301,EXNAT_4_TMS_Psychopy2024.2.5.psyexp,2024.2.5,2025-06-17 11h10.51.554308 +0200,
0,0,0,0,0,0,0,,,,,,,,,#D292F3,220.22464752197266,None,space,None,None,632.1239471435547,text_34,45,3,Reading_Baseline_main_click,None,Bedrohung,35,0,35,60,60,220.83480405807495,,,,,,,,,,03,03,yes,no,no,2025-06-17_11h10.33.301,EXNAT_4_TMS_Psychopy2024.2.5.psyexp,2024.2.5,2025-06-17 11h10.51.554308 +0200,
0,0,0,0,0,0,0,,,,,,,,,#88BA3F,220.89774870872498,None,space,None,None,439.1758441925049,text_34,46,3,Reading_Baseline_main_click,None,durch,35,0,35,60,60,,,,,,,,,,,03,03,yes,no,no,2025-06-17_11h10.33.301,EXNAT_4_TMS_Psychopy2024.2.5.psyexp,2024.2.5,2025-06-17 11h10.51.554308 +0200,
0,0,0,0,0,0,0,,,,,,,,,#F989A2,221.3778476715088,None,space,None,None,679.213285446167,text_34,47,3,Reading_Baseline_main_click,None,Elstern,35,0,35,60,60,,,,,,,,,,,03,03,yes,no,no,2025-06-17_11h10.33.301,EXNAT_4_TMS_Psychopy2024.2.5.psyexp,2024.2.5,2025-06-17 11h10.51.554308 +0200,
0,0,0,0,0,0,0,,,,,,,,,#88BA3F,222.09597992897034,None,space,None,None,728.9655208587646,text_34,48,3,Reading_Baseline_main_click,None,rettet.,35,0,35,60,60,,,,,,,,,,,03,03,yes,no,no,2025-06-17_11h10.33.301,EXNAT_4_TMS_Psychopy2024.2.5.psyexp,2024.2.5,2025-06-17 11h10.51.554308 +0200,
0,0,0,0,0,0,0,,,,,,,,,#F989A2,222.86554551124573,None,space,None,None,631.4637660980225,text_34,49,3,Reading_Baseline_main_click,None,Ursprünglich,35,0,35,60,60,,,,,,,,,,,03,03,yes,no,no,2025-06-17_11h10.33.301,EXNAT_4_TMS_Psychopy2024.2.5.psyexp,2024.2.5,2025-06-17 11h10.51.554308 +0200,
0,0,0,0,0,0,0,,,,,,,,,#F989A2,223.53497695922852,None,space,None,None,410.02345085144043,text_34,50,3,Reading_Baseline_main_click,None,sollte,35,0,35,60,60,,,,,,,,,,,03,03,yes,no,no,2025-06-17_11h10.33.301,EXNAT_4_TMS_Psychopy2024.2.5.psyexp,2024.2.5,2025-06-17 11h10.51.554308 +0200,
0,0,0,0,0,0,0,,,,,,,,,#88BA3F,223.98621487617493,None,space,None,None,518.6941623687744,text_34,51,3,Reading_Baseline_main_click,None,diese,35,0,35,60,60,,,,,,,,,,,03,03,yes,no,no,2025-06-17_11h10.33.301,EXNAT_4_TMS_Psychopy2024.2.5.psyexp,2024.2.5,2025-06-17 11h10.51.554308 +0200,
0,0,0,0,0,0,0,,,,,,,,,#2AB7EF,224.54482007026672,None,space,None,None,440.04225730895996,text_34,52,3,Reading_Baseline_main_click,None,Erzählung,35,0,35,60,60,,,,,,,,,,,03,03,yes,no,no,2025-06-17_11h10.33.301,EXNAT_4_TMS_Psychopy2024.2.5.psyexp,2024.2.5,2025-06-17 11h10.51.554308 +0200,
0,0,0,0,0,0,0,,,,,,,,,#F989A2,225.02702474594116,None,space,None,None,693.882942199707,text_34,53,3,Reading_Baseline_main_click,None,nur,35,0,35,60,60,,,,,,,,,,,03,03,yes,no,no,2025-06-17_11h10.33.301,EXNAT_4_TMS_Psychopy2024.2.5.psyexp,2024.2.5,2025-06-17 11h10.51.554308 +0200,
0,0,0,0,0,0,0,,,,,,,,,#2AB7EF,225.760817527771,None,space,None,None,456.11047744750977,text_34,54,3,Reading_Baseline_main_click,None,als,36,0,36,60,60,225.83450388908386,,,,,,,,,,03,03,yes,no,no,2025-06-17_11h10.33.301,EXNAT_4_TMS_Psychopy2024.2.5.psyexp,2024.2.5,2025-06-17 11h10.51.554308 +0200,
0,0,0,0,0,0,0,,,,,,,,,#D292F3,226.25777888298035,None,space,None,None,839.1132354736328,text_34,55,3,Reading_Baseline_main_click,None,Einschlafgeschichte,36,0,36,60,60,,,,,,,,,,,03,03,yes,no,no,2025-06-17_11h10.33.301,EXNAT_4_TMS_Psychopy2024.2.5.psyexp,2024.2.5,2025-06-17 11h10.51.554308 +0200,
0,0,0,0,0,0,0,,,,,,,,,#88BA3F,227.13896989822388,None,space,None,None,342.1037197113037,text_34,56,3,Reading_Baseline_main_click,None,für,36,0,36,60,60,,,,,,,,,,,03,03,yes,no,no,2025-06-17_11h10.33.301,EXNAT_4_TMS_Psychopy2024.2.5.psyexp,2024.2.5,2025-06-17 11h10.51.554308 +0200,
0,0,0,0,0,0,0,,,,,,,,,#88BA3F,227.52001070976257,None,space,None,None,408.95986557006836,text_34,57,3,Reading_Baseline_main_click,None,seine,36,0,36,60,60,,,,,,,,,,,03,03,yes,no,no,2025-06-17_11h10.33.301,EXNAT_4_TMS_Psychopy2024.2.5.psyexp,2024.2.5,2025-06-17 11h10.51.554308 +0200,
0,0,0,0,0,0,0,,,,,,,,,#D292F3,227.97084522247314,None,space,None,None,438.1253719329834,text_34,58,3,Reading_Baseline_main_click,None,Söhne,36,0,36,60,60,,,,,,,,,,,03,03,yes,no,no,2025-06-17_11h10.33.301,EXNAT_4_TMS_Psychopy2024.2.5.psyexp,2024.2.5,2025-06-17 11h10.51.554308 +0200,
0,0,0,0,0,0,0,,,,,,,,,#2AB7EF,228.44821882247925,None,space,None,None,376.82032585144043,text_34,59,3,Reading_Baseline_main_click,None,dienen.,36,0,36,60,60,,,,,,,,,,,03,03,yes,no,no,2025-06-17_11h10.33.301,EXNAT_4_TMS_Psychopy2024.2.5.psyexp,2024.2.5,2025-06-17 11h10.51.554308 +0200,
0,0,0,0,0,0,0,,,,,,,,,#D292F3,228.86516785621643,None,space,None,None,391.8890953063965,text_34,60,3,Reading_Baseline_main_click,None,Seine,36,0,36,60,60,,,,,,,,,,,03,03,yes,no,no,2025-06-17_11h10.33.301,EXNAT_4_TMS_Psychopy2024.2.5.psyexp,2024.2.5,2025-06-17 11h10.51.554308 +0200,
0,0,0,0,0,0,0,,,,,,,,,#D292F3,229.2983193397522,None,space,None,None,406.7349433898926,text_34,61,3,Reading_Baseline_main_click,None,Ehefrau,36,0,36,60,60,,,,,,,,,,,03,03,yes,no,no,2025-06-17_11h10.33.301,EXNAT_4_TMS_Psychopy2024.2.5.psyexp,2024.2.5,2025-06-17 11h10.51.554308 +0200,
0,0,0,0,0,0,0,,,,,,,,,#2AB7EF,229.74543523788452,None,space,None,None,375.6062984466553,text_34,62,3,Reading_Baseline_main_click,None,Trish,36,0,36,60,60,,,,,,,,,,,03,03,yes,no,no,2025-06-17_11h10.33.301,EXNAT_4_TMS_Psychopy2024.2.5.psyexp,2024.2.5,2025-06-17 11h10.51.554308 +0200,
0,0,0,0,0,0,0,,,,,,,,,#F989A2,230.16214561462402,None,space,None,None,518.9592838287354,text_34,63,3,Reading_Baseline_main_click,None,legte,36,0,36,60,60,,,,,,,,,,,03,03,yes,no,no,2025-06-17_11h10.33.301,EXNAT_4_TMS_Psychopy2024.2.5.psyexp,2024.2.5,2025-06-17 11h10.51.554308 +0200,
0,0,0,0,0,0,0,,,,,,,,,#2AB7EF,230.72166919708252,None,space,None,None,455.369234085083,text_34,64,3,Reading_Baseline_main_click,None,das,37,0,37,60,60,230.83453369140625,,,,,,,,,,03,03,yes,no,no,2025-06-17_11h10.33.301,EXNAT_4_TMS_Psychopy2024.2.5.psyexp,2024.2.5,2025-06-17 11h10.51.554308 +0200,
0,0,0,0,0,0,0,,,,,,,,,#D292F3,231.21703672409058,None,space,None,None,504.0304660797119,text_34,65,3,Reading_Baseline_main_click,None,Manuskript,37,0,37,60,60,,,,,,,,,,,03,03,yes,no,no,2025-06-17_11h10.33.301,EXNAT_4_TMS_Psychopy2024.2.5.psyexp,2024.2.5,2025-06-17 11h10.51.554308 +0200,
0,0,0,0,0,0,0,,,,,,,,,#88BA3F,231.75759935379028,None,space,None,None,379.50873374938965,text_34,66,3,Reading_Baseline_main_click,None,jedoch,37,0,37,60,60,,,,,,,,,,,03,03,yes,no,no,2025-06-17_11h10.33.301,EXNAT_4_TMS_Psychopy2024.2.5.psyexp,2024.2.5,2025-06-17 11h10.51.554308 +0200,
0,0,0,0,0,0,0,,,,,,,,,#D292F3,232.17523646354675,None,space,None,None,393.61119270324707,text_34,67,3,Reading_Baseline_main_click,None,ihrem,37,0,37,60,60,,,,,,,,,,,03,03,yes,no,no,2025-06-17_11h10.33.301,EXNAT_4_TMS_Psychopy2024.2.5.psyexp,2024.2.5,2025-06-17 11h10.51.554308 +0200,
0,0,0,0,0,0,0,,,,,,,,,#F989A2,232.60660433769226,None,space,None,None,474.20406341552734,text_34,68,3,Reading_Baseline_main_click,None,Vorgesetzten,37,0,37,60,60,,,,,,,,,,,03,03,yes,no,no,2025-06-17_11h10.33.301,EXNAT_4_TMS_Psychopy2024.2.5.psyexp,2024.2.5,2025-06-17 11h10.51.554308 +0200,
0,0,0,0,0,0,0,,,,,,,,,#88BA3F,233.12126541137695,None,space,None,None,407.8190326690674,text_34,69,3,Reading_Baseline_main_click,None,"vor,",37,0,37,60,60,,,,,,,,,,,03,03,yes,no,no,2025-06-17_11h10.33.301,EXNAT_4_TMS_Psychopy2024.2.5.psyexp,2024.2.5,2025-06-17 11h10.51.554308 +0200,
0,0,0,0,0,0,0,,,,,,,,,#2AB7EF,233.5681493282318,None,space,None,None,424.93462562561035,text_34,70,3,Reading_Baseline_main_click,None,welcher,37,0,37,60,60,,,,,,,,,,,03,03,yes,no,no,2025-06-17_11h10.33.301,EXNAT_4_TMS_Psychopy2024.2.5.psyexp,2024.2.5,2025-06-17 11h10.51.554308 +0200,
0,0,0,0,0,0,0,,,,,,,,,#88BA3F,234.03384280204773,None,space,None,None,359.25912857055664,text_34,71,3,Reading_Baseline_main_click,None,es,37,0,37,60,60,,,,,,,,,,,03,03,yes,no,no,2025-06-17_11h10.33.301,EXNAT_4_TMS_Psychopy2024.2.5.psyexp,2024.2.5,2025-06-17 11h10.51.554308 +0200,
0,0,0,0,0,0,0,,,,,,,,,#F989A2,234.43150305747986,None,space,None,None,393.4938907623291,text_34,72,3,Reading_Baseline_main_click,None,an,37,0,37,60,60,,,,,,,,,,,03,03,yes,no,no,2025-06-17_11h10.33.301,EXNAT_4_TMS_Psychopy2024.2.5.psyexp,2024.2.5,2025-06-17 11h10.51.554308 +0200,
0,0,0,0,0,0,0,,,,,,,,,#2AB7EF,234.86519503593445,None,space,None,None,407.8230857849121,text_34,73,3,Reading_Baseline_main_click,None,den,37,0,37,60,60,,,,,,,,,,,03,03,yes,no,no,2025-06-17_11h10.33.301,EXNAT_4_TMS_Psychopy2024.2.5.psyexp,2024.2.5,2025-06-17 11h10.51.554308 +0200,
0,0,0,0,0,0,0,,,,,,,,,#F989A2,235.31472277641296,None,space,None,None,374.22680854797363,text_34,74,3,Reading_Baseline_main_click,None,bekannten,37,0,37,60,60,,,,,,,,,,,03,03,yes,no,no,2025-06-17_11h10.33.301,EXNAT_4_TMS_Psychopy2024.2.5.psyexp,2024.2.5,2025-06-17 11h10.51.554308 +0200,
0,0,0,0,0,0,0,,,,,,,,,#88BA3F,235.73269248008728,None,space,None,None,436.2828731536865,text_34,75,3,Reading_Baseline_main_click,None,Film-,38,0,38,60,60,235.8346402645111,,,,,,,,,,03,03,yes,no,no,2025-06-17_11h10.33.301,EXNAT_4_TMS_Psychopy2024.2.5.psyexp,2024.2.5,2025-06-17 11h10.51.554308 +0200,
0,0,0,0,0,0,0,,,,,,,,,#2AB7EF,236.2106442451477,None,space,None,None,406.16512298583984,text_34,76,3,Reading_Baseline_main_click,None,und,38,0,38,60,60,,,,,,,,,,,03,03,yes,no,no,2025-06-17_11h10.33.301,EXNAT_4_TMS_Psychopy2024.2.5.psyexp,2024.2.5,2025-06-17 11h10.51.554308 +0200,
0,0,0,0,0,0,0,,,,,,,,,#F989A2,236.65759229660034,None,space,None,None,375.2572536468506,text_34,77,3,Reading_Baseline_main_click,None,Fernsehproduzenten,38,0,38,60,60,,,,,,,,,,,03,03,yes,no,no,2025-06-17_11h10.33.301,EXNAT_4_TMS_Psychopy2024.2.5.psyexp,2024.2.5,2025-06-17 11h10.51.554308 +0200,
0,0,0,0,0,0,0,,,,,,,,,#D292F3,237.07279324531555,None,space,None,None,663.9845371246338,text_34,78,3,Reading_Baseline_main_click,None,Franc,38,0,38,60,60,,,,,,,,,,,03,03,yes,no,no,2025-06-17_11h10.33.301,EXNAT_4_TMS_Psychopy2024.2.5.psyexp,2024.2.5,2025-06-17 11h10.51.554308 +0200,
0,0,0,0,0,0,0,,,,,,,,,#88BA3F,237.77829027175903,None,space,None,None,774.7628688812256,text_34,79,3,Reading_Baseline_main_click,None,Roddam,38,0,38,60,60,,,,,,,,,,,03,03,yes,no,no,2025-06-17_11h10.33.301,EXNAT_4_TMS_Psychopy2024.2.5.psyexp,2024.2.5,2025-06-17 11h10.51.554308 +0200,
0,0,0,0,0,0,0,,,,,,,,,#2AB7EF,238.59202766418457,None,space,None,None,1160.7296466827393,text_34,80,3,Reading_Baseline_main_click,None,weiterleitete.,38,0,38,60,60,,,,,,,,,,,03,03,yes,no,no,2025-06-17_11h10.33.301,EXNAT_4_TMS_Psychopy2024.2.5.psyexp,2024.2.5,2025-06-17 11h10.51.554308 +0200,
0,0,0,0,0,0,0,,,,,,,,,#D292F3,239.79634618759155,None,space,None,None,740.6365871429443,text_34,81,3,Reading_Baseline_main_click,None,Roddam,38,0,38,60,60,,,,,,,,,,,03,03,yes,no,no,2025-06-17_11h10.33.301,EXNAT_4_TMS_Psychopy2024.2.5.psyexp,2024.2.5,2025-06-17 11h10.51.554308 +0200,
0,0,0,0,0,0,0,,,,,,,,,#F989A2,240.57601952552795,None,space,None,None,841.0348892211914,text_34,82,3,Reading_Baseline_main_click,None,erkannte,39,0,39,60,60,240.83461952209473,,,,,,,,,,03,03,yes,no,no,2025-06-17_11h10.33.301,EXNAT_4_TMS_Psychopy2024.2.5.psyexp,2024.2.5,2025-06-17 11h10.51.554308 +0200,
0,0,0,0,0,0,0,,,,,,,,,#88BA3F,241.45422792434692,None,space,None,None,378.74913215637207,text_34,83,3,Reading_Baseline_main_click,None,mit,39,0,39,60,60,,,,,,,,,,,03,03,yes,no,no,2025-06-17_11h10.33.301,EXNAT_4_TMS_Psychopy2024.2.5.psyexp,2024.2.5,2025-06-17 11h10.51.554308 +0200,
0,0,0,0,0,0,0,,,,,,,,,#D292F3,241.87411451339722,None,space,None,None,438.7495517730713,text_34,84,3,Reading_Baseline_main_click,None,ihrer,39,0,39,60,60,,,,,,,,,,,03,03,yes,no,no,2025-06-17_11h10.33.301,EXNAT_4_TMS_Psychopy2024.2.5.psyexp,2024.2.5,2025-06-17 11h10.51.554308 +0200,
0,0,0,0,0,0,0,,,,,,,,,#2AB7EF,242.35397291183472,None,space,None,None,390.8820152282715,text_34,85,3,Reading_Baseline_main_click,None,zeitlosen,39,0,39,60,60,,,,,,,,,,,03,03,yes,no,no,2025-06-17_11h10.33.301,EXNAT_4_TMS_Psychopy2024.2.5.psyexp,2024.2.5,2025-06-17 11h10.51.554308 +0200,
0,0,0,0,0,0,0,,,,,,,,,#F989A2,242.78325748443604,None,space,None,None,601.5732288360596,text_34,86,3,Reading_Baseline_main_click,None,Botschaft,39,0,39,60,60,,,,,,,,,,,03,03,yes,no,no,2025-06-17_11h10.33.301,EXNAT_4_TMS_Psychopy2024.2.5.psyexp,2024.2.5,2025-06-17 11h10.51.554308 +0200,
0,0,0,0,0,0,0,,,,,,,,,#88BA3F,243.42317509651184,None,space,None,None,361.71603202819824,text_34,87,3,Reading_Baseline_main_click,None,sofort,39,0,39,60,60,,,,,,,,,,,03,03,yes,no,no,2025-06-17_11h10.33.301,EXNAT_4_TMS_Psychopy2024.2.5.psyexp,2024.2.5,2025-06-17 11h10.51.554308 +0200,
0,0,0,0,0,0,0,,,,,,,,,#F989A2,243.8253574371338,None,space,None,None,407.52696990966797,text_34,88,3,Reading_Baseline_main_click,None,das,39,0,39,60,60,,,,,,,,,,,03,03,yes,no,no,2025-06-17_11h10.33.301,EXNAT_4_TMS_Psychopy2024.2.5.psyexp,2024.2.5,2025-06-17 11h10.51.554308 +0200,
0,0,0,0,0,0,0,,,,,,,,,#F989A2,244.27027559280396,None,space,None,None,522.700309753418,text_34,89,3,Reading_Baseline_main_click,None,Potenzial,39,0,39,60,60,,,,,,,,,,,03,03,yes,no,no,2025-06-17_11h10.33.301,EXNAT_4_TMS_Psychopy2024.2.5.psyexp,2024.2.5,2025-06-17 11h10.51.554308 +0200,
0,0,0,0,0,0,0,,,,,,,,,#88BA3F,244.83201837539673,None,space,None,None,473.01268577575684,text_34,90,3,Reading_Baseline_main_click,None,der,39,0,39,60,60,,,,,,,,,,,03,03,yes,no,no,2025-06-17_11h10.33.301,EXNAT_4_TMS_Psychopy2024.2.5.psyexp,2024.2.5,2025-06-17 11h10.51.554308 +0200,
0,0,0,0,0,0,0,,,,,,,,,#2AB7EF,245.3454234600067,None,space,None,None,391.39413833618164,text_34,91,3,Reading_Baseline_main_click,None,Geschichte,39,0,39,60,60,,,,,,,,,,,03,03,yes,no,no,2025-06-17_11h10.33.301,EXNAT_4_TMS_Psychopy2024.2.5.psyexp,2024.2.5,2025-06-17 11h10.51.554308 +0200,
0,0,0,0,0,0,0,,,,,,,,,#D292F3,245.7772080898285,None,space,None,None,983.6735725402832,text_34,92,3,Reading_Baseline_main_click,None,und,40,0,40,60,60,245.83471202850342,,,,,,,,,,03,03,yes,no,no,2025-06-17_11h10.33.301,EXNAT_4_TMS_Psychopy2024.2.5.psyexp,2024.2.5,2025-06-17 11h10.51.554308 +0200,
0,0,0,0,0,0,0,,,,,,,,,#F989A2,246.80226755142212,None,space,None,None,742.6846027374268,text_34,93,3,Reading_Baseline_main_click,None,vermittelte,40,0,40,60,60,,,,,,,,,,,03,03,yes,no,no,2025-06-17_11h10.33.301,EXNAT_4_TMS_Psychopy2024.2.5.psyexp,2024.2.5,2025-06-17 11h10.51.554308 +0200,
0,0,0,0,0,0,0,,,,,,,,,#88BA3F,247.58405661582947,None,space,None,None,552.7403354644775,text_34,94,3,Reading_Baseline_main_click,None,einen,40,0,40,60,60,,,,,,,,,,,03,03,yes,no,no,2025-06-17_11h10.33.301,EXNAT_4_TMS_Psychopy2024.2.5.psyexp,2024.2.5,2025-06-17 11h10.51.554308 +0200,
0,0,0,0,0,0,0,,,,,,,,,#D292F3,248.1789572238922,None,space,None,None,518.0420875549316,text_34,95,3,Reading_Baseline_main_click,None,Vertrag,40,0,40,60,60,,,,,,,,,,,03,03,yes,no,no,2025-06-17_11h10.33.301,EXNAT_4_TMS_Psychopy2024.2.5.psyexp,2024.2.5,2025-06-17 11h10.51.554308 +0200,
0,0,0,0,0,0,0,,,,,,,,,#D292F3,248.73535895347595,None,space,None,None,505.50317764282227,text_34,96,3,Reading_Baseline_main_click,None,mit,40,0,40,60,60,,,,,,,,,,,03,03,yes,no,no,2025-06-17_11h10.33.301,EXNAT_4_TMS_Psychopy2024.2.5.psyexp,2024.2.5,2025-06-17 11h10.51.554308 +0200,
0,0,0,0,0,0,0,,,,,,,,,#2AB7EF,249.2809193134308,None,space,None,None,679.9378395080566,text_34,97,3,Reading_Baseline_main_click,None,Walt,40,0,40,60,60,,,,,,,,,,,03,03,yes,no,no,2025-06-17_11h10.33.301,EXNAT_4_TMS_Psychopy2024.2.5.psyexp,2024.2.5,2025-06-17 11h10.51.554308 +0200,
0,0,0,0,0,0,0,,,,,,,,,#2AB7EF,250.00023794174194,None,space,None,None,536.7586612701416,text_34,98,3,Reading_Baseline_main_click,None,Disney.,40,0,40,60,60,,,,,,,,,,,03,03,yes,no,no,2025-06-17_11h10.33.301,EXNAT_4_TMS_Psychopy2024.2.5.psyexp,2024.2.5,2025-06-17 11h10.51.554308 +0200,
0,0,0,0,0,0,0,,,,,,,,,#2AB7EF,250.57466530799866,None,space,None,None,522.1726894378662,text_34,99,3,Reading_Baseline_main_click,None,Das,41,0,41,60,60,250.83460235595703,,,,,,,,,,03,03,yes,no,no,2025-06-17_11h10.33.301,EXNAT_4_TMS_Psychopy2024.2.5.psyexp,2024.2.5,2025-06-17 11h10.51.554308 +0200,
0,0,0,0,0,0,0,,,,,,,,,#F989A2,251.1359519958496,None,space,None,None,457.0045471191406,text_34,100,3,Reading_Baseline_main_click,None,Buch,41,0,41,60,60,,,,,,,,,,,03,03,yes,no,no,2025-06-17_11h10.33.301,EXNAT_4_TMS_Psychopy2024.2.5.psyexp,2024.2.5,2025-06-17 11h10.51.554308 +0200,
0,0,0,0,0,0,0,,,,,,,,,#88BA3F,251.63199615478516,None,space,None,None,441.0057067871094,text_34,101,3,Reading_Baseline_main_click,None,wurde,41,0,41,60,60,,,,,,,,,,,03,03,yes,no,no,2025-06-17_11h10.33.301,EXNAT_4_TMS_Psychopy2024.2.5.psyexp,2024.2.5,2025-06-17 11h10.51.554308 +0200,
0,0,0,0,0,0,0,,,,,,,,,#88BA3F,252.1141872406006,None,space,None,None,390.87843894958496,text_34,102,3,Reading_Baseline_main_click,None,schließlich,41,0,41,60,60,,,,,,,,,,,03,03,yes,no,no,2025-06-17_11h10.33.301,EXNAT_4_TMS_Psychopy2024.2.5.psyexp,2024.2.5,2025-06-17 11h10.51.554308 +0200,
0,0,0,0,0,0,0,,,,,,,,,#F989A2,252.54702806472778,None,space,None,None,406.022310256958,text_34,103,3,Reading_Baseline_main_click,None,mit,41,0,41,60,60,,,,,,,,,,,03,03,yes,no,no,2025-06-17_11h10.33.301,EXNAT_4_TMS_Psychopy2024.2.5.psyexp,2024.2.5,2025-06-17 11h10.51.554308 +0200,
0,0,0,0,0,0,0,,,,,,,,,#D292F3,252.99385857582092,None,space,None,None,631.148099899292,text_34,104,3,Reading_Baseline_main_click,None,dem,41,0,41,60,60,,,,,,,,,,,03,03,yes,no,no,2025-06-17_11h10.33.301,EXNAT_4_TMS_Psychopy2024.2.5.psyexp,2024.2.5,2025-06-17 11h10.51.554308 +0200,
0,0,0,0,0,0,0,,,,,,,,,#F989A2,253.66490936279297,None,space,None,None,375.99849700927734,text_34,105,3,Reading_Baseline_main_click,None,Titel,41,0,41,60,60,,,,,,,,,,,03,03,yes,no,no,2025-06-17_11h10.33.301,EXNAT_4_TMS_Psychopy2024.2.5.psyexp,2024.2.5,2025-06-17 11h10.51.554308 +0200,
0,0,0,0,0,0,0,,,,,,,,,#88BA3F,254.08249950408936,None,space,None,None,486.3579273223877,text_34,106,3,Reading_Baseline_main_click,None,""One,41,0,41,60,60,,,,,,,,,,,03,03,yes,no,no,2025-06-17_11h10.33.301,EXNAT_4_TMS_Psychopy2024.2.5.psyexp,2024.2.5,2025-06-17 11h10.51.554308 +0200,
0,0,0,0,0,0,0,,,,,,,,,#D292F3,254.60769248008728,None,space,None,None,489.2392158508301,text_34,107,3,Reading_Baseline_main_click,None,for,41,0,41,60,60,,,,,,,,,,,03,03,yes,no,no,2025-06-17_11h10.33.301,EXNAT_4_TMS_Psychopy2024.2.5.psyexp,2024.2.5,2025-06-17 11h10.51.554308 +0200,
0,0,0,0,0,0,0,,,,,,,,,#D292F3,255.13790202140808,None,space,None,None,598.9608764648438,text_34,108,3,Reading_Baseline_main_click,None,"Sorrow,",41,0,41,60,60,,,,,,,,,,,03,03,yes,no,no,2025-06-17_11h10.33.301,EXNAT_4_TMS_Psychopy2024.2.5.psyexp,2024.2.5,2025-06-17 11h10.51.554308 +0200,
0,0,0,0,0,0,0,,,,,,,,,#88BA3F,255.7746708393097,None,space,None,None,602.320671081543,text_34,109,3,Reading_Baseline_main_click,None,Two,42,0,42,60,60,255.83469152450562,,,,,,,,,,03,03,yes,no,no,2025-06-17_11h10.33.301,EXNAT_4_TMS_Psychopy2024.2.5.psyexp,2024.2.5,2025-06-17 11h10.51.554308 +0200,
0,0,0,0,0,0,0,,,,,,,,,#D292F3,256.4176137447357,None,space,None,None,535.1765155792236,text_34,110,3,Reading_Baseline_main_click,None,for,42,0,42,60,60,,,,,,,,,,,03,03,yes,no,no,2025-06-17_11h10.33.301,EXNAT_4_TMS_Psychopy2024.2.5.psyexp,2024.2.5,2025-06-17 11h10.51.554308 +0200,
0,0,0,0,0,0,0,,,,,,,,,#88BA3F,256.99457025527954,None,space,None,None,678.3390045166016,text_34,111,3,Reading_Baseline_main_click,None,Joy"",42,0,42,60,60,,,,,,,,,,,03,03,yes,no,no,2025-06-17_11h10.33.301,EXNAT_4_TMS_Psychopy2024.2.5.psyexp,2024.2.5,2025-06-17 11h10.51.554308 +0200,
0,0,0,0,0,0,0,,,,,,,,,#2AB7EF,257.71351170539856,None,space,None,None,583.3451747894287,text_34,112,3,Reading_Baseline_main_click,None,veröffentlicht.,42,0,42,60,60,,,,,,,,,,,03,03,yes,no,no,2025-06-17_11h10.33.301,EXNAT_4_TMS_Psychopy2024.2.5.psyexp,2024.2.5,2025-06-17 11h10.51.554308 +0200,
0,0,0,0,0,0,0,,,,,,,,,#2AB7EF,258.3340928554535,None,space,None,None,538.825273513794,text_34,113,3,Reading_Baseline_main_click,None,Schon,42,0,42,60,60,,,,,,,,,,,03,03,yes,no,no,2025-06-17_11h10.33.301,EXNAT_4_TMS_Psychopy2024.2.5.psyexp,2024.2.5,2025-06-17 11h10.51.554308 +0200,
0,0,0,0,0,0,0,,,,,,,,,#D292F3,258.9109811782837,None,space,None,None,521.8334197998047,text_34,114,3,Reading_Baseline_main_click,None,davor,42,0,42,60,60,,,,,,,,,,,03,03,yes,no,no,2025-06-17_11h10.33.301,EXNAT_4_TMS_Psychopy2024.2.5.psyexp,2024.2.5,2025-06-17 11h10.51.554308 +0200,
0,0,0,0,0,0,0,,,,,,,,,#F989A2,259.47029972076416,None,space,None,None,426.6378879547119,text_34,115,3,Reading_Baseline_main_click,None,hatte,42,0,42,60,60,,,,,,,,,,,03,03,yes,no,no,2025-06-17_11h10.33.301,EXNAT_4_TMS_Psychopy2024.2.5.psyexp,2024.2.5,2025-06-17 11h10.51.554308 +0200,
0,0,0,0,0,0,0,,,,,,,,,#F989A2,259.9380660057068,None,space,None,None,454.9238681793213,text_34,116,3,Reading_Baseline_main_click,None,sich,42,0,42,60,60,,,,,,,,,,,03,03,yes,no,no,2025-06-17_11h10.33.301,EXNAT_4_TMS_Psychopy2024.2.5.psyexp,2024.2.5,2025-06-17 11h10.51.554308 +0200,
0,0,0,0,0,0,0,,,,,,,,,#88BA3F,260.432576417923,None,space,None,None,440.3958320617676,text_34,117,3,Reading_Baseline_main_click,None,das,43,0,43,60,60,260.8347156047821,,,,,,,,,,03,03,yes,no,no,2025-06-17_11h10.33.301,EXNAT_4_TMS_Psychopy2024.2.5.psyexp,2024.2.5,2025-06-17 11h10.51.554308 +0200,
0,0,0,0,0,0,0,,,,,,,,,#D292F3,260.9151282310486,None,space,None,None,581.8319320678711,text_34,118,3,Reading_Baseline_main_click,None,Filmstudio,43,0,43,60,60,,,,,,,,,,,03,03,yes,no,no,2025-06-17_11h10.33.301,EXNAT_4_TMS_Psychopy2024.2.5.psyexp,2024.2.5,2025-06-17 11h10.51.554308 +0200,
0,0,0,0,0,0,0,,,,,,,,,#2AB7EF,261.5350911617279,None,space,None,None,633.8691711425781,text_34,119,3,Reading_Baseline_main_click,None,die,43,0,43,60,60,,,,,,,,,,,03,03,yes,no,no,2025-06-17_11h10.33.301,EXNAT_4_TMS_Psychopy2024.2.5.psyexp,2024.2.5,2025-06-17 11h10.51.554308 +0200,
0,0,0,0,0,0,0,,,,,,,,,#F989A2,262.2069568634033,None,space,None,None,52.55722999572754,text_34,120,3,Reading_Baseline_main_click,None,Rechte,43,0,43,60,60,,,,,,,,,,,03,03,yes,no,no,2025-06-17_11h10.33.301,EXNAT_4_TMS_Psychopy2024.2.5.psyexp,2024.2.5,2025-06-17 11h10.51.554308 +0200,
0,0,0,0,0,0,0,,,,,,,,,#D292F3,262.30930972099304,None,space,None,None,979.6710014343262,text_34,121,3,Reading_Baseline_main_click,None,am,43,0,43,60,60,,,,,,,,,,,03,03,yes,no,no,2025-06-17_11h10.33.301,EXNAT_4_TMS_Psychopy2024.2.5.psyexp,2024.2.5,2025-06-17 11h10.51.554308 +0200,
0,0,0,0,0,0,0,,,,,,,,,#F989A2,263.32603931427,None,space,None,None,906.9547653198242,text_34,122,3,Reading_Baseline_main_click,None,Buch,43,0,43,60,60,,,,,,,,,,,03,03,yes,no,no,2025-06-17_11h10.33.301,EXNAT_4_TMS_Psychopy2024.2.5.psyexp,2024.2.5,2025-06-17 11h10.51.554308 +0200,
0,0,0,0,0,0,0,,,,,,,,,#2AB7EF,264.270761013031,None,space,None,None,1130.2452087402344,text_34,123,3,Reading_Baseline_main_click,None,für,43,0,43,60,60,,,,,,,,,,,03,03,yes,no,no,2025-06-17_11h10.33.301,EXNAT_4_TMS_Psychopy2024.2.5.psyexp,2024.2.5,2025-06-17 11h10.51.554308 +0200,
0,0,0,0,0,0,0,,,,,,,,,#88BA3F,265.4408469200134,None,space,None,None,808.0108165740967,text_34,124,3,Reading_Baseline_main_click,None,eine,44,0,44,60,60,265.834753036499,,,,,,,,,,03,03,yes,no,no,2025-06-17_11h10.33.301,EXNAT_4_TMS_Psychopy2024.2.5.psyexp,2024.2.5,2025-06-17 11h10.51.554308 +0200,
0,0,0,0,0,0,0,,,,,,,,,#2AB7EF,266.2994194030762,None,space,None,None,541.5661334991455,text_34,125,3,Reading_Baseline_main_click,None,Summe,44,0,44,60,60,,,,,,,,,,,03,03,yes,no,no,2025-06-17_11h10.33.301,EXNAT_4_TMS_Psychopy2024.2.5.psyexp,2024.2.5,2025-06-17 11h10.51.554308 +0200,
0,0,0,0,0,0,0,,,,,,,,,#D292F3,266.8799374103546,None,space,None,None,569.0269470214844,text_34,126,3,Reading_Baseline_main_click,None,von,44,0,44,60,60,,,,,,,,,,,03,03,yes,no,no,2025-06-17_11h10.33.301,EXNAT_4_TMS_Psychopy2024.2.5.psyexp,2024.2.5,2025-06-17 11h10.51.554308 +0200,
0,0,0,0,0,0,0,,,,,,,,,#2AB7EF,267.48716139793396,None,space,None,None,457.78775215148926,text_34,127,3,Reading_Baseline_main_click,None,einer,44,0,44,60,60,,,,,,,,,,,03,03,yes,no,no,2025-06-17_11h10.33.301,EXNAT_4_TMS_Psychopy2024.2.5.psyexp,2024.2.5,2025-06-17 11h10.51.554308 +0200,
0,0,0,0,0,0,0,,,,,,,,,#F989A2,267.98600721359253,None,space,None,None,454.8332691192627,text_34,128,3,Reading_Baseline_main_click,None,Million,44,0,44,60,60,,,,,,,,,,,03,03,yes,no,no,2025-06-17_11h10.33.301,EXNAT_4_TMS_Psychopy2024.2.5.psyexp,2024.2.5,2025-06-17 11h10.51.554308 +0200,
0,0,0,0,0,0,0,,,,,,,,,#D292F3,268.4796450138092,None,space,None,None,441.2355422973633,text_34,129,3,Reading_Baseline_main_click,None,Dollar,44,0,44,60,60,,,,,,,,,,,03,03,yes,no,no,2025-06-17_11h10.33.301,EXNAT_4_TMS_Psychopy2024.2.5.psyexp,2024.2.5,2025-06-17 11h10.51.554308 +0200,
0,0,0,0,0,0,0,,,,,,,,,#D292F3,268.95978450775146,None,space,None,None,489.1090393066406,text_34,130,3,Reading_Baseline_main_click,None,gesichert.,44,0,44,60,60,,,,,,,,,,,03,03,yes,no,no,2025-06-17_11h10.33.301,EXNAT_4_TMS_Psychopy2024.2.5.psyexp,2024.2.5,2025-06-17 11h10.51.554308 +0200,
0,0,0,0,0,0,0,,,,,,,,,#88BA3F,269.48893880844116,None,space,None,None,1031.9595336914062,text_34,131,3,Reading_Baseline_main_click,None,"Woodall,",44,0,44,60,60,,,,,,,,,,,03,03,yes,no,no,2025-06-17_11h10.33.301,EXNAT_4_TMS_Psychopy2024.2.5.psyexp,2024.2.5,2025-06-17 11h10.51.554308 +0200,
0,0,0,0,0,0,0,,,,,,,,,#88BA3F,270.56180024147034,None,space,None,None,567.1920776367188,text_34,132,3,Reading_Baseline_main_click,None,der,45,0,45,60,60,270.8347284793854,,,,,,,,,,03,03,yes,no,no,2025-06-17_11h10.33.301,EXNAT_4_TMS_Psychopy2024.2.5.psyexp,2024.2.5,2025-06-17 11h10.51.554308 +0200,
0,0,0,0,0,0,0,,,,,,,,,#2AB7EF,271.1687867641449,None,space,None,None,456.2704563140869,text_34,133,3,Reading_Baseline_main_click,None,nach,45,0,45,60,60,,,,,,,,,,,03,03,yes,no,no,2025-06-17_11h10.33.301,EXNAT_4_TMS_Psychopy2024.2.5.psyexp,2024.2.5,2025-06-17 11h10.51.554308 +0200,
0,0,0,0,0,0,0,,,,,,,,,#F989A2,271.66598868370056,None,space,None,None,967.0560359954834,text_34,134,3,Reading_Baseline_main_click,None,wie,45,0,45,60,60,,,,,,,,,,,03,03,yes,no,no,2025-06-17_11h10.33.301,EXNAT_4_TMS_Psychopy2024.2.5.psyexp,2024.2.5,2025-06-17 11h10.51.554308 +0200,
0,0,0,0,0,0,0,,,,,,,,,#D292F3,272.6727788448334,None,space,None,None,440.0780200958252,text_34,135,3,Reading_Baseline_main_click,None,vor,45,0,45,60,60,,,,,,,,,,,03,03,yes,no,no,2025-06-17_11h10.33.301,EXNAT_4_TMS_Psychopy2024.2.5.psyexp,2024.2.5,2025-06-17 11h10.51.554308 +0200,
0,0,0,0,0,0,0,,,,,,,,,#88BA3F,273.1506333351135,None,space,None,None,810.3353977203369,text_34,136,3,Reading_Baseline_main_click,None,in,45,0,45,60,60,,,,,,,,,,,03,03,yes,no,no,2025-06-17_11h10.33.301,EXNAT_4_TMS_Psychopy2024.2.5.psyexp,2024.2.5,2025-06-17 11h10.51.554308 +0200,
0,0,0,0,0,0,0,,,,,,,,,#88BA3F,274.0022647380829,None,space,None,None,614.7134304046631,text_34,137,3,Reading_Baseline_main_click,None,Teilzeit,45,0,45,60,60,,,,,,,,,,,03,03,yes,no,no,2025-06-17_11h10.33.301,EXNAT_4_TMS_Psychopy2024.2.5.psyexp,2024.2.5,2025-06-17 11h10.51.554308 +0200,
0,0,0,0,0,0,0,,,,,,,,,#2AB7EF,274.65625166893005,None,space,None,None,632.7664852142334,text_34,138,3,Reading_Baseline_main_click,None,"arbeitet,",45,0,45,60,60,,,,,,,,,,,03,03,yes,no,no,2025-06-17_11h10.33.301,EXNAT_4_TMS_Psychopy2024.2.5.psyexp,2024.2.5,2025-06-17 11h10.51.554308 +0200,
0,0,0,0,0,0,0,,,,,,,,,#2AB7EF,275.33133149147034,None,space,None,None,901.714563369751,text_34,139,3,Reading_Baseline_main_click,None,schreibt,46,0,46,60,60,275.83477449417114,,,,,,,,,,03,03,yes,no,no,2025-06-17_11h10.33.301,EXNAT_4_TMS_Psychopy2024.2.5.psyexp,2024.2.5,2025-06-17 11h10.51.554308 +0200,
0,0,0,0,0,0,0,,,,,,,,,#D292F3,276.2725200653076,None,space,None,None,872.5178241729736,text_34,140,3,Reading_Baseline_main_click,None,bereits,46,0,46,60,60,,,,,,,,,,,03,03,yes,no,no,2025-06-17_11h10.33.301,EXNAT_4_TMS_Psychopy2024.2.5.psyexp,2024.2.5,2025-06-17 11h10.51.554308 +0200,
0,0,0,0,0,0,0,,,,,,,,,#D292F3,277.18541836738586,None,space,None,None,839.5984172821045,text_34,141,3,Reading_Baseline_main_click,None,an,46,0,46,60,60,,,,,,,,,,,03,03,yes,no,no,2025-06-17_11h10.33.301,EXNAT_4_TMS_Psychopy2024.2.5.psyexp,2024.2.5,2025-06-17 11h10.51.554308 +0200,
0,0,0,0,0,0,0,,,,,,,,,#F989A2,278.06421399116516,None,space,None,None,728.7547588348389,text_34,142,3,Reading_Baseline_main_click,None,einer,46,0,46,60,60,,,,,,,,,,,03,03,yes,no,no,2025-06-17_11h10.33.301,EXNAT_4_TMS_Psychopy2024.2.5.psyexp,2024.2.5,2025-06-17 11h10.51.554308 +0200,
0,0,0,0,0,0,0,,,,,,,,,#88BA3F,278.834924697876,None,space,None,None,806.006908416748,text_34,143,3,Reading_Baseline_main_click,None,Fortsetzung,46,0,46,60,60,,,,,,,,,,,03,03,yes,no,no,2025-06-17_11h10.33.301,EXNAT_4_TMS_Psychopy2024.2.5.psyexp,2024.2.5,2025-06-17 11h10.51.554308 +0200,
0,0,0,0,0,0,0,,,,,,,,,#F989A2,279.6803467273712,None,space,None,None,1000.629186630249,text_34,144,3,Reading_Baseline_main_click,None,mit,46,0,46,60,60,,,,,,,,,,,03,03,yes,no,no,2025-06-17_11h10.33.301,EXNAT_4_TMS_Psychopy2024.2.5.psyexp,2024.2.5,2025-06-17 11h10.51.554308 +0200,
0,0,0,0,0,0,0,,,,,,,,,#2AB7EF,280.7323040962219,None,space,None,None,716.5970802307129,text_34,145,3,Reading_Baseline_main_click,None,dem,47,0,47,60,60,280.8347489833832,,,,,,,,,,03,03,yes,no,no,2025-06-17_11h10.33.301,EXNAT_4_TMS_Psychopy2024.2.5.psyexp,2024.2.5,2025-06-17 11h10.51.554308 +0200,
0,0,0,0,0,0,0,,,,,,,,,#D292F3,281.50328612327576,None,space,None,None,425.6250858306885,text_34,146,3,Reading_Baseline_main_click,None,Titel,47,0,47,60,60,,,,,,,,,,,03,03,yes,no,no,2025-06-17_11h10.33.301,EXNAT_4_TMS_Psychopy2024.2.5.psyexp,2024.2.5,2025-06-17 11h10.51.554308 +0200,
0,0,0,0,0,0,0,,,,,,,,,#88BA3F,281.98240637779236,None,space,None,None,1066.387414932251,text_34,147,3,Reading_Baseline_main_click,None,""Seven,47,0,47,60,60,,,,,,,,,,,03,03,yes,no,no,2025-06-17_11h10.33.301,EXNAT_4_TMS_Psychopy2024.2.5.psyexp,2024.2.5,2025-06-17 11h10.51.554308 +0200,
0,0,0,0,0,0,0,,,,,,,,,#D292F3,283.1026523113251,None,space,None,None,650.242805480957,text_34,148,3,Reading_Baseline_main_click,None,for,47,0,47,60,60,,,,,,,,,,,03,03,yes,no,no,2025-06-17_11h10.33.301,EXNAT_4_TMS_Psychopy2024.2.5.psyexp,2024.2.5,2025-06-17 11h10.51.554308 +0200,
0,0,0,0,0,0,0,,,,,,,,,#88BA3F,283.8076140880585,None,space,None,None,649.3978500366211,text_34,149,3,Reading_Baseline_main_click,None,a,47,0,47,60,60,,,,,,,,,,,03,03,yes,no,no,2025-06-17_11h10.33.301,EXNAT_4_TMS_Psychopy2024.2.5.psyexp,2024.2.5,2025-06-17 11h10.51.554308 +0200,
0,0,0,0,0,0,0,,,,,,,,,#F989A2,284.5133786201477,None,space,None,None,631.6542625427246,text_34,150,3,Reading_Baseline_main_click,None,Secret"".,47,0,47,60,60,,,,,,,,,,,03,03,yes,no,no,2025-06-17_11h10.33.301,EXNAT_4_TMS_Psychopy2024.2.5.psyexp,2024.2.5,2025-06-17 11h10.51.554308 +0200,
0,0,0,0,0,0,0,,,,,,,,,,285.2086591720581,,3,,,,text_34,,3,Reading_Baseline_main_click,,,,,,,,,Q1,c,True,,,,,,,03,03,yes,no,no,2025-06-17_11h10.33.301,EXNAT_4_TMS_Psychopy2024.2.5.psyexp,2024.2.5,2025-06-17 11h10.51.554308 +0200,
0,0,0,0,0,0,0,,,,,,,,,,291.1487362384796,,2,,,,text_34,,3,Reading_Baseline_main_click,,,,,,,,,Q2,b,True,,,,,,,03,03,yes,no,no,2025-06-17_11h10.33.301,EXNAT_4_TMS_Psychopy2024.2.5.psyexp,2024.2.5,2025-06-17 11h10.51.554308 +0200,
0,0,0,0,0,0,0,,,,,,,,,,294.67535305023193,,1,,,,text_34,,3,Reading_Baseline_main_click,,,,,,,,,Q3,a,True,,,,,,,03,03,yes,no,no,2025-06-17_11h10.33.301,EXNAT_4_TMS_Psychopy2024.2.5.psyexp,2024.2.5,2025-06-17 11h10.51.554308 +0200,
0,0,0,0,0,0,0,,,,,,,,,#F989A2,303.48220205307007,None,space,None,None,590.8012390136719,text_40,1,4,Reading_Baseline_main_click,None,Catherine,48,0,48,60,60,303.53757095336914,,,,,,,,,,03,03,yes,no,no,2025-06-17_11h10.33.301,EXNAT_4_TMS_Psychopy2024.2.5.psyexp,2024.2.5,2025-06-17 11h10.51.554308 +0200,
0,0,0,0,0,0,0,,,,,,,,,#2AB7EF,304.10713744163513,None,space,None,None,701.7385959625244,text_40,2,4,Reading_Baseline_main_click,None,Conley,48,0,48,60,60,,,,,,,,,,,03,03,yes,no,no,2025-06-17_11h10.33.301,EXNAT_4_TMS_Psychopy2024.2.5.psyexp,2024.2.5,2025-06-17 11h10.51.554308 +0200,
0,0,0,0,0,0,0,,,,,,,,,#F989A2,304.84700322151184,None,space,None,None,553.978681564331,text_40,3,4,Reading_Baseline_main_click,None,arbeitet,48,0,48,60,60,,,,,,,,,,,03,03,yes,no,no,2025-06-17_11h10.33.301,EXNAT_4_TMS_Psychopy2024.2.5.psyexp,2024.2.5,2025-06-17 11h10.51.554308 +0200,
0,0,0,0,0,0,0,,,,,,,,,#2AB7EF,305.436856508255,None,space,None,None,380.07283210754395,text_40,4,4,Reading_Baseline_main_click,None,als,48,0,48,60,60,,,,,,,,,,,03,03,yes,no,no,2025-06-17_11h10.33.301,EXNAT_4_TMS_Psychopy2024.2.5.psyexp,2024.2.5,2025-06-17 11h10.51.554308 +0200,
0,0,0,0,0,0,0,,,,,,,,,#88BA3F,305.85613894462585,None,space,None,None,344.84004974365234,text_40,5,4,Reading_Baseline_main_click,None,""Planetary,48,0,48,60,60,,,,,,,,,,,03,03,yes,no,no,2025-06-17_11h10.33.301,EXNAT_4_TMS_Psychopy2024.2.5.psyexp,2024.2.5,2025-06-17 11h10.51.554308 +0200,
0,0,0,0,0,0,0,,,,,,,,,#88BA3F,306.2400281429291,None,space,None,None,728.9900779724121,text_40,6,4,Reading_Baseline_main_click,None,Protection,48,0,48,60,60,,,,,,,,,,,03,03,yes,no,no,2025-06-17_11h10.33.301,EXNAT_4_TMS_Psychopy2024.2.5.psyexp,2024.2.5,2025-06-17 11h10.51.554308 +0200,
0,0,0,0,0,0,0,,,,,,,,,#F989A2,307.01121377944946,None,space,None,None,549.8902797698975,text_40,7,4,Reading_Baseline_main_click,None,Officer"",48,0,48,60,60,,,,,,,,,,,03,03,yes,no,no,2025-06-17_11h10.33.301,EXNAT_4_TMS_Psychopy2024.2.5.psyexp,2024.2.5,2025-06-17 11h10.51.554308 +0200,
0,0,0,0,0,0,0,,,,,,,,,#D292F3,307.60061836242676,None,space,None,None,472.3176956176758,text_40,8,4,Reading_Baseline_main_click,None,bei,48,0,48,60,60,,,,,,,,,,,03,03,yes,no,no,2025-06-17_11h10.33.301,EXNAT_4_TMS_Psychopy2024.2.5.psyexp,2024.2.5,2025-06-17 11h10.51.554308 +0200,
0,0,0,0,0,0,0,,,,,,,,,#2AB7EF,308.11385583877563,None,space,None,None,487.1995449066162,text_40,9,4,Reading_Baseline_main_click,None,der,49,0,49,60,60,308.5375933647156,,,,,,,,,,03,03,yes,no,no,2025-06-17_11h10.33.301,EXNAT_4_TMS_Psychopy2024.2.5.psyexp,2024.2.5,2025-06-17 11h10.51.554308 +0200,
0,0,0,0,0,0,0,,,,,,,,,#88BA3F,308.63984537124634,None,space,None,None,441.04814529418945,text_40,10,4,Reading_Baseline_main_click,None,NASA.,49,0,49,60,60,,,,,,,,,,,03,03,yes,no,no,2025-06-17_11h10.33.301,EXNAT_4_TMS_Psychopy2024.2.5.psyexp,2024.2.5,2025-06-17 11h10.51.554308 +0200,
0,0,0,0,0,0,0,,,,,,,,,#D292F3,309.1202425956726,None,space,None,None,504.72378730773926,text_40,11,4,Reading_Baseline_main_click,None,Ihre,49,0,49,60,60,,,,,,,,,,,03,03,yes,no,no,2025-06-17_11h10.33.301,EXNAT_4_TMS_Psychopy2024.2.5.psyexp,2024.2.5,2025-06-17 11h10.51.554308 +0200,
0,0,0,0,0,0,0,,,,,,,,,#D292F3,309.66343545913696,None,space,None,None,409.46388244628906,text_40,12,4,Reading_Baseline_main_click,None,Aufgabe,49,0,49,60,60,,,,,,,,,,,03,03,yes,no,no,2025-06-17_11h10.33.301,EXNAT_4_TMS_Psychopy2024.2.5.psyexp,2024.2.5,2025-06-17 11h10.51.554308 +0200,
0,0,0,0,0,0,0,,,,,,,,,#D292F3,310.1112370491028,None,space,None,None,377.69055366516113,text_40,13,4,Reading_Baseline_main_click,None,ist,49,0,49,60,60,,,,,,,,,,,03,03,yes,no,no,2025-06-17_11h10.33.301,EXNAT_4_TMS_Psychopy2024.2.5.psyexp,2024.2.5,2025-06-17 11h10.51.554308 +0200,
0,0,0,0,0,0,0,,,,,,,,,#D292F3,310.5301628112793,None,space,None,None,406.76021575927734,text_40,14,4,Reading_Baseline_main_click,None,"es,",49,0,49,60,60,,,,,,,,,,,03,03,yes,no,no,2025-06-17_11h10.33.301,EXNAT_4_TMS_Psychopy2024.2.5.psyexp,2024.2.5,2025-06-17 11h10.51.554308 +0200,
0,0,0,0,0,0,0,,,,,,,,,#F989A2,310.97897505760193,None,space,None,None,342.0102596282959,text_40,15,4,Reading_Baseline_main_click,None,Raumsonden,49,0,49,60,60,,,,,,,,,,,03,03,yes,no,no,2025-06-17_11h10.33.301,EXNAT_4_TMS_Psychopy2024.2.5.psyexp,2024.2.5,2025-06-17 11h10.51.554308 +0200,
0,0,0,0,0,0,0,,,,,,,,,#2AB7EF,311.3611936569214,None,space,None,None,743.7598705291748,text_40,16,4,Reading_Baseline_main_click,None,möglichst,49,0,49,60,60,,,,,,,,,,,03,03,yes,no,no,2025-06-17_11h10.33.301,EXNAT_4_TMS_Psychopy2024.2.5.psyexp,2024.2.5,2025-06-17 11h10.51.554308 +0200,
0,0,0,0,0,0,0,,,,,,,,,#F989A2,312.14771580696106,None,space,None,None,629.2076110839844,text_40,17,4,Reading_Baseline_main_click,None,keimfrei,49,0,49,60,60,,,,,,,,,,,03,03,yes,no,no,2025-06-17_11h10.33.301,EXNAT_4_TMS_Psychopy2024.2.5.psyexp,2024.2.5,2025-06-17 11h10.51.554308 +0200,
0,0,0,0,0,0,0,,,,,,,,,#88BA3F,312.81487131118774,None,space,None,None,409.95264053344727,text_40,18,4,Reading_Baseline_main_click,None,zu,49,0,49,60,60,,,,,,,,,,,03,03,yes,no,no,2025-06-17_11h10.33.301,EXNAT_4_TMS_Psychopy2024.2.5.psyexp,2024.2.5,2025-06-17 11h10.51.554308 +0200,
0,0,0,0,0,0,0,,,,,,,,,#2AB7EF,313.26502537727356,None,space,None,None,376.0979175567627,text_40,19,4,Reading_Baseline_main_click,None,bekommen.,50,0,50,60,60,313.53760290145874,,,,,,,,,,03,03,yes,no,no,2025-06-17_11h10.33.301,EXNAT_4_TMS_Psychopy2024.2.5.psyexp,2024.2.5,2025-06-17 11h10.51.554308 +0200,
0,0,0,0,0,0,0,,,,,,,,,#D292F3,313.6788218021393,None,space,None,None,442.13080406188965,text_40,20,4,Reading_Baseline_main_click,None,So,50,0,50,60,60,,,,,,,,,,,03,03,yes,no,no,2025-06-17_11h10.33.301,EXNAT_4_TMS_Psychopy2024.2.5.psyexp,2024.2.5,2025-06-17 11h10.51.554308 +0200,
0,0,0,0,0,0,0,,,,,,,,,#88BA3F,314.1612985134125,None,space,None,None,359.70211029052734,text_40,21,4,Reading_Baseline_main_click,None,soll,50,0,50,60,60,,,,,,,,,,,03,03,yes,no,no,2025-06-17_11h10.33.301,EXNAT_4_TMS_Psychopy2024.2.5.psyexp,2024.2.5,2025-06-17 11h10.51.554308 +0200,
0,0,0,0,0,0,0,,,,,,,,,#F989A2,314.5612893104553,None,space,None,None,327.484130859375,text_40,22,4,Reading_Baseline_main_click,None,verhindert,50,0,50,60,60,,,,,,,,,,,03,03,yes,no,no,2025-06-17_11h10.33.301,EXNAT_4_TMS_Psychopy2024.2.5.psyexp,2024.2.5,2025-06-17 11h10.51.554308 +0200,
0,0,0,0,0,0,0,,,,,,,,,#2AB7EF,314.92775106430054,None,space,None,None,393.3234214782715,text_40,23,4,Reading_Baseline_main_click,None,"werden,",50,0,50,60,60,,,,,,,,,,,03,03,yes,no,no,2025-06-17_11h10.33.301,EXNAT_4_TMS_Psychopy2024.2.5.psyexp,2024.2.5,2025-06-17 11h10.51.554308 +0200,
0,0,0,0,0,0,0,,,,,,,,,#88BA3F,315.35677790641785,None,space,None,None,348.31738471984863,text_40,24,4,Reading_Baseline_main_click,None,dass,50,0,50,60,60,,,,,,,,,,,03,03,yes,no,no,2025-06-17_11h10.33.301,EXNAT_4_TMS_Psychopy2024.2.5.psyexp,2024.2.5,2025-06-17 11h10.51.554308 +0200,
0,0,0,0,0,0,0,,,,,,,,,#D292F3,315.74436497688293,None,space,None,None,360.6142997741699,text_40,25,4,Reading_Baseline_main_click,None,Keime,50,0,50,60,60,,,,,,,,,,,03,03,yes,no,no,2025-06-17_11h10.33.301,EXNAT_4_TMS_Psychopy2024.2.5.psyexp,2024.2.5,2025-06-17 11h10.51.554308 +0200,
0,0,0,0,0,0,0,,,,,,,,,#F989A2,316.1427881717682,None,space,None,None,346.06289863586426,text_40,26,4,Reading_Baseline_main_click,None,von,50,0,50,60,60,,,,,,,,,,,03,03,yes,no,no,2025-06-17_11h10.33.301,EXNAT_4_TMS_Psychopy2024.2.5.psyexp,2024.2.5,2025-06-17 11h10.51.554308 +0200,
0,0,0,0,0,0,0,,,,,,,,,#2AB7EF,316.52813744544983,None,space,None,None,344.97833251953125,text_40,27,4,Reading_Baseline_main_click,None,der,50,0,50,60,60,,,,,,,,,,,03,03,yes,no,no,2025-06-17_11h10.33.301,EXNAT_4_TMS_Psychopy2024.2.5.psyexp,2024.2.5,2025-06-17 11h10.51.554308 +0200,
0,0,0,0,0,0,0,,,,,,,,,#88BA3F,316.9122977256775,None,space,None,None,328.7932872772217,text_40,28,4,Reading_Baseline_main_click,None,Erde,50,0,50,60,60,,,,,,,,,,,03,03,yes,no,no,2025-06-17_11h10.33.301,EXNAT_4_TMS_Psychopy2024.2.5.psyexp,2024.2.5,2025-06-17 11h10.51.554308 +0200,
0,0,0,0,0,0,0,,,,,,,,,#88BA3F,317.2798275947571,None,space,None,None,329.1022777557373,text_40,29,4,Reading_Baseline_main_click,None,auf,50,0,50,60,60,,,,,,,,,,,03,03,yes,no,no,2025-06-17_11h10.33.301,EXNAT_4_TMS_Psychopy2024.2.5.psyexp,2024.2.5,2025-06-17 11h10.51.554308 +0200,
0,0,0,0,0,0,0,,,,,,,,,#F989A2,317.6482789516449,None,space,None,None,344.6626663208008,text_40,30,4,Reading_Baseline_main_click,None,andere,50,0,50,60,60,,,,,,,,,,,03,03,yes,no,no,2025-06-17_11h10.33.301,EXNAT_4_TMS_Psychopy2024.2.5.psyexp,2024.2.5,2025-06-17 11h10.51.554308 +0200,
0,0,0,0,0,0,0,,,,,,,,,#F989A2,318.03196907043457,None,space,None,None,329.2222023010254,text_40,31,4,Reading_Baseline_main_click,None,Planeten,50,0,50,60,60,,,,,,,,,,,03,03,yes,no,no,2025-06-17_11h10.33.301,EXNAT_4_TMS_Psychopy2024.2.5.psyexp,2024.2.5,2025-06-17 11h10.51.554308 +0200,
0,0,0,0,0,0,0,,,,,,,,,#2AB7EF,318.40167236328125,None,space,None,None,359.51828956604004,text_40,32,4,Reading_Baseline_main_click,None,gelangen.,51,0,51,60,60,318.53758549690247,,,,,,,,,,03,03,yes,no,no,2025-06-17_11h10.33.301,EXNAT_4_TMS_Psychopy2024.2.5.psyexp,2024.2.5,2025-06-17 11h10.51.554308 +0200,
0,0,0,0,0,0,0,,,,,,,,,#2AB7EF,318.8018550872803,None,space,None,None,407.34267234802246,text_40,33,4,Reading_Baseline_main_click,None,Auch,51,0,51,60,60,,,,,,,,,,,03,03,yes,no,no,2025-06-17_11h10.33.301,EXNAT_4_TMS_Psychopy2024.2.5.psyexp,2024.2.5,2025-06-17 11h10.51.554308 +0200,
0,0,0,0,0,0,0,,,,,,,,,#D292F3,319.24844312667847,None,space,None,None,344.56396102905273,text_40,34,4,Reading_Baseline_main_click,None,umgekehrt,51,0,51,60,60,,,,,,,,,,,03,03,yes,no,no,2025-06-17_11h10.33.301,EXNAT_4_TMS_Psychopy2024.2.5.psyexp,2024.2.5,2025-06-17 11h10.51.554308 +0200,
0,0,0,0,0,0,0,,,,,,,,,#88BA3F,319.63261461257935,None,space,None,None,360.3649139404297,text_40,35,4,Reading_Baseline_main_click,None,soll,51,0,51,60,60,,,,,,,,,,,03,03,yes,no,no,2025-06-17_11h10.33.301,EXNAT_4_TMS_Psychopy2024.2.5.psyexp,2024.2.5,2025-06-17 11h10.51.554308 +0200,
0,0,0,0,0,0,0,,,,,,,,,#D292F3,320.03393149375916,None,space,None,None,327.12388038635254,text_40,36,4,Reading_Baseline_main_click,None,kein,51,0,51,60,60,,,,,,,,,,,03,03,yes,no,no,2025-06-17_11h10.33.301,EXNAT_4_TMS_Psychopy2024.2.5.psyexp,2024.2.5,2025-06-17 11h10.51.554308 +0200,
0,0,0,0,0,0,0,,,,,,,,,#2AB7EF,320.40081238746643,None,space,None,None,408.22291374206543,text_40,37,4,Reading_Baseline_main_click,None,fremdes,51,0,51,60,60,,,,,,,,,,,03,03,yes,no,no,2025-06-17_11h10.33.301,EXNAT_4_TMS_Psychopy2024.2.5.psyexp,2024.2.5,2025-06-17 11h10.51.554308 +0200,
0,0,0,0,0,0,0,,,,,,,,,#2AB7EF,320.8489828109741,None,space,None,None,344.0532684326172,text_40,38,4,Reading_Baseline_main_click,None,Leben,51,0,51,60,60,,,,,,,,,,,03,03,yes,no,no,2025-06-17_11h10.33.301,EXNAT_4_TMS_Psychopy2024.2.5.psyexp,2024.2.5,2025-06-17 11h10.51.554308 +0200,
0,0,0,0,0,0,0,,,,,,,,,#2AB7EF,321.23252749443054,None,space,None,None,360.45384407043457,text_40,39,4,Reading_Baseline_main_click,None,unkontrolliert,51,0,51,60,60,,,,,,,,,,,03,03,yes,no,no,2025-06-17_11h10.33.301,EXNAT_4_TMS_Psychopy2024.2.5.psyexp,2024.2.5,2025-06-17 11h10.51.554308 +0200,
0,0,0,0,0,0,0,,,,,,,,,#D292F3,321.6332051753998,None,space,None,None,519.8073387145996,text_40,40,4,Reading_Baseline_main_click,None,zurückgebracht,51,0,51,60,60,,,,,,,,,,,03,03,yes,no,no,2025-06-17_11h10.33.301,EXNAT_4_TMS_Psychopy2024.2.5.psyexp,2024.2.5,2025-06-17 11h10.51.554308 +0200,
0,0,0,0,0,0,0,,,,,,,,,#D292F3,322.1917724609375,None,space,None,None,361.16790771484375,text_40,41,4,Reading_Baseline_main_click,None,werden.,51,0,51,60,60,,,,,,,,,,,03,03,yes,no,no,2025-06-17_11h10.33.301,EXNAT_4_TMS_Psychopy2024.2.5.psyexp,2024.2.5,2025-06-17 11h10.51.554308 +0200,
0,0,0,0,0,0,0,,,,,,,,,#F989A2,322.5900659561157,None,space,None,None,378.83687019348145,text_40,42,4,Reading_Baseline_main_click,None,Ein,51,0,51,60,60,,,,,,,,,,,03,03,yes,no,no,2025-06-17_11h10.33.301,EXNAT_4_TMS_Psychopy2024.2.5.psyexp,2024.2.5,2025-06-17 11h10.51.554308 +0200,
0,0,0,0,0,0,0,,,,,,,,,#F989A2,323.0074872970581,None,space,None,None,345.58701515197754,text_40,43,4,Reading_Baseline_main_click,None,aktuelles,51,0,51,60,60,,,,,,,,,,,03,03,yes,no,no,2025-06-17_11h10.33.301,EXNAT_4_TMS_Psychopy2024.2.5.psyexp,2024.2.5,2025-06-17 11h10.51.554308 +0200,
0,0,0,0,0,0,0,,,,,,,,,#F989A2,323.39522409439087,None,space,None,None,325.789213180542,text_40,44,4,Reading_Baseline_main_click,None,Beispiel,52,0,52,60,60,323.5375928878784,,,,,,,,,,03,03,yes,no,no,2025-06-17_11h10.33.301,EXNAT_4_TMS_Psychopy2024.2.5.psyexp,2024.2.5,2025-06-17 11h10.51.554308 +0200,
0,0,0,0,0,0,0,,,,,,,,,#88BA3F,323.760915517807,None,space,None,None,552.1516799926758,text_40,45,4,Reading_Baseline_main_click,None,ist,52,0,52,60,60,,,,,,,,,,,03,03,yes,no,no,2025-06-17_11h10.33.301,EXNAT_4_TMS_Psychopy2024.2.5.psyexp,2024.2.5,2025-06-17 11h10.51.554308 +0200,
0,0,0,0,0,0,0,,,,,,,,,#2AB7EF,324.3513584136963,None,space,None,None,329.66065406799316,text_40,46,4,Reading_Baseline_main_click,None,die,52,0,52,60,60,,,,,,,,,,,03,03,yes,no,no,2025-06-17_11h10.33.301,EXNAT_4_TMS_Psychopy2024.2.5.psyexp,2024.2.5,2025-06-17 11h10.51.554308 +0200,
0,0,0,0,0,0,0,,,,,,,,,#88BA3F,324.72077798843384,None,space,None,None,392.1089172363281,text_40,47,4,Reading_Baseline_main_click,None,Mars-Sonde,52,0,52,60,60,,,,,,,,,,,03,03,yes,no,no,2025-06-17_11h10.33.301,EXNAT_4_TMS_Psychopy2024.2.5.psyexp,2024.2.5,2025-06-17 11h10.51.554308 +0200,
0,0,0,0,0,0,0,,,,,,,,,#D292F3,325.15390396118164,None,space,None,None,807.1689605712891,text_40,48,4,Reading_Baseline_main_click,None,""Phoenix"".,52,0,52,60,60,,,,,,,,,,,03,03,yes,no,no,2025-06-17_11h10.33.301,EXNAT_4_TMS_Psychopy2024.2.5.psyexp,2024.2.5,2025-06-17 11h10.51.554308 +0200,
0,0,0,0,0,0,0,,,,,,,,,#2AB7EF,326.00214171409607,None,space,None,None,486.9272708892822,text_40,49,4,Reading_Baseline_main_click,None,Ihr,52,0,52,60,60,,,,,,,,,,,03,03,yes,no,no,2025-06-17_11h10.33.301,EXNAT_4_TMS_Psychopy2024.2.5.psyexp,2024.2.5,2025-06-17 11h10.51.554308 +0200,
0,0,0,0,0,0,0,,,,,,,,,#2AB7EF,326.5288157463074,None,space,None,None,440.2451515197754,text_40,50,4,Reading_Baseline_main_click,None,Roboterarm,52,0,52,60,60,,,,,,,,,,,03,03,yes,no,no,2025-06-17_11h10.33.301,EXNAT_4_TMS_Psychopy2024.2.5.psyexp,2024.2.5,2025-06-17 11h10.51.554308 +0200,
0,0,0,0,0,0,0,,,,,,,,,#2AB7EF,327.0106499195099,None,space,None,None,486.3777160644531,text_40,51,4,Reading_Baseline_main_click,None,wurde,52,0,52,60,60,,,,,,,,,,,03,03,yes,no,no,2025-06-17_11h10.33.301,EXNAT_4_TMS_Psychopy2024.2.5.psyexp,2024.2.5,2025-06-17 11h10.51.554308 +0200,
0,0,0,0,0,0,0,,,,,,,,,#F989A2,327.5377914905548,None,space,None,None,503.1707286834717,text_40,52,4,Reading_Baseline_main_click,None,mit,52,0,52,60,60,,,,,,,,,,,03,03,yes,no,no,2025-06-17_11h10.33.301,EXNAT_4_TMS_Psychopy2024.2.5.psyexp,2024.2.5,2025-06-17 11h10.51.554308 +0200,
0,0,0,0,0,0,0,,,,,,,,,#D292F3,328.08214473724365,None,space,None,None,422.9617118835449,text_40,53,4,Reading_Baseline_main_click,None,Alkohol,52,0,52,60,60,,,,,,,,,,,03,03,yes,no,no,2025-06-17_11h10.33.301,EXNAT_4_TMS_Psychopy2024.2.5.psyexp,2024.2.5,2025-06-17 11h10.51.554308 +0200,
0,0,0,0,0,0,0,,,,,,,,,#88BA3F,328.5457718372345,None,space,None,None,423.08568954467773,text_40,54,4,Reading_Baseline_main_click,None,gereinigt,53,0,53,60,60,328.5994448661804,,,,,,,,,,03,03,yes,no,no,2025-06-17_11h10.33.301,EXNAT_4_TMS_Psychopy2024.2.5.psyexp,2024.2.5,2025-06-17 11h10.51.554308 +0200,
0,0,0,0,0,0,0,,,,,,,,,#D292F3,329.0083017349243,None,space,None,None,424.846887588501,text_40,55,4,Reading_Baseline_main_click,None,und,53,0,53,60,60,,,,,,,,,,,03,03,yes,no,no,2025-06-17_11h10.33.301,EXNAT_4_TMS_Psychopy2024.2.5.psyexp,2024.2.5,2025-06-17 11h10.51.554308 +0200,
0,0,0,0,0,0,0,,,,,,,,,#88BA3F,329.47251987457275,None,space,None,None,376.5699863433838,text_40,56,4,Reading_Baseline_main_click,None,stark,53,0,53,60,60,,,,,,,,,,,03,03,yes,no,no,2025-06-17_11h10.33.301,EXNAT_4_TMS_Psychopy2024.2.5.psyexp,2024.2.5,2025-06-17 11h10.51.554308 +0200,
0,0,0,0,0,0,0,,,,,,,,,#F989A2,329.8895688056946,None,space,None,None,599.4369983673096,text_40,57,4,Reading_Baseline_main_click,None,erhitzt.,53,0,53,60,60,,,,,,,,,,,03,03,yes,no,no,2025-06-17_11h10.33.301,EXNAT_4_TMS_Psychopy2024.2.5.psyexp,2024.2.5,2025-06-17 11h10.51.554308 +0200,
0,0,0,0,0,0,0,,,,,,,,,#D292F3,330.5294053554535,None,space,None,None,455.7013511657715,text_40,58,4,Reading_Baseline_main_click,None,So,53,0,53,60,60,,,,,,,,,,,03,03,yes,no,no,2025-06-17_11h10.33.301,EXNAT_4_TMS_Psychopy2024.2.5.psyexp,2024.2.5,2025-06-17 11h10.51.554308 +0200,
0,0,0,0,0,0,0,,,,,,,,,#88BA3F,331.02357602119446,None,space,None,None,441.56837463378906,text_40,59,4,Reading_Baseline_main_click,None,wollte,53,0,53,60,60,,,,,,,,,,,03,03,yes,no,no,2025-06-17_11h10.33.301,EXNAT_4_TMS_Psychopy2024.2.5.psyexp,2024.2.5,2025-06-17 11h10.51.554308 +0200,
0,0,0,0,0,0,0,,,,,,,,,#F989A2,331.50562858581543,None,space,None,None,439.328670501709,text_40,60,4,Reading_Baseline_main_click,None,man,53,0,53,60,60,,,,,,,,,,,03,03,yes,no,no,2025-06-17_11h10.33.301,EXNAT_4_TMS_Psychopy2024.2.5.psyexp,2024.2.5,2025-06-17 11h10.51.554308 +0200,
0,0,0,0,0,0,0,,,,,,,,,#D292F3,331.98272824287415,None,space,None,None,378.0221939086914,text_40,61,4,Reading_Baseline_main_click,None,fast,53,0,53,60,60,,,,,,,,,,,03,03,yes,no,no,2025-06-17_11h10.33.301,EXNAT_4_TMS_Psychopy2024.2.5.psyexp,2024.2.5,2025-06-17 11h10.51.554308 +0200,
0,0,0,0,0,0,0,,,,,,,,,#88BA3F,332.40198826789856,None,space,None,None,518.9874172210693,text_40,62,4,Reading_Baseline_main_click,None,alle,53,0,53,60,60,,,,,,,,,,,03,03,yes,no,no,2025-06-17_11h10.33.301,EXNAT_4_TMS_Psychopy2024.2.5.psyexp,2024.2.5,2025-06-17 11h10.51.554308 +0200,
0,0,0,0,0,0,0,,,,,,,,,#D292F3,332.9602608680725,None,space,None,None,408.83851051330566,text_40,63,4,Reading_Baseline_main_click,None,Keime,53,0,53,60,60,,,,,,,,,,,03,03,yes,no,no,2025-06-17_11h10.33.301,EXNAT_4_TMS_Psychopy2024.2.5.psyexp,2024.2.5,2025-06-17 11h10.51.554308 +0200,
0,0,0,0,0,0,0,,,,,,,,,#F989A2,333.40803122520447,None,space,None,None,440.9513473510742,text_40,64,4,Reading_Baseline_main_click,None,entfernen.,54,0,54,60,60,333.5994358062744,,,,,,,,,,03,03,yes,no,no,2025-06-17_11h10.33.301,EXNAT_4_TMS_Psychopy2024.2.5.psyexp,2024.2.5,2025-06-17 11h10.51.554308 +0200,
0,0,0,0,0,0,0,,,,,,,,,#F989A2,333.8897862434387,None,space,None,None,423.3672618865967,text_40,65,4,Reading_Baseline_main_click,None,Dennoch,54,0,54,60,60,,,,,,,,,,,03,03,yes,no,no,2025-06-17_11h10.33.301,EXNAT_4_TMS_Psychopy2024.2.5.psyexp,2024.2.5,2025-06-17 11h10.51.554308 +0200,
0,0,0,0,0,0,0,,,,,,,,,#2AB7EF,334.3522791862488,None,space,None,None,360.64624786376953,text_40,66,4,Reading_Baseline_main_click,None,zweifeln,54,0,54,60,60,,,,,,,,,,,03,03,yes,no,no,2025-06-17_11h10.33.301,EXNAT_4_TMS_Psychopy2024.2.5.psyexp,2024.2.5,2025-06-17 11h10.51.554308 +0200,
0,0,0,0,0,0,0,,,,,,,,,#88BA3F,334.7525634765625,None,space,None,None,376.4054775238037,text_40,67,4,Reading_Baseline_main_click,None,Fachleute,54,0,54,60,60,,,,,,,,,,,03,03,yes,no,no,2025-06-17_11h10.33.301,EXNAT_4_TMS_Psychopy2024.2.5.psyexp,2024.2.5,2025-06-17 11h10.51.554308 +0200,
0,0,0,0,0,0,0,,,,,,,,,#D292F3,335.16800713539124,None,space,None,None,360.9025478363037,text_40,68,4,Reading_Baseline_main_click,None,wie,54,0,54,60,60,,,,,,,,,,,03,03,yes,no,no,2025-06-17_11h10.33.301,EXNAT_4_TMS_Psychopy2024.2.5.psyexp,2024.2.5,2025-06-17 11h10.51.554308 +0200,
0,0,0,0,0,0,0,,,,,,,,,#2AB7EF,335.56820917129517,None,space,None,None,360.87918281555176,text_40,69,4,Reading_Baseline_main_click,None,Reinhard,54,0,54,60,60,,,,,,,,,,,03,03,yes,no,no,2025-06-17_11h10.33.301,EXNAT_4_TMS_Psychopy2024.2.5.psyexp,2024.2.5,2025-06-17 11h10.51.554308 +0200,
0,0,0,0,0,0,0,,,,,,,,,#F989A2,335.9696969985962,None,space,None,None,375.1070499420166,text_40,70,4,Reading_Baseline_main_click,None,"Wirth,",54,0,54,60,60,,,,,,,,,,,03,03,yes,no,no,2025-06-17_11h10.33.301,EXNAT_4_TMS_Psychopy2024.2.5.psyexp,2024.2.5,2025-06-17 11h10.51.554308 +0200,
0,0,0,0,0,0,0,,,,,,,,,#2AB7EF,336.38453435897827,None,space,None,None,472.2790718078613,text_40,71,4,Reading_Baseline_main_click,None,ob,54,0,54,60,60,,,,,,,,,,,03,03,yes,no,no,2025-06-17_11h10.33.301,EXNAT_4_TMS_Psychopy2024.2.5.psyexp,2024.2.5,2025-06-17 11h10.51.554308 +0200,
0,0,0,0,0,0,0,,,,,,,,,#88BA3F,336.89697456359863,None,space,None,None,360.109806060791,text_40,72,4,Reading_Baseline_main_click,None,diese,54,0,54,60,60,,,,,,,,,,,03,03,yes,no,no,2025-06-17_11h10.33.301,EXNAT_4_TMS_Psychopy2024.2.5.psyexp,2024.2.5,2025-06-17 11h10.51.554308 +0200,
0,0,0,0,0,0,0,,,,,,,,,#F989A2,337.29754400253296,None,space,None,None,311.42139434814453,text_40,73,4,Reading_Baseline_main_click,None,Maßnahmen,54,0,54,60,60,,,,,,,,,,,03,03,yes,no,no,2025-06-17_11h10.33.301,EXNAT_4_TMS_Psychopy2024.2.5.psyexp,2024.2.5,2025-06-17 11h10.51.554308 +0200,
0,0,0,0,0,0,0,,,,,,,,,#D292F3,337.6487205028534,None,space,None,None,360.1686954498291,text_40,74,4,Reading_Baseline_main_click,None,ausreichend,54,0,54,60,60,,,,,,,,,,,03,03,yes,no,no,2025-06-17_11h10.33.301,EXNAT_4_TMS_Psychopy2024.2.5.psyexp,2024.2.5,2025-06-17 11h10.51.554308 +0200,
0,0,0,0,0,0,0,,,,,,,,,#F989A2,338.0502688884735,None,space,None,None,390.66410064697266,text_40,75,4,Reading_Baseline_main_click,None,sind:,54,0,54,60,60,,,,,,,,,,,03,03,yes,no,no,2025-06-17_11h10.33.301,EXNAT_4_TMS_Psychopy2024.2.5.psyexp,2024.2.5,2025-06-17 11h10.51.554308 +0200,
0,0,0,0,0,0,0,,,,,,,,,#88BA3F,338.4796917438507,None,space,None,None,441.23053550720215,text_40,76,4,Reading_Baseline_main_click,None,""Manche,55,0,55,60,60,338.59949707984924,,,,,,,,,,03,03,yes,no,no,2025-06-17_11h10.33.301,EXNAT_4_TMS_Psychopy2024.2.5.psyexp,2024.2.5,2025-06-17 11h10.51.554308 +0200,
0,0,0,0,0,0,0,,,,,,,,,#88BA3F,338.96273016929626,None,space,None,None,326.0324001312256,text_40,77,4,Reading_Baseline_main_click,None,Keime,55,0,55,60,60,,,,,,,,,,,03,03,yes,no,no,2025-06-17_11h10.33.301,EXNAT_4_TMS_Psychopy2024.2.5.psyexp,2024.2.5,2025-06-17 11h10.51.554308 +0200,
0,0,0,0,0,0,0,,,,,,,,,#D292F3,339.32867312431335,None,space,None,None,392.27747917175293,text_40,78,4,Reading_Baseline_main_click,None,sind,55,0,55,60,60,,,,,,,,,,,03,03,yes,no,no,2025-06-17_11h10.33.301,EXNAT_4_TMS_Psychopy2024.2.5.psyexp,2024.2.5,2025-06-17 11h10.51.554308 +0200,
0,0,0,0,0,0,0,,,,,,,,,#D292F3,339.7597064971924,None,space,None,None,361.21153831481934,text_40,79,4,Reading_Baseline_main_click,None,robust,55,0,55,60,60,,,,,,,,,,,03,03,yes,no,no,2025-06-17_11h10.33.301,EXNAT_4_TMS_Psychopy2024.2.5.psyexp,2024.2.5,2025-06-17 11h10.51.554308 +0200,
0,0,0,0,0,0,0,,,,,,,,,#2AB7EF,340.1587975025177,None,space,None,None,362.18810081481934,text_40,80,4,Reading_Baseline_main_click,None,und,55,0,55,60,60,,,,,,,,,,,03,03,yes,no,no,2025-06-17_11h10.33.301,EXNAT_4_TMS_Psychopy2024.2.5.psyexp,2024.2.5,2025-06-17 11h10.51.554308 +0200,
0,0,0,0,0,0,0,,,,,,,,,#2AB7EF,340.55815172195435,None,space,None,None,362.839937210083,text_40,81,4,Reading_Baseline_main_click,None,können,55,0,55,60,60,,,,,,,,,,,03,03,yes,no,no,2025-06-17_11h10.33.301,EXNAT_4_TMS_Psychopy2024.2.5.psyexp,2024.2.5,2025-06-17 11h10.51.554308 +0200,
0,0,0,0,0,0,0,,,,,,,,,#F989A2,340.96004724502563,None,space,None,None,328.899621963501,text_40,82,4,Reading_Baseline_main_click,None,oft,55,0,55,60,60,,,,,,,,,,,03,03,yes,no,no,2025-06-17_11h10.33.301,EXNAT_4_TMS_Psychopy2024.2.5.psyexp,2024.2.5,2025-06-17 11h10.51.554308 +0200,
0,0,0,0,0,0,0,,,,,,,,,#2AB7EF,341.32876324653625,None,space,None,None,376.265287399292,text_40,83,4,Reading_Baseline_main_click,None,viele,55,0,55,60,60,,,,,,,,,,,03,03,yes,no,no,2025-06-17_11h10.33.301,EXNAT_4_TMS_Psychopy2024.2.5.psyexp,2024.2.5,2025-06-17 11h10.51.554308 +0200,
0,0,0,0,0,0,0,,,,,,,,,#88BA3F,341.7418100833893,None,space,None,None,411.17191314697266,text_40,84,4,Reading_Baseline_main_click,None,Jahre,55,0,55,60,60,,,,,,,,,,,03,03,yes,no,no,2025-06-17_11h10.33.301,EXNAT_4_TMS_Psychopy2024.2.5.psyexp,2024.2.5,2025-06-17 11h10.51.554308 +0200,
0,0,0,0,0,0,0,,,,,,,,,#D292F3,342.1928026676178,None,space,None,None,408.1871509552002,text_40,85,4,Reading_Baseline_main_click,None,überleben."",55,0,55,60,60,,,,,,,,,,,03,03,yes,no,no,2025-06-17_11h10.33.301,EXNAT_4_TMS_Psychopy2024.2.5.psyexp,2024.2.5,2025-06-17 11h10.51.554308 +0200,
0,0,0,0,0,0,0,,,,,,,,,#88BA3F,342.64023661613464,None,space,None,None,376.828670501709,text_40,86,4,Reading_Baseline_main_click,None,Er,55,0,55,60,60,,,,,,,,,,,03,03,yes,no,no,2025-06-17_11h10.33.301,EXNAT_4_TMS_Psychopy2024.2.5.psyexp,2024.2.5,2025-06-17 11h10.51.554308 +0200,
0,0,0,0,0,0,0,,,,,,,,,#F989A2,343.05442690849304,None,space,None,None,346.52018547058105,text_40,87,4,Reading_Baseline_main_click,None,fordert,55,0,55,60,60,,,,,,,,,,,03,03,yes,no,no,2025-06-17_11h10.33.301,EXNAT_4_TMS_Psychopy2024.2.5.psyexp,2024.2.5,2025-06-17 11h10.51.554308 +0200,
0,0,0,0,0,0,0,,,,,,,,,#2AB7EF,343.44105434417725,None,space,None,None,343.9066410064697,text_40,88,4,Reading_Baseline_main_click,None,daher,56,0,56,60,60,343.5994641780853,,,,,,,,,,03,03,yes,no,no,2025-06-17_11h10.33.301,EXNAT_4_TMS_Psychopy2024.2.5.psyexp,2024.2.5,2025-06-17 11h10.51.554308 +0200,
0,0,0,0,0,0,0,,,,,,,,,#F989A2,343.82583594322205,None,space,None,None,342.91839599609375,text_40,89,4,Reading_Baseline_main_click,None,strengere,56,0,56,60,60,,,,,,,,,,,03,03,yes,no,no,2025-06-17_11h10.33.301,EXNAT_4_TMS_Psychopy2024.2.5.psyexp,2024.2.5,2025-06-17 11h10.51.554308 +0200,
0,0,0,0,0,0,0,,,,,,,,,#D292F3,344.21191239356995,None,space,None,None,612.9765510559082,text_40,90,4,Reading_Baseline_main_click,None,Sicherheitsmaßnahmen.,56,0,56,60,60,,,,,,,,,,,03,03,yes,no,no,2025-06-17_11h10.33.301,EXNAT_4_TMS_Psychopy2024.2.5.psyexp,2024.2.5,2025-06-17 11h10.51.554308 +0200,
0,0,0,0,0,0,0,,,,,,,,,#88BA3F,344.865838766098,None,space,None,None,391.11781120300293,text_40,91,4,Reading_Baseline_main_click,None,Die,56,0,56,60,60,,,,,,,,,,,03,03,yes,no,no,2025-06-17_11h10.33.301,EXNAT_4_TMS_Psychopy2024.2.5.psyexp,2024.2.5,2025-06-17 11h10.51.554308 +0200,
0,0,0,0,0,0,0,,,,,,,,,#F989A2,345.2976670265198,None,space,None,None,343.2917594909668,text_40,92,4,Reading_Baseline_main_click,None,Offizierin,56,0,56,60,60,,,,,,,,,,,03,03,yes,no,no,2025-06-17_11h10.33.301,EXNAT_4_TMS_Psychopy2024.2.5.psyexp,2024.2.5,2025-06-17 11h10.51.554308 +0200,
0,0,0,0,0,0,0,,,,,,,,,#88BA3F,345.67989683151245,None,space,None,None,761.0409259796143,text_40,93,4,Reading_Baseline_main_click,None,Conley,56,0,56,60,60,,,,,,,,,,,03,03,yes,no,no,2025-06-17_11h10.33.301,EXNAT_4_TMS_Psychopy2024.2.5.psyexp,2024.2.5,2025-06-17 11h10.51.554308 +0200,
0,0,0,0,0,0,0,,,,,,,,,#2AB7EF,346.48184418678284,None,space,None,None,487.14518547058105,text_40,94,4,Reading_Baseline_main_click,None,hingegen,56,0,56,60,60,,,,,,,,,,,03,03,yes,no,no,2025-06-17_11h10.33.301,EXNAT_4_TMS_Psychopy2024.2.5.psyexp,2024.2.5,2025-06-17 11h10.51.554308 +0200,
0,0,0,0,0,0,0,,,,,,,,,#2AB7EF,347.0094220638275,None,space,None,None,391.6821479797363,text_40,95,4,Reading_Baseline_main_click,None,hält,56,0,56,60,60,,,,,,,,,,,03,03,yes,no,no,2025-06-17_11h10.33.301,EXNAT_4_TMS_Psychopy2024.2.5.psyexp,2024.2.5,2025-06-17 11h10.51.554308 +0200,
0,0,0,0,0,0,0,,,,,,,,,#D292F3,347.4403233528137,None,space,None,None,440.75775146484375,text_40,96,4,Reading_Baseline_main_click,None,die,56,0,56,60,60,,,,,,,,,,,03,03,yes,no,no,2025-06-17_11h10.33.301,EXNAT_4_TMS_Psychopy2024.2.5.psyexp,2024.2.5,2025-06-17 11h10.51.554308 +0200,
0,0,0,0,0,0,0,,,,,,,,,#88BA3F,347.9218957424164,None,space,None,None,455.11317253112793,text_40,97,4,Reading_Baseline_main_click,None,aktuellen,56,0,56,60,60,,,,,,,,,,,03,03,yes,no,no,2025-06-17_11h10.33.301,EXNAT_4_TMS_Psychopy2024.2.5.psyexp,2024.2.5,2025-06-17 11h10.51.554308 +0200,
0,0,0,0,0,0,0,,,,,,,,,#2AB7EF,348.4162917137146,None,space,None,None,456.7532539367676,text_40,98,4,Reading_Baseline_main_click,None,Regeln,57,0,57,60,60,348.59949254989624,,,,,,,,,,03,03,yes,no,no,2025-06-17_11h10.33.301,EXNAT_4_TMS_Psychopy2024.2.5.psyexp,2024.2.5,2025-06-17 11h10.51.554308 +0200,
0,0,0,0,0,0,0,,,,,,,,,#D292F3,348.9141688346863,None,space,None,None,326.8475532531738,text_40,99,4,Reading_Baseline_main_click,None,für,57,0,57,60,60,,,,,,,,,,,03,03,yes,no,no,2025-06-17_11h10.33.301,EXNAT_4_TMS_Psychopy2024.2.5.psyexp,2024.2.5,2025-06-17 11h10.51.554308 +0200,
0,0,0,0,0,0,0,,,,,,,,,#2AB7EF,349.28349685668945,None,space,None,None,421.5388298034668,text_40,100,4,Reading_Baseline_main_click,None,gut,57,0,57,60,60,,,,,,,,,,,03,03,yes,no,no,2025-06-17_11h10.33.301,EXNAT_4_TMS_Psychopy2024.2.5.psyexp,2024.2.5,2025-06-17 11h10.51.554308 +0200,
0,0,0,0,0,0,0,,,,,,,,,#F989A2,349.74323749542236,None,space,None,None,361.66834831237793,text_40,101,4,Reading_Baseline_main_click,None,genug.,57,0,57,60,60,,,,,,,,,,,03,03,yes,no,no,2025-06-17_11h10.33.301,EXNAT_4_TMS_Psychopy2024.2.5.psyexp,2024.2.5,2025-06-17 11h10.51.554308 +0200,
0,0,0,0,0,0,0,,,,,,,,,#88BA3F,350.14433431625366,None,space,None,None,392.76742935180664,text_40,102,4,Reading_Baseline_main_click,None,Auch,57,0,57,60,60,,,,,,,,,,,03,03,yes,no,no,2025-06-17_11h10.33.301,EXNAT_4_TMS_Psychopy2024.2.5.psyexp,2024.2.5,2025-06-17 11h10.51.554308 +0200,
0,0,0,0,0,0,0,,,,,,,,,#D292F3,350.57783007621765,None,space,None,None,343.0945873260498,text_40,103,4,Reading_Baseline_main_click,None,wenn,57,0,57,60,60,,,,,,,,,,,03,03,yes,no,no,2025-06-17_11h10.33.301,EXNAT_4_TMS_Psychopy2024.2.5.psyexp,2024.2.5,2025-06-17 11h10.51.554308 +0200,
0,0,0,0,0,0,0,,,,,,,,,#F989A2,350.9594774246216,None,space,None,None,377.347469329834,text_40,104,4,Reading_Baseline_main_click,None,die,57,0,57,60,60,,,,,,,,,,,03,03,yes,no,no,2025-06-17_11h10.33.301,EXNAT_4_TMS_Psychopy2024.2.5.psyexp,2024.2.5,2025-06-17 11h10.51.554308 +0200,
0,0,0,0,0,0,0,,,,,,,,,#88BA3F,351.3780429363251,None,space,None,None,486.8800640106201,text_40,105,4,Reading_Baseline_main_click,None,Strahlung,57,0,57,60,60,,,,,,,,,,,03,03,yes,no,no,2025-06-17_11h10.33.301,EXNAT_4_TMS_Psychopy2024.2.5.psyexp,2024.2.5,2025-06-17 11h10.51.554308 +0200,
0,0,0,0,0,0,0,,,,,,,,,#D292F3,351.9038724899292,None,space,None,None,393.0978775024414,text_40,106,4,Reading_Baseline_main_click,None,auf,57,0,57,60,60,,,,,,,,,,,03,03,yes,no,no,2025-06-17_11h10.33.301,EXNAT_4_TMS_Psychopy2024.2.5.psyexp,2024.2.5,2025-06-17 11h10.51.554308 +0200,
0,0,0,0,0,0,0,,,,,,,,,#F989A2,352.33582186698914,None,space,None,None,377.2563934326172,text_40,107,4,Reading_Baseline_main_click,None,dem,57,0,57,60,60,,,,,,,,,,,03,03,yes,no,no,2025-06-17_11h10.33.301,EXNAT_4_TMS_Psychopy2024.2.5.psyexp,2024.2.5,2025-06-17 11h10.51.554308 +0200,
0,0,0,0,0,0,0,,,,,,,,,#2AB7EF,352.7535297870636,None,space,None,None,423.5811233520508,text_40,108,4,Reading_Baseline_main_click,None,Weg,57,0,57,60,60,,,,,,,,,,,03,03,yes,no,no,2025-06-17_11h10.33.301,EXNAT_4_TMS_Psychopy2024.2.5.psyexp,2024.2.5,2025-06-17 11h10.51.554308 +0200,
0,0,0,0,0,0,0,,,,,,,,,#D292F3,353.21850085258484,None,space,None,None,454.32019233703613,text_40,109,4,Reading_Baseline_main_click,None,zum,58,0,58,60,60,353.59949016571045,,,,,,,,,,03,03,yes,no,no,2025-06-17_11h10.33.301,EXNAT_4_TMS_Psychopy2024.2.5.psyexp,2024.2.5,2025-06-17 11h10.51.554308 +0200,
0,0,0,0,0,0,0,,,,,,,,,#88BA3F,353.7115602493286,None,space,None,None,441.4479732513428,text_40,110,4,Reading_Baseline_main_click,None,Mars,58,0,58,60,60,,,,,,,,,,,03,03,yes,no,no,2025-06-17_11h10.33.301,EXNAT_4_TMS_Psychopy2024.2.5.psyexp,2024.2.5,2025-06-17 11h10.51.554308 +0200,
0,0,0,0,0,0,0,,,,,,,,,#2AB7EF,354.1964910030365,None,space,None,None,452.4972438812256,text_40,111,4,Reading_Baseline_main_click,None,womöglich,58,0,58,60,60,,,,,,,,,,,03,03,yes,no,no,2025-06-17_11h10.33.301,EXNAT_4_TMS_Psychopy2024.2.5.psyexp,2024.2.5,2025-06-17 11h10.51.554308 +0200,
0,0,0,0,0,0,0,,,,,,,,,#F989A2,354.68919038772583,None,space,None,None,423.77614974975586,text_40,112,4,Reading_Baseline_main_click,None,nicht,58,0,58,60,60,,,,,,,,,,,03,03,yes,no,no,2025-06-17_11h10.33.301,EXNAT_4_TMS_Psychopy2024.2.5.psyexp,2024.2.5,2025-06-17 11h10.51.554308 +0200,
0,0,0,0,0,0,0,,,,,,,,,#2AB7EF,355.15328574180603,None,space,None,None,391.8037414550781,text_40,113,4,Reading_Baseline_main_click,None,"ausreicht,",58,0,58,60,60,,,,,,,,,,,03,03,yes,no,no,2025-06-17_11h10.33.301,EXNAT_4_TMS_Psychopy2024.2.5.psyexp,2024.2.5,2025-06-17 11h10.51.554308 +0200,
0,0,0,0,0,0,0,,,,,,,,,#88BA3F,355.58608984947205,None,space,None,None,374.8795986175537,text_40,114,4,Reading_Baseline_main_click,None,um,58,0,58,60,60,,,,,,,,,,,03,03,yes,no,no,2025-06-17_11h10.33.301,EXNAT_4_TMS_Psychopy2024.2.5.psyexp,2024.2.5,2025-06-17 11h10.51.554308 +0200,
0,0,0,0,0,0,0,,,,,,,,,#F989A2,355.99830746650696,None,space,None,None,362.74194717407227,text_40,115,4,Reading_Baseline_main_click,None,alle,58,0,58,60,60,,,,,,,,,,,03,03,yes,no,no,2025-06-17_11h10.33.301,EXNAT_4_TMS_Psychopy2024.2.5.psyexp,2024.2.5,2025-06-17 11h10.51.554308 +0200,
0,0,0,0,0,0,0,,,,,,,,,#D292F3,356.40114974975586,None,space,None,None,327.878475189209,text_40,116,4,Reading_Baseline_main_click,None,Keime,58,0,58,60,60,,,,,,,,,,,03,03,yes,no,no,2025-06-17_11h10.33.301,EXNAT_4_TMS_Psychopy2024.2.5.psyexp,2024.2.5,2025-06-17 11h10.51.554308 +0200,
0,0,0,0,0,0,0,,,,,,,,,#D292F3,356.7688796520233,None,space,None,None,360.0916862487793,text_40,117,4,Reading_Baseline_main_click,None,zu,58,0,58,60,60,,,,,,,,,,,03,03,yes,no,no,2025-06-17_11h10.33.301,EXNAT_4_TMS_Psychopy2024.2.5.psyexp,2024.2.5,2025-06-17 11h10.51.554308 +0200,
0,0,0,0,0,0,0,,,,,,,,,#2AB7EF,357.1661927700043,None,space,None,None,378.8151741027832,text_40,118,4,Reading_Baseline_main_click,None,töten.,58,0,58,60,60,,,,,,,,,,,03,03,yes,no,no,2025-06-17_11h10.33.301,EXNAT_4_TMS_Psychopy2024.2.5.psyexp,2024.2.5,2025-06-17 11h10.51.554308 +0200,
0,0,0,0,0,0,0,,,,,,,,,#88BA3F,357.58308506011963,None,space,None,None,394.0112590789795,text_40,119,4,Reading_Baseline_main_click,None,Eine,58,0,58,60,60,,,,,,,,,,,03,03,yes,no,no,2025-06-17_11h10.33.301,EXNAT_4_TMS_Psychopy2024.2.5.psyexp,2024.2.5,2025-06-17 11h10.51.554308 +0200,
0,0,0,0,0,0,0,,,,,,,,,#F989A2,358.0165717601776,None,space,None,None,408.4479808807373,text_40,120,4,Reading_Baseline_main_click,None,besonders,58,0,58,60,60,,,,,,,,,,,03,03,yes,no,no,2025-06-17_11h10.33.301,EXNAT_4_TMS_Psychopy2024.2.5.psyexp,2024.2.5,2025-06-17 11h10.51.554308 +0200,
0,0,0,0,0,0,0,,,,,,,,,#F989A2,358.46344685554504,None,space,None,None,393.5894966125488,text_40,121,4,Reading_Baseline_main_click,None,große,59,0,59,60,60,358.59951853752136,,,,,,,,,,03,03,yes,no,no,2025-06-17_11h10.33.301,EXNAT_4_TMS_Psychopy2024.2.5.psyexp,2024.2.5,2025-06-17 11h10.51.554308 +0200,
0,0,0,0,0,0,0,,,,,,,,,#D292F3,358.89888167381287,None,space,None,None,438.08889389038086,text_40,122,4,Reading_Baseline_main_click,None,Herausforderung,59,0,59,60,60,,,,,,,,,,,03,03,yes,no,no,2025-06-17_11h10.33.301,EXNAT_4_TMS_Psychopy2024.2.5.psyexp,2024.2.5,2025-06-17 11h10.51.554308 +0200,
0,0,0,0,0,0,0,,,,,,,,,#88BA3F,359.3762676715851,None,space,None,None,392.70591735839844,text_40,123,4,Reading_Baseline_main_click,None,ist,59,0,59,60,60,,,,,,,,,,,03,03,yes,no,no,2025-06-17_11h10.33.301,EXNAT_4_TMS_Psychopy2024.2.5.psyexp,2024.2.5,2025-06-17 11h10.51.554308 +0200,
0,0,0,0,0,0,0,,,,,,,,,#D292F3,359.80840134620667,None,space,None,None,328.66883277893066,text_40,124,4,Reading_Baseline_main_click,None,"es,",59,0,59,60,60,,,,,,,,,,,03,03,yes,no,no,2025-06-17_11h10.33.301,EXNAT_4_TMS_Psychopy2024.2.5.psyexp,2024.2.5,2025-06-17 11h10.51.554308 +0200,
0,0,0,0,0,0,0,,,,,,,,,#F989A2,360.1797914505005,None,space,None,None,325.1817226409912,text_40,125,4,Reading_Baseline_main_click,None,Material,59,0,59,60,60,,,,,,,,,,,03,03,yes,no,no,2025-06-17_11h10.33.301,EXNAT_4_TMS_Psychopy2024.2.5.psyexp,2024.2.5,2025-06-17 11h10.51.554308 +0200,
0,0,0,0,0,0,0,,,,,,,,,#D292F3,360.54536056518555,None,space,None,None,407.5818061828613,text_40,126,4,Reading_Baseline_main_click,None,von,59,0,59,60,60,,,,,,,,,,,03,03,yes,no,no,2025-06-17_11h10.33.301,EXNAT_4_TMS_Psychopy2024.2.5.psyexp,2024.2.5,2025-06-17 11h10.51.554308 +0200,
0,0,0,0,0,0,0,,,,,,,,,#2AB7EF,360.99217987060547,None,space,None,None,392.72141456604004,text_40,127,4,Reading_Baseline_main_click,None,anderen,59,0,59,60,60,,,,,,,,,,,03,03,yes,no,no,2025-06-17_11h10.33.301,EXNAT_4_TMS_Psychopy2024.2.5.psyexp,2024.2.5,2025-06-17 11h10.51.554308 +0200,
0,0,0,0,0,0,0,,,,,,,,,#88BA3F,361.425922870636,None,space,None,None,342.99349784851074,text_40,128,4,Reading_Baseline_main_click,None,Planeten,59,0,59,60,60,,,,,,,,,,,03,03,yes,no,no,2025-06-17_11h10.33.301,EXNAT_4_TMS_Psychopy2024.2.5.psyexp,2024.2.5,2025-06-17 11h10.51.554308 +0200,
0,0,0,0,0,0,0,,,,,,,,,#F989A2,361.8107521533966,None,space,None,None,438.17138671875,text_40,129,4,Reading_Baseline_main_click,None,zurück,59,0,59,60,60,,,,,,,,,,,03,03,yes,no,no,2025-06-17_11h10.33.301,EXNAT_4_TMS_Psychopy2024.2.5.psyexp,2024.2.5,2025-06-17 11h10.51.554308 +0200,
0,0,0,0,0,0,0,,,,,,,,,#88BA3F,362.28690695762634,None,space,None,None,394.1614627838135,text_40,130,4,Reading_Baseline_main_click,None,zur,59,0,59,60,60,,,,,,,,,,,03,03,yes,no,no,2025-06-17_11h10.33.301,EXNAT_4_TMS_Psychopy2024.2.5.psyexp,2024.2.5,2025-06-17 11h10.51.554308 +0200,
0,0,0,0,0,0,0,,,,,,,,,#2AB7EF,362.7194883823395,None,space,None,None,441.43223762512207,text_40,131,4,Reading_Baseline_main_click,None,Erde,59,0,59,60,60,,,,,,,,,,,03,03,yes,no,no,2025-06-17_11h10.33.301,EXNAT_4_TMS_Psychopy2024.2.5.psyexp,2024.2.5,2025-06-17 11h10.51.554308 +0200,
0,0,0,0,0,0,0,,,,,,,,,#2AB7EF,363.19941878318787,None,space,None,None,361.39822006225586,text_40,132,4,Reading_Baseline_main_click,None,zu,59,0,59,60,60,,,,,,,,,,,03,03,yes,no,no,2025-06-17_11h10.33.301,EXNAT_4_TMS_Psychopy2024.2.5.psyexp,2024.2.5,2025-06-17 11h10.51.554308 +0200,
0,0,0,0,0,0,0,,,,,,,,,#D292F3,363.6012463569641,None,space,None,None,407.7413082122803,text_40,133,4,Reading_Baseline_main_click,None,bringen.,60,0,60,60,inf,363.6596050262451,,,,,,,,,,03,03,yes,no,no,2025-06-17_11h10.33.301,EXNAT_4_TMS_Psychopy2024.2.5.psyexp,2024.2.5,2025-06-17 11h10.51.554308 +0200,
0,0,0,0,0,0,0,,,,,,,,,#88BA3F,364.04763293266296,None,space,None,None,553.3871650695801,text_40,134,4,Reading_Baseline_main_click,None,Hier,60,0,60,60,inf,,,,,,,,,,,03,03,yes,no,no,2025-06-17_11h10.33.301,EXNAT_4_TMS_Psychopy2024.2.5.psyexp,2024.2.5,2025-06-17 11h10.51.554308 +0200,
0,0,0,0,0,0,0,,,,,,,,,#F989A2,364.64094161987305,None,space,None,None,423.92802238464355,text_40,135,4,Reading_Baseline_main_click,None,sind,60,0,60,60,inf,,,,,,,,,,,03,03,yes,no,no,2025-06-17_11h10.33.301,EXNAT_4_TMS_Psychopy2024.2.5.psyexp,2024.2.5,2025-06-17 11h10.51.554308 +0200,
0,0,0,0,0,0,0,,,,,,,,,#2AB7EF,365.10608553886414,None,space,None,None,390.89179039001465,text_40,136,4,Reading_Baseline_main_click,None,sehr,60,0,60,60,inf,,,,,,,,,,,03,03,yes,no,no,2025-06-17_11h10.33.301,EXNAT_4_TMS_Psychopy2024.2.5.psyexp,2024.2.5,2025-06-17 11h10.51.554308 +0200,
0,0,0,0,0,0,0,,,,,,,,,#D292F3,365.53729939460754,None,space,None,None,359.4057559967041,text_40,137,4,Reading_Baseline_main_click,None,strenge,60,0,60,60,inf,,,,,,,,,,,03,03,yes,no,no,2025-06-17_11h10.33.301,EXNAT_4_TMS_Psychopy2024.2.5.psyexp,2024.2.5,2025-06-17 11h10.51.554308 +0200,
0,0,0,0,0,0,0,,,,,,,,,#2AB7EF,365.9357326030731,None,space,None,None,585.2446556091309,text_40,138,4,Reading_Baseline_main_click,None,Sicherheitsmaßnahmen,60,0,60,60,inf,,,,,,,,,,,03,03,yes,no,no,2025-06-17_11h10.33.301,EXNAT_4_TMS_Psychopy2024.2.5.psyexp,2024.2.5,2025-06-17 11h10.51.554308 +0200,
0,0,0,0,0,0,0,,,,,,,,,#D292F3,366.560613155365,None,space,None,None,392.12727546691895,text_40,139,4,Reading_Baseline_main_click,None,"notwendig,",60,0,60,60,inf,,,,,,,,,,,03,03,yes,no,no,2025-06-17_11h10.33.301,EXNAT_4_TMS_Psychopy2024.2.5.psyexp,2024.2.5,2025-06-17 11h10.51.554308 +0200,
0,0,0,0,0,0,0,,,,,,,,,#88BA3F,366.98811650276184,None,space,None,None,380.8259963989258,text_40,140,4,Reading_Baseline_main_click,None,denn,60,0,60,60,inf,,,,,,,,,,,03,03,yes,no,no,2025-06-17_11h10.33.301,EXNAT_4_TMS_Psychopy2024.2.5.psyexp,2024.2.5,2025-06-17 11h10.51.554308 +0200,
0,0,0,0,0,0,0,,,,,,,,,#88BA3F,367.40996623039246,None,space,None,None,359.0106964111328,text_40,141,4,Reading_Baseline_main_click,None,niemand,60,0,60,60,inf,,,,,,,,,,,03,03,yes,no,no,2025-06-17_11h10.33.301,EXNAT_4_TMS_Psychopy2024.2.5.psyexp,2024.2.5,2025-06-17 11h10.51.554308 +0200,
0,0,0,0,0,0,0,,,,,,,,,#2AB7EF,367.80866742134094,None,space,None,None,456.35056495666504,text_40,142,4,Reading_Baseline_main_click,None,kann,60,0,60,60,inf,,,,,,,,,,,03,03,yes,no,no,2025-06-17_11h10.33.301,EXNAT_4_TMS_Psychopy2024.2.5.psyexp,2024.2.5,2025-06-17 11h10.51.554308 +0200,
0,0,0,0,0,0,0,,,,,,,,,#F989A2,368.304368019104,None,space,None,None,488.619327545166,text_40,143,4,Reading_Baseline_main_click,None,"einschätzen,",61,0,61,60,inf,368.6595618724823,,,,,,,,,,03,03,yes,no,no,2025-06-17_11h10.33.301,EXNAT_4_TMS_Psychopy2024.2.5.psyexp,2024.2.5,2025-06-17 11h10.51.554308 +0200,
0,0,0,0,0,0,0,,,,,,,,,#F989A2,368.8329532146454,None,space,None,None,391.9699192047119,text_40,144,4,Reading_Baseline_main_click,None,wie,61,0,61,60,inf,,,,,,,,,,,03,03,yes,no,no,2025-06-17_11h10.33.301,EXNAT_4_TMS_Psychopy2024.2.5.psyexp,2024.2.5,2025-06-17 11h10.51.554308 +0200,
0,0,0,0,0,0,0,,,,,,,,,#2AB7EF,369.26525616645813,None,space,None,None,359.8041534423828,text_40,145,4,Reading_Baseline_main_click,None,gefährlich,61,0,61,60,inf,,,,,,,,,,,03,03,yes,no,no,2025-06-17_11h10.33.301,EXNAT_4_TMS_Psychopy2024.2.5.psyexp,2024.2.5,2025-06-17 11h10.51.554308 +0200,
0,0,0,0,0,0,0,,,,,,,,,#88BA3F,369.6623184680939,None,space,None,None,394.58560943603516,text_40,146,4,Reading_Baseline_main_click,None,das,61,0,61,60,inf,,,,,,,,,,,03,03,yes,no,no,2025-06-17_11h10.33.301,EXNAT_4_TMS_Psychopy2024.2.5.psyexp,2024.2.5,2025-06-17 11h10.51.554308 +0200,
0,0,0,0,0,0,0,,,,,,,,,#88BA3F,370.0969018936157,None,space,None,None,423.8600730895996,text_40,147,4,Reading_Baseline_main_click,None,fremde,61,0,61,60,inf,,,,,,,,,,,03,03,yes,no,no,2025-06-17_11h10.33.301,EXNAT_4_TMS_Psychopy2024.2.5.psyexp,2024.2.5,2025-06-17 11h10.51.554308 +0200,
0,0,0,0,0,0,0,,,,,,,,,#F989A2,370.5610065460205,None,space,None,None,759.7317695617676,text_40,148,4,Reading_Baseline_main_click,None,Material,61,0,61,60,inf,,,,,,,,,,,03,03,yes,no,no,2025-06-17_11h10.33.301,EXNAT_4_TMS_Psychopy2024.2.5.psyexp,2024.2.5,2025-06-17 11h10.51.554308 +0200,
0,0,0,0,0,0,0,,,,,,,,,#D292F3,371.35912895202637,None,space,None,None,377.8345584869385,text_40,149,4,Reading_Baseline_main_click,None,wirklich,61,0,61,60,inf,,,,,,,,,,,03,03,yes,no,no,2025-06-17_11h10.33.301,EXNAT_4_TMS_Psychopy2024.2.5.psyexp,2024.2.5,2025-06-17 11h10.51.554308 +0200,
0,0,0,0,0,0,0,,,,,,,,,#2AB7EF,371.7765462398529,None,space,None,None,360.3472709655762,text_40,150,4,Reading_Baseline_main_click,None,ist.,61,0,61,60,inf,,,,,,,,,,,03,03,yes,no,no,2025-06-17_11h10.33.301,EXNAT_4_TMS_Psychopy2024.2.5.psyexp,2024.2.5,2025-06-17 11h10.51.554308 +0200,
0,0,0,0,0,0,0,,,,,,,,,,372.1884648799896,,4,,,,text_40,,4,Reading_Baseline_main_click,,,,,,,,,Q1,d,True,,,,,,,03,03,yes,no,no,2025-06-17_11h10.33.301,EXNAT_4_TMS_Psychopy2024.2.5.psyexp,2024.2.5,2025-06-17 11h10.51.554308 +0200,
0,0,0,0,0,0,0,,,,,,,,,,377.2377164363861,,1,,,,text_40,,4,Reading_Baseline_main_click,,,,,,,,,Q2,a,True,,,,,,,03,03,yes,no,no,2025-06-17_11h10.33.301,EXNAT_4_TMS_Psychopy2024.2.5.psyexp,2024.2.5,2025-06-17 11h10.51.554308 +0200,
0,0,0,0,0,0,0,,,,,,,,,,383.1225712299347,,4,,,,text_40,,4,Reading_Baseline_main_click,,,,,,,,,Q3,d,True,,,,,,,03,03,yes,no,no,2025-06-17_11h10.33.301,EXNAT_4_TMS_Psychopy2024.2.5.psyexp,2024.2.5,2025-06-17 11h10.51.554308 +0200,
0,0,0,0,0,0,0,,,,,,,,,#2AB7EF,404.6700837612152,False,space,correct rejection,None,586.9355201721191,text_33,1,5,2back_dual_main_click,2,Coasteering,0,0,0,120,60,,,,,,,,,,,03,03,yes,no,no,2025-06-17_11h10.33.301,EXNAT_4_TMS_Psychopy2024.2.5.psyexp,2024.2.5,2025-06-17 11h10.51.554308 +0200,
0,0,0,0,0,0,0,,,,,,,,,#88BA3F,405.2871060371399,False,space,correct rejection,None,1009.9599361419678,text_33,2,5,2back_dual_main_click,2,ist,1,0,1,120,60,405.33927607536316,,,,,,,,,,03,03,yes,no,no,2025-06-17_11h10.33.301,EXNAT_4_TMS_Psychopy2024.2.5.psyexp,2024.2.5,2025-06-17 11h10.51.554308 +0200,
0,0,0,0,0,0,0,,,,,,,,,#F989A2,406.3304822444916,False,space,correct rejection,None,862.541675567627,text_33,3,5,2back_dual_main_click,2,eine,1,0,1,120,60,,,,,,,,,,,03,03,yes,no,no,2025-06-17_11h10.33.301,EXNAT_4_TMS_Psychopy2024.2.5.psyexp,2024.2.5,2025-06-17 11h10.51.554308 +0200,
0,0,0,0,0,0,0,,,,,,,,,#F989A2,407.23496770858765,False,space,correct rejection,None,901.9854068756104,text_33,4,5,2back_dual_main_click,2,"Sportart,",1,0,1,120,60,,,,,,,,,,,03,03,yes,no,no,2025-06-17_11h10.33.301,EXNAT_4_TMS_Psychopy2024.2.5.psyexp,2024.2.5,2025-06-17 11h10.51.554308 +0200,
0,0,0,0,0,0,0,,,,,,,,,#D292F3,408.17906522750854,False,space,correct rejection,None,949.8975276947021,text_33,5,5,2back_dual_main_click,2,bei,1,0,1,120,60,,,,,,,,,,,03,03,yes,no,no,2025-06-17_11h10.33.301,EXNAT_4_TMS_Psychopy2024.2.5.psyexp,2024.2.5,2025-06-17 11h10.51.554308 +0200,
0,0,0,0,0,0,0,,,,,,,,,#2AB7EF,409.17001509666443,False,space,correct rejection,None,1031.029224395752,text_33,6,5,2back_dual_main_click,2,der,1,0,1,120,60,,,,,,,,,,,03,03,yes,no,no,2025-06-17_11h10.33.301,EXNAT_4_TMS_Psychopy2024.2.5.psyexp,2024.2.5,2025-06-17 11h10.51.554308 +0200,
0,0,0,0,0,0,0,,,,,,,,,#D292F3,410.2374987602234,True,l,hit,1195.5065727233887,2347.3448753356934,text_33,7,5,2back_dual_main_click,2,man,1,1,2,120,60,410.3393089771271,,,,,,,,,,03,03,yes,no,no,2025-06-17_11h10.33.301,EXNAT_4_TMS_Psychopy2024.2.5.psyexp,2024.2.5,2025-06-17 11h10.51.554308 +0200,
0,0,0,0,0,0,0,,,,,,,,,#88BA3F,412.6393840312958,False,space,correct rejection,None,793.6806678771973,text_33,8,5,2back_dual_main_click,2,"schwimmt,",1,1,2,120,60,,,,,,,,,,,03,03,yes,no,no,2025-06-17_11h10.33.301,EXNAT_4_TMS_Psychopy2024.2.5.psyexp,2024.2.5,2025-06-17 11h10.51.554308 +0200,
0,0,0,0,0,0,0,,,,,,,,,#2AB7EF,413.4899821281433,False,space,correct rejection,None,1015.1853561401367,text_33,9,5,2back_dual_main_click,2,klettert,1,1,2,120,60,,,,,,,,,,,03,03,yes,no,no,2025-06-17_11h10.33.301,EXNAT_4_TMS_Psychopy2024.2.5.psyexp,2024.2.5,2025-06-17 11h10.51.554308 +0200,
0,0,0,0,0,0,0,,,,,,,,,#F989A2,414.5593595504761,False,space,correct rejection,None,713.7801647186279,text_33,10,5,2back_dual_main_click,2,und,1,1,2,120,60,,,,,,,,,,,03,03,yes,no,no,2025-06-17_11h10.33.301,EXNAT_4_TMS_Psychopy2024.2.5.psyexp,2024.2.5,2025-06-17 11h10.51.554308 +0200,
0,0,0,0,0,0,0,,,,,,,,,#88BA3F,415.32856249809265,False,space,correct rejection,None,1160.2468490600586,text_33,11,5,2back_dual_main_click,2,von,2,1,3,120,60,415.4031414985657,,,,,,,,,,03,03,yes,no,no,2025-06-17_11h10.33.301,EXNAT_4_TMS_Psychopy2024.2.5.psyexp,2024.2.5,2025-06-17 11h10.51.554308 +0200,
0,0,0,0,0,0,0,,,,,,,,,#D292F3,416.5309998989105,False,space,correct rejection,None,838.0763530731201,text_33,12,5,2back_dual_main_click,2,Klippen,2,1,3,120,60,,,,,,,,,,,03,03,yes,no,no,2025-06-17_11h10.33.301,EXNAT_4_TMS_Psychopy2024.2.5.psyexp,2024.2.5,2025-06-17 11h10.51.554308 +0200,
0,0,0,0,0,0,0,,,,,,,,,#F989A2,417.408833026886,False,space,correct rejection,None,808.1705570220947,text_33,13,5,2back_dual_main_click,2,ins,2,1,3,120,60,,,,,,,,,,,03,03,yes,no,no,2025-06-17_11h10.33.301,EXNAT_4_TMS_Psychopy2024.2.5.psyexp,2024.2.5,2025-06-17 11h10.51.554308 +0200,
0,0,0,0,0,0,0,,,,,,,,,#88BA3F,418.2583181858063,False,space,correct rejection,None,934.8251819610596,text_33,14,5,2back_dual_main_click,2,Wasser,2,1,3,120,60,,,,,,,,,,,03,03,yes,no,no,2025-06-17_11h10.33.301,EXNAT_4_TMS_Psychopy2024.2.5.psyexp,2024.2.5,2025-06-17 11h10.51.554308 +0200,
0,0,0,0,0,0,0,,,,,,,,,#D292F3,419.2329924106598,False,space,correct rejection,None,1176.048994064331,text_33,15,5,2back_dual_main_click,2,springt.,3,1,4,120,60,420.403112411499,,,,,,,,,,03,03,yes,no,no,2025-06-17_11h10.33.301,EXNAT_4_TMS_Psychopy2024.2.5.psyexp,2024.2.5,2025-06-17 11h10.51.554308 +0200,
0,0,0,0,0,0,0,,,,,,,,,#D292F3,420.46514415740967,False,space,correct rejection,None,1143.8915729522705,text_33,16,5,2back_dual_main_click,2,Auf,3,1,4,120,60,,,,,,,,,,,03,03,yes,no,no,2025-06-17_11h10.33.301,EXNAT_4_TMS_Psychopy2024.2.5.psyexp,2024.2.5,2025-06-17 11h10.51.554308 +0200,
0,0,0,0,0,0,0,,,,,,,,,#2AB7EF,421.66441464424133,False,space,correct rejection,None,1496.6092109680176,text_33,17,5,2back_dual_main_click,2,Mallorca,3,1,4,120,60,,,,,,,,,,,03,03,yes,no,no,2025-06-17_11h10.33.301,EXNAT_4_TMS_Psychopy2024.2.5.psyexp,2024.2.5,2025-06-17 11h10.51.554308 +0200,
0,0,0,0,0,0,0,,,,,,,,,#F989A2,423.2154846191406,False,space,correct rejection,None,745.520830154419,text_33,18,5,2back_dual_main_click,2,wird,3,1,4,120,60,,,,,,,,,,,03,03,yes,no,no,2025-06-17_11h10.33.301,EXNAT_4_TMS_Psychopy2024.2.5.psyexp,2024.2.5,2025-06-17 11h10.51.554308 +0200,
0,0,0,0,0,0,0,,,,,,,,,#88BA3F,424.0162959098816,False,space,correct rejection,None,1256.784439086914,text_33,19,5,2back_dual_main_click,2,diese,3,1,4,120,60,,,,,,,,,,,03,03,yes,no,no,2025-06-17_11h10.33.301,EXNAT_4_TMS_Psychopy2024.2.5.psyexp,2024.2.5,2025-06-17 11h10.51.554308 +0200,
0,0,0,0,0,0,0,,,,,,,,,#D292F3,425.3280351161957,False,space,correct rejection,None,856.9927215576172,text_33,20,5,2back_dual_main_click,2,Sportart,3,1,4,120,60,,,,,,,,,,,03,03,yes,no,no,2025-06-17_11h10.33.301,EXNAT_4_TMS_Psychopy2024.2.5.psyexp,2024.2.5,2025-06-17 11h10.51.554308 +0200,
0,0,0,0,0,0,0,,,,,,,,,#88BA3F,426.23922896385193,True,l,hit,537.7533435821533,1241.610050201416,text_33,21,5,2back_dual_main_click,2,immer,3,2,5,120,60,426.3132998943329,,,,,,,,,,03,03,yes,no,no,2025-06-17_11h10.33.301,EXNAT_4_TMS_Psychopy2024.2.5.psyexp,2024.2.5,2025-06-17 11h10.51.554308 +0200,
0,0,0,0,0,0,0,,,,,,,,,#2AB7EF,427.5371699333191,False,space,correct rejection,None,1015.9106254577637,text_33,22,5,2back_dual_main_click,2,beliebter.,3,2,5,120,60,,,,,,,,,,,03,03,yes,no,no,2025-06-17_11h10.33.301,EXNAT_4_TMS_Psychopy2024.2.5.psyexp,2024.2.5,2025-06-17 11h10.51.554308 +0200,
0,0,0,0,0,0,0,,,,,,,,,#2AB7EF,428.61050844192505,False,space,correct rejection,None,1174.532413482666,text_33,23,5,2back_dual_main_click,2,Abseits,3,2,5,120,60,,,,,,,,,,,03,03,yes,no,no,2025-06-17_11h10.33.301,EXNAT_4_TMS_Psychopy2024.2.5.psyexp,2024.2.5,2025-06-17 11h10.51.554308 +0200,
0,0,0,0,0,0,0,,,,,,,,,#F989A2,429.83976006507874,False,space,correct rejection,None,825.0601291656494,text_33,24,5,2back_dual_main_click,2,der,3,2,5,120,60,,,,,,,,,,,03,03,yes,no,no,2025-06-17_11h10.33.301,EXNAT_4_TMS_Psychopy2024.2.5.psyexp,2024.2.5,2025-06-17 11h10.51.554308 +0200,
0,0,0,0,0,0,0,,,,,,,,,#2AB7EF,430.72067952156067,True,space,miss,None,760.3847980499268,text_33,25,5,2back_dual_main_click,2,großen,3,3,6,120,60,431.3132824897766,,,,,,,,,,03,03,yes,no,no,2025-06-17_11h10.33.301,EXNAT_4_TMS_Psychopy2024.2.5.psyexp,2024.2.5,2025-06-17 11h10.51.554308 +0200,
0,0,0,0,0,0,0,,,,,,,,,#F989A2,431.53780341148376,True,space,miss,None,1287.276268005371,text_33,26,5,2back_dual_main_click,2,Touristenorte,3,3,6,120,60,,,,,,,,,,,03,03,yes,no,no,2025-06-17_11h10.33.301,EXNAT_4_TMS_Psychopy2024.2.5.psyexp,2024.2.5,2025-06-17 11h10.51.554308 +0200,
0,0,0,0,0,0,0,,,,,,,,,#88BA3F,432.88080072402954,False,space,correct rejection,None,600.3468036651611,text_33,27,5,2back_dual_main_click,2,führen,3,3,6,120,60,,,,,,,,,,,03,03,yes,no,no,2025-06-17_11h10.33.301,EXNAT_4_TMS_Psychopy2024.2.5.psyexp,2024.2.5,2025-06-17 11h10.51.554308 +0200,
0,0,0,0,0,0,0,,,,,,,,,#D292F3,433.5354747772217,False,space,correct rejection,None,761.4665031433105,text_33,28,5,2back_dual_main_click,2,erfahrene,3,3,6,120,60,,,,,,,,,,,03,03,yes,no,no,2025-06-17_11h10.33.301,EXNAT_4_TMS_Psychopy2024.2.5.psyexp,2024.2.5,2025-06-17 11h10.51.554308 +0200,
0,0,0,0,0,0,0,,,,,,,,,#F989A2,434.3394556045532,False,space,correct rejection,None,1125.5829334259033,text_33,29,5,2back_dual_main_click,2,Guides,3,3,6,120,60,,,,,,,,,,,03,03,yes,no,no,2025-06-17_11h10.33.301,EXNAT_4_TMS_Psychopy2024.2.5.psyexp,2024.2.5,2025-06-17 11h10.51.554308 +0200,
0,0,0,0,0,0,0,,,,,,,,,#D292F3,435.5049443244934,True,l,hit,1176.149845123291,1895.9505558013916,text_33,30,5,2back_dual_main_click,2,ihre,3,3,6,120,60,,,,,,,,,,,03,03,yes,no,no,2025-06-17_11h10.33.301,EXNAT_4_TMS_Psychopy2024.2.5.psyexp,2024.2.5,2025-06-17 11h10.51.554308 +0200,
0,0,0,0,0,0,0,,,,,,,,,#F989A2,437.4584469795227,True,space,miss,None,982.6061725616455,text_33,31,5,2back_dual_main_click,2,Gruppen,3,4,7,120,60,437.5109050273895,,,,,,,,,,03,03,yes,no,no,2025-06-17_11h10.33.301,EXNAT_4_TMS_Psychopy2024.2.5.psyexp,2024.2.5,2025-06-17 11h10.51.554308 +0200,
0,0,0,0,0,0,0,,,,,,,,,#D292F3,438.49777364730835,True,l,hit,983.2866191864014,1447.1361637115479,text_33,32,5,2back_dual_main_click,2,an,3,4,7,120,60,,,,,,,,,,,03,03,yes,no,no,2025-06-17_11h10.33.301,EXNAT_4_TMS_Psychopy2024.2.5.psyexp,2024.2.5,2025-06-17 11h10.51.554308 +0200,
0,0,0,0,0,0,0,,,,,,,,,#88BA3F,440.0017330646515,False,space,correct rejection,None,791.0768985748291,text_33,33,5,2back_dual_main_click,2,versteckte,3,4,7,120,60,,,,,,,,,,,03,03,yes,no,no,2025-06-17_11h10.33.301,EXNAT_4_TMS_Psychopy2024.2.5.psyexp,2024.2.5,2025-06-17 11h10.51.554308 +0200,
0,0,0,0,0,0,0,,,,,,,,,#88BA3F,440.84876704216003,False,space,correct rejection,None,840.2845859527588,text_33,34,5,2back_dual_main_click,2,Küsten,3,4,7,120,60,,,,,,,,,,,03,03,yes,no,no,2025-06-17_11h10.33.301,EXNAT_4_TMS_Psychopy2024.2.5.psyexp,2024.2.5,2025-06-17 11h10.51.554308 +0200,
0,0,0,0,0,0,0,,,,,,,,,#2AB7EF,441.74279141426086,False,space,correct rejection,None,714.2083644866943,text_33,35,5,2back_dual_main_click,2,bei,3,4,7,120,60,,,,,,,,,,,03,03,yes,no,no,2025-06-17_11h10.33.301,EXNAT_4_TMS_Psychopy2024.2.5.psyexp,2024.2.5,2025-06-17 11h10.51.554308 +0200,
0,0,0,0,0,0,0,,,,,,,,,#D292F3,442.49998211860657,False,space,correct rejection,None,852.973222732544,text_33,36,5,2back_dual_main_click,2,Alcudia.,3,4,7,120,60,,,,,,,,,,,03,03,yes,no,no,2025-06-17_11h10.33.301,EXNAT_4_TMS_Psychopy2024.2.5.psyexp,2024.2.5,2025-06-17 11h10.51.554308 +0200,
0,0,0,0,0,0,0,,,,,,,,,#F989A2,443.39235401153564,False,space,correct rejection,None,808.6912631988525,text_33,37,5,2back_dual_main_click,2,Dort,4,4,8,120,60,443.45823311805725,,,,,,,,,,03,03,yes,no,no,2025-06-17_11h10.33.301,EXNAT_4_TMS_Psychopy2024.2.5.psyexp,2024.2.5,2025-06-17 11h10.51.554308 +0200,
0,0,0,0,0,0,0,,,,,,,,,#D292F3,444.23782420158386,True,l,hit,667.2859191894531,1179.1017055511475,text_33,38,5,2back_dual_main_click,2,klettern,4,4,8,120,60,,,,,,,,,,,03,03,yes,no,no,2025-06-17_11h10.33.301,EXNAT_4_TMS_Psychopy2024.2.5.psyexp,2024.2.5,2025-06-17 11h10.51.554308 +0200,
0,0,0,0,0,0,0,,,,,,,,,#2AB7EF,445.4558277130127,False,space,correct rejection,None,777.2006988525391,text_33,39,5,2back_dual_main_click,2,die,4,4,8,120,60,,,,,,,,,,,03,03,yes,no,no,2025-06-17_11h10.33.301,EXNAT_4_TMS_Psychopy2024.2.5.psyexp,2024.2.5,2025-06-17 11h10.51.554308 +0200,
0,0,0,0,0,0,0,,,,,,,,,#F989A2,446.2711396217346,False,space,correct rejection,None,1481.8923473358154,text_33,40,5,2back_dual_main_click,2,Teilnehmer,4,4,8,120,60,,,,,,,,,,,03,03,yes,no,no,2025-06-17_11h10.33.301,EXNAT_4_TMS_Psychopy2024.2.5.psyexp,2024.2.5,2025-06-17 11h10.51.554308 +0200,
0,0,0,0,0,0,0,,,,,,,,,#F989A2,447.8085193634033,False,space,correct rejection,None,712.3420238494873,text_33,41,5,2back_dual_main_click,2,an,5,4,9,120,60,448.45826625823975,,,,,,,,,,03,03,yes,no,no,2025-06-17_11h10.33.301,EXNAT_4_TMS_Psychopy2024.2.5.psyexp,2024.2.5,2025-06-17 11h10.51.554308 +0200,
0,0,0,0,0,0,0,,,,,,,,,#88BA3F,448.58177876472473,False,space,correct rejection,None,771.2695598602295,text_33,42,5,2back_dual_main_click,2,Felsen,5,4,9,120,60,,,,,,,,,,,03,03,yes,no,no,2025-06-17_11h10.33.301,EXNAT_4_TMS_Psychopy2024.2.5.psyexp,2024.2.5,2025-06-17 11h10.51.554308 +0200,
0,0,0,0,0,0,0,,,,,,,,,#88BA3F,449.4080514907837,False,space,correct rejection,None,808.7780475616455,text_33,43,5,2back_dual_main_click,2,"entlang,",5,4,9,120,60,,,,,,,,,,,03,03,yes,no,no,2025-06-17_11h10.33.301,EXNAT_4_TMS_Psychopy2024.2.5.psyexp,2024.2.5,2025-06-17 11h10.51.554308 +0200,
0,0,0,0,0,0,0,,,,,,,,,#D292F3,450.2718598842621,False,space,correct rejection,None,937.2565746307373,text_33,44,5,2back_dual_main_click,2,schwimmen,5,4,9,120,60,,,,,,,,,,,03,03,yes,no,no,2025-06-17_11h10.33.301,EXNAT_4_TMS_Psychopy2024.2.5.psyexp,2024.2.5,2025-06-17 11h10.51.554308 +0200,
0,0,0,0,0,0,0,,,,,,,,,#2AB7EF,451.26353883743286,False,space,correct rejection,None,953.4280300140381,text_33,45,5,2back_dual_main_click,2,in,5,4,9,120,60,,,,,,,,,,,03,03,yes,no,no,2025-06-17_11h10.33.301,EXNAT_4_TMS_Psychopy2024.2.5.psyexp,2024.2.5,2025-06-17 11h10.51.554308 +0200,
0,0,0,0,0,0,0,,,,,,,,,#2AB7EF,452.2728273868561,False,space,correct rejection,None,1016.2405967712402,text_33,46,5,2back_dual_main_click,2,Meereshöhlen,5,4,9,120,60,,,,,,,,,,,03,03,yes,no,no,2025-06-17_11h10.33.301,EXNAT_4_TMS_Psychopy2024.2.5.psyexp,2024.2.5,2025-06-17 11h10.51.554308 +0200,
0,0,0,0,0,0,0,,,,,,,,,#88BA3F,453.3449170589447,False,space,correct rejection,None,1128.0386447906494,text_33,47,5,2back_dual_main_click,2,und,6,4,10,120,60,453.45834732055664,,,,,,,,,,03,03,yes,no,no,2025-06-17_11h10.33.301,EXNAT_4_TMS_Psychopy2024.2.5.psyexp,2024.2.5,2025-06-17 11h10.51.554308 +0200,
0,0,0,0,0,0,0,,,,,,,,,#D292F3,454.527437210083,False,space,correct rejection,None,841.5272235870361,text_33,48,5,2back_dual_main_click,2,springen,6,4,10,120,60,,,,,,,,,,,03,03,yes,no,no,2025-06-17_11h10.33.301,EXNAT_4_TMS_Psychopy2024.2.5.psyexp,2024.2.5,2025-06-17 11h10.51.554308 +0200,
0,0,0,0,0,0,0,,,,,,,,,#2AB7EF,455.4230420589447,False,space,correct rejection,None,778.0239582061768,text_33,49,5,2back_dual_main_click,2,ins,6,4,10,120,60,,,,,,,,,,,03,03,yes,no,no,2025-06-17_11h10.33.301,EXNAT_4_TMS_Psychopy2024.2.5.psyexp,2024.2.5,2025-06-17 11h10.51.554308 +0200,
0,0,0,0,0,0,0,,,,,,,,,#88BA3F,456.25474095344543,False,space,correct rejection,None,778.1667709350586,text_33,50,5,2back_dual_main_click,2,"klare,",6,4,10,120,60,,,,,,,,,,,03,03,yes,no,no,2025-06-17_11h10.33.301,EXNAT_4_TMS_Psychopy2024.2.5.psyexp,2024.2.5,2025-06-17 11h10.51.554308 +0200,
0,0,0,0,0,0,0,,,,,,,,,#F989A2,457.08842277526855,False,space,correct rejection,None,1112.609624862671,text_33,51,5,2back_dual_main_click,2,blaue,6,4,10,120,60,,,,,,,,,,,03,03,yes,no,no,2025-06-17_11h10.33.301,EXNAT_4_TMS_Psychopy2024.2.5.psyexp,2024.2.5,2025-06-17 11h10.51.554308 +0200,
0,0,0,0,0,0,0,,,,,,,,,#88BA3F,458.2556746006012,True,space,miss,None,1001.3694763183594,text_33,52,5,2back_dual_main_click,2,Wasser.,6,5,11,120,60,458.4583110809326,,,,,,,,,,03,03,yes,no,no,2025-06-17_11h10.33.301,EXNAT_4_TMS_Psychopy2024.2.5.psyexp,2024.2.5,2025-06-17 11h10.51.554308 +0200,
0,0,0,0,0,0,0,,,,,,,,,#D292F3,459.31240248680115,False,space,correct rejection,None,824.5437145233154,text_33,53,5,2back_dual_main_click,2,Die,6,5,11,120,60,,,,,,,,,,,03,03,yes,no,no,2025-06-17_11h10.33.301,EXNAT_4_TMS_Psychopy2024.2.5.psyexp,2024.2.5,2025-06-17 11h10.51.554308 +0200,
0,0,0,0,0,0,0,,,,,,,,,#D292F3,460.18960094451904,False,space,correct rejection,None,699.3587017059326,text_33,54,5,2back_dual_main_click,2,Ausrüstung,6,5,11,120,60,,,,,,,,,,,03,03,yes,no,no,2025-06-17_11h10.33.301,EXNAT_4_TMS_Psychopy2024.2.5.psyexp,2024.2.5,2025-06-17 11h10.51.554308 +0200,
0,0,0,0,0,0,0,,,,,,,,,#2AB7EF,460.92911887168884,False,space,correct rejection,None,791.7838096618652,text_33,55,5,2back_dual_main_click,2,besteht,6,5,11,120,60,,,,,,,,,,,03,03,yes,no,no,2025-06-17_11h10.33.301,EXNAT_4_TMS_Psychopy2024.2.5.psyexp,2024.2.5,2025-06-17 11h10.51.554308 +0200,
0,0,0,0,0,0,0,,,,,,,,,#F989A2,461.7622570991516,False,space,correct rejection,None,966.6519165039062,text_33,56,5,2back_dual_main_click,2,aus,6,5,11,120,60,,,,,,,,,,,03,03,yes,no,no,2025-06-17_11h10.33.301,EXNAT_4_TMS_Psychopy2024.2.5.psyexp,2024.2.5,2025-06-17 11h10.51.554308 +0200,
0,0,0,0,0,0,0,,,,,,,,,#2AB7EF,462.7658336162567,True,l,hit,491.17279052734375,1131.0505867004395,text_33,57,5,2back_dual_main_click,2,"Sportschuhen,",6,6,12,120,60,463.45833015441895,,,,,,,,,,03,03,yes,no,no,2025-06-17_11h10.33.301,EXNAT_4_TMS_Psychopy2024.2.5.psyexp,2024.2.5,2025-06-17 11h10.51.554308 +0200,
0,0,0,0,0,0,0,,,,,,,,,#D292F3,463.9379870891571,False,space,correct rejection,None,951.0579109191895,text_33,58,5,2back_dual_main_click,2,"Neoprenanzug,",6,6,12,120,60,,,,,,,,,,,03,03,yes,no,no,2025-06-17_11h10.33.301,EXNAT_4_TMS_Psychopy2024.2.5.psyexp,2024.2.5,2025-06-17 11h10.51.554308 +0200,
0,0,0,0,0,0,0,,,,,,,,,#F989A2,464.93183422088623,False,space,correct rejection,None,1557.1472644805908,text_33,59,5,2back_dual_main_click,2,Handschuhen,6,6,12,120,60,,,,,,,,,,,03,03,yes,no,no,2025-06-17_11h10.33.301,EXNAT_4_TMS_Psychopy2024.2.5.psyexp,2024.2.5,2025-06-17 11h10.51.554308 +0200,
0,0,0,0,0,0,0,,,,,,,,,#88BA3F,466.5424780845642,False,space,correct rejection,None,794.6350574493408,text_33,60,5,2back_dual_main_click,2,und,6,6,12,120,60,,,,,,,,,,,03,03,yes,no,no,2025-06-17_11h10.33.301,EXNAT_4_TMS_Psychopy2024.2.5.psyexp,2024.2.5,2025-06-17 11h10.51.554308 +0200,
0,0,0,0,0,0,0,,,,,,,,,#D292F3,467.3923382759094,False,space,correct rejection,None,792.6061153411865,text_33,61,5,2back_dual_main_click,2,einer,6,6,12,120,60,,,,,,,,,,,03,03,yes,no,no,2025-06-17_11h10.33.301,EXNAT_4_TMS_Psychopy2024.2.5.psyexp,2024.2.5,2025-06-17 11h10.51.554308 +0200,
0,0,0,0,0,0,0,,,,,,,,,#88BA3F,468.2243621349335,True,l,hit,664.752721786499,1208.5633277893066,text_33,62,5,2back_dual_main_click,2,Schnorchelmaske.,6,6,12,120,60,,,,,,,,,,,03,03,yes,no,no,2025-06-17_11h10.33.301,EXNAT_4_TMS_Psychopy2024.2.5.psyexp,2024.2.5,2025-06-17 11h10.51.554308 +0200,
0,0,0,0,0,0,0,,,,,,,,,#D292F3,469.47224497795105,True,space,miss,None,664.8461818695068,text_33,63,5,2back_dual_main_click,2,Für,6,7,13,120,60,469.52776622772217,,,,,,,,,,03,03,yes,no,no,2025-06-17_11h10.33.301,EXNAT_4_TMS_Psychopy2024.2.5.psyexp,2024.2.5,2025-06-17 11h10.51.554308 +0200,
0,0,0,0,0,0,0,,,,,,,,,#88BA3F,470.17519664764404,True,space,miss,None,1193.6824321746826,text_33,64,5,2back_dual_main_click,2,Fortgeschrittene,6,7,13,120,60,,,,,,,,,,,03,03,yes,no,no,2025-06-17_11h10.33.301,EXNAT_4_TMS_Psychopy2024.2.5.psyexp,2024.2.5,2025-06-17 11h10.51.554308 +0200,
0,0,0,0,0,0,0,,,,,,,,,#2AB7EF,471.4097738265991,False,space,correct rejection,None,1255.0508975982666,text_33,65,5,2back_dual_main_click,2,bietet,6,7,13,120,60,,,,,,,,,,,03,03,yes,no,no,2025-06-17_11h10.33.301,EXNAT_4_TMS_Psychopy2024.2.5.psyexp,2024.2.5,2025-06-17 11h10.51.554308 +0200,
0,0,0,0,0,0,0,,,,,,,,,#D292F3,472.70565485954285,False,space,correct rejection,None,1415.3320789337158,text_33,66,5,2back_dual_main_click,2,der,6,7,13,120,60,,,,,,,,,,,03,03,yes,no,no,2025-06-17_11h10.33.301,EXNAT_4_TMS_Psychopy2024.2.5.psyexp,2024.2.5,2025-06-17 11h10.51.554308 +0200,
0,0,0,0,0,0,0,,,,,,,,,#88BA3F,474.17495799064636,False,space,correct rejection,None,1258.1229209899902,text_33,67,5,2back_dual_main_click,2,Guide,7,7,14,120,60,474.52778840065,,,,,,,,,,03,03,yes,no,no,2025-06-17_11h10.33.301,EXNAT_4_TMS_Psychopy2024.2.5.psyexp,2024.2.5,2025-06-17 11h10.51.554308 +0200,
0,0,0,0,0,0,0,,,,,,,,,#88BA3F,475.48773074150085,False,space,correct rejection,None,761.0929012298584,text_33,68,5,2back_dual_main_click,2,Pep,7,7,14,120,60,,,,,,,,,,,03,03,yes,no,no,2025-06-17_11h10.33.301,EXNAT_4_TMS_Psychopy2024.2.5.psyexp,2024.2.5,2025-06-17 11h10.51.554308 +0200,
0,0,0,0,0,0,0,,,,,,,,,#F989A2,476.30597496032715,False,space,correct rejection,None,1030.977487564087,text_33,69,5,2back_dual_main_click,2,Platel,7,7,14,120,60,,,,,,,,,,,03,03,yes,no,no,2025-06-17_11h10.33.301,EXNAT_4_TMS_Psychopy2024.2.5.psyexp,2024.2.5,2025-06-17 11h10.51.554308 +0200,
0,0,0,0,0,0,0,,,,,,,,,#F989A2,477.39065313339233,False,space,correct rejection,None,762.1884346008301,text_33,70,5,2back_dual_main_click,2,Touren,7,7,14,120,60,,,,,,,,,,,03,03,yes,no,no,2025-06-17_11h10.33.301,EXNAT_4_TMS_Psychopy2024.2.5.psyexp,2024.2.5,2025-06-17 11h10.51.554308 +0200,
0,0,0,0,0,0,0,,,,,,,,,#2AB7EF,478.20836567878723,False,space,correct rejection,None,1240.6024932861328,text_33,71,5,2back_dual_main_click,2,zur,7,7,14,120,60,,,,,,,,,,,03,03,yes,no,no,2025-06-17_11h10.33.301,EXNAT_4_TMS_Psychopy2024.2.5.psyexp,2024.2.5,2025-06-17 11h10.51.554308 +0200,
0,0,0,0,0,0,0,,,,,,,,,#F989A2,479.5029649734497,True,space,miss,None,842.0758247375488,text_33,72,5,2back_dual_main_click,2,sogenannten,7,8,15,120,60,479.55574321746826,,,,,,,,,,03,03,yes,no,no,2025-06-17_11h10.33.301,EXNAT_4_TMS_Psychopy2024.2.5.psyexp,2024.2.5,2025-06-17 11h10.51.554308 +0200,
0,0,0,0,0,0,0,,,,,,,,,#2AB7EF,480.40065455436707,True,space,miss,None,1624.298095703125,text_33,73,5,2back_dual_main_click,2,""Taubenhöhle"".,7,8,15,120,60,,,,,,,,,,,03,03,yes,no,no,2025-06-17_11h10.33.301,EXNAT_4_TMS_Psychopy2024.2.5.psyexp,2024.2.5,2025-06-17 11h10.51.554308 +0200,
0,0,0,0,0,0,0,,,,,,,,,#D292F3,482.08032846450806,False,space,correct rejection,None,968.7273502349854,text_33,74,5,2back_dual_main_click,2,Dabei,7,8,15,120,60,,,,,,,,,,,03,03,yes,no,no,2025-06-17_11h10.33.301,EXNAT_4_TMS_Psychopy2024.2.5.psyexp,2024.2.5,2025-06-17 11h10.51.554308 +0200,
0,0,0,0,0,0,0,,,,,,,,,#F989A2,483.1036207675934,False,space,correct rejection,None,1657.400131225586,text_33,75,5,2back_dual_main_click,2,handelt,8,8,16,120,60,484.5556561946869,,,,,,,,,,03,03,yes,no,no,2025-06-17_11h10.33.301,EXNAT_4_TMS_Psychopy2024.2.5.psyexp,2024.2.5,2025-06-17 11h10.51.554308 +0200,
0,0,0,0,0,0,0,,,,,,,,,#D292F3,484.8159387111664,True,space,miss,None,857.1522235870361,text_33,76,5,2back_dual_main_click,2,es,8,8,16,120,60,,,,,,,,,,,03,03,yes,no,no,2025-06-17_11h10.33.301,EXNAT_4_TMS_Psychopy2024.2.5.psyexp,2024.2.5,2025-06-17 11h10.51.554308 +0200,
0,0,0,0,0,0,0,,,,,,,,,#D292F3,485.7266457080841,False,space,correct rejection,None,746.3243007659912,text_33,77,5,2back_dual_main_click,2,sich,8,8,16,120,60,,,,,,,,,,,03,03,yes,no,no,2025-06-17_11h10.33.301,EXNAT_4_TMS_Psychopy2024.2.5.psyexp,2024.2.5,2025-06-17 11h10.51.554308 +0200,
0,0,0,0,0,0,0,,,,,,,,,#F989A2,486.52736234664917,False,space,correct rejection,None,1273.6704349517822,text_33,78,5,2back_dual_main_click,2,um,8,8,16,120,60,,,,,,,,,,,03,03,yes,no,no,2025-06-17_11h10.33.301,EXNAT_4_TMS_Psychopy2024.2.5.psyexp,2024.2.5,2025-06-17 11h10.51.554308 +0200,
0,0,0,0,0,0,0,,,,,,,,,#88BA3F,487.8557448387146,False,space,correct rejection,None,745.4071044921875,text_33,79,5,2back_dual_main_click,2,eine,8,8,16,120,60,,,,,,,,,,,03,03,yes,no,no,2025-06-17_11h10.33.301,EXNAT_4_TMS_Psychopy2024.2.5.psyexp,2024.2.5,2025-06-17 11h10.51.554308 +0200,
0,0,0,0,0,0,0,,,,,,,,,#2AB7EF,488.65668201446533,False,space,correct rejection,None,904.517412185669,text_33,80,5,2back_dual_main_click,2,"Höhle,",9,8,17,120,60,489.55566811561584,,,,,,,,,,03,03,yes,no,no,2025-06-17_11h10.33.301,EXNAT_4_TMS_Psychopy2024.2.5.psyexp,2024.2.5,2025-06-17 11h10.51.554308 +0200,
0,0,0,0,0,0,0,,,,,,,,,#2AB7EF,489.60205602645874,False,space,correct rejection,None,1447.0703601837158,text_33,81,5,2back_dual_main_click,2,die,9,8,17,120,60,,,,,,,,,,,03,03,yes,no,no,2025-06-17_11h10.33.301,EXNAT_4_TMS_Psychopy2024.2.5.psyexp,2024.2.5,2025-06-17 11h10.51.554308 +0200,
0,0,0,0,0,0,0,,,,,,,,,#F989A2,491.1025130748749,False,space,correct rejection,None,714.4243717193604,text_33,82,5,2back_dual_main_click,2,man,9,8,17,120,60,,,,,,,,,,,03,03,yes,no,no,2025-06-17_11h10.33.301,EXNAT_4_TMS_Psychopy2024.2.5.psyexp,2024.2.5,2025-06-17 11h10.51.554308 +0200,
0,0,0,0,0,0,0,,,,,,,,,#88BA3F,491.8583343029022,False,space,correct rejection,None,1078.4883499145508,text_33,83,5,2back_dual_main_click,2,nur,9,8,17,120,60,,,,,,,,,,,03,03,yes,no,no,2025-06-17_11h10.33.301,EXNAT_4_TMS_Psychopy2024.2.5.psyexp,2024.2.5,2025-06-17 11h10.51.554308 +0200,
0,0,0,0,0,0,0,,,,,,,,,#D292F3,492.97650504112244,False,l,false alarm,984.4655990600586,1352.3356914520264,text_33,84,5,2back_dual_main_click,2,schwimmend,9,8,17,120,60,,,,,,,,,,,03,03,yes,no,no,2025-06-17_11h10.33.301,EXNAT_4_TMS_Psychopy2024.2.5.psyexp,2024.2.5,2025-06-17 11h10.51.554308 +0200,
0,0,0,0,0,0,0,,,,,,,,,#F989A2,494.3835127353668,False,space,correct rejection,None,905.5032730102539,text_33,85,5,2back_dual_main_click,2,erreicht.,9,8,17,120,60,,,,,,,,,,,03,03,yes,no,no,2025-06-17_11h10.33.301,EXNAT_4_TMS_Psychopy2024.2.5.psyexp,2024.2.5,2025-06-17 11h10.51.554308 +0200,
0,0,0,0,0,0,0,,,,,,,,,#88BA3F,495.34386110305786,False,space,correct rejection,None,793.1842803955078,text_33,86,5,2back_dual_main_click,2,In,10,8,18,120,60,495.39538526535034,,,,,,,,,,03,03,yes,no,no,2025-06-17_11h10.33.301,EXNAT_4_TMS_Psychopy2024.2.5.psyexp,2024.2.5,2025-06-17 11h10.51.554308 +0200,
0,0,0,0,0,0,0,,,,,,,,,#F989A2,496.19317173957825,True,space,miss,None,775.8755683898926,text_33,87,5,2back_dual_main_click,2,der,10,8,18,120,60,,,,,,,,,,,03,03,yes,no,no,2025-06-17_11h10.33.301,EXNAT_4_TMS_Psychopy2024.2.5.psyexp,2024.2.5,2025-06-17 11h10.51.554308 +0200,
0,0,0,0,0,0,0,,,,,,,,,#2AB7EF,497.02507495880127,False,space,correct rejection,None,903.8784503936768,text_33,88,5,2back_dual_main_click,2,Höhle,10,8,18,120,60,,,,,,,,,,,03,03,yes,no,no,2025-06-17_11h10.33.301,EXNAT_4_TMS_Psychopy2024.2.5.psyexp,2024.2.5,2025-06-17 11h10.51.554308 +0200,
0,0,0,0,0,0,0,,,,,,,,,#D292F3,497.98433470726013,False,space,correct rejection,None,856.7812442779541,text_33,89,5,2back_dual_main_click,2,ist,10,8,18,120,60,,,,,,,,,,,03,03,yes,no,no,2025-06-17_11h10.33.301,EXNAT_4_TMS_Psychopy2024.2.5.psyexp,2024.2.5,2025-06-17 11h10.51.554308 +0200,
0,0,0,0,0,0,0,,,,,,,,,#F989A2,498.8970549106598,False,space,correct rejection,None,776.0193347930908,text_33,90,5,2back_dual_main_click,2,es,10,8,18,120,60,,,,,,,,,,,03,03,yes,no,no,2025-06-17_11h10.33.301,EXNAT_4_TMS_Psychopy2024.2.5.psyexp,2024.2.5,2025-06-17 11h10.51.554308 +0200,
0,0,0,0,0,0,0,,,,,,,,,#2AB7EF,499.72719407081604,False,space,correct rejection,None,809.9346160888672,text_33,91,5,2back_dual_main_click,2,ganz,10,8,18,120,60,,,,,,,,,,,03,03,yes,no,no,2025-06-17_11h10.33.301,EXNAT_4_TMS_Psychopy2024.2.5.psyexp,2024.2.5,2025-06-17 11h10.51.554308 +0200,
0,0,0,0,0,0,0,,,,,,,,,#D292F3,500.5771150588989,False,space,correct rejection,None,1095.9923267364502,text_33,92,5,2back_dual_main_click,2,dunkel,10,8,18,120,60,,,,,,,,,,,03,03,yes,no,no,2025-06-17_11h10.33.301,EXNAT_4_TMS_Psychopy2024.2.5.psyexp,2024.2.5,2025-06-17 11h10.51.554308 +0200,
0,0,0,0,0,0,0,,,,,,,,,#2AB7EF,501.7281279563904,True,l,hit,520.8048820495605,1064.7621154785156,text_33,93,5,2back_dual_main_click,2,und,10,8,18,120,60,,,,,,,,,,,03,03,yes,no,no,2025-06-17_11h10.33.301,EXNAT_4_TMS_Psychopy2024.2.5.psyexp,2024.2.5,2025-06-17 11h10.51.554308 +0200,
0,0,0,0,0,0,0,,,,,,,,,#88BA3F,502.83380365371704,False,space,correct rejection,None,1191.1671161651611,text_33,94,5,2back_dual_main_click,2,still.,10,8,18,120,60,,,,,,,,,,,03,03,yes,no,no,2025-06-17_11h10.33.301,EXNAT_4_TMS_Psychopy2024.2.5.psyexp,2024.2.5,2025-06-17 11h10.51.554308 +0200,
0,0,0,0,0,0,0,,,,,,,,,#2AB7EF,504.0656430721283,True,space,miss,None,983.3388328552246,text_33,95,5,2back_dual_main_click,2,Mutige,10,9,19,120,60,504.1177191734314,,,,,,,,,,03,03,yes,no,no,2025-06-17_11h10.33.301,EXNAT_4_TMS_Psychopy2024.2.5.psyexp,2024.2.5,2025-06-17 11h10.51.554308 +0200,
0,0,0,0,0,0,0,,,,,,,,,#88BA3F,505.0902986526489,True,l,hit,870.5973625183105,1462.5229835510254,text_33,96,5,2back_dual_main_click,2,Teilnehmer,10,9,19,120,60,,,,,,,,,,,03,03,yes,no,no,2025-06-17_11h10.33.301,EXNAT_4_TMS_Psychopy2024.2.5.psyexp,2024.2.5,2025-06-17 11h10.51.554308 +0200,
0,0,0,0,0,0,0,,,,,,,,,#F989A2,506.5960838794708,False,space,correct rejection,None,852.8125286102295,text_33,97,5,2back_dual_main_click,2,dürfen,10,9,19,120,60,,,,,,,,,,,03,03,yes,no,no,2025-06-17_11h10.33.301,EXNAT_4_TMS_Psychopy2024.2.5.psyexp,2024.2.5,2025-06-17 11h10.51.554308 +0200,
0,0,0,0,0,0,0,,,,,,,,,#F989A2,507.50314807891846,False,space,correct rejection,None,857.8147888183594,text_33,98,5,2back_dual_main_click,2,dort,10,9,19,120,60,,,,,,,,,,,03,03,yes,no,no,2025-06-17_11h10.33.301,EXNAT_4_TMS_Psychopy2024.2.5.psyexp,2024.2.5,2025-06-17 11h10.51.554308 +0200,
0,0,0,0,0,0,0,,,,,,,,,#2AB7EF,508.4016900062561,False,space,correct rejection,None,871.3569641113281,text_33,99,5,2back_dual_main_click,2,auch,10,9,19,120,60,,,,,,,,,,,03,03,yes,no,no,2025-06-17_11h10.33.301,EXNAT_4_TMS_Psychopy2024.2.5.psyexp,2024.2.5,2025-06-17 11h10.51.554308 +0200,
0,0,0,0,0,0,0,,,,,,,,,#88BA3F,509.3112223148346,False,space,correct rejection,None,1065.8361911773682,text_33,100,5,2back_dual_main_click,2,aus,11,9,20,120,60,509.3633484840393,,,,,,,,,,03,03,yes,no,no,2025-06-17_11h10.33.301,EXNAT_4_TMS_Psychopy2024.2.5.psyexp,2024.2.5,2025-06-17 11h10.51.554308 +0200,
0,0,0,0,0,0,0,,,,,,,,,#2AB7EF,510.4144780635834,True,l,hit,634.5858573913574,1066.4253234863281,text_33,101,5,2back_dual_main_click,2,rund,11,9,20,120,60,,,,,,,,,,,03,03,yes,no,no,2025-06-17_11h10.33.301,EXNAT_4_TMS_Psychopy2024.2.5.psyexp,2024.2.5,2025-06-17 11h10.51.554308 +0200,
0,0,0,0,0,0,0,,,,,,,,,#D292F3,511.5353705883026,False,space,correct rejection,None,857.7146530151367,text_33,102,5,2back_dual_main_click,2,zwölf,11,9,20,120,60,,,,,,,,,,,03,03,yes,no,no,2025-06-17_11h10.33.301,EXNAT_4_TMS_Psychopy2024.2.5.psyexp,2024.2.5,2025-06-17 11h10.51.554308 +0200,
0,0,0,0,0,0,0,,,,,,,,,#2AB7EF,512.4496688842773,True,space,miss,None,951.1709213256836,text_33,103,5,2back_dual_main_click,2,Metern,11,9,20,120,60,,,,,,,,,,,03,03,yes,no,no,2025-06-17_11h10.33.301,EXNAT_4_TMS_Psychopy2024.2.5.psyexp,2024.2.5,2025-06-17 11h10.51.554308 +0200,
0,0,0,0,0,0,0,,,,,,,,,#88BA3F,513.4557235240936,False,space,correct rejection,None,793.4412956237793,text_33,104,5,2back_dual_main_click,2,Höhe,11,9,20,120,60,,,,,,,,,,,03,03,yes,no,no,2025-06-17_11h10.33.301,EXNAT_4_TMS_Psychopy2024.2.5.psyexp,2024.2.5,2025-06-17 11h10.51.554308 +0200,
0,0,0,0,0,0,0,,,,,,,,,#F989A2,514.3037495613098,False,space,correct rejection,None,873.3339309692383,text_33,105,5,2back_dual_main_click,2,ins,11,9,20,120,60,,,,,,,,,,,03,03,yes,no,no,2025-06-17_11h10.33.301,EXNAT_4_TMS_Psychopy2024.2.5.psyexp,2024.2.5,2025-06-17 11h10.51.554308 +0200,
0,0,0,0,0,0,0,,,,,,,,,#D292F3,515.2319121360779,False,space,correct rejection,None,777.1933078765869,text_33,106,5,2back_dual_main_click,2,Wasser,11,9,20,120,60,,,,,,,,,,,03,03,yes,no,no,2025-06-17_11h10.33.301,EXNAT_4_TMS_Psychopy2024.2.5.psyexp,2024.2.5,2025-06-17 11h10.51.554308 +0200,
0,0,0,0,0,0,0,,,,,,,,,#88BA3F,516.065553188324,False,space,correct rejection,None,1095.6029891967773,text_33,107,5,2back_dual_main_click,2,springen.,11,9,20,120,60,,,,,,,,,,,03,03,yes,no,no,2025-06-17_11h10.33.301,EXNAT_4_TMS_Psychopy2024.2.5.psyexp,2024.2.5,2025-06-17 11h10.51.554308 +0200,
0,0,0,0,0,0,0,,,,,,,,,#D292F3,517.2184431552887,True,space,miss,None,2310.706853866577,text_33,108,5,2back_dual_main_click,2,Coasteering,11,10,21,120,60,517.2917256355286,,,,,,,,,,03,03,yes,no,no,2025-06-17_11h10.33.301,EXNAT_4_TMS_Psychopy2024.2.5.psyexp,2024.2.5,2025-06-17 11h10.51.554308 +0200,
0,0,0,0,0,0,0,,,,,,,,,#D292F3,519.5836088657379,False,space,correct rejection,None,697.3869800567627,text_33,109,5,2back_dual_main_click,2,verbindet,11,10,21,120,60,,,,,,,,,,,03,03,yes,no,no,2025-06-17_11h10.33.301,EXNAT_4_TMS_Psychopy2024.2.5.psyexp,2024.2.5,2025-06-17 11h10.51.554308 +0200,
0,0,0,0,0,0,0,,,,,,,,,#88BA3F,520.3378434181213,False,space,correct rejection,None,1223.1874465942383,text_33,110,5,2back_dual_main_click,2,Bewegung,11,10,21,120,60,,,,,,,,,,,03,03,yes,no,no,2025-06-17_11h10.33.301,EXNAT_4_TMS_Psychopy2024.2.5.psyexp,2024.2.5,2025-06-17 11h10.51.554308 +0200,
0,0,0,0,0,0,0,,,,,,,,,#88BA3F,521.6016232967377,False,space,correct rejection,None,711.3370895385742,text_33,111,5,2back_dual_main_click,2,in,11,10,21,120,60,,,,,,,,,,,03,03,yes,no,no,2025-06-17_11h10.33.301,EXNAT_4_TMS_Psychopy2024.2.5.psyexp,2024.2.5,2025-06-17 11h10.51.554308 +0200,
0,0,0,0,0,0,0,,,,,,,,,#88BA3F,522.3514134883881,True,l,hit,681.5505027770996,1113.4486198425293,text_33,112,5,2back_dual_main_click,2,der,11,11,22,120,60,522.4036211967468,,,,,,,,,,03,03,yes,no,no,2025-06-17_11h10.33.301,EXNAT_4_TMS_Psychopy2024.2.5.psyexp,2024.2.5,2025-06-17 11h10.51.554308 +0200,
0,0,0,0,0,0,0,,,,,,,,,#88BA3F,523.505206823349,True,l,hit,903.9046764373779,1335.7207775115967,text_33,113,5,2back_dual_main_click,2,Natur,11,11,22,120,60,,,,,,,,,,,03,03,yes,no,no,2025-06-17_11h10.33.301,EXNAT_4_TMS_Psychopy2024.2.5.psyexp,2024.2.5,2025-06-17 11h10.51.554308 +0200,
0,0,0,0,0,0,0,,,,,,,,,#2AB7EF,524.8826670646667,False,space,correct rejection,None,966.3593769073486,text_33,114,5,2back_dual_main_click,2,mit,11,11,22,120,60,,,,,,,,,,,03,03,yes,no,no,2025-06-17_11h10.33.301,EXNAT_4_TMS_Psychopy2024.2.5.psyexp,2024.2.5,2025-06-17 11h10.51.554308 +0200,
0,0,0,0,0,0,0,,,,,,,,,#2AB7EF,525.8903679847717,False,space,correct rejection,None,838.6950492858887,text_33,115,5,2back_dual_main_click,2,Spaß,11,11,22,120,60,,,,,,,,,,,03,03,yes,no,no,2025-06-17_11h10.33.301,EXNAT_4_TMS_Psychopy2024.2.5.psyexp,2024.2.5,2025-06-17 11h10.51.554308 +0200,
0,0,0,0,0,0,0,,,,,,,,,#F989A2,526.7683334350586,False,space,correct rejection,None,792.6688194274902,text_33,116,5,2back_dual_main_click,2,in,11,11,22,120,60,,,,,,,,,,,03,03,yes,no,no,2025-06-17_11h10.33.301,EXNAT_4_TMS_Psychopy2024.2.5.psyexp,2024.2.5,2025-06-17 11h10.51.554308 +0200,
0,0,0,0,0,0,0,,,,,,,,,#D292F3,527.5995209217072,False,space,correct rejection,None,969.5348739624023,text_33,117,5,2back_dual_main_click,2,der,12,11,23,120,60,527.652446269989,,,,,,,,,,03,03,yes,no,no,2025-06-17_11h10.33.301,EXNAT_4_TMS_Psychopy2024.2.5.psyexp,2024.2.5,2025-06-17 11h10.51.554308 +0200,
0,0,0,0,0,0,0,,,,,,,,,#F989A2,528.6079699993134,True,l,hit,761.1112594604492,1240.9000396728516,text_33,118,5,2back_dual_main_click,2,Gruppe.,12,11,23,120,60,,,,,,,,,,,03,03,yes,no,no,2025-06-17_11h10.33.301,EXNAT_4_TMS_Psychopy2024.2.5.psyexp,2024.2.5,2025-06-17 11h10.51.554308 +0200,
0,0,0,0,0,0,0,,,,,,,,,#F989A2,529.8889656066895,False,space,correct rejection,None,935.971736907959,text_33,119,5,2back_dual_main_click,2,Immer,12,11,23,120,60,,,,,,,,,,,03,03,yes,no,no,2025-06-17_11h10.33.301,EXNAT_4_TMS_Psychopy2024.2.5.psyexp,2024.2.5,2025-06-17 11h10.51.554308 +0200,
0,0,0,0,0,0,0,,,,,,,,,#2AB7EF,530.863499879837,False,space,correct rejection,None,825.3307342529297,text_33,120,5,2back_dual_main_click,2,mehr,12,11,23,120,60,,,,,,,,,,,03,03,yes,no,no,2025-06-17_11h10.33.301,EXNAT_4_TMS_Psychopy2024.2.5.psyexp,2024.2.5,2025-06-17 11h10.51.554308 +0200,
0,0,0,0,0,0,0,,,,,,,,,#F989A2,531.7290351390839,True,l,hit,615.9560680389404,1143.8775062561035,text_33,121,5,2back_dual_main_click,2,Urlauber,12,12,24,120,60,532.6523814201355,,,,,,,,,,03,03,yes,no,no,2025-06-17_11h10.33.301,EXNAT_4_TMS_Psychopy2024.2.5.psyexp,2024.2.5,2025-06-17 11h10.51.554308 +0200,
0,0,0,0,0,0,0,,,,,,,,,#88BA3F,532.9135205745697,False,space,correct rejection,None,903.4430980682373,text_33,122,5,2back_dual_main_click,2,wollen,12,12,24,120,60,,,,,,,,,,,03,03,yes,no,no,2025-06-17_11h10.33.301,EXNAT_4_TMS_Psychopy2024.2.5.psyexp,2024.2.5,2025-06-17 11h10.51.554308 +0200,
0,0,0,0,0,0,0,,,,,,,,,#88BA3F,533.8581562042236,False,space,correct rejection,None,854.701042175293,text_33,123,5,2back_dual_main_click,2,solche,12,12,24,120,60,,,,,,,,,,,03,03,yes,no,no,2025-06-17_11h10.33.301,EXNAT_4_TMS_Psychopy2024.2.5.psyexp,2024.2.5,2025-06-17 11h10.51.554308 +0200,
0,0,0,0,0,0,0,,,,,,,,,#2AB7EF,534.7534668445587,False,space,correct rejection,None,855.5803298950195,text_33,124,5,2back_dual_main_click,2,Erlebnisse.,12,12,24,120,60,,,,,,,,,,,03,03,yes,no,no,2025-06-17_11h10.33.301,EXNAT_4_TMS_Psychopy2024.2.5.psyexp,2024.2.5,2025-06-17 11h10.51.554308 +0200,
0,0,0,0,0,0,0,,,,,,,,,#F989A2,535.6505539417267,False,space,correct rejection,None,870.4843521118164,text_33,125,5,2back_dual_main_click,2,Coasteering,12,12,24,120,60,,,,,,,,,,,03,03,yes,no,no,2025-06-17_11h10.33.301,EXNAT_4_TMS_Psychopy2024.2.5.psyexp,2024.2.5,2025-06-17 11h10.51.554308 +0200,
0,0,0,0,0,0,0,,,,,,,,,#D292F3,536.5623049736023,False,space,correct rejection,None,1078.7220001220703,text_33,126,5,2back_dual_main_click,2,"zeigt,",12,12,24,120,60,,,,,,,,,,,03,03,yes,no,no,2025-06-17_11h10.33.301,EXNAT_4_TMS_Psychopy2024.2.5.psyexp,2024.2.5,2025-06-17 11h10.51.554308 +0200,
0,0,0,0,0,0,0,,,,,,,,,#D292F3,537.68181681633,False,space,correct rejection,None,679.0542602539062,text_33,127,5,2back_dual_main_click,2,dass,13,12,25,120,60,537.7324948310852,,,,,,,,,,03,03,yes,no,no,2025-06-17_11h10.33.301,EXNAT_4_TMS_Psychopy2024.2.5.psyexp,2024.2.5,2025-06-17 11h10.51.554308 +0200,
0,0,0,0,0,0,0,,,,,,,,,#88BA3F,538.4010028839111,False,space,correct rejection,None,967.9892063140869,text_33,128,5,2back_dual_main_click,2,Urlaub,13,12,25,120,60,,,,,,,,,,,03,03,yes,no,no,2025-06-17_11h10.33.301,EXNAT_4_TMS_Psychopy2024.2.5.psyexp,2024.2.5,2025-06-17 11h10.51.554308 +0200,
0,0,0,0,0,0,0,,,,,,,,,#2AB7EF,539.4108872413635,False,space,correct rejection,None,838.1643295288086,text_33,129,5,2back_dual_main_click,2,aufregend,13,12,25,120,60,,,,,,,,,,,03,03,yes,no,no,2025-06-17_11h10.33.301,EXNAT_4_TMS_Psychopy2024.2.5.psyexp,2024.2.5,2025-06-17 11h10.51.554308 +0200,
0,0,0,0,0,0,0,,,,,,,,,#D292F3,540.2885568141937,False,space,correct rejection,None,872.4620342254639,text_33,130,5,2back_dual_main_click,2,und,13,12,25,120,60,,,,,,,,,,,03,03,yes,no,no,2025-06-17_11h10.33.301,EXNAT_4_TMS_Psychopy2024.2.5.psyexp,2024.2.5,2025-06-17 11h10.51.554308 +0200,
0,0,0,0,0,0,0,,,,,,,,,#F989A2,541.2002494335175,False,space,correct rejection,None,888.7629508972168,text_33,131,5,2back_dual_main_click,2,aktiv,13,12,25,120,60,,,,,,,,,,,03,03,yes,no,no,2025-06-17_11h10.33.301,EXNAT_4_TMS_Psychopy2024.2.5.psyexp,2024.2.5,2025-06-17 11h10.51.554308 +0200,
0,0,0,0,0,0,0,,,,,,,,,#2AB7EF,542.1295704841614,False,space,correct rejection,None,887.4356746673584,text_33,132,5,2back_dual_main_click,2,sein,14,12,26,120,60,542.7324328422546,,,,,,,,,,03,03,yes,no,no,2025-06-17_11h10.33.301,EXNAT_4_TMS_Psychopy2024.2.5.psyexp,2024.2.5,2025-06-17 11h10.51.554308 +0200,
0,0,0,0,0,0,0,,,,,,,,,#F989A2,543.0589864253998,True,space,miss,None,677.9909133911133,text_33,133,5,2back_dual_main_click,2,kann.,14,12,26,120,60,,,,,,,,,,,03,03,yes,no,no,2025-06-17_11h10.33.301,EXNAT_4_TMS_Psychopy2024.2.5.psyexp,2024.2.5,2025-06-17 11h10.51.554308 +0200,
0,0,0,0,0,0,0,,,,,,,,,#F989A2,543.7775456905365,False,space,correct rejection,None,1367.2723770141602,text_33,134,5,2back_dual_main_click,2,Man,14,12,26,120,60,,,,,,,,,,,03,03,yes,no,no,2025-06-17_11h10.33.301,EXNAT_4_TMS_Psychopy2024.2.5.psyexp,2024.2.5,2025-06-17 11h10.51.554308 +0200,
0,0,0,0,0,0,0,,,,,,,,,#D292F3,545.1841340065002,False,space,correct rejection,None,776.9744396209717,text_33,135,5,2back_dual_main_click,2,entdeckt,14,12,26,120,60,,,,,,,,,,,03,03,yes,no,no,2025-06-17_11h10.33.301,EXNAT_4_TMS_Psychopy2024.2.5.psyexp,2024.2.5,2025-06-17 11h10.51.554308 +0200,
0,0,0,0,0,0,0,,,,,,,,,#88BA3F,545.9988462924957,False,space,correct rejection,None,794.2719459533691,text_33,136,5,2back_dual_main_click,2,die,14,12,26,120,60,,,,,,,,,,,03,03,yes,no,no,2025-06-17_11h10.33.301,EXNAT_4_TMS_Psychopy2024.2.5.psyexp,2024.2.5,2025-06-17 11h10.51.554308 +0200,
0,0,0,0,0,0,0,,,,,,,,,#2AB7EF,546.8331699371338,False,space,correct rejection,None,887.6445293426514,text_33,137,5,2back_dual_main_click,2,schöne,14,12,26,120,60,,,,,,,,,,,03,03,yes,no,no,2025-06-17_11h10.33.301,EXNAT_4_TMS_Psychopy2024.2.5.psyexp,2024.2.5,2025-06-17 11h10.51.554308 +0200,
0,0,0,0,0,0,0,,,,,,,,,#D292F3,547.756959438324,False,space,correct rejection,None,859.9908351898193,text_33,138,5,2back_dual_main_click,2,und,14,12,26,120,60,,,,,,,,,,,03,03,yes,no,no,2025-06-17_11h10.33.301,EXNAT_4_TMS_Psychopy2024.2.5.psyexp,2024.2.5,2025-06-17 11h10.51.554308 +0200,
0,0,0,0,0,0,0,,,,,,,,,#88BA3F,548.657600402832,False,space,correct rejection,None,839.4069671630859,text_33,139,5,2back_dual_main_click,2,unberührte,14,12,26,120,60,,,,,,,,,,,03,03,yes,no,no,2025-06-17_11h10.33.301,EXNAT_4_TMS_Psychopy2024.2.5.psyexp,2024.2.5,2025-06-17 11h10.51.554308 +0200,
0,0,0,0,0,0,0,,,,,,,,,#88BA3F,549.5363185405731,False,space,correct rejection,None,1064.5837783813477,text_33,140,5,2back_dual_main_click,2,Natur,14,12,26,120,60,,,,,,,,,,,03,03,yes,no,no,2025-06-17_11h10.33.301,EXNAT_4_TMS_Psychopy2024.2.5.psyexp,2024.2.5,2025-06-17 11h10.51.554308 +0200,
0,0,0,0,0,0,0,,,,,,,,,#D292F3,550.640239238739,False,space,correct rejection,None,744.6928024291992,text_33,141,5,2back_dual_main_click,2,Mallorcas.,14,12,26,120,60,,,,,,,,,,,03,03,yes,no,no,2025-06-17_11h10.33.301,EXNAT_4_TMS_Psychopy2024.2.5.psyexp,2024.2.5,2025-06-17 11h10.51.554308 +0200,
0,0,0,0,0,0,0,,,,,,,,,#2AB7EF,551.4264185428619,False,space,correct rejection,None,1014.6381855010986,text_33,142,5,2back_dual_main_click,2,Damit,14,12,26,120,60,,,,,,,,,,,03,03,yes,no,no,2025-06-17_11h10.33.301,EXNAT_4_TMS_Psychopy2024.2.5.psyexp,2024.2.5,2025-06-17 11h10.51.554308 +0200,
0,0,0,0,0,0,0,,,,,,,,,#F989A2,552.4800989627838,False,space,correct rejection,None,872.7927207946777,text_33,143,5,2back_dual_main_click,2,wird,14,12,26,120,60,,,,,,,,,,,03,03,yes,no,no,2025-06-17_11h10.33.301,EXNAT_4_TMS_Psychopy2024.2.5.psyexp,2024.2.5,2025-06-17 11h10.51.554308 +0200,
0,0,0,0,0,0,0,,,,,,,,,#F989A2,553.3938641548157,False,space,correct rejection,None,1031.1012268066406,text_33,144,5,2back_dual_main_click,2,Touristen,14,12,26,120,60,,,,,,,,,,,03,03,yes,no,no,2025-06-17_11h10.33.301,EXNAT_4_TMS_Psychopy2024.2.5.psyexp,2024.2.5,2025-06-17 11h10.51.554308 +0200,
0,0,0,0,0,0,0,,,,,,,,,#D292F3,554.4621777534485,False,space,correct rejection,None,1082.6406478881836,text_33,145,5,2back_dual_main_click,2,eine,14,12,26,120,60,,,,,,,,,,,03,03,yes,no,no,2025-06-17_11h10.33.301,EXNAT_4_TMS_Psychopy2024.2.5.psyexp,2024.2.5,2025-06-17 11h10.51.554308 +0200,
0,0,0,0,0,0,0,,,,,,,,,#F989A2,555.5825922489166,True,l,hit,826.4455795288086,1434.2665672302246,text_33,146,5,2back_dual_main_click,2,gute,14,13,27,120,60,555.6348433494568,,,,,,,,,,03,03,yes,no,no,2025-06-17_11h10.33.301,EXNAT_4_TMS_Psychopy2024.2.5.psyexp,2024.2.5,2025-06-17 11h10.51.554308 +0200,
0,0,0,0,0,0,0,,,,,,,,,#2AB7EF,557.0565040111542,False,space,correct rejection,None,1000.396728515625,text_33,147,5,2back_dual_main_click,2,Alternative,14,13,27,120,60,,,,,,,,,,,03,03,yes,no,no,2025-06-17_11h10.33.301,EXNAT_4_TMS_Psychopy2024.2.5.psyexp,2024.2.5,2025-06-17 11h10.51.554308 +0200,
0,0,0,0,0,0,0,,,,,,,,,#88BA3F,558.0988640785217,False,space,correct rejection,None,758.1772804260254,text_33,148,5,2back_dual_main_click,2,zum,14,13,27,120,60,,,,,,,,,,,03,03,yes,no,no,2025-06-17_11h10.33.301,EXNAT_4_TMS_Psychopy2024.2.5.psyexp,2024.2.5,2025-06-17 11h10.51.554308 +0200,
0,0,0,0,0,0,0,,,,,,,,,#D292F3,558.8995568752289,False,space,correct rejection,None,773.4813690185547,text_33,149,5,2back_dual_main_click,2,""Ballermann"",14,13,27,120,60,,,,,,,,,,,03,03,yes,no,no,2025-06-17_11h10.33.301,EXNAT_4_TMS_Psychopy2024.2.5.psyexp,2024.2.5,2025-06-17 11h10.51.554308 +0200,
0,0,0,0,0,0,0,,,,,,,,,#88BA3F,559.7151894569397,True,l,hit,517.9409980773926,1061.7759227752686,text_33,150,5,2back_dual_main_click,2,angeboten.,14,14,28,120,60,560.6348195075989,,,,,,,,,,03,03,yes,no,no,2025-06-17_11h10.33.301,EXNAT_4_TMS_Psychopy2024.2.5.psyexp,2024.2.5,2025-06-17 11h10.51.554308 +0200,
0,0,0,0,0,0,0,,,,,,,,,,560.8273019790649,,1,,,,text_33,,5,2back_dual_main_click,,,,,,,,,Q1,a,False,,,,,,,03,03,yes,no,no,2025-06-17_11h10.33.301,EXNAT_4_TMS_Psychopy2024.2.5.psyexp,2024.2.5,2025-06-17 11h10.51.554308 +0200,
0,0,0,0,0,0,0,,,,,,,,,,567.7696948051453,,1,,,,text_33,,5,2back_dual_main_click,,,,,,,,,Q2,a,True,,,,,,,03,03,yes,no,no,2025-06-17_11h10.33.301,EXNAT_4_TMS_Psychopy2024.2.5.psyexp,2024.2.5,2025-06-17 11h10.51.554308 +0200,
0,0,0,0,0,0,0,,,,,,,,,,571.1870296001434,,1,,,,text_33,,5,2back_dual_main_click,,,,,,,,,Q3,a,True,,,,,,,03,03,yes,no,no,2025-06-17_11h10.33.301,EXNAT_4_TMS_Psychopy2024.2.5.psyexp,2024.2.5,2025-06-17 11h10.51.554308 +0200,
0,0,0,0,0,0,0,,,,,,,,,#F989A2,580.7914164066315,False,space,correct rejection,None,801.7032146453857,text_44,1,6,2back_dual_main_click,2,Kapstadt,15,14,29,120,60,580.8449544906616,,,,,,,,,,03,03,yes,no,no,2025-06-17_11h10.33.301,EXNAT_4_TMS_Psychopy2024.2.5.psyexp,2024.2.5,2025-06-17 11h10.51.554308 +0200,
0,0,0,0,0,0,0,,,,,,,,,#D292F3,581.6234321594238,False,space,correct rejection,None,753.6215782165527,text_44,2,6,2back_dual_main_click,2,ist,15,14,29,120,60,,,,,,,,,,,03,03,yes,no,no,2025-06-17_11h10.33.301,EXNAT_4_TMS_Psychopy2024.2.5.psyexp,2024.2.5,2025-06-17 11h10.51.554308 +0200,
0,0,0,0,0,0,0,,,,,,,,,#D292F3,582.4159154891968,False,space,correct rejection,None,905.1902294158936,text_44,3,6,2back_dual_main_click,2,ein,15,14,29,120,60,,,,,,,,,,,03,03,yes,no,no,2025-06-17_11h10.33.301,EXNAT_4_TMS_Psychopy2024.2.5.psyexp,2024.2.5,2025-06-17 11h10.51.554308 +0200,
0,0,0,0,0,0,0,,,,,,,,,#D292F3,583.3602025508881,True,l,hit,536.7774963378906,1096.632480621338,text_44,4,6,2back_dual_main_click,2,noch,15,14,29,120,60,,,,,,,,,,,03,03,yes,no,no,2025-06-17_11h10.33.301,EXNAT_4_TMS_Psychopy2024.2.5.psyexp,2024.2.5,2025-06-17 11h10.51.554308 +0200,
0,0,0,0,0,0,0,,,,,,,,,#88BA3F,584.4983217716217,False,space,correct rejection,None,998.6231327056885,text_44,5,6,2back_dual_main_click,2,relativ,15,14,29,120,60,,,,,,,,,,,03,03,yes,no,no,2025-06-17_11h10.33.301,EXNAT_4_TMS_Psychopy2024.2.5.psyexp,2024.2.5,2025-06-17 11h10.51.554308 +0200,
0,0,0,0,0,0,0,,,,,,,,,#88BA3F,585.538323879242,False,space,correct rejection,None,1030.7223796844482,text_44,6,6,2back_dual_main_click,2,unbekanntes,16,14,30,120,60,585.8451266288757,,,,,,,,,,03,03,yes,no,no,2025-06-17_11h10.33.301,EXNAT_4_TMS_Psychopy2024.2.5.psyexp,2024.2.5,2025-06-17 11h10.51.554308 +0200,
0,0,0,0,0,0,0,,,,,,,,,#88BA3F,586.6093196868896,True,space,miss,None,1543.6699390411377,text_44,7,6,2back_dual_main_click,2,Paradies,16,14,30,120,60,,,,,,,,,,,03,03,yes,no,no,2025-06-17_11h10.33.301,EXNAT_4_TMS_Psychopy2024.2.5.psyexp,2024.2.5,2025-06-17 11h10.51.554308 +0200,
0,0,0,0,0,0,0,,,,,,,,,#2AB7EF,588.191773891449,False,space,correct rejection,None,873.1720447540283,text_44,8,6,2back_dual_main_click,2,für,16,14,30,120,60,,,,,,,,,,,03,03,yes,no,no,2025-06-17_11h10.33.301,EXNAT_4_TMS_Psychopy2024.2.5.psyexp,2024.2.5,2025-06-17 11h10.51.554308 +0200,
0,0,0,0,0,0,0,,,,,,,,,#2AB7EF,589.10453748703,False,space,correct rejection,None,1000.4136562347412,text_44,9,6,2back_dual_main_click,2,Jazz-Fans.,16,14,30,120,60,,,,,,,,,,,03,03,yes,no,no,2025-06-17_11h10.33.301,EXNAT_4_TMS_Psychopy2024.2.5.psyexp,2024.2.5,2025-06-17 11h10.51.554308 +0200,
0,0,0,0,0,0,0,,,,,,,,,#F989A2,590.1467356681824,False,space,correct rejection,None,870.2518939971924,text_44,10,6,2back_dual_main_click,2,Bei,16,14,30,120,60,,,,,,,,,,,03,03,yes,no,no,2025-06-17_11h10.33.301,EXNAT_4_TMS_Psychopy2024.2.5.psyexp,2024.2.5,2025-06-17 11h10.51.554308 +0200,
0,0,0,0,0,0,0,,,,,,,,,#F989A2,591.0558767318726,False,space,correct rejection,None,761.0838413238525,text_44,11,6,2back_dual_main_click,2,der,16,14,30,120,60,,,,,,,,,,,03,03,yes,no,no,2025-06-17_11h10.33.301,EXNAT_4_TMS_Psychopy2024.2.5.psyexp,2024.2.5,2025-06-17 11h10.51.554308 +0200,
0,0,0,0,0,0,0,,,,,,,,,#2AB7EF,591.8573005199432,False,l,false alarm,1031.7015647888184,2215.5399322509766,text_44,12,6,2back_dual_main_click,2,Cape,16,14,30,120,60,,,,,,,,,,,03,03,yes,no,no,2025-06-17_11h10.33.301,EXNAT_4_TMS_Psychopy2024.2.5.psyexp,2024.2.5,2025-06-17 11h10.51.554308 +0200,
0,0,0,0,0,0,0,,,,,,,,,#F989A2,594.1273214817047,True,l,hit,745.7296848297119,1113.494634628296,text_44,13,6,2back_dual_main_click,2,Town,16,15,31,120,60,594.1811084747314,,,,,,,,,,03,03,yes,no,no,2025-06-17_11h10.33.301,EXNAT_4_TMS_Psychopy2024.2.5.psyexp,2024.2.5,2025-06-17 11h10.51.554308 +0200,
0,0,0,0,0,0,0,,,,,,,,,#F989A2,595.2981758117676,False,space,correct rejection,None,870.7535266876221,text_44,14,6,2back_dual_main_click,2,Jazz,16,15,31,120,60,,,,,,,,,,,03,03,yes,no,no,2025-06-17_11h10.33.301,EXNAT_4_TMS_Psychopy2024.2.5.psyexp,2024.2.5,2025-06-17 11h10.51.554308 +0200,
0,0,0,0,0,0,0,,,,,,,,,#88BA3F,596.2237794399261,False,space,correct rejection,None,905.2197933197021,text_44,15,6,2back_dual_main_click,2,Safari,16,15,31,120,60,,,,,,,,,,,03,03,yes,no,no,2025-06-17_11h10.33.301,EXNAT_4_TMS_Psychopy2024.2.5.psyexp,2024.2.5,2025-06-17 11h10.51.554308 +0200,
0,0,0,0,0,0,0,,,,,,,,,#D292F3,597.1849522590637,False,space,correct rejection,None,1112.1177673339844,text_44,16,6,2back_dual_main_click,2,treffen,16,15,31,120,60,,,,,,,,,,,03,03,yes,no,no,2025-06-17_11h10.33.301,EXNAT_4_TMS_Psychopy2024.2.5.psyexp,2024.2.5,2025-06-17 11h10.51.554308 +0200,
0,0,0,0,0,0,0,,,,,,,,,#D292F3,598.354241847992,False,space,correct rejection,None,1190.6194686889648,text_44,17,6,2back_dual_main_click,2,Touristen,16,15,31,120,60,,,,,,,,,,,03,03,yes,no,no,2025-06-17_11h10.33.301,EXNAT_4_TMS_Psychopy2024.2.5.psyexp,2024.2.5,2025-06-17 11h10.51.554308 +0200,
0,0,0,0,0,0,0,,,,,,,,,#2AB7EF,599.6016068458557,False,space,correct rejection,None,1095.4527854919434,text_44,18,6,2back_dual_main_click,2,bekannte,16,15,31,120,60,,,,,,,,,,,03,03,yes,no,no,2025-06-17_11h10.33.301,EXNAT_4_TMS_Psychopy2024.2.5.psyexp,2024.2.5,2025-06-17 11h10.51.554308 +0200,
0,0,0,0,0,0,0,,,,,,,,,#D292F3,600.7521307468414,True,space,miss,None,1064.9702548980713,text_44,19,6,2back_dual_main_click,2,Musiker,16,16,32,120,60,600.8059055805206,,,,,,,,,,03,03,yes,no,no,2025-06-17_11h10.33.301,EXNAT_4_TMS_Psychopy2024.2.5.psyexp,2024.2.5,2025-06-17 11h10.51.554308 +0200,
0,0,0,0,0,0,0,,,,,,,,,#2AB7EF,601.8729431629181,True,l,hit,952.1799087524414,1528.0053615570068,text_44,20,6,2back_dual_main_click,2,der,16,16,32,120,60,,,,,,,,,,,03,03,yes,no,no,2025-06-17_11h10.33.301,EXNAT_4_TMS_Psychopy2024.2.5.psyexp,2024.2.5,2025-06-17 11h10.51.554308 +0200,
0,0,0,0,0,0,0,,,,,,,,,#2AB7EF,603.4558572769165,False,space,correct rejection,None,697.0410346984863,text_44,21,6,2back_dual_main_click,2,Szene,16,16,32,120,60,,,,,,,,,,,03,03,yes,no,no,2025-06-17_11h10.33.301,EXNAT_4_TMS_Psychopy2024.2.5.psyexp,2024.2.5,2025-06-17 11h10.51.554308 +0200,
0,0,0,0,0,0,0,,,,,,,,,#F989A2,604.2070958614349,False,space,correct rejection,None,761.8155479431152,text_44,22,6,2back_dual_main_click,2,wie,16,16,32,120,60,,,,,,,,,,,03,03,yes,no,no,2025-06-17_11h10.33.301,EXNAT_4_TMS_Psychopy2024.2.5.psyexp,2024.2.5,2025-06-17 11h10.51.554308 +0200,
0,0,0,0,0,0,0,,,,,,,,,#88BA3F,605.0094299316406,False,space,correct rejection,None,807.6462745666504,text_44,23,6,2back_dual_main_click,2,Hilton,17,16,33,120,60,605.805823802948,,,,,,,,,,03,03,yes,no,no,2025-06-17_11h10.33.301,EXNAT_4_TMS_Psychopy2024.2.5.psyexp,2024.2.5,2025-06-17 11h10.51.554308 +0200,
0,0,0,0,0,0,0,,,,,,,,,#88BA3F,605.8555738925934,False,space,correct rejection,None,857.5496673583984,text_44,24,6,2back_dual_main_click,2,Schilder,17,16,33,120,60,,,,,,,,,,,03,03,yes,no,no,2025-06-17_11h10.33.301,EXNAT_4_TMS_Psychopy2024.2.5.psyexp,2024.2.5,2025-06-17 11h10.51.554308 +0200,
0,0,0,0,0,0,0,,,,,,,,,#D292F3,606.7501385211945,False,space,correct rejection,None,842.7824974060059,text_44,25,6,2back_dual_main_click,2,oder,17,16,33,120,60,,,,,,,,,,,03,03,yes,no,no,2025-06-17_11h10.33.301,EXNAT_4_TMS_Psychopy2024.2.5.psyexp,2024.2.5,2025-06-17 11h10.51.554308 +0200,
0,0,0,0,0,0,0,,,,,,,,,#2AB7EF,607.6286783218384,False,space,correct rejection,None,796.412467956543,text_44,26,6,2back_dual_main_click,2,Mac,17,16,33,120,60,,,,,,,,,,,03,03,yes,no,no,2025-06-17_11h10.33.301,EXNAT_4_TMS_Psychopy2024.2.5.psyexp,2024.2.5,2025-06-17 11h10.51.554308 +0200,
0,0,0,0,0,0,0,,,,,,,,,#2AB7EF,608.4663729667664,False,space,correct rejection,None,870.6924915313721,text_44,27,6,2back_dual_main_click,2,"McKenzie,",17,16,33,120,60,,,,,,,,,,,03,03,yes,no,no,2025-06-17_11h10.33.301,EXNAT_4_TMS_Psychopy2024.2.5.psyexp,2024.2.5,2025-06-17 11h10.51.554308 +0200,
0,0,0,0,0,0,0,,,,,,,,,#88BA3F,609.3775765895844,False,space,correct rejection,None,1079.5280933380127,text_44,28,6,2back_dual_main_click,2,dem,17,16,33,120,60,,,,,,,,,,,03,03,yes,no,no,2025-06-17_11h10.33.301,EXNAT_4_TMS_Psychopy2024.2.5.psyexp,2024.2.5,2025-06-17 11h10.51.554308 +0200,
0,0,0,0,0,0,0,,,,,,,,,#F989A2,610.4988012313843,False,space,correct rejection,None,902.3282527923584,text_44,29,6,2back_dual_main_click,2,""König"",17,16,33,120,60,,,,,,,,,,,03,03,yes,no,no,2025-06-17_11h10.33.301,EXNAT_4_TMS_Psychopy2024.2.5.psyexp,2024.2.5,2025-06-17 11h10.51.554308 +0200,
0,0,0,0,0,0,0,,,,,,,,,#88BA3F,611.4563949108124,True,l,hit,504.657506942749,1128.5314559936523,text_44,30,6,2back_dual_main_click,2,des,17,17,34,120,60,611.507940530777,,,,,,,,,,03,03,yes,no,no,2025-06-17_11h10.33.301,EXNAT_4_TMS_Psychopy2024.2.5.psyexp,2024.2.5,2025-06-17 11h10.51.554308 +0200,
0,0,0,0,0,0,0,,,,,,,,,#F989A2,612.6254892349243,True,l,hit,503.50093841552734,1079.378366470337,text_44,31,6,2back_dual_main_click,2,Kapstädter,17,17,34,120,60,,,,,,,,,,,03,03,yes,no,no,2025-06-17_11h10.33.301,EXNAT_4_TMS_Psychopy2024.2.5.psyexp,2024.2.5,2025-06-17 11h10.51.554308 +0200,
0,0,0,0,0,0,0,,,,,,,,,#D292F3,613.7451951503754,False,space,correct rejection,None,1207.798719406128,text_44,32,6,2back_dual_main_click,2,Jazz.,17,17,34,120,60,,,,,,,,,,,03,03,yes,no,no,2025-06-17_11h10.33.301,EXNAT_4_TMS_Psychopy2024.2.5.psyexp,2024.2.5,2025-06-17 11h10.51.554308 +0200,
0,0,0,0,0,0,0,,,,,,,,,#2AB7EF,614.9937560558319,False,space,correct rejection,None,1751.3012886047363,text_44,33,6,2back_dual_main_click,2,Normalerweise,18,17,35,120,60,616.5078654289246,,,,,,,,,,03,03,yes,no,no,2025-06-17_11h10.33.301,EXNAT_4_TMS_Psychopy2024.2.5.psyexp,2024.2.5,2025-06-17 11h10.51.554308 +0200,
0,0,0,0,0,0,0,,,,,,,,,#D292F3,616.8005123138428,True,space,miss,None,840.5251502990723,text_44,34,6,2back_dual_main_click,2,sehen,18,17,35,120,60,,,,,,,,,,,03,03,yes,no,no,2025-06-17_11h10.33.301,EXNAT_4_TMS_Psychopy2024.2.5.psyexp,2024.2.5,2025-06-17 11h10.51.554308 +0200,
0,0,0,0,0,0,0,,,,,,,,,#88BA3F,617.6819891929626,False,space,correct rejection,None,886.9857788085938,text_44,35,6,2back_dual_main_click,2,sie,18,17,35,120,60,,,,,,,,,,,03,03,yes,no,no,2025-06-17_11h10.33.301,EXNAT_4_TMS_Psychopy2024.2.5.psyexp,2024.2.5,2025-06-17 11h10.51.554308 +0200,
0,0,0,0,0,0,0,,,,,,,,,#F989A2,618.6066520214081,False,space,correct rejection,None,778.3362865447998,text_44,36,6,2back_dual_main_click,2,die,18,17,35,120,60,,,,,,,,,,,03,03,yes,no,no,2025-06-17_11h10.33.301,EXNAT_4_TMS_Psychopy2024.2.5.psyexp,2024.2.5,2025-06-17 11h10.51.554308 +0200,
0,0,0,0,0,0,0,,,,,,,,,#2AB7EF,619.4262001514435,False,space,correct rejection,None,950.9284496307373,text_44,37,6,2back_dual_main_click,2,Stars,18,17,35,120,60,,,,,,,,,,,03,03,yes,no,no,2025-06-17_11h10.33.301,EXNAT_4_TMS_Psychopy2024.2.5.psyexp,2024.2.5,2025-06-17 11h10.51.554308 +0200,
0,0,0,0,0,0,0,,,,,,,,,#88BA3F,620.4178259372711,False,space,correct rejection,None,1095.2997207641602,text_44,38,6,2back_dual_main_click,2,auf,19,17,36,120,60,621.5078828334808,,,,,,,,,,03,03,yes,no,no,2025-06-17_11h10.33.301,EXNAT_4_TMS_Psychopy2024.2.5.psyexp,2024.2.5,2025-06-17 11h10.51.554308 +0200,
0,0,0,0,0,0,0,,,,,,,,,#D292F3,621.5548324584961,False,space,correct rejection,None,886.1162662506104,text_44,39,6,2back_dual_main_click,2,großen,19,17,36,120,60,,,,,,,,,,,03,03,yes,no,no,2025-06-17_11h10.33.301,EXNAT_4_TMS_Psychopy2024.2.5.psyexp,2024.2.5,2025-06-17 11h10.51.554308 +0200,
0,0,0,0,0,0,0,,,,,,,,,#2AB7EF,622.4810781478882,False,space,correct rejection,None,919.9357032775879,text_44,40,6,2back_dual_main_click,2,Bühnen.,19,17,36,120,60,,,,,,,,,,,03,03,yes,no,no,2025-06-17_11h10.33.301,EXNAT_4_TMS_Psychopy2024.2.5.psyexp,2024.2.5,2025-06-17 11h10.51.554308 +0200,
0,0,0,0,0,0,0,,,,,,,,,#2AB7EF,623.4388148784637,False,space,correct rejection,None,1114.2256259918213,text_44,41,6,2back_dual_main_click,2,Bei,19,17,36,120,60,,,,,,,,,,,03,03,yes,no,no,2025-06-17_11h10.33.301,EXNAT_4_TMS_Psychopy2024.2.5.psyexp,2024.2.5,2025-06-17 11h10.51.554308 +0200,
0,0,0,0,0,0,0,,,,,,,,,#88BA3F,624.5925016403198,False,space,correct rejection,None,1512.5436782836914,text_44,42,6,2back_dual_main_click,2,dieser,19,17,36,120,60,,,,,,,,,,,03,03,yes,no,no,2025-06-17_11h10.33.301,EXNAT_4_TMS_Psychopy2024.2.5.psyexp,2024.2.5,2025-06-17 11h10.51.554308 +0200,
0,0,0,0,0,0,0,,,,,,,,,#2AB7EF,626.1465322971344,True,l,hit,502.46357917785645,1014.3947601318359,text_44,43,6,2back_dual_main_click,2,Veranstaltung,19,18,37,120,60,626.5078842639923,,,,,,,,,,03,03,yes,no,no,2025-06-17_11h10.33.301,EXNAT_4_TMS_Psychopy2024.2.5.psyexp,2024.2.5,2025-06-17 11h10.51.554308 +0200,
0,0,0,0,0,0,0,,,,,,,,,#F989A2,627.2136025428772,False,space,correct rejection,None,1227.4682521820068,text_44,44,6,2back_dual_main_click,2,treffen,19,18,37,120,60,,,,,,,,,,,03,03,yes,no,no,2025-06-17_11h10.33.301,EXNAT_4_TMS_Psychopy2024.2.5.psyexp,2024.2.5,2025-06-17 11h10.51.554308 +0200,
0,0,0,0,0,0,0,,,,,,,,,#F989A2,628.4820742607117,False,space,correct rejection,None,950.855016708374,text_44,45,6,2back_dual_main_click,2,sich,19,18,37,120,60,,,,,,,,,,,03,03,yes,no,no,2025-06-17_11h10.33.301,EXNAT_4_TMS_Psychopy2024.2.5.psyexp,2024.2.5,2025-06-17 11h10.51.554308 +0200,
0,0,0,0,0,0,0,,,,,,,,,#D292F3,629.4728629589081,False,space,correct rejection,None,1096.2293148040771,text_44,46,6,2back_dual_main_click,2,die,19,18,37,120,60,,,,,,,,,,,03,03,yes,no,no,2025-06-17_11h10.33.301,EXNAT_4_TMS_Psychopy2024.2.5.psyexp,2024.2.5,2025-06-17 11h10.51.554308 +0200,
0,0,0,0,0,0,0,,,,,,,,,#F989A2,630.6102705001831,True,l,hit,774.7189998626709,1542.705774307251,text_44,47,6,2back_dual_main_click,2,Musiker,19,18,37,120,60,,,,,,,,,,,03,03,yes,no,no,2025-06-17_11h10.33.301,EXNAT_4_TMS_Psychopy2024.2.5.psyexp,2024.2.5,2025-06-17 11h10.51.554308 +0200,
0,0,0,0,0,0,0,,,,,,,,,#D292F3,632.1906852722168,True,space,miss,None,1098.4859466552734,text_44,48,6,2back_dual_main_click,2,aber,19,19,38,120,60,632.2432775497437,,,,,,,,,,03,03,yes,no,no,2025-06-17_11h10.33.301,EXNAT_4_TMS_Psychopy2024.2.5.psyexp,2024.2.5,2025-06-17 11h10.51.554308 +0200,
0,0,0,0,0,0,0,,,,,,,,,#F989A2,633.3269288539886,True,space,miss,None,1674.0813255310059,text_44,49,6,2back_dual_main_click,2,in,19,19,38,120,60,,,,,,,,,,,03,03,yes,no,no,2025-06-17_11h10.33.301,EXNAT_4_TMS_Psychopy2024.2.5.psyexp,2024.2.5,2025-06-17 11h10.51.554308 +0200,
0,0,0,0,0,0,0,,,,,,,,,#2AB7EF,635.057149887085,False,space,correct rejection,None,2183.983564376831,text_44,50,6,2back_dual_main_click,2,deren,19,19,38,120,60,,,,,,,,,,,03,03,yes,no,no,2025-06-17_11h10.33.301,EXNAT_4_TMS_Psychopy2024.2.5.psyexp,2024.2.5,2025-06-17 11h10.51.554308 +0200,
0,0,0,0,0,0,0,,,,,,,,,#D292F3,637.2950732707977,False,space,correct rejection,None,890.0144100189209,text_44,51,6,2back_dual_main_click,2,Häusern.,20,19,39,120,60,637.3496382236481,,,,,,,,,,03,03,yes,no,no,2025-06-17_11h10.33.301,EXNAT_4_TMS_Psychopy2024.2.5.psyexp,2024.2.5,2025-06-17 11h10.51.554308 +0200,
0,0,0,0,0,0,0,,,,,,,,,#D292F3,638.2410731315613,False,space,correct rejection,None,1143.772840499878,text_44,52,6,2back_dual_main_click,2,Dort,20,19,39,120,60,,,,,,,,,,,03,03,yes,no,no,2025-06-17_11h10.33.301,EXNAT_4_TMS_Psychopy2024.2.5.psyexp,2024.2.5,2025-06-17 11h10.51.554308 +0200,
0,0,0,0,0,0,0,,,,,,,,,#88BA3F,639.4240226745605,False,space,correct rejection,None,953.0470371246338,text_44,53,6,2back_dual_main_click,2,spielen,20,19,39,120,60,,,,,,,,,,,03,03,yes,no,no,2025-06-17_11h10.33.301,EXNAT_4_TMS_Psychopy2024.2.5.psyexp,2024.2.5,2025-06-17 11h10.51.554308 +0200,
0,0,0,0,0,0,0,,,,,,,,,#D292F3,640.4170405864716,True,space,miss,None,1496.047019958496,text_44,54,6,2back_dual_main_click,2,sie,20,19,39,120,60,,,,,,,,,,,03,03,yes,no,no,2025-06-17_11h10.33.301,EXNAT_4_TMS_Psychopy2024.2.5.psyexp,2024.2.5,2025-06-17 11h10.51.554308 +0200,
0,0,0,0,0,0,0,,,,,,,,,#88BA3F,641.9522542953491,True,l,hit,1592.820405960083,2296.806573867798,text_44,55,6,2back_dual_main_click,2,ihre,20,20,40,120,60,642.349583864212,,,,,,,,,,03,03,yes,no,no,2025-06-17_11h10.33.301,EXNAT_4_TMS_Psychopy2024.2.5.psyexp,2024.2.5,2025-06-17 11h10.51.554308 +0200,
0,0,0,0,0,0,0,,,,,,,,,#F989A2,644.3040637969971,False,space,correct rejection,None,793.100118637085,text_44,56,6,2back_dual_main_click,2,Musik,20,20,40,120,60,,,,,,,,,,,03,03,yes,no,no,2025-06-17_11h10.33.301,EXNAT_4_TMS_Psychopy2024.2.5.psyexp,2024.2.5,2025-06-17 11h10.51.554308 +0200,
0,0,0,0,0,0,0,,,,,,,,,#F989A2,645.1373157501221,False,space,correct rejection,None,1063.8065338134766,text_44,57,6,2back_dual_main_click,2,für,20,20,40,120,60,,,,,,,,,,,03,03,yes,no,no,2025-06-17_11h10.33.301,EXNAT_4_TMS_Psychopy2024.2.5.psyexp,2024.2.5,2025-06-17 11h10.51.554308 +0200,
0,0,0,0,0,0,0,,,,,,,,,#2AB7EF,646.2540326118469,False,space,correct rejection,None,1050.9653091430664,text_44,58,6,2back_dual_main_click,2,kleine,20,20,40,120,60,,,,,,,,,,,03,03,yes,no,no,2025-06-17_11h10.33.301,EXNAT_4_TMS_Psychopy2024.2.5.psyexp,2024.2.5,2025-06-17 11h10.51.554308 +0200,
0,0,0,0,0,0,0,,,,,,,,,#88BA3F,647.3466558456421,False,space,correct rejection,None,886.3251209259033,text_44,59,6,2back_dual_main_click,2,Gruppen,21,20,41,120,60,647.4011762142181,,,,,,,,,,03,03,yes,no,no,2025-06-17_11h10.33.301,EXNAT_4_TMS_Psychopy2024.2.5.psyexp,2024.2.5,2025-06-17 11h10.51.554308 +0200,
0,0,0,0,0,0,0,,,,,,,,,#2AB7EF,648.273535490036,True,l,hit,487.46371269226074,1063.3697509765625,text_44,60,6,2back_dual_main_click,2,und,21,20,41,120,60,,,,,,,,,,,03,03,yes,no,no,2025-06-17_11h10.33.301,EXNAT_4_TMS_Psychopy2024.2.5.psyexp,2024.2.5,2025-06-17 11h10.51.554308 +0200,
0,0,0,0,0,0,0,,,,,,,,,#D292F3,649.3790988922119,False,space,correct rejection,None,1157.9170227050781,text_44,61,6,2back_dual_main_click,2,anschließend,21,20,41,120,60,,,,,,,,,,,03,03,yes,no,no,2025-06-17_11h10.33.301,EXNAT_4_TMS_Psychopy2024.2.5.psyexp,2024.2.5,2025-06-17 11h10.51.554308 +0200,
0,0,0,0,0,0,0,,,,,,,,,#2AB7EF,650.5929915904999,True,space,miss,None,1016.042947769165,text_44,62,6,2back_dual_main_click,2,geht,21,20,41,120,60,,,,,,,,,,,03,03,yes,no,no,2025-06-17_11h10.33.301,EXNAT_4_TMS_Psychopy2024.2.5.psyexp,2024.2.5,2025-06-17 11h10.51.554308 +0200,
0,0,0,0,0,0,0,,,,,,,,,#2AB7EF,651.6645827293396,False,space,correct rejection,None,856.4856052398682,text_44,63,6,2back_dual_main_click,2,die,22,20,42,120,60,652.4011001586914,,,,,,,,,,03,03,yes,no,no,2025-06-17_11h10.33.301,EXNAT_4_TMS_Psychopy2024.2.5.psyexp,2024.2.5,2025-06-17 11h10.51.554308 +0200,
0,0,0,0,0,0,0,,,,,,,,,#F989A2,652.5760388374329,False,space,correct rejection,None,841.0263061523438,text_44,64,6,2back_dual_main_click,2,Tour,22,20,42,120,60,,,,,,,,,,,03,03,yes,no,no,2025-06-17_11h10.33.301,EXNAT_4_TMS_Psychopy2024.2.5.psyexp,2024.2.5,2025-06-17 11h10.51.554308 +0200,
0,0,0,0,0,0,0,,,,,,,,,#88BA3F,653.4730205535889,False,space,correct rejection,None,1591.9029712677002,text_44,65,6,2back_dual_main_click,2,weiter,22,20,42,120,60,,,,,,,,,,,03,03,yes,no,no,2025-06-17_11h10.33.301,EXNAT_4_TMS_Psychopy2024.2.5.psyexp,2024.2.5,2025-06-17 11h10.51.554308 +0200,
0,0,0,0,0,0,0,,,,,,,,,#88BA3F,655.1195027828217,False,space,correct rejection,None,1417.58394241333,text_44,66,6,2back_dual_main_click,2,durch,22,20,42,120,60,,,,,,,,,,,03,03,yes,no,no,2025-06-17_11h10.33.301,EXNAT_4_TMS_Psychopy2024.2.5.psyexp,2024.2.5,2025-06-17 11h10.51.554308 +0200,
0,0,0,0,0,0,0,,,,,,,,,#F989A2,656.5932021141052,False,space,correct rejection,None,1111.7911338806152,text_44,67,6,2back_dual_main_click,2,berühmte,22,20,42,120,60,,,,,,,,,,,03,03,yes,no,no,2025-06-17_11h10.33.301,EXNAT_4_TMS_Psychopy2024.2.5.psyexp,2024.2.5,2025-06-17 11h10.51.554308 +0200,
0,0,0,0,0,0,0,,,,,,,,,#D292F3,657.7572686672211,False,space,correct rejection,None,1035.6974601745605,text_44,68,6,2back_dual_main_click,2,Jazz-Clubs.,22,20,42,120,60,,,,,,,,,,,03,03,yes,no,no,2025-06-17_11h10.33.301,EXNAT_4_TMS_Psychopy2024.2.5.psyexp,2024.2.5,2025-06-17 11h10.51.554308 +0200,
0,0,0,0,0,0,0,,,,,,,,,#D292F3,658.850510597229,False,space,correct rejection,None,1046.5505123138428,text_44,69,6,2back_dual_main_click,2,Und,22,20,42,120,60,,,,,,,,,,,03,03,yes,no,no,2025-06-17_11h10.33.301,EXNAT_4_TMS_Psychopy2024.2.5.psyexp,2024.2.5,2025-06-17 11h10.51.554308 +0200,
0,0,0,0,0,0,0,,,,,,,,,#2AB7EF,659.9510097503662,False,space,correct rejection,None,1530.055284500122,text_44,70,6,2back_dual_main_click,2,die,22,20,42,120,60,,,,,,,,,,,03,03,yes,no,no,2025-06-17_11h10.33.301,EXNAT_4_TMS_Psychopy2024.2.5.psyexp,2024.2.5,2025-06-17 11h10.51.554308 +0200,
0,0,0,0,0,0,0,,,,,,,,,#88BA3F,661.5361816883087,False,space,correct rejection,None,888.8607025146484,text_44,71,6,2back_dual_main_click,2,Vielfalt,22,20,42,120,60,,,,,,,,,,,03,03,yes,no,no,2025-06-17_11h10.33.301,EXNAT_4_TMS_Psychopy2024.2.5.psyexp,2024.2.5,2025-06-17 11h10.51.554308 +0200,
0,0,0,0,0,0,0,,,,,,,,,#F989A2,662.4656493663788,False,space,correct rejection,None,1159.4200134277344,text_44,72,6,2back_dual_main_click,2,der,22,20,42,120,60,,,,,,,,,,,03,03,yes,no,no,2025-06-17_11h10.33.301,EXNAT_4_TMS_Psychopy2024.2.5.psyexp,2024.2.5,2025-06-17 11h10.51.554308 +0200,
0,0,0,0,0,0,0,,,,,,,,,#D292F3,663.6635594367981,False,space,correct rejection,None,1305.5484294891357,text_44,73,6,2back_dual_main_click,2,Clubs,22,20,42,120,60,,,,,,,,,,,03,03,yes,no,no,2025-06-17_11h10.33.301,EXNAT_4_TMS_Psychopy2024.2.5.psyexp,2024.2.5,2025-06-17 11h10.51.554308 +0200,
0,0,0,0,0,0,0,,,,,,,,,#2AB7EF,665.0085377693176,False,space,correct rejection,None,1080.3086757659912,text_44,74,6,2back_dual_main_click,2,ist,22,20,42,120,60,,,,,,,,,,,03,03,yes,no,no,2025-06-17_11h10.33.301,EXNAT_4_TMS_Psychopy2024.2.5.psyexp,2024.2.5,2025-06-17 11h10.51.554308 +0200,
0,0,0,0,0,0,0,,,,,,,,,#2AB7EF,666.1415538787842,False,space,correct rejection,None,1003.2916069030762,text_44,75,6,2back_dual_main_click,2,groß.,22,20,42,120,60,,,,,,,,,,,03,03,yes,no,no,2025-06-17_11h10.33.301,EXNAT_4_TMS_Psychopy2024.2.5.psyexp,2024.2.5,2025-06-17 11h10.51.554308 +0200,
0,0,0,0,0,0,0,,,,,,,,,#F989A2,667.2008640766144,False,space,correct rejection,None,1048.0494499206543,text_44,76,6,2back_dual_main_click,2,Man,22,20,42,120,60,,,,,,,,,,,03,03,yes,no,no,2025-06-17_11h10.33.301,EXNAT_4_TMS_Psychopy2024.2.5.psyexp,2024.2.5,2025-06-17 11h10.51.554308 +0200,
0,0,0,0,0,0,0,,,,,,,,,#88BA3F,668.303948879242,False,space,correct rejection,None,1593.0979251861572,text_44,77,6,2back_dual_main_click,2,findet,22,20,42,120,60,,,,,,,,,,,03,03,yes,no,no,2025-06-17_11h10.33.301,EXNAT_4_TMS_Psychopy2024.2.5.psyexp,2024.2.5,2025-06-17 11h10.51.554308 +0200,
0,0,0,0,0,0,0,,,,,,,,,#F989A2,669.952100276947,True,l,hit,616.8651580810547,1176.8085956573486,text_44,78,6,2back_dual_main_click,2,sowohl,22,21,43,120,60,670.0065927505493,,,,,,,,,,03,03,yes,no,no,2025-06-17_11h10.33.301,EXNAT_4_TMS_Psychopy2024.2.5.psyexp,2024.2.5,2025-06-17 11h10.51.554308 +0200,
0,0,0,0,0,0,0,,,,,,,,,#88BA3F,671.1694715023041,True,l,hit,519.6247100830078,1063.4386539459229,text_44,79,6,2back_dual_main_click,2,exklusive,22,21,43,120,60,,,,,,,,,,,03,03,yes,no,no,2025-06-17_11h10.33.301,EXNAT_4_TMS_Psychopy2024.2.5.psyexp,2024.2.5,2025-06-17 11h10.51.554308 +0200,
0,0,0,0,0,0,0,,,,,,,,,#D292F3,672.274064540863,False,space,correct rejection,None,822.8335380554199,text_44,80,6,2back_dual_main_click,2,Bars,22,21,43,120,60,,,,,,,,,,,03,03,yes,no,no,2025-06-17_11h10.33.301,EXNAT_4_TMS_Psychopy2024.2.5.psyexp,2024.2.5,2025-06-17 11h10.51.554308 +0200,
0,0,0,0,0,0,0,,,,,,,,,#F989A2,673.1352055072784,False,space,correct rejection,None,1049.8409271240234,text_44,81,6,2back_dual_main_click,2,mit,22,21,43,120,60,,,,,,,,,,,03,03,yes,no,no,2025-06-17_11h10.33.301,EXNAT_4_TMS_Psychopy2024.2.5.psyexp,2024.2.5,2025-06-17 11h10.51.554308 +0200,
0,0,0,0,0,0,0,,,,,,,,,#88BA3F,674.2258775234222,False,space,correct rejection,None,839.0135765075684,text_44,82,6,2back_dual_main_click,2,Big,23,21,44,120,60,675.006489276886,,,,,,,,,,03,03,yes,no,no,2025-06-17_11h10.33.301,EXNAT_4_TMS_Psychopy2024.2.5.psyexp,2024.2.5,2025-06-17 11h10.51.554308 +0200,
0,0,0,0,0,0,0,,,,,,,,,#2AB7EF,675.1214280128479,False,space,correct rejection,None,951.6446590423584,text_44,83,6,2back_dual_main_click,2,Bands,23,21,44,120,60,,,,,,,,,,,03,03,yes,no,no,2025-06-17_11h10.33.301,EXNAT_4_TMS_Psychopy2024.2.5.psyexp,2024.2.5,2025-06-17 11h10.51.554308 +0200,
0,0,0,0,0,0,0,,,,,,,,,#D292F3,676.1136734485626,False,space,correct rejection,None,967.2975540161133,text_44,84,6,2back_dual_main_click,2,als,23,21,44,120,60,,,,,,,,,,,03,03,yes,no,no,2025-06-17_11h10.33.301,EXNAT_4_TMS_Psychopy2024.2.5.psyexp,2024.2.5,2025-06-17 11h10.51.554308 +0200,
0,0,0,0,0,0,0,,,,,,,,,#D292F3,677.121874332428,False,space,correct rejection,None,870.962381362915,text_44,85,6,2back_dual_main_click,2,auch,23,21,44,120,60,,,,,,,,,,,03,03,yes,no,no,2025-06-17_11h10.33.301,EXNAT_4_TMS_Psychopy2024.2.5.psyexp,2024.2.5,2025-06-17 11h10.51.554308 +0200,
0,0,0,0,0,0,0,,,,,,,,,#2AB7EF,678.0334508419037,False,space,correct rejection,None,1239.4969463348389,text_44,86,6,2back_dual_main_click,2,lebendige,23,21,44,120,60,,,,,,,,,,,03,03,yes,no,no,2025-06-17_11h10.33.301,EXNAT_4_TMS_Psychopy2024.2.5.psyexp,2024.2.5,2025-06-17 11h10.51.554308 +0200,
0,0,0,0,0,0,0,,,,,,,,,#88BA3F,679.329478263855,False,space,correct rejection,None,1175.6043434143066,text_44,87,6,2back_dual_main_click,2,Piano-Bars.,23,21,44,120,60,,,,,,,,,,,03,03,yes,no,no,2025-06-17_11h10.33.301,EXNAT_4_TMS_Psychopy2024.2.5.psyexp,2024.2.5,2025-06-17 11h10.51.554308 +0200,
0,0,0,0,0,0,0,,,,,,,,,#F989A2,680.5602750778198,False,space,correct rejection,None,904.7420024871826,text_44,88,6,2back_dual_main_click,2,In,23,21,44,120,60,,,,,,,,,,,03,03,yes,no,no,2025-06-17_11h10.33.301,EXNAT_4_TMS_Psychopy2024.2.5.psyexp,2024.2.5,2025-06-17 11h10.51.554308 +0200,
0,0,0,0,0,0,0,,,,,,,,,#2AB7EF,681.5213224887848,False,space,correct rejection,None,1015.6755447387695,text_44,89,6,2back_dual_main_click,2,Kapstadt,23,21,44,120,60,,,,,,,,,,,03,03,yes,no,no,2025-06-17_11h10.33.301,EXNAT_4_TMS_Psychopy2024.2.5.psyexp,2024.2.5,2025-06-17 11h10.51.554308 +0200,
0,0,0,0,0,0,0,,,,,,,,,#F989A2,682.5907657146454,True,space,miss,None,1370.270013809204,text_44,90,6,2back_dual_main_click,2,ist,23,22,45,120,60,682.6426265239716,,,,,,,,,,03,03,yes,no,no,2025-06-17_11h10.33.301,EXNAT_4_TMS_Psychopy2024.2.5.psyexp,2024.2.5,2025-06-17 11h10.51.554308 +0200,
0,0,0,0,0,0,0,,,,,,,,,#88BA3F,684.0157890319824,False,space,correct rejection,None,1145.204782485962,text_44,91,6,2back_dual_main_click,2,Jazz,23,22,45,120,60,,,,,,,,,,,03,03,yes,no,no,2025-06-17_11h10.33.301,EXNAT_4_TMS_Psychopy2024.2.5.psyexp,2024.2.5,2025-06-17 11h10.51.554308 +0200,
0,0,0,0,0,0,0,,,,,,,,,#D292F3,685.2176504135132,False,space,correct rejection,None,999.3600845336914,text_44,92,6,2back_dual_main_click,2,ein,23,22,45,120,60,,,,,,,,,,,03,03,yes,no,no,2025-06-17_11h10.33.301,EXNAT_4_TMS_Psychopy2024.2.5.psyexp,2024.2.5,2025-06-17 11h10.51.554308 +0200,
0,0,0,0,0,0,0,,,,,,,,,#88BA3F,686.2716870307922,True,l,hit,505.33151626586914,1145.1878547668457,text_44,93,6,2back_dual_main_click,2,Mix,23,22,45,120,60,,,,,,,,,,,03,03,yes,no,no,2025-06-17_11h10.33.301,EXNAT_4_TMS_Psychopy2024.2.5.psyexp,2024.2.5,2025-06-17 11h10.51.554308 +0200,
0,0,0,0,0,0,0,,,,,,,,,#2AB7EF,687.4739954471588,False,space,correct rejection,None,1031.0547351837158,text_44,94,6,2back_dual_main_click,2,aus,24,22,46,120,60,687.6426248550415,,,,,,,,,,03,03,yes,no,no,2025-06-17_11h10.33.301,EXNAT_4_TMS_Psychopy2024.2.5.psyexp,2024.2.5,2025-06-17 11h10.51.554308 +0200,
0,0,0,0,0,0,0,,,,,,,,,#88BA3F,688.5600891113281,True,l,hit,840.9988880157471,1400.904893875122,text_44,95,6,2back_dual_main_click,2,verschiedenen,24,22,46,120,60,,,,,,,,,,,03,03,yes,no,no,2025-06-17_11h10.33.301,EXNAT_4_TMS_Psychopy2024.2.5.psyexp,2024.2.5,2025-06-17 11h10.51.554308 +0200,
0,0,0,0,0,0,0,,,,,,,,,#D292F3,690.0027556419373,False,space,correct rejection,None,1286.2772941589355,text_44,96,6,2back_dual_main_click,2,Kulturen:,24,22,46,120,60,,,,,,,,,,,03,03,yes,no,no,2025-06-17_11h10.33.301,EXNAT_4_TMS_Psychopy2024.2.5.psyexp,2024.2.5,2025-06-17 11h10.51.554308 +0200,
0,0,0,0,0,0,0,,,,,,,,,#2AB7EF,691.3278634548187,False,space,correct rejection,None,953.1669616699219,text_44,97,6,2back_dual_main_click,2,Die,24,22,46,120,60,,,,,,,,,,,03,03,yes,no,no,2025-06-17_11h10.33.301,EXNAT_4_TMS_Psychopy2024.2.5.psyexp,2024.2.5,2025-06-17 11h10.51.554308 +0200,
0,0,0,0,0,0,0,,,,,,,,,#F989A2,692.3222990036011,False,space,correct rejection,None,1094.6738719940186,text_44,98,6,2back_dual_main_click,2,Künstler,24,22,46,120,60,,,,,,,,,,,03,03,yes,no,no,2025-06-17_11h10.33.301,EXNAT_4_TMS_Psychopy2024.2.5.psyexp,2024.2.5,2025-06-17 11h10.51.554308 +0200,
0,0,0,0,0,0,0,,,,,,,,,#D292F3,693.4559149742126,False,space,correct rejection,None,1113.1045818328857,text_44,99,6,2back_dual_main_click,2,kombinieren,24,22,46,120,60,,,,,,,,,,,03,03,yes,no,no,2025-06-17_11h10.33.301,EXNAT_4_TMS_Psychopy2024.2.5.psyexp,2024.2.5,2025-06-17 11h10.51.554308 +0200,
0,0,0,0,0,0,0,,,,,,,,,#88BA3F,694.6222054958344,False,space,correct rejection,None,874.7963905334473,text_44,100,6,2back_dual_main_click,2,Klänge,24,22,46,120,60,,,,,,,,,,,03,03,yes,no,no,2025-06-17_11h10.33.301,EXNAT_4_TMS_Psychopy2024.2.5.psyexp,2024.2.5,2025-06-17 11h10.51.554308 +0200,
0,0,0,0,0,0,0,,,,,,,,,#F989A2,695.5535254478455,False,space,correct rejection,None,695.5101490020752,text_44,101,6,2back_dual_main_click,2,der,24,22,46,120,60,,,,,,,,,,,03,03,yes,no,no,2025-06-17_11h10.33.301,EXNAT_4_TMS_Psychopy2024.2.5.psyexp,2024.2.5,2025-06-17 11h10.51.554308 +0200,
0,0,0,0,0,0,0,,,,,,,,,#D292F3,696.3056876659393,False,space,correct rejection,None,1015.3558254241943,text_44,102,6,2back_dual_main_click,2,"Khoi,",24,22,46,120,60,,,,,,,,,,,03,03,yes,no,no,2025-06-17_11h10.33.301,EXNAT_4_TMS_Psychopy2024.2.5.psyexp,2024.2.5,2025-06-17 11h10.51.554308 +0200,
0,0,0,0,0,0,0,,,,,,,,,#2AB7EF,697.3761856555939,False,space,correct rejection,None,1160.8119010925293,text_44,103,6,2back_dual_main_click,2,einem,24,22,46,120,60,,,,,,,,,,,03,03,yes,no,no,2025-06-17_11h10.33.301,EXNAT_4_TMS_Psychopy2024.2.5.psyexp,2024.2.5,2025-06-17 11h10.51.554308 +0200,
0,0,0,0,0,0,0,,,,,,,,,#F989A2,698.5935111045837,False,space,correct rejection,None,1159.5535278320312,text_44,104,6,2back_dual_main_click,2,traditionellen,24,22,46,120,60,,,,,,,,,,,03,03,yes,no,no,2025-06-17_11h10.33.301,EXNAT_4_TMS_Psychopy2024.2.5.psyexp,2024.2.5,2025-06-17 11h10.51.554308 +0200,
0,0,0,0,0,0,0,,,,,,,,,#F989A2,699.8096628189087,False,space,correct rejection,None,999.4025230407715,text_44,105,6,2back_dual_main_click,2,südafrikanischem,24,22,46,120,60,,,,,,,,,,,03,03,yes,no,no,2025-06-17_11h10.33.301,EXNAT_4_TMS_Psychopy2024.2.5.psyexp,2024.2.5,2025-06-17 11h10.51.554308 +0200,
0,0,0,0,0,0,0,,,,,,,,,#88BA3F,700.8636739253998,False,space,correct rejection,None,1257.3466300964355,text_44,106,6,2back_dual_main_click,2,"Volk,",24,22,46,120,60,,,,,,,,,,,03,03,yes,no,no,2025-06-17_11h10.33.301,EXNAT_4_TMS_Psychopy2024.2.5.psyexp,2024.2.5,2025-06-17 11h10.51.554308 +0200,
0,0,0,0,0,0,0,,,,,,,,,#D292F3,702.1766095161438,False,space,correct rejection,None,1096.4086055755615,text_44,107,6,2back_dual_main_click,2,mit,24,22,46,120,60,,,,,,,,,,,03,03,yes,no,no,2025-06-17_11h10.33.301,EXNAT_4_TMS_Psychopy2024.2.5.psyexp,2024.2.5,2025-06-17 11h10.51.554308 +0200,
0,0,0,0,0,0,0,,,,,,,,,#88BA3F,703.3273286819458,True,space,miss,None,889.6501064300537,text_44,108,6,2back_dual_main_click,2,europäischer,24,23,47,120,60,703.3817183971405,,,,,,,,,,03,03,yes,no,no,2025-06-17_11h10.33.301,EXNAT_4_TMS_Psychopy2024.2.5.psyexp,2024.2.5,2025-06-17 11h10.51.554308 +0200,
0,0,0,0,0,0,0,,,,,,,,,#2AB7EF,704.2713766098022,False,space,correct rejection,None,1353.6298274993896,text_44,109,6,2back_dual_main_click,2,Kolonialmusik,24,23,47,120,60,,,,,,,,,,,03,03,yes,no,no,2025-06-17_11h10.33.301,EXNAT_4_TMS_Psychopy2024.2.5.psyexp,2024.2.5,2025-06-17 11h10.51.554308 +0200,
0,0,0,0,0,0,0,,,,,,,,,#2AB7EF,705.6794917583466,False,space,correct rejection,None,953.4831047058105,text_44,110,6,2back_dual_main_click,2,und,24,23,47,120,60,,,,,,,,,,,03,03,yes,no,no,2025-06-17_11h10.33.301,EXNAT_4_TMS_Psychopy2024.2.5.psyexp,2024.2.5,2025-06-17 11h10.51.554308 +0200,
0,0,0,0,0,0,0,,,,,,,,,#88BA3F,706.6903712749481,False,space,correct rejection,None,1046.6363430023193,text_44,111,6,2back_dual_main_click,2,Gospel.,24,23,47,120,60,,,,,,,,,,,03,03,yes,no,no,2025-06-17_11h10.33.301,EXNAT_4_TMS_Psychopy2024.2.5.psyexp,2024.2.5,2025-06-17 11h10.51.554308 +0200,
0,0,0,0,0,0,0,,,,,,,,,#F989A2,707.7935729026794,False,space,correct rejection,None,951.2462615966797,text_44,112,6,2back_dual_main_click,2,So,25,23,48,120,60,708.3816297054291,,,,,,,,,,03,03,yes,no,no,2025-06-17_11h10.33.301,EXNAT_4_TMS_Psychopy2024.2.5.psyexp,2024.2.5,2025-06-17 11h10.51.554308 +0200,
0,0,0,0,0,0,0,,,,,,,,,#88BA3F,708.8003511428833,True,space,miss,None,1160.6452465057373,text_44,113,6,2back_dual_main_click,2,entsteht,25,23,48,120,60,,,,,,,,,,,03,03,yes,no,no,2025-06-17_11h10.33.301,EXNAT_4_TMS_Psychopy2024.2.5.psyexp,2024.2.5,2025-06-17 11h10.51.554308 +0200,
0,0,0,0,0,0,0,,,,,,,,,#2AB7EF,710.0005121231079,False,space,correct rejection,None,1112.4913692474365,text_44,114,6,2back_dual_main_click,2,der,25,23,48,120,60,,,,,,,,,,,03,03,yes,no,no,2025-06-17_11h10.33.301,EXNAT_4_TMS_Psychopy2024.2.5.psyexp,2024.2.5,2025-06-17 11h10.51.554308 +0200,
0,0,0,0,0,0,0,,,,,,,,,#F989A2,711.1540179252625,False,space,correct rejection,None,1142.953872680664,text_44,115,6,2back_dual_main_click,2,typische,25,23,48,120,60,,,,,,,,,,,03,03,yes,no,no,2025-06-17_11h10.33.301,EXNAT_4_TMS_Psychopy2024.2.5.psyexp,2024.2.5,2025-06-17 11h10.51.554308 +0200,
0,0,0,0,0,0,0,,,,,,,,,#D292F3,712.3389253616333,False,space,correct rejection,None,1366.1367893218994,text_44,116,6,2back_dual_main_click,2,""Goema-Sound"".,25,23,48,120,60,,,,,,,,,,,03,03,yes,no,no,2025-06-17_11h10.33.301,EXNAT_4_TMS_Psychopy2024.2.5.psyexp,2024.2.5,2025-06-17 11h10.51.554308 +0200,
0,0,0,0,0,0,0,,,,,,,,,#F989A2,713.7429223060608,True,space,miss,None,1658.205509185791,text_44,117,6,2back_dual_main_click,2,Festivals,25,24,49,120,60,713.7931904792786,,,,,,,,,,03,03,yes,no,no,2025-06-17_11h10.33.301,EXNAT_4_TMS_Psychopy2024.2.5.psyexp,2024.2.5,2025-06-17 11h10.51.554308 +0200,
0,0,0,0,0,0,0,,,,,,,,,#2AB7EF,715.4553987979889,False,space,correct rejection,None,729.7396659851074,text_44,118,6,2back_dual_main_click,2,wie,25,24,49,120,60,,,,,,,,,,,03,03,yes,no,no,2025-06-17_11h10.33.301,EXNAT_4_TMS_Psychopy2024.2.5.psyexp,2024.2.5,2025-06-17 11h10.51.554308 +0200,
0,0,0,0,0,0,0,,,,,,,,,#88BA3F,716.2260611057281,False,space,correct rejection,None,887.1307373046875,text_44,119,6,2back_dual_main_click,2,das,25,24,49,120,60,,,,,,,,,,,03,03,yes,no,no,2025-06-17_11h10.33.301,EXNAT_4_TMS_Psychopy2024.2.5.psyexp,2024.2.5,2025-06-17 11h10.51.554308 +0200,
0,0,0,0,0,0,0,,,,,,,,,#D292F3,717.1541590690613,False,space,correct rejection,None,1543.0176258087158,text_44,120,6,2back_dual_main_click,2,Cape,25,24,49,120,60,,,,,,,,,,,03,03,yes,no,no,2025-06-17_11h10.33.301,EXNAT_4_TMS_Psychopy2024.2.5.psyexp,2024.2.5,2025-06-17 11h10.51.554308 +0200,
0,0,0,0,0,0,0,,,,,,,,,#88BA3F,718.7375290393829,True,space,miss,None,967.4258232116699,text_44,121,6,2back_dual_main_click,2,Town,25,25,50,120,60,718.8085925579071,,,,,,,,,,03,03,yes,no,no,2025-06-17_11h10.33.301,EXNAT_4_TMS_Psychopy2024.2.5.psyexp,2024.2.5,2025-06-17 11h10.51.554308 +0200,
0,0,0,0,0,0,0,,,,,,,,,#2AB7EF,719.7572784423828,False,space,correct rejection,None,1083.7905406951904,text_44,122,6,2back_dual_main_click,2,Jazz,25,25,50,120,60,,,,,,,,,,,03,03,yes,no,no,2025-06-17_11h10.33.301,EXNAT_4_TMS_Psychopy2024.2.5.psyexp,2024.2.5,2025-06-17 11h10.51.554308 +0200,
0,0,0,0,0,0,0,,,,,,,,,#F989A2,720.8981368541718,False,space,correct rejection,None,1414.8304462432861,text_44,123,6,2back_dual_main_click,2,Festival,25,25,50,120,60,,,,,,,,,,,03,03,yes,no,no,2025-06-17_11h10.33.301,EXNAT_4_TMS_Psychopy2024.2.5.psyexp,2024.2.5,2025-06-17 11h10.51.554308 +0200,
0,0,0,0,0,0,0,,,,,,,,,#2AB7EF,722.3678514957428,True,l,hit,921.1816787719727,1481.0667037963867,text_44,124,6,2back_dual_main_click,2,zeigen,25,26,51,120,60,723.8084292411804,,,,,,,,,,03,03,yes,no,no,2025-06-17_11h10.33.301,EXNAT_4_TMS_Psychopy2024.2.5.psyexp,2024.2.5,2025-06-17 11h10.51.554308 +0200,
0,0,0,0,0,0,0,,,,,,,,,#88BA3F,723.9051144123077,False,space,correct rejection,None,919.8129177093506,text_44,125,6,2back_dual_main_click,2,diese,25,26,51,120,60,,,,,,,,,,,03,03,yes,no,no,2025-06-17_11h10.33.301,EXNAT_4_TMS_Psychopy2024.2.5.psyexp,2024.2.5,2025-06-17 11h10.51.554308 +0200,
0,0,0,0,0,0,0,,,,,,,,,#D292F3,724.8797903060913,False,space,correct rejection,None,1257.1830749511719,text_44,126,6,2back_dual_main_click,2,Vielfalt,25,26,51,120,60,,,,,,,,,,,03,03,yes,no,no,2025-06-17_11h10.33.301,EXNAT_4_TMS_Psychopy2024.2.5.psyexp,2024.2.5,2025-06-17 11h10.51.554308 +0200,
0,0,0,0,0,0,0,,,,,,,,,#88BA3F,726.1910405158997,True,l,hit,666.057825088501,1209.9344730377197,text_44,127,6,2back_dual_main_click,2,und,25,26,51,120,60,,,,,,,,,,,03,03,yes,no,no,2025-06-17_11h10.33.301,EXNAT_4_TMS_Psychopy2024.2.5.psyexp,2024.2.5,2025-06-17 11h10.51.554308 +0200,
0,0,0,0,0,0,0,,,,,,,,,#F989A2,727.4566385746002,False,space,correct rejection,None,1016.4961814880371,text_44,128,6,2back_dual_main_click,2,gehören,25,26,51,120,60,,,,,,,,,,,03,03,yes,no,no,2025-06-17_11h10.33.301,EXNAT_4_TMS_Psychopy2024.2.5.psyexp,2024.2.5,2025-06-17 11h10.51.554308 +0200,
0,0,0,0,0,0,0,,,,,,,,,#F989A2,728.5295648574829,False,space,correct rejection,None,1063.4791851043701,text_44,129,6,2back_dual_main_click,2,inzwischen,26,26,52,120,60,728.8084471225739,,,,,,,,,,03,03,yes,no,no,2025-06-17_11h10.33.301,EXNAT_4_TMS_Psychopy2024.2.5.psyexp,2024.2.5,2025-06-17 11h10.51.554308 +0200,
0,0,0,0,0,0,0,,,,,,,,,#D292F3,729.6466193199158,False,space,correct rejection,None,1130.5134296417236,text_44,130,6,2back_dual_main_click,2,bereits,26,26,52,120,60,,,,,,,,,,,03,03,yes,no,no,2025-06-17_11h10.33.301,EXNAT_4_TMS_Psychopy2024.2.5.psyexp,2024.2.5,2025-06-17 11h10.51.554308 +0200,
0,0,0,0,0,0,0,,,,,,,,,#D292F3,730.8336162567139,False,space,correct rejection,None,919.5652008056641,text_44,131,6,2back_dual_main_click,2,zur,26,26,52,120,60,,,,,,,,,,,03,03,yes,no,no,2025-06-17_11h10.33.301,EXNAT_4_TMS_Psychopy2024.2.5.psyexp,2024.2.5,2025-06-17 11h10.51.554308 +0200,
0,0,0,0,0,0,0,,,,,,,,,#2AB7EF,731.807719707489,False,space,correct rejection,None,1833.4648609161377,text_44,132,6,2back_dual_main_click,2,Geschichte,26,26,52,120,60,,,,,,,,,,,03,03,yes,no,no,2025-06-17_11h10.33.301,EXNAT_4_TMS_Psychopy2024.2.5.psyexp,2024.2.5,2025-06-17 11h10.51.554308 +0200,
0,0,0,0,0,0,0,,,,,,,,,#2AB7EF,733.6978566646576,False,space,correct rejection,None,711.1806869506836,text_44,133,6,2back_dual_main_click,2,der,27,26,53,120,60,733.8084979057312,,,,,,,,,,03,03,yes,no,no,2025-06-17_11h10.33.301,EXNAT_4_TMS_Psychopy2024.2.5.psyexp,2024.2.5,2025-06-17 11h10.51.554308 +0200,
0,0,0,0,0,0,0,,,,,,,,,#88BA3F,734.4647161960602,False,space,correct rejection,None,1048.4364032745361,text_44,134,6,2back_dual_main_click,2,Stadt.,27,26,53,120,60,,,,,,,,,,,03,03,yes,no,no,2025-06-17_11h10.33.301,EXNAT_4_TMS_Psychopy2024.2.5.psyexp,2024.2.5,2025-06-17 11h10.51.554308 +0200,
0,0,0,0,0,0,0,,,,,,,,,#D292F3,735.55291056633,False,space,correct rejection,None,1176.1221885681152,text_44,135,6,2back_dual_main_click,2,Hier,27,26,53,120,60,,,,,,,,,,,03,03,yes,no,no,2025-06-17_11h10.33.301,EXNAT_4_TMS_Psychopy2024.2.5.psyexp,2024.2.5,2025-06-17 11h10.51.554308 +0200,
0,0,0,0,0,0,0,,,,,,,,,#D292F3,736.783768415451,False,space,correct rejection,None,1161.3037586212158,text_44,136,6,2back_dual_main_click,2,wird,27,26,53,120,60,,,,,,,,,,,03,03,yes,no,no,2025-06-17_11h10.33.301,EXNAT_4_TMS_Psychopy2024.2.5.psyexp,2024.2.5,2025-06-17 11h10.51.554308 +0200,
0,0,0,0,0,0,0,,,,,,,,,#2AB7EF,738.0002548694611,False,space,correct rejection,None,1144.8419094085693,text_44,137,6,2back_dual_main_click,2,Musik,28,26,54,120,60,738.8084917068481,,,,,,,,,,03,03,yes,no,no,2025-06-17_11h10.33.301,EXNAT_4_TMS_Psychopy2024.2.5.psyexp,2024.2.5,2025-06-17 11h10.51.554308 +0200,
0,0,0,0,0,0,0,,,,,,,,,#F989A2,739.1989250183105,False,space,correct rejection,None,1130.2158832550049,text_44,138,6,2back_dual_main_click,2,nicht,28,26,54,120,60,,,,,,,,,,,03,03,yes,no,no,2025-06-17_11h10.33.301,EXNAT_4_TMS_Psychopy2024.2.5.psyexp,2024.2.5,2025-06-17 11h10.51.554308 +0200,
0,0,0,0,0,0,0,,,,,,,,,#F989A2,740.3833723068237,False,space,correct rejection,None,873.7804889678955,text_44,139,6,2back_dual_main_click,2,nur,28,26,54,120,60,,,,,,,,,,,03,03,yes,no,no,2025-06-17_11h10.33.301,EXNAT_4_TMS_Psychopy2024.2.5.psyexp,2024.2.5,2025-06-17 11h10.51.554308 +0200,
0,0,0,0,0,0,0,,,,,,,,,#D292F3,741.3125247955322,False,space,correct rejection,None,1272.611379623413,text_44,140,6,2back_dual_main_click,2,"gehört,",28,26,54,120,60,,,,,,,,,,,03,03,yes,no,no,2025-06-17_11h10.33.301,EXNAT_4_TMS_Psychopy2024.2.5.psyexp,2024.2.5,2025-06-17 11h10.51.554308 +0200,
0,0,0,0,0,0,0,,,,,,,,,#88BA3F,742.640679359436,False,space,correct rejection,None,2088.3307456970215,text_44,141,6,2back_dual_main_click,2,sondern,28,26,54,120,60,,,,,,,,,,,03,03,yes,no,no,2025-06-17_11h10.33.301,EXNAT_4_TMS_Psychopy2024.2.5.psyexp,2024.2.5,2025-06-17 11h10.51.554308 +0200,
0,0,0,0,0,0,0,,,,,,,,,#F989A2,744.7856605052948,False,space,correct rejection,None,855.4964065551758,text_44,142,6,2back_dual_main_click,2,gelebt:,28,26,54,120,60,,,,,,,,,,,03,03,yes,no,no,2025-06-17_11h10.33.301,EXNAT_4_TMS_Psychopy2024.2.5.psyexp,2024.2.5,2025-06-17 11h10.51.554308 +0200,
0,0,0,0,0,0,0,,,,,,,,,#88BA3F,745.6948614120483,True,l,hit,666.1872863769531,1194.0999031066895,text_44,143,6,2back_dual_main_click,2,in,28,27,55,120,60,745.7485876083374,,,,,,,,,,03,03,yes,no,no,2025-06-17_11h10.33.301,EXNAT_4_TMS_Psychopy2024.2.5.psyexp,2024.2.5,2025-06-17 11h10.51.554308 +0200,
0,0,0,0,0,0,0,,,,,,,,,#2AB7EF,746.9460303783417,False,space,correct rejection,None,1223.1388092041016,text_44,144,6,2back_dual_main_click,2,"Wohnzimmern,",28,27,55,120,60,,,,,,,,,,,03,03,yes,no,no,2025-06-17_11h10.33.301,EXNAT_4_TMS_Psychopy2024.2.5.psyexp,2024.2.5,2025-06-17 11h10.51.554308 +0200,
0,0,0,0,0,0,0,,,,,,,,,#F989A2,748.2233481407166,False,space,correct rejection,None,1001.5969276428223,text_44,145,6,2back_dual_main_click,2,"Kellern,",28,27,55,120,60,,,,,,,,,,,03,03,yes,no,no,2025-06-17_11h10.33.301,EXNAT_4_TMS_Psychopy2024.2.5.psyexp,2024.2.5,2025-06-17 11h10.51.554308 +0200,
0,0,0,0,0,0,0,,,,,,,,,#D292F3,749.2803177833557,False,space,correct rejection,None,1608.7770462036133,text_44,146,6,2back_dual_main_click,2,Bars,29,27,56,120,60,750.7485926151276,,,,,,,,,,03,03,yes,no,no,2025-06-17_11h10.33.301,EXNAT_4_TMS_Psychopy2024.2.5.psyexp,2024.2.5,2025-06-17 11h10.51.554308 +0200,
0,0,0,0,0,0,0,,,,,,,,,#F989A2,750.9433403015137,True,space,miss,None,1273.7154960632324,text_44,147,6,2back_dual_main_click,2,und,29,27,56,120,60,,,,,,,,,,,03,03,yes,no,no,2025-06-17_11h10.33.301,EXNAT_4_TMS_Psychopy2024.2.5.psyexp,2024.2.5,2025-06-17 11h10.51.554308 +0200,
0,0,0,0,0,0,0,,,,,,,,,#2AB7EF,752.2740578651428,False,space,correct rejection,None,1206.9952487945557,text_44,148,6,2back_dual_main_click,2,mit,29,27,56,120,60,,,,,,,,,,,03,03,yes,no,no,2025-06-17_11h10.33.301,EXNAT_4_TMS_Psychopy2024.2.5.psyexp,2024.2.5,2025-06-17 11h10.51.554308 +0200,
0,0,0,0,0,0,0,,,,,,,,,#88BA3F,753.5208706855774,False,space,correct rejection,None,1096.144437789917,text_44,149,6,2back_dual_main_click,2,authentischem,29,27,56,120,60,,,,,,,,,,,03,03,yes,no,no,2025-06-17_11h10.33.301,EXNAT_4_TMS_Psychopy2024.2.5.psyexp,2024.2.5,2025-06-17 11h10.51.554308 +0200,
0,0,0,0,0,0,0,,,,,,,,,#2AB7EF,754.6550147533417,True,l,hit,554.0258884429932,1177.9131889343262,text_44,150,6,2back_dual_main_click,2,Flair.,29,28,57,120,60,755.7485003471375,,,,,,,,,,03,03,yes,no,no,2025-06-17_11h10.33.301,EXNAT_4_TMS_Psychopy2024.2.5.psyexp,2024.2.5,2025-06-17 11h10.51.554308 +0200,
0,0,0,0,0,0,0,,,,,,,,,,755.8836488723755,,3,,,,text_44,,6,2back_dual_main_click,,,,,,,,,Q1,c,True,,,,,,,03,03,yes,no,no,2025-06-17_11h10.33.301,EXNAT_4_TMS_Psychopy2024.2.5.psyexp,2024.2.5,2025-06-17 11h10.51.554308 +0200,
0,0,0,0,0,0,0,,,,,,,,,,760.2199280261993,,2,,,,text_44,,6,2back_dual_main_click,,,,,,,,,Q2,b,True,,,,,,,03,03,yes,no,no,2025-06-17_11h10.33.301,EXNAT_4_TMS_Psychopy2024.2.5.psyexp,2024.2.5,2025-06-17 11h10.51.554308 +0200,
0,0,0,0,0,0,0,,,,,,,,,,766.3889284133911,,4,,,,text_44,,6,2back_dual_main_click,,,,,,,,,Q3,d,False,,,,,,,03,03,yes,no,no,2025-06-17_11h10.33.301,EXNAT_4_TMS_Psychopy2024.2.5.psyexp,2024.2.5,2025-06-17 11h10.51.554308 +0200,
0,0,0,0,0,0,0,,,,,,,,,#88BA3F,778.7642557621002,False,space,correct rejection,None,764.725923538208,text_36,1,7,2back_dual_main_click,2,Poetry,29,28,57,120,60,,,,,,,,,,,03,03,yes,no,no,2025-06-17_11h10.33.301,EXNAT_4_TMS_Psychopy2024.2.5.psyexp,2024.2.5,2025-06-17 11h10.51.554308 +0200,
0,0,0,0,0,0,0,,,,,,,,,#88BA3F,779.5644133090973,False,space,correct rejection,None,652.5459289550781,text_36,2,7,2back_dual_main_click,2,Slam,30,28,58,120,60,779.6195616722107,,,,,,,,,,03,03,yes,no,no,2025-06-17_11h10.33.301,EXNAT_4_TMS_Psychopy2024.2.5.psyexp,2024.2.5,2025-06-17 11h10.51.554308 +0200,
0,0,0,0,0,0,0,,,,,,,,,#F989A2,780.253671169281,False,space,correct rejection,None,1003.3297538757324,text_36,3,7,2back_dual_main_click,2,ist,30,28,58,120,60,,,,,,,,,,,03,03,yes,no,no,2025-06-17_11h10.33.301,EXNAT_4_TMS_Psychopy2024.2.5.psyexp,2024.2.5,2025-06-17 11h10.51.554308 +0200,
0,0,0,0,0,0,0,,,,,,,,,#2AB7EF,781.2976810932159,False,space,correct rejection,None,1207.1599960327148,text_36,4,7,2back_dual_main_click,2,längst,30,28,58,120,60,,,,,,,,,,,03,03,yes,no,no,2025-06-17_11h10.33.301,EXNAT_4_TMS_Psychopy2024.2.5.psyexp,2024.2.5,2025-06-17 11h10.51.554308 +0200,
0,0,0,0,0,0,0,,,,,,,,,#88BA3F,782.5429499149323,False,space,correct rejection,None,1066.0693645477295,text_36,5,7,2back_dual_main_click,2,kein,30,28,58,120,60,,,,,,,,,,,03,03,yes,no,no,2025-06-17_11h10.33.301,EXNAT_4_TMS_Psychopy2024.2.5.psyexp,2024.2.5,2025-06-17 11h10.51.554308 +0200,
0,0,0,0,0,0,0,,,,,,,,,#F989A2,783.6649703979492,False,space,correct rejection,None,1176.0332584381104,text_36,6,7,2back_dual_main_click,2,Randphänomen,30,28,58,120,60,,,,,,,,,,,03,03,yes,no,no,2025-06-17_11h10.33.301,EXNAT_4_TMS_Psychopy2024.2.5.psyexp,2024.2.5,2025-06-17 11h10.51.554308 +0200,
0,0,0,0,0,0,0,,,,,,,,,#2AB7EF,784.8941082954407,False,space,correct rejection,None,890.9351825714111,text_36,7,7,2back_dual_main_click,2,mehr.,30,28,58,120,60,,,,,,,,,,,03,03,yes,no,no,2025-06-17_11h10.33.301,EXNAT_4_TMS_Psychopy2024.2.5.psyexp,2024.2.5,2025-06-17 11h10.51.554308 +0200,
0,0,0,0,0,0,0,,,,,,,,,#D292F3,785.8408417701721,False,space,correct rejection,None,1176.2773990631104,text_36,8,7,2back_dual_main_click,2,Formate,30,28,58,120,60,,,,,,,,,,,03,03,yes,no,no,2025-06-17_11h10.33.301,EXNAT_4_TMS_Psychopy2024.2.5.psyexp,2024.2.5,2025-06-17 11h10.51.554308 +0200,
0,0,0,0,0,0,0,,,,,,,,,#D292F3,787.0701766014099,False,space,correct rejection,None,986.8745803833008,text_36,9,7,2back_dual_main_click,2,wie,30,28,58,120,60,,,,,,,,,,,03,03,yes,no,no,2025-06-17_11h10.33.301,EXNAT_4_TMS_Psychopy2024.2.5.psyexp,2024.2.5,2025-06-17 11h10.51.554308 +0200,
0,0,0,0,0,0,0,,,,,,,,,#D292F3,788.1136991977692,True,l,hit,631.3116550445557,1223.2489585876465,text_36,10,7,2back_dual_main_click,2,"Fernsehauftritte,",30,29,59,120,60,788.166934967041,,,,,,,,,,03,03,yes,no,no,2025-06-17_11h10.33.301,EXNAT_4_TMS_Psychopy2024.2.5.psyexp,2024.2.5,2025-06-17 11h10.51.554308 +0200,
0,0,0,0,0,0,0,,,,,,,,,#F989A2,789.3920385837555,False,space,correct rejection,None,1033.0276489257812,text_36,11,7,2back_dual_main_click,2,Workshop-Angebote,30,29,59,120,60,,,,,,,,,,,03,03,yes,no,no,2025-06-17_11h10.33.301,EXNAT_4_TMS_Psychopy2024.2.5.psyexp,2024.2.5,2025-06-17 11h10.51.554308 +0200,
0,0,0,0,0,0,0,,,,,,,,,#2AB7EF,790.4815511703491,False,space,correct rejection,None,1639.4920349121094,text_36,12,7,2back_dual_main_click,2,und,30,29,59,120,60,,,,,,,,,,,03,03,yes,no,no,2025-06-17_11h10.33.301,EXNAT_4_TMS_Psychopy2024.2.5.psyexp,2024.2.5,2025-06-17 11h10.51.554308 +0200,
0,0,0,0,0,0,0,,,,,,,,,#88BA3F,792.1765234470367,False,space,correct rejection,None,1112.6246452331543,text_36,13,7,2back_dual_main_click,2,steigende,30,29,59,120,60,,,,,,,,,,,03,03,yes,no,no,2025-06-17_11h10.33.301,EXNAT_4_TMS_Psychopy2024.2.5.psyexp,2024.2.5,2025-06-17 11h10.51.554308 +0200,
0,0,0,0,0,0,0,,,,,,,,,#2AB7EF,793.3466756343842,True,l,hit,918.3492660522461,1430.1726818084717,text_36,14,7,2back_dual_main_click,2,Zuschauerzahlen,30,30,60,120,60,793.3991451263428,,,,,,,,,,03,03,yes,no,no,2025-06-17_11h10.33.301,EXNAT_4_TMS_Psychopy2024.2.5.psyexp,2024.2.5,2025-06-17 11h10.51.554308 +0200,
0,0,0,0,0,0,0,,,,,,,,,#88BA3F,794.8326048851013,True,space,miss,None,1016.284704208374,text_36,15,7,2back_dual_main_click,2,zeigen,30,30,60,120,60,,,,,,,,,,,03,03,yes,no,no,2025-06-17_11h10.33.301,EXNAT_4_TMS_Psychopy2024.2.5.psyexp,2024.2.5,2025-06-17 11h10.51.554308 +0200,
0,0,0,0,0,0,0,,,,,,,,,#F989A2,795.9029211997986,False,space,correct rejection,None,938.0860328674316,text_36,16,7,2back_dual_main_click,2,den,30,30,60,120,60,,,,,,,,,,,03,03,yes,no,no,2025-06-17_11h10.33.301,EXNAT_4_TMS_Psychopy2024.2.5.psyexp,2024.2.5,2025-06-17 11h10.51.554308 +0200,
0,0,0,0,0,0,0,,,,,,,,,#D292F3,796.8977117538452,False,space,correct rejection,None,839.2317295074463,text_36,17,7,2back_dual_main_click,2,Wandel.,30,30,60,120,60,,,,,,,,,,,03,03,yes,no,no,2025-06-17_11h10.33.301,EXNAT_4_TMS_Psychopy2024.2.5.psyexp,2024.2.5,2025-06-17 11h10.51.554308 +0200,
0,0,0,0,0,0,0,,,,,,,,,#D292F3,797.7918481826782,False,space,correct rejection,None,793.126106262207,text_36,18,7,2back_dual_main_click,2,So,31,30,61,120,60,798.3990614414215,,,,,,,,,,03,03,yes,no,no,2025-06-17_11h10.33.301,EXNAT_4_TMS_Psychopy2024.2.5.psyexp,2024.2.5,2025-06-17 11h10.51.554308 +0200,
0,0,0,0,0,0,0,,,,,,,,,#88BA3F,798.6398801803589,False,space,correct rejection,None,793.1423187255859,text_36,19,7,2back_dual_main_click,2,tritt,31,30,61,120,60,,,,,,,,,,,03,03,yes,no,no,2025-06-17_11h10.33.301,EXNAT_4_TMS_Psychopy2024.2.5.psyexp,2024.2.5,2025-06-17 11h10.51.554308 +0200,
0,0,0,0,0,0,0,,,,,,,,,#F989A2,799.490592956543,False,space,correct rejection,None,1078.4850120544434,text_36,20,7,2back_dual_main_click,2,""Sebastian,31,30,61,120,60,,,,,,,,,,,03,03,yes,no,no,2025-06-17_11h10.33.301,EXNAT_4_TMS_Psychopy2024.2.5.psyexp,2024.2.5,2025-06-17 11h10.51.554308 +0200,
0,0,0,0,0,0,0,,,,,,,,,#D292F3,800.6237363815308,False,space,correct rejection,None,1769.2720890045166,text_36,21,7,2back_dual_main_click,2,"23"",",31,30,61,120,60,,,,,,,,,,,03,03,yes,no,no,2025-06-17_11h10.33.301,EXNAT_4_TMS_Psychopy2024.2.5.psyexp,2024.2.5,2025-06-17 11h10.51.554308 +0200,
0,0,0,0,0,0,0,,,,,,,,,#2AB7EF,802.4485590457916,False,space,correct rejection,None,888.5455131530762,text_36,22,7,2back_dual_main_click,2,einer,31,30,61,120,60,,,,,,,,,,,03,03,yes,no,no,2025-06-17_11h10.33.301,EXNAT_4_TMS_Psychopy2024.2.5.psyexp,2024.2.5,2025-06-17 11h10.51.554308 +0200,
0,0,0,0,0,0,0,,,,,,,,,#F989A2,803.3913152217865,False,space,correct rejection,None,1017.7004337310791,text_36,23,7,2back_dual_main_click,2,der,32,30,62,120,60,803.4429385662079,,,,,,,,,,03,03,yes,no,no,2025-06-17_11h10.33.301,EXNAT_4_TMS_Psychopy2024.2.5.psyexp,2024.2.5,2025-06-17 11h10.51.554308 +0200,
0,0,0,0,0,0,0,,,,,,,,,#2AB7EF,804.4625370502472,True,l,hit,650.4981517791748,1114.351749420166,text_36,24,7,2back_dual_main_click,2,Stars,32,30,62,120,60,,,,,,,,,,,03,03,yes,no,no,2025-06-17_11h10.33.301,EXNAT_4_TMS_Psychopy2024.2.5.psyexp,2024.2.5,2025-06-17 11h10.51.554308 +0200,
0,0,0,0,0,0,0,,,,,,,,,#D292F3,805.6322338581085,False,space,correct rejection,None,872.7953433990479,text_36,25,7,2back_dual_main_click,2,der,32,30,62,120,60,,,,,,,,,,,03,03,yes,no,no,2025-06-17_11h10.33.301,EXNAT_4_TMS_Psychopy2024.2.5.psyexp,2024.2.5,2025-06-17 11h10.51.554308 +0200,
0,0,0,0,0,0,0,,,,,,,,,#D292F3,806.5591714382172,False,space,correct rejection,None,953.8781642913818,text_36,26,7,2back_dual_main_click,2,"Szene,",32,30,62,120,60,,,,,,,,,,,03,03,yes,no,no,2025-06-17_11h10.33.301,EXNAT_4_TMS_Psychopy2024.2.5.psyexp,2024.2.5,2025-06-17 11h10.51.554308 +0200,
0,0,0,0,0,0,0,,,,,,,,,#88BA3F,807.5674715042114,False,space,correct rejection,None,921.5760231018066,text_36,27,7,2back_dual_main_click,2,bereits,32,30,62,120,60,,,,,,,,,,,03,03,yes,no,no,2025-06-17_11h10.33.301,EXNAT_4_TMS_Psychopy2024.2.5.psyexp,2024.2.5,2025-06-17 11h10.51.554308 +0200,
0,0,0,0,0,0,0,,,,,,,,,#2AB7EF,808.5424213409424,False,space,correct rejection,None,1146.655559539795,text_36,28,7,2back_dual_main_click,2,mehrmals,32,30,62,120,60,,,,,,,,,,,03,03,yes,no,no,2025-06-17_11h10.33.301,EXNAT_4_TMS_Psychopy2024.2.5.psyexp,2024.2.5,2025-06-17 11h10.51.554308 +0200,
0,0,0,0,0,0,0,,,,,,,,,#D292F3,809.7419664859772,False,space,correct rejection,None,1035.1085662841797,text_36,29,7,2back_dual_main_click,2,wöchentlich,32,30,62,120,60,,,,,,,,,,,03,03,yes,no,no,2025-06-17_11h10.33.301,EXNAT_4_TMS_Psychopy2024.2.5.psyexp,2024.2.5,2025-06-17 11h10.51.554308 +0200,
0,0,0,0,0,0,0,,,,,,,,,#F989A2,810.8310461044312,False,space,correct rejection,None,1194.0617561340332,text_36,30,7,2back_dual_main_click,2,auf.,32,30,62,120,60,,,,,,,,,,,03,03,yes,no,no,2025-06-17_11h10.33.301,EXNAT_4_TMS_Psychopy2024.2.5.psyexp,2024.2.5,2025-06-17 11h10.51.554308 +0200,
0,0,0,0,0,0,0,,,,,,,,,#88BA3F,812.0796117782593,False,space,correct rejection,None,1225.5046367645264,text_36,31,7,2back_dual_main_click,2,Auch,32,30,62,120,60,,,,,,,,,,,03,03,yes,no,no,2025-06-17_11h10.33.301,EXNAT_4_TMS_Psychopy2024.2.5.psyexp,2024.2.5,2025-06-17 11h10.51.554308 +0200,
0,0,0,0,0,0,0,,,,,,,,,#2AB7EF,813.3619329929352,False,space,correct rejection,None,2007.2109699249268,text_36,32,7,2back_dual_main_click,2,wenn,32,30,62,120,60,,,,,,,,,,,03,03,yes,no,no,2025-06-17_11h10.33.301,EXNAT_4_TMS_Psychopy2024.2.5.psyexp,2024.2.5,2025-06-17 11h10.51.554308 +0200,
0,0,0,0,0,0,0,,,,,,,,,#F989A2,815.4247789382935,False,space,correct rejection,None,920.2620983123779,text_36,33,7,2back_dual_main_click,2,es,32,30,62,120,60,,,,,,,,,,,03,03,yes,no,no,2025-06-17_11h10.33.301,EXNAT_4_TMS_Psychopy2024.2.5.psyexp,2024.2.5,2025-06-17 11h10.51.554308 +0200,
0,0,0,0,0,0,0,,,,,,,,,#88BA3F,816.4013464450836,False,space,correct rejection,None,1143.7029838562012,text_36,34,7,2back_dual_main_click,2,oft,32,30,62,120,60,,,,,,,,,,,03,03,yes,no,no,2025-06-17_11h10.33.301,EXNAT_4_TMS_Psychopy2024.2.5.psyexp,2024.2.5,2025-06-17 11h10.51.554308 +0200,
0,0,0,0,0,0,0,,,,,,,,,#2AB7EF,817.6001670360565,False,space,correct rejection,None,1016.9899463653564,text_36,35,7,2back_dual_main_click,2,noch,32,30,62,120,60,,,,,,,,,,,03,03,yes,no,no,2025-06-17_11h10.33.301,EXNAT_4_TMS_Psychopy2024.2.5.psyexp,2024.2.5,2025-06-17 11h10.51.554308 +0200,
0,0,0,0,0,0,0,,,,,,,,,#F989A2,818.6714174747467,False,space,correct rejection,None,1113.75093460083,text_36,36,7,2back_dual_main_click,2,wenig,32,30,62,120,60,,,,,,,,,,,03,03,yes,no,no,2025-06-17_11h10.33.301,EXNAT_4_TMS_Psychopy2024.2.5.psyexp,2024.2.5,2025-06-17 11h10.51.554308 +0200,
0,0,0,0,0,0,0,,,,,,,,,#D292F3,819.8264935016632,False,space,correct rejection,None,998.4843730926514,text_36,37,7,2back_dual_main_click,2,Geld,32,30,62,120,60,,,,,,,,,,,03,03,yes,no,no,2025-06-17_11h10.33.301,EXNAT_4_TMS_Psychopy2024.2.5.psyexp,2024.2.5,2025-06-17 11h10.51.554308 +0200,
0,0,0,0,0,0,0,,,,,,,,,#88BA3F,820.8653843402863,False,space,correct rejection,None,1159.679651260376,text_36,38,7,2back_dual_main_click,2,"gibt,",32,30,62,120,60,,,,,,,,,,,03,03,yes,no,no,2025-06-17_11h10.33.301,EXNAT_4_TMS_Psychopy2024.2.5.psyexp,2024.2.5,2025-06-17 11h10.51.554308 +0200,
0,0,0,0,0,0,0,,,,,,,,,#88BA3F,822.0639288425446,False,space,correct rejection,None,1033.0424308776855,text_36,39,7,2back_dual_main_click,2,erhalten,32,30,62,120,60,,,,,,,,,,,03,03,yes,no,no,2025-06-17_11h10.33.301,EXNAT_4_TMS_Psychopy2024.2.5.psyexp,2024.2.5,2025-06-17 11h10.51.554308 +0200,
0,0,0,0,0,0,0,,,,,,,,,#D292F3,823.1370630264282,False,space,correct rejection,None,1032.038927078247,text_36,40,7,2back_dual_main_click,2,einzelne,32,30,62,120,60,,,,,,,,,,,03,03,yes,no,no,2025-06-17_11h10.33.301,EXNAT_4_TMS_Psychopy2024.2.5.psyexp,2024.2.5,2025-06-17 11h10.51.554308 +0200,
0,0,0,0,0,0,0,,,,,,,,,#2AB7EF,824.209365606308,False,space,correct rejection,None,1287.6911163330078,text_36,41,7,2back_dual_main_click,2,Künstler,32,30,62,120,60,,,,,,,,,,,03,03,yes,no,no,2025-06-17_11h10.33.301,EXNAT_4_TMS_Psychopy2024.2.5.psyexp,2024.2.5,2025-06-17 11h10.51.554308 +0200,
0,0,0,0,0,0,0,,,,,,,,,#88BA3F,825.5533111095428,False,space,correct rejection,None,983.6840629577637,text_36,42,7,2back_dual_main_click,2,inzwischen,32,30,62,120,60,,,,,,,,,,,03,03,yes,no,no,2025-06-17_11h10.33.301,EXNAT_4_TMS_Psychopy2024.2.5.psyexp,2024.2.5,2025-06-17 11h10.51.554308 +0200,
0,0,0,0,0,0,0,,,,,,,,,#2AB7EF,826.5929801464081,True,l,hit,584.038257598877,1143.8453197479248,text_36,43,7,2back_dual_main_click,2,Gagen.,32,31,63,120,60,826.6439402103424,,,,,,,,,,03,03,yes,no,no,2025-06-17_11h10.33.301,EXNAT_4_TMS_Psychopy2024.2.5.psyexp,2024.2.5,2025-06-17 11h10.51.554308 +0200,
0,0,0,0,0,0,0,,,,,,,,,#2AB7EF,827.7907905578613,False,space,correct rejection,None,1178.391695022583,text_36,44,7,2back_dual_main_click,2,Gleichzeitig,32,31,63,120,60,,,,,,,,,,,03,03,yes,no,no,2025-06-17_11h10.33.301,EXNAT_4_TMS_Psychopy2024.2.5.psyexp,2024.2.5,2025-06-17 11h10.51.554308 +0200,
0,0,0,0,0,0,0,,,,,,,,,#F989A2,829.0233767032623,False,space,correct rejection,None,985.7437610626221,text_36,45,7,2back_dual_main_click,2,steigt,32,31,63,120,60,,,,,,,,,,,03,03,yes,no,no,2025-06-17_11h10.33.301,EXNAT_4_TMS_Psychopy2024.2.5.psyexp,2024.2.5,2025-06-17 11h10.51.554308 +0200,
0,0,0,0,0,0,0,,,,,,,,,#F989A2,830.0644011497498,False,space,correct rejection,None,888.749361038208,text_36,46,7,2back_dual_main_click,2,jedoch,32,31,63,120,60,,,,,,,,,,,03,03,yes,no,no,2025-06-17_11h10.33.301,EXNAT_4_TMS_Psychopy2024.2.5.psyexp,2024.2.5,2025-06-17 11h10.51.554308 +0200,
0,0,0,0,0,0,0,,,,,,,,,#F989A2,831.0081260204315,True,l,hit,681.0197830200195,1224.879264831543,text_36,47,7,2back_dual_main_click,2,die,32,32,64,120,60,831.6439015865326,,,,,,,,,,03,03,yes,no,no,2025-06-17_11h10.33.301,EXNAT_4_TMS_Psychopy2024.2.5.psyexp,2024.2.5,2025-06-17 11h10.51.554308 +0200,
0,0,0,0,0,0,0,,,,,,,,,#D292F3,832.288658618927,False,space,correct rejection,None,1096.5843200683594,text_36,48,7,2back_dual_main_click,2,"Kritik,",32,32,64,120,60,,,,,,,,,,,03,03,yes,no,no,2025-06-17_11h10.33.301,EXNAT_4_TMS_Psychopy2024.2.5.psyexp,2024.2.5,2025-06-17 11h10.51.554308 +0200,
0,0,0,0,0,0,0,,,,,,,,,#88BA3F,833.439670085907,False,space,correct rejection,None,1145.395278930664,text_36,49,7,2back_dual_main_click,2,denn,32,32,64,120,60,,,,,,,,,,,03,03,yes,no,no,2025-06-17_11h10.33.301,EXNAT_4_TMS_Psychopy2024.2.5.psyexp,2024.2.5,2025-06-17 11h10.51.554308 +0200,
0,0,0,0,0,0,0,,,,,,,,,#2AB7EF,834.6421196460724,False,space,correct rejection,None,1158.9698791503906,text_36,50,7,2back_dual_main_click,2,viele,32,32,64,120,60,,,,,,,,,,,03,03,yes,no,no,2025-06-17_11h10.33.301,EXNAT_4_TMS_Psychopy2024.2.5.psyexp,2024.2.5,2025-06-17 11h10.51.554308 +0200,
0,0,0,0,0,0,0,,,,,,,,,#88BA3F,835.8571670055389,True,l,hit,903.8546085357666,1575.711965560913,text_36,51,7,2back_dual_main_click,2,Beiträge,32,33,65,120,60,836.6439113616943,,,,,,,,,,03,03,yes,no,no,2025-06-17_11h10.33.301,EXNAT_4_TMS_Psychopy2024.2.5.psyexp,2024.2.5,2025-06-17 11h10.51.554308 +0200,
0,0,0,0,0,0,0,,,,,,,,,#88BA3F,837.4870800971985,False,space,correct rejection,None,1225.8491516113281,text_36,52,7,2back_dual_main_click,2,zielen,32,33,65,120,60,,,,,,,,,,,03,03,yes,no,no,2025-06-17_11h10.33.301,EXNAT_4_TMS_Psychopy2024.2.5.psyexp,2024.2.5,2025-06-17 11h10.51.554308 +0200,
0,0,0,0,0,0,0,,,,,,,,,#2AB7EF,838.7638256549835,False,space,correct rejection,None,973.2084274291992,text_36,53,7,2back_dual_main_click,2,nur,32,33,65,120,60,,,,,,,,,,,03,03,yes,no,no,2025-06-17_11h10.33.301,EXNAT_4_TMS_Psychopy2024.2.5.psyexp,2024.2.5,2025-06-17 11h10.51.554308 +0200,
0,0,0,0,0,0,0,,,,,,,,,#D292F3,839.7773325443268,False,space,correct rejection,None,1287.70112991333,text_36,54,7,2back_dual_main_click,2,noch,32,33,65,120,60,,,,,,,,,,,03,03,yes,no,no,2025-06-17_11h10.33.301,EXNAT_4_TMS_Psychopy2024.2.5.psyexp,2024.2.5,2025-06-17 11h10.51.554308 +0200,
0,0,0,0,0,0,0,,,,,,,,,#D292F3,841.1056418418884,False,space,correct rejection,None,903.4345149993896,text_36,55,7,2back_dual_main_click,2,auf,33,33,66,120,60,841.6439054012299,,,,,,,,,,03,03,yes,no,no,2025-06-17_11h10.33.301,EXNAT_4_TMS_Psychopy2024.2.5.psyexp,2024.2.5,2025-06-17 11h10.51.554308 +0200,
0,0,0,0,0,0,0,,,,,,,,,#D292F3,842.0522787570953,True,l,hit,564.7661685943604,1028.5813808441162,text_36,56,7,2back_dual_main_click,2,Lacher,33,33,66,120,60,,,,,,,,,,,03,03,yes,no,no,2025-06-17_11h10.33.301,EXNAT_4_TMS_Psychopy2024.2.5.psyexp,2024.2.5,2025-06-17 11h10.51.554308 +0200,
0,0,0,0,0,0,0,,,,,,,,,#2AB7EF,843.1190271377563,False,space,correct rejection,None,1066.0021305084229,text_36,57,7,2back_dual_main_click,2,ab,33,33,66,120,60,,,,,,,,,,,03,03,yes,no,no,2025-06-17_11h10.33.301,EXNAT_4_TMS_Psychopy2024.2.5.psyexp,2024.2.5,2025-06-17 11h10.51.554308 +0200,
0,0,0,0,0,0,0,,,,,,,,,#F989A2,844.2222609519958,False,space,correct rejection,None,1466.7632579803467,text_36,58,7,2back_dual_main_click,2,und,33,33,66,120,60,,,,,,,,,,,03,03,yes,no,no,2025-06-17_11h10.33.301,EXNAT_4_TMS_Psychopy2024.2.5.psyexp,2024.2.5,2025-06-17 11h10.51.554308 +0200,
0,0,0,0,0,0,0,,,,,,,,,#F989A2,845.7421448230743,False,space,correct rejection,None,970.848560333252,text_36,59,7,2back_dual_main_click,2,nicht,33,33,66,120,60,,,,,,,,,,,03,03,yes,no,no,2025-06-17_11h10.33.301,EXNAT_4_TMS_Psychopy2024.2.5.psyexp,2024.2.5,2025-06-17 11h10.51.554308 +0200,
0,0,0,0,0,0,0,,,,,,,,,#F989A2,846.7677309513092,True,l,hit,841.397762298584,1337.1002674102783,text_36,60,7,2back_dual_main_click,2,auf,33,33,66,120,60,,,,,,,,,,,03,03,yes,no,no,2025-06-17_11h10.33.301,EXNAT_4_TMS_Psychopy2024.2.5.psyexp,2024.2.5,2025-06-17 11h10.51.554308 +0200,
0,0,0,0,0,0,0,,,,,,,,,#F989A2,848.1461815834045,True,l,hit,870.9523677825928,1334.8562717437744,text_36,61,7,2back_dual_main_click,2,einen,33,34,67,120,60,848.201907157898,,,,,,,,,,03,03,yes,no,no,2025-06-17_11h10.33.301,EXNAT_4_TMS_Psychopy2024.2.5.psyexp,2024.2.5,2025-06-17 11h10.51.554308 +0200,
0,0,0,0,0,0,0,,,,,,,,,#F989A2,849.5215528011322,True,l,hit,503.50451469421387,1079.3583393096924,text_36,62,7,2back_dual_main_click,2,hohen,33,34,67,120,60,,,,,,,,,,,03,03,yes,no,no,2025-06-17_11h10.33.301,EXNAT_4_TMS_Psychopy2024.2.5.psyexp,2024.2.5,2025-06-17 11h10.51.554308 +0200,
0,0,0,0,0,0,0,,,,,,,,,#88BA3F,850.6423790454865,False,space,correct rejection,None,1510.6995105743408,text_36,63,7,2back_dual_main_click,2,literarischen,33,34,67,120,60,,,,,,,,,,,03,03,yes,no,no,2025-06-17_11h10.33.301,EXNAT_4_TMS_Psychopy2024.2.5.psyexp,2024.2.5,2025-06-17 11h10.51.554308 +0200,
0,0,0,0,0,0,0,,,,,,,,,#D292F3,852.208277463913,False,space,correct rejection,None,824.7876167297363,text_36,64,7,2back_dual_main_click,2,Anspruch.,33,34,67,120,60,,,,,,,,,,,03,03,yes,no,no,2025-06-17_11h10.33.301,EXNAT_4_TMS_Psychopy2024.2.5.psyexp,2024.2.5,2025-06-17 11h10.51.554308 +0200,
0,0,0,0,0,0,0,,,,,,,,,#88BA3F,853.0875542163849,True,l,hit,921.489953994751,1401.3779163360596,text_36,65,7,2back_dual_main_click,2,Slammer,33,35,68,120,60,853.2018675804138,,,,,,,,,,03,03,yes,no,no,2025-06-17_11h10.33.301,EXNAT_4_TMS_Psychopy2024.2.5.psyexp,2024.2.5,2025-06-17 11h10.51.554308 +0200,
0,0,0,0,0,0,0,,,,,,,,,#F989A2,854.5440273284912,False,space,correct rejection,None,1080.888032913208,text_36,66,7,2back_dual_main_click,2,wie,33,35,68,120,60,,,,,,,,,,,03,03,yes,no,no,2025-06-17_11h10.33.301,EXNAT_4_TMS_Psychopy2024.2.5.psyexp,2024.2.5,2025-06-17 11h10.51.554308 +0200,
0,0,0,0,0,0,0,,,,,,,,,#2AB7EF,855.6802310943604,False,space,correct rejection,None,1256.8097114562988,text_36,67,7,2back_dual_main_click,2,Xóchil,33,35,68,120,60,,,,,,,,,,,03,03,yes,no,no,2025-06-17_11h10.33.301,EXNAT_4_TMS_Psychopy2024.2.5.psyexp,2024.2.5,2025-06-17 11h10.51.554308 +0200,
0,0,0,0,0,0,0,,,,,,,,,#2AB7EF,856.9899864196777,False,space,correct rejection,None,1099.111795425415,text_36,68,7,2back_dual_main_click,2,kritisieren,33,35,68,120,60,,,,,,,,,,,03,03,yes,no,no,2025-06-17_11h10.33.301,EXNAT_4_TMS_Psychopy2024.2.5.psyexp,2024.2.5,2025-06-17 11h10.51.554308 +0200,
0,0,0,0,0,0,0,,,,,,,,,#D292F3,858.1452136039734,False,space,correct rejection,None,1239.8738861083984,text_36,69,7,2back_dual_main_click,2,diesen,34,35,69,120,60,858.2019562721252,,,,,,,,,,03,03,yes,no,no,2025-06-17_11h10.33.301,EXNAT_4_TMS_Psychopy2024.2.5.psyexp,2024.2.5,2025-06-17 11h10.51.554308 +0200,
0,0,0,0,0,0,0,,,,,,,,,#2AB7EF,859.4407172203064,True,l,hit,1288.4438037872314,1800.239086151123,text_36,70,7,2back_dual_main_click,2,Comedy-Trend,34,35,69,120,60,,,,,,,,,,,03,03,yes,no,no,2025-06-17_11h10.33.301,EXNAT_4_TMS_Psychopy2024.2.5.psyexp,2024.2.5,2025-06-17 11h10.51.554308 +0200,
0,0,0,0,0,0,0,,,,,,,,,#88BA3F,861.2949419021606,False,space,correct rejection,None,1002.1016597747803,text_36,71,7,2back_dual_main_click,2,und,34,35,69,120,60,,,,,,,,,,,03,03,yes,no,no,2025-06-17_11h10.33.301,EXNAT_4_TMS_Psychopy2024.2.5.psyexp,2024.2.5,2025-06-17 11h10.51.554308 +0200,
0,0,0,0,0,0,0,,,,,,,,,#D292F3,862.352108001709,False,space,correct rejection,None,1480.9904098510742,text_36,72,7,2back_dual_main_click,2,distanzieren,35,35,70,120,60,863.2018933296204,,,,,,,,,,03,03,yes,no,no,2025-06-17_11h10.33.301,EXNAT_4_TMS_Psychopy2024.2.5.psyexp,2024.2.5,2025-06-17 11h10.51.554308 +0200,
0,0,0,0,0,0,0,,,,,,,,,#88BA3F,863.8901858329773,True,l,hit,790.9085750579834,1254.6947002410889,text_36,73,7,2back_dual_main_click,2,sich.,35,35,70,120,60,,,,,,,,,,,03,03,yes,no,no,2025-06-17_11h10.33.301,EXNAT_4_TMS_Psychopy2024.2.5.psyexp,2024.2.5,2025-06-17 11h10.51.554308 +0200,
0,0,0,0,0,0,0,,,,,,,,,#2AB7EF,865.2005302906036,False,space,correct rejection,None,1112.5054359436035,text_36,74,7,2back_dual_main_click,2,Auch,35,35,70,120,60,,,,,,,,,,,03,03,yes,no,no,2025-06-17_11h10.33.301,EXNAT_4_TMS_Psychopy2024.2.5.psyexp,2024.2.5,2025-06-17 11h10.51.554308 +0200,
0,0,0,0,0,0,0,,,,,,,,,#88BA3F,866.3700709342957,True,space,miss,None,1302.9427528381348,text_36,75,7,2back_dual_main_click,2,Veranstalter,35,35,70,120,60,,,,,,,,,,,03,03,yes,no,no,2025-06-17_11h10.33.301,EXNAT_4_TMS_Psychopy2024.2.5.psyexp,2024.2.5,2025-06-17 11h10.51.554308 +0200,
0,0,0,0,0,0,0,,,,,,,,,#F989A2,867.7261271476746,False,space,correct rejection,None,890.911340713501,text_36,76,7,2back_dual_main_click,2,wie,36,35,71,120,60,868.2019228935242,,,,,,,,,,03,03,yes,no,no,2025-06-17_11h10.33.301,EXNAT_4_TMS_Psychopy2024.2.5.psyexp,2024.2.5,2025-06-17 11h10.51.554308 +0200,
0,0,0,0,0,0,0,,,,,,,,,#2AB7EF,868.6572933197021,False,space,correct rejection,None,1143.8779830932617,text_36,77,7,2back_dual_main_click,2,Jan,36,35,71,120,60,,,,,,,,,,,03,03,yes,no,no,2025-06-17_11h10.33.301,EXNAT_4_TMS_Psychopy2024.2.5.psyexp,2024.2.5,2025-06-17 11h10.51.554308 +0200,
0,0,0,0,0,0,0,,,,,,,,,#D292F3,869.8552489280701,False,space,correct rejection,None,1449.7501850128174,text_36,78,7,2back_dual_main_click,2,Sedelies,36,35,71,120,60,,,,,,,,,,,03,03,yes,no,no,2025-06-17_11h10.33.301,EXNAT_4_TMS_Psychopy2024.2.5.psyexp,2024.2.5,2025-06-17 11h10.51.554308 +0200,
0,0,0,0,0,0,0,,,,,,,,,#88BA3F,871.360732793808,False,l,false alarm,920.3510284423828,1528.24068069458,text_36,79,7,2back_dual_main_click,2,"beobachten,",36,35,71,120,60,,,,,,,,,,,03,03,yes,no,no,2025-06-17_11h10.33.301,EXNAT_4_TMS_Psychopy2024.2.5.psyexp,2024.2.5,2025-06-17 11h10.51.554308 +0200,
0,0,0,0,0,0,0,,,,,,,,,#F989A2,872.943133354187,False,space,correct rejection,None,953.8934230804443,text_36,80,7,2back_dual_main_click,2,dass,37,35,72,120,60,873.2019190788269,,,,,,,,,,03,03,yes,no,no,2025-06-17_11h10.33.301,EXNAT_4_TMS_Psychopy2024.2.5.psyexp,2024.2.5,2025-06-17 11h10.51.554308 +0200,
0,0,0,0,0,0,0,,,,,,,,,#F989A2,873.9518673419952,False,space,correct rejection,None,905.1737785339355,text_36,81,7,2back_dual_main_click,2,bei,37,35,72,120,60,,,,,,,,,,,03,03,yes,no,no,2025-06-17_11h10.33.301,EXNAT_4_TMS_Psychopy2024.2.5.psyexp,2024.2.5,2025-06-17 11h10.51.554308 +0200,
0,0,0,0,0,0,0,,,,,,,,,#D292F3,874.91166639328,False,space,correct rejection,None,1065.399408340454,text_36,82,7,2back_dual_main_click,2,vielen,37,35,72,120,60,,,,,,,,,,,03,03,yes,no,no,2025-06-17_11h10.33.301,EXNAT_4_TMS_Psychopy2024.2.5.psyexp,2024.2.5,2025-06-17 11h10.51.554308 +0200,
0,0,0,0,0,0,0,,,,,,,,,#2AB7EF,876.03368973732,False,space,correct rejection,None,1159.3432426452637,text_36,83,7,2back_dual_main_click,2,Teilnehmenden,37,35,72,120,60,,,,,,,,,,,03,03,yes,no,no,2025-06-17_11h10.33.301,EXNAT_4_TMS_Psychopy2024.2.5.psyexp,2024.2.5,2025-06-17 11h10.51.554308 +0200,
0,0,0,0,0,0,0,,,,,,,,,#D292F3,877.2344417572021,True,l,hit,1190.6147003173828,1686.4581108093262,text_36,84,7,2back_dual_main_click,2,die,37,36,73,120,60,878.2019267082214,,,,,,,,,,03,03,yes,no,no,2025-06-17_11h10.33.301,EXNAT_4_TMS_Psychopy2024.2.5.psyexp,2024.2.5,2025-06-17 11h10.51.554308 +0200,
0,0,0,0,0,0,0,,,,,,,,,#F989A2,878.9758245944977,False,space,correct rejection,None,905.2097797393799,text_36,85,7,2back_dual_main_click,2,Zeit,37,36,73,120,60,,,,,,,,,,,03,03,yes,no,no,2025-06-17_11h10.33.301,EXNAT_4_TMS_Psychopy2024.2.5.psyexp,2024.2.5,2025-06-17 11h10.51.554308 +0200,
0,0,0,0,0,0,0,,,,,,,,,#F989A2,879.9353244304657,False,space,correct rejection,None,905.7614803314209,text_36,86,7,2back_dual_main_click,2,für,37,36,73,120,60,,,,,,,,,,,03,03,yes,no,no,2025-06-17_11h10.33.301,EXNAT_4_TMS_Psychopy2024.2.5.psyexp,2024.2.5,2025-06-17 11h10.51.554308 +0200,
0,0,0,0,0,0,0,,,,,,,,,#2AB7EF,880.897007226944,False,space,correct rejection,None,1032.2091579437256,text_36,87,7,2back_dual_main_click,2,echte,37,36,73,120,60,,,,,,,,,,,03,03,yes,no,no,2025-06-17_11h10.33.301,EXNAT_4_TMS_Psychopy2024.2.5.psyexp,2024.2.5,2025-06-17 11h10.51.554308 +0200,
0,0,0,0,0,0,0,,,,,,,,,#2AB7EF,881.9854128360748,False,space,correct rejection,None,823.577880859375,text_36,88,7,2back_dual_main_click,2,Textarbeit,37,36,73,120,60,,,,,,,,,,,03,03,yes,no,no,2025-06-17_11h10.33.301,EXNAT_4_TMS_Psychopy2024.2.5.psyexp,2024.2.5,2025-06-17 11h10.51.554308 +0200,
0,0,0,0,0,0,0,,,,,,,,,#2AB7EF,882.8630790710449,True,l,hit,746.0043430328369,1306.0317039489746,text_36,89,7,2back_dual_main_click,2,fehlt.,37,37,74,120,60,883.2019462585449,,,,,,,,,,03,03,yes,no,no,2025-06-17_11h10.33.301,EXNAT_4_TMS_Psychopy2024.2.5.psyexp,2024.2.5,2025-06-17 11h10.51.554308 +0200,
0,0,0,0,0,0,0,,,,,,,,,#D292F3,884.2228338718414,False,space,correct rejection,None,1018.155574798584,text_36,90,7,2back_dual_main_click,2,Die,37,37,74,120,60,,,,,,,,,,,03,03,yes,no,no,2025-06-17_11h10.33.301,EXNAT_4_TMS_Psychopy2024.2.5.psyexp,2024.2.5,2025-06-17 11h10.51.554308 +0200,
0,0,0,0,0,0,0,,,,,,,,,#88BA3F,885.2960674762726,False,space,correct rejection,None,1129.1263103485107,text_36,91,7,2back_dual_main_click,2,Szene,37,37,74,120,60,,,,,,,,,,,03,03,yes,no,no,2025-06-17_11h10.33.301,EXNAT_4_TMS_Psychopy2024.2.5.psyexp,2024.2.5,2025-06-17 11h10.51.554308 +0200,
0,0,0,0,0,0,0,,,,,,,,,#F989A2,886.4796643257141,False,space,correct rejection,None,1001.4374256134033,text_36,92,7,2back_dual_main_click,2,verändert,37,37,74,120,60,,,,,,,,,,,03,03,yes,no,no,2025-06-17_11h10.33.301,EXNAT_4_TMS_Psychopy2024.2.5.psyexp,2024.2.5,2025-06-17 11h10.51.554308 +0200,
0,0,0,0,0,0,0,,,,,,,,,#88BA3F,887.536815404892,True,l,hit,536.3566875457764,1144.1614627838135,text_36,93,7,2back_dual_main_click,2,sich.,37,37,74,120,60,,,,,,,,,,,03,03,yes,no,no,2025-06-17_11h10.33.301,EXNAT_4_TMS_Psychopy2024.2.5.psyexp,2024.2.5,2025-06-17 11h10.51.554308 +0200,
0,0,0,0,0,0,0,,,,,,,,,#D292F3,888.7372844219208,False,space,correct rejection,None,967.789888381958,text_36,94,7,2back_dual_main_click,2,Die,38,37,75,120,60,888.8093402385712,,,,,,,,,,03,03,yes,no,no,2025-06-17_11h10.33.301,EXNAT_4_TMS_Psychopy2024.2.5.psyexp,2024.2.5,2025-06-17 11h10.51.554308 +0200,
0,0,0,0,0,0,0,,,,,,,,,#88BA3F,889.7562022209167,True,space,miss,None,1132.8849792480469,text_36,95,7,2back_dual_main_click,2,Slams,38,37,75,120,60,,,,,,,,,,,03,03,yes,no,no,2025-06-17_11h10.33.301,EXNAT_4_TMS_Psychopy2024.2.5.psyexp,2024.2.5,2025-06-17 11h10.51.554308 +0200,
0,0,0,0,0,0,0,,,,,,,,,#F989A2,890.9463980197906,False,space,correct rejection,None,1222.6924896240234,text_36,96,7,2back_dual_main_click,2,werden,38,37,75,120,60,,,,,,,,,,,03,03,yes,no,no,2025-06-17_11h10.33.301,EXNAT_4_TMS_Psychopy2024.2.5.psyexp,2024.2.5,2025-06-17 11h10.51.554308 +0200,
0,0,0,0,0,0,0,,,,,,,,,#D292F3,892.2257442474365,False,space,correct rejection,None,951.4434337615967,text_36,97,7,2back_dual_main_click,2,zum,38,37,75,120,60,,,,,,,,,,,03,03,yes,no,no,2025-06-17_11h10.33.301,EXNAT_4_TMS_Psychopy2024.2.5.psyexp,2024.2.5,2025-06-17 11h10.51.554308 +0200,
0,0,0,0,0,0,0,,,,,,,,,#88BA3F,893.2176253795624,False,space,correct rejection,None,1383.5639953613281,text_36,98,7,2back_dual_main_click,2,Karrieresprungbrett,38,37,75,120,60,,,,,,,,,,,03,03,yes,no,no,2025-06-17_11h10.33.301,EXNAT_4_TMS_Psychopy2024.2.5.psyexp,2024.2.5,2025-06-17 11h10.51.554308 +0200,
0,0,0,0,0,0,0,,,,,,,,,#D292F3,894.6409828662872,True,l,hit,567.9750442504883,1079.7948837280273,text_36,99,7,2back_dual_main_click,2,und,38,38,76,120,60,894.6952803134918,,,,,,,,,,03,03,yes,no,no,2025-06-17_11h10.33.301,EXNAT_4_TMS_Psychopy2024.2.5.psyexp,2024.2.5,2025-06-17 11h10.51.554308 +0200,
0,0,0,0,0,0,0,,,,,,,,,#88BA3F,895.761961221695,True,l,hit,567.086935043335,1030.975103378296,text_36,100,7,2back_dual_main_click,2,die,38,38,76,120,60,,,,,,,,,,,03,03,yes,no,no,2025-06-17_11h10.33.301,EXNAT_4_TMS_Psychopy2024.2.5.psyexp,2024.2.5,2025-06-17 11h10.51.554308 +0200,
0,0,0,0,0,0,0,,,,,,,,,#F989A2,896.8320524692535,False,space,correct rejection,None,1129.096508026123,text_36,101,7,2back_dual_main_click,2,Künstler,38,38,76,120,60,,,,,,,,,,,03,03,yes,no,no,2025-06-17_11h10.33.301,EXNAT_4_TMS_Psychopy2024.2.5.psyexp,2024.2.5,2025-06-17 11h10.51.554308 +0200,
0,0,0,0,0,0,0,,,,,,,,,#2AB7EF,898.002779006958,False,space,correct rejection,None,1190.4113292694092,text_36,102,7,2back_dual_main_click,2,arbeiten,38,38,76,120,60,,,,,,,,,,,03,03,yes,no,no,2025-06-17_11h10.33.301,EXNAT_4_TMS_Psychopy2024.2.5.psyexp,2024.2.5,2025-06-17 11h10.51.554308 +0200,
0,0,0,0,0,0,0,,,,,,,,,#88BA3F,899.2341494560242,False,space,correct rejection,None,998.9981651306152,text_36,103,7,2back_dual_main_click,2,an,39,38,77,120,60,899.695191860199,,,,,,,,,,03,03,yes,no,no,2025-06-17_11h10.33.301,EXNAT_4_TMS_Psychopy2024.2.5.psyexp,2024.2.5,2025-06-17 11h10.51.554308 +0200,
0,0,0,0,0,0,0,,,,,,,,,#2AB7EF,900.2732212543488,True,l,hit,535.9280109405518,1015.751838684082,text_36,104,7,2back_dual_main_click,2,Solo-Programmen.,39,38,77,120,60,,,,,,,,,,,03,03,yes,no,no,2025-06-17_11h10.33.301,EXNAT_4_TMS_Psychopy2024.2.5.psyexp,2024.2.5,2025-06-17 11h10.51.554308 +0200,
0,0,0,0,0,0,0,,,,,,,,,#F989A2,901.3315575122833,False,space,correct rejection,None,901.329755783081,text_36,105,7,2back_dual_main_click,2,Nur,39,38,77,120,60,,,,,,,,,,,03,03,yes,no,no,2025-06-17_11h10.33.301,EXNAT_4_TMS_Psychopy2024.2.5.psyexp,2024.2.5,2025-06-17 11h10.51.554308 +0200,
0,0,0,0,0,0,0,,,,,,,,,#2AB7EF,902.2729408740997,True,space,miss,None,936.1691474914551,text_36,106,7,2back_dual_main_click,2,wenige,39,38,77,120,60,,,,,,,,,,,03,03,yes,no,no,2025-06-17_11h10.33.301,EXNAT_4_TMS_Psychopy2024.2.5.psyexp,2024.2.5,2025-06-17 11h10.51.554308 +0200,
0,0,0,0,0,0,0,,,,,,,,,#F989A2,903.2487354278564,True,space,miss,None,1288.4154319763184,text_36,107,7,2back_dual_main_click,2,wie,39,38,77,120,60,,,,,,,,,,,03,03,yes,no,no,2025-06-17_11h10.33.301,EXNAT_4_TMS_Psychopy2024.2.5.psyexp,2024.2.5,2025-06-17 11h10.51.554308 +0200,
0,0,0,0,0,0,0,,,,,,,,,#D292F3,904.5753688812256,False,space,correct rejection,None,937.8726482391357,text_36,108,7,2back_dual_main_click,2,Bas,40,38,78,120,60,904.6953086853027,,,,,,,,,,03,03,yes,no,no,2025-06-17_11h10.33.301,EXNAT_4_TMS_Psychopy2024.2.5.psyexp,2024.2.5,2025-06-17 11h10.51.554308 +0200,
0,0,0,0,0,0,0,,,,,,,,,#D292F3,905.5528810024261,False,space,correct rejection,None,1192.176103591919,text_36,109,7,2back_dual_main_click,2,Böttcher,40,38,78,120,60,,,,,,,,,,,03,03,yes,no,no,2025-06-17_11h10.33.301,EXNAT_4_TMS_Psychopy2024.2.5.psyexp,2024.2.5,2025-06-17 11h10.51.554308 +0200,
0,0,0,0,0,0,0,,,,,,,,,#2AB7EF,906.8002367019653,False,space,correct rejection,None,968.8360691070557,text_36,110,7,2back_dual_main_click,2,oder,40,38,78,120,60,,,,,,,,,,,03,03,yes,no,no,2025-06-17_11h10.33.301,EXNAT_4_TMS_Psychopy2024.2.5.psyexp,2024.2.5,2025-06-17 11h10.51.554308 +0200,
0,0,0,0,0,0,0,,,,,,,,,#88BA3F,907.8258092403412,False,space,correct rejection,None,1015.2554512023926,text_36,111,7,2back_dual_main_click,2,Lydia,40,38,78,120,60,,,,,,,,,,,03,03,yes,no,no,2025-06-17_11h10.33.301,EXNAT_4_TMS_Psychopy2024.2.5.psyexp,2024.2.5,2025-06-17 11h10.51.554308 +0200,
0,0,0,0,0,0,0,,,,,,,,,#88BA3F,908.8944854736328,False,space,correct rejection,None,1002.6826858520508,text_36,112,7,2back_dual_main_click,2,Daher,40,38,78,120,60,,,,,,,,,,,03,03,yes,no,no,2025-06-17_11h10.33.301,EXNAT_4_TMS_Psychopy2024.2.5.psyexp,2024.2.5,2025-06-17 11h10.51.554308 +0200,
0,0,0,0,0,0,0,,,,,,,,,#2AB7EF,909.9531457424164,False,space,correct rejection,None,1127.9735565185547,text_36,113,7,2back_dual_main_click,2,veröffentlichen,40,38,78,120,60,,,,,,,,,,,03,03,yes,no,no,2025-06-17_11h10.33.301,EXNAT_4_TMS_Psychopy2024.2.5.psyexp,2024.2.5,2025-06-17 11h10.51.554308 +0200,
0,0,0,0,0,0,0,,,,,,,,,#D292F3,911.1376605033875,False,space,correct rejection,None,1047.377109527588,text_36,114,7,2back_dual_main_click,2,bei,40,38,78,120,60,,,,,,,,,,,03,03,yes,no,no,2025-06-17_11h10.33.301,EXNAT_4_TMS_Psychopy2024.2.5.psyexp,2024.2.5,2025-06-17 11h10.51.554308 +0200,
0,0,0,0,0,0,0,,,,,,,,,#D292F3,912.240841627121,False,space,correct rejection,None,856.2159538269043,text_36,115,7,2back_dual_main_click,2,bekannten,40,38,78,120,60,,,,,,,,,,,03,03,yes,no,no,2025-06-17_11h10.33.301,EXNAT_4_TMS_Psychopy2024.2.5.psyexp,2024.2.5,2025-06-17 11h10.51.554308 +0200,
0,0,0,0,0,0,0,,,,,,,,,#88BA3F,913.1386783123016,False,space,correct rejection,None,1222.4938869476318,text_36,116,7,2back_dual_main_click,2,Labels,40,38,78,120,60,,,,,,,,,,,03,03,yes,no,no,2025-06-17_11h10.33.301,EXNAT_4_TMS_Psychopy2024.2.5.psyexp,2024.2.5,2025-06-17 11h10.51.554308 +0200,
0,0,0,0,0,0,0,,,,,,,,,#F989A2,914.4168581962585,False,space,correct rejection,None,1080.0983905792236,text_36,117,7,2back_dual_main_click,2,und,40,38,78,120,60,,,,,,,,,,,03,03,yes,no,no,2025-06-17_11h10.33.301,EXNAT_4_TMS_Psychopy2024.2.5.psyexp,2024.2.5,2025-06-17 11h10.51.554308 +0200,
0,0,0,0,0,0,0,,,,,,,,,#2AB7EF,915.5531671047211,False,space,correct rejection,None,1079.9462795257568,text_36,118,7,2back_dual_main_click,2,können,40,38,78,120,60,,,,,,,,,,,03,03,yes,no,no,2025-06-17_11h10.33.301,EXNAT_4_TMS_Psychopy2024.2.5.psyexp,2024.2.5,2025-06-17 11h10.51.554308 +0200,
0,0,0,0,0,0,0,,,,,,,,,#F989A2,916.68807721138,True,l,hit,745.0625896453857,1273.0166912078857,text_36,119,7,2back_dual_main_click,2,dadurch,40,39,79,120,60,916.7407147884369,,,,,,,,,,03,03,yes,no,no,2025-06-17_11h10.33.301,EXNAT_4_TMS_Psychopy2024.2.5.psyexp,2024.2.5,2025-06-17 11h10.51.554308 +0200,
0,0,0,0,0,0,0,,,,,,,,,#F989A2,918.0156497955322,False,space,correct rejection,None,905.4512977600098,text_36,120,7,2back_dual_main_click,2,allein,40,39,79,120,60,,,,,,,,,,,03,03,yes,no,no,2025-06-17_11h10.33.301,EXNAT_4_TMS_Psychopy2024.2.5.psyexp,2024.2.5,2025-06-17 11h10.51.554308 +0200,
0,0,0,0,0,0,0,,,,,,,,,#D292F3,918.9757161140442,False,space,correct rejection,None,1209.5165252685547,text_36,121,7,2back_dual_main_click,2,davon,40,39,79,120,60,,,,,,,,,,,03,03,yes,no,no,2025-06-17_11h10.33.301,EXNAT_4_TMS_Psychopy2024.2.5.psyexp,2024.2.5,2025-06-17 11h10.51.554308 +0200,
0,0,0,0,0,0,0,,,,,,,,,#88BA3F,920.2426393032074,False,space,correct rejection,None,1014.5013332366943,text_36,122,7,2back_dual_main_click,2,leben.,40,39,79,120,60,,,,,,,,,,,03,03,yes,no,no,2025-06-17_11h10.33.301,EXNAT_4_TMS_Psychopy2024.2.5.psyexp,2024.2.5,2025-06-17 11h10.51.554308 +0200,
0,0,0,0,0,0,0,,,,,,,,,#2AB7EF,921.3149290084839,False,space,correct rejection,None,950.2761363983154,text_36,123,7,2back_dual_main_click,2,Mit,40,39,79,120,60,,,,,,,,,,,03,03,yes,no,no,2025-06-17_11h10.33.301,EXNAT_4_TMS_Psychopy2024.2.5.psyexp,2024.2.5,2025-06-17 11h10.51.554308 +0200,
0,0,0,0,0,0,0,,,,,,,,,#F989A2,922.3210215568542,False,space,correct rejection,None,1000.2133846282959,text_36,124,7,2back_dual_main_click,2,diesem,41,39,80,120,60,922.3713538646698,,,,,,,,,,03,03,yes,no,no,2025-06-17_11h10.33.301,EXNAT_4_TMS_Psychopy2024.2.5.psyexp,2024.2.5,2025-06-17 11h10.51.554308 +0200,
0,0,0,0,0,0,0,,,,,,,,,#2AB7EF,923.3624396324158,True,l,hit,806.7128658294678,1510.627031326294,text_36,125,7,2back_dual_main_click,2,Erfolg,41,39,80,120,60,,,,,,,,,,,03,03,yes,no,no,2025-06-17_11h10.33.301,EXNAT_4_TMS_Psychopy2024.2.5.psyexp,2024.2.5,2025-06-17 11h10.51.554308 +0200,
0,0,0,0,0,0,0,,,,,,,,,#88BA3F,924.9276885986328,False,space,correct rejection,None,1081.5412998199463,text_36,126,7,2back_dual_main_click,2,geht,41,39,80,120,60,,,,,,,,,,,03,03,yes,no,no,2025-06-17_11h10.33.301,EXNAT_4_TMS_Psychopy2024.2.5.psyexp,2024.2.5,2025-06-17 11h10.51.554308 +0200,
0,0,0,0,0,0,0,,,,,,,,,#F989A2,926.0649774074554,False,space,correct rejection,None,1032.1807861328125,text_36,127,7,2back_dual_main_click,2,oft,41,39,80,120,60,,,,,,,,,,,03,03,yes,no,no,2025-06-17_11h10.33.301,EXNAT_4_TMS_Psychopy2024.2.5.psyexp,2024.2.5,2025-06-17 11h10.51.554308 +0200,
0,0,0,0,0,0,0,,,,,,,,,#88BA3F,927.1525015830994,True,space,miss,None,888.6404037475586,text_36,128,7,2back_dual_main_click,2,aber,41,40,81,120,60,927.3713116645813,,,,,,,,,,03,03,yes,no,no,2025-06-17_11h10.33.301,EXNAT_4_TMS_Psychopy2024.2.5.psyexp,2024.2.5,2025-06-17 11h10.51.554308 +0200,
0,0,0,0,0,0,0,,,,,,,,,#2AB7EF,928.0964477062225,False,space,correct rejection,None,856.879472732544,text_36,129,7,2back_dual_main_click,2,auch,41,40,81,120,60,,,,,,,,,,,03,03,yes,no,no,2025-06-17_11h10.33.301,EXNAT_4_TMS_Psychopy2024.2.5.psyexp,2024.2.5,2025-06-17 11h10.51.554308 +0200,
0,0,0,0,0,0,0,,,,,,,,,#F989A2,929.0088346004486,False,space,correct rejection,None,1256.1593055725098,text_36,130,7,2back_dual_main_click,2,die,41,40,81,120,60,,,,,,,,,,,03,03,yes,no,no,2025-06-17_11h10.33.301,EXNAT_4_TMS_Psychopy2024.2.5.psyexp,2024.2.5,2025-06-17 11h10.51.554308 +0200,
0,0,0,0,0,0,0,,,,,,,,,#D292F3,930.3220474720001,False,space,correct rejection,None,823.127269744873,text_36,131,7,2back_dual_main_click,2,Abwendung,41,40,81,120,60,,,,,,,,,,,03,03,yes,no,no,2025-06-17_11h10.33.301,EXNAT_4_TMS_Psychopy2024.2.5.psyexp,2024.2.5,2025-06-17 11h10.51.554308 +0200,
0,0,0,0,0,0,0,,,,,,,,,#D292F3,931.201256275177,False,space,correct rejection,None,1079.8921585083008,text_36,132,7,2back_dual_main_click,2,von,41,40,81,120,60,,,,,,,,,,,03,03,yes,no,no,2025-06-17_11h10.33.301,EXNAT_4_TMS_Psychopy2024.2.5.psyexp,2024.2.5,2025-06-17 11h10.51.554308 +0200,
0,0,0,0,0,0,0,,,,,,,,,#88BA3F,932.3374199867249,False,space,correct rejection,None,887.6519203186035,text_36,133,7,2back_dual_main_click,2,der,42,40,82,120,60,932.3915984630585,,,,,,,,,,03,03,yes,no,no,2025-06-17_11h10.33.301,EXNAT_4_TMS_Psychopy2024.2.5.psyexp,2024.2.5,2025-06-17 11h10.51.554308 +0200,
0,0,0,0,0,0,0,,,,,,,,,#88BA3F,933.2786998748779,False,space,correct rejection,None,906.6331386566162,text_36,134,7,2back_dual_main_click,2,Szene,42,40,82,120,60,,,,,,,,,,,03,03,yes,no,no,2025-06-17_11h10.33.301,EXNAT_4_TMS_Psychopy2024.2.5.psyexp,2024.2.5,2025-06-17 11h10.51.554308 +0200,
0,0,0,0,0,0,0,,,,,,,,,#D292F3,934.2398087978363,False,space,correct rejection,None,1241.4793968200684,text_36,135,7,2back_dual_main_click,2,einher.,42,40,82,120,60,,,,,,,,,,,03,03,yes,no,no,2025-06-17_11h10.33.301,EXNAT_4_TMS_Psychopy2024.2.5.psyexp,2024.2.5,2025-06-17 11h10.51.554308 +0200,
0,0,0,0,0,0,0,,,,,,,,,#D292F3,935.5367846488953,False,space,correct rejection,None,968.329906463623,text_36,136,7,2back_dual_main_click,2,Folglich,42,40,82,120,60,,,,,,,,,,,03,03,yes,no,no,2025-06-17_11h10.33.301,EXNAT_4_TMS_Psychopy2024.2.5.psyexp,2024.2.5,2025-06-17 11h10.51.554308 +0200,
0,0,0,0,0,0,0,,,,,,,,,#D292F3,936.5587673187256,True,l,hit,554.4321537017822,1050.2738952636719,text_36,137,7,2back_dual_main_click,2,wird,42,41,83,120,60,937.3914995193481,,,,,,,,,,03,03,yes,no,no,2025-06-17_11h10.33.301,EXNAT_4_TMS_Psychopy2024.2.5.psyexp,2024.2.5,2025-06-17 11h10.51.554308 +0200,
0,0,0,0,0,0,0,,,,,,,,,#F989A2,937.6644630432129,False,space,correct rejection,None,1144.6430683135986,text_36,138,7,2back_dual_main_click,2,Poetry,42,41,83,120,60,,,,,,,,,,,03,03,yes,no,no,2025-06-17_11h10.33.301,EXNAT_4_TMS_Psychopy2024.2.5.psyexp,2024.2.5,2025-06-17 11h10.51.554308 +0200,
0,0,0,0,0,0,0,,,,,,,,,#2AB7EF,938.8674428462982,False,space,correct rejection,None,853.5740375518799,text_36,139,7,2back_dual_main_click,2,Slam,42,41,83,120,60,,,,,,,,,,,03,03,yes,no,no,2025-06-17_11h10.33.301,EXNAT_4_TMS_Psychopy2024.2.5.psyexp,2024.2.5,2025-06-17 11h10.51.554308 +0200,
0,0,0,0,0,0,0,,,,,,,,,#F989A2,939.7747957706451,True,l,hit,586.3778591156006,1130.2120685577393,text_36,140,7,2back_dual_main_click,2,zwar,42,41,83,120,60,,,,,,,,,,,03,03,yes,no,no,2025-06-17_11h10.33.301,EXNAT_4_TMS_Psychopy2024.2.5.psyexp,2024.2.5,2025-06-17 11h10.51.554308 +0200,
0,0,0,0,0,0,0,,,,,,,,,#2AB7EF,940.9449906349182,True,l,hit,1224.2867946624756,1592.0991897583008,text_36,141,7,2back_dual_main_click,2,immer,42,42,84,120,60,942.3915116786957,,,,,,,,,,03,03,yes,no,no,2025-06-17_11h10.33.301,EXNAT_4_TMS_Psychopy2024.2.5.psyexp,2024.2.5,2025-06-17 11h10.51.554308 +0200,
0,0,0,0,0,0,0,,,,,,,,,#2AB7EF,942.5937838554382,False,space,correct rejection,None,855.424165725708,text_36,142,7,2back_dual_main_click,2,"erfolgreicher,",42,42,84,120,60,,,,,,,,,,,03,03,yes,no,no,2025-06-17_11h10.33.301,EXNAT_4_TMS_Psychopy2024.2.5.psyexp,2024.2.5,2025-06-17 11h10.51.554308 +0200,
0,0,0,0,0,0,0,,,,,,,,,#F989A2,943.4906520843506,False,space,correct rejection,None,1030.468225479126,text_36,143,7,2back_dual_main_click,2,verliert,42,42,84,120,60,,,,,,,,,,,03,03,yes,no,no,2025-06-17_11h10.33.301,EXNAT_4_TMS_Psychopy2024.2.5.psyexp,2024.2.5,2025-06-17 11h10.51.554308 +0200,
0,0,0,0,0,0,0,,,,,,,,,#88BA3F,944.5610265731812,False,space,correct rejection,None,1335.87646484375,text_36,144,7,2back_dual_main_click,2,dabei,42,42,84,120,60,,,,,,,,,,,03,03,yes,no,no,2025-06-17_11h10.33.301,EXNAT_4_TMS_Psychopy2024.2.5.psyexp,2024.2.5,2025-06-17 11h10.51.554308 +0200,
0,0,0,0,0,0,0,,,,,,,,,#88BA3F,945.9360017776489,False,space,correct rejection,None,809.0388774871826,text_36,145,7,2back_dual_main_click,2,aber,42,42,84,120,60,,,,,,,,,,,03,03,yes,no,no,2025-06-17_11h10.33.301,EXNAT_4_TMS_Psychopy2024.2.5.psyexp,2024.2.5,2025-06-17 11h10.51.554308 +0200,
0,0,0,0,0,0,0,,,,,,,,,#F989A2,946.7880642414093,False,space,correct rejection,None,965.1165008544922,text_36,146,7,2back_dual_main_click,2,den,43,42,85,120,60,947.3915283679962,,,,,,,,,,03,03,yes,no,no,2025-06-17_11h10.33.301,EXNAT_4_TMS_Psychopy2024.2.5.psyexp,2024.2.5,2025-06-17 11h10.51.554308 +0200,
0,0,0,0,0,0,0,,,,,,,,,#F989A2,947.7933306694031,False,space,correct rejection,None,1079.8494815826416,text_36,147,7,2back_dual_main_click,2,Bezug,43,42,85,120,60,,,,,,,,,,,03,03,yes,no,no,2025-06-17_11h10.33.301,EXNAT_4_TMS_Psychopy2024.2.5.psyexp,2024.2.5,2025-06-17 11h10.51.554308 +0200,
0,0,0,0,0,0,0,,,,,,,,,#D292F3,948.9121255874634,False,space,correct rejection,None,937.0129108428955,text_36,148,7,2back_dual_main_click,2,zu,43,42,85,120,60,,,,,,,,,,,03,03,yes,no,no,2025-06-17_11h10.33.301,EXNAT_4_TMS_Psychopy2024.2.5.psyexp,2024.2.5,2025-06-17 11h10.51.554308 +0200,
0,0,0,0,0,0,0,,,,,,,,,#D292F3,949.8873560428619,False,space,correct rejection,None,857.750415802002,text_36,149,7,2back_dual_main_click,2,seinen,43,42,85,120,60,,,,,,,,,,,03,03,yes,no,no,2025-06-17_11h10.33.301,EXNAT_4_TMS_Psychopy2024.2.5.psyexp,2024.2.5,2025-06-17 11h10.51.554308 +0200,
0,0,0,0,0,0,0,,,,,,,,,#2AB7EF,950.7859582901001,False,space,correct rejection,None,871.117115020752,text_36,150,7,2back_dual_main_click,2,Wurzeln.,43,42,85,120,60,,,,,,,,,,,03,03,yes,no,no,2025-06-17_11h10.33.301,EXNAT_4_TMS_Psychopy2024.2.5.psyexp,2024.2.5,2025-06-17 11h10.51.554308 +0200,
0,0,0,0,0,0,0,,,,,,,,,,951.7117998600006,,3,,,,text_36,,7,2back_dual_main_click,,,,,,,,,Q1,c,True,,,,,,,03,03,yes,no,no,2025-06-17_11h10.33.301,EXNAT_4_TMS_Psychopy2024.2.5.psyexp,2024.2.5,2025-06-17 11h10.51.554308 +0200,
0,0,0,0,0,0,0,,,,,,,,,,957.7542786598206,,2,,,,text_36,,7,2back_dual_main_click,,,,,,,,,Q2,b,True,,,,,,,03,03,yes,no,no,2025-06-17_11h10.33.301,EXNAT_4_TMS_Psychopy2024.2.5.psyexp,2024.2.5,2025-06-17 11h10.51.554308 +0200,
0,0,0,0,0,0,0,,,,,,,,,,963.691704750061,,3,,,,text_36,,7,2back_dual_main_click,,,,,,,,,Q3,c,True,,,,,,,03,03,yes,no,no,2025-06-17_11h10.33.301,EXNAT_4_TMS_Psychopy2024.2.5.psyexp,2024.2.5,2025-06-17 11h10.51.554308 +0200,
0,0,0,0,0,0,0,,,,,,,,,#2AB7EF,978.0582106113434,False,space,correct rejection,None,830.9764862060547,text_47,1,8,2back_dual_main_click,2,Im,44,42,86,120,60,978.1131298542023,,,,,,,,,,03,03,yes,no,no,2025-06-17_11h10.33.301,EXNAT_4_TMS_Psychopy2024.2.5.psyexp,2024.2.5,2025-06-17 11h10.51.554308 +0200,
0,0,0,0,0,0,0,,,,,,,,,#88BA3F,978.9253408908844,False,space,correct rejection,None,603.6672592163086,text_47,2,8,2back_dual_main_click,2,Oktober,44,42,86,120,60,,,,,,,,,,,03,03,yes,no,no,2025-06-17_11h10.33.301,EXNAT_4_TMS_Psychopy2024.2.5.psyexp,2024.2.5,2025-06-17 11h10.51.554308 +0200,
0,0,0,0,0,0,0,,,,,,,,,#88BA3F,979.5700738430023,False,space,correct rejection,None,935.1694583892822,text_47,3,8,2back_dual_main_click,2,2007,44,42,86,120,60,,,,,,,,,,,03,03,yes,no,no,2025-06-17_11h10.33.301,EXNAT_4_TMS_Psychopy2024.2.5.psyexp,2024.2.5,2025-06-17 11h10.51.554308 +0200,
0,0,0,0,0,0,0,,,,,,,,,#D292F3,980.5483083724976,False,space,correct rejection,None,916.9259071350098,text_47,4,8,2back_dual_main_click,2,trafen,44,42,86,120,60,,,,,,,,,,,03,03,yes,no,no,2025-06-17_11h10.33.301,EXNAT_4_TMS_Psychopy2024.2.5.psyexp,2024.2.5,2025-06-17 11h10.51.554308 +0200,
0,0,0,0,0,0,0,,,,,,,,,#F989A2,981.5066695213318,False,space,correct rejection,None,710.6685638427734,text_47,5,8,2back_dual_main_click,2,sich,44,42,86,120,60,,,,,,,,,,,03,03,yes,no,no,2025-06-17_11h10.33.301,EXNAT_4_TMS_Psychopy2024.2.5.psyexp,2024.2.5,2025-06-17 11h10.51.554308 +0200,
0,0,0,0,0,0,0,,,,,,,,,#D292F3,982.256712436676,True,space,miss,None,872.563362121582,text_47,6,8,2back_dual_main_click,2,etwa,44,43,87,120,60,983.1131761074066,,,,,,,,,,03,03,yes,no,no,2025-06-17_11h10.33.301,EXNAT_4_TMS_Psychopy2024.2.5.psyexp,2024.2.5,2025-06-17 11h10.51.554308 +0200,
0,0,0,0,0,0,0,,,,,,,,,#2AB7EF,983.1714391708374,False,space,correct rejection,None,1093.8162803649902,text_47,7,8,2back_dual_main_click,2,tausend,44,43,87,120,60,,,,,,,,,,,03,03,yes,no,no,2025-06-17_11h10.33.301,EXNAT_4_TMS_Psychopy2024.2.5.psyexp,2024.2.5,2025-06-17 11h10.51.554308 +0200,
0,0,0,0,0,0,0,,,,,,,,,#F989A2,984.3071012496948,False,space,correct rejection,None,1286.1292362213135,text_47,8,8,2back_dual_main_click,2,Menschen,44,43,87,120,60,,,,,,,,,,,03,03,yes,no,no,2025-06-17_11h10.33.301,EXNAT_4_TMS_Psychopy2024.2.5.psyexp,2024.2.5,2025-06-17 11h10.51.554308 +0200,
0,0,0,0,0,0,0,,,,,,,,,#2AB7EF,985.633264541626,True,l,hit,648.0326652526855,1159.7135066986084,text_47,9,8,2back_dual_main_click,2,in,44,43,87,120,60,,,,,,,,,,,03,03,yes,no,no,2025-06-17_11h10.33.301,EXNAT_4_TMS_Psychopy2024.2.5.psyexp,2024.2.5,2025-06-17 11h10.51.554308 +0200,
0,0,0,0,0,0,0,,,,,,,,,#D292F3,986.8324069976807,False,space,correct rejection,None,952.8727531433105,text_47,10,8,2back_dual_main_click,2,der,44,43,87,120,60,,,,,,,,,,,03,03,yes,no,no,2025-06-17_11h10.33.301,EXNAT_4_TMS_Psychopy2024.2.5.psyexp,2024.2.5,2025-06-17 11h10.51.554308 +0200,
0,0,0,0,0,0,0,,,,,,,,,#F989A2,987.8412110805511,False,space,correct rejection,None,1015.9883499145508,text_47,11,8,2back_dual_main_click,2,bolivianischen,45,43,88,120,60,988.113203048706,,,,,,,,,,03,03,yes,no,no,2025-06-17_11h10.33.301,EXNAT_4_TMS_Psychopy2024.2.5.psyexp,2024.2.5,2025-06-17 11h10.51.554308 +0200,
0,0,0,0,0,0,0,,,,,,,,,#88BA3F,988.913280248642,False,space,correct rejection,None,807.8303337097168,text_47,12,8,2back_dual_main_click,2,Stadt,45,43,88,120,60,,,,,,,,,,,03,03,yes,no,no,2025-06-17_11h10.33.301,EXNAT_4_TMS_Psychopy2024.2.5.psyexp,2024.2.5,2025-06-17 11h10.51.554308 +0200,
0,0,0,0,0,0,0,,,,,,,,,#2AB7EF,989.7732663154602,False,space,correct rejection,None,923.9242076873779,text_47,13,8,2back_dual_main_click,2,Vallegrande.,45,43,88,120,60,,,,,,,,,,,03,03,yes,no,no,2025-06-17_11h10.33.301,EXNAT_4_TMS_Psychopy2024.2.5.psyexp,2024.2.5,2025-06-17 11h10.51.554308 +0200,
0,0,0,0,0,0,0,,,,,,,,,#D292F3,990.7545101642609,False,space,correct rejection,None,918.593168258667,text_47,14,8,2back_dual_main_click,2,Sie,45,43,88,120,60,,,,,,,,,,,03,03,yes,no,no,2025-06-17_11h10.33.301,EXNAT_4_TMS_Psychopy2024.2.5.psyexp,2024.2.5,2025-06-17 11h10.51.554308 +0200,
0,0,0,0,0,0,0,,,,,,,,,#F989A2,991.7273025512695,False,space,correct rejection,None,794.0628528594971,text_47,15,8,2back_dual_main_click,2,wollten,45,43,88,120,60,,,,,,,,,,,03,03,yes,no,no,2025-06-17_11h10.33.301,EXNAT_4_TMS_Psychopy2024.2.5.psyexp,2024.2.5,2025-06-17 11h10.51.554308 +0200,
0,0,0,0,0,0,0,,,,,,,,,#2AB7EF,992.5762495994568,False,space,correct rejection,None,1016.8330669403076,text_47,16,8,2back_dual_main_click,2,an,45,43,88,120,60,,,,,,,,,,,03,03,yes,no,no,2025-06-17_11h10.33.301,EXNAT_4_TMS_Psychopy2024.2.5.psyexp,2024.2.5,2025-06-17 11h10.51.554308 +0200,
0,0,0,0,0,0,0,,,,,,,,,#D292F3,993.6455512046814,False,space,correct rejection,None,1099.658727645874,text_47,17,8,2back_dual_main_click,2,den,45,43,88,120,60,,,,,,,,,,,03,03,yes,no,no,2025-06-17_11h10.33.301,EXNAT_4_TMS_Psychopy2024.2.5.psyexp,2024.2.5,2025-06-17 11h10.51.554308 +0200,
0,0,0,0,0,0,0,,,,,,,,,#2AB7EF,994.8011105060577,True,space,miss,None,919.9583530426025,text_47,18,8,2back_dual_main_click,2,Tod,45,44,89,120,60,994.8544948101044,,,,,,,,,,03,03,yes,no,no,2025-06-17_11h10.33.301,EXNAT_4_TMS_Psychopy2024.2.5.psyexp,2024.2.5,2025-06-17 11h10.51.554308 +0200,
0,0,0,0,0,0,0,,,,,,,,,#F989A2,995.778573513031,False,space,correct rejection,None,998.7199306488037,text_47,19,8,2back_dual_main_click,2,von,45,44,89,120,60,,,,,,,,,,,03,03,yes,no,no,2025-06-17_11h10.33.301,EXNAT_4_TMS_Psychopy2024.2.5.psyexp,2024.2.5,2025-06-17 11h10.51.554308 +0200,
0,0,0,0,0,0,0,,,,,,,,,#F989A2,996.8179726600647,False,space,correct rejection,None,695.3206062316895,text_47,20,8,2back_dual_main_click,2,Ernesto,45,44,89,120,60,,,,,,,,,,,03,03,yes,no,no,2025-06-17_11h10.33.301,EXNAT_4_TMS_Psychopy2024.2.5.psyexp,2024.2.5,2025-06-17 11h10.51.554308 +0200,
0,0,0,0,0,0,0,,,,,,,,,#88BA3F,997.5553195476532,False,space,correct rejection,None,901.8957614898682,text_47,21,8,2back_dual_main_click,2,""Che"",45,44,89,120,60,,,,,,,,,,,03,03,yes,no,no,2025-06-17_11h10.33.301,EXNAT_4_TMS_Psychopy2024.2.5.psyexp,2024.2.5,2025-06-17 11h10.51.554308 +0200,
0,0,0,0,0,0,0,,,,,,,,,#88BA3F,998.4974181652069,False,space,correct rejection,None,743.9379692077637,text_47,22,8,2back_dual_main_click,2,Guevara,45,44,89,120,60,,,,,,,,,,,03,03,yes,no,no,2025-06-17_11h10.33.301,EXNAT_4_TMS_Psychopy2024.2.5.psyexp,2024.2.5,2025-06-17 11h10.51.554308 +0200,
0,0,0,0,0,0,0,,,,,,,,,#88BA3F,999.283744096756,True,l,hit,613.4207248687744,1077.3284435272217,text_47,23,8,2back_dual_main_click,2,erinnern.,45,45,90,120,60,999.8544275760651,,,,,,,,,,03,03,yes,no,no,2025-06-17_11h10.33.301,EXNAT_4_TMS_Psychopy2024.2.5.psyexp,2024.2.5,2025-06-17 11h10.51.554308 +0200,
0,0,0,0,0,0,0,,,,,,,,,#D292F3,1000.402340888977,False,space,correct rejection,None,1110.9490394592285,text_47,24,8,2back_dual_main_click,2,Der,45,45,90,120,60,,,,,,,,,,,03,03,yes,no,no,2025-06-17_11h10.33.301,EXNAT_4_TMS_Psychopy2024.2.5.psyexp,2024.2.5,2025-06-17 11h10.51.554308 +0200,
0,0,0,0,0,0,0,,,,,,,,,#F989A2,1001.5540838241577,False,space,correct rejection,None,1015.1174068450928,text_47,25,8,2back_dual_main_click,2,argentinische,45,45,90,120,60,,,,,,,,,,,03,03,yes,no,no,2025-06-17_11h10.33.301,EXNAT_4_TMS_Psychopy2024.2.5.psyexp,2024.2.5,2025-06-17 11h10.51.554308 +0200,
0,0,0,0,0,0,0,,,,,,,,,#88BA3F,1002.61008644104,False,space,correct rejection,None,1239.2027378082275,text_47,26,8,2back_dual_main_click,2,Revolutionär,45,45,90,120,60,,,,,,,,,,,03,03,yes,no,no,2025-06-17_11h10.33.301,EXNAT_4_TMS_Psychopy2024.2.5.psyexp,2024.2.5,2025-06-17 11h10.51.554308 +0200,
0,0,0,0,0,0,0,,,,,,,,,#2AB7EF,1003.8896152973175,False,space,correct rejection,None,1511.61789894104,text_47,27,8,2back_dual_main_click,2,war,46,45,91,120,60,1004.8544383049011,,,,,,,,,,03,03,yes,no,no,2025-06-17_11h10.33.301,EXNAT_4_TMS_Psychopy2024.2.5.psyexp,2024.2.5,2025-06-17 11h10.51.554308 +0200,
0,0,0,0,0,0,0,,,,,,,,,#F989A2,1005.4560918807983,False,space,correct rejection,None,969.2318439483643,text_47,28,8,2back_dual_main_click,2,1967,46,45,91,120,60,,,,,,,,,,,03,03,yes,no,no,2025-06-17_11h10.33.301,EXNAT_4_TMS_Psychopy2024.2.5.psyexp,2024.2.5,2025-06-17 11h10.51.554308 +0200,
0,0,0,0,0,0,0,,,,,,,,,#D292F3,1006.4842944145203,False,space,correct rejection,None,1061.0928535461426,text_47,29,8,2back_dual_main_click,2,getötet,46,45,91,120,60,,,,,,,,,,,03,03,yes,no,no,2025-06-17_11h10.33.301,EXNAT_4_TMS_Psychopy2024.2.5.psyexp,2024.2.5,2025-06-17 11h10.51.554308 +0200,
0,0,0,0,0,0,0,,,,,,,,,#88BA3F,1007.6004819869995,False,space,correct rejection,None,1080.5816650390625,text_47,30,8,2back_dual_main_click,2,worden,46,45,91,120,60,,,,,,,,,,,03,03,yes,no,no,2025-06-17_11h10.33.301,EXNAT_4_TMS_Psychopy2024.2.5.psyexp,2024.2.5,2025-06-17 11h10.51.554308 +0200,
0,0,0,0,0,0,0,,,,,,,,,#88BA3F,1008.7359936237335,False,space,correct rejection,None,761.3623142242432,text_47,31,8,2back_dual_main_click,2,und,46,45,91,120,60,,,,,,,,,,,03,03,yes,no,no,2025-06-17_11h10.33.301,EXNAT_4_TMS_Psychopy2024.2.5.psyexp,2024.2.5,2025-06-17 11h10.51.554308 +0200,
0,0,0,0,0,0,0,,,,,,,,,#D292F3,1009.5512652397156,False,space,correct rejection,None,922.1124649047852,text_47,32,8,2back_dual_main_click,2,seine,46,45,91,120,60,,,,,,,,,,,03,03,yes,no,no,2025-06-17_11h10.33.301,EXNAT_4_TMS_Psychopy2024.2.5.psyexp,2024.2.5,2025-06-17 11h10.51.554308 +0200,
0,0,0,0,0,0,0,,,,,,,,,#F989A2,1010.5293905735016,False,space,correct rejection,None,967.9605960845947,text_47,33,8,2back_dual_main_click,2,Knochen,47,45,92,120,60,1010.5823731422424,,,,,,,,,,03,03,yes,no,no,2025-06-17_11h10.33.301,EXNAT_4_TMS_Psychopy2024.2.5.psyexp,2024.2.5,2025-06-17 11h10.51.554308 +0200,
0,0,0,0,0,0,0,,,,,,,,,#D292F3,1011.5539638996124,True,l,hit,695.4152584075928,1223.193883895874,text_47,34,8,2back_dual_main_click,2,wurden,47,45,92,120,60,,,,,,,,,,,03,03,yes,no,no,2025-06-17_11h10.33.301,EXNAT_4_TMS_Psychopy2024.2.5.psyexp,2024.2.5,2025-06-17 11h10.51.554308 +0200,
0,0,0,0,0,0,0,,,,,,,,,#2AB7EF,1012.8334391117096,False,space,correct rejection,None,887.7363204956055,text_47,35,8,2back_dual_main_click,2,1997,47,45,92,120,60,,,,,,,,,,,03,03,yes,no,no,2025-06-17_11h10.33.301,EXNAT_4_TMS_Psychopy2024.2.5.psyexp,2024.2.5,2025-06-17 11h10.51.554308 +0200,
0,0,0,0,0,0,0,,,,,,,,,#2AB7EF,1013.775768995285,False,space,correct rejection,None,793.5476303100586,text_47,36,8,2back_dual_main_click,2,in,47,45,92,120,60,,,,,,,,,,,03,03,yes,no,no,2025-06-17_11h10.33.301,EXNAT_4_TMS_Psychopy2024.2.5.psyexp,2024.2.5,2025-06-17 11h10.51.554308 +0200,
0,0,0,0,0,0,0,,,,,,,,,#88BA3F,1014.6246869564056,False,space,correct rejection,None,1048.7799644470215,text_47,37,8,2back_dual_main_click,2,Vallegrande,47,45,92,120,60,,,,,,,,,,,03,03,yes,no,no,2025-06-17_11h10.33.301,EXNAT_4_TMS_Psychopy2024.2.5.psyexp,2024.2.5,2025-06-17 11h10.51.554308 +0200,
0,0,0,0,0,0,0,,,,,,,,,#2AB7EF,1015.7298800945282,True,space,miss,None,1063.3273124694824,text_47,38,8,2back_dual_main_click,2,gefunden.,47,46,93,120,60,1015.7829473018646,,,,,,,,,,03,03,yes,no,no,2025-06-17_11h10.33.301,EXNAT_4_TMS_Psychopy2024.2.5.psyexp,2024.2.5,2025-06-17 11h10.51.554308 +0200,
0,0,0,0,0,0,0,,,,,,,,,#2AB7EF,1016.8475267887115,False,space,correct rejection,None,1017.8768634796143,text_47,39,8,2back_dual_main_click,2,Viele,47,46,93,120,60,,,,,,,,,,,03,03,yes,no,no,2025-06-17_11h10.33.301,EXNAT_4_TMS_Psychopy2024.2.5.psyexp,2024.2.5,2025-06-17 11h10.51.554308 +0200,
0,0,0,0,0,0,0,,,,,,,,,#88BA3F,1017.9211277961731,False,space,correct rejection,None,888.2942199707031,text_47,40,8,2back_dual_main_click,2,Gäste,47,46,93,120,60,,,,,,,,,,,03,03,yes,no,no,2025-06-17_11h10.33.301,EXNAT_4_TMS_Psychopy2024.2.5.psyexp,2024.2.5,2025-06-17 11h10.51.554308 +0200,
0,0,0,0,0,0,0,,,,,,,,,#D292F3,1018.864239692688,False,space,correct rejection,None,1289.0338897705078,text_47,41,8,2back_dual_main_click,2,aus,47,46,93,120,60,,,,,,,,,,,03,03,yes,no,no,2025-06-17_11h10.33.301,EXNAT_4_TMS_Psychopy2024.2.5.psyexp,2024.2.5,2025-06-17 11h10.51.554308 +0200,
0,0,0,0,0,0,0,,,,,,,,,#D292F3,1020.2094616889954,False,space,correct rejection,None,967.7999019622803,text_47,42,8,2back_dual_main_click,2,anderen,48,46,94,120,60,1020.7828679084778,,,,,,,,,,03,03,yes,no,no,2025-06-17_11h10.33.301,EXNAT_4_TMS_Psychopy2024.2.5.psyexp,2024.2.5,2025-06-17 11h10.51.554308 +0200,
0,0,0,0,0,0,0,,,,,,,,,#D292F3,1021.2343118190765,True,l,hit,647.0048427581787,1110.8455657958984,text_47,43,8,2back_dual_main_click,2,Ländern,48,46,94,120,60,,,,,,,,,,,03,03,yes,no,no,2025-06-17_11h10.33.301,EXNAT_4_TMS_Psychopy2024.2.5.psyexp,2024.2.5,2025-06-17 11h10.51.554308 +0200,
0,0,0,0,0,0,0,,,,,,,,,#F989A2,1022.3987073898315,False,space,correct rejection,None,1050.6250858306885,text_47,44,8,2back_dual_main_click,2,waren,48,46,94,120,60,,,,,,,,,,,03,03,yes,no,no,2025-06-17_11h10.33.301,EXNAT_4_TMS_Psychopy2024.2.5.psyexp,2024.2.5,2025-06-17 11h10.51.554308 +0200,
0,0,0,0,0,0,0,,,,,,,,,#F989A2,1023.5054683685303,False,space,correct rejection,None,935.884952545166,text_47,45,8,2back_dual_main_click,2,dabei.,48,46,94,120,60,,,,,,,,,,,03,03,yes,no,no,2025-06-17_11h10.33.301,EXNAT_4_TMS_Psychopy2024.2.5.psyexp,2024.2.5,2025-06-17 11h10.51.554308 +0200,
0,0,0,0,0,0,0,,,,,,,,,#F989A2,1024.4989202022552,True,l,hit,710.299015045166,1110.175371170044,text_47,46,8,2back_dual_main_click,2,Auch,48,46,94,120,60,,,,,,,,,,,03,03,yes,no,no,2025-06-17_11h10.33.301,EXNAT_4_TMS_Psychopy2024.2.5.psyexp,2024.2.5,2025-06-17 11h10.51.554308 +0200,
0,0,0,0,0,0,0,,,,,,,,,#88BA3F,1025.663679599762,False,space,correct rejection,None,1129.624605178833,text_47,47,8,2back_dual_main_click,2,Diplomaten,48,46,94,120,60,,,,,,,,,,,03,03,yes,no,no,2025-06-17_11h10.33.301,EXNAT_4_TMS_Psychopy2024.2.5.psyexp,2024.2.5,2025-06-17 11h10.51.554308 +0200,
0,0,0,0,0,0,0,,,,,,,,,#2AB7EF,1026.8481962680817,False,space,correct rejection,None,905.095100402832,text_47,48,8,2back_dual_main_click,2,aus,48,46,94,120,60,,,,,,,,,,,03,03,yes,no,no,2025-06-17_11h10.33.301,EXNAT_4_TMS_Psychopy2024.2.5.psyexp,2024.2.5,2025-06-17 11h10.51.554308 +0200,
0,0,0,0,0,0,0,,,,,,,,,#88BA3F,1027.8095309734344,True,l,hit,503.59296798706055,1031.6908359527588,text_47,49,8,2back_dual_main_click,2,"Kuba,",48,47,95,120,60,1027.8624732494354,,,,,,,,,,03,03,yes,no,no,2025-06-17_11h10.33.301,EXNAT_4_TMS_Psychopy2024.2.5.psyexp,2024.2.5,2025-06-17 11h10.51.554308 +0200,
0,0,0,0,0,0,0,,,,,,,,,#2AB7EF,1028.8971197605133,True,l,hit,552.208423614502,1048.182487487793,text_47,50,8,2back_dual_main_click,2,Venezuela,48,47,95,120,60,,,,,,,,,,,03,03,yes,no,no,2025-06-17_11h10.33.301,EXNAT_4_TMS_Psychopy2024.2.5.psyexp,2024.2.5,2025-06-17 11h10.51.554308 +0200,
0,0,0,0,0,0,0,,,,,,,,,#D292F3,1029.9992325305939,False,space,correct rejection,None,1098.0522632598877,text_47,51,8,2back_dual_main_click,2,und,48,47,95,120,60,,,,,,,,,,,03,03,yes,no,no,2025-06-17_11h10.33.301,EXNAT_4_TMS_Psychopy2024.2.5.psyexp,2024.2.5,2025-06-17 11h10.51.554308 +0200,
0,0,0,0,0,0,0,,,,,,,,,#D292F3,1031.1554505825043,False,space,correct rejection,None,949.9664306640625,text_47,52,8,2back_dual_main_click,2,Argentinien,48,47,95,120,60,,,,,,,,,,,03,03,yes,no,no,2025-06-17_11h10.33.301,EXNAT_4_TMS_Psychopy2024.2.5.psyexp,2024.2.5,2025-06-17 11h10.51.554308 +0200,
0,0,0,0,0,0,0,,,,,,,,,#F989A2,1032.1592519283295,False,space,correct rejection,None,874.1741180419922,text_47,53,8,2back_dual_main_click,2,kamen.,48,47,95,120,60,,,,,,,,,,,03,03,yes,no,no,2025-06-17_11h10.33.301,EXNAT_4_TMS_Psychopy2024.2.5.psyexp,2024.2.5,2025-06-17 11h10.51.554308 +0200,
0,0,0,0,0,0,0,,,,,,,,,#F989A2,1033.0891320705414,False,space,correct rejection,None,1016.2801742553711,text_47,54,8,2back_dual_main_click,2,Anschließend,49,47,96,120,60,1033.1426599025726,,,,,,,,,,03,03,yes,no,no,2025-06-17_11h10.33.301,EXNAT_4_TMS_Psychopy2024.2.5.psyexp,2024.2.5,2025-06-17 11h10.51.554308 +0200,
0,0,0,0,0,0,0,,,,,,,,,#F989A2,1034.159615278244,True,l,hit,825.7119655609131,1289.6311283111572,text_47,55,8,2back_dual_main_click,2,hielt,49,47,96,120,60,,,,,,,,,,,03,03,yes,no,no,2025-06-17_11h10.33.301,EXNAT_4_TMS_Psychopy2024.2.5.psyexp,2024.2.5,2025-06-17 11h10.51.554308 +0200,
0,0,0,0,0,0,0,,,,,,,,,#2AB7EF,1035.5054576396942,False,space,correct rejection,None,1063.572883605957,text_47,56,8,2back_dual_main_click,2,der,49,47,96,120,60,,,,,,,,,,,03,03,yes,no,no,2025-06-17_11h10.33.301,EXNAT_4_TMS_Psychopy2024.2.5.psyexp,2024.2.5,2025-06-17 11h10.51.554308 +0200,
0,0,0,0,0,0,0,,,,,,,,,#2AB7EF,1036.6226963996887,False,space,correct rejection,None,1114.471673965454,text_47,57,8,2back_dual_main_click,2,sozialistische,49,47,96,120,60,,,,,,,,,,,03,03,yes,no,no,2025-06-17_11h10.33.301,EXNAT_4_TMS_Psychopy2024.2.5.psyexp,2024.2.5,2025-06-17 11h10.51.554308 +0200,
0,0,0,0,0,0,0,,,,,,,,,#F989A2,1037.7760322093964,False,space,correct rejection,None,937.166690826416,text_47,58,8,2back_dual_main_click,2,Präsident,49,47,96,120,60,,,,,,,,,,,03,03,yes,no,no,2025-06-17_11h10.33.301,EXNAT_4_TMS_Psychopy2024.2.5.psyexp,2024.2.5,2025-06-17 11h10.51.554308 +0200,
0,0,0,0,0,0,0,,,,,,,,,#88BA3F,1038.753181695938,False,space,correct rejection,None,823.99582862854,text_47,59,8,2back_dual_main_click,2,von,49,47,96,120,60,,,,,,,,,,,03,03,yes,no,no,2025-06-17_11h10.33.301,EXNAT_4_TMS_Psychopy2024.2.5.psyexp,2024.2.5,2025-06-17 11h10.51.554308 +0200,
0,0,0,0,0,0,0,,,,,,,,,#D292F3,1039.6188592910767,False,space,correct rejection,None,1014.4290924072266,text_47,60,8,2back_dual_main_click,2,"Bolivien,",49,47,96,120,60,,,,,,,,,,,03,03,yes,no,no,2025-06-17_11h10.33.301,EXNAT_4_TMS_Psychopy2024.2.5.psyexp,2024.2.5,2025-06-17 11h10.51.554308 +0200,
0,0,0,0,0,0,0,,,,,,,,,#2AB7EF,1040.6743793487549,False,space,correct rejection,None,982.8753471374512,text_47,61,8,2back_dual_main_click,2,Evo,49,47,96,120,60,,,,,,,,,,,03,03,yes,no,no,2025-06-17_11h10.33.301,EXNAT_4_TMS_Psychopy2024.2.5.psyexp,2024.2.5,2025-06-17 11h10.51.554308 +0200,
0,0,0,0,0,0,0,,,,,,,,,#D292F3,1041.6983785629272,True,space,miss,None,1222.8913307189941,text_47,62,8,2back_dual_main_click,2,"Morales,",49,48,97,120,60,1041.7504897117615,,,,,,,,,,03,03,yes,no,no,2025-06-17_11h10.33.301,EXNAT_4_TMS_Psychopy2024.2.5.psyexp,2024.2.5,2025-06-17 11h10.51.554308 +0200,
0,0,0,0,0,0,0,,,,,,,,,#F989A2,1042.9602851867676,False,space,correct rejection,None,920.9892749786377,text_47,63,8,2back_dual_main_click,2,eine,49,48,97,120,60,,,,,,,,,,,03,03,yes,no,no,2025-06-17_11h10.33.301,EXNAT_4_TMS_Psychopy2024.2.5.psyexp,2024.2.5,2025-06-17 11h10.51.554308 +0200,
0,0,0,0,0,0,0,,,,,,,,,#88BA3F,1043.9218864440918,False,space,correct rejection,None,1063.3268356323242,text_47,64,8,2back_dual_main_click,2,Rede.,49,48,97,120,60,,,,,,,,,,,03,03,yes,no,no,2025-06-17_11h10.33.301,EXNAT_4_TMS_Psychopy2024.2.5.psyexp,2024.2.5,2025-06-17 11h10.51.554308 +0200,
0,0,0,0,0,0,0,,,,,,,,,#D292F3,1045.0406703948975,False,space,correct rejection,None,888.6721134185791,text_47,65,8,2back_dual_main_click,2,In,49,48,97,120,60,,,,,,,,,,,03,03,yes,no,no,2025-06-17_11h10.33.301,EXNAT_4_TMS_Psychopy2024.2.5.psyexp,2024.2.5,2025-06-17 11h10.51.554308 +0200,
0,0,0,0,0,0,0,,,,,,,,,#D292F3,1045.9694864749908,False,space,correct rejection,None,855.7381629943848,text_47,66,8,2back_dual_main_click,2,der,50,48,98,120,60,1046.750516653061,,,,,,,,,,03,03,yes,no,no,2025-06-17_11h10.33.301,EXNAT_4_TMS_Psychopy2024.2.5.psyexp,2024.2.5,2025-06-17 11h10.51.554308 +0200,
0,0,0,0,0,0,0,,,,,,,,,#2AB7EF,1046.8650512695312,False,space,correct rejection,None,1048.3686923980713,text_47,67,8,2back_dual_main_click,2,Rede,50,48,98,120,60,,,,,,,,,,,03,03,yes,no,no,2025-06-17_11h10.33.301,EXNAT_4_TMS_Psychopy2024.2.5.psyexp,2024.2.5,2025-06-17 11h10.51.554308 +0200,
0,0,0,0,0,0,0,,,,,,,,,#88BA3F,1047.9546482563019,False,space,correct rejection,None,998.6627101898193,text_47,68,8,2back_dual_main_click,2,machte,50,48,98,120,60,,,,,,,,,,,03,03,yes,no,no,2025-06-17_11h10.33.301,EXNAT_4_TMS_Psychopy2024.2.5.psyexp,2024.2.5,2025-06-17 11h10.51.554308 +0200,
0,0,0,0,0,0,0,,,,,,,,,#F989A2,1049.0090007781982,False,space,correct rejection,None,936.4490509033203,text_47,69,8,2back_dual_main_click,2,er,50,48,98,120,60,,,,,,,,,,,03,03,yes,no,no,2025-06-17_11h10.33.301,EXNAT_4_TMS_Psychopy2024.2.5.psyexp,2024.2.5,2025-06-17 11h10.51.554308 +0200,
0,0,0,0,0,0,0,,,,,,,,,#F989A2,1049.9856073856354,False,space,correct rejection,None,1095.7531929016113,text_47,70,8,2back_dual_main_click,2,die,50,48,98,120,60,,,,,,,,,,,03,03,yes,no,no,2025-06-17_11h10.33.301,EXNAT_4_TMS_Psychopy2024.2.5.psyexp,2024.2.5,2025-06-17 11h10.51.554308 +0200,
0,0,0,0,0,0,0,,,,,,,,,#88BA3F,1051.1217107772827,False,space,correct rejection,None,1063.5881423950195,text_47,71,8,2back_dual_main_click,2,frühere,50,48,98,120,60,,,,,,,,,,,03,03,yes,no,no,2025-06-17_11h10.33.301,EXNAT_4_TMS_Psychopy2024.2.5.psyexp,2024.2.5,2025-06-17 11h10.51.554308 +0200,
0,0,0,0,0,0,0,,,,,,,,,#2AB7EF,1052.224846124649,False,space,correct rejection,None,920.3677177429199,text_47,72,8,2back_dual_main_click,2,bolivianische,50,48,98,120,60,,,,,,,,,,,03,03,yes,no,no,2025-06-17_11h10.33.301,EXNAT_4_TMS_Psychopy2024.2.5.psyexp,2024.2.5,2025-06-17 11h10.51.554308 +0200,
0,0,0,0,0,0,0,,,,,,,,,#88BA3F,1053.186116695404,True,l,hit,855.2048206329346,1463.0744457244873,text_47,73,8,2back_dual_main_click,2,Regierung,50,49,99,120,60,1053.2501678466797,,,,,,,,,,03,03,yes,no,no,2025-06-17_11h10.33.301,EXNAT_4_TMS_Psychopy2024.2.5.psyexp,2024.2.5,2025-06-17 11h10.51.554308 +0200,
0,0,0,0,0,0,0,,,,,,,,,#2AB7EF,1054.6906249523163,True,l,hit,1350.6579399108887,1766.573190689087,text_47,74,8,2back_dual_main_click,2,und,50,49,99,120,60,,,,,,,,,,,03,03,yes,no,no,2025-06-17_11h10.33.301,EXNAT_4_TMS_Psychopy2024.2.5.psyexp,2024.2.5,2025-06-17 11h10.51.554308 +0200,
0,0,0,0,0,0,0,,,,,,,,,#D292F3,1056.5120432376862,False,space,correct rejection,None,697.2694396972656,text_47,75,8,2back_dual_main_click,2,die,50,49,99,120,60,,,,,,,,,,,03,03,yes,no,no,2025-06-17_11h10.33.301,EXNAT_4_TMS_Psychopy2024.2.5.psyexp,2024.2.5,2025-06-17 11h10.51.554308 +0200,
0,0,0,0,0,0,0,,,,,,,,,#D292F3,1057.250717639923,False,space,correct rejection,None,742.5670623779297,text_47,76,8,2back_dual_main_click,2,CIA,50,49,99,120,60,,,,,,,,,,,03,03,yes,no,no,2025-06-17_11h10.33.301,EXNAT_4_TMS_Psychopy2024.2.5.psyexp,2024.2.5,2025-06-17 11h10.51.554308 +0200,
0,0,0,0,0,0,0,,,,,,,,,#2AB7EF,1058.0330159664154,False,space,correct rejection,None,952.31032371521,text_47,77,8,2back_dual_main_click,2,für,51,49,100,120,60,1058.2501752376556,,,,,,,,,,03,03,yes,no,no,2025-06-17_11h10.33.301,EXNAT_4_TMS_Psychopy2024.2.5.psyexp,2024.2.5,2025-06-17 11h10.51.554308 +0200,
0,0,0,0,0,0,0,,,,,,,,,#F989A2,1059.025592327118,False,space,correct rejection,None,1287.7540588378906,text_47,78,8,2back_dual_main_click,2,Guevaras,51,49,100,120,60,,,,,,,,,,,03,03,yes,no,no,2025-06-17_11h10.33.301,EXNAT_4_TMS_Psychopy2024.2.5.psyexp,2024.2.5,2025-06-17 11h10.51.554308 +0200,
0,0,0,0,0,0,0,,,,,,,,,#D292F3,1060.3536171913147,False,space,correct rejection,None,983.6575984954834,text_47,79,8,2back_dual_main_click,2,Tod,51,49,100,120,60,,,,,,,,,,,03,03,yes,no,no,2025-06-17_11h10.33.301,EXNAT_4_TMS_Psychopy2024.2.5.psyexp,2024.2.5,2025-06-17 11h10.51.554308 +0200,
0,0,0,0,0,0,0,,,,,,,,,#F989A2,1061.3775761127472,True,l,hit,727.644681930542,1239.5665645599365,text_47,80,8,2back_dual_main_click,2,verantwortlich.,51,49,100,120,60,,,,,,,,,,,03,03,yes,no,no,2025-06-17_11h10.33.301,EXNAT_4_TMS_Psychopy2024.2.5.psyexp,2024.2.5,2025-06-17 11h10.51.554308 +0200,
0,0,0,0,0,0,0,,,,,,,,,#88BA3F,1062.6733512878418,False,space,correct rejection,None,1239.9187088012695,text_47,81,8,2back_dual_main_click,2,Danach,51,49,100,120,60,,,,,,,,,,,03,03,yes,no,no,2025-06-17_11h10.33.301,EXNAT_4_TMS_Psychopy2024.2.5.psyexp,2024.2.5,2025-06-17 11h10.51.554308 +0200,
0,0,0,0,0,0,0,,,,,,,,,#88BA3F,1063.968285560608,False,space,correct rejection,None,857.0132255554199,text_47,82,8,2back_dual_main_click,2,sprach,51,49,100,120,60,,,,,,,,,,,03,03,yes,no,no,2025-06-17_11h10.33.301,EXNAT_4_TMS_Psychopy2024.2.5.psyexp,2024.2.5,2025-06-17 11h10.51.554308 +0200,
0,0,0,0,0,0,0,,,,,,,,,#2AB7EF,1064.8801610469818,False,space,correct rejection,None,904.9487113952637,text_47,83,8,2back_dual_main_click,2,Morales,51,49,100,120,60,,,,,,,,,,,03,03,yes,no,no,2025-06-17_11h10.33.301,EXNAT_4_TMS_Psychopy2024.2.5.psyexp,2024.2.5,2025-06-17 11h10.51.554308 +0200,
0,0,0,0,0,0,0,,,,,,,,,#2AB7EF,1065.8390748500824,False,space,correct rejection,None,938.1499290466309,text_47,84,8,2back_dual_main_click,2,über,51,49,100,120,60,,,,,,,,,,,03,03,yes,no,no,2025-06-17_11h10.33.301,EXNAT_4_TMS_Psychopy2024.2.5.psyexp,2024.2.5,2025-06-17 11h10.51.554308 +0200,
0,0,0,0,0,0,0,,,,,,,,,#2AB7EF,1066.8317608833313,True,l,hit,681.6055774688721,1113.4498119354248,text_47,85,8,2back_dual_main_click,2,die,51,50,101,120,60,1066.8860802650452,,,,,,,,,,03,03,yes,no,no,2025-06-17_11h10.33.301,EXNAT_4_TMS_Psychopy2024.2.5.psyexp,2024.2.5,2025-06-17 11h10.51.554308 +0200,
0,0,0,0,0,0,0,,,,,,,,,#F989A2,1068.0021800994873,False,space,correct rejection,None,903.073787689209,text_47,86,8,2back_dual_main_click,2,Politik,51,50,101,120,60,,,,,,,,,,,03,03,yes,no,no,2025-06-17_11h10.33.301,EXNAT_4_TMS_Psychopy2024.2.5.psyexp,2024.2.5,2025-06-17 11h10.51.554308 +0200,
0,0,0,0,0,0,0,,,,,,,,,#D292F3,1068.959946155548,False,space,correct rejection,None,841.4201736450195,text_47,87,8,2back_dual_main_click,2,seiner,51,50,101,120,60,,,,,,,,,,,03,03,yes,no,no,2025-06-17_11h10.33.301,EXNAT_4_TMS_Psychopy2024.2.5.psyexp,2024.2.5,2025-06-17 11h10.51.554308 +0200,
0,0,0,0,0,0,0,,,,,,,,,#88BA3F,1069.8578453063965,False,space,correct rejection,None,919.3539619445801,text_47,88,8,2back_dual_main_click,2,Regierung.,51,50,101,120,60,,,,,,,,,,,03,03,yes,no,no,2025-06-17_11h10.33.301,EXNAT_4_TMS_Psychopy2024.2.5.psyexp,2024.2.5,2025-06-17 11h10.51.554308 +0200,
0,0,0,0,0,0,0,,,,,,,,,#88BA3F,1070.8335223197937,False,space,correct rejection,None,855.9114933013916,text_47,89,8,2back_dual_main_click,2,Er,51,50,101,120,60,,,,,,,,,,,03,03,yes,no,no,2025-06-17_11h10.33.301,EXNAT_4_TMS_Psychopy2024.2.5.psyexp,2024.2.5,2025-06-17 11h10.51.554308 +0200,
0,0,0,0,0,0,0,,,,,,,,,#2AB7EF,1071.7458789348602,False,space,correct rejection,None,1063.4887218475342,text_47,90,8,2back_dual_main_click,2,lobte,51,50,101,120,60,,,,,,,,,,,03,03,yes,no,no,2025-06-17_11h10.33.301,EXNAT_4_TMS_Psychopy2024.2.5.psyexp,2024.2.5,2025-06-17 11h10.51.554308 +0200,
0,0,0,0,0,0,0,,,,,,,,,#D292F3,1072.863615989685,False,space,correct rejection,None,1097.764253616333,text_47,91,8,2back_dual_main_click,2,den,52,50,102,120,60,1072.9173862934113,,,,,,,,,,03,03,yes,no,no,2025-06-17_11h10.33.301,EXNAT_4_TMS_Psychopy2024.2.5.psyexp,2024.2.5,2025-06-17 11h10.51.554308 +0200,
0,0,0,0,0,0,0,,,,,,,,,#2AB7EF,1074.0184588432312,True,space,miss,None,1078.888177871704,text_47,92,8,2back_dual_main_click,2,Sozialismus,52,50,102,120,60,,,,,,,,,,,03,03,yes,no,no,2025-06-17_11h10.33.301,EXNAT_4_TMS_Psychopy2024.2.5.psyexp,2024.2.5,2025-06-17 11h10.51.554308 +0200,
0,0,0,0,0,0,0,,,,,,,,,#F989A2,1075.1520545482635,False,space,correct rejection,None,1193.1910514831543,text_47,93,8,2back_dual_main_click,2,in,52,50,102,120,60,,,,,,,,,,,03,03,yes,no,no,2025-06-17_11h10.33.301,EXNAT_4_TMS_Psychopy2024.2.5.psyexp,2024.2.5,2025-06-17 11h10.51.554308 +0200,
0,0,0,0,0,0,0,,,,,,,,,#F989A2,1076.4005599021912,False,space,correct rejection,None,872.7834224700928,text_47,94,8,2back_dual_main_click,2,Lateinamerika,52,50,102,120,60,,,,,,,,,,,03,03,yes,no,no,2025-06-17_11h10.33.301,EXNAT_4_TMS_Psychopy2024.2.5.psyexp,2024.2.5,2025-06-17 11h10.51.554308 +0200,
0,0,0,0,0,0,0,,,,,,,,,#2AB7EF,1077.3274245262146,False,space,correct rejection,None,889.7943496704102,text_47,95,8,2back_dual_main_click,2,und,52,50,102,120,60,,,,,,,,,,,03,03,yes,no,no,2025-06-17_11h10.33.301,EXNAT_4_TMS_Psychopy2024.2.5.psyexp,2024.2.5,2025-06-17 11h10.51.554308 +0200,
0,0,0,0,0,0,0,,,,,,,,,#D292F3,1078.2556850910187,False,space,correct rejection,None,1001.6217231750488,text_47,96,8,2back_dual_main_click,2,kritisierte,52,50,102,120,60,,,,,,,,,,,03,03,yes,no,no,2025-06-17_11h10.33.301,EXNAT_4_TMS_Psychopy2024.2.5.psyexp,2024.2.5,2025-06-17 11h10.51.554308 +0200,
0,0,0,0,0,0,0,,,,,,,,,#F989A2,1079.2953357696533,False,space,correct rejection,None,793.9667701721191,text_47,97,8,2back_dual_main_click,2,die,52,50,102,120,60,,,,,,,,,,,03,03,yes,no,no,2025-06-17_11h10.33.301,EXNAT_4_TMS_Psychopy2024.2.5.psyexp,2024.2.5,2025-06-17 11h10.51.554308 +0200,
0,0,0,0,0,0,0,,,,,,,,,#88BA3F,1080.1290113925934,False,space,correct rejection,None,1144.0863609313965,text_47,98,8,2back_dual_main_click,2,USA.,52,50,102,120,60,,,,,,,,,,,03,03,yes,no,no,2025-06-17_11h10.33.301,EXNAT_4_TMS_Psychopy2024.2.5.psyexp,2024.2.5,2025-06-17 11h10.51.554308 +0200,
0,0,0,0,0,0,0,,,,,,,,,#88BA3F,1081.3114259243011,False,space,correct rejection,None,921.8709468841553,text_47,99,8,2back_dual_main_click,2,Die,52,50,102,120,60,,,,,,,,,,,03,03,yes,no,no,2025-06-17_11h10.33.301,EXNAT_4_TMS_Psychopy2024.2.5.psyexp,2024.2.5,2025-06-17 11h10.51.554308 +0200,
0,0,0,0,0,0,0,,,,,,,,,#D292F3,1082.2740998268127,False,space,correct rejection,None,1319.2410469055176,text_47,100,8,2back_dual_main_click,2,ganze,52,50,102,120,60,,,,,,,,,,,03,03,yes,no,no,2025-06-17_11h10.33.301,EXNAT_4_TMS_Psychopy2024.2.5.psyexp,2024.2.5,2025-06-17 11h10.51.554308 +0200,
0,0,0,0,0,0,0,,,,,,,,,#F989A2,1083.634360074997,False,space,correct rejection,None,822.9968547821045,text_47,101,8,2back_dual_main_click,2,Rede,52,50,102,120,60,,,,,,,,,,,03,03,yes,no,no,2025-06-17_11h10.33.301,EXNAT_4_TMS_Psychopy2024.2.5.psyexp,2024.2.5,2025-06-17 11h10.51.554308 +0200,
0,0,0,0,0,0,0,,,,,,,,,#2AB7EF,1084.498169183731,False,space,correct rejection,None,663.1782054901123,text_47,102,8,2back_dual_main_click,2,dauerte,52,50,102,120,60,,,,,,,,,,,03,03,yes,no,no,2025-06-17_11h10.33.301,EXNAT_4_TMS_Psychopy2024.2.5.psyexp,2024.2.5,2025-06-17 11h10.51.554308 +0200,
0,0,0,0,0,0,0,,,,,,,,,#D292F3,1085.2014920711517,False,space,correct rejection,None,727.867841720581,text_47,103,8,2back_dual_main_click,2,eine,52,50,102,120,60,,,,,,,,,,,03,03,yes,no,no,2025-06-17_11h10.33.301,EXNAT_4_TMS_Psychopy2024.2.5.psyexp,2024.2.5,2025-06-17 11h10.51.554308 +0200,
0,0,0,0,0,0,0,,,,,,,,,#2AB7EF,1085.971366405487,True,space,miss,None,1381.8943500518799,text_47,104,8,2back_dual_main_click,2,Stunde.,52,51,103,120,60,1086.0273649692535,,,,,,,,,,03,03,yes,no,no,2025-06-17_11h10.33.301,EXNAT_4_TMS_Psychopy2024.2.5.psyexp,2024.2.5,2025-06-17 11h10.51.554308 +0200,
0,0,0,0,0,0,0,,,,,,,,,#88BA3F,1087.3923897743225,False,space,correct rejection,None,1161.0677242279053,text_47,105,8,2back_dual_main_click,2,Das,52,51,103,120,60,,,,,,,,,,,03,03,yes,no,no,2025-06-17_11h10.33.301,EXNAT_4_TMS_Psychopy2024.2.5.psyexp,2024.2.5,2025-06-17 11h10.51.554308 +0200,
0,0,0,0,0,0,0,,,,,,,,,#D292F3,1088.594028711319,False,space,correct rejection,None,1095.4298973083496,text_47,106,8,2back_dual_main_click,2,Gedenken,52,51,103,120,60,,,,,,,,,,,03,03,yes,no,no,2025-06-17_11h10.33.301,EXNAT_4_TMS_Psychopy2024.2.5.psyexp,2024.2.5,2025-06-17 11h10.51.554308 +0200,
0,0,0,0,0,0,0,,,,,,,,,#F989A2,1089.7273437976837,False,space,correct rejection,None,825.8447647094727,text_47,107,8,2back_dual_main_click,2,an,52,51,103,120,60,,,,,,,,,,,03,03,yes,no,no,2025-06-17_11h10.33.301,EXNAT_4_TMS_Psychopy2024.2.5.psyexp,2024.2.5,2025-06-17 11h10.51.554308 +0200,
0,0,0,0,0,0,0,,,,,,,,,#2AB7EF,1090.5884528160095,False,space,correct rejection,None,1260.9403133392334,text_47,108,8,2back_dual_main_click,2,Guevara,52,51,103,120,60,,,,,,,,,,,03,03,yes,no,no,2025-06-17_11h10.33.301,EXNAT_4_TMS_Psychopy2024.2.5.psyexp,2024.2.5,2025-06-17 11h10.51.554308 +0200,
0,0,0,0,0,0,0,,,,,,,,,#D292F3,1091.8893983364105,False,space,correct rejection,None,839.8706912994385,text_47,109,8,2back_dual_main_click,2,dauerte,53,51,104,120,60,1091.945455789566,,,,,,,,,,03,03,yes,no,no,2025-06-17_11h10.33.301,EXNAT_4_TMS_Psychopy2024.2.5.psyexp,2024.2.5,2025-06-17 11h10.51.554308 +0200,
0,0,0,0,0,0,0,,,,,,,,,#2AB7EF,1092.7671983242035,True,l,hit,778.2354354858398,1321.9285011291504,text_47,110,8,2back_dual_main_click,2,aber,53,51,104,120,60,,,,,,,,,,,03,03,yes,no,no,2025-06-17_11h10.33.301,EXNAT_4_TMS_Psychopy2024.2.5.psyexp,2024.2.5,2025-06-17 11h10.51.554308 +0200,
0,0,0,0,0,0,0,,,,,,,,,#F989A2,1094.1267960071564,False,space,correct rejection,None,1034.480094909668,text_47,111,8,2back_dual_main_click,2,nur,53,51,104,120,60,,,,,,,,,,,03,03,yes,no,no,2025-06-17_11h10.33.301,EXNAT_4_TMS_Psychopy2024.2.5.psyexp,2024.2.5,2025-06-17 11h10.51.554308 +0200,
0,0,0,0,0,0,0,,,,,,,,,#2AB7EF,1095.2010452747345,True,space,miss,None,1384.1774463653564,text_47,112,8,2back_dual_main_click,2,zehn,53,51,104,120,60,,,,,,,,,,,03,03,yes,no,no,2025-06-17_11h10.33.301,EXNAT_4_TMS_Psychopy2024.2.5.psyexp,2024.2.5,2025-06-17 11h10.51.554308 +0200,
0,0,0,0,0,0,0,,,,,,,,,#88BA3F,1096.6249907016754,False,space,correct rejection,None,984.2636585235596,text_47,113,8,2back_dual_main_click,2,Minuten.,53,51,104,120,60,,,,,,,,,,,03,03,yes,no,no,2025-06-17_11h10.33.301,EXNAT_4_TMS_Psychopy2024.2.5.psyexp,2024.2.5,2025-06-17 11h10.51.554308 +0200,
0,0,0,0,0,0,0,,,,,,,,,#88BA3F,1097.6498692035675,False,space,correct rejection,None,1255.4123401641846,text_47,114,8,2back_dual_main_click,2,Viele,53,51,104,120,60,,,,,,,,,,,03,03,yes,no,no,2025-06-17_11h10.33.301,EXNAT_4_TMS_Psychopy2024.2.5.psyexp,2024.2.5,2025-06-17 11h10.51.554308 +0200,
0,0,0,0,0,0,0,,,,,,,,,#88BA3F,1098.9592344760895,True,l,hit,682.213544845581,1194.058895111084,text_47,115,8,2back_dual_main_click,2,Zuhörer,53,52,105,120,60,1099.0114245414734,,,,,,,,,,03,03,yes,no,no,2025-06-17_11h10.33.301,EXNAT_4_TMS_Psychopy2024.2.5.psyexp,2024.2.5,2025-06-17 11h10.51.554308 +0200,
0,0,0,0,0,0,0,,,,,,,,,#2AB7EF,1100.2082941532135,False,space,correct rejection,None,921.0796356201172,text_47,116,8,2back_dual_main_click,2,waren,53,52,105,120,60,,,,,,,,,,,03,03,yes,no,no,2025-06-17_11h10.33.301,EXNAT_4_TMS_Psychopy2024.2.5.psyexp,2024.2.5,2025-06-17 11h10.51.554308 +0200,
0,0,0,0,0,0,0,,,,,,,,,#D292F3,1101.1860070228577,False,space,correct rejection,None,983.3204746246338,text_47,117,8,2back_dual_main_click,2,enttäuscht.,53,52,105,120,60,,,,,,,,,,,03,03,yes,no,no,2025-06-17_11h10.33.301,EXNAT_4_TMS_Psychopy2024.2.5.psyexp,2024.2.5,2025-06-17 11h10.51.554308 +0200,
0,0,0,0,0,0,0,,,,,,,,,#D292F3,1102.2233805656433,False,space,correct rejection,None,889.9598121643066,text_47,118,8,2back_dual_main_click,2,Auch,53,52,105,120,60,,,,,,,,,,,03,03,yes,no,no,2025-06-17_11h10.33.301,EXNAT_4_TMS_Psychopy2024.2.5.psyexp,2024.2.5,2025-06-17 11h10.51.554308 +0200,
0,0,0,0,0,0,0,,,,,,,,,#F989A2,1103.1678750514984,False,space,correct rejection,None,841.5188789367676,text_47,119,8,2back_dual_main_click,2,die,53,52,105,120,60,,,,,,,,,,,03,03,yes,no,no,2025-06-17_11h10.33.301,EXNAT_4_TMS_Psychopy2024.2.5.psyexp,2024.2.5,2025-06-17 11h10.51.554308 +0200,
0,0,0,0,0,0,0,,,,,,,,,#F989A2,1104.0653729438782,False,space,correct rejection,None,856.1482429504395,text_47,120,8,2back_dual_main_click,2,Söhne,53,52,105,120,60,,,,,,,,,,,03,03,yes,no,no,2025-06-17_11h10.33.301,EXNAT_4_TMS_Psychopy2024.2.5.psyexp,2024.2.5,2025-06-17 11h10.51.554308 +0200,
0,0,0,0,0,0,0,,,,,,,,,#88BA3F,1104.9771213531494,False,space,correct rejection,None,1080.2762508392334,text_47,121,8,2back_dual_main_click,2,von,54,52,106,120,60,1105.0316278934479,,,,,,,,,,03,03,yes,no,no,2025-06-17_11h10.33.301,EXNAT_4_TMS_Psychopy2024.2.5.psyexp,2024.2.5,2025-06-17 11h10.51.554308 +0200,
0,0,0,0,0,0,0,,,,,,,,,#F989A2,1106.111614704132,True,l,hit,841.7179584503174,1353.632926940918,text_47,122,8,2back_dual_main_click,2,Che,54,52,106,120,60,,,,,,,,,,,03,03,yes,no,no,2025-06-17_11h10.33.301,EXNAT_4_TMS_Psychopy2024.2.5.psyexp,2024.2.5,2025-06-17 11h10.51.554308 +0200,
0,0,0,0,0,0,0,,,,,,,,,#D292F3,1107.5196650028229,False,space,correct rejection,None,793.5738563537598,text_47,123,8,2back_dual_main_click,2,Guevara,54,52,106,120,60,,,,,,,,,,,03,03,yes,no,no,2025-06-17_11h10.33.301,EXNAT_4_TMS_Psychopy2024.2.5.psyexp,2024.2.5,2025-06-17 11h10.51.554308 +0200,
0,0,0,0,0,0,0,,,,,,,,,#D292F3,1108.3670582771301,False,space,correct rejection,None,746.1965084075928,text_47,124,8,2back_dual_main_click,2,fanden,54,52,106,120,60,,,,,,,,,,,03,03,yes,no,no,2025-06-17_11h10.33.301,EXNAT_4_TMS_Psychopy2024.2.5.psyexp,2024.2.5,2025-06-17 11h10.51.554308 +0200,
0,0,0,0,0,0,0,,,,,,,,,#D292F3,1109.165253162384,True,l,hit,620.1286315917969,1420.1104640960693,text_47,125,8,2back_dual_main_click,2,das,54,53,107,120,60,1110.031504392624,,,,,,,,,,03,03,yes,no,no,2025-06-17_11h10.33.301,EXNAT_4_TMS_Psychopy2024.2.5.psyexp,2024.2.5,2025-06-17 11h10.51.554308 +0200,
0,0,0,0,0,0,0,,,,,,,,,#88BA3F,1110.6409134864807,False,space,correct rejection,None,1048.4447479248047,text_47,126,8,2back_dual_main_click,2,schade.,54,53,107,120,60,,,,,,,,,,,03,03,yes,no,no,2025-06-17_11h10.33.301,EXNAT_4_TMS_Psychopy2024.2.5.psyexp,2024.2.5,2025-06-17 11h10.51.554308 +0200,
0,0,0,0,0,0,0,,,,,,,,,#2AB7EF,1111.743730545044,False,space,correct rejection,None,1033.7650775909424,text_47,127,8,2back_dual_main_click,2,Sie,54,53,107,120,60,,,,,,,,,,,03,03,yes,no,no,2025-06-17_11h10.33.301,EXNAT_4_TMS_Psychopy2024.2.5.psyexp,2024.2.5,2025-06-17 11h10.51.554308 +0200,
0,0,0,0,0,0,0,,,,,,,,,#88BA3F,1112.8329010009766,True,l,hit,728.3077239990234,1176.3665676116943,text_47,128,8,2back_dual_main_click,2,besuchten,54,53,107,120,60,,,,,,,,,,,03,03,yes,no,no,2025-06-17_11h10.33.301,EXNAT_4_TMS_Psychopy2024.2.5.psyexp,2024.2.5,2025-06-17 11h10.51.554308 +0200,
0,0,0,0,0,0,0,,,,,,,,,#F989A2,1114.0508561134338,False,space,correct rejection,None,774.5649814605713,text_47,129,8,2back_dual_main_click,2,zum,54,53,107,120,60,,,,,,,,,,,03,03,yes,no,no,2025-06-17_11h10.33.301,EXNAT_4_TMS_Psychopy2024.2.5.psyexp,2024.2.5,2025-06-17 11h10.51.554308 +0200,
0,0,0,0,0,0,0,,,,,,,,,#2AB7EF,1114.863444328308,False,space,correct rejection,None,1146.1057662963867,text_47,130,8,2back_dual_main_click,2,ersten,54,53,107,120,60,,,,,,,,,,,03,03,yes,no,no,2025-06-17_11h10.33.301,EXNAT_4_TMS_Psychopy2024.2.5.psyexp,2024.2.5,2025-06-17 11h10.51.554308 +0200,
0,0,0,0,0,0,0,,,,,,,,,#F989A2,1116.0499489307404,True,space,miss,None,1111.391544342041,text_47,131,8,2back_dual_main_click,2,Mal,54,53,107,120,60,,,,,,,,,,,03,03,yes,no,no,2025-06-17_11h10.33.301,EXNAT_4_TMS_Psychopy2024.2.5.psyexp,2024.2.5,2025-06-17 11h10.51.554308 +0200,
0,0,0,0,0,0,0,,,,,,,,,#2AB7EF,1117.202107667923,True,l,hit,519.1454887390137,1031.0184955596924,text_47,132,8,2back_dual_main_click,2,den,54,54,108,120,60,1117.2546727657318,,,,,,,,,,03,03,yes,no,no,2025-06-17_11h10.33.301,EXNAT_4_TMS_Psychopy2024.2.5.psyexp,2024.2.5,2025-06-17 11h10.51.554308 +0200,
0,0,0,0,0,0,0,,,,,,,,,#F989A2,1118.273051738739,True,l,hit,600.1572608947754,968.1103229522705,text_47,133,8,2back_dual_main_click,2,"Ort,",54,54,108,120,60,,,,,,,,,,,03,03,yes,no,no,2025-06-17_11h10.33.301,EXNAT_4_TMS_Psychopy2024.2.5.psyexp,2024.2.5,2025-06-17 11h10.51.554308 +0200,
0,0,0,0,0,0,0,,,,,,,,,#D292F3,1119.2810773849487,False,space,correct rejection,None,808.2342147827148,text_47,134,8,2back_dual_main_click,2,an,54,54,108,120,60,,,,,,,,,,,03,03,yes,no,no,2025-06-17_11h10.33.301,EXNAT_4_TMS_Psychopy2024.2.5.psyexp,2024.2.5,2025-06-17 11h10.51.554308 +0200,
0,0,0,0,0,0,0,,,,,,,,,#2AB7EF,1120.1279554367065,False,space,correct rejection,None,1017.4963474273682,text_47,135,8,2back_dual_main_click,2,dem,54,54,108,120,60,,,,,,,,,,,03,03,yes,no,no,2025-06-17_11h10.33.301,EXNAT_4_TMS_Psychopy2024.2.5.psyexp,2024.2.5,2025-06-17 11h10.51.554308 +0200,
0,0,0,0,0,0,0,,,,,,,,,#F989A2,1121.1856834888458,False,l,false alarm,887.4044418334961,1271.5158462524414,text_47,136,8,2back_dual_main_click,2,die,54,54,108,120,60,,,,,,,,,,,03,03,yes,no,no,2025-06-17_11h10.33.301,EXNAT_4_TMS_Psychopy2024.2.5.psyexp,2024.2.5,2025-06-17 11h10.51.554308 +0200,
0,0,0,0,0,0,0,,,,,,,,,#2AB7EF,1122.4981245994568,True,l,hit,663.2647514343262,1063.1861686706543,text_47,137,8,2back_dual_main_click,2,Gebeine,54,55,109,120,60,1122.5522735118866,,,,,,,,,,03,03,yes,no,no,2025-06-17_11h10.33.301,EXNAT_4_TMS_Psychopy2024.2.5.psyexp,2024.2.5,2025-06-17 11h10.51.554308 +0200,
0,0,0,0,0,0,0,,,,,,,,,#F989A2,1123.6178531646729,True,l,hit,1207.505702972412,1527.4462699890137,text_47,138,8,2back_dual_main_click,2,ihres,54,55,109,120,60,,,,,,,,,,,03,03,yes,no,no,2025-06-17_11h10.33.301,EXNAT_4_TMS_Psychopy2024.2.5.psyexp,2024.2.5,2025-06-17 11h10.51.554308 +0200,
0,0,0,0,0,0,0,,,,,,,,,#88BA3F,1125.2006323337555,False,space,correct rejection,None,936.7556571960449,text_47,139,8,2back_dual_main_click,2,Vaters,54,55,109,120,60,,,,,,,,,,,03,03,yes,no,no,2025-06-17_11h10.33.301,EXNAT_4_TMS_Psychopy2024.2.5.psyexp,2024.2.5,2025-06-17 11h10.51.554308 +0200,
0,0,0,0,0,0,0,,,,,,,,,#D292F3,1126.190818309784,False,space,correct rejection,None,1194.7340965270996,text_47,140,8,2back_dual_main_click,2,gefunden,54,55,109,120,60,,,,,,,,,,,03,03,yes,no,no,2025-06-17_11h10.33.301,EXNAT_4_TMS_Psychopy2024.2.5.psyexp,2024.2.5,2025-06-17 11h10.51.554308 +0200,
0,0,0,0,0,0,0,,,,,,,,,#2AB7EF,1127.4399197101593,False,space,correct rejection,None,1049.565315246582,text_47,141,8,2back_dual_main_click,2,wurden.,55,55,110,120,60,1127.5524015426636,,,,,,,,,,03,03,yes,no,no,2025-06-17_11h10.33.301,EXNAT_4_TMS_Psychopy2024.2.5.psyexp,2024.2.5,2025-06-17 11h10.51.554308 +0200,
0,0,0,0,0,0,0,,,,,,,,,#88BA3F,1128.530160665512,False,space,correct rejection,None,983.4187030792236,text_47,142,8,2back_dual_main_click,2,Trotz,55,55,110,120,60,,,,,,,,,,,03,03,yes,no,no,2025-06-17_11h10.33.301,EXNAT_4_TMS_Psychopy2024.2.5.psyexp,2024.2.5,2025-06-17 11h10.51.554308 +0200,
0,0,0,0,0,0,0,,,,,,,,,#D292F3,1129.5612902641296,False,space,correct rejection,None,1200.3288269042969,text_47,143,8,2back_dual_main_click,2,einiger,55,55,110,120,60,,,,,,,,,,,03,03,yes,no,no,2025-06-17_11h10.33.301,EXNAT_4_TMS_Psychopy2024.2.5.psyexp,2024.2.5,2025-06-17 11h10.51.554308 +0200,
0,0,0,0,0,0,0,,,,,,,,,#88BA3F,1130.8166568279266,True,l,hit,616.8806552886963,1064.7740364074707,text_47,144,8,2back_dual_main_click,2,Kritik,55,55,110,120,60,,,,,,,,,,,03,03,yes,no,no,2025-06-17_11h10.33.301,EXNAT_4_TMS_Psychopy2024.2.5.psyexp,2024.2.5,2025-06-17 11h10.51.554308 +0200,
0,0,0,0,0,0,0,,,,,,,,,#2AB7EF,1131.9361815452576,False,space,correct rejection,None,937.0753765106201,text_47,145,8,2back_dual_main_click,2,war,56,55,111,120,60,1132.5523500442505,,,,,,,,,,03,03,yes,no,no,2025-06-17_11h10.33.301,EXNAT_4_TMS_Psychopy2024.2.5.psyexp,2024.2.5,2025-06-17 11h10.51.554308 +0200,
0,0,0,0,0,0,0,,,,,,,,,#D292F3,1132.927657842636,False,space,correct rejection,None,1289.684534072876,text_47,146,8,2back_dual_main_click,2,die,56,55,111,120,60,,,,,,,,,,,03,03,yes,no,no,2025-06-17_11h10.33.301,EXNAT_4_TMS_Psychopy2024.2.5.psyexp,2024.2.5,2025-06-17 11h10.51.554308 +0200,
0,0,0,0,0,0,0,,,,,,,,,#F989A2,1134.273975610733,False,space,correct rejection,None,1239.2957210540771,text_47,147,8,2back_dual_main_click,2,Veranstaltung,56,55,111,120,60,,,,,,,,,,,03,03,yes,no,no,2025-06-17_11h10.33.301,EXNAT_4_TMS_Psychopy2024.2.5.psyexp,2024.2.5,2025-06-17 11h10.51.554308 +0200,
0,0,0,0,0,0,0,,,,,,,,,#88BA3F,1135.567440032959,False,space,correct rejection,None,682.0874214172363,text_47,148,8,2back_dual_main_click,2,ein,56,55,111,120,60,,,,,,,,,,,03,03,yes,no,no,2025-06-17_11h10.33.301,EXNAT_4_TMS_Psychopy2024.2.5.psyexp,2024.2.5,2025-06-17 11h10.51.554308 +0200,
0,0,0,0,0,0,0,,,,,,,,,#88BA3F,1136.303955078125,False,space,correct rejection,None,873.2898235321045,text_47,149,8,2back_dual_main_click,2,historisches,56,55,111,120,60,,,,,,,,,,,03,03,yes,no,no,2025-06-17_11h10.33.301,EXNAT_4_TMS_Psychopy2024.2.5.psyexp,2024.2.5,2025-06-17 11h10.51.554308 +0200,
0,0,0,0,0,0,0,,,,,,,,,#F989A2,1137.2327373027802,False,space,correct rejection,None,1096.7822074890137,text_47,150,8,2back_dual_main_click,2,Ereignis.,57,55,112,120,60,1137.5523700714111,,,,,,,,,,03,03,yes,no,no,2025-06-17_11h10.33.301,EXNAT_4_TMS_Psychopy2024.2.5.psyexp,2024.2.5,2025-06-17 11h10.51.554308 +0200,
0,0,0,0,0,0,0,,,,,,,,,,1138.3864419460297,,2,,,,text_47,,8,2back_dual_main_click,,,,,,,,,Q1,b,True,,,,,,,03,03,yes,no,no,2025-06-17_11h10.33.301,EXNAT_4_TMS_Psychopy2024.2.5.psyexp,2024.2.5,2025-06-17 11h10.51.554308 +0200,
0,0,0,0,0,0,0,,,,,,,,,,1144.7103474140167,,4,,,,text_47,,8,2back_dual_main_click,,,,,,,,,Q2,d,True,,,,,,,03,03,yes,no,no,2025-06-17_11h10.33.301,EXNAT_4_TMS_Psychopy2024.2.5.psyexp,2024.2.5,2025-06-17 11h10.51.554308 +0200,
0,0,0,0,0,0,0,,,,,,,,,,1149.6167550086975,,1,,,,text_47,,8,2back_dual_main_click,,,,,,,,,Q3,a,True,,,,,,,03,03,yes,no,no,2025-06-17_11h10.33.301,EXNAT_4_TMS_Psychopy2024.2.5.psyexp,2024.2.5,2025-06-17 11h10.51.554308 +0200,
0,0,0,0,0,0,0,,,,,,,,,#F989A2,1159.77064037323,False,space,correct rejection,None,878.9167404174805,text_43,1,9,2back_dual_main_click,2,Evel,57,55,112,120,60,,,,,,,,,,,03,03,yes,no,no,2025-06-17_11h10.33.301,EXNAT_4_TMS_Psychopy2024.2.5.psyexp,2024.2.5,2025-06-17 11h10.51.554308 +0200,
0,0,0,0,0,0,0,,,,,,,,,#88BA3F,1160.6852540969849,False,space,correct rejection,None,1052.1154403686523,text_43,2,9,2back_dual_main_click,2,Knievel,57,55,112,120,60,,,,,,,,,,,03,03,yes,no,no,2025-06-17_11h10.33.301,EXNAT_4_TMS_Psychopy2024.2.5.psyexp,2024.2.5,2025-06-17 11h10.51.554308 +0200,
0,0,0,0,0,0,0,,,,,,,,,#D292F3,1161.7771394252777,False,space,correct rejection,None,1000.2198219299316,text_43,3,9,2back_dual_main_click,2,war,57,55,112,120,60,,,,,,,,,,,03,03,yes,no,no,2025-06-17_11h10.33.301,EXNAT_4_TMS_Psychopy2024.2.5.psyexp,2024.2.5,2025-06-17 11h10.51.554308 +0200,
0,0,0,0,0,0,0,,,,,,,,,#D292F3,1162.818187713623,False,space,correct rejection,None,1031.292200088501,text_43,4,9,2back_dual_main_click,2,ein,57,55,112,120,60,,,,,,,,,,,03,03,yes,no,no,2025-06-17_11h10.33.301,EXNAT_4_TMS_Psychopy2024.2.5.psyexp,2024.2.5,2025-06-17 11h10.51.554308 +0200,
0,0,0,0,0,0,0,,,,,,,,,#F989A2,1163.8883411884308,False,space,correct rejection,None,825.1321315765381,text_43,5,9,2back_dual_main_click,2,US-amerikanischer,57,55,112,120,60,,,,,,,,,,,03,03,yes,no,no,2025-06-17_11h10.33.301,EXNAT_4_TMS_Psychopy2024.2.5.psyexp,2024.2.5,2025-06-17 11h10.51.554308 +0200,
0,0,0,0,0,0,0,,,,,,,,,#88BA3F,1164.7517614364624,False,space,correct rejection,None,969.6743488311768,text_43,6,9,2back_dual_main_click,2,"Stuntman,",57,55,112,120,60,,,,,,,,,,,03,03,yes,no,no,2025-06-17_11h10.33.301,EXNAT_4_TMS_Psychopy2024.2.5.psyexp,2024.2.5,2025-06-17 11h10.51.554308 +0200,
0,0,0,0,0,0,0,,,,,,,,,#F989A2,1165.7609431743622,True,l,hit,520.5025672912598,984.3683242797852,text_43,7,9,2back_dual_main_click,2,der,57,56,113,120,60,1165.8118419647217,,,,,,,,,,03,03,yes,no,no,2025-06-17_11h10.33.301,EXNAT_4_TMS_Psychopy2024.2.5.psyexp,2024.2.5,2025-06-17 11h10.51.554308 +0200,
0,0,0,0,0,0,0,,,,,,,,,#88BA3F,1166.7851049900055,True,l,hit,520.2643871307373,984.2615127563477,text_43,8,9,2back_dual_main_click,2,in,57,56,113,120,60,,,,,,,,,,,03,03,yes,no,no,2025-06-17_11h10.33.301,EXNAT_4_TMS_Psychopy2024.2.5.psyexp,2024.2.5,2025-06-17 11h10.51.554308 +0200,
0,0,0,0,0,0,0,,,,,,,,,#D292F3,1167.8074972629547,False,space,correct rejection,None,1113.9798164367676,text_43,9,9,2back_dual_main_click,2,den,57,56,113,120,60,,,,,,,,,,,03,03,yes,no,no,2025-06-17_11h10.33.301,EXNAT_4_TMS_Psychopy2024.2.5.psyexp,2024.2.5,2025-06-17 11h10.51.554308 +0200,
0,0,0,0,0,0,0,,,,,,,,,#2AB7EF,1168.962068080902,False,space,correct rejection,None,919.4319248199463,text_43,10,9,2back_dual_main_click,2,60er-,57,56,113,120,60,,,,,,,,,,,03,03,yes,no,no,2025-06-17_11h10.33.301,EXNAT_4_TMS_Psychopy2024.2.5.psyexp,2024.2.5,2025-06-17 11h10.51.554308 +0200,
0,0,0,0,0,0,0,,,,,,,,,#2AB7EF,1169.918419122696,False,space,correct rejection,None,843.1811332702637,text_43,11,9,2back_dual_main_click,2,und,57,56,113,120,60,,,,,,,,,,,03,03,yes,no,no,2025-06-17_11h10.33.301,EXNAT_4_TMS_Psychopy2024.2.5.psyexp,2024.2.5,2025-06-17 11h10.51.554308 +0200,
0,0,0,0,0,0,0,,,,,,,,,#2AB7EF,1170.8015279769897,True,l,hit,519.8924541473389,999.8903274536133,text_43,12,9,2back_dual_main_click,2,70er-Jahren,57,57,114,120,60,1170.8537197113037,,,,,,,,,,03,03,yes,no,no,2025-06-17_11h10.33.301,EXNAT_4_TMS_Psychopy2024.2.5.psyexp,2024.2.5,2025-06-17 11h10.51.554308 +0200,
0,0,0,0,0,0,0,,,,,,,,,#D292F3,1171.8387477397919,False,space,correct rejection,None,1114.8078441619873,text_43,13,9,2back_dual_main_click,2,mit,57,57,114,120,60,,,,,,,,,,,03,03,yes,no,no,2025-06-17_11h10.33.301,EXNAT_4_TMS_Psychopy2024.2.5.psyexp,2024.2.5,2025-06-17 11h10.51.554308 +0200,
0,0,0,0,0,0,0,,,,,,,,,#D292F3,1172.993147611618,False,space,correct rejection,None,904.365062713623,text_43,14,9,2back_dual_main_click,2,gefährlichen,57,57,114,120,60,,,,,,,,,,,03,03,yes,no,no,2025-06-17_11h10.33.301,EXNAT_4_TMS_Psychopy2024.2.5.psyexp,2024.2.5,2025-06-17 11h10.51.554308 +0200,
0,0,0,0,0,0,0,,,,,,,,,#F989A2,1173.9388422966003,False,space,correct rejection,None,1014.6162509918213,text_43,15,9,2back_dual_main_click,2,Sprüngen,57,57,114,120,60,,,,,,,,,,,03,03,yes,no,no,2025-06-17_11h10.33.301,EXNAT_4_TMS_Psychopy2024.2.5.psyexp,2024.2.5,2025-06-17 11h10.51.554308 +0200,
0,0,0,0,0,0,0,,,,,,,,,#D292F3,1174.991235256195,True,l,hit,682.2640895843506,1354.137897491455,text_43,16,9,2back_dual_main_click,2,auf,57,58,115,120,60,1175.853743314743,,,,,,,,,,03,03,yes,no,no,2025-06-17_11h10.33.301,EXNAT_4_TMS_Psychopy2024.2.5.psyexp,2024.2.5,2025-06-17 11h10.51.554308 +0200,
0,0,0,0,0,0,0,,,,,,,,,#2AB7EF,1176.38605427742,False,space,correct rejection,None,855.5252552032471,text_43,17,9,2back_dual_main_click,2,seinem,57,58,115,120,60,,,,,,,,,,,03,03,yes,no,no,2025-06-17_11h10.33.301,EXNAT_4_TMS_Psychopy2024.2.5.psyexp,2024.2.5,2025-06-17 11h10.51.554308 +0200,
0,0,0,0,0,0,0,,,,,,,,,#88BA3F,1177.2828986644745,False,space,correct rejection,None,854.7215461730957,text_43,18,9,2back_dual_main_click,2,Motorrad,57,58,115,120,60,,,,,,,,,,,03,03,yes,no,no,2025-06-17_11h10.33.301,EXNAT_4_TMS_Psychopy2024.2.5.psyexp,2024.2.5,2025-06-17 11h10.51.554308 +0200,
0,0,0,0,0,0,0,,,,,,,,,#F989A2,1178.175853729248,False,space,correct rejection,None,969.6450233459473,text_43,19,9,2back_dual_main_click,2,die,57,58,115,120,60,,,,,,,,,,,03,03,yes,no,no,2025-06-17_11h10.33.301,EXNAT_4_TMS_Psychopy2024.2.5.psyexp,2024.2.5,2025-06-17 11h10.51.554308 +0200,
0,0,0,0,0,0,0,,,,,,,,,#88BA3F,1179.1870062351227,True,l,hit,1190.6390190124512,1702.4517059326172,text_43,20,9,2back_dual_main_click,2,Welt,57,59,116,120,60,1180.853758573532,,,,,,,,,,03,03,yes,no,no,2025-06-17_11h10.33.301,EXNAT_4_TMS_Psychopy2024.2.5.psyexp,2024.2.5,2025-06-17 11h10.51.554308 +0200,
0,0,0,0,0,0,0,,,,,,,,,#F989A2,1180.9443542957306,True,space,miss,None,1113.1813526153564,text_43,21,9,2back_dual_main_click,2,begeisterte.,57,59,116,120,60,,,,,,,,,,,03,03,yes,no,no,2025-06-17_11h10.33.301,EXNAT_4_TMS_Psychopy2024.2.5.psyexp,2024.2.5,2025-06-17 11h10.51.554308 +0200,
0,0,0,0,0,0,0,,,,,,,,,#2AB7EF,1182.1111211776733,False,space,correct rejection,None,1658.4525108337402,text_43,22,9,2back_dual_main_click,2,Mit,57,59,116,120,60,,,,,,,,,,,03,03,yes,no,no,2025-06-17_11h10.33.301,EXNAT_4_TMS_Psychopy2024.2.5.psyexp,2024.2.5,2025-06-17 11h10.51.554308 +0200,
0,0,0,0,0,0,0,,,,,,,,,#2AB7EF,1183.8250229358673,False,space,correct rejection,None,696.49338722229,text_43,23,9,2back_dual_main_click,2,riskanten,57,59,116,120,60,,,,,,,,,,,03,03,yes,no,no,2025-06-17_11h10.33.301,EXNAT_4_TMS_Psychopy2024.2.5.psyexp,2024.2.5,2025-06-17 11h10.51.554308 +0200,
0,0,0,0,0,0,0,,,,,,,,,#88BA3F,1184.576179265976,False,space,correct rejection,None,1001.4183521270752,text_43,24,9,2back_dual_main_click,2,Shows,57,59,116,120,60,,,,,,,,,,,03,03,yes,no,no,2025-06-17_11h10.33.301,EXNAT_4_TMS_Psychopy2024.2.5.psyexp,2024.2.5,2025-06-17 11h10.51.554308 +0200,
0,0,0,0,0,0,0,,,,,,,,,#2AB7EF,1185.617740392685,True,l,hit,631.7610740661621,1335.6549739837646,text_43,25,9,2back_dual_main_click,2,und,57,60,117,120,60,1185.8537559509277,,,,,,,,,,03,03,yes,no,no,2025-06-17_11h10.33.301,EXNAT_4_TMS_Psychopy2024.2.5.psyexp,2024.2.5,2025-06-17 11h10.51.554308 +0200,
0,0,0,0,0,0,0,,,,,,,,,#F989A2,1186.9930617809296,False,space,correct rejection,None,1016.4508819580078,text_43,26,9,2back_dual_main_click,2,einer,57,60,117,120,60,,,,,,,,,,,03,03,yes,no,no,2025-06-17_11h10.33.301,EXNAT_4_TMS_Psychopy2024.2.5.psyexp,2024.2.5,2025-06-17 11h10.51.554308 +0200,
0,0,0,0,0,0,0,,,,,,,,,#F989A2,1188.0511865615845,False,space,correct rejection,None,886.4145278930664,text_43,27,9,2back_dual_main_click,2,auffälligen,57,60,117,120,60,,,,,,,,,,,03,03,yes,no,no,2025-06-17_11h10.33.301,EXNAT_4_TMS_Psychopy2024.2.5.psyexp,2024.2.5,2025-06-17 11h10.51.554308 +0200,
0,0,0,0,0,0,0,,,,,,,,,#D292F3,1188.9781031608582,False,space,correct rejection,None,1047.4884510040283,text_43,28,9,2back_dual_main_click,2,Lederkleidung,57,60,117,120,60,,,,,,,,,,,03,03,yes,no,no,2025-06-17_11h10.33.301,EXNAT_4_TMS_Psychopy2024.2.5.psyexp,2024.2.5,2025-06-17 11h10.51.554308 +0200,
0,0,0,0,0,0,0,,,,,,,,,#2AB7EF,1190.066020488739,False,space,correct rejection,None,1111.6032600402832,text_43,29,9,2back_dual_main_click,2,wurde,57,60,117,120,60,,,,,,,,,,,03,03,yes,no,no,2025-06-17_11h10.33.301,EXNAT_4_TMS_Psychopy2024.2.5.psyexp,2024.2.5,2025-06-17 11h10.51.554308 +0200,
0,0,0,0,0,0,0,,,,,,,,,#88BA3F,1191.218726158142,False,space,correct rejection,None,758.8815689086914,text_43,30,9,2back_dual_main_click,2,er,57,60,117,120,60,,,,,,,,,,,03,03,yes,no,no,2025-06-17_11h10.33.301,EXNAT_4_TMS_Psychopy2024.2.5.psyexp,2024.2.5,2025-06-17 11h10.51.554308 +0200,
0,0,0,0,0,0,0,,,,,,,,,#2AB7EF,1192.0192441940308,True,l,hit,550.2254962921143,1126.1920928955078,text_43,31,9,2back_dual_main_click,2,zur,57,60,117,120,60,,,,,,,,,,,03,03,yes,no,no,2025-06-17_11h10.33.301,EXNAT_4_TMS_Psychopy2024.2.5.psyexp,2024.2.5,2025-06-17 11h10.51.554308 +0200,
0,0,0,0,0,0,0,,,,,,,,,#88BA3F,1193.1869390010834,True,l,hit,646.5754508972168,1126.2757778167725,text_43,32,9,2back_dual_main_click,2,Legende.,57,60,117,120,60,,,,,,,,,,,03,03,yes,no,no,2025-06-17_11h10.33.301,EXNAT_4_TMS_Psychopy2024.2.5.psyexp,2024.2.5,2025-06-17 11h10.51.554308 +0200,
0,0,0,0,0,0,0,,,,,,,,,#88BA3F,1194.3542931079865,False,space,correct rejection,None,887.2756958007812,text_43,33,9,2back_dual_main_click,2,Geboren,58,60,118,120,60,1194.4070196151733,,,,,,,,,,03,03,yes,no,no,2025-06-17_11h10.33.301,EXNAT_4_TMS_Psychopy2024.2.5.psyexp,2024.2.5,2025-06-17 11h10.51.554308 +0200,
0,0,0,0,0,0,0,,,,,,,,,#D292F3,1195.28005361557,False,space,correct rejection,None,1401.3996124267578,text_43,34,9,2back_dual_main_click,2,wurde,58,60,118,120,60,,,,,,,,,,,03,03,yes,no,no,2025-06-17_11h10.33.301,EXNAT_4_TMS_Psychopy2024.2.5.psyexp,2024.2.5,2025-06-17 11h10.51.554308 +0200,
0,0,0,0,0,0,0,,,,,,,,,#F989A2,1196.721757888794,False,space,correct rejection,None,1095.5827236175537,text_43,35,9,2back_dual_main_click,2,er,58,60,118,120,60,,,,,,,,,,,03,03,yes,no,no,2025-06-17_11h10.33.301,EXNAT_4_TMS_Psychopy2024.2.5.psyexp,2024.2.5,2025-06-17 11h10.51.554308 +0200,
0,0,0,0,0,0,0,,,,,,,,,#D292F3,1197.8746693134308,True,l,hit,582.8108787536621,1046.696662902832,text_43,36,9,2back_dual_main_click,2,1938,58,60,118,120,60,,,,,,,,,,,03,03,yes,no,no,2025-06-17_11h10.33.301,EXNAT_4_TMS_Psychopy2024.2.5.psyexp,2024.2.5,2025-06-17 11h10.51.554308 +0200,
0,0,0,0,0,0,0,,,,,,,,,#F989A2,1198.959312915802,True,l,hit,650.200366973877,1178.08198928833,text_43,37,9,2back_dual_main_click,2,in,58,60,118,120,60,,,,,,,,,,,03,03,yes,no,no,2025-06-17_11h10.33.301,EXNAT_4_TMS_Psychopy2024.2.5.psyexp,2024.2.5,2025-06-17 11h10.51.554308 +0200,
0,0,0,0,0,0,0,,,,,,,,,#D292F3,1200.1852896213531,True,space,miss,None,1424.29518699646,text_43,38,9,2back_dual_main_click,2,Montana,58,60,118,120,60,,,,,,,,,,,03,03,yes,no,no,2025-06-17_11h10.33.301,EXNAT_4_TMS_Psychopy2024.2.5.psyexp,2024.2.5,2025-06-17 11h10.51.554308 +0200,
0,0,0,0,0,0,0,,,,,,,,,#D292F3,1201.665637254715,False,space,correct rejection,None,839.9970531463623,text_43,39,9,2back_dual_main_click,2,und,59,60,119,120,60,1201.7196927070618,,,,,,,,,,03,03,yes,no,no,2025-06-17_11h10.33.301,EXNAT_4_TMS_Psychopy2024.2.5.psyexp,2024.2.5,2025-06-17 11h10.51.554308 +0200,
0,0,0,0,0,0,0,,,,,,,,,#2AB7EF,1202.5609521865845,False,space,correct rejection,None,872.6155757904053,text_43,40,9,2back_dual_main_click,2,hatte,59,60,119,120,60,,,,,,,,,,,03,03,yes,no,no,2025-06-17_11h10.33.301,EXNAT_4_TMS_Psychopy2024.2.5.psyexp,2024.2.5,2025-06-17 11h10.51.554308 +0200,
0,0,0,0,0,0,0,,,,,,,,,#2AB7EF,1203.4874286651611,False,space,correct rejection,None,810.1880550384521,text_43,41,9,2back_dual_main_click,2,in,59,60,119,120,60,,,,,,,,,,,03,03,yes,no,no,2025-06-17_11h10.33.301,EXNAT_4_TMS_Psychopy2024.2.5.psyexp,2024.2.5,2025-06-17 11h10.51.554308 +0200,
0,0,0,0,0,0,0,,,,,,,,,#88BA3F,1204.3530344963074,False,space,correct rejection,None,1048.4848022460938,text_43,42,9,2back_dual_main_click,2,jungen,59,60,119,120,60,,,,,,,,,,,03,03,yes,no,no,2025-06-17_11h10.33.301,EXNAT_4_TMS_Psychopy2024.2.5.psyexp,2024.2.5,2025-06-17 11h10.51.554308 +0200,
0,0,0,0,0,0,0,,,,,,,,,#F989A2,1205.4564995765686,False,space,correct rejection,None,984.9708080291748,text_43,43,9,2back_dual_main_click,2,Jahren,59,60,119,120,60,,,,,,,,,,,03,03,yes,no,no,2025-06-17_11h10.33.301,EXNAT_4_TMS_Psychopy2024.2.5.psyexp,2024.2.5,2025-06-17 11h10.51.554308 +0200,
0,0,0,0,0,0,0,,,,,,,,,#88BA3F,1206.483321905136,True,l,hit,438.11964988708496,1045.9704399108887,text_43,44,9,2back_dual_main_click,2,Probleme,59,60,119,120,60,,,,,,,,,,,03,03,yes,no,no,2025-06-17_11h10.33.301,EXNAT_4_TMS_Psychopy2024.2.5.psyexp,2024.2.5,2025-06-17 11h10.51.554308 +0200,
0,0,0,0,0,0,0,,,,,,,,,#D292F3,1207.5710430145264,False,space,correct rejection,None,1046.5474128723145,text_43,45,9,2back_dual_main_click,2,mit,60,60,120,120,inf,1207.6304116249084,,,,,,,,,,03,03,yes,no,no,2025-06-17_11h10.33.301,EXNAT_4_TMS_Psychopy2024.2.5.psyexp,2024.2.5,2025-06-17 11h10.51.554308 +0200,
0,0,0,0,0,0,0,,,,,,,,,#F989A2,1208.6731152534485,False,space,correct rejection,None,1000.420093536377,text_43,46,9,2back_dual_main_click,2,dem,60,60,120,120,inf,,,,,,,,,,,03,03,yes,no,no,2025-06-17_11h10.33.301,EXNAT_4_TMS_Psychopy2024.2.5.psyexp,2024.2.5,2025-06-17 11h10.51.554308 +0200,
0,0,0,0,0,0,0,,,,,,,,,#2AB7EF,1209.713727235794,False,space,correct rejection,None,999.6674060821533,text_43,47,9,2back_dual_main_click,2,Gesetz.,60,60,120,120,inf,,,,,,,,,,,03,03,yes,no,no,2025-06-17_11h10.33.301,EXNAT_4_TMS_Psychopy2024.2.5.psyexp,2024.2.5,2025-06-17 11h10.51.554308 +0200,
0,0,0,0,0,0,0,,,,,,,,,#88BA3F,1210.7526862621307,False,space,correct rejection,None,744.8062896728516,text_43,48,9,2back_dual_main_click,2,Doch,60,60,120,120,inf,,,,,,,,,,,03,03,yes,no,no,2025-06-17_11h10.33.301,EXNAT_4_TMS_Psychopy2024.2.5.psyexp,2024.2.5,2025-06-17 11h10.51.554308 +0200,
0,0,0,0,0,0,0,,,,,,,,,#2AB7EF,1211.536679983139,True,l,hit,552.8659820556641,1097.0330238342285,text_43,49,9,2back_dual_main_click,2,mit,60,61,121,120,inf,1212.6303160190582,,,,,,,,,,03,03,yes,no,no,2025-06-17_11h10.33.301,EXNAT_4_TMS_Psychopy2024.2.5.psyexp,2024.2.5,2025-06-17 11h10.51.554308 +0200,
0,0,0,0,0,0,0,,,,,,,,,#D292F3,1212.6725554466248,False,space,correct rejection,None,889.1291618347168,text_43,50,9,2back_dual_main_click,2,27,60,61,121,120,inf,,,,,,,,,,,03,03,yes,no,no,2025-06-17_11h10.33.301,EXNAT_4_TMS_Psychopy2024.2.5.psyexp,2024.2.5,2025-06-17 11h10.51.554308 +0200,
0,0,0,0,0,0,0,,,,,,,,,#F989A2,1213.602309703827,False,space,correct rejection,None,1207.1177959442139,text_43,51,9,2back_dual_main_click,2,wurde,60,61,121,120,inf,,,,,,,,,,,03,03,yes,no,no,2025-06-17_11h10.33.301,EXNAT_4_TMS_Psychopy2024.2.5.psyexp,2024.2.5,2025-06-17 11h10.51.554308 +0200,
0,0,0,0,0,0,0,,,,,,,,,#88BA3F,1214.8480384349823,False,space,correct rejection,None,1513.6122703552246,text_43,52,9,2back_dual_main_click,2,er,60,61,121,120,inf,,,,,,,,,,,03,03,yes,no,no,2025-06-17_11h10.33.301,EXNAT_4_TMS_Psychopy2024.2.5.psyexp,2024.2.5,2025-06-17 11h10.51.554308 +0200,
0,0,0,0,0,0,0,,,,,,,,,#F989A2,1216.402475118637,True,l,hit,695.2269077301025,1175.1036643981934,text_43,53,9,2back_dual_main_click,2,Stuntman,60,61,121,120,inf,,,,,,,,,,,03,03,yes,no,no,2025-06-17_11h10.33.301,EXNAT_4_TMS_Psychopy2024.2.5.psyexp,2024.2.5,2025-06-17 11h10.51.554308 +0200,
0,0,0,0,0,0,0,,,,,,,,,#D292F3,1217.6137404441833,False,space,correct rejection,None,939.7027492523193,text_43,54,9,2back_dual_main_click,2,und,61,61,122,120,inf,1217.678827047348,,,,,,,,,,03,03,yes,no,no,2025-06-17_11h10.33.301,EXNAT_4_TMS_Psychopy2024.2.5.psyexp,2024.2.5,2025-06-17 11h10.51.554308 +0200,
0,0,0,0,0,0,0,,,,,,,,,#88BA3F,1218.5938475131989,False,space,correct rejection,None,1479.689359664917,text_43,55,9,2back_dual_main_click,2,wurde,61,61,122,120,inf,,,,,,,,,,,03,03,yes,no,no,2025-06-17_11h10.33.301,EXNAT_4_TMS_Psychopy2024.2.5.psyexp,2024.2.5,2025-06-17 11h10.51.554308 +0200,
0,0,0,0,0,0,0,,,,,,,,,#2AB7EF,1220.128690481186,False,space,correct rejection,None,856.9440841674805,text_43,56,9,2back_dual_main_click,2,schnell,61,61,122,120,inf,,,,,,,,,,,03,03,yes,no,no,2025-06-17_11h10.33.301,EXNAT_4_TMS_Psychopy2024.2.5.psyexp,2024.2.5,2025-06-17 11h10.51.554308 +0200,
0,0,0,0,0,0,0,,,,,,,,,#88BA3F,1221.0258564949036,True,l,hit,647.8128433227539,1031.5759181976318,text_43,57,9,2back_dual_main_click,2,sehr,61,61,122,120,inf,,,,,,,,,,,03,03,yes,no,no,2025-06-17_11h10.33.301,EXNAT_4_TMS_Psychopy2024.2.5.psyexp,2024.2.5,2025-06-17 11h10.51.554308 +0200,
0,0,0,0,0,0,0,,,,,,,,,#F989A2,1222.0967071056366,False,space,correct rejection,None,824.7928619384766,text_43,58,9,2back_dual_main_click,2,erfolgreich.,62,61,123,120,inf,1222.6787221431732,,,,,,,,,,03,03,yes,no,no,2025-06-17_11h10.33.301,EXNAT_4_TMS_Psychopy2024.2.5.psyexp,2024.2.5,2025-06-17 11h10.51.554308 +0200,
0,0,0,0,0,0,0,,,,,,,,,#2AB7EF,1222.9612538814545,False,space,correct rejection,None,904.4203758239746,text_43,59,9,2back_dual_main_click,2,Einer,62,61,123,120,inf,,,,,,,,,,,03,03,yes,no,no,2025-06-17_11h10.33.301,EXNAT_4_TMS_Psychopy2024.2.5.psyexp,2024.2.5,2025-06-17 11h10.51.554308 +0200,
0,0,0,0,0,0,0,,,,,,,,,#D292F3,1223.9049670696259,False,space,correct rejection,None,1816.704511642456,text_43,60,9,2back_dual_main_click,2,seiner,62,61,123,120,inf,,,,,,,,,,,03,03,yes,no,no,2025-06-17_11h10.33.301,EXNAT_4_TMS_Psychopy2024.2.5.psyexp,2024.2.5,2025-06-17 11h10.51.554308 +0200,
0,0,0,0,0,0,0,,,,,,,,,#88BA3F,1225.7793004512787,False,space,correct rejection,None,1494.2915439605713,text_43,61,9,2back_dual_main_click,2,berühmtesten,62,61,123,120,inf,,,,,,,,,,,03,03,yes,no,no,2025-06-17_11h10.33.301,EXNAT_4_TMS_Psychopy2024.2.5.psyexp,2024.2.5,2025-06-17 11h10.51.554308 +0200,
0,0,0,0,0,0,0,,,,,,,,,#D292F3,1227.3286793231964,True,space,miss,None,840.8012390136719,text_43,62,9,2back_dual_main_click,2,Sprüngen,62,62,124,120,inf,1227.6787431240082,,,,,,,,,,03,03,yes,no,no,2025-06-17_11h10.33.301,EXNAT_4_TMS_Psychopy2024.2.5.psyexp,2024.2.5,2025-06-17 11h10.51.554308 +0200,
0,0,0,0,0,0,0,,,,,,,,,#2AB7EF,1228.2249672412872,False,space,correct rejection,None,984.7371578216553,text_43,63,9,2back_dual_main_click,2,war,62,62,124,120,inf,,,,,,,,,,,03,03,yes,no,no,2025-06-17_11h10.33.301,EXNAT_4_TMS_Psychopy2024.2.5.psyexp,2024.2.5,2025-06-17 11h10.51.554308 +0200,
0,0,0,0,0,0,0,,,,,,,,,#88BA3F,1229.265193939209,False,space,correct rejection,None,1112.3380661010742,text_43,64,9,2back_dual_main_click,2,1967,62,62,124,120,inf,,,,,,,,,,,03,03,yes,no,no,2025-06-17_11h10.33.301,EXNAT_4_TMS_Psychopy2024.2.5.psyexp,2024.2.5,2025-06-17 11h10.51.554308 +0200,
0,0,0,0,0,0,0,,,,,,,,,#2AB7EF,1230.4304208755493,True,space,miss,None,1083.310842514038,text_43,65,9,2back_dual_main_click,2,in,62,62,124,120,inf,,,,,,,,,,,03,03,yes,no,no,2025-06-17_11h10.33.301,EXNAT_4_TMS_Psychopy2024.2.5.psyexp,2024.2.5,2025-06-17 11h10.51.554308 +0200,
0,0,0,0,0,0,0,,,,,,,,,#D292F3,1231.5705003738403,False,space,correct rejection,None,1447.0536708831787,text_43,66,9,2back_dual_main_click,2,Las,63,62,125,120,inf,1232.678753376007,,,,,,,,,,03,03,yes,no,no,2025-06-17_11h10.33.301,EXNAT_4_TMS_Psychopy2024.2.5.psyexp,2024.2.5,2025-06-17 11h10.51.554308 +0200,
0,0,0,0,0,0,0,,,,,,,,,#F989A2,1233.075094461441,False,space,correct rejection,None,934.7290992736816,text_43,67,9,2back_dual_main_click,2,"Vegas,",63,62,125,120,inf,,,,,,,,,,,03,03,yes,no,no,2025-06-17_11h10.33.301,EXNAT_4_TMS_Psychopy2024.2.5.psyexp,2024.2.5,2025-06-17 11h10.51.554308 +0200,
0,0,0,0,0,0,0,,,,,,,,,#F989A2,1234.0623123645782,False,space,correct rejection,None,779.3099880218506,text_43,68,9,2back_dual_main_click,2,als,63,62,125,120,inf,,,,,,,,,,,03,03,yes,no,no,2025-06-17_11h10.33.301,EXNAT_4_TMS_Psychopy2024.2.5.psyexp,2024.2.5,2025-06-17 11h10.51.554308 +0200,
0,0,0,0,0,0,0,,,,,,,,,#D292F3,1234.880499124527,False,space,correct rejection,None,985.1183891296387,text_43,69,9,2back_dual_main_click,2,er,63,62,125,120,inf,,,,,,,,,,,03,03,yes,no,no,2025-06-17_11h10.33.301,EXNAT_4_TMS_Psychopy2024.2.5.psyexp,2024.2.5,2025-06-17 11h10.51.554308 +0200,
0,0,0,0,0,0,0,,,,,,,,,#D292F3,1235.9055638313293,False,space,correct rejection,None,2295.9423065185547,text_43,70,9,2back_dual_main_click,2,"versuchte,",64,62,126,120,inf,1237.678775548935,,,,,,,,,,03,03,yes,no,no,2025-06-17_11h10.33.301,EXNAT_4_TMS_Psychopy2024.2.5.psyexp,2024.2.5,2025-06-17 11h10.51.554308 +0200,
0,0,0,0,0,0,0,,,,,,,,,#F989A2,1238.2579946517944,False,space,correct rejection,None,727.5998592376709,text_43,71,9,2back_dual_main_click,2,über,64,62,126,120,inf,,,,,,,,,,,03,03,yes,no,no,2025-06-17_11h10.33.301,EXNAT_4_TMS_Psychopy2024.2.5.psyexp,2024.2.5,2025-06-17 11h10.51.554308 +0200,
0,0,0,0,0,0,0,,,,,,,,,#88BA3F,1239.0392525196075,False,space,correct rejection,None,842.4029350280762,text_43,72,9,2back_dual_main_click,2,den,64,62,126,120,inf,,,,,,,,,,,03,03,yes,no,no,2025-06-17_11h10.33.301,EXNAT_4_TMS_Psychopy2024.2.5.psyexp,2024.2.5,2025-06-17 11h10.51.554308 +0200,
0,0,0,0,0,0,0,,,,,,,,,#88BA3F,1239.9384677410126,False,space,correct rejection,None,743.2081699371338,text_43,73,9,2back_dual_main_click,2,Brunnen,64,62,126,120,inf,,,,,,,,,,,03,03,yes,no,no,2025-06-17_11h10.33.301,EXNAT_4_TMS_Psychopy2024.2.5.psyexp,2024.2.5,2025-06-17 11h10.51.554308 +0200,
0,0,0,0,0,0,0,,,,,,,,,#D292F3,1240.7361438274384,False,space,correct rejection,None,825.3686428070068,text_43,74,9,2back_dual_main_click,2,des,64,62,126,120,inf,,,,,,,,,,,03,03,yes,no,no,2025-06-17_11h10.33.301,EXNAT_4_TMS_Psychopy2024.2.5.psyexp,2024.2.5,2025-06-17 11h10.51.554308 +0200,
0,0,0,0,0,0,0,,,,,,,,,#D292F3,1241.616954088211,False,space,correct rejection,None,1000.4477500915527,text_43,75,9,2back_dual_main_click,2,Caesar's,64,62,126,120,inf,,,,,,,,,,,03,03,yes,no,no,2025-06-17_11h10.33.301,EXNAT_4_TMS_Psychopy2024.2.5.psyexp,2024.2.5,2025-06-17 11h10.51.554308 +0200,
0,0,0,0,0,0,0,,,,,,,,,#F989A2,1242.6738712787628,False,space,correct rejection,None,1719.6969985961914,text_43,76,9,2back_dual_main_click,2,Palace,64,62,126,120,inf,,,,,,,,,,,03,03,yes,no,no,2025-06-17_11h10.33.301,EXNAT_4_TMS_Psychopy2024.2.5.psyexp,2024.2.5,2025-06-17 11h10.51.554308 +0200,
0,0,0,0,0,0,0,,,,,,,,,#88BA3F,1244.4494650363922,False,space,correct rejection,None,1447.9873180389404,text_43,77,9,2back_dual_main_click,2,zu,64,62,126,120,inf,,,,,,,,,,,03,03,yes,no,no,2025-06-17_11h10.33.301,EXNAT_4_TMS_Psychopy2024.2.5.psyexp,2024.2.5,2025-06-17 11h10.51.554308 +0200,
0,0,0,0,0,0,0,,,,,,,,,#2AB7EF,1245.9522151947021,False,space,correct rejection,None,681.3726425170898,text_43,78,9,2back_dual_main_click,2,springen.,64,62,126,120,inf,,,,,,,,,,,03,03,yes,no,no,2025-06-17_11h10.33.301,EXNAT_4_TMS_Psychopy2024.2.5.psyexp,2024.2.5,2025-06-17 11h10.51.554308 +0200,
0,0,0,0,0,0,0,,,,,,,,,#88BA3F,1246.6886897087097,True,l,hit,520.8902359008789,1128.7455558776855,text_43,79,9,2back_dual_main_click,2,Der,64,63,127,120,inf,1246.7636332511902,,,,,,,,,,03,03,yes,no,no,2025-06-17_11h10.33.301,EXNAT_4_TMS_Psychopy2024.2.5.psyexp,2024.2.5,2025-06-17 11h10.51.554308 +0200,
0,0,0,0,0,0,0,,,,,,,,,#F989A2,1247.8572926521301,False,space,correct rejection,None,952.2976875305176,text_43,80,9,2back_dual_main_click,2,Sprung,64,63,127,120,inf,,,,,,,,,,,03,03,yes,no,no,2025-06-17_11h10.33.301,EXNAT_4_TMS_Psychopy2024.2.5.psyexp,2024.2.5,2025-06-17 11h10.51.554308 +0200,
0,0,0,0,0,0,0,,,,,,,,,#2AB7EF,1248.8465461730957,False,space,correct rejection,None,890.9382820129395,text_43,81,9,2back_dual_main_click,2,endete,64,63,127,120,inf,,,,,,,,,,,03,03,yes,no,no,2025-06-17_11h10.33.301,EXNAT_4_TMS_Psychopy2024.2.5.psyexp,2024.2.5,2025-06-17 11h10.51.554308 +0200,
0,0,0,0,0,0,0,,,,,,,,,#D292F3,1249.7774574756622,False,space,correct rejection,None,888.1466388702393,text_43,82,9,2back_dual_main_click,2,aber,64,63,127,120,inf,,,,,,,,,,,03,03,yes,no,no,2025-06-17_11h10.33.301,EXNAT_4_TMS_Psychopy2024.2.5.psyexp,2024.2.5,2025-06-17 11h10.51.554308 +0200,
0,0,0,0,0,0,0,,,,,,,,,#2AB7EF,1250.704918384552,True,space,miss,None,1208.7337970733643,text_43,83,9,2back_dual_main_click,2,im,64,63,127,120,inf,,,,,,,,,,,03,03,yes,no,no,2025-06-17_11h10.33.301,EXNAT_4_TMS_Psychopy2024.2.5.psyexp,2024.2.5,2025-06-17 11h10.51.554308 +0200,
0,0,0,0,0,0,0,,,,,,,,,#88BA3F,1251.9555308818817,False,space,correct rejection,None,934.0624809265137,text_43,84,9,2back_dual_main_click,2,Krankenhaus.,65,63,128,120,inf,1252.0093619823456,,,,,,,,,,03,03,yes,no,no,2025-06-17_11h10.33.301,EXNAT_4_TMS_Psychopy2024.2.5.psyexp,2024.2.5,2025-06-17 11h10.51.554308 +0200,
0,0,0,0,0,0,0,,,,,,,,,#2AB7EF,1252.9293811321259,True,space,miss,None,1032.2074890136719,text_43,85,9,2back_dual_main_click,2,Knievel,65,63,128,120,inf,,,,,,,,,,,03,03,yes,no,no,2025-06-17_11h10.33.301,EXNAT_4_TMS_Psychopy2024.2.5.psyexp,2024.2.5,2025-06-17 11h10.51.554308 +0200,
0,0,0,0,0,0,0,,,,,,,,,#F989A2,1254.0008416175842,False,space,correct rejection,None,808.7661266326904,text_43,86,9,2back_dual_main_click,2,erlitt,65,63,128,120,inf,,,,,,,,,,,03,03,yes,no,no,2025-06-17_11h10.33.301,EXNAT_4_TMS_Psychopy2024.2.5.psyexp,2024.2.5,2025-06-17 11h10.51.554308 +0200,
0,0,0,0,0,0,0,,,,,,,,,#88BA3F,1254.8513519763947,False,space,correct rejection,None,2502.1767616271973,text_43,87,9,2back_dual_main_click,2,40,65,63,128,120,inf,,,,,,,,,,,03,03,yes,no,no,2025-06-17_11h10.33.301,EXNAT_4_TMS_Psychopy2024.2.5.psyexp,2024.2.5,2025-06-17 11h10.51.554308 +0200,
0,0,0,0,0,0,0,,,,,,,,,#2AB7EF,1257.4107558727264,False,space,correct rejection,None,982.914924621582,text_43,88,9,2back_dual_main_click,2,Knochenbrüche,65,63,128,120,inf,,,,,,,,,,,03,03,yes,no,no,2025-06-17_11h10.33.301,EXNAT_4_TMS_Psychopy2024.2.5.psyexp,2024.2.5,2025-06-17 11h10.51.554308 +0200,
0,0,0,0,0,0,0,,,,,,,,,#F989A2,1258.4498426914215,False,space,correct rejection,None,983.7770462036133,text_43,89,9,2back_dual_main_click,2,und,65,63,128,120,inf,,,,,,,,,,,03,03,yes,no,no,2025-06-17_11h10.33.301,EXNAT_4_TMS_Psychopy2024.2.5.psyexp,2024.2.5,2025-06-17 11h10.51.554308 +0200,
0,0,0,0,0,0,0,,,,,,,,,#D292F3,1259.488238811493,False,space,correct rejection,None,873.3627796173096,text_43,90,9,2back_dual_main_click,2,lag,65,63,128,120,inf,,,,,,,,,,,03,03,yes,no,no,2025-06-17_11h10.33.301,EXNAT_4_TMS_Psychopy2024.2.5.psyexp,2024.2.5,2025-06-17 11h10.51.554308 +0200,
0,0,0,0,0,0,0,,,,,,,,,#D292F3,1260.415898323059,False,space,correct rejection,None,841.6452407836914,text_43,91,9,2back_dual_main_click,2,einen,65,63,128,120,inf,,,,,,,,,,,03,03,yes,no,no,2025-06-17_11h10.33.301,EXNAT_4_TMS_Psychopy2024.2.5.psyexp,2024.2.5,2025-06-17 11h10.51.554308 +0200,
0,0,0,0,0,0,0,,,,,,,,,#D292F3,1261.3120441436768,True,space,miss,None,1705.6329250335693,text_43,92,9,2back_dual_main_click,2,Monat,65,64,129,120,inf,1261.3855934143066,,,,,,,,,,03,03,yes,no,no,2025-06-17_11h10.33.301,EXNAT_4_TMS_Psychopy2024.2.5.psyexp,2024.2.5,2025-06-17 11h10.51.554308 +0200,
0,0,0,0,0,0,0,,,,,,,,,#F989A2,1263.0566730499268,False,space,correct rejection,None,984.9655628204346,text_43,93,9,2back_dual_main_click,2,im,65,64,129,120,inf,,,,,,,,,,,03,03,yes,no,no,2025-06-17_11h10.33.301,EXNAT_4_TMS_Psychopy2024.2.5.psyexp,2024.2.5,2025-06-17 11h10.51.554308 +0200,
0,0,0,0,0,0,0,,,,,,,,,#88BA3F,1264.0962233543396,False,space,correct rejection,None,1305.4158687591553,text_43,94,9,2back_dual_main_click,2,"Koma,",65,64,129,120,inf,,,,,,,,,,,03,03,yes,no,no,2025-06-17_11h10.33.301,EXNAT_4_TMS_Psychopy2024.2.5.psyexp,2024.2.5,2025-06-17 11h10.51.554308 +0200,
0,0,0,0,0,0,0,,,,,,,,,#88BA3F,1265.4567272663116,False,space,correct rejection,None,664.9889945983887,text_43,95,9,2back_dual_main_click,2,erholte,65,64,129,120,inf,,,,,,,,,,,03,03,yes,no,no,2025-06-17_11h10.33.301,EXNAT_4_TMS_Psychopy2024.2.5.psyexp,2024.2.5,2025-06-17 11h10.51.554308 +0200,
0,0,0,0,0,0,0,,,,,,,,,#2AB7EF,1266.1778745651245,False,space,correct rejection,None,839.5693302154541,text_43,96,9,2back_dual_main_click,2,sich,66,64,130,120,inf,1266.3854308128357,,,,,,,,,,03,03,yes,no,no,2025-06-17_11h10.33.301,EXNAT_4_TMS_Psychopy2024.2.5.psyexp,2024.2.5,2025-06-17 11h10.51.554308 +0200,
0,0,0,0,0,0,0,,,,,,,,,#88BA3F,1267.074081659317,True,l,hit,999.4919300079346,1623.4211921691895,text_43,97,9,2back_dual_main_click,2,aber,66,64,130,120,inf,,,,,,,,,,,03,03,yes,no,no,2025-06-17_11h10.33.301,EXNAT_4_TMS_Psychopy2024.2.5.psyexp,2024.2.5,2025-06-17 11h10.51.554308 +0200,
0,0,0,0,0,0,0,,,,,,,,,#D292F3,1268.7532596588135,False,space,correct rejection,None,904.423713684082,text_43,98,9,2back_dual_main_click,2,und,66,64,130,120,inf,,,,,,,,,,,03,03,yes,no,no,2025-06-17_11h10.33.301,EXNAT_4_TMS_Psychopy2024.2.5.psyexp,2024.2.5,2025-06-17 11h10.51.554308 +0200,
0,0,0,0,0,0,0,,,,,,,,,#2AB7EF,1269.7123878002167,False,space,correct rejection,None,873.1739521026611,text_43,99,9,2back_dual_main_click,2,machte,66,64,130,120,inf,,,,,,,,,,,03,03,yes,no,no,2025-06-17_11h10.33.301,EXNAT_4_TMS_Psychopy2024.2.5.psyexp,2024.2.5,2025-06-17 11h10.51.554308 +0200,
0,0,0,0,0,0,0,,,,,,,,,#2AB7EF,1270.6374807357788,False,space,correct rejection,None,828.1948566436768,text_43,100,9,2back_dual_main_click,2,weiter.,66,64,130,120,inf,,,,,,,,,,,03,03,yes,no,no,2025-06-17_11h10.33.301,EXNAT_4_TMS_Psychopy2024.2.5.psyexp,2024.2.5,2025-06-17 11h10.51.554308 +0200,
0,0,0,0,0,0,0,,,,,,,,,#D292F3,1271.5190341472626,False,space,correct rejection,None,1178.6961555480957,text_43,101,9,2back_dual_main_click,2,1974,66,64,130,120,inf,,,,,,,,,,,03,03,yes,no,no,2025-06-17_11h10.33.301,EXNAT_4_TMS_Psychopy2024.2.5.psyexp,2024.2.5,2025-06-17 11h10.51.554308 +0200,
0,0,0,0,0,0,0,,,,,,,,,#D292F3,1272.7533721923828,False,space,correct rejection,None,664.3519401550293,text_43,102,9,2back_dual_main_click,2,versuchte,66,64,130,120,inf,,,,,,,,,,,03,03,yes,no,no,2025-06-17_11h10.33.301,EXNAT_4_TMS_Psychopy2024.2.5.psyexp,2024.2.5,2025-06-17 11h10.51.554308 +0200,
0,0,0,0,0,0,0,,,,,,,,,#F989A2,1273.4737341403961,False,space,correct rejection,None,823.8897323608398,text_43,103,9,2back_dual_main_click,2,"er,",66,64,130,120,inf,,,,,,,,,,,03,03,yes,no,no,2025-06-17_11h10.33.301,EXNAT_4_TMS_Psychopy2024.2.5.psyexp,2024.2.5,2025-06-17 11h10.51.554308 +0200,
0,0,0,0,0,0,0,,,,,,,,,#2AB7EF,1274.3539564609528,False,space,correct rejection,None,935.6637001037598,text_43,104,9,2back_dual_main_click,2,mit,66,64,130,120,inf,,,,,,,,,,,03,03,yes,no,no,2025-06-17_11h10.33.301,EXNAT_4_TMS_Psychopy2024.2.5.psyexp,2024.2.5,2025-06-17 11h10.51.554308 +0200,
0,0,0,0,0,0,0,,,,,,,,,#88BA3F,1275.3456881046295,False,space,correct rejection,None,1080.033779144287,text_43,105,9,2back_dual_main_click,2,einem,66,64,130,120,inf,,,,,,,,,,,03,03,yes,no,no,2025-06-17_11h10.33.301,EXNAT_4_TMS_Psychopy2024.2.5.psyexp,2024.2.5,2025-06-17 11h10.51.554308 +0200,
0,0,0,0,0,0,0,,,,,,,,,#88BA3F,1276.4833116531372,False,space,correct rejection,None,998.4173774719238,text_43,106,9,2back_dual_main_click,2,Raketenantrieb,66,64,130,120,inf,,,,,,,,,,,03,03,yes,no,no,2025-06-17_11h10.33.301,EXNAT_4_TMS_Psychopy2024.2.5.psyexp,2024.2.5,2025-06-17 11h10.51.554308 +0200,
0,0,0,0,0,0,0,,,,,,,,,#88BA3F,1277.537855386734,True,l,hit,583.8346481323242,1159.6384048461914,text_43,107,9,2back_dual_main_click,2,über,66,65,131,120,inf,1277.5895059108734,,,,,,,,,,03,03,yes,no,no,2025-06-17_11h10.33.301,EXNAT_4_TMS_Psychopy2024.2.5.psyexp,2024.2.5,2025-06-17 11h10.51.554308 +0200,
0,0,0,0,0,0,0,,,,,,,,,#F989A2,1278.7493364810944,False,space,correct rejection,None,1036.3974571228027,text_43,108,9,2back_dual_main_click,2,den,66,65,131,120,inf,,,,,,,,,,,03,03,yes,no,no,2025-06-17_11h10.33.301,EXNAT_4_TMS_Psychopy2024.2.5.psyexp,2024.2.5,2025-06-17 11h10.51.554308 +0200,
0,0,0,0,0,0,0,,,,,,,,,#2AB7EF,1279.8408994674683,False,space,correct rejection,None,1208.766222000122,text_43,109,9,2back_dual_main_click,2,Grand,66,65,131,120,inf,,,,,,,,,,,03,03,yes,no,no,2025-06-17_11h10.33.301,EXNAT_4_TMS_Psychopy2024.2.5.psyexp,2024.2.5,2025-06-17 11h10.51.554308 +0200,
0,0,0,0,0,0,0,,,,,,,,,#88BA3F,1281.1064341068268,False,space,correct rejection,None,935.2986812591553,text_43,110,9,2back_dual_main_click,2,Canyon,66,65,131,120,inf,,,,,,,,,,,03,03,yes,no,no,2025-06-17_11h10.33.301,EXNAT_4_TMS_Psychopy2024.2.5.psyexp,2024.2.5,2025-06-17 11h10.51.554308 +0200,
0,0,0,0,0,0,0,,,,,,,,,#2AB7EF,1282.0967233181,True,l,hit,792.9792404174805,1336.8260860443115,text_43,111,9,2back_dual_main_click,2,zu,66,66,132,120,inf,1282.5893976688385,,,,,,,,,,03,03,yes,no,no,2025-06-17_11h10.33.301,EXNAT_4_TMS_Psychopy2024.2.5.psyexp,2024.2.5,2025-06-17 11h10.51.554308 +0200,
0,0,0,0,0,0,0,,,,,,,,,#F989A2,1283.4909689426422,False,space,correct rejection,None,982.7289581298828,text_43,112,9,2back_dual_main_click,2,"fliegen,",66,66,132,120,inf,,,,,,,,,,,03,03,yes,no,no,2025-06-17_11h10.33.301,EXNAT_4_TMS_Psychopy2024.2.5.psyexp,2024.2.5,2025-06-17 11h10.51.554308 +0200,
0,0,0,0,0,0,0,,,,,,,,,#88BA3F,1284.5297966003418,False,space,correct rejection,None,935.8057975769043,text_43,113,9,2back_dual_main_click,2,aber,66,66,132,120,inf,,,,,,,,,,,03,03,yes,no,no,2025-06-17_11h10.33.301,EXNAT_4_TMS_Psychopy2024.2.5.psyexp,2024.2.5,2025-06-17 11h10.51.554308 +0200,
0,0,0,0,0,0,0,,,,,,,,,#2AB7EF,1285.520838022232,False,space,correct rejection,None,696.8710422515869,text_43,114,9,2back_dual_main_click,2,auch,66,66,132,120,inf,,,,,,,,,,,03,03,yes,no,no,2025-06-17_11h10.33.301,EXNAT_4_TMS_Psychopy2024.2.5.psyexp,2024.2.5,2025-06-17 11h10.51.554308 +0200,
0,0,0,0,0,0,0,,,,,,,,,#88BA3F,1286.2740411758423,True,l,hit,567.5532817840576,1047.5382804870605,text_43,115,9,2back_dual_main_click,2,dieser,66,66,132,120,inf,,,,,,,,,,,03,03,yes,no,no,2025-06-17_11h10.33.301,EXNAT_4_TMS_Psychopy2024.2.5.psyexp,2024.2.5,2025-06-17 11h10.51.554308 +0200,
0,0,0,0,0,0,0,,,,,,,,,#D292F3,1287.3623213768005,False,space,correct rejection,None,951.3370990753174,text_43,116,9,2back_dual_main_click,2,Sprung,67,66,133,120,inf,1287.5893745422363,,,,,,,,,,03,03,yes,no,no,2025-06-17_11h10.33.301,EXNAT_4_TMS_Psychopy2024.2.5.psyexp,2024.2.5,2025-06-17 11h10.51.554308 +0200,
0,0,0,0,0,0,0,,,,,,,,,#D292F3,1288.3541412353516,False,space,correct rejection,None,1079.6070098876953,text_43,117,9,2back_dual_main_click,2,misslang.,67,66,133,120,inf,,,,,,,,,,,03,03,yes,no,no,2025-06-17_11h10.33.301,EXNAT_4_TMS_Psychopy2024.2.5.psyexp,2024.2.5,2025-06-17 11h10.51.554308 +0200,
0,0,0,0,0,0,0,,,,,,,,,#88BA3F,1289.474406003952,False,space,correct rejection,None,999.1850852966309,text_43,118,9,2back_dual_main_click,2,Seinen,67,66,133,120,inf,,,,,,,,,,,03,03,yes,no,no,2025-06-17_11h10.33.301,EXNAT_4_TMS_Psychopy2024.2.5.psyexp,2024.2.5,2025-06-17 11h10.51.554308 +0200,
0,0,0,0,0,0,0,,,,,,,,,#F989A2,1290.5140218734741,False,space,correct rejection,None,839.672327041626,text_43,119,9,2back_dual_main_click,2,größten,67,66,133,120,inf,,,,,,,,,,,03,03,yes,no,no,2025-06-17_11h10.33.301,EXNAT_4_TMS_Psychopy2024.2.5.psyexp,2024.2.5,2025-06-17 11h10.51.554308 +0200,
0,0,0,0,0,0,0,,,,,,,,,#F989A2,1291.3951046466827,False,space,correct rejection,None,1014.5611763000488,text_43,120,9,2back_dual_main_click,2,"Traum,",67,66,133,120,inf,,,,,,,,,,,03,03,yes,no,no,2025-06-17_11h10.33.301,EXNAT_4_TMS_Psychopy2024.2.5.psyexp,2024.2.5,2025-06-17 11h10.51.554308 +0200,
0,0,0,0,0,0,0,,,,,,,,,#88BA3F,1292.44735121727,False,space,correct rejection,None,874.4411468505859,text_43,121,9,2back_dual_main_click,2,über,68,66,134,120,inf,1292.589337348938,,,,,,,,,,03,03,yes,no,no,2025-06-17_11h10.33.301,EXNAT_4_TMS_Psychopy2024.2.5.psyexp,2024.2.5,2025-06-17 11h10.51.554308 +0200,
0,0,0,0,0,0,0,,,,,,,,,#2AB7EF,1293.3624711036682,False,space,correct rejection,None,1143.207311630249,text_43,122,9,2back_dual_main_click,2,den,68,66,134,120,inf,,,,,,,,,,,03,03,yes,no,no,2025-06-17_11h10.33.301,EXNAT_4_TMS_Psychopy2024.2.5.psyexp,2024.2.5,2025-06-17 11h10.51.554308 +0200,
0,0,0,0,0,0,0,,,,,,,,,#D292F3,1294.5451607704163,False,space,correct rejection,None,1016.4856910705566,text_43,123,9,2back_dual_main_click,2,Canyon,68,66,134,120,inf,,,,,,,,,,,03,03,yes,no,no,2025-06-17_11h10.33.301,EXNAT_4_TMS_Psychopy2024.2.5.psyexp,2024.2.5,2025-06-17 11h10.51.554308 +0200,
0,0,0,0,0,0,0,,,,,,,,,#88BA3F,1295.6184885501862,False,space,correct rejection,None,903.2137393951416,text_43,124,9,2back_dual_main_click,2,zu,68,66,134,120,inf,,,,,,,,,,,03,03,yes,no,no,2025-06-17_11h10.33.301,EXNAT_4_TMS_Psychopy2024.2.5.psyexp,2024.2.5,2025-06-17 11h10.51.554308 +0200,
0,0,0,0,0,0,0,,,,,,,,,#2AB7EF,1296.5622968673706,False,space,correct rejection,None,871.4818954467773,text_43,125,9,2back_dual_main_click,2,"springen,",68,66,134,120,inf,,,,,,,,,,,03,03,yes,no,no,2025-06-17_11h10.33.301,EXNAT_4_TMS_Psychopy2024.2.5.psyexp,2024.2.5,2025-06-17 11h10.51.554308 +0200,
0,0,0,0,0,0,0,,,,,,,,,#D292F3,1297.4742007255554,False,space,correct rejection,None,1399.5075225830078,text_43,126,9,2back_dual_main_click,2,konnte,68,66,134,120,inf,,,,,,,,,,,03,03,yes,no,no,2025-06-17_11h10.33.301,EXNAT_4_TMS_Psychopy2024.2.5.psyexp,2024.2.5,2025-06-17 11h10.51.554308 +0200,
0,0,0,0,0,0,0,,,,,,,,,#F989A2,1298.9138255119324,False,space,correct rejection,None,855.8366298675537,text_43,127,9,2back_dual_main_click,2,er,68,66,134,120,inf,,,,,,,,,,,03,03,yes,no,no,2025-06-17_11h10.33.301,EXNAT_4_TMS_Psychopy2024.2.5.psyexp,2024.2.5,2025-06-17 11h10.51.554308 +0200,
0,0,0,0,0,0,0,,,,,,,,,#F989A2,1299.810510635376,False,space,correct rejection,None,743.2279586791992,text_43,128,9,2back_dual_main_click,2,nie,68,66,134,120,inf,,,,,,,,,,,03,03,yes,no,no,2025-06-17_11h10.33.301,EXNAT_4_TMS_Psychopy2024.2.5.psyexp,2024.2.5,2025-06-17 11h10.51.554308 +0200,
0,0,0,0,0,0,0,,,,,,,,,#2AB7EF,1300.5938923358917,False,space,correct rejection,None,935.7953071594238,text_43,129,9,2back_dual_main_click,2,verwirklichen.,68,66,134,120,inf,,,,,,,,,,,03,03,yes,no,no,2025-06-17_11h10.33.301,EXNAT_4_TMS_Psychopy2024.2.5.psyexp,2024.2.5,2025-06-17 11h10.51.554308 +0200,
0,0,0,0,0,0,0,,,,,,,,,#D292F3,1301.5689866542816,False,space,correct rejection,None,1528.8021564483643,text_43,130,9,2back_dual_main_click,2,Evel,68,66,134,120,inf,,,,,,,,,,,03,03,yes,no,no,2025-06-17_11h10.33.301,EXNAT_4_TMS_Psychopy2024.2.5.psyexp,2024.2.5,2025-06-17 11h10.51.554308 +0200,
0,0,0,0,0,0,0,,,,,,,,,#88BA3F,1303.154458284378,False,space,correct rejection,None,983.2022190093994,text_43,131,9,2back_dual_main_click,2,Knievel,68,66,134,120,inf,,,,,,,,,,,03,03,yes,no,no,2025-06-17_11h10.33.301,EXNAT_4_TMS_Psychopy2024.2.5.psyexp,2024.2.5,2025-06-17 11h10.51.554308 +0200,
0,0,0,0,0,0,0,,,,,,,,,#F989A2,1304.1932337284088,False,l,false alarm,712.4752998352051,1304.3489456176758,text_43,132,9,2back_dual_main_click,2,starb,68,66,134,120,inf,,,,,,,,,,,03,03,yes,no,no,2025-06-17_11h10.33.301,EXNAT_4_TMS_Psychopy2024.2.5.psyexp,2024.2.5,2025-06-17 11h10.51.554308 +0200,
0,0,0,0,0,0,0,,,,,,,,,#2AB7EF,1305.55216050148,False,space,correct rejection,None,793.560266494751,text_43,133,9,2back_dual_main_click,2,2007,68,66,134,120,inf,,,,,,,,,,,03,03,yes,no,no,2025-06-17_11h10.33.301,EXNAT_4_TMS_Psychopy2024.2.5.psyexp,2024.2.5,2025-06-17 11h10.51.554308 +0200,
0,0,0,0,0,0,0,,,,,,,,,#2AB7EF,1306.3998637199402,False,space,correct rejection,None,793.8892841339111,text_43,134,9,2back_dual_main_click,2,in,68,66,134,120,inf,,,,,,,,,,,03,03,yes,no,no,2025-06-17_11h10.33.301,EXNAT_4_TMS_Psychopy2024.2.5.psyexp,2024.2.5,2025-06-17 11h10.51.554308 +0200,
0,0,0,0,0,0,0,,,,,,,,,#88BA3F,1307.2488646507263,False,space,correct rejection,None,1016.892671585083,text_43,135,9,2back_dual_main_click,2,Florida,68,66,134,120,inf,,,,,,,,,,,03,03,yes,no,no,2025-06-17_11h10.33.301,EXNAT_4_TMS_Psychopy2024.2.5.psyexp,2024.2.5,2025-06-17 11h10.51.554308 +0200,
0,0,0,0,0,0,0,,,,,,,,,#2AB7EF,1308.3201863765717,True,space,miss,None,1113.5294437408447,text_43,136,9,2back_dual_main_click,2,an,68,67,135,120,inf,1308.3736946582794,,,,,,,,,,03,03,yes,no,no,2025-06-17_11h10.33.301,EXNAT_4_TMS_Psychopy2024.2.5.psyexp,2024.2.5,2025-06-17 11h10.51.554308 +0200,
0,0,0,0,0,0,0,,,,,,,,,#88BA3F,1309.4901940822601,True,l,hit,551.4791011810303,1159.3093872070312,text_43,137,9,2back_dual_main_click,2,Lungenversagen.,68,67,135,120,inf,,,,,,,,,,,03,03,yes,no,no,2025-06-17_11h10.33.301,EXNAT_4_TMS_Psychopy2024.2.5.psyexp,2024.2.5,2025-06-17 11h10.51.554308 +0200,
0,0,0,0,0,0,0,,,,,,,,,#F989A2,1310.7050695419312,False,space,correct rejection,None,824.6817588806152,text_43,138,9,2back_dual_main_click,2,Trotz,68,67,135,120,inf,,,,,,,,,,,03,03,yes,no,no,2025-06-17_11h10.33.301,EXNAT_4_TMS_Psychopy2024.2.5.psyexp,2024.2.5,2025-06-17 11h10.51.554308 +0200,
0,0,0,0,0,0,0,,,,,,,,,#D292F3,1311.5827383995056,False,space,correct rejection,None,1130.8748722076416,text_43,139,9,2back_dual_main_click,2,vieler,68,67,135,120,inf,,,,,,,,,,,03,03,yes,no,no,2025-06-17_11h10.33.301,EXNAT_4_TMS_Psychopy2024.2.5.psyexp,2024.2.5,2025-06-17 11h10.51.554308 +0200,
0,0,0,0,0,0,0,,,,,,,,,#F989A2,1312.7660200595856,True,l,hit,555.7065010070801,1147.578477859497,text_43,140,9,2back_dual_main_click,2,Verletzungen,68,68,136,120,inf,1313.3736383914948,,,,,,,,,,03,03,yes,no,no,2025-06-17_11h10.33.301,EXNAT_4_TMS_Psychopy2024.2.5.psyexp,2024.2.5,2025-06-17 11h10.51.554308 +0200,
0,0,0,0,0,0,0,,,,,,,,,#F989A2,1313.9688093662262,False,space,correct rejection,None,857.1183681488037,text_43,141,9,2back_dual_main_click,2,überlebte,68,68,136,120,inf,,,,,,,,,,,03,03,yes,no,no,2025-06-17_11h10.33.301,EXNAT_4_TMS_Psychopy2024.2.5.psyexp,2024.2.5,2025-06-17 11h10.51.554308 +0200,
0,0,0,0,0,0,0,,,,,,,,,#D292F3,1314.8812046051025,False,space,correct rejection,None,1016.517162322998,text_43,142,9,2back_dual_main_click,2,er,68,68,136,120,inf,,,,,,,,,,,03,03,yes,no,no,2025-06-17_11h10.33.301,EXNAT_4_TMS_Psychopy2024.2.5.psyexp,2024.2.5,2025-06-17 11h10.51.554308 +0200,
0,0,0,0,0,0,0,,,,,,,,,#D292F3,1315.952457666397,False,space,correct rejection,None,841.12548828125,text_43,143,9,2back_dual_main_click,2,seine,68,68,136,120,inf,,,,,,,,,,,03,03,yes,no,no,2025-06-17_11h10.33.301,EXNAT_4_TMS_Psychopy2024.2.5.psyexp,2024.2.5,2025-06-17 11h10.51.554308 +0200,
0,0,0,0,0,0,0,,,,,,,,,#88BA3F,1316.8501482009888,False,space,correct rejection,None,999.5899200439453,text_43,144,9,2back_dual_main_click,2,Karriere,68,68,136,120,inf,,,,,,,,,,,03,03,yes,no,no,2025-06-17_11h10.33.301,EXNAT_4_TMS_Psychopy2024.2.5.psyexp,2024.2.5,2025-06-17 11h10.51.554308 +0200,
0,0,0,0,0,0,0,,,,,,,,,#D292F3,1317.9040207862854,True,space,miss,None,1113.7475967407227,text_43,145,9,2back_dual_main_click,2,und,68,69,137,120,inf,1318.373642206192,,,,,,,,,,03,03,yes,no,no,2025-06-17_11h10.33.301,EXNAT_4_TMS_Psychopy2024.2.5.psyexp,2024.2.5,2025-06-17 11h10.51.554308 +0200,
0,0,0,0,0,0,0,,,,,,,,,#F989A2,1319.074548482895,False,space,correct rejection,None,887.216329574585,text_43,146,9,2back_dual_main_click,2,bleibt,68,69,137,120,inf,,,,,,,,,,,03,03,yes,no,no,2025-06-17_11h10.33.301,EXNAT_4_TMS_Psychopy2024.2.5.psyexp,2024.2.5,2025-06-17 11h10.51.554308 +0200,
0,0,0,0,0,0,0,,,,,,,,,#88BA3F,1320.0188195705414,False,space,correct rejection,None,1094.909429550171,text_43,147,9,2back_dual_main_click,2,bis,68,69,137,120,inf,,,,,,,,,,,03,03,yes,no,no,2025-06-17_11h10.33.301,EXNAT_4_TMS_Psychopy2024.2.5.psyexp,2024.2.5,2025-06-17 11h10.51.554308 +0200,
0,0,0,0,0,0,0,,,,,,,,,#88BA3F,1321.169105052948,False,space,correct rejection,None,792.6709651947021,text_43,148,9,2back_dual_main_click,2,heute,68,69,137,120,inf,,,,,,,,,,,03,03,yes,no,no,2025-06-17_11h10.33.301,EXNAT_4_TMS_Psychopy2024.2.5.psyexp,2024.2.5,2025-06-17 11h10.51.554308 +0200,
0,0,0,0,0,0,0,,,,,,,,,#F989A2,1322.0154531002045,False,space,correct rejection,None,1066.3104057312012,text_43,149,9,2back_dual_main_click,2,eine,68,69,137,120,inf,,,,,,,,,,,03,03,yes,no,no,2025-06-17_11h10.33.301,EXNAT_4_TMS_Psychopy2024.2.5.psyexp,2024.2.5,2025-06-17 11h10.51.554308 +0200,
0,0,0,0,0,0,0,,,,,,,,,#2AB7EF,1323.1397495269775,False,space,correct rejection,None,918.0285930633545,text_43,150,9,2back_dual_main_click,2,Ikone.,69,69,138,120,inf,1323.3736824989319,,,,,,,,,,03,03,yes,no,no,2025-06-17_11h10.33.301,EXNAT_4_TMS_Psychopy2024.2.5.psyexp,2024.2.5,2025-06-17 11h10.51.554308 +0200,
0,0,0,0,0,0,0,,,,,,,,,,1324.1112999916077,,4,,,,text_43,,9,2back_dual_main_click,,,,,,,,,Q1,d,False,,,,,,,03,03,yes,no,no,2025-06-17_11h10.33.301,EXNAT_4_TMS_Psychopy2024.2.5.psyexp,2024.2.5,2025-06-17 11h10.51.554308 +0200,
0,0,0,0,0,0,0,,,,,,,,,,1328.808586359024,,2,,,,text_43,,9,2back_dual_main_click,,,,,,,,,Q2,b,True,,,,,,,03,03,yes,no,no,2025-06-17_11h10.33.301,EXNAT_4_TMS_Psychopy2024.2.5.psyexp,2024.2.5,2025-06-17 11h10.51.554308 +0200,
0,0,0,0,0,0,0,,,,,,,,,,1335.2853996753693,,2,,,,text_43,,9,2back_dual_main_click,,,,,,,,,Q3,b,True,,,,,,,03,03,yes,no,no,2025-06-17_11h10.33.301,EXNAT_4_TMS_Psychopy2024.2.5.psyexp,2024.2.5,2025-06-17 11h10.51.554308 +0200,
0,0,0,0,0,0,0,,,,,,,,,,,,,,,,,,,,,,,,,,,,,,,1340.7685842514038,1340.768606185913,,,,,03,03,yes,no,no,2025-06-17_11h10.33.301,EXNAT_4_TMS_Psychopy2024.2.5.psyexp,2024.2.5,2025-06-17 11h10.51.554308 +0200,
1,0,1,1,0,1,0,,,,,1340.799904346466,,,,,,,,,,,,,,,,,,,,,,,,,,1340.7690770626068,1340.7692213058472,,,,,03,03,yes,no,no,2025-06-17_11h10.33.301,EXNAT_4_TMS_Psychopy2024.2.5.psyexp,2024.2.5,2025-06-17 11h10.51.554308 +0200,
2,0,2,2,0,2,0,,,,,1340.799904346466,,,,,,,,,,,,,,,,,,,,,,,,,,1340.7695395946503,1340.7696015834808,,,,,03,03,yes,no,no,2025-06-17_11h10.33.301,EXNAT_4_TMS_Psychopy2024.2.5.psyexp,2024.2.5,2025-06-17 11h10.51.554308 +0200,
3,0,3,3,0,3,0,,,,,1340.799904346466,,,,,,,,,,,,,,,,,,,,,,,,,,1340.7699089050293,1340.7699699401855,,,,,03,03,yes,no,no,2025-06-17_11h10.33.301,EXNAT_4_TMS_Psychopy2024.2.5.psyexp,2024.2.5,2025-06-17 11h10.51.554308 +0200,
4,0,4,4,0,4,0,,,,,1340.799904346466,,,,,,,,,,,,,,,,,,,,,,,,,,1340.7702751159668,1340.7703359127045,,,,,03,03,yes,no,no,2025-06-17_11h10.33.301,EXNAT_4_TMS_Psychopy2024.2.5.psyexp,2024.2.5,2025-06-17 11h10.51.554308 +0200,
0,0,0,,,,,0,0,0,0,1340.799904346466,,,,#D292F3,1356.1708841323853,False,space,correct rejection,None,814.8009777069092,,1,10,1back_single_main_click,1,,1,0,1,24,12,1356.221343278885,,,,,,,,,,03,03,yes,no,no,2025-06-17_11h10.33.301,EXNAT_4_TMS_Psychopy2024.2.5.psyexp,2024.2.5,2025-06-17 11h10.51.554308 +0200,
0,0,0,,,,,0,0,0,0,,,,,#88BA3F,1357.1998975276947,False,space,correct rejection,None,761.8741989135742,,2,10,1back_single_main_click,1,,1,0,1,24,12,,,,,,,,,,,03,03,yes,no,no,2025-06-17_11h10.33.301,EXNAT_4_TMS_Psychopy2024.2.5.psyexp,2024.2.5,2025-06-17 11h10.51.554308 +0200,
0,0,0,,,,,0,0,0,0,,,,,#D292F3,1358.1778252124786,False,space,correct rejection,None,856.0328483581543,,3,10,1back_single_main_click,1,,1,0,1,24,12,,,,,,,,,,,03,03,yes,no,no,2025-06-17_11h10.33.301,EXNAT_4_TMS_Psychopy2024.2.5.psyexp,2024.2.5,2025-06-17 11h10.51.554308 +0200,
0,0,0,,,,,0,0,0,0,,,,,#D292F3,1359.2505431175232,True,l,hit,567.1706199645996,1063.124418258667,,4,10,1back_single_main_click,1,,1,0,1,24,12,,,,,,,,,,,03,03,yes,no,no,2025-06-17_11h10.33.301,EXNAT_4_TMS_Psychopy2024.2.5.psyexp,2024.2.5,2025-06-17 11h10.51.554308 +0200,
0,0,0,,,,,0,0,0,0,,,,,#2AB7EF,1360.530900478363,False,space,correct rejection,None,678.7631511688232,,5,10,1back_single_main_click,1,,1,0,1,24,12,,,,,,,,,,,03,03,yes,no,no,2025-06-17_11h10.33.301,EXNAT_4_TMS_Psychopy2024.2.5.psyexp,2024.2.5,2025-06-17 11h10.51.554308 +0200,
0,0,0,,,,,0,0,0,0,,,,,#2AB7EF,1361.4339578151703,True,l,hit,527.789831161499,975.6224155426025,,6,10,1back_single_main_click,1,,1,1,2,24,12,1361.490398645401,,,,,,,,,,03,03,yes,no,no,2025-06-17_11h10.33.301,EXNAT_4_TMS_Psychopy2024.2.5.psyexp,2024.2.5,2025-06-17 11h10.51.554308 +0200,
0,0,0,,,,,0,0,0,0,,,,,#F989A2,1362.6334385871887,False,space,correct rejection,None,624.3548393249512,,7,10,1back_single_main_click,1,,1,1,2,24,12,,,,,,,,,,,03,03,yes,no,no,2025-06-17_11h10.33.301,EXNAT_4_TMS_Psychopy2024.2.5.psyexp,2024.2.5,2025-06-17 11h10.51.554308 +0200,
0,0,0,,,,,0,0,0,0,,,,,#F989A2,1363.481696844101,True,l,hit,528.1009674072266,1039.9353504180908,,8,10,1back_single_main_click,1,,1,1,2,24,12,,,,,,,,,,,03,03,yes,no,no,2025-06-17_11h10.33.301,EXNAT_4_TMS_Psychopy2024.2.5.psyexp,2024.2.5,2025-06-17 11h10.51.554308 +0200,
0,0,0,,,,,0,0,0,0,,,,,#88BA3F,1364.745263338089,False,space,correct rejection,None,624.5617866516113,,9,10,1back_single_main_click,1,,1,1,2,24,12,,,,,,,,,,,03,03,yes,no,no,2025-06-17_11h10.33.301,EXNAT_4_TMS_Psychopy2024.2.5.psyexp,2024.2.5,2025-06-17 11h10.51.554308 +0200,
0,0,0,,,,,0,0,0,0,,,,,#2AB7EF,1365.5933055877686,False,space,correct rejection,None,720.4833030700684,,10,10,1back_single_main_click,1,,1,1,2,24,12,,,,,,,,,,,03,03,yes,no,no,2025-06-17_11h10.33.301,EXNAT_4_TMS_Psychopy2024.2.5.psyexp,2024.2.5,2025-06-17 11h10.51.554308 +0200,
0,0,0,,,,,0,0,0,0,,,,,#F989A2,1366.5380818843842,False,space,correct rejection,None,863.7762069702148,,11,10,1back_single_main_click,1,,2,1,3,24,12,1366.5953679084778,,,,,,,,,,03,03,yes,no,no,2025-06-17_11h10.33.301,EXNAT_4_TMS_Psychopy2024.2.5.psyexp,2024.2.5,2025-06-17 11h10.51.554308 +0200,
0,0,0,,,,,0,0,0,0,,,,,#88BA3F,1367.6256551742554,False,space,correct rejection,None,736.1412048339844,,12,10,1back_single_main_click,1,,2,1,3,24,12,,,,,,,,,,,03,03,yes,no,no,2025-06-17_11h10.33.301,EXNAT_4_TMS_Psychopy2024.2.5.psyexp,2024.2.5,2025-06-17 11h10.51.554308 +0200,
0,0,0,,,,,0,0,0,0,,,,,#D292F3,1368.585438489914,False,space,correct rejection,None,912.2629165649414,,13,10,1back_single_main_click,1,,2,1,3,24,12,,,,,,,,,,,03,03,yes,no,no,2025-06-17_11h10.33.301,EXNAT_4_TMS_Psychopy2024.2.5.psyexp,2024.2.5,2025-06-17 11h10.51.554308 +0200,
0,0,0,,,,,0,0,0,0,,,,,#F989A2,1369.7215156555176,False,space,correct rejection,None,768.3200836181641,,14,10,1back_single_main_click,1,,2,1,3,24,12,,,,,,,,,,,03,03,yes,no,no,2025-06-17_11h10.33.301,EXNAT_4_TMS_Psychopy2024.2.5.psyexp,2024.2.5,2025-06-17 11h10.51.554308 +0200,
0,0,0,,,,,0,0,0,0,,,,,#88BA3F,1370.71329331398,False,space,correct rejection,None,816.556453704834,,15,10,1back_single_main_click,1,,2,1,3,24,12,,,,,,,,,,,03,03,yes,no,no,2025-06-17_11h10.33.301,EXNAT_4_TMS_Psychopy2024.2.5.psyexp,2024.2.5,2025-06-17 11h10.51.554308 +0200,
0,0,0,,,,,0,0,0,0,,,,,#88BA3F,1371.7538187503815,True,l,hit,431.92195892333984,911.8344783782959,,16,10,1back_single_main_click,1,,2,2,4,24,12,1371.8111124038696,,,,,,,,,,03,03,yes,no,no,2025-06-17_11h10.33.301,EXNAT_4_TMS_Psychopy2024.2.5.psyexp,2024.2.5,2025-06-17 11h10.51.554308 +0200,
0,0,0,,,,,0,0,0,0,,,,,#D292F3,1372.8893072605133,False,space,correct rejection,None,752.5167465209961,,17,10,1back_single_main_click,1,,2,2,4,24,12,,,,,,,,,,,03,03,yes,no,no,2025-06-17_11h10.33.301,EXNAT_4_TMS_Psychopy2024.2.5.psyexp,2024.2.5,2025-06-17 11h10.51.554308 +0200,
0,0,0,,,,,0,0,0,0,,,,,#2AB7EF,1373.8655934333801,False,space,correct rejection,None,656.2519073486328,,18,10,1back_single_main_click,1,,2,2,4,24,12,,,,,,,,,,,03,03,yes,no,no,2025-06-17_11h10.33.301,EXNAT_4_TMS_Psychopy2024.2.5.psyexp,2024.2.5,2025-06-17 11h10.51.554308 +0200,
0,0,0,,,,,0,0,0,0,,,,,#D292F3,1374.7461159229279,False,space,correct rejection,None,895.7302570343018,,19,10,1back_single_main_click,1,,2,2,4,24,12,,,,,,,,,,,03,03,yes,no,no,2025-06-17_11h10.33.301,EXNAT_4_TMS_Psychopy2024.2.5.psyexp,2024.2.5,2025-06-17 11h10.51.554308 +0200,
0,0,0,,,,,0,0,0,0,,,,,#88BA3F,1375.86558842659,False,space,correct rejection,None,736.1528873443604,,20,10,1back_single_main_click,1,,2,2,4,24,12,,,,,,,,,,,03,03,yes,no,no,2025-06-17_11h10.33.301,EXNAT_4_TMS_Psychopy2024.2.5.psyexp,2024.2.5,2025-06-17 11h10.51.554308 +0200,
0,0,0,,,,,0,0,0,0,,,,,#F989A2,1376.825204372406,False,space,correct rejection,None,720.449686050415,,21,10,1back_single_main_click,1,,3,2,5,24,12,1376.8821618556976,,,,,,,,,,03,03,yes,no,no,2025-06-17_11h10.33.301,EXNAT_4_TMS_Psychopy2024.2.5.psyexp,2024.2.5,2025-06-17 11h10.51.554308 +0200,
0,0,0,,,,,0,0,0,0,,,,,#2AB7EF,1377.7697525024414,False,space,correct rejection,None,864.0847206115723,,22,10,1back_single_main_click,1,,3,2,5,24,12,,,,,,,,,,,03,03,yes,no,no,2025-06-17_11h10.33.301,EXNAT_4_TMS_Psychopy2024.2.5.psyexp,2024.2.5,2025-06-17 11h10.51.554308 +0200,
0,0,0,,,,,0,0,0,0,,,,,#F989A2,1378.857824087143,False,space,correct rejection,None,735.788106918335,,23,10,1back_single_main_click,1,,3,2,5,24,12,,,,,,,,,,,03,03,yes,no,no,2025-06-17_11h10.33.301,EXNAT_4_TMS_Psychopy2024.2.5.psyexp,2024.2.5,2025-06-17 11h10.51.554308 +0200,
0,0,0,,,,,0,0,0,0,,,,,#2AB7EF,1379.8179411888123,False,space,correct rejection,None,751.8143653869629,,24,10,1back_single_main_click,1,,3,2,5,24,12,,,,,,,,,,,03,03,yes,no,no,2025-06-17_11h10.33.301,EXNAT_4_TMS_Psychopy2024.2.5.psyexp,2024.2.5,2025-06-17 11h10.51.554308 +0200,
0,0,0,,,,,0,0,0,0,,,,,#D292F3,1380.793951034546,False,space,correct rejection,None,847.8295803070068,,25,10,1back_single_main_click,1,,3,2,5,24,12,,,,,,,,,,,03,03,yes,no,no,2025-06-17_11h10.33.301,EXNAT_4_TMS_Psychopy2024.2.5.psyexp,2024.2.5,2025-06-17 11h10.51.554308 +0200,
0,0,0,,,,,0,0,0,0,,,,,#2AB7EF,1381.8659071922302,False,space,correct rejection,None,911.8626117706299,,26,10,1back_single_main_click,1,,4,2,6,24,12,1381.9235181808472,,,,,,,,,,03,03,yes,no,no,2025-06-17_11h10.33.301,EXNAT_4_TMS_Psychopy2024.2.5.psyexp,2024.2.5,2025-06-17 11h10.51.554308 +0200,
0,0,0,,,,,0,0,0,0,,,,,#D292F3,1383.001830816269,False,space,correct rejection,None,832.017183303833,,27,10,1back_single_main_click,1,,4,2,6,24,12,,,,,,,,,,,03,03,yes,no,no,2025-06-17_11h10.33.301,EXNAT_4_TMS_Psychopy2024.2.5.psyexp,2024.2.5,2025-06-17 11h10.51.554308 +0200,
0,0,0,,,,,0,0,0,0,,,,,#88BA3F,1384.0583436489105,False,space,correct rejection,None,735.3701591491699,,28,10,1back_single_main_click,1,,4,2,6,24,12,,,,,,,,,,,03,03,yes,no,no,2025-06-17_11h10.33.301,EXNAT_4_TMS_Psychopy2024.2.5.psyexp,2024.2.5,2025-06-17 11h10.51.554308 +0200,
0,0,0,,,,,0,0,0,0,,,,,#88BA3F,1385.017562866211,True,l,hit,528.2490253448486,1152.0962715148926,,29,10,1back_single_main_click,1,,4,2,6,24,12,,,,,,,,,,,03,03,yes,no,no,2025-06-17_11h10.33.301,EXNAT_4_TMS_Psychopy2024.2.5.psyexp,2024.2.5,2025-06-17 11h10.51.554308 +0200,
0,0,0,,,,,0,0,0,0,,,,,#D292F3,1386.3934273719788,False,space,correct rejection,None,720.4155921936035,,30,10,1back_single_main_click,1,,4,2,6,24,12,,,,,,,,,,,03,03,yes,no,no,2025-06-17_11h10.33.301,EXNAT_4_TMS_Psychopy2024.2.5.psyexp,2024.2.5,2025-06-17 11h10.51.554308 +0200,
0,0,0,,,,,0,0,0,0,,,,,#2AB7EF,1387.3378183841705,False,space,correct rejection,None,719.8290824890137,,31,10,1back_single_main_click,1,,4,2,6,24,12,,,,,,,,,,,03,03,yes,no,no,2025-06-17_11h10.33.301,EXNAT_4_TMS_Psychopy2024.2.5.psyexp,2024.2.5,2025-06-17 11h10.51.554308 +0200,
0,0,0,,,,,0,0,0,0,,,,,#F989A2,1388.2817726135254,False,space,correct rejection,None,735.957145690918,,32,10,1back_single_main_click,1,,4,2,6,24,12,,,,,,,,,,,03,03,yes,no,no,2025-06-17_11h10.33.301,EXNAT_4_TMS_Psychopy2024.2.5.psyexp,2024.2.5,2025-06-17 11h10.51.554308 +0200,
0,0,0,,,,,0,0,0,0,,,,,#F989A2,1389.241560459137,True,l,hit,688.2364749908447,1360.032558441162,,33,10,1back_single_main_click,1,,4,3,7,24,12,1389.298341035843,,,,,,,,,,03,03,yes,no,no,2025-06-17_11h10.33.301,EXNAT_4_TMS_Psychopy2024.2.5.psyexp,2024.2.5,2025-06-17 11h10.51.554308 +0200,
0,0,0,,,,,0,0,0,0,,,,,#88BA3F,1390.823519229889,False,space,correct rejection,None,674.2708683013916,,34,10,1back_single_main_click,1,,4,3,7,24,12,,,,,,,,,,,03,03,yes,no,no,2025-06-17_11h10.33.301,EXNAT_4_TMS_Psychopy2024.2.5.psyexp,2024.2.5,2025-06-17 11h10.51.554308 +0200,
0,0,0,,,,,0,0,0,0,,,,,#F989A2,1391.7216715812683,False,space,correct rejection,None,688.0977153778076,,35,10,1back_single_main_click,1,,4,3,7,24,12,,,,,,,,,,,03,03,yes,no,no,2025-06-17_11h10.33.301,EXNAT_4_TMS_Psychopy2024.2.5.psyexp,2024.2.5,2025-06-17 11h10.51.554308 +0200,
0,0,0,,,,,0,0,0,0,,,,,#2AB7EF,1392.6337354183197,False,space,correct rejection,None,848.1512069702148,,36,10,1back_single_main_click,1,,4,3,7,24,12,,,,,,,,,,,03,03,yes,no,no,2025-06-17_11h10.33.301,EXNAT_4_TMS_Psychopy2024.2.5.psyexp,2024.2.5,2025-06-17 11h10.51.554308 +0200,
0,0,0,,,,,0,0,0,0,,,,,#D292F3,1393.705687046051,False,space,correct rejection,None,800.1506328582764,,37,10,1back_single_main_click,1,,5,3,8,24,12,1394.2982370853424,,,,,,,,,,03,03,yes,no,no,2025-06-17_11h10.33.301,EXNAT_4_TMS_Psychopy2024.2.5.psyexp,2024.2.5,2025-06-17 11h10.51.554308 +0200,
0,0,0,,,,,0,0,0,0,,,,,#F989A2,1394.7298967838287,False,space,correct rejection,None,815.9632682800293,,38,10,1back_single_main_click,1,,5,3,8,24,12,,,,,,,,,,,03,03,yes,no,no,2025-06-17_11h10.33.301,EXNAT_4_TMS_Psychopy2024.2.5.psyexp,2024.2.5,2025-06-17 11h10.51.554308 +0200,
0,0,0,,,,,0,0,0,0,,,,,#D292F3,1395.7696902751923,False,space,correct rejection,None,719.9668884277344,,39,10,1back_single_main_click,1,,5,3,8,24,12,,,,,,,,,,,03,03,yes,no,no,2025-06-17_11h10.33.301,EXNAT_4_TMS_Psychopy2024.2.5.psyexp,2024.2.5,2025-06-17 11h10.51.554308 +0200,
0,0,0,,,,,0,0,0,0,,,,,#88BA3F,1396.7136912345886,False,space,correct rejection,None,720.2308177947998,,40,10,1back_single_main_click,1,,5,3,8,24,12,,,,,,,,,,,03,03,yes,no,no,2025-06-17_11h10.33.301,EXNAT_4_TMS_Psychopy2024.2.5.psyexp,2024.2.5,2025-06-17 11h10.51.554308 +0200,
0,0,0,,,,,0,0,0,0,,,,,#88BA3F,1397.6575870513916,True,l,hit,496.2294101715088,1072.0815658569336,,41,10,1back_single_main_click,1,,5,3,8,24,12,,,,,,,,,,,03,03,yes,no,no,2025-06-17_11h10.33.301,EXNAT_4_TMS_Psychopy2024.2.5.psyexp,2024.2.5,2025-06-17 11h10.51.554308 +0200,
0,0,0,,,,,0,0,0,0,,,,,#2AB7EF,1398.9532959461212,False,space,correct rejection,None,544.5573329925537,,42,10,1back_single_main_click,1,,5,3,8,24,12,,,,,,,,,,,03,03,yes,no,no,2025-06-17_11h10.33.301,EXNAT_4_TMS_Psychopy2024.2.5.psyexp,2024.2.5,2025-06-17 11h10.51.554308 +0200,
0,0,0,,,,,0,0,0,0,,,,,#2AB7EF,1399.7218911647797,True,l,hit,480.0379276275635,991.687536239624,,43,10,1back_single_main_click,1,,5,3,8,24,12,,,,,,,,,,,03,03,yes,no,no,2025-06-17_11h10.33.301,EXNAT_4_TMS_Psychopy2024.2.5.psyexp,2024.2.5,2025-06-17 11h10.51.554308 +0200,
0,0,0,,,,,0,0,0,0,,,,,#2AB7EF,1400.9370470046997,True,l,hit,640.6488418579102,1024.505853652954,,44,10,1back_single_main_click,1,,5,4,9,24,12,1400.9948885440826,,,,,,,,,,03,03,yes,no,no,2025-06-17_11h10.33.301,EXNAT_4_TMS_Psychopy2024.2.5.psyexp,2024.2.5,2025-06-17 11h10.51.554308 +0200,
0,0,0,,,,,0,0,0,0,,,,,#D292F3,1402.1851737499237,False,space,correct rejection,None,720.6788063049316,,45,10,1back_single_main_click,1,,5,4,9,24,12,,,,,,,,,,,03,03,yes,no,no,2025-06-17_11h10.33.301,EXNAT_4_TMS_Psychopy2024.2.5.psyexp,2024.2.5,2025-06-17 11h10.51.554308 +0200,
0,0,0,,,,,0,0,0,0,,,,,#88BA3F,1403.1295590400696,False,space,correct rejection,None,768.2468891143799,,46,10,1back_single_main_click,1,,5,4,9,24,12,,,,,,,,,,,03,03,yes,no,no,2025-06-17_11h10.33.301,EXNAT_4_TMS_Psychopy2024.2.5.psyexp,2024.2.5,2025-06-17 11h10.51.554308 +0200,
0,0,0,,,,,0,0,0,0,,,,,#F989A2,1404.1215646266937,False,space,correct rejection,None,752.2931098937988,,47,10,1back_single_main_click,1,,5,4,9,24,12,,,,,,,,,,,03,03,yes,no,no,2025-06-17_11h10.33.301,EXNAT_4_TMS_Psychopy2024.2.5.psyexp,2024.2.5,2025-06-17 11h10.51.554308 +0200,
0,0,0,,,,,0,0,0,0,,,,,#F989A2,1405.097571849823,True,l,hit,528.3010005950928,1008.0511569976807,,48,10,1back_single_main_click,1,,5,5,10,24,12,1405.9948649406433,,,,,,,,,,03,03,yes,no,no,2025-06-17_11h10.33.301,EXNAT_4_TMS_Psychopy2024.2.5.psyexp,2024.2.5,2025-06-17 11h10.51.554308 +0200,
0,0,0,,,,,0,0,0,0,,,,,#2AB7EF,1406.3289070129395,False,space,correct rejection,None,720.9932804107666,,49,10,1back_single_main_click,1,,5,5,10,24,12,,,,,,,,,,,03,03,yes,no,no,2025-06-17_11h10.33.301,EXNAT_4_TMS_Psychopy2024.2.5.psyexp,2024.2.5,2025-06-17 11h10.51.554308 +0200,
0,0,0,,,,,0,0,0,0,,,,,#88BA3F,1407.2735602855682,False,space,correct rejection,None,720.3426361083984,,50,10,1back_single_main_click,1,,5,5,10,24,12,,,,,,,,,,,03,03,yes,no,no,2025-06-17_11h10.33.301,EXNAT_4_TMS_Psychopy2024.2.5.psyexp,2024.2.5,2025-06-17 11h10.51.554308 +0200,
0,0,0,,,,,0,0,0,0,,,,,#F989A2,1408.2174513339996,False,space,correct rejection,None,720.3636169433594,,51,10,1back_single_main_click,1,,5,5,10,24,12,,,,,,,,,,,03,03,yes,no,no,2025-06-17_11h10.33.301,EXNAT_4_TMS_Psychopy2024.2.5.psyexp,2024.2.5,2025-06-17 11h10.51.554308 +0200,
0,0,0,,,,,0,0,0,0,,,,,#2AB7EF,1409.1616909503937,False,space,correct rejection,None,911.9768142700195,,52,10,1back_single_main_click,1,,5,5,10,24,12,,,,,,,,,,,03,03,yes,no,no,2025-06-17_11h10.33.301,EXNAT_4_TMS_Psychopy2024.2.5.psyexp,2024.2.5,2025-06-17 11h10.51.554308 +0200,
0,0,0,,,,,0,0,0,0,,,,,#F989A2,1410.2975871562958,False,space,correct rejection,None,992.2575950622559,,53,10,1back_single_main_click,1,,6,5,11,24,12,1410.9948637485504,,,,,,,,,,03,03,yes,no,no,2025-06-17_11h10.33.301,EXNAT_4_TMS_Psychopy2024.2.5.psyexp,2024.2.5,2025-06-17 11h10.51.554308 +0200,
0,0,0,,,,,0,0,0,0,,,,,#F989A2,1411.5134327411652,True,l,hit,528.4290313720703,1056.2777519226074,,54,10,1back_single_main_click,1,,6,5,11,24,12,,,,,,,,,,,03,03,yes,no,no,2025-06-17_11h10.33.301,EXNAT_4_TMS_Psychopy2024.2.5.psyexp,2024.2.5,2025-06-17 11h10.51.554308 +0200,
0,0,0,,,,,0,0,0,0,,,,,#2AB7EF,1412.794205904007,False,space,correct rejection,None,847.7096557617188,,55,10,1back_single_main_click,1,,6,5,11,24,12,,,,,,,,,,,03,03,yes,no,no,2025-06-17_11h10.33.301,EXNAT_4_TMS_Psychopy2024.2.5.psyexp,2024.2.5,2025-06-17 11h10.51.554308 +0200,
0,0,0,,,,,0,0,0,0,,,,,#D292F3,1413.866189956665,False,space,correct rejection,None,1039.726972579956,,56,10,1back_single_main_click,1,,6,5,11,24,12,,,,,,,,,,,03,03,yes,no,no,2025-06-17_11h10.33.301,EXNAT_4_TMS_Psychopy2024.2.5.psyexp,2024.2.5,2025-06-17 11h10.51.554308 +0200,
0,0,0,,,,,0,0,0,0,,,,,#D292F3,1415.130080461502,True,l,hit,591.7797088623047,1103.6624908447266,,57,10,1back_single_main_click,1,,6,6,12,24,12,1415.994877576828,,,,,,,,,,03,03,yes,no,no,2025-06-17_11h10.33.301,EXNAT_4_TMS_Psychopy2024.2.5.psyexp,2024.2.5,2025-06-17 11h10.51.554308 +0200,
0,0,0,,,,,0,0,0,0,,,,,#88BA3F,1416.4574835300446,False,space,correct rejection,None,848.4208583831787,,58,10,1back_single_main_click,1,,6,6,12,24,12,,,,,,,,,,,03,03,yes,no,no,2025-06-17_11h10.33.301,EXNAT_4_TMS_Psychopy2024.2.5.psyexp,2024.2.5,2025-06-17 11h10.51.554308 +0200,
0,0,0,,,,,0,0,0,0,,,,,#D292F3,1417.529943704605,False,space,correct rejection,None,767.9290771484375,,59,10,1back_single_main_click,1,,6,6,12,24,12,,,,,,,,,,,03,03,yes,no,no,2025-06-17_11h10.33.301,EXNAT_4_TMS_Psychopy2024.2.5.psyexp,2024.2.5,2025-06-17 11h10.51.554308 +0200,
0,0,0,,,,,0,0,0,0,,,,,#88BA3F,1418.52170419693,False,space,correct rejection,None,1215.940237045288,,60,10,1back_single_main_click,1,,6,6,12,24,12,,,,,,,,,,,03,03,yes,no,no,2025-06-17_11h10.33.301,EXNAT_4_TMS_Psychopy2024.2.5.psyexp,2024.2.5,2025-06-17 11h10.51.554308 +0200,
0,0,0,,,,,0,0,0,0,,,,,#2AB7EF,1423.821715593338,False,space,correct rejection,None,956.0489654541016,,1,11,1back_single_main_click,1,,7,6,13,24,12,1423.8767881393433,,,,,,,,,,03,03,yes,no,no,2025-06-17_11h10.33.301,EXNAT_4_TMS_Psychopy2024.2.5.psyexp,2024.2.5,2025-06-17 11h10.51.554308 +0200,
0,0,0,,,,,0,0,0,0,,,,,#F989A2,1424.990561246872,False,space,correct rejection,None,683.3329200744629,,2,11,1back_single_main_click,1,,7,6,13,24,12,,,,,,,,,,,03,03,yes,no,no,2025-06-17_11h10.33.301,EXNAT_4_TMS_Psychopy2024.2.5.psyexp,2024.2.5,2025-06-17 11h10.51.554308 +0200,
0,0,0,,,,,0,0,0,0,,,,,#F989A2,1425.8907806873322,True,l,hit,455.02257347106934,902.8530120849609,,3,11,1back_single_main_click,1,,7,6,13,24,12,,,,,,,,,,,03,03,yes,no,no,2025-06-17_11h10.33.301,EXNAT_4_TMS_Psychopy2024.2.5.psyexp,2024.2.5,2025-06-17 11h10.51.554308 +0200,
0,0,0,,,,,0,0,0,0,,,,,#88BA3F,1427.0106692314148,False,space,correct rejection,None,727.1966934204102,,4,11,1back_single_main_click,1,,7,6,13,24,12,,,,,,,,,,,03,03,yes,no,no,2025-06-17_11h10.33.301,EXNAT_4_TMS_Psychopy2024.2.5.psyexp,2024.2.5,2025-06-17 11h10.51.554308 +0200,
0,0,0,,,,,0,0,0,0,,,,,#F989A2,1427.954379081726,False,space,correct rejection,None,743.4899806976318,,5,11,1back_single_main_click,1,,7,6,13,24,12,,,,,,,,,,,03,03,yes,no,no,2025-06-17_11h10.33.301,EXNAT_4_TMS_Psychopy2024.2.5.psyexp,2024.2.5,2025-06-17 11h10.51.554308 +0200,
0,0,0,,,,,0,0,0,0,,,,,#88BA3F,1428.9211251735687,False,space,correct rejection,None,928.776741027832,,6,11,1back_single_main_click,1,,8,6,14,24,12,1428.9776062965393,,,,,,,,,,03,03,yes,no,no,2025-06-17_11h10.33.301,EXNAT_4_TMS_Psychopy2024.2.5.psyexp,2024.2.5,2025-06-17 11h10.51.554308 +0200,
0,0,0,,,,,0,0,0,0,,,,,#2AB7EF,1430.0739176273346,False,space,correct rejection,None,607.99241065979,,7,11,1back_single_main_click,1,,8,6,14,24,12,,,,,,,,,,,03,03,yes,no,no,2025-06-17_11h10.33.301,EXNAT_4_TMS_Psychopy2024.2.5.psyexp,2024.2.5,2025-06-17 11h10.51.554308 +0200,
0,0,0,,,,,0,0,0,0,,,,,#2AB7EF,1430.905594587326,True,l,hit,512.3908519744873,976.1106967926025,,8,11,1back_single_main_click,1,,8,6,14,24,12,,,,,,,,,,,03,03,yes,no,no,2025-06-17_11h10.33.301,EXNAT_4_TMS_Psychopy2024.2.5.psyexp,2024.2.5,2025-06-17 11h10.51.554308 +0200,
0,0,0,,,,,0,0,0,0,,,,,#D292F3,1432.1056959629059,False,space,correct rejection,None,576.2052536010742,,9,11,1back_single_main_click,1,,8,6,14,24,12,,,,,,,,,,,03,03,yes,no,no,2025-06-17_11h10.33.301,EXNAT_4_TMS_Psychopy2024.2.5.psyexp,2024.2.5,2025-06-17 11h10.51.554308 +0200,
0,0,0,,,,,0,0,0,0,,,,,#D292F3,1432.9058232307434,True,l,hit,496.1867332458496,1007.9400539398193,,10,11,1back_single_main_click,1,,8,6,14,24,12,,,,,,,,,,,03,03,yes,no,no,2025-06-17_11h10.33.301,EXNAT_4_TMS_Psychopy2024.2.5.psyexp,2024.2.5,2025-06-17 11h10.51.554308 +0200,
0,0,0,,,,,0,0,0,0,,,,,#D292F3,1434.1373763084412,True,l,hit,656.590461730957,1040.3211116790771,,11,11,1back_single_main_click,1,,8,7,15,24,12,1434.1976368427277,,,,,,,,,,03,03,yes,no,no,2025-06-17_11h10.33.301,EXNAT_4_TMS_Psychopy2024.2.5.psyexp,2024.2.5,2025-06-17 11h10.51.554308 +0200,
0,0,0,,,,,0,0,0,0,,,,,#88BA3F,1435.4015595912933,False,space,correct rejection,None,624.2516040802002,,12,11,1back_single_main_click,1,,8,7,15,24,12,,,,,,,,,,,03,03,yes,no,no,2025-06-17_11h10.33.301,EXNAT_4_TMS_Psychopy2024.2.5.psyexp,2024.2.5,2025-06-17 11h10.51.554308 +0200,
0,0,0,,,,,0,0,0,0,,,,,#F989A2,1436.2497985363007,False,space,correct rejection,None,640.0966644287109,,13,11,1back_single_main_click,1,,8,7,15,24,12,,,,,,,,,,,03,03,yes,no,no,2025-06-17_11h10.33.301,EXNAT_4_TMS_Psychopy2024.2.5.psyexp,2024.2.5,2025-06-17 11h10.51.554308 +0200,
0,0,0,,,,,0,0,0,0,,,,,#88BA3F,1437.1140084266663,False,space,correct rejection,None,671.8392372131348,,14,11,1back_single_main_click,1,,8,7,15,24,12,,,,,,,,,,,03,03,yes,no,no,2025-06-17_11h10.33.301,EXNAT_4_TMS_Psychopy2024.2.5.psyexp,2024.2.5,2025-06-17 11h10.51.554308 +0200,
0,0,0,,,,,0,0,0,0,,,,,#D292F3,1438.0099520683289,False,space,correct rejection,None,751.6913414001465,,15,11,1back_single_main_click,1,,8,7,15,24,12,,,,,,,,,,,03,03,yes,no,no,2025-06-17_11h10.33.301,EXNAT_4_TMS_Psychopy2024.2.5.psyexp,2024.2.5,2025-06-17 11h10.51.554308 +0200,
0,0,0,,,,,0,0,0,0,,,,,#2AB7EF,1438.9859411716461,False,space,correct rejection,None,607.8088283538818,,16,11,1back_single_main_click,1,,9,7,16,24,12,1439.1975331306458,,,,,,,,,,03,03,yes,no,no,2025-06-17_11h10.33.301,EXNAT_4_TMS_Psychopy2024.2.5.psyexp,2024.2.5,2025-06-17 11h10.51.554308 +0200,
0,0,0,,,,,0,0,0,0,,,,,#88BA3F,1439.81707406044,False,space,correct rejection,None,656.7223072052002,,17,11,1back_single_main_click,1,,9,7,16,24,12,,,,,,,,,,,03,03,yes,no,no,2025-06-17_11h10.33.301,EXNAT_4_TMS_Psychopy2024.2.5.psyexp,2024.2.5,2025-06-17 11h10.51.554308 +0200,
0,0,0,,,,,0,0,0,0,,,,,#F989A2,1440.6977016925812,False,space,correct rejection,None,687.981367111206,,18,11,1back_single_main_click,1,,9,7,16,24,12,,,,,,,,,,,03,03,yes,no,no,2025-06-17_11h10.33.301,EXNAT_4_TMS_Psychopy2024.2.5.psyexp,2024.2.5,2025-06-17 11h10.51.554308 +0200,
0,0,0,,,,,0,0,0,0,,,,,#D292F3,1441.6094591617584,False,space,correct rejection,None,704.4310569763184,,19,11,1back_single_main_click,1,,9,7,16,24,12,,,,,,,,,,,03,03,yes,no,no,2025-06-17_11h10.33.301,EXNAT_4_TMS_Psychopy2024.2.5.psyexp,2024.2.5,2025-06-17 11h10.51.554308 +0200,
0,0,0,,,,,0,0,0,0,,,,,#2AB7EF,1442.5376958847046,False,space,correct rejection,None,736.1950874328613,,20,11,1back_single_main_click,1,,9,7,16,24,12,,,,,,,,,,,03,03,yes,no,no,2025-06-17_11h10.33.301,EXNAT_4_TMS_Psychopy2024.2.5.psyexp,2024.2.5,2025-06-17 11h10.51.554308 +0200,
0,0,0,,,,,0,0,0,0,,,,,#F989A2,1443.4977269172668,False,space,correct rejection,None,672.0860004425049,,21,11,1back_single_main_click,1,,9,7,16,24,12,,,,,,,,,,,03,03,yes,no,no,2025-06-17_11h10.33.301,EXNAT_4_TMS_Psychopy2024.2.5.psyexp,2024.2.5,2025-06-17 11h10.51.554308 +0200,
0,0,0,,,,,0,0,0,0,,,,,#88BA3F,1444.393815279007,False,space,correct rejection,None,703.8533687591553,,22,11,1back_single_main_click,1,,9,7,16,24,12,,,,,,,,,,,03,03,yes,no,no,2025-06-17_11h10.33.301,EXNAT_4_TMS_Psychopy2024.2.5.psyexp,2024.2.5,2025-06-17 11h10.51.554308 +0200,
0,0,0,,,,,0,0,0,0,,,,,#2AB7EF,1445.3218960762024,False,space,correct rejection,None,703.7820816040039,,23,11,1back_single_main_click,1,,9,7,16,24,12,,,,,,,,,,,03,03,yes,no,no,2025-06-17_11h10.33.301,EXNAT_4_TMS_Psychopy2024.2.5.psyexp,2024.2.5,2025-06-17 11h10.51.554308 +0200,
0,0,0,,,,,0,0,0,0,,,,,#D292F3,1446.249303817749,False,space,correct rejection,None,656.6083431243896,,24,11,1back_single_main_click,1,,9,7,16,24,12,,,,,,,,,,,03,03,yes,no,no,2025-06-17_11h10.33.301,EXNAT_4_TMS_Psychopy2024.2.5.psyexp,2024.2.5,2025-06-17 11h10.51.554308 +0200,
0,0,0,,,,,0,0,0,0,,,,,#F989A2,1447.1295609474182,False,space,correct rejection,None,672.3494529724121,,25,11,1back_single_main_click,1,,9,7,16,24,12,,,,,,,,,,,03,03,yes,no,no,2025-06-17_11h10.33.301,EXNAT_4_TMS_Psychopy2024.2.5.psyexp,2024.2.5,2025-06-17 11h10.51.554308 +0200,
0,0,0,,,,,0,0,0,0,,,,,#D292F3,1448.0253059864044,False,space,correct rejection,None,672.5215911865234,,26,11,1back_single_main_click,1,,9,7,16,24,12,,,,,,,,,,,03,03,yes,no,no,2025-06-17_11h10.33.301,EXNAT_4_TMS_Psychopy2024.2.5.psyexp,2024.2.5,2025-06-17 11h10.51.554308 +0200,
0,0,0,,,,,0,0,0,0,,,,,#2AB7EF,1448.9215927124023,False,space,correct rejection,None,736.3049983978271,,27,11,1back_single_main_click,1,,9,7,16,24,12,,,,,,,,,,,03,03,yes,no,no,2025-06-17_11h10.33.301,EXNAT_4_TMS_Psychopy2024.2.5.psyexp,2024.2.5,2025-06-17 11h10.51.554308 +0200,
0,0,0,,,,,0,0,0,0,,,,,#88BA3F,1449.8819463253021,False,space,correct rejection,None,975.8281707763672,,28,11,1back_single_main_click,1,,9,7,16,24,12,,,,,,,,,,,03,03,yes,no,no,2025-06-17_11h10.33.301,EXNAT_4_TMS_Psychopy2024.2.5.psyexp,2024.2.5,2025-06-17 11h10.51.554308 +0200,
0,0,0,,,,,0,0,0,0,,,,,#F989A2,1451.0818209648132,False,space,correct rejection,None,751.9857883453369,,29,11,1back_single_main_click,1,,9,7,16,24,12,,,,,,,,,,,03,03,yes,no,no,2025-06-17_11h10.33.301,EXNAT_4_TMS_Psychopy2024.2.5.psyexp,2024.2.5,2025-06-17 11h10.51.554308 +0200,
0,0,0,,,,,0,0,0,0,,,,,#D292F3,1452.0575630664825,False,space,correct rejection,None,720.2422618865967,,30,11,1back_single_main_click,1,,9,7,16,24,12,,,,,,,,,,,03,03,yes,no,no,2025-06-17_11h10.33.301,EXNAT_4_TMS_Psychopy2024.2.5.psyexp,2024.2.5,2025-06-17 11h10.51.554308 +0200,
0,0,0,,,,,0,0,0,0,,,,,#D292F3,1453.001435995102,True,l,hit,576.3766765594482,1168.3430671691895,,31,11,1back_single_main_click,1,,9,8,17,24,12,1453.0589587688446,,,,,,,,,,03,03,yes,no,no,2025-06-17_11h10.33.301,EXNAT_4_TMS_Psychopy2024.2.5.psyexp,2024.2.5,2025-06-17 11h10.51.554308 +0200,
0,0,0,,,,,0,0,0,0,,,,,#88BA3F,1454.3935647010803,False,space,correct rejection,None,688.286542892456,,32,11,1back_single_main_click,1,,9,8,17,24,12,,,,,,,,,,,03,03,yes,no,no,2025-06-17_11h10.33.301,EXNAT_4_TMS_Psychopy2024.2.5.psyexp,2024.2.5,2025-06-17 11h10.51.554308 +0200,
0,0,0,,,,,0,0,0,0,,,,,#2AB7EF,1455.305448293686,False,space,correct rejection,None,720.4439640045166,,33,11,1back_single_main_click,1,,9,8,17,24,12,,,,,,,,,,,03,03,yes,no,no,2025-06-17_11h10.33.301,EXNAT_4_TMS_Psychopy2024.2.5.psyexp,2024.2.5,2025-06-17 11h10.51.554308 +0200,
0,0,0,,,,,0,0,0,0,,,,,#88BA3F,1456.249879360199,False,l,false alarm,576.0228633880615,1535.8130931854248,,34,11,1back_single_main_click,1,,9,8,17,24,12,,,,,,,,,,,03,03,yes,no,no,2025-06-17_11h10.33.301,EXNAT_4_TMS_Psychopy2024.2.5.psyexp,2024.2.5,2025-06-17 11h10.51.554308 +0200,
0,0,0,,,,,0,0,0,0,,,,,#88BA3F,1458.0094335079193,True,l,hit,704.246997833252,1072.1797943115234,,35,11,1back_single_main_click,1,,9,9,18,24,12,1458.0646154880524,,,,,,,,,,03,03,yes,no,no,2025-06-17_11h10.33.301,EXNAT_4_TMS_Psychopy2024.2.5.psyexp,2024.2.5,2025-06-17 11h10.51.554308 +0200,
0,0,0,,,,,0,0,0,0,,,,,#2AB7EF,1459.305434703827,False,space,correct rejection,None,784.4223976135254,,36,11,1back_single_main_click,1,,9,9,18,24,12,,,,,,,,,,,03,03,yes,no,no,2025-06-17_11h10.33.301,EXNAT_4_TMS_Psychopy2024.2.5.psyexp,2024.2.5,2025-06-17 11h10.51.554308 +0200,
0,0,0,,,,,0,0,0,0,,,,,#D292F3,1460.3135726451874,False,space,correct rejection,None,768.2600021362305,,37,11,1back_single_main_click,1,,9,9,18,24,12,,,,,,,,,,,03,03,yes,no,no,2025-06-17_11h10.33.301,EXNAT_4_TMS_Psychopy2024.2.5.psyexp,2024.2.5,2025-06-17 11h10.51.554308 +0200,
0,0,0,,,,,0,0,0,0,,,,,#F989A2,1461.3056440353394,False,space,correct rejection,None,672.1963882446289,,38,11,1back_single_main_click,1,,9,9,18,24,12,,,,,,,,,,,03,03,yes,no,no,2025-06-17_11h10.33.301,EXNAT_4_TMS_Psychopy2024.2.5.psyexp,2024.2.5,2025-06-17 11h10.51.554308 +0200,
0,0,0,,,,,0,0,0,0,,,,,#D292F3,1462.2014603614807,False,space,correct rejection,None,736.4089488983154,,39,11,1back_single_main_click,1,,9,9,18,24,12,,,,,,,,,,,03,03,yes,no,no,2025-06-17_11h10.33.301,EXNAT_4_TMS_Psychopy2024.2.5.psyexp,2024.2.5,2025-06-17 11h10.51.554308 +0200,
0,0,0,,,,,0,0,0,0,,,,,#F989A2,1463.1620752811432,False,space,correct rejection,None,783.8175296783447,,40,11,1back_single_main_click,1,,10,9,19,24,12,1463.2192628383636,,,,,,,,,,03,03,yes,no,no,2025-06-17_11h10.33.301,EXNAT_4_TMS_Psychopy2024.2.5.psyexp,2024.2.5,2025-06-17 11h10.51.554308 +0200,
0,0,0,,,,,0,0,0,0,,,,,#2AB7EF,1464.1696915626526,False,space,correct rejection,None,720.1898097991943,,41,11,1back_single_main_click,1,,10,9,19,24,12,,,,,,,,,,,03,03,yes,no,no,2025-06-17_11h10.33.301,EXNAT_4_TMS_Psychopy2024.2.5.psyexp,2024.2.5,2025-06-17 11h10.51.554308 +0200,
0,0,0,,,,,0,0,0,0,,,,,#F989A2,1465.1136648654938,False,space,correct rejection,None,815.9852027893066,,42,11,1back_single_main_click,1,,10,9,19,24,12,,,,,,,,,,,03,03,yes,no,no,2025-06-17_11h10.33.301,EXNAT_4_TMS_Psychopy2024.2.5.psyexp,2024.2.5,2025-06-17 11h10.51.554308 +0200,
0,0,0,,,,,0,0,0,0,,,,,#2AB7EF,1466.1535630226135,False,space,correct rejection,None,784.2249870300293,,43,11,1back_single_main_click,1,,10,9,19,24,12,,,,,,,,,,,03,03,yes,no,no,2025-06-17_11h10.33.301,EXNAT_4_TMS_Psychopy2024.2.5.psyexp,2024.2.5,2025-06-17 11h10.51.554308 +0200,
0,0,0,,,,,0,0,0,0,,,,,#D292F3,1467.1617517471313,False,space,correct rejection,None,751.8830299377441,,44,11,1back_single_main_click,1,,10,9,19,24,12,,,,,,,,,,,03,03,yes,no,no,2025-06-17_11h10.33.301,EXNAT_4_TMS_Psychopy2024.2.5.psyexp,2024.2.5,2025-06-17 11h10.51.554308 +0200,
0,0,0,,,,,0,0,0,0,,,,,#88BA3F,1468.1380941867828,False,space,correct rejection,None,767.7454948425293,,45,11,1back_single_main_click,1,,11,9,20,24,12,1468.2192091941833,,,,,,,,,,03,03,yes,no,no,2025-06-17_11h10.33.301,EXNAT_4_TMS_Psychopy2024.2.5.psyexp,2024.2.5,2025-06-17 11h10.51.554308 +0200,
0,0,0,,,,,0,0,0,0,,,,,#88BA3F,1469.129842042923,True,l,hit,656.003475189209,1199.8772621154785,,46,11,1back_single_main_click,1,,11,9,20,24,12,,,,,,,,,,,03,03,yes,no,no,2025-06-17_11h10.33.301,EXNAT_4_TMS_Psychopy2024.2.5.psyexp,2024.2.5,2025-06-17 11h10.51.554308 +0200,
0,0,0,,,,,0,0,0,0,,,,,#88BA3F,1470.5529119968414,True,l,hit,737.0607852935791,1136.812686920166,,47,11,1back_single_main_click,1,,11,9,20,24,12,,,,,,,,,,,03,03,yes,no,no,2025-06-17_11h10.33.301,EXNAT_4_TMS_Psychopy2024.2.5.psyexp,2024.2.5,2025-06-17 11h10.51.554308 +0200,
0,0,0,,,,,0,0,0,0,,,,,#2AB7EF,1471.9132137298584,False,space,correct rejection,None,640.7287120819092,,48,11,1back_single_main_click,1,,11,9,20,24,12,,,,,,,,,,,03,03,yes,no,no,2025-06-17_11h10.33.301,EXNAT_4_TMS_Psychopy2024.2.5.psyexp,2024.2.5,2025-06-17 11h10.51.554308 +0200,
0,0,0,,,,,0,0,0,0,,,,,#F989A2,1472.7780652046204,False,space,correct rejection,None,607.7620983123779,,49,11,1back_single_main_click,1,,11,9,20,24,12,,,,,,,,,,,03,03,yes,no,no,2025-06-17_11h10.33.301,EXNAT_4_TMS_Psychopy2024.2.5.psyexp,2024.2.5,2025-06-17 11h10.51.554308 +0200,
0,0,0,,,,,0,0,0,0,,,,,#D292F3,1473.6096949577332,False,space,correct rejection,None,656.012773513794,,50,11,1back_single_main_click,1,,11,9,20,24,12,,,,,,,,,,,03,03,yes,no,no,2025-06-17_11h10.33.301,EXNAT_4_TMS_Psychopy2024.2.5.psyexp,2024.2.5,2025-06-17 11h10.51.554308 +0200,
0,0,0,,,,,0,0,0,0,,,,,#2AB7EF,1474.4891748428345,False,space,correct rejection,None,896.6386318206787,,51,11,1back_single_main_click,1,,11,9,20,24,12,,,,,,,,,,,03,03,yes,no,no,2025-06-17_11h10.33.301,EXNAT_4_TMS_Psychopy2024.2.5.psyexp,2024.2.5,2025-06-17 11h10.51.554308 +0200,
0,0,0,,,,,0,0,0,0,,,,,#F989A2,1475.6097254753113,False,space,correct rejection,None,752.187967300415,,52,11,1back_single_main_click,1,,11,9,20,24,12,,,,,,,,,,,03,03,yes,no,no,2025-06-17_11h10.33.301,EXNAT_4_TMS_Psychopy2024.2.5.psyexp,2024.2.5,2025-06-17 11h10.51.554308 +0200,
0,0,0,,,,,0,0,0,0,,,,,#F989A2,1476.5856590270996,True,l,hit,736.1676692962646,1280.0483703613281,,53,11,1back_single_main_click,1,,11,10,21,24,12,1476.640986919403,,,,,,,,,,03,03,yes,no,no,2025-06-17_11h10.33.301,EXNAT_4_TMS_Psychopy2024.2.5.psyexp,2024.2.5,2025-06-17 11h10.51.554308 +0200,
0,0,0,,,,,0,0,0,0,,,,,#2AB7EF,1478.0894355773926,False,space,correct rejection,None,848.2396602630615,,54,11,1back_single_main_click,1,,11,10,21,24,12,,,,,,,,,,,03,03,yes,no,no,2025-06-17_11h10.33.301,EXNAT_4_TMS_Psychopy2024.2.5.psyexp,2024.2.5,2025-06-17 11h10.51.554308 +0200,
0,0,0,,,,,0,0,0,0,,,,,#D292F3,1479.1618189811707,False,space,correct rejection,None,688.0264282226562,,55,11,1back_single_main_click,1,,11,10,21,24,12,,,,,,,,,,,03,03,yes,no,no,2025-06-17_11h10.33.301,EXNAT_4_TMS_Psychopy2024.2.5.psyexp,2024.2.5,2025-06-17 11h10.51.554308 +0200,
0,0,0,,,,,0,0,0,0,,,,,#D292F3,1480.073820590973,True,l,hit,560.0011348724365,1039.792537689209,,56,11,1back_single_main_click,1,,11,10,21,24,12,,,,,,,,,,,03,03,yes,no,no,2025-06-17_11h10.33.301,EXNAT_4_TMS_Psychopy2024.2.5.psyexp,2024.2.5,2025-06-17 11h10.51.554308 +0200,
0,0,0,,,,,0,0,0,0,,,,,#88BA3F,1481.3372113704681,False,space,correct rejection,None,784.4667434692383,,57,11,1back_single_main_click,1,,12,10,22,24,12,1481.6408951282501,,,,,,,,,,03,03,yes,no,no,2025-06-17_11h10.33.301,EXNAT_4_TMS_Psychopy2024.2.5.psyexp,2024.2.5,2025-06-17 11h10.51.554308 +0200,
0,0,0,,,,,0,0,0,0,,,,,#88BA3F,1482.3454899787903,True,l,hit,608.3602905273438,1120.2459335327148,,58,11,1back_single_main_click,1,,12,10,22,24,12,,,,,,,,,,,03,03,yes,no,no,2025-06-17_11h10.33.301,EXNAT_4_TMS_Psychopy2024.2.5.psyexp,2024.2.5,2025-06-17 11h10.51.554308 +0200,
0,0,0,,,,,0,0,0,0,,,,,#88BA3F,1483.68878698349,True,l,hit,609.1597080230713,992.9671287536621,,59,11,1back_single_main_click,1,,12,10,22,24,12,,,,,,,,,,,03,03,yes,no,no,2025-06-17_11h10.33.301,EXNAT_4_TMS_Psychopy2024.2.5.psyexp,2024.2.5,2025-06-17 11h10.51.554308 +0200,
0,0,0,,,,,0,0,0,0,,,,,#2AB7EF,1484.905987739563,False,space,correct rejection,None,655.7478904724121,,60,11,1back_single_main_click,1,,12,10,22,24,12,,,,,,,,,,,03,03,yes,no,no,2025-06-17_11h10.33.301,EXNAT_4_TMS_Psychopy2024.2.5.psyexp,2024.2.5,2025-06-17 11h10.51.554308 +0200,
0,0,0,,,,,0,0,0,0,,,,,#D292F3,1491.1464686393738,False,space,correct rejection,None,911.2446308135986,,1,12,1back_single_main_click,1,,12,10,22,24,12,,,,,,,,,,,03,03,yes,no,no,2025-06-17_11h10.33.301,EXNAT_4_TMS_Psychopy2024.2.5.psyexp,2024.2.5,2025-06-17 11h10.51.554308 +0200,
0,0,0,,,,,0,0,0,0,,,,,#2AB7EF,1492.2727909088135,False,space,correct rejection,None,777.0562171936035,,2,12,1back_single_main_click,1,,12,10,22,24,12,,,,,,,,,,,03,03,yes,no,no,2025-06-17_11h10.33.301,EXNAT_4_TMS_Psychopy2024.2.5.psyexp,2024.2.5,2025-06-17 11h10.51.554308 +0200,
0,0,0,,,,,0,0,0,0,,,,,#2AB7EF,1493.2664761543274,True,l,hit,615.440845489502,1015.160083770752,,3,12,1back_single_main_click,1,,12,11,23,24,12,1493.326732158661,,,,,,,,,,03,03,yes,no,no,2025-06-17_11h10.33.301,EXNAT_4_TMS_Psychopy2024.2.5.psyexp,2024.2.5,2025-06-17 11h10.51.554308 +0200,
0,0,0,,,,,0,0,0,0,,,,,#F989A2,1494.4992170333862,False,space,correct rejection,None,566.6019916534424,,4,12,1back_single_main_click,1,,12,11,23,24,12,,,,,,,,,,,03,03,yes,no,no,2025-06-17_11h10.33.301,EXNAT_4_TMS_Psychopy2024.2.5.psyexp,2024.2.5,2025-06-17 11h10.51.554308 +0200,
0,0,0,,,,,0,0,0,0,,,,,#88BA3F,1495.2829208374023,False,space,correct rejection,None,646.9943523406982,,5,12,1back_single_main_click,1,,12,11,23,24,12,,,,,,,,,,,03,03,yes,no,no,2025-06-17_11h10.33.301,EXNAT_4_TMS_Psychopy2024.2.5.psyexp,2024.2.5,2025-06-17 11h10.51.554308 +0200,
0,0,0,,,,,0,0,0,0,,,,,#88BA3F,1496.153695821762,True,l,hit,560.0669384002686,1023.9138603210449,,6,12,1back_single_main_click,1,,12,11,23,24,12,,,,,,,,,,,03,03,yes,no,no,2025-06-17_11h10.33.301,EXNAT_4_TMS_Psychopy2024.2.5.psyexp,2024.2.5,2025-06-17 11h10.51.554308 +0200,
0,0,0,,,,,0,0,0,0,,,,,#2AB7EF,1497.4002177715302,False,space,correct rejection,None,625.7767677307129,,7,12,1back_single_main_click,1,,12,11,23,24,12,,,,,,,,,,,03,03,yes,no,no,2025-06-17_11h10.33.301,EXNAT_4_TMS_Psychopy2024.2.5.psyexp,2024.2.5,2025-06-17 11h10.51.554308 +0200,
0,0,0,,,,,0,0,0,0,,,,,#F989A2,1498.2497000694275,False,space,correct rejection,None,736.1888885498047,,8,12,1back_single_main_click,1,,12,11,23,24,12,,,,,,,,,,,03,03,yes,no,no,2025-06-17_11h10.33.301,EXNAT_4_TMS_Psychopy2024.2.5.psyexp,2024.2.5,2025-06-17 11h10.51.554308 +0200,
0,0,0,,,,,0,0,0,0,,,,,#F989A2,1499.209685087204,True,l,hit,832.2005271911621,1247.934103012085,,9,12,1back_single_main_click,1,,12,12,24,24,inf,1499.2655079364777,,,,,,,,,,03,03,yes,no,no,2025-06-17_11h10.33.301,EXNAT_4_TMS_Psychopy2024.2.5.psyexp,2024.2.5,2025-06-17 11h10.51.554308 +0200,
0,0,0,,,,,0,0,0,0,,,,,#88BA3F,1500.681301355362,False,space,correct rejection,None,592.3829078674316,,10,12,1back_single_main_click,1,,12,12,24,24,inf,,,,,,,,,,,03,03,yes,no,no,2025-06-17_11h10.33.301,EXNAT_4_TMS_Psychopy2024.2.5.psyexp,2024.2.5,2025-06-17 11h10.51.554308 +0200,
0,0,0,,,,,0,0,0,0,,,,,#D292F3,1501.4977941513062,False,space,correct rejection,None,912.2061729431152,,11,12,1back_single_main_click,1,,12,12,24,24,inf,,,,,,,,,,,03,03,yes,no,no,2025-06-17_11h10.33.301,EXNAT_4_TMS_Psychopy2024.2.5.psyexp,2024.2.5,2025-06-17 11h10.51.554308 +0200,
0,0,0,,,,,0,0,0,0,,,,,#D292F3,1502.6333332061768,True,l,hit,704.6475410461426,1120.4643249511719,,12,12,1back_single_main_click,1,,12,12,24,24,inf,,,,,,,,,,,03,03,yes,no,no,2025-06-17_11h10.33.301,EXNAT_4_TMS_Psychopy2024.2.5.psyexp,2024.2.5,2025-06-17 11h10.51.554308 +0200,
0,0,0,,,,,0,0,0,0,,,,,#F989A2,1503.9780797958374,False,space,correct rejection,None,735.9495162963867,,13,12,1back_single_main_click,1,,13,12,25,24,inf,1504.265537261963,,,,,,,,,,03,03,yes,no,no,2025-06-17_11h10.33.301,EXNAT_4_TMS_Psychopy2024.2.5.psyexp,2024.2.5,2025-06-17 11h10.51.554308 +0200,
0,0,0,,,,,0,0,0,0,,,,,#88BA3F,1504.9359591007233,False,space,correct rejection,None,738.041877746582,,14,12,1back_single_main_click,1,,13,12,25,24,inf,,,,,,,,,,,03,03,yes,no,no,2025-06-17_11h10.33.301,EXNAT_4_TMS_Psychopy2024.2.5.psyexp,2024.2.5,2025-06-17 11h10.51.554308 +0200,
0,0,0,,,,,0,0,0,0,,,,,#2AB7EF,1505.897824048996,False,space,correct rejection,None,848.0997085571289,,15,12,1back_single_main_click,1,,13,12,25,24,inf,,,,,,,,,,,03,03,yes,no,no,2025-06-17_11h10.33.301,EXNAT_4_TMS_Psychopy2024.2.5.psyexp,2024.2.5,2025-06-17 11h10.51.554308 +0200,
0,0,0,,,,,0,0,0,0,,,,,#88BA3F,1506.9700424671173,False,space,correct rejection,None,751.8084049224854,,16,12,1back_single_main_click,1,,13,12,25,24,inf,,,,,,,,,,,03,03,yes,no,no,2025-06-17_11h10.33.301,EXNAT_4_TMS_Psychopy2024.2.5.psyexp,2024.2.5,2025-06-17 11h10.51.554308 +0200,
0,0,0,,,,,0,0,0,0,,,,,#2AB7EF,1507.9460935592651,False,space,correct rejection,None,671.9188690185547,,17,12,1back_single_main_click,1,,13,12,25,24,inf,,,,,,,,,,,03,03,yes,no,no,2025-06-17_11h10.33.301,EXNAT_4_TMS_Psychopy2024.2.5.psyexp,2024.2.5,2025-06-17 11h10.51.554308 +0200,
0,0,0,,,,,0,0,0,0,,,,,#88BA3F,1508.8423533439636,False,space,correct rejection,None,879.4167041778564,,18,12,1back_single_main_click,1,,14,12,26,24,inf,1509.2654292583466,,,,,,,,,,03,03,yes,no,no,2025-06-17_11h10.33.301,EXNAT_4_TMS_Psychopy2024.2.5.psyexp,2024.2.5,2025-06-17 11h10.51.554308 +0200,
0,0,0,,,,,0,0,0,0,,,,,#F989A2,1509.9441533088684,False,space,correct rejection,None,689.6553039550781,,19,12,1back_single_main_click,1,,14,12,26,24,inf,,,,,,,,,,,03,03,yes,no,no,2025-06-17_11h10.33.301,EXNAT_4_TMS_Psychopy2024.2.5.psyexp,2024.2.5,2025-06-17 11h10.51.554308 +0200,
0,0,0,,,,,0,0,0,0,,,,,#2AB7EF,1510.8576402664185,False,space,correct rejection,None,592.1180248260498,,20,12,1back_single_main_click,1,,14,12,26,24,inf,,,,,,,,,,,03,03,yes,no,no,2025-06-17_11h10.33.301,EXNAT_4_TMS_Psychopy2024.2.5.psyexp,2024.2.5,2025-06-17 11h10.51.554308 +0200,
0,0,0,,,,,0,0,0,0,,,,,#F989A2,1511.6741406917572,False,space,correct rejection,None,799.7090816497803,,21,12,1back_single_main_click,1,,14,12,26,24,inf,,,,,,,,,,,03,03,yes,no,no,2025-06-17_11h10.33.301,EXNAT_4_TMS_Psychopy2024.2.5.psyexp,2024.2.5,2025-06-17 11h10.51.554308 +0200,
0,0,0,,,,,0,0,0,0,,,,,#D292F3,1512.6982207298279,False,space,correct rejection,None,735.7349395751953,,22,12,1back_single_main_click,1,,14,12,26,24,inf,,,,,,,,,,,03,03,yes,no,no,2025-06-17_11h10.33.301,EXNAT_4_TMS_Psychopy2024.2.5.psyexp,2024.2.5,2025-06-17 11h10.51.554308 +0200,
0,0,0,,,,,0,0,0,0,,,,,#D292F3,1513.657826423645,True,l,hit,1008.1980228424072,1407.921314239502,,23,12,1back_single_main_click,1,,14,12,26,24,inf,,,,,,,,,,,03,03,yes,no,no,2025-06-17_11h10.33.301,EXNAT_4_TMS_Psychopy2024.2.5.psyexp,2024.2.5,2025-06-17 11h10.51.554308 +0200,
0,0,0,,,,,0,0,0,0,,,,,#D292F3,1515.2897319793701,True,l,hit,688.2033348083496,1088.0639553070068,,24,12,1back_single_main_click,1,,14,13,27,24,inf,1515.3510615825653,,,,,,,,,,03,03,yes,no,no,2025-06-17_11h10.33.301,EXNAT_4_TMS_Psychopy2024.2.5.psyexp,2024.2.5,2025-06-17 11h10.51.554308 +0200,
0,0,0,,,,,0,0,0,0,,,,,#88BA3F,1516.602115392685,False,space,correct rejection,None,735.9707355499268,,25,12,1back_single_main_click,1,,14,13,27,24,inf,,,,,,,,,,,03,03,yes,no,no,2025-06-17_11h10.33.301,EXNAT_4_TMS_Psychopy2024.2.5.psyexp,2024.2.5,2025-06-17 11h10.51.554308 +0200,
0,0,0,,,,,0,0,0,0,,,,,#D292F3,1517.5618040561676,False,space,correct rejection,None,672.0607280731201,,26,12,1back_single_main_click,1,,14,13,27,24,inf,,,,,,,,,,,03,03,yes,no,no,2025-06-17_11h10.33.301,EXNAT_4_TMS_Psychopy2024.2.5.psyexp,2024.2.5,2025-06-17 11h10.51.554308 +0200,
0,0,0,,,,,0,0,0,0,,,,,#88BA3F,1518.4576964378357,False,space,correct rejection,None,672.417402267456,,27,12,1back_single_main_click,1,,14,13,27,24,inf,,,,,,,,,,,03,03,yes,no,no,2025-06-17_11h10.33.301,EXNAT_4_TMS_Psychopy2024.2.5.psyexp,2024.2.5,2025-06-17 11h10.51.554308 +0200,
0,0,0,,,,,0,0,0,0,,,,,#88BA3F,1519.35413980484,True,l,hit,655.9488773345947,1087.6693725585938,,28,12,1back_single_main_click,1,,14,14,28,24,inf,1520.3509454727173,,,,,,,,,,03,03,yes,no,no,2025-06-17_11h10.33.301,EXNAT_4_TMS_Psychopy2024.2.5.psyexp,2024.2.5,2025-06-17 11h10.51.554308 +0200,
0,0,0,,,,,0,0,0,0,,,,,#2AB7EF,1520.665133714676,False,space,correct rejection,None,640.8340930938721,,29,12,1back_single_main_click,1,,14,14,28,24,inf,,,,,,,,,,,03,03,yes,no,no,2025-06-17_11h10.33.301,EXNAT_4_TMS_Psychopy2024.2.5.psyexp,2024.2.5,2025-06-17 11h10.51.554308 +0200,
0,0,0,,,,,0,0,0,0,,,,,#2AB7EF,1521.5295624732971,True,l,hit,656.2440395355225,1136.1300945281982,,30,12,1back_single_main_click,1,,14,14,28,24,inf,,,,,,,,,,,03,03,yes,no,no,2025-06-17_11h10.33.301,EXNAT_4_TMS_Psychopy2024.2.5.psyexp,2024.2.5,2025-06-17 11h10.51.554308 +0200,
0,0,0,,,,,0,0,0,0,,,,,#F989A2,1522.88987326622,False,space,correct rejection,None,831.9449424743652,,31,12,1back_single_main_click,1,,14,14,28,24,inf,,,,,,,,,,,03,03,yes,no,no,2025-06-17_11h10.33.301,EXNAT_4_TMS_Psychopy2024.2.5.psyexp,2024.2.5,2025-06-17 11h10.51.554308 +0200,
0,0,0,,,,,0,0,0,0,,,,,#2AB7EF,1523.9453701972961,False,space,correct rejection,None,752.4669170379639,,32,12,1back_single_main_click,1,,14,14,28,24,inf,,,,,,,,,,,03,03,yes,no,no,2025-06-17_11h10.33.301,EXNAT_4_TMS_Psychopy2024.2.5.psyexp,2024.2.5,2025-06-17 11h10.51.554308 +0200,
0,0,0,,,,,0,0,0,0,,,,,#D292F3,1524.9216759204865,False,space,correct rejection,None,736.2420558929443,,33,12,1back_single_main_click,1,,15,14,29,24,inf,1525.350961446762,,,,,,,,,,03,03,yes,no,no,2025-06-17_11h10.33.301,EXNAT_4_TMS_Psychopy2024.2.5.psyexp,2024.2.5,2025-06-17 11h10.51.554308 +0200,
0,0,0,,,,,0,0,0,0,,,,,#F989A2,1525.8819200992584,False,space,correct rejection,None,847.9905128479004,,34,12,1back_single_main_click,1,,15,14,29,24,inf,,,,,,,,,,,03,03,yes,no,no,2025-06-17_11h10.33.301,EXNAT_4_TMS_Psychopy2024.2.5.psyexp,2024.2.5,2025-06-17 11h10.51.554308 +0200,
0,0,0,,,,,0,0,0,0,,,,,#D292F3,1526.9536652565002,False,space,correct rejection,None,672.3406314849854,,35,12,1back_single_main_click,1,,15,14,29,24,inf,,,,,,,,,,,03,03,yes,no,no,2025-06-17_11h10.33.301,EXNAT_4_TMS_Psychopy2024.2.5.psyexp,2024.2.5,2025-06-17 11h10.51.554308 +0200,
0,0,0,,,,,0,0,0,0,,,,,#F989A2,1527.8501543998718,False,space,correct rejection,None,799.5648384094238,,36,12,1back_single_main_click,1,,15,14,29,24,inf,,,,,,,,,,,03,03,yes,no,no,2025-06-17_11h10.33.301,EXNAT_4_TMS_Psychopy2024.2.5.psyexp,2024.2.5,2025-06-17 11h10.51.554308 +0200,
0,0,0,,,,,0,0,0,0,,,,,#88BA3F,1528.8737082481384,False,space,correct rejection,None,928.1957149505615,,37,12,1back_single_main_click,1,,15,14,29,24,inf,,,,,,,,,,,03,03,yes,no,no,2025-06-17_11h10.33.301,EXNAT_4_TMS_Psychopy2024.2.5.psyexp,2024.2.5,2025-06-17 11h10.51.554308 +0200,
0,0,0,,,,,0,0,0,0,,,,,#F989A2,1530.0261492729187,False,space,correct rejection,None,703.6647796630859,,38,12,1back_single_main_click,1,,16,14,30,24,inf,1530.3509845733643,,,,,,,,,,03,03,yes,no,no,2025-06-17_11h10.33.301,EXNAT_4_TMS_Psychopy2024.2.5.psyexp,2024.2.5,2025-06-17 11h10.51.554308 +0200,
0,0,0,,,,,0,0,0,0,,,,,#F989A2,1530.9537408351898,True,l,hit,560.2860450744629,1328.1190395355225,,39,12,1back_single_main_click,1,,16,14,30,24,inf,,,,,,,,,,,03,03,yes,no,no,2025-06-17_11h10.33.301,EXNAT_4_TMS_Psychopy2024.2.5.psyexp,2024.2.5,2025-06-17 11h10.51.554308 +0200,
0,0,0,,,,,0,0,0,0,,,,,#2AB7EF,1532.5053088665009,False,space,correct rejection,None,800.6289005279541,,40,12,1back_single_main_click,1,,16,14,30,24,inf,,,,,,,,,,,03,03,yes,no,no,2025-06-17_11h10.33.301,EXNAT_4_TMS_Psychopy2024.2.5.psyexp,2024.2.5,2025-06-17 11h10.51.554308 +0200,
0,0,0,,,,,0,0,0,0,,,,,#F989A2,1533.5294353961945,False,space,correct rejection,None,928.6515712738037,,41,12,1back_single_main_click,1,,16,14,30,24,inf,,,,,,,,,,,03,03,yes,no,no,2025-06-17_11h10.33.301,EXNAT_4_TMS_Psychopy2024.2.5.psyexp,2024.2.5,2025-06-17 11h10.51.554308 +0200,
0,0,0,,,,,0,0,0,0,,,,,#2AB7EF,1534.682096004486,False,space,correct rejection,None,703.6798000335693,,42,12,1back_single_main_click,1,,16,14,30,24,inf,,,,,,,,,,,03,03,yes,no,no,2025-06-17_11h10.33.301,EXNAT_4_TMS_Psychopy2024.2.5.psyexp,2024.2.5,2025-06-17 11h10.51.554308 +0200,
0,0,0,,,,,0,0,0,0,,,,,#D292F3,1535.6096968650818,False,space,correct rejection,None,864.1996383666992,,43,12,1back_single_main_click,1,,16,14,30,24,inf,,,,,,,,,,,03,03,yes,no,no,2025-06-17_11h10.33.301,EXNAT_4_TMS_Psychopy2024.2.5.psyexp,2024.2.5,2025-06-17 11h10.51.554308 +0200,
0,0,0,,,,,0,0,0,0,,,,,#F989A2,1536.697805404663,False,space,correct rejection,None,1040.0583744049072,,44,12,1back_single_main_click,1,,16,14,30,24,inf,,,,,,,,,,,03,03,yes,no,no,2025-06-17_11h10.33.301,EXNAT_4_TMS_Psychopy2024.2.5.psyexp,2024.2.5,2025-06-17 11h10.51.554308 +0200,
0,0,0,,,,,0,0,0,0,,,,,#D292F3,1537.96187210083,False,space,correct rejection,None,751.9714832305908,,45,12,1back_single_main_click,1,,16,14,30,24,inf,,,,,,,,,,,03,03,yes,no,no,2025-06-17_11h10.33.301,EXNAT_4_TMS_Psychopy2024.2.5.psyexp,2024.2.5,2025-06-17 11h10.51.554308 +0200,
0,0,0,,,,,0,0,0,0,,,,,#D292F3,1538.9365675449371,True,l,hit,577.4602890014648,1105.3202152252197,,46,12,1back_single_main_click,1,,16,15,31,24,inf,1538.9925956726074,,,,,,,,,,03,03,yes,no,no,2025-06-17_11h10.33.301,EXNAT_4_TMS_Psychopy2024.2.5.psyexp,2024.2.5,2025-06-17 11h10.51.554308 +0200,
0,0,0,,,,,0,0,0,0,,,,,#88BA3F,1540.2657389640808,False,space,correct rejection,None,640.350341796875,,47,12,1back_single_main_click,1,,16,15,31,24,inf,,,,,,,,,,,03,03,yes,no,no,2025-06-17_11h10.33.301,EXNAT_4_TMS_Psychopy2024.2.5.psyexp,2024.2.5,2025-06-17 11h10.51.554308 +0200,
0,0,0,,,,,0,0,0,0,,,,,#2AB7EF,1541.1296968460083,False,space,correct rejection,None,1040.2514934539795,,48,12,1back_single_main_click,1,,16,15,31,24,inf,,,,,,,,,,,03,03,yes,no,no,2025-06-17_11h10.33.301,EXNAT_4_TMS_Psychopy2024.2.5.psyexp,2024.2.5,2025-06-17 11h10.51.554308 +0200,
0,0,0,,,,,0,0,0,0,,,,,#88BA3F,1542.3934338092804,False,space,correct rejection,None,880.5010318756104,,49,12,1back_single_main_click,1,,16,15,31,24,inf,,,,,,,,,,,03,03,yes,no,no,2025-06-17_11h10.33.301,EXNAT_4_TMS_Psychopy2024.2.5.psyexp,2024.2.5,2025-06-17 11h10.51.554308 +0200,
0,0,0,,,,,0,0,0,0,,,,,#F989A2,1543.4976692199707,False,space,correct rejection,None,848.2582569122314,,50,12,1back_single_main_click,1,,17,15,32,24,inf,1543.992475271225,,,,,,,,,,03,03,yes,no,no,2025-06-17_11h10.33.301,EXNAT_4_TMS_Psychopy2024.2.5.psyexp,2024.2.5,2025-06-17 11h10.51.554308 +0200,
0,0,0,,,,,0,0,0,0,,,,,#88BA3F,1544.5694806575775,False,space,correct rejection,None,784.28053855896,,51,12,1back_single_main_click,1,,17,15,32,24,inf,,,,,,,,,,,03,03,yes,no,no,2025-06-17_11h10.33.301,EXNAT_4_TMS_Psychopy2024.2.5.psyexp,2024.2.5,2025-06-17 11h10.51.554308 +0200,
0,0,0,,,,,0,0,0,0,,,,,#2AB7EF,1545.5775558948517,False,space,correct rejection,None,784.3225002288818,,52,12,1back_single_main_click,1,,17,15,32,24,inf,,,,,,,,,,,03,03,yes,no,no,2025-06-17_11h10.33.301,EXNAT_4_TMS_Psychopy2024.2.5.psyexp,2024.2.5,2025-06-17 11h10.51.554308 +0200,
0,0,0,,,,,0,0,0,0,,,,,#D292F3,1546.5858228206635,False,space,correct rejection,None,751.866340637207,,53,12,1back_single_main_click,1,,17,15,32,24,inf,,,,,,,,,,,03,03,yes,no,no,2025-06-17_11h10.33.301,EXNAT_4_TMS_Psychopy2024.2.5.psyexp,2024.2.5,2025-06-17 11h10.51.554308 +0200,
0,0,0,,,,,0,0,0,0,,,,,#D292F3,1547.561690568924,True,l,hit,672.0430850982666,1167.905569076538,,54,12,1back_single_main_click,1,,17,15,32,24,inf,,,,,,,,,,,03,03,yes,no,no,2025-06-17_11h10.33.301,EXNAT_4_TMS_Psychopy2024.2.5.psyexp,2024.2.5,2025-06-17 11h10.51.554308 +0200,
0,0,0,,,,,0,0,0,0,,,,,#F989A2,1548.9536952972412,False,space,correct rejection,None,784.0681076049805,,55,12,1back_single_main_click,1,,17,15,32,24,inf,,,,,,,,,,,03,03,yes,no,no,2025-06-17_11h10.33.301,EXNAT_4_TMS_Psychopy2024.2.5.psyexp,2024.2.5,2025-06-17 11h10.51.554308 +0200,
0,0,0,,,,,0,0,0,0,,,,,#2AB7EF,1549.961173772812,False,space,correct rejection,None,912.5392436981201,,56,12,1back_single_main_click,1,,17,15,32,24,inf,,,,,,,,,,,03,03,yes,no,no,2025-06-17_11h10.33.301,EXNAT_4_TMS_Psychopy2024.2.5.psyexp,2024.2.5,2025-06-17 11h10.51.554308 +0200,
0,0,0,,,,,0,0,0,0,,,,,#2AB7EF,1551.0977296829224,True,l,hit,592.2276973724365,1024.034023284912,,57,12,1back_single_main_click,1,,17,16,33,24,inf,1551.1573367118835,,,,,,,,,,03,03,yes,no,no,2025-06-17_11h10.33.301,EXNAT_4_TMS_Psychopy2024.2.5.psyexp,2024.2.5,2025-06-17 11h10.51.554308 +0200,
0,0,0,,,,,0,0,0,0,,,,,#88BA3F,1552.3456959724426,False,space,correct rejection,None,672.2486019134521,,58,12,1back_single_main_click,1,,17,16,33,24,inf,,,,,,,,,,,03,03,yes,no,no,2025-06-17_11h10.33.301,EXNAT_4_TMS_Psychopy2024.2.5.psyexp,2024.2.5,2025-06-17 11h10.51.554308 +0200,
0,0,0,,,,,0,0,0,0,,,,,#D292F3,1553.2421023845673,False,space,correct rejection,None,943.7494277954102,,59,12,1back_single_main_click,1,,17,16,33,24,inf,,,,,,,,,,,03,03,yes,no,no,2025-06-17_11h10.33.301,EXNAT_4_TMS_Psychopy2024.2.5.psyexp,2024.2.5,2025-06-17 11h10.51.554308 +0200,
0,0,0,,,,,0,0,0,0,,,,,#F989A2,1554.4100153446198,False,space,correct rejection,None,735.8436584472656,,60,12,1back_single_main_click,1,,17,16,33,24,inf,,,,,,,,,,,03,03,yes,no,no,2025-06-17_11h10.33.301,EXNAT_4_TMS_Psychopy2024.2.5.psyexp,2024.2.5,2025-06-17 11h10.51.554308 +0200,
0,0,0,,,,,0,0,0,0,,,,,#F989A2,1568.7956342697144,False,space,correct rejection,None,958.0638408660889,,1,13,2back_single_main_click,2,,1,0,1,24,12,1568.8555130958557,,,,,,,,,,03,03,yes,no,no,2025-06-17_11h10.33.301,EXNAT_4_TMS_Psychopy2024.2.5.psyexp,2024.2.5,2025-06-17 11h10.51.554308 +0200,
0,0,0,,,,,0,0,0,0,,,,,#88BA3F,1569.967515707016,False,space,correct rejection,None,794.2485809326172,,2,13,2back_single_main_click,2,,1,0,1,24,12,,,,,,,,,,,03,03,yes,no,no,2025-06-17_11h10.33.301,EXNAT_4_TMS_Psychopy2024.2.5.psyexp,2024.2.5,2025-06-17 11h10.51.554308 +0200,
0,0,0,,,,,0,0,0,0,,,,,#88BA3F,1570.9780654907227,False,space,correct rejection,None,775.8297920227051,,3,13,2back_single_main_click,2,,1,0,1,24,12,,,,,,,,,,,03,03,yes,no,no,2025-06-17_11h10.33.301,EXNAT_4_TMS_Psychopy2024.2.5.psyexp,2024.2.5,2025-06-17 11h10.51.554308 +0200,
0,0,0,,,,,0,0,0,0,,,,,#D292F3,1571.970696926117,False,space,correct rejection,None,887.2537612915039,,4,13,2back_single_main_click,2,,1,0,1,24,12,,,,,,,,,,,03,03,yes,no,no,2025-06-17_11h10.33.301,EXNAT_4_TMS_Psychopy2024.2.5.psyexp,2024.2.5,2025-06-17 11h10.51.554308 +0200,
0,0,0,,,,,0,0,0,0,,,,,#D292F3,1573.0747375488281,False,space,correct rejection,None,871.2079524993896,,5,13,2back_single_main_click,2,,2,0,2,24,12,1573.8555369377136,,,,,,,,,,03,03,yes,no,no,2025-06-17_11h10.33.301,EXNAT_4_TMS_Psychopy2024.2.5.psyexp,2024.2.5,2025-06-17 11h10.51.554308 +0200,
0,0,0,,,,,0,0,0,0,,,,,#F989A2,1574.1698215007782,False,space,correct rejection,None,960.1142406463623,,6,13,2back_single_main_click,2,,2,0,2,24,12,,,,,,,,,,,03,03,yes,no,no,2025-06-17_11h10.33.301,EXNAT_4_TMS_Psychopy2024.2.5.psyexp,2024.2.5,2025-06-17 11h10.51.554308 +0200,
0,0,0,,,,,0,0,0,0,,,,,#2AB7EF,1575.3538229465485,False,space,correct rejection,None,736.161470413208,,7,13,2back_single_main_click,2,,2,0,2,24,12,,,,,,,,,,,03,03,yes,no,no,2025-06-17_11h10.33.301,EXNAT_4_TMS_Psychopy2024.2.5.psyexp,2024.2.5,2025-06-17 11h10.51.554308 +0200,
0,0,0,,,,,0,0,0,0,,,,,#D292F3,1576.313564300537,False,space,correct rejection,None,864.3779754638672,,8,13,2back_single_main_click,2,,2,0,2,24,12,,,,,,,,,,,03,03,yes,no,no,2025-06-17_11h10.33.301,EXNAT_4_TMS_Psychopy2024.2.5.psyexp,2024.2.5,2025-06-17 11h10.51.554308 +0200,
0,0,0,,,,,0,0,0,0,,,,,#2AB7EF,1577.4019532203674,True,space,miss,None,879.986047744751,,9,13,2back_single_main_click,2,,2,0,2,24,12,,,,,,,,,,,03,03,yes,no,no,2025-06-17_11h10.33.301,EXNAT_4_TMS_Psychopy2024.2.5.psyexp,2024.2.5,2025-06-17 11h10.51.554308 +0200,
0,0,0,,,,,0,0,0,0,,,,,#2AB7EF,1578.5059173107147,False,space,correct rejection,None,1343.9505100250244,,10,13,2back_single_main_click,2,,2,0,2,24,12,,,,,,,,,,,03,03,yes,no,no,2025-06-17_11h10.33.301,EXNAT_4_TMS_Psychopy2024.2.5.psyexp,2024.2.5,2025-06-17 11h10.51.554308 +0200,
0,0,0,,,,,0,0,0,0,,,,,#88BA3F,1580.0737829208374,False,space,correct rejection,None,1040.050983428955,,11,13,2back_single_main_click,2,,2,0,2,24,12,,,,,,,,,,,03,03,yes,no,no,2025-06-17_11h10.33.301,EXNAT_4_TMS_Psychopy2024.2.5.psyexp,2024.2.5,2025-06-17 11h10.51.554308 +0200,
0,0,0,,,,,0,0,0,0,,,,,#F989A2,1581.3378252983093,False,space,correct rejection,None,640.1729583740234,,12,13,2back_single_main_click,2,,2,0,2,24,12,,,,,,,,,,,03,03,yes,no,no,2025-06-17_11h10.33.301,EXNAT_4_TMS_Psychopy2024.2.5.psyexp,2024.2.5,2025-06-17 11h10.51.554308 +0200,
0,0,0,,,,,0,0,0,0,,,,,#2AB7EF,1582.201682806015,False,space,correct rejection,None,736.2794876098633,,13,13,2back_single_main_click,2,,2,0,2,24,12,,,,,,,,,,,03,03,yes,no,no,2025-06-17_11h10.33.301,EXNAT_4_TMS_Psychopy2024.2.5.psyexp,2024.2.5,2025-06-17 11h10.51.554308 +0200,
0,0,0,,,,,0,0,0,0,,,,,#F989A2,1583.1618735790253,True,l,hit,592.1008586883545,1183.936595916748,,14,13,2back_single_main_click,2,,2,1,3,24,12,1583.2150828838348,,,,,,,,,,03,03,yes,no,no,2025-06-17_11h10.33.301,EXNAT_4_TMS_Psychopy2024.2.5.psyexp,2024.2.5,2025-06-17 11h10.51.554308 +0200,
0,0,0,,,,,0,0,0,0,,,,,#2AB7EF,1584.5699517726898,True,space,miss,None,863.9917373657227,,15,13,2back_single_main_click,2,,2,1,3,24,12,,,,,,,,,,,03,03,yes,no,no,2025-06-17_11h10.33.301,EXNAT_4_TMS_Psychopy2024.2.5.psyexp,2024.2.5,2025-06-17 11h10.51.554308 +0200,
0,0,0,,,,,0,0,0,0,,,,,#88BA3F,1585.658033132553,False,space,correct rejection,None,751.8656253814697,,16,13,2back_single_main_click,2,,2,1,3,24,12,,,,,,,,,,,03,03,yes,no,no,2025-06-17_11h10.33.301,EXNAT_4_TMS_Psychopy2024.2.5.psyexp,2024.2.5,2025-06-17 11h10.51.554308 +0200,
0,0,0,,,,,0,0,0,0,,,,,#2AB7EF,1586.6338212490082,True,l,hit,656.1827659606934,1103.8649082183838,,17,13,2back_single_main_click,2,,2,1,3,24,12,,,,,,,,,,,03,03,yes,no,no,2025-06-17_11h10.33.301,EXNAT_4_TMS_Psychopy2024.2.5.psyexp,2024.2.5,2025-06-17 11h10.51.554308 +0200,
0,0,0,,,,,0,0,0,0,,,,,#F989A2,1587.9607853889465,False,space,correct rejection,None,817.1882629394531,,18,13,2back_single_main_click,2,,3,1,4,24,12,1588.215022802353,,,,,,,,,,03,03,yes,no,no,2025-06-17_11h10.33.301,EXNAT_4_TMS_Psychopy2024.2.5.psyexp,2024.2.5,2025-06-17 11h10.51.554308 +0200,
0,0,0,,,,,0,0,0,0,,,,,#D292F3,1589.0019555091858,False,space,correct rejection,None,815.9544467926025,,19,13,2back_single_main_click,2,,3,1,4,24,12,,,,,,,,,,,03,03,yes,no,no,2025-06-17_11h10.33.301,EXNAT_4_TMS_Psychopy2024.2.5.psyexp,2024.2.5,2025-06-17 11h10.51.554308 +0200,
0,0,0,,,,,0,0,0,0,,,,,#F989A2,1590.0416989326477,True,l,hit,720.1745510101318,1456.0160636901855,,20,13,2back_single_main_click,2,,3,1,4,24,12,,,,,,,,,,,03,03,yes,no,no,2025-06-17_11h10.33.301,EXNAT_4_TMS_Psychopy2024.2.5.psyexp,2024.2.5,2025-06-17 11h10.51.554308 +0200,
0,0,0,,,,,0,0,0,0,,,,,#88BA3F,1591.721441745758,False,space,correct rejection,None,912.3976230621338,,21,13,2back_single_main_click,2,,3,1,4,24,12,,,,,,,,,,,03,03,yes,no,no,2025-06-17_11h10.33.301,EXNAT_4_TMS_Psychopy2024.2.5.psyexp,2024.2.5,2025-06-17 11h10.51.554308 +0200,
0,0,0,,,,,0,0,0,0,,,,,#D292F3,1592.8571734428406,False,space,correct rejection,None,736.6552352905273,,22,13,2back_single_main_click,2,,3,1,4,24,12,,,,,,,,,,,03,03,yes,no,no,2025-06-17_11h10.33.301,EXNAT_4_TMS_Psychopy2024.2.5.psyexp,2024.2.5,2025-06-17 11h10.51.554308 +0200,
0,0,0,,,,,0,0,0,0,,,,,#2AB7EF,1593.8171496391296,False,space,correct rejection,None,848.7410545349121,,23,13,2back_single_main_click,2,,3,1,4,24,12,,,,,,,,,,,03,03,yes,no,no,2025-06-17_11h10.33.301,EXNAT_4_TMS_Psychopy2024.2.5.psyexp,2024.2.5,2025-06-17 11h10.51.554308 +0200,
0,0,0,,,,,0,0,0,0,,,,,#D292F3,1594.8898251056671,True,space,miss,None,1087.9056453704834,,24,13,2back_single_main_click,2,,3,2,5,24,12,1594.9474048614502,,,,,,,,,,03,03,yes,no,no,2025-06-17_11h10.33.301,EXNAT_4_TMS_Psychopy2024.2.5.psyexp,2024.2.5,2025-06-17 11h10.51.554308 +0200,
0,0,0,,,,,0,0,0,0,,,,,#2AB7EF,1596.2014746665955,True,space,miss,None,720.470666885376,,25,13,2back_single_main_click,2,,3,2,5,24,12,,,,,,,,,,,03,03,yes,no,no,2025-06-17_11h10.33.301,EXNAT_4_TMS_Psychopy2024.2.5.psyexp,2024.2.5,2025-06-17 11h10.51.554308 +0200,
0,0,0,,,,,0,0,0,0,,,,,#88BA3F,1597.1458332538605,False,space,correct rejection,None,927.9730319976807,,26,13,2back_single_main_click,2,,3,2,5,24,12,,,,,,,,,,,03,03,yes,no,no,2025-06-17_11h10.33.301,EXNAT_4_TMS_Psychopy2024.2.5.psyexp,2024.2.5,2025-06-17 11h10.51.554308 +0200,
0,0,0,,,,,0,0,0,0,,,,,#D292F3,1598.2974519729614,False,space,correct rejection,None,592.444896697998,,27,13,2back_single_main_click,2,,3,2,5,24,12,,,,,,,,,,,03,03,yes,no,no,2025-06-17_11h10.33.301,EXNAT_4_TMS_Psychopy2024.2.5.psyexp,2024.2.5,2025-06-17 11h10.51.554308 +0200,
0,0,0,,,,,0,0,0,0,,,,,#2AB7EF,1599.1137943267822,False,space,correct rejection,None,832.0968151092529,,28,13,2back_single_main_click,2,,3,2,5,24,12,,,,,,,,,,,03,03,yes,no,no,2025-06-17_11h10.33.301,EXNAT_4_TMS_Psychopy2024.2.5.psyexp,2024.2.5,2025-06-17 11h10.51.554308 +0200,
0,0,0,,,,,0,0,0,0,,,,,#F989A2,1600.1699521541595,False,space,correct rejection,None,943.9446926116943,,29,13,2back_single_main_click,2,,4,2,6,24,12,1600.2253613471985,,,,,,,,,,03,03,yes,no,no,2025-06-17_11h10.33.301,EXNAT_4_TMS_Psychopy2024.2.5.psyexp,2024.2.5,2025-06-17 11h10.51.554308 +0200,
0,0,0,,,,,0,0,0,0,,,,,#2AB7EF,1601.338207244873,True,l,hit,1119.7316646575928,1759.6371173858643,,30,13,2back_single_main_click,2,,4,2,6,24,12,,,,,,,,,,,03,03,yes,no,no,2025-06-17_11h10.33.301,EXNAT_4_TMS_Psychopy2024.2.5.psyexp,2024.2.5,2025-06-17 11h10.51.554308 +0200,
0,0,0,,,,,0,0,0,0,,,,,#2AB7EF,1603.3213613033295,False,space,correct rejection,None,800.567626953125,,31,13,2back_single_main_click,2,,4,2,6,24,12,,,,,,,,,,,03,03,yes,no,no,2025-06-17_11h10.33.301,EXNAT_4_TMS_Psychopy2024.2.5.psyexp,2024.2.5,2025-06-17 11h10.51.554308 +0200,
0,0,0,,,,,0,0,0,0,,,,,#F989A2,1604.3456993103027,False,space,correct rejection,None,912.2085571289062,,32,13,2back_single_main_click,2,,4,2,6,24,12,,,,,,,,,,,03,03,yes,no,no,2025-06-17_11h10.33.301,EXNAT_4_TMS_Psychopy2024.2.5.psyexp,2024.2.5,2025-06-17 11h10.51.554308 +0200,
0,0,0,,,,,0,0,0,0,,,,,#D292F3,1605.4815874099731,False,space,correct rejection,None,720.3104496002197,,33,13,2back_single_main_click,2,,4,2,6,24,12,,,,,,,,,,,03,03,yes,no,no,2025-06-17_11h10.33.301,EXNAT_4_TMS_Psychopy2024.2.5.psyexp,2024.2.5,2025-06-17 11h10.51.554308 +0200,
0,0,0,,,,,0,0,0,0,,,,,#F989A2,1606.4256885051727,True,l,hit,688.1556510925293,1344.0165519714355,,34,13,2back_single_main_click,2,,4,3,7,24,12,1606.480773448944,,,,,,,,,,03,03,yes,no,no,2025-06-17_11h10.33.301,EXNAT_4_TMS_Psychopy2024.2.5.psyexp,2024.2.5,2025-06-17 11h10.51.554308 +0200,
0,0,0,,,,,0,0,0,0,,,,,#88BA3F,1607.9934651851654,False,space,correct rejection,None,784.285306930542,,35,13,2back_single_main_click,2,,4,3,7,24,12,,,,,,,,,,,03,03,yes,no,no,2025-06-17_11h10.33.301,EXNAT_4_TMS_Psychopy2024.2.5.psyexp,2024.2.5,2025-06-17 11h10.51.554308 +0200,
0,0,0,,,,,0,0,0,0,,,,,#D292F3,1609.0018277168274,False,space,correct rejection,None,976.2036800384521,,36,13,2back_single_main_click,2,,4,3,7,24,12,,,,,,,,,,,03,03,yes,no,no,2025-06-17_11h10.33.301,EXNAT_4_TMS_Psychopy2024.2.5.psyexp,2024.2.5,2025-06-17 11h10.51.554308 +0200,
0,0,0,,,,,0,0,0,0,,,,,#D292F3,1610.2018206119537,False,space,correct rejection,None,960.1879119873047,,37,13,2back_single_main_click,2,,4,3,7,24,12,,,,,,,,,,,03,03,yes,no,no,2025-06-17_11h10.33.301,EXNAT_4_TMS_Psychopy2024.2.5.psyexp,2024.2.5,2025-06-17 11h10.51.554308 +0200,
0,0,0,,,,,0,0,0,0,,,,,#88BA3F,1611.3853132724762,False,space,correct rejection,None,912.4155044555664,,38,13,2back_single_main_click,2,,5,3,8,24,12,1611.480844259262,,,,,,,,,,03,03,yes,no,no,2025-06-17_11h10.33.301,EXNAT_4_TMS_Psychopy2024.2.5.psyexp,2024.2.5,2025-06-17 11h10.51.554308 +0200,
0,0,0,,,,,0,0,0,0,,,,,#88BA3F,1612.5215129852295,False,space,correct rejection,None,896.5654373168945,,39,13,2back_single_main_click,2,,5,3,8,24,12,,,,,,,,,,,03,03,yes,no,no,2025-06-17_11h10.33.301,EXNAT_4_TMS_Psychopy2024.2.5.psyexp,2024.2.5,2025-06-17 11h10.51.554308 +0200,
0,0,0,,,,,0,0,0,0,,,,,#88BA3F,1613.6425926685333,True,l,hit,591.4061069488525,1135.3404521942139,,40,13,2back_single_main_click,2,,5,3,8,24,12,,,,,,,,,,,03,03,yes,no,no,2025-06-17_11h10.33.301,EXNAT_4_TMS_Psychopy2024.2.5.psyexp,2024.2.5,2025-06-17 11h10.51.554308 +0200,
0,0,0,,,,,0,0,0,0,,,,,#F989A2,1615.0016655921936,False,space,correct rejection,None,784.3937873840332,,41,13,2back_single_main_click,2,,5,3,8,24,12,,,,,,,,,,,03,03,yes,no,no,2025-06-17_11h10.33.301,EXNAT_4_TMS_Psychopy2024.2.5.psyexp,2024.2.5,2025-06-17 11h10.51.554308 +0200,
0,0,0,,,,,0,0,0,0,,,,,#F989A2,1616.009699344635,False,space,correct rejection,None,864.4402027130127,,42,13,2back_single_main_click,2,,5,3,8,24,12,,,,,,,,,,,03,03,yes,no,no,2025-06-17_11h10.33.301,EXNAT_4_TMS_Psychopy2024.2.5.psyexp,2024.2.5,2025-06-17 11h10.51.554308 +0200,
0,0,0,,,,,0,0,0,0,,,,,#F989A2,1617.0979971885681,True,l,hit,591.991662979126,1167.9072380065918,,43,13,2back_single_main_click,2,,5,4,9,24,12,1617.1539437770844,,,,,,,,,,03,03,yes,no,no,2025-06-17_11h10.33.301,EXNAT_4_TMS_Psychopy2024.2.5.psyexp,2024.2.5,2025-06-17 11h10.51.554308 +0200,
0,0,0,,,,,0,0,0,0,,,,,#2AB7EF,1618.4900307655334,False,space,correct rejection,None,1136.063575744629,,44,13,2back_single_main_click,2,,5,4,9,24,12,,,,,,,,,,,03,03,yes,no,no,2025-06-17_11h10.33.301,EXNAT_4_TMS_Psychopy2024.2.5.psyexp,2024.2.5,2025-06-17 11h10.51.554308 +0200,
0,0,0,,,,,0,0,0,0,,,,,#D292F3,1619.8500745296478,False,space,correct rejection,None,1167.7861213684082,,45,13,2back_single_main_click,2,,5,4,9,24,12,,,,,,,,,,,03,03,yes,no,no,2025-06-17_11h10.33.301,EXNAT_4_TMS_Psychopy2024.2.5.psyexp,2024.2.5,2025-06-17 11h10.51.554308 +0200,
0,0,0,,,,,0,0,0,0,,,,,#88BA3F,1621.242219209671,False,space,correct rejection,None,815.7649040222168,,46,13,2back_single_main_click,2,,5,4,9,24,12,,,,,,,,,,,03,03,yes,no,no,2025-06-17_11h10.33.301,EXNAT_4_TMS_Psychopy2024.2.5.psyexp,2024.2.5,2025-06-17 11h10.51.554308 +0200,
0,0,0,,,,,0,0,0,0,,,,,#2AB7EF,1622.2816779613495,False,space,correct rejection,None,1312.3290538787842,,47,13,2back_single_main_click,2,,6,4,10,24,12,1622.3369796276093,,,,,,,,,,03,03,yes,no,no,2025-06-17_11h10.33.301,EXNAT_4_TMS_Psychopy2024.2.5.psyexp,2024.2.5,2025-06-17 11h10.51.554308 +0200,
0,0,0,,,,,0,0,0,0,,,,,#2AB7EF,1623.8179502487183,False,space,correct rejection,None,815.8268928527832,,48,13,2back_single_main_click,2,,6,4,10,24,12,,,,,,,,,,,03,03,yes,no,no,2025-06-17_11h10.33.301,EXNAT_4_TMS_Psychopy2024.2.5.psyexp,2024.2.5,2025-06-17 11h10.51.554308 +0200,
0,0,0,,,,,0,0,0,0,,,,,#2AB7EF,1624.8578073978424,True,l,hit,576.3022899627686,1024.1053104400635,,49,13,2back_single_main_click,2,,6,4,10,24,12,,,,,,,,,,,03,03,yes,no,no,2025-06-17_11h10.33.301,EXNAT_4_TMS_Psychopy2024.2.5.psyexp,2024.2.5,2025-06-17 11h10.51.554308 +0200,
0,0,0,,,,,0,0,0,0,,,,,#D292F3,1626.105177640915,False,space,correct rejection,None,784.6744060516357,,50,13,2back_single_main_click,2,,6,4,10,24,12,,,,,,,,,,,03,03,yes,no,no,2025-06-17_11h10.33.301,EXNAT_4_TMS_Psychopy2024.2.5.psyexp,2024.2.5,2025-06-17 11h10.51.554308 +0200,
0,0,0,,,,,0,0,0,0,,,,,#F989A2,1627.1139161586761,False,space,correct rejection,None,736.1245155334473,,51,13,2back_single_main_click,2,,6,4,10,24,12,,,,,,,,,,,03,03,yes,no,no,2025-06-17_11h10.33.301,EXNAT_4_TMS_Psychopy2024.2.5.psyexp,2024.2.5,2025-06-17 11h10.51.554308 +0200,
0,0,0,,,,,0,0,0,0,,,,,#2AB7EF,1628.0746097564697,False,space,correct rejection,None,815.3409957885742,,52,13,2back_single_main_click,2,,6,4,10,24,12,,,,,,,,,,,03,03,yes,no,no,2025-06-17_11h10.33.301,EXNAT_4_TMS_Psychopy2024.2.5.psyexp,2024.2.5,2025-06-17 11h10.51.554308 +0200,
0,0,0,,,,,0,0,0,0,,,,,#88BA3F,1629.1133389472961,False,space,correct rejection,None,688.6789798736572,,53,13,2back_single_main_click,2,,6,4,10,24,12,,,,,,,,,,,03,03,yes,no,no,2025-06-17_11h10.33.301,EXNAT_4_TMS_Psychopy2024.2.5.psyexp,2024.2.5,2025-06-17 11h10.51.554308 +0200,
0,0,0,,,,,0,0,0,0,,,,,#D292F3,1630.025937795639,False,space,correct rejection,None,752.2366046905518,,54,13,2back_single_main_click,2,,6,4,10,24,12,,,,,,,,,,,03,03,yes,no,no,2025-06-17_11h10.33.301,EXNAT_4_TMS_Psychopy2024.2.5.psyexp,2024.2.5,2025-06-17 11h10.51.554308 +0200,
0,0,0,,,,,0,0,0,0,,,,,#2AB7EF,1631.0028474330902,False,space,correct rejection,None,927.2682666778564,,55,13,2back_single_main_click,2,,6,4,10,24,12,,,,,,,,,,,03,03,yes,no,no,2025-06-17_11h10.33.301,EXNAT_4_TMS_Psychopy2024.2.5.psyexp,2024.2.5,2025-06-17 11h10.51.554308 +0200,
0,0,0,,,,,0,0,0,0,,,,,#F989A2,1632.1543068885803,False,space,correct rejection,None,943.7315464019775,,56,13,2back_single_main_click,2,,6,4,10,24,12,,,,,,,,,,,03,03,yes,no,no,2025-06-17_11h10.33.301,EXNAT_4_TMS_Psychopy2024.2.5.psyexp,2024.2.5,2025-06-17 11h10.51.554308 +0200,
0,0,0,,,,,0,0,0,0,,,,,#D292F3,1633.3219521045685,False,space,correct rejection,None,656.0916900634766,,57,13,2back_single_main_click,2,,6,4,10,24,12,,,,,,,,,,,03,03,yes,no,no,2025-06-17_11h10.33.301,EXNAT_4_TMS_Psychopy2024.2.5.psyexp,2024.2.5,2025-06-17 11h10.51.554308 +0200,
0,0,0,,,,,0,0,0,0,,,,,#88BA3F,1634.2018599510193,False,space,correct rejection,None,1039.9730205535889,,58,13,2back_single_main_click,2,,6,4,10,24,12,,,,,,,,,,,03,03,yes,no,no,2025-06-17_11h10.33.301,EXNAT_4_TMS_Psychopy2024.2.5.psyexp,2024.2.5,2025-06-17 11h10.51.554308 +0200,
0,0,0,,,,,0,0,0,0,,,,,#88BA3F,1635.465422153473,False,space,correct rejection,None,1040.6122207641602,,59,13,2back_single_main_click,2,,6,4,10,24,12,,,,,,,,,,,03,03,yes,no,no,2025-06-17_11h10.33.301,EXNAT_4_TMS_Psychopy2024.2.5.psyexp,2024.2.5,2025-06-17 11h10.51.554308 +0200,
0,0,0,,,,,0,0,0,0,,,,,#F989A2,1636.7299506664276,False,space,correct rejection,None,1071.9668865203857,,60,13,2back_single_main_click,2,,6,4,10,24,12,,,,,,,,,,,03,03,yes,no,no,2025-06-17_11h10.33.301,EXNAT_4_TMS_Psychopy2024.2.5.psyexp,2024.2.5,2025-06-17 11h10.51.554308 +0200,
0,0,0,,,,,0,0,0,0,,,,,#2AB7EF,1644.5171270370483,False,space,correct rejection,None,772.7565765380859,,1,14,2back_single_main_click,2,,6,4,10,24,12,,,,,,,,,,,03,03,yes,no,no,2025-06-17_11h10.33.301,EXNAT_4_TMS_Psychopy2024.2.5.psyexp,2024.2.5,2025-06-17 11h10.51.554308 +0200,
0,0,0,,,,,0,0,0,0,,,,,#88BA3F,1645.5049924850464,False,space,correct rejection,None,761.0893249511719,,2,14,2back_single_main_click,2,,6,4,10,24,12,,,,,,,,,,,03,03,yes,no,no,2025-06-17_11h10.33.301,EXNAT_4_TMS_Psychopy2024.2.5.psyexp,2024.2.5,2025-06-17 11h10.51.554308 +0200,
0,0,0,,,,,0,0,0,0,,,,,#F989A2,1646.4820494651794,False,space,correct rejection,None,935.8620643615723,,3,14,2back_single_main_click,2,,6,4,10,24,12,,,,,,,,,,,03,03,yes,no,no,2025-06-17_11h10.33.301,EXNAT_4_TMS_Psychopy2024.2.5.psyexp,2024.2.5,2025-06-17 11h10.51.554308 +0200,
0,0,0,,,,,0,0,0,0,,,,,#D292F3,1647.6348915100098,False,space,correct rejection,None,855.1924228668213,,4,14,2back_single_main_click,2,,6,4,10,24,12,,,,,,,,,,,03,03,yes,no,no,2025-06-17_11h10.33.301,EXNAT_4_TMS_Psychopy2024.2.5.psyexp,2024.2.5,2025-06-17 11h10.51.554308 +0200,
0,0,0,,,,,0,0,0,0,,,,,#88BA3F,1648.707249879837,False,space,correct rejection,None,662.7597808837891,,5,14,2back_single_main_click,2,,6,4,10,24,12,,,,,,,,,,,03,03,yes,no,no,2025-06-17_11h10.33.301,EXNAT_4_TMS_Psychopy2024.2.5.psyexp,2024.2.5,2025-06-17 11h10.51.554308 +0200,
0,0,0,,,,,0,0,0,0,,,,,#F989A2,1649.5876441001892,False,space,correct rejection,None,1222.3758697509766,,6,14,2back_single_main_click,2,,6,4,10,24,12,,,,,,,,,,,03,03,yes,no,no,2025-06-17_11h10.33.301,EXNAT_4_TMS_Psychopy2024.2.5.psyexp,2024.2.5,2025-06-17 11h10.51.554308 +0200,
0,0,0,,,,,0,0,0,0,,,,,#F989A2,1651.033697128296,False,space,correct rejection,None,1456.355094909668,,7,14,2back_single_main_click,2,,6,4,10,24,12,,,,,,,,,,,03,03,yes,no,no,2025-06-17_11h10.33.301,EXNAT_4_TMS_Psychopy2024.2.5.psyexp,2024.2.5,2025-06-17 11h10.51.554308 +0200,
0,0,0,,,,,0,0,0,0,,,,,#F989A2,1652.7134535312653,True,space,miss,None,704.5338153839111,,8,14,2back_single_main_click,2,,6,5,11,24,12,1652.770700931549,,,,,,,,,,03,03,yes,no,no,2025-06-17_11h10.33.301,EXNAT_4_TMS_Psychopy2024.2.5.psyexp,2024.2.5,2025-06-17 11h10.51.554308 +0200,
0,0,0,,,,,0,0,0,0,,,,,#88BA3F,1653.6421065330505,False,space,correct rejection,None,1151.926040649414,,9,14,2back_single_main_click,2,,6,5,11,24,12,,,,,,,,,,,03,03,yes,no,no,2025-06-17_11h10.33.301,EXNAT_4_TMS_Psychopy2024.2.5.psyexp,2024.2.5,2025-06-17 11h10.51.554308 +0200,
0,0,0,,,,,0,0,0,0,,,,,#2AB7EF,1655.0179533958435,False,space,correct rejection,None,1408.0321788787842,,10,14,2back_single_main_click,2,,6,5,11,24,12,,,,,,,,,,,03,03,yes,no,no,2025-06-17_11h10.33.301,EXNAT_4_TMS_Psychopy2024.2.5.psyexp,2024.2.5,2025-06-17 11h10.51.554308 +0200,
0,0,0,,,,,0,0,0,0,,,,,#D292F3,1656.649901151657,False,space,correct rejection,None,640.0876045227051,,11,14,2back_single_main_click,2,,6,5,11,24,12,,,,,,,,,,,03,03,yes,no,no,2025-06-17_11h10.33.301,EXNAT_4_TMS_Psychopy2024.2.5.psyexp,2024.2.5,2025-06-17 11h10.51.554308 +0200,
0,0,0,,,,,0,0,0,0,,,,,#D292F3,1657.5138273239136,False,space,correct rejection,None,960.2079391479492,,12,14,2back_single_main_click,2,,7,5,12,24,12,1657.770587682724,,,,,,,,,,03,03,yes,no,no,2025-06-17_11h10.33.301,EXNAT_4_TMS_Psychopy2024.2.5.psyexp,2024.2.5,2025-06-17 11h10.51.554308 +0200,
0,0,0,,,,,0,0,0,0,,,,,#D292F3,1658.698318719864,True,l,hit,671.6444492340088,1231.5189838409424,,13,14,2back_single_main_click,2,,7,5,12,24,12,,,,,,,,,,,03,03,yes,no,no,2025-06-17_11h10.33.301,EXNAT_4_TMS_Psychopy2024.2.5.psyexp,2024.2.5,2025-06-17 11h10.51.554308 +0200,
0,0,0,,,,,0,0,0,0,,,,,#88BA3F,1660.1536917686462,False,space,correct rejection,None,864.4423484802246,,14,14,2back_single_main_click,2,,7,5,12,24,12,,,,,,,,,,,03,03,yes,no,no,2025-06-17_11h10.33.301,EXNAT_4_TMS_Psychopy2024.2.5.psyexp,2024.2.5,2025-06-17 11h10.51.554308 +0200,
0,0,0,,,,,0,0,0,0,,,,,#F989A2,1661.241952419281,False,space,correct rejection,None,720.0889587402344,,15,14,2back_single_main_click,2,,7,5,12,24,12,,,,,,,,,,,03,03,yes,no,no,2025-06-17_11h10.33.301,EXNAT_4_TMS_Psychopy2024.2.5.psyexp,2024.2.5,2025-06-17 11h10.51.554308 +0200,
0,0,0,,,,,0,0,0,0,,,,,#88BA3F,1662.1859884262085,True,l,hit,592.0553207397461,1087.8913402557373,,16,14,2back_single_main_click,2,,7,5,12,24,12,,,,,,,,,,,03,03,yes,no,no,2025-06-17_11h10.33.301,EXNAT_4_TMS_Psychopy2024.2.5.psyexp,2024.2.5,2025-06-17 11h10.51.554308 +0200,
0,0,0,,,,,0,0,0,0,,,,,#D292F3,1663.49796128273,False,space,correct rejection,None,768.0351734161377,,17,14,2back_single_main_click,2,,7,5,12,24,12,,,,,,,,,,,03,03,yes,no,no,2025-06-17_11h10.33.301,EXNAT_4_TMS_Psychopy2024.2.5.psyexp,2024.2.5,2025-06-17 11h10.51.554308 +0200,
0,0,0,,,,,0,0,0,0,,,,,#88BA3F,1664.4894380569458,True,l,hit,1296.692132949829,1760.474443435669,,18,14,2back_single_main_click,2,,7,6,13,24,12,1664.5469572544098,,,,,,,,,,03,03,yes,no,no,2025-06-17_11h10.33.301,EXNAT_4_TMS_Psychopy2024.2.5.psyexp,2024.2.5,2025-06-17 11h10.51.554308 +0200,
0,0,0,,,,,0,0,0,0,,,,,#F989A2,1666.4734363555908,False,space,correct rejection,None,1088.5703563690186,,19,14,2back_single_main_click,2,,7,6,13,24,12,,,,,,,,,,,03,03,yes,no,no,2025-06-17_11h10.33.301,EXNAT_4_TMS_Psychopy2024.2.5.psyexp,2024.2.5,2025-06-17 11h10.51.554308 +0200,
0,0,0,,,,,0,0,0,0,,,,,#D292F3,1667.7860791683197,False,space,correct rejection,None,751.9376277923584,,20,14,2back_single_main_click,2,,7,6,13,24,12,,,,,,,,,,,03,03,yes,no,no,2025-06-17_11h10.33.301,EXNAT_4_TMS_Psychopy2024.2.5.psyexp,2024.2.5,2025-06-17 11h10.51.554308 +0200,
0,0,0,,,,,0,0,0,0,,,,,#F989A2,1668.7620012760162,True,space,miss,None,1023.8151550292969,,21,14,2back_single_main_click,2,,7,7,14,24,12,1669.5468685626984,,,,,,,,,,03,03,yes,no,no,2025-06-17_11h10.33.301,EXNAT_4_TMS_Psychopy2024.2.5.psyexp,2024.2.5,2025-06-17 11h10.51.554308 +0200,
0,0,0,,,,,0,0,0,0,,,,,#2AB7EF,1670.009318113327,False,space,correct rejection,None,1328.7353515625,,22,14,2back_single_main_click,2,,7,7,14,24,12,,,,,,,,,,,03,03,yes,no,no,2025-06-17_11h10.33.301,EXNAT_4_TMS_Psychopy2024.2.5.psyexp,2024.2.5,2025-06-17 11h10.51.554308 +0200,
0,0,0,,,,,0,0,0,0,,,,,#2AB7EF,1671.5617010593414,False,space,correct rejection,None,704.4565677642822,,23,14,2back_single_main_click,2,,7,7,14,24,12,,,,,,,,,,,03,03,yes,no,no,2025-06-17_11h10.33.301,EXNAT_4_TMS_Psychopy2024.2.5.psyexp,2024.2.5,2025-06-17 11h10.51.554308 +0200,
0,0,0,,,,,0,0,0,0,,,,,#2AB7EF,1672.4900810718536,True,l,hit,512.0284557342529,1087.8374576568604,,24,14,2back_single_main_click,2,,7,7,14,24,12,,,,,,,,,,,03,03,yes,no,no,2025-06-17_11h10.33.301,EXNAT_4_TMS_Psychopy2024.2.5.psyexp,2024.2.5,2025-06-17 11h10.51.554308 +0200,
0,0,0,,,,,0,0,0,0,,,,,#F989A2,1673.8014776706696,False,space,correct rejection,None,928.5006523132324,,25,14,2back_single_main_click,2,,8,7,15,24,12,1674.546895980835,,,,,,,,,,03,03,yes,no,no,2025-06-17_11h10.33.301,EXNAT_4_TMS_Psychopy2024.2.5.psyexp,2024.2.5,2025-06-17 11h10.51.554308 +0200,
0,0,0,,,,,0,0,0,0,,,,,#F989A2,1674.9537463188171,False,space,correct rejection,None,896.2807655334473,,26,14,2back_single_main_click,2,,8,7,15,24,12,,,,,,,,,,,03,03,yes,no,no,2025-06-17_11h10.33.301,EXNAT_4_TMS_Psychopy2024.2.5.psyexp,2024.2.5,2025-06-17 11h10.51.554308 +0200,
0,0,0,,,,,0,0,0,0,,,,,#88BA3F,1676.0739176273346,False,space,correct rejection,None,1248.1820583343506,,27,14,2back_single_main_click,2,,8,7,15,24,12,,,,,,,,,,,03,03,yes,no,no,2025-06-17_11h10.33.301,EXNAT_4_TMS_Psychopy2024.2.5.psyexp,2024.2.5,2025-06-17 11h10.51.554308 +0200,
0,0,0,,,,,0,0,0,0,,,,,#2AB7EF,1677.5458211898804,False,space,correct rejection,None,1040.2781963348389,,28,14,2back_single_main_click,2,,8,7,15,24,12,,,,,,,,,,,03,03,yes,no,no,2025-06-17_11h10.33.301,EXNAT_4_TMS_Psychopy2024.2.5.psyexp,2024.2.5,2025-06-17 11h10.51.554308 +0200,
0,0,0,,,,,0,0,0,0,,,,,#D292F3,1678.8102622032166,False,space,correct rejection,None,767.8239345550537,,29,14,2back_single_main_click,2,,9,7,16,24,12,1679.5468938350677,,,,,,,,,,03,03,yes,no,no,2025-06-17_11h10.33.301,EXNAT_4_TMS_Psychopy2024.2.5.psyexp,2024.2.5,2025-06-17 11h10.51.554308 +0200,
0,0,0,,,,,0,0,0,0,,,,,#F989A2,1679.8007912635803,False,space,correct rejection,None,1169.187307357788,,30,14,2back_single_main_click,2,,9,7,16,24,12,,,,,,,,,,,03,03,yes,no,no,2025-06-17_11h10.33.301,EXNAT_4_TMS_Psychopy2024.2.5.psyexp,2024.2.5,2025-06-17 11h10.51.554308 +0200,
0,0,0,,,,,0,0,0,0,,,,,#88BA3F,1681.1939401626587,False,space,correct rejection,None,1119.903564453125,,31,14,2back_single_main_click,2,,9,7,16,24,12,,,,,,,,,,,03,03,yes,no,no,2025-06-17_11h10.33.301,EXNAT_4_TMS_Psychopy2024.2.5.psyexp,2024.2.5,2025-06-17 11h10.51.554308 +0200,
0,0,0,,,,,0,0,0,0,,,,,#2AB7EF,1682.538404226303,False,space,correct rejection,None,815.5045509338379,,32,14,2back_single_main_click,2,,9,7,16,24,12,,,,,,,,,,,03,03,yes,no,no,2025-06-17_11h10.33.301,EXNAT_4_TMS_Psychopy2024.2.5.psyexp,2024.2.5,2025-06-17 11h10.51.554308 +0200,
0,0,0,,,,,0,0,0,0,,,,,#88BA3F,1683.5776960849762,True,l,hit,592.4057960510254,1136.0974311828613,,33,14,2back_single_main_click,2,,9,8,17,24,12,1684.5468957424164,,,,,,,,,,03,03,yes,no,no,2025-06-17_11h10.33.301,EXNAT_4_TMS_Psychopy2024.2.5.psyexp,2024.2.5,2025-06-17 11h10.51.554308 +0200,
0,0,0,,,,,0,0,0,0,,,,,#D292F3,1684.9356534481049,False,space,correct rejection,None,1186.354160308838,,34,14,2back_single_main_click,2,,9,8,17,24,12,,,,,,,,,,,03,03,yes,no,no,2025-06-17_11h10.33.301,EXNAT_4_TMS_Psychopy2024.2.5.psyexp,2024.2.5,2025-06-17 11h10.51.554308 +0200,
0,0,0,,,,,0,0,0,0,,,,,#2AB7EF,1686.345981836319,False,space,correct rejection,None,880.0780773162842,,35,14,2back_single_main_click,2,,9,8,17,24,12,,,,,,,,,,,03,03,yes,no,no,2025-06-17_11h10.33.301,EXNAT_4_TMS_Psychopy2024.2.5.psyexp,2024.2.5,2025-06-17 11h10.51.554308 +0200,
0,0,0,,,,,0,0,0,0,,,,,#D292F3,1687.4500608444214,True,l,hit,527.8143882751465,991.8324947357178,,36,14,2back_single_main_click,2,,9,8,17,24,12,,,,,,,,,,,03,03,yes,no,no,2025-06-17_11h10.33.301,EXNAT_4_TMS_Psychopy2024.2.5.psyexp,2024.2.5,2025-06-17 11h10.51.554308 +0200,
0,0,0,,,,,0,0,0,0,,,,,#2AB7EF,1688.6659474372864,True,l,hit,592.1008586883545,1007.9331398010254,,37,14,2back_single_main_click,2,,9,9,18,24,12,1689.5469198226929,,,,,,,,,,03,03,yes,no,no,2025-06-17_11h10.33.301,EXNAT_4_TMS_Psychopy2024.2.5.psyexp,2024.2.5,2025-06-17 11h10.51.554308 +0200,
0,0,0,,,,,0,0,0,0,,,,,#F989A2,1689.8979473114014,False,space,correct rejection,None,704.063892364502,,38,14,2back_single_main_click,2,,9,9,18,24,12,,,,,,,,,,,03,03,yes,no,no,2025-06-17_11h10.33.301,EXNAT_4_TMS_Psychopy2024.2.5.psyexp,2024.2.5,2025-06-17 11h10.51.554308 +0200,
0,0,0,,,,,0,0,0,0,,,,,#88BA3F,1690.8258469104767,False,space,correct rejection,None,1440.2310848236084,,39,14,2back_single_main_click,2,,9,9,18,24,12,,,,,,,,,,,03,03,yes,no,no,2025-06-17_11h10.33.301,EXNAT_4_TMS_Psychopy2024.2.5.psyexp,2024.2.5,2025-06-17 11h10.51.554308 +0200,
0,0,0,,,,,0,0,0,0,,,,,#D292F3,1692.4899382591248,False,space,correct rejection,None,672.1384525299072,,40,14,2back_single_main_click,2,,9,9,18,24,12,,,,,,,,,,,03,03,yes,no,no,2025-06-17_11h10.33.301,EXNAT_4_TMS_Psychopy2024.2.5.psyexp,2024.2.5,2025-06-17 11h10.51.554308 +0200,
0,0,0,,,,,0,0,0,0,,,,,#88BA3F,1693.3858244419098,True,l,hit,688.2073879241943,1056.1237335205078,,41,14,2back_single_main_click,2,,9,9,18,24,12,,,,,,,,,,,03,03,yes,no,no,2025-06-17_11h10.33.301,EXNAT_4_TMS_Psychopy2024.2.5.psyexp,2024.2.5,2025-06-17 11h10.51.554308 +0200,
0,0,0,,,,,0,0,0,0,,,,,#F989A2,1694.6657779216766,False,space,correct rejection,None,688.309907913208,,42,14,2back_single_main_click,2,,10,9,19,24,12,1694.7200379371643,,,,,,,,,,03,03,yes,no,no,2025-06-17_11h10.33.301,EXNAT_4_TMS_Psychopy2024.2.5.psyexp,2024.2.5,2025-06-17 11h10.51.554308 +0200,
0,0,0,,,,,0,0,0,0,,,,,#D292F3,1695.5782763957977,False,space,correct rejection,None,943.7768459320068,,43,14,2back_single_main_click,2,,10,9,19,24,12,,,,,,,,,,,03,03,yes,no,no,2025-06-17_11h10.33.301,EXNAT_4_TMS_Psychopy2024.2.5.psyexp,2024.2.5,2025-06-17 11h10.51.554308 +0200,
0,0,0,,,,,0,0,0,0,,,,,#2AB7EF,1696.7458093166351,False,space,correct rejection,None,848.2413291931152,,44,14,2back_single_main_click,2,,10,9,19,24,12,,,,,,,,,,,03,03,yes,no,no,2025-06-17_11h10.33.301,EXNAT_4_TMS_Psychopy2024.2.5.psyexp,2024.2.5,2025-06-17 11h10.51.554308 +0200,
0,0,0,,,,,0,0,0,0,,,,,#F989A2,1697.8178663253784,False,space,correct rejection,None,896.0518836975098,,45,14,2back_single_main_click,2,,10,9,19,24,12,,,,,,,,,,,03,03,yes,no,no,2025-06-17_11h10.33.301,EXNAT_4_TMS_Psychopy2024.2.5.psyexp,2024.2.5,2025-06-17 11h10.51.554308 +0200,
0,0,0,,,,,0,0,0,0,,,,,#D292F3,1698.9377942085266,False,space,correct rejection,None,720.2224731445312,,46,14,2back_single_main_click,2,,10,9,19,24,12,,,,,,,,,,,03,03,yes,no,no,2025-06-17_11h10.33.301,EXNAT_4_TMS_Psychopy2024.2.5.psyexp,2024.2.5,2025-06-17 11h10.51.554308 +0200,
0,0,0,,,,,0,0,0,0,,,,,#88BA3F,1699.8819463253021,False,space,correct rejection,None,944.1399574279785,,47,14,2back_single_main_click,2,,11,9,20,24,12,1699.943379163742,,,,,,,,,,03,03,yes,no,no,2025-06-17_11h10.33.301,EXNAT_4_TMS_Psychopy2024.2.5.psyexp,2024.2.5,2025-06-17 11h10.51.554308 +0200,
0,0,0,,,,,0,0,0,0,,,,,#2AB7EF,1701.0498790740967,False,space,correct rejection,None,720.2279567718506,,48,14,2back_single_main_click,2,,11,9,20,24,12,,,,,,,,,,,03,03,yes,no,no,2025-06-17_11h10.33.301,EXNAT_4_TMS_Psychopy2024.2.5.psyexp,2024.2.5,2025-06-17 11h10.51.554308 +0200,
0,0,0,,,,,0,0,0,0,,,,,#D292F3,1701.9940791130066,False,space,correct rejection,None,800.0359535217285,,49,14,2back_single_main_click,2,,11,9,20,24,12,,,,,,,,,,,03,03,yes,no,no,2025-06-17_11h10.33.301,EXNAT_4_TMS_Psychopy2024.2.5.psyexp,2024.2.5,2025-06-17 11h10.51.554308 +0200,
0,0,0,,,,,0,0,0,0,,,,,#2AB7EF,1703.0177609920502,True,space,miss,None,1232.3739528656006,,50,14,2back_single_main_click,2,,11,9,20,24,12,,,,,,,,,,,03,03,yes,no,no,2025-06-17_11h10.33.301,EXNAT_4_TMS_Psychopy2024.2.5.psyexp,2024.2.5,2025-06-17 11h10.51.554308 +0200,
0,0,0,,,,,0,0,0,0,,,,,#F989A2,1704.4742105007172,False,space,correct rejection,None,815.8531188964844,,51,14,2back_single_main_click,2,,11,9,20,24,12,,,,,,,,,,,03,03,yes,no,no,2025-06-17_11h10.33.301,EXNAT_4_TMS_Psychopy2024.2.5.psyexp,2024.2.5,2025-06-17 11h10.51.554308 +0200,
0,0,0,,,,,0,0,0,0,,,,,#2AB7EF,1705.5142123699188,True,l,hit,879.8391819000244,1327.6727199554443,,52,14,2back_single_main_click,2,,11,10,21,24,12,1705.5712752342224,,,,,,,,,,03,03,yes,no,no,2025-06-17_11h10.33.301,EXNAT_4_TMS_Psychopy2024.2.5.psyexp,2024.2.5,2025-06-17 11h10.51.554308 +0200,
0,0,0,,,,,0,0,0,0,,,,,#88BA3F,1707.0659551620483,False,space,correct rejection,None,1392.2502994537354,,53,14,2back_single_main_click,2,,11,10,21,24,12,,,,,,,,,,,03,03,yes,no,no,2025-06-17_11h10.33.301,EXNAT_4_TMS_Psychopy2024.2.5.psyexp,2024.2.5,2025-06-17 11h10.51.554308 +0200,
0,0,0,,,,,0,0,0,0,,,,,#88BA3F,1708.682212114334,False,space,correct rejection,None,735.8231544494629,,54,14,2back_single_main_click,2,,11,10,21,24,12,,,,,,,,,,,03,03,yes,no,no,2025-06-17_11h10.33.301,EXNAT_4_TMS_Psychopy2024.2.5.psyexp,2024.2.5,2025-06-17 11h10.51.554308 +0200,
0,0,0,,,,,0,0,0,0,,,,,#D292F3,1709.6418323516846,False,space,correct rejection,None,928.253173828125,,55,14,2back_single_main_click,2,,11,10,21,24,12,,,,,,,,,,,03,03,yes,no,no,2025-06-17_11h10.33.301,EXNAT_4_TMS_Psychopy2024.2.5.psyexp,2024.2.5,2025-06-17 11h10.51.554308 +0200,
0,0,0,,,,,0,0,0,0,,,,,#2AB7EF,1710.793951511383,False,space,correct rejection,None,736.0870838165283,,56,14,2back_single_main_click,2,,12,10,22,24,12,1710.848949432373,,,,,,,,,,03,03,yes,no,no,2025-06-17_11h10.33.301,EXNAT_4_TMS_Psychopy2024.2.5.psyexp,2024.2.5,2025-06-17 11h10.51.554308 +0200,
0,0,0,,,,,0,0,0,0,,,,,#F989A2,1711.7540287971497,False,l,false alarm,1007.9030990600586,1455.97505569458,,57,14,2back_single_main_click,2,,12,10,22,24,12,,,,,,,,,,,03,03,yes,no,no,2025-06-17_11h10.33.301,EXNAT_4_TMS_Psychopy2024.2.5.psyexp,2024.2.5,2025-06-17 11h10.51.554308 +0200,
0,0,0,,,,,0,0,0,0,,,,,#F989A2,1713.4329147338867,False,space,correct rejection,None,881.3250064849854,,58,14,2back_single_main_click,2,,12,10,22,24,12,,,,,,,,,,,03,03,yes,no,no,2025-06-17_11h10.33.301,EXNAT_4_TMS_Psychopy2024.2.5.psyexp,2024.2.5,2025-06-17 11h10.51.554308 +0200,
0,0,0,,,,,0,0,0,0,,,,,#D292F3,1714.538071155548,False,space,correct rejection,None,815.9129619598389,,59,14,2back_single_main_click,2,,12,10,22,24,12,,,,,,,,,,,03,03,yes,no,no,2025-06-17_11h10.33.301,EXNAT_4_TMS_Psychopy2024.2.5.psyexp,2024.2.5,2025-06-17 11h10.51.554308 +0200,
0,0,0,,,,,0,0,0,0,,,,,#88BA3F,1715.5779480934143,False,space,correct rejection,None,1312.2437000274658,,60,14,2back_single_main_click,2,,12,10,22,24,12,,,,,,,,,,,03,03,yes,no,no,2025-06-17_11h10.33.301,EXNAT_4_TMS_Psychopy2024.2.5.psyexp,2024.2.5,2025-06-17 11h10.51.554308 +0200,
0,0,0,,,,,0,0,0,0,,,,,#2AB7EF,1723.6466085910797,False,space,correct rejection,None,843.5952663421631,,1,15,2back_single_main_click,2,,12,10,22,24,12,,,,,,,,,,,03,03,yes,no,no,2025-06-17_11h10.33.301,EXNAT_4_TMS_Psychopy2024.2.5.psyexp,2024.2.5,2025-06-17 11h10.51.554308 +0200,
0,0,0,,,,,0,0,0,0,,,,,#D292F3,1724.704423904419,False,space,correct rejection,None,1177.649736404419,,2,15,2back_single_main_click,2,,12,10,22,24,12,,,,,,,,,,,03,03,yes,no,no,2025-06-17_11h10.33.301,EXNAT_4_TMS_Psychopy2024.2.5.psyexp,2024.2.5,2025-06-17 11h10.51.554308 +0200,
0,0,0,,,,,0,0,0,0,,,,,#88BA3F,1726.100123167038,False,space,correct rejection,None,918.048620223999,,3,15,2back_single_main_click,2,,12,10,22,24,12,,,,,,,,,,,03,03,yes,no,no,2025-06-17_11h10.33.301,EXNAT_4_TMS_Psychopy2024.2.5.psyexp,2024.2.5,2025-06-17 11h10.51.554308 +0200,
0,0,0,,,,,0,0,0,0,,,,,#F989A2,1727.2352087497711,False,space,correct rejection,None,918.8826084136963,,4,15,2back_single_main_click,2,,12,10,22,24,12,,,,,,,,,,,03,03,yes,no,no,2025-06-17_11h10.33.301,EXNAT_4_TMS_Psychopy2024.2.5.psyexp,2024.2.5,2025-06-17 11h10.51.554308 +0200,
0,0,0,,,,,0,0,0,0,,,,,#D292F3,1728.3780827522278,False,space,correct rejection,None,1008.0082416534424,,5,15,2back_single_main_click,2,,12,10,22,24,12,,,,,,,,,,,03,03,yes,no,no,2025-06-17_11h10.33.301,EXNAT_4_TMS_Psychopy2024.2.5.psyexp,2024.2.5,2025-06-17 11h10.51.554308 +0200,
0,0,0,,,,,0,0,0,0,,,,,#F989A2,1729.610033273697,True,space,miss,None,1536.1759662628174,,6,15,2back_single_main_click,2,,12,11,23,24,12,1729.6634302139282,,,,,,,,,,03,03,yes,no,no,2025-06-17_11h10.33.301,EXNAT_4_TMS_Psychopy2024.2.5.psyexp,2024.2.5,2025-06-17 11h10.51.554308 +0200,
0,0,0,,,,,0,0,0,0,,,,,#88BA3F,1731.3702070713043,False,space,correct rejection,None,1104.0003299713135,,7,15,2back_single_main_click,2,,12,11,23,24,12,,,,,,,,,,,03,03,yes,no,no,2025-06-17_11h10.33.301,EXNAT_4_TMS_Psychopy2024.2.5.psyexp,2024.2.5,2025-06-17 11h10.51.554308 +0200,
0,0,0,,,,,0,0,0,0,,,,,#D292F3,1732.698041677475,False,space,correct rejection,None,1104.2170524597168,,8,15,2back_single_main_click,2,,12,11,23,24,12,,,,,,,,,,,03,03,yes,no,no,2025-06-17_11h10.33.301,EXNAT_4_TMS_Psychopy2024.2.5.psyexp,2024.2.5,2025-06-17 11h10.51.554308 +0200,
0,0,0,,,,,0,0,0,0,,,,,#2AB7EF,1734.0264613628387,False,space,correct rejection,None,799.6435165405273,,9,15,2back_single_main_click,2,,12,11,23,24,12,,,,,,,,,,,03,03,yes,no,no,2025-06-17_11h10.33.301,EXNAT_4_TMS_Psychopy2024.2.5.psyexp,2024.2.5,2025-06-17 11h10.51.554308 +0200,
0,0,0,,,,,0,0,0,0,,,,,#2AB7EF,1735.0493099689484,False,space,correct rejection,None,1424.6487617492676,,10,15,2back_single_main_click,2,,12,11,23,24,12,,,,,,,,,,,03,03,yes,no,no,2025-06-17_11h10.33.301,EXNAT_4_TMS_Psychopy2024.2.5.psyexp,2024.2.5,2025-06-17 11h10.51.554308 +0200,
0,0,0,,,,,0,0,0,0,,,,,#F989A2,1736.698168039322,False,space,correct rejection,None,1184.0286254882812,,11,15,2back_single_main_click,2,,12,11,23,24,12,,,,,,,,,,,03,03,yes,no,no,2025-06-17_11h10.33.301,EXNAT_4_TMS_Psychopy2024.2.5.psyexp,2024.2.5,2025-06-17 11h10.51.554308 +0200,
0,0,0,,,,,0,0,0,0,,,,,#88BA3F,1738.105816602707,False,space,correct rejection,None,960.2742195129395,,12,15,2back_single_main_click,2,,12,11,23,24,12,,,,,,,,,,,03,03,yes,no,no,2025-06-17_11h10.33.301,EXNAT_4_TMS_Psychopy2024.2.5.psyexp,2024.2.5,2025-06-17 11h10.51.554308 +0200,
0,0,0,,,,,0,0,0,0,,,,,#2AB7EF,1739.290113210678,False,space,correct rejection,None,1152.0402431488037,,13,15,2back_single_main_click,2,,12,11,23,24,12,,,,,,,,,,,03,03,yes,no,no,2025-06-17_11h10.33.301,EXNAT_4_TMS_Psychopy2024.2.5.psyexp,2024.2.5,2025-06-17 11h10.51.554308 +0200,
0,0,0,,,,,0,0,0,0,,,,,#88BA3F,1740.666347503662,True,l,hit,607.752799987793,1359.60054397583,,14,15,2back_single_main_click,2,,12,12,24,24,inf,1740.723911523819,,,,,,,,,,03,03,yes,no,no,2025-06-17_11h10.33.301,EXNAT_4_TMS_Psychopy2024.2.5.psyexp,2024.2.5,2025-06-17 11h10.51.554308 +0200,
0,0,0,,,,,0,0,0,0,,,,,#D292F3,1742.2498099803925,False,space,correct rejection,None,1008.4340572357178,,15,15,2back_single_main_click,2,,12,12,24,24,inf,,,,,,,,,,,03,03,yes,no,no,2025-06-17_11h10.33.301,EXNAT_4_TMS_Psychopy2024.2.5.psyexp,2024.2.5,2025-06-17 11h10.51.554308 +0200,
0,0,0,,,,,0,0,0,0,,,,,#D292F3,1743.4817717075348,False,space,correct rejection,None,1072.4689960479736,,16,15,2back_single_main_click,2,,12,12,24,24,inf,,,,,,,,,,,03,03,yes,no,no,2025-06-17_11h10.33.301,EXNAT_4_TMS_Psychopy2024.2.5.psyexp,2024.2.5,2025-06-17 11h10.51.554308 +0200,
0,0,0,,,,,0,0,0,0,,,,,#2AB7EF,1744.778205871582,False,space,correct rejection,None,1023.813009262085,,17,15,2back_single_main_click,2,,13,12,25,24,inf,1745.723815202713,,,,,,,,,,03,03,yes,no,no,2025-06-17_11h10.33.301,EXNAT_4_TMS_Psychopy2024.2.5.psyexp,2024.2.5,2025-06-17 11h10.51.554308 +0200,
0,0,0,,,,,0,0,0,0,,,,,#F989A2,1746.0260276794434,False,l,false alarm,608.2398891448975,1216.0422801971436,,18,15,2back_single_main_click,2,,13,12,25,24,inf,,,,,,,,,,,03,03,yes,no,no,2025-06-17_11h10.33.301,EXNAT_4_TMS_Psychopy2024.2.5.psyexp,2024.2.5,2025-06-17 11h10.51.554308 +0200,
0,0,0,,,,,0,0,0,0,,,,,#88BA3F,1747.465479850769,False,space,correct rejection,None,784.6286296844482,,19,15,2back_single_main_click,2,,13,12,25,24,inf,,,,,,,,,,,03,03,yes,no,no,2025-06-17_11h10.33.301,EXNAT_4_TMS_Psychopy2024.2.5.psyexp,2024.2.5,2025-06-17 11h10.51.554308 +0200,
0,0,0,,,,,0,0,0,0,,,,,#88BA3F,1748.4741151332855,False,space,correct rejection,None,1024.0397453308105,,20,15,2back_single_main_click,2,,13,12,25,24,inf,,,,,,,,,,,03,03,yes,no,no,2025-06-17_11h10.33.301,EXNAT_4_TMS_Psychopy2024.2.5.psyexp,2024.2.5,2025-06-17 11h10.51.554308 +0200,
0,0,0,,,,,0,0,0,0,,,,,#88BA3F,1749.722135066986,True,l,hit,655.9934616088867,1087.8305435180664,,21,15,2back_single_main_click,2,,13,13,26,24,inf,1750.723830461502,,,,,,,,,,03,03,yes,no,no,2025-06-17_11h10.33.301,EXNAT_4_TMS_Psychopy2024.2.5.psyexp,2024.2.5,2025-06-17 11h10.51.554308 +0200,
0,0,0,,,,,0,0,0,0,,,,,#2AB7EF,1751.0334553718567,False,space,correct rejection,None,1168.687105178833,,22,15,2back_single_main_click,2,,13,13,26,24,inf,,,,,,,,,,,03,03,yes,no,no,2025-06-17_11h10.33.301,EXNAT_4_TMS_Psychopy2024.2.5.psyexp,2024.2.5,2025-06-17 11h10.51.554308 +0200,
0,0,0,,,,,0,0,0,0,,,,,#D292F3,1752.4261038303375,False,space,correct rejection,None,2079.8678398132324,,23,15,2back_single_main_click,2,,13,13,26,24,inf,,,,,,,,,,,03,03,yes,no,no,2025-06-17_11h10.33.301,EXNAT_4_TMS_Psychopy2024.2.5.psyexp,2024.2.5,2025-06-17 11h10.51.554308 +0200,
0,0,0,,,,,0,0,0,0,,,,,#F989A2,1754.7298293113708,False,space,correct rejection,None,880.4018497467041,,24,15,2back_single_main_click,2,,13,13,26,24,inf,,,,,,,,,,,03,03,yes,no,no,2025-06-17_11h10.33.301,EXNAT_4_TMS_Psychopy2024.2.5.psyexp,2024.2.5,2025-06-17 11h10.51.554308 +0200,
0,0,0,,,,,0,0,0,0,,,,,#F989A2,1755.8346061706543,False,space,correct rejection,None,943.4447288513184,,25,15,2back_single_main_click,2,,14,13,27,24,inf,1755.8949043750763,,,,,,,,,,03,03,yes,no,no,2025-06-17_11h10.33.301,EXNAT_4_TMS_Psychopy2024.2.5.psyexp,2024.2.5,2025-06-17 11h10.51.554308 +0200,
0,0,0,,,,,0,0,0,0,,,,,#D292F3,1757.00195479393,False,space,correct rejection,None,1088.2155895233154,,26,15,2back_single_main_click,2,,14,13,27,24,inf,,,,,,,,,,,03,03,yes,no,no,2025-06-17_11h10.33.301,EXNAT_4_TMS_Psychopy2024.2.5.psyexp,2024.2.5,2025-06-17 11h10.51.554308 +0200,
0,0,0,,,,,0,0,0,0,,,,,#2AB7EF,1758.312983751297,False,space,correct rejection,None,1105.215072631836,,27,15,2back_single_main_click,2,,14,13,27,24,inf,,,,,,,,,,,03,03,yes,no,no,2025-06-17_11h10.33.301,EXNAT_4_TMS_Psychopy2024.2.5.psyexp,2024.2.5,2025-06-17 11h10.51.554308 +0200,
0,0,0,,,,,0,0,0,0,,,,,#2AB7EF,1759.6424992084503,False,space,correct rejection,None,655.5759906768799,,28,15,2back_single_main_click,2,,14,13,27,24,inf,,,,,,,,,,,03,03,yes,no,no,2025-06-17_11h10.33.301,EXNAT_4_TMS_Psychopy2024.2.5.psyexp,2024.2.5,2025-06-17 11h10.51.554308 +0200,
0,0,0,,,,,0,0,0,0,,,,,#88BA3F,1760.5219497680664,False,space,correct rejection,None,1120.2361583709717,,29,15,2back_single_main_click,2,,15,13,28,24,inf,1760.8948335647583,,,,,,,,,,03,03,yes,no,no,2025-06-17_11h10.33.301,EXNAT_4_TMS_Psychopy2024.2.5.psyexp,2024.2.5,2025-06-17 11h10.51.554308 +0200,
0,0,0,,,,,0,0,0,0,,,,,#88BA3F,1761.8660805225372,False,space,correct rejection,None,831.9706916809082,,30,15,2back_single_main_click,2,,15,13,28,24,inf,,,,,,,,,,,03,03,yes,no,no,2025-06-17_11h10.33.301,EXNAT_4_TMS_Psychopy2024.2.5.psyexp,2024.2.5,2025-06-17 11h10.51.554308 +0200,
0,0,0,,,,,0,0,0,0,,,,,#F989A2,1762.9219191074371,False,space,correct rejection,None,752.0432472229004,,31,15,2back_single_main_click,2,,15,13,28,24,inf,,,,,,,,,,,03,03,yes,no,no,2025-06-17_11h10.33.301,EXNAT_4_TMS_Psychopy2024.2.5.psyexp,2024.2.5,2025-06-17 11h10.51.554308 +0200,
0,0,0,,,,,0,0,0,0,,,,,#88BA3F,1763.898105621338,True,l,hit,832.0462703704834,1295.884132385254,,32,15,2back_single_main_click,2,,15,13,28,24,inf,,,,,,,,,,,03,03,yes,no,no,2025-06-17_11h10.33.301,EXNAT_4_TMS_Psychopy2024.2.5.psyexp,2024.2.5,2025-06-17 11h10.51.554308 +0200,
0,0,0,,,,,0,0,0,0,,,,,#F989A2,1765.4175674915314,True,l,hit,688.5905265808105,1152.3101329803467,,33,15,2back_single_main_click,2,,15,14,29,24,inf,1765.894831418991,,,,,,,,,,03,03,yes,no,no,2025-06-17_11h10.33.301,EXNAT_4_TMS_Psychopy2024.2.5.psyexp,2024.2.5,2025-06-17 11h10.51.554308 +0200,
0,0,0,,,,,0,0,0,0,,,,,#D292F3,1766.7934889793396,False,space,correct rejection,None,880.6545734405518,,34,15,2back_single_main_click,2,,15,14,29,24,inf,,,,,,,,,,,03,03,yes,no,no,2025-06-17_11h10.33.301,EXNAT_4_TMS_Psychopy2024.2.5.psyexp,2024.2.5,2025-06-17 11h10.51.554308 +0200,
0,0,0,,,,,0,0,0,0,,,,,#2AB7EF,1767.8979895114899,False,space,correct rejection,None,1376.1928081512451,,35,15,2back_single_main_click,2,,15,14,29,24,inf,,,,,,,,,,,03,03,yes,no,no,2025-06-17_11h10.33.301,EXNAT_4_TMS_Psychopy2024.2.5.psyexp,2024.2.5,2025-06-17 11h10.51.554308 +0200,
0,0,0,,,,,0,0,0,0,,,,,#D292F3,1769.4979507923126,True,space,miss,None,1120.2702522277832,,36,15,2back_single_main_click,2,,15,14,29,24,inf,,,,,,,,,,,03,03,yes,no,no,2025-06-17_11h10.33.301,EXNAT_4_TMS_Psychopy2024.2.5.psyexp,2024.2.5,2025-06-17 11h10.51.554308 +0200,
0,0,0,,,,,0,0,0,0,,,,,#88BA3F,1770.8419017791748,False,space,correct rejection,None,1120.2983856201172,,37,15,2back_single_main_click,2,,16,14,30,24,inf,1770.9007549285889,,,,,,,,,,03,03,yes,no,no,2025-06-17_11h10.33.301,EXNAT_4_TMS_Psychopy2024.2.5.psyexp,2024.2.5,2025-06-17 11h10.51.554308 +0200,
0,0,0,,,,,0,0,0,0,,,,,#2AB7EF,1772.1859550476074,False,space,correct rejection,None,1120.2709674835205,,38,15,2back_single_main_click,2,,16,14,30,24,inf,,,,,,,,,,,03,03,yes,no,no,2025-06-17_11h10.33.301,EXNAT_4_TMS_Psychopy2024.2.5.psyexp,2024.2.5,2025-06-17 11h10.51.554308 +0200,
0,0,0,,,,,0,0,0,0,,,,,#88BA3F,1773.5298762321472,True,l,hit,720.1004028320312,1264.0914916992188,,39,15,2back_single_main_click,2,,16,14,30,24,inf,,,,,,,,,,,03,03,yes,no,no,2025-06-17_11h10.33.301,EXNAT_4_TMS_Psychopy2024.2.5.psyexp,2024.2.5,2025-06-17 11h10.51.554308 +0200,
0,0,0,,,,,0,0,0,0,,,,,#D292F3,1775.0173361301422,False,space,correct rejection,None,1440.8667087554932,,40,15,2back_single_main_click,2,,16,14,30,24,inf,,,,,,,,,,,03,03,yes,no,no,2025-06-17_11h10.33.301,EXNAT_4_TMS_Psychopy2024.2.5.psyexp,2024.2.5,2025-06-17 11h10.51.554308 +0200,
0,0,0,,,,,0,0,0,0,,,,,#D292F3,1776.6823406219482,False,space,correct rejection,None,847.9616641998291,,41,15,2back_single_main_click,2,,16,14,30,24,inf,,,,,,,,,,,03,03,yes,no,no,2025-06-17_11h10.33.301,EXNAT_4_TMS_Psychopy2024.2.5.psyexp,2024.2.5,2025-06-17 11h10.51.554308 +0200,
0,0,0,,,,,0,0,0,0,,,,,#D292F3,1777.7544538974762,True,l,hit,799.778938293457,1375.5948543548584,,42,15,2back_single_main_click,2,,16,15,31,24,inf,1777.8143537044525,,,,,,,,,,03,03,yes,no,no,2025-06-17_11h10.33.301,EXNAT_4_TMS_Psychopy2024.2.5.psyexp,2024.2.5,2025-06-17 11h10.51.554308 +0200,
0,0,0,,,,,0,0,0,0,,,,,#88BA3F,1779.3534152507782,False,space,correct rejection,None,1152.7245044708252,,43,15,2back_single_main_click,2,,16,15,31,24,inf,,,,,,,,,,,03,03,yes,no,no,2025-06-17_11h10.33.301,EXNAT_4_TMS_Psychopy2024.2.5.psyexp,2024.2.5,2025-06-17 11h10.51.554308 +0200,
0,0,0,,,,,0,0,0,0,,,,,#F989A2,1780.7300844192505,False,space,correct rejection,None,1024.0838527679443,,44,15,2back_single_main_click,2,,16,15,31,24,inf,,,,,,,,,,,03,03,yes,no,no,2025-06-17_11h10.33.301,EXNAT_4_TMS_Psychopy2024.2.5.psyexp,2024.2.5,2025-06-17 11h10.51.554308 +0200,
0,0,0,,,,,0,0,0,0,,,,,#D292F3,1781.9785873889923,False,space,correct rejection,None,943.549633026123,,45,15,2back_single_main_click,2,,17,15,32,24,inf,1782.8143470287323,,,,,,,,,,03,03,yes,no,no,2025-06-17_11h10.33.301,EXNAT_4_TMS_Psychopy2024.2.5.psyexp,2024.2.5,2025-06-17 11h10.51.554308 +0200,
0,0,0,,,,,0,0,0,0,,,,,#F989A2,1783.1456472873688,True,space,miss,None,1344.5806503295898,,46,15,2back_single_main_click,2,,17,15,32,24,inf,,,,,,,,,,,03,03,yes,no,no,2025-06-17_11h10.33.301,EXNAT_4_TMS_Psychopy2024.2.5.psyexp,2024.2.5,2025-06-17 11h10.51.554308 +0200,
0,0,0,,,,,0,0,0,0,,,,,#F989A2,1784.713837146759,False,space,correct rejection,None,1280.3964614868164,,47,15,2back_single_main_click,2,,17,15,32,24,inf,,,,,,,,,,,03,03,yes,no,no,2025-06-17_11h10.33.301,EXNAT_4_TMS_Psychopy2024.2.5.psyexp,2024.2.5,2025-06-17 11h10.51.554308 +0200,
0,0,0,,,,,0,0,0,0,,,,,#2AB7EF,1786.2179517745972,False,space,correct rejection,None,1184.251308441162,,48,15,2back_single_main_click,2,,17,15,32,24,inf,,,,,,,,,,,03,03,yes,no,no,2025-06-17_11h10.33.301,EXNAT_4_TMS_Psychopy2024.2.5.psyexp,2024.2.5,2025-06-17 11h10.51.554308 +0200,
0,0,0,,,,,0,0,0,0,,,,,#F989A2,1787.6269681453705,True,space,miss,None,1263.1874084472656,,49,15,2back_single_main_click,2,,17,16,33,24,inf,1787.8143317699432,,,,,,,,,,03,03,yes,no,no,2025-06-17_11h10.33.301,EXNAT_4_TMS_Psychopy2024.2.5.psyexp,2024.2.5,2025-06-17 11h10.51.554308 +0200,
0,0,0,,,,,0,0,0,0,,,,,#D292F3,1789.1139001846313,False,space,correct rejection,None,1088.2689952850342,,50,15,2back_single_main_click,2,,17,16,33,24,inf,,,,,,,,,,,03,03,yes,no,no,2025-06-17_11h10.33.301,EXNAT_4_TMS_Psychopy2024.2.5.psyexp,2024.2.5,2025-06-17 11h10.51.554308 +0200,
0,0,0,,,,,0,0,0,0,,,,,#88BA3F,1790.4258909225464,False,space,correct rejection,None,1136.2593173980713,,51,15,2back_single_main_click,2,,17,16,33,24,inf,,,,,,,,,,,03,03,yes,no,no,2025-06-17_11h10.33.301,EXNAT_4_TMS_Psychopy2024.2.5.psyexp,2024.2.5,2025-06-17 11h10.51.554308 +0200,
0,0,0,,,,,0,0,0,0,,,,,#88BA3F,1791.785562992096,False,space,correct rejection,None,1008.5635185241699,,52,15,2back_single_main_click,2,,17,16,33,24,inf,,,,,,,,,,,03,03,yes,no,no,2025-06-17_11h10.33.301,EXNAT_4_TMS_Psychopy2024.2.5.psyexp,2024.2.5,2025-06-17 11h10.51.554308 +0200,
0,0,0,,,,,0,0,0,0,,,,,#2AB7EF,1793.0182483196259,False,space,correct rejection,None,1040.0280952453613,,53,15,2back_single_main_click,2,,18,16,34,24,inf,1793.0710334777832,,,,,,,,,,03,03,yes,no,no,2025-06-17_11h10.33.301,EXNAT_4_TMS_Psychopy2024.2.5.psyexp,2024.2.5,2025-06-17 11h10.51.554308 +0200,
0,0,0,,,,,0,0,0,0,,,,,#F989A2,1794.2813069820404,False,space,correct rejection,None,1216.9358730316162,,54,15,2back_single_main_click,2,,18,16,34,24,inf,,,,,,,,,,,03,03,yes,no,no,2025-06-17_11h10.33.301,EXNAT_4_TMS_Psychopy2024.2.5.psyexp,2024.2.5,2025-06-17 11h10.51.554308 +0200,
0,0,0,,,,,0,0,0,0,,,,,#2AB7EF,1795.7220888137817,True,l,hit,656.1315059661865,1247.9476928710938,,55,15,2back_single_main_click,2,,18,16,34,24,inf,,,,,,,,,,,03,03,yes,no,no,2025-06-17_11h10.33.301,EXNAT_4_TMS_Psychopy2024.2.5.psyexp,2024.2.5,2025-06-17 11h10.51.554308 +0200,
0,0,0,,,,,0,0,0,0,,,,,#2AB7EF,1797.1938242912292,False,space,correct rejection,None,1216.4161205291748,,56,15,2back_single_main_click,2,,18,16,34,24,inf,,,,,,,,,,,03,03,yes,no,no,2025-06-17_11h10.33.301,EXNAT_4_TMS_Psychopy2024.2.5.psyexp,2024.2.5,2025-06-17 11h10.51.554308 +0200,
0,0,0,,,,,0,0,0,0,,,,,#D292F3,1798.6340918540955,False,space,correct rejection,None,1808.154582977295,,57,15,2back_single_main_click,2,,18,16,34,24,inf,,,,,,,,,,,03,03,yes,no,no,2025-06-17_11h10.33.301,EXNAT_4_TMS_Psychopy2024.2.5.psyexp,2024.2.5,2025-06-17 11h10.51.554308 +0200,
0,0,0,,,,,0,0,0,0,,,,,#88BA3F,1800.6663320064545,False,space,correct rejection,None,687.9317760467529,,58,15,2back_single_main_click,2,,18,16,34,24,inf,,,,,,,,,,,03,03,yes,no,no,2025-06-17_11h10.33.301,EXNAT_4_TMS_Psychopy2024.2.5.psyexp,2024.2.5,2025-06-17 11h10.51.554308 +0200,
0,0,0,,,,,0,0,0,0,,,,,#D292F3,1801.5786786079407,True,l,hit,623.5692501068115,1087.3725414276123,,59,15,2back_single_main_click,2,,18,17,35,24,inf,1801.6339845657349,,,,,,,,,,03,03,yes,no,no,2025-06-17_11h10.33.301,EXNAT_4_TMS_Psychopy2024.2.5.psyexp,2024.2.5,2025-06-17 11h10.51.554308 +0200,
0,0,0,,,,,0,0,0,0,,,,,#F989A2,1802.8901867866516,False,space,correct rejection,None,944.056510925293,,60,15,2back_single_main_click,2,,18,17,35,24,inf,,,,,,,,,,,03,03,yes,no,no,2025-06-17_11h10.33.301,EXNAT_4_TMS_Psychopy2024.2.5.psyexp,2024.2.5,2025-06-17 11h10.51.554308 +0200,
0,0,0,,,,,0,0,0,0,,,,,,,,,,,,,,,,,,,,,,,,,,,,,1804.19593501091,1804.1959538459778,,,03,03,yes,no,no,2025-06-17_11h10.33.301,EXNAT_4_TMS_Psychopy2024.2.5.psyexp,2024.2.5,2025-06-17 11h10.51.554308 +0200,
1,0,1,,,,,1,0,1,0,1804.2202582359314,,,,,,,,,,,,,,,,,,,,,,,,,,,,1804.196052312851,1804.1962311267853,,,03,03,yes,no,no,2025-06-17_11h10.33.301,EXNAT_4_TMS_Psychopy2024.2.5.psyexp,2024.2.5,2025-06-17 11h10.51.554308 +0200,
2,0,2,,,,,2,0,2,0,1804.2202582359314,,,,,,,,,,,,,,,,,,,,,,,,,,,,1804.1962990760803,1804.196361064911,,,03,03,yes,no,no,2025-06-17_11h10.33.301,EXNAT_4_TMS_Psychopy2024.2.5.psyexp,2024.2.5,2025-06-17 11h10.51.554308 +0200,
3,0,3,,,,,3,0,3,0,1804.2202582359314,,,,,,,,,,,,,,,,,,,,,,,,,,,,1804.1964485645294,1804.1965091228485,,,03,03,yes,no,no,2025-06-17_11h10.33.301,EXNAT_4_TMS_Psychopy2024.2.5.psyexp,2024.2.5,2025-06-17 11h10.51.554308 +0200,
4,0,4,,,,,4,0,4,0,1804.2202582359314,,,,,,,,,,,,,,,,,,,,,,,,,,,,1804.1965734958649,1804.1966333389282,,,03,03,yes,no,no,2025-06-17_11h10.33.301,EXNAT_4_TMS_Psychopy2024.2.5.psyexp,2024.2.5,2025-06-17 11h10.51.554308 +0200,
,,,,,,,,,,,,,,,,,,,,,,,,,,,,,,,,,,,,,,,,,1815.49760556221,1815.4980227947235,03,03,yes,no,no,2025-06-17_11h10.33.301,EXNAT_4_TMS_Psychopy2024.2.5.psyexp,2024.2.5,2025-06-17 11h10.51.554308 +0200,
