thisN,thisTrialN,thisRepN,trials.thisRepN,trials.thisTrialN,trials.thisN,trials.thisIndex,loop_nback.thisRepN,loop_nback.thisTrialN,loop_nback.thisN,loop_nback.thisIndex,thisRow.t,notes,settings.started,settings.stopped,colour,global_onset_time,target,button_pressed,nback_response,nback_RT,RT,text_nr,trial_nr,block_nr_exp,block_name,n-back_level,word,nontarget_triggers_sent_this_condition,target_triggers_sent_this_condition,total_triggers_sent_this_condition,minimum_triggers_this_condition,maximum_triggers_this_block,trigger_time,question,chosen_ans,ans_correct,reading_self_paced.started,reading_self_paced.stopped,nback_self_paced.started,nback_self_paced.stopped,end.started,end.stopped,participant,session,TMS_port,testing_mode,skip_reading,date,expName,psychopyVersion,expStart,
,,,,,,,,,,,,,0.07760858535766602,0.0778498649597168,,,,,,,,,,,,,,,,,,,,,,,,,,,,,20,02,yes,no,no,2025-08-18_16h47.41.980,EXNAT_4_TMS_Psychopy2024.2.5.psyexp,2024.2.5,2025-08-18 17h00.27.012906 +0200,
0,0,0,0,0,0,0,,,,,0.287158727645874,,,,#F989A2,59.27388906478882,False,space,correct rejection,None,829.596757888794,text_05,1,1,2back_dual_main_click,2,Die,0,0,0,120,60,,,,,,,,,,,20,02,yes,no,no,2025-08-18_16h47.41.980,EXNAT_4_TMS_Psychopy2024.2.5.psyexp,2024.2.5,2025-08-18 17h00.27.012906 +0200,
0,0,0,0,0,0,0,,,,,,,,,#88BA3F,60.136942863464355,False,space,correct rejection,None,862.5266551971436,text_05,2,1,2back_dual_main_click,2,Inselgruppe,1,0,1,120,60,60.1913788318634,,,,,,,,,,20,02,yes,no,no,2025-08-18_16h47.41.980,EXNAT_4_TMS_Psychopy2024.2.5.psyexp,2024.2.5,2025-08-18 17h00.27.012906 +0200,
0,0,0,0,0,0,0,,,,,,,,,#2AB7EF,61.04019284248352,False,space,correct rejection,None,935.3175163269043,text_05,3,1,2back_dual_main_click,2,Nosy,1,0,1,120,60,,,,,,,,,,,20,02,yes,no,no,2025-08-18_16h47.41.980,EXNAT_4_TMS_Psychopy2024.2.5.psyexp,2024.2.5,2025-08-18 17h00.27.012906 +0200,
0,0,0,0,0,0,0,,,,,,,,,#F989A2,62.01594543457031,False,l,false alarm,727.5323867797852,1047.487735748291,text_05,4,1,2back_dual_main_click,2,Hara,1,0,1,120,60,,,,,,,,,,,20,02,yes,no,no,2025-08-18_16h47.41.980,EXNAT_4_TMS_Psychopy2024.2.5.psyexp,2024.2.5,2025-08-18 17h00.27.012906 +0200,
0,0,0,0,0,0,0,,,,,,,,,#88BA3F,63.100707054138184,False,space,correct rejection,None,730.7355403900146,text_05,5,1,2back_dual_main_click,2,vor,1,0,1,120,60,,,,,,,,,,,20,02,yes,no,no,2025-08-18_16h47.41.980,EXNAT_4_TMS_Psychopy2024.2.5.psyexp,2024.2.5,2025-08-18 17h00.27.012906 +0200,
0,0,0,0,0,0,0,,,,,,,,,#F989A2,63.87297081947327,True,l,hit,854.5620441436768,1334.3424797058105,text_05,6,1,2back_dual_main_click,2,Madagaskar,1,1,2,120,60,65.19117140769958,,,,,,,,,,20,02,yes,no,no,2025-08-18_16h47.41.980,EXNAT_4_TMS_Psychopy2024.2.5.psyexp,2024.2.5,2025-08-18 17h00.27.012906 +0200,
0,0,0,0,0,0,0,,,,,,,,,#D292F3,65.24802494049072,False,space,correct rejection,None,615.4890060424805,text_05,7,1,2back_dual_main_click,2,wirkt,1,1,2,120,60,,,,,,,,,,,20,02,yes,no,no,2025-08-18_16h47.41.980,EXNAT_4_TMS_Psychopy2024.2.5.psyexp,2024.2.5,2025-08-18 17h00.27.012906 +0200,
0,0,0,0,0,0,0,,,,,,,,,#2AB7EF,65.90432715415955,False,space,correct rejection,None,886.9898319244385,text_05,8,1,2back_dual_main_click,2,"karg,",1,1,2,120,60,,,,,,,,,,,20,02,yes,no,no,2025-08-18_16h47.41.980,EXNAT_4_TMS_Psychopy2024.2.5.psyexp,2024.2.5,2025-08-18 17h00.27.012906 +0200,
0,0,0,0,0,0,0,,,,,,,,,#D292F3,66.83137392997742,True,l,hit,744.1465854644775,1160.104751586914,text_05,9,1,2back_dual_main_click,2,doch,1,1,2,120,60,,,,,,,,,,,20,02,yes,no,no,2025-08-18_16h47.41.980,EXNAT_4_TMS_Psychopy2024.2.5.psyexp,2024.2.5,2025-08-18 17h00.27.012906 +0200,
0,0,0,0,0,0,0,,,,,,,,,#88BA3F,68.03080868721008,False,space,correct rejection,None,648.7295627593994,text_05,10,1,2back_dual_main_click,2,Biologen,1,1,2,120,60,,,,,,,,,,,20,02,yes,no,no,2025-08-18_16h47.41.980,EXNAT_4_TMS_Psychopy2024.2.5.psyexp,2024.2.5,2025-08-18 17h00.27.012906 +0200,
0,0,0,0,0,0,0,,,,,,,,,#2AB7EF,68.71976780891418,False,space,correct rejection,None,631.7698955535889,text_05,11,1,2back_dual_main_click,2,entdeckten,1,1,2,120,60,,,,,,,,,,,20,02,yes,no,no,2025-08-18_16h47.41.980,EXNAT_4_TMS_Psychopy2024.2.5.psyexp,2024.2.5,2025-08-18 17h00.27.012906 +0200,
0,0,0,0,0,0,0,,,,,,,,,#D292F3,69.39153051376343,False,l,false alarm,647.9606628417969,1351.8848419189453,text_05,12,1,2back_dual_main_click,2,dort,2,1,3,120,60,70.19117188453674,,,,,,,,,,20,02,yes,no,no,2025-08-18_16h47.41.980,EXNAT_4_TMS_Psychopy2024.2.5.psyexp,2024.2.5,2025-08-18 17h00.27.012906 +0200,
0,0,0,0,0,0,0,,,,,,,,,#F989A2,70.79830527305603,False,space,correct rejection,None,585.1421356201172,text_05,13,1,2back_dual_main_click,2,eine,2,1,3,120,60,,,,,,,,,,,20,02,yes,no,no,2025-08-18_16h47.41.980,EXNAT_4_TMS_Psychopy2024.2.5.psyexp,2024.2.5,2025-08-18 17h00.27.012906 +0200,
0,0,0,0,0,0,0,,,,,,,,,#88BA3F,71.43801379203796,False,space,correct rejection,None,889.4035816192627,text_05,14,1,2back_dual_main_click,2,neue,2,1,3,120,60,,,,,,,,,,,20,02,yes,no,no,2025-08-18_16h47.41.980,EXNAT_4_TMS_Psychopy2024.2.5.psyexp,2024.2.5,2025-08-18 17h00.27.012906 +0200,
0,0,0,0,0,0,0,,,,,,,,,#2AB7EF,72.36918592453003,False,space,correct rejection,None,582.3466777801514,text_05,15,1,2back_dual_main_click,2,Art:,2,1,3,120,60,,,,,,,,,,,20,02,yes,no,no,2025-08-18_16h47.41.980,EXNAT_4_TMS_Psychopy2024.2.5.psyexp,2024.2.5,2025-08-18 17h00.27.012906 +0200,
0,0,0,0,0,0,0,,,,,,,,,#D292F3,72.99150133132935,False,space,correct rejection,None,616.0142421722412,text_05,16,1,2back_dual_main_click,2,das,2,1,3,120,60,,,,,,,,,,,20,02,yes,no,no,2025-08-18_16h47.41.980,EXNAT_4_TMS_Psychopy2024.2.5.psyexp,2024.2.5,2025-08-18 17h00.27.012906 +0200,
0,0,0,0,0,0,0,,,,,,,,,#F989A2,73.64831042289734,False,space,correct rejection,None,711.0569477081299,text_05,17,1,2back_dual_main_click,2,winzige,2,1,3,120,60,,,,,,,,,,,20,02,yes,no,no,2025-08-18_16h47.41.980,EXNAT_4_TMS_Psychopy2024.2.5.psyexp,2024.2.5,2025-08-18 17h00.27.012906 +0200,
0,0,0,0,0,0,0,,,,,,,,,#D292F3,74.40083336830139,True,space,miss,None,1030.7073593139648,text_05,18,1,2back_dual_main_click,2,Chamäleon,2,1,3,120,60,,,,,,,,,,,20,02,yes,no,no,2025-08-18_16h47.41.980,EXNAT_4_TMS_Psychopy2024.2.5.psyexp,2024.2.5,2025-08-18 17h00.27.012906 +0200,
0,0,0,0,0,0,0,,,,,,,,,#88BA3F,75.47174024581909,False,space,correct rejection,None,663.6805534362793,text_05,19,1,2back_dual_main_click,2,Brookesia,3,1,4,120,60,75.52660870552063,,,,,,,,,,20,02,yes,no,no,2025-08-18_16h47.41.980,EXNAT_4_TMS_Psychopy2024.2.5.psyexp,2024.2.5,2025-08-18 17h00.27.012906 +0200,
0,0,0,0,0,0,0,,,,,,,,,#D292F3,76.17578506469727,True,l,hit,551.6860485076904,1111.4575862884521,text_05,20,1,2back_dual_main_click,2,micra.,3,1,4,120,60,,,,,,,,,,,20,02,yes,no,no,2025-08-18_16h47.41.980,EXNAT_4_TMS_Psychopy2024.2.5.psyexp,2024.2.5,2025-08-18 17h00.27.012906 +0200,
0,0,0,0,0,0,0,,,,,,,,,#2AB7EF,77.3274142742157,False,space,correct rejection,None,776.02219581604,text_05,21,1,2back_dual_main_click,2,Es,3,1,4,120,60,,,,,,,,,,,20,02,yes,no,no,2025-08-18_16h47.41.980,EXNAT_4_TMS_Psychopy2024.2.5.psyexp,2024.2.5,2025-08-18 17h00.27.012906 +0200,
0,0,0,0,0,0,0,,,,,,,,,#2AB7EF,78.14428091049194,False,space,correct rejection,None,615.2164936065674,text_05,22,1,2back_dual_main_click,2,misst,3,1,4,120,60,,,,,,,,,,,20,02,yes,no,no,2025-08-18_16h47.41.980,EXNAT_4_TMS_Psychopy2024.2.5.psyexp,2024.2.5,2025-08-18 17h00.27.012906 +0200,
0,0,0,0,0,0,0,,,,,,,,,#88BA3F,78.79931974411011,False,space,correct rejection,None,760.0865364074707,text_05,23,1,2back_dual_main_click,2,weniger,3,1,4,120,60,,,,,,,,,,,20,02,yes,no,no,2025-08-18_16h47.41.980,EXNAT_4_TMS_Psychopy2024.2.5.psyexp,2024.2.5,2025-08-18 17h00.27.012906 +0200,
0,0,0,0,0,0,0,,,,,,,,,#F989A2,79.60004901885986,False,space,correct rejection,None,631.4542293548584,text_05,24,1,2back_dual_main_click,2,als,3,1,4,120,60,,,,,,,,,,,20,02,yes,no,no,2025-08-18_16h47.41.980,EXNAT_4_TMS_Psychopy2024.2.5.psyexp,2024.2.5,2025-08-18 17h00.27.012906 +0200,
0,0,0,0,0,0,0,,,,,,,,,#88BA3F,80.27066659927368,True,space,miss,None,600.8756160736084,text_05,25,1,2back_dual_main_click,2,drei,3,2,5,120,60,80.52659440040588,,,,,,,,,,20,02,yes,no,no,2025-08-18_16h47.41.980,EXNAT_4_TMS_Psychopy2024.2.5.psyexp,2024.2.5,2025-08-18 17h00.27.012906 +0200,
0,0,0,0,0,0,0,,,,,,,,,#D292F3,80.91285586357117,False,space,correct rejection,None,646.5356349945068,text_05,26,1,2back_dual_main_click,2,Zentimeter,3,2,5,120,60,,,,,,,,,,,20,02,yes,no,no,2025-08-18_16h47.41.980,EXNAT_4_TMS_Psychopy2024.2.5.psyexp,2024.2.5,2025-08-18 17h00.27.012906 +0200,
0,0,0,0,0,0,0,,,,,,,,,#F989A2,81.59673118591309,False,space,correct rejection,None,538.5837554931641,text_05,27,1,2back_dual_main_click,2,und,3,2,5,120,60,,,,,,,,,,,20,02,yes,no,no,2025-08-18_16h47.41.980,EXNAT_4_TMS_Psychopy2024.2.5.psyexp,2024.2.5,2025-08-18 17h00.27.012906 +0200,
0,0,0,0,0,0,0,,,,,,,,,#88BA3F,82.17583727836609,False,space,correct rejection,None,615.7321929931641,text_05,28,1,2back_dual_main_click,2,ist,3,2,5,120,60,,,,,,,,,,,20,02,yes,no,no,2025-08-18_16h47.41.980,EXNAT_4_TMS_Psychopy2024.2.5.psyexp,2024.2.5,2025-08-18 17h00.27.012906 +0200,
0,0,0,0,0,0,0,,,,,,,,,#D292F3,82.83119988441467,False,space,correct rejection,None,600.3265380859375,text_05,29,1,2back_dual_main_click,2,braun,3,2,5,120,60,,,,,,,,,,,20,02,yes,no,no,2025-08-18_16h47.41.980,EXNAT_4_TMS_Psychopy2024.2.5.psyexp,2024.2.5,2025-08-18 17h00.27.012906 +0200,
0,0,0,0,0,0,0,,,,,,,,,#F989A2,83.47205591201782,False,space,correct rejection,None,839.470386505127,text_05,30,1,2back_dual_main_click,2,gefärbt.,3,2,5,120,60,,,,,,,,,,,20,02,yes,no,no,2025-08-18_16h47.41.980,EXNAT_4_TMS_Psychopy2024.2.5.psyexp,2024.2.5,2025-08-18 17h00.27.012906 +0200,
0,0,0,0,0,0,0,,,,,,,,,#2AB7EF,84.35216426849365,False,space,correct rejection,None,599.4002819061279,text_05,31,1,2back_dual_main_click,2,Trotz,3,2,5,120,60,,,,,,,,,,,20,02,yes,no,no,2025-08-18_16h47.41.980,EXNAT_4_TMS_Psychopy2024.2.5.psyexp,2024.2.5,2025-08-18 17h00.27.012906 +0200,
0,0,0,0,0,0,0,,,,,,,,,#88BA3F,84.99347829818726,False,space,correct rejection,None,678.0486106872559,text_05,32,1,2back_dual_main_click,2,unauffälliger,4,2,6,120,60,85.52659940719604,,,,,,,,,,20,02,yes,no,no,2025-08-18_16h47.41.980,EXNAT_4_TMS_Psychopy2024.2.5.psyexp,2024.2.5,2025-08-18 17h00.27.012906 +0200,
0,0,0,0,0,0,0,,,,,,,,,#F989A2,85.71171450614929,False,space,correct rejection,None,663.764476776123,text_05,33,1,2back_dual_main_click,2,Farbe,4,2,6,120,60,,,,,,,,,,,20,02,yes,no,no,2025-08-18_16h47.41.980,EXNAT_4_TMS_Psychopy2024.2.5.psyexp,2024.2.5,2025-08-18 17h00.27.012906 +0200,
0,0,0,0,0,0,0,,,,,,,,,#D292F3,86.41518473625183,False,space,correct rejection,None,712.3012542724609,text_05,34,1,2back_dual_main_click,2,ist,4,2,6,120,60,,,,,,,,,,,20,02,yes,no,no,2025-08-18_16h47.41.980,EXNAT_4_TMS_Psychopy2024.2.5.psyexp,2024.2.5,2025-08-18 17h00.27.012906 +0200,
0,0,0,0,0,0,0,,,,,,,,,#2AB7EF,87.16822862625122,False,space,correct rejection,None,887.2056007385254,text_05,35,1,2back_dual_main_click,2,seine,4,2,6,120,60,,,,,,,,,,,20,02,yes,no,no,2025-08-18_16h47.41.980,EXNAT_4_TMS_Psychopy2024.2.5.psyexp,2024.2.5,2025-08-18 17h00.27.012906 +0200,
0,0,0,0,0,0,0,,,,,,,,,#2AB7EF,88.09514999389648,False,space,correct rejection,None,664.3209457397461,text_05,36,1,2back_dual_main_click,2,Größe,4,2,6,120,60,,,,,,,,,,,20,02,yes,no,no,2025-08-18_16h47.41.980,EXNAT_4_TMS_Psychopy2024.2.5.psyexp,2024.2.5,2025-08-18 17h00.27.012906 +0200,
0,0,0,0,0,0,0,,,,,,,,,#88BA3F,88.7987413406372,False,space,correct rejection,None,856.7302227020264,text_05,37,1,2back_dual_main_click,2,faszinierend.,4,2,6,120,60,,,,,,,,,,,20,02,yes,no,no,2025-08-18_16h47.41.980,EXNAT_4_TMS_Psychopy2024.2.5.psyexp,2024.2.5,2025-08-18 17h00.27.012906 +0200,
0,0,0,0,0,0,0,,,,,,,,,#D292F3,89.69632244110107,False,space,correct rejection,None,615.1585578918457,text_05,38,1,2back_dual_main_click,2,""Man,4,2,6,120,60,,,,,,,,,,,20,02,yes,no,no,2025-08-18_16h47.41.980,EXNAT_4_TMS_Psychopy2024.2.5.psyexp,2024.2.5,2025-08-18 17h00.27.012906 +0200,
0,0,0,0,0,0,0,,,,,,,,,#88BA3F,90.35120964050293,True,space,miss,None,728.3141613006592,text_05,39,1,2back_dual_main_click,2,erkennt,4,3,7,120,60,90.52658414840698,,,,,,,,,,20,02,yes,no,no,2025-08-18_16h47.41.980,EXNAT_4_TMS_Psychopy2024.2.5.psyexp,2024.2.5,2025-08-18 17h00.27.012906 +0200,
0,0,0,0,0,0,0,,,,,,,,,#88BA3F,91.11919903755188,False,space,correct rejection,None,696.1205005645752,text_05,40,1,2back_dual_main_click,2,"sofort,",4,3,7,120,60,,,,,,,,,,,20,02,yes,no,no,2025-08-18_16h47.41.980,EXNAT_4_TMS_Psychopy2024.2.5.psyexp,2024.2.5,2025-08-18 17h00.27.012906 +0200,
0,0,0,0,0,0,0,,,,,,,,,#D292F3,91.8547728061676,False,space,correct rejection,None,536.5591049194336,text_05,41,1,2back_dual_main_click,2,dass,4,3,7,120,60,,,,,,,,,,,20,02,yes,no,no,2025-08-18_16h47.41.980,EXNAT_4_TMS_Psychopy2024.2.5.psyexp,2024.2.5,2025-08-18 17h00.27.012906 +0200,
0,0,0,0,0,0,0,,,,,,,,,#2AB7EF,92.4319794178009,False,space,correct rejection,None,711.6234302520752,text_05,42,1,2back_dual_main_click,2,es,4,3,7,120,60,,,,,,,,,,,20,02,yes,no,no,2025-08-18_16h47.41.980,EXNAT_4_TMS_Psychopy2024.2.5.psyexp,2024.2.5,2025-08-18 17h00.27.012906 +0200,
0,0,0,0,0,0,0,,,,,,,,,#F989A2,93.18469834327698,False,space,correct rejection,None,566.8578147888184,text_05,43,1,2back_dual_main_click,2,etwas,4,3,7,120,60,,,,,,,,,,,20,02,yes,no,no,2025-08-18_16h47.41.980,EXNAT_4_TMS_Psychopy2024.2.5.psyexp,2024.2.5,2025-08-18 17h00.27.012906 +0200,
0,0,0,0,0,0,0,,,,,,,,,#F989A2,93.79102754592896,False,space,correct rejection,None,616.5666580200195,text_05,44,1,2back_dual_main_click,2,Neues,4,3,7,120,60,,,,,,,,,,,20,02,yes,no,no,2025-08-18_16h47.41.980,EXNAT_4_TMS_Psychopy2024.2.5.psyexp,2024.2.5,2025-08-18 17h00.27.012906 +0200,
0,0,0,0,0,0,0,,,,,,,,,#2AB7EF,94.44767332077026,False,space,correct rejection,None,855.8683395385742,text_05,45,1,2back_dual_main_click,2,"ist,""",4,3,7,120,60,,,,,,,,,,,20,02,yes,no,no,2025-08-18_16h47.41.980,EXNAT_4_TMS_Psychopy2024.2.5.psyexp,2024.2.5,2025-08-18 17h00.27.012906 +0200,
0,0,0,0,0,0,0,,,,,,,,,#2AB7EF,95.3439073562622,False,space,correct rejection,None,775.6443023681641,text_05,46,1,2back_dual_main_click,2,sagt,5,3,8,120,60,95.52656054496765,,,,,,,,,,20,02,yes,no,no,2025-08-18_16h47.41.980,EXNAT_4_TMS_Psychopy2024.2.5.psyexp,2024.2.5,2025-08-18 17h00.27.012906 +0200,
0,0,0,0,0,0,0,,,,,,,,,#D292F3,96.16051745414734,False,space,correct rejection,None,1095.0636863708496,text_05,47,1,2back_dual_main_click,2,Zoologe,5,3,8,120,60,,,,,,,,,,,20,02,yes,no,no,2025-08-18_16h47.41.980,EXNAT_4_TMS_Psychopy2024.2.5.psyexp,2024.2.5,2025-08-18 17h00.27.012906 +0200,
0,0,0,0,0,0,0,,,,,,,,,#F989A2,97.29675602912903,False,space,correct rejection,None,854.8481464385986,text_05,48,1,2back_dual_main_click,2,Miguel,5,3,8,120,60,,,,,,,,,,,20,02,yes,no,no,2025-08-18_16h47.41.980,EXNAT_4_TMS_Psychopy2024.2.5.psyexp,2024.2.5,2025-08-18 17h00.27.012906 +0200,
0,0,0,0,0,0,0,,,,,,,,,#F989A2,98.19403409957886,False,space,correct rejection,None,853.6567687988281,text_05,49,1,2back_dual_main_click,2,Vences.,5,3,8,120,60,,,,,,,,,,,20,02,yes,no,no,2025-08-18_16h47.41.980,EXNAT_4_TMS_Psychopy2024.2.5.psyexp,2024.2.5,2025-08-18 17h00.27.012906 +0200,
0,0,0,0,0,0,0,,,,,,,,,#D292F3,99.08502173423767,False,space,correct rejection,None,634.4809532165527,text_05,50,1,2back_dual_main_click,2,In,5,3,8,120,60,,,,,,,,,,,20,02,yes,no,no,2025-08-18_16h47.41.980,EXNAT_4_TMS_Psychopy2024.2.5.psyexp,2024.2.5,2025-08-18 17h00.27.012906 +0200,
0,0,0,0,0,0,0,,,,,,,,,#88BA3F,99.76012253761292,False,space,correct rejection,None,567.4071311950684,text_05,51,1,2back_dual_main_click,2,seinem,5,3,8,120,60,,,,,,,,,,,20,02,yes,no,no,2025-08-18_16h47.41.980,EXNAT_4_TMS_Psychopy2024.2.5.psyexp,2024.2.5,2025-08-18 17h00.27.012906 +0200,
0,0,0,0,0,0,0,,,,,,,,,#D292F3,100.36672759056091,True,l,hit,472.825288772583,840.7173156738281,text_05,52,1,2back_dual_main_click,2,Bericht,5,4,9,120,60,100.52660942077637,,,,,,,,,,20,02,yes,no,no,2025-08-18_16h47.41.980,EXNAT_4_TMS_Psychopy2024.2.5.psyexp,2024.2.5,2025-08-18 17h00.27.012906 +0200,
0,0,0,0,0,0,0,,,,,,,,,#D292F3,101.24936842918396,False,space,correct rejection,None,582.1013450622559,text_05,53,1,2back_dual_main_click,2,beschreibt,5,4,9,120,60,,,,,,,,,,,20,02,yes,no,no,2025-08-18_16h47.41.980,EXNAT_4_TMS_Psychopy2024.2.5.psyexp,2024.2.5,2025-08-18 17h00.27.012906 +0200,
0,0,0,0,0,0,0,,,,,,,,,#88BA3F,101.87049889564514,False,space,correct rejection,None,728.9988994598389,text_05,54,1,2back_dual_main_click,2,er,5,4,9,120,60,,,,,,,,,,,20,02,yes,no,no,2025-08-18_16h47.41.980,EXNAT_4_TMS_Psychopy2024.2.5.psyexp,2024.2.5,2025-08-18 17h00.27.012906 +0200,
0,0,0,0,0,0,0,,,,,,,,,#2AB7EF,102.63927054405212,False,space,correct rejection,None,696.3295936584473,text_05,55,1,2back_dual_main_click,2,vier,5,4,9,120,60,,,,,,,,,,,20,02,yes,no,no,2025-08-18_16h47.41.980,EXNAT_4_TMS_Psychopy2024.2.5.psyexp,2024.2.5,2025-08-18 17h00.27.012906 +0200,
0,0,0,0,0,0,0,,,,,,,,,#2AB7EF,103.37561511993408,False,space,correct rejection,None,519.7818279266357,text_05,56,1,2back_dual_main_click,2,neue,5,4,9,120,60,,,,,,,,,,,20,02,yes,no,no,2025-08-18_16h47.41.980,EXNAT_4_TMS_Psychopy2024.2.5.psyexp,2024.2.5,2025-08-18 17h00.27.012906 +0200,
0,0,0,0,0,0,0,,,,,,,,,#F989A2,103.93774962425232,False,space,correct rejection,None,949.8462677001953,text_05,57,1,2back_dual_main_click,2,Mini-Chamäleons.,5,4,9,120,60,,,,,,,,,,,20,02,yes,no,no,2025-08-18_16h47.41.980,EXNAT_4_TMS_Psychopy2024.2.5.psyexp,2024.2.5,2025-08-18 17h00.27.012906 +0200,
0,0,0,0,0,0,0,,,,,,,,,#2AB7EF,104.92653751373291,True,space,miss,None,681.0586452484131,text_05,58,1,2back_dual_main_click,2,Viel,5,5,10,120,60,105.5266501903534,,,,,,,,,,20,02,yes,no,no,2025-08-18_16h47.41.980,EXNAT_4_TMS_Psychopy2024.2.5.psyexp,2024.2.5,2025-08-18 17h00.27.012906 +0200,
0,0,0,0,0,0,0,,,,,,,,,#88BA3F,105.64710569381714,False,space,correct rejection,None,952.2764682769775,text_05,59,1,2back_dual_main_click,2,ist,5,5,10,120,60,,,,,,,,,,,20,02,yes,no,no,2025-08-18_16h47.41.980,EXNAT_4_TMS_Psychopy2024.2.5.psyexp,2024.2.5,2025-08-18 17h00.27.012906 +0200,
0,0,0,0,0,0,0,,,,,,,,,#F989A2,106.63969397544861,False,space,correct rejection,None,615.8311367034912,text_05,60,1,2back_dual_main_click,2,über,5,5,10,120,60,,,,,,,,,,,20,02,yes,no,no,2025-08-18_16h47.41.980,EXNAT_4_TMS_Psychopy2024.2.5.psyexp,2024.2.5,2025-08-18 17h00.27.012906 +0200,
0,0,0,0,0,0,0,,,,,,,,,#D292F3,107.29612517356873,False,space,correct rejection,None,567.363977432251,text_05,61,1,2back_dual_main_click,2,ihre,5,5,10,120,60,,,,,,,,,,,20,02,yes,no,no,2025-08-18_16h47.41.980,EXNAT_4_TMS_Psychopy2024.2.5.psyexp,2024.2.5,2025-08-18 17h00.27.012906 +0200,
0,0,0,0,0,0,0,,,,,,,,,#D292F3,107.90428519248962,False,space,correct rejection,None,663.0570888519287,text_05,62,1,2back_dual_main_click,2,Lebensweise,5,5,10,120,60,,,,,,,,,,,20,02,yes,no,no,2025-08-18_16h47.41.980,EXNAT_4_TMS_Psychopy2024.2.5.psyexp,2024.2.5,2025-08-18 17h00.27.012906 +0200,
0,0,0,0,0,0,0,,,,,,,,,#2AB7EF,108.60742449760437,False,space,correct rejection,None,760.1132392883301,text_05,63,1,2back_dual_main_click,2,noch,5,5,10,120,60,,,,,,,,,,,20,02,yes,no,no,2025-08-18_16h47.41.980,EXNAT_4_TMS_Psychopy2024.2.5.psyexp,2024.2.5,2025-08-18 17h00.27.012906 +0200,
0,0,0,0,0,0,0,,,,,,,,,#88BA3F,109.40867280960083,False,space,correct rejection,None,598.8845825195312,text_05,64,1,2back_dual_main_click,2,nicht,5,5,10,120,60,,,,,,,,,,,20,02,yes,no,no,2025-08-18_16h47.41.980,EXNAT_4_TMS_Psychopy2024.2.5.psyexp,2024.2.5,2025-08-18 17h00.27.012906 +0200,
0,0,0,0,0,0,0,,,,,,,,,#F989A2,110.0470449924469,False,space,correct rejection,None,664.5574569702148,text_05,65,1,2back_dual_main_click,2,bekannt.,5,5,10,120,60,,,,,,,,,,,20,02,yes,no,no,2025-08-18_16h47.41.980,EXNAT_4_TMS_Psychopy2024.2.5.psyexp,2024.2.5,2025-08-18 17h00.27.012906 +0200,
0,0,0,0,0,0,0,,,,,,,,,#88BA3F,110.75295424461365,True,l,hit,822.3979473114014,1286.567211151123,text_05,66,1,2back_dual_main_click,2,Tagsüber,5,6,11,120,60,110.80669927597046,,,,,,,,,,20,02,yes,no,no,2025-08-18_16h47.41.980,EXNAT_4_TMS_Psychopy2024.2.5.psyexp,2024.2.5,2025-08-18 17h00.27.012906 +0200,
0,0,0,0,0,0,0,,,,,,,,,#F989A2,112.07975912094116,True,space,miss,None,631.8032741546631,text_05,67,1,2back_dual_main_click,2,verstecken,5,6,11,120,60,,,,,,,,,,,20,02,yes,no,no,2025-08-18_16h47.41.980,EXNAT_4_TMS_Psychopy2024.2.5.psyexp,2024.2.5,2025-08-18 17h00.27.012906 +0200,
0,0,0,0,0,0,0,,,,,,,,,#2AB7EF,112.75170493125916,False,space,correct rejection,None,567.873477935791,text_05,68,1,2back_dual_main_click,2,sie,5,6,11,120,60,,,,,,,,,,,20,02,yes,no,no,2025-08-18_16h47.41.980,EXNAT_4_TMS_Psychopy2024.2.5.psyexp,2024.2.5,2025-08-18 17h00.27.012906 +0200,
0,0,0,0,0,0,0,,,,,,,,,#D292F3,113.36067128181458,False,space,correct rejection,None,534.876823425293,text_05,69,1,2back_dual_main_click,2,sich,5,6,11,120,60,,,,,,,,,,,20,02,yes,no,no,2025-08-18_16h47.41.980,EXNAT_4_TMS_Psychopy2024.2.5.psyexp,2024.2.5,2025-08-18 17h00.27.012906 +0200,
0,0,0,0,0,0,0,,,,,,,,,#2AB7EF,113.93508696556091,True,space,miss,None,696.4449882507324,text_05,70,1,2back_dual_main_click,2,unter,5,6,11,120,60,,,,,,,,,,,20,02,yes,no,no,2025-08-18_16h47.41.980,EXNAT_4_TMS_Psychopy2024.2.5.psyexp,2024.2.5,2025-08-18 17h00.27.012906 +0200,
0,0,0,0,0,0,0,,,,,,,,,#F989A2,114.67219376564026,False,space,correct rejection,None,583.4026336669922,text_05,71,1,2back_dual_main_click,2,"Laub,",5,6,11,120,60,,,,,,,,,,,20,02,yes,no,no,2025-08-18_16h47.41.980,EXNAT_4_TMS_Psychopy2024.2.5.psyexp,2024.2.5,2025-08-18 17h00.27.012906 +0200,
0,0,0,0,0,0,0,,,,,,,,,#88BA3F,115.29680919647217,False,space,correct rejection,None,1030.707836151123,text_05,72,1,2back_dual_main_click,2,nachts,6,6,12,120,60,115.80668592453003,,,,,,,,,,20,02,yes,no,no,2025-08-18_16h47.41.980,EXNAT_4_TMS_Psychopy2024.2.5.psyexp,2024.2.5,2025-08-18 17h00.27.012906 +0200,
0,0,0,0,0,0,0,,,,,,,,,#2AB7EF,116.38204550743103,False,space,correct rejection,None,601.3131141662598,text_05,73,1,2back_dual_main_click,2,schlafen,6,6,12,120,60,,,,,,,,,,,20,02,yes,no,no,2025-08-18_16h47.41.980,EXNAT_4_TMS_Psychopy2024.2.5.psyexp,2024.2.5,2025-08-18 17h00.27.012906 +0200,
0,0,0,0,0,0,0,,,,,,,,,#F989A2,117.02377223968506,False,space,correct rejection,None,919.8169708251953,text_05,74,1,2back_dual_main_click,2,sie,6,6,12,120,60,,,,,,,,,,,20,02,yes,no,no,2025-08-18_16h47.41.980,EXNAT_4_TMS_Psychopy2024.2.5.psyexp,2024.2.5,2025-08-18 17h00.27.012906 +0200,
0,0,0,0,0,0,0,,,,,,,,,#F989A2,117.98186087608337,False,space,correct rejection,None,617.6998615264893,text_05,75,1,2back_dual_main_click,2,auf,6,6,12,120,60,,,,,,,,,,,20,02,yes,no,no,2025-08-18_16h47.41.980,EXNAT_4_TMS_Psychopy2024.2.5.psyexp,2024.2.5,2025-08-18 17h00.27.012906 +0200,
0,0,0,0,0,0,0,,,,,,,,,#F989A2,118.63887596130371,True,space,miss,None,664.7295951843262,text_05,76,1,2back_dual_main_click,2,niedrigen,6,6,12,120,60,,,,,,,,,,,20,02,yes,no,no,2025-08-18_16h47.41.980,EXNAT_4_TMS_Psychopy2024.2.5.psyexp,2024.2.5,2025-08-18 17h00.27.012906 +0200,
0,0,0,0,0,0,0,,,,,,,,,#2AB7EF,119.3461561203003,False,space,correct rejection,None,661.3969802856445,text_05,77,1,2back_dual_main_click,2,Ästen.,6,6,12,120,60,,,,,,,,,,,20,02,yes,no,no,2025-08-18_16h47.41.980,EXNAT_4_TMS_Psychopy2024.2.5.psyexp,2024.2.5,2025-08-18 17h00.27.012906 +0200,
0,0,0,0,0,0,0,,,,,,,,,#D292F3,120.04851245880127,False,space,correct rejection,None,855.0608158111572,text_05,78,1,2back_dual_main_click,2,Direkte,7,6,13,120,60,120.80669617652893,,,,,,,,,,20,02,yes,no,no,2025-08-18_16h47.41.980,EXNAT_4_TMS_Psychopy2024.2.5.psyexp,2024.2.5,2025-08-18 17h00.27.012906 +0200,
0,0,0,0,0,0,0,,,,,,,,,#D292F3,120.94352650642395,False,space,correct rejection,None,759.8385810852051,text_05,79,1,2back_dual_main_click,2,Fressfeinde,7,6,13,120,60,,,,,,,,,,,20,02,yes,no,no,2025-08-18_16h47.41.980,EXNAT_4_TMS_Psychopy2024.2.5.psyexp,2024.2.5,2025-08-18 17h00.27.012906 +0200,
0,0,0,0,0,0,0,,,,,,,,,#88BA3F,121.74544167518616,False,space,correct rejection,None,613.8815879821777,text_05,80,1,2back_dual_main_click,2,haben,7,6,13,120,60,,,,,,,,,,,20,02,yes,no,no,2025-08-18_16h47.41.980,EXNAT_4_TMS_Psychopy2024.2.5.psyexp,2024.2.5,2025-08-18 17h00.27.012906 +0200,
0,0,0,0,0,0,0,,,,,,,,,#88BA3F,122.39930129051208,False,space,correct rejection,None,744.2581653594971,text_05,81,1,2back_dual_main_click,2,sie,7,6,13,120,60,,,,,,,,,,,20,02,yes,no,no,2025-08-18_16h47.41.980,EXNAT_4_TMS_Psychopy2024.2.5.psyexp,2024.2.5,2025-08-18 17h00.27.012906 +0200,
0,0,0,0,0,0,0,,,,,,,,,#2AB7EF,123.1836347579956,False,space,correct rejection,None,903.9146900177002,text_05,82,1,2back_dual_main_click,2,zum,7,6,13,120,60,,,,,,,,,,,20,02,yes,no,no,2025-08-18_16h47.41.980,EXNAT_4_TMS_Psychopy2024.2.5.psyexp,2024.2.5,2025-08-18 17h00.27.012906 +0200,
0,0,0,0,0,0,0,,,,,,,,,#D292F3,124.1280746459961,False,space,correct rejection,None,631.2839984893799,text_05,83,1,2back_dual_main_click,2,Glück,7,6,13,120,60,,,,,,,,,,,20,02,yes,no,no,2025-08-18_16h47.41.980,EXNAT_4_TMS_Psychopy2024.2.5.psyexp,2024.2.5,2025-08-18 17h00.27.012906 +0200,
0,0,0,0,0,0,0,,,,,,,,,#88BA3F,124.79811143875122,False,space,correct rejection,None,1033.418893814087,text_05,84,1,2back_dual_main_click,2,"kaum,",7,6,13,120,60,,,,,,,,,,,20,02,yes,no,no,2025-08-18_16h47.41.980,EXNAT_4_TMS_Psychopy2024.2.5.psyexp,2024.2.5,2025-08-18 17h00.27.012906 +0200,
0,0,0,0,0,0,0,,,,,,,,,#D292F3,125.8710789680481,True,space,miss,None,888.4251117706299,text_05,85,1,2back_dual_main_click,2,denn,7,7,14,120,60,125.92487859725952,,,,,,,,,,20,02,yes,no,no,2025-08-18_16h47.41.980,EXNAT_4_TMS_Psychopy2024.2.5.psyexp,2024.2.5,2025-08-18 17h00.27.012906 +0200,
0,0,0,0,0,0,0,,,,,,,,,#88BA3F,126.79893279075623,True,l,hit,616.7030334472656,1048.6180782318115,text_05,86,1,2back_dual_main_click,2,auf,7,7,14,120,60,,,,,,,,,,,20,02,yes,no,no,2025-08-18_16h47.41.980,EXNAT_4_TMS_Psychopy2024.2.5.psyexp,2024.2.5,2025-08-18 17h00.27.012906 +0200,
0,0,0,0,0,0,0,,,,,,,,,#2AB7EF,127.88631868362427,False,space,correct rejection,None,697.192907333374,text_05,87,1,2back_dual_main_click,2,kleinen,7,7,14,120,60,,,,,,,,,,,20,02,yes,no,no,2025-08-18_16h47.41.980,EXNAT_4_TMS_Psychopy2024.2.5.psyexp,2024.2.5,2025-08-18 17h00.27.012906 +0200,
0,0,0,0,0,0,0,,,,,,,,,#88BA3F,128.61922931671143,True,space,miss,None,780.3206443786621,text_05,88,1,2back_dual_main_click,2,Inseln,7,7,14,120,60,,,,,,,,,,,20,02,yes,no,no,2025-08-18_16h47.41.980,EXNAT_4_TMS_Psychopy2024.2.5.psyexp,2024.2.5,2025-08-18 17h00.27.012906 +0200,
0,0,0,0,0,0,0,,,,,,,,,#2AB7EF,129.4396777153015,True,space,miss,None,583.8596820831299,text_05,89,1,2back_dual_main_click,2,kann,7,7,14,120,60,,,,,,,,,,,20,02,yes,no,no,2025-08-18_16h47.41.980,EXNAT_4_TMS_Psychopy2024.2.5.psyexp,2024.2.5,2025-08-18 17h00.27.012906 +0200,
0,0,0,0,0,0,0,,,,,,,,,#2AB7EF,130.0628936290741,False,space,correct rejection,None,856.6114902496338,text_05,90,1,2back_dual_main_click,2,die,7,7,14,120,60,,,,,,,,,,,20,02,yes,no,no,2025-08-18_16h47.41.980,EXNAT_4_TMS_Psychopy2024.2.5.psyexp,2024.2.5,2025-08-18 17h00.27.012906 +0200,
0,0,0,0,0,0,0,,,,,,,,,#D292F3,130.95989322662354,False,space,correct rejection,None,695.6393718719482,text_05,91,1,2back_dual_main_click,2,Konkurrenz,8,7,15,120,60,131.0159306526184,,,,,,,,,,20,02,yes,no,no,2025-08-18_16h47.41.980,EXNAT_4_TMS_Psychopy2024.2.5.psyexp,2024.2.5,2025-08-18 17h00.27.012906 +0200,
0,0,0,0,0,0,0,,,,,,,,,#88BA3F,131.69663310050964,False,space,correct rejection,None,726.8805503845215,text_05,92,1,2back_dual_main_click,2,unter,8,7,15,120,60,,,,,,,,,,,20,02,yes,no,no,2025-08-18_16h47.41.980,EXNAT_4_TMS_Psychopy2024.2.5.psyexp,2024.2.5,2025-08-18 17h00.27.012906 +0200,
0,0,0,0,0,0,0,,,,,,,,,#F989A2,132.46444416046143,False,space,correct rejection,None,535.0573062896729,text_05,93,1,2back_dual_main_click,2,Tieren,8,7,15,120,60,,,,,,,,,,,20,02,yes,no,no,2025-08-18_16h47.41.980,EXNAT_4_TMS_Psychopy2024.2.5.psyexp,2024.2.5,2025-08-18 17h00.27.012906 +0200,
0,0,0,0,0,0,0,,,,,,,,,#D292F3,133.03940439224243,False,space,correct rejection,None,792.189359664917,text_05,94,1,2back_dual_main_click,2,schnell,8,7,15,120,60,,,,,,,,,,,20,02,yes,no,no,2025-08-18_16h47.41.980,EXNAT_4_TMS_Psychopy2024.2.5.psyexp,2024.2.5,2025-08-18 17h00.27.012906 +0200,
0,0,0,0,0,0,0,,,,,,,,,#F989A2,133.87245917320251,True,space,miss,None,695.08957862854,text_05,95,1,2back_dual_main_click,2,wachsen.,8,7,15,120,60,,,,,,,,,,,20,02,yes,no,no,2025-08-18_16h47.41.980,EXNAT_4_TMS_Psychopy2024.2.5.psyexp,2024.2.5,2025-08-18 17h00.27.012906 +0200,
0,0,0,0,0,0,0,,,,,,,,,#F989A2,134.60685682296753,False,space,correct rejection,None,792.5317287445068,text_05,96,1,2back_dual_main_click,2,Auch,8,7,15,120,60,,,,,,,,,,,20,02,yes,no,no,2025-08-18_16h47.41.980,EXNAT_4_TMS_Psychopy2024.2.5.psyexp,2024.2.5,2025-08-18 17h00.27.012906 +0200,
0,0,0,0,0,0,0,,,,,,,,,#D292F3,135.43893599510193,False,space,correct rejection,None,648.4549045562744,text_05,97,1,2back_dual_main_click,2,andere,9,7,16,120,60,136.01585745811462,,,,,,,,,,20,02,yes,no,no,2025-08-18_16h47.41.980,EXNAT_4_TMS_Psychopy2024.2.5.psyexp,2024.2.5,2025-08-18 17h00.27.012906 +0200,
0,0,0,0,0,0,0,,,,,,,,,#D292F3,136.1254198551178,False,space,correct rejection,None,618.1564331054688,text_05,98,1,2back_dual_main_click,2,neue,9,7,16,120,60,,,,,,,,,,,20,02,yes,no,no,2025-08-18_16h47.41.980,EXNAT_4_TMS_Psychopy2024.2.5.psyexp,2024.2.5,2025-08-18 17h00.27.012906 +0200,
0,0,0,0,0,0,0,,,,,,,,,#88BA3F,136.7848949432373,False,space,correct rejection,None,918.7009334564209,text_05,99,1,2back_dual_main_click,2,Chamäleonarten,9,7,16,120,60,,,,,,,,,,,20,02,yes,no,no,2025-08-18_16h47.41.980,EXNAT_4_TMS_Psychopy2024.2.5.psyexp,2024.2.5,2025-08-18 17h00.27.012906 +0200,
0,0,0,0,0,0,0,,,,,,,,,#2AB7EF,137.7447154521942,False,space,correct rejection,None,630.859375,text_05,100,1,2back_dual_main_click,2,leben,9,7,16,120,60,,,,,,,,,,,20,02,yes,no,no,2025-08-18_16h47.41.980,EXNAT_4_TMS_Psychopy2024.2.5.psyexp,2024.2.5,2025-08-18 17h00.27.012906 +0200,
0,0,0,0,0,0,0,,,,,,,,,#D292F3,138.41478943824768,False,space,correct rejection,None,632.7805519104004,text_05,101,1,2back_dual_main_click,2,nur,9,7,16,120,60,,,,,,,,,,,20,02,yes,no,no,2025-08-18_16h47.41.980,EXNAT_4_TMS_Psychopy2024.2.5.psyexp,2024.2.5,2025-08-18 17h00.27.012906 +0200,
0,0,0,0,0,0,0,,,,,,,,,#88BA3F,139.08552932739258,False,space,correct rejection,None,617.9759502410889,text_05,102,1,2back_dual_main_click,2,auf,9,7,16,120,60,,,,,,,,,,,20,02,yes,no,no,2025-08-18_16h47.41.980,EXNAT_4_TMS_Psychopy2024.2.5.psyexp,2024.2.5,2025-08-18 17h00.27.012906 +0200,
0,0,0,0,0,0,0,,,,,,,,,#88BA3F,139.74361181259155,False,space,correct rejection,None,615.8850193023682,text_05,103,1,2back_dual_main_click,2,kleinen,9,7,16,120,60,,,,,,,,,,,20,02,yes,no,no,2025-08-18_16h47.41.980,EXNAT_4_TMS_Psychopy2024.2.5.psyexp,2024.2.5,2025-08-18 17h00.27.012906 +0200,
0,0,0,0,0,0,0,,,,,,,,,#2AB7EF,140.4011528491974,False,space,correct rejection,None,662.2400283813477,text_05,104,1,2back_dual_main_click,2,Flächen,9,7,16,120,60,,,,,,,,,,,20,02,yes,no,no,2025-08-18_16h47.41.980,EXNAT_4_TMS_Psychopy2024.2.5.psyexp,2024.2.5,2025-08-18 17h00.27.012906 +0200,
0,0,0,0,0,0,0,,,,,,,,,#F989A2,141.10154938697815,False,space,correct rejection,None,825.9749412536621,text_05,105,1,2back_dual_main_click,2,Madagaskars,9,7,16,120,60,,,,,,,,,,,20,02,yes,no,no,2025-08-18_16h47.41.980,EXNAT_4_TMS_Psychopy2024.2.5.psyexp,2024.2.5,2025-08-18 17h00.27.012906 +0200,
0,0,0,0,0,0,0,,,,,,,,,#2AB7EF,141.96612930297852,True,space,miss,None,681.3938617706299,text_05,106,1,2back_dual_main_click,2,und,9,8,17,120,60,142.02372860908508,,,,,,,,,,20,02,yes,no,no,2025-08-18_16h47.41.980,EXNAT_4_TMS_Psychopy2024.2.5.psyexp,2024.2.5,2025-08-18 17h00.27.012906 +0200,
0,0,0,0,0,0,0,,,,,,,,,#F989A2,142.68674659729004,True,space,miss,None,680.6178092956543,text_05,107,1,2back_dual_main_click,2,sind,9,8,17,120,60,,,,,,,,,,,20,02,yes,no,no,2025-08-18_16h47.41.980,EXNAT_4_TMS_Psychopy2024.2.5.psyexp,2024.2.5,2025-08-18 17h00.27.012906 +0200,
0,0,0,0,0,0,0,,,,,,,,,#D292F3,143.4058873653412,False,space,correct rejection,None,569.7367191314697,text_05,108,1,2back_dual_main_click,2,vom,9,8,17,120,60,,,,,,,,,,,20,02,yes,no,no,2025-08-18_16h47.41.980,EXNAT_4_TMS_Psychopy2024.2.5.psyexp,2024.2.5,2025-08-18 17h00.27.012906 +0200,
0,0,0,0,0,0,0,,,,,,,,,#2AB7EF,144.01412653923035,False,space,correct rejection,None,921.3879108428955,text_05,109,1,2back_dual_main_click,2,Artensterben,9,8,17,120,60,,,,,,,,,,,20,02,yes,no,no,2025-08-18_16h47.41.980,EXNAT_4_TMS_Psychopy2024.2.5.psyexp,2024.2.5,2025-08-18 17h00.27.012906 +0200,
0,0,0,0,0,0,0,,,,,,,,,#F989A2,144.97584128379822,False,space,correct rejection,None,631.7441463470459,text_05,110,1,2back_dual_main_click,2,bedroht.,9,8,17,120,60,,,,,,,,,,,20,02,yes,no,no,2025-08-18_16h47.41.980,EXNAT_4_TMS_Psychopy2024.2.5.psyexp,2024.2.5,2025-08-18 17h00.27.012906 +0200,
0,0,0,0,0,0,0,,,,,,,,,#F989A2,145.64819359779358,False,space,correct rejection,None,663.4244918823242,text_05,111,1,2back_dual_main_click,2,Etwa,9,8,17,120,60,,,,,,,,,,,20,02,yes,no,no,2025-08-18_16h47.41.980,EXNAT_4_TMS_Psychopy2024.2.5.psyexp,2024.2.5,2025-08-18 17h00.27.012906 +0200,
0,0,0,0,0,0,0,,,,,,,,,#F989A2,146.35091519355774,True,space,miss,None,680.4990768432617,text_05,112,1,2back_dual_main_click,2,40%,9,9,18,120,60,147.02366065979004,,,,,,,,,,20,02,yes,no,no,2025-08-18_16h47.41.980,EXNAT_4_TMS_Psychopy2024.2.5.psyexp,2024.2.5,2025-08-18 17h00.27.012906 +0200,
0,0,0,0,0,0,0,,,,,,,,,#D292F3,147.07076811790466,False,space,correct rejection,None,680.8154582977295,text_05,113,1,2back_dual_main_click,2,der,9,9,18,120,60,,,,,,,,,,,20,02,yes,no,no,2025-08-18_16h47.41.980,EXNAT_4_TMS_Psychopy2024.2.5.psyexp,2024.2.5,2025-08-18 17h00.27.012906 +0200,
0,0,0,0,0,0,0,,,,,,,,,#2AB7EF,147.79279828071594,False,space,correct rejection,None,566.7235851287842,text_05,114,1,2back_dual_main_click,2,Reptilienarten,9,9,18,120,60,,,,,,,,,,,20,02,yes,no,no,2025-08-18_16h47.41.980,EXNAT_4_TMS_Psychopy2024.2.5.psyexp,2024.2.5,2025-08-18 17h00.27.012906 +0200,
0,0,0,0,0,0,0,,,,,,,,,#D292F3,148.4002664089203,True,space,miss,None,775.3386497497559,text_05,115,1,2back_dual_main_click,2,dort,9,9,18,120,60,,,,,,,,,,,20,02,yes,no,no,2025-08-18_16h47.41.980,EXNAT_4_TMS_Psychopy2024.2.5.psyexp,2024.2.5,2025-08-18 17h00.27.012906 +0200,
0,0,0,0,0,0,0,,,,,,,,,#2AB7EF,149.21582627296448,True,space,miss,None,535.8214378356934,text_05,116,1,2back_dual_main_click,2,gelten,9,9,18,120,60,,,,,,,,,,,20,02,yes,no,no,2025-08-18_16h47.41.980,EXNAT_4_TMS_Psychopy2024.2.5.psyexp,2024.2.5,2025-08-18 17h00.27.012906 +0200,
0,0,0,0,0,0,0,,,,,,,,,#88BA3F,149.79004383087158,False,space,correct rejection,None,745.5089092254639,text_05,117,1,2back_dual_main_click,2,als,9,9,18,120,60,,,,,,,,,,,20,02,yes,no,no,2025-08-18_16h47.41.980,EXNAT_4_TMS_Psychopy2024.2.5.psyexp,2024.2.5,2025-08-18 17h00.27.012906 +0200,
0,0,0,0,0,0,0,,,,,,,,,#D292F3,150.57528972625732,False,space,correct rejection,None,648.2393741607666,text_05,118,1,2back_dual_main_click,2,gefährdet.,9,9,18,120,60,,,,,,,,,,,20,02,yes,no,no,2025-08-18_16h47.41.980,EXNAT_4_TMS_Psychopy2024.2.5.psyexp,2024.2.5,2025-08-18 17h00.27.012906 +0200,
0,0,0,0,0,0,0,,,,,,,,,#88BA3F,151.26382112503052,True,space,miss,None,663.7043952941895,text_05,119,1,2back_dual_main_click,2,Ein,9,9,18,120,60,,,,,,,,,,,20,02,yes,no,no,2025-08-18_16h47.41.980,EXNAT_4_TMS_Psychopy2024.2.5.psyexp,2024.2.5,2025-08-18 17h00.27.012906 +0200,
0,0,0,0,0,0,0,,,,,,,,,#88BA3F,151.967529296875,False,space,correct rejection,None,600.006103515625,text_05,120,1,2back_dual_main_click,2,Beispiel,10,9,19,120,60,152.02527785301208,,,,,,,,,,20,02,yes,no,no,2025-08-18_16h47.41.980,EXNAT_4_TMS_Psychopy2024.2.5.psyexp,2024.2.5,2025-08-18 17h00.27.012906 +0200,
0,0,0,0,0,0,0,,,,,,,,,#2AB7EF,152.6059422492981,False,space,correct rejection,None,809.6506595611572,text_05,121,1,2back_dual_main_click,2,ist,10,9,19,120,60,,,,,,,,,,,20,02,yes,no,no,2025-08-18_16h47.41.980,EXNAT_4_TMS_Psychopy2024.2.5.psyexp,2024.2.5,2025-08-18 17h00.27.012906 +0200,
0,0,0,0,0,0,0,,,,,,,,,#D292F3,153.4557089805603,False,space,correct rejection,None,615.753173828125,text_05,122,1,2back_dual_main_click,2,Brookesia,10,9,19,120,60,,,,,,,,,,,20,02,yes,no,no,2025-08-18_16h47.41.980,EXNAT_4_TMS_Psychopy2024.2.5.psyexp,2024.2.5,2025-08-18 17h00.27.012906 +0200,
0,0,0,0,0,0,0,,,,,,,,,#88BA3F,154.11180424690247,False,space,correct rejection,None,887.7983093261719,text_05,123,1,2back_dual_main_click,2,tristis.,10,9,19,120,60,,,,,,,,,,,20,02,yes,no,no,2025-08-18_16h47.41.980,EXNAT_4_TMS_Psychopy2024.2.5.psyexp,2024.2.5,2025-08-18 17h00.27.012906 +0200,
0,0,0,0,0,0,0,,,,,,,,,#2AB7EF,155.03971457481384,False,space,correct rejection,None,807.807445526123,text_05,124,1,2back_dual_main_click,2,Obwohl,10,9,19,120,60,,,,,,,,,,,20,02,yes,no,no,2025-08-18_16h47.41.980,EXNAT_4_TMS_Psychopy2024.2.5.psyexp,2024.2.5,2025-08-18 17h00.27.012906 +0200,
0,0,0,0,0,0,0,,,,,,,,,#D292F3,155.88621473312378,False,space,correct rejection,None,681.2162399291992,text_05,125,1,2back_dual_main_click,2,sein,10,9,19,120,60,,,,,,,,,,,20,02,yes,no,no,2025-08-18_16h47.41.980,EXNAT_4_TMS_Psychopy2024.2.5.psyexp,2024.2.5,2025-08-18 17h00.27.012906 +0200,
0,0,0,0,0,0,0,,,,,,,,,#F989A2,156.60795855522156,False,space,correct rejection,None,711.665153503418,text_05,126,1,2back_dual_main_click,2,Lebensraum,11,9,20,120,60,157.025292634964,,,,,,,,,,20,02,yes,no,no,2025-08-18_16h47.41.980,EXNAT_4_TMS_Psychopy2024.2.5.psyexp,2024.2.5,2025-08-18 17h00.27.012906 +0200,
0,0,0,0,0,0,0,,,,,,,,,#F989A2,157.36124682426453,False,space,correct rejection,None,774.3654251098633,text_05,127,1,2back_dual_main_click,2,unter,11,9,20,120,60,,,,,,,,,,,20,02,yes,no,no,2025-08-18_16h47.41.980,EXNAT_4_TMS_Psychopy2024.2.5.psyexp,2024.2.5,2025-08-18 17h00.27.012906 +0200,
0,0,0,0,0,0,0,,,,,,,,,#88BA3F,158.176123380661,False,space,correct rejection,None,679.4986724853516,text_05,128,1,2back_dual_main_click,2,Schutz,11,9,20,120,60,,,,,,,,,,,20,02,yes,no,no,2025-08-18_16h47.41.980,EXNAT_4_TMS_Psychopy2024.2.5.psyexp,2024.2.5,2025-08-18 17h00.27.012906 +0200,
0,0,0,0,0,0,0,,,,,,,,,#2AB7EF,158.8964524269104,False,space,correct rejection,None,631.1898231506348,text_05,129,1,2back_dual_main_click,2,"steht,",11,9,20,120,60,,,,,,,,,,,20,02,yes,no,no,2025-08-18_16h47.41.980,EXNAT_4_TMS_Psychopy2024.2.5.psyexp,2024.2.5,2025-08-18 17h00.27.012906 +0200,
0,0,0,0,0,0,0,,,,,,,,,#F989A2,159.5677273273468,False,space,correct rejection,None,615.9069538116455,text_05,130,1,2back_dual_main_click,2,nimmt,11,9,20,120,60,,,,,,,,,,,20,02,yes,no,no,2025-08-18_16h47.41.980,EXNAT_4_TMS_Psychopy2024.2.5.psyexp,2024.2.5,2025-08-18 17h00.27.012906 +0200,
0,0,0,0,0,0,0,,,,,,,,,#88BA3F,160.22441124916077,False,space,correct rejection,None,599.1902351379395,text_05,131,1,2back_dual_main_click,2,die,11,9,20,120,60,,,,,,,,,,,20,02,yes,no,no,2025-08-18_16h47.41.980,EXNAT_4_TMS_Psychopy2024.2.5.psyexp,2024.2.5,2025-08-18 17h00.27.012906 +0200,
0,0,0,0,0,0,0,,,,,,,,,#D292F3,160.8651738166809,False,space,correct rejection,None,742.5222396850586,text_05,132,1,2back_dual_main_click,2,Abholzung,11,9,20,120,60,,,,,,,,,,,20,02,yes,no,no,2025-08-18_16h47.41.980,EXNAT_4_TMS_Psychopy2024.2.5.psyexp,2024.2.5,2025-08-18 17h00.27.012906 +0200,
0,0,0,0,0,0,0,,,,,,,,,#88BA3F,161.64613318443298,True,space,miss,None,649.3701934814453,text_05,133,1,2back_dual_main_click,2,stetig,11,10,21,120,60,162.02527785301208,,,,,,,,,,20,02,yes,no,no,2025-08-18_16h47.41.980,EXNAT_4_TMS_Psychopy2024.2.5.psyexp,2024.2.5,2025-08-18 17h00.27.012906 +0200,
0,0,0,0,0,0,0,,,,,,,,,#F989A2,162.33407855033875,False,space,correct rejection,None,633.5122585296631,text_05,134,1,2back_dual_main_click,2,zu.,11,10,21,120,60,,,,,,,,,,,20,02,yes,no,no,2025-08-18_16h47.41.980,EXNAT_4_TMS_Psychopy2024.2.5.psyexp,2024.2.5,2025-08-18 17h00.27.012906 +0200,
0,0,0,0,0,0,0,,,,,,,,,#D292F3,163.00767254829407,False,space,correct rejection,None,615.9214973449707,text_05,135,1,2back_dual_main_click,2,Die,11,10,21,120,60,,,,,,,,,,,20,02,yes,no,no,2025-08-18_16h47.41.980,EXNAT_4_TMS_Psychopy2024.2.5.psyexp,2024.2.5,2025-08-18 17h00.27.012906 +0200,
0,0,0,0,0,0,0,,,,,,,,,#F989A2,163.66317200660706,True,space,miss,None,616.3737773895264,text_05,136,1,2back_dual_main_click,2,Botschaft,11,10,21,120,60,,,,,,,,,,,20,02,yes,no,no,2025-08-18_16h47.41.980,EXNAT_4_TMS_Psychopy2024.2.5.psyexp,2024.2.5,2025-08-18 17h00.27.012906 +0200,
0,0,0,0,0,0,0,,,,,,,,,#D292F3,164.3185772895813,True,space,miss,None,600.8133888244629,text_05,137,1,2back_dual_main_click,2,hinter,11,10,21,120,60,,,,,,,,,,,20,02,yes,no,no,2025-08-18_16h47.41.980,EXNAT_4_TMS_Psychopy2024.2.5.psyexp,2024.2.5,2025-08-18 17h00.27.012906 +0200,
0,0,0,0,0,0,0,,,,,,,,,#F989A2,164.96002745628357,True,space,miss,None,679.541826248169,text_05,138,1,2back_dual_main_click,2,den,11,10,21,120,60,,,,,,,,,,,20,02,yes,no,no,2025-08-18_16h47.41.980,EXNAT_4_TMS_Psychopy2024.2.5.psyexp,2024.2.5,2025-08-18 17h00.27.012906 +0200,
0,0,0,0,0,0,0,,,,,,,,,#88BA3F,165.6771538257599,False,space,correct rejection,None,682.3892593383789,text_05,139,1,2back_dual_main_click,2,Namen,11,10,21,120,60,,,,,,,,,,,20,02,yes,no,no,2025-08-18_16h47.41.980,EXNAT_4_TMS_Psychopy2024.2.5.psyexp,2024.2.5,2025-08-18 17h00.27.012906 +0200,
0,0,0,0,0,0,0,,,,,,,,,#2AB7EF,166.40064215660095,False,space,correct rejection,None,518.9468860626221,text_05,140,1,2back_dual_main_click,2,weist,11,10,21,120,60,,,,,,,,,,,20,02,yes,no,no,2025-08-18_16h47.41.980,EXNAT_4_TMS_Psychopy2024.2.5.psyexp,2024.2.5,2025-08-18 17h00.27.012906 +0200,
0,0,0,0,0,0,0,,,,,,,,,#2AB7EF,166.95983743667603,False,space,correct rejection,None,663.7880802154541,text_05,141,1,2back_dual_main_click,2,auf,12,10,22,120,60,167.0253963470459,,,,,,,,,,20,02,yes,no,no,2025-08-18_16h47.41.980,EXNAT_4_TMS_Psychopy2024.2.5.psyexp,2024.2.5,2025-08-18 17h00.27.012906 +0200,
0,0,0,0,0,0,0,,,,,,,,,#2AB7EF,167.66318726539612,True,space,miss,None,568.4237480163574,text_05,142,1,2back_dual_main_click,2,die,12,10,22,120,60,,,,,,,,,,,20,02,yes,no,no,2025-08-18_16h47.41.980,EXNAT_4_TMS_Psychopy2024.2.5.psyexp,2024.2.5,2025-08-18 17h00.27.012906 +0200,
0,0,0,0,0,0,0,,,,,,,,,#88BA3F,168.27146196365356,False,space,correct rejection,None,584.0613842010498,text_05,143,1,2back_dual_main_click,2,Umstände,12,10,22,120,60,,,,,,,,,,,20,02,yes,no,no,2025-08-18_16h47.41.980,EXNAT_4_TMS_Psychopy2024.2.5.psyexp,2024.2.5,2025-08-18 17h00.27.012906 +0200,
0,0,0,0,0,0,0,,,,,,,,,#D292F3,168.89536356925964,False,space,correct rejection,None,600.2190113067627,text_05,144,1,2back_dual_main_click,2,hin:,12,10,22,120,60,,,,,,,,,,,20,02,yes,no,no,2025-08-18_16h47.41.980,EXNAT_4_TMS_Psychopy2024.2.5.psyexp,2024.2.5,2025-08-18 17h00.27.012906 +0200,
0,0,0,0,0,0,0,,,,,,,,,#88BA3F,169.53713393211365,True,space,miss,None,742.4657344818115,text_05,145,1,2back_dual_main_click,2,""Tristis"",12,10,22,120,60,,,,,,,,,,,20,02,yes,no,no,2025-08-18_16h47.41.980,EXNAT_4_TMS_Psychopy2024.2.5.psyexp,2024.2.5,2025-08-18 17h00.27.012906 +0200,
0,0,0,0,0,0,0,,,,,,,,,#F989A2,170.32009887695312,False,space,correct rejection,None,631.5398216247559,text_05,146,1,2back_dual_main_click,2,bedeutet,12,10,22,120,60,,,,,,,,,,,20,02,yes,no,no,2025-08-18_16h47.41.980,EXNAT_4_TMS_Psychopy2024.2.5.psyexp,2024.2.5,2025-08-18 17h00.27.012906 +0200,
0,0,0,0,0,0,0,,,,,,,,,#F989A2,170.99044561386108,False,space,correct rejection,None,729.1796207427979,text_05,147,1,2back_dual_main_click,2,so,12,10,22,120,60,,,,,,,,,,,20,02,yes,no,no,2025-08-18_16h47.41.980,EXNAT_4_TMS_Psychopy2024.2.5.psyexp,2024.2.5,2025-08-18 17h00.27.012906 +0200,
0,0,0,0,0,0,0,,,,,,,,,#D292F3,171.75824403762817,False,space,correct rejection,None,553.3478260040283,text_05,148,1,2back_dual_main_click,2,viel,12,10,22,120,60,,,,,,,,,,,20,02,yes,no,no,2025-08-18_16h47.41.980,EXNAT_4_TMS_Psychopy2024.2.5.psyexp,2024.2.5,2025-08-18 17h00.27.012906 +0200,
0,0,0,0,0,0,0,,,,,,,,,#2AB7EF,172.35231041908264,False,space,correct rejection,None,455.2466869354248,text_05,149,1,2back_dual_main_click,2,wie,12,10,22,120,60,,,,,,,,,,,20,02,yes,no,no,2025-08-18_16h47.41.980,EXNAT_4_TMS_Psychopy2024.2.5.psyexp,2024.2.5,2025-08-18 17h00.27.012906 +0200,
0,0,0,0,0,0,0,,,,,,,,,#D292F3,172.84835577011108,True,space,miss,None,855.0024032592773,text_05,150,1,2back_dual_main_click,2,""traurig."",12,11,23,120,60,172.906658411026,,,,,,,,,,20,02,yes,no,no,2025-08-18_16h47.41.980,EXNAT_4_TMS_Psychopy2024.2.5.psyexp,2024.2.5,2025-08-18 17h00.27.012906 +0200,
0,0,0,0,0,0,0,,,,,,,,,,173.7529444694519,,3,,,,text_05,,1,2back_dual_main_click,,,,,,,,,Q1,c,True,,,,,,,20,02,yes,no,no,2025-08-18_16h47.41.980,EXNAT_4_TMS_Psychopy2024.2.5.psyexp,2024.2.5,2025-08-18 17h00.27.012906 +0200,
0,0,0,0,0,0,0,,,,,,,,,,177.05990982055664,,3,,,,text_05,,1,2back_dual_main_click,,,,,,,,,Q2,c,True,,,,,,,20,02,yes,no,no,2025-08-18_16h47.41.980,EXNAT_4_TMS_Psychopy2024.2.5.psyexp,2024.2.5,2025-08-18 17h00.27.012906 +0200,
0,0,0,0,0,0,0,,,,,,,,,,183.62247276306152,,2,,,,text_05,,1,2back_dual_main_click,,,,,,,,,Q3,b,True,,,,,,,20,02,yes,no,no,2025-08-18_16h47.41.980,EXNAT_4_TMS_Psychopy2024.2.5.psyexp,2024.2.5,2025-08-18 17h00.27.012906 +0200,
0,0,0,0,0,0,0,,,,,,,,,#2AB7EF,190.93501114845276,False,space,correct rejection,None,1440.6747817993164,text_03,1,2,2back_dual_main_click,2,Johanna,13,11,24,120,60,190.98952746391296,,,,,,,,,,20,02,yes,no,no,2025-08-18_16h47.41.980,EXNAT_4_TMS_Psychopy2024.2.5.psyexp,2024.2.5,2025-08-18 17h00.27.012906 +0200,
0,0,0,0,0,0,0,,,,,,,,,#88BA3F,192.4099404811859,False,space,correct rejection,None,765.7153606414795,text_03,2,2,2back_dual_main_click,2,Fantova,13,11,24,120,60,,,,,,,,,,,20,02,yes,no,no,2025-08-18_16h47.41.980,EXNAT_4_TMS_Psychopy2024.2.5.psyexp,2024.2.5,2025-08-18 17h00.27.012906 +0200,
0,0,0,0,0,0,0,,,,,,,,,#D292F3,193.21301651000977,False,space,correct rejection,None,778.6314487457275,text_03,3,2,2back_dual_main_click,2,war,13,11,24,120,60,,,,,,,,,,,20,02,yes,no,no,2025-08-18_16h47.41.980,EXNAT_4_TMS_Psychopy2024.2.5.psyexp,2024.2.5,2025-08-18 17h00.27.012906 +0200,
0,0,0,0,0,0,0,,,,,,,,,#F989A2,194.03173542022705,False,space,correct rejection,None,567.9900646209717,text_03,4,2,2back_dual_main_click,2,die,13,11,24,120,60,,,,,,,,,,,20,02,yes,no,no,2025-08-18_16h47.41.980,EXNAT_4_TMS_Psychopy2024.2.5.psyexp,2024.2.5,2025-08-18 17h00.27.012906 +0200,
0,0,0,0,0,0,0,,,,,,,,,#D292F3,194.6388292312622,True,space,miss,None,600.8169651031494,text_03,5,2,2back_dual_main_click,2,letzte,13,11,24,120,60,,,,,,,,,,,20,02,yes,no,no,2025-08-18_16h47.41.980,EXNAT_4_TMS_Psychopy2024.2.5.psyexp,2024.2.5,2025-08-18 17h00.27.012906 +0200,
0,0,0,0,0,0,0,,,,,,,,,#88BA3F,195.2792248725891,False,space,correct rejection,None,600.4147529602051,text_03,6,2,2back_dual_main_click,2,enge,13,11,24,120,60,,,,,,,,,,,20,02,yes,no,no,2025-08-18_16h47.41.980,EXNAT_4_TMS_Psychopy2024.2.5.psyexp,2024.2.5,2025-08-18 17h00.27.012906 +0200,
0,0,0,0,0,0,0,,,,,,,,,#2AB7EF,195.9198079109192,False,space,correct rejection,None,583.9455127716064,text_03,7,2,2back_dual_main_click,2,Freundin,13,11,24,120,60,,,,,,,,,,,20,02,yes,no,no,2025-08-18_16h47.41.980,EXNAT_4_TMS_Psychopy2024.2.5.psyexp,2024.2.5,2025-08-18 17h00.27.012906 +0200,
0,0,0,0,0,0,0,,,,,,,,,#F989A2,196.5442123413086,False,space,correct rejection,None,551.5048503875732,text_03,8,2,2back_dual_main_click,2,von,13,11,24,120,60,,,,,,,,,,,20,02,yes,no,no,2025-08-18_16h47.41.980,EXNAT_4_TMS_Psychopy2024.2.5.psyexp,2024.2.5,2025-08-18 17h00.27.012906 +0200,
0,0,0,0,0,0,0,,,,,,,,,#2AB7EF,197.13490200042725,True,space,miss,None,616.8370246887207,text_03,9,2,2back_dual_main_click,2,Albert,13,12,25,120,60,197.192941904068,,,,,,,,,,20,02,yes,no,no,2025-08-18_16h47.41.980,EXNAT_4_TMS_Psychopy2024.2.5.psyexp,2024.2.5,2025-08-18 17h00.27.012906 +0200,
0,0,0,0,0,0,0,,,,,,,,,#D292F3,197.79067277908325,False,space,correct rejection,None,585.0732326507568,text_03,10,2,2back_dual_main_click,2,Einstein.,13,12,25,120,60,,,,,,,,,,,20,02,yes,no,no,2025-08-18_16h47.41.980,EXNAT_4_TMS_Psychopy2024.2.5.psyexp,2024.2.5,2025-08-18 17h00.27.012906 +0200,
0,0,0,0,0,0,0,,,,,,,,,#88BA3F,198.41434693336487,False,space,correct rejection,None,745.4137802124023,text_03,11,2,2back_dual_main_click,2,Sie,13,12,25,120,60,,,,,,,,,,,20,02,yes,no,no,2025-08-18_16h47.41.980,EXNAT_4_TMS_Psychopy2024.2.5.psyexp,2024.2.5,2025-08-18 17h00.27.012906 +0200,
0,0,0,0,0,0,0,,,,,,,,,#F989A2,199.2010633945465,False,space,correct rejection,None,662.3313426971436,text_03,12,2,2back_dual_main_click,2,telefonierten,13,12,25,120,60,,,,,,,,,,,20,02,yes,no,no,2025-08-18_16h47.41.980,EXNAT_4_TMS_Psychopy2024.2.5.psyexp,2024.2.5,2025-08-18 17h00.27.012906 +0200,
0,0,0,0,0,0,0,,,,,,,,,#2AB7EF,199.90374636650085,False,space,correct rejection,None,647.8562355041504,text_03,13,2,2back_dual_main_click,2,"oft,",13,12,25,120,60,,,,,,,,,,,20,02,yes,no,no,2025-08-18_16h47.41.980,EXNAT_4_TMS_Psychopy2024.2.5.psyexp,2024.2.5,2025-08-18 17h00.27.012906 +0200,
0,0,0,0,0,0,0,,,,,,,,,#D292F3,200.59174346923828,False,space,correct rejection,None,727.8432846069336,text_03,14,2,2back_dual_main_click,2,trafen,13,12,25,120,60,,,,,,,,,,,20,02,yes,no,no,2025-08-18_16h47.41.980,EXNAT_4_TMS_Psychopy2024.2.5.psyexp,2024.2.5,2025-08-18 17h00.27.012906 +0200,
0,0,0,0,0,0,0,,,,,,,,,#F989A2,201.36048007011414,False,space,correct rejection,None,599.1158485412598,text_03,15,2,2back_dual_main_click,2,sich,13,12,25,120,60,,,,,,,,,,,20,02,yes,no,no,2025-08-18_16h47.41.980,EXNAT_4_TMS_Psychopy2024.2.5.psyexp,2024.2.5,2025-08-18 17h00.27.012906 +0200,
0,0,0,0,0,0,0,,,,,,,,,#88BA3F,201.99873208999634,False,space,correct rejection,None,728.8665771484375,text_03,16,2,2back_dual_main_click,2,regelmäßig,14,12,26,120,60,202.19290280342102,,,,,,,,,,20,02,yes,no,no,2025-08-18_16h47.41.980,EXNAT_4_TMS_Psychopy2024.2.5.psyexp,2024.2.5,2025-08-18 17h00.27.012906 +0200,
0,0,0,0,0,0,0,,,,,,,,,#2AB7EF,202.76783514022827,False,space,correct rejection,None,791.8167114257812,text_03,17,2,2back_dual_main_click,2,und,14,12,26,120,60,,,,,,,,,,,20,02,yes,no,no,2025-08-18_16h47.41.980,EXNAT_4_TMS_Psychopy2024.2.5.psyexp,2024.2.5,2025-08-18 17h00.27.012906 +0200,
0,0,0,0,0,0,0,,,,,,,,,#2AB7EF,203.59999585151672,False,space,correct rejection,None,679.6541213989258,text_03,18,2,2back_dual_main_click,2,gingen,14,12,26,120,60,,,,,,,,,,,20,02,yes,no,no,2025-08-18_16h47.41.980,EXNAT_4_TMS_Psychopy2024.2.5.psyexp,2024.2.5,2025-08-18 17h00.27.012906 +0200,
0,0,0,0,0,0,0,,,,,,,,,#88BA3F,204.31873440742493,False,space,correct rejection,None,680.9008121490479,text_03,19,2,2back_dual_main_click,2,gemeinsam,14,12,26,120,60,,,,,,,,,,,20,02,yes,no,no,2025-08-18_16h47.41.980,EXNAT_4_TMS_Psychopy2024.2.5.psyexp,2024.2.5,2025-08-18 17h00.27.012906 +0200,
0,0,0,0,0,0,0,,,,,,,,,#D292F3,205.03885054588318,False,space,correct rejection,None,728.8196086883545,text_03,20,2,2back_dual_main_click,2,segeln.,14,12,26,120,60,,,,,,,,,,,20,02,yes,no,no,2025-08-18_16h47.41.980,EXNAT_4_TMS_Psychopy2024.2.5.psyexp,2024.2.5,2025-08-18 17h00.27.012906 +0200,
0,0,0,0,0,0,0,,,,,,,,,#F989A2,205.80996894836426,False,space,correct rejection,None,885.7448101043701,text_03,21,2,2back_dual_main_click,2,Heimlich,14,12,26,120,60,,,,,,,,,,,20,02,yes,no,no,2025-08-18_16h47.41.980,EXNAT_4_TMS_Psychopy2024.2.5.psyexp,2024.2.5,2025-08-18 17h00.27.012906 +0200,
0,0,0,0,0,0,0,,,,,,,,,#88BA3F,206.73609352111816,False,space,correct rejection,None,631.6256523132324,text_03,22,2,2back_dual_main_click,2,schrieb,14,12,26,120,60,,,,,,,,,,,20,02,yes,no,no,2025-08-18_16h47.41.980,EXNAT_4_TMS_Psychopy2024.2.5.psyexp,2024.2.5,2025-08-18 17h00.27.012906 +0200,
0,0,0,0,0,0,0,,,,,,,,,#D292F3,207.4068636894226,False,space,correct rejection,None,1464.7157192230225,text_03,23,2,2back_dual_main_click,2,Fantova,14,12,26,120,60,,,,,,,,,,,20,02,yes,no,no,2025-08-18_16h47.41.980,EXNAT_4_TMS_Psychopy2024.2.5.psyexp,2024.2.5,2025-08-18 17h00.27.012906 +0200,
0,0,0,0,0,0,0,,,,,,,,,#F989A2,208.9110186100006,False,space,correct rejection,None,648.493766784668,text_03,24,2,2back_dual_main_click,2,Notizen,14,12,26,120,60,,,,,,,,,,,20,02,yes,no,no,2025-08-18_16h47.41.980,EXNAT_4_TMS_Psychopy2024.2.5.psyexp,2024.2.5,2025-08-18 17h00.27.012906 +0200,
0,0,0,0,0,0,0,,,,,,,,,#88BA3F,209.59964299201965,False,space,correct rejection,None,600.0995635986328,text_03,25,2,2back_dual_main_click,2,über,14,12,26,120,60,,,,,,,,,,,20,02,yes,no,no,2025-08-18_16h47.41.980,EXNAT_4_TMS_Psychopy2024.2.5.psyexp,2024.2.5,2025-08-18 17h00.27.012906 +0200,
0,0,0,0,0,0,0,,,,,,,,,#2AB7EF,210.2385835647583,False,space,correct rejection,None,553.168773651123,text_03,26,2,2back_dual_main_click,2,ihre,14,12,26,120,60,,,,,,,,,,,20,02,yes,no,no,2025-08-18_16h47.41.980,EXNAT_4_TMS_Psychopy2024.2.5.psyexp,2024.2.5,2025-08-18 17h00.27.012906 +0200,
0,0,0,0,0,0,0,,,,,,,,,#D292F3,210.83168196678162,False,space,correct rejection,None,727.9095649719238,text_03,27,2,2back_dual_main_click,2,Gespräche.,14,12,26,120,60,,,,,,,,,,,20,02,yes,no,no,2025-08-18_16h47.41.980,EXNAT_4_TMS_Psychopy2024.2.5.psyexp,2024.2.5,2025-08-18 17h00.27.012906 +0200,
0,0,0,0,0,0,0,,,,,,,,,#2AB7EF,211.6008746623993,True,space,miss,None,710.8967304229736,text_03,28,2,2back_dual_main_click,2,Darin,14,13,27,120,60,211.6602692604065,,,,,,,,,,20,02,yes,no,no,2025-08-18_16h47.41.980,EXNAT_4_TMS_Psychopy2024.2.5.psyexp,2024.2.5,2025-08-18 17h00.27.012906 +0200,
0,0,0,0,0,0,0,,,,,,,,,#D292F3,212.3513104915619,True,space,miss,None,616.3957118988037,text_03,29,2,2back_dual_main_click,2,zeigt,14,13,27,120,60,,,,,,,,,,,20,02,yes,no,no,2025-08-18_16h47.41.980,EXNAT_4_TMS_Psychopy2024.2.5.psyexp,2024.2.5,2025-08-18 17h00.27.012906 +0200,
0,0,0,0,0,0,0,,,,,,,,,#D292F3,213.00802731513977,False,space,correct rejection,None,599.7264385223389,text_03,30,2,2back_dual_main_click,2,sich,14,13,27,120,60,,,,,,,,,,,20,02,yes,no,no,2025-08-18_16h47.41.980,EXNAT_4_TMS_Psychopy2024.2.5.psyexp,2024.2.5,2025-08-18 17h00.27.012906 +0200,
0,0,0,0,0,0,0,,,,,,,,,#F989A2,213.6472270488739,False,space,correct rejection,None,776.4747142791748,text_03,31,2,2back_dual_main_click,2,Einstein,14,13,27,120,60,,,,,,,,,,,20,02,yes,no,no,2025-08-18_16h47.41.980,EXNAT_4_TMS_Psychopy2024.2.5.psyexp,2024.2.5,2025-08-18 17h00.27.012906 +0200,
0,0,0,0,0,0,0,,,,,,,,,#F989A2,214.4618637561798,False,space,correct rejection,None,697.8144645690918,text_03,32,2,2back_dual_main_click,2,nicht,14,13,27,120,60,,,,,,,,,,,20,02,yes,no,no,2025-08-18_16h47.41.980,EXNAT_4_TMS_Psychopy2024.2.5.psyexp,2024.2.5,2025-08-18 17h00.27.012906 +0200,
0,0,0,0,0,0,0,,,,,,,,,#88BA3F,215.1983404159546,False,space,correct rejection,None,713.109016418457,text_03,33,2,2back_dual_main_click,2,nur,14,13,27,120,60,,,,,,,,,,,20,02,yes,no,no,2025-08-18_16h47.41.980,EXNAT_4_TMS_Psychopy2024.2.5.psyexp,2024.2.5,2025-08-18 17h00.27.012906 +0200,
0,0,0,0,0,0,0,,,,,,,,,#2AB7EF,215.9498794078827,False,space,correct rejection,None,553.6963939666748,text_03,34,2,2back_dual_main_click,2,als,14,13,27,120,60,,,,,,,,,,,20,02,yes,no,no,2025-08-18_16h47.41.980,EXNAT_4_TMS_Psychopy2024.2.5.psyexp,2024.2.5,2025-08-18 17h00.27.012906 +0200,
0,0,0,0,0,0,0,,,,,,,,,#88BA3F,216.54298210144043,True,space,miss,None,664.635181427002,text_03,35,2,2back_dual_main_click,2,berühmter,14,14,28,120,60,216.66011548042297,,,,,,,,,,20,02,yes,no,no,2025-08-18_16h47.41.980,EXNAT_4_TMS_Psychopy2024.2.5.psyexp,2024.2.5,2025-08-18 17h00.27.012906 +0200,
0,0,0,0,0,0,0,,,,,,,,,#F989A2,217.2495241165161,False,space,correct rejection,None,646.1601257324219,text_03,36,2,2back_dual_main_click,2,"Wissenschaftler,",14,14,28,120,60,,,,,,,,,,,20,02,yes,no,no,2025-08-18_16h47.41.980,EXNAT_4_TMS_Psychopy2024.2.5.psyexp,2024.2.5,2025-08-18 17h00.27.012906 +0200,
0,0,0,0,0,0,0,,,,,,,,,#2AB7EF,217.93630242347717,False,space,correct rejection,None,647.31764793396,text_03,37,2,2back_dual_main_click,2,sondern,14,14,28,120,60,,,,,,,,,,,20,02,yes,no,no,2025-08-18_16h47.41.980,EXNAT_4_TMS_Psychopy2024.2.5.psyexp,2024.2.5,2025-08-18 17h00.27.012906 +0200,
0,0,0,0,0,0,0,,,,,,,,,#88BA3F,218.62448906898499,False,space,correct rejection,None,631.2158107757568,text_03,38,2,2back_dual_main_click,2,auch,14,14,28,120,60,,,,,,,,,,,20,02,yes,no,no,2025-08-18_16h47.41.980,EXNAT_4_TMS_Psychopy2024.2.5.psyexp,2024.2.5,2025-08-18 17h00.27.012906 +0200,
0,0,0,0,0,0,0,,,,,,,,,#D292F3,219.29674410820007,False,space,correct rejection,None,614.9289608001709,text_03,39,2,2back_dual_main_click,2,als,14,14,28,120,60,,,,,,,,,,,20,02,yes,no,no,2025-08-18_16h47.41.980,EXNAT_4_TMS_Psychopy2024.2.5.psyexp,2024.2.5,2025-08-18 17h00.27.012906 +0200,
0,0,0,0,0,0,0,,,,,,,,,#D292F3,219.9519624710083,False,space,correct rejection,None,647.7205753326416,text_03,40,2,2back_dual_main_click,2,warmherziger,14,14,28,120,60,,,,,,,,,,,20,02,yes,no,no,2025-08-18_16h47.41.980,EXNAT_4_TMS_Psychopy2024.2.5.psyexp,2024.2.5,2025-08-18 17h00.27.012906 +0200,
0,0,0,0,0,0,0,,,,,,,,,#D292F3,220.63963627815247,True,space,miss,None,648.0391025543213,text_03,41,2,2back_dual_main_click,2,und,14,14,28,120,60,,,,,,,,,,,20,02,yes,no,no,2025-08-18_16h47.41.980,EXNAT_4_TMS_Psychopy2024.2.5.psyexp,2024.2.5,2025-08-18 17h00.27.012906 +0200,
0,0,0,0,0,0,0,,,,,,,,,#2AB7EF,221.32731127738953,False,space,correct rejection,None,648.2968330383301,text_03,42,2,2back_dual_main_click,2,lustiger,15,14,29,120,60,221.66030406951904,,,,,,,,,,20,02,yes,no,no,2025-08-18_16h47.41.980,EXNAT_4_TMS_Psychopy2024.2.5.psyexp,2024.2.5,2025-08-18 17h00.27.012906 +0200,
0,0,0,0,0,0,0,,,,,,,,,#88BA3F,222.0171298980713,False,space,correct rejection,None,742.4814701080322,text_03,43,2,2back_dual_main_click,2,Mensch.,15,14,29,120,60,,,,,,,,,,,20,02,yes,no,no,2025-08-18_16h47.41.980,EXNAT_4_TMS_Psychopy2024.2.5.psyexp,2024.2.5,2025-08-18 17h00.27.012906 +0200,
0,0,0,0,0,0,0,,,,,,,,,#F989A2,222.80100679397583,False,space,correct rejection,None,710.5016708374023,text_03,44,2,2back_dual_main_click,2,Ohne,15,14,29,120,60,,,,,,,,,,,20,02,yes,no,no,2025-08-18_16h47.41.980,EXNAT_4_TMS_Psychopy2024.2.5.psyexp,2024.2.5,2025-08-18 17h00.27.012906 +0200,
0,0,0,0,0,0,0,,,,,,,,,#F989A2,223.5508623123169,False,space,correct rejection,None,584.7632884979248,text_03,45,2,2back_dual_main_click,2,Fantovas,15,14,29,120,60,,,,,,,,,,,20,02,yes,no,no,2025-08-18_16h47.41.980,EXNAT_4_TMS_Psychopy2024.2.5.psyexp,2024.2.5,2025-08-18 17h00.27.012906 +0200,
0,0,0,0,0,0,0,,,,,,,,,#88BA3F,224.175279378891,False,space,correct rejection,None,744.2002296447754,text_03,46,2,2back_dual_main_click,2,Aufzeichnungen,15,14,29,120,60,,,,,,,,,,,20,02,yes,no,no,2025-08-18_16h47.41.980,EXNAT_4_TMS_Psychopy2024.2.5.psyexp,2024.2.5,2025-08-18 17h00.27.012906 +0200,
0,0,0,0,0,0,0,,,,,,,,,#2AB7EF,224.95813369750977,False,space,correct rejection,None,601.3810634613037,text_03,47,2,2back_dual_main_click,2,wüsste,15,14,29,120,60,,,,,,,,,,,20,02,yes,no,no,2025-08-18_16h47.41.980,EXNAT_4_TMS_Psychopy2024.2.5.psyexp,2024.2.5,2025-08-18 17h00.27.012906 +0200,
0,0,0,0,0,0,0,,,,,,,,,#F989A2,225.59751319885254,False,space,correct rejection,None,698.1353759765625,text_03,48,2,2back_dual_main_click,2,man,15,14,29,120,60,,,,,,,,,,,20,02,yes,no,no,2025-08-18_16h47.41.980,EXNAT_4_TMS_Psychopy2024.2.5.psyexp,2024.2.5,2025-08-18 17h00.27.012906 +0200,
0,0,0,0,0,0,0,,,,,,,,,#F989A2,226.33562874794006,False,space,correct rejection,None,680.0336837768555,text_03,49,2,2back_dual_main_click,2,zum,16,14,30,120,60,226.6603081226349,,,,,,,,,,20,02,yes,no,no,2025-08-18_16h47.41.980,EXNAT_4_TMS_Psychopy2024.2.5.psyexp,2024.2.5,2025-08-18 17h00.27.012906 +0200,
0,0,0,0,0,0,0,,,,,,,,,#D292F3,227.05633115768433,False,space,correct rejection,None,743.3066368103027,text_03,50,2,2back_dual_main_click,2,Beispiel,16,14,30,120,60,,,,,,,,,,,20,02,yes,no,no,2025-08-18_16h47.41.980,EXNAT_4_TMS_Psychopy2024.2.5.psyexp,2024.2.5,2025-08-18 17h00.27.012906 +0200,
0,0,0,0,0,0,0,,,,,,,,,#2AB7EF,227.84018278121948,False,space,correct rejection,None,631.4401626586914,text_03,51,2,2back_dual_main_click,2,nichts,16,14,30,120,60,,,,,,,,,,,20,02,yes,no,no,2025-08-18_16h47.41.980,EXNAT_4_TMS_Psychopy2024.2.5.psyexp,2024.2.5,2025-08-18 17h00.27.012906 +0200,
0,0,0,0,0,0,0,,,,,,,,,#2AB7EF,228.51296186447144,False,space,correct rejection,None,534.7237586975098,text_03,52,2,2back_dual_main_click,2,von,16,14,30,120,60,,,,,,,,,,,20,02,yes,no,no,2025-08-18_16h47.41.980,EXNAT_4_TMS_Psychopy2024.2.5.psyexp,2024.2.5,2025-08-18 17h00.27.012906 +0200,
0,0,0,0,0,0,0,,,,,,,,,#F989A2,229.0872242450714,False,space,correct rejection,None,632.4293613433838,text_03,53,2,2back_dual_main_click,2,Einsteins,16,14,30,120,60,,,,,,,,,,,20,02,yes,no,no,2025-08-18_16h47.41.980,EXNAT_4_TMS_Psychopy2024.2.5.psyexp,2024.2.5,2025-08-18 17h00.27.012906 +0200,
0,0,0,0,0,0,0,,,,,,,,,#F989A2,229.76060605049133,False,space,correct rejection,None,1095.0438976287842,text_03,54,2,2back_dual_main_click,2,melancholischem,16,14,30,120,60,,,,,,,,,,,20,02,yes,no,no,2025-08-18_16h47.41.980,EXNAT_4_TMS_Psychopy2024.2.5.psyexp,2024.2.5,2025-08-18 17h00.27.012906 +0200,
0,0,0,0,0,0,0,,,,,,,,,#2AB7EF,230.89469838142395,False,space,correct rejection,None,680.8822154998779,text_03,55,2,2back_dual_main_click,2,Papagei,16,14,30,120,60,,,,,,,,,,,20,02,yes,no,no,2025-08-18_16h47.41.980,EXNAT_4_TMS_Psychopy2024.2.5.psyexp,2024.2.5,2025-08-18 17h00.27.012906 +0200,
0,0,0,0,0,0,0,,,,,,,,,#88BA3F,231.61567378044128,False,space,correct rejection,None,904.0203094482422,text_03,56,2,2back_dual_main_click,2,Bibo.,16,14,30,120,60,,,,,,,,,,,20,02,yes,no,no,2025-08-18_16h47.41.980,EXNAT_4_TMS_Psychopy2024.2.5.psyexp,2024.2.5,2025-08-18 17h00.27.012906 +0200,
0,0,0,0,0,0,0,,,,,,,,,#D292F3,232.55905151367188,False,space,correct rejection,None,776.3867378234863,text_03,57,2,2back_dual_main_click,2,Auch,16,14,30,120,60,,,,,,,,,,,20,02,yes,no,no,2025-08-18_16h47.41.980,EXNAT_4_TMS_Psychopy2024.2.5.psyexp,2024.2.5,2025-08-18 17h00.27.012906 +0200,
0,0,0,0,0,0,0,,,,,,,,,#D292F3,233.3749599456787,False,space,correct rejection,None,584.742546081543,text_03,58,2,2back_dual_main_click,2,seine,16,14,30,120,60,,,,,,,,,,,20,02,yes,no,no,2025-08-18_16h47.41.980,EXNAT_4_TMS_Psychopy2024.2.5.psyexp,2024.2.5,2025-08-18 17h00.27.012906 +0200,
0,0,0,0,0,0,0,,,,,,,,,#88BA3F,233.99916124343872,False,space,correct rejection,None,728.4073829650879,text_03,59,2,2back_dual_main_click,2,witzigen,16,14,30,120,60,,,,,,,,,,,20,02,yes,no,no,2025-08-18_16h47.41.980,EXNAT_4_TMS_Psychopy2024.2.5.psyexp,2024.2.5,2025-08-18 17h00.27.012906 +0200,
0,0,0,0,0,0,0,,,,,,,,,#88BA3F,234.7680389881134,False,space,correct rejection,None,615.6058311462402,text_03,60,2,2back_dual_main_click,2,Sprüche,16,14,30,120,60,,,,,,,,,,,20,02,yes,no,no,2025-08-18_16h47.41.980,EXNAT_4_TMS_Psychopy2024.2.5.psyexp,2024.2.5,2025-08-18 17h00.27.012906 +0200,
0,0,0,0,0,0,0,,,,,,,,,#F989A2,235.4239137172699,False,space,correct rejection,None,711.700439453125,text_03,61,2,2back_dual_main_click,2,über,16,14,30,120,60,,,,,,,,,,,20,02,yes,no,no,2025-08-18_16h47.41.980,EXNAT_4_TMS_Psychopy2024.2.5.psyexp,2024.2.5,2025-08-18 17h00.27.012906 +0200,
0,0,0,0,0,0,0,,,,,,,,,#D292F3,236.1758267879486,False,space,correct rejection,None,567.8486824035645,text_03,62,2,2back_dual_main_click,2,das,16,14,30,120,60,,,,,,,,,,,20,02,yes,no,no,2025-08-18_16h47.41.980,EXNAT_4_TMS_Psychopy2024.2.5.psyexp,2024.2.5,2025-08-18 17h00.27.012906 +0200,
0,0,0,0,0,0,0,,,,,,,,,#2AB7EF,236.7852165699005,False,space,correct rejection,None,598.4902381896973,text_03,63,2,2back_dual_main_click,2,Leben,16,14,30,120,60,,,,,,,,,,,20,02,yes,no,no,2025-08-18_16h47.41.980,EXNAT_4_TMS_Psychopy2024.2.5.psyexp,2024.2.5,2025-08-18 17h00.27.012906 +0200,
0,0,0,0,0,0,0,,,,,,,,,#2AB7EF,237.42286658287048,False,space,correct rejection,None,616.8475151062012,text_03,64,2,2back_dual_main_click,2,wären,16,14,30,120,60,,,,,,,,,,,20,02,yes,no,no,2025-08-18_16h47.41.980,EXNAT_4_TMS_Psychopy2024.2.5.psyexp,2024.2.5,2025-08-18 17h00.27.012906 +0200,
0,0,0,0,0,0,0,,,,,,,,,#88BA3F,238.07841539382935,False,space,correct rejection,None,665.0862693786621,text_03,65,2,2back_dual_main_click,2,verloren.,16,14,30,120,60,,,,,,,,,,,20,02,yes,no,no,2025-08-18_16h47.41.980,EXNAT_4_TMS_Psychopy2024.2.5.psyexp,2024.2.5,2025-08-18 17h00.27.012906 +0200,
0,0,0,0,0,0,0,,,,,,,,,#2AB7EF,238.78283190727234,True,space,miss,None,680.802583694458,text_03,66,2,2back_dual_main_click,2,Über,16,14,30,120,60,,,,,,,,,,,20,02,yes,no,no,2025-08-18_16h47.41.980,EXNAT_4_TMS_Psychopy2024.2.5.psyexp,2024.2.5,2025-08-18 17h00.27.012906 +0200,
0,0,0,0,0,0,0,,,,,,,,,#88BA3F,239.50252389907837,True,space,miss,None,809.1089725494385,text_03,67,2,2back_dual_main_click,2,einen,16,15,31,120,60,239.55984449386597,,,,,,,,,,20,02,yes,no,no,2025-08-18_16h47.41.980,EXNAT_4_TMS_Psychopy2024.2.5.psyexp,2024.2.5,2025-08-18 17h00.27.012906 +0200,
0,0,0,0,0,0,0,,,,,,,,,#2AB7EF,240.35200667381287,True,l,hit,967.6909446716309,1383.6002349853516,text_03,68,2,2back_dual_main_click,2,Nachbarn,16,15,31,120,60,,,,,,,,,,,20,02,yes,no,no,2025-08-18_16h47.41.980,EXNAT_4_TMS_Psychopy2024.2.5.psyexp,2024.2.5,2025-08-18 17h00.27.012906 +0200,
0,0,0,0,0,0,0,,,,,,,,,#D292F3,241.77746415138245,False,space,correct rejection,None,534.0466499328613,text_03,69,2,2back_dual_main_click,2,sagte,16,15,31,120,60,,,,,,,,,,,20,02,yes,no,no,2025-08-18_16h47.41.980,EXNAT_4_TMS_Psychopy2024.2.5.psyexp,2024.2.5,2025-08-18 17h00.27.012906 +0200,
0,0,0,0,0,0,0,,,,,,,,,#F989A2,242.35053038597107,False,space,correct rejection,None,552.9215335845947,text_03,70,2,2back_dual_main_click,2,er,16,15,31,120,60,,,,,,,,,,,20,02,yes,no,no,2025-08-18_16h47.41.980,EXNAT_4_TMS_Psychopy2024.2.5.psyexp,2024.2.5,2025-08-18 17h00.27.012906 +0200,
0,0,0,0,0,0,0,,,,,,,,,#F989A2,242.94401216506958,False,space,correct rejection,None,519.4485187530518,text_03,71,2,2back_dual_main_click,2,zum,16,15,31,120,60,,,,,,,,,,,20,02,yes,no,no,2025-08-18_16h47.41.980,EXNAT_4_TMS_Psychopy2024.2.5.psyexp,2024.2.5,2025-08-18 17h00.27.012906 +0200,
0,0,0,0,0,0,0,,,,,,,,,#88BA3F,243.50263142585754,False,space,correct rejection,None,504.99820709228516,text_03,72,2,2back_dual_main_click,2,Beispiel:,16,15,31,120,60,,,,,,,,,,,20,02,yes,no,no,2025-08-18_16h47.41.980,EXNAT_4_TMS_Psychopy2024.2.5.psyexp,2024.2.5,2025-08-18 17h00.27.012906 +0200,
0,0,0,0,0,0,0,,,,,,,,,#88BA3F,244.0480682849884,False,space,correct rejection,None,615.4358386993408,text_03,73,2,2back_dual_main_click,2,""Es,17,15,32,120,60,244.56008911132812,,,,,,,,,,20,02,yes,no,no,2025-08-18_16h47.41.980,EXNAT_4_TMS_Psychopy2024.2.5.psyexp,2024.2.5,2025-08-18 17h00.27.012906 +0200,
0,0,0,0,0,0,0,,,,,,,,,#F989A2,244.70269989967346,False,space,correct rejection,None,552.9565811157227,text_03,74,2,2back_dual_main_click,2,besteht,17,15,32,120,60,,,,,,,,,,,20,02,yes,no,no,2025-08-18_16h47.41.980,EXNAT_4_TMS_Psychopy2024.2.5.psyexp,2024.2.5,2025-08-18 17h00.27.012906 +0200,
0,0,0,0,0,0,0,,,,,,,,,#F989A2,245.2969036102295,False,space,correct rejection,None,630.7532787322998,text_03,75,2,2back_dual_main_click,2,die,17,15,32,120,60,,,,,,,,,,,20,02,yes,no,no,2025-08-18_16h47.41.980,EXNAT_4_TMS_Psychopy2024.2.5.psyexp,2024.2.5,2025-08-18 17h00.27.012906 +0200,
0,0,0,0,0,0,0,,,,,,,,,#2AB7EF,245.96639227867126,False,space,correct rejection,None,537.3122692108154,text_03,76,2,2back_dual_main_click,2,"Gefahr,",17,15,32,120,60,,,,,,,,,,,20,02,yes,no,no,2025-08-18_16h47.41.980,EXNAT_4_TMS_Psychopy2024.2.5.psyexp,2024.2.5,2025-08-18 17h00.27.012906 +0200,
0,0,0,0,0,0,0,,,,,,,,,#88BA3F,246.54249835014343,False,space,correct rejection,None,617.2380447387695,text_03,77,2,2back_dual_main_click,2,dass,17,15,32,120,60,,,,,,,,,,,20,02,yes,no,no,2025-08-18_16h47.41.980,EXNAT_4_TMS_Psychopy2024.2.5.psyexp,2024.2.5,2025-08-18 17h00.27.012906 +0200,
0,0,0,0,0,0,0,,,,,,,,,#2AB7EF,247.19878268241882,True,space,miss,None,536.9162559509277,text_03,78,2,2back_dual_main_click,2,sein,17,15,32,120,60,,,,,,,,,,,20,02,yes,no,no,2025-08-18_16h47.41.980,EXNAT_4_TMS_Psychopy2024.2.5.psyexp,2024.2.5,2025-08-18 17h00.27.012906 +0200,
0,0,0,0,0,0,0,,,,,,,,,#88BA3F,247.77496910095215,True,space,miss,None,584.7606658935547,text_03,79,2,2back_dual_main_click,2,Sohn,17,15,32,120,60,,,,,,,,,,,20,02,yes,no,no,2025-08-18_16h47.41.980,EXNAT_4_TMS_Psychopy2024.2.5.psyexp,2024.2.5,2025-08-18 17h00.27.012906 +0200,
0,0,0,0,0,0,0,,,,,,,,,#D292F3,248.39861249923706,False,space,correct rejection,None,745.0313568115234,text_03,80,2,2back_dual_main_click,2,heiratet."",17,15,32,120,60,,,,,,,,,,,20,02,yes,no,no,2025-08-18_16h47.41.980,EXNAT_4_TMS_Psychopy2024.2.5.psyexp,2024.2.5,2025-08-18 17h00.27.012906 +0200,
0,0,0,0,0,0,0,,,,,,,,,#2AB7EF,249.18387389183044,False,space,correct rejection,None,1367.8483963012695,text_03,81,2,2back_dual_main_click,2,Fantova,17,15,32,120,60,,,,,,,,,,,20,02,yes,no,no,2025-08-18_16h47.41.980,EXNAT_4_TMS_Psychopy2024.2.5.psyexp,2024.2.5,2025-08-18 17h00.27.012906 +0200,
0,0,0,0,0,0,0,,,,,,,,,#D292F3,250.58844685554504,True,space,miss,None,619.2848682403564,text_03,82,2,2back_dual_main_click,2,war,17,16,33,120,60,250.64007091522217,,,,,,,,,,20,02,yes,no,no,2025-08-18_16h47.41.980,EXNAT_4_TMS_Psychopy2024.2.5.psyexp,2024.2.5,2025-08-18 17h00.27.012906 +0200,
0,0,0,0,0,0,0,,,,,,,,,#D292F3,251.24777603149414,False,space,correct rejection,None,663.8693809509277,text_03,83,2,2back_dual_main_click,2,22,17,16,33,120,60,,,,,,,,,,,20,02,yes,no,no,2025-08-18_16h47.41.980,EXNAT_4_TMS_Psychopy2024.2.5.psyexp,2024.2.5,2025-08-18 17h00.27.012906 +0200,
0,0,0,0,0,0,0,,,,,,,,,#F989A2,251.95268154144287,False,space,correct rejection,None,806.969404220581,text_03,84,2,2back_dual_main_click,2,Jahre,17,16,33,120,60,,,,,,,,,,,20,02,yes,no,no,2025-08-18_16h47.41.980,EXNAT_4_TMS_Psychopy2024.2.5.psyexp,2024.2.5,2025-08-18 17h00.27.012906 +0200,
0,0,0,0,0,0,0,,,,,,,,,#2AB7EF,252.80042839050293,False,space,correct rejection,None,839.0722274780273,text_03,85,2,2back_dual_main_click,2,jünger,17,16,33,120,60,,,,,,,,,,,20,02,yes,no,no,2025-08-18_16h47.41.980,EXNAT_4_TMS_Psychopy2024.2.5.psyexp,2024.2.5,2025-08-18 17h00.27.012906 +0200,
0,0,0,0,0,0,0,,,,,,,,,#D292F3,253.6789722442627,False,space,correct rejection,None,552.6916980743408,text_03,86,2,2back_dual_main_click,2,als,17,16,33,120,60,,,,,,,,,,,20,02,yes,no,no,2025-08-18_16h47.41.980,EXNAT_4_TMS_Psychopy2024.2.5.psyexp,2024.2.5,2025-08-18 17h00.27.012906 +0200,
0,0,0,0,0,0,0,,,,,,,,,#2AB7EF,254.268958568573,True,l,hit,650.7561206817627,1066.6818618774414,text_03,87,2,2back_dual_main_click,2,Einstein,17,16,33,120,60,,,,,,,,,,,20,02,yes,no,no,2025-08-18_16h47.41.980,EXNAT_4_TMS_Psychopy2024.2.5.psyexp,2024.2.5,2025-08-18 17h00.27.012906 +0200,
0,0,0,0,0,0,0,,,,,,,,,#2AB7EF,255.391211271286,False,space,correct rejection,None,568.4285163879395,text_03,88,2,2back_dual_main_click,2,und,17,16,33,120,60,,,,,,,,,,,20,02,yes,no,no,2025-08-18_16h47.41.980,EXNAT_4_TMS_Psychopy2024.2.5.psyexp,2024.2.5,2025-08-18 17h00.27.012906 +0200,
0,0,0,0,0,0,0,,,,,,,,,#D292F3,256.0009250640869,False,space,correct rejection,None,598.7834930419922,text_03,89,2,2back_dual_main_click,2,kam,18,16,34,120,60,256.06081771850586,,,,,,,,,,20,02,yes,no,no,2025-08-18_16h47.41.980,EXNAT_4_TMS_Psychopy2024.2.5.psyexp,2024.2.5,2025-08-18 17h00.27.012906 +0200,
0,0,0,0,0,0,0,,,,,,,,,#2AB7EF,256.63899850845337,True,space,miss,None,616.6987419128418,text_03,90,2,2back_dual_main_click,2,wie,18,16,34,120,60,,,,,,,,,,,20,02,yes,no,no,2025-08-18_16h47.41.980,EXNAT_4_TMS_Psychopy2024.2.5.psyexp,2024.2.5,2025-08-18 17h00.27.012906 +0200,
0,0,0,0,0,0,0,,,,,,,,,#88BA3F,257.295964717865,False,space,correct rejection,None,567.7361488342285,text_03,91,2,2back_dual_main_click,2,er,18,16,34,120,60,,,,,,,,,,,20,02,yes,no,no,2025-08-18_16h47.41.980,EXNAT_4_TMS_Psychopy2024.2.5.psyexp,2024.2.5,2025-08-18 17h00.27.012906 +0200,
0,0,0,0,0,0,0,,,,,,,,,#88BA3F,257.9039134979248,False,space,correct rejection,None,487.81585693359375,text_03,92,2,2back_dual_main_click,2,aus,18,16,34,120,60,,,,,,,,,,,20,02,yes,no,no,2025-08-18_16h47.41.980,EXNAT_4_TMS_Psychopy2024.2.5.psyexp,2024.2.5,2025-08-18 17h00.27.012906 +0200,
0,0,0,0,0,0,0,,,,,,,,,#F989A2,258.43224596977234,False,space,correct rejection,None,695.5037117004395,text_03,93,2,2back_dual_main_click,2,Europa.,18,16,34,120,60,,,,,,,,,,,20,02,yes,no,no,2025-08-18_16h47.41.980,EXNAT_4_TMS_Psychopy2024.2.5.psyexp,2024.2.5,2025-08-18 17h00.27.012906 +0200,
0,0,0,0,0,0,0,,,,,,,,,#F989A2,259.16607666015625,False,space,correct rejection,None,841.6776657104492,text_03,94,2,2back_dual_main_click,2,Die,18,16,34,120,60,,,,,,,,,,,20,02,yes,no,no,2025-08-18_16h47.41.980,EXNAT_4_TMS_Psychopy2024.2.5.psyexp,2024.2.5,2025-08-18 17h00.27.012906 +0200,
0,0,0,0,0,0,0,,,,,,,,,#88BA3F,260.0482134819031,False,space,correct rejection,None,759.4523429870605,text_03,95,2,2back_dual_main_click,2,Eltern,18,16,34,120,60,,,,,,,,,,,20,02,yes,no,no,2025-08-18_16h47.41.980,EXNAT_4_TMS_Psychopy2024.2.5.psyexp,2024.2.5,2025-08-18 17h00.27.012906 +0200,
0,0,0,0,0,0,0,,,,,,,,,#F989A2,260.84626388549805,True,space,miss,None,537.4715328216553,text_03,96,2,2back_dual_main_click,2,ihres,18,17,35,120,60,261.06083059310913,,,,,,,,,,20,02,yes,no,no,2025-08-18_16h47.41.980,EXNAT_4_TMS_Psychopy2024.2.5.psyexp,2024.2.5,2025-08-18 17h00.27.012906 +0200,
0,0,0,0,0,0,0,,,,,,,,,#D292F3,261.422976732254,False,space,correct rejection,None,600.6639003753662,text_03,97,2,2back_dual_main_click,2,"Mannes,",18,17,35,120,60,,,,,,,,,,,20,02,yes,no,no,2025-08-18_16h47.41.980,EXNAT_4_TMS_Psychopy2024.2.5.psyexp,2024.2.5,2025-08-18 17h00.27.012906 +0200,
0,0,0,0,0,0,0,,,,,,,,,#88BA3F,262.06424283981323,False,space,correct rejection,None,903.4204483032227,text_03,98,2,2back_dual_main_click,2,Otto,18,17,35,120,60,,,,,,,,,,,20,02,yes,no,no,2025-08-18_16h47.41.980,EXNAT_4_TMS_Psychopy2024.2.5.psyexp,2024.2.5,2025-08-18 17h00.27.012906 +0200,
0,0,0,0,0,0,0,,,,,,,,,#F989A2,263.007120847702,False,space,correct rejection,None,840.5747413635254,text_03,99,2,2back_dual_main_click,2,"Fanta,",18,17,35,120,60,,,,,,,,,,,20,02,yes,no,no,2025-08-18_16h47.41.980,EXNAT_4_TMS_Psychopy2024.2.5.psyexp,2024.2.5,2025-08-18 17h00.27.012906 +0200,
0,0,0,0,0,0,0,,,,,,,,,#88BA3F,263.88772320747375,True,space,miss,None,791.895866394043,text_03,100,2,2back_dual_main_click,2,luden,18,17,35,120,60,,,,,,,,,,,20,02,yes,no,no,2025-08-18_16h47.41.980,EXNAT_4_TMS_Psychopy2024.2.5.psyexp,2024.2.5,2025-08-18 17h00.27.012906 +0200,
0,0,0,0,0,0,0,,,,,,,,,#D292F3,264.7187235355377,False,space,correct rejection,None,760.92529296875,text_03,101,2,2back_dual_main_click,2,viele,18,17,35,120,60,,,,,,,,,,,20,02,yes,no,no,2025-08-18_16h47.41.980,EXNAT_4_TMS_Psychopy2024.2.5.psyexp,2024.2.5,2025-08-18 17h00.27.012906 +0200,
0,0,0,0,0,0,0,,,,,,,,,#2AB7EF,265.52070689201355,False,space,correct rejection,None,711.0066413879395,text_03,102,2,2back_dual_main_click,2,berühmte,19,17,36,120,60,266.060830116272,,,,,,,,,,20,02,yes,no,no,2025-08-18_16h47.41.980,EXNAT_4_TMS_Psychopy2024.2.5.psyexp,2024.2.5,2025-08-18 17h00.27.012906 +0200,
0,0,0,0,0,0,0,,,,,,,,,#88BA3F,266.2718176841736,False,space,correct rejection,None,807.8944683074951,text_03,103,2,2back_dual_main_click,2,Menschen,19,17,36,120,60,,,,,,,,,,,20,02,yes,no,no,2025-08-18_16h47.41.980,EXNAT_4_TMS_Psychopy2024.2.5.psyexp,2024.2.5,2025-08-18 17h00.27.012906 +0200,
0,0,0,0,0,0,0,,,,,,,,,#F989A2,267.1193127632141,False,space,correct rejection,None,536.4208221435547,text_03,104,2,2back_dual_main_click,2,in,19,17,36,120,60,,,,,,,,,,,20,02,yes,no,no,2025-08-18_16h47.41.980,EXNAT_4_TMS_Psychopy2024.2.5.psyexp,2024.2.5,2025-08-18 17h00.27.012906 +0200,
0,0,0,0,0,0,0,,,,,,,,,#F989A2,267.69683599472046,False,space,correct rejection,None,470.8092212677002,text_03,105,2,2back_dual_main_click,2,ihren,19,17,36,120,60,,,,,,,,,,,20,02,yes,no,no,2025-08-18_16h47.41.980,EXNAT_4_TMS_Psychopy2024.2.5.psyexp,2024.2.5,2025-08-18 17h00.27.012906 +0200,
0,0,0,0,0,0,0,,,,,,,,,#2AB7EF,268.2085118293762,False,space,correct rejection,None,935.2197647094727,text_03,106,2,2back_dual_main_click,2,Salon,19,17,36,120,60,,,,,,,,,,,20,02,yes,no,no,2025-08-18_16h47.41.980,EXNAT_4_TMS_Psychopy2024.2.5.psyexp,2024.2.5,2025-08-18 17h00.27.012906 +0200,
0,0,0,0,0,0,0,,,,,,,,,#2AB7EF,269.1824674606323,False,space,correct rejection,None,697.1879005432129,text_03,107,2,2back_dual_main_click,2,ein.,19,17,36,120,60,,,,,,,,,,,20,02,yes,no,no,2025-08-18_16h47.41.980,EXNAT_4_TMS_Psychopy2024.2.5.psyexp,2024.2.5,2025-08-18 17h00.27.012906 +0200,
0,0,0,0,0,0,0,,,,,,,,,#D292F3,269.9212739467621,False,space,correct rejection,None,998.4848499298096,text_03,108,2,2back_dual_main_click,2,Neben,19,17,36,120,60,,,,,,,,,,,20,02,yes,no,no,2025-08-18_16h47.41.980,EXNAT_4_TMS_Psychopy2024.2.5.psyexp,2024.2.5,2025-08-18 17h00.27.012906 +0200,
0,0,0,0,0,0,0,,,,,,,,,#2AB7EF,270.95939803123474,True,l,hit,584.2986106872559,1032.2329998016357,text_03,109,2,2back_dual_main_click,2,Einstein,19,18,37,120,60,271.0609562397003,,,,,,,,,,20,02,yes,no,no,2025-08-18_16h47.41.980,EXNAT_4_TMS_Psychopy2024.2.5.psyexp,2024.2.5,2025-08-18 17h00.27.012906 +0200,
0,0,0,0,0,0,0,,,,,,,,,#F989A2,272.03244137763977,False,space,correct rejection,None,1527.2934436798096,text_03,110,2,2back_dual_main_click,2,gehörte,19,18,37,120,60,,,,,,,,,,,20,02,yes,no,no,2025-08-18_16h47.41.980,EXNAT_4_TMS_Psychopy2024.2.5.psyexp,2024.2.5,2025-08-18 17h00.27.012906 +0200,
0,0,0,0,0,0,0,,,,,,,,,#D292F3,273.60061049461365,False,space,correct rejection,None,551.0520935058594,text_03,111,2,2back_dual_main_click,2,auch,19,18,37,120,60,,,,,,,,,,,20,02,yes,no,no,2025-08-18_16h47.41.980,EXNAT_4_TMS_Psychopy2024.2.5.psyexp,2024.2.5,2025-08-18 17h00.27.012906 +0200,
0,0,0,0,0,0,0,,,,,,,,,#D292F3,274.1920223236084,False,space,correct rejection,None,759.7179412841797,text_03,112,2,2back_dual_main_click,2,Franz,19,18,37,120,60,,,,,,,,,,,20,02,yes,no,no,2025-08-18_16h47.41.980,EXNAT_4_TMS_Psychopy2024.2.5.psyexp,2024.2.5,2025-08-18 17h00.27.012906 +0200,
0,0,0,0,0,0,0,,,,,,,,,#2AB7EF,274.9882504940033,False,space,correct rejection,None,715.4581546783447,text_03,113,2,2back_dual_main_click,2,Kafka,19,18,37,120,60,,,,,,,,,,,20,02,yes,no,no,2025-08-18_16h47.41.980,EXNAT_4_TMS_Psychopy2024.2.5.psyexp,2024.2.5,2025-08-18 17h00.27.012906 +0200,
0,0,0,0,0,0,0,,,,,,,,,#D292F3,275.7415633201599,True,space,miss,None,842.1785831451416,text_03,114,2,2back_dual_main_click,2,dazu.,19,19,38,120,60,276.0608904361725,,,,,,,,,,20,02,yes,no,no,2025-08-18_16h47.41.980,EXNAT_4_TMS_Psychopy2024.2.5.psyexp,2024.2.5,2025-08-18 17h00.27.012906 +0200,
0,0,0,0,0,0,0,,,,,,,,,#88BA3F,276.6224522590637,False,space,correct rejection,None,1033.327579498291,text_03,115,2,2back_dual_main_click,2,Für,19,19,38,120,60,,,,,,,,,,,20,02,yes,no,no,2025-08-18_16h47.41.980,EXNAT_4_TMS_Psychopy2024.2.5.psyexp,2024.2.5,2025-08-18 17h00.27.012906 +0200,
0,0,0,0,0,0,0,,,,,,,,,#F989A2,277.69622564315796,False,space,correct rejection,None,871.5097904205322,text_03,116,2,2back_dual_main_click,2,Einstein,19,19,38,120,60,,,,,,,,,,,20,02,yes,no,no,2025-08-18_16h47.41.980,EXNAT_4_TMS_Psychopy2024.2.5.psyexp,2024.2.5,2025-08-18 17h00.27.012906 +0200,
0,0,0,0,0,0,0,,,,,,,,,#2AB7EF,278.60736203193665,False,space,correct rejection,None,584.3732357025146,text_03,117,2,2back_dual_main_click,2,war,19,19,38,120,60,,,,,,,,,,,20,02,yes,no,no,2025-08-18_16h47.41.980,EXNAT_4_TMS_Psychopy2024.2.5.psyexp,2024.2.5,2025-08-18 17h00.27.012906 +0200,
0,0,0,0,0,0,0,,,,,,,,,#88BA3F,279.2314398288727,False,space,correct rejection,None,888.3218765258789,text_03,118,2,2back_dual_main_click,2,Fantova,19,19,38,120,60,,,,,,,,,,,20,02,yes,no,no,2025-08-18_16h47.41.980,EXNAT_4_TMS_Psychopy2024.2.5.psyexp,2024.2.5,2025-08-18 17h00.27.012906 +0200,
0,0,0,0,0,0,0,,,,,,,,,#F989A2,280.15955424308777,False,space,correct rejection,None,584.1243267059326,text_03,119,2,2back_dual_main_click,2,eine,19,19,38,120,60,,,,,,,,,,,20,02,yes,no,no,2025-08-18_16h47.41.980,EXNAT_4_TMS_Psychopy2024.2.5.psyexp,2024.2.5,2025-08-18 17h00.27.012906 +0200,
0,0,0,0,0,0,0,,,,,,,,,#88BA3F,280.7840714454651,True,l,hit,455.4598331451416,919.3868637084961,text_03,120,2,2back_dual_main_click,2,Teil,19,19,38,120,60,,,,,,,,,,,20,02,yes,no,no,2025-08-18_16h47.41.980,EXNAT_4_TMS_Psychopy2024.2.5.psyexp,2024.2.5,2025-08-18 17h00.27.012906 +0200,
0,0,0,0,0,0,0,,,,,,,,,#D292F3,281.7441201210022,False,space,correct rejection,None,583.5487842559814,text_03,121,2,2back_dual_main_click,2,der,20,19,39,120,60,281.79609751701355,,,,,,,,,,20,02,yes,no,no,2025-08-18_16h47.41.980,EXNAT_4_TMS_Psychopy2024.2.5.psyexp,2024.2.5,2025-08-18 17h00.27.012906 +0200,
0,0,0,0,0,0,0,,,,,,,,,#88BA3F,282.3660502433777,True,l,hit,601.588249206543,1033.7049961090088,text_03,122,2,2back_dual_main_click,2,alten,20,19,39,120,60,,,,,,,,,,,20,02,yes,no,no,2025-08-18_16h47.41.980,EXNAT_4_TMS_Psychopy2024.2.5.psyexp,2024.2.5,2025-08-18 17h00.27.012906 +0200,
0,0,0,0,0,0,0,,,,,,,,,#2AB7EF,283.45334935188293,False,space,correct rejection,None,714.3921852111816,text_03,123,2,2back_dual_main_click,2,"Welt,",20,19,39,120,60,,,,,,,,,,,20,02,yes,no,no,2025-08-18_16h47.41.980,EXNAT_4_TMS_Psychopy2024.2.5.psyexp,2024.2.5,2025-08-18 17h00.27.012906 +0200,
0,0,0,0,0,0,0,,,,,,,,,#F989A2,284.2223901748657,False,space,correct rejection,None,553.3180236816406,text_03,124,2,2back_dual_main_click,2,die,20,19,39,120,60,,,,,,,,,,,20,02,yes,no,no,2025-08-18_16h47.41.980,EXNAT_4_TMS_Psychopy2024.2.5.psyexp,2024.2.5,2025-08-18 17h00.27.012906 +0200,
0,0,0,0,0,0,0,,,,,,,,,#F989A2,284.8309998512268,False,space,correct rejection,None,552.6800155639648,text_03,125,2,2back_dual_main_click,2,er,20,19,39,120,60,,,,,,,,,,,20,02,yes,no,no,2025-08-18_16h47.41.980,EXNAT_4_TMS_Psychopy2024.2.5.psyexp,2024.2.5,2025-08-18 17h00.27.012906 +0200,
0,0,0,0,0,0,0,,,,,,,,,#D292F3,285.43883633613586,False,space,correct rejection,None,728.8153171539307,text_03,126,2,2back_dual_main_click,2,vermisste.,20,19,39,120,60,,,,,,,,,,,20,02,yes,no,no,2025-08-18_16h47.41.980,EXNAT_4_TMS_Psychopy2024.2.5.psyexp,2024.2.5,2025-08-18 17h00.27.012906 +0200,
0,0,0,0,0,0,0,,,,,,,,,#88BA3F,286.222647190094,False,space,correct rejection,None,744.8818683624268,text_03,127,2,2back_dual_main_click,2,In,21,19,40,120,60,286.79608821868896,,,,,,,,,,20,02,yes,no,no,2025-08-18_16h47.41.980,EXNAT_4_TMS_Psychopy2024.2.5.psyexp,2024.2.5,2025-08-18 17h00.27.012906 +0200,
0,0,0,0,0,0,0,,,,,,,,,#D292F3,287.0078842639923,True,space,miss,None,567.8155422210693,text_03,128,2,2back_dual_main_click,2,ihrem,21,19,40,120,60,,,,,,,,,,,20,02,yes,no,no,2025-08-18_16h47.41.980,EXNAT_4_TMS_Psychopy2024.2.5.psyexp,2024.2.5,2025-08-18 17h00.27.012906 +0200,
0,0,0,0,0,0,0,,,,,,,,,#2AB7EF,287.61602807044983,False,space,correct rejection,None,615.6790256500244,text_03,129,2,2back_dual_main_click,2,Text,21,19,40,120,60,,,,,,,,,,,20,02,yes,no,no,2025-08-18_16h47.41.980,EXNAT_4_TMS_Psychopy2024.2.5.psyexp,2024.2.5,2025-08-18 17h00.27.012906 +0200,
0,0,0,0,0,0,0,,,,,,,,,#F989A2,288.2699046134949,False,space,correct rejection,None,633.8417530059814,text_03,130,2,2back_dual_main_click,2,beschreibt,21,19,40,120,60,,,,,,,,,,,20,02,yes,no,no,2025-08-18_16h47.41.980,EXNAT_4_TMS_Psychopy2024.2.5.psyexp,2024.2.5,2025-08-18 17h00.27.012906 +0200,
0,0,0,0,0,0,0,,,,,,,,,#2AB7EF,288.94463562965393,True,space,miss,None,614.987850189209,text_03,131,2,2back_dual_main_click,2,sie,21,19,40,120,60,,,,,,,,,,,20,02,yes,no,no,2025-08-18_16h47.41.980,EXNAT_4_TMS_Psychopy2024.2.5.psyexp,2024.2.5,2025-08-18 17h00.27.012906 +0200,
0,0,0,0,0,0,0,,,,,,,,,#88BA3F,289.60011291503906,False,space,correct rejection,None,647.6635932922363,text_03,132,2,2back_dual_main_click,2,ihn,21,19,40,120,60,,,,,,,,,,,20,02,yes,no,no,2025-08-18_16h47.41.980,EXNAT_4_TMS_Psychopy2024.2.5.psyexp,2024.2.5,2025-08-18 17h00.27.012906 +0200,
0,0,0,0,0,0,0,,,,,,,,,#D292F3,290.2872769832611,False,space,correct rejection,None,600.4948616027832,text_03,133,2,2back_dual_main_click,2,als,21,19,40,120,60,,,,,,,,,,,20,02,yes,no,no,2025-08-18_16h47.41.980,EXNAT_4_TMS_Psychopy2024.2.5.psyexp,2024.2.5,2025-08-18 17h00.27.012906 +0200,
0,0,0,0,0,0,0,,,,,,,,,#F989A2,290.92968344688416,False,space,correct rejection,None,966.1650657653809,text_03,134,2,2back_dual_main_click,2,"zurückgezogen,",21,19,40,120,60,,,,,,,,,,,20,02,yes,no,no,2025-08-18_16h47.41.980,EXNAT_4_TMS_Psychopy2024.2.5.psyexp,2024.2.5,2025-08-18 17h00.27.012906 +0200,
0,0,0,0,0,0,0,,,,,,,,,#88BA3F,291.93469047546387,False,space,correct rejection,None,616.999626159668,text_03,135,2,2back_dual_main_click,2,aber,21,19,40,120,60,,,,,,,,,,,20,02,yes,no,no,2025-08-18_16h47.41.980,EXNAT_4_TMS_Psychopy2024.2.5.psyexp,2024.2.5,2025-08-18 17h00.27.012906 +0200,
0,0,0,0,0,0,0,,,,,,,,,#F989A2,292.5919451713562,True,l,hit,631.8173408508301,1143.742561340332,text_03,136,2,2back_dual_main_click,2,herzlich.,21,19,40,120,60,,,,,,,,,,,20,02,yes,no,no,2025-08-18_16h47.41.980,EXNAT_4_TMS_Psychopy2024.2.5.psyexp,2024.2.5,2025-08-18 17h00.27.012906 +0200,
0,0,0,0,0,0,0,,,,,,,,,#2AB7EF,293.7929971218109,False,space,correct rejection,None,598.808765411377,text_03,137,2,2back_dual_main_click,2,Besonders,21,19,40,120,60,,,,,,,,,,,20,02,yes,no,no,2025-08-18_16h47.41.980,EXNAT_4_TMS_Psychopy2024.2.5.psyexp,2024.2.5,2025-08-18 17h00.27.012906 +0200,
0,0,0,0,0,0,0,,,,,,,,,#F989A2,294.44828748703003,True,space,miss,None,679.4610023498535,text_03,138,2,2back_dual_main_click,2,bewegend,21,20,41,120,60,294.49987983703613,,,,,,,,,,20,02,yes,no,no,2025-08-18_16h47.41.980,EXNAT_4_TMS_Psychopy2024.2.5.psyexp,2024.2.5,2025-08-18 17h00.27.012906 +0200,
0,0,0,0,0,0,0,,,,,,,,,#2AB7EF,295.1819636821747,True,l,hit,457.58605003356934,857.511043548584,text_03,139,2,2back_dual_main_click,2,"war,",21,20,41,120,60,,,,,,,,,,,20,02,yes,no,no,2025-08-18_16h47.41.980,EXNAT_4_TMS_Psychopy2024.2.5.psyexp,2024.2.5,2025-08-18 17h00.27.012906 +0200,
0,0,0,0,0,0,0,,,,,,,,,#D292F3,296.09166073799133,False,space,correct rejection,None,619.8766231536865,text_03,140,2,2back_dual_main_click,2,wie,21,20,41,120,60,,,,,,,,,,,20,02,yes,no,no,2025-08-18_16h47.41.980,EXNAT_4_TMS_Psychopy2024.2.5.psyexp,2024.2.5,2025-08-18 17h00.27.012906 +0200,
0,0,0,0,0,0,0,,,,,,,,,#2AB7EF,296.75056409835815,True,space,miss,None,585.2088928222656,text_03,141,2,2back_dual_main_click,2,Einstein,21,20,41,120,60,,,,,,,,,,,20,02,yes,no,no,2025-08-18_16h47.41.980,EXNAT_4_TMS_Psychopy2024.2.5.psyexp,2024.2.5,2025-08-18 17h00.27.012906 +0200,
0,0,0,0,0,0,0,,,,,,,,,#D292F3,297.3758776187897,True,space,miss,None,663.8960838317871,text_03,142,2,2back_dual_main_click,2,"versuchte,",21,20,41,120,60,,,,,,,,,,,20,02,yes,no,no,2025-08-18_16h47.41.980,EXNAT_4_TMS_Psychopy2024.2.5.psyexp,2024.2.5,2025-08-18 17h00.27.012906 +0200,
0,0,0,0,0,0,0,,,,,,,,,#88BA3F,298.08073925971985,False,space,correct rejection,None,631.0203075408936,text_03,143,2,2back_dual_main_click,2,seinen,21,20,41,120,60,,,,,,,,,,,20,02,yes,no,no,2025-08-18_16h47.41.980,EXNAT_4_TMS_Psychopy2024.2.5.psyexp,2024.2.5,2025-08-18 17h00.27.012906 +0200,
0,0,0,0,0,0,0,,,,,,,,,#88BA3F,298.75159430503845,False,space,correct rejection,None,632.2722434997559,text_03,144,2,2back_dual_main_click,2,traurigen,21,20,41,120,60,,,,,,,,,,,20,02,yes,no,no,2025-08-18_16h47.41.980,EXNAT_4_TMS_Psychopy2024.2.5.psyexp,2024.2.5,2025-08-18 17h00.27.012906 +0200,
0,0,0,0,0,0,0,,,,,,,,,#F989A2,299.42346119880676,False,space,correct rejection,None,728.3928394317627,text_03,145,2,2back_dual_main_click,2,Papagei,22,20,42,120,60,299.4997570514679,,,,,,,,,,20,02,yes,no,no,2025-08-18_16h47.41.980,EXNAT_4_TMS_Psychopy2024.2.5.psyexp,2024.2.5,2025-08-18 17h00.27.012906 +0200,
0,0,0,0,0,0,0,,,,,,,,,#88BA3F,300.1906991004944,True,space,miss,None,537.1010303497314,text_03,146,2,2back_dual_main_click,2,Bibo,22,20,42,120,60,,,,,,,,,,,20,02,yes,no,no,2025-08-18_16h47.41.980,EXNAT_4_TMS_Psychopy2024.2.5.psyexp,2024.2.5,2025-08-18 17h00.27.012906 +0200,
0,0,0,0,0,0,0,,,,,,,,,#D292F3,300.7663471698761,False,space,correct rejection,None,537.4360084533691,text_03,147,2,2back_dual_main_click,2,mit,22,20,42,120,60,,,,,,,,,,,20,02,yes,no,no,2025-08-18_16h47.41.980,EXNAT_4_TMS_Psychopy2024.2.5.psyexp,2024.2.5,2025-08-18 17h00.27.012906 +0200,
0,0,0,0,0,0,0,,,,,,,,,#2AB7EF,301.3430902957916,False,space,correct rejection,None,712.6867771148682,text_03,148,2,2back_dual_main_click,2,Scherzen,22,20,42,120,60,,,,,,,,,,,20,02,yes,no,no,2025-08-18_16h47.41.980,EXNAT_4_TMS_Psychopy2024.2.5.psyexp,2024.2.5,2025-08-18 17h00.27.012906 +0200,
0,0,0,0,0,0,0,,,,,,,,,#D292F3,302.0952179431915,True,l,hit,616.5688037872314,1016.4837837219238,text_03,149,2,2back_dual_main_click,2,zu,22,20,42,120,60,,,,,,,,,,,20,02,yes,no,no,2025-08-18_16h47.41.980,EXNAT_4_TMS_Psychopy2024.2.5.psyexp,2024.2.5,2025-08-18 17h00.27.012906 +0200,
0,0,0,0,0,0,0,,,,,,,,,#2AB7EF,303.1515839099884,True,space,miss,None,920.1920032501221,text_03,150,2,2back_dual_main_click,2,trösten.,22,20,42,120,60,,,,,,,,,,,20,02,yes,no,no,2025-08-18_16h47.41.980,EXNAT_4_TMS_Psychopy2024.2.5.psyexp,2024.2.5,2025-08-18 17h00.27.012906 +0200,
0,0,0,0,0,0,0,,,,,,,,,,304.121000289917,,4,,,,text_03,,2,2back_dual_main_click,,,,,,,,,Q1,d,True,,,,,,,20,02,yes,no,no,2025-08-18_16h47.41.980,EXNAT_4_TMS_Psychopy2024.2.5.psyexp,2024.2.5,2025-08-18 17h00.27.012906 +0200,
0,0,0,0,0,0,0,,,,,,,,,,309.7848012447357,,1,,,,text_03,,2,2back_dual_main_click,,,,,,,,,Q2,a,True,,,,,,,20,02,yes,no,no,2025-08-18_16h47.41.980,EXNAT_4_TMS_Psychopy2024.2.5.psyexp,2024.2.5,2025-08-18 17h00.27.012906 +0200,
0,0,0,0,0,0,0,,,,,,,,,,317.1766588687897,,1,,,,text_03,,2,2back_dual_main_click,,,,,,,,,Q3,a,True,,,,,,,20,02,yes,no,no,2025-08-18_16h47.41.980,EXNAT_4_TMS_Psychopy2024.2.5.psyexp,2024.2.5,2025-08-18 17h00.27.012906 +0200,
0,0,0,0,0,0,0,,,,,,,,,#D292F3,324.8821294307709,False,space,correct rejection,None,741.5897846221924,text_13,1,3,2back_dual_main_click,2,Nina,22,20,42,120,60,,,,,,,,,,,20,02,yes,no,no,2025-08-18_16h47.41.980,EXNAT_4_TMS_Psychopy2024.2.5.psyexp,2024.2.5,2025-08-18 17h00.27.012906 +0200,
0,0,0,0,0,0,0,,,,,,,,,#2AB7EF,325.65726804733276,False,space,correct rejection,None,590.5470848083496,text_13,2,3,2back_dual_main_click,2,ist,22,20,42,120,60,,,,,,,,,,,20,02,yes,no,no,2025-08-18_16h47.41.980,EXNAT_4_TMS_Psychopy2024.2.5.psyexp,2024.2.5,2025-08-18 17h00.27.012906 +0200,
0,0,0,0,0,0,0,,,,,,,,,#2AB7EF,326.2852530479431,False,space,correct rejection,None,506.5469741821289,text_13,3,3,2back_dual_main_click,2,seit,22,20,42,120,60,,,,,,,,,,,20,02,yes,no,no,2025-08-18_16h47.41.980,EXNAT_4_TMS_Psychopy2024.2.5.psyexp,2024.2.5,2025-08-18 17h00.27.012906 +0200,
0,0,0,0,0,0,0,,,,,,,,,#F989A2,326.83086585998535,False,space,correct rejection,None,504.880428314209,text_13,4,3,2back_dual_main_click,2,22,22,20,42,120,60,,,,,,,,,,,20,02,yes,no,no,2025-08-18_16h47.41.980,EXNAT_4_TMS_Psychopy2024.2.5.psyexp,2024.2.5,2025-08-18 17h00.27.012906 +0200,
0,0,0,0,0,0,0,,,,,,,,,#F989A2,327.37629103660583,False,space,correct rejection,None,535.4876518249512,text_13,5,3,2back_dual_main_click,2,Jahren,22,20,42,120,60,,,,,,,,,,,20,02,yes,no,no,2025-08-18_16h47.41.980,EXNAT_4_TMS_Psychopy2024.2.5.psyexp,2024.2.5,2025-08-18 17h00.27.012906 +0200,
0,0,0,0,0,0,0,,,,,,,,,#D292F3,327.95412850379944,False,space,correct rejection,None,581.6357135772705,text_13,6,3,2back_dual_main_click,2,Schauspielerin.,22,20,42,120,60,,,,,,,,,,,20,02,yes,no,no,2025-08-18_16h47.41.980,EXNAT_4_TMS_Psychopy2024.2.5.psyexp,2024.2.5,2025-08-18 17h00.27.012906 +0200,
0,0,0,0,0,0,0,,,,,,,,,#88BA3F,328.57808923721313,False,space,correct rejection,None,629.7392845153809,text_13,7,3,2back_dual_main_click,2,Hollywood,22,20,42,120,60,,,,,,,,,,,20,02,yes,no,no,2025-08-18_16h47.41.980,EXNAT_4_TMS_Psychopy2024.2.5.psyexp,2024.2.5,2025-08-18 17h00.27.012906 +0200,
0,0,0,0,0,0,0,,,,,,,,,#F989A2,329.24875020980835,False,space,correct rejection,None,631.0653686523438,text_13,8,3,2back_dual_main_click,2,interessiert,22,20,42,120,60,,,,,,,,,,,20,02,yes,no,no,2025-08-18_16h47.41.980,EXNAT_4_TMS_Psychopy2024.2.5.psyexp,2024.2.5,2025-08-18 17h00.27.012906 +0200,
0,0,0,0,0,0,0,,,,,,,,,#88BA3F,329.91888213157654,True,space,miss,None,488.910436630249,text_13,9,3,2back_dual_main_click,2,sie,22,21,43,120,60,329.977751493454,,,,,,,,,,20,02,yes,no,no,2025-08-18_16h47.41.980,EXNAT_4_TMS_Psychopy2024.2.5.psyexp,2024.2.5,2025-08-18 17h00.27.012906 +0200,
0,0,0,0,0,0,0,,,,,,,,,#D292F3,330.44856548309326,False,space,correct rejection,None,551.2032508850098,text_13,10,3,2back_dual_main_click,2,nicht,22,21,43,120,60,,,,,,,,,,,20,02,yes,no,no,2025-08-18_16h47.41.980,EXNAT_4_TMS_Psychopy2024.2.5.psyexp,2024.2.5,2025-08-18 17h00.27.012906 +0200,
0,0,0,0,0,0,0,,,,,,,,,#2AB7EF,331.03954815864563,False,space,correct rejection,None,552.2027015686035,text_13,11,3,2back_dual_main_click,2,mehr,22,21,43,120,60,,,,,,,,,,,20,02,yes,no,no,2025-08-18_16h47.41.980,EXNAT_4_TMS_Psychopy2024.2.5.psyexp,2024.2.5,2025-08-18 17h00.27.012906 +0200,
0,0,0,0,0,0,0,,,,,,,,,#88BA3F,331.6323344707489,False,space,correct rejection,None,583.4174156188965,text_13,12,3,2back_dual_main_click,2,weil,22,21,43,120,60,,,,,,,,,,,20,02,yes,no,no,2025-08-18_16h47.41.980,EXNAT_4_TMS_Psychopy2024.2.5.psyexp,2024.2.5,2025-08-18 17h00.27.012906 +0200,
0,0,0,0,0,0,0,,,,,,,,,#2AB7EF,332.2529454231262,True,space,miss,None,522.845983505249,text_13,13,3,2back_dual_main_click,2,sie,22,21,43,120,60,,,,,,,,,,,20,02,yes,no,no,2025-08-18_16h47.41.980,EXNAT_4_TMS_Psychopy2024.2.5.psyexp,2024.2.5,2025-08-18 17h00.27.012906 +0200,
0,0,0,0,0,0,0,,,,,,,,,#F989A2,332.81574845314026,False,space,correct rejection,None,711.9951248168945,text_13,14,3,2back_dual_main_click,2,eine,22,21,43,120,60,,,,,,,,,,,20,02,yes,no,no,2025-08-18_16h47.41.980,EXNAT_4_TMS_Psychopy2024.2.5.psyexp,2024.2.5,2025-08-18 17h00.27.012906 +0200,
0,0,0,0,0,0,0,,,,,,,,,#F989A2,333.56761384010315,False,space,correct rejection,None,600.2027988433838,text_13,15,3,2back_dual_main_click,2,Karriere,22,21,43,120,60,,,,,,,,,,,20,02,yes,no,no,2025-08-18_16h47.41.980,EXNAT_4_TMS_Psychopy2024.2.5.psyexp,2024.2.5,2025-08-18 17h00.27.012906 +0200,
0,0,0,0,0,0,0,,,,,,,,,#2AB7EF,334.20805764198303,False,space,correct rejection,None,551.7332553863525,text_13,16,3,2back_dual_main_click,2,als,22,21,43,120,60,,,,,,,,,,,20,02,yes,no,no,2025-08-18_16h47.41.980,EXNAT_4_TMS_Psychopy2024.2.5.psyexp,2024.2.5,2025-08-18 17h00.27.012906 +0200,
0,0,0,0,0,0,0,,,,,,,,,#88BA3F,334.80016255378723,False,space,correct rejection,None,583.6362838745117,text_13,17,3,2back_dual_main_click,2,""Nazi"",23,21,44,120,60,334.9775884151459,,,,,,,,,,20,02,yes,no,no,2025-08-18_16h47.41.980,EXNAT_4_TMS_Psychopy2024.2.5.psyexp,2024.2.5,2025-08-18 17h00.27.012906 +0200,
0,0,0,0,0,0,0,,,,,,,,,#D292F3,335.4258601665497,False,space,correct rejection,None,869.9915409088135,text_13,18,3,2back_dual_main_click,2,befürchtet.,23,21,44,120,60,,,,,,,,,,,20,02,yes,no,no,2025-08-18_16h47.41.980,EXNAT_4_TMS_Psychopy2024.2.5.psyexp,2024.2.5,2025-08-18 17h00.27.012906 +0200,
0,0,0,0,0,0,0,,,,,,,,,#F989A2,336.33643889427185,False,space,correct rejection,None,1751.3587474822998,text_13,19,3,2back_dual_main_click,2,Sie,23,21,44,120,60,,,,,,,,,,,20,02,yes,no,no,2025-08-18_16h47.41.980,EXNAT_4_TMS_Psychopy2024.2.5.psyexp,2024.2.5,2025-08-18 17h00.27.012906 +0200,
0,0,0,0,0,0,0,,,,,,,,,#2AB7EF,338.14214611053467,False,space,correct rejection,None,521.674633026123,text_13,20,3,2back_dual_main_click,2,bevorzugt,23,21,44,120,60,,,,,,,,,,,20,02,yes,no,no,2025-08-18_16h47.41.980,EXNAT_4_TMS_Psychopy2024.2.5.psyexp,2024.2.5,2025-08-18 17h00.27.012906 +0200,
0,0,0,0,0,0,0,,,,,,,,,#D292F3,338.7191994190216,False,space,correct rejection,None,584.6328735351562,text_13,21,3,2back_dual_main_click,2,"künstlerische,",23,21,44,120,60,,,,,,,,,,,20,02,yes,no,no,2025-08-18_16h47.41.980,EXNAT_4_TMS_Psychopy2024.2.5.psyexp,2024.2.5,2025-08-18 17h00.27.012906 +0200,
0,0,0,0,0,0,0,,,,,,,,,#88BA3F,339.3603718280792,False,space,correct rejection,None,663.3288860321045,text_13,22,3,2back_dual_main_click,2,französische,23,21,44,120,60,,,,,,,,,,,20,02,yes,no,no,2025-08-18_16h47.41.980,EXNAT_4_TMS_Psychopy2024.2.5.psyexp,2024.2.5,2025-08-18 17h00.27.012906 +0200,
0,0,0,0,0,0,0,,,,,,,,,#D292F3,340.0784957408905,True,space,miss,None,633.317232131958,text_13,23,3,2back_dual_main_click,2,und,23,22,45,120,60,340.1524534225464,,,,,,,,,,20,02,yes,no,no,2025-08-18_16h47.41.980,EXNAT_4_TMS_Psychopy2024.2.5.psyexp,2024.2.5,2025-08-18 17h00.27.012906 +0200,
0,0,0,0,0,0,0,,,,,,,,,#88BA3F,340.75007486343384,True,space,miss,None,585.6497287750244,text_13,24,3,2back_dual_main_click,2,russische,23,22,45,120,60,,,,,,,,,,,20,02,yes,no,no,2025-08-18_16h47.41.980,EXNAT_4_TMS_Psychopy2024.2.5.psyexp,2024.2.5,2025-08-18 17h00.27.012906 +0200,
0,0,0,0,0,0,0,,,,,,,,,#2AB7EF,341.37531757354736,False,space,correct rejection,None,632.246732711792,text_13,25,3,2back_dual_main_click,2,Filme.,23,22,45,120,60,,,,,,,,,,,20,02,yes,no,no,2025-08-18_16h47.41.980,EXNAT_4_TMS_Psychopy2024.2.5.psyexp,2024.2.5,2025-08-18 17h00.27.012906 +0200,
0,0,0,0,0,0,0,,,,,,,,,#2AB7EF,342.048668384552,False,space,correct rejection,None,550.9335994720459,text_13,26,3,2back_dual_main_click,2,Dennoch,23,22,45,120,60,,,,,,,,,,,20,02,yes,no,no,2025-08-18_16h47.41.980,EXNAT_4_TMS_Psychopy2024.2.5.psyexp,2024.2.5,2025-08-18 17h00.27.012906 +0200,
0,0,0,0,0,0,0,,,,,,,,,#D292F3,342.6381983757019,False,space,correct rejection,None,649.4178771972656,text_13,27,3,2back_dual_main_click,2,durfte,23,22,45,120,60,,,,,,,,,,,20,02,yes,no,no,2025-08-18_16h47.41.980,EXNAT_4_TMS_Psychopy2024.2.5.psyexp,2024.2.5,2025-08-18 17h00.27.012906 +0200,
0,0,0,0,0,0,0,,,,,,,,,#88BA3F,343.3254704475403,False,space,correct rejection,None,602.2255420684814,text_13,28,3,2back_dual_main_click,2,sie,23,22,45,120,60,,,,,,,,,,,20,02,yes,no,no,2025-08-18_16h47.41.980,EXNAT_4_TMS_Psychopy2024.2.5.psyexp,2024.2.5,2025-08-18 17h00.27.012906 +0200,
0,0,0,0,0,0,0,,,,,,,,,#F989A2,343.96541452407837,False,space,correct rejection,None,538.3632183074951,text_13,29,3,2back_dual_main_click,2,für,23,22,45,120,60,,,,,,,,,,,20,02,yes,no,no,2025-08-18_16h47.41.980,EXNAT_4_TMS_Psychopy2024.2.5.psyexp,2024.2.5,2025-08-18 17h00.27.012906 +0200,
0,0,0,0,0,0,0,,,,,,,,,#D292F3,344.54491686820984,False,space,correct rejection,None,886.8215084075928,text_13,30,3,2back_dual_main_click,2,Schindlers,23,22,45,120,60,,,,,,,,,,,20,02,yes,no,no,2025-08-18_16h47.41.980,EXNAT_4_TMS_Psychopy2024.2.5.psyexp,2024.2.5,2025-08-18 17h00.27.012906 +0200,
0,0,0,0,0,0,0,,,,,,,,,#D292F3,345.4704387187958,False,space,correct rejection,None,537.3601913452148,text_13,31,3,2back_dual_main_click,2,Liste,24,22,46,120,60,345.52979588508606,,,,,,,,,,20,02,yes,no,no,2025-08-18_16h47.41.980,EXNAT_4_TMS_Psychopy2024.2.5.psyexp,2024.2.5,2025-08-18 17h00.27.012906 +0200,
0,0,0,0,0,0,0,,,,,,,,,#D292F3,346.04700446128845,True,space,miss,None,648.700475692749,text_13,32,3,2back_dual_main_click,2,"vorsprechen,",24,22,46,120,60,,,,,,,,,,,20,02,yes,no,no,2025-08-18_16h47.41.980,EXNAT_4_TMS_Psychopy2024.2.5.psyexp,2024.2.5,2025-08-18 17h00.27.012906 +0200,
0,0,0,0,0,0,0,,,,,,,,,#F989A2,346.7330551147461,False,space,correct rejection,None,538.6605262756348,text_13,33,3,2back_dual_main_click,2,bekam,24,22,46,120,60,,,,,,,,,,,20,02,yes,no,no,2025-08-18_16h47.41.980,EXNAT_4_TMS_Psychopy2024.2.5.psyexp,2024.2.5,2025-08-18 17h00.27.012906 +0200,
0,0,0,0,0,0,0,,,,,,,,,#88BA3F,347.31040716171265,False,space,correct rejection,None,489.3827438354492,text_13,34,3,2back_dual_main_click,2,aber,24,22,46,120,60,,,,,,,,,,,20,02,yes,no,no,2025-08-18_16h47.41.980,EXNAT_4_TMS_Psychopy2024.2.5.psyexp,2024.2.5,2025-08-18 17h00.27.012906 +0200,
0,0,0,0,0,0,0,,,,,,,,,#88BA3F,347.8352551460266,False,space,correct rejection,None,460.4942798614502,text_13,35,3,2back_dual_main_click,2,die,24,22,46,120,60,,,,,,,,,,,20,02,yes,no,no,2025-08-18_16h47.41.980,EXNAT_4_TMS_Psychopy2024.2.5.psyexp,2024.2.5,2025-08-18 17h00.27.012906 +0200,
0,0,0,0,0,0,0,,,,,,,,,#88BA3F,348.33583211898804,True,space,miss,None,519.9363231658936,text_13,36,3,2back_dual_main_click,2,Rolle,24,22,46,120,60,,,,,,,,,,,20,02,yes,no,no,2025-08-18_16h47.41.980,EXNAT_4_TMS_Psychopy2024.2.5.psyexp,2024.2.5,2025-08-18 17h00.27.012906 +0200,
0,0,0,0,0,0,0,,,,,,,,,#88BA3F,348.8960039615631,True,space,miss,None,567.6090717315674,text_13,37,3,2back_dual_main_click,2,"nicht,",24,22,46,120,60,,,,,,,,,,,20,02,yes,no,no,2025-08-18_16h47.41.980,EXNAT_4_TMS_Psychopy2024.2.5.psyexp,2024.2.5,2025-08-18 17h00.27.012906 +0200,
0,0,0,0,0,0,0,,,,,,,,,#2AB7EF,349.5033986568451,False,space,correct rejection,None,600.3434658050537,text_13,38,3,2back_dual_main_click,2,weil,24,22,46,120,60,,,,,,,,,,,20,02,yes,no,no,2025-08-18_16h47.41.980,EXNAT_4_TMS_Psychopy2024.2.5.psyexp,2024.2.5,2025-08-18 17h00.27.012906 +0200,
0,0,0,0,0,0,0,,,,,,,,,#88BA3F,350.1436984539032,True,space,miss,None,679.9201965332031,text_13,39,3,2back_dual_main_click,2,sie,24,23,47,120,60,350.5297706127167,,,,,,,,,,20,02,yes,no,no,2025-08-18_16h47.41.980,EXNAT_4_TMS_Psychopy2024.2.5.psyexp,2024.2.5,2025-08-18 17h00.27.012906 +0200,
0,0,0,0,0,0,0,,,,,,,,,#D292F3,350.86383056640625,False,space,correct rejection,None,583.9459896087646,text_13,40,3,2back_dual_main_click,2,laut,24,23,47,120,60,,,,,,,,,,,20,02,yes,no,no,2025-08-18_16h47.41.980,EXNAT_4_TMS_Psychopy2024.2.5.psyexp,2024.2.5,2025-08-18 17h00.27.012906 +0200,
0,0,0,0,0,0,0,,,,,,,,,#2AB7EF,351.4881763458252,False,l,false alarm,631.5765380859375,967.5073623657227,text_13,41,3,2back_dual_main_click,2,Spielberg,24,23,47,120,60,,,,,,,,,,,20,02,yes,no,no,2025-08-18_16h47.41.980,EXNAT_4_TMS_Psychopy2024.2.5.psyexp,2024.2.5,2025-08-18 17h00.27.012906 +0200,
0,0,0,0,0,0,0,,,,,,,,,#F989A2,352.4961597919464,False,space,correct rejection,None,455.5811882019043,text_13,42,3,2back_dual_main_click,2,""nicht,24,23,47,120,60,,,,,,,,,,,20,02,yes,no,no,2025-08-18_16h47.41.980,EXNAT_4_TMS_Psychopy2024.2.5.psyexp,2024.2.5,2025-08-18 17h00.27.012906 +0200,
0,0,0,0,0,0,0,,,,,,,,,#F989A2,352.9911985397339,False,space,correct rejection,None,616.3749694824219,text_13,43,3,2back_dual_main_click,2,jüdisch,24,23,47,120,60,,,,,,,,,,,20,02,yes,no,no,2025-08-18_16h47.41.980,EXNAT_4_TMS_Psychopy2024.2.5.psyexp,2024.2.5,2025-08-18 17h00.27.012906 +0200,
0,0,0,0,0,0,0,,,,,,,,,#2AB7EF,353.6472923755646,False,space,correct rejection,None,712.571382522583,text_13,44,3,2back_dual_main_click,2,genug"",24,23,47,120,60,,,,,,,,,,,20,02,yes,no,no,2025-08-18_16h47.41.980,EXNAT_4_TMS_Psychopy2024.2.5.psyexp,2024.2.5,2025-08-18 17h00.27.012906 +0200,
0,0,0,0,0,0,0,,,,,,,,,#88BA3F,354.3998816013336,False,space,correct rejection,None,631.9389343261719,text_13,45,3,2back_dual_main_click,2,war.,24,23,47,120,60,,,,,,,,,,,20,02,yes,no,no,2025-08-18_16h47.41.980,EXNAT_4_TMS_Psychopy2024.2.5.psyexp,2024.2.5,2025-08-18 17h00.27.012906 +0200,
0,0,0,0,0,0,0,,,,,,,,,#F989A2,355.07093334198,False,space,correct rejection,None,552.8028011322021,text_13,46,3,2back_dual_main_click,2,Heute,25,23,48,120,60,355.529776096344,,,,,,,,,,20,02,yes,no,no,2025-08-18_16h47.41.980,EXNAT_4_TMS_Psychopy2024.2.5.psyexp,2024.2.5,2025-08-18 17h00.27.012906 +0200,
0,0,0,0,0,0,0,,,,,,,,,#D292F3,355.6639840602875,False,space,correct rejection,None,599.8260974884033,text_13,47,3,2back_dual_main_click,2,lebt,25,23,48,120,60,,,,,,,,,,,20,02,yes,no,no,2025-08-18_16h47.41.980,EXNAT_4_TMS_Psychopy2024.2.5.psyexp,2024.2.5,2025-08-18 17h00.27.012906 +0200,
0,0,0,0,0,0,0,,,,,,,,,#D292F3,356.303514957428,False,space,correct rejection,None,728.1880378723145,text_13,48,3,2back_dual_main_click,2,sie,25,23,48,120,60,,,,,,,,,,,20,02,yes,no,no,2025-08-18_16h47.41.980,EXNAT_4_TMS_Psychopy2024.2.5.psyexp,2024.2.5,2025-08-18 17h00.27.012906 +0200,
0,0,0,0,0,0,0,,,,,,,,,#D292F3,357.07158756256104,True,l,hit,760.113000869751,1256.058931350708,text_13,49,3,2back_dual_main_click,2,zwar,25,23,48,120,60,,,,,,,,,,,20,02,yes,no,no,2025-08-18_16h47.41.980,EXNAT_4_TMS_Psychopy2024.2.5.psyexp,2024.2.5,2025-08-18 17h00.27.012906 +0200,
0,0,0,0,0,0,0,,,,,,,,,#2AB7EF,358.367684841156,False,space,correct rejection,None,583.9061737060547,text_13,50,3,2back_dual_main_click,2,in,25,23,48,120,60,,,,,,,,,,,20,02,yes,no,no,2025-08-18_16h47.41.980,EXNAT_4_TMS_Psychopy2024.2.5.psyexp,2024.2.5,2025-08-18 17h00.27.012906 +0200,
0,0,0,0,0,0,0,,,,,,,,,#F989A2,358.9898900985718,False,space,correct rejection,None,649.9550342559814,text_13,51,3,2back_dual_main_click,2,"Hollywood,",25,23,48,120,60,,,,,,,,,,,20,02,yes,no,no,2025-08-18_16h47.41.980,EXNAT_4_TMS_Psychopy2024.2.5.psyexp,2024.2.5,2025-08-18 17h00.27.012906 +0200,
0,0,0,0,0,0,0,,,,,,,,,#D292F3,359.6813876628876,False,space,correct rejection,None,662.4574661254883,text_13,52,3,2back_dual_main_click,2,träumt,25,23,48,120,60,,,,,,,,,,,20,02,yes,no,no,2025-08-18_16h47.41.980,EXNAT_4_TMS_Psychopy2024.2.5.psyexp,2024.2.5,2025-08-18 17h00.27.012906 +0200,
0,0,0,0,0,0,0,,,,,,,,,#88BA3F,360.3830659389496,False,space,correct rejection,None,568.7057971954346,text_13,53,3,2back_dual_main_click,2,aber,25,23,48,120,60,,,,,,,,,,,20,02,yes,no,no,2025-08-18_16h47.41.980,EXNAT_4_TMS_Psychopy2024.2.5.psyexp,2024.2.5,2025-08-18 17h00.27.012906 +0200,
0,0,0,0,0,0,0,,,,,,,,,#2AB7EF,360.9909415245056,False,space,correct rejection,None,680.8714866638184,text_13,54,3,2back_dual_main_click,2,nicht,25,23,48,120,60,,,,,,,,,,,20,02,yes,no,no,2025-08-18_16h47.41.980,EXNAT_4_TMS_Psychopy2024.2.5.psyexp,2024.2.5,2025-08-18 17h00.27.012906 +0200,
0,0,0,0,0,0,0,,,,,,,,,#88BA3F,361.71163153648376,True,space,miss,None,600.2106666564941,text_13,55,3,2back_dual_main_click,2,mehr,25,24,49,120,60,361.7676362991333,,,,,,,,,,20,02,yes,no,no,2025-08-18_16h47.41.980,EXNAT_4_TMS_Psychopy2024.2.5.psyexp,2024.2.5,2025-08-18 17h00.27.012906 +0200,
0,0,0,0,0,0,0,,,,,,,,,#2AB7EF,362.35231757164,True,l,hit,423.41041564941406,743.4482574462891,text_13,56,3,2back_dual_main_click,2,vom,25,24,49,120,60,,,,,,,,,,,20,02,yes,no,no,2025-08-18_16h47.41.980,EXNAT_4_TMS_Psychopy2024.2.5.psyexp,2024.2.5,2025-08-18 17h00.27.012906 +0200,
0,0,0,0,0,0,0,,,,,,,,,#F989A2,363.13756680488586,False,space,correct rejection,None,662.2872352600098,text_13,57,3,2back_dual_main_click,2,Star-Ruhm.,25,24,49,120,60,,,,,,,,,,,20,02,yes,no,no,2025-08-18_16h47.41.980,EXNAT_4_TMS_Psychopy2024.2.5.psyexp,2024.2.5,2025-08-18 17h00.27.012906 +0200,
0,0,0,0,0,0,0,,,,,,,,,#F989A2,363.84022402763367,False,space,correct rejection,None,647.6254463195801,text_13,58,3,2back_dual_main_click,2,Mit,25,24,49,120,60,,,,,,,,,,,20,02,yes,no,no,2025-08-18_16h47.41.980,EXNAT_4_TMS_Psychopy2024.2.5.psyexp,2024.2.5,2025-08-18 17h00.27.012906 +0200,
0,0,0,0,0,0,0,,,,,,,,,#2AB7EF,364.52582120895386,False,space,correct rejection,None,665.9326553344727,text_13,59,3,2back_dual_main_click,2,fast,25,24,49,120,60,,,,,,,,,,,20,02,yes,no,no,2025-08-18_16h47.41.980,EXNAT_4_TMS_Psychopy2024.2.5.psyexp,2024.2.5,2025-08-18 17h00.27.012906 +0200,
0,0,0,0,0,0,0,,,,,,,,,#F989A2,365.23161721229553,True,space,miss,None,584.1448307037354,text_13,60,3,2back_dual_main_click,2,40,25,24,49,120,60,,,,,,,,,,,20,02,yes,no,no,2025-08-18_16h47.41.980,EXNAT_4_TMS_Psychopy2024.2.5.psyexp,2024.2.5,2025-08-18 17h00.27.012906 +0200,
0,0,0,0,0,0,0,,,,,,,,,#D292F3,365.85399985313416,False,space,correct rejection,None,697.7660655975342,text_13,61,3,2back_dual_main_click,2,sei,25,24,49,120,60,,,,,,,,,,,20,02,yes,no,no,2025-08-18_16h47.41.980,EXNAT_4_TMS_Psychopy2024.2.5.psyexp,2024.2.5,2025-08-18 17h00.27.012906 +0200,
0,0,0,0,0,0,0,,,,,,,,,#2AB7EF,366.5899178981781,False,space,correct rejection,None,601.9189357757568,text_13,62,3,2back_dual_main_click,2,das,25,24,49,120,60,,,,,,,,,,,20,02,yes,no,no,2025-08-18_16h47.41.980,EXNAT_4_TMS_Psychopy2024.2.5.psyexp,2024.2.5,2025-08-18 17h00.27.012906 +0200,
0,0,0,0,0,0,0,,,,,,,,,#88BA3F,367.2325391769409,False,space,correct rejection,None,903.2940864562988,text_13,63,3,2back_dual_main_click,2,""unrealistisch"",26,24,50,120,60,367.2912828922272,,,,,,,,,,20,02,yes,no,no,2025-08-18_16h47.41.980,EXNAT_4_TMS_Psychopy2024.2.5.psyexp,2024.2.5,2025-08-18 17h00.27.012906 +0200,
0,0,0,0,0,0,0,,,,,,,,,#2AB7EF,368.17555260658264,True,space,miss,None,600.2984046936035,text_13,64,3,2back_dual_main_click,2,sagt,26,24,50,120,60,,,,,,,,,,,20,02,yes,no,no,2025-08-18_16h47.41.980,EXNAT_4_TMS_Psychopy2024.2.5.psyexp,2024.2.5,2025-08-18 17h00.27.012906 +0200,
0,0,0,0,0,0,0,,,,,,,,,#2AB7EF,368.81437253952026,False,space,correct rejection,None,553.4641742706299,text_13,65,3,2back_dual_main_click,2,sie.,26,24,50,120,60,,,,,,,,,,,20,02,yes,no,no,2025-08-18_16h47.41.980,EXNAT_4_TMS_Psychopy2024.2.5.psyexp,2024.2.5,2025-08-18 17h00.27.012906 +0200,
0,0,0,0,0,0,0,,,,,,,,,#F989A2,369.4074876308441,False,space,correct rejection,None,568.2346820831299,text_13,66,3,2back_dual_main_click,2,Viele,26,24,50,120,60,,,,,,,,,,,20,02,yes,no,no,2025-08-18_16h47.41.980,EXNAT_4_TMS_Psychopy2024.2.5.psyexp,2024.2.5,2025-08-18 17h00.27.012906 +0200,
0,0,0,0,0,0,0,,,,,,,,,#D292F3,370.01520895957947,False,space,correct rejection,None,584.6421718597412,text_13,67,3,2back_dual_main_click,2,Schauspieler,26,24,50,120,60,,,,,,,,,,,20,02,yes,no,no,2025-08-18_16h47.41.980,EXNAT_4_TMS_Psychopy2024.2.5.psyexp,2024.2.5,2025-08-18 17h00.27.012906 +0200,
0,0,0,0,0,0,0,,,,,,,,,#88BA3F,370.63703966140747,False,space,correct rejection,None,634.7870826721191,text_13,68,3,2back_dual_main_click,2,erleben,26,24,50,120,60,,,,,,,,,,,20,02,yes,no,no,2025-08-18_16h47.41.980,EXNAT_4_TMS_Psychopy2024.2.5.psyexp,2024.2.5,2025-08-18 17h00.27.012906 +0200,
0,0,0,0,0,0,0,,,,,,,,,#F989A2,371.31101846694946,False,space,correct rejection,None,536.6268157958984,text_13,69,3,2back_dual_main_click,2,in,26,24,50,120,60,,,,,,,,,,,20,02,yes,no,no,2025-08-18_16h47.41.980,EXNAT_4_TMS_Psychopy2024.2.5.psyexp,2024.2.5,2025-08-18 17h00.27.012906 +0200,
0,0,0,0,0,0,0,,,,,,,,,#88BA3F,371.88604521751404,True,space,miss,None,649.6949195861816,text_13,70,3,2back_dual_main_click,2,Hollywood,26,25,51,120,60,372.29131412506104,,,,,,,,,,20,02,yes,no,no,2025-08-18_16h47.41.980,EXNAT_4_TMS_Psychopy2024.2.5.psyexp,2024.2.5,2025-08-18 17h00.27.012906 +0200,
0,0,0,0,0,0,0,,,,,,,,,#2AB7EF,372.5764534473419,False,space,correct rejection,None,615.3864860534668,text_13,71,3,2back_dual_main_click,2,Enttäuschungen.,26,25,51,120,60,,,,,,,,,,,20,02,yes,no,no,2025-08-18_16h47.41.980,EXNAT_4_TMS_Psychopy2024.2.5.psyexp,2024.2.5,2025-08-18 17h00.27.012906 +0200,
0,0,0,0,0,0,0,,,,,,,,,#F989A2,373.23242950439453,False,space,correct rejection,None,551.3851642608643,text_13,72,3,2back_dual_main_click,2,Männer,26,25,51,120,60,,,,,,,,,,,20,02,yes,no,no,2025-08-18_16h47.41.980,EXNAT_4_TMS_Psychopy2024.2.5.psyexp,2024.2.5,2025-08-18 17h00.27.012906 +0200,
0,0,0,0,0,0,0,,,,,,,,,#F989A2,373.823664188385,False,space,correct rejection,None,616.1816120147705,text_13,73,3,2back_dual_main_click,2,geben,26,25,51,120,60,,,,,,,,,,,20,02,yes,no,no,2025-08-18_16h47.41.980,EXNAT_4_TMS_Psychopy2024.2.5.psyexp,2024.2.5,2025-08-18 17h00.27.012906 +0200,
0,0,0,0,0,0,0,,,,,,,,,#F989A2,374.4810287952423,True,l,hit,470.81708908081055,774.7468948364258,text_13,74,3,2back_dual_main_click,2,sich,26,25,51,120,60,,,,,,,,,,,20,02,yes,no,no,2025-08-18_16h47.41.980,EXNAT_4_TMS_Psychopy2024.2.5.psyexp,2024.2.5,2025-08-18 17h00.27.012906 +0200,
0,0,0,0,0,0,0,,,,,,,,,#F989A2,375.2981870174408,True,space,miss,None,533.6596965789795,text_13,75,3,2back_dual_main_click,2,als,26,25,51,120,60,,,,,,,,,,,20,02,yes,no,no,2025-08-18_16h47.41.980,EXNAT_4_TMS_Psychopy2024.2.5.psyexp,2024.2.5,2025-08-18 17h00.27.012906 +0200,
0,0,0,0,0,0,0,,,,,,,,,#2AB7EF,375.87201857566833,False,space,correct rejection,None,1415.879726409912,text_13,76,3,2back_dual_main_click,2,Produzenten,26,25,51,120,60,,,,,,,,,,,20,02,yes,no,no,2025-08-18_16h47.41.980,EXNAT_4_TMS_Psychopy2024.2.5.psyexp,2024.2.5,2025-08-18 17h00.27.012906 +0200,
0,0,0,0,0,0,0,,,,,,,,,#88BA3F,377.34253454208374,False,space,correct rejection,None,761.2695693969727,text_13,77,3,2back_dual_main_click,2,"aus,",27,25,52,120,60,377.3950822353363,,,,,,,,,,20,02,yes,no,no,2025-08-18_16h47.41.980,EXNAT_4_TMS_Psychopy2024.2.5.psyexp,2024.2.5,2025-08-18 17h00.27.012906 +0200,
0,0,0,0,0,0,0,,,,,,,,,#F989A2,378.1600878238678,False,space,correct rejection,None,631.6981315612793,text_13,78,3,2back_dual_main_click,2,können,27,25,52,120,60,,,,,,,,,,,20,02,yes,no,no,2025-08-18_16h47.41.980,EXNAT_4_TMS_Psychopy2024.2.5.psyexp,2024.2.5,2025-08-18 17h00.27.012906 +0200,
0,0,0,0,0,0,0,,,,,,,,,#2AB7EF,378.84733057022095,False,space,correct rejection,None,552.4518489837646,text_13,79,3,2back_dual_main_click,2,aber,27,25,52,120,60,,,,,,,,,,,20,02,yes,no,no,2025-08-18_16h47.41.980,EXNAT_4_TMS_Psychopy2024.2.5.psyexp,2024.2.5,2025-08-18 17h00.27.012906 +0200,
0,0,0,0,0,0,0,,,,,,,,,#88BA3F,379.4530131816864,False,space,correct rejection,None,570.8534717559814,text_13,80,3,2back_dual_main_click,2,nicht,27,25,52,120,60,,,,,,,,,,,20,02,yes,no,no,2025-08-18_16h47.41.980,EXNAT_4_TMS_Psychopy2024.2.5.psyexp,2024.2.5,2025-08-18 17h00.27.012906 +0200,
0,0,0,0,0,0,0,,,,,,,,,#D292F3,380.0779404640198,False,space,correct rejection,None,585.909366607666,text_13,81,3,2back_dual_main_click,2,einmal,27,25,52,120,60,,,,,,,,,,,20,02,yes,no,no,2025-08-18_16h47.41.980,EXNAT_4_TMS_Psychopy2024.2.5.psyexp,2024.2.5,2025-08-18 17h00.27.012906 +0200,
0,0,0,0,0,0,0,,,,,,,,,#D292F3,380.7188367843628,False,space,correct rejection,None,600.9829044342041,text_13,82,3,2back_dual_main_click,2,ihre,27,25,52,120,60,,,,,,,,,,,20,02,yes,no,no,2025-08-18_16h47.41.980,EXNAT_4_TMS_Psychopy2024.2.5.psyexp,2024.2.5,2025-08-18 17h00.27.012906 +0200,
0,0,0,0,0,0,0,,,,,,,,,#88BA3F,381.37575602531433,False,space,correct rejection,None,536.0827445983887,text_13,83,3,2back_dual_main_click,2,Miete,27,25,52,120,60,,,,,,,,,,,20,02,yes,no,no,2025-08-18_16h47.41.980,EXNAT_4_TMS_Psychopy2024.2.5.psyexp,2024.2.5,2025-08-18 17h00.27.012906 +0200,
0,0,0,0,0,0,0,,,,,,,,,#2AB7EF,381.9676113128662,False,space,correct rejection,None,552.1700382232666,text_13,84,3,2back_dual_main_click,2,zahlen.,27,25,52,120,60,,,,,,,,,,,20,02,yes,no,no,2025-08-18_16h47.41.980,EXNAT_4_TMS_Psychopy2024.2.5.psyexp,2024.2.5,2025-08-18 17h00.27.012906 +0200,
0,0,0,0,0,0,0,,,,,,,,,#2AB7EF,382.5752556324005,False,space,correct rejection,None,680.3386211395264,text_13,85,3,2back_dual_main_click,2,Manche,27,25,52,120,60,,,,,,,,,,,20,02,yes,no,no,2025-08-18_16h47.41.980,EXNAT_4_TMS_Psychopy2024.2.5.psyexp,2024.2.5,2025-08-18 17h00.27.012906 +0200,
0,0,0,0,0,0,0,,,,,,,,,#88BA3F,383.3112587928772,False,space,correct rejection,None,888.6306285858154,text_13,86,3,2back_dual_main_click,2,berühmten,27,25,52,120,60,,,,,,,,,,,20,02,yes,no,no,2025-08-18_16h47.41.980,EXNAT_4_TMS_Psychopy2024.2.5.psyexp,2024.2.5,2025-08-18 17h00.27.012906 +0200,
0,0,0,0,0,0,0,,,,,,,,,#2AB7EF,384.25597167015076,True,l,hit,551.8062114715576,1031.7411422729492,text_13,87,3,2back_dual_main_click,2,Stars,27,26,53,120,60,384.3062918186188,,,,,,,,,,20,02,yes,no,no,2025-08-18_16h47.41.980,EXNAT_4_TMS_Psychopy2024.2.5.psyexp,2024.2.5,2025-08-18 17h00.27.012906 +0200,
0,0,0,0,0,0,0,,,,,,,,,#88BA3F,385.3409330844879,True,l,hit,618.8576221466064,1114.8221492767334,text_13,88,3,2back_dual_main_click,2,hatten,27,26,53,120,60,,,,,,,,,,,20,02,yes,no,no,2025-08-18_16h47.41.980,EXNAT_4_TMS_Psychopy2024.2.5.psyexp,2024.2.5,2025-08-18 17h00.27.012906 +0200,
0,0,0,0,0,0,0,,,,,,,,,#D292F3,386.5109522342682,False,space,correct rejection,None,648.7946510314941,text_13,89,3,2back_dual_main_click,2,ähnliche,27,26,53,120,60,,,,,,,,,,,20,02,yes,no,no,2025-08-18_16h47.41.980,EXNAT_4_TMS_Psychopy2024.2.5.psyexp,2024.2.5,2025-08-18 17h00.27.012906 +0200,
0,0,0,0,0,0,0,,,,,,,,,#F989A2,387.21597027778625,False,space,correct rejection,None,551.9118309020996,text_13,90,3,2back_dual_main_click,2,Anfänge.,27,26,53,120,60,,,,,,,,,,,20,02,yes,no,no,2025-08-18_16h47.41.980,EXNAT_4_TMS_Psychopy2024.2.5.psyexp,2024.2.5,2025-08-18 17h00.27.012906 +0200,
0,0,0,0,0,0,0,,,,,,,,,#F989A2,387.8224673271179,False,space,correct rejection,None,665.3144359588623,text_13,91,3,2back_dual_main_click,2,Vin,27,26,53,120,60,,,,,,,,,,,20,02,yes,no,no,2025-08-18_16h47.41.980,EXNAT_4_TMS_Psychopy2024.2.5.psyexp,2024.2.5,2025-08-18 17h00.27.012906 +0200,
0,0,0,0,0,0,0,,,,,,,,,#D292F3,388.5416052341461,False,space,correct rejection,None,538.2015705108643,text_13,92,3,2back_dual_main_click,2,Diesel,27,26,53,120,60,,,,,,,,,,,20,02,yes,no,no,2025-08-18_16h47.41.980,EXNAT_4_TMS_Psychopy2024.2.5.psyexp,2024.2.5,2025-08-18 17h00.27.012906 +0200,
0,0,0,0,0,0,0,,,,,,,,,#88BA3F,389.1332998275757,False,space,correct rejection,None,682.4917793273926,text_13,93,3,2back_dual_main_click,2,war,28,26,54,120,60,389.30621790885925,,,,,,,,,,20,02,yes,no,no,2025-08-18_16h47.41.980,EXNAT_4_TMS_Psychopy2024.2.5.psyexp,2024.2.5,2025-08-18 17h00.27.012906 +0200,
0,0,0,0,0,0,0,,,,,,,,,#D292F3,389.87256050109863,True,space,miss,None,631.340742111206,text_13,94,3,2back_dual_main_click,2,"Türsteher,",28,26,54,120,60,,,,,,,,,,,20,02,yes,no,no,2025-08-18_16h47.41.980,EXNAT_4_TMS_Psychopy2024.2.5.psyexp,2024.2.5,2025-08-18 17h00.27.012906 +0200,
0,0,0,0,0,0,0,,,,,,,,,#F989A2,390.5591380596161,False,space,correct rejection,None,600.6474494934082,text_13,95,3,2back_dual_main_click,2,Whoopi,28,26,54,120,60,,,,,,,,,,,20,02,yes,no,no,2025-08-18_16h47.41.980,EXNAT_4_TMS_Psychopy2024.2.5.psyexp,2024.2.5,2025-08-18 17h00.27.012906 +0200,
0,0,0,0,0,0,0,,,,,,,,,#2AB7EF,391.2173013687134,False,space,correct rejection,None,1350.6107330322266,text_13,96,3,2back_dual_main_click,2,Goldberg,28,26,54,120,60,,,,,,,,,,,20,02,yes,no,no,2025-08-18_16h47.41.980,EXNAT_4_TMS_Psychopy2024.2.5.psyexp,2024.2.5,2025-08-18 17h00.27.012906 +0200,
0,0,0,0,0,0,0,,,,,,,,,#2AB7EF,392.62205386161804,False,space,correct rejection,None,617.7105903625488,text_13,97,3,2back_dual_main_click,2,arbeitete,28,26,54,120,60,,,,,,,,,,,20,02,yes,no,no,2025-08-18_16h47.41.980,EXNAT_4_TMS_Psychopy2024.2.5.psyexp,2024.2.5,2025-08-18 17h00.27.012906 +0200,
0,0,0,0,0,0,0,,,,,,,,,#88BA3F,393.280597448349,False,space,correct rejection,None,535.2826118469238,text_13,98,3,2back_dual_main_click,2,als,28,26,54,120,60,,,,,,,,,,,20,02,yes,no,no,2025-08-18_16h47.41.980,EXNAT_4_TMS_Psychopy2024.2.5.psyexp,2024.2.5,2025-08-18 17h00.27.012906 +0200,
0,0,0,0,0,0,0,,,,,,,,,#2AB7EF,393.85602498054504,True,space,miss,None,1623.9259243011475,text_13,99,3,2back_dual_main_click,2,Leichenkosmetikerin.,28,27,55,120,60,394.30618715286255,,,,,,,,,,20,02,yes,no,no,2025-08-18_16h47.41.980,EXNAT_4_TMS_Psychopy2024.2.5.psyexp,2024.2.5,2025-08-18 17h00.27.012906 +0200,
0,0,0,0,0,0,0,,,,,,,,,#88BA3F,395.5339574813843,True,space,miss,None,585.9594345092773,text_13,100,3,2back_dual_main_click,2,Solche,28,27,55,120,60,,,,,,,,,,,20,02,yes,no,no,2025-08-18_16h47.41.980,EXNAT_4_TMS_Psychopy2024.2.5.psyexp,2024.2.5,2025-08-18 17h00.27.012906 +0200,
0,0,0,0,0,0,0,,,,,,,,,#F989A2,396.17441272735596,False,space,correct rejection,None,889.5375728607178,text_13,101,3,2back_dual_main_click,2,Geschichten,28,27,55,120,60,,,,,,,,,,,20,02,yes,no,no,2025-08-18_16h47.41.980,EXNAT_4_TMS_Psychopy2024.2.5.psyexp,2024.2.5,2025-08-18 17h00.27.012906 +0200,
0,0,0,0,0,0,0,,,,,,,,,#D292F3,397.1202187538147,False,space,correct rejection,None,519.688606262207,text_13,102,3,2back_dual_main_click,2,geben,28,27,55,120,60,,,,,,,,,,,20,02,yes,no,no,2025-08-18_16h47.41.980,EXNAT_4_TMS_Psychopy2024.2.5.psyexp,2024.2.5,2025-08-18 17h00.27.012906 +0200,
0,0,0,0,0,0,0,,,,,,,,,#2AB7EF,397.69597840309143,False,space,correct rejection,None,711.7729187011719,text_13,103,3,2back_dual_main_click,2,arbeitslosen,28,27,55,120,60,,,,,,,,,,,20,02,yes,no,no,2025-08-18_16h47.41.980,EXNAT_4_TMS_Psychopy2024.2.5.psyexp,2024.2.5,2025-08-18 17h00.27.012906 +0200,
0,0,0,0,0,0,0,,,,,,,,,#F989A2,398.46446323394775,False,space,correct rejection,None,679.3513298034668,text_13,104,3,2back_dual_main_click,2,Schauspielern,28,27,55,120,60,,,,,,,,,,,20,02,yes,no,no,2025-08-18_16h47.41.980,EXNAT_4_TMS_Psychopy2024.2.5.psyexp,2024.2.5,2025-08-18 17h00.27.012906 +0200,
0,0,0,0,0,0,0,,,,,,,,,#F989A2,399.2001392841339,False,space,correct rejection,None,727.7026176452637,text_13,105,3,2back_dual_main_click,2,Hoffnung.,29,27,56,120,60,399.3062512874603,,,,,,,,,,20,02,yes,no,no,2025-08-18_16h47.41.980,EXNAT_4_TMS_Psychopy2024.2.5.psyexp,2024.2.5,2025-08-18 17h00.27.012906 +0200,
0,0,0,0,0,0,0,,,,,,,,,#88BA3F,399.9850025177002,False,space,correct rejection,None,742.903470993042,text_13,106,3,2back_dual_main_click,2,Nina,29,27,56,120,60,,,,,,,,,,,20,02,yes,no,no,2025-08-18_16h47.41.980,EXNAT_4_TMS_Psychopy2024.2.5.psyexp,2024.2.5,2025-08-18 17h00.27.012906 +0200,
0,0,0,0,0,0,0,,,,,,,,,#2AB7EF,400.78449606895447,False,space,correct rejection,None,583.3954811096191,text_13,107,3,2back_dual_main_click,2,kann,29,27,56,120,60,,,,,,,,,,,20,02,yes,no,no,2025-08-18_16h47.41.980,EXNAT_4_TMS_Psychopy2024.2.5.psyexp,2024.2.5,2025-08-18 17h00.27.012906 +0200,
0,0,0,0,0,0,0,,,,,,,,,#D292F3,401.4228780269623,False,space,correct rejection,None,617.0005798339844,text_13,108,3,2back_dual_main_click,2,immerhin,29,27,56,120,60,,,,,,,,,,,20,02,yes,no,no,2025-08-18_16h47.41.980,EXNAT_4_TMS_Psychopy2024.2.5.psyexp,2024.2.5,2025-08-18 17h00.27.012906 +0200,
0,0,0,0,0,0,0,,,,,,,,,#88BA3F,402.0794851779938,False,space,correct rejection,None,648.282527923584,text_13,109,3,2back_dual_main_click,2,von,29,27,56,120,60,,,,,,,,,,,20,02,yes,no,no,2025-08-18_16h47.41.980,EXNAT_4_TMS_Psychopy2024.2.5.psyexp,2024.2.5,2025-08-18 17h00.27.012906 +0200,
0,0,0,0,0,0,0,,,,,,,,,#F989A2,402.76785135269165,False,space,correct rejection,None,615.9210205078125,text_13,110,3,2back_dual_main_click,2,europäischen,29,27,56,120,60,,,,,,,,,,,20,02,yes,no,no,2025-08-18_16h47.41.980,EXNAT_4_TMS_Psychopy2024.2.5.psyexp,2024.2.5,2025-08-18 17h00.27.012906 +0200,
0,0,0,0,0,0,0,,,,,,,,,#2AB7EF,403.4241831302643,False,space,correct rejection,None,711.6937637329102,text_13,111,3,2back_dual_main_click,2,Gagen,29,27,56,120,60,,,,,,,,,,,20,02,yes,no,no,2025-08-18_16h47.41.980,EXNAT_4_TMS_Psychopy2024.2.5.psyexp,2024.2.5,2025-08-18 17h00.27.012906 +0200,
0,0,0,0,0,0,0,,,,,,,,,#F989A2,404.17417073249817,True,space,miss,None,1017.7133083343506,text_13,112,3,2back_dual_main_click,2,leben.,29,27,56,120,60,,,,,,,,,,,20,02,yes,no,no,2025-08-18_16h47.41.980,EXNAT_4_TMS_Psychopy2024.2.5.psyexp,2024.2.5,2025-08-18 17h00.27.012906 +0200,
0,0,0,0,0,0,0,,,,,,,,,#2AB7EF,405.23253893852234,True,space,miss,None,663.358211517334,text_13,113,3,2back_dual_main_click,2,Früher,29,27,56,120,60,,,,,,,,,,,20,02,yes,no,no,2025-08-18_16h47.41.980,EXNAT_4_TMS_Psychopy2024.2.5.psyexp,2024.2.5,2025-08-18 17h00.27.012906 +0200,
0,0,0,0,0,0,0,,,,,,,,,#F989A2,405.93539357185364,True,space,miss,None,616.4815425872803,text_13,114,3,2back_dual_main_click,2,wollte,29,28,57,120,60,405.99520325660706,,,,,,,,,,20,02,yes,no,no,2025-08-18_16h47.41.980,EXNAT_4_TMS_Psychopy2024.2.5.psyexp,2024.2.5,2025-08-18 17h00.27.012906 +0200,
0,0,0,0,0,0,0,,,,,,,,,#2AB7EF,406.5909857749939,True,l,hit,520.8725929260254,968.8560962677002,text_13,115,3,2back_dual_main_click,2,sie,29,28,57,120,60,,,,,,,,,,,20,02,yes,no,no,2025-08-18_16h47.41.980,EXNAT_4_TMS_Psychopy2024.2.5.psyexp,2024.2.5,2025-08-18 17h00.27.012906 +0200,
0,0,0,0,0,0,0,,,,,,,,,#D292F3,407.5988075733185,False,space,correct rejection,None,537.1019840240479,text_13,116,3,2back_dual_main_click,2,oft,29,28,57,120,60,,,,,,,,,,,20,02,yes,no,no,2025-08-18_16h47.41.980,EXNAT_4_TMS_Psychopy2024.2.5.psyexp,2024.2.5,2025-08-18 17h00.27.012906 +0200,
0,0,0,0,0,0,0,,,,,,,,,#D292F3,408.1751124858856,False,space,correct rejection,None,696.7883110046387,text_13,117,3,2back_dual_main_click,2,aufgeben,29,28,57,120,60,,,,,,,,,,,20,02,yes,no,no,2025-08-18_16h47.41.980,EXNAT_4_TMS_Psychopy2024.2.5.psyexp,2024.2.5,2025-08-18 17h00.27.012906 +0200,
0,0,0,0,0,0,0,,,,,,,,,#88BA3F,408.90980529785156,False,space,correct rejection,None,665.8904552459717,text_13,118,3,2back_dual_main_click,2,und,29,28,57,120,60,,,,,,,,,,,20,02,yes,no,no,2025-08-18_16h47.41.980,EXNAT_4_TMS_Psychopy2024.2.5.psyexp,2024.2.5,2025-08-18 17h00.27.012906 +0200,
0,0,0,0,0,0,0,,,,,,,,,#D292F3,409.6161599159241,True,space,miss,None,551.7158508300781,text_13,119,3,2back_dual_main_click,2,für,29,28,57,120,60,,,,,,,,,,,20,02,yes,no,no,2025-08-18_16h47.41.980,EXNAT_4_TMS_Psychopy2024.2.5.psyexp,2024.2.5,2025-08-18 17h00.27.012906 +0200,
0,0,0,0,0,0,0,,,,,,,,,#F989A2,410.204874753952,False,space,correct rejection,None,683.1011772155762,text_13,120,3,2back_dual_main_click,2,das,29,28,57,120,60,,,,,,,,,,,20,02,yes,no,no,2025-08-18_16h47.41.980,EXNAT_4_TMS_Psychopy2024.2.5.psyexp,2024.2.5,2025-08-18 17h00.27.012906 +0200,
0,0,0,0,0,0,0,,,,,,,,,#88BA3F,410.92847657203674,False,space,correct rejection,None,679.5148849487305,text_13,121,3,2back_dual_main_click,2,Magazin,30,28,58,120,60,410.9950714111328,,,,,,,,,,20,02,yes,no,no,2025-08-18_16h47.41.980,EXNAT_4_TMS_Psychopy2024.2.5.psyexp,2024.2.5,2025-08-18 17h00.27.012906 +0200,
0,0,0,0,0,0,0,,,,,,,,,#88BA3F,411.6486177444458,False,space,correct rejection,None,615.3240203857422,text_13,122,3,2back_dual_main_click,2,Geo,30,28,58,120,60,,,,,,,,,,,20,02,yes,no,no,2025-08-18_16h47.41.980,EXNAT_4_TMS_Psychopy2024.2.5.psyexp,2024.2.5,2025-08-18 17h00.27.012906 +0200,
0,0,0,0,0,0,0,,,,,,,,,#2AB7EF,412.3035969734192,False,space,correct rejection,None,1016.4093971252441,text_13,123,3,2back_dual_main_click,2,Reportagen,30,28,58,120,60,,,,,,,,,,,20,02,yes,no,no,2025-08-18_16h47.41.980,EXNAT_4_TMS_Psychopy2024.2.5.psyexp,2024.2.5,2025-08-18 17h00.27.012906 +0200,
0,0,0,0,0,0,0,,,,,,,,,#F989A2,413.35944151878357,False,space,correct rejection,None,648.3774185180664,text_13,124,3,2back_dual_main_click,2,aus,30,28,58,120,60,,,,,,,,,,,20,02,yes,no,no,2025-08-18_16h47.41.980,EXNAT_4_TMS_Psychopy2024.2.5.psyexp,2024.2.5,2025-08-18 17h00.27.012906 +0200,
0,0,0,0,0,0,0,,,,,,,,,#F989A2,414.04797625541687,False,space,correct rejection,None,551.7082214355469,text_13,125,3,2back_dual_main_click,2,der,30,28,58,120,60,,,,,,,,,,,20,02,yes,no,no,2025-08-18_16h47.41.980,EXNAT_4_TMS_Psychopy2024.2.5.psyexp,2024.2.5,2025-08-18 17h00.27.012906 +0200,
0,0,0,0,0,0,0,,,,,,,,,#2AB7EF,414.6379587650299,False,space,correct rejection,None,585.8781337738037,text_13,126,3,2back_dual_main_click,2,weiten,30,28,58,120,60,,,,,,,,,,,20,02,yes,no,no,2025-08-18_16h47.41.980,EXNAT_4_TMS_Psychopy2024.2.5.psyexp,2024.2.5,2025-08-18 17h00.27.012906 +0200,
0,0,0,0,0,0,0,,,,,,,,,#88BA3F,415.26457142829895,False,space,correct rejection,None,615.2908802032471,text_13,127,3,2back_dual_main_click,2,Welt,30,28,58,120,60,,,,,,,,,,,20,02,yes,no,no,2025-08-18_16h47.41.980,EXNAT_4_TMS_Psychopy2024.2.5.psyexp,2024.2.5,2025-08-18 17h00.27.012906 +0200,
0,0,0,0,0,0,0,,,,,,,,,#D292F3,415.9189102649689,False,space,correct rejection,None,808.8822364807129,text_13,128,3,2back_dual_main_click,2,schreiben.,30,28,58,120,60,,,,,,,,,,,20,02,yes,no,no,2025-08-18_16h47.41.980,EXNAT_4_TMS_Psychopy2024.2.5.psyexp,2024.2.5,2025-08-18 17h00.27.012906 +0200,
0,0,0,0,0,0,0,,,,,,,,,#F989A2,416.7676775455475,False,space,correct rejection,None,744.1036701202393,text_13,129,3,2back_dual_main_click,2,Doch,30,28,58,120,60,,,,,,,,,,,20,02,yes,no,no,2025-08-18_16h47.41.980,EXNAT_4_TMS_Psychopy2024.2.5.psyexp,2024.2.5,2025-08-18 17h00.27.012906 +0200,
0,0,0,0,0,0,0,,,,,,,,,#D292F3,417.5496971607208,True,l,hit,650.1667499542236,1002.1052360534668,text_13,130,3,2back_dual_main_click,2,sie,30,28,58,120,60,,,,,,,,,,,20,02,yes,no,no,2025-08-18_16h47.41.980,EXNAT_4_TMS_Psychopy2024.2.5.psyexp,2024.2.5,2025-08-18 17h00.27.012906 +0200,
0,0,0,0,0,0,0,,,,,,,,,#2AB7EF,418.6058497428894,False,space,correct rejection,None,762.0341777801514,text_13,131,3,2back_dual_main_click,2,wurde,30,28,58,120,60,,,,,,,,,,,20,02,yes,no,no,2025-08-18_16h47.41.980,EXNAT_4_TMS_Psychopy2024.2.5.psyexp,2024.2.5,2025-08-18 17h00.27.012906 +0200,
0,0,0,0,0,0,0,,,,,,,,,#D292F3,419.4230532646179,True,space,miss,None,856.7712306976318,text_13,132,3,2back_dual_main_click,2,immer,30,29,59,120,60,419.475971698761,,,,,,,,,,20,02,yes,no,no,2025-08-18_16h47.41.980,EXNAT_4_TMS_Psychopy2024.2.5.psyexp,2024.2.5,2025-08-18 17h00.27.012906 +0200,
0,0,0,0,0,0,0,,,,,,,,,#2AB7EF,420.33552050590515,True,space,miss,None,600.1672744750977,text_13,133,3,2back_dual_main_click,2,wieder,30,29,59,120,60,,,,,,,,,,,20,02,yes,no,no,2025-08-18_16h47.41.980,EXNAT_4_TMS_Psychopy2024.2.5.psyexp,2024.2.5,2025-08-18 17h00.27.012906 +0200,
0,0,0,0,0,0,0,,,,,,,,,#2AB7EF,420.9928689002991,False,space,correct rejection,None,598.9103317260742,text_13,134,3,2back_dual_main_click,2,für,30,29,59,120,60,,,,,,,,,,,20,02,yes,no,no,2025-08-18_16h47.41.980,EXNAT_4_TMS_Psychopy2024.2.5.psyexp,2024.2.5,2025-08-18 17h00.27.012906 +0200,
0,0,0,0,0,0,0,,,,,,,,,#D292F3,421.64695978164673,False,space,correct rejection,None,632.9441070556641,text_13,135,3,2back_dual_main_click,2,neue,30,29,59,120,60,,,,,,,,,,,20,02,yes,no,no,2025-08-18_16h47.41.980,EXNAT_4_TMS_Psychopy2024.2.5.psyexp,2024.2.5,2025-08-18 17h00.27.012906 +0200,
0,0,0,0,0,0,0,,,,,,,,,#88BA3F,422.3346338272095,False,space,correct rejection,None,521.0084915161133,text_13,136,3,2back_dual_main_click,2,Rollen,30,29,59,120,60,,,,,,,,,,,20,02,yes,no,no,2025-08-18_16h47.41.980,EXNAT_4_TMS_Psychopy2024.2.5.psyexp,2024.2.5,2025-08-18 17h00.27.012906 +0200,
0,0,0,0,0,0,0,,,,,,,,,#2AB7EF,422.9114685058594,False,space,correct rejection,None,632.3757171630859,text_13,137,3,2back_dual_main_click,2,gewonnen.,30,29,59,120,60,,,,,,,,,,,20,02,yes,no,no,2025-08-18_16h47.41.980,EXNAT_4_TMS_Psychopy2024.2.5.psyexp,2024.2.5,2025-08-18 17h00.27.012906 +0200,
0,0,0,0,0,0,0,,,,,,,,,#88BA3F,423.6001789569855,True,space,miss,None,583.6493968963623,text_13,138,3,2back_dual_main_click,2,Nun,30,29,59,120,60,,,,,,,,,,,20,02,yes,no,no,2025-08-18_16h47.41.980,EXNAT_4_TMS_Psychopy2024.2.5.psyexp,2024.2.5,2025-08-18 17h00.27.012906 +0200,
0,0,0,0,0,0,0,,,,,,,,,#F989A2,424.24019742012024,False,space,correct rejection,None,519.625186920166,text_13,139,3,2back_dual_main_click,2,überlegt,31,29,60,120,60,424.47582364082336,,,,,,,,,,20,02,yes,no,no,2025-08-18_16h47.41.980,EXNAT_4_TMS_Psychopy2024.2.5.psyexp,2024.2.5,2025-08-18 17h00.27.012906 +0200,
0,0,0,0,0,0,0,,,,,,,,,#F989A2,424.8140072822571,False,space,correct rejection,None,553.89404296875,text_13,140,3,2back_dual_main_click,2,"sie,",31,29,60,120,60,,,,,,,,,,,20,02,yes,no,no,2025-08-18_16h47.41.980,EXNAT_4_TMS_Psychopy2024.2.5.psyexp,2024.2.5,2025-08-18 17h00.27.012906 +0200,
0,0,0,0,0,0,0,,,,,,,,,#2AB7EF,425.42232036590576,False,space,correct rejection,None,665.5733585357666,text_13,141,3,2back_dual_main_click,2,wie,31,29,60,120,60,,,,,,,,,,,20,02,yes,no,no,2025-08-18_16h47.41.980,EXNAT_4_TMS_Psychopy2024.2.5.psyexp,2024.2.5,2025-08-18 17h00.27.012906 +0200,
0,0,0,0,0,0,0,,,,,,,,,#88BA3F,426.1404564380646,False,space,correct rejection,None,571.397066116333,text_13,142,3,2back_dual_main_click,2,es,31,29,60,120,60,,,,,,,,,,,20,02,yes,no,no,2025-08-18_16h47.41.980,EXNAT_4_TMS_Psychopy2024.2.5.psyexp,2024.2.5,2025-08-18 17h00.27.012906 +0200,
0,0,0,0,0,0,0,,,,,,,,,#D292F3,426.7688729763031,False,space,correct rejection,None,534.9302291870117,text_13,143,3,2back_dual_main_click,2,weitergeht:,31,29,60,120,60,,,,,,,,,,,20,02,yes,no,no,2025-08-18_16h47.41.980,EXNAT_4_TMS_Psychopy2024.2.5.psyexp,2024.2.5,2025-08-18 17h00.27.012906 +0200,
0,0,0,0,0,0,0,,,,,,,,,#D292F3,427.35869216918945,False,space,correct rejection,None,665.1613712310791,text_13,144,3,2back_dual_main_click,2,vor,31,29,60,120,60,,,,,,,,,,,20,02,yes,no,no,2025-08-18_16h47.41.980,EXNAT_4_TMS_Psychopy2024.2.5.psyexp,2024.2.5,2025-08-18 17h00.27.012906 +0200,
0,0,0,0,0,0,0,,,,,,,,,#88BA3F,428.0791621208191,False,space,correct rejection,None,568.6070919036865,text_13,145,3,2back_dual_main_click,2,der,31,29,60,120,60,,,,,,,,,,,20,02,yes,no,no,2025-08-18_16h47.41.980,EXNAT_4_TMS_Psychopy2024.2.5.psyexp,2024.2.5,2025-08-18 17h00.27.012906 +0200,
0,0,0,0,0,0,0,,,,,,,,,#2AB7EF,428.7020492553711,False,space,correct rejection,None,617.6111698150635,text_13,146,3,2back_dual_main_click,2,"Kamera,",31,29,60,120,60,,,,,,,,,,,20,02,yes,no,no,2025-08-18_16h47.41.980,EXNAT_4_TMS_Psychopy2024.2.5.psyexp,2024.2.5,2025-08-18 17h00.27.012906 +0200,
0,0,0,0,0,0,0,,,,,,,,,#2AB7EF,429.37266850471497,False,space,correct rejection,None,699.164628982544,text_13,147,3,2back_dual_main_click,2,dahinter,31,29,60,120,60,,,,,,,,,,,20,02,yes,no,no,2025-08-18_16h47.41.980,EXNAT_4_TMS_Psychopy2024.2.5.psyexp,2024.2.5,2025-08-18 17h00.27.012906 +0200,
0,0,0,0,0,0,0,,,,,,,,,#D292F3,430.12760877609253,False,space,correct rejection,None,664.1874313354492,text_13,148,3,2back_dual_main_click,2,oder,31,29,60,120,60,,,,,,,,,,,20,02,yes,no,no,2025-08-18_16h47.41.980,EXNAT_4_TMS_Psychopy2024.2.5.psyexp,2024.2.5,2025-08-18 17h00.27.012906 +0200,
0,0,0,0,0,0,0,,,,,,,,,#D292F3,430.8464889526367,False,space,correct rejection,None,937.3998641967773,text_13,149,3,2back_dual_main_click,2,ganz,31,29,60,120,60,,,,,,,,,,,20,02,yes,no,no,2025-08-18_16h47.41.980,EXNAT_4_TMS_Psychopy2024.2.5.psyexp,2024.2.5,2025-08-18 17h00.27.012906 +0200,
0,0,0,0,0,0,0,,,,,,,,,#F989A2,431.83979892730713,False,space,correct rejection,None,680.1400184631348,text_13,150,3,2back_dual_main_click,2,anders?,31,29,60,120,60,,,,,,,,,,,20,02,yes,no,no,2025-08-18_16h47.41.980,EXNAT_4_TMS_Psychopy2024.2.5.psyexp,2024.2.5,2025-08-18 17h00.27.012906 +0200,
0,0,0,0,0,0,0,,,,,,,,,,432.5807204246521,,1,,,,text_13,,3,2back_dual_main_click,,,,,,,,,Q1,a,True,,,,,,,20,02,yes,no,no,2025-08-18_16h47.41.980,EXNAT_4_TMS_Psychopy2024.2.5.psyexp,2024.2.5,2025-08-18 17h00.27.012906 +0200,
0,0,0,0,0,0,0,,,,,,,,,,439.9008285999298,,3,,,,text_13,,3,2back_dual_main_click,,,,,,,,,Q2,c,True,,,,,,,20,02,yes,no,no,2025-08-18_16h47.41.980,EXNAT_4_TMS_Psychopy2024.2.5.psyexp,2024.2.5,2025-08-18 17h00.27.012906 +0200,
0,0,0,0,0,0,0,,,,,,,,,,443.8316419124603,,4,,,,text_13,,3,2back_dual_main_click,,,,,,,,,Q3,d,True,,,,,,,20,02,yes,no,no,2025-08-18_16h47.41.980,EXNAT_4_TMS_Psychopy2024.2.5.psyexp,2024.2.5,2025-08-18 17h00.27.012906 +0200,
0,0,0,0,0,0,0,,,,,,,,,#2AB7EF,455.5804889202118,False,space,correct rejection,None,779.4389724731445,text_14,1,4,2back_dual_main_click,2,"Berlin,",31,29,60,120,60,,,,,,,,,,,20,02,yes,no,no,2025-08-18_16h47.41.980,EXNAT_4_TMS_Psychopy2024.2.5.psyexp,2024.2.5,2025-08-18 17h00.27.012906 +0200,
0,0,0,0,0,0,0,,,,,,,,,#2AB7EF,456.39600586891174,False,space,correct rejection,None,715.9509658813477,text_14,2,4,2back_dual_main_click,2,"windig,",31,29,60,120,60,,,,,,,,,,,20,02,yes,no,no,2025-08-18_16h47.41.980,EXNAT_4_TMS_Psychopy2024.2.5.psyexp,2024.2.5,2025-08-18 17h00.27.012906 +0200,
0,0,0,0,0,0,0,,,,,,,,,#D292F3,457.14786028862,False,space,correct rejection,None,764.0419006347656,text_14,3,4,2back_dual_main_click,2,zehn,31,29,60,120,60,,,,,,,,,,,20,02,yes,no,no,2025-08-18_16h47.41.980,EXNAT_4_TMS_Psychopy2024.2.5.psyexp,2024.2.5,2025-08-18 17h00.27.012906 +0200,
0,0,0,0,0,0,0,,,,,,,,,#88BA3F,457.95239448547363,False,space,correct rejection,None,551.4190196990967,text_14,4,4,2back_dual_main_click,2,Grad.,31,29,60,120,60,,,,,,,,,,,20,02,yes,no,no,2025-08-18_16h47.41.980,EXNAT_4_TMS_Psychopy2024.2.5.psyexp,2024.2.5,2025-08-18 17h00.27.012906 +0200,
0,0,0,0,0,0,0,,,,,,,,,#F989A2,458.5428168773651,False,space,correct rejection,None,761.1486911773682,text_14,5,4,2back_dual_main_click,2,Florence,31,29,60,120,60,,,,,,,,,,,20,02,yes,no,no,2025-08-18_16h47.41.980,EXNAT_4_TMS_Psychopy2024.2.5.psyexp,2024.2.5,2025-08-18 17h00.27.012906 +0200,
0,0,0,0,0,0,0,,,,,,,,,#F989A2,459.34450340270996,False,space,correct rejection,None,807.4331283569336,text_14,6,4,2back_dual_main_click,2,Welch,31,29,60,120,60,,,,,,,,,,,20,02,yes,no,no,2025-08-18_16h47.41.980,EXNAT_4_TMS_Psychopy2024.2.5.psyexp,2024.2.5,2025-08-18 17h00.27.012906 +0200,
0,0,0,0,0,0,0,,,,,,,,,#F989A2,460.19141459465027,True,space,miss,None,616.3449287414551,text_14,7,4,2back_dual_main_click,2,gibt,31,30,61,120,60,460.24618673324585,,,,,,,,,,20,02,yes,no,no,2025-08-18_16h47.41.980,EXNAT_4_TMS_Psychopy2024.2.5.psyexp,2024.2.5,2025-08-18 17h00.27.012906 +0200,
0,0,0,0,0,0,0,,,,,,,,,#2AB7EF,460.8495674133301,False,space,correct rejection,None,518.3265209197998,text_14,8,4,2back_dual_main_click,2,auf,31,30,61,120,60,,,,,,,,,,,20,02,yes,no,no,2025-08-18_16h47.41.980,EXNAT_4_TMS_Psychopy2024.2.5.psyexp,2024.2.5,2025-08-18 17h00.27.012906 +0200,
0,0,0,0,0,0,0,,,,,,,,,#D292F3,461.4066104888916,False,space,correct rejection,None,585.2692127227783,text_14,9,4,2back_dual_main_click,2,einer,31,30,61,120,60,,,,,,,,,,,20,02,yes,no,no,2025-08-18_16h47.41.980,EXNAT_4_TMS_Psychopy2024.2.5.psyexp,2024.2.5,2025-08-18 17h00.27.012906 +0200,
0,0,0,0,0,0,0,,,,,,,,,#88BA3F,462.032101392746,False,space,correct rejection,None,711.7359638214111,text_14,10,4,2back_dual_main_click,2,Dachterrasse,31,30,61,120,60,,,,,,,,,,,20,02,yes,no,no,2025-08-18_16h47.41.980,EXNAT_4_TMS_Psychopy2024.2.5.psyexp,2024.2.5,2025-08-18 17h00.27.012906 +0200,
0,0,0,0,0,0,0,,,,,,,,,#D292F3,462.7832725048065,True,space,miss,None,504.5959949493408,text_14,11,4,2back_dual_main_click,2,ein,31,30,61,120,60,,,,,,,,,,,20,02,yes,no,no,2025-08-18_16h47.41.980,EXNAT_4_TMS_Psychopy2024.2.5.psyexp,2024.2.5,2025-08-18 17h00.27.012906 +0200,
0,0,0,0,0,0,0,,,,,,,,,#88BA3F,463.3293058872223,True,space,miss,None,582.4155807495117,text_14,12,4,2back_dual_main_click,2,exklusives,31,30,61,120,60,,,,,,,,,,,20,02,yes,no,no,2025-08-18_16h47.41.980,EXNAT_4_TMS_Psychopy2024.2.5.psyexp,2024.2.5,2025-08-18 17h00.27.012906 +0200,
0,0,0,0,0,0,0,,,,,,,,,#88BA3F,463.9519522190094,False,space,correct rejection,None,535.9094142913818,text_14,13,4,2back_dual_main_click,2,"Konzert,",31,30,61,120,60,,,,,,,,,,,20,02,yes,no,no,2025-08-18_16h47.41.980,EXNAT_4_TMS_Psychopy2024.2.5.psyexp,2024.2.5,2025-08-18 17h00.27.012906 +0200,
0,0,0,0,0,0,0,,,,,,,,,#F989A2,464.52917098999023,False,space,correct rejection,None,646.7700004577637,text_14,14,4,2back_dual_main_click,2,später,31,30,61,120,60,,,,,,,,,,,20,02,yes,no,no,2025-08-18_16h47.41.980,EXNAT_4_TMS_Psychopy2024.2.5.psyexp,2024.2.5,2025-08-18 17h00.27.012906 +0200,
0,0,0,0,0,0,0,,,,,,,,,#2AB7EF,465.2154541015625,False,space,correct rejection,None,696.4781284332275,text_14,15,4,2back_dual_main_click,2,sitzt,32,30,62,120,60,465.27528190612793,,,,,,,,,,20,02,yes,no,no,2025-08-18_16h47.41.980,EXNAT_4_TMS_Psychopy2024.2.5.psyexp,2024.2.5,2025-08-18 17h00.27.012906 +0200,
0,0,0,0,0,0,0,,,,,,,,,#D292F3,465.9508378505707,False,space,correct rejection,None,600.982666015625,text_14,16,4,2back_dual_main_click,2,sie,32,30,62,120,60,,,,,,,,,,,20,02,yes,no,no,2025-08-18_16h47.41.980,EXNAT_4_TMS_Psychopy2024.2.5.psyexp,2024.2.5,2025-08-18 17h00.27.012906 +0200,
0,0,0,0,0,0,0,,,,,,,,,#D292F3,466.5900990962982,False,space,correct rejection,None,537.6491546630859,text_14,17,4,2back_dual_main_click,2,beim,32,30,62,120,60,,,,,,,,,,,20,02,yes,no,no,2025-08-18_16h47.41.980,EXNAT_4_TMS_Psychopy2024.2.5.psyexp,2024.2.5,2025-08-18 17h00.27.012906 +0200,
0,0,0,0,0,0,0,,,,,,,,,#F989A2,467.1682984828949,False,space,correct rejection,None,551.5439510345459,text_14,18,4,2back_dual_main_click,2,Interview.,32,30,62,120,60,,,,,,,,,,,20,02,yes,no,no,2025-08-18_16h47.41.980,EXNAT_4_TMS_Psychopy2024.2.5.psyexp,2024.2.5,2025-08-18 17h00.27.012906 +0200,
0,0,0,0,0,0,0,,,,,,,,,#F989A2,467.7612352371216,False,space,correct rejection,None,614.7434711456299,text_14,19,4,2back_dual_main_click,2,Seit,32,30,62,120,60,,,,,,,,,,,20,02,yes,no,no,2025-08-18_16h47.41.980,EXNAT_4_TMS_Psychopy2024.2.5.psyexp,2024.2.5,2025-08-18 17h00.27.012906 +0200,
0,0,0,0,0,0,0,,,,,,,,,#D292F3,468.416291475296,False,space,correct rejection,None,519.5887088775635,text_14,20,4,2back_dual_main_click,2,2009,32,30,62,120,60,,,,,,,,,,,20,02,yes,no,no,2025-08-18_16h47.41.980,EXNAT_4_TMS_Psychopy2024.2.5.psyexp,2024.2.5,2025-08-18 17h00.27.012906 +0200,
0,0,0,0,0,0,0,,,,,,,,,#2AB7EF,468.97443652153015,False,space,correct rejection,None,521.4965343475342,text_14,21,4,2back_dual_main_click,2,ist,32,30,62,120,60,,,,,,,,,,,20,02,yes,no,no,2025-08-18_16h47.41.980,EXNAT_4_TMS_Psychopy2024.2.5.psyexp,2024.2.5,2025-08-18 17h00.27.012906 +0200,
0,0,0,0,0,0,0,,,,,,,,,#88BA3F,469.53468227386475,False,space,correct rejection,None,585.2434635162354,text_14,22,4,2back_dual_main_click,2,die,32,30,62,120,60,,,,,,,,,,,20,02,yes,no,no,2025-08-18_16h47.41.980,EXNAT_4_TMS_Psychopy2024.2.5.psyexp,2024.2.5,2025-08-18 17h00.27.012906 +0200,
0,0,0,0,0,0,0,,,,,,,,,#2AB7EF,470.1600914001465,True,space,miss,None,631.8304538726807,text_14,23,4,2back_dual_main_click,2,Londonerin,32,30,62,120,60,,,,,,,,,,,20,02,yes,no,no,2025-08-18_16h47.41.980,EXNAT_4_TMS_Psychopy2024.2.5.psyexp,2024.2.5,2025-08-18 17h00.27.012906 +0200,
0,0,0,0,0,0,0,,,,,,,,,#88BA3F,470.8329424858093,True,space,miss,None,598.9477634429932,text_14,24,4,2back_dual_main_click,2,unter,32,31,63,120,60,470.8983838558197,,,,,,,,,,20,02,yes,no,no,2025-08-18_16h47.41.980,EXNAT_4_TMS_Psychopy2024.2.5.psyexp,2024.2.5,2025-08-18 17h00.27.012906 +0200,
0,0,0,0,0,0,0,,,,,,,,,#2AB7EF,471.47204875946045,True,space,miss,None,551.8319606781006,text_14,25,4,2back_dual_main_click,2,dem,32,31,63,120,60,,,,,,,,,,,20,02,yes,no,no,2025-08-18_16h47.41.980,EXNAT_4_TMS_Psychopy2024.2.5.psyexp,2024.2.5,2025-08-18 17h00.27.012906 +0200,
0,0,0,0,0,0,0,,,,,,,,,#F989A2,472.06432008743286,False,space,correct rejection,None,519.5908546447754,text_14,26,4,2back_dual_main_click,2,Namen,32,31,63,120,60,,,,,,,,,,,20,02,yes,no,no,2025-08-18_16h47.41.980,EXNAT_4_TMS_Psychopy2024.2.5.psyexp,2024.2.5,2025-08-18 17h00.27.012906 +0200,
0,0,0,0,0,0,0,,,,,,,,,#88BA3F,472.62065958976746,False,space,correct rejection,None,523.0927467346191,text_14,27,4,2back_dual_main_click,2,""Florence,32,31,63,120,60,,,,,,,,,,,20,02,yes,no,no,2025-08-18_16h47.41.980,EXNAT_4_TMS_Psychopy2024.2.5.psyexp,2024.2.5,2025-08-18 17h00.27.012906 +0200,
0,0,0,0,0,0,0,,,,,,,,,#D292F3,473.18311643600464,False,space,correct rejection,None,456.7747116088867,text_14,28,4,2back_dual_main_click,2,and,32,31,63,120,60,,,,,,,,,,,20,02,yes,no,no,2025-08-18_16h47.41.980,EXNAT_4_TMS_Psychopy2024.2.5.psyexp,2024.2.5,2025-08-18 17h00.27.012906 +0200,
0,0,0,0,0,0,0,,,,,,,,,#2AB7EF,473.6799807548523,False,space,correct rejection,None,487.91003227233887,text_14,29,4,2back_dual_main_click,2,The,32,31,63,120,60,,,,,,,,,,,20,02,yes,no,no,2025-08-18_16h47.41.980,EXNAT_4_TMS_Psychopy2024.2.5.psyexp,2024.2.5,2025-08-18 17h00.27.012906 +0200,
0,0,0,0,0,0,0,,,,,,,,,#D292F3,474.2096836566925,True,space,miss,None,486.22632026672363,text_14,30,4,2back_dual_main_click,2,Machine"",32,31,63,120,60,,,,,,,,,,,20,02,yes,no,no,2025-08-18_16h47.41.980,EXNAT_4_TMS_Psychopy2024.2.5.psyexp,2024.2.5,2025-08-18 17h00.27.012906 +0200,
0,0,0,0,0,0,0,,,,,,,,,#F989A2,474.7358593940735,False,space,correct rejection,None,696.0797309875488,text_14,31,4,2back_dual_main_click,2,international,32,31,63,120,60,,,,,,,,,,,20,02,yes,no,no,2025-08-18_16h47.41.980,EXNAT_4_TMS_Psychopy2024.2.5.psyexp,2024.2.5,2025-08-18 17h00.27.012906 +0200,
0,0,0,0,0,0,0,,,,,,,,,#D292F3,475.47218656539917,True,space,miss,None,615.7686710357666,text_14,32,4,2back_dual_main_click,2,bekannt.,32,32,64,120,60,475.8984167575836,,,,,,,,,,20,02,yes,no,no,2025-08-18_16h47.41.980,EXNAT_4_TMS_Psychopy2024.2.5.psyexp,2024.2.5,2025-08-18 17h00.27.012906 +0200,
0,0,0,0,0,0,0,,,,,,,,,#88BA3F,476.12818670272827,False,space,correct rejection,None,663.562536239624,text_14,33,4,2back_dual_main_click,2,""The,32,32,64,120,60,,,,,,,,,,,20,02,yes,no,no,2025-08-18_16h47.41.980,EXNAT_4_TMS_Psychopy2024.2.5.psyexp,2024.2.5,2025-08-18 17h00.27.012906 +0200,
0,0,0,0,0,0,0,,,,,,,,,#2AB7EF,476.8336184024811,False,space,correct rejection,None,598.3128547668457,text_14,34,4,2back_dual_main_click,2,Machine"",32,32,64,120,60,,,,,,,,,,,20,02,yes,no,no,2025-08-18_16h47.41.980,EXNAT_4_TMS_Psychopy2024.2.5.psyexp,2024.2.5,2025-08-18 17h00.27.012906 +0200,
0,0,0,0,0,0,0,,,,,,,,,#88BA3F,477.47146224975586,True,space,miss,None,808.4051609039307,text_14,35,4,2back_dual_main_click,2,bezeichnet,32,32,64,120,60,,,,,,,,,,,20,02,yes,no,no,2025-08-18_16h47.41.980,EXNAT_4_TMS_Psychopy2024.2.5.psyexp,2024.2.5,2025-08-18 17h00.27.012906 +0200,
0,0,0,0,0,0,0,,,,,,,,,#F989A2,478.3199083805084,False,space,correct rejection,None,536.0095500946045,text_14,36,4,2back_dual_main_click,2,dabei,32,32,64,120,60,,,,,,,,,,,20,02,yes,no,no,2025-08-18_16h47.41.980,EXNAT_4_TMS_Psychopy2024.2.5.psyexp,2024.2.5,2025-08-18 17h00.27.012906 +0200,
0,0,0,0,0,0,0,,,,,,,,,#2AB7EF,478.89563179016113,False,space,correct rejection,None,600.2621650695801,text_14,37,4,2back_dual_main_click,2,keine,32,32,64,120,60,,,,,,,,,,,20,02,yes,no,no,2025-08-18_16h47.41.980,EXNAT_4_TMS_Psychopy2024.2.5.psyexp,2024.2.5,2025-08-18 17h00.27.012906 +0200,
0,0,0,0,0,0,0,,,,,,,,,#88BA3F,479.5371310710907,False,space,correct rejection,None,550.7705211639404,text_14,38,4,2back_dual_main_click,2,feste,32,32,64,120,60,,,,,,,,,,,20,02,yes,no,no,2025-08-18_16h47.41.980,EXNAT_4_TMS_Psychopy2024.2.5.psyexp,2024.2.5,2025-08-18 17h00.27.012906 +0200,
0,0,0,0,0,0,0,,,,,,,,,#88BA3F,480.1283895969391,False,space,correct rejection,None,631.5124034881592,text_14,39,4,2back_dual_main_click,2,"Band,",32,32,64,120,60,,,,,,,,,,,20,02,yes,no,no,2025-08-18_16h47.41.980,EXNAT_4_TMS_Psychopy2024.2.5.psyexp,2024.2.5,2025-08-18 17h00.27.012906 +0200,
0,0,0,0,0,0,0,,,,,,,,,#2AB7EF,480.79818296432495,False,space,correct rejection,None,617.6793575286865,text_14,40,4,2back_dual_main_click,2,sondern,33,32,65,120,60,480.8984172344208,,,,,,,,,,20,02,yes,no,no,2025-08-18_16h47.41.980,EXNAT_4_TMS_Psychopy2024.2.5.psyexp,2024.2.5,2025-08-18 17h00.27.012906 +0200,
0,0,0,0,0,0,0,,,,,,,,,#D292F3,481.4559998512268,False,space,correct rejection,None,679.8665523529053,text_14,41,4,2back_dual_main_click,2,wechselnde,33,32,65,120,60,,,,,,,,,,,20,02,yes,no,no,2025-08-18_16h47.41.980,EXNAT_4_TMS_Psychopy2024.2.5.psyexp,2024.2.5,2025-08-18 17h00.27.012906 +0200,
0,0,0,0,0,0,0,,,,,,,,,#F989A2,482.1766834259033,False,space,correct rejection,None,871.1686134338379,text_14,42,4,2back_dual_main_click,2,musikalische,33,32,65,120,60,,,,,,,,,,,20,02,yes,no,no,2025-08-18_16h47.41.980,EXNAT_4_TMS_Psychopy2024.2.5.psyexp,2024.2.5,2025-08-18 17h00.27.012906 +0200,
0,0,0,0,0,0,0,,,,,,,,,#D292F3,483.0896155834198,True,l,hit,710.2956771850586,998.2306957244873,text_14,43,4,2back_dual_main_click,2,Begleiter.,33,32,65,120,60,,,,,,,,,,,20,02,yes,no,no,2025-08-18_16h47.41.980,EXNAT_4_TMS_Psychopy2024.2.5.psyexp,2024.2.5,2025-08-18 17h00.27.012906 +0200,
0,0,0,0,0,0,0,,,,,,,,,#88BA3F,484.128897190094,False,space,correct rejection,None,535.0263118743896,text_14,44,4,2back_dual_main_click,2,Ihr,33,32,65,120,60,,,,,,,,,,,20,02,yes,no,no,2025-08-18_16h47.41.980,EXNAT_4_TMS_Psychopy2024.2.5.psyexp,2024.2.5,2025-08-18 17h00.27.012906 +0200,
0,0,0,0,0,0,0,,,,,,,,,#D292F3,484.7051751613617,True,l,hit,822.7550983428955,1222.687005996704,text_14,45,4,2back_dual_main_click,2,Debütalbum,33,33,66,120,60,485.89839220046997,,,,,,,,,,20,02,yes,no,no,2025-08-18_16h47.41.980,EXNAT_4_TMS_Psychopy2024.2.5.psyexp,2024.2.5,2025-08-18 17h00.27.012906 +0200,
0,0,0,0,0,0,0,,,,,,,,,#F989A2,485.96664452552795,False,space,correct rejection,None,649.2161750793457,text_14,46,4,2back_dual_main_click,2,""Lungs"",33,33,66,120,60,,,,,,,,,,,20,02,yes,no,no,2025-08-18_16h47.41.980,EXNAT_4_TMS_Psychopy2024.2.5.psyexp,2024.2.5,2025-08-18 17h00.27.012906 +0200,
0,0,0,0,0,0,0,,,,,,,,,#F989A2,486.65402913093567,False,space,correct rejection,None,505.92923164367676,text_14,47,4,2back_dual_main_click,2,erreichte,33,33,66,120,60,,,,,,,,,,,20,02,yes,no,no,2025-08-18_16h47.41.980,EXNAT_4_TMS_Psychopy2024.2.5.psyexp,2024.2.5,2025-08-18 17h00.27.012906 +0200,
0,0,0,0,0,0,0,,,,,,,,,#2AB7EF,487.20001673698425,False,space,correct rejection,None,567.8732395172119,text_14,48,4,2back_dual_main_click,2,Platz,33,33,66,120,60,,,,,,,,,,,20,02,yes,no,no,2025-08-18_16h47.41.980,EXNAT_4_TMS_Psychopy2024.2.5.psyexp,2024.2.5,2025-08-18 17h00.27.012906 +0200,
0,0,0,0,0,0,0,,,,,,,,,#F989A2,487.8062789440155,True,space,miss,None,569.6699619293213,text_14,49,4,2back_dual_main_click,2,eins,33,33,66,120,60,,,,,,,,,,,20,02,yes,no,no,2025-08-18_16h47.41.980,EXNAT_4_TMS_Psychopy2024.2.5.psyexp,2024.2.5,2025-08-18 17h00.27.012906 +0200,
0,0,0,0,0,0,0,,,,,,,,,#D292F3,488.41651248931885,False,space,correct rejection,None,487.3950481414795,text_14,50,4,2back_dual_main_click,2,der,33,33,66,120,60,,,,,,,,,,,20,02,yes,no,no,2025-08-18_16h47.41.980,EXNAT_4_TMS_Psychopy2024.2.5.psyexp,2024.2.5,2025-08-18 17h00.27.012906 +0200,
0,0,0,0,0,0,0,,,,,,,,,#2AB7EF,488.9425845146179,False,space,correct rejection,None,553.1716346740723,text_14,51,4,2back_dual_main_click,2,britischen,33,33,66,120,60,,,,,,,,,,,20,02,yes,no,no,2025-08-18_16h47.41.980,EXNAT_4_TMS_Psychopy2024.2.5.psyexp,2024.2.5,2025-08-18 17h00.27.012906 +0200,
0,0,0,0,0,0,0,,,,,,,,,#F989A2,489.5365300178528,False,space,correct rejection,None,583.3871364593506,text_14,52,4,2back_dual_main_click,2,Charts,33,33,66,120,60,,,,,,,,,,,20,02,yes,no,no,2025-08-18_16h47.41.980,EXNAT_4_TMS_Psychopy2024.2.5.psyexp,2024.2.5,2025-08-18 17h00.27.012906 +0200,
0,0,0,0,0,0,0,,,,,,,,,#D292F3,490.15997672080994,False,space,correct rejection,None,615.9448623657227,text_14,53,4,2back_dual_main_click,2,und,33,33,66,120,60,,,,,,,,,,,20,02,yes,no,no,2025-08-18_16h47.41.980,EXNAT_4_TMS_Psychopy2024.2.5.psyexp,2024.2.5,2025-08-18 17h00.27.012906 +0200,
0,0,0,0,0,0,0,,,,,,,,,#F989A2,490.81696605682373,True,space,miss,None,615.0448322296143,text_14,54,4,2back_dual_main_click,2,erhielt,33,34,67,120,60,490.8984625339508,,,,,,,,,,20,02,yes,no,no,2025-08-18_16h47.41.980,EXNAT_4_TMS_Psychopy2024.2.5.psyexp,2024.2.5,2025-08-18 17h00.27.012906 +0200,
0,0,0,0,0,0,0,,,,,,,,,#D292F3,491.4699070453644,True,space,miss,None,522.1471786499023,text_14,55,4,2back_dual_main_click,2,in,33,34,67,120,60,,,,,,,,,,,20,02,yes,no,no,2025-08-18_16h47.41.980,EXNAT_4_TMS_Psychopy2024.2.5.psyexp,2024.2.5,2025-08-18 17h00.27.012906 +0200,
0,0,0,0,0,0,0,,,,,,,,,#88BA3F,492.0323464870453,False,space,correct rejection,None,807.6839447021484,text_14,56,4,2back_dual_main_click,2,den,33,34,67,120,60,,,,,,,,,,,20,02,yes,no,no,2025-08-18_16h47.41.980,EXNAT_4_TMS_Psychopy2024.2.5.psyexp,2024.2.5,2025-08-18 17h00.27.012906 +0200,
0,0,0,0,0,0,0,,,,,,,,,#88BA3F,492.8809623718262,False,space,correct rejection,None,567.0802593231201,text_14,57,4,2back_dual_main_click,2,USA,33,34,67,120,60,,,,,,,,,,,20,02,yes,no,no,2025-08-18_16h47.41.980,EXNAT_4_TMS_Psychopy2024.2.5.psyexp,2024.2.5,2025-08-18 17h00.27.012906 +0200,
0,0,0,0,0,0,0,,,,,,,,,#88BA3F,493.4870138168335,True,l,hit,553.0261993408203,1000.9365081787109,text_14,58,4,2back_dual_main_click,2,eine,33,34,67,120,60,,,,,,,,,,,20,02,yes,no,no,2025-08-18_16h47.41.980,EXNAT_4_TMS_Psychopy2024.2.5.psyexp,2024.2.5,2025-08-18 17h00.27.012906 +0200,
0,0,0,0,0,0,0,,,,,,,,,#2AB7EF,494.52814984321594,False,space,correct rejection,None,519.8578834533691,text_14,59,4,2back_dual_main_click,2,Goldene,33,34,67,120,60,,,,,,,,,,,20,02,yes,no,no,2025-08-18_16h47.41.980,EXNAT_4_TMS_Psychopy2024.2.5.psyexp,2024.2.5,2025-08-18 17h00.27.012906 +0200,
0,0,0,0,0,0,0,,,,,,,,,#2AB7EF,495.0873074531555,False,space,correct rejection,None,520.7061767578125,text_14,60,4,2back_dual_main_click,2,Schallplatte.,33,34,67,120,60,,,,,,,,,,,20,02,yes,no,no,2025-08-18_16h47.41.980,EXNAT_4_TMS_Psychopy2024.2.5.psyexp,2024.2.5,2025-08-18 17h00.27.012906 +0200,
0,0,0,0,0,0,0,,,,,,,,,#88BA3F,495.6484754085541,False,space,correct rejection,None,855.5049896240234,text_14,61,4,2back_dual_main_click,2,Spätestens,34,34,68,120,60,495.89848232269287,,,,,,,,,,20,02,yes,no,no,2025-08-18_16h47.41.980,EXNAT_4_TMS_Psychopy2024.2.5.psyexp,2024.2.5,2025-08-18 17h00.27.012906 +0200,
0,0,0,0,0,0,0,,,,,,,,,#2AB7EF,496.5433392524719,True,l,hit,648.7090587615967,1144.6597576141357,text_14,62,4,2back_dual_main_click,2,mit,34,34,68,120,60,,,,,,,,,,,20,02,yes,no,no,2025-08-18_16h47.41.980,EXNAT_4_TMS_Psychopy2024.2.5.psyexp,2024.2.5,2025-08-18 17h00.27.012906 +0200,
0,0,0,0,0,0,0,,,,,,,,,#2AB7EF,497.7274127006531,False,space,correct rejection,None,568.6736106872559,text_14,63,4,2back_dual_main_click,2,ihrem,34,34,68,120,60,,,,,,,,,,,20,02,yes,no,no,2025-08-18_16h47.41.980,EXNAT_4_TMS_Psychopy2024.2.5.psyexp,2024.2.5,2025-08-18 17h00.27.012906 +0200,
0,0,0,0,0,0,0,,,,,,,,,#D292F3,498.3354637622833,False,space,correct rejection,None,632.6308250427246,text_14,64,4,2back_dual_main_click,2,Auftritt,34,34,68,120,60,,,,,,,,,,,20,02,yes,no,no,2025-08-18_16h47.41.980,EXNAT_4_TMS_Psychopy2024.2.5.psyexp,2024.2.5,2025-08-18 17h00.27.012906 +0200,
0,0,0,0,0,0,0,,,,,,,,,#D292F3,499.0082263946533,False,space,correct rejection,None,423.7954616546631,text_14,65,4,2back_dual_main_click,2,bei,34,34,68,120,60,,,,,,,,,,,20,02,yes,no,no,2025-08-18_16h47.41.980,EXNAT_4_TMS_Psychopy2024.2.5.psyexp,2024.2.5,2025-08-18 17h00.27.012906 +0200,
0,0,0,0,0,0,0,,,,,,,,,#F989A2,499.4752266407013,False,space,correct rejection,None,500.6146430969238,text_14,66,4,2back_dual_main_click,2,den,34,34,68,120,60,,,,,,,,,,,20,02,yes,no,no,2025-08-18_16h47.41.980,EXNAT_4_TMS_Psychopy2024.2.5.psyexp,2024.2.5,2025-08-18 17h00.27.012906 +0200,
0,0,0,0,0,0,0,,,,,,,,,#F989A2,500.0162491798401,False,space,correct rejection,None,647.646427154541,text_14,67,4,2back_dual_main_click,2,MTV,34,34,68,120,60,,,,,,,,,,,20,02,yes,no,no,2025-08-18_16h47.41.980,EXNAT_4_TMS_Psychopy2024.2.5.psyexp,2024.2.5,2025-08-18 17h00.27.012906 +0200,
0,0,0,0,0,0,0,,,,,,,,,#D292F3,500.70287704467773,False,space,correct rejection,None,649.1217613220215,text_14,68,4,2back_dual_main_click,2,Video,35,34,69,120,60,500.8984913825989,,,,,,,,,,20,02,yes,no,no,2025-08-18_16h47.41.980,EXNAT_4_TMS_Psychopy2024.2.5.psyexp,2024.2.5,2025-08-18 17h00.27.012906 +0200,
0,0,0,0,0,0,0,,,,,,,,,#D292F3,501.391863822937,False,space,correct rejection,None,840.1298522949219,text_14,69,4,2back_dual_main_click,2,Music,35,34,69,120,60,,,,,,,,,,,20,02,yes,no,no,2025-08-18_16h47.41.980,EXNAT_4_TMS_Psychopy2024.2.5.psyexp,2024.2.5,2025-08-18 17h00.27.012906 +0200,
0,0,0,0,0,0,0,,,,,,,,,#F989A2,502.27165603637695,False,space,correct rejection,None,632.3223114013672,text_14,70,4,2back_dual_main_click,2,Awards,35,34,69,120,60,,,,,,,,,,,20,02,yes,no,no,2025-08-18_16h47.41.980,EXNAT_4_TMS_Psychopy2024.2.5.psyexp,2024.2.5,2025-08-18 17h00.27.012906 +0200,
0,0,0,0,0,0,0,,,,,,,,,#88BA3F,502.94505310058594,False,space,correct rejection,None,582.9324722290039,text_14,71,4,2back_dual_main_click,2,schaffte,35,34,69,120,60,,,,,,,,,,,20,02,yes,no,no,2025-08-18_16h47.41.980,EXNAT_4_TMS_Psychopy2024.2.5.psyexp,2024.2.5,2025-08-18 17h00.27.012906 +0200,
0,0,0,0,0,0,0,,,,,,,,,#88BA3F,503.5679602622986,False,space,correct rejection,None,600.0068187713623,text_14,72,4,2back_dual_main_click,2,sie,35,34,69,120,60,,,,,,,,,,,20,02,yes,no,no,2025-08-18_16h47.41.980,EXNAT_4_TMS_Psychopy2024.2.5.psyexp,2024.2.5,2025-08-18 17h00.27.012906 +0200,
0,0,0,0,0,0,0,,,,,,,,,#F989A2,504.20805764198303,False,space,correct rejection,None,695.9226131439209,text_14,73,4,2back_dual_main_click,2,den,35,34,69,120,60,,,,,,,,,,,20,02,yes,no,no,2025-08-18_16h47.41.980,EXNAT_4_TMS_Psychopy2024.2.5.psyexp,2024.2.5,2025-08-18 17h00.27.012906 +0200,
0,0,0,0,0,0,0,,,,,,,,,#88BA3F,504.94380235671997,True,space,miss,None,808.1388473510742,text_14,74,4,2back_dual_main_click,2,Durchbruch.,35,34,69,120,60,,,,,,,,,,,20,02,yes,no,no,2025-08-18_16h47.41.980,EXNAT_4_TMS_Psychopy2024.2.5.psyexp,2024.2.5,2025-08-18 17h00.27.012906 +0200,
0,0,0,0,0,0,0,,,,,,,,,#F989A2,505.78949880599976,True,space,miss,None,538.5274887084961,text_14,75,4,2back_dual_main_click,2,Ihr,35,34,69,120,60,,,,,,,,,,,20,02,yes,no,no,2025-08-18_16h47.41.980,EXNAT_4_TMS_Psychopy2024.2.5.psyexp,2024.2.5,2025-08-18 17h00.27.012906 +0200,
0,0,0,0,0,0,0,,,,,,,,,#D292F3,506.36957716941833,False,space,correct rejection,None,742.4402236938477,text_14,76,4,2back_dual_main_click,2,Song,36,34,70,120,60,506.42715764045715,,,,,,,,,,20,02,yes,no,no,2025-08-18_16h47.41.980,EXNAT_4_TMS_Psychopy2024.2.5.psyexp,2024.2.5,2025-08-18 17h00.27.012906 +0200,
0,0,0,0,0,0,0,,,,,,,,,#F989A2,507.1526417732239,True,space,miss,None,679.3513298034668,text_14,77,4,2back_dual_main_click,2,""Dog,36,34,70,120,60,,,,,,,,,,,20,02,yes,no,no,2025-08-18_16h47.41.980,EXNAT_4_TMS_Psychopy2024.2.5.psyexp,2024.2.5,2025-08-18 17h00.27.012906 +0200,
0,0,0,0,0,0,0,,,,,,,,,#2AB7EF,507.8728766441345,False,space,correct rejection,None,711.0755443572998,text_14,78,4,2back_dual_main_click,2,Days,36,34,70,120,60,,,,,,,,,,,20,02,yes,no,no,2025-08-18_16h47.41.980,EXNAT_4_TMS_Psychopy2024.2.5.psyexp,2024.2.5,2025-08-18 17h00.27.012906 +0200,
0,0,0,0,0,0,0,,,,,,,,,#D292F3,508.62203431129456,False,space,correct rejection,None,666.0263538360596,text_14,79,4,2back_dual_main_click,2,Are,36,34,70,120,60,,,,,,,,,,,20,02,yes,no,no,2025-08-18_16h47.41.980,EXNAT_4_TMS_Psychopy2024.2.5.psyexp,2024.2.5,2025-08-18 17h00.27.012906 +0200,
0,0,0,0,0,0,0,,,,,,,,,#D292F3,509.33120918273926,False,space,correct rejection,None,516.8356895446777,text_14,80,4,2back_dual_main_click,2,Over"",36,34,70,120,60,,,,,,,,,,,20,02,yes,no,no,2025-08-18_16h47.41.980,EXNAT_4_TMS_Psychopy2024.2.5.psyexp,2024.2.5,2025-08-18 17h00.27.012906 +0200,
0,0,0,0,0,0,0,,,,,,,,,#88BA3F,509.8881549835205,False,space,correct rejection,None,711.8818759918213,text_14,81,4,2back_dual_main_click,2,wurde,36,34,70,120,60,,,,,,,,,,,20,02,yes,no,no,2025-08-18_16h47.41.980,EXNAT_4_TMS_Psychopy2024.2.5.psyexp,2024.2.5,2025-08-18 17h00.27.012906 +0200,
0,0,0,0,0,0,0,,,,,,,,,#88BA3F,510.639573097229,False,space,correct rejection,None,584.4776630401611,text_14,82,4,2back_dual_main_click,2,zum,36,34,70,120,60,,,,,,,,,,,20,02,yes,no,no,2025-08-18_16h47.41.980,EXNAT_4_TMS_Psychopy2024.2.5.psyexp,2024.2.5,2025-08-18 17h00.27.012906 +0200,
0,0,0,0,0,0,0,,,,,,,,,#D292F3,511.26423048973083,False,space,correct rejection,None,839.8597240447998,text_14,83,4,2back_dual_main_click,2,"Hit,",36,34,70,120,60,,,,,,,,,,,20,02,yes,no,no,2025-08-18_16h47.41.980,EXNAT_4_TMS_Psychopy2024.2.5.psyexp,2024.2.5,2025-08-18 17h00.27.012906 +0200,
0,0,0,0,0,0,0,,,,,,,,,#2AB7EF,512.1579086780548,False,space,correct rejection,None,538.1426811218262,text_14,84,4,2back_dual_main_click,2,ihre,36,34,70,120,60,,,,,,,,,,,20,02,yes,no,no,2025-08-18_16h47.41.980,EXNAT_4_TMS_Psychopy2024.2.5.psyexp,2024.2.5,2025-08-18 17h00.27.012906 +0200,
0,0,0,0,0,0,0,,,,,,,,,#F989A2,512.7353708744049,False,space,correct rejection,None,552.499532699585,text_14,85,4,2back_dual_main_click,2,Musik,36,34,70,120,60,,,,,,,,,,,20,02,yes,no,no,2025-08-18_16h47.41.980,EXNAT_4_TMS_Psychopy2024.2.5.psyexp,2024.2.5,2025-08-18 17h00.27.012906 +0200,
0,0,0,0,0,0,0,,,,,,,,,#D292F3,513.3251829147339,False,space,correct rejection,None,618.9072132110596,text_14,86,4,2back_dual_main_click,2,lief,36,34,70,120,60,,,,,,,,,,,20,02,yes,no,no,2025-08-18_16h47.41.980,EXNAT_4_TMS_Psychopy2024.2.5.psyexp,2024.2.5,2025-08-18 17h00.27.012906 +0200,
0,0,0,0,0,0,0,,,,,,,,,#F989A2,513.9828779697418,True,space,miss,None,553.077220916748,text_14,87,4,2back_dual_main_click,2,in,36,35,71,120,60,514.0352356433868,,,,,,,,,,20,02,yes,no,no,2025-08-18_16h47.41.980,EXNAT_4_TMS_Psychopy2024.2.5.psyexp,2024.2.5,2025-08-18 17h00.27.012906 +0200,
0,0,0,0,0,0,0,,,,,,,,,#D292F3,514.5759160518646,True,space,miss,None,568.0091381072998,text_14,88,4,2back_dual_main_click,2,vielen,36,35,71,120,60,,,,,,,,,,,20,02,yes,no,no,2025-08-18_16h47.41.980,EXNAT_4_TMS_Psychopy2024.2.5.psyexp,2024.2.5,2025-08-18 17h00.27.012906 +0200,
0,0,0,0,0,0,0,,,,,,,,,#2AB7EF,515.1827201843262,False,space,correct rejection,None,825.2384662628174,text_14,89,4,2back_dual_main_click,2,US-Serien.,36,35,71,120,60,,,,,,,,,,,20,02,yes,no,no,2025-08-18_16h47.41.980,EXNAT_4_TMS_Psychopy2024.2.5.psyexp,2024.2.5,2025-08-18 17h00.27.012906 +0200,
0,0,0,0,0,0,0,,,,,,,,,#88BA3F,516.0467779636383,False,space,correct rejection,None,761.1536979675293,text_14,90,4,2back_dual_main_click,2,Welch,36,35,71,120,60,,,,,,,,,,,20,02,yes,no,no,2025-08-18_16h47.41.980,EXNAT_4_TMS_Psychopy2024.2.5.psyexp,2024.2.5,2025-08-18 17h00.27.012906 +0200,
0,0,0,0,0,0,0,,,,,,,,,#2AB7EF,516.8489270210266,True,space,miss,None,519.0467834472656,text_14,91,4,2back_dual_main_click,2,trat,36,35,71,120,60,,,,,,,,,,,20,02,yes,no,no,2025-08-18_16h47.41.980,EXNAT_4_TMS_Psychopy2024.2.5.psyexp,2024.2.5,2025-08-18 17h00.27.012906 +0200,
0,0,0,0,0,0,0,,,,,,,,,#88BA3F,517.4058549404144,True,l,hit,506.11305236816406,842.0462608337402,text_14,92,4,2back_dual_main_click,2,bei,36,35,71,120,60,,,,,,,,,,,20,02,yes,no,no,2025-08-18_16h47.41.980,EXNAT_4_TMS_Psychopy2024.2.5.psyexp,2024.2.5,2025-08-18 17h00.27.012906 +0200,
0,0,0,0,0,0,0,,,,,,,,,#88BA3F,518.2871460914612,False,space,correct rejection,None,552.8590679168701,text_14,93,4,2back_dual_main_click,2,einer,36,35,71,120,60,,,,,,,,,,,20,02,yes,no,no,2025-08-18_16h47.41.980,EXNAT_4_TMS_Psychopy2024.2.5.psyexp,2024.2.5,2025-08-18 17h00.27.012906 +0200,
0,0,0,0,0,0,0,,,,,,,,,#F989A2,518.8816344738007,False,space,correct rejection,None,1718.3983325958252,text_14,94,4,2back_dual_main_click,2,"Google-Versammlung,",37,35,72,120,60,519.0351860523224,,,,,,,,,,20,02,yes,no,no,2025-08-18_16h47.41.980,EXNAT_4_TMS_Psychopy2024.2.5.psyexp,2024.2.5,2025-08-18 17h00.27.012906 +0200,
0,0,0,0,0,0,0,,,,,,,,,#D292F3,520.656017780304,False,space,correct rejection,None,760.0045204162598,text_14,95,4,2back_dual_main_click,2,X-Factor,37,35,72,120,60,,,,,,,,,,,20,02,yes,no,no,2025-08-18_16h47.41.980,EXNAT_4_TMS_Psychopy2024.2.5.psyexp,2024.2.5,2025-08-18 17h00.27.012906 +0200,
0,0,0,0,0,0,0,,,,,,,,,#88BA3F,521.4713244438171,False,space,correct rejection,None,712.6646041870117,text_14,96,4,2back_dual_main_click,2,und,37,35,72,120,60,,,,,,,,,,,20,02,yes,no,no,2025-08-18_16h47.41.980,EXNAT_4_TMS_Psychopy2024.2.5.psyexp,2024.2.5,2025-08-18 17h00.27.012906 +0200,
0,0,0,0,0,0,0,,,,,,,,,#F989A2,522.2407231330872,False,space,correct rejection,None,807.2376251220703,text_14,97,4,2back_dual_main_click,2,Modenschauen,37,35,72,120,60,,,,,,,,,,,20,02,yes,no,no,2025-08-18_16h47.41.980,EXNAT_4_TMS_Psychopy2024.2.5.psyexp,2024.2.5,2025-08-18 17h00.27.012906 +0200,
0,0,0,0,0,0,0,,,,,,,,,#88BA3F,523.1024219989777,True,space,miss,None,553.4543991088867,text_14,98,4,2back_dual_main_click,2,auf.,37,35,72,120,60,,,,,,,,,,,20,02,yes,no,no,2025-08-18_16h47.41.980,EXNAT_4_TMS_Psychopy2024.2.5.psyexp,2024.2.5,2025-08-18 17h00.27.012906 +0200,
0,0,0,0,0,0,0,,,,,,,,,#D292F3,523.7101340293884,False,space,correct rejection,None,569.648265838623,text_14,99,4,2back_dual_main_click,2,""Lungs"",37,35,72,120,60,,,,,,,,,,,20,02,yes,no,no,2025-08-18_16h47.41.980,EXNAT_4_TMS_Psychopy2024.2.5.psyexp,2024.2.5,2025-08-18 17h00.27.012906 +0200,
0,0,0,0,0,0,0,,,,,,,,,#88BA3F,524.3349876403809,True,space,miss,None,616.887092590332,text_14,100,4,2back_dual_main_click,2,war,37,36,73,120,60,524.3877081871033,,,,,,,,,,20,02,yes,no,no,2025-08-18_16h47.41.980,EXNAT_4_TMS_Psychopy2024.2.5.psyexp,2024.2.5,2025-08-18 17h00.27.012906 +0200,
0,0,0,0,0,0,0,,,,,,,,,#88BA3F,525.0083613395691,False,space,correct rejection,None,631.6254138946533,text_14,101,4,2back_dual_main_click,2,ein,37,36,73,120,60,,,,,,,,,,,20,02,yes,no,no,2025-08-18_16h47.41.980,EXNAT_4_TMS_Psychopy2024.2.5.psyexp,2024.2.5,2025-08-18 17h00.27.012906 +0200,
0,0,0,0,0,0,0,,,,,,,,,#2AB7EF,525.6813735961914,False,space,correct rejection,None,662.6768112182617,text_14,102,4,2back_dual_main_click,2,vielseitiges,37,36,73,120,60,,,,,,,,,,,20,02,yes,no,no,2025-08-18_16h47.41.980,EXNAT_4_TMS_Psychopy2024.2.5.psyexp,2024.2.5,2025-08-18 17h00.27.012906 +0200,
0,0,0,0,0,0,0,,,,,,,,,#D292F3,526.3838839530945,False,space,correct rejection,None,728.1291484832764,text_14,103,4,2back_dual_main_click,2,Album,37,36,73,120,60,,,,,,,,,,,20,02,yes,no,no,2025-08-18_16h47.41.980,EXNAT_4_TMS_Psychopy2024.2.5.psyexp,2024.2.5,2025-08-18 17h00.27.012906 +0200,
0,0,0,0,0,0,0,,,,,,,,,#F989A2,527.151828289032,False,space,correct rejection,None,616.1515712738037,text_14,104,4,2back_dual_main_click,2,aus,37,36,73,120,60,,,,,,,,,,,20,02,yes,no,no,2025-08-18_16h47.41.980,EXNAT_4_TMS_Psychopy2024.2.5.psyexp,2024.2.5,2025-08-18 17h00.27.012906 +0200,
0,0,0,0,0,0,0,,,,,,,,,#D292F3,527.8082394599915,True,space,miss,None,663.7539863586426,text_14,105,4,2back_dual_main_click,2,"Blues,",37,36,73,120,60,,,,,,,,,,,20,02,yes,no,no,2025-08-18_16h47.41.980,EXNAT_4_TMS_Psychopy2024.2.5.psyexp,2024.2.5,2025-08-18 17h00.27.012906 +0200,
0,0,0,0,0,0,0,,,,,,,,,#2AB7EF,528.5119841098785,False,space,correct rejection,None,728.0266284942627,text_14,106,4,2back_dual_main_click,2,Disco,37,36,73,120,60,,,,,,,,,,,20,02,yes,no,no,2025-08-18_16h47.41.980,EXNAT_4_TMS_Psychopy2024.2.5.psyexp,2024.2.5,2025-08-18 17h00.27.012906 +0200,
0,0,0,0,0,0,0,,,,,,,,,#F989A2,529.2796020507812,False,space,correct rejection,None,616.3582801818848,text_14,107,4,2back_dual_main_click,2,und,38,36,74,120,60,529.3875262737274,,,,,,,,,,20,02,yes,no,no,2025-08-18_16h47.41.980,EXNAT_4_TMS_Psychopy2024.2.5.psyexp,2024.2.5,2025-08-18 17h00.27.012906 +0200,
0,0,0,0,0,0,0,,,,,,,,,#F989A2,529.9349541664124,False,space,correct rejection,None,632.9741477966309,text_14,108,4,2back_dual_main_click,2,Soul.,38,36,74,120,60,,,,,,,,,,,20,02,yes,no,no,2025-08-18_16h47.41.980,EXNAT_4_TMS_Psychopy2024.2.5.psyexp,2024.2.5,2025-08-18 17h00.27.012906 +0200,
0,0,0,0,0,0,0,,,,,,,,,#2AB7EF,530.6079702377319,False,space,correct rejection,None,743.9558506011963,text_14,109,4,2back_dual_main_click,2,Für,38,36,74,120,60,,,,,,,,,,,20,02,yes,no,no,2025-08-18_16h47.41.980,EXNAT_4_TMS_Psychopy2024.2.5.psyexp,2024.2.5,2025-08-18 17h00.27.012906 +0200,
0,0,0,0,0,0,0,,,,,,,,,#88BA3F,531.3929481506348,False,space,correct rejection,None,551.0554313659668,text_14,110,4,2back_dual_main_click,2,ihr,38,36,74,120,60,,,,,,,,,,,20,02,yes,no,no,2025-08-18_16h47.41.980,EXNAT_4_TMS_Psychopy2024.2.5.psyexp,2024.2.5,2025-08-18 17h00.27.012906 +0200,
0,0,0,0,0,0,0,,,,,,,,,#D292F3,531.9847030639648,False,space,correct rejection,None,791.093111038208,text_14,111,4,2back_dual_main_click,2,neues,38,36,74,120,60,,,,,,,,,,,20,02,yes,no,no,2025-08-18_16h47.41.980,EXNAT_4_TMS_Psychopy2024.2.5.psyexp,2024.2.5,2025-08-18 17h00.27.012906 +0200,
0,0,0,0,0,0,0,,,,,,,,,#D292F3,532.8138489723206,False,space,correct rejection,None,586.0867500305176,text_14,112,4,2back_dual_main_click,2,Werk,38,36,74,120,60,,,,,,,,,,,20,02,yes,no,no,2025-08-18_16h47.41.980,EXNAT_4_TMS_Psychopy2024.2.5.psyexp,2024.2.5,2025-08-18 17h00.27.012906 +0200,
0,0,0,0,0,0,0,,,,,,,,,#88BA3F,533.4392032623291,False,space,correct rejection,None,696.7368125915527,text_14,113,4,2back_dual_main_click,2,wollte,38,36,74,120,60,,,,,,,,,,,20,02,yes,no,no,2025-08-18_16h47.41.980,EXNAT_4_TMS_Psychopy2024.2.5.psyexp,2024.2.5,2025-08-18 17h00.27.012906 +0200,
0,0,0,0,0,0,0,,,,,,,,,#2AB7EF,534.1745128631592,False,space,correct rejection,None,537.4147891998291,text_14,114,4,2back_dual_main_click,2,sie,38,36,74,120,60,,,,,,,,,,,20,02,yes,no,no,2025-08-18_16h47.41.980,EXNAT_4_TMS_Psychopy2024.2.5.psyexp,2024.2.5,2025-08-18 17h00.27.012906 +0200,
0,0,0,0,0,0,0,,,,,,,,,#2AB7EF,534.7524118423462,False,space,correct rejection,None,583.5144519805908,text_14,115,4,2back_dual_main_click,2,mehr,38,36,74,120,60,,,,,,,,,,,20,02,yes,no,no,2025-08-18_16h47.41.980,EXNAT_4_TMS_Psychopy2024.2.5.psyexp,2024.2.5,2025-08-18 17h00.27.012906 +0200,
0,0,0,0,0,0,0,,,,,,,,,#F989A2,535.3758652210236,False,space,correct rejection,None,952.2366523742676,text_14,116,4,2back_dual_main_click,2,Einheit.,38,36,74,120,60,,,,,,,,,,,20,02,yes,no,no,2025-08-18_16h47.41.980,EXNAT_4_TMS_Psychopy2024.2.5.psyexp,2024.2.5,2025-08-18 17h00.27.012906 +0200,
0,0,0,0,0,0,0,,,,,,,,,#D292F3,536.3689806461334,False,space,correct rejection,None,646.8250751495361,text_14,117,4,2back_dual_main_click,2,Sie,38,36,74,120,60,,,,,,,,,,,20,02,yes,no,no,2025-08-18_16h47.41.980,EXNAT_4_TMS_Psychopy2024.2.5.psyexp,2024.2.5,2025-08-18 17h00.27.012906 +0200,
0,0,0,0,0,0,0,,,,,,,,,#F989A2,537.0569829940796,True,space,miss,None,614.8104667663574,text_14,118,4,2back_dual_main_click,2,nahm,38,37,75,120,60,537.1132380962372,,,,,,,,,,20,02,yes,no,no,2025-08-18_16h47.41.980,EXNAT_4_TMS_Psychopy2024.2.5.psyexp,2024.2.5,2025-08-18 17h00.27.012906 +0200,
0,0,0,0,0,0,0,,,,,,,,,#88BA3F,537.7107112407684,False,space,correct rejection,None,665.3695106506348,text_14,119,4,2back_dual_main_click,2,es,38,37,75,120,60,,,,,,,,,,,20,02,yes,no,no,2025-08-18_16h47.41.980,EXNAT_4_TMS_Psychopy2024.2.5.psyexp,2024.2.5,2025-08-18 17h00.27.012906 +0200,
0,0,0,0,0,0,0,,,,,,,,,#2AB7EF,538.4169337749481,False,space,correct rejection,None,550.9910583496094,text_14,120,4,2back_dual_main_click,2,komplett,38,37,75,120,60,,,,,,,,,,,20,02,yes,no,no,2025-08-18_16h47.41.980,EXNAT_4_TMS_Psychopy2024.2.5.psyexp,2024.2.5,2025-08-18 17h00.27.012906 +0200,
0,0,0,0,0,0,0,,,,,,,,,#88BA3F,539.0073981285095,True,space,miss,None,536.614179611206,text_14,121,4,2back_dual_main_click,2,im,38,37,75,120,60,,,,,,,,,,,20,02,yes,no,no,2025-08-18_16h47.41.980,EXNAT_4_TMS_Psychopy2024.2.5.psyexp,2024.2.5,2025-08-18 17h00.27.012906 +0200,
0,0,0,0,0,0,0,,,,,,,,,#88BA3F,539.5849599838257,False,space,correct rejection,None,951.0729312896729,text_14,122,4,2back_dual_main_click,2,Abbey-Road-Studio,38,37,75,120,60,,,,,,,,,,,20,02,yes,no,no,2025-08-18_16h47.41.980,EXNAT_4_TMS_Psychopy2024.2.5.psyexp,2024.2.5,2025-08-18 17h00.27.012906 +0200,
0,0,0,0,0,0,0,,,,,,,,,#2AB7EF,540.574404001236,False,space,correct rejection,None,857.6812744140625,text_14,123,4,2back_dual_main_click,2,mit,38,37,75,120,60,,,,,,,,,,,20,02,yes,no,no,2025-08-18_16h47.41.980,EXNAT_4_TMS_Psychopy2024.2.5.psyexp,2024.2.5,2025-08-18 17h00.27.012906 +0200,
0,0,0,0,0,0,0,,,,,,,,,#2AB7EF,541.471978187561,False,space,correct rejection,None,552.0272254943848,text_14,124,4,2back_dual_main_click,2,nur,38,37,75,120,60,,,,,,,,,,,20,02,yes,no,no,2025-08-18_16h47.41.980,EXNAT_4_TMS_Psychopy2024.2.5.psyexp,2024.2.5,2025-08-18 17h00.27.012906 +0200,
0,0,0,0,0,0,0,,,,,,,,,#D292F3,542.0650691986084,False,space,correct rejection,None,598.8709926605225,text_14,125,4,2back_dual_main_click,2,einem,39,37,76,120,60,542.1191885471344,,,,,,,,,,20,02,yes,no,no,2025-08-18_16h47.41.980,EXNAT_4_TMS_Psychopy2024.2.5.psyexp,2024.2.5,2025-08-18 17h00.27.012906 +0200,
0,0,0,0,0,0,0,,,,,,,,,#F989A2,542.7044734954834,False,space,correct rejection,None,759.4797611236572,text_14,126,4,2back_dual_main_click,2,Produzenten,39,37,76,120,60,,,,,,,,,,,20,02,yes,no,no,2025-08-18_16h47.41.980,EXNAT_4_TMS_Psychopy2024.2.5.psyexp,2024.2.5,2025-08-18 17h00.27.012906 +0200,
0,0,0,0,0,0,0,,,,,,,,,#88BA3F,543.5028655529022,False,space,correct rejection,None,520.9901332855225,text_14,127,4,2back_dual_main_click,2,auf.,39,37,76,120,60,,,,,,,,,,,20,02,yes,no,no,2025-08-18_16h47.41.980,EXNAT_4_TMS_Psychopy2024.2.5.psyexp,2024.2.5,2025-08-18 17h00.27.012906 +0200,
0,0,0,0,0,0,0,,,,,,,,,#F989A2,544.061163187027,True,space,miss,None,618.8561916351318,text_14,128,4,2back_dual_main_click,2,Die,39,37,76,120,60,,,,,,,,,,,20,02,yes,no,no,2025-08-18_16h47.41.980,EXNAT_4_TMS_Psychopy2024.2.5.psyexp,2024.2.5,2025-08-18 17h00.27.012906 +0200,
0,0,0,0,0,0,0,,,,,,,,,#2AB7EF,544.7190897464752,False,space,correct rejection,None,568.8872337341309,text_14,129,4,2back_dual_main_click,2,eindrucksvollen,39,37,76,120,60,,,,,,,,,,,20,02,yes,no,no,2025-08-18_16h47.41.980,EXNAT_4_TMS_Psychopy2024.2.5.psyexp,2024.2.5,2025-08-18 17h00.27.012906 +0200,
0,0,0,0,0,0,0,,,,,,,,,#D292F3,545.330689907074,False,space,correct rejection,None,901.2577533721924,text_14,130,4,2back_dual_main_click,2,Lieder,39,37,76,120,60,,,,,,,,,,,20,02,yes,no,no,2025-08-18_16h47.41.980,EXNAT_4_TMS_Psychopy2024.2.5.psyexp,2024.2.5,2025-08-18 17h00.27.012906 +0200,
0,0,0,0,0,0,0,,,,,,,,,#D292F3,546.2717549800873,False,space,correct rejection,None,712.0230197906494,text_14,131,4,2back_dual_main_click,2,erzählen,39,37,76,120,60,,,,,,,,,,,20,02,yes,no,no,2025-08-18_16h47.41.980,EXNAT_4_TMS_Psychopy2024.2.5.psyexp,2024.2.5,2025-08-18 17h00.27.012906 +0200,
0,0,0,0,0,0,0,,,,,,,,,#F989A2,547.0229544639587,False,space,correct rejection,None,601.0382175445557,text_14,132,4,2back_dual_main_click,2,von,39,37,76,120,60,,,,,,,,,,,20,02,yes,no,no,2025-08-18_16h47.41.980,EXNAT_4_TMS_Psychopy2024.2.5.psyexp,2024.2.5,2025-08-18 17h00.27.012906 +0200,
0,0,0,0,0,0,0,,,,,,,,,#88BA3F,547.6642875671387,False,space,correct rejection,None,711.6611003875732,text_14,133,4,2back_dual_main_click,2,"Verlust,",39,37,76,120,60,,,,,,,,,,,20,02,yes,no,no,2025-08-18_16h47.41.980,EXNAT_4_TMS_Psychopy2024.2.5.psyexp,2024.2.5,2025-08-18 17h00.27.012906 +0200,
0,0,0,0,0,0,0,,,,,,,,,#88BA3F,548.4163012504578,False,space,correct rejection,None,983.712911605835,text_14,134,4,2back_dual_main_click,2,Betrug,39,37,76,120,60,,,,,,,,,,,20,02,yes,no,no,2025-08-18_16h47.41.980,EXNAT_4_TMS_Psychopy2024.2.5.psyexp,2024.2.5,2025-08-18 17h00.27.012906 +0200,
0,0,0,0,0,0,0,,,,,,,,,#D292F3,549.4385409355164,False,space,correct rejection,None,601.4182567596436,text_14,135,4,2back_dual_main_click,2,und,39,37,76,120,60,,,,,,,,,,,20,02,yes,no,no,2025-08-18_16h47.41.980,EXNAT_4_TMS_Psychopy2024.2.5.psyexp,2024.2.5,2025-08-18 17h00.27.012906 +0200,
0,0,0,0,0,0,0,,,,,,,,,#2AB7EF,550.0790193080902,False,space,correct rejection,None,664.9773120880127,text_14,136,4,2back_dual_main_click,2,Trauer.,39,37,76,120,60,,,,,,,,,,,20,02,yes,no,no,2025-08-18_16h47.41.980,EXNAT_4_TMS_Psychopy2024.2.5.psyexp,2024.2.5,2025-08-18 17h00.27.012906 +0200,
0,0,0,0,0,0,0,,,,,,,,,#D292F3,550.7823412418365,True,space,miss,None,777.5013446807861,text_14,137,4,2back_dual_main_click,2,Das,39,38,77,120,60,550.8427712917328,,,,,,,,,,20,02,yes,no,no,2025-08-18_16h47.41.980,EXNAT_4_TMS_Psychopy2024.2.5.psyexp,2024.2.5,2025-08-18 17h00.27.012906 +0200,
0,0,0,0,0,0,0,,,,,,,,,#F989A2,551.5992999076843,False,space,correct rejection,None,680.490255355835,text_14,138,4,2back_dual_main_click,2,Magazin,39,38,77,120,60,,,,,,,,,,,20,02,yes,no,no,2025-08-18_16h47.41.980,EXNAT_4_TMS_Psychopy2024.2.5.psyexp,2024.2.5,2025-08-18 17h00.27.012906 +0200,
0,0,0,0,0,0,0,,,,,,,,,#2AB7EF,552.3202037811279,False,space,correct rejection,None,679.7490119934082,text_14,139,4,2back_dual_main_click,2,Rolling,39,38,77,120,60,,,,,,,,,,,20,02,yes,no,no,2025-08-18_16h47.41.980,EXNAT_4_TMS_Psychopy2024.2.5.psyexp,2024.2.5,2025-08-18 17h00.27.012906 +0200,
0,0,0,0,0,0,0,,,,,,,,,#D292F3,553.0400686264038,False,space,correct rejection,None,663.8627052307129,text_14,140,4,2back_dual_main_click,2,Stone,39,38,77,120,60,,,,,,,,,,,20,02,yes,no,no,2025-08-18_16h47.41.980,EXNAT_4_TMS_Psychopy2024.2.5.psyexp,2024.2.5,2025-08-18 17h00.27.012906 +0200,
0,0,0,0,0,0,0,,,,,,,,,#88BA3F,553.7459144592285,False,space,correct rejection,None,806.1008453369141,text_14,141,4,2back_dual_main_click,2,sieht,39,38,77,120,60,,,,,,,,,,,20,02,yes,no,no,2025-08-18_16h47.41.980,EXNAT_4_TMS_Psychopy2024.2.5.psyexp,2024.2.5,2025-08-18 17h00.27.012906 +0200,
0,0,0,0,0,0,0,,,,,,,,,#2AB7EF,554.591560125351,False,space,correct rejection,None,856.2440872192383,text_14,142,4,2back_dual_main_click,2,in,39,38,77,120,60,,,,,,,,,,,20,02,yes,no,no,2025-08-18_16h47.41.980,EXNAT_4_TMS_Psychopy2024.2.5.psyexp,2024.2.5,2025-08-18 17h00.27.012906 +0200,
0,0,0,0,0,0,0,,,,,,,,,#F989A2,555.4883332252502,False,space,correct rejection,None,871.7079162597656,text_14,143,4,2back_dual_main_click,2,ihr,40,38,78,120,60,555.8427374362946,,,,,,,,,,20,02,yes,no,no,2025-08-18_16h47.41.980,EXNAT_4_TMS_Psychopy2024.2.5.psyexp,2024.2.5,2025-08-18 17h00.27.012906 +0200,
0,0,0,0,0,0,0,,,,,,,,,#F989A2,556.3999981880188,False,space,correct rejection,None,760.0488662719727,text_14,144,4,2back_dual_main_click,2,eine,40,38,78,120,60,,,,,,,,,,,20,02,yes,no,no,2025-08-18_16h47.41.980,EXNAT_4_TMS_Psychopy2024.2.5.psyexp,2024.2.5,2025-08-18 17h00.27.012906 +0200,
0,0,0,0,0,0,0,,,,,,,,,#2AB7EF,557.2008633613586,False,space,correct rejection,None,679.1672706604004,text_14,145,4,2back_dual_main_click,2,Künstlerin,40,38,78,120,60,,,,,,,,,,,20,02,yes,no,no,2025-08-18_16h47.41.980,EXNAT_4_TMS_Psychopy2024.2.5.psyexp,2024.2.5,2025-08-18 17h00.27.012906 +0200,
0,0,0,0,0,0,0,,,,,,,,,#2AB7EF,557.920548915863,False,space,correct rejection,None,599.40505027771,text_14,146,4,2back_dual_main_click,2,mit,40,38,78,120,60,,,,,,,,,,,20,02,yes,no,no,2025-08-18_16h47.41.980,EXNAT_4_TMS_Psychopy2024.2.5.psyexp,2024.2.5,2025-08-18 17h00.27.012906 +0200,
0,0,0,0,0,0,0,,,,,,,,,#88BA3F,558.5591135025024,False,space,correct rejection,None,696.8481540679932,text_14,147,4,2back_dual_main_click,2,Potenzial,40,38,78,120,60,,,,,,,,,,,20,02,yes,no,no,2025-08-18_16h47.41.980,EXNAT_4_TMS_Psychopy2024.2.5.psyexp,2024.2.5,2025-08-18 17h00.27.012906 +0200,
0,0,0,0,0,0,0,,,,,,,,,#F989A2,559.2962779998779,False,space,correct rejection,None,615.6980991363525,text_14,148,4,2back_dual_main_click,2,für,40,38,78,120,60,,,,,,,,,,,20,02,yes,no,no,2025-08-18_16h47.41.980,EXNAT_4_TMS_Psychopy2024.2.5.psyexp,2024.2.5,2025-08-18 17h00.27.012906 +0200,
0,0,0,0,0,0,0,,,,,,,,,#F989A2,559.9510951042175,False,space,correct rejection,None,696.8655586242676,text_14,149,4,2back_dual_main_click,2,weltweiten,40,38,78,120,60,,,,,,,,,,,20,02,yes,no,no,2025-08-18_16h47.41.980,EXNAT_4_TMS_Psychopy2024.2.5.psyexp,2024.2.5,2025-08-18 17h00.27.012906 +0200,
0,0,0,0,0,0,0,,,,,,,,,#D292F3,560.6873025894165,False,space,correct rejection,None,680.4695129394531,text_14,150,4,2back_dual_main_click,2,Ruhm.,40,38,78,120,60,,,,,,,,,,,20,02,yes,no,no,2025-08-18_16h47.41.980,EXNAT_4_TMS_Psychopy2024.2.5.psyexp,2024.2.5,2025-08-18 17h00.27.012906 +0200,
0,0,0,0,0,0,0,,,,,,,,,,561.4223027229309,,1,,,,text_14,,4,2back_dual_main_click,,,,,,,,,Q1,a,True,,,,,,,20,02,yes,no,no,2025-08-18_16h47.41.980,EXNAT_4_TMS_Psychopy2024.2.5.psyexp,2024.2.5,2025-08-18 17h00.27.012906 +0200,
0,0,0,0,0,0,0,,,,,,,,,,566.911285161972,,2,,,,text_14,,4,2back_dual_main_click,,,,,,,,,Q2,b,True,,,,,,,20,02,yes,no,no,2025-08-18_16h47.41.980,EXNAT_4_TMS_Psychopy2024.2.5.psyexp,2024.2.5,2025-08-18 17h00.27.012906 +0200,
0,0,0,0,0,0,0,,,,,,,,,,575.8877675533295,,3,,,,text_14,,4,2back_dual_main_click,,,,,,,,,Q3,c,True,,,,,,,20,02,yes,no,no,2025-08-18_16h47.41.980,EXNAT_4_TMS_Psychopy2024.2.5.psyexp,2024.2.5,2025-08-18 17h00.27.012906 +0200,
0,0,0,0,0,0,0,,,,,,,,,#F989A2,583.4956204891205,False,space,correct rejection,None,768.4881687164307,text_04,1,5,2back_dual_main_click,2,Jerry,40,38,78,120,60,,,,,,,,,,,20,02,yes,no,no,2025-08-18_16h47.41.980,EXNAT_4_TMS_Psychopy2024.2.5.psyexp,2024.2.5,2025-08-18 17h00.27.012906 +0200,
0,0,0,0,0,0,0,,,,,,,,,#2AB7EF,584.2964634895325,False,space,correct rejection,None,879.5726299285889,text_04,2,5,2back_dual_main_click,2,Robinson,40,38,78,120,60,,,,,,,,,,,20,02,yes,no,no,2025-08-18_16h47.41.980,EXNAT_4_TMS_Psychopy2024.2.5.psyexp,2024.2.5,2025-08-18 17h00.27.012906 +0200,
0,0,0,0,0,0,0,,,,,,,,,#88BA3F,585.2157328128815,False,space,correct rejection,None,616.368293762207,text_04,3,5,2back_dual_main_click,2,war,40,38,78,120,60,,,,,,,,,,,20,02,yes,no,no,2025-08-18_16h47.41.980,EXNAT_4_TMS_Psychopy2024.2.5.psyexp,2024.2.5,2025-08-18 17h00.27.012906 +0200,
0,0,0,0,0,0,0,,,,,,,,,#2AB7EF,585.8727533817291,True,space,miss,None,631.3068866729736,text_04,4,5,2back_dual_main_click,2,erst,40,39,79,120,60,585.926812171936,,,,,,,,,,20,02,yes,no,no,2025-08-18_16h47.41.980,EXNAT_4_TMS_Psychopy2024.2.5.psyexp,2024.2.5,2025-08-18 17h00.27.012906 +0200,
0,0,0,0,0,0,0,,,,,,,,,#2AB7EF,586.5433900356293,False,space,correct rejection,None,600.6600856781006,text_04,5,5,2back_dual_main_click,2,17,40,39,79,120,60,,,,,,,,,,,20,02,yes,no,no,2025-08-18_16h47.41.980,EXNAT_4_TMS_Psychopy2024.2.5.psyexp,2024.2.5,2025-08-18 17h00.27.012906 +0200,
0,0,0,0,0,0,0,,,,,,,,,#88BA3F,587.1838004589081,False,space,correct rejection,None,568.1772232055664,text_04,6,5,2back_dual_main_click,2,Jahre,40,39,79,120,60,,,,,,,,,,,20,02,yes,no,no,2025-08-18_16h47.41.980,EXNAT_4_TMS_Psychopy2024.2.5.psyexp,2024.2.5,2025-08-18 17h00.27.012906 +0200,
0,0,0,0,0,0,0,,,,,,,,,#F989A2,587.791974067688,False,space,correct rejection,None,488.09194564819336,text_04,7,5,2back_dual_main_click,2,"alt,",40,39,79,120,60,,,,,,,,,,,20,02,yes,no,no,2025-08-18_16h47.41.980,EXNAT_4_TMS_Psychopy2024.2.5.psyexp,2024.2.5,2025-08-18 17h00.27.012906 +0200,
0,0,0,0,0,0,0,,,,,,,,,#D292F3,588.3185787200928,False,space,correct rejection,None,553.3316135406494,text_04,8,5,2back_dual_main_click,2,als,40,39,79,120,60,,,,,,,,,,,20,02,yes,no,no,2025-08-18_16h47.41.980,EXNAT_4_TMS_Psychopy2024.2.5.psyexp,2024.2.5,2025-08-18 17h00.27.012906 +0200,
0,0,0,0,0,0,0,,,,,,,,,#88BA3F,588.9097213745117,False,space,correct rejection,None,522.3500728607178,text_04,9,5,2back_dual_main_click,2,er,40,39,79,120,60,,,,,,,,,,,20,02,yes,no,no,2025-08-18_16h47.41.980,EXNAT_4_TMS_Psychopy2024.2.5.psyexp,2024.2.5,2025-08-18 17h00.27.012906 +0200,
0,0,0,0,0,0,0,,,,,,,,,#F989A2,589.4725530147552,False,space,correct rejection,None,519.4685459136963,text_04,10,5,2back_dual_main_click,2,Bob,40,39,79,120,60,,,,,,,,,,,20,02,yes,no,no,2025-08-18_16h47.41.980,EXNAT_4_TMS_Psychopy2024.2.5.psyexp,2024.2.5,2025-08-18 17h00.27.012906 +0200,
0,0,0,0,0,0,0,,,,,,,,,#D292F3,590.0330748558044,False,space,correct rejection,None,710.91628074646,text_04,11,5,2back_dual_main_click,2,Kane,40,39,79,120,60,,,,,,,,,,,20,02,yes,no,no,2025-08-18_16h47.41.980,EXNAT_4_TMS_Psychopy2024.2.5.psyexp,2024.2.5,2025-08-18 17h00.27.012906 +0200,
0,0,0,0,0,0,0,,,,,,,,,#D292F3,590.7842924594879,False,space,correct rejection,None,695.8281993865967,text_04,12,5,2back_dual_main_click,2,"traf,",41,39,80,120,60,590.9267876148224,,,,,,,,,,20,02,yes,no,no,2025-08-18_16h47.41.980,EXNAT_4_TMS_Psychopy2024.2.5.psyexp,2024.2.5,2025-08-18 17h00.27.012906 +0200,
0,0,0,0,0,0,0,,,,,,,,,#88BA3F,591.520170211792,False,space,correct rejection,None,615.922212600708,text_04,13,5,2back_dual_main_click,2,den,41,39,80,120,60,,,,,,,,,,,20,02,yes,no,no,2025-08-18_16h47.41.980,EXNAT_4_TMS_Psychopy2024.2.5.psyexp,2024.2.5,2025-08-18 17h00.27.012906 +0200,
0,0,0,0,0,0,0,,,,,,,,,#88BA3F,592.1755981445312,False,space,correct rejection,None,616.5182590484619,text_04,14,5,2back_dual_main_click,2,Schöpfer,41,39,80,120,60,,,,,,,,,,,20,02,yes,no,no,2025-08-18_16h47.41.980,EXNAT_4_TMS_Psychopy2024.2.5.psyexp,2024.2.5,2025-08-18 17h00.27.012906 +0200,
0,0,0,0,0,0,0,,,,,,,,,#F989A2,592.832706451416,False,space,correct rejection,None,567.298173904419,text_04,15,5,2back_dual_main_click,2,von,41,39,80,120,60,,,,,,,,,,,20,02,yes,no,no,2025-08-18_16h47.41.980,EXNAT_4_TMS_Psychopy2024.2.5.psyexp,2024.2.5,2025-08-18 17h00.27.012906 +0200,
0,0,0,0,0,0,0,,,,,,,,,#F989A2,593.4401881694794,False,space,correct rejection,None,807.9521656036377,text_04,16,5,2back_dual_main_click,2,""Batman."",41,39,80,120,60,,,,,,,,,,,20,02,yes,no,no,2025-08-18_16h47.41.980,EXNAT_4_TMS_Psychopy2024.2.5.psyexp,2024.2.5,2025-08-18 17h00.27.012906 +0200,
0,0,0,0,0,0,0,,,,,,,,,#D292F3,594.2869069576263,False,space,correct rejection,None,617.2339916229248,text_04,17,5,2back_dual_main_click,2,Sie,41,39,80,120,60,,,,,,,,,,,20,02,yes,no,no,2025-08-18_16h47.41.980,EXNAT_4_TMS_Psychopy2024.2.5.psyexp,2024.2.5,2025-08-18 17h00.27.012906 +0200,
0,0,0,0,0,0,0,,,,,,,,,#2AB7EF,594.9449727535248,False,space,correct rejection,None,551.1636734008789,text_04,18,5,2back_dual_main_click,2,begegneten,41,39,80,120,60,,,,,,,,,,,20,02,yes,no,no,2025-08-18_16h47.41.980,EXNAT_4_TMS_Psychopy2024.2.5.psyexp,2024.2.5,2025-08-18 17h00.27.012906 +0200,
0,0,0,0,0,0,0,,,,,,,,,#2AB7EF,595.5354835987091,False,space,correct rejection,None,584.7008228302002,text_04,19,5,2back_dual_main_click,2,sich,41,39,80,120,60,,,,,,,,,,,20,02,yes,no,no,2025-08-18_16h47.41.980,EXNAT_4_TMS_Psychopy2024.2.5.psyexp,2024.2.5,2025-08-18 17h00.27.012906 +0200,
0,0,0,0,0,0,0,,,,,,,,,#D292F3,596.1631298065186,False,space,correct rejection,None,565.0577545166016,text_04,20,5,2back_dual_main_click,2,zufällig,41,39,80,120,60,,,,,,,,,,,20,02,yes,no,no,2025-08-18_16h47.41.980,EXNAT_4_TMS_Psychopy2024.2.5.psyexp,2024.2.5,2025-08-18 17h00.27.012906 +0200,
0,0,0,0,0,0,0,,,,,,,,,#F989A2,596.7656621932983,False,space,correct rejection,None,586.1897468566895,text_04,21,5,2back_dual_main_click,2,in,41,39,80,120,60,,,,,,,,,,,20,02,yes,no,no,2025-08-18_16h47.41.980,EXNAT_4_TMS_Psychopy2024.2.5.psyexp,2024.2.5,2025-08-18 17h00.27.012906 +0200,
0,0,0,0,0,0,0,,,,,,,,,#2AB7EF,597.3927090167999,False,space,correct rejection,None,711.4202976226807,text_04,22,5,2back_dual_main_click,2,einem,41,39,80,120,60,,,,,,,,,,,20,02,yes,no,no,2025-08-18_16h47.41.980,EXNAT_4_TMS_Psychopy2024.2.5.psyexp,2024.2.5,2025-08-18 17h00.27.012906 +0200,
0,0,0,0,0,0,0,,,,,,,,,#D292F3,598.1473708152771,False,space,correct rejection,None,916.6748523712158,text_04,23,5,2back_dual_main_click,2,Ausflugsgebiet,41,39,80,120,60,,,,,,,,,,,20,02,yes,no,no,2025-08-18_16h47.41.980,EXNAT_4_TMS_Psychopy2024.2.5.psyexp,2024.2.5,2025-08-18 17h00.27.012906 +0200,
0,0,0,0,0,0,0,,,,,,,,,#88BA3F,599.1016671657562,False,space,correct rejection,None,1258.4195137023926,text_04,24,5,2back_dual_main_click,2,in,41,39,80,120,60,,,,,,,,,,,20,02,yes,no,no,2025-08-18_16h47.41.980,EXNAT_4_TMS_Psychopy2024.2.5.psyexp,2024.2.5,2025-08-18 17h00.27.012906 +0200,
0,0,0,0,0,0,0,,,,,,,,,#F989A2,600.4173171520233,False,space,correct rejection,None,870.7947731018066,text_04,25,5,2back_dual_main_click,2,Pennsylvania.,41,39,80,120,60,,,,,,,,,,,20,02,yes,no,no,2025-08-18_16h47.41.980,EXNAT_4_TMS_Psychopy2024.2.5.psyexp,2024.2.5,2025-08-18 17h00.27.012906 +0200,
0,0,0,0,0,0,0,,,,,,,,,#D292F3,601.3277719020844,False,space,correct rejection,None,600.3270149230957,text_04,26,5,2back_dual_main_click,2,Um,41,39,80,120,60,,,,,,,,,,,20,02,yes,no,no,2025-08-18_16h47.41.980,EXNAT_4_TMS_Psychopy2024.2.5.psyexp,2024.2.5,2025-08-18 17h00.27.012906 +0200,
0,0,0,0,0,0,0,,,,,,,,,#88BA3F,601.967520236969,False,space,correct rejection,None,600.5725860595703,text_04,27,5,2back_dual_main_click,2,ihn,41,39,80,120,60,,,,,,,,,,,20,02,yes,no,no,2025-08-18_16h47.41.980,EXNAT_4_TMS_Psychopy2024.2.5.psyexp,2024.2.5,2025-08-18 17h00.27.012906 +0200,
0,0,0,0,0,0,0,,,,,,,,,#2AB7EF,602.6080973148346,False,space,correct rejection,None,664.0214920043945,text_04,28,5,2back_dual_main_click,2,zu,41,39,80,120,60,,,,,,,,,,,20,02,yes,no,no,2025-08-18_16h47.41.980,EXNAT_4_TMS_Psychopy2024.2.5.psyexp,2024.2.5,2025-08-18 17h00.27.012906 +0200,
0,0,0,0,0,0,0,,,,,,,,,#88BA3F,603.3135907649994,True,l,hit,502.4993419647217,1014.4288539886475,text_04,29,5,2back_dual_main_click,2,"beeindrucken,",41,40,81,120,60,603.3681902885437,,,,,,,,,,20,02,yes,no,no,2025-08-18_16h47.41.980,EXNAT_4_TMS_Psychopy2024.2.5.psyexp,2024.2.5,2025-08-18 17h00.27.012906 +0200,
0,0,0,0,0,0,0,,,,,,,,,#88BA3F,604.3686301708221,False,space,correct rejection,None,711.4095687866211,text_04,30,5,2back_dual_main_click,2,zeichnete,41,40,81,120,60,,,,,,,,,,,20,02,yes,no,no,2025-08-18_16h47.41.980,EXNAT_4_TMS_Psychopy2024.2.5.psyexp,2024.2.5,2025-08-18 17h00.27.012906 +0200,
0,0,0,0,0,0,0,,,,,,,,,#F989A2,605.1212749481201,False,space,correct rejection,None,582.8068256378174,text_04,31,5,2back_dual_main_click,2,Robinson,41,40,81,120,60,,,,,,,,,,,20,02,yes,no,no,2025-08-18_16h47.41.980,EXNAT_4_TMS_Psychopy2024.2.5.psyexp,2024.2.5,2025-08-18 17h00.27.012906 +0200,
0,0,0,0,0,0,0,,,,,,,,,#D292F3,605.7438464164734,False,space,correct rejection,None,584.2335224151611,text_04,32,5,2back_dual_main_click,2,kurzerhand,41,40,81,120,60,,,,,,,,,,,20,02,yes,no,no,2025-08-18_16h47.41.980,EXNAT_4_TMS_Psychopy2024.2.5.psyexp,2024.2.5,2025-08-18 17h00.27.012906 +0200,
0,0,0,0,0,0,0,,,,,,,,,#2AB7EF,606.3681163787842,False,space,correct rejection,None,583.9755535125732,text_04,33,5,2back_dual_main_click,2,auf,41,40,81,120,60,,,,,,,,,,,20,02,yes,no,no,2025-08-18_16h47.41.980,EXNAT_4_TMS_Psychopy2024.2.5.psyexp,2024.2.5,2025-08-18 17h00.27.012906 +0200,
0,0,0,0,0,0,0,,,,,,,,,#D292F3,606.9901299476624,True,space,miss,None,649.9810218811035,text_04,34,5,2back_dual_main_click,2,seiner,41,40,81,120,60,,,,,,,,,,,20,02,yes,no,no,2025-08-18_16h47.41.980,EXNAT_4_TMS_Psychopy2024.2.5.psyexp,2024.2.5,2025-08-18 17h00.27.012906 +0200,
0,0,0,0,0,0,0,,,,,,,,,#2AB7EF,607.6806950569153,True,space,miss,None,983.4167957305908,text_04,35,5,2back_dual_main_click,2,Jacke.,41,41,82,120,60,608.3681101799011,,,,,,,,,,20,02,yes,no,no,2025-08-18_16h47.41.980,EXNAT_4_TMS_Psychopy2024.2.5.psyexp,2024.2.5,2025-08-18 17h00.27.012906 +0200,
0,0,0,0,0,0,0,,,,,,,,,#F989A2,608.7042605876923,False,space,correct rejection,None,711.8089199066162,text_04,36,5,2back_dual_main_click,2,Kane,41,41,82,120,60,,,,,,,,,,,20,02,yes,no,no,2025-08-18_16h47.41.980,EXNAT_4_TMS_Psychopy2024.2.5.psyexp,2024.2.5,2025-08-18 17h00.27.012906 +0200,
0,0,0,0,0,0,0,,,,,,,,,#F989A2,609.4550094604492,False,space,correct rejection,None,617.1567440032959,text_04,37,5,2back_dual_main_click,2,war,41,41,82,120,60,,,,,,,,,,,20,02,yes,no,no,2025-08-18_16h47.41.980,EXNAT_4_TMS_Psychopy2024.2.5.psyexp,2024.2.5,2025-08-18 17h00.27.012906 +0200,
0,0,0,0,0,0,0,,,,,,,,,#F989A2,610.1109535694122,True,l,hit,537.1747016906738,1032.888650894165,text_04,38,5,2back_dual_main_click,2,beeindruckt,41,41,82,120,60,,,,,,,,,,,20,02,yes,no,no,2025-08-18_16h47.41.980,EXNAT_4_TMS_Psychopy2024.2.5.psyexp,2024.2.5,2025-08-18 17h00.27.012906 +0200,
0,0,0,0,0,0,0,,,,,,,,,#2AB7EF,611.1832370758057,False,space,correct rejection,None,600.9540557861328,text_04,39,5,2back_dual_main_click,2,und,41,41,82,120,60,,,,,,,,,,,20,02,yes,no,no,2025-08-18_16h47.41.980,EXNAT_4_TMS_Psychopy2024.2.5.psyexp,2024.2.5,2025-08-18 17h00.27.012906 +0200,
0,0,0,0,0,0,0,,,,,,,,,#F989A2,611.8240730762482,True,l,hit,680.0649166107178,1128.0055046081543,text_04,40,5,2back_dual_main_click,2,stellte,41,41,82,120,60,,,,,,,,,,,20,02,yes,no,no,2025-08-18_16h47.41.980,EXNAT_4_TMS_Psychopy2024.2.5.psyexp,2024.2.5,2025-08-18 17h00.27.012906 +0200,
0,0,0,0,0,0,0,,,,,,,,,#2AB7EF,612.9920537471771,True,l,hit,488.145112991333,952.0735740661621,text_04,41,5,2back_dual_main_click,2,ihn,41,42,83,120,60,613.3681907653809,,,,,,,,,,20,02,yes,no,no,2025-08-18_16h47.41.980,EXNAT_4_TMS_Psychopy2024.2.5.psyexp,2024.2.5,2025-08-18 17h00.27.012906 +0200,
0,0,0,0,0,0,0,,,,,,,,,#88BA3F,613.9860348701477,False,space,correct rejection,None,630.0337314605713,text_04,42,5,2back_dual_main_click,2,ein.,41,42,83,120,60,,,,,,,,,,,20,02,yes,no,no,2025-08-18_16h47.41.980,EXNAT_4_TMS_Psychopy2024.2.5.psyexp,2024.2.5,2025-08-18 17h00.27.012906 +0200,
0,0,0,0,0,0,0,,,,,,,,,#D292F3,614.6553394794464,False,space,correct rejection,None,616.7078018188477,text_04,43,5,2back_dual_main_click,2,Ab,41,42,83,120,60,,,,,,,,,,,20,02,yes,no,no,2025-08-18_16h47.41.980,EXNAT_4_TMS_Psychopy2024.2.5.psyexp,2024.2.5,2025-08-18 17h00.27.012906 +0200,
0,0,0,0,0,0,0,,,,,,,,,#D292F3,615.3129031658173,False,space,correct rejection,None,567.0907497406006,text_04,44,5,2back_dual_main_click,2,der,41,42,83,120,60,,,,,,,,,,,20,02,yes,no,no,2025-08-18_16h47.41.980,EXNAT_4_TMS_Psychopy2024.2.5.psyexp,2024.2.5,2025-08-18 17h00.27.012906 +0200,
0,0,0,0,0,0,0,,,,,,,,,#88BA3F,615.917882680893,False,space,correct rejection,None,585.9863758087158,text_04,45,5,2back_dual_main_click,2,dritten,41,42,83,120,60,,,,,,,,,,,20,02,yes,no,no,2025-08-18_16h47.41.980,EXNAT_4_TMS_Psychopy2024.2.5.psyexp,2024.2.5,2025-08-18 17h00.27.012906 +0200,
0,0,0,0,0,0,0,,,,,,,,,#D292F3,616.5471274852753,True,space,miss,None,852.9033660888672,text_04,46,5,2back_dual_main_click,2,Batman-Ausgabe,41,42,83,120,60,,,,,,,,,,,20,02,yes,no,no,2025-08-18_16h47.41.980,EXNAT_4_TMS_Psychopy2024.2.5.psyexp,2024.2.5,2025-08-18 17h00.27.012906 +0200,
0,0,0,0,0,0,0,,,,,,,,,#2AB7EF,617.4390063285828,False,space,correct rejection,None,761.0363960266113,text_04,47,5,2back_dual_main_click,2,arbeitete,41,42,83,120,60,,,,,,,,,,,20,02,yes,no,no,2025-08-18_16h47.41.980,EXNAT_4_TMS_Psychopy2024.2.5.psyexp,2024.2.5,2025-08-18 17h00.27.012906 +0200,
0,0,0,0,0,0,0,,,,,,,,,#88BA3F,618.2388138771057,False,space,correct rejection,None,873.2144832611084,text_04,48,5,2back_dual_main_click,2,Robinson,42,42,84,120,60,618.3681666851044,,,,,,,,,,20,02,yes,no,no,2025-08-18_16h47.41.980,EXNAT_4_TMS_Psychopy2024.2.5.psyexp,2024.2.5,2025-08-18 17h00.27.012906 +0200,
0,0,0,0,0,0,0,,,,,,,,,#D292F3,619.1515192985535,False,space,correct rejection,None,552.5164604187012,text_04,49,5,2back_dual_main_click,2,als,42,42,84,120,60,,,,,,,,,,,20,02,yes,no,no,2025-08-18_16h47.41.980,EXNAT_4_TMS_Psychopy2024.2.5.psyexp,2024.2.5,2025-08-18 17h00.27.012906 +0200,
0,0,0,0,0,0,0,,,,,,,,,#2AB7EF,619.7441916465759,False,space,correct rejection,None,727.9303073883057,text_04,50,5,2back_dual_main_click,2,Hauptzeichner.,42,42,84,120,60,,,,,,,,,,,20,02,yes,no,no,2025-08-18_16h47.41.980,EXNAT_4_TMS_Psychopy2024.2.5.psyexp,2024.2.5,2025-08-18 17h00.27.012906 +0200,
0,0,0,0,0,0,0,,,,,,,,,#2AB7EF,620.5103852748871,False,space,correct rejection,None,729.7348976135254,text_04,51,5,2back_dual_main_click,2,Tagsüber,42,42,84,120,60,,,,,,,,,,,20,02,yes,no,no,2025-08-18_16h47.41.980,EXNAT_4_TMS_Psychopy2024.2.5.psyexp,2024.2.5,2025-08-18 17h00.27.012906 +0200,
0,0,0,0,0,0,0,,,,,,,,,#F989A2,621.2795763015747,False,space,correct rejection,None,808.2883358001709,text_04,52,5,2back_dual_main_click,2,studierte,42,42,84,120,60,,,,,,,,,,,20,02,yes,no,no,2025-08-18_16h47.41.980,EXNAT_4_TMS_Psychopy2024.2.5.psyexp,2024.2.5,2025-08-18 17h00.27.012906 +0200,
0,0,0,0,0,0,0,,,,,,,,,#F989A2,622.1284279823303,False,space,correct rejection,None,503.6733150482178,text_04,53,5,2back_dual_main_click,2,er,42,42,84,120,60,,,,,,,,,,,20,02,yes,no,no,2025-08-18_16h47.41.980,EXNAT_4_TMS_Psychopy2024.2.5.psyexp,2024.2.5,2025-08-18 17h00.27.012906 +0200,
0,0,0,0,0,0,0,,,,,,,,,#88BA3F,622.6715953350067,False,space,correct rejection,None,744.4009780883789,text_04,54,5,2back_dual_main_click,2,"Journalismus,",42,42,84,120,60,,,,,,,,,,,20,02,yes,no,no,2025-08-18_16h47.41.980,EXNAT_4_TMS_Psychopy2024.2.5.psyexp,2024.2.5,2025-08-18 17h00.27.012906 +0200,
0,0,0,0,0,0,0,,,,,,,,,#2AB7EF,623.4562876224518,False,space,correct rejection,None,711.5950584411621,text_04,55,5,2back_dual_main_click,2,nachts,43,42,85,120,60,623.5107061862946,,,,,,,,,,20,02,yes,no,no,2025-08-18_16h47.41.980,EXNAT_4_TMS_Psychopy2024.2.5.psyexp,2024.2.5,2025-08-18 17h00.27.012906 +0200,
0,0,0,0,0,0,0,,,,,,,,,#88BA3F,624.2056591510773,True,l,hit,682.3225021362305,1162.327766418457,text_04,56,5,2back_dual_main_click,2,zeichnete,43,42,85,120,60,,,,,,,,,,,20,02,yes,no,no,2025-08-18_16h47.41.980,EXNAT_4_TMS_Psychopy2024.2.5.psyexp,2024.2.5,2025-08-18 17h00.27.012906 +0200,
0,0,0,0,0,0,0,,,,,,,,,#D292F3,625.4082906246185,False,space,correct rejection,None,599.7354984283447,text_04,57,5,2back_dual_main_click,2,er,43,42,85,120,60,,,,,,,,,,,20,02,yes,no,no,2025-08-18_16h47.41.980,EXNAT_4_TMS_Psychopy2024.2.5.psyexp,2024.2.5,2025-08-18 17h00.27.012906 +0200,
0,0,0,0,0,0,0,,,,,,,,,#88BA3F,626.049066066742,True,l,hit,630.9747695922852,1126.9304752349854,text_04,58,5,2back_dual_main_click,2,Comics.,43,42,85,120,60,,,,,,,,,,,20,02,yes,no,no,2025-08-18_16h47.41.980,EXNAT_4_TMS_Psychopy2024.2.5.psyexp,2024.2.5,2025-08-18 17h00.27.012906 +0200,
0,0,0,0,0,0,0,,,,,,,,,#F989A2,627.217542886734,False,space,correct rejection,None,582.5066566467285,text_04,59,5,2back_dual_main_click,2,Er,43,42,85,120,60,,,,,,,,,,,20,02,yes,no,no,2025-08-18_16h47.41.980,EXNAT_4_TMS_Psychopy2024.2.5.psyexp,2024.2.5,2025-08-18 17h00.27.012906 +0200,
0,0,0,0,0,0,0,,,,,,,,,#D292F3,627.8401663303375,False,space,correct rejection,None,535.9609127044678,text_04,60,5,2back_dual_main_click,2,erfand,43,42,85,120,60,,,,,,,,,,,20,02,yes,no,no,2025-08-18_16h47.41.980,EXNAT_4_TMS_Psychopy2024.2.5.psyexp,2024.2.5,2025-08-18 17h00.27.012906 +0200,
0,0,0,0,0,0,0,,,,,,,,,#2AB7EF,628.4169464111328,False,space,correct rejection,None,583.0175876617432,text_04,61,5,2back_dual_main_click,2,Figuren,43,42,85,120,60,,,,,,,,,,,20,02,yes,no,no,2025-08-18_16h47.41.980,EXNAT_4_TMS_Psychopy2024.2.5.psyexp,2024.2.5,2025-08-18 17h00.27.012906 +0200,
0,0,0,0,0,0,0,,,,,,,,,#D292F3,629.0377180576324,True,space,miss,None,618.3798313140869,text_04,62,5,2back_dual_main_click,2,wie,43,43,86,120,60,629.0971879959106,,,,,,,,,,20,02,yes,no,no,2025-08-18_16h47.41.980,EXNAT_4_TMS_Psychopy2024.2.5.psyexp,2024.2.5,2025-08-18 17h00.27.012906 +0200,
0,0,0,0,0,0,0,,,,,,,,,#2AB7EF,629.6957244873047,True,l,hit,456.3577175140381,888.2753849029541,text_04,63,5,2back_dual_main_click,2,den,43,43,86,120,60,,,,,,,,,,,20,02,yes,no,no,2025-08-18_16h47.41.980,EXNAT_4_TMS_Psychopy2024.2.5.psyexp,2024.2.5,2025-08-18 17h00.27.012906 +0200,
0,0,0,0,0,0,0,,,,,,,,,#2AB7EF,630.6231937408447,False,space,correct rejection,None,856.8377494812012,text_04,64,5,2back_dual_main_click,2,Butler,43,43,86,120,60,,,,,,,,,,,20,02,yes,no,no,2025-08-18_16h47.41.980,EXNAT_4_TMS_Psychopy2024.2.5.psyexp,2024.2.5,2025-08-18 17h00.27.012906 +0200,
0,0,0,0,0,0,0,,,,,,,,,#D292F3,631.5206477642059,False,space,correct rejection,None,935.4641437530518,text_04,65,5,2back_dual_main_click,2,Alfred,43,43,86,120,60,,,,,,,,,,,20,02,yes,no,no,2025-08-18_16h47.41.980,EXNAT_4_TMS_Psychopy2024.2.5.psyexp,2024.2.5,2025-08-18 17h00.27.012906 +0200,
0,0,0,0,0,0,0,,,,,,,,,#F989A2,632.4963603019714,False,space,correct rejection,None,631.6759586334229,text_04,66,5,2back_dual_main_click,2,und,43,43,86,120,60,,,,,,,,,,,20,02,yes,no,no,2025-08-18_16h47.41.980,EXNAT_4_TMS_Psychopy2024.2.5.psyexp,2024.2.5,2025-08-18 17h00.27.012906 +0200,
0,0,0,0,0,0,0,,,,,,,,,#88BA3F,633.1695246696472,False,space,correct rejection,None,566.5357112884521,text_04,67,5,2back_dual_main_click,2,Batmans,43,43,86,120,60,,,,,,,,,,,20,02,yes,no,no,2025-08-18_16h47.41.980,EXNAT_4_TMS_Psychopy2024.2.5.psyexp,2024.2.5,2025-08-18 17h00.27.012906 +0200,
0,0,0,0,0,0,0,,,,,,,,,#88BA3F,633.7778956890106,False,space,correct rejection,None,726.1700630187988,text_04,68,5,2back_dual_main_click,2,Helfer,44,43,87,120,60,634.0971071720123,,,,,,,,,,20,02,yes,no,no,2025-08-18_16h47.41.980,EXNAT_4_TMS_Psychopy2024.2.5.psyexp,2024.2.5,2025-08-18 17h00.27.012906 +0200,
0,0,0,0,0,0,0,,,,,,,,,#D292F3,634.5431735515594,False,space,correct rejection,None,824.8403072357178,text_04,69,5,2back_dual_main_click,2,Robin.,44,43,87,120,60,,,,,,,,,,,20,02,yes,no,no,2025-08-18_16h47.41.980,EXNAT_4_TMS_Psychopy2024.2.5.psyexp,2024.2.5,2025-08-18 17h00.27.012906 +0200,
0,0,0,0,0,0,0,,,,,,,,,#F989A2,635.4072916507721,False,space,correct rejection,None,888.8661861419678,text_04,70,5,2back_dual_main_click,2,Auch,44,43,87,120,60,,,,,,,,,,,20,02,yes,no,no,2025-08-18_16h47.41.980,EXNAT_4_TMS_Psychopy2024.2.5.psyexp,2024.2.5,2025-08-18 17h00.27.012906 +0200,
0,0,0,0,0,0,0,,,,,,,,,#88BA3F,636.3369617462158,False,space,correct rejection,None,551.0721206665039,text_04,71,5,2back_dual_main_click,2,der,44,43,87,120,60,,,,,,,,,,,20,02,yes,no,no,2025-08-18_16h47.41.980,EXNAT_4_TMS_Psychopy2024.2.5.psyexp,2024.2.5,2025-08-18 17h00.27.012906 +0200,
0,0,0,0,0,0,0,,,,,,,,,#F989A2,636.9286060333252,True,l,hit,487.4131679534912,935.3554248809814,text_04,72,5,2back_dual_main_click,2,Joker,44,43,87,120,60,,,,,,,,,,,20,02,yes,no,no,2025-08-18_16h47.41.980,EXNAT_4_TMS_Psychopy2024.2.5.psyexp,2024.2.5,2025-08-18 17h00.27.012906 +0200,
0,0,0,0,0,0,0,,,,,,,,,#2AB7EF,637.9046165943146,False,space,correct rejection,None,567.4841403961182,text_04,73,5,2back_dual_main_click,2,wurde,44,43,87,120,60,,,,,,,,,,,20,02,yes,no,no,2025-08-18_16h47.41.980,EXNAT_4_TMS_Psychopy2024.2.5.psyexp,2024.2.5,2025-08-18 17h00.27.012906 +0200,
0,0,0,0,0,0,0,,,,,,,,,#F989A2,638.51260638237,True,l,hit,599.5197296142578,1127.4480819702148,text_04,74,5,2back_dual_main_click,2,eingeführt.,44,43,87,120,60,,,,,,,,,,,20,02,yes,no,no,2025-08-18_16h47.41.980,EXNAT_4_TMS_Psychopy2024.2.5.psyexp,2024.2.5,2025-08-18 17h00.27.012906 +0200,
0,0,0,0,0,0,0,,,,,,,,,#2AB7EF,639.6806263923645,True,space,miss,None,599.2448329925537,text_04,75,5,2back_dual_main_click,2,Robinson,44,44,88,120,60,639.7356140613556,,,,,,,,,,20,02,yes,no,no,2025-08-18_16h47.41.980,EXNAT_4_TMS_Psychopy2024.2.5.psyexp,2024.2.5,2025-08-18 17h00.27.012906 +0200,
0,0,0,0,0,0,0,,,,,,,,,#F989A2,640.319774389267,True,space,miss,None,536.2768173217773,text_04,76,5,2back_dual_main_click,2,sagte,44,44,88,120,60,,,,,,,,,,,20,02,yes,no,no,2025-08-18_16h47.41.980,EXNAT_4_TMS_Psychopy2024.2.5.psyexp,2024.2.5,2025-08-18 17h00.27.012906 +0200,
0,0,0,0,0,0,0,,,,,,,,,#88BA3F,640.8953971862793,False,space,correct rejection,None,552.4909496307373,text_04,77,5,2back_dual_main_click,2,"später,",44,44,88,120,60,,,,,,,,,,,20,02,yes,no,no,2025-08-18_16h47.41.980,EXNAT_4_TMS_Psychopy2024.2.5.psyexp,2024.2.5,2025-08-18 17h00.27.012906 +0200,
0,0,0,0,0,0,0,,,,,,,,,#88BA3F,641.487459897995,False,space,correct rejection,None,552.6466369628906,text_04,78,5,2back_dual_main_click,2,die,44,44,88,120,60,,,,,,,,,,,20,02,yes,no,no,2025-08-18_16h47.41.980,EXNAT_4_TMS_Psychopy2024.2.5.psyexp,2024.2.5,2025-08-18 17h00.27.012906 +0200,
0,0,0,0,0,0,0,,,,,,,,,#D292F3,642.0797526836395,False,space,correct rejection,None,552.2875785827637,text_04,79,5,2back_dual_main_click,2,Idee,44,44,88,120,60,,,,,,,,,,,20,02,yes,no,no,2025-08-18_16h47.41.980,EXNAT_4_TMS_Psychopy2024.2.5.psyexp,2024.2.5,2025-08-18 17h00.27.012906 +0200,
0,0,0,0,0,0,0,,,,,,,,,#F989A2,642.6723265647888,False,space,correct rejection,None,535.7716083526611,text_04,80,5,2back_dual_main_click,2,zum,44,44,88,120,60,,,,,,,,,,,20,02,yes,no,no,2025-08-18_16h47.41.980,EXNAT_4_TMS_Psychopy2024.2.5.psyexp,2024.2.5,2025-08-18 17h00.27.012906 +0200,
0,0,0,0,0,0,0,,,,,,,,,#88BA3F,643.2481350898743,False,space,correct rejection,None,551.9359111785889,text_04,81,5,2back_dual_main_click,2,Joker,44,44,88,120,60,,,,,,,,,,,20,02,yes,no,no,2025-08-18_16h47.41.980,EXNAT_4_TMS_Psychopy2024.2.5.psyexp,2024.2.5,2025-08-18 17h00.27.012906 +0200,
0,0,0,0,0,0,0,,,,,,,,,#2AB7EF,643.8401582241058,False,space,correct rejection,None,583.8956832885742,text_04,82,5,2back_dual_main_click,2,kam,44,44,88,120,60,,,,,,,,,,,20,02,yes,no,no,2025-08-18_16h47.41.980,EXNAT_4_TMS_Psychopy2024.2.5.psyexp,2024.2.5,2025-08-18 17h00.27.012906 +0200,
0,0,0,0,0,0,0,,,,,,,,,#D292F3,644.4649305343628,False,space,correct rejection,None,775.137186050415,text_04,83,5,2back_dual_main_click,2,ihm,45,44,89,120,60,644.7356050014496,,,,,,,,,,20,02,yes,no,no,2025-08-18_16h47.41.980,EXNAT_4_TMS_Psychopy2024.2.5.psyexp,2024.2.5,2025-08-18 17h00.27.012906 +0200,
0,0,0,0,0,0,0,,,,,,,,,#D292F3,645.2799601554871,False,space,correct rejection,None,712.0223045349121,text_04,84,5,2back_dual_main_click,2,durch,45,44,89,120,60,,,,,,,,,,,20,02,yes,no,no,2025-08-18_16h47.41.980,EXNAT_4_TMS_Psychopy2024.2.5.psyexp,2024.2.5,2025-08-18 17h00.27.012906 +0200,
0,0,0,0,0,0,0,,,,,,,,,#88BA3F,646.0327036380768,False,space,correct rejection,None,551.337718963623,text_04,85,5,2back_dual_main_click,2,eine,45,44,89,120,60,,,,,,,,,,,20,02,yes,no,no,2025-08-18_16h47.41.980,EXNAT_4_TMS_Psychopy2024.2.5.psyexp,2024.2.5,2025-08-18 17h00.27.012906 +0200,
0,0,0,0,0,0,0,,,,,,,,,#2AB7EF,646.6227478981018,False,space,correct rejection,None,585.3977203369141,text_04,86,5,2back_dual_main_click,2,Spielkarte.,45,44,89,120,60,,,,,,,,,,,20,02,yes,no,no,2025-08-18_16h47.41.980,EXNAT_4_TMS_Psychopy2024.2.5.psyexp,2024.2.5,2025-08-18 17h00.27.012906 +0200,
0,0,0,0,0,0,0,,,,,,,,,#D292F3,647.248743057251,False,space,correct rejection,None,727.3883819580078,text_04,87,5,2back_dual_main_click,2,Kane,45,44,89,120,60,,,,,,,,,,,20,02,yes,no,no,2025-08-18_16h47.41.980,EXNAT_4_TMS_Psychopy2024.2.5.psyexp,2024.2.5,2025-08-18 17h00.27.012906 +0200,
0,0,0,0,0,0,0,,,,,,,,,#F989A2,648.0174024105072,False,space,correct rejection,None,662.7383232116699,text_04,88,5,2back_dual_main_click,2,behauptete,45,44,89,120,60,,,,,,,,,,,20,02,yes,no,no,2025-08-18_16h47.41.980,EXNAT_4_TMS_Psychopy2024.2.5.psyexp,2024.2.5,2025-08-18 17h00.27.012906 +0200,
0,0,0,0,0,0,0,,,,,,,,,#88BA3F,648.7206823825836,False,space,correct rejection,None,551.3689517974854,text_04,89,5,2back_dual_main_click,2,"jedoch,",45,44,89,120,60,,,,,,,,,,,20,02,yes,no,no,2025-08-18_16h47.41.980,EXNAT_4_TMS_Psychopy2024.2.5.psyexp,2024.2.5,2025-08-18 17h00.27.012906 +0200,
0,0,0,0,0,0,0,,,,,,,,,#F989A2,649.3100037574768,True,space,miss,None,714.1070365905762,text_04,90,5,2back_dual_main_click,2,die,45,44,89,120,60,,,,,,,,,,,20,02,yes,no,no,2025-08-18_16h47.41.980,EXNAT_4_TMS_Psychopy2024.2.5.psyexp,2024.2.5,2025-08-18 17h00.27.012906 +0200,
0,0,0,0,0,0,0,,,,,,,,,#D292F3,650.0624992847443,False,space,correct rejection,None,537.4982357025146,text_04,91,5,2back_dual_main_click,2,Figur,46,44,90,120,60,650.1258947849274,,,,,,,,,,20,02,yes,no,no,2025-08-18_16h47.41.980,EXNAT_4_TMS_Psychopy2024.2.5.psyexp,2024.2.5,2025-08-18 17h00.27.012906 +0200,
0,0,0,0,0,0,0,,,,,,,,,#F989A2,650.6379859447479,True,space,miss,None,746.1364269256592,text_04,92,5,2back_dual_main_click,2,sei,46,44,90,120,60,,,,,,,,,,,20,02,yes,no,no,2025-08-18_16h47.41.980,EXNAT_4_TMS_Psychopy2024.2.5.psyexp,2024.2.5,2025-08-18 17h00.27.012906 +0200,
0,0,0,0,0,0,0,,,,,,,,,#88BA3F,651.4218029975891,False,space,correct rejection,None,586.235523223877,text_04,93,5,2back_dual_main_click,2,von,46,44,90,120,60,,,,,,,,,,,20,02,yes,no,no,2025-08-18_16h47.41.980,EXNAT_4_TMS_Psychopy2024.2.5.psyexp,2024.2.5,2025-08-18 17h00.27.012906 +0200,
0,0,0,0,0,0,0,,,,,,,,,#2AB7EF,652.0487377643585,False,space,correct rejection,None,919.2008972167969,text_04,94,5,2back_dual_main_click,2,einem,46,44,90,120,60,,,,,,,,,,,20,02,yes,no,no,2025-08-18_16h47.41.980,EXNAT_4_TMS_Psychopy2024.2.5.psyexp,2024.2.5,2025-08-18 17h00.27.012906 +0200,
0,0,0,0,0,0,0,,,,,,,,,#2AB7EF,653.0239582061768,False,space,correct rejection,None,664.1700267791748,text_04,95,5,2back_dual_main_click,2,alten,46,44,90,120,60,,,,,,,,,,,20,02,yes,no,no,2025-08-18_16h47.41.980,EXNAT_4_TMS_Psychopy2024.2.5.psyexp,2024.2.5,2025-08-18 17h00.27.012906 +0200,
0,0,0,0,0,0,0,,,,,,,,,#D292F3,653.7448418140411,False,space,correct rejection,None,615.3295040130615,text_04,96,5,2back_dual_main_click,2,Film,46,44,90,120,60,,,,,,,,,,,20,02,yes,no,no,2025-08-18_16h47.41.980,EXNAT_4_TMS_Psychopy2024.2.5.psyexp,2024.2.5,2025-08-18 17h00.27.012906 +0200,
0,0,0,0,0,0,0,,,,,,,,,#2AB7EF,654.416512966156,True,l,hit,775.6083011627197,1239.546298980713,text_04,97,5,2back_dual_main_click,2,inspiriert.,46,45,91,120,60,655.1259291172028,,,,,,,,,,20,02,yes,no,no,2025-08-18_16h47.41.980,EXNAT_4_TMS_Psychopy2024.2.5.psyexp,2024.2.5,2025-08-18 17h00.27.012906 +0200,
0,0,0,0,0,0,0,,,,,,,,,#D292F3,655.711611032486,True,space,miss,None,616.5754795074463,text_04,98,5,2back_dual_main_click,2,Obwohl,46,45,91,120,60,,,,,,,,,,,20,02,yes,no,no,2025-08-18_16h47.41.980,EXNAT_4_TMS_Psychopy2024.2.5.psyexp,2024.2.5,2025-08-18 17h00.27.012906 +0200,
0,0,0,0,0,0,0,,,,,,,,,#88BA3F,656.3845517635345,False,space,correct rejection,None,1031.6028594970703,text_04,99,5,2back_dual_main_click,2,Robinson,46,45,91,120,60,,,,,,,,,,,20,02,yes,no,no,2025-08-18_16h47.41.980,EXNAT_4_TMS_Psychopy2024.2.5.psyexp,2024.2.5,2025-08-18 17h00.27.012906 +0200,
0,0,0,0,0,0,0,,,,,,,,,#F989A2,657.4715075492859,False,space,correct rejection,None,680.6161403656006,text_04,100,5,2back_dual_main_click,2,wichtige,46,45,91,120,60,,,,,,,,,,,20,02,yes,no,no,2025-08-18_16h47.41.980,EXNAT_4_TMS_Psychopy2024.2.5.psyexp,2024.2.5,2025-08-18 17h00.27.012906 +0200,
0,0,0,0,0,0,0,,,,,,,,,#88BA3F,658.206392288208,True,l,hit,649.7299671173096,1001.6438961029053,text_04,101,5,2back_dual_main_click,2,Beiträge,46,45,91,120,60,,,,,,,,,,,20,02,yes,no,no,2025-08-18_16h47.41.980,EXNAT_4_TMS_Psychopy2024.2.5.psyexp,2024.2.5,2025-08-18 17h00.27.012906 +0200,
0,0,0,0,0,0,0,,,,,,,,,#88BA3F,659.2626261711121,False,space,correct rejection,None,633.4426403045654,text_04,102,5,2back_dual_main_click,2,"leistete,",46,45,91,120,60,,,,,,,,,,,20,02,yes,no,no,2025-08-18_16h47.41.980,EXNAT_4_TMS_Psychopy2024.2.5.psyexp,2024.2.5,2025-08-18 17h00.27.012906 +0200,
0,0,0,0,0,0,0,,,,,,,,,#D292F3,659.9510996341705,False,space,correct rejection,None,600.8398532867432,text_04,103,5,2back_dual_main_click,2,galt,47,45,92,120,60,660.1259171962738,,,,,,,,,,20,02,yes,no,no,2025-08-18_16h47.41.980,EXNAT_4_TMS_Psychopy2024.2.5.psyexp,2024.2.5,2025-08-18 17h00.27.012906 +0200,
0,0,0,0,0,0,0,,,,,,,,,#D292F3,660.6068942546844,False,space,correct rejection,None,521.242618560791,text_04,104,5,2back_dual_main_click,2,er,47,45,92,120,60,,,,,,,,,,,20,02,yes,no,no,2025-08-18_16h47.41.980,EXNAT_4_TMS_Psychopy2024.2.5.psyexp,2024.2.5,2025-08-18 17h00.27.012906 +0200,
0,0,0,0,0,0,0,,,,,,,,,#F989A2,661.1834230422974,False,space,correct rejection,None,600.7239818572998,text_04,105,5,2back_dual_main_click,2,nur,47,45,92,120,60,,,,,,,,,,,20,02,yes,no,no,2025-08-18_16h47.41.980,EXNAT_4_TMS_Psychopy2024.2.5.psyexp,2024.2.5,2025-08-18 17h00.27.012906 +0200,
0,0,0,0,0,0,0,,,,,,,,,#2AB7EF,661.8401770591736,False,space,correct rejection,None,567.8999423980713,text_04,106,5,2back_dual_main_click,2,als,47,45,92,120,60,,,,,,,,,,,20,02,yes,no,no,2025-08-18_16h47.41.980,EXNAT_4_TMS_Psychopy2024.2.5.psyexp,2024.2.5,2025-08-18 17h00.27.012906 +0200,
0,0,0,0,0,0,0,,,,,,,,,#2AB7EF,662.464704990387,False,space,correct rejection,None,711.4169597625732,text_04,107,5,2back_dual_main_click,2,"Assistent,",47,45,92,120,60,,,,,,,,,,,20,02,yes,no,no,2025-08-18_16h47.41.980,EXNAT_4_TMS_Psychopy2024.2.5.psyexp,2024.2.5,2025-08-18 17h00.27.012906 +0200,
0,0,0,0,0,0,0,,,,,,,,,#F989A2,663.2307803630829,False,space,correct rejection,None,1001.3537406921387,text_04,108,5,2back_dual_main_click,2,da,47,45,92,120,60,,,,,,,,,,,20,02,yes,no,no,2025-08-18_16h47.41.980,EXNAT_4_TMS_Psychopy2024.2.5.psyexp,2024.2.5,2025-08-18 17h00.27.012906 +0200,
0,0,0,0,0,0,0,,,,,,,,,#F989A2,664.2846953868866,False,space,correct rejection,None,587.4302387237549,text_04,109,5,2back_dual_main_click,2,Kane,47,45,92,120,60,,,,,,,,,,,20,02,yes,no,no,2025-08-18_16h47.41.980,EXNAT_4_TMS_Psychopy2024.2.5.psyexp,2024.2.5,2025-08-18 17h00.27.012906 +0200,
0,0,0,0,0,0,0,,,,,,,,,#2AB7EF,664.9274094104767,False,space,correct rejection,None,648.7545967102051,text_04,110,5,2back_dual_main_click,2,alle,47,45,92,120,60,,,,,,,,,,,20,02,yes,no,no,2025-08-18_16h47.41.980,EXNAT_4_TMS_Psychopy2024.2.5.psyexp,2024.2.5,2025-08-18 17h00.27.012906 +0200,
0,0,0,0,0,0,0,,,,,,,,,#D292F3,665.6155998706818,False,space,correct rejection,None,536.4682674407959,text_04,111,5,2back_dual_main_click,2,Rechte,47,45,92,120,60,,,,,,,,,,,20,02,yes,no,no,2025-08-18_16h47.41.980,EXNAT_4_TMS_Psychopy2024.2.5.psyexp,2024.2.5,2025-08-18 17h00.27.012906 +0200,
0,0,0,0,0,0,0,,,,,,,,,#2AB7EF,666.1927065849304,True,l,hit,583.4448337554932,1047.3692417144775,text_04,112,5,2back_dual_main_click,2,besaß.,47,46,93,120,60,666.2596490383148,,,,,,,,,,20,02,yes,no,no,2025-08-18_16h47.41.980,EXNAT_4_TMS_Psychopy2024.2.5.psyexp,2024.2.5,2025-08-18 17h00.27.012906 +0200,
0,0,0,0,0,0,0,,,,,,,,,#F989A2,667.2793974876404,False,space,correct rejection,None,760.7560157775879,text_04,113,5,2back_dual_main_click,2,Deshalb,47,46,93,120,60,,,,,,,,,,,20,02,yes,no,no,2025-08-18_16h47.41.980,EXNAT_4_TMS_Psychopy2024.2.5.psyexp,2024.2.5,2025-08-18 17h00.27.012906 +0200,
0,0,0,0,0,0,0,,,,,,,,,#88BA3F,668.0773911476135,False,space,correct rejection,None,538.7477874755859,text_04,114,5,2back_dual_main_click,2,arbeitete,47,46,93,120,60,,,,,,,,,,,20,02,yes,no,no,2025-08-18_16h47.41.980,EXNAT_4_TMS_Psychopy2024.2.5.psyexp,2024.2.5,2025-08-18 17h00.27.012906 +0200,
0,0,0,0,0,0,0,,,,,,,,,#D292F3,668.6559212207794,False,space,correct rejection,None,712.1868133544922,text_04,115,5,2back_dual_main_click,2,Robinson,47,46,93,120,60,,,,,,,,,,,20,02,yes,no,no,2025-08-18_16h47.41.980,EXNAT_4_TMS_Psychopy2024.2.5.psyexp,2024.2.5,2025-08-18 17h00.27.012906 +0200,
0,0,0,0,0,0,0,,,,,,,,,#88BA3F,669.4079232215881,True,space,miss,None,552.2048473358154,text_04,116,5,2back_dual_main_click,2,ab,47,46,93,120,60,,,,,,,,,,,20,02,yes,no,no,2025-08-18_16h47.41.980,EXNAT_4_TMS_Psychopy2024.2.5.psyexp,2024.2.5,2025-08-18 17h00.27.012906 +0200,
0,0,0,0,0,0,0,,,,,,,,,#D292F3,670.0009586811066,True,space,miss,None,631.110429763794,text_04,117,5,2back_dual_main_click,2,1940,47,46,93,120,60,,,,,,,,,,,20,02,yes,no,no,2025-08-18_16h47.41.980,EXNAT_4_TMS_Psychopy2024.2.5.psyexp,2024.2.5,2025-08-18 17h00.27.012906 +0200,
0,0,0,0,0,0,0,,,,,,,,,#88BA3F,670.6739656925201,True,space,miss,None,582.1542739868164,text_04,118,5,2back_dual_main_click,2,direkt,47,46,93,120,60,,,,,,,,,,,20,02,yes,no,no,2025-08-18_16h47.41.980,EXNAT_4_TMS_Psychopy2024.2.5.psyexp,2024.2.5,2025-08-18 17h00.27.012906 +0200,
0,0,0,0,0,0,0,,,,,,,,,#F989A2,671.2973756790161,False,space,correct rejection,None,598.7758636474609,text_04,119,5,2back_dual_main_click,2,für,48,46,94,120,60,671.35320520401,,,,,,,,,,20,02,yes,no,no,2025-08-18_16h47.41.980,EXNAT_4_TMS_Psychopy2024.2.5.psyexp,2024.2.5,2025-08-18 17h00.27.012906 +0200,
0,0,0,0,0,0,0,,,,,,,,,#2AB7EF,671.9360957145691,False,space,correct rejection,None,584.0413570404053,text_04,120,5,2back_dual_main_click,2,den,48,46,94,120,60,,,,,,,,,,,20,02,yes,no,no,2025-08-18_16h47.41.980,EXNAT_4_TMS_Psychopy2024.2.5.psyexp,2024.2.5,2025-08-18 17h00.27.012906 +0200,
0,0,0,0,0,0,0,,,,,,,,,#88BA3F,672.5606341362,False,space,correct rejection,None,999.4020462036133,text_04,121,5,2back_dual_main_click,2,Comic-Verlag.,48,46,94,120,60,,,,,,,,,,,20,02,yes,no,no,2025-08-18_16h47.41.980,EXNAT_4_TMS_Psychopy2024.2.5.psyexp,2024.2.5,2025-08-18 17h00.27.012906 +0200,
0,0,0,0,0,0,0,,,,,,,,,#2AB7EF,673.6005611419678,True,space,miss,None,647.5222110748291,text_04,122,5,2back_dual_main_click,2,Dort,48,46,94,120,60,,,,,,,,,,,20,02,yes,no,no,2025-08-18_16h47.41.980,EXNAT_4_TMS_Psychopy2024.2.5.psyexp,2024.2.5,2025-08-18 17h00.27.012906 +0200,
0,0,0,0,0,0,0,,,,,,,,,#F989A2,674.2882533073425,False,space,correct rejection,None,1047.7850437164307,text_04,123,5,2back_dual_main_click,2,zeichnete,48,46,94,120,60,,,,,,,,,,,20,02,yes,no,no,2025-08-18_16h47.41.980,EXNAT_4_TMS_Psychopy2024.2.5.psyexp,2024.2.5,2025-08-18 17h00.27.012906 +0200,
0,0,0,0,0,0,0,,,,,,,,,#F989A2,675.3762519359589,False,space,correct rejection,None,743.859052658081,text_04,124,5,2back_dual_main_click,2,er,48,46,94,120,60,,,,,,,,,,,20,02,yes,no,no,2025-08-18_16h47.41.980,EXNAT_4_TMS_Psychopy2024.2.5.psyexp,2024.2.5,2025-08-18 17h00.27.012906 +0200,
0,0,0,0,0,0,0,,,,,,,,,#D292F3,676.160638332367,False,space,correct rejection,None,743.5183525085449,text_04,125,5,2back_dual_main_click,2,zeitweise,48,46,94,120,60,,,,,,,,,,,20,02,yes,no,no,2025-08-18_16h47.41.980,EXNAT_4_TMS_Psychopy2024.2.5.psyexp,2024.2.5,2025-08-18 17h00.27.012906 +0200,
0,0,0,0,0,0,0,,,,,,,,,#D292F3,676.9443578720093,False,space,correct rejection,None,599.7769832611084,text_04,126,5,2back_dual_main_click,2,mit,48,46,94,120,60,,,,,,,,,,,20,02,yes,no,no,2025-08-18_16h47.41.980,EXNAT_4_TMS_Psychopy2024.2.5.psyexp,2024.2.5,2025-08-18 17h00.27.012906 +0200,
0,0,0,0,0,0,0,,,,,,,,,#F989A2,677.5837998390198,False,space,correct rejection,None,648.3190059661865,text_04,127,5,2back_dual_main_click,2,Joe,48,46,94,120,60,,,,,,,,,,,20,02,yes,no,no,2025-08-18_16h47.41.980,EXNAT_4_TMS_Psychopy2024.2.5.psyexp,2024.2.5,2025-08-18 17h00.27.012906 +0200,
0,0,0,0,0,0,0,,,,,,,,,#88BA3F,678.2713615894318,False,space,correct rejection,None,792.766809463501,text_04,128,5,2back_dual_main_click,2,"Shuster,",48,46,94,120,60,,,,,,,,,,,20,02,yes,no,no,2025-08-18_16h47.41.980,EXNAT_4_TMS_Psychopy2024.2.5.psyexp,2024.2.5,2025-08-18 17h00.27.012906 +0200,
0,0,0,0,0,0,0,,,,,,,,,#D292F3,679.1043815612793,False,space,correct rejection,None,695.6954002380371,text_04,129,5,2back_dual_main_click,2,dem,48,46,94,120,60,,,,,,,,,,,20,02,yes,no,no,2025-08-18_16h47.41.980,EXNAT_4_TMS_Psychopy2024.2.5.psyexp,2024.2.5,2025-08-18 17h00.27.012906 +0200,
0,0,0,0,0,0,0,,,,,,,,,#88BA3F,679.8400900363922,True,space,miss,None,824.0766525268555,text_04,130,5,2back_dual_main_click,2,Miterfinder,48,47,95,120,60,679.8954627513885,,,,,,,,,,20,02,yes,no,no,2025-08-18_16h47.41.980,EXNAT_4_TMS_Psychopy2024.2.5.psyexp,2024.2.5,2025-08-18 17h00.27.012906 +0200,
0,0,0,0,0,0,0,,,,,,,,,#2AB7EF,680.7018065452576,False,space,correct rejection,None,602.1535396575928,text_04,131,5,2back_dual_main_click,2,von,48,47,95,120,60,,,,,,,,,,,20,02,yes,no,no,2025-08-18_16h47.41.980,EXNAT_4_TMS_Psychopy2024.2.5.psyexp,2024.2.5,2025-08-18 17h00.27.012906 +0200,
0,0,0,0,0,0,0,,,,,,,,,#2AB7EF,681.343190908432,False,space,correct rejection,None,584.7499370574951,text_04,132,5,2back_dual_main_click,2,Superman.,48,47,95,120,60,,,,,,,,,,,20,02,yes,no,no,2025-08-18_16h47.41.980,EXNAT_4_TMS_Psychopy2024.2.5.psyexp,2024.2.5,2025-08-18 17h00.27.012906 +0200,
0,0,0,0,0,0,0,,,,,,,,,#D292F3,681.9671111106873,False,space,correct rejection,None,633.0153942108154,text_04,133,5,2back_dual_main_click,2,Robinson,48,47,95,120,60,,,,,,,,,,,20,02,yes,no,no,2025-08-18_16h47.41.980,EXNAT_4_TMS_Psychopy2024.2.5.psyexp,2024.2.5,2025-08-18 17h00.27.012906 +0200,
0,0,0,0,0,0,0,,,,,,,,,#F989A2,682.6396837234497,False,space,correct rejection,None,616.461992263794,text_04,134,5,2back_dual_main_click,2,setzte,48,47,95,120,60,,,,,,,,,,,20,02,yes,no,no,2025-08-18_16h47.41.980,EXNAT_4_TMS_Psychopy2024.2.5.psyexp,2024.2.5,2025-08-18 17h00.27.012906 +0200,
0,0,0,0,0,0,0,,,,,,,,,#F989A2,683.2966201305389,False,space,correct rejection,None,599.524974822998,text_04,135,5,2back_dual_main_click,2,sich,48,47,95,120,60,,,,,,,,,,,20,02,yes,no,no,2025-08-18_16h47.41.980,EXNAT_4_TMS_Psychopy2024.2.5.psyexp,2024.2.5,2025-08-18 17h00.27.012906 +0200,
0,0,0,0,0,0,0,,,,,,,,,#2AB7EF,683.9355666637421,False,space,correct rejection,None,616.5952682495117,text_04,136,5,2back_dual_main_click,2,später,48,47,95,120,60,,,,,,,,,,,20,02,yes,no,no,2025-08-18_16h47.41.980,EXNAT_4_TMS_Psychopy2024.2.5.psyexp,2024.2.5,2025-08-18 17h00.27.012906 +0200,
0,0,0,0,0,0,0,,,,,,,,,#2AB7EF,684.5894749164581,False,space,correct rejection,None,714.665412902832,text_04,137,5,2back_dual_main_click,2,für,49,47,96,120,60,684.8955779075623,,,,,,,,,,20,02,yes,no,no,2025-08-18_16h47.41.980,EXNAT_4_TMS_Psychopy2024.2.5.psyexp,2024.2.5,2025-08-18 17h00.27.012906 +0200,
0,0,0,0,0,0,0,,,,,,,,,#F989A2,685.3436925411224,False,space,correct rejection,None,568.4702396392822,text_04,138,5,2back_dual_main_click,2,die,49,47,96,120,60,,,,,,,,,,,20,02,yes,no,no,2025-08-18_16h47.41.980,EXNAT_4_TMS_Psychopy2024.2.5.psyexp,2024.2.5,2025-08-18 17h00.27.012906 +0200,
0,0,0,0,0,0,0,,,,,,,,,#88BA3F,685.9494636058807,False,space,correct rejection,None,650.679349899292,text_04,139,5,2back_dual_main_click,2,Rechte,49,47,96,120,60,,,,,,,,,,,20,02,yes,no,no,2025-08-18_16h47.41.980,EXNAT_4_TMS_Psychopy2024.2.5.psyexp,2024.2.5,2025-08-18 17h00.27.012906 +0200,
0,0,0,0,0,0,0,,,,,,,,,#D292F3,686.6396639347076,False,space,correct rejection,None,552.483081817627,text_04,140,5,2back_dual_main_click,2,von,49,47,96,120,60,,,,,,,,,,,20,02,yes,no,no,2025-08-18_16h47.41.980,EXNAT_4_TMS_Psychopy2024.2.5.psyexp,2024.2.5,2025-08-18 17h00.27.012906 +0200,
0,0,0,0,0,0,0,,,,,,,,,#2AB7EF,687.23401927948,False,space,correct rejection,None,1046.0569858551025,text_04,141,5,2back_dual_main_click,2,Comic-Künstlern,49,47,96,120,60,,,,,,,,,,,20,02,yes,no,no,2025-08-18_16h47.41.980,EXNAT_4_TMS_Psychopy2024.2.5.psyexp,2024.2.5,2025-08-18 17h00.27.012906 +0200,
0,0,0,0,0,0,0,,,,,,,,,#D292F3,688.3192348480225,True,space,miss,None,536.8452072143555,text_04,142,5,2back_dual_main_click,2,ein.,49,47,96,120,60,,,,,,,,,,,20,02,yes,no,no,2025-08-18_16h47.41.980,EXNAT_4_TMS_Psychopy2024.2.5.psyexp,2024.2.5,2025-08-18 17h00.27.012906 +0200,
0,0,0,0,0,0,0,,,,,,,,,#88BA3F,688.8948383331299,False,space,correct rejection,None,681.2548637390137,text_04,143,5,2back_dual_main_click,2,Er,49,47,96,120,60,,,,,,,,,,,20,02,yes,no,no,2025-08-18_16h47.41.980,EXNAT_4_TMS_Psychopy2024.2.5.psyexp,2024.2.5,2025-08-18 17h00.27.012906 +0200,
0,0,0,0,0,0,0,,,,,,,,,#88BA3F,689.6172640323639,False,space,correct rejection,None,550.868034362793,text_04,144,5,2back_dual_main_click,2,starb,49,47,96,120,60,,,,,,,,,,,20,02,yes,no,no,2025-08-18_16h47.41.980,EXNAT_4_TMS_Psychopy2024.2.5.psyexp,2024.2.5,2025-08-18 17h00.27.012906 +0200,
0,0,0,0,0,0,0,,,,,,,,,#F989A2,690.2091920375824,False,space,correct rejection,None,566.779375076294,text_04,145,5,2back_dual_main_click,2,2011,49,47,96,120,60,,,,,,,,,,,20,02,yes,no,no,2025-08-18_16h47.41.980,EXNAT_4_TMS_Psychopy2024.2.5.psyexp,2024.2.5,2025-08-18 17h00.27.012906 +0200,
0,0,0,0,0,0,0,,,,,,,,,#88BA3F,690.8161680698395,True,space,miss,None,728.0123233795166,text_04,146,5,2back_dual_main_click,2,im,49,48,97,120,60,690.8685064315796,,,,,,,,,,20,02,yes,no,no,2025-08-18_16h47.41.980,EXNAT_4_TMS_Psychopy2024.2.5.psyexp,2024.2.5,2025-08-18 17h00.27.012906 +0200,
0,0,0,0,0,0,0,,,,,,,,,#2AB7EF,691.5842881202698,False,space,correct rejection,None,583.8406085968018,text_04,147,5,2back_dual_main_click,2,Alter,49,48,97,120,60,,,,,,,,,,,20,02,yes,no,no,2025-08-18_16h47.41.980,EXNAT_4_TMS_Psychopy2024.2.5.psyexp,2024.2.5,2025-08-18 17h00.27.012906 +0200,
0,0,0,0,0,0,0,,,,,,,,,#F989A2,692.2089641094208,False,space,correct rejection,None,567.2099590301514,text_04,148,5,2back_dual_main_click,2,von,49,48,97,120,60,,,,,,,,,,,20,02,yes,no,no,2025-08-18_16h47.41.980,EXNAT_4_TMS_Psychopy2024.2.5.psyexp,2024.2.5,2025-08-18 17h00.27.012906 +0200,
0,0,0,0,0,0,0,,,,,,,,,#2AB7EF,692.8164930343628,True,l,hit,487.6983165740967,935.6656074523926,text_04,149,5,2back_dual_main_click,2,89,49,48,97,120,60,,,,,,,,,,,20,02,yes,no,no,2025-08-18_16h47.41.980,EXNAT_4_TMS_Psychopy2024.2.5.psyexp,2024.2.5,2025-08-18 17h00.27.012906 +0200,
0,0,0,0,0,0,0,,,,,,,,,#D292F3,693.7925775051117,False,space,correct rejection,None,887.7110481262207,text_04,150,5,2back_dual_main_click,2,Jahren.,49,48,97,120,60,,,,,,,,,,,20,02,yes,no,no,2025-08-18_16h47.41.980,EXNAT_4_TMS_Psychopy2024.2.5.psyexp,2024.2.5,2025-08-18 17h00.27.012906 +0200,
0,0,0,0,0,0,0,,,,,,,,,,694.729154586792,,2,,,,text_04,,5,2back_dual_main_click,,,,,,,,,Q1,b,True,,,,,,,20,02,yes,no,no,2025-08-18_16h47.41.980,EXNAT_4_TMS_Psychopy2024.2.5.psyexp,2024.2.5,2025-08-18 17h00.27.012906 +0200,
0,0,0,0,0,0,0,,,,,,,,,,698.5806381702423,,1,,,,text_04,,5,2back_dual_main_click,,,,,,,,,Q2,a,True,,,,,,,20,02,yes,no,no,2025-08-18_16h47.41.980,EXNAT_4_TMS_Psychopy2024.2.5.psyexp,2024.2.5,2025-08-18 17h00.27.012906 +0200,
0,0,0,0,0,0,0,,,,,,,,,,702.8826858997345,,3,,,,text_04,,5,2back_dual_main_click,,,,,,,,,Q3,c,True,,,,,,,20,02,yes,no,no,2025-08-18_16h47.41.980,EXNAT_4_TMS_Psychopy2024.2.5.psyexp,2024.2.5,2025-08-18 17h00.27.012906 +0200,
0,0,0,0,0,0,0,,,,,,,,,#F989A2,710.0127820968628,False,space,correct rejection,None,587.2542858123779,text_09,1,6,2back_dual_main_click,2,Als,50,48,98,120,60,710.0681395530701,,,,,,,,,,20,02,yes,no,no,2025-08-18_16h47.41.980,EXNAT_4_TMS_Psychopy2024.2.5.psyexp,2024.2.5,2025-08-18 17h00.27.012906 +0200,
0,0,0,0,0,0,0,,,,,,,,,#88BA3F,710.6352715492249,False,space,correct rejection,None,636.9056701660156,text_09,2,6,2back_dual_main_click,2,William,50,48,98,120,60,,,,,,,,,,,20,02,yes,no,no,2025-08-18_16h47.41.980,EXNAT_4_TMS_Psychopy2024.2.5.psyexp,2024.2.5,2025-08-18 17h00.27.012906 +0200,
0,0,0,0,0,0,0,,,,,,,,,#2AB7EF,711.3069732189178,False,space,correct rejection,None,653.3277034759521,text_09,3,6,2back_dual_main_click,2,Shakespeare,50,48,98,120,60,,,,,,,,,,,20,02,yes,no,no,2025-08-18_16h47.41.980,EXNAT_4_TMS_Psychopy2024.2.5.psyexp,2024.2.5,2025-08-18 17h00.27.012906 +0200,
0,0,0,0,0,0,0,,,,,,,,,#D292F3,712.0001780986786,False,space,correct rejection,None,680.0744533538818,text_09,4,6,2back_dual_main_click,2,etwa,50,48,98,120,60,,,,,,,,,,,20,02,yes,no,no,2025-08-18_16h47.41.980,EXNAT_4_TMS_Psychopy2024.2.5.psyexp,2024.2.5,2025-08-18 17h00.27.012906 +0200,
0,0,0,0,0,0,0,,,,,,,,,#88BA3F,712.7204420566559,False,space,correct rejection,None,663.8522148132324,text_09,5,6,2back_dual_main_click,2,fünf,50,48,98,120,60,,,,,,,,,,,20,02,yes,no,no,2025-08-18_16h47.41.980,EXNAT_4_TMS_Psychopy2024.2.5.psyexp,2024.2.5,2025-08-18 17h00.27.012906 +0200,
0,0,0,0,0,0,0,,,,,,,,,#88BA3F,713.4232120513916,False,space,correct rejection,None,601.0520458221436,text_09,6,6,2back_dual_main_click,2,Jahre,50,48,98,120,60,,,,,,,,,,,20,02,yes,no,no,2025-08-18_16h47.41.980,EXNAT_4_TMS_Psychopy2024.2.5.psyexp,2024.2.5,2025-08-18 17h00.27.012906 +0200,
0,0,0,0,0,0,0,,,,,,,,,#F989A2,714.064635515213,False,space,correct rejection,None,599.4939804077148,text_09,7,6,2back_dual_main_click,2,alt,50,48,98,120,60,,,,,,,,,,,20,02,yes,no,no,2025-08-18_16h47.41.980,EXNAT_4_TMS_Psychopy2024.2.5.psyexp,2024.2.5,2025-08-18 17h00.27.012906 +0200,
0,0,0,0,0,0,0,,,,,,,,,#F989A2,714.7022593021393,False,space,correct rejection,None,553.8938045501709,text_09,8,6,2back_dual_main_click,2,"war,",50,48,98,120,60,,,,,,,,,,,20,02,yes,no,no,2025-08-18_16h47.41.980,EXNAT_4_TMS_Psychopy2024.2.5.psyexp,2024.2.5,2025-08-18 17h00.27.012906 +0200,
0,0,0,0,0,0,0,,,,,,,,,#2AB7EF,715.2969863414764,False,space,correct rejection,None,711.0986709594727,text_09,9,6,2back_dual_main_click,2,ertrank,50,48,98,120,60,,,,,,,,,,,20,02,yes,no,no,2025-08-18_16h47.41.980,EXNAT_4_TMS_Psychopy2024.2.5.psyexp,2024.2.5,2025-08-18 17h00.27.012906 +0200,
0,0,0,0,0,0,0,,,,,,,,,#D292F3,716.0482807159424,False,space,correct rejection,None,823.9309787750244,text_09,10,6,2back_dual_main_click,2,in,50,48,98,120,60,,,,,,,,,,,20,02,yes,no,no,2025-08-18_16h47.41.980,EXNAT_4_TMS_Psychopy2024.2.5.psyexp,2024.2.5,2025-08-18 17h00.27.012906 +0200,
0,0,0,0,0,0,0,,,,,,,,,#2AB7EF,716.9126327037811,True,space,miss,None,695.5714225769043,text_09,11,6,2back_dual_main_click,2,der,50,49,99,120,60,716.9666817188263,,,,,,,,,,20,02,yes,no,no,2025-08-18_16h47.41.980,EXNAT_4_TMS_Psychopy2024.2.5.psyexp,2024.2.5,2025-08-18 17h00.27.012906 +0200,
0,0,0,0,0,0,0,,,,,,,,,#D292F3,717.6470279693604,True,space,miss,None,553.1711578369141,text_09,12,6,2back_dual_main_click,2,Nähe,50,49,99,120,60,,,,,,,,,,,20,02,yes,no,no,2025-08-18_16h47.41.980,EXNAT_4_TMS_Psychopy2024.2.5.psyexp,2024.2.5,2025-08-18 17h00.27.012906 +0200,
0,0,0,0,0,0,0,,,,,,,,,#F989A2,718.239709854126,False,space,correct rejection,None,568.4237480163574,text_09,13,6,2back_dual_main_click,2,seines,50,49,99,120,60,,,,,,,,,,,20,02,yes,no,no,2025-08-18_16h47.41.980,EXNAT_4_TMS_Psychopy2024.2.5.psyexp,2024.2.5,2025-08-18 17h00.27.012906 +0200,
0,0,0,0,0,0,0,,,,,,,,,#D292F3,718.8487701416016,True,space,miss,None,679.4028282165527,text_09,14,6,2back_dual_main_click,2,Heimatorts,50,49,99,120,60,,,,,,,,,,,20,02,yes,no,no,2025-08-18_16h47.41.980,EXNAT_4_TMS_Psychopy2024.2.5.psyexp,2024.2.5,2025-08-18 17h00.27.012906 +0200,
0,0,0,0,0,0,0,,,,,,,,,#2AB7EF,719.5680818557739,False,space,correct rejection,None,712.0146751403809,text_09,15,6,2back_dual_main_click,2,ein,50,49,99,120,60,,,,,,,,,,,20,02,yes,no,no,2025-08-18_16h47.41.980,EXNAT_4_TMS_Psychopy2024.2.5.psyexp,2024.2.5,2025-08-18 17h00.27.012906 +0200,
0,0,0,0,0,0,0,,,,,,,,,#88BA3F,720.3189921379089,False,space,correct rejection,None,537.2059345245361,text_09,16,6,2back_dual_main_click,2,kleines,50,49,99,120,60,,,,,,,,,,,20,02,yes,no,no,2025-08-18_16h47.41.980,EXNAT_4_TMS_Psychopy2024.2.5.psyexp,2024.2.5,2025-08-18 17h00.27.012906 +0200,
0,0,0,0,0,0,0,,,,,,,,,#88BA3F,720.8984985351562,False,space,correct rejection,None,677.4890422821045,text_09,17,6,2back_dual_main_click,2,Mädchen,50,49,99,120,60,,,,,,,,,,,20,02,yes,no,no,2025-08-18_16h47.41.980,EXNAT_4_TMS_Psychopy2024.2.5.psyexp,2024.2.5,2025-08-18 17h00.27.012906 +0200,
0,0,0,0,0,0,0,,,,,,,,,#88BA3F,721.6141867637634,True,l,hit,665.9514904022217,1241.8677806854248,text_09,18,6,2back_dual_main_click,2,namens,50,50,100,120,60,721.9666705131531,,,,,,,,,,20,02,yes,no,no,2025-08-18_16h47.41.980,EXNAT_4_TMS_Psychopy2024.2.5.psyexp,2024.2.5,2025-08-18 17h00.27.012906 +0200,
0,0,0,0,0,0,0,,,,,,,,,#F989A2,722.9100036621094,False,space,correct rejection,None,698.1527805328369,text_09,19,6,2back_dual_main_click,2,Jane,50,50,100,120,60,,,,,,,,,,,20,02,yes,no,no,2025-08-18_16h47.41.980,EXNAT_4_TMS_Psychopy2024.2.5.psyexp,2024.2.5,2025-08-18 17h00.27.012906 +0200,
0,0,0,0,0,0,0,,,,,,,,,#F989A2,723.6646459102631,False,space,correct rejection,None,1463.5779857635498,text_09,20,6,2back_dual_main_click,2,Shaxspere.,50,50,100,120,60,,,,,,,,,,,20,02,yes,no,no,2025-08-18_16h47.41.980,EXNAT_4_TMS_Psychopy2024.2.5.psyexp,2024.2.5,2025-08-18 17h00.27.012906 +0200,
0,0,0,0,0,0,0,,,,,,,,,#D292F3,725.185152053833,False,space,correct rejection,None,855.0553321838379,text_09,21,6,2back_dual_main_click,2,Sie,50,50,100,120,60,,,,,,,,,,,20,02,yes,no,no,2025-08-18_16h47.41.980,EXNAT_4_TMS_Psychopy2024.2.5.psyexp,2024.2.5,2025-08-18 17h00.27.012906 +0200,
0,0,0,0,0,0,0,,,,,,,,,#D292F3,726.0945429801941,False,space,correct rejection,None,617.591142654419,text_09,22,6,2back_dual_main_click,2,fiel,50,50,100,120,60,,,,,,,,,,,20,02,yes,no,no,2025-08-18_16h47.41.980,EXNAT_4_TMS_Psychopy2024.2.5.psyexp,2024.2.5,2025-08-18 17h00.27.012906 +0200,
0,0,0,0,0,0,0,,,,,,,,,#2AB7EF,726.7700073719025,False,space,correct rejection,None,630.1229000091553,text_09,23,6,2back_dual_main_click,2,beim,50,50,100,120,60,,,,,,,,,,,20,02,yes,no,no,2025-08-18_16h47.41.980,EXNAT_4_TMS_Psychopy2024.2.5.psyexp,2024.2.5,2025-08-18 17h00.27.012906 +0200,
0,0,0,0,0,0,0,,,,,,,,,#2AB7EF,727.4561302661896,False,space,correct rejection,None,680.0715923309326,text_09,24,6,2back_dual_main_click,2,Blumenpflücken,51,50,101,120,60,727.508202791214,,,,,,,,,,20,02,yes,no,no,2025-08-18_16h47.41.980,EXNAT_4_TMS_Psychopy2024.2.5.psyexp,2024.2.5,2025-08-18 17h00.27.012906 +0200,
0,0,0,0,0,0,0,,,,,,,,,#2AB7EF,728.1903011798859,True,l,hit,761.8086338043213,1225.8460521697998,text_09,25,6,2back_dual_main_click,2,an,51,50,101,120,60,,,,,,,,,,,20,02,yes,no,no,2025-08-18_16h47.41.980,EXNAT_4_TMS_Psychopy2024.2.5.psyexp,2024.2.5,2025-08-18 17h00.27.012906 +0200,
0,0,0,0,0,0,0,,,,,,,,,#88BA3F,729.4720356464386,False,space,correct rejection,None,488.173246383667,text_09,26,6,2back_dual_main_click,2,einem,51,50,101,120,60,,,,,,,,,,,20,02,yes,no,no,2025-08-18_16h47.41.980,EXNAT_4_TMS_Psychopy2024.2.5.psyexp,2024.2.5,2025-08-18 17h00.27.012906 +0200,
0,0,0,0,0,0,0,,,,,,,,,#F989A2,730.0172278881073,False,space,correct rejection,None,550.9817600250244,text_09,27,6,2back_dual_main_click,2,Mühlteich,51,50,101,120,60,,,,,,,,,,,20,02,yes,no,no,2025-08-18_16h47.41.980,EXNAT_4_TMS_Psychopy2024.2.5.psyexp,2024.2.5,2025-08-18 17h00.27.012906 +0200,
0,0,0,0,0,0,0,,,,,,,,,#D292F3,730.6243524551392,False,space,correct rejection,None,727.8764247894287,text_09,28,6,2back_dual_main_click,2,ins,51,50,101,120,60,,,,,,,,,,,20,02,yes,no,no,2025-08-18_16h47.41.980,EXNAT_4_TMS_Psychopy2024.2.5.psyexp,2024.2.5,2025-08-18 17h00.27.012906 +0200,
0,0,0,0,0,0,0,,,,,,,,,#D292F3,731.4082288742065,False,space,correct rejection,None,615.9827709197998,text_09,29,6,2back_dual_main_click,2,Wasser.,51,50,101,120,60,,,,,,,,,,,20,02,yes,no,no,2025-08-18_16h47.41.980,EXNAT_4_TMS_Psychopy2024.2.5.psyexp,2024.2.5,2025-08-18 17h00.27.012906 +0200,
0,0,0,0,0,0,0,,,,,,,,,#F989A2,732.0801787376404,False,space,correct rejection,None,664.0336513519287,text_09,30,6,2back_dual_main_click,2,Forscher,52,50,102,120,60,732.5081605911255,,,,,,,,,,20,02,yes,no,no,2025-08-18_16h47.41.980,EXNAT_4_TMS_Psychopy2024.2.5.psyexp,2024.2.5,2025-08-18 17h00.27.012906 +0200,
0,0,0,0,0,0,0,,,,,,,,,#D292F3,732.7999041080475,True,space,miss,None,584.2504501342773,text_09,31,6,2back_dual_main_click,2,der,52,50,102,120,60,,,,,,,,,,,20,02,yes,no,no,2025-08-18_16h47.41.980,EXNAT_4_TMS_Psychopy2024.2.5.psyexp,2024.2.5,2025-08-18 17h00.27.012906 +0200,
0,0,0,0,0,0,0,,,,,,,,,#88BA3F,733.4406526088715,False,space,correct rejection,None,679.5685291290283,text_09,32,6,2back_dual_main_click,2,Universität,52,50,102,120,60,,,,,,,,,,,20,02,yes,no,no,2025-08-18_16h47.41.980,EXNAT_4_TMS_Psychopy2024.2.5.psyexp,2024.2.5,2025-08-18 17h00.27.012906 +0200,
0,0,0,0,0,0,0,,,,,,,,,#F989A2,734.1769700050354,False,space,correct rejection,None,663.153886795044,text_09,33,6,2back_dual_main_click,2,Oxford,52,50,102,120,60,,,,,,,,,,,20,02,yes,no,no,2025-08-18_16h47.41.980,EXNAT_4_TMS_Psychopy2024.2.5.psyexp,2024.2.5,2025-08-18 17h00.27.012906 +0200,
0,0,0,0,0,0,0,,,,,,,,,#2AB7EF,734.8962609767914,False,space,correct rejection,None,647.892951965332,text_09,34,6,2back_dual_main_click,2,vermuten,52,50,102,120,60,,,,,,,,,,,20,02,yes,no,no,2025-08-18_16h47.41.980,EXNAT_4_TMS_Psychopy2024.2.5.psyexp,2024.2.5,2025-08-18 17h00.27.012906 +0200,
0,0,0,0,0,0,0,,,,,,,,,#2AB7EF,735.5995786190033,False,space,correct rejection,None,600.5659103393555,text_09,35,6,2back_dual_main_click,2,einen,52,50,102,120,60,,,,,,,,,,,20,02,yes,no,no,2025-08-18_16h47.41.980,EXNAT_4_TMS_Psychopy2024.2.5.psyexp,2024.2.5,2025-08-18 17h00.27.012906 +0200,
0,0,0,0,0,0,0,,,,,,,,,#88BA3F,736.2566237449646,False,space,correct rejection,None,759.5419883728027,text_09,36,6,2back_dual_main_click,2,Zusammenhang,52,50,102,120,60,,,,,,,,,,,20,02,yes,no,no,2025-08-18_16h47.41.980,EXNAT_4_TMS_Psychopy2024.2.5.psyexp,2024.2.5,2025-08-18 17h00.27.012906 +0200,
0,0,0,0,0,0,0,,,,,,,,,#F989A2,737.0707242488861,False,space,correct rejection,None,793.3988571166992,text_09,37,6,2back_dual_main_click,2,mit,52,50,102,120,60,,,,,,,,,,,20,02,yes,no,no,2025-08-18_16h47.41.980,EXNAT_4_TMS_Psychopy2024.2.5.psyexp,2024.2.5,2025-08-18 17h00.27.012906 +0200,
0,0,0,0,0,0,0,,,,,,,,,#2AB7EF,737.9191284179688,False,space,correct rejection,None,937.079906463623,text_09,38,6,2back_dual_main_click,2,Shakespeares,52,50,102,120,60,,,,,,,,,,,20,02,yes,no,no,2025-08-18_16h47.41.980,EXNAT_4_TMS_Psychopy2024.2.5.psyexp,2024.2.5,2025-08-18 17h00.27.012906 +0200,
0,0,0,0,0,0,0,,,,,,,,,#88BA3F,738.9128160476685,False,space,correct rejection,None,647.2551822662354,text_09,39,6,2back_dual_main_click,2,späterem,52,50,102,120,60,,,,,,,,,,,20,02,yes,no,no,2025-08-18_16h47.41.980,EXNAT_4_TMS_Psychopy2024.2.5.psyexp,2024.2.5,2025-08-18 17h00.27.012906 +0200,
0,0,0,0,0,0,0,,,,,,,,,#D292F3,739.6141827106476,False,space,correct rejection,None,746.0513114929199,text_09,40,6,2back_dual_main_click,2,Drama,52,50,102,120,60,,,,,,,,,,,20,02,yes,no,no,2025-08-18_16h47.41.980,EXNAT_4_TMS_Psychopy2024.2.5.psyexp,2024.2.5,2025-08-18 17h00.27.012906 +0200,
0,0,0,0,0,0,0,,,,,,,,,#88BA3F,740.4165608882904,True,space,miss,None,887.7379894256592,text_09,41,6,2back_dual_main_click,2,""Hamlet."",52,51,103,120,60,740.469358921051,,,,,,,,,,20,02,yes,no,no,2025-08-18_16h47.41.980,EXNAT_4_TMS_Psychopy2024.2.5.psyexp,2024.2.5,2025-08-18 17h00.27.012906 +0200,
0,0,0,0,0,0,0,,,,,,,,,#D292F3,741.3583788871765,True,space,miss,None,585.7501029968262,text_09,42,6,2back_dual_main_click,2,In,52,51,103,120,60,,,,,,,,,,,20,02,yes,no,no,2025-08-18_16h47.41.980,EXNAT_4_TMS_Psychopy2024.2.5.psyexp,2024.2.5,2025-08-18 17h00.27.012906 +0200,
0,0,0,0,0,0,0,,,,,,,,,#2AB7EF,741.9989731311798,False,space,correct rejection,None,505.0520896911621,text_09,43,6,2back_dual_main_click,2,dem,52,51,103,120,60,,,,,,,,,,,20,02,yes,no,no,2025-08-18_16h47.41.980,EXNAT_4_TMS_Psychopy2024.2.5.psyexp,2024.2.5,2025-08-18 17h00.27.012906 +0200,
0,0,0,0,0,0,0,,,,,,,,,#D292F3,742.5587828159332,True,l,hit,617.4626350402832,1017.3671245574951,text_09,44,6,2back_dual_main_click,2,Stück,52,51,103,120,60,,,,,,,,,,,20,02,yes,no,no,2025-08-18_16h47.41.980,EXNAT_4_TMS_Psychopy2024.2.5.psyexp,2024.2.5,2025-08-18 17h00.27.012906 +0200,
0,0,0,0,0,0,0,,,,,,,,,#2AB7EF,743.631472826004,True,space,miss,None,552.7195930480957,text_09,45,6,2back_dual_main_click,2,tötet,52,51,103,120,60,,,,,,,,,,,20,02,yes,no,no,2025-08-18_16h47.41.980,EXNAT_4_TMS_Psychopy2024.2.5.psyexp,2024.2.5,2025-08-18 17h00.27.012906 +0200,
0,0,0,0,0,0,0,,,,,,,,,#F989A2,744.2410826683044,False,space,correct rejection,None,567.1560764312744,text_09,46,6,2back_dual_main_click,2,Hamlet,52,51,103,120,60,,,,,,,,,,,20,02,yes,no,no,2025-08-18_16h47.41.980,EXNAT_4_TMS_Psychopy2024.2.5.psyexp,2024.2.5,2025-08-18 17h00.27.012906 +0200,
0,0,0,0,0,0,0,,,,,,,,,#F989A2,744.8643810749054,False,space,correct rejection,None,535.7785224914551,text_09,47,6,2back_dual_main_click,2,versehentlich,52,51,103,120,60,,,,,,,,,,,20,02,yes,no,no,2025-08-18_16h47.41.980,EXNAT_4_TMS_Psychopy2024.2.5.psyexp,2024.2.5,2025-08-18 17h00.27.012906 +0200,
0,0,0,0,0,0,0,,,,,,,,,#88BA3F,745.4566669464111,False,space,correct rejection,None,567.4991607666016,text_09,48,6,2back_dual_main_click,2,den,53,51,104,120,60,745.5094428062439,,,,,,,,,,20,02,yes,no,no,2025-08-18_16h47.41.980,EXNAT_4_TMS_Psychopy2024.2.5.psyexp,2024.2.5,2025-08-18 17h00.27.012906 +0200,
0,0,0,0,0,0,0,,,,,,,,,#D292F3,746.0775978565216,False,space,correct rejection,None,570.6298351287842,text_09,49,6,2back_dual_main_click,2,Vater,53,51,104,120,60,,,,,,,,,,,20,02,yes,no,no,2025-08-18_16h47.41.980,EXNAT_4_TMS_Psychopy2024.2.5.psyexp,2024.2.5,2025-08-18 17h00.27.012906 +0200,
0,0,0,0,0,0,0,,,,,,,,,#F989A2,746.7034525871277,False,space,correct rejection,None,504.791259765625,text_09,50,6,2back_dual_main_click,2,seiner,53,51,104,120,60,,,,,,,,,,,20,02,yes,no,no,2025-08-18_16h47.41.980,EXNAT_4_TMS_Psychopy2024.2.5.psyexp,2024.2.5,2025-08-18 17h00.27.012906 +0200,
0,0,0,0,0,0,0,,,,,,,,,#2AB7EF,747.2650105953217,False,space,correct rejection,None,599.1291999816895,text_09,51,6,2back_dual_main_click,2,Geliebten,53,51,104,120,60,,,,,,,,,,,20,02,yes,no,no,2025-08-18_16h47.41.980,EXNAT_4_TMS_Psychopy2024.2.5.psyexp,2024.2.5,2025-08-18 17h00.27.012906 +0200,
0,0,0,0,0,0,0,,,,,,,,,#F989A2,747.9201855659485,True,l,hit,967.9646492004395,1431.9720268249512,text_09,52,6,2back_dual_main_click,2,Ophelia.,53,51,104,120,60,,,,,,,,,,,20,02,yes,no,no,2025-08-18_16h47.41.980,EXNAT_4_TMS_Psychopy2024.2.5.psyexp,2024.2.5,2025-08-18 17h00.27.012906 +0200,
0,0,0,0,0,0,0,,,,,,,,,#88BA3F,749.4090354442596,False,space,correct rejection,None,534.9376201629639,text_09,53,6,2back_dual_main_click,2,Kurz,53,51,104,120,60,,,,,,,,,,,20,02,yes,no,no,2025-08-18_16h47.41.980,EXNAT_4_TMS_Psychopy2024.2.5.psyexp,2024.2.5,2025-08-18 17h00.27.012906 +0200,
0,0,0,0,0,0,0,,,,,,,,,#D292F3,750.0005252361298,False,space,correct rejection,None,599.6983051300049,text_09,54,6,2back_dual_main_click,2,danach,53,51,104,120,60,,,,,,,,,,,20,02,yes,no,no,2025-08-18_16h47.41.980,EXNAT_4_TMS_Psychopy2024.2.5.psyexp,2024.2.5,2025-08-18 17h00.27.012906 +0200,
0,0,0,0,0,0,0,,,,,,,,,#D292F3,750.6547040939331,False,space,correct rejection,None,633.5427761077881,text_09,55,6,2back_dual_main_click,2,fällt,53,51,104,120,60,,,,,,,,,,,20,02,yes,no,no,2025-08-18_16h47.41.980,EXNAT_4_TMS_Psychopy2024.2.5.psyexp,2024.2.5,2025-08-18 17h00.27.012906 +0200,
0,0,0,0,0,0,0,,,,,,,,,#88BA3F,751.3432121276855,False,space,correct rejection,None,585.033655166626,text_09,56,6,2back_dual_main_click,2,die,53,51,104,120,60,,,,,,,,,,,20,02,yes,no,no,2025-08-18_16h47.41.980,EXNAT_4_TMS_Psychopy2024.2.5.psyexp,2024.2.5,2025-08-18 17h00.27.012906 +0200,
0,0,0,0,0,0,0,,,,,,,,,#88BA3F,751.9835088253021,False,space,correct rejection,None,584.7232341766357,text_09,57,6,2back_dual_main_click,2,verzweifelte,53,51,104,120,60,,,,,,,,,,,20,02,yes,no,no,2025-08-18_16h47.41.980,EXNAT_4_TMS_Psychopy2024.2.5.psyexp,2024.2.5,2025-08-18 17h00.27.012906 +0200,
0,0,0,0,0,0,0,,,,,,,,,#2AB7EF,752.6243886947632,False,space,correct rejection,None,855.8545112609863,text_09,58,6,2back_dual_main_click,2,Edeldame,53,51,104,120,60,,,,,,,,,,,20,02,yes,no,no,2025-08-18_16h47.41.980,EXNAT_4_TMS_Psychopy2024.2.5.psyexp,2024.2.5,2025-08-18 17h00.27.012906 +0200,
0,0,0,0,0,0,0,,,,,,,,,#F989A2,753.5346779823303,False,space,correct rejection,None,697.5357532501221,text_09,59,6,2back_dual_main_click,2,beim,53,51,104,120,60,,,,,,,,,,,20,02,yes,no,no,2025-08-18_16h47.41.980,EXNAT_4_TMS_Psychopy2024.2.5.psyexp,2024.2.5,2025-08-18 17h00.27.012906 +0200,
0,0,0,0,0,0,0,,,,,,,,,#2AB7EF,754.2877249717712,True,space,miss,None,728.4882068634033,text_09,60,6,2back_dual_main_click,2,Blumenpflücken,53,52,105,120,60,754.3391623497009,,,,,,,,,,20,02,yes,no,no,2025-08-18_16h47.41.980,EXNAT_4_TMS_Psychopy2024.2.5.psyexp,2024.2.5,2025-08-18 17h00.27.012906 +0200,
0,0,0,0,0,0,0,,,,,,,,,#F989A2,755.0707201957703,True,space,miss,None,793.4281826019287,text_09,61,6,2back_dual_main_click,2,in,53,52,105,120,60,,,,,,,,,,,20,02,yes,no,no,2025-08-18_16h47.41.980,EXNAT_4_TMS_Psychopy2024.2.5.psyexp,2024.2.5,2025-08-18 17h00.27.012906 +0200,
0,0,0,0,0,0,0,,,,,,,,,#88BA3F,755.9206364154816,False,space,correct rejection,None,583.6479663848877,text_09,62,6,2back_dual_main_click,2,einen,53,52,105,120,60,,,,,,,,,,,20,02,yes,no,no,2025-08-18_16h47.41.980,EXNAT_4_TMS_Psychopy2024.2.5.psyexp,2024.2.5,2025-08-18 17h00.27.012906 +0200,
0,0,0,0,0,0,0,,,,,,,,,#2AB7EF,756.5597307682037,False,space,correct rejection,None,552.473783493042,text_09,63,6,2back_dual_main_click,2,Bach.,53,52,105,120,60,,,,,,,,,,,20,02,yes,no,no,2025-08-18_16h47.41.980,EXNAT_4_TMS_Psychopy2024.2.5.psyexp,2024.2.5,2025-08-18 17h00.27.012906 +0200,
0,0,0,0,0,0,0,,,,,,,,,#F989A2,757.167641878128,False,space,correct rejection,None,696.6269016265869,text_09,64,6,2back_dual_main_click,2,Ihr,53,52,105,120,60,,,,,,,,,,,20,02,yes,no,no,2025-08-18_16h47.41.980,EXNAT_4_TMS_Psychopy2024.2.5.psyexp,2024.2.5,2025-08-18 17h00.27.012906 +0200,
0,0,0,0,0,0,0,,,,,,,,,#2AB7EF,757.9208858013153,True,space,miss,None,567.3103332519531,text_09,65,6,2back_dual_main_click,2,Kleid,53,52,105,120,60,,,,,,,,,,,20,02,yes,no,no,2025-08-18_16h47.41.980,EXNAT_4_TMS_Psychopy2024.2.5.psyexp,2024.2.5,2025-08-18 17h00.27.012906 +0200,
0,0,0,0,0,0,0,,,,,,,,,#F989A2,758.5437114238739,True,l,hit,440.43612480163574,888.4735107421875,text_09,66,6,2back_dual_main_click,2,saugt,53,53,106,120,60,759.3390853404999,,,,,,,,,,20,02,yes,no,no,2025-08-18_16h47.41.980,EXNAT_4_TMS_Psychopy2024.2.5.psyexp,2024.2.5,2025-08-18 17h00.27.012906 +0200,
0,0,0,0,0,0,0,,,,,,,,,#2AB7EF,759.487740278244,True,l,hit,568.4802532196045,1016.4217948913574,text_09,67,6,2back_dual_main_click,2,sich,53,53,106,120,60,,,,,,,,,,,20,02,yes,no,no,2025-08-18_16h47.41.980,EXNAT_4_TMS_Psychopy2024.2.5.psyexp,2024.2.5,2025-08-18 17h00.27.012906 +0200,
0,0,0,0,0,0,0,,,,,,,,,#D292F3,760.5595066547394,False,space,correct rejection,None,552.600622177124,text_09,68,6,2back_dual_main_click,2,mit,53,53,106,120,60,,,,,,,,,,,20,02,yes,no,no,2025-08-18_16h47.41.980,EXNAT_4_TMS_Psychopy2024.2.5.psyexp,2024.2.5,2025-08-18 17h00.27.012906 +0200,
0,0,0,0,0,0,0,,,,,,,,,#88BA3F,761.1679742336273,False,space,correct rejection,None,600.3007888793945,text_09,69,6,2back_dual_main_click,2,Wasser,53,53,106,120,60,,,,,,,,,,,20,02,yes,no,no,2025-08-18_16h47.41.980,EXNAT_4_TMS_Psychopy2024.2.5.psyexp,2024.2.5,2025-08-18 17h00.27.012906 +0200,
0,0,0,0,0,0,0,,,,,,,,,#D292F3,761.8082768917084,True,space,miss,None,599.8680591583252,text_09,70,6,2back_dual_main_click,2,voll,53,53,106,120,60,,,,,,,,,,,20,02,yes,no,no,2025-08-18_16h47.41.980,EXNAT_4_TMS_Psychopy2024.2.5.psyexp,2024.2.5,2025-08-18 17h00.27.012906 +0200,
0,0,0,0,0,0,0,,,,,,,,,#88BA3F,762.4509994983673,True,l,hit,485.1956367492676,965.1174545288086,text_09,71,6,2back_dual_main_click,2,und,53,53,106,120,60,,,,,,,,,,,20,02,yes,no,no,2025-08-18_16h47.41.980,EXNAT_4_TMS_Psychopy2024.2.5.psyexp,2024.2.5,2025-08-18 17h00.27.012906 +0200,
0,0,0,0,0,0,0,,,,,,,,,#D292F3,763.45458984375,True,l,hit,633.6860656738281,1065.5782222747803,text_09,72,6,2back_dual_main_click,2,sie,53,54,107,120,60,764.3390934467316,,,,,,,,,,20,02,yes,no,no,2025-08-18_16h47.41.980,EXNAT_4_TMS_Psychopy2024.2.5.psyexp,2024.2.5,2025-08-18 17h00.27.012906 +0200,
0,0,0,0,0,0,0,,,,,,,,,#F989A2,764.5608303546906,False,space,correct rejection,None,711.3468647003174,text_09,73,6,2back_dual_main_click,2,geht,53,54,107,120,60,,,,,,,,,,,20,02,yes,no,no,2025-08-18_16h47.41.980,EXNAT_4_TMS_Psychopy2024.2.5.psyexp,2024.2.5,2025-08-18 17h00.27.012906 +0200,
0,0,0,0,0,0,0,,,,,,,,,#88BA3F,765.3104336261749,False,space,correct rejection,None,1241.8441772460938,text_09,74,6,2back_dual_main_click,2,unter.,53,54,107,120,60,,,,,,,,,,,20,02,yes,no,no,2025-08-18_16h47.41.980,EXNAT_4_TMS_Psychopy2024.2.5.psyexp,2024.2.5,2025-08-18 17h00.27.012906 +0200,
0,0,0,0,0,0,0,,,,,,,,,#2AB7EF,766.6022527217865,False,space,correct rejection,None,621.9921112060547,text_09,75,6,2back_dual_main_click,2,Ob,53,54,107,120,60,,,,,,,,,,,20,02,yes,no,no,2025-08-18_16h47.41.980,EXNAT_4_TMS_Psychopy2024.2.5.psyexp,2024.2.5,2025-08-18 17h00.27.012906 +0200,
0,0,0,0,0,0,0,,,,,,,,,#F989A2,767.2793698310852,False,space,correct rejection,None,648.871660232544,text_09,76,6,2back_dual_main_click,2,es,53,54,107,120,60,,,,,,,,,,,20,02,yes,no,no,2025-08-18_16h47.41.980,EXNAT_4_TMS_Psychopy2024.2.5.psyexp,2024.2.5,2025-08-18 17h00.27.012906 +0200,
0,0,0,0,0,0,0,,,,,,,,,#D292F3,767.9841067790985,False,space,correct rejection,None,856.1263084411621,text_09,77,6,2back_dual_main_click,2,ein,53,54,107,120,60,,,,,,,,,,,20,02,yes,no,no,2025-08-18_16h47.41.980,EXNAT_4_TMS_Psychopy2024.2.5.psyexp,2024.2.5,2025-08-18 17h00.27.012906 +0200,
0,0,0,0,0,0,0,,,,,,,,,#F989A2,768.8950097560883,True,l,hit,969.19846534729,1481.137990951538,text_09,78,6,2back_dual_main_click,2,Unfall,53,55,108,120,60,769.3390905857086,,,,,,,,,,20,02,yes,no,no,2025-08-18_16h47.41.980,EXNAT_4_TMS_Psychopy2024.2.5.psyexp,2024.2.5,2025-08-18 17h00.27.012906 +0200,
0,0,0,0,0,0,0,,,,,,,,,#D292F3,770.4312546253204,True,l,hit,872.967004776001,1240.910291671753,text_09,79,6,2back_dual_main_click,2,oder,53,55,108,120,60,,,,,,,,,,,20,02,yes,no,no,2025-08-18_16h47.41.980,EXNAT_4_TMS_Psychopy2024.2.5.psyexp,2024.2.5,2025-08-18 17h00.27.012906 +0200,
0,0,0,0,0,0,0,,,,,,,,,#2AB7EF,771.7270464897156,False,space,correct rejection,None,745.1066970825195,text_09,80,6,2back_dual_main_click,2,ein,53,55,108,120,60,,,,,,,,,,,20,02,yes,no,no,2025-08-18_16h47.41.980,EXNAT_4_TMS_Psychopy2024.2.5.psyexp,2024.2.5,2025-08-18 17h00.27.012906 +0200,
0,0,0,0,0,0,0,,,,,,,,,#2AB7EF,772.5284390449524,False,space,correct rejection,None,551.767110824585,text_09,81,6,2back_dual_main_click,2,Suizid,53,55,108,120,60,,,,,,,,,,,20,02,yes,no,no,2025-08-18_16h47.41.980,EXNAT_4_TMS_Psychopy2024.2.5.psyexp,2024.2.5,2025-08-18 17h00.27.012906 +0200,
0,0,0,0,0,0,0,,,,,,,,,#88BA3F,773.134396314621,False,space,correct rejection,None,617.7756786346436,text_09,82,6,2back_dual_main_click,2,"ist,",53,55,108,120,60,,,,,,,,,,,20,02,yes,no,no,2025-08-18_16h47.41.980,EXNAT_4_TMS_Psychopy2024.2.5.psyexp,2024.2.5,2025-08-18 17h00.27.012906 +0200,
0,0,0,0,0,0,0,,,,,,,,,#88BA3F,773.8075919151306,False,space,correct rejection,None,584.6688747406006,text_09,83,6,2back_dual_main_click,2,wird,54,55,109,120,60,774.3391280174255,,,,,,,,,,20,02,yes,no,no,2025-08-18_16h47.41.980,EXNAT_4_TMS_Psychopy2024.2.5.psyexp,2024.2.5,2025-08-18 17h00.27.012906 +0200,
0,0,0,0,0,0,0,,,,,,,,,#D292F3,774.4472136497498,False,space,correct rejection,None,712.9948139190674,text_09,84,6,2back_dual_main_click,2,im,54,55,109,120,60,,,,,,,,,,,20,02,yes,no,no,2025-08-18_16h47.41.980,EXNAT_4_TMS_Psychopy2024.2.5.psyexp,2024.2.5,2025-08-18 17h00.27.012906 +0200,
0,0,0,0,0,0,0,,,,,,,,,#F989A2,775.2160012722015,False,space,correct rejection,None,712.144136428833,text_09,85,6,2back_dual_main_click,2,Stück,54,55,109,120,60,,,,,,,,,,,20,02,yes,no,no,2025-08-18_16h47.41.980,EXNAT_4_TMS_Psychopy2024.2.5.psyexp,2024.2.5,2025-08-18 17h00.27.012906 +0200,
0,0,0,0,0,0,0,,,,,,,,,#88BA3F,775.9851315021515,False,space,correct rejection,None,775.1021385192871,text_09,86,6,2back_dual_main_click,2,offengelassen.,54,55,109,120,60,,,,,,,,,,,20,02,yes,no,no,2025-08-18_16h47.41.980,EXNAT_4_TMS_Psychopy2024.2.5.psyexp,2024.2.5,2025-08-18 17h00.27.012906 +0200,
0,0,0,0,0,0,0,,,,,,,,,#2AB7EF,776.8159577846527,False,space,correct rejection,None,920.018196105957,text_09,87,6,2back_dual_main_click,2,Historiker,54,55,109,120,60,,,,,,,,,,,20,02,yes,no,no,2025-08-18_16h47.41.980,EXNAT_4_TMS_Psychopy2024.2.5.psyexp,2024.2.5,2025-08-18 17h00.27.012906 +0200,
0,0,0,0,0,0,0,,,,,,,,,#D292F3,777.7930355072021,False,space,correct rejection,None,567.2216415405273,text_09,88,6,2back_dual_main_click,2,wurden,54,55,109,120,60,,,,,,,,,,,20,02,yes,no,no,2025-08-18_16h47.41.980,EXNAT_4_TMS_Psychopy2024.2.5.psyexp,2024.2.5,2025-08-18 17h00.27.012906 +0200,
0,0,0,0,0,0,0,,,,,,,,,#88BA3F,778.4160521030426,False,space,correct rejection,None,856.1215400695801,text_09,89,6,2back_dual_main_click,2,durch,54,55,109,120,60,,,,,,,,,,,20,02,yes,no,no,2025-08-18_16h47.41.980,EXNAT_4_TMS_Psychopy2024.2.5.psyexp,2024.2.5,2025-08-18 17h00.27.012906 +0200,
0,0,0,0,0,0,0,,,,,,,,,#2AB7EF,779.3266286849976,False,space,correct rejection,None,873.417854309082,text_09,90,6,2back_dual_main_click,2,alte,55,55,110,120,60,779.380387544632,,,,,,,,,,20,02,yes,no,no,2025-08-18_16h47.41.980,EXNAT_4_TMS_Psychopy2024.2.5.psyexp,2024.2.5,2025-08-18 17h00.27.012906 +0200,
0,0,0,0,0,0,0,,,,,,,,,#D292F3,780.2549467086792,False,l,false alarm,1113.3270263671875,1513.1726264953613,text_09,91,6,2back_dual_main_click,2,medizinische,55,55,110,120,60,,,,,,,,,,,20,02,yes,no,no,2025-08-18_16h47.41.980,EXNAT_4_TMS_Psychopy2024.2.5.psyexp,2024.2.5,2025-08-18 17h00.27.012906 +0200,
0,0,0,0,0,0,0,,,,,,,,,#F989A2,781.8223958015442,False,space,correct rejection,None,585.6215953826904,text_09,92,6,2back_dual_main_click,2,Akten,55,55,110,120,60,,,,,,,,,,,20,02,yes,no,no,2025-08-18_16h47.41.980,EXNAT_4_TMS_Psychopy2024.2.5.psyexp,2024.2.5,2025-08-18 17h00.27.012906 +0200,
0,0,0,0,0,0,0,,,,,,,,,#2AB7EF,782.447732925415,False,space,correct rejection,None,616.4450645446777,text_09,93,6,2back_dual_main_click,2,auf,55,55,110,120,60,,,,,,,,,,,20,02,yes,no,no,2025-08-18_16h47.41.980,EXNAT_4_TMS_Psychopy2024.2.5.psyexp,2024.2.5,2025-08-18 17h00.27.012906 +0200,
0,0,0,0,0,0,0,,,,,,,,,#D292F3,783.1048746109009,False,space,correct rejection,None,599.3306636810303,text_09,94,6,2back_dual_main_click,2,die,55,55,110,120,60,,,,,,,,,,,20,02,yes,no,no,2025-08-18_16h47.41.980,EXNAT_4_TMS_Psychopy2024.2.5.psyexp,2024.2.5,2025-08-18 17h00.27.012906 +0200,
0,0,0,0,0,0,0,,,,,,,,,#F989A2,783.747545003891,False,space,correct rejection,None,644.6497440338135,text_09,95,6,2back_dual_main_click,2,Ähnlichkeit,56,55,111,120,60,784.38028216362,,,,,,,,,,20,02,yes,no,no,2025-08-18_16h47.41.980,EXNAT_4_TMS_Psychopy2024.2.5.psyexp,2024.2.5,2025-08-18 17h00.27.012906 +0200,
0,0,0,0,0,0,0,,,,,,,,,#88BA3F,784.4297211170197,False,space,correct rejection,None,778.4702777862549,text_09,96,6,2back_dual_main_click,2,der,56,55,111,120,60,,,,,,,,,,,20,02,yes,no,no,2025-08-18_16h47.41.980,EXNAT_4_TMS_Psychopy2024.2.5.psyexp,2024.2.5,2025-08-18 17h00.27.012906 +0200,
0,0,0,0,0,0,0,,,,,,,,,#2AB7EF,785.2492187023163,False,space,correct rejection,None,582.9763412475586,text_09,97,6,2back_dual_main_click,2,Fälle,56,55,111,120,60,,,,,,,,,,,20,02,yes,no,no,2025-08-18_16h47.41.980,EXNAT_4_TMS_Psychopy2024.2.5.psyexp,2024.2.5,2025-08-18 17h00.27.012906 +0200,
0,0,0,0,0,0,0,,,,,,,,,#F989A2,785.8749876022339,False,space,correct rejection,None,661.1838340759277,text_09,98,6,2back_dual_main_click,2,aufmerksam.,56,55,111,120,60,,,,,,,,,,,20,02,yes,no,no,2025-08-18_16h47.41.980,EXNAT_4_TMS_Psychopy2024.2.5.psyexp,2024.2.5,2025-08-18 17h00.27.012906 +0200,
0,0,0,0,0,0,0,,,,,,,,,#2AB7EF,786.5740265846252,True,space,miss,None,1050.2309799194336,text_09,99,6,2back_dual_main_click,2,Auch,56,55,111,120,60,,,,,,,,,,,20,02,yes,no,no,2025-08-18_16h47.41.980,EXNAT_4_TMS_Psychopy2024.2.5.psyexp,2024.2.5,2025-08-18 17h00.27.012906 +0200,
0,0,0,0,0,0,0,,,,,,,,,#D292F3,787.6632287502289,False,space,correct rejection,None,616.9426441192627,text_09,100,6,2back_dual_main_click,2,die,56,55,111,120,60,,,,,,,,,,,20,02,yes,no,no,2025-08-18_16h47.41.980,EXNAT_4_TMS_Psychopy2024.2.5.psyexp,2024.2.5,2025-08-18 17h00.27.012906 +0200,
0,0,0,0,0,0,0,,,,,,,,,#2AB7EF,788.31884932518,True,l,hit,649.3268013000488,1033.3378314971924,text_09,101,6,2back_dual_main_click,2,fast,56,55,111,120,60,,,,,,,,,,,20,02,yes,no,no,2025-08-18_16h47.41.980,EXNAT_4_TMS_Psychopy2024.2.5.psyexp,2024.2.5,2025-08-18 17h00.27.012906 +0200,
0,0,0,0,0,0,0,,,,,,,,,#F989A2,789.3928380012512,False,space,correct rejection,None,599.358081817627,text_09,102,6,2back_dual_main_click,2,gleichen,57,55,112,120,60,789.4486920833588,,,,,,,,,,20,02,yes,no,no,2025-08-18_16h47.41.980,EXNAT_4_TMS_Psychopy2024.2.5.psyexp,2024.2.5,2025-08-18 17h00.27.012906 +0200,
0,0,0,0,0,0,0,,,,,,,,,#F989A2,790.0331265926361,False,space,correct rejection,None,663.0733013153076,text_09,103,6,2back_dual_main_click,2,Nachnamen,57,55,112,120,60,,,,,,,,,,,20,02,yes,no,no,2025-08-18_16h47.41.980,EXNAT_4_TMS_Psychopy2024.2.5.psyexp,2024.2.5,2025-08-18 17h00.27.012906 +0200,
0,0,0,0,0,0,0,,,,,,,,,#88BA3F,790.7337758541107,False,space,correct rejection,None,650.3956317901611,text_09,104,6,2back_dual_main_click,2,fielen,57,55,112,120,60,,,,,,,,,,,20,02,yes,no,no,2025-08-18_16h47.41.980,EXNAT_4_TMS_Psychopy2024.2.5.psyexp,2024.2.5,2025-08-18 17h00.27.012906 +0200,
0,0,0,0,0,0,0,,,,,,,,,#D292F3,791.4227662086487,False,space,correct rejection,None,601.529598236084,text_09,105,6,2back_dual_main_click,2,auf.,57,55,112,120,60,,,,,,,,,,,20,02,yes,no,no,2025-08-18_16h47.41.980,EXNAT_4_TMS_Psychopy2024.2.5.psyexp,2024.2.5,2025-08-18 17h00.27.012906 +0200,
0,0,0,0,0,0,0,,,,,,,,,#88BA3F,792.0638973712921,True,space,miss,None,648.308515548706,text_09,106,6,2back_dual_main_click,2,Da,57,55,112,120,60,,,,,,,,,,,20,02,yes,no,no,2025-08-18_16h47.41.980,EXNAT_4_TMS_Psychopy2024.2.5.psyexp,2024.2.5,2025-08-18 17h00.27.012906 +0200,
0,0,0,0,0,0,0,,,,,,,,,#88BA3F,792.7532186508179,False,space,correct rejection,None,615.0603294372559,text_09,107,6,2back_dual_main_click,2,es,57,55,112,120,60,,,,,,,,,,,20,02,yes,no,no,2025-08-18_16h47.41.980,EXNAT_4_TMS_Psychopy2024.2.5.psyexp,2024.2.5,2025-08-18 17h00.27.012906 +0200,
0,0,0,0,0,0,0,,,,,,,,,#D292F3,793.4103236198425,False,space,correct rejection,None,597.9564189910889,text_09,108,6,2back_dual_main_click,2,damals,57,55,112,120,60,,,,,,,,,,,20,02,yes,no,no,2025-08-18_16h47.41.980,EXNAT_4_TMS_Psychopy2024.2.5.psyexp,2024.2.5,2025-08-18 17h00.27.012906 +0200,
0,0,0,0,0,0,0,,,,,,,,,#D292F3,794.0499603748322,False,space,correct rejection,None,566.3254261016846,text_09,109,6,2back_dual_main_click,2,keine,57,55,112,120,60,,,,,,,,,,,20,02,yes,no,no,2025-08-18_16h47.41.980,EXNAT_4_TMS_Psychopy2024.2.5.psyexp,2024.2.5,2025-08-18 17h00.27.012906 +0200,
0,0,0,0,0,0,0,,,,,,,,,#2AB7EF,794.6558365821838,False,space,correct rejection,None,680.4630756378174,text_09,110,6,2back_dual_main_click,2,festen,57,55,112,120,60,,,,,,,,,,,20,02,yes,no,no,2025-08-18_16h47.41.980,EXNAT_4_TMS_Psychopy2024.2.5.psyexp,2024.2.5,2025-08-18 17h00.27.012906 +0200,
0,0,0,0,0,0,0,,,,,,,,,#F989A2,795.3768367767334,False,space,correct rejection,None,855.2556037902832,text_09,111,6,2back_dual_main_click,2,Schreibweisen,57,55,112,120,60,,,,,,,,,,,20,02,yes,no,no,2025-08-18_16h47.41.980,EXNAT_4_TMS_Psychopy2024.2.5.psyexp,2024.2.5,2025-08-18 17h00.27.012906 +0200,
0,0,0,0,0,0,0,,,,,,,,,#F989A2,796.2707848548889,False,space,correct rejection,None,601.5622615814209,text_09,112,6,2back_dual_main_click,2,"gab,",57,55,112,120,60,,,,,,,,,,,20,02,yes,no,no,2025-08-18_16h47.41.980,EXNAT_4_TMS_Psychopy2024.2.5.psyexp,2024.2.5,2025-08-18 17h00.27.012906 +0200,
0,0,0,0,0,0,0,,,,,,,,,#88BA3F,796.9134106636047,False,space,correct rejection,None,694.9906349182129,text_09,113,6,2back_dual_main_click,2,könnten,57,55,112,120,60,,,,,,,,,,,20,02,yes,no,no,2025-08-18_16h47.41.980,EXNAT_4_TMS_Psychopy2024.2.5.psyexp,2024.2.5,2025-08-18 17h00.27.012906 +0200,
0,0,0,0,0,0,0,,,,,,,,,#D292F3,797.6492133140564,False,space,correct rejection,None,663.1371974945068,text_09,114,6,2back_dual_main_click,2,William,57,55,112,120,60,,,,,,,,,,,20,02,yes,no,no,2025-08-18_16h47.41.980,EXNAT_4_TMS_Psychopy2024.2.5.psyexp,2024.2.5,2025-08-18 17h00.27.012906 +0200,
0,0,0,0,0,0,0,,,,,,,,,#88BA3F,798.3511867523193,True,space,miss,None,697.1297264099121,text_09,115,6,2back_dual_main_click,2,und,57,56,113,120,60,798.402731180191,,,,,,,,,,20,02,yes,no,no,2025-08-18_16h47.41.980,EXNAT_4_TMS_Psychopy2024.2.5.psyexp,2024.2.5,2025-08-18 17h00.27.012906 +0200,
0,0,0,0,0,0,0,,,,,,,,,#F989A2,799.0864927768707,False,space,correct rejection,None,681.8680763244629,text_09,116,6,2back_dual_main_click,2,Jane,57,56,113,120,60,,,,,,,,,,,20,02,yes,no,no,2025-08-18_16h47.41.980,EXNAT_4_TMS_Psychopy2024.2.5.psyexp,2024.2.5,2025-08-18 17h00.27.012906 +0200,
0,0,0,0,0,0,0,,,,,,,,,#2AB7EF,799.8084897994995,False,space,correct rejection,None,535.5572700500488,text_09,117,6,2back_dual_main_click,2,sogar,57,56,113,120,60,,,,,,,,,,,20,02,yes,no,no,2025-08-18_16h47.41.980,EXNAT_4_TMS_Psychopy2024.2.5.psyexp,2024.2.5,2025-08-18 17h00.27.012906 +0200,
0,0,0,0,0,0,0,,,,,,,,,#88BA3F,800.3831703662872,False,space,correct rejection,None,841.076135635376,text_09,118,6,2back_dual_main_click,2,verwandt,57,56,113,120,60,,,,,,,,,,,20,02,yes,no,no,2025-08-18_16h47.41.980,EXNAT_4_TMS_Psychopy2024.2.5.psyexp,2024.2.5,2025-08-18 17h00.27.012906 +0200,
0,0,0,0,0,0,0,,,,,,,,,#2AB7EF,801.2623469829559,True,space,miss,None,697.8049278259277,text_09,119,6,2back_dual_main_click,2,gewesen,57,56,113,120,60,,,,,,,,,,,20,02,yes,no,no,2025-08-18_16h47.41.980,EXNAT_4_TMS_Psychopy2024.2.5.psyexp,2024.2.5,2025-08-18 17h00.27.012906 +0200,
0,0,0,0,0,0,0,,,,,,,,,#D292F3,802.0017604827881,False,space,correct rejection,None,694.2949295043945,text_09,120,6,2back_dual_main_click,2,sein.,57,56,113,120,60,,,,,,,,,,,20,02,yes,no,no,2025-08-18_16h47.41.980,EXNAT_4_TMS_Psychopy2024.2.5.psyexp,2024.2.5,2025-08-18 17h00.27.012906 +0200,
0,0,0,0,0,0,0,,,,,,,,,#2AB7EF,802.7366397380829,True,space,miss,None,695.5628395080566,text_09,121,6,2back_dual_main_click,2,Eine,57,57,114,120,60,803.4026505947113,,,,,,,,,,20,02,yes,no,no,2025-08-18_16h47.41.980,EXNAT_4_TMS_Psychopy2024.2.5.psyexp,2024.2.5,2025-08-18 17h00.27.012906 +0200,
0,0,0,0,0,0,0,,,,,,,,,#88BA3F,803.472749710083,False,space,correct rejection,None,1575.5071640014648,text_09,122,6,2back_dual_main_click,2,Forscherin,57,57,114,120,60,,,,,,,,,,,20,02,yes,no,no,2025-08-18_16h47.41.980,EXNAT_4_TMS_Psychopy2024.2.5.psyexp,2024.2.5,2025-08-18 17h00.27.012906 +0200,
0,0,0,0,0,0,0,,,,,,,,,#F989A2,805.0876259803772,False,space,correct rejection,None,728.6450862884521,text_09,123,6,2back_dual_main_click,2,meint:,57,57,114,120,60,,,,,,,,,,,20,02,yes,no,no,2025-08-18_16h47.41.980,EXNAT_4_TMS_Psychopy2024.2.5.psyexp,2024.2.5,2025-08-18 17h00.27.012906 +0200,
0,0,0,0,0,0,0,,,,,,,,,#2AB7EF,805.8551340103149,False,space,correct rejection,None,985.1961135864258,text_09,124,6,2back_dual_main_click,2,Selbst,57,57,114,120,60,,,,,,,,,,,20,02,yes,no,no,2025-08-18_16h47.41.980,EXNAT_4_TMS_Psychopy2024.2.5.psyexp,2024.2.5,2025-08-18 17h00.27.012906 +0200,
0,0,0,0,0,0,0,,,,,,,,,#F989A2,806.8809037208557,True,space,miss,None,759.3820095062256,text_09,125,6,2back_dual_main_click,2,ohne,57,57,114,120,60,,,,,,,,,,,20,02,yes,no,no,2025-08-18_16h47.41.980,EXNAT_4_TMS_Psychopy2024.2.5.psyexp,2024.2.5,2025-08-18 17h00.27.012906 +0200,
0,0,0,0,0,0,0,,,,,,,,,#88BA3F,807.6821074485779,False,space,correct rejection,None,566.1556720733643,text_09,126,6,2back_dual_main_click,2,Verwandtschaft,57,57,114,120,60,,,,,,,,,,,20,02,yes,no,no,2025-08-18_16h47.41.980,EXNAT_4_TMS_Psychopy2024.2.5.psyexp,2024.2.5,2025-08-18 17h00.27.012906 +0200,
0,0,0,0,0,0,0,,,,,,,,,#88BA3F,808.2881610393524,False,space,correct rejection,None,632.1048736572266,text_09,127,6,2back_dual_main_click,2,könnte,58,57,115,120,60,808.4027280807495,,,,,,,,,,20,02,yes,no,no,2025-08-18_16h47.41.980,EXNAT_4_TMS_Psychopy2024.2.5.psyexp,2024.2.5,2025-08-18 17h00.27.012906 +0200,
0,0,0,0,0,0,0,,,,,,,,,#D292F3,808.9596791267395,False,space,correct rejection,None,728.6899089813232,text_09,128,6,2back_dual_main_click,2,der,58,57,115,120,60,,,,,,,,,,,20,02,yes,no,no,2025-08-18_16h47.41.980,EXNAT_4_TMS_Psychopy2024.2.5.psyexp,2024.2.5,2025-08-18 17h00.27.012906 +0200,
0,0,0,0,0,0,0,,,,,,,,,#F989A2,809.7284989356995,False,space,correct rejection,None,679.8245906829834,text_09,129,6,2back_dual_main_click,2,Fall,58,57,115,120,60,,,,,,,,,,,20,02,yes,no,no,2025-08-18_16h47.41.980,EXNAT_4_TMS_Psychopy2024.2.5.psyexp,2024.2.5,2025-08-18 17h00.27.012906 +0200,
0,0,0,0,0,0,0,,,,,,,,,#2AB7EF,810.4492356777191,False,space,correct rejection,None,871.1481094360352,text_09,130,6,2back_dual_main_click,2,Shakespeare,58,57,115,120,60,,,,,,,,,,,20,02,yes,no,no,2025-08-18_16h47.41.980,EXNAT_4_TMS_Psychopy2024.2.5.psyexp,2024.2.5,2025-08-18 17h00.27.012906 +0200,
0,0,0,0,0,0,0,,,,,,,,,#D292F3,811.3604805469513,False,space,correct rejection,None,631.8926811218262,text_09,131,6,2back_dual_main_click,2,durch,58,57,115,120,60,,,,,,,,,,,20,02,yes,no,no,2025-08-18_16h47.41.980,EXNAT_4_TMS_Psychopy2024.2.5.psyexp,2024.2.5,2025-08-18 17h00.27.012906 +0200,
0,0,0,0,0,0,0,,,,,,,,,#D292F3,812.0314037799835,False,space,correct rejection,None,552.9274940490723,text_09,132,6,2back_dual_main_click,2,den,58,57,115,120,60,,,,,,,,,,,20,02,yes,no,no,2025-08-18_16h47.41.980,EXNAT_4_TMS_Psychopy2024.2.5.psyexp,2024.2.5,2025-08-18 17h00.27.012906 +0200,
0,0,0,0,0,0,0,,,,,,,,,#F989A2,812.6229729652405,False,space,correct rejection,None,729.0892601013184,text_09,133,6,2back_dual_main_click,2,Namen,58,57,115,120,60,,,,,,,,,,,20,02,yes,no,no,2025-08-18_16h47.41.980,EXNAT_4_TMS_Psychopy2024.2.5.psyexp,2024.2.5,2025-08-18 17h00.27.012906 +0200,
0,0,0,0,0,0,0,,,,,,,,,#88BA3F,813.3896296024323,False,space,correct rejection,None,746.7036247253418,text_09,134,6,2back_dual_main_click,2,im,59,57,116,120,60,813.447446346283,,,,,,,,,,20,02,yes,no,no,2025-08-18_16h47.41.980,EXNAT_4_TMS_Psychopy2024.2.5.psyexp,2024.2.5,2025-08-18 17h00.27.012906 +0200,
0,0,0,0,0,0,0,,,,,,,,,#D292F3,814.1763682365417,False,space,correct rejection,None,839.9186134338379,text_09,135,6,2back_dual_main_click,2,Gedächtnis,59,57,116,120,60,,,,,,,,,,,20,02,yes,no,no,2025-08-18_16h47.41.980,EXNAT_4_TMS_Psychopy2024.2.5.psyexp,2024.2.5,2025-08-18 17h00.27.012906 +0200,
0,0,0,0,0,0,0,,,,,,,,,#2AB7EF,815.0560677051544,False,space,correct rejection,None,840.1439189910889,text_09,136,6,2back_dual_main_click,2,geblieben,59,57,116,120,60,,,,,,,,,,,20,02,yes,no,no,2025-08-18_16h47.41.980,EXNAT_4_TMS_Psychopy2024.2.5.psyexp,2024.2.5,2025-08-18 17h00.27.012906 +0200,
0,0,0,0,0,0,0,,,,,,,,,#2AB7EF,815.9355540275574,False,space,correct rejection,None,568.6831474304199,text_09,137,6,2back_dual_main_click,2,sein.,59,57,116,120,60,,,,,,,,,,,20,02,yes,no,no,2025-08-18_16h47.41.980,EXNAT_4_TMS_Psychopy2024.2.5.psyexp,2024.2.5,2025-08-18 17h00.27.012906 +0200,
0,0,0,0,0,0,0,,,,,,,,,#D292F3,816.5459933280945,False,space,correct rejection,None,646.2676525115967,text_09,138,6,2back_dual_main_click,2,Neben,59,57,116,120,60,,,,,,,,,,,20,02,yes,no,no,2025-08-18_16h47.41.980,EXNAT_4_TMS_Psychopy2024.2.5.psyexp,2024.2.5,2025-08-18 17h00.27.012906 +0200,
0,0,0,0,0,0,0,,,,,,,,,#D292F3,817.2310955524445,False,space,correct rejection,None,585.1860046386719,text_09,139,6,2back_dual_main_click,2,historischen,59,57,116,120,60,,,,,,,,,,,20,02,yes,no,no,2025-08-18_16h47.41.980,EXNAT_4_TMS_Psychopy2024.2.5.psyexp,2024.2.5,2025-08-18 17h00.27.012906 +0200,
0,0,0,0,0,0,0,,,,,,,,,#88BA3F,817.8560492992401,False,space,correct rejection,None,664.1459465026855,text_09,140,6,2back_dual_main_click,2,Ereignissen,59,57,116,120,60,,,,,,,,,,,20,02,yes,no,no,2025-08-18_16h47.41.980,EXNAT_4_TMS_Psychopy2024.2.5.psyexp,2024.2.5,2025-08-18 17h00.27.012906 +0200,
0,0,0,0,0,0,0,,,,,,,,,#F989A2,818.5598735809326,False,space,correct rejection,None,680.3696155548096,text_09,141,6,2back_dual_main_click,2,prägten,59,57,116,120,60,,,,,,,,,,,20,02,yes,no,no,2025-08-18_16h47.41.980,EXNAT_4_TMS_Psychopy2024.2.5.psyexp,2024.2.5,2025-08-18 17h00.27.012906 +0200,
0,0,0,0,0,0,0,,,,,,,,,#88BA3F,819.2806420326233,True,l,hit,583.5607051849365,1047.5313663482666,text_09,142,6,2back_dual_main_click,2,laut,59,58,117,120,60,819.3364672660828,,,,,,,,,,20,02,yes,no,no,2025-08-18_16h47.41.980,EXNAT_4_TMS_Psychopy2024.2.5.psyexp,2024.2.5,2025-08-18 17h00.27.012906 +0200,
0,0,0,0,0,0,0,,,,,,,,,#2AB7EF,820.3683812618256,False,space,correct rejection,None,791.8379306793213,text_09,143,6,2back_dual_main_click,2,ihr,59,58,117,120,60,,,,,,,,,,,20,02,yes,no,no,2025-08-18_16h47.41.980,EXNAT_4_TMS_Psychopy2024.2.5.psyexp,2024.2.5,2025-08-18 17h00.27.012906 +0200,
0,0,0,0,0,0,0,,,,,,,,,#F989A2,821.1989543437958,False,space,correct rejection,None,601.2709140777588,text_09,144,6,2back_dual_main_click,2,auch,59,58,117,120,60,,,,,,,,,,,20,02,yes,no,no,2025-08-18_16h47.41.980,EXNAT_4_TMS_Psychopy2024.2.5.psyexp,2024.2.5,2025-08-18 17h00.27.012906 +0200,
0,0,0,0,0,0,0,,,,,,,,,#2AB7EF,821.8410041332245,True,l,hit,695.2509880065918,1095.1581001281738,text_09,145,6,2back_dual_main_click,2,Gerüchte,59,58,117,120,60,,,,,,,,,,,20,02,yes,no,no,2025-08-18_16h47.41.980,EXNAT_4_TMS_Psychopy2024.2.5.psyexp,2024.2.5,2025-08-18 17h00.27.012906 +0200,
0,0,0,0,0,0,0,,,,,,,,,#88BA3F,822.976021528244,False,space,correct rejection,None,552.3006916046143,text_09,146,6,2back_dual_main_click,2,und,59,58,117,120,60,,,,,,,,,,,20,02,yes,no,no,2025-08-18_16h47.41.980,EXNAT_4_TMS_Psychopy2024.2.5.psyexp,2024.2.5,2025-08-18 17h00.27.012906 +0200,
0,0,0,0,0,0,0,,,,,,,,,#88BA3F,823.5694479942322,False,space,correct rejection,None,518.8424587249756,text_09,147,6,2back_dual_main_click,2,tragische,59,58,117,120,60,,,,,,,,,,,20,02,yes,no,no,2025-08-18_16h47.41.980,EXNAT_4_TMS_Psychopy2024.2.5.psyexp,2024.2.5,2025-08-18 17h00.27.012906 +0200,
0,0,0,0,0,0,0,,,,,,,,,#D292F3,824.1302561759949,False,space,correct rejection,None,582.0751190185547,text_09,148,6,2back_dual_main_click,2,Geschichten,60,58,118,120,60,824.336416721344,,,,,,,,,,20,02,yes,no,no,2025-08-18_16h47.41.980,EXNAT_4_TMS_Psychopy2024.2.5.psyexp,2024.2.5,2025-08-18 17h00.27.012906 +0200,
0,0,0,0,0,0,0,,,,,,,,,#F989A2,824.7524425983429,False,space,correct rejection,None,583.9042663574219,text_09,149,6,2back_dual_main_click,2,Shakespeares,60,58,118,120,60,,,,,,,,,,,20,02,yes,no,no,2025-08-18_16h47.41.980,EXNAT_4_TMS_Psychopy2024.2.5.psyexp,2024.2.5,2025-08-18 17h00.27.012906 +0200,
0,0,0,0,0,0,0,,,,,,,,,#2AB7EF,825.3743267059326,False,space,correct rejection,None,633.9530944824219,text_09,150,6,2back_dual_main_click,2,Werke.,60,58,118,120,60,,,,,,,,,,,20,02,yes,no,no,2025-08-18_16h47.41.980,EXNAT_4_TMS_Psychopy2024.2.5.psyexp,2024.2.5,2025-08-18 17h00.27.012906 +0200,
0,0,0,0,0,0,0,,,,,,,,,,826.0578901767731,,3,,,,text_09,,6,2back_dual_main_click,,,,,,,,,Q1,c,True,,,,,,,20,02,yes,no,no,2025-08-18_16h47.41.980,EXNAT_4_TMS_Psychopy2024.2.5.psyexp,2024.2.5,2025-08-18 17h00.27.012906 +0200,
0,0,0,0,0,0,0,,,,,,,,,,829.9324202537537,,4,,,,text_09,,6,2back_dual_main_click,,,,,,,,,Q2,d,True,,,,,,,20,02,yes,no,no,2025-08-18_16h47.41.980,EXNAT_4_TMS_Psychopy2024.2.5.psyexp,2024.2.5,2025-08-18 17h00.27.012906 +0200,
0,0,0,0,0,0,0,,,,,,,,,,833.8571412563324,,1,,,,text_09,,6,2back_dual_main_click,,,,,,,,,Q3,a,True,,,,,,,20,02,yes,no,no,2025-08-18_16h47.41.980,EXNAT_4_TMS_Psychopy2024.2.5.psyexp,2024.2.5,2025-08-18 17h00.27.012906 +0200,
0,0,0,0,0,0,0,,,,,,,,,#2AB7EF,838.6827158927917,False,space,correct rejection,None,701.6117572784424,text_15,1,7,2back_dual_main_click,2,Im,60,58,118,120,60,,,,,,,,,,,20,02,yes,no,no,2025-08-18_16h47.41.980,EXNAT_4_TMS_Psychopy2024.2.5.psyexp,2024.2.5,2025-08-18 17h00.27.012906 +0200,
0,0,0,0,0,0,0,,,,,,,,,#D292F3,839.4193460941315,False,space,correct rejection,None,620.9607124328613,text_15,2,7,2back_dual_main_click,2,Jahr,60,58,118,120,60,,,,,,,,,,,20,02,yes,no,no,2025-08-18_16h47.41.980,EXNAT_4_TMS_Psychopy2024.2.5.psyexp,2024.2.5,2025-08-18 17h00.27.012906 +0200,
0,0,0,0,0,0,0,,,,,,,,,#D292F3,840.0752785205841,False,space,correct rejection,None,797.0011234283447,text_15,3,7,2back_dual_main_click,2,1841,60,58,118,120,60,,,,,,,,,,,20,02,yes,no,no,2025-08-18_16h47.41.980,EXNAT_4_TMS_Psychopy2024.2.5.psyexp,2024.2.5,2025-08-18 17h00.27.012906 +0200,
0,0,0,0,0,0,0,,,,,,,,,#88BA3F,840.9116959571838,False,space,correct rejection,None,696.6478824615479,text_15,4,7,2back_dual_main_click,2,organisierte,60,58,118,120,60,,,,,,,,,,,20,02,yes,no,no,2025-08-18_16h47.41.980,EXNAT_4_TMS_Psychopy2024.2.5.psyexp,2024.2.5,2025-08-18 17h00.27.012906 +0200,
0,0,0,0,0,0,0,,,,,,,,,#D292F3,841.648411989212,True,l,hit,583.777904510498,1127.7403831481934,text_15,5,7,2back_dual_main_click,2,der,60,59,119,120,60,841.6994268894196,,,,,,,,,,20,02,yes,no,no,2025-08-18_16h47.41.980,EXNAT_4_TMS_Psychopy2024.2.5.psyexp,2024.2.5,2025-08-18 17h00.27.012906 +0200,
0,0,0,0,0,0,0,,,,,,,,,#2AB7EF,842.8166568279266,False,space,correct rejection,None,775.67458152771,text_15,6,7,2back_dual_main_click,2,Prediger,60,59,119,120,60,,,,,,,,,,,20,02,yes,no,no,2025-08-18_16h47.41.980,EXNAT_4_TMS_Psychopy2024.2.5.psyexp,2024.2.5,2025-08-18 17h00.27.012906 +0200,
0,0,0,0,0,0,0,,,,,,,,,#2AB7EF,843.6328117847443,False,space,correct rejection,None,615.4789924621582,text_15,7,7,2back_dual_main_click,2,Thomas,60,59,119,120,60,,,,,,,,,,,20,02,yes,no,no,2025-08-18_16h47.41.980,EXNAT_4_TMS_Psychopy2024.2.5.psyexp,2024.2.5,2025-08-18 17h00.27.012906 +0200,
0,0,0,0,0,0,0,,,,,,,,,#88BA3F,844.2885482311249,False,space,correct rejection,None,743.5696125030518,text_15,8,7,2back_dual_main_click,2,Cook,60,59,119,120,60,,,,,,,,,,,20,02,yes,no,no,2025-08-18_16h47.41.980,EXNAT_4_TMS_Psychopy2024.2.5.psyexp,2024.2.5,2025-08-18 17h00.27.012906 +0200,
0,0,0,0,0,0,0,,,,,,,,,#F989A2,845.0698518753052,False,space,correct rejection,None,634.3841552734375,text_15,9,7,2back_dual_main_click,2,eine,60,59,119,120,60,,,,,,,,,,,20,02,yes,no,no,2025-08-18_16h47.41.980,EXNAT_4_TMS_Psychopy2024.2.5.psyexp,2024.2.5,2025-08-18 17h00.27.012906 +0200,
0,0,0,0,0,0,0,,,,,,,,,#88BA3F,845.7438788414001,True,l,hit,536.405086517334,1112.3740673065186,text_15,10,7,2back_dual_main_click,2,Zugreise,60,60,120,120,inf,846.6994078159332,,,,,,,,,,20,02,yes,no,no,2025-08-18_16h47.41.980,EXNAT_4_TMS_Psychopy2024.2.5.psyexp,2024.2.5,2025-08-18 17h00.27.012906 +0200,
0,0,0,0,0,0,0,,,,,,,,,#F989A2,846.8967216014862,True,space,miss,None,631.5994262695312,text_15,11,7,2back_dual_main_click,2,zu,60,60,120,120,inf,,,,,,,,,,,20,02,yes,no,no,2025-08-18_16h47.41.980,EXNAT_4_TMS_Psychopy2024.2.5.psyexp,2024.2.5,2025-08-18 17h00.27.012906 +0200,
0,0,0,0,0,0,0,,,,,,,,,#F989A2,847.5672852993011,False,space,correct rejection,None,617.0289516448975,text_15,12,7,2back_dual_main_click,2,einer,60,60,120,120,inf,,,,,,,,,,,20,02,yes,no,no,2025-08-18_16h47.41.980,EXNAT_4_TMS_Psychopy2024.2.5.psyexp,2024.2.5,2025-08-18 17h00.27.012906 +0200,
0,0,0,0,0,0,0,,,,,,,,,#F989A2,848.2255146503448,True,l,hit,582.7772617340088,1590.6732082366943,text_15,13,7,2back_dual_main_click,2,Anti-Alkohol-Kundgebung,60,60,120,120,inf,,,,,,,,,,,20,02,yes,no,no,2025-08-18_16h47.41.980,EXNAT_4_TMS_Psychopy2024.2.5.psyexp,2024.2.5,2025-08-18 17h00.27.012906 +0200,
0,0,0,0,0,0,0,,,,,,,,,#F989A2,849.8561177253723,True,space,miss,None,712.2066020965576,text_15,14,7,2back_dual_main_click,2,und,60,60,120,120,inf,,,,,,,,,,,20,02,yes,no,no,2025-08-18_16h47.41.980,EXNAT_4_TMS_Psychopy2024.2.5.psyexp,2024.2.5,2025-08-18 17h00.27.012906 +0200,
0,0,0,0,0,0,0,,,,,,,,,#88BA3F,850.6080188751221,False,space,correct rejection,None,1128.3318996429443,text_15,15,7,2back_dual_main_click,2,initiierte,61,60,121,120,inf,851.6994276046753,,,,,,,,,,20,02,yes,no,no,2025-08-18_16h47.41.980,EXNAT_4_TMS_Psychopy2024.2.5.psyexp,2024.2.5,2025-08-18 17h00.27.012906 +0200,
0,0,0,0,0,0,0,,,,,,,,,#D292F3,851.7750017642975,False,space,correct rejection,None,697.3168849945068,text_15,16,7,2back_dual_main_click,2,damit,61,60,121,120,inf,,,,,,,,,,,20,02,yes,no,no,2025-08-18_16h47.41.980,EXNAT_4_TMS_Psychopy2024.2.5.psyexp,2024.2.5,2025-08-18 17h00.27.012906 +0200,
0,0,0,0,0,0,0,,,,,,,,,#F989A2,852.5109214782715,False,space,correct rejection,None,745.3324794769287,text_15,17,7,2back_dual_main_click,2,den,61,60,121,120,inf,,,,,,,,,,,20,02,yes,no,no,2025-08-18_16h47.41.980,EXNAT_4_TMS_Psychopy2024.2.5.psyexp,2024.2.5,2025-08-18 17h00.27.012906 +0200,
0,0,0,0,0,0,0,,,,,,,,,#2AB7EF,853.2977473735809,False,space,correct rejection,None,1414.5829677581787,text_15,18,7,2back_dual_main_click,2,Massentourismus.,61,60,121,120,inf,,,,,,,,,,,20,02,yes,no,no,2025-08-18_16h47.41.980,EXNAT_4_TMS_Psychopy2024.2.5.psyexp,2024.2.5,2025-08-18 17h00.27.012906 +0200,
0,0,0,0,0,0,0,,,,,,,,,#88BA3F,854.7514472007751,False,space,correct rejection,None,712.815523147583,text_15,19,7,2back_dual_main_click,2,Für,61,60,121,120,inf,,,,,,,,,,,20,02,yes,no,no,2025-08-18_16h47.41.980,EXNAT_4_TMS_Psychopy2024.2.5.psyexp,2024.2.5,2025-08-18 17h00.27.012906 +0200,
0,0,0,0,0,0,0,,,,,,,,,#D292F3,855.5023572444916,False,space,correct rejection,None,521.8381881713867,text_15,20,7,2back_dual_main_click,2,einen,61,60,121,120,inf,,,,,,,,,,,20,02,yes,no,no,2025-08-18_16h47.41.980,EXNAT_4_TMS_Psychopy2024.2.5.psyexp,2024.2.5,2025-08-18 17h00.27.012906 +0200,
0,0,0,0,0,0,0,,,,,,,,,#2AB7EF,856.065016746521,False,space,correct rejection,None,839.0922546386719,text_15,21,7,2back_dual_main_click,2,Schilling,61,60,121,120,inf,,,,,,,,,,,20,02,yes,no,no,2025-08-18_16h47.41.980,EXNAT_4_TMS_Psychopy2024.2.5.psyexp,2024.2.5,2025-08-18 17h00.27.012906 +0200,
0,0,0,0,0,0,0,,,,,,,,,#D292F3,856.9442458152771,True,space,miss,None,711.9956016540527,text_15,22,7,2back_dual_main_click,2,konnten,61,61,122,120,inf,857.0105907917023,,,,,,,,,,20,02,yes,no,no,2025-08-18_16h47.41.980,EXNAT_4_TMS_Psychopy2024.2.5.psyexp,2024.2.5,2025-08-18 17h00.27.012906 +0200,
0,0,0,0,0,0,0,,,,,,,,,#2AB7EF,857.6944515705109,True,l,hit,729.8645973205566,1129.7719478607178,text_15,23,7,2back_dual_main_click,2,auch,61,61,122,120,inf,,,,,,,,,,,20,02,yes,no,no,2025-08-18_16h47.41.980,EXNAT_4_TMS_Psychopy2024.2.5.psyexp,2024.2.5,2025-08-18 17h00.27.012906 +0200,
0,0,0,0,0,0,0,,,,,,,,,#88BA3F,858.8654837608337,False,space,correct rejection,None,550.8129596710205,text_15,24,7,2back_dual_main_click,2,weniger,61,61,122,120,inf,,,,,,,,,,,20,02,yes,no,no,2025-08-18_16h47.41.980,EXNAT_4_TMS_Psychopy2024.2.5.psyexp,2024.2.5,2025-08-18 17h00.27.012906 +0200,
0,0,0,0,0,0,0,,,,,,,,,#F989A2,859.4575052261353,False,space,correct rejection,None,694.7331428527832,text_15,25,7,2back_dual_main_click,2,wohlhabende,61,61,122,120,inf,,,,,,,,,,,20,02,yes,no,no,2025-08-18_16h47.41.980,EXNAT_4_TMS_Psychopy2024.2.5.psyexp,2024.2.5,2025-08-18 17h00.27.012906 +0200,
0,0,0,0,0,0,0,,,,,,,,,#88BA3F,860.1923432350159,True,space,miss,None,1000.0262260437012,text_15,26,7,2back_dual_main_click,2,Menschen,61,61,122,120,inf,,,,,,,,,,,20,02,yes,no,no,2025-08-18_16h47.41.980,EXNAT_4_TMS_Psychopy2024.2.5.psyexp,2024.2.5,2025-08-18 17h00.27.012906 +0200,
0,0,0,0,0,0,0,,,,,,,,,#F989A2,861.2324545383453,True,l,hit,759.8843574523926,1111.8290424346924,text_15,27,7,2back_dual_main_click,2,reisen.,61,62,123,120,inf,862.0106127262115,,,,,,,,,,20,02,yes,no,no,2025-08-18_16h47.41.980,EXNAT_4_TMS_Psychopy2024.2.5.psyexp,2024.2.5,2025-08-18 17h00.27.012906 +0200,
0,0,0,0,0,0,0,,,,,,,,,#D292F3,862.3850560188293,False,space,correct rejection,None,567.1865940093994,text_15,28,7,2back_dual_main_click,2,Vier,61,62,123,120,inf,,,,,,,,,,,20,02,yes,no,no,2025-08-18_16h47.41.980,EXNAT_4_TMS_Psychopy2024.2.5.psyexp,2024.2.5,2025-08-18 17h00.27.012906 +0200,
0,0,0,0,0,0,0,,,,,,,,,#2AB7EF,862.9910840988159,False,space,correct rejection,None,601.2494564056396,text_15,29,7,2back_dual_main_click,2,Jahre,61,62,123,120,inf,,,,,,,,,,,20,02,yes,no,no,2025-08-18_16h47.41.980,EXNAT_4_TMS_Psychopy2024.2.5.psyexp,2024.2.5,2025-08-18 17h00.27.012906 +0200,
0,0,0,0,0,0,0,,,,,,,,,#2AB7EF,863.6401951313019,False,space,correct rejection,None,576.1392116546631,text_15,30,7,2back_dual_main_click,2,später,61,62,123,120,inf,,,,,,,,,,,20,02,yes,no,no,2025-08-18_16h47.41.980,EXNAT_4_TMS_Psychopy2024.2.5.psyexp,2024.2.5,2025-08-18 17h00.27.012906 +0200,
0,0,0,0,0,0,0,,,,,,,,,#D292F3,864.2708442211151,False,space,correct rejection,None,633.4128379821777,text_15,31,7,2back_dual_main_click,2,bot,61,62,123,120,inf,,,,,,,,,,,20,02,yes,no,no,2025-08-18_16h47.41.980,EXNAT_4_TMS_Psychopy2024.2.5.psyexp,2024.2.5,2025-08-18 17h00.27.012906 +0200,
0,0,0,0,0,0,0,,,,,,,,,#D292F3,864.9595646858215,False,space,correct rejection,None,552.7207851409912,text_15,32,7,2back_dual_main_click,2,Cook,61,62,123,120,inf,,,,,,,,,,,20,02,yes,no,no,2025-08-18_16h47.41.980,EXNAT_4_TMS_Psychopy2024.2.5.psyexp,2024.2.5,2025-08-18 17h00.27.012906 +0200,
0,0,0,0,0,0,0,,,,,,,,,#2AB7EF,865.5676591396332,False,space,correct rejection,None,952.6956081390381,text_15,33,7,2back_dual_main_click,2,eigene,61,62,123,120,inf,,,,,,,,,,,20,02,yes,no,no,2025-08-18_16h47.41.980,EXNAT_4_TMS_Psychopy2024.2.5.psyexp,2024.2.5,2025-08-18 17h00.27.012906 +0200,
0,0,0,0,0,0,0,,,,,,,,,#88BA3F,866.5742332935333,False,space,correct rejection,None,617.9873943328857,text_15,34,7,2back_dual_main_click,2,Reisen,61,62,123,120,inf,,,,,,,,,,,20,02,yes,no,no,2025-08-18_16h47.41.980,EXNAT_4_TMS_Psychopy2024.2.5.psyexp,2024.2.5,2025-08-18 17h00.27.012906 +0200,
0,0,0,0,0,0,0,,,,,,,,,#F989A2,867.2473514080048,False,space,correct rejection,None,584.9769115447998,text_15,35,7,2back_dual_main_click,2,"an,",62,62,124,120,inf,867.298321723938,,,,,,,,,,20,02,yes,no,no,2025-08-18_16h47.41.980,EXNAT_4_TMS_Psychopy2024.2.5.psyexp,2024.2.5,2025-08-18 17h00.27.012906 +0200,
0,0,0,0,0,0,0,,,,,,,,,#88BA3F,867.8875432014465,True,space,miss,None,648.7061977386475,text_15,36,7,2back_dual_main_click,2,musste,62,62,124,120,inf,,,,,,,,,,,20,02,yes,no,no,2025-08-18_16h47.41.980,EXNAT_4_TMS_Psychopy2024.2.5.psyexp,2024.2.5,2025-08-18 17h00.27.012906 +0200,
0,0,0,0,0,0,0,,,,,,,,,#D292F3,868.5912387371063,False,space,correct rejection,None,761.0747814178467,text_15,37,7,2back_dual_main_click,2,aber,62,62,124,120,inf,,,,,,,,,,,20,02,yes,no,no,2025-08-18_16h47.41.980,EXNAT_4_TMS_Psychopy2024.2.5.psyexp,2024.2.5,2025-08-18 17h00.27.012906 +0200,
0,0,0,0,0,0,0,,,,,,,,,#88BA3F,869.4070312976837,True,l,hit,521.2233066558838,1017.2388553619385,text_15,38,7,2back_dual_main_click,2,bald,62,62,124,120,inf,,,,,,,,,,,20,02,yes,no,no,2025-08-18_16h47.41.980,EXNAT_4_TMS_Psychopy2024.2.5.psyexp,2024.2.5,2025-08-18 17h00.27.012906 +0200,
0,0,0,0,0,0,0,,,,,,,,,#2AB7EF,870.4804575443268,False,space,correct rejection,None,679.8958778381348,text_15,39,7,2back_dual_main_click,2,Insolvenz,62,62,124,120,inf,,,,,,,,,,,20,02,yes,no,no,2025-08-18_16h47.41.980,EXNAT_4_TMS_Psychopy2024.2.5.psyexp,2024.2.5,2025-08-18 17h00.27.012906 +0200,
0,0,0,0,0,0,0,,,,,,,,,#F989A2,871.215847492218,False,space,correct rejection,None,568.4702396392822,text_15,40,7,2back_dual_main_click,2,anmelden.,62,62,124,120,inf,,,,,,,,,,,20,02,yes,no,no,2025-08-18_16h47.41.980,EXNAT_4_TMS_Psychopy2024.2.5.psyexp,2024.2.5,2025-08-18 17h00.27.012906 +0200,
0,0,0,0,0,0,0,,,,,,,,,#F989A2,871.8393778800964,False,space,correct rejection,None,632.8942775726318,text_15,41,7,2back_dual_main_click,2,Er,63,62,125,120,inf,872.2982811927795,,,,,,,,,,20,02,yes,no,no,2025-08-18_16h47.41.980,EXNAT_4_TMS_Psychopy2024.2.5.psyexp,2024.2.5,2025-08-18 17h00.27.012906 +0200,
0,0,0,0,0,0,0,,,,,,,,,#F989A2,872.5265135765076,True,space,miss,None,553.8403987884521,text_15,42,7,2back_dual_main_click,2,erholte,63,62,125,120,inf,,,,,,,,,,,20,02,yes,no,no,2025-08-18_16h47.41.980,EXNAT_4_TMS_Psychopy2024.2.5.psyexp,2024.2.5,2025-08-18 17h00.27.012906 +0200,
0,0,0,0,0,0,0,,,,,,,,,#88BA3F,873.1191246509552,False,space,correct rejection,None,633.1336498260498,text_15,43,7,2back_dual_main_click,2,sich,63,62,125,120,inf,,,,,,,,,,,20,02,yes,no,no,2025-08-18_16h47.41.980,EXNAT_4_TMS_Psychopy2024.2.5.psyexp,2024.2.5,2025-08-18 17h00.27.012906 +0200,
0,0,0,0,0,0,0,,,,,,,,,#D292F3,873.7936551570892,False,space,correct rejection,None,630.7008266448975,text_15,44,7,2back_dual_main_click,2,jedoch,63,62,125,120,inf,,,,,,,,,,,20,02,yes,no,no,2025-08-18_16h47.41.980,EXNAT_4_TMS_Psychopy2024.2.5.psyexp,2024.2.5,2025-08-18 17h00.27.012906 +0200,
0,0,0,0,0,0,0,,,,,,,,,#2AB7EF,874.4649503231049,False,space,correct rejection,None,695.4455375671387,text_15,45,7,2back_dual_main_click,2,davon,63,62,125,120,inf,,,,,,,,,,,20,02,yes,no,no,2025-08-18_16h47.41.980,EXNAT_4_TMS_Psychopy2024.2.5.psyexp,2024.2.5,2025-08-18 17h00.27.012906 +0200,
0,0,0,0,0,0,0,,,,,,,,,#D292F3,875.1999893188477,True,space,miss,None,584.2845439910889,text_15,46,7,2back_dual_main_click,2,und,63,62,125,120,inf,,,,,,,,,,,20,02,yes,no,no,2025-08-18_16h47.41.980,EXNAT_4_TMS_Psychopy2024.2.5.psyexp,2024.2.5,2025-08-18 17h00.27.012906 +0200,
0,0,0,0,0,0,0,,,,,,,,,#2AB7EF,875.8237979412079,True,l,hit,488.48915100097656,1032.40966796875,text_15,47,7,2back_dual_main_click,2,plante,63,62,125,120,inf,,,,,,,,,,,20,02,yes,no,no,2025-08-18_16h47.41.980,EXNAT_4_TMS_Psychopy2024.2.5.psyexp,2024.2.5,2025-08-18 17h00.27.012906 +0200,
0,0,0,0,0,0,0,,,,,,,,,#88BA3F,876.9122505187988,False,space,correct rejection,None,471.93336486816406,text_15,48,7,2back_dual_main_click,2,größere,64,62,126,120,inf,877.2982683181763,,,,,,,,,,20,02,yes,no,no,2025-08-18_16h47.41.980,EXNAT_4_TMS_Psychopy2024.2.5.psyexp,2024.2.5,2025-08-18 17h00.27.012906 +0200,
0,0,0,0,0,0,0,,,,,,,,,#D292F3,877.4412229061127,False,space,correct rejection,None,839.139461517334,text_15,49,7,2back_dual_main_click,2,Touren,64,62,126,120,inf,,,,,,,,,,,20,02,yes,no,no,2025-08-18_16h47.41.980,EXNAT_4_TMS_Psychopy2024.2.5.psyexp,2024.2.5,2025-08-18 17h00.27.012906 +0200,
0,0,0,0,0,0,0,,,,,,,,,#D292F3,878.3360390663147,False,space,correct rejection,None,584.2940807342529,text_15,50,7,2back_dual_main_click,2,in,64,62,126,120,inf,,,,,,,,,,,20,02,yes,no,no,2025-08-18_16h47.41.980,EXNAT_4_TMS_Psychopy2024.2.5.psyexp,2024.2.5,2025-08-18 17h00.27.012906 +0200,
0,0,0,0,0,0,0,,,,,,,,,#2AB7EF,878.9759697914124,False,space,correct rejection,None,648.3378410339355,text_15,51,7,2back_dual_main_click,2,die,64,62,126,120,inf,,,,,,,,,,,20,02,yes,no,no,2025-08-18_16h47.41.980,EXNAT_4_TMS_Psychopy2024.2.5.psyexp,2024.2.5,2025-08-18 17h00.27.012906 +0200,
0,0,0,0,0,0,0,,,,,,,,,#88BA3F,879.6788885593414,False,space,correct rejection,None,649.4662761688232,text_15,52,7,2back_dual_main_click,2,"Alpen,",64,62,126,120,inf,,,,,,,,,,,20,02,yes,no,no,2025-08-18_16h47.41.980,EXNAT_4_TMS_Psychopy2024.2.5.psyexp,2024.2.5,2025-08-18 17h00.27.012906 +0200,
0,0,0,0,0,0,0,,,,,,,,,#88BA3F,880.3831481933594,False,space,correct rejection,None,553.1325340270996,text_15,53,7,2back_dual_main_click,2,nach,64,62,126,120,inf,,,,,,,,,,,20,02,yes,no,no,2025-08-18_16h47.41.980,EXNAT_4_TMS_Psychopy2024.2.5.psyexp,2024.2.5,2025-08-18 17h00.27.012906 +0200,
0,0,0,0,0,0,0,,,,,,,,,#F989A2,880.9927048683167,False,space,correct rejection,None,679.5892715454102,text_15,54,7,2back_dual_main_click,2,Italien,64,62,126,120,inf,,,,,,,,,,,20,02,yes,no,no,2025-08-18_16h47.41.980,EXNAT_4_TMS_Psychopy2024.2.5.psyexp,2024.2.5,2025-08-18 17h00.27.012906 +0200,
0,0,0,0,0,0,0,,,,,,,,,#2AB7EF,881.7279126644135,False,space,correct rejection,None,728.3906936645508,text_15,55,7,2back_dual_main_click,2,oder,64,62,126,120,inf,,,,,,,,,,,20,02,yes,no,no,2025-08-18_16h47.41.980,EXNAT_4_TMS_Psychopy2024.2.5.psyexp,2024.2.5,2025-08-18 17h00.27.012906 +0200,
0,0,0,0,0,0,0,,,,,,,,,#F989A2,882.5128495693207,True,l,hit,1063.2972717285156,1479.2015552520752,text_15,56,7,2back_dual_main_click,2,Griechenland.,64,63,127,120,inf,882.5648543834686,,,,,,,,,,20,02,yes,no,no,2025-08-18_16h47.41.980,EXNAT_4_TMS_Psychopy2024.2.5.psyexp,2024.2.5,2025-08-18 17h00.27.012906 +0200,
0,0,0,0,0,0,0,,,,,,,,,#F989A2,884.0471768379211,False,space,correct rejection,None,745.1150417327881,text_15,57,7,2back_dual_main_click,2,"Reisen,",64,63,127,120,inf,,,,,,,,,,,20,02,yes,no,no,2025-08-18_16h47.41.980,EXNAT_4_TMS_Psychopy2024.2.5.psyexp,2024.2.5,2025-08-18 17h00.27.012906 +0200,
0,0,0,0,0,0,0,,,,,,,,,#2AB7EF,884.847708940506,False,space,correct rejection,None,968.6110019683838,text_15,58,7,2back_dual_main_click,2,einst,64,63,127,120,inf,,,,,,,,,,,20,02,yes,no,no,2025-08-18_16h47.41.980,EXNAT_4_TMS_Psychopy2024.2.5.psyexp,2024.2.5,2025-08-18 17h00.27.012906 +0200,
0,0,0,0,0,0,0,,,,,,,,,#D292F3,885.8722507953644,False,space,correct rejection,None,664.104700088501,text_15,59,7,2back_dual_main_click,2,nur,64,63,127,120,inf,,,,,,,,,,,20,02,yes,no,no,2025-08-18_16h47.41.980,EXNAT_4_TMS_Psychopy2024.2.5.psyexp,2024.2.5,2025-08-18 17h00.27.012906 +0200,
0,0,0,0,0,0,0,,,,,,,,,#88BA3F,886.5915365219116,False,space,correct rejection,None,616.8370246887207,text_15,60,7,2back_dual_main_click,2,dem,64,63,127,120,inf,,,,,,,,,,,20,02,yes,no,no,2025-08-18_16h47.41.980,EXNAT_4_TMS_Psychopy2024.2.5.psyexp,2024.2.5,2025-08-18 17h00.27.012906 +0200,
0,0,0,0,0,0,0,,,,,,,,,#D292F3,887.2632563114166,True,space,miss,None,617.0651912689209,text_15,61,7,2back_dual_main_click,2,Adel,64,64,128,120,inf,887.5649719238281,,,,,,,,,,20,02,yes,no,no,2025-08-18_16h47.41.980,EXNAT_4_TMS_Psychopy2024.2.5.psyexp,2024.2.5,2025-08-18 17h00.27.012906 +0200,
0,0,0,0,0,0,0,,,,,,,,,#88BA3F,887.9339060783386,True,space,miss,None,506.44516944885254,text_15,62,7,2back_dual_main_click,2,"vorbehalten,",64,64,128,120,inf,,,,,,,,,,,20,02,yes,no,no,2025-08-18_16h47.41.980,EXNAT_4_TMS_Psychopy2024.2.5.psyexp,2024.2.5,2025-08-18 17h00.27.012906 +0200,
0,0,0,0,0,0,0,,,,,,,,,#2AB7EF,888.4952471256256,False,space,correct rejection,None,1001.1343955993652,text_15,63,7,2back_dual_main_click,2,wurde,64,64,128,120,inf,,,,,,,,,,,20,02,yes,no,no,2025-08-18_16h47.41.980,EXNAT_4_TMS_Psychopy2024.2.5.psyexp,2024.2.5,2025-08-18 17h00.27.012906 +0200,
0,0,0,0,0,0,0,,,,,,,,,#D292F3,889.5510699748993,False,space,correct rejection,None,841.0241603851318,text_15,64,7,2back_dual_main_click,2,durch,64,64,128,120,inf,,,,,,,,,,,20,02,yes,no,no,2025-08-18_16h47.41.980,EXNAT_4_TMS_Psychopy2024.2.5.psyexp,2024.2.5,2025-08-18 17h00.27.012906 +0200,
0,0,0,0,0,0,0,,,,,,,,,#2AB7EF,890.4323103427887,True,space,miss,None,664.025068283081,text_15,65,7,2back_dual_main_click,2,Cook,64,64,128,120,inf,,,,,,,,,,,20,02,yes,no,no,2025-08-18_16h47.41.980,EXNAT_4_TMS_Psychopy2024.2.5.psyexp,2024.2.5,2025-08-18 17h00.27.012906 +0200,
0,0,0,0,0,0,0,,,,,,,,,#F989A2,891.1362626552582,False,space,correct rejection,None,760.0975036621094,text_15,66,7,2back_dual_main_click,2,für,64,64,128,120,inf,,,,,,,,,,,20,02,yes,no,no,2025-08-18_16h47.41.980,EXNAT_4_TMS_Psychopy2024.2.5.psyexp,2024.2.5,2025-08-18 17h00.27.012906 +0200,
0,0,0,0,0,0,0,,,,,,,,,#88BA3F,891.9366371631622,False,space,correct rejection,None,647.6640701293945,text_15,67,7,2back_dual_main_click,2,die,65,64,129,120,inf,892.564825296402,,,,,,,,,,20,02,yes,no,no,2025-08-18_16h47.41.980,EXNAT_4_TMS_Psychopy2024.2.5.psyexp,2024.2.5,2025-08-18 17h00.27.012906 +0200,
0,0,0,0,0,0,0,,,,,,,,,#F989A2,892.6239650249481,True,l,hit,760.4029178619385,1176.3408184051514,text_15,68,7,2back_dual_main_click,2,Mittelschicht,65,64,129,120,inf,,,,,,,,,,,20,02,yes,no,no,2025-08-18_16h47.41.980,EXNAT_4_TMS_Psychopy2024.2.5.psyexp,2024.2.5,2025-08-18 17h00.27.012906 +0200,
0,0,0,0,0,0,0,,,,,,,,,#2AB7EF,893.8408958911896,False,space,correct rejection,None,615.5147552490234,text_15,69,7,2back_dual_main_click,2,möglich.,65,64,129,120,inf,,,,,,,,,,,20,02,yes,no,no,2025-08-18_16h47.41.980,EXNAT_4_TMS_Psychopy2024.2.5.psyexp,2024.2.5,2025-08-18 17h00.27.012906 +0200,
0,0,0,0,0,0,0,,,,,,,,,#88BA3F,894.4964573383331,False,space,correct rejection,None,631.9754123687744,text_15,70,7,2back_dual_main_click,2,Sein,65,64,129,120,inf,,,,,,,,,,,20,02,yes,no,no,2025-08-18_16h47.41.980,EXNAT_4_TMS_Psychopy2024.2.5.psyexp,2024.2.5,2025-08-18 17h00.27.012906 +0200,
0,0,0,0,0,0,0,,,,,,,,,#D292F3,895.1691830158234,False,space,correct rejection,None,487.21790313720703,text_15,71,7,2back_dual_main_click,2,Ruf,65,64,129,120,inf,,,,,,,,,,,20,02,yes,no,no,2025-08-18_16h47.41.980,EXNAT_4_TMS_Psychopy2024.2.5.psyexp,2024.2.5,2025-08-18 17h00.27.012906 +0200,
0,0,0,0,0,0,0,,,,,,,,,#F989A2,895.6944968700409,False,space,correct rejection,None,713.8142585754395,text_15,72,7,2back_dual_main_click,2,als,65,64,129,120,inf,,,,,,,,,,,20,02,yes,no,no,2025-08-18_16h47.41.980,EXNAT_4_TMS_Psychopy2024.2.5.psyexp,2024.2.5,2025-08-18 17h00.27.012906 +0200,
0,0,0,0,0,0,0,,,,,,,,,#88BA3F,896.4479339122772,False,space,correct rejection,None,792.5167083740234,text_15,73,7,2back_dual_main_click,2,Begründer,65,64,129,120,inf,,,,,,,,,,,20,02,yes,no,no,2025-08-18_16h47.41.980,EXNAT_4_TMS_Psychopy2024.2.5.psyexp,2024.2.5,2025-08-18 17h00.27.012906 +0200,
0,0,0,0,0,0,0,,,,,,,,,#2AB7EF,897.280478477478,False,space,correct rejection,None,711.9030952453613,text_15,74,7,2back_dual_main_click,2,des,66,64,130,120,inf,897.5647811889648,,,,,,,,,,20,02,yes,no,no,2025-08-18_16h47.41.980,EXNAT_4_TMS_Psychopy2024.2.5.psyexp,2024.2.5,2025-08-18 17h00.27.012906 +0200,
0,0,0,0,0,0,0,,,,,,,,,#88BA3F,898.0323159694672,True,space,miss,None,584.0787887573242,text_15,75,7,2back_dual_main_click,2,Massentourismus,66,64,130,120,inf,,,,,,,,,,,20,02,yes,no,no,2025-08-18_16h47.41.980,EXNAT_4_TMS_Psychopy2024.2.5.psyexp,2024.2.5,2025-08-18 17h00.27.012906 +0200,
0,0,0,0,0,0,0,,,,,,,,,#F989A2,898.6560850143433,False,space,correct rejection,None,808.3107471466064,text_15,76,7,2back_dual_main_click,2,ist,66,64,130,120,inf,,,,,,,,,,,20,02,yes,no,no,2025-08-18_16h47.41.980,EXNAT_4_TMS_Psychopy2024.2.5.psyexp,2024.2.5,2025-08-18 17h00.27.012906 +0200,
0,0,0,0,0,0,0,,,,,,,,,#2AB7EF,899.5058724880219,False,space,correct rejection,None,870.5019950866699,text_15,77,7,2back_dual_main_click,2,auch,66,64,130,120,inf,,,,,,,,,,,20,02,yes,no,no,2025-08-18_16h47.41.980,EXNAT_4_TMS_Psychopy2024.2.5.psyexp,2024.2.5,2025-08-18 17h00.27.012906 +0200,
0,0,0,0,0,0,0,,,,,,,,,#F989A2,900.4163539409637,True,space,miss,None,583.9810371398926,text_15,78,7,2back_dual_main_click,2,einer,66,64,130,120,inf,,,,,,,,,,,20,02,yes,no,no,2025-08-18_16h47.41.980,EXNAT_4_TMS_Psychopy2024.2.5.psyexp,2024.2.5,2025-08-18 17h00.27.012906 +0200,
0,0,0,0,0,0,0,,,,,,,,,#D292F3,901.0388073921204,False,space,correct rejection,None,521.5342044830322,text_15,79,7,2back_dual_main_click,2,gezielten,66,64,130,120,inf,,,,,,,,,,,20,02,yes,no,no,2025-08-18_16h47.41.980,EXNAT_4_TMS_Psychopy2024.2.5.psyexp,2024.2.5,2025-08-18 17h00.27.012906 +0200,
0,0,0,0,0,0,0,,,,,,,,,#D292F3,901.5997264385223,False,space,correct rejection,None,1000.5638599395752,text_15,80,7,2back_dual_main_click,2,Marketingstrategie,66,64,130,120,inf,,,,,,,,,,,20,02,yes,no,no,2025-08-18_16h47.41.980,EXNAT_4_TMS_Psychopy2024.2.5.psyexp,2024.2.5,2025-08-18 17h00.27.012906 +0200,
0,0,0,0,0,0,0,,,,,,,,,#D292F3,902.640280008316,True,space,miss,None,696.0856914520264,text_15,81,7,2back_dual_main_click,2,nach,66,65,131,120,inf,902.6953897476196,,,,,,,,,,20,02,yes,no,no,2025-08-18_16h47.41.980,EXNAT_4_TMS_Psychopy2024.2.5.psyexp,2024.2.5,2025-08-18 17h00.27.012906 +0200,
0,0,0,0,0,0,0,,,,,,,,,#88BA3F,903.376401424408,False,space,correct rejection,None,615.9853935241699,text_15,82,7,2back_dual_main_click,2,seinem,66,65,131,120,inf,,,,,,,,,,,20,02,yes,no,no,2025-08-18_16h47.41.980,EXNAT_4_TMS_Psychopy2024.2.5.psyexp,2024.2.5,2025-08-18 17h00.27.012906 +0200,
0,0,0,0,0,0,0,,,,,,,,,#F989A2,904.0323605537415,False,space,correct rejection,None,568.0067539215088,text_15,83,7,2back_dual_main_click,2,Tod,66,65,131,120,inf,,,,,,,,,,,20,02,yes,no,no,2025-08-18_16h47.41.980,EXNAT_4_TMS_Psychopy2024.2.5.psyexp,2024.2.5,2025-08-18 17h00.27.012906 +0200,
0,0,0,0,0,0,0,,,,,,,,,#2AB7EF,904.640387058258,False,space,correct rejection,None,615.964412689209,text_15,84,7,2back_dual_main_click,2,zu,66,65,131,120,inf,,,,,,,,,,,20,02,yes,no,no,2025-08-18_16h47.41.980,EXNAT_4_TMS_Psychopy2024.2.5.psyexp,2024.2.5,2025-08-18 17h00.27.012906 +0200,
0,0,0,0,0,0,0,,,,,,,,,#D292F3,905.296581029892,False,space,correct rejection,None,647.8102207183838,text_15,85,7,2back_dual_main_click,2,verdanken.,66,65,131,120,inf,,,,,,,,,,,20,02,yes,no,no,2025-08-18_16h47.41.980,EXNAT_4_TMS_Psychopy2024.2.5.psyexp,2024.2.5,2025-08-18 17h00.27.012906 +0200,
0,0,0,0,0,0,0,,,,,,,,,#88BA3F,905.9842436313629,False,space,correct rejection,None,728.1656265258789,text_15,86,7,2back_dual_main_click,2,1865,66,65,131,120,inf,,,,,,,,,,,20,02,yes,no,no,2025-08-18_16h47.41.980,EXNAT_4_TMS_Psychopy2024.2.5.psyexp,2024.2.5,2025-08-18 17h00.27.012906 +0200,
0,0,0,0,0,0,0,,,,,,,,,#2AB7EF,906.7532873153687,False,space,correct rejection,None,983.0930233001709,text_15,87,7,2back_dual_main_click,2,eröffnete,67,65,132,120,inf,907.6953127384186,,,,,,,,,,20,02,yes,no,no,2025-08-18_16h47.41.980,EXNAT_4_TMS_Psychopy2024.2.5.psyexp,2024.2.5,2025-08-18 17h00.27.012906 +0200,
0,0,0,0,0,0,0,,,,,,,,,#88BA3F,907.7746551036835,True,l,hit,489.78590965270996,921.7061996459961,text_15,88,7,2back_dual_main_click,2,er,67,65,132,120,inf,,,,,,,,,,,20,02,yes,no,no,2025-08-18_16h47.41.980,EXNAT_4_TMS_Psychopy2024.2.5.psyexp,2024.2.5,2025-08-18 17h00.27.012906 +0200,
0,0,0,0,0,0,0,,,,,,,,,#88BA3F,908.7361404895782,False,space,correct rejection,None,632.2963237762451,text_15,89,7,2back_dual_main_click,2,in,67,65,132,120,inf,,,,,,,,,,,20,02,yes,no,no,2025-08-18_16h47.41.980,EXNAT_4_TMS_Psychopy2024.2.5.psyexp,2024.2.5,2025-08-18 17h00.27.012906 +0200,
0,0,0,0,0,0,0,,,,,,,,,#D292F3,909.4087550640106,False,space,correct rejection,None,855.6830883026123,text_15,90,7,2back_dual_main_click,2,London,67,65,132,120,inf,,,,,,,,,,,20,02,yes,no,no,2025-08-18_16h47.41.980,EXNAT_4_TMS_Psychopy2024.2.5.psyexp,2024.2.5,2025-08-18 17h00.27.012906 +0200,
0,0,0,0,0,0,0,,,,,,,,,#2AB7EF,910.3049440383911,False,space,correct rejection,None,823.4879970550537,text_15,91,7,2back_dual_main_click,2,sein,67,65,132,120,inf,,,,,,,,,,,20,02,yes,no,no,2025-08-18_16h47.41.980,EXNAT_4_TMS_Psychopy2024.2.5.psyexp,2024.2.5,2025-08-18 17h00.27.012906 +0200,
0,0,0,0,0,0,0,,,,,,,,,#F989A2,911.1688389778137,False,space,correct rejection,None,647.6101875305176,text_15,92,7,2back_dual_main_click,2,erstes,67,65,132,120,inf,,,,,,,,,,,20,02,yes,no,no,2025-08-18_16h47.41.980,EXNAT_4_TMS_Psychopy2024.2.5.psyexp,2024.2.5,2025-08-18 17h00.27.012906 +0200,
0,0,0,0,0,0,0,,,,,,,,,#2AB7EF,911.8566579818726,True,l,hit,599.8179912567139,1191.7338371276855,text_15,93,7,2back_dual_main_click,2,Büro.,67,66,133,120,inf,912.695330619812,,,,,,,,,,20,02,yes,no,no,2025-08-18_16h47.41.980,EXNAT_4_TMS_Psychopy2024.2.5.psyexp,2024.2.5,2025-08-18 17h00.27.012906 +0200,
0,0,0,0,0,0,0,,,,,,,,,#F989A2,913.0870468616486,True,space,miss,None,1113.1837368011475,text_15,94,7,2back_dual_main_click,2,Später,67,66,133,120,inf,,,,,,,,,,,20,02,yes,no,no,2025-08-18_16h47.41.980,EXNAT_4_TMS_Psychopy2024.2.5.psyexp,2024.2.5,2025-08-18 17h00.27.012906 +0200,
0,0,0,0,0,0,0,,,,,,,,,#F989A2,914.2493267059326,False,space,correct rejection,None,575.0019550323486,text_15,95,7,2back_dual_main_click,2,übernahm,67,66,133,120,inf,,,,,,,,,,,20,02,yes,no,no,2025-08-18_16h47.41.980,EXNAT_4_TMS_Psychopy2024.2.5.psyexp,2024.2.5,2025-08-18 17h00.27.012906 +0200,
0,0,0,0,0,0,0,,,,,,,,,#D292F3,914.8658587932587,False,space,correct rejection,None,694.432258605957,text_15,96,7,2back_dual_main_click,2,sein,67,66,133,120,inf,,,,,,,,,,,20,02,yes,no,no,2025-08-18_16h47.41.980,EXNAT_4_TMS_Psychopy2024.2.5.psyexp,2024.2.5,2025-08-18 17h00.27.012906 +0200,
0,0,0,0,0,0,0,,,,,,,,,#D292F3,915.6004362106323,False,space,correct rejection,None,615.8163547515869,text_15,97,7,2back_dual_main_click,2,Sohn,67,66,133,120,inf,,,,,,,,,,,20,02,yes,no,no,2025-08-18_16h47.41.980,EXNAT_4_TMS_Psychopy2024.2.5.psyexp,2024.2.5,2025-08-18 17h00.27.012906 +0200,
0,0,0,0,0,0,0,,,,,,,,,#88BA3F,916.2549164295197,False,space,correct rejection,None,713.4709358215332,text_15,98,7,2back_dual_main_click,2,John,67,66,133,120,inf,,,,,,,,,,,20,02,yes,no,no,2025-08-18_16h47.41.980,EXNAT_4_TMS_Psychopy2024.2.5.psyexp,2024.2.5,2025-08-18 17h00.27.012906 +0200,
0,0,0,0,0,0,0,,,,,,,,,#D292F3,917.0088498592377,True,l,hit,791.6150093078613,1127.4771690368652,text_15,99,7,2back_dual_main_click,2,die,67,67,134,120,inf,917.6953747272491,,,,,,,,,,20,02,yes,no,no,2025-08-18_16h47.41.980,EXNAT_4_TMS_Psychopy2024.2.5.psyexp,2024.2.5,2025-08-18 17h00.27.012906 +0200,
0,0,0,0,0,0,0,,,,,,,,,#F989A2,918.1765401363373,False,space,correct rejection,None,679.7308921813965,text_15,100,7,2back_dual_main_click,2,Leitung.,67,67,134,120,inf,,,,,,,,,,,20,02,yes,no,no,2025-08-18_16h47.41.980,EXNAT_4_TMS_Psychopy2024.2.5.psyexp,2024.2.5,2025-08-18 17h00.27.012906 +0200,
0,0,0,0,0,0,0,,,,,,,,,#88BA3F,918.8962695598602,False,space,correct rejection,None,1048.0725765228271,text_15,101,7,2back_dual_main_click,2,1873,67,67,134,120,inf,,,,,,,,,,,20,02,yes,no,no,2025-08-18_16h47.41.980,EXNAT_4_TMS_Psychopy2024.2.5.psyexp,2024.2.5,2025-08-18 17h00.27.012906 +0200,
0,0,0,0,0,0,0,,,,,,,,,#2AB7EF,919.985326051712,False,space,correct rejection,None,614.9997711181641,text_15,102,7,2back_dual_main_click,2,erfüllte,67,67,134,120,inf,,,,,,,,,,,20,02,yes,no,no,2025-08-18_16h47.41.980,EXNAT_4_TMS_Psychopy2024.2.5.psyexp,2024.2.5,2025-08-18 17h00.27.012906 +0200,
0,0,0,0,0,0,0,,,,,,,,,#D292F3,920.6389157772064,False,space,correct rejection,None,665.4653549194336,text_15,103,7,2back_dual_main_click,2,sich,67,67,134,120,inf,,,,,,,,,,,20,02,yes,no,no,2025-08-18_16h47.41.980,EXNAT_4_TMS_Psychopy2024.2.5.psyexp,2024.2.5,2025-08-18 17h00.27.012906 +0200,
0,0,0,0,0,0,0,,,,,,,,,#2AB7EF,921.3456959724426,True,space,miss,None,630.7036876678467,text_15,104,7,2back_dual_main_click,2,Thomas,67,67,134,120,inf,,,,,,,,,,,20,02,yes,no,no,2025-08-18_16h47.41.980,EXNAT_4_TMS_Psychopy2024.2.5.psyexp,2024.2.5,2025-08-18 17h00.27.012906 +0200,
0,0,0,0,0,0,0,,,,,,,,,#F989A2,922.016863822937,False,space,correct rejection,None,855.4642200469971,text_15,105,7,2back_dual_main_click,2,Cook,68,67,135,120,inf,922.6953768730164,,,,,,,,,,20,02,yes,no,no,2025-08-18_16h47.41.980,EXNAT_4_TMS_Psychopy2024.2.5.psyexp,2024.2.5,2025-08-18 17h00.27.012906 +0200,
0,0,0,0,0,0,0,,,,,,,,,#88BA3F,922.9118847846985,False,space,correct rejection,None,968.4164524078369,text_15,106,7,2back_dual_main_click,2,seinen,68,67,135,120,inf,,,,,,,,,,,20,02,yes,no,no,2025-08-18_16h47.41.980,EXNAT_4_TMS_Psychopy2024.2.5.psyexp,2024.2.5,2025-08-18 17h00.27.012906 +0200,
0,0,0,0,0,0,0,,,,,,,,,#2AB7EF,923.9193160533905,False,space,correct rejection,None,1257.0347785949707,text_15,107,7,2back_dual_main_click,2,Lebenstraum,68,67,135,120,inf,,,,,,,,,,,20,02,yes,no,no,2025-08-18_16h47.41.980,EXNAT_4_TMS_Psychopy2024.2.5.psyexp,2024.2.5,2025-08-18 17h00.27.012906 +0200,
0,0,0,0,0,0,0,,,,,,,,,#F989A2,925.2319121360779,False,space,correct rejection,None,856.4953804016113,text_15,108,7,2back_dual_main_click,2,von,68,67,135,120,inf,,,,,,,,,,,20,02,yes,no,no,2025-08-18_16h47.41.980,EXNAT_4_TMS_Psychopy2024.2.5.psyexp,2024.2.5,2025-08-18 17h00.27.012906 +0200,
0,0,0,0,0,0,0,,,,,,,,,#D292F3,926.1422772407532,False,space,correct rejection,None,810.1115226745605,text_15,109,7,2back_dual_main_click,2,einer,68,67,135,120,inf,,,,,,,,,,,20,02,yes,no,no,2025-08-18_16h47.41.980,EXNAT_4_TMS_Psychopy2024.2.5.psyexp,2024.2.5,2025-08-18 17h00.27.012906 +0200,
0,0,0,0,0,0,0,,,,,,,,,#2AB7EF,927.0079152584076,False,space,correct rejection,None,728.466272354126,text_15,110,7,2back_dual_main_click,2,222-tägigen,69,67,136,120,inf,927.6953885555267,,,,,,,,,,20,02,yes,no,no,2025-08-18_16h47.41.980,EXNAT_4_TMS_Psychopy2024.2.5.psyexp,2024.2.5,2025-08-18 17h00.27.012906 +0200,
0,0,0,0,0,0,0,,,,,,,,,#D292F3,927.7921528816223,True,space,miss,None,1032.2577953338623,text_15,111,7,2back_dual_main_click,2,Weltreise,69,67,136,120,inf,,,,,,,,,,,20,02,yes,no,no,2025-08-18_16h47.41.980,EXNAT_4_TMS_Psychopy2024.2.5.psyexp,2024.2.5,2025-08-18 17h00.27.012906 +0200,
0,0,0,0,0,0,0,,,,,,,,,#F989A2,928.879302740097,False,space,correct rejection,None,841.0732746124268,text_15,112,7,2back_dual_main_click,2,über,69,67,136,120,inf,,,,,,,,,,,20,02,yes,no,no,2025-08-18_16h47.41.980,EXNAT_4_TMS_Psychopy2024.2.5.psyexp,2024.2.5,2025-08-18 17h00.27.012906 +0200,
0,0,0,0,0,0,0,,,,,,,,,#F989A2,929.7596611976624,False,space,correct rejection,None,808.7527751922607,text_15,113,7,2back_dual_main_click,2,40.000,69,67,136,120,inf,,,,,,,,,,,20,02,yes,no,no,2025-08-18_16h47.41.980,EXNAT_4_TMS_Psychopy2024.2.5.psyexp,2024.2.5,2025-08-18 17h00.27.012906 +0200,
0,0,0,0,0,0,0,,,,,,,,,#2AB7EF,930.609041929245,False,space,correct rejection,None,711.2975120544434,text_15,114,7,2back_dual_main_click,2,Kilometer.,69,67,136,120,inf,,,,,,,,,,,20,02,yes,no,no,2025-08-18_16h47.41.980,EXNAT_4_TMS_Psychopy2024.2.5.psyexp,2024.2.5,2025-08-18 17h00.27.012906 +0200,
0,0,0,0,0,0,0,,,,,,,,,#2AB7EF,931.3577568531036,False,space,correct rejection,None,970.5591201782227,text_15,115,7,2back_dual_main_click,2,Doch,69,67,136,120,inf,,,,,,,,,,,20,02,yes,no,no,2025-08-18_16h47.41.980,EXNAT_4_TMS_Psychopy2024.2.5.psyexp,2024.2.5,2025-08-18 17h00.27.012906 +0200,
0,0,0,0,0,0,0,,,,,,,,,#88BA3F,932.3692002296448,False,space,correct rejection,None,519.0765857696533,text_15,116,7,2back_dual_main_click,2,es,69,67,136,120,inf,,,,,,,,,,,20,02,yes,no,no,2025-08-18_16h47.41.980,EXNAT_4_TMS_Psychopy2024.2.5.psyexp,2024.2.5,2025-08-18 17h00.27.012906 +0200,
0,0,0,0,0,0,0,,,,,,,,,#88BA3F,932.927817106247,False,space,correct rejection,None,664.5843982696533,text_15,117,7,2back_dual_main_click,2,kam,69,67,136,120,inf,,,,,,,,,,,20,02,yes,no,no,2025-08-18_16h47.41.980,EXNAT_4_TMS_Psychopy2024.2.5.psyexp,2024.2.5,2025-08-18 17h00.27.012906 +0200,
0,0,0,0,0,0,0,,,,,,,,,#D292F3,933.6305170059204,False,space,correct rejection,None,537.8901958465576,text_15,118,7,2back_dual_main_click,2,zu,69,67,136,120,inf,,,,,,,,,,,20,02,yes,no,no,2025-08-18_16h47.41.980,EXNAT_4_TMS_Psychopy2024.2.5.psyexp,2024.2.5,2025-08-18 17h00.27.012906 +0200,
0,0,0,0,0,0,0,,,,,,,,,#F989A2,934.208110332489,False,space,correct rejection,None,632.2851181030273,text_15,119,7,2back_dual_main_click,2,Konflikten,69,67,136,120,inf,,,,,,,,,,,20,02,yes,no,no,2025-08-18_16h47.41.980,EXNAT_4_TMS_Psychopy2024.2.5.psyexp,2024.2.5,2025-08-18 17h00.27.012906 +0200,
0,0,0,0,0,0,0,,,,,,,,,#88BA3F,934.8791904449463,False,space,correct rejection,None,761.188268661499,text_15,120,7,2back_dual_main_click,2,mit,69,67,136,120,inf,,,,,,,,,,,20,02,yes,no,no,2025-08-18_16h47.41.980,EXNAT_4_TMS_Psychopy2024.2.5.psyexp,2024.2.5,2025-08-18 17h00.27.012906 +0200,
0,0,0,0,0,0,0,,,,,,,,,#88BA3F,935.6798691749573,False,space,correct rejection,None,616.5530681610107,text_15,121,7,2back_dual_main_click,2,seinem,69,67,136,120,inf,,,,,,,,,,,20,02,yes,no,no,2025-08-18_16h47.41.980,EXNAT_4_TMS_Psychopy2024.2.5.psyexp,2024.2.5,2025-08-18 17h00.27.012906 +0200,
0,0,0,0,0,0,0,,,,,,,,,#D292F3,936.3358843326569,False,space,correct rejection,None,840.5351638793945,text_15,122,7,2back_dual_main_click,2,"Sohn,",69,67,136,120,inf,,,,,,,,,,,20,02,yes,no,no,2025-08-18_16h47.41.980,EXNAT_4_TMS_Psychopy2024.2.5.psyexp,2024.2.5,2025-08-18 17h00.27.012906 +0200,
0,0,0,0,0,0,0,,,,,,,,,#D292F3,937.2168912887573,False,space,correct rejection,None,775.4833698272705,text_15,123,7,2back_dual_main_click,2,der,69,67,136,120,inf,,,,,,,,,,,20,02,yes,no,no,2025-08-18_16h47.41.980,EXNAT_4_TMS_Psychopy2024.2.5.psyexp,2024.2.5,2025-08-18 17h00.27.012906 +0200,
0,0,0,0,0,0,0,,,,,,,,,#D292F3,938.0307998657227,True,l,hit,409.6055030822754,969.538688659668,text_15,124,7,2back_dual_main_click,2,das,69,68,137,120,inf,938.0812492370605,,,,,,,,,,20,02,yes,no,no,2025-08-18_16h47.41.980,EXNAT_4_TMS_Psychopy2024.2.5.psyexp,2024.2.5,2025-08-18 17h00.27.012906 +0200,
0,0,0,0,0,0,0,,,,,,,,,#F989A2,939.0439348220825,False,space,correct rejection,None,1380.4981708526611,text_15,125,7,2back_dual_main_click,2,Unternehmen,69,68,137,120,inf,,,,,,,,,,,20,02,yes,no,no,2025-08-18_16h47.41.980,EXNAT_4_TMS_Psychopy2024.2.5.psyexp,2024.2.5,2025-08-18 17h00.27.012906 +0200,
0,0,0,0,0,0,0,,,,,,,,,#F989A2,940.4637207984924,False,space,correct rejection,None,648.6608982086182,text_15,126,7,2back_dual_main_click,2,in,69,68,137,120,inf,,,,,,,,,,,20,02,yes,no,no,2025-08-18_16h47.41.980,EXNAT_4_TMS_Psychopy2024.2.5.psyexp,2024.2.5,2025-08-18 17h00.27.012906 +0200,
0,0,0,0,0,0,0,,,,,,,,,#88BA3F,941.1516358852386,False,space,correct rejection,None,760.7786655426025,text_15,127,7,2back_dual_main_click,2,seiner,69,68,137,120,inf,,,,,,,,,,,20,02,yes,no,no,2025-08-18_16h47.41.980,EXNAT_4_TMS_Psychopy2024.2.5.psyexp,2024.2.5,2025-08-18 17h00.27.012906 +0200,
0,0,0,0,0,0,0,,,,,,,,,#2AB7EF,941.9542462825775,False,space,correct rejection,None,630.1581859588623,text_15,128,7,2back_dual_main_click,2,Abwesenheit,69,68,137,120,inf,,,,,,,,,,,20,02,yes,no,no,2025-08-18_16h47.41.980,EXNAT_4_TMS_Psychopy2024.2.5.psyexp,2024.2.5,2025-08-18 17h00.27.012906 +0200,
0,0,0,0,0,0,0,,,,,,,,,#2AB7EF,942.6270833015442,False,space,correct rejection,None,805.3162097930908,text_15,129,7,2back_dual_main_click,2,vergrößerte.,70,68,138,120,inf,943.0812788009644,,,,,,,,,,20,02,yes,no,no,2025-08-18_16h47.41.980,EXNAT_4_TMS_Psychopy2024.2.5.psyexp,2024.2.5,2025-08-18 17h00.27.012906 +0200,
0,0,0,0,0,0,0,,,,,,,,,#F989A2,943.4742517471313,False,space,correct rejection,None,838.1490707397461,text_15,130,7,2back_dual_main_click,2,Cook,70,68,138,120,inf,,,,,,,,,,,20,02,yes,no,no,2025-08-18_16h47.41.980,EXNAT_4_TMS_Psychopy2024.2.5.psyexp,2024.2.5,2025-08-18 17h00.27.012906 +0200,
0,0,0,0,0,0,0,,,,,,,,,#88BA3F,944.3515939712524,False,space,correct rejection,None,1256.79612159729,text_15,131,7,2back_dual_main_click,2,zog,70,68,138,120,inf,,,,,,,,,,,20,02,yes,no,no,2025-08-18_16h47.41.980,EXNAT_4_TMS_Psychopy2024.2.5.psyexp,2024.2.5,2025-08-18 17h00.27.012906 +0200,
0,0,0,0,0,0,0,,,,,,,,,#88BA3F,945.6602034568787,False,space,correct rejection,None,652.1768569946289,text_15,132,7,2back_dual_main_click,2,sich,70,68,138,120,inf,,,,,,,,,,,20,02,yes,no,no,2025-08-18_16h47.41.980,EXNAT_4_TMS_Psychopy2024.2.5.psyexp,2024.2.5,2025-08-18 17h00.27.012906 +0200,
0,0,0,0,0,0,0,,,,,,,,,#F989A2,946.3670444488525,False,space,correct rejection,None,969.1855907440186,text_15,133,7,2back_dual_main_click,2,"zurück,",70,68,138,120,inf,,,,,,,,,,,20,02,yes,no,no,2025-08-18_16h47.41.980,EXNAT_4_TMS_Psychopy2024.2.5.psyexp,2024.2.5,2025-08-18 17h00.27.012906 +0200,
0,0,0,0,0,0,0,,,,,,,,,#2AB7EF,947.3925423622131,False,space,correct rejection,None,711.850643157959,text_15,134,7,2back_dual_main_click,2,erblindete,70,68,138,120,inf,,,,,,,,,,,20,02,yes,no,no,2025-08-18_16h47.41.980,EXNAT_4_TMS_Psychopy2024.2.5.psyexp,2024.2.5,2025-08-18 17h00.27.012906 +0200,
0,0,0,0,0,0,0,,,,,,,,,#88BA3F,948.159960269928,False,space,correct rejection,None,664.4222736358643,text_15,135,7,2back_dual_main_click,2,und,70,68,138,120,inf,,,,,,,,,,,20,02,yes,no,no,2025-08-18_16h47.41.980,EXNAT_4_TMS_Psychopy2024.2.5.psyexp,2024.2.5,2025-08-18 17h00.27.012906 +0200,
0,0,0,0,0,0,0,,,,,,,,,#D292F3,948.8796076774597,False,space,correct rejection,None,776.7388820648193,text_15,136,7,2back_dual_main_click,2,starb,70,68,138,120,inf,,,,,,,,,,,20,02,yes,no,no,2025-08-18_16h47.41.980,EXNAT_4_TMS_Psychopy2024.2.5.psyexp,2024.2.5,2025-08-18 17h00.27.012906 +0200,
0,0,0,0,0,0,0,,,,,,,,,#D292F3,949.7113695144653,False,space,correct rejection,None,824.8517513275146,text_15,137,7,2back_dual_main_click,2,nach,70,68,138,120,inf,,,,,,,,,,,20,02,yes,no,no,2025-08-18_16h47.41.980,EXNAT_4_TMS_Psychopy2024.2.5.psyexp,2024.2.5,2025-08-18 17h00.27.012906 +0200,
0,0,0,0,0,0,0,,,,,,,,,#2AB7EF,950.5758092403412,False,space,correct rejection,None,664.6077632904053,text_15,138,7,2back_dual_main_click,2,einem,70,68,138,120,inf,,,,,,,,,,,20,02,yes,no,no,2025-08-18_16h47.41.980,EXNAT_4_TMS_Psychopy2024.2.5.psyexp,2024.2.5,2025-08-18 17h00.27.012906 +0200,
0,0,0,0,0,0,0,,,,,,,,,#88BA3F,951.2828273773193,False,space,correct rejection,None,741.5101528167725,text_15,139,7,2back_dual_main_click,2,Schlaganfall.,70,68,138,120,inf,,,,,,,,,,,20,02,yes,no,no,2025-08-18_16h47.41.980,EXNAT_4_TMS_Psychopy2024.2.5.psyexp,2024.2.5,2025-08-18 17h00.27.012906 +0200,
0,0,0,0,0,0,0,,,,,,,,,#88BA3F,952.065732717514,False,space,correct rejection,None,870.6738948822021,text_15,140,7,2back_dual_main_click,2,Seine,70,68,138,120,inf,,,,,,,,,,,20,02,yes,no,no,2025-08-18_16h47.41.980,EXNAT_4_TMS_Psychopy2024.2.5.psyexp,2024.2.5,2025-08-18 17h00.27.012906 +0200,
0,0,0,0,0,0,0,,,,,,,,,#88BA3F,952.9773850440979,True,l,hit,662.799596786499,1190.7281875610352,text_15,141,7,2back_dual_main_click,2,Nachfahren,70,69,139,120,inf,953.0319409370422,,,,,,,,,,20,02,yes,no,no,2025-08-18_16h47.41.980,EXNAT_4_TMS_Psychopy2024.2.5.psyexp,2024.2.5,2025-08-18 17h00.27.012906 +0200,
0,0,0,0,0,0,0,,,,,,,,,#F989A2,954.2243702411652,False,space,correct rejection,None,791.9483184814453,text_15,142,7,2back_dual_main_click,2,verkauften,70,69,139,120,inf,,,,,,,,,,,20,02,yes,no,no,2025-08-18_16h47.41.980,EXNAT_4_TMS_Psychopy2024.2.5.psyexp,2024.2.5,2025-08-18 17h00.27.012906 +0200,
0,0,0,0,0,0,0,,,,,,,,,#F989A2,955.0715453624725,False,space,correct rejection,None,568.6521530151367,text_15,143,7,2back_dual_main_click,2,das,70,69,139,120,inf,,,,,,,,,,,20,02,yes,no,no,2025-08-18_16h47.41.980,EXNAT_4_TMS_Psychopy2024.2.5.psyexp,2024.2.5,2025-08-18 17h00.27.012906 +0200,
0,0,0,0,0,0,0,,,,,,,,,#D292F3,955.6953127384186,False,space,correct rejection,None,665.0030612945557,text_15,144,7,2back_dual_main_click,2,Unternehmen,70,69,139,120,inf,,,,,,,,,,,20,02,yes,no,no,2025-08-18_16h47.41.980,EXNAT_4_TMS_Psychopy2024.2.5.psyexp,2024.2.5,2025-08-18 17h00.27.012906 +0200,
0,0,0,0,0,0,0,,,,,,,,,#2AB7EF,956.416570186615,False,space,correct rejection,None,519.6330547332764,text_15,145,7,2back_dual_main_click,2,später,70,69,139,120,inf,,,,,,,,,,,20,02,yes,no,no,2025-08-18_16h47.41.980,EXNAT_4_TMS_Psychopy2024.2.5.psyexp,2024.2.5,2025-08-18 17h00.27.012906 +0200,
0,0,0,0,0,0,0,,,,,,,,,#2AB7EF,956.9914886951447,False,space,correct rejection,None,712.7101421356201,text_15,146,7,2back_dual_main_click,2,an,70,69,139,120,inf,,,,,,,,,,,20,02,yes,no,no,2025-08-18_16h47.41.980,EXNAT_4_TMS_Psychopy2024.2.5.psyexp,2024.2.5,2025-08-18 17h00.27.012906 +0200,
0,0,0,0,0,0,0,,,,,,,,,#F989A2,957.7584583759308,False,space,correct rejection,None,1033.8718891143799,text_15,147,7,2back_dual_main_click,2,die,71,69,140,120,inf,958.0319249629974,,,,,,,,,,20,02,yes,no,no,2025-08-18_16h47.41.980,EXNAT_4_TMS_Psychopy2024.2.5.psyexp,2024.2.5,2025-08-18 17h00.27.012906 +0200,
0,0,0,0,0,0,0,,,,,,,,,#88BA3F,958.8478486537933,False,space,correct rejection,None,840.5804634094238,text_15,148,7,2back_dual_main_click,2,Betreiber,71,69,140,120,inf,,,,,,,,,,,20,02,yes,no,no,2025-08-18_16h47.41.980,EXNAT_4_TMS_Psychopy2024.2.5.psyexp,2024.2.5,2025-08-18 17h00.27.012906 +0200,
0,0,0,0,0,0,0,,,,,,,,,#D292F3,959.7439558506012,False,space,correct rejection,None,808.3570003509521,text_15,149,7,2back_dual_main_click,2,des,71,69,140,120,inf,,,,,,,,,,,20,02,yes,no,no,2025-08-18_16h47.41.980,EXNAT_4_TMS_Psychopy2024.2.5.psyexp,2024.2.5,2025-08-18 17h00.27.012906 +0200,
0,0,0,0,0,0,0,,,,,,,,,#D292F3,960.6088218688965,False,space,correct rejection,None,967.6058292388916,text_15,150,7,2back_dual_main_click,2,Orient-Express.,71,69,140,120,inf,,,,,,,,,,,20,02,yes,no,no,2025-08-18_16h47.41.980,EXNAT_4_TMS_Psychopy2024.2.5.psyexp,2024.2.5,2025-08-18 17h00.27.012906 +0200,
0,0,0,0,0,0,0,,,,,,,,,,961.6374931335449,,3,,,,text_15,,7,2back_dual_main_click,,,,,,,,,Q1,c,True,,,,,,,20,02,yes,no,no,2025-08-18_16h47.41.980,EXNAT_4_TMS_Psychopy2024.2.5.psyexp,2024.2.5,2025-08-18 17h00.27.012906 +0200,
0,0,0,0,0,0,0,,,,,,,,,,971.2115318775177,,2,,,,text_15,,7,2back_dual_main_click,,,,,,,,,Q2,b,True,,,,,,,20,02,yes,no,no,2025-08-18_16h47.41.980,EXNAT_4_TMS_Psychopy2024.2.5.psyexp,2024.2.5,2025-08-18 17h00.27.012906 +0200,
0,0,0,0,0,0,0,,,,,,,,,,979.4169268608093,,1,,,,text_15,,7,2back_dual_main_click,,,,,,,,,Q3,a,True,,,,,,,20,02,yes,no,no,2025-08-18_16h47.41.980,EXNAT_4_TMS_Psychopy2024.2.5.psyexp,2024.2.5,2025-08-18 17h00.27.012906 +0200,
0,0,0,0,0,0,0,,,,,,,,,#88BA3F,996.5171391963959,None,space,None,None,1475.400447845459,text_06,1,8,Reading_Baseline_main_click,None,Mauritius,0,0,0,60,60,,,,,,,,,,,20,02,yes,no,no,2025-08-18_16h47.41.980,EXNAT_4_TMS_Psychopy2024.2.5.psyexp,2024.2.5,2025-08-18 17h00.27.012906 +0200,
0,0,0,0,0,0,0,,,,,,,,,#2AB7EF,998.0285313129425,None,space,None,None,491.9555187225342,text_06,2,8,Reading_Baseline_main_click,None,ist,1,0,1,60,60,998.0938038825989,,,,,,,,,,20,02,yes,no,no,2025-08-18_16h47.41.980,EXNAT_4_TMS_Psychopy2024.2.5.psyexp,2024.2.5,2025-08-18 17h00.27.012906 +0200,
0,0,0,0,0,0,0,,,,,,,,,#F989A2,998.5584948062897,None,space,None,None,538.0687713623047,text_06,3,8,Reading_Baseline_main_click,None,eine,1,0,1,60,60,,,,,,,,,,,20,02,yes,no,no,2025-08-18_16h47.41.980,EXNAT_4_TMS_Psychopy2024.2.5.psyexp,2024.2.5,2025-08-18 17h00.27.012906 +0200,
0,0,0,0,0,0,0,,,,,,,,,#2AB7EF,999.136880159378,None,space,None,None,455.674409866333,text_06,4,8,Reading_Baseline_main_click,None,Insel,1,0,1,60,60,,,,,,,,,,,20,02,yes,no,no,2025-08-18_16h47.41.980,EXNAT_4_TMS_Psychopy2024.2.5.psyexp,2024.2.5,2025-08-18 17h00.27.012906 +0200,
0,0,0,0,0,0,0,,,,,,,,,#D292F3,999.631694316864,None,space,None,None,568.7572956085205,text_06,5,8,Reading_Baseline_main_click,None,im,1,0,1,60,60,,,,,,,,,,,20,02,yes,no,no,2025-08-18_16h47.41.980,EXNAT_4_TMS_Psychopy2024.2.5.psyexp,2024.2.5,2025-08-18 17h00.27.012906 +0200,
0,0,0,0,0,0,0,,,,,,,,,#D292F3,1000.2401268482208,None,space,None,None,456.30836486816406,text_06,6,8,Reading_Baseline_main_click,None,Indischen,1,0,1,60,60,,,,,,,,,,,20,02,yes,no,no,2025-08-18_16h47.41.980,EXNAT_4_TMS_Psychopy2024.2.5.psyexp,2024.2.5,2025-08-18 17h00.27.012906 +0200,
0,0,0,0,0,0,0,,,,,,,,,#88BA3F,1000.7367007732391,None,space,None,None,455.68203926086426,text_06,7,8,Reading_Baseline_main_click,None,Ozean.,1,0,1,60,60,,,,,,,,,,,20,02,yes,no,no,2025-08-18_16h47.41.980,EXNAT_4_TMS_Psychopy2024.2.5.psyexp,2024.2.5,2025-08-18 17h00.27.012906 +0200,
0,0,0,0,0,0,0,,,,,,,,,#2AB7EF,1001.2324950695038,None,space,None,None,487.9317283630371,text_06,8,8,Reading_Baseline_main_click,None,Früher,1,0,1,60,60,,,,,,,,,,,20,02,yes,no,no,2025-08-18_16h47.41.980,EXNAT_4_TMS_Psychopy2024.2.5.psyexp,2024.2.5,2025-08-18 17h00.27.012906 +0200,
0,0,0,0,0,0,0,,,,,,,,,#88BA3F,1001.7592697143555,None,space,None,None,473.2029438018799,text_06,9,8,Reading_Baseline_main_click,None,war,1,0,1,60,60,,,,,,,,,,,20,02,yes,no,no,2025-08-18_16h47.41.980,EXNAT_4_TMS_Psychopy2024.2.5.psyexp,2024.2.5,2025-08-18 17h00.27.012906 +0200,
0,0,0,0,0,0,0,,,,,,,,,#F989A2,1002.2724742889404,None,space,None,None,471.9254970550537,text_06,10,8,Reading_Baseline_main_click,None,sie,1,0,1,60,60,,,,,,,,,,,20,02,yes,no,no,2025-08-18_16h47.41.980,EXNAT_4_TMS_Psychopy2024.2.5.psyexp,2024.2.5,2025-08-18 17h00.27.012906 +0200,
0,0,0,0,0,0,0,,,,,,,,,#F989A2,1002.7839958667755,None,space,None,None,488.49010467529297,text_06,11,8,Reading_Baseline_main_click,None,kaum,2,0,2,60,60,1003.0938172340393,,,,,,,,,,20,02,yes,no,no,2025-08-18_16h47.41.980,EXNAT_4_TMS_Psychopy2024.2.5.psyexp,2024.2.5,2025-08-18 17h00.27.012906 +0200,
0,0,0,0,0,0,0,,,,,,,,,#D292F3,1003.3112254142761,None,space,None,None,489.2435073852539,text_06,12,8,Reading_Baseline_main_click,None,"bekannt,",2,0,2,60,60,,,,,,,,,,,20,02,yes,no,no,2025-08-18_16h47.41.980,EXNAT_4_TMS_Psychopy2024.2.5.psyexp,2024.2.5,2025-08-18 17h00.27.012906 +0200,
0,0,0,0,0,0,0,,,,,,,,,#88BA3F,1003.8397581577301,None,space,None,None,424.7312545776367,text_06,13,8,Reading_Baseline_main_click,None,heute,2,0,2,60,60,,,,,,,,,,,20,02,yes,no,no,2025-08-18_16h47.41.980,EXNAT_4_TMS_Psychopy2024.2.5.psyexp,2024.2.5,2025-08-18 17h00.27.012906 +0200,
0,0,0,0,0,0,0,,,,,,,,,#F989A2,1004.3048009872437,None,space,None,None,455.65247535705566,text_06,14,8,Reading_Baseline_main_click,None,ist,2,0,2,60,60,,,,,,,,,,,20,02,yes,no,no,2025-08-18_16h47.41.980,EXNAT_4_TMS_Psychopy2024.2.5.psyexp,2024.2.5,2025-08-18 17h00.27.012906 +0200,
0,0,0,0,0,0,0,,,,,,,,,#F989A2,1004.8016159534454,None,space,None,None,438.84968757629395,text_06,15,8,Reading_Baseline_main_click,None,sie,2,0,2,60,60,,,,,,,,,,,20,02,yes,no,no,2025-08-18_16h47.41.980,EXNAT_4_TMS_Psychopy2024.2.5.psyexp,2024.2.5,2025-08-18 17h00.27.012906 +0200,
0,0,0,0,0,0,0,,,,,,,,,#D292F3,1005.2793912887573,None,space,None,None,408.82325172424316,text_06,16,8,Reading_Baseline_main_click,None,ein,2,0,2,60,60,,,,,,,,,,,20,02,yes,no,no,2025-08-18_16h47.41.980,EXNAT_4_TMS_Psychopy2024.2.5.psyexp,2024.2.5,2025-08-18 17h00.27.012906 +0200,
0,0,0,0,0,0,0,,,,,,,,,#D292F3,1005.7275567054749,None,space,None,None,408.92982482910156,text_06,17,8,Reading_Baseline_main_click,None,beliebtes,2,0,2,60,60,,,,,,,,,,,20,02,yes,no,no,2025-08-18_16h47.41.980,EXNAT_4_TMS_Psychopy2024.2.5.psyexp,2024.2.5,2025-08-18 17h00.27.012906 +0200,
0,0,0,0,0,0,0,,,,,,,,,#88BA3F,1006.1749727725983,None,space,None,None,425.50158500671387,text_06,18,8,Reading_Baseline_main_click,None,Urlaubsziel.,2,0,2,60,60,,,,,,,,,,,20,02,yes,no,no,2025-08-18_16h47.41.980,EXNAT_4_TMS_Psychopy2024.2.5.psyexp,2024.2.5,2025-08-18 17h00.27.012906 +0200,
0,0,0,0,0,0,0,,,,,,,,,#D292F3,1006.6397955417633,None,space,None,None,392.64893531799316,text_06,19,8,Reading_Baseline_main_click,None,Die,2,0,2,60,60,,,,,,,,,,,20,02,yes,no,no,2025-08-18_16h47.41.980,EXNAT_4_TMS_Psychopy2024.2.5.psyexp,2024.2.5,2025-08-18 17h00.27.012906 +0200,
0,0,0,0,0,0,0,,,,,,,,,#2AB7EF,1007.0745706558228,None,space,None,None,565.8938884735107,text_06,20,8,Reading_Baseline_main_click,None,Portugiesen,2,0,2,60,60,,,,,,,,,,,20,02,yes,no,no,2025-08-18_16h47.41.980,EXNAT_4_TMS_Psychopy2024.2.5.psyexp,2024.2.5,2025-08-18 17h00.27.012906 +0200,
0,0,0,0,0,0,0,,,,,,,,,#2AB7EF,1007.6802754402161,None,space,None,None,552.2029399871826,text_06,21,8,Reading_Baseline_main_click,None,entdeckten,3,0,3,60,60,1008.0938456058502,,,,,,,,,,20,02,yes,no,no,2025-08-18_16h47.41.980,EXNAT_4_TMS_Psychopy2024.2.5.psyexp,2024.2.5,2025-08-18 17h00.27.012906 +0200,
0,0,0,0,0,0,0,,,,,,,,,#88BA3F,1008.2705717086792,None,space,None,None,409.9130630493164,text_06,22,8,Reading_Baseline_main_click,None,die,3,0,3,60,60,,,,,,,,,,,20,02,yes,no,no,2025-08-18_16h47.41.980,EXNAT_4_TMS_Psychopy2024.2.5.psyexp,2024.2.5,2025-08-18 17h00.27.012906 +0200,
0,0,0,0,0,0,0,,,,,,,,,#F989A2,1008.7212443351746,None,space,None,None,407.245397567749,text_06,23,8,Reading_Baseline_main_click,None,Insel,3,0,3,60,60,,,,,,,,,,,20,02,yes,no,no,2025-08-18_16h47.41.980,EXNAT_4_TMS_Psychopy2024.2.5.psyexp,2024.2.5,2025-08-18 17h00.27.012906 +0200,
0,0,0,0,0,0,0,,,,,,,,,#2AB7EF,1009.1678459644318,None,space,None,None,440.654993057251,text_06,24,8,Reading_Baseline_main_click,None,zuerst,3,0,3,60,60,,,,,,,,,,,20,02,yes,no,no,2025-08-18_16h47.41.980,EXNAT_4_TMS_Psychopy2024.2.5.psyexp,2024.2.5,2025-08-18 17h00.27.012906 +0200,
0,0,0,0,0,0,0,,,,,,,,,#88BA3F,1009.6491143703461,None,space,None,None,439.41807746887207,text_06,25,8,Reading_Baseline_main_click,None,und,3,0,3,60,60,,,,,,,,,,,20,02,yes,no,no,2025-08-18_16h47.41.980,EXNAT_4_TMS_Psychopy2024.2.5.psyexp,2024.2.5,2025-08-18 17h00.27.012906 +0200,
0,0,0,0,0,0,0,,,,,,,,,#D292F3,1010.1283750534058,None,space,None,None,488.0542755126953,text_06,26,8,Reading_Baseline_main_click,None,nannten,3,0,3,60,60,,,,,,,,,,,20,02,yes,no,no,2025-08-18_16h47.41.980,EXNAT_4_TMS_Psychopy2024.2.5.psyexp,2024.2.5,2025-08-18 17h00.27.012906 +0200,
0,0,0,0,0,0,0,,,,,,,,,#88BA3F,1010.6545419692993,None,space,None,None,393.9783573150635,text_06,27,8,Reading_Baseline_main_click,None,sie,3,0,3,60,60,,,,,,,,,,,20,02,yes,no,no,2025-08-18_16h47.41.980,EXNAT_4_TMS_Psychopy2024.2.5.psyexp,2024.2.5,2025-08-18 17h00.27.012906 +0200,
0,0,0,0,0,0,0,,,,,,,,,#D292F3,1011.087221622467,None,space,None,None,1001.2860298156738,text_06,28,8,Reading_Baseline_main_click,None,""Schwaneninsel."",3,0,3,60,60,,,,,,,,,,,20,02,yes,no,no,2025-08-18_16h47.41.980,EXNAT_4_TMS_Psychopy2024.2.5.psyexp,2024.2.5,2025-08-18 17h00.27.012906 +0200,
0,0,0,0,0,0,0,,,,,,,,,#D292F3,1012.1287488937378,None,space,None,None,583.7564468383789,text_06,29,8,Reading_Baseline_main_click,None,Sie,3,0,3,60,60,,,,,,,,,,,20,02,yes,no,no,2025-08-18_16h47.41.980,EXNAT_4_TMS_Psychopy2024.2.5.psyexp,2024.2.5,2025-08-18 17h00.27.012906 +0200,
0,0,0,0,0,0,0,,,,,,,,,#F989A2,1012.7511100769043,None,space,None,None,425.43888092041016,text_06,30,8,Reading_Baseline_main_click,None,siedelten,4,0,4,60,60,1013.0938153266907,,,,,,,,,,20,02,yes,no,no,2025-08-18_16h47.41.980,EXNAT_4_TMS_Psychopy2024.2.5.psyexp,2024.2.5,2025-08-18 17h00.27.012906 +0200,
0,0,0,0,0,0,0,,,,,,,,,#88BA3F,1013.2170715332031,None,space,None,None,471.4388847351074,text_06,31,8,Reading_Baseline_main_click,None,sich,4,0,4,60,60,,,,,,,,,,,20,02,yes,no,no,2025-08-18_16h47.41.980,EXNAT_4_TMS_Psychopy2024.2.5.psyexp,2024.2.5,2025-08-18 17h00.27.012906 +0200,
0,0,0,0,0,0,0,,,,,,,,,#2AB7EF,1013.7272233963013,None,space,None,None,457.3338031768799,text_06,32,8,Reading_Baseline_main_click,None,dort,4,0,4,60,60,,,,,,,,,,,20,02,yes,no,no,2025-08-18_16h47.41.980,EXNAT_4_TMS_Psychopy2024.2.5.psyexp,2024.2.5,2025-08-18 17h00.27.012906 +0200,
0,0,0,0,0,0,0,,,,,,,,,#F989A2,1014.2243611812592,None,space,None,None,424.10731315612793,text_06,33,8,Reading_Baseline_main_click,None,aber,4,0,4,60,60,,,,,,,,,,,20,02,yes,no,no,2025-08-18_16h47.41.980,EXNAT_4_TMS_Psychopy2024.2.5.psyexp,2024.2.5,2025-08-18 17h00.27.012906 +0200,
0,0,0,0,0,0,0,,,,,,,,,#2AB7EF,1014.6882722377777,None,space,None,None,472.17321395874023,text_06,34,8,Reading_Baseline_main_click,None,nicht,4,0,4,60,60,,,,,,,,,,,20,02,yes,no,no,2025-08-18_16h47.41.980,EXNAT_4_TMS_Psychopy2024.2.5.psyexp,2024.2.5,2025-08-18 17h00.27.012906 +0200,
0,0,0,0,0,0,0,,,,,,,,,#D292F3,1015.2009851932526,None,space,None,None,407.4220657348633,text_06,35,8,Reading_Baseline_main_click,None,an.,4,0,4,60,60,,,,,,,,,,,20,02,yes,no,no,2025-08-18_16h47.41.980,EXNAT_4_TMS_Psychopy2024.2.5.psyexp,2024.2.5,2025-08-18 17h00.27.012906 +0200,
0,0,0,0,0,0,0,,,,,,,,,#F989A2,1015.6500356197357,None,space,None,None,422.40285873413086,text_06,36,8,Reading_Baseline_main_click,None,Später,4,0,4,60,60,,,,,,,,,,,20,02,yes,no,no,2025-08-18_16h47.41.980,EXNAT_4_TMS_Psychopy2024.2.5.psyexp,2024.2.5,2025-08-18 17h00.27.012906 +0200,
0,0,0,0,0,0,0,,,,,,,,,#2AB7EF,1016.1136350631714,None,space,None,None,438.82083892822266,text_06,37,8,Reading_Baseline_main_click,None,kamen,4,0,4,60,60,,,,,,,,,,,20,02,yes,no,no,2025-08-18_16h47.41.980,EXNAT_4_TMS_Psychopy2024.2.5.psyexp,2024.2.5,2025-08-18 17h00.27.012906 +0200,
0,0,0,0,0,0,0,,,,,,,,,#88BA3F,1016.5896790027618,None,space,None,None,442.7030086517334,text_06,38,8,Reading_Baseline_main_click,None,die,4,0,4,60,60,,,,,,,,,,,20,02,yes,no,no,2025-08-18_16h47.41.980,EXNAT_4_TMS_Psychopy2024.2.5.psyexp,2024.2.5,2025-08-18 17h00.27.012906 +0200,
0,0,0,0,0,0,0,,,,,,,,,#D292F3,1017.074075460434,None,space,None,None,502.34270095825195,text_06,39,8,Reading_Baseline_main_click,None,Holländer.,4,0,4,60,60,,,,,,,,,,,20,02,yes,no,no,2025-08-18_16h47.41.980,EXNAT_4_TMS_Psychopy2024.2.5.psyexp,2024.2.5,2025-08-18 17h00.27.012906 +0200,
0,0,0,0,0,0,0,,,,,,,,,#F989A2,1017.6174035072327,None,space,None,None,471.0261821746826,text_06,40,8,Reading_Baseline_main_click,None,Sie,4,0,4,60,60,,,,,,,,,,,20,02,yes,no,no,2025-08-18_16h47.41.980,EXNAT_4_TMS_Psychopy2024.2.5.psyexp,2024.2.5,2025-08-18 17h00.27.012906 +0200,
0,0,0,0,0,0,0,,,,,,,,,#D292F3,1018.1276257038116,None,space,None,None,536.5748405456543,text_06,41,8,Reading_Baseline_main_click,None,benannten,5,0,5,60,60,1018.179105758667,,,,,,,,,,20,02,yes,no,no,2025-08-18_16h47.41.980,EXNAT_4_TMS_Psychopy2024.2.5.psyexp,2024.2.5,2025-08-18 17h00.27.012906 +0200,
0,0,0,0,0,0,0,,,,,,,,,#F989A2,1018.7041349411011,None,space,None,None,408.2653522491455,text_06,42,8,Reading_Baseline_main_click,None,die,5,0,5,60,60,,,,,,,,,,,20,02,yes,no,no,2025-08-18_16h47.41.980,EXNAT_4_TMS_Psychopy2024.2.5.psyexp,2024.2.5,2025-08-18 17h00.27.012906 +0200,
0,0,0,0,0,0,0,,,,,,,,,#D292F3,1019.1526720523834,None,space,None,None,455.7204246520996,text_06,43,8,Reading_Baseline_main_click,None,Insel,5,0,5,60,60,,,,,,,,,,,20,02,yes,no,no,2025-08-18_16h47.41.980,EXNAT_4_TMS_Psychopy2024.2.5.psyexp,2024.2.5,2025-08-18 17h00.27.012906 +0200,
0,0,0,0,0,0,0,,,,,,,,,#88BA3F,1019.649007320404,None,space,None,None,407.2539806365967,text_06,44,8,Reading_Baseline_main_click,None,nach,5,0,5,60,60,,,,,,,,,,,20,02,yes,no,no,2025-08-18_16h47.41.980,EXNAT_4_TMS_Psychopy2024.2.5.psyexp,2024.2.5,2025-08-18 17h00.27.012906 +0200,
0,0,0,0,0,0,0,,,,,,,,,#F989A2,1020.0956153869629,None,space,None,None,392.7748203277588,text_06,45,8,Reading_Baseline_main_click,None,dem,5,0,5,60,60,,,,,,,,,,,20,02,yes,no,no,2025-08-18_16h47.41.980,EXNAT_4_TMS_Psychopy2024.2.5.psyexp,2024.2.5,2025-08-18 17h00.27.012906 +0200,
0,0,0,0,0,0,0,,,,,,,,,#88BA3F,1020.5284402370453,None,space,None,None,551.8553256988525,text_06,46,8,Reading_Baseline_main_click,None,Prinzen,5,0,5,60,60,,,,,,,,,,,20,02,yes,no,no,2025-08-18_16h47.41.980,EXNAT_4_TMS_Psychopy2024.2.5.psyexp,2024.2.5,2025-08-18 17h00.27.012906 +0200,
0,0,0,0,0,0,0,,,,,,,,,#2AB7EF,1021.1197512149811,None,space,None,None,696.6552734375,text_06,47,8,Reading_Baseline_main_click,None,"Moritz,",5,0,5,60,60,,,,,,,,,,,20,02,yes,no,no,2025-08-18_16h47.41.980,EXNAT_4_TMS_Psychopy2024.2.5.psyexp,2024.2.5,2025-08-18 17h00.27.012906 +0200,
0,0,0,0,0,0,0,,,,,,,,,#2AB7EF,1021.8558580875397,None,space,None,None,632.5750350952148,text_06,48,8,Reading_Baseline_main_click,None,bauten,5,0,5,60,60,,,,,,,,,,,20,02,yes,no,no,2025-08-18_16h47.41.980,EXNAT_4_TMS_Psychopy2024.2.5.psyexp,2024.2.5,2025-08-18 17h00.27.012906 +0200,
0,0,0,0,0,0,0,,,,,,,,,#2AB7EF,1022.5293571949005,None,space,None,None,711.0476493835449,text_06,49,8,Reading_Baseline_main_click,None,Zuckerrohr,6,0,6,60,60,1023.1791450977325,,,,,,,,,,20,02,yes,no,no,2025-08-18_16h47.41.980,EXNAT_4_TMS_Psychopy2024.2.5.psyexp,2024.2.5,2025-08-18 17h00.27.012906 +0200,
0,0,0,0,0,0,0,,,,,,,,,#F989A2,1023.2788968086243,None,space,None,None,537.5921726226807,text_06,50,8,Reading_Baseline_main_click,None,"an,",6,0,6,60,60,,,,,,,,,,,20,02,yes,no,no,2025-08-18_16h47.41.980,EXNAT_4_TMS_Psychopy2024.2.5.psyexp,2024.2.5,2025-08-18 17h00.27.012906 +0200,
0,0,0,0,0,0,0,,,,,,,,,#D292F3,1023.857218503952,None,space,None,None,551.2559413909912,text_06,51,8,Reading_Baseline_main_click,None,errichteten,6,0,6,60,60,,,,,,,,,,,20,02,yes,no,no,2025-08-18_16h47.41.980,EXNAT_4_TMS_Psychopy2024.2.5.psyexp,2024.2.5,2025-08-18 17h00.27.012906 +0200,
0,0,0,0,0,0,0,,,,,,,,,#F989A2,1024.4501059055328,None,space,None,None,502.3643970489502,text_06,52,8,Reading_Baseline_main_click,None,Häuser,6,0,6,60,60,,,,,,,,,,,20,02,yes,no,no,2025-08-18_16h47.41.980,EXNAT_4_TMS_Psychopy2024.2.5.psyexp,2024.2.5,2025-08-18 17h00.27.012906 +0200,
0,0,0,0,0,0,0,,,,,,,,,#88BA3F,1024.9903869628906,None,space,None,None,458.0037593841553,text_06,53,8,Reading_Baseline_main_click,None,und,6,0,6,60,60,,,,,,,,,,,20,02,yes,no,no,2025-08-18_16h47.41.980,EXNAT_4_TMS_Psychopy2024.2.5.psyexp,2024.2.5,2025-08-18 17h00.27.012906 +0200,
0,0,0,0,0,0,0,,,,,,,,,#2AB7EF,1025.4888660907745,None,space,None,None,503.57794761657715,text_06,54,8,Reading_Baseline_main_click,None,sammelten,6,0,6,60,60,,,,,,,,,,,20,02,yes,no,no,2025-08-18_16h47.41.980,EXNAT_4_TMS_Psychopy2024.2.5.psyexp,2024.2.5,2025-08-18 17h00.27.012906 +0200,
0,0,0,0,0,0,0,,,,,,,,,#88BA3F,1026.032241821289,None,space,None,None,472.20897674560547,text_06,55,8,Reading_Baseline_main_click,None,Ebenholz.,6,0,6,60,60,,,,,,,,,,,20,02,yes,no,no,2025-08-18_16h47.41.980,EXNAT_4_TMS_Psychopy2024.2.5.psyexp,2024.2.5,2025-08-18 17h00.27.012906 +0200,
0,0,0,0,0,0,0,,,,,,,,,#88BA3F,1026.543468952179,None,space,None,None,1032.9010486602783,text_06,56,8,Reading_Baseline_main_click,None,Um,6,0,6,60,60,,,,,,,,,,,20,02,yes,no,no,2025-08-18_16h47.41.980,EXNAT_4_TMS_Psychopy2024.2.5.psyexp,2024.2.5,2025-08-18 17h00.27.012906 +0200,
0,0,0,0,0,0,0,,,,,,,,,#2AB7EF,1027.6167924404144,None,space,None,None,455.6539058685303,text_06,57,8,Reading_Baseline_main_click,None,sich,6,0,6,60,60,,,,,,,,,,,20,02,yes,no,no,2025-08-18_16h47.41.980,EXNAT_4_TMS_Psychopy2024.2.5.psyexp,2024.2.5,2025-08-18 17h00.27.012906 +0200,
0,0,0,0,0,0,0,,,,,,,,,#D292F3,1028.1112632751465,None,space,None,None,361.15026473999023,text_06,58,8,Reading_Baseline_main_click,None,zu,7,0,7,60,60,1028.1792573928833,,,,,,,,,,20,02,yes,no,no,2025-08-18_16h47.41.980,EXNAT_4_TMS_Psychopy2024.2.5.psyexp,2024.2.5,2025-08-18 17h00.27.012906 +0200,
0,0,0,0,0,0,0,,,,,,,,,#D292F3,1028.5126633644104,None,space,None,None,423.7349033355713,text_06,59,8,Reading_Baseline_main_click,None,"ernähren,",7,0,7,60,60,,,,,,,,,,,20,02,yes,no,no,2025-08-18_16h47.41.980,EXNAT_4_TMS_Psychopy2024.2.5.psyexp,2024.2.5,2025-08-18 17h00.27.012906 +0200,
0,0,0,0,0,0,0,,,,,,,,,#F989A2,1028.9763560295105,None,space,None,None,359.8816394805908,text_06,60,8,Reading_Baseline_main_click,None,jagten,7,0,7,60,60,,,,,,,,,,,20,02,yes,no,no,2025-08-18_16h47.41.980,EXNAT_4_TMS_Psychopy2024.2.5.psyexp,2024.2.5,2025-08-18 17h00.27.012906 +0200,
0,0,0,0,0,0,0,,,,,,,,,#D292F3,1029.3755490779877,None,space,None,None,472.89061546325684,text_06,61,8,Reading_Baseline_main_click,None,und,7,0,7,60,60,,,,,,,,,,,20,02,yes,no,no,2025-08-18_16h47.41.980,EXNAT_4_TMS_Psychopy2024.2.5.psyexp,2024.2.5,2025-08-18 17h00.27.012906 +0200,
0,0,0,0,0,0,0,,,,,,,,,#2AB7EF,1029.8884785175323,None,space,None,None,392.0102119445801,text_06,62,8,Reading_Baseline_main_click,None,rotteten,7,0,7,60,60,,,,,,,,,,,20,02,yes,no,no,2025-08-18_16h47.41.980,EXNAT_4_TMS_Psychopy2024.2.5.psyexp,2024.2.5,2025-08-18 17h00.27.012906 +0200,
0,0,0,0,0,0,0,,,,,,,,,#D292F3,1030.3188953399658,None,space,None,None,425.5187511444092,text_06,63,8,Reading_Baseline_main_click,None,sie,7,0,7,60,60,,,,,,,,,,,20,02,yes,no,no,2025-08-18_16h47.41.980,EXNAT_4_TMS_Psychopy2024.2.5.psyexp,2024.2.5,2025-08-18 17h00.27.012906 +0200,
0,0,0,0,0,0,0,,,,,,,,,#88BA3F,1030.7844953536987,None,space,None,None,599.9586582183838,text_06,64,8,Reading_Baseline_main_click,None,auch,7,0,7,60,60,,,,,,,,,,,20,02,yes,no,no,2025-08-18_16h47.41.980,EXNAT_4_TMS_Psychopy2024.2.5.psyexp,2024.2.5,2025-08-18 17h00.27.012906 +0200,
0,0,0,0,0,0,0,,,,,,,,,#2AB7EF,1031.4228036403656,None,space,None,None,441.56622886657715,text_06,65,8,Reading_Baseline_main_click,None,den,7,0,7,60,60,,,,,,,,,,,20,02,yes,no,no,2025-08-18_16h47.41.980,EXNAT_4_TMS_Psychopy2024.2.5.psyexp,2024.2.5,2025-08-18 17h00.27.012906 +0200,
0,0,0,0,0,0,0,,,,,,,,,#F989A2,1031.9043724536896,None,space,None,None,407.9923629760742,text_06,66,8,Reading_Baseline_main_click,None,Dodo,7,0,7,60,60,,,,,,,,,,,20,02,yes,no,no,2025-08-18_16h47.41.980,EXNAT_4_TMS_Psychopy2024.2.5.psyexp,2024.2.5,2025-08-18 17h00.27.012906 +0200,
0,0,0,0,0,0,0,,,,,,,,,#D292F3,1032.3523218631744,None,space,None,None,408.08582305908203,text_06,67,8,Reading_Baseline_main_click,None,aus.,7,0,7,60,60,,,,,,,,,,,20,02,yes,no,no,2025-08-18_16h47.41.980,EXNAT_4_TMS_Psychopy2024.2.5.psyexp,2024.2.5,2025-08-18 17h00.27.012906 +0200,
0,0,0,0,0,0,0,,,,,,,,,#D292F3,1032.8002693653107,None,space,None,None,584.153413772583,text_06,68,8,Reading_Baseline_main_click,None,Der,8,0,8,60,60,1033.179211616516,,,,,,,,,,20,02,yes,no,no,2025-08-18_16h47.41.980,EXNAT_4_TMS_Psychopy2024.2.5.psyexp,2024.2.5,2025-08-18 17h00.27.012906 +0200,
0,0,0,0,0,0,0,,,,,,,,,#88BA3F,1033.4245908260345,None,space,None,None,471.87042236328125,text_06,69,8,Reading_Baseline_main_click,None,Dodo,8,0,8,60,60,,,,,,,,,,,20,02,yes,no,no,2025-08-18_16h47.41.980,EXNAT_4_TMS_Psychopy2024.2.5.psyexp,2024.2.5,2025-08-18 17h00.27.012906 +0200,
0,0,0,0,0,0,0,,,,,,,,,#F989A2,1033.9362733364105,None,space,None,None,392.23241806030273,text_06,70,8,Reading_Baseline_main_click,None,ist,8,0,8,60,60,,,,,,,,,,,20,02,yes,no,no,2025-08-18_16h47.41.980,EXNAT_4_TMS_Psychopy2024.2.5.psyexp,2024.2.5,2025-08-18 17h00.27.012906 +0200,
0,0,0,0,0,0,0,,,,,,,,,#2AB7EF,1034.3690779209137,None,space,None,None,375.1559257507324,text_06,71,8,Reading_Baseline_main_click,None,ein,8,0,8,60,60,,,,,,,,,,,20,02,yes,no,no,2025-08-18_16h47.41.980,EXNAT_4_TMS_Psychopy2024.2.5.psyexp,2024.2.5,2025-08-18 17h00.27.012906 +0200,
0,0,0,0,0,0,0,,,,,,,,,#2AB7EF,1034.78519821167,None,space,None,None,663.2955074310303,text_06,72,8,Reading_Baseline_main_click,None,flugunfähiger,8,0,8,60,60,,,,,,,,,,,20,02,yes,no,no,2025-08-18_16h47.41.980,EXNAT_4_TMS_Psychopy2024.2.5.psyexp,2024.2.5,2025-08-18 17h00.27.012906 +0200,
0,0,0,0,0,0,0,,,,,,,,,#D292F3,1035.4886255264282,None,space,None,None,599.7681617736816,text_06,73,8,Reading_Baseline_main_click,None,"Vogel,",8,0,8,60,60,,,,,,,,,,,20,02,yes,no,no,2025-08-18_16h47.41.980,EXNAT_4_TMS_Psychopy2024.2.5.psyexp,2024.2.5,2025-08-18 17h00.27.012906 +0200,
0,0,0,0,0,0,0,,,,,,,,,#F989A2,1036.1259348392487,None,space,None,None,426.5258312225342,text_06,74,8,Reading_Baseline_main_click,None,der,8,0,8,60,60,,,,,,,,,,,20,02,yes,no,no,2025-08-18_16h47.41.980,EXNAT_4_TMS_Psychopy2024.2.5.psyexp,2024.2.5,2025-08-18 17h00.27.012906 +0200,
0,0,0,0,0,0,0,,,,,,,,,#D292F3,1036.5908193588257,None,space,None,None,393.59569549560547,text_06,75,8,Reading_Baseline_main_click,None,bis,8,0,8,60,60,,,,,,,,,,,20,02,yes,no,no,2025-08-18_16h47.41.980,EXNAT_4_TMS_Psychopy2024.2.5.psyexp,2024.2.5,2025-08-18 17h00.27.012906 +0200,
0,0,0,0,0,0,0,,,,,,,,,#2AB7EF,1037.0232582092285,None,space,None,None,472.9652404785156,text_06,76,8,Reading_Baseline_main_click,None,heute,8,0,8,60,60,,,,,,,,,,,20,02,yes,no,no,2025-08-18_16h47.41.980,EXNAT_4_TMS_Psychopy2024.2.5.psyexp,2024.2.5,2025-08-18 17h00.27.012906 +0200,
0,0,0,0,0,0,0,,,,,,,,,#2AB7EF,1037.5369255542755,None,space,None,None,359.5774173736572,text_06,77,8,Reading_Baseline_main_click,None,das,8,0,8,60,60,,,,,,,,,,,20,02,yes,no,no,2025-08-18_16h47.41.980,EXNAT_4_TMS_Psychopy2024.2.5.psyexp,2024.2.5,2025-08-18 17h00.27.012906 +0200,
0,0,0,0,0,0,0,,,,,,,,,#88BA3F,1037.9369750022888,None,space,None,None,695.4360008239746,text_06,78,8,Reading_Baseline_main_click,None,Nationalsymbol,9,0,9,60,60,1038.179229259491,,,,,,,,,,20,02,yes,no,no,2025-08-18_16h47.41.980,EXNAT_4_TMS_Psychopy2024.2.5.psyexp,2024.2.5,2025-08-18 17h00.27.012906 +0200,
0,0,0,0,0,0,0,,,,,,,,,#88BA3F,1038.6735863685608,None,space,None,None,406.8319797515869,text_06,79,8,Reading_Baseline_main_click,None,der,9,0,9,60,60,,,,,,,,,,,20,02,yes,no,no,2025-08-18_16h47.41.980,EXNAT_4_TMS_Psychopy2024.2.5.psyexp,2024.2.5,2025-08-18 17h00.27.012906 +0200,
0,0,0,0,0,0,0,,,,,,,,,#F989A2,1039.1204183101654,None,space,None,None,408.0796241760254,text_06,80,8,Reading_Baseline_main_click,None,Insel,9,0,9,60,60,,,,,,,,,,,20,02,yes,no,no,2025-08-18_16h47.41.980,EXNAT_4_TMS_Psychopy2024.2.5.psyexp,2024.2.5,2025-08-18 17h00.27.012906 +0200,
0,0,0,0,0,0,0,,,,,,,,,#2AB7EF,1039.5673105716705,None,space,None,None,457.1805000305176,text_06,81,8,Reading_Baseline_main_click,None,ist.,9,0,9,60,60,,,,,,,,,,,20,02,yes,no,no,2025-08-18_16h47.41.980,EXNAT_4_TMS_Psychopy2024.2.5.psyexp,2024.2.5,2025-08-18 17h00.27.012906 +0200,
0,0,0,0,0,0,0,,,,,,,,,#F989A2,1040.064914226532,None,space,None,None,663.3801460266113,text_06,82,8,Reading_Baseline_main_click,None,Nachdem,9,0,9,60,60,,,,,,,,,,,20,02,yes,no,no,2025-08-18_16h47.41.980,EXNAT_4_TMS_Psychopy2024.2.5.psyexp,2024.2.5,2025-08-18 17h00.27.012906 +0200,
0,0,0,0,0,0,0,,,,,,,,,#88BA3F,1040.7680821418762,None,space,None,None,424.3168830871582,text_06,83,8,Reading_Baseline_main_click,None,die,9,0,9,60,60,,,,,,,,,,,20,02,yes,no,no,2025-08-18_16h47.41.980,EXNAT_4_TMS_Psychopy2024.2.5.psyexp,2024.2.5,2025-08-18 17h00.27.012906 +0200,
0,0,0,0,0,0,0,,,,,,,,,#D292F3,1041.2305872440338,None,space,None,None,1113.8663291931152,text_06,84,8,Reading_Baseline_main_click,None,Natur,9,0,9,60,60,,,,,,,,,,,20,02,yes,no,no,2025-08-18_16h47.41.980,EXNAT_4_TMS_Psychopy2024.2.5.psyexp,2024.2.5,2025-08-18 17h00.27.012906 +0200,
0,0,0,0,0,0,0,,,,,,,,,#88BA3F,1042.3858716487885,None,space,None,None,486.5396022796631,text_06,85,8,Reading_Baseline_main_click,None,stark,9,0,9,60,60,,,,,,,,,,,20,02,yes,no,no,2025-08-18_16h47.41.980,EXNAT_4_TMS_Psychopy2024.2.5.psyexp,2024.2.5,2025-08-18 17h00.27.012906 +0200,
0,0,0,0,0,0,0,,,,,,,,,#D292F3,1042.9097185134888,None,space,None,None,650.5827903747559,text_06,86,8,Reading_Baseline_main_click,None,beschädigt,10,0,10,60,60,1043.1792359352112,,,,,,,,,,20,02,yes,no,no,2025-08-18_16h47.41.980,EXNAT_4_TMS_Psychopy2024.2.5.psyexp,2024.2.5,2025-08-18 17h00.27.012906 +0200,
0,0,0,0,0,0,0,,,,,,,,,#2AB7EF,1043.6016790866852,None,space,None,None,422.8084087371826,text_06,87,8,Reading_Baseline_main_click,None,worden,10,0,10,60,60,,,,,,,,,,,20,02,yes,no,no,2025-08-18_16h47.41.980,EXNAT_4_TMS_Psychopy2024.2.5.psyexp,2024.2.5,2025-08-18 17h00.27.012906 +0200,
0,0,0,0,0,0,0,,,,,,,,,#88BA3F,1044.0648226737976,None,space,None,None,455.6424617767334,text_06,88,8,Reading_Baseline_main_click,None,"war,",10,0,10,60,60,,,,,,,,,,,20,02,yes,no,no,2025-08-18_16h47.41.980,EXNAT_4_TMS_Psychopy2024.2.5.psyexp,2024.2.5,2025-08-18 17h00.27.012906 +0200,
0,0,0,0,0,0,0,,,,,,,,,#2AB7EF,1044.561452627182,None,space,None,None,439.0406608581543,text_06,89,8,Reading_Baseline_main_click,None,verließen,10,0,10,60,60,,,,,,,,,,,20,02,yes,no,no,2025-08-18_16h47.41.980,EXNAT_4_TMS_Psychopy2024.2.5.psyexp,2024.2.5,2025-08-18 17h00.27.012906 +0200,
0,0,0,0,0,0,0,,,,,,,,,#F989A2,1045.0399713516235,None,space,None,None,424.5285987854004,text_06,90,8,Reading_Baseline_main_click,None,die,10,0,10,60,60,,,,,,,,,,,20,02,yes,no,no,2025-08-18_16h47.41.980,EXNAT_4_TMS_Psychopy2024.2.5.psyexp,2024.2.5,2025-08-18 17h00.27.012906 +0200,
0,0,0,0,0,0,0,,,,,,,,,#2AB7EF,1045.5055813789368,None,space,None,None,438.9162063598633,text_06,91,8,Reading_Baseline_main_click,None,Holländer,10,0,10,60,60,,,,,,,,,,,20,02,yes,no,no,2025-08-18_16h47.41.980,EXNAT_4_TMS_Psychopy2024.2.5.psyexp,2024.2.5,2025-08-18 17h00.27.012906 +0200,
0,0,0,0,0,0,0,,,,,,,,,#D292F3,1045.98584318161,None,space,None,None,374.39823150634766,text_06,92,8,Reading_Baseline_main_click,None,die,10,0,10,60,60,,,,,,,,,,,20,02,yes,no,no,2025-08-18_16h47.41.980,EXNAT_4_TMS_Psychopy2024.2.5.psyexp,2024.2.5,2025-08-18 17h00.27.012906 +0200,
0,0,0,0,0,0,0,,,,,,,,,#D292F3,1046.4005205631256,None,space,None,None,391.9382095336914,text_06,93,8,Reading_Baseline_main_click,None,Insel.,10,0,10,60,60,,,,,,,,,,,20,02,yes,no,no,2025-08-18_16h47.41.980,EXNAT_4_TMS_Psychopy2024.2.5.psyexp,2024.2.5,2025-08-18 17h00.27.012906 +0200,
0,0,0,0,0,0,0,,,,,,,,,#2AB7EF,1046.8327581882477,None,space,None,None,455.6906223297119,text_06,94,8,Reading_Baseline_main_click,None,Es,10,0,10,60,60,,,,,,,,,,,20,02,yes,no,no,2025-08-18_16h47.41.980,EXNAT_4_TMS_Psychopy2024.2.5.psyexp,2024.2.5,2025-08-18 17h00.27.012906 +0200,
0,0,0,0,0,0,0,,,,,,,,,#88BA3F,1047.3285307884216,None,space,None,None,583.885669708252,text_06,95,8,Reading_Baseline_main_click,None,folgten,10,0,10,60,60,,,,,,,,,,,20,02,yes,no,no,2025-08-18_16h47.41.980,EXNAT_4_TMS_Psychopy2024.2.5.psyexp,2024.2.5,2025-08-18 17h00.27.012906 +0200,
0,0,0,0,0,0,0,,,,,,,,,#F989A2,1047.9528193473816,None,space,None,None,375.69284439086914,text_06,96,8,Reading_Baseline_main_click,None,erbitterte,11,0,11,60,60,1048.1792573928833,,,,,,,,,,20,02,yes,no,no,2025-08-18_16h47.41.980,EXNAT_4_TMS_Psychopy2024.2.5.psyexp,2024.2.5,2025-08-18 17h00.27.012906 +0200,
0,0,0,0,0,0,0,,,,,,,,,#D292F3,1048.3708503246307,None,space,None,None,485.6598377227783,text_06,97,8,Reading_Baseline_main_click,None,Kämpfe,11,0,11,60,60,,,,,,,,,,,20,02,yes,no,no,2025-08-18_16h47.41.980,EXNAT_4_TMS_Psychopy2024.2.5.psyexp,2024.2.5,2025-08-18 17h00.27.012906 +0200,
0,0,0,0,0,0,0,,,,,,,,,#D292F3,1048.8953838348389,None,space,None,None,585.1194858551025,text_06,98,8,Reading_Baseline_main_click,None,zwischen,11,0,11,60,60,,,,,,,,,,,20,02,yes,no,no,2025-08-18_16h47.41.980,EXNAT_4_TMS_Psychopy2024.2.5.psyexp,2024.2.5,2025-08-18 17h00.27.012906 +0200,
0,0,0,0,0,0,0,,,,,,,,,#D292F3,1049.5212483406067,None,space,None,None,407.2296619415283,text_06,99,8,Reading_Baseline_main_click,None,Briten,11,0,11,60,60,,,,,,,,,,,20,02,yes,no,no,2025-08-18_16h47.41.980,EXNAT_4_TMS_Psychopy2024.2.5.psyexp,2024.2.5,2025-08-18 17h00.27.012906 +0200,
0,0,0,0,0,0,0,,,,,,,,,#2AB7EF,1049.9682729244232,None,space,None,None,488.20042610168457,text_06,100,8,Reading_Baseline_main_click,None,und,11,0,11,60,60,,,,,,,,,,,20,02,yes,no,no,2025-08-18_16h47.41.980,EXNAT_4_TMS_Psychopy2024.2.5.psyexp,2024.2.5,2025-08-18 17h00.27.012906 +0200,
0,0,0,0,0,0,0,,,,,,,,,#2AB7EF,1050.495608329773,None,space,None,None,520.89524269104,text_06,101,8,Reading_Baseline_main_click,None,Franzosen,11,0,11,60,60,,,,,,,,,,,20,02,yes,no,no,2025-08-18_16h47.41.980,EXNAT_4_TMS_Psychopy2024.2.5.psyexp,2024.2.5,2025-08-18 17h00.27.012906 +0200,
0,0,0,0,0,0,0,,,,,,,,,#88BA3F,1051.0558741092682,None,space,None,None,408.4312915802002,text_06,102,8,Reading_Baseline_main_click,None,um,11,0,11,60,60,,,,,,,,,,,20,02,yes,no,no,2025-08-18_16h47.41.980,EXNAT_4_TMS_Psychopy2024.2.5.psyexp,2024.2.5,2025-08-18 17h00.27.012906 +0200,
0,0,0,0,0,0,0,,,,,,,,,#F989A2,1051.503844499588,None,space,None,None,392.6815986633301,text_06,103,8,Reading_Baseline_main_click,None,die,11,0,11,60,60,,,,,,,,,,,20,02,yes,no,no,2025-08-18_16h47.41.980,EXNAT_4_TMS_Psychopy2024.2.5.psyexp,2024.2.5,2025-08-18 17h00.27.012906 +0200,
0,0,0,0,0,0,0,,,,,,,,,#F989A2,1051.9373168945312,None,space,None,None,471.18282318115234,text_06,104,8,Reading_Baseline_main_click,None,Kontrolle,11,0,11,60,60,,,,,,,,,,,20,02,yes,no,no,2025-08-18_16h47.41.980,EXNAT_4_TMS_Psychopy2024.2.5.psyexp,2024.2.5,2025-08-18 17h00.27.012906 +0200,
0,0,0,0,0,0,0,,,,,,,,,#88BA3F,1052.4486155509949,None,space,None,None,407.8793525695801,text_06,105,8,Reading_Baseline_main_click,None,der,11,0,11,60,60,,,,,,,,,,,20,02,yes,no,no,2025-08-18_16h47.41.980,EXNAT_4_TMS_Psychopy2024.2.5.psyexp,2024.2.5,2025-08-18 17h00.27.012906 +0200,
0,0,0,0,0,0,0,,,,,,,,,#2AB7EF,1052.8956038951874,None,space,None,None,408.88452529907227,text_06,106,8,Reading_Baseline_main_click,None,Insel.,12,0,12,60,60,1053.1792364120483,,,,,,,,,,20,02,yes,no,no,2025-08-18_16h47.41.980,EXNAT_4_TMS_Psychopy2024.2.5.psyexp,2024.2.5,2025-08-18 17h00.27.012906 +0200,
0,0,0,0,0,0,0,,,,,,,,,#88BA3F,1053.346194267273,None,space,None,None,582.2808742523193,text_06,107,8,Reading_Baseline_main_click,None,Die,12,0,12,60,60,,,,,,,,,,,20,02,yes,no,no,2025-08-18_16h47.41.980,EXNAT_4_TMS_Psychopy2024.2.5.psyexp,2024.2.5,2025-08-18 17h00.27.012906 +0200,
0,0,0,0,0,0,0,,,,,,,,,#F989A2,1053.969502210617,None,space,None,None,614.9907112121582,text_06,108,8,Reading_Baseline_main_click,None,Bevölkerung,12,0,12,60,60,,,,,,,,,,,20,02,yes,no,no,2025-08-18_16h47.41.980,EXNAT_4_TMS_Psychopy2024.2.5.psyexp,2024.2.5,2025-08-18 17h00.27.012906 +0200,
0,0,0,0,0,0,0,,,,,,,,,#D292F3,1054.6240475177765,None,space,None,None,424.35503005981445,text_06,109,8,Reading_Baseline_main_click,None,setzte,12,0,12,60,60,,,,,,,,,,,20,02,yes,no,no,2025-08-18_16h47.41.980,EXNAT_4_TMS_Psychopy2024.2.5.psyexp,2024.2.5,2025-08-18 17h00.27.012906 +0200,
0,0,0,0,0,0,0,,,,,,,,,#88BA3F,1055.0881900787354,None,space,None,None,408.111572265625,text_06,110,8,Reading_Baseline_main_click,None,sich,12,0,12,60,60,,,,,,,,,,,20,02,yes,no,no,2025-08-18_16h47.41.980,EXNAT_4_TMS_Psychopy2024.2.5.psyexp,2024.2.5,2025-08-18 17h00.27.012906 +0200,
0,0,0,0,0,0,0,,,,,,,,,#88BA3F,1055.5349926948547,None,space,None,None,505.4736137390137,text_06,111,8,Reading_Baseline_main_click,None,damals,12,0,12,60,60,,,,,,,,,,,20,02,yes,no,no,2025-08-18_16h47.41.980,EXNAT_4_TMS_Psychopy2024.2.5.psyexp,2024.2.5,2025-08-18 17h00.27.012906 +0200,
0,0,0,0,0,0,0,,,,,,,,,#2AB7EF,1056.0784871578217,None,space,None,None,457.98230171203613,text_06,112,8,Reading_Baseline_main_click,None,aus,12,0,12,60,60,,,,,,,,,,,20,02,yes,no,no,2025-08-18_16h47.41.980,EXNAT_4_TMS_Psychopy2024.2.5.psyexp,2024.2.5,2025-08-18 17h00.27.012906 +0200,
0,0,0,0,0,0,0,,,,,,,,,#F989A2,1056.5757625102997,None,space,None,None,536.7324352264404,text_06,113,8,Reading_Baseline_main_click,None,afrikanischen,12,0,12,60,60,,,,,,,,,,,20,02,yes,no,no,2025-08-18_16h47.41.980,EXNAT_4_TMS_Psychopy2024.2.5.psyexp,2024.2.5,2025-08-18 17h00.27.012906 +0200,
0,0,0,0,0,0,0,,,,,,,,,#D292F3,1057.1518025398254,None,space,None,None,616.6889667510986,text_06,114,8,Reading_Baseline_main_click,None,"Sklaven,",12,0,12,60,60,,,,,,,,,,,20,02,yes,no,no,2025-08-18_16h47.41.980,EXNAT_4_TMS_Psychopy2024.2.5.psyexp,2024.2.5,2025-08-18 17h00.27.012906 +0200,
0,0,0,0,0,0,0,,,,,,,,,#88BA3F,1057.8067426681519,None,space,None,None,521.7888355255127,text_06,115,8,Reading_Baseline_main_click,None,indischen,13,0,13,60,60,1058.1793019771576,,,,,,,,,,20,02,yes,no,no,2025-08-18_16h47.41.980,EXNAT_4_TMS_Psychopy2024.2.5.psyexp,2024.2.5,2025-08-18 17h00.27.012906 +0200,
0,0,0,0,0,0,0,,,,,,,,,#2AB7EF,1058.3693025112152,None,space,None,None,1047.1997261047363,text_06,116,8,Reading_Baseline_main_click,None,Arbeitern,13,0,13,60,60,,,,,,,,,,,20,02,yes,no,no,2025-08-18_16h47.41.980,EXNAT_4_TMS_Psychopy2024.2.5.psyexp,2024.2.5,2025-08-18 17h00.27.012906 +0200,
0,0,0,0,0,0,0,,,,,,,,,#2AB7EF,1059.4568274021149,None,space,None,None,599.5619297027588,text_06,117,8,Reading_Baseline_main_click,None,sowie,13,0,13,60,60,,,,,,,,,,,20,02,yes,no,no,2025-08-18_16h47.41.980,EXNAT_4_TMS_Psychopy2024.2.5.psyexp,2024.2.5,2025-08-18 17h00.27.012906 +0200,
0,0,0,0,0,0,0,,,,,,,,,#D292F3,1060.095956325531,None,space,None,None,840.5137062072754,text_06,118,8,Reading_Baseline_main_click,None,muslimischen,13,0,13,60,60,,,,,,,,,,,20,02,yes,no,no,2025-08-18_16h47.41.980,EXNAT_4_TMS_Psychopy2024.2.5.psyexp,2024.2.5,2025-08-18 17h00.27.012906 +0200,
0,0,0,0,0,0,0,,,,,,,,,#D292F3,1060.9750890731812,None,space,None,None,521.4409828186035,text_06,119,8,Reading_Baseline_main_click,None,und,13,0,13,60,60,,,,,,,,,,,20,02,yes,no,no,2025-08-18_16h47.41.980,EXNAT_4_TMS_Psychopy2024.2.5.psyexp,2024.2.5,2025-08-18 17h00.27.012906 +0200,
0,0,0,0,0,0,0,,,,,,,,,#F989A2,1061.5355858802795,None,space,None,None,440.9217834472656,text_06,120,8,Reading_Baseline_main_click,None,chinesischen,13,0,13,60,60,,,,,,,,,,,20,02,yes,no,no,2025-08-18_16h47.41.980,EXNAT_4_TMS_Psychopy2024.2.5.psyexp,2024.2.5,2025-08-18 17h00.27.012906 +0200,
0,0,0,0,0,0,0,,,,,,,,,#88BA3F,1062.0166821479797,None,space,None,None,439.8031234741211,text_06,121,8,Reading_Baseline_main_click,None,Händlern,13,0,13,60,60,,,,,,,,,,,20,02,yes,no,no,2025-08-18_16h47.41.980,EXNAT_4_TMS_Psychopy2024.2.5.psyexp,2024.2.5,2025-08-18 17h00.27.012906 +0200,
0,0,0,0,0,0,0,,,,,,,,,#F989A2,1062.4964413642883,None,space,None,None,600.0678539276123,text_06,122,8,Reading_Baseline_main_click,None,zusammen.,13,0,13,60,60,,,,,,,,,,,20,02,yes,no,no,2025-08-18_16h47.41.980,EXNAT_4_TMS_Psychopy2024.2.5.psyexp,2024.2.5,2025-08-18 17h00.27.012906 +0200,
0,0,0,0,0,0,0,,,,,,,,,#D292F3,1063.1369705200195,None,space,None,None,503.51524353027344,text_06,123,8,Reading_Baseline_main_click,None,Ihre,14,0,14,60,60,1063.189908504486,,,,,,,,,,20,02,yes,no,no,2025-08-18_16h47.41.980,EXNAT_4_TMS_Psychopy2024.2.5.psyexp,2024.2.5,2025-08-18 17h00.27.012906 +0200,
0,0,0,0,0,0,0,,,,,,,,,#D292F3,1063.6797468662262,None,space,None,None,584.7029685974121,text_06,124,8,Reading_Baseline_main_click,None,Nachfahren,14,0,14,60,60,,,,,,,,,,,20,02,yes,no,no,2025-08-18_16h47.41.980,EXNAT_4_TMS_Psychopy2024.2.5.psyexp,2024.2.5,2025-08-18 17h00.27.012906 +0200,
0,0,0,0,0,0,0,,,,,,,,,#D292F3,1064.3049321174622,None,space,None,None,423.55990409851074,text_06,125,8,Reading_Baseline_main_click,None,bilden,14,0,14,60,60,,,,,,,,,,,20,02,yes,no,no,2025-08-18_16h47.41.980,EXNAT_4_TMS_Psychopy2024.2.5.psyexp,2024.2.5,2025-08-18 17h00.27.012906 +0200,
0,0,0,0,0,0,0,,,,,,,,,#F989A2,1064.7689805030823,None,space,None,None,455.50990104675293,text_06,126,8,Reading_Baseline_main_click,None,heute,14,0,14,60,60,,,,,,,,,,,20,02,yes,no,no,2025-08-18_16h47.41.980,EXNAT_4_TMS_Psychopy2024.2.5.psyexp,2024.2.5,2025-08-18 17h00.27.012906 +0200,
0,0,0,0,0,0,0,,,,,,,,,#2AB7EF,1065.263352394104,None,space,None,None,473.1309413909912,text_06,127,8,Reading_Baseline_main_click,None,eine,14,0,14,60,60,,,,,,,,,,,20,02,yes,no,no,2025-08-18_16h47.41.980,EXNAT_4_TMS_Psychopy2024.2.5.psyexp,2024.2.5,2025-08-18 17h00.27.012906 +0200,
0,0,0,0,0,0,0,,,,,,,,,#88BA3F,1065.7744195461273,None,space,None,None,393.9833641052246,text_06,128,8,Reading_Baseline_main_click,None,der,14,0,14,60,60,,,,,,,,,,,20,02,yes,no,no,2025-08-18_16h47.41.980,EXNAT_4_TMS_Psychopy2024.2.5.psyexp,2024.2.5,2025-08-18 17h00.27.012906 +0200,
0,0,0,0,0,0,0,,,,,,,,,#F989A2,1066.208144903183,None,space,None,None,376.3298988342285,text_06,129,8,Reading_Baseline_main_click,None,wenigen,14,0,14,60,60,,,,,,,,,,,20,02,yes,no,no,2025-08-18_16h47.41.980,EXNAT_4_TMS_Psychopy2024.2.5.psyexp,2024.2.5,2025-08-18 17h00.27.012906 +0200,
0,0,0,0,0,0,0,,,,,,,,,#88BA3F,1066.622901916504,None,space,None,None,585.5929851531982,text_06,130,8,Reading_Baseline_main_click,None,multikulturellen,14,0,14,60,60,,,,,,,,,,,20,02,yes,no,no,2025-08-18_16h47.41.980,EXNAT_4_TMS_Psychopy2024.2.5.psyexp,2024.2.5,2025-08-18 17h00.27.012906 +0200,
0,0,0,0,0,0,0,,,,,,,,,#2AB7EF,1067.2512047290802,None,space,None,None,597.3260402679443,text_06,131,8,Reading_Baseline_main_click,None,Gesellschaften,14,0,14,60,60,,,,,,,,,,,20,02,yes,no,no,2025-08-18_16h47.41.980,EXNAT_4_TMS_Psychopy2024.2.5.psyexp,2024.2.5,2025-08-18 17h00.27.012906 +0200,
0,0,0,0,0,0,0,,,,,,,,,#2AB7EF,1067.886782169342,None,space,None,None,441.6642189025879,text_06,132,8,Reading_Baseline_main_click,None,weltweit.,15,0,15,60,60,1068.189894914627,,,,,,,,,,20,02,yes,no,no,2025-08-18_16h47.41.980,EXNAT_4_TMS_Psychopy2024.2.5.psyexp,2024.2.5,2025-08-18 17h00.27.012906 +0200,
0,0,0,0,0,0,0,,,,,,,,,#F989A2,1068.367229938507,None,space,None,None,473.20556640625,text_06,133,8,Reading_Baseline_main_click,None,Die,15,0,15,60,60,,,,,,,,,,,20,02,yes,no,no,2025-08-18_16h47.41.980,EXNAT_4_TMS_Psychopy2024.2.5.psyexp,2024.2.5,2025-08-18 17h00.27.012906 +0200,
0,0,0,0,0,0,0,,,,,,,,,#88BA3F,1068.8792169094086,None,space,None,None,505.2218437194824,text_06,134,8,Reading_Baseline_main_click,None,Geschichte,15,0,15,60,60,,,,,,,,,,,20,02,yes,no,no,2025-08-18_16h47.41.980,EXNAT_4_TMS_Psychopy2024.2.5.psyexp,2024.2.5,2025-08-18 17h00.27.012906 +0200,
0,0,0,0,0,0,0,,,,,,,,,#2AB7EF,1069.4242327213287,None,space,None,None,392.23456382751465,text_06,135,8,Reading_Baseline_main_click,None,von,15,0,15,60,60,,,,,,,,,,,20,02,yes,no,no,2025-08-18_16h47.41.980,EXNAT_4_TMS_Psychopy2024.2.5.psyexp,2024.2.5,2025-08-18 17h00.27.012906 +0200,
0,0,0,0,0,0,0,,,,,,,,,#F989A2,1069.8560979366302,None,space,None,None,360.29505729675293,text_06,136,8,Reading_Baseline_main_click,None,Mauritius,15,0,15,60,60,,,,,,,,,,,20,02,yes,no,no,2025-08-18_16h47.41.980,EXNAT_4_TMS_Psychopy2024.2.5.psyexp,2024.2.5,2025-08-18 17h00.27.012906 +0200,
0,0,0,0,0,0,0,,,,,,,,,#D292F3,1070.254855632782,None,space,None,None,761.5511417388916,text_06,137,8,Reading_Baseline_main_click,None,"zeigt,",15,0,15,60,60,,,,,,,,,,,20,02,yes,no,no,2025-08-18_16h47.41.980,EXNAT_4_TMS_Psychopy2024.2.5.psyexp,2024.2.5,2025-08-18 17h00.27.012906 +0200,
0,0,0,0,0,0,0,,,,,,,,,#88BA3F,1071.058109998703,None,space,None,None,390.17724990844727,text_06,138,8,Reading_Baseline_main_click,None,wie,15,0,15,60,60,,,,,,,,,,,20,02,yes,no,no,2025-08-18_16h47.41.980,EXNAT_4_TMS_Psychopy2024.2.5.psyexp,2024.2.5,2025-08-18 17h00.27.012906 +0200,
0,0,0,0,0,0,0,,,,,,,,,#F989A2,1071.4884049892426,None,space,None,None,648.0543613433838,text_06,139,8,Reading_Baseline_main_click,None,"Kolonialismus,",15,0,15,60,60,,,,,,,,,,,20,02,yes,no,no,2025-08-18_16h47.41.980,EXNAT_4_TMS_Psychopy2024.2.5.psyexp,2024.2.5,2025-08-18 17h00.27.012906 +0200,
0,0,0,0,0,0,0,,,,,,,,,#D292F3,1072.175520658493,None,space,None,None,521.0158824920654,text_06,140,8,Reading_Baseline_main_click,None,Handel,15,0,15,60,60,,,,,,,,,,,20,02,yes,no,no,2025-08-18_16h47.41.980,EXNAT_4_TMS_Psychopy2024.2.5.psyexp,2024.2.5,2025-08-18 17h00.27.012906 +0200,
0,0,0,0,0,0,0,,,,,,,,,#2AB7EF,1072.7362184524536,None,space,None,None,520.287036895752,text_06,141,8,Reading_Baseline_main_click,None,und,16,0,16,60,60,1073.1899271011353,,,,,,,,,,20,02,yes,no,no,2025-08-18_16h47.41.980,EXNAT_4_TMS_Psychopy2024.2.5.psyexp,2024.2.5,2025-08-18 17h00.27.012906 +0200,
0,0,0,0,0,0,0,,,,,,,,,#88BA3F,1073.2951815128326,None,space,None,None,569.3151950836182,text_06,142,8,Reading_Baseline_main_click,None,Migration,16,0,16,60,60,,,,,,,,,,,20,02,yes,no,no,2025-08-18_16h47.41.980,EXNAT_4_TMS_Psychopy2024.2.5.psyexp,2024.2.5,2025-08-18 17h00.27.012906 +0200,
0,0,0,0,0,0,0,,,,,,,,,#F989A2,1073.903389453888,None,space,None,None,377.0711421966553,text_06,143,8,Reading_Baseline_main_click,None,eine,16,0,16,60,60,,,,,,,,,,,20,02,yes,no,no,2025-08-18_16h47.41.980,EXNAT_4_TMS_Psychopy2024.2.5.psyexp,2024.2.5,2025-08-18 17h00.27.012906 +0200,
0,0,0,0,0,0,0,,,,,,,,,#D292F3,1074.3201851844788,None,space,None,None,520.2615261077881,text_06,144,8,Reading_Baseline_main_click,None,kleine,16,0,16,60,60,,,,,,,,,,,20,02,yes,no,no,2025-08-18_16h47.41.980,EXNAT_4_TMS_Psychopy2024.2.5.psyexp,2024.2.5,2025-08-18 17h00.27.012906 +0200,
0,0,0,0,0,0,0,,,,,,,,,#2AB7EF,1074.8798565864563,None,space,None,None,536.6485118865967,text_06,145,8,Reading_Baseline_main_click,None,Insel,16,0,16,60,60,,,,,,,,,,,20,02,yes,no,no,2025-08-18_16h47.41.980,EXNAT_4_TMS_Psychopy2024.2.5.psyexp,2024.2.5,2025-08-18 17h00.27.012906 +0200,
0,0,0,0,0,0,0,,,,,,,,,#88BA3F,1075.4555687904358,None,space,None,None,376.9528865814209,text_06,146,8,Reading_Baseline_main_click,None,bis,16,0,16,60,60,,,,,,,,,,,20,02,yes,no,no,2025-08-18_16h47.41.980,EXNAT_4_TMS_Psychopy2024.2.5.psyexp,2024.2.5,2025-08-18 17h00.27.012906 +0200,
0,0,0,0,0,0,0,,,,,,,,,#D292F3,1075.8713245391846,None,space,None,None,409.1341495513916,text_06,147,8,Reading_Baseline_main_click,None,heute,16,0,16,60,60,,,,,,,,,,,20,02,yes,no,no,2025-08-18_16h47.41.980,EXNAT_4_TMS_Psychopy2024.2.5.psyexp,2024.2.5,2025-08-18 17h00.27.012906 +0200,
0,0,0,0,0,0,0,,,,,,,,,#F989A2,1076.321281671524,None,space,None,None,407.03535079956055,text_06,148,8,Reading_Baseline_main_click,None,tief,16,0,16,60,60,,,,,,,,,,,20,02,yes,no,no,2025-08-18_16h47.41.980,EXNAT_4_TMS_Psychopy2024.2.5.psyexp,2024.2.5,2025-08-18 17h00.27.012906 +0200,
0,0,0,0,0,0,0,,,,,,,,,#2AB7EF,1076.769137620926,None,space,None,None,375.3495216369629,text_06,149,8,Reading_Baseline_main_click,None,geprägt,16,0,16,60,60,,,,,,,,,,,20,02,yes,no,no,2025-08-18_16h47.41.980,EXNAT_4_TMS_Psychopy2024.2.5.psyexp,2024.2.5,2025-08-18 17h00.27.012906 +0200,
0,0,0,0,0,0,0,,,,,,,,,#F989A2,1077.1818001270294,None,space,None,None,394.7019577026367,text_06,150,8,Reading_Baseline_main_click,None,haben.,16,0,16,60,60,,,,,,,,,,,20,02,yes,no,no,2025-08-18_16h47.41.980,EXNAT_4_TMS_Psychopy2024.2.5.psyexp,2024.2.5,2025-08-18 17h00.27.012906 +0200,
0,0,0,0,0,0,0,,,,,,,,,,1077.6232194900513,,4,,,,text_06,,8,Reading_Baseline_main_click,,,,,,,,,Q1,d,False,,,,,,,20,02,yes,no,no,2025-08-18_16h47.41.980,EXNAT_4_TMS_Psychopy2024.2.5.psyexp,2024.2.5,2025-08-18 17h00.27.012906 +0200,
0,0,0,0,0,0,0,,,,,,,,,,1083.4998075962067,,3,,,,text_06,,8,Reading_Baseline_main_click,,,,,,,,,Q2,c,True,,,,,,,20,02,yes,no,no,2025-08-18_16h47.41.980,EXNAT_4_TMS_Psychopy2024.2.5.psyexp,2024.2.5,2025-08-18 17h00.27.012906 +0200,
0,0,0,0,0,0,0,,,,,,,,,,1087.4313340187073,,4,,,,text_06,,8,Reading_Baseline_main_click,,,,,,,,,Q3,d,True,,,,,,,20,02,yes,no,no,2025-08-18_16h47.41.980,EXNAT_4_TMS_Psychopy2024.2.5.psyexp,2024.2.5,2025-08-18 17h00.27.012906 +0200,
0,0,0,0,0,0,0,,,,,,,,,#2AB7EF,1094.8111584186554,None,space,None,None,477.48804092407227,text_16,1,9,Reading_Baseline_main_click,None,Im,17,0,17,60,60,1094.8637835979462,,,,,,,,,,20,02,yes,no,no,2025-08-18_16h47.41.980,EXNAT_4_TMS_Psychopy2024.2.5.psyexp,2024.2.5,2025-08-18 17h00.27.012906 +0200,
0,0,0,0,0,0,0,,,,,,,,,#D292F3,1095.3236091136932,None,space,None,None,444.9615478515625,text_16,2,9,Reading_Baseline_main_click,None,Jahr,17,0,17,60,60,,,,,,,,,,,20,02,yes,no,no,2025-08-18_16h47.41.980,EXNAT_4_TMS_Psychopy2024.2.5.psyexp,2024.2.5,2025-08-18 17h00.27.012906 +0200,
0,0,0,0,0,0,0,,,,,,,,,#D292F3,1095.8015565872192,None,space,None,None,543.0872440338135,text_16,3,9,Reading_Baseline_main_click,None,1602,17,0,17,60,60,,,,,,,,,,,20,02,yes,no,no,2025-08-18_16h47.41.980,EXNAT_4_TMS_Psychopy2024.2.5.psyexp,2024.2.5,2025-08-18 17h00.27.012906 +0200,
0,0,0,0,0,0,0,,,,,,,,,#88BA3F,1096.3826959133148,None,space,None,None,601.6252040863037,text_16,4,9,Reading_Baseline_main_click,None,strandete,17,0,17,60,60,,,,,,,,,,,20,02,yes,no,no,2025-08-18_16h47.41.980,EXNAT_4_TMS_Psychopy2024.2.5.psyexp,2024.2.5,2025-08-18 17h00.27.012906 +0200,
0,0,0,0,0,0,0,,,,,,,,,#2AB7EF,1097.023579120636,None,space,None,None,472.9466438293457,text_16,5,9,Reading_Baseline_main_click,None,der,17,0,17,60,60,,,,,,,,,,,20,02,yes,no,no,2025-08-18_16h47.41.980,EXNAT_4_TMS_Psychopy2024.2.5.psyexp,2024.2.5,2025-08-18 17h00.27.012906 +0200,
0,0,0,0,0,0,0,,,,,,,,,#2AB7EF,1097.5352702140808,None,space,None,None,457.2465419769287,text_16,6,9,Reading_Baseline_main_click,None,französische,17,0,17,60,60,,,,,,,,,,,20,02,yes,no,no,2025-08-18_16h47.41.980,EXNAT_4_TMS_Psychopy2024.2.5.psyexp,2024.2.5,2025-08-18 17h00.27.012906 +0200,
0,0,0,0,0,0,0,,,,,,,,,#88BA3F,1098.032885313034,None,space,None,None,423.62475395202637,text_16,7,9,Reading_Baseline_main_click,None,Abenteurer,17,0,17,60,60,,,,,,,,,,,20,02,yes,no,no,2025-08-18_16h47.41.980,EXNAT_4_TMS_Psychopy2024.2.5.psyexp,2024.2.5,2025-08-18 17h00.27.012906 +0200,
0,0,0,0,0,0,0,,,,,,,,,#F989A2,1098.498143196106,None,space,None,None,550.4570007324219,text_16,8,9,Reading_Baseline_main_click,None,François,17,0,17,60,60,,,,,,,,,,,20,02,yes,no,no,2025-08-18_16h47.41.980,EXNAT_4_TMS_Psychopy2024.2.5.psyexp,2024.2.5,2025-08-18 17h00.27.012906 +0200,
0,0,0,0,0,0,0,,,,,,,,,#F989A2,1099.0866310596466,None,space,None,None,505.91444969177246,text_16,9,9,Reading_Baseline_main_click,None,Pyrard,17,0,17,60,60,,,,,,,,,,,20,02,yes,no,no,2025-08-18_16h47.41.980,EXNAT_4_TMS_Psychopy2024.2.5.psyexp,2024.2.5,2025-08-18 17h00.27.012906 +0200,
0,0,0,0,0,0,0,,,,,,,,,#F989A2,1099.6318457126617,None,space,None,None,472.80001640319824,text_16,10,9,Reading_Baseline_main_click,None,auf,18,0,18,60,60,1099.8637051582336,,,,,,,,,,20,02,yes,no,no,2025-08-18_16h47.41.980,EXNAT_4_TMS_Psychopy2024.2.5.psyexp,2024.2.5,2025-08-18 17h00.27.012906 +0200,
0,0,0,0,0,0,0,,,,,,,,,#88BA3F,1100.145363330841,None,space,None,None,471.19855880737305,text_16,11,9,Reading_Baseline_main_click,None,den,18,0,18,60,60,,,,,,,,,,,20,02,yes,no,no,2025-08-18_16h47.41.980,EXNAT_4_TMS_Psychopy2024.2.5.psyexp,2024.2.5,2025-08-18 17h00.27.012906 +0200,
0,0,0,0,0,0,0,,,,,,,,,#D292F3,1100.6589064598083,None,space,None,None,453.5558223724365,text_16,12,9,Reading_Baseline_main_click,None,Malediven.,18,0,18,60,60,,,,,,,,,,,20,02,yes,no,no,2025-08-18_16h47.41.980,EXNAT_4_TMS_Psychopy2024.2.5.psyexp,2024.2.5,2025-08-18 17h00.27.012906 +0200,
0,0,0,0,0,0,0,,,,,,,,,#2AB7EF,1101.153225660324,None,space,None,None,535.2263450622559,text_16,13,9,Reading_Baseline_main_click,None,Dort,18,0,18,60,60,,,,,,,,,,,20,02,yes,no,no,2025-08-18_16h47.41.980,EXNAT_4_TMS_Psychopy2024.2.5.psyexp,2024.2.5,2025-08-18 17h00.27.012906 +0200,
0,0,0,0,0,0,0,,,,,,,,,#88BA3F,1101.7283215522766,None,space,None,None,536.2136363983154,text_16,14,9,Reading_Baseline_main_click,None,stieß,18,0,18,60,60,,,,,,,,,,,20,02,yes,no,no,2025-08-18_16h47.41.980,EXNAT_4_TMS_Psychopy2024.2.5.psyexp,2024.2.5,2025-08-18 17h00.27.012906 +0200,
0,0,0,0,0,0,0,,,,,,,,,#2AB7EF,1102.3041701316833,None,space,None,None,344.3949222564697,text_16,15,9,Reading_Baseline_main_click,None,er,18,0,18,60,60,,,,,,,,,,,20,02,yes,no,no,2025-08-18_16h47.41.980,EXNAT_4_TMS_Psychopy2024.2.5.psyexp,2024.2.5,2025-08-18 17h00.27.012906 +0200,
0,0,0,0,0,0,0,,,,,,,,,#D292F3,1102.6884088516235,None,space,None,None,472.1405506134033,text_16,16,9,Reading_Baseline_main_click,None,mit,18,0,18,60,60,,,,,,,,,,,20,02,yes,no,no,2025-08-18_16h47.41.980,EXNAT_4_TMS_Psychopy2024.2.5.psyexp,2024.2.5,2025-08-18 17h00.27.012906 +0200,
0,0,0,0,0,0,0,,,,,,,,,#F989A2,1103.2020308971405,None,space,None,None,406.5127372741699,text_16,17,9,Reading_Baseline_main_click,None,seiner,18,0,18,60,60,,,,,,,,,,,20,02,yes,no,no,2025-08-18_16h47.41.980,EXNAT_4_TMS_Psychopy2024.2.5.psyexp,2024.2.5,2025-08-18 17h00.27.012906 +0200,
0,0,0,0,0,0,0,,,,,,,,,#2AB7EF,1103.6466534137726,None,space,None,None,425.87995529174805,text_16,18,9,Reading_Baseline_main_click,None,Mannschaft,18,0,18,60,60,,,,,,,,,,,20,02,yes,no,no,2025-08-18_16h47.41.980,EXNAT_4_TMS_Psychopy2024.2.5.psyexp,2024.2.5,2025-08-18 17h00.27.012906 +0200,
0,0,0,0,0,0,0,,,,,,,,,#88BA3F,1104.1140427589417,None,space,None,None,454.50353622436523,text_16,19,9,Reading_Baseline_main_click,None,auf,18,0,18,60,60,,,,,,,,,,,20,02,yes,no,no,2025-08-18_16h47.41.980,EXNAT_4_TMS_Psychopy2024.2.5.psyexp,2024.2.5,2025-08-18 17h00.27.012906 +0200,
0,0,0,0,0,0,0,,,,,,,,,#F989A2,1104.6062469482422,None,space,None,None,426.2416362762451,text_16,20,9,Reading_Baseline_main_click,None,eine,19,0,19,60,60,1104.8637092113495,,,,,,,,,,20,02,yes,no,no,2025-08-18_16h47.41.980,EXNAT_4_TMS_Psychopy2024.2.5.psyexp,2024.2.5,2025-08-18 17h00.27.012906 +0200,
0,0,0,0,0,0,0,,,,,,,,,#D292F3,1105.0741245746613,None,space,None,None,550.3644943237305,text_16,21,9,Reading_Baseline_main_click,None,außergewöhnlich,19,0,19,60,60,,,,,,,,,,,20,02,yes,no,no,2025-08-18_16h47.41.980,EXNAT_4_TMS_Psychopy2024.2.5.psyexp,2024.2.5,2025-08-18 17h00.27.012906 +0200,
0,0,0,0,0,0,0,,,,,,,,,#88BA3F,1105.6659214496613,None,space,None,None,438.5721683502197,text_16,22,9,Reading_Baseline_main_click,None,große,19,0,19,60,60,,,,,,,,,,,20,02,yes,no,no,2025-08-18_16h47.41.980,EXNAT_4_TMS_Psychopy2024.2.5.psyexp,2024.2.5,2025-08-18 17h00.27.012906 +0200,
0,0,0,0,0,0,0,,,,,,,,,#F989A2,1106.1440818309784,None,space,None,None,360.46504974365234,text_16,23,9,Reading_Baseline_main_click,None,und,19,0,19,60,60,,,,,,,,,,,20,02,yes,no,no,2025-08-18_16h47.41.980,EXNAT_4_TMS_Psychopy2024.2.5.psyexp,2024.2.5,2025-08-18 17h00.27.012906 +0200,
0,0,0,0,0,0,0,,,,,,,,,#D292F3,1106.5439445972443,None,space,None,None,392.63391494750977,text_16,24,9,Reading_Baseline_main_click,None,seltsam,19,0,19,60,60,,,,,,,,,,,20,02,yes,no,no,2025-08-18_16h47.41.980,EXNAT_4_TMS_Psychopy2024.2.5.psyexp,2024.2.5,2025-08-18 17h00.27.012906 +0200,
0,0,0,0,0,0,0,,,,,,,,,#F989A2,1106.9784376621246,None,space,None,None,406.1572551727295,text_16,25,9,Reading_Baseline_main_click,None,geformte,19,0,19,60,60,,,,,,,,,,,20,02,yes,no,no,2025-08-18_16h47.41.980,EXNAT_4_TMS_Psychopy2024.2.5.psyexp,2024.2.5,2025-08-18 17h00.27.012906 +0200,
0,0,0,0,0,0,0,,,,,,,,,#2AB7EF,1107.4242417812347,None,space,None,None,392.3215866088867,text_16,26,9,Reading_Baseline_main_click,None,Frucht.,19,0,19,60,60,,,,,,,,,,,20,02,yes,no,no,2025-08-18_16h47.41.980,EXNAT_4_TMS_Psychopy2024.2.5.psyexp,2024.2.5,2025-08-18 17h00.27.012906 +0200,
0,0,0,0,0,0,0,,,,,,,,,#88BA3F,1107.8564460277557,None,space,None,None,408.0524444580078,text_16,27,9,Reading_Baseline_main_click,None,Diese,19,0,19,60,60,,,,,,,,,,,20,02,yes,no,no,2025-08-18_16h47.41.980,EXNAT_4_TMS_Psychopy2024.2.5.psyexp,2024.2.5,2025-08-18 17h00.27.012906 +0200,
0,0,0,0,0,0,0,,,,,,,,,#F989A2,1108.3070244789124,None,space,None,None,341.52770042419434,text_16,28,9,Reading_Baseline_main_click,None,stellte,19,0,19,60,60,,,,,,,,,,,20,02,yes,no,no,2025-08-18_16h47.41.980,EXNAT_4_TMS_Psychopy2024.2.5.psyexp,2024.2.5,2025-08-18 17h00.27.012906 +0200,
0,0,0,0,0,0,0,,,,,,,,,#88BA3F,1108.6888694763184,None,space,None,None,359.7431182861328,text_16,29,9,Reading_Baseline_main_click,None,sich,19,0,19,60,60,,,,,,,,,,,20,02,yes,no,no,2025-08-18_16h47.41.980,EXNAT_4_TMS_Psychopy2024.2.5.psyexp,2024.2.5,2025-08-18 17h00.27.012906 +0200,
0,0,0,0,0,0,0,,,,,,,,,#D292F3,1109.0875389575958,None,space,None,None,393.01490783691406,text_16,30,9,Reading_Baseline_main_click,None,als,19,0,19,60,60,,,,,,,,,,,20,02,yes,no,no,2025-08-18_16h47.41.980,EXNAT_4_TMS_Psychopy2024.2.5.psyexp,2024.2.5,2025-08-18 17h00.27.012906 +0200,
0,0,0,0,0,0,0,,,,,,,,,#2AB7EF,1109.5193502902985,None,space,None,None,329.2238712310791,text_16,31,9,Reading_Baseline_main_click,None,Nuss,19,0,19,60,60,,,,,,,,,,,20,02,yes,no,no,2025-08-18_16h47.41.980,EXNAT_4_TMS_Psychopy2024.2.5.psyexp,2024.2.5,2025-08-18 17h00.27.012906 +0200,
0,0,0,0,0,0,0,,,,,,,,,#2AB7EF,1109.8861291408539,None,space,None,None,410.4480743408203,text_16,32,9,Reading_Baseline_main_click,None,der,20,0,20,60,60,1109.9395196437836,,,,,,,,,,20,02,yes,no,no,2025-08-18_16h47.41.980,EXNAT_4_TMS_Psychopy2024.2.5.psyexp,2024.2.5,2025-08-18 17h00.27.012906 +0200,
0,0,0,0,0,0,0,,,,,,,,,#D292F3,1110.3383395671844,None,space,None,None,1558.2005977630615,text_16,33,9,Reading_Baseline_main_click,None,Seychellen-Palme,20,0,20,60,60,,,,,,,,,,,20,02,yes,no,no,2025-08-18_16h47.41.980,EXNAT_4_TMS_Psychopy2024.2.5.psyexp,2024.2.5,2025-08-18 17h00.27.012906 +0200,
0,0,0,0,0,0,0,,,,,,,,,#F989A2,1111.9532217979431,None,space,None,None,487.1084690093994,text_16,34,9,Reading_Baseline_main_click,None,heraus.,20,0,20,60,60,,,,,,,,,,,20,02,yes,no,no,2025-08-18_16h47.41.980,EXNAT_4_TMS_Psychopy2024.2.5.psyexp,2024.2.5,2025-08-18 17h00.27.012906 +0200,
0,0,0,0,0,0,0,,,,,,,,,#D292F3,1112.494150876999,None,space,None,None,426.471471786499,text_16,35,9,Reading_Baseline_main_click,None,Diese,20,0,20,60,60,,,,,,,,,,,20,02,yes,no,no,2025-08-18_16h47.41.980,EXNAT_4_TMS_Psychopy2024.2.5.psyexp,2024.2.5,2025-08-18 17h00.27.012906 +0200,
0,0,0,0,0,0,0,,,,,,,,,#88BA3F,1112.9762301445007,None,space,None,None,376.2235641479492,text_16,36,9,Reading_Baseline_main_click,None,ist,20,0,20,60,60,,,,,,,,,,,20,02,yes,no,no,2025-08-18_16h47.41.980,EXNAT_4_TMS_Psychopy2024.2.5.psyexp,2024.2.5,2025-08-18 17h00.27.012906 +0200,
0,0,0,0,0,0,0,,,,,,,,,#2AB7EF,1113.4080622196198,None,space,None,None,360.57066917419434,text_16,37,9,Reading_Baseline_main_click,None,eine,20,0,20,60,60,,,,,,,,,,,20,02,yes,no,no,2025-08-18_16h47.41.980,EXNAT_4_TMS_Psychopy2024.2.5.psyexp,2024.2.5,2025-08-18 17h00.27.012906 +0200,
0,0,0,0,0,0,0,,,,,,,,,#88BA3F,1113.824065208435,None,space,None,None,344.59877014160156,text_16,38,9,Reading_Baseline_main_click,None,der,20,0,20,60,60,,,,,,,,,,,20,02,yes,no,no,2025-08-18_16h47.41.980,EXNAT_4_TMS_Psychopy2024.2.5.psyexp,2024.2.5,2025-08-18 17h00.27.012906 +0200,
0,0,0,0,0,0,0,,,,,,,,,#88BA3F,1114.2238903045654,None,space,None,None,408.65516662597656,text_16,39,9,Reading_Baseline_main_click,None,seltensten,20,0,20,60,60,,,,,,,,,,,20,02,yes,no,no,2025-08-18_16h47.41.980,EXNAT_4_TMS_Psychopy2024.2.5.psyexp,2024.2.5,2025-08-18 17h00.27.012906 +0200,
0,0,0,0,0,0,0,,,,,,,,,#F989A2,1114.6876187324524,None,space,None,None,712.9087448120117,text_16,40,9,Reading_Baseline_main_click,None,Palmenarten,21,0,21,60,60,1114.939398765564,,,,,,,,,,20,02,yes,no,no,2025-08-18_16h47.41.980,EXNAT_4_TMS_Psychopy2024.2.5.psyexp,2024.2.5,2025-08-18 17h00.27.012906 +0200,
0,0,0,0,0,0,0,,,,,,,,,#D292F3,1115.4558086395264,None,space,None,None,424.7562885284424,text_16,41,9,Reading_Baseline_main_click,None,"weltweit,",21,0,21,60,60,,,,,,,,,,,20,02,yes,no,no,2025-08-18_16h47.41.980,EXNAT_4_TMS_Psychopy2024.2.5.psyexp,2024.2.5,2025-08-18 17h00.27.012906 +0200,
0,0,0,0,0,0,0,,,,,,,,,#D292F3,1115.9350333213806,None,space,None,None,361.5384101867676,text_16,42,9,Reading_Baseline_main_click,None,mit,21,0,21,60,60,,,,,,,,,,,20,02,yes,no,no,2025-08-18_16h47.41.980,EXNAT_4_TMS_Psychopy2024.2.5.psyexp,2024.2.5,2025-08-18 17h00.27.012906 +0200,
0,0,0,0,0,0,0,,,,,,,,,#D292F3,1116.3498117923737,None,space,None,None,346.7404842376709,text_16,43,9,Reading_Baseline_main_click,None,nur,21,0,21,60,60,,,,,,,,,,,20,02,yes,no,no,2025-08-18_16h47.41.980,EXNAT_4_TMS_Psychopy2024.2.5.psyexp,2024.2.5,2025-08-18 17h00.27.012906 +0200,
0,0,0,0,0,0,0,,,,,,,,,#88BA3F,1116.7530131340027,None,space,None,None,359.4479560852051,text_16,44,9,Reading_Baseline_main_click,None,noch,21,0,21,60,60,,,,,,,,,,,20,02,yes,no,no,2025-08-18_16h47.41.980,EXNAT_4_TMS_Psychopy2024.2.5.psyexp,2024.2.5,2025-08-18 17h00.27.012906 +0200,
0,0,0,0,0,0,0,,,,,,,,,#2AB7EF,1117.1679697036743,None,space,None,None,328.57465744018555,text_16,45,9,Reading_Baseline_main_click,None,etwa,21,0,21,60,60,,,,,,,,,,,20,02,yes,no,no,2025-08-18_16h47.41.980,EXNAT_4_TMS_Psychopy2024.2.5.psyexp,2024.2.5,2025-08-18 17h00.27.012906 +0200,
0,0,0,0,0,0,0,,,,,,,,,#D292F3,1117.5525336265564,None,space,None,None,840.0003910064697,text_16,46,9,Reading_Baseline_main_click,None,8200,21,0,21,60,60,,,,,,,,,,,20,02,yes,no,no,2025-08-18_16h47.41.980,EXNAT_4_TMS_Psychopy2024.2.5.psyexp,2024.2.5,2025-08-18 17h00.27.012906 +0200,
0,0,0,0,0,0,0,,,,,,,,,#2AB7EF,1118.4485592842102,None,space,None,None,503.9379596710205,text_16,47,9,Reading_Baseline_main_click,None,Exemplaren.,21,0,21,60,60,,,,,,,,,,,20,02,yes,no,no,2025-08-18_16h47.41.980,EXNAT_4_TMS_Psychopy2024.2.5.psyexp,2024.2.5,2025-08-18 17h00.27.012906 +0200,
0,0,0,0,0,0,0,,,,,,,,,#F989A2,1119.0102088451385,None,space,None,None,390.32864570617676,text_16,48,9,Reading_Baseline_main_click,None,Die,21,0,21,60,60,,,,,,,,,,,20,02,yes,no,no,2025-08-18_16h47.41.980,EXNAT_4_TMS_Psychopy2024.2.5.psyexp,2024.2.5,2025-08-18 17h00.27.012906 +0200,
0,0,0,0,0,0,0,,,,,,,,,#D292F3,1119.4564146995544,None,space,None,None,408.04195404052734,text_16,49,9,Reading_Baseline_main_click,None,Nuss,21,0,21,60,60,,,,,,,,,,,20,02,yes,no,no,2025-08-18_16h47.41.980,EXNAT_4_TMS_Psychopy2024.2.5.psyexp,2024.2.5,2025-08-18 17h00.27.012906 +0200,
0,0,0,0,0,0,0,,,,,,,,,#2AB7EF,1119.9209988117218,None,space,None,None,599.5070934295654,text_16,50,9,Reading_Baseline_main_click,None,entwickelt,22,0,22,60,60,1119.9738140106201,,,,,,,,,,20,02,yes,no,no,2025-08-18_16h47.41.980,EXNAT_4_TMS_Psychopy2024.2.5.psyexp,2024.2.5,2025-08-18 17h00.27.012906 +0200,
0,0,0,0,0,0,0,,,,,,,,,#F989A2,1120.574682712555,None,space,None,None,425.7996082305908,text_16,51,9,Reading_Baseline_main_click,None,sich,22,0,22,60,60,,,,,,,,,,,20,02,yes,no,no,2025-08-18_16h47.41.980,EXNAT_4_TMS_Psychopy2024.2.5.psyexp,2024.2.5,2025-08-18 17h00.27.012906 +0200,
0,0,0,0,0,0,0,,,,,,,,,#2AB7EF,1121.056648015976,None,space,None,None,375.9033679962158,text_16,52,9,Reading_Baseline_main_click,None,aus,22,0,22,60,60,,,,,,,,,,,20,02,yes,no,no,2025-08-18_16h47.41.980,EXNAT_4_TMS_Psychopy2024.2.5.psyexp,2024.2.5,2025-08-18 17h00.27.012906 +0200,
0,0,0,0,0,0,0,,,,,,,,,#88BA3F,1121.4728848934174,None,space,None,None,343.48011016845703,text_16,53,9,Reading_Baseline_main_click,None,einem,22,0,22,60,60,,,,,,,,,,,20,02,yes,no,no,2025-08-18_16h47.41.980,EXNAT_4_TMS_Psychopy2024.2.5.psyexp,2024.2.5,2025-08-18 17h00.27.012906 +0200,
0,0,0,0,0,0,0,,,,,,,,,#D292F3,1121.854684829712,None,space,None,None,425.8866310119629,text_16,54,9,Reading_Baseline_main_click,None,bis,22,0,22,60,60,,,,,,,,,,,20,02,yes,no,no,2025-08-18_16h47.41.980,EXNAT_4_TMS_Psychopy2024.2.5.psyexp,2024.2.5,2025-08-18 17h00.27.012906 +0200,
0,0,0,0,0,0,0,,,,,,,,,#F989A2,1122.3203432559967,None,space,None,None,392.20547676086426,text_16,55,9,Reading_Baseline_main_click,None,zu,22,0,22,60,60,,,,,,,,,,,20,02,yes,no,no,2025-08-18_16h47.41.980,EXNAT_4_TMS_Psychopy2024.2.5.psyexp,2024.2.5,2025-08-18 17h00.27.012906 +0200,
0,0,0,0,0,0,0,,,,,,,,,#F989A2,1122.7503924369812,None,space,None,None,458.2083225250244,text_16,56,9,Reading_Baseline_main_click,None,20,22,0,22,60,60,,,,,,,,,,,20,02,yes,no,no,2025-08-18_16h47.41.980,EXNAT_4_TMS_Psychopy2024.2.5.psyexp,2024.2.5,2025-08-18 17h00.27.012906 +0200,
0,0,0,0,0,0,0,,,,,,,,,#2AB7EF,1123.248276233673,None,space,None,None,616.2753105163574,text_16,57,9,Reading_Baseline_main_click,None,Kilogramm,22,0,22,60,60,,,,,,,,,,,20,02,yes,no,no,2025-08-18_16h47.41.980,EXNAT_4_TMS_Psychopy2024.2.5.psyexp,2024.2.5,2025-08-18 17h00.27.012906 +0200,
0,0,0,0,0,0,0,,,,,,,,,#88BA3F,1123.904409646988,None,space,None,None,392.08197593688965,text_16,58,9,Reading_Baseline_main_click,None,schweren,22,0,22,60,60,,,,,,,,,,,20,02,yes,no,no,2025-08-18_16h47.41.980,EXNAT_4_TMS_Psychopy2024.2.5.psyexp,2024.2.5,2025-08-18 17h00.27.012906 +0200,
0,0,0,0,0,0,0,,,,,,,,,#D292F3,1124.3367614746094,None,space,None,None,535.7208251953125,text_16,59,9,Reading_Baseline_main_click,None,Samen,22,0,22,60,60,,,,,,,,,,,20,02,yes,no,no,2025-08-18_16h47.41.980,EXNAT_4_TMS_Psychopy2024.2.5.psyexp,2024.2.5,2025-08-18 17h00.27.012906 +0200,
0,0,0,0,0,0,0,,,,,,,,,#88BA3F,1124.911597251892,None,space,None,None,408.9798927307129,text_16,60,9,Reading_Baseline_main_click,None,und,23,0,23,60,60,1124.9738187789917,,,,,,,,,,20,02,yes,no,no,2025-08-18_16h47.41.980,EXNAT_4_TMS_Psychopy2024.2.5.psyexp,2024.2.5,2025-08-18 17h00.27.012906 +0200,
0,0,0,0,0,0,0,,,,,,,,,#F989A2,1125.3607778549194,None,space,None,None,551.7258644104004,text_16,61,9,Reading_Baseline_main_click,None,kann,23,0,23,60,60,,,,,,,,,,,20,02,yes,no,no,2025-08-18_16h47.41.980,EXNAT_4_TMS_Psychopy2024.2.5.psyexp,2024.2.5,2025-08-18 17h00.27.012906 +0200,
0,0,0,0,0,0,0,,,,,,,,,#88BA3F,1125.9526736736298,None,space,None,None,455.8727741241455,text_16,62,9,Reading_Baseline_main_click,None,die,23,0,23,60,60,,,,,,,,,,,20,02,yes,no,no,2025-08-18_16h47.41.980,EXNAT_4_TMS_Psychopy2024.2.5.psyexp,2024.2.5,2025-08-18 17h00.27.012906 +0200,
0,0,0,0,0,0,0,,,,,,,,,#F989A2,1126.4489104747772,None,space,None,None,439.5716190338135,text_16,63,9,Reading_Baseline_main_click,None,vierfache,23,0,23,60,60,,,,,,,,,,,20,02,yes,no,no,2025-08-18_16h47.41.980,EXNAT_4_TMS_Psychopy2024.2.5.psyexp,2024.2.5,2025-08-18 17h00.27.012906 +0200,
0,0,0,0,0,0,0,,,,,,,,,#F989A2,1126.9279754161835,None,space,None,None,536.569356918335,text_16,64,9,Reading_Baseline_main_click,None,Größe,23,0,23,60,60,,,,,,,,,,,20,02,yes,no,no,2025-08-18_16h47.41.980,EXNAT_4_TMS_Psychopy2024.2.5.psyexp,2024.2.5,2025-08-18 17h00.27.012906 +0200,
0,0,0,0,0,0,0,,,,,,,,,#D292F3,1127.5025651454926,None,space,None,None,409.9841117858887,text_16,65,9,Reading_Baseline_main_click,None,einer,23,0,23,60,60,,,,,,,,,,,20,02,yes,no,no,2025-08-18_16h47.41.980,EXNAT_4_TMS_Psychopy2024.2.5.psyexp,2024.2.5,2025-08-18 17h00.27.012906 +0200,
0,0,0,0,0,0,0,,,,,,,,,#2AB7EF,1127.952091217041,None,space,None,None,520.4904079437256,text_16,66,9,Reading_Baseline_main_click,None,Kokosnuss,23,0,23,60,60,,,,,,,,,,,20,02,yes,no,no,2025-08-18_16h47.41.980,EXNAT_4_TMS_Psychopy2024.2.5.psyexp,2024.2.5,2025-08-18 17h00.27.012906 +0200,
0,0,0,0,0,0,0,,,,,,,,,#D292F3,1128.5139157772064,None,space,None,None,566.685676574707,text_16,67,9,Reading_Baseline_main_click,None,erreichen.,23,0,23,60,60,,,,,,,,,,,20,02,yes,no,no,2025-08-18_16h47.41.980,EXNAT_4_TMS_Psychopy2024.2.5.psyexp,2024.2.5,2025-08-18 17h00.27.012906 +0200,
0,0,0,0,0,0,0,,,,,,,,,#2AB7EF,1129.118916273117,None,space,None,None,521.5864181518555,text_16,68,9,Reading_Baseline_main_click,None,Im,23,0,23,60,60,,,,,,,,,,,20,02,yes,no,no,2025-08-18_16h47.41.980,EXNAT_4_TMS_Psychopy2024.2.5.psyexp,2024.2.5,2025-08-18 17h00.27.012906 +0200,
0,0,0,0,0,0,0,,,,,,,,,#2AB7EF,1129.6791508197784,None,space,None,None,617.4001693725586,text_16,69,9,Reading_Baseline_main_click,None,Botanischen,24,0,24,60,60,1129.9738960266113,,,,,,,,,,20,02,yes,no,no,2025-08-18_16h47.41.980,EXNAT_4_TMS_Psychopy2024.2.5.psyexp,2024.2.5,2025-08-18 17h00.27.012906 +0200,
0,0,0,0,0,0,0,,,,,,,,,#88BA3F,1130.3353152275085,None,space,None,None,441.256046295166,text_16,70,9,Reading_Baseline_main_click,None,Garten,24,0,24,60,60,,,,,,,,,,,20,02,yes,no,no,2025-08-18_16h47.41.980,EXNAT_4_TMS_Psychopy2024.2.5.psyexp,2024.2.5,2025-08-18 17h00.27.012906 +0200,
0,0,0,0,0,0,0,,,,,,,,,#88BA3F,1130.812929391861,None,space,None,None,411.6663932800293,text_16,71,9,Reading_Baseline_main_click,None,in,24,0,24,60,60,,,,,,,,,,,20,02,yes,no,no,2025-08-18_16h47.41.980,EXNAT_4_TMS_Psychopy2024.2.5.psyexp,2024.2.5,2025-08-18 17h00.27.012906 +0200,
0,0,0,0,0,0,0,,,,,,,,,#D292F3,1131.2646136283875,None,space,None,None,439.8651123046875,text_16,72,9,Reading_Baseline_main_click,None,Berlin,24,0,24,60,60,,,,,,,,,,,20,02,yes,no,no,2025-08-18_16h47.41.980,EXNAT_4_TMS_Psychopy2024.2.5.psyexp,2024.2.5,2025-08-18 17h00.27.012906 +0200,
0,0,0,0,0,0,0,,,,,,,,,#D292F3,1131.7446372509003,None,space,None,None,375.8847713470459,text_16,73,9,Reading_Baseline_main_click,None,keimt,24,0,24,60,60,,,,,,,,,,,20,02,yes,no,no,2025-08-18_16h47.41.980,EXNAT_4_TMS_Psychopy2024.2.5.psyexp,2024.2.5,2025-08-18 17h00.27.012906 +0200,
0,0,0,0,0,0,0,,,,,,,,,#F989A2,1132.1608476638794,None,space,None,None,391.6306495666504,text_16,74,9,Reading_Baseline_main_click,None,nun,24,0,24,60,60,,,,,,,,,,,20,02,yes,no,no,2025-08-18_16h47.41.980,EXNAT_4_TMS_Psychopy2024.2.5.psyexp,2024.2.5,2025-08-18 17h00.27.012906 +0200,
0,0,0,0,0,0,0,,,,,,,,,#88BA3F,1132.5923175811768,None,space,None,None,600.1732349395752,text_16,75,9,Reading_Baseline_main_click,None,erstmals,24,0,24,60,60,,,,,,,,,,,20,02,yes,no,no,2025-08-18_16h47.41.980,EXNAT_4_TMS_Psychopy2024.2.5.psyexp,2024.2.5,2025-08-18 17h00.27.012906 +0200,
0,0,0,0,0,0,0,,,,,,,,,#D292F3,1133.2306866645813,None,space,None,None,393.7995433807373,text_16,76,9,Reading_Baseline_main_click,None,seit,24,0,24,60,60,,,,,,,,,,,20,02,yes,no,no,2025-08-18_16h47.41.980,EXNAT_4_TMS_Psychopy2024.2.5.psyexp,2024.2.5,2025-08-18 17h00.27.012906 +0200,
0,0,0,0,0,0,0,,,,,,,,,#2AB7EF,1133.6647963523865,None,space,None,None,391.60728454589844,text_16,77,9,Reading_Baseline_main_click,None,80,24,0,24,60,60,,,,,,,,,,,20,02,yes,no,no,2025-08-18_16h47.41.980,EXNAT_4_TMS_Psychopy2024.2.5.psyexp,2024.2.5,2025-08-18 17h00.27.012906 +0200,
0,0,0,0,0,0,0,,,,,,,,,#F989A2,1134.093985080719,None,space,None,None,426.4848232269287,text_16,78,9,Reading_Baseline_main_click,None,Jahren,24,0,24,60,60,,,,,,,,,,,20,02,yes,no,no,2025-08-18_16h47.41.980,EXNAT_4_TMS_Psychopy2024.2.5.psyexp,2024.2.5,2025-08-18 17h00.27.012906 +0200,
0,0,0,0,0,0,0,,,,,,,,,#D292F3,1134.558814048767,None,space,None,None,377.7477741241455,text_16,79,9,Reading_Baseline_main_click,None,ein,24,0,24,60,60,,,,,,,,,,,20,02,yes,no,no,2025-08-18_16h47.41.980,EXNAT_4_TMS_Psychopy2024.2.5.psyexp,2024.2.5,2025-08-18 17h00.27.012906 +0200,
0,0,0,0,0,0,0,,,,,,,,,#88BA3F,1134.9762971401215,None,space,None,None,472.2015857696533,text_16,80,9,Reading_Baseline_main_click,None,solches,25,0,25,60,60,1135.0349388122559,,,,,,,,,,20,02,yes,no,no,2025-08-18_16h47.41.980,EXNAT_4_TMS_Psychopy2024.2.5.psyexp,2024.2.5,2025-08-18 17h00.27.012906 +0200,
0,0,0,0,0,0,0,,,,,,,,,#F989A2,1135.4869573116302,None,space,None,None,521.5644836425781,text_16,81,9,Reading_Baseline_main_click,None,Exemplar.,25,0,25,60,60,,,,,,,,,,,20,02,yes,no,no,2025-08-18_16h47.41.980,EXNAT_4_TMS_Psychopy2024.2.5.psyexp,2024.2.5,2025-08-18 17h00.27.012906 +0200,
0,0,0,0,0,0,0,,,,,,,,,#88BA3F,1136.0475161075592,None,space,None,None,393.01443099975586,text_16,82,9,Reading_Baseline_main_click,None,Die,25,0,25,60,60,,,,,,,,,,,20,02,yes,no,no,2025-08-18_16h47.41.980,EXNAT_4_TMS_Psychopy2024.2.5.psyexp,2024.2.5,2025-08-18 17h00.27.012906 +0200,
0,0,0,0,0,0,0,,,,,,,,,#2AB7EF,1136.4812941551208,None,space,None,None,663.2957458496094,text_16,83,9,Reading_Baseline_main_click,None,Kultivierung,25,0,25,60,60,,,,,,,,,,,20,02,yes,no,no,2025-08-18_16h47.41.980,EXNAT_4_TMS_Psychopy2024.2.5.psyexp,2024.2.5,2025-08-18 17h00.27.012906 +0200,
0,0,0,0,0,0,0,,,,,,,,,#2AB7EF,1137.18283700943,None,space,None,None,377.7434825897217,text_16,84,9,Reading_Baseline_main_click,None,der,25,0,25,60,60,,,,,,,,,,,20,02,yes,no,no,2025-08-18_16h47.41.980,EXNAT_4_TMS_Psychopy2024.2.5.psyexp,2024.2.5,2025-08-18 17h00.27.012906 +0200,
0,0,0,0,0,0,0,,,,,,,,,#2AB7EF,1137.6008319854736,None,space,None,None,391.7431831359863,text_16,85,9,Reading_Baseline_main_click,None,Pflanze,25,0,25,60,60,,,,,,,,,,,20,02,yes,no,no,2025-08-18_16h47.41.980,EXNAT_4_TMS_Psychopy2024.2.5.psyexp,2024.2.5,2025-08-18 17h00.27.012906 +0200,
0,0,0,0,0,0,0,,,,,,,,,#D292F3,1138.0307159423828,None,space,None,None,425.61984062194824,text_16,86,9,Reading_Baseline_main_click,None,gilt,25,0,25,60,60,,,,,,,,,,,20,02,yes,no,no,2025-08-18_16h47.41.980,EXNAT_4_TMS_Psychopy2024.2.5.psyexp,2024.2.5,2025-08-18 17h00.27.012906 +0200,
0,0,0,0,0,0,0,,,,,,,,,#88BA3F,1138.4946966171265,None,space,None,None,409.79719161987305,text_16,87,9,Reading_Baseline_main_click,None,als,25,0,25,60,60,,,,,,,,,,,20,02,yes,no,no,2025-08-18_16h47.41.980,EXNAT_4_TMS_Psychopy2024.2.5.psyexp,2024.2.5,2025-08-18 17h00.27.012906 +0200,
0,0,0,0,0,0,0,,,,,,,,,#F989A2,1138.9454061985016,None,space,None,None,551.0959625244141,text_16,88,9,Reading_Baseline_main_click,None,"anspruchsvoll,",25,0,25,60,60,,,,,,,,,,,20,02,yes,no,no,2025-08-18_16h47.41.980,EXNAT_4_TMS_Psychopy2024.2.5.psyexp,2024.2.5,2025-08-18 17h00.27.012906 +0200,
0,0,0,0,0,0,0,,,,,,,,,#2AB7EF,1139.536569595337,None,space,None,None,423.94447326660156,text_16,89,9,Reading_Baseline_main_click,None,da,25,0,25,60,60,,,,,,,,,,,20,02,yes,no,no,2025-08-18_16h47.41.980,EXNAT_4_TMS_Psychopy2024.2.5.psyexp,2024.2.5,2025-08-18 17h00.27.012906 +0200,
0,0,0,0,0,0,0,,,,,,,,,#D292F3,1139.999447107315,None,space,None,None,345.1189994812012,text_16,90,9,Reading_Baseline_main_click,None,ihr,26,0,26,60,60,1140.0512387752533,,,,,,,,,,20,02,yes,no,no,2025-08-18_16h47.41.980,EXNAT_4_TMS_Psychopy2024.2.5.psyexp,2024.2.5,2025-08-18 17h00.27.012906 +0200,
0,0,0,0,0,0,0,,,,,,,,,#F989A2,1140.3858523368835,None,space,None,None,758.7282657623291,text_16,91,9,Reading_Baseline_main_click,None,Fortpflanzungssystem,26,0,26,60,60,,,,,,,,,,,20,02,yes,no,no,2025-08-18_16h47.41.980,EXNAT_4_TMS_Psychopy2024.2.5.psyexp,2024.2.5,2025-08-18 17h00.27.012906 +0200,
0,0,0,0,0,0,0,,,,,,,,,#2AB7EF,1141.183130979538,None,space,None,None,617.2208786010742,text_16,92,9,Reading_Baseline_main_click,None,hochkomplex,26,0,26,60,60,,,,,,,,,,,20,02,yes,no,no,2025-08-18_16h47.41.980,EXNAT_4_TMS_Psychopy2024.2.5.psyexp,2024.2.5,2025-08-18 17h00.27.012906 +0200,
0,0,0,0,0,0,0,,,,,,,,,#D292F3,1141.840334892273,None,space,None,None,392.15707778930664,text_16,93,9,Reading_Baseline_main_click,None,ist.,26,0,26,60,60,,,,,,,,,,,20,02,yes,no,no,2025-08-18_16h47.41.980,EXNAT_4_TMS_Psychopy2024.2.5.psyexp,2024.2.5,2025-08-18 17h00.27.012906 +0200,
0,0,0,0,0,0,0,,,,,,,,,#F989A2,1142.272346496582,None,space,None,None,520.2267169952393,text_16,94,9,Reading_Baseline_main_click,None,Es,26,0,26,60,60,,,,,,,,,,,20,02,yes,no,no,2025-08-18_16h47.41.980,EXNAT_4_TMS_Psychopy2024.2.5.psyexp,2024.2.5,2025-08-18 17h00.27.012906 +0200,
0,0,0,0,0,0,0,,,,,,,,,#88BA3F,1142.8345985412598,None,space,None,None,373.95286560058594,text_16,95,9,Reading_Baseline_main_click,None,existieren,26,0,26,60,60,,,,,,,,,,,20,02,yes,no,no,2025-08-18_16h47.41.980,EXNAT_4_TMS_Psychopy2024.2.5.psyexp,2024.2.5,2025-08-18 17h00.27.012906 +0200,
0,0,0,0,0,0,0,,,,,,,,,#88BA3F,1143.2493739128113,None,space,None,None,1991.2307262420654,text_16,96,9,Reading_Baseline_main_click,None,getrenntgeschlechtliche,27,0,27,60,60,1145.0512866973877,,,,,,,,,,20,02,yes,no,no,2025-08-18_16h47.41.980,EXNAT_4_TMS_Psychopy2024.2.5.psyexp,2024.2.5,2025-08-18 17h00.27.012906 +0200,
0,0,0,0,0,0,0,,,,,,,,,#F989A2,1145.2961840629578,None,space,None,None,552.443265914917,text_16,97,9,Reading_Baseline_main_click,None,"Pflanzen,",27,0,27,60,60,,,,,,,,,,,20,02,yes,no,no,2025-08-18_16h47.41.980,EXNAT_4_TMS_Psychopy2024.2.5.psyexp,2024.2.5,2025-08-18 17h00.27.012906 +0200,
0,0,0,0,0,0,0,,,,,,,,,#2AB7EF,1145.9055263996124,None,space,None,None,486.9673252105713,text_16,98,9,Reading_Baseline_main_click,None,doch,27,0,27,60,60,,,,,,,,,,,20,02,yes,no,no,2025-08-18_16h47.41.980,EXNAT_4_TMS_Psychopy2024.2.5.psyexp,2024.2.5,2025-08-18 17h00.27.012906 +0200,
0,0,0,0,0,0,0,,,,,,,,,#F989A2,1146.4492387771606,None,space,None,None,423.34866523742676,text_16,99,9,Reading_Baseline_main_click,None,der,27,0,27,60,60,,,,,,,,,,,20,02,yes,no,no,2025-08-18_16h47.41.980,EXNAT_4_TMS_Psychopy2024.2.5.psyexp,2024.2.5,2025-08-18 17h00.27.012906 +0200,
0,0,0,0,0,0,0,,,,,,,,,#2AB7EF,1146.9275841712952,None,space,None,None,488.936185836792,text_16,100,9,Reading_Baseline_main_click,None,genaue,27,0,27,60,60,,,,,,,,,,,20,02,yes,no,no,2025-08-18_16h47.41.980,EXNAT_4_TMS_Psychopy2024.2.5.psyexp,2024.2.5,2025-08-18 17h00.27.012906 +0200,
0,0,0,0,0,0,0,,,,,,,,,#D292F3,1147.4725406169891,None,space,None,None,471.96364402770996,text_16,101,9,Reading_Baseline_main_click,None,Mechanismus,27,0,27,60,60,,,,,,,,,,,20,02,yes,no,no,2025-08-18_16h47.41.980,EXNAT_4_TMS_Psychopy2024.2.5.psyexp,2024.2.5,2025-08-18 17h00.27.012906 +0200,
0,0,0,0,0,0,0,,,,,,,,,#88BA3F,1147.9997568130493,None,space,None,None,440.7463073730469,text_16,102,9,Reading_Baseline_main_click,None,der,27,0,27,60,60,,,,,,,,,,,20,02,yes,no,no,2025-08-18_16h47.41.980,EXNAT_4_TMS_Psychopy2024.2.5.psyexp,2024.2.5,2025-08-18 17h00.27.012906 +0200,
0,0,0,0,0,0,0,,,,,,,,,#F989A2,1148.4947323799133,None,space,None,None,1049.8692989349365,text_16,103,9,Reading_Baseline_main_click,None,Pollenübertragung,27,0,27,60,60,,,,,,,,,,,20,02,yes,no,no,2025-08-18_16h47.41.980,EXNAT_4_TMS_Psychopy2024.2.5.psyexp,2024.2.5,2025-08-18 17h00.27.012906 +0200,
0,0,0,0,0,0,0,,,,,,,,,#D292F3,1149.6001379489899,None,space,None,None,392.3535346984863,text_16,104,9,Reading_Baseline_main_click,None,ist,27,0,27,60,60,,,,,,,,,,,20,02,yes,no,no,2025-08-18_16h47.41.980,EXNAT_4_TMS_Psychopy2024.2.5.psyexp,2024.2.5,2025-08-18 17h00.27.012906 +0200,
0,0,0,0,0,0,0,,,,,,,,,#88BA3F,1150.0473115444183,None,space,None,None,377.20203399658203,text_16,105,9,Reading_Baseline_main_click,None,noch,28,0,28,60,60,1150.0983083248138,,,,,,,,,,20,02,yes,no,no,2025-08-18_16h47.41.980,EXNAT_4_TMS_Psychopy2024.2.5.psyexp,2024.2.5,2025-08-18 17h00.27.012906 +0200,
0,0,0,0,0,0,0,,,,,,,,,#D292F3,1150.480803489685,None,space,None,None,407.70530700683594,text_16,106,9,Reading_Baseline_main_click,None,ungeklärt.,28,0,28,60,60,,,,,,,,,,,20,02,yes,no,no,2025-08-18_16h47.41.980,EXNAT_4_TMS_Psychopy2024.2.5.psyexp,2024.2.5,2025-08-18 17h00.27.012906 +0200,
0,0,0,0,0,0,0,,,,,,,,,#2AB7EF,1150.9451739788055,None,space,None,None,439.2259120941162,text_16,107,9,Reading_Baseline_main_click,None,Außerdem,28,0,28,60,60,,,,,,,,,,,20,02,yes,no,no,2025-08-18_16h47.41.980,EXNAT_4_TMS_Psychopy2024.2.5.psyexp,2024.2.5,2025-08-18 17h00.27.012906 +0200,
0,0,0,0,0,0,0,,,,,,,,,#88BA3F,1151.4401409626007,None,space,None,None,392.34304428100586,text_16,108,9,Reading_Baseline_main_click,None,sinken,28,0,28,60,60,,,,,,,,,,,20,02,yes,no,no,2025-08-18_16h47.41.980,EXNAT_4_TMS_Psychopy2024.2.5.psyexp,2024.2.5,2025-08-18 17h00.27.012906 +0200,
0,0,0,0,0,0,0,,,,,,,,,#88BA3F,1151.888255596161,None,space,None,None,376.31678581237793,text_16,109,9,Reading_Baseline_main_click,None,die,28,0,28,60,60,,,,,,,,,,,20,02,yes,no,no,2025-08-18_16h47.41.980,EXNAT_4_TMS_Psychopy2024.2.5.psyexp,2024.2.5,2025-08-18 17h00.27.012906 +0200,
0,0,0,0,0,0,0,,,,,,,,,#D292F3,1152.3201627731323,None,space,None,None,376.3399124145508,text_16,110,9,Reading_Baseline_main_click,None,schweren,28,0,28,60,60,,,,,,,,,,,20,02,yes,no,no,2025-08-18_16h47.41.980,EXNAT_4_TMS_Psychopy2024.2.5.psyexp,2024.2.5,2025-08-18 17h00.27.012906 +0200,
0,0,0,0,0,0,0,,,,,,,,,#F989A2,1152.7518491744995,None,space,None,None,376.6617774963379,text_16,111,9,Reading_Baseline_main_click,None,Samen,28,0,28,60,60,,,,,,,,,,,20,02,yes,no,no,2025-08-18_16h47.41.980,EXNAT_4_TMS_Psychopy2024.2.5.psyexp,2024.2.5,2025-08-18 17h00.27.012906 +0200,
0,0,0,0,0,0,0,,,,,,,,,#2AB7EF,1153.1829631328583,None,space,None,None,409.50727462768555,text_16,112,9,Reading_Baseline_main_click,None,im,28,0,28,60,60,,,,,,,,,,,20,02,yes,no,no,2025-08-18_16h47.41.980,EXNAT_4_TMS_Psychopy2024.2.5.psyexp,2024.2.5,2025-08-18 17h00.27.012906 +0200,
0,0,0,0,0,0,0,,,,,,,,,#F989A2,1153.6486504077911,None,space,None,None,439.95070457458496,text_16,113,9,Reading_Baseline_main_click,None,"Wasser,",28,0,28,60,60,,,,,,,,,,,20,02,yes,no,no,2025-08-18_16h47.41.980,EXNAT_4_TMS_Psychopy2024.2.5.psyexp,2024.2.5,2025-08-18 17h00.27.012906 +0200,
0,0,0,0,0,0,0,,,,,,,,,#88BA3F,1154.1427080631256,None,space,None,None,393.8784599304199,text_16,114,9,Reading_Baseline_main_click,None,was,28,0,28,60,60,,,,,,,,,,,20,02,yes,no,no,2025-08-18_16h47.41.980,EXNAT_4_TMS_Psychopy2024.2.5.psyexp,2024.2.5,2025-08-18 17h00.27.012906 +0200,
0,0,0,0,0,0,0,,,,,,,,,#2AB7EF,1154.591262102127,None,space,None,None,425.2455234527588,text_16,115,9,Reading_Baseline_main_click,None,ihre,28,0,28,60,60,,,,,,,,,,,20,02,yes,no,no,2025-08-18_16h47.41.980,EXNAT_4_TMS_Psychopy2024.2.5.psyexp,2024.2.5,2025-08-18 17h00.27.012906 +0200,
0,0,0,0,0,0,0,,,,,,,,,#88BA3F,1155.0721881389618,None,space,None,None,552.2952079772949,text_16,116,9,Reading_Baseline_main_click,None,Verbreitung,29,0,29,60,60,1155.1260788440704,,,,,,,,,,20,02,yes,no,no,2025-08-18_16h47.41.980,EXNAT_4_TMS_Psychopy2024.2.5.psyexp,2024.2.5,2025-08-18 17h00.27.012906 +0200,
0,0,0,0,0,0,0,,,,,,,,,#2AB7EF,1155.6804869174957,None,space,None,None,984.0755462646484,text_16,117,9,Reading_Baseline_main_click,None,erschwert.,29,0,29,60,60,,,,,,,,,,,20,02,yes,no,no,2025-08-18_16h47.41.980,EXNAT_4_TMS_Psychopy2024.2.5.psyexp,2024.2.5,2025-08-18 17h00.27.012906 +0200,
0,0,0,0,0,0,0,,,,,,,,,#D292F3,1156.7205131053925,None,space,None,None,424.07727241516113,text_16,118,9,Reading_Baseline_main_click,None,In,29,0,29,60,60,,,,,,,,,,,20,02,yes,no,no,2025-08-18_16h47.41.980,EXNAT_4_TMS_Psychopy2024.2.5.psyexp,2024.2.5,2025-08-18 17h00.27.012906 +0200,
0,0,0,0,0,0,0,,,,,,,,,#F989A2,1157.1987717151642,None,space,None,None,393.7962055206299,text_16,119,9,Reading_Baseline_main_click,None,Berlin,29,0,29,60,60,,,,,,,,,,,20,02,yes,no,no,2025-08-18_16h47.41.980,EXNAT_4_TMS_Psychopy2024.2.5.psyexp,2024.2.5,2025-08-18 17h00.27.012906 +0200,
0,0,0,0,0,0,0,,,,,,,,,#D292F3,1157.648151397705,None,space,None,None,392.4102783203125,text_16,120,9,Reading_Baseline_main_click,None,wird,29,0,29,60,60,,,,,,,,,,,20,02,yes,no,no,2025-08-18_16h47.41.980,EXNAT_4_TMS_Psychopy2024.2.5.psyexp,2024.2.5,2025-08-18 17h00.27.012906 +0200,
0,0,0,0,0,0,0,,,,,,,,,#D292F3,1158.0959572792053,None,space,None,None,328.62305641174316,text_16,121,9,Reading_Baseline_main_click,None,die,29,0,29,60,60,,,,,,,,,,,20,02,yes,no,no,2025-08-18_16h47.41.980,EXNAT_4_TMS_Psychopy2024.2.5.psyexp,2024.2.5,2025-08-18 17h00.27.012906 +0200,
0,0,0,0,0,0,0,,,,,,,,,#88BA3F,1158.47949051857,None,space,None,None,425.11796951293945,text_16,122,9,Reading_Baseline_main_click,None,Aufzucht,29,0,29,60,60,,,,,,,,,,,20,02,yes,no,no,2025-08-18_16h47.41.980,EXNAT_4_TMS_Psychopy2024.2.5.psyexp,2024.2.5,2025-08-18 17h00.27.012906 +0200,
0,0,0,0,0,0,0,,,,,,,,,#D292F3,1158.9593749046326,None,space,None,None,345.2005386352539,text_16,123,9,Reading_Baseline_main_click,None,durch,29,0,29,60,60,,,,,,,,,,,20,02,yes,no,no,2025-08-18_16h47.41.980,EXNAT_4_TMS_Psychopy2024.2.5.psyexp,2024.2.5,2025-08-18 17h00.27.012906 +0200,
0,0,0,0,0,0,0,,,,,,,,,#F989A2,1159.3603160381317,None,space,None,None,360.23449897766113,text_16,124,9,Reading_Baseline_main_click,None,eine,29,0,29,60,60,,,,,,,,,,,20,02,yes,no,no,2025-08-18_16h47.41.980,EXNAT_4_TMS_Psychopy2024.2.5.psyexp,2024.2.5,2025-08-18 17h00.27.012906 +0200,
0,0,0,0,0,0,0,,,,,,,,,#F989A2,1159.7774767875671,None,space,None,None,567.1062469482422,text_16,125,9,Reading_Baseline_main_click,None,Beet-Heizung,30,0,30,60,60,1160.125993013382,,,,,,,,,,20,02,yes,no,no,2025-08-18_16h47.41.980,EXNAT_4_TMS_Psychopy2024.2.5.psyexp,2024.2.5,2025-08-18 17h00.27.012906 +0200,
0,0,0,0,0,0,0,,,,,,,,,#2AB7EF,1160.3996770381927,None,space,None,None,504.9278736114502,text_16,126,9,Reading_Baseline_main_click,None,unterstützt.,30,0,30,60,60,,,,,,,,,,,20,02,yes,no,no,2025-08-18_16h47.41.980,EXNAT_4_TMS_Psychopy2024.2.5.psyexp,2024.2.5,2025-08-18 17h00.27.012906 +0200,
0,0,0,0,0,0,0,,,,,,,,,#2AB7EF,1160.960706949234,None,space,None,None,519.8581218719482,text_16,127,9,Reading_Baseline_main_click,None,Kritisch,30,0,30,60,60,,,,,,,,,,,20,02,yes,no,no,2025-08-18_16h47.41.980,EXNAT_4_TMS_Psychopy2024.2.5.psyexp,2024.2.5,2025-08-18 17h00.27.012906 +0200,
0,0,0,0,0,0,0,,,,,,,,,#88BA3F,1161.5365431308746,None,space,None,None,344.04730796813965,text_16,128,9,Reading_Baseline_main_click,None,wird,30,0,30,60,60,,,,,,,,,,,20,02,yes,no,no,2025-08-18_16h47.41.980,EXNAT_4_TMS_Psychopy2024.2.5.psyexp,2024.2.5,2025-08-18 17h00.27.012906 +0200,
0,0,0,0,0,0,0,,,,,,,,,#F989A2,1161.9359908103943,None,space,None,None,344.5253372192383,text_16,129,9,Reading_Baseline_main_click,None,"es,",30,0,30,60,60,,,,,,,,,,,20,02,yes,no,no,2025-08-18_16h47.41.980,EXNAT_4_TMS_Psychopy2024.2.5.psyexp,2024.2.5,2025-08-18 17h00.27.012906 +0200,
0,0,0,0,0,0,0,,,,,,,,,#2AB7EF,1162.3353621959686,None,space,None,None,361.10830307006836,text_16,130,9,Reading_Baseline_main_click,None,wenn,30,0,30,60,60,,,,,,,,,,,20,02,yes,no,no,2025-08-18_16h47.41.980,EXNAT_4_TMS_Psychopy2024.2.5.psyexp,2024.2.5,2025-08-18 17h00.27.012906 +0200,
0,0,0,0,0,0,0,,,,,,,,,#88BA3F,1162.7496008872986,None,space,None,None,362.99943923950195,text_16,131,9,Reading_Baseline_main_click,None,die,30,0,30,60,60,,,,,,,,,,,20,02,yes,no,no,2025-08-18_16h47.41.980,EXNAT_4_TMS_Psychopy2024.2.5.psyexp,2024.2.5,2025-08-18 17h00.27.012906 +0200,
0,0,0,0,0,0,0,,,,,,,,,#D292F3,1163.1693754196167,None,space,None,None,887.1004581451416,text_16,132,9,Reading_Baseline_main_click,None,Nährstoffreserven,30,0,30,60,60,,,,,,,,,,,20,02,yes,no,no,2025-08-18_16h47.41.980,EXNAT_4_TMS_Psychopy2024.2.5.psyexp,2024.2.5,2025-08-18 17h00.27.012906 +0200,
0,0,0,0,0,0,0,,,,,,,,,#88BA3F,1164.110345840454,None,space,None,None,458.24503898620605,text_16,133,9,Reading_Baseline_main_click,None,der,30,0,30,60,60,,,,,,,,,,,20,02,yes,no,no,2025-08-18_16h47.41.980,EXNAT_4_TMS_Psychopy2024.2.5.psyexp,2024.2.5,2025-08-18 17h00.27.012906 +0200,
0,0,0,0,0,0,0,,,,,,,,,#D292F3,1164.624176979065,None,space,None,None,360.2006435394287,text_16,134,9,Reading_Baseline_main_click,None,Nuss,30,0,30,60,60,,,,,,,,,,,20,02,yes,no,no,2025-08-18_16h47.41.980,EXNAT_4_TMS_Psychopy2024.2.5.psyexp,2024.2.5,2025-08-18 17h00.27.012906 +0200,
0,0,0,0,0,0,0,,,,,,,,,#2AB7EF,1165.0397682189941,None,space,None,None,424.7610569000244,text_16,135,9,Reading_Baseline_main_click,None,aufgebraucht,31,0,31,60,60,1165.1261081695557,,,,,,,,,,20,02,yes,no,no,2025-08-18_16h47.41.980,EXNAT_4_TMS_Psychopy2024.2.5.psyexp,2024.2.5,2025-08-18 17h00.27.012906 +0200,
0,0,0,0,0,0,0,,,,,,,,,#2AB7EF,1165.519767522812,None,space,None,None,376.83844566345215,text_16,136,9,Reading_Baseline_main_click,None,sind.,31,0,31,60,60,,,,,,,,,,,20,02,yes,no,no,2025-08-18_16h47.41.980,EXNAT_4_TMS_Psychopy2024.2.5.psyexp,2024.2.5,2025-08-18 17h00.27.012906 +0200,
0,0,0,0,0,0,0,,,,,,,,,#88BA3F,1165.9511749744415,None,space,None,None,409.3971252441406,text_16,137,9,Reading_Baseline_main_click,None,Erst,31,0,31,60,60,,,,,,,,,,,20,02,yes,no,no,2025-08-18_16h47.41.980,EXNAT_4_TMS_Psychopy2024.2.5.psyexp,2024.2.5,2025-08-18 17h00.27.012906 +0200,
0,0,0,0,0,0,0,,,,,,,,,#D292F3,1166.4153883457184,None,space,None,None,457.14879035949707,text_16,138,9,Reading_Baseline_main_click,None,nach,31,0,31,60,60,,,,,,,,,,,20,02,yes,no,no,2025-08-18_16h47.41.980,EXNAT_4_TMS_Psychopy2024.2.5.psyexp,2024.2.5,2025-08-18 17h00.27.012906 +0200,
0,0,0,0,0,0,0,,,,,,,,,#D292F3,1166.9278931617737,None,space,None,None,424.7267246246338,text_16,139,9,Reading_Baseline_main_click,None,mehreren,31,0,31,60,60,,,,,,,,,,,20,02,yes,no,no,2025-08-18_16h47.41.980,EXNAT_4_TMS_Psychopy2024.2.5.psyexp,2024.2.5,2025-08-18 17h00.27.012906 +0200,
0,0,0,0,0,0,0,,,,,,,,,#F989A2,1167.4072802066803,None,space,None,None,425.2276420593262,text_16,140,9,Reading_Baseline_main_click,None,Jahren,31,0,31,60,60,,,,,,,,,,,20,02,yes,no,no,2025-08-18_16h47.41.980,EXNAT_4_TMS_Psychopy2024.2.5.psyexp,2024.2.5,2025-08-18 17h00.27.012906 +0200,
0,0,0,0,0,0,0,,,,,,,,,#2AB7EF,1167.8874328136444,None,space,None,None,377.1629333496094,text_16,141,9,Reading_Baseline_main_click,None,lässt,31,0,31,60,60,,,,,,,,,,,20,02,yes,no,no,2025-08-18_16h47.41.980,EXNAT_4_TMS_Psychopy2024.2.5.psyexp,2024.2.5,2025-08-18 17h00.27.012906 +0200,
0,0,0,0,0,0,0,,,,,,,,,#F989A2,1168.3195126056671,None,space,None,None,393.08953285217285,text_16,142,9,Reading_Baseline_main_click,None,sich,31,0,31,60,60,,,,,,,,,,,20,02,yes,no,no,2025-08-18_16h47.41.980,EXNAT_4_TMS_Psychopy2024.2.5.psyexp,2024.2.5,2025-08-18 17h00.27.012906 +0200,
0,0,0,0,0,0,0,,,,,,,,,#F989A2,1168.768131494522,None,space,None,None,424.4732856750488,text_16,143,9,Reading_Baseline_main_click,None,das,31,0,31,60,60,,,,,,,,,,,20,02,yes,no,no,2025-08-18_16h47.41.980,EXNAT_4_TMS_Psychopy2024.2.5.psyexp,2024.2.5,2025-08-18 17h00.27.012906 +0200,
0,0,0,0,0,0,0,,,,,,,,,#88BA3F,1169.2472643852234,None,space,None,None,377.31361389160156,text_16,144,9,Reading_Baseline_main_click,None,Geschlecht,31,0,31,60,60,,,,,,,,,,,20,02,yes,no,no,2025-08-18_16h47.41.980,EXNAT_4_TMS_Psychopy2024.2.5.psyexp,2024.2.5,2025-08-18 17h00.27.012906 +0200,
0,0,0,0,0,0,0,,,,,,,,,#88BA3F,1169.6777036190033,None,space,None,None,394.8955535888672,text_16,145,9,Reading_Baseline_main_click,None,und,31,0,31,60,60,,,,,,,,,,,20,02,yes,no,no,2025-08-18_16h47.41.980,EXNAT_4_TMS_Psychopy2024.2.5.psyexp,2024.2.5,2025-08-18 17h00.27.012906 +0200,
0,0,0,0,0,0,0,,,,,,,,,#2AB7EF,1170.1274852752686,None,space,None,None,377.1188259124756,text_16,146,9,Reading_Baseline_main_click,None,die,32,0,32,60,60,1170.1797721385956,,,,,,,,,,20,02,yes,no,no,2025-08-18_16h47.41.980,EXNAT_4_TMS_Psychopy2024.2.5.psyexp,2024.2.5,2025-08-18 17h00.27.012906 +0200,
0,0,0,0,0,0,0,,,,,,,,,#88BA3F,1170.560797214508,None,space,None,None,759.7935199737549,text_16,147,9,Reading_Baseline_main_click,None,Überlebensfähigkeit,32,0,32,60,60,,,,,,,,,,,20,02,yes,no,no,2025-08-18_16h47.41.980,EXNAT_4_TMS_Psychopy2024.2.5.psyexp,2024.2.5,2025-08-18 17h00.27.012906 +0200,
0,0,0,0,0,0,0,,,,,,,,,#D292F3,1171.3764743804932,None,space,None,None,360.05139350891113,text_16,148,9,Reading_Baseline_main_click,None,der,32,0,32,60,60,,,,,,,,,,,20,02,yes,no,no,2025-08-18_16h47.41.980,EXNAT_4_TMS_Psychopy2024.2.5.psyexp,2024.2.5,2025-08-18 17h00.27.012906 +0200,
0,0,0,0,0,0,0,,,,,,,,,#F989A2,1171.7912058830261,None,space,None,None,345.2904224395752,text_16,149,9,Reading_Baseline_main_click,None,Palme,32,0,32,60,60,,,,,,,,,,,20,02,yes,no,no,2025-08-18_16h47.41.980,EXNAT_4_TMS_Psychopy2024.2.5.psyexp,2024.2.5,2025-08-18 17h00.27.012906 +0200,
0,0,0,0,0,0,0,,,,,,,,,#F989A2,1172.1921088695526,None,space,None,None,408.5221290588379,text_16,150,9,Reading_Baseline_main_click,None,erkennen.,32,0,32,60,60,,,,,,,,,,,20,02,yes,no,no,2025-08-18_16h47.41.980,EXNAT_4_TMS_Psychopy2024.2.5.psyexp,2024.2.5,2025-08-18 17h00.27.012906 +0200,
0,0,0,0,0,0,0,,,,,,,,,,1172.661678314209,,2,,,,text_16,,9,Reading_Baseline_main_click,,,,,,,,,Q1,b,True,,,,,,,20,02,yes,no,no,2025-08-18_16h47.41.980,EXNAT_4_TMS_Psychopy2024.2.5.psyexp,2024.2.5,2025-08-18 17h00.27.012906 +0200,
0,0,0,0,0,0,0,,,,,,,,,,1179.5940136909485,,2,,,,text_16,,9,Reading_Baseline_main_click,,,,,,,,,Q2,b,True,,,,,,,20,02,yes,no,no,2025-08-18_16h47.41.980,EXNAT_4_TMS_Psychopy2024.2.5.psyexp,2024.2.5,2025-08-18 17h00.27.012906 +0200,
0,0,0,0,0,0,0,,,,,,,,,,1188.2299888134003,,4,,,,text_16,,9,Reading_Baseline_main_click,,,,,,,,,Q3,d,True,,,,,,,20,02,yes,no,no,2025-08-18_16h47.41.980,EXNAT_4_TMS_Psychopy2024.2.5.psyexp,2024.2.5,2025-08-18 17h00.27.012906 +0200,
0,0,0,0,0,0,0,,,,,,,,,#2AB7EF,1195.2263267040253,None,space,None,None,558.3553314208984,text_12,1,10,Reading_Baseline_main_click,None,Unfälle,32,0,32,60,60,,,,,,,,,,,20,02,yes,no,no,2025-08-18_16h47.41.980,EXNAT_4_TMS_Psychopy2024.2.5.psyexp,2024.2.5,2025-08-18 17h00.27.012906 +0200,
0,0,0,0,0,0,0,,,,,,,,,#88BA3F,1195.8167924880981,None,space,None,None,399.8985290527344,text_12,2,10,Reading_Baseline_main_click,None,spielen,33,0,33,60,60,1195.868194103241,,,,,,,,,,20,02,yes,no,no,2025-08-18_16h47.41.980,EXNAT_4_TMS_Psychopy2024.2.5.psyexp,2024.2.5,2025-08-18 17h00.27.012906 +0200,
0,0,0,0,0,0,0,,,,,,,,,#F989A2,1196.2490799427032,None,space,None,None,463.31286430358887,text_12,3,10,Reading_Baseline_main_click,None,in,33,0,33,60,60,,,,,,,,,,,20,02,yes,no,no,2025-08-18_16h47.41.980,EXNAT_4_TMS_Psychopy2024.2.5.psyexp,2024.2.5,2025-08-18 17h00.27.012906 +0200,
0,0,0,0,0,0,0,,,,,,,,,#D292F3,1196.7438971996307,None,space,None,None,368.6788082122803,text_12,4,10,Reading_Baseline_main_click,None,den,33,0,33,60,60,,,,,,,,,,,20,02,yes,no,no,2025-08-18_16h47.41.980,EXNAT_4_TMS_Psychopy2024.2.5.psyexp,2024.2.5,2025-08-18 17h00.27.012906 +0200,
0,0,0,0,0,0,0,,,,,,,,,#F989A2,1197.1490638256073,None,space,None,None,475.53253173828125,text_12,5,10,Reading_Baseline_main_click,None,Filmen,33,0,33,60,60,,,,,,,,,,,20,02,yes,no,no,2025-08-18_16h47.41.980,EXNAT_4_TMS_Psychopy2024.2.5.psyexp,2024.2.5,2025-08-18 17h00.27.012906 +0200,
0,0,0,0,0,0,0,,,,,,,,,#D292F3,1197.661202430725,None,space,None,None,347.46360778808594,text_12,6,10,Reading_Baseline_main_click,None,von,33,0,33,60,60,,,,,,,,,,,20,02,yes,no,no,2025-08-18_16h47.41.980,EXNAT_4_TMS_Psychopy2024.2.5.psyexp,2024.2.5,2025-08-18 17h00.27.012906 +0200,
0,0,0,0,0,0,0,,,,,,,,,#2AB7EF,1198.0480782985687,None,space,None,None,456.6164016723633,text_12,7,10,Reading_Baseline_main_click,None,Alejandro,33,0,33,60,60,,,,,,,,,,,20,02,yes,no,no,2025-08-18_16h47.41.980,EXNAT_4_TMS_Psychopy2024.2.5.psyexp,2024.2.5,2025-08-18 17h00.27.012906 +0200,
0,0,0,0,0,0,0,,,,,,,,,#D292F3,1198.5442950725555,None,space,None,None,1624.464750289917,text_12,8,10,Reading_Baseline_main_click,None,Iñárritu,33,0,33,60,60,,,,,,,,,,,20,02,yes,no,no,2025-08-18_16h47.41.980,EXNAT_4_TMS_Psychopy2024.2.5.psyexp,2024.2.5,2025-08-18 17h00.27.012906 +0200,
0,0,0,0,0,0,0,,,,,,,,,#88BA3F,1200.2082550525665,None,space,None,None,376.361608505249,text_12,9,10,Reading_Baseline_main_click,None,eine,33,0,33,60,60,,,,,,,,,,,20,02,yes,no,no,2025-08-18_16h47.41.980,EXNAT_4_TMS_Psychopy2024.2.5.psyexp,2024.2.5,2025-08-18 17h00.27.012906 +0200,
0,0,0,0,0,0,0,,,,,,,,,#2AB7EF,1200.6236567497253,None,space,None,None,392.73929595947266,text_12,10,10,Reading_Baseline_main_click,None,zentrale,34,0,34,60,60,1200.8681721687317,,,,,,,,,,20,02,yes,no,no,2025-08-18_16h47.41.980,EXNAT_4_TMS_Psychopy2024.2.5.psyexp,2024.2.5,2025-08-18 17h00.27.012906 +0200,
0,0,0,0,0,0,0,,,,,,,,,#F989A2,1201.0550527572632,None,space,None,None,553.3549785614014,text_12,11,10,Reading_Baseline_main_click,None,Rolle,34,0,34,60,60,,,,,,,,,,,20,02,yes,no,no,2025-08-18_16h47.41.980,EXNAT_4_TMS_Psychopy2024.2.5.psyexp,2024.2.5,2025-08-18 17h00.27.012906 +0200,
0,0,0,0,0,0,0,,,,,,,,,#88BA3F,1201.6451978683472,None,space,None,None,411.29279136657715,text_12,12,10,Reading_Baseline_main_click,None,und,34,0,34,60,60,,,,,,,,,,,20,02,yes,no,no,2025-08-18_16h47.41.980,EXNAT_4_TMS_Psychopy2024.2.5.psyexp,2024.2.5,2025-08-18 17h00.27.012906 +0200,
0,0,0,0,0,0,0,,,,,,,,,#88BA3F,1202.095677614212,None,space,None,None,392.880916595459,text_12,13,10,Reading_Baseline_main_click,None,so,34,0,34,60,60,,,,,,,,,,,20,02,yes,no,no,2025-08-18_16h47.41.980,EXNAT_4_TMS_Psychopy2024.2.5.psyexp,2024.2.5,2025-08-18 17h00.27.012906 +0200,
0,0,0,0,0,0,0,,,,,,,,,#88BA3F,1202.5274896621704,None,space,None,None,344.9363708496094,text_12,14,10,Reading_Baseline_main_click,None,auch,34,0,34,60,60,,,,,,,,,,,20,02,yes,no,no,2025-08-18_16h47.41.980,EXNAT_4_TMS_Psychopy2024.2.5.psyexp,2024.2.5,2025-08-18 17h00.27.012906 +0200,
0,0,0,0,0,0,0,,,,,,,,,#F989A2,1202.9084916114807,None,space,None,None,348.0262756347656,text_12,15,10,Reading_Baseline_main_click,None,in,34,0,34,60,60,,,,,,,,,,,20,02,yes,no,no,2025-08-18_16h47.41.980,EXNAT_4_TMS_Psychopy2024.2.5.psyexp,2024.2.5,2025-08-18 17h00.27.012906 +0200,
0,0,0,0,0,0,0,,,,,,,,,#F989A2,1203.297388792038,None,space,None,None,727.2448539733887,text_12,16,10,Reading_Baseline_main_click,None,""Babel"".,34,0,34,60,60,,,,,,,,,,,20,02,yes,no,no,2025-08-18_16h47.41.980,EXNAT_4_TMS_Psychopy2024.2.5.psyexp,2024.2.5,2025-08-18 17h00.27.012906 +0200,
0,0,0,0,0,0,0,,,,,,,,,#2AB7EF,1204.0649616718292,None,space,None,None,391.6802406311035,text_12,17,10,Reading_Baseline_main_click,None,In,34,0,34,60,60,,,,,,,,,,,20,02,yes,no,no,2025-08-18_16h47.41.980,EXNAT_4_TMS_Psychopy2024.2.5.psyexp,2024.2.5,2025-08-18 17h00.27.012906 +0200,
0,0,0,0,0,0,0,,,,,,,,,#2AB7EF,1204.4979600906372,None,space,None,None,758.6679458618164,text_12,18,10,Reading_Baseline_main_click,None,Marokko,34,0,34,60,60,,,,,,,,,,,20,02,yes,no,no,2025-08-18_16h47.41.980,EXNAT_4_TMS_Psychopy2024.2.5.psyexp,2024.2.5,2025-08-18 17h00.27.012906 +0200,
0,0,0,0,0,0,0,,,,,,,,,#D292F3,1205.296016216278,None,space,None,None,456.6521644592285,text_12,19,10,Reading_Baseline_main_click,None,testen,34,0,34,60,60,,,,,,,,,,,20,02,yes,no,no,2025-08-18_16h47.41.980,EXNAT_4_TMS_Psychopy2024.2.5.psyexp,2024.2.5,2025-08-18 17h00.27.012906 +0200,
0,0,0,0,0,0,0,,,,,,,,,#D292F3,1205.7923293113708,None,space,None,None,392.27819442749023,text_12,20,10,Reading_Baseline_main_click,None,zwei,35,0,35,60,60,1205.8683931827545,,,,,,,,,,20,02,yes,no,no,2025-08-18_16h47.41.980,EXNAT_4_TMS_Psychopy2024.2.5.psyexp,2024.2.5,2025-08-18 17h00.27.012906 +0200,
0,0,0,0,0,0,0,,,,,,,,,#F989A2,1206.2236618995667,None,space,None,None,472.98383712768555,text_12,21,10,Reading_Baseline_main_click,None,Jungen,35,0,35,60,60,,,,,,,,,,,20,02,yes,no,no,2025-08-18_16h47.41.980,EXNAT_4_TMS_Psychopy2024.2.5.psyexp,2024.2.5,2025-08-18 17h00.27.012906 +0200,
0,0,0,0,0,0,0,,,,,,,,,#D292F3,1206.7372329235077,None,space,None,None,391.34979248046875,text_12,22,10,Reading_Baseline_main_click,None,ein,35,0,35,60,60,,,,,,,,,,,20,02,yes,no,no,2025-08-18_16h47.41.980,EXNAT_4_TMS_Psychopy2024.2.5.psyexp,2024.2.5,2025-08-18 17h00.27.012906 +0200,
0,0,0,0,0,0,0,,,,,,,,,#2AB7EF,1207.1699278354645,None,space,None,None,470.63612937927246,text_12,23,10,Reading_Baseline_main_click,None,Gewehr,35,0,35,60,60,,,,,,,,,,,20,02,yes,no,no,2025-08-18_16h47.41.980,EXNAT_4_TMS_Psychopy2024.2.5.psyexp,2024.2.5,2025-08-18 17h00.27.012906 +0200,
0,0,0,0,0,0,0,,,,,,,,,#88BA3F,1207.6780416965485,None,space,None,None,378.43942642211914,text_12,24,10,Reading_Baseline_main_click,None,und,35,0,35,60,60,,,,,,,,,,,20,02,yes,no,no,2025-08-18_16h47.41.980,EXNAT_4_TMS_Psychopy2024.2.5.psyexp,2024.2.5,2025-08-18 17h00.27.012906 +0200,
0,0,0,0,0,0,0,,,,,,,,,#88BA3F,1208.095685005188,None,space,None,None,424.99375343322754,text_12,25,10,Reading_Baseline_main_click,None,treffen,35,0,35,60,60,,,,,,,,,,,20,02,yes,no,no,2025-08-18_16h47.41.980,EXNAT_4_TMS_Psychopy2024.2.5.psyexp,2024.2.5,2025-08-18 17h00.27.012906 +0200,
0,0,0,0,0,0,0,,,,,,,,,#2AB7EF,1208.5598883628845,None,space,None,None,376.7356872558594,text_12,26,10,Reading_Baseline_main_click,None,damit,35,0,35,60,60,,,,,,,,,,,20,02,yes,no,no,2025-08-18_16h47.41.980,EXNAT_4_TMS_Psychopy2024.2.5.psyexp,2024.2.5,2025-08-18 17h00.27.012906 +0200,
0,0,0,0,0,0,0,,,,,,,,,#F989A2,1208.9757542610168,None,space,None,None,344.9056148529053,text_12,27,10,Reading_Baseline_main_click,None,eine,35,0,35,60,60,,,,,,,,,,,20,02,yes,no,no,2025-08-18_16h47.41.980,EXNAT_4_TMS_Psychopy2024.2.5.psyexp,2024.2.5,2025-08-18 17h00.27.012906 +0200,
0,0,0,0,0,0,0,,,,,,,,,#2AB7EF,1209.362625837326,None,space,None,None,422.0399856567383,text_12,28,10,Reading_Baseline_main_click,None,Touristin,35,0,35,60,60,,,,,,,,,,,20,02,yes,no,no,2025-08-18_16h47.41.980,EXNAT_4_TMS_Psychopy2024.2.5.psyexp,2024.2.5,2025-08-18 17h00.27.012906 +0200,
0,0,0,0,0,0,0,,,,,,,,,#88BA3F,1209.8230209350586,None,space,None,None,377.6583671569824,text_12,29,10,Reading_Baseline_main_click,None,im,35,0,35,60,60,,,,,,,,,,,20,02,yes,no,no,2025-08-18_16h47.41.980,EXNAT_4_TMS_Psychopy2024.2.5.psyexp,2024.2.5,2025-08-18 17h00.27.012906 +0200,
0,0,0,0,0,0,0,,,,,,,,,#F989A2,1210.2402293682098,None,space,None,None,392.4293518066406,text_12,30,10,Reading_Baseline_main_click,None,Bus.,35,0,35,60,60,,,,,,,,,,,20,02,yes,no,no,2025-08-18_16h47.41.980,EXNAT_4_TMS_Psychopy2024.2.5.psyexp,2024.2.5,2025-08-18 17h00.27.012906 +0200,
0,0,0,0,0,0,0,,,,,,,,,#88BA3F,1210.6745390892029,None,space,None,None,502.18701362609863,text_12,31,10,Reading_Baseline_main_click,None,Diese,36,0,36,60,60,1210.8682312965393,,,,,,,,,,20,02,yes,no,no,2025-08-18_16h47.41.980,EXNAT_4_TMS_Psychopy2024.2.5.psyexp,2024.2.5,2025-08-18 17h00.27.012906 +0200,
0,0,0,0,0,0,0,,,,,,,,,#D292F3,1211.217654466629,None,space,None,None,391.0098075866699,text_12,32,10,Reading_Baseline_main_click,None,heißt,36,0,36,60,60,,,,,,,,,,,20,02,yes,no,no,2025-08-18_16h47.41.980,EXNAT_4_TMS_Psychopy2024.2.5.psyexp,2024.2.5,2025-08-18 17h00.27.012906 +0200,
0,0,0,0,0,0,0,,,,,,,,,#D292F3,1211.6461794376373,None,space,None,None,458.498477935791,text_12,33,10,Reading_Baseline_main_click,None,Susan,36,0,36,60,60,,,,,,,,,,,20,02,yes,no,no,2025-08-18_16h47.41.980,EXNAT_4_TMS_Psychopy2024.2.5.psyexp,2024.2.5,2025-08-18 17h00.27.012906 +0200,
0,0,0,0,0,0,0,,,,,,,,,#2AB7EF,1212.1435041427612,None,space,None,None,425.14753341674805,text_12,34,10,Reading_Baseline_main_click,None,und,36,0,36,60,60,,,,,,,,,,,20,02,yes,no,no,2025-08-18_16h47.41.980,EXNAT_4_TMS_Psychopy2024.2.5.psyexp,2024.2.5,2025-08-18 17h00.27.012906 +0200,
0,0,0,0,0,0,0,,,,,,,,,#D292F3,1212.6087200641632,None,space,None,None,360.02635955810547,text_12,35,10,Reading_Baseline_main_click,None,wird,36,0,36,60,60,,,,,,,,,,,20,02,yes,no,no,2025-08-18_16h47.41.980,EXNAT_4_TMS_Psychopy2024.2.5.psyexp,2024.2.5,2025-08-18 17h00.27.012906 +0200,
0,0,0,0,0,0,0,,,,,,,,,#F989A2,1213.0079305171967,None,space,None,None,376.6953945159912,text_12,36,10,Reading_Baseline_main_click,None,von,36,0,36,60,60,,,,,,,,,,,20,02,yes,no,no,2025-08-18_16h47.41.980,EXNAT_4_TMS_Psychopy2024.2.5.psyexp,2024.2.5,2025-08-18 17h00.27.012906 +0200,
0,0,0,0,0,0,0,,,,,,,,,#D292F3,1213.4231898784637,None,space,None,None,329.56981658935547,text_12,37,10,Reading_Baseline_main_click,None,Cate,36,0,36,60,60,,,,,,,,,,,20,02,yes,no,no,2025-08-18_16h47.41.980,EXNAT_4_TMS_Psychopy2024.2.5.psyexp,2024.2.5,2025-08-18 17h00.27.012906 +0200,
0,0,0,0,0,0,0,,,,,,,,,#D292F3,1213.7924962043762,None,space,None,None,680.2523136138916,text_12,38,10,Reading_Baseline_main_click,None,Blanchett,36,0,36,60,60,,,,,,,,,,,20,02,yes,no,no,2025-08-18_16h47.41.980,EXNAT_4_TMS_Psychopy2024.2.5.psyexp,2024.2.5,2025-08-18 17h00.27.012906 +0200,
0,0,0,0,0,0,0,,,,,,,,,#88BA3F,1214.5124506950378,None,space,None,None,376.19924545288086,text_12,39,10,Reading_Baseline_main_click,None,gespielt.,36,0,36,60,60,,,,,,,,,,,20,02,yes,no,no,2025-08-18_16h47.41.980,EXNAT_4_TMS_Psychopy2024.2.5.psyexp,2024.2.5,2025-08-18 17h00.27.012906 +0200,
0,0,0,0,0,0,0,,,,,,,,,#2AB7EF,1214.928656578064,None,space,None,None,423.9480495452881,text_12,40,10,Reading_Baseline_main_click,None,Ihr,36,0,36,60,60,,,,,,,,,,,20,02,yes,no,no,2025-08-18_16h47.41.980,EXNAT_4_TMS_Psychopy2024.2.5.psyexp,2024.2.5,2025-08-18 17h00.27.012906 +0200,
0,0,0,0,0,0,0,,,,,,,,,#F989A2,1215.3895690441132,None,space,None,None,538.9609336853027,text_12,41,10,Reading_Baseline_main_click,None,Mann,37,0,37,60,60,1215.8683071136475,,,,,,,,,,20,02,yes,no,no,2025-08-18_16h47.41.980,EXNAT_4_TMS_Psychopy2024.2.5.psyexp,2024.2.5,2025-08-18 17h00.27.012906 +0200,
0,0,0,0,0,0,0,,,,,,,,,#88BA3F,1215.9687139987946,None,space,None,None,423.92921447753906,text_12,42,10,Reading_Baseline_main_click,None,"Richard,",37,0,37,60,60,,,,,,,,,,,20,02,yes,no,no,2025-08-18_16h47.41.980,EXNAT_4_TMS_Psychopy2024.2.5.psyexp,2024.2.5,2025-08-18 17h00.27.012906 +0200,
0,0,0,0,0,0,0,,,,,,,,,#F989A2,1216.4340631961823,None,space,None,None,422.55330085754395,text_12,43,10,Reading_Baseline_main_click,None,gespielt,37,0,37,60,60,,,,,,,,,,,20,02,yes,no,no,2025-08-18_16h47.41.980,EXNAT_4_TMS_Psychopy2024.2.5.psyexp,2024.2.5,2025-08-18 17h00.27.012906 +0200,
0,0,0,0,0,0,0,,,,,,,,,#F989A2,1216.8940691947937,None,space,None,None,442.57330894470215,text_12,44,10,Reading_Baseline_main_click,None,von,37,0,37,60,60,,,,,,,,,,,20,02,yes,no,no,2025-08-18_16h47.41.980,EXNAT_4_TMS_Psychopy2024.2.5.psyexp,2024.2.5,2025-08-18 17h00.27.012906 +0200,
0,0,0,0,0,0,0,,,,,,,,,#2AB7EF,1217.3753099441528,None,space,None,None,473.2637405395508,text_12,45,10,Reading_Baseline_main_click,None,Brad,37,0,37,60,60,,,,,,,,,,,20,02,yes,no,no,2025-08-18_16h47.41.980,EXNAT_4_TMS_Psychopy2024.2.5.psyexp,2024.2.5,2025-08-18 17h00.27.012906 +0200,
0,0,0,0,0,0,0,,,,,,,,,#88BA3F,1217.8871030807495,None,space,None,None,441.5547847747803,text_12,46,10,Reading_Baseline_main_click,None,"Pitt,",37,0,37,60,60,,,,,,,,,,,20,02,yes,no,no,2025-08-18_16h47.41.980,EXNAT_4_TMS_Psychopy2024.2.5.psyexp,2024.2.5,2025-08-18 17h00.27.012906 +0200,
0,0,0,0,0,0,0,,,,,,,,,#2AB7EF,1218.3697347640991,None,space,None,None,518.6944007873535,text_12,47,10,Reading_Baseline_main_click,None,"versucht,",37,0,37,60,60,,,,,,,,,,,20,02,yes,no,no,2025-08-18_16h47.41.980,EXNAT_4_TMS_Psychopy2024.2.5.psyexp,2024.2.5,2025-08-18 17h00.27.012906 +0200,
0,0,0,0,0,0,0,,,,,,,,,#D292F3,1218.929069519043,None,space,None,None,455.40523529052734,text_12,48,10,Reading_Baseline_main_click,None,Hilfe,37,0,37,60,60,,,,,,,,,,,20,02,yes,no,no,2025-08-18_16h47.41.980,EXNAT_4_TMS_Psychopy2024.2.5.psyexp,2024.2.5,2025-08-18 17h00.27.012906 +0200,
0,0,0,0,0,0,0,,,,,,,,,#2AB7EF,1219.4238798618317,None,space,None,None,360.70775985717773,text_12,49,10,Reading_Baseline_main_click,None,zu,37,0,37,60,60,,,,,,,,,,,20,02,yes,no,no,2025-08-18_16h47.41.980,EXNAT_4_TMS_Psychopy2024.2.5.psyexp,2024.2.5,2025-08-18 17h00.27.012906 +0200,
0,0,0,0,0,0,0,,,,,,,,,#D292F3,1219.823888540268,None,space,None,None,392.7345275878906,text_12,50,10,Reading_Baseline_main_click,None,holen.,37,0,37,60,60,,,,,,,,,,,20,02,yes,no,no,2025-08-18_16h47.41.980,EXNAT_4_TMS_Psychopy2024.2.5.psyexp,2024.2.5,2025-08-18 17h00.27.012906 +0200,
0,0,0,0,0,0,0,,,,,,,,,#88BA3F,1220.256893157959,None,space,None,None,519.7336673736572,text_12,51,10,Reading_Baseline_main_click,None,Gleichzeitig,37,0,37,60,60,,,,,,,,,,,20,02,yes,no,no,2025-08-18_16h47.41.980,EXNAT_4_TMS_Psychopy2024.2.5.psyexp,2024.2.5,2025-08-18 17h00.27.012906 +0200,
0,0,0,0,0,0,0,,,,,,,,,#F989A2,1220.816614151001,None,space,None,None,472.0141887664795,text_12,52,10,Reading_Baseline_main_click,None,verändert,38,0,38,60,60,1220.8711984157562,,,,,,,,,,20,02,yes,no,no,2025-08-18_16h47.41.980,EXNAT_4_TMS_Psychopy2024.2.5.psyexp,2024.2.5,2025-08-18 17h00.27.012906 +0200,
0,0,0,0,0,0,0,,,,,,,,,#F989A2,1221.3268806934357,None,space,None,None,409.7468852996826,text_12,53,10,Reading_Baseline_main_click,None,der,38,0,38,60,60,,,,,,,,,,,20,02,yes,no,no,2025-08-18_16h47.41.980,EXNAT_4_TMS_Psychopy2024.2.5.psyexp,2024.2.5,2025-08-18 17h00.27.012906 +0200,
0,0,0,0,0,0,0,,,,,,,,,#D292F3,1221.7755522727966,None,space,None,None,425.1518249511719,text_12,54,10,Reading_Baseline_main_click,None,Unfall,38,0,38,60,60,,,,,,,,,,,20,02,yes,no,no,2025-08-18_16h47.41.980,EXNAT_4_TMS_Psychopy2024.2.5.psyexp,2024.2.5,2025-08-18 17h00.27.012906 +0200,
0,0,0,0,0,0,0,,,,,,,,,#F989A2,1222.2408845424652,None,space,None,None,407.7329635620117,text_12,55,10,Reading_Baseline_main_click,None,auch,38,0,38,60,60,,,,,,,,,,,20,02,yes,no,no,2025-08-18_16h47.41.980,EXNAT_4_TMS_Psychopy2024.2.5.psyexp,2024.2.5,2025-08-18 17h00.27.012906 +0200,
0,0,0,0,0,0,0,,,,,,,,,#D292F3,1222.6885285377502,None,space,None,None,392.012357711792,text_12,56,10,Reading_Baseline_main_click,None,das,38,0,38,60,60,,,,,,,,,,,20,02,yes,no,no,2025-08-18_16h47.41.980,EXNAT_4_TMS_Psychopy2024.2.5.psyexp,2024.2.5,2025-08-18 17h00.27.012906 +0200,
0,0,0,0,0,0,0,,,,,,,,,#88BA3F,1223.120926618576,None,space,None,None,423.7020015716553,text_12,57,10,Reading_Baseline_main_click,None,Leben,38,0,38,60,60,,,,,,,,,,,20,02,yes,no,no,2025-08-18_16h47.41.980,EXNAT_4_TMS_Psychopy2024.2.5.psyexp,2024.2.5,2025-08-18 17h00.27.012906 +0200,
0,0,0,0,0,0,0,,,,,,,,,#2AB7EF,1223.582618713379,None,space,None,None,394.00601387023926,text_12,58,10,Reading_Baseline_main_click,None,ihrer,38,0,38,60,60,,,,,,,,,,,20,02,yes,no,no,2025-08-18_16h47.41.980,EXNAT_4_TMS_Psychopy2024.2.5.psyexp,2024.2.5,2025-08-18 17h00.27.012906 +0200,
0,0,0,0,0,0,0,,,,,,,,,#D292F3,1224.0160038471222,None,space,None,None,1096.6219902038574,text_12,59,10,Reading_Baseline_main_click,None,Kinderfrau,38,0,38,60,60,,,,,,,,,,,20,02,yes,no,no,2025-08-18_16h47.41.980,EXNAT_4_TMS_Psychopy2024.2.5.psyexp,2024.2.5,2025-08-18 17h00.27.012906 +0200,
0,0,0,0,0,0,0,,,,,,,,,#88BA3F,1225.1510424613953,None,space,None,None,441.5924549102783,text_12,60,10,Reading_Baseline_main_click,None,in,38,0,38,60,60,,,,,,,,,,,20,02,yes,no,no,2025-08-18_16h47.41.980,EXNAT_4_TMS_Psychopy2024.2.5.psyexp,2024.2.5,2025-08-18 17h00.27.012906 +0200,
0,0,0,0,0,0,0,,,,,,,,,#D292F3,1225.6333091259003,None,space,None,None,487.4694347381592,text_12,61,10,Reading_Baseline_main_click,None,"Amerika,",39,0,39,60,60,1225.8710689544678,,,,,,,,,,20,02,yes,no,no,2025-08-18_16h47.41.980,EXNAT_4_TMS_Psychopy2024.2.5.psyexp,2024.2.5,2025-08-18 17h00.27.012906 +0200,
0,0,0,0,0,0,0,,,,,,,,,#2AB7EF,1226.159277677536,None,space,None,None,425.4019260406494,text_12,62,10,Reading_Baseline_main_click,None,die,39,0,39,60,60,,,,,,,,,,,20,02,yes,no,no,2025-08-18_16h47.41.980,EXNAT_4_TMS_Psychopy2024.2.5.psyexp,2024.2.5,2025-08-18 17h00.27.012906 +0200,
0,0,0,0,0,0,0,,,,,,,,,#2AB7EF,1226.6265099048615,None,space,None,None,486.1581325531006,text_12,63,10,Reading_Baseline_main_click,None,spontan,39,0,39,60,60,,,,,,,,,,,20,02,yes,no,no,2025-08-18_16h47.41.980,EXNAT_4_TMS_Psychopy2024.2.5.psyexp,2024.2.5,2025-08-18 17h00.27.012906 +0200,
0,0,0,0,0,0,0,,,,,,,,,#2AB7EF,1227.15256690979,None,space,None,None,344.0728187561035,text_12,64,10,Reading_Baseline_main_click,None,zur,39,0,39,60,60,,,,,,,,,,,20,02,yes,no,no,2025-08-18_16h47.41.980,EXNAT_4_TMS_Psychopy2024.2.5.psyexp,2024.2.5,2025-08-18 17h00.27.012906 +0200,
0,0,0,0,0,0,0,,,,,,,,,#88BA3F,1227.5375866889954,None,space,None,None,455.0607204437256,text_12,65,10,Reading_Baseline_main_click,None,Hochzeit,39,0,39,60,60,,,,,,,,,,,20,02,yes,no,no,2025-08-18_16h47.41.980,EXNAT_4_TMS_Psychopy2024.2.5.psyexp,2024.2.5,2025-08-18 17h00.27.012906 +0200,
0,0,0,0,0,0,0,,,,,,,,,#D292F3,1228.031159877777,None,space,None,None,409.4829559326172,text_12,66,10,Reading_Baseline_main_click,None,ihres,39,0,39,60,60,,,,,,,,,,,20,02,yes,no,no,2025-08-18_16h47.41.980,EXNAT_4_TMS_Psychopy2024.2.5.psyexp,2024.2.5,2025-08-18 17h00.27.012906 +0200,
0,0,0,0,0,0,0,,,,,,,,,#F989A2,1228.4812092781067,None,space,None,None,567.4402713775635,text_12,67,10,Reading_Baseline_main_click,None,Sohnes,39,0,39,60,60,,,,,,,,,,,20,02,yes,no,no,2025-08-18_16h47.41.980,EXNAT_4_TMS_Psychopy2024.2.5.psyexp,2024.2.5,2025-08-18 17h00.27.012906 +0200,
0,0,0,0,0,0,0,,,,,,,,,#D292F3,1229.087884902954,None,space,None,None,424.48925971984863,text_12,68,10,Reading_Baseline_main_click,None,nach,39,0,39,60,60,,,,,,,,,,,20,02,yes,no,no,2025-08-18_16h47.41.980,EXNAT_4_TMS_Psychopy2024.2.5.psyexp,2024.2.5,2025-08-18 17h00.27.012906 +0200,
0,0,0,0,0,0,0,,,,,,,,,#F989A2,1229.554690361023,None,space,None,None,501.79147720336914,text_12,69,10,Reading_Baseline_main_click,None,Mexiko,39,0,39,60,60,,,,,,,,,,,20,02,yes,no,no,2025-08-18_16h47.41.980,EXNAT_4_TMS_Psychopy2024.2.5.psyexp,2024.2.5,2025-08-18 17h00.27.012906 +0200,
0,0,0,0,0,0,0,,,,,,,,,#88BA3F,1230.0946252346039,None,space,None,None,458.0416679382324,text_12,70,10,Reading_Baseline_main_click,None,"fährt,",39,0,39,60,60,,,,,,,,,,,20,02,yes,no,no,2025-08-18_16h47.41.980,EXNAT_4_TMS_Psychopy2024.2.5.psyexp,2024.2.5,2025-08-18 17h00.27.012906 +0200,
0,0,0,0,0,0,0,,,,,,,,,#F989A2,1230.5924398899078,None,space,None,None,424.1764545440674,text_12,71,10,Reading_Baseline_main_click,None,und,40,0,40,60,60,1230.8711924552917,,,,,,,,,,20,02,yes,no,no,2025-08-18_16h47.41.980,EXNAT_4_TMS_Psychopy2024.2.5.psyexp,2024.2.5,2025-08-18 17h00.27.012906 +0200,
0,0,0,0,0,0,0,,,,,,,,,#88BA3F,1231.0550422668457,None,space,None,None,441.54977798461914,text_12,72,10,Reading_Baseline_main_click,None,zwar,40,0,40,60,60,,,,,,,,,,,20,02,yes,no,no,2025-08-18_16h47.41.980,EXNAT_4_TMS_Psychopy2024.2.5.psyexp,2024.2.5,2025-08-18 17h00.27.012906 +0200,
0,0,0,0,0,0,0,,,,,,,,,#2AB7EF,1231.5365104675293,None,space,None,None,663.9304161071777,text_12,73,10,Reading_Baseline_main_click,None,mit,40,0,40,60,60,,,,,,,,,,,20,02,yes,no,no,2025-08-18_16h47.41.980,EXNAT_4_TMS_Psychopy2024.2.5.psyexp,2024.2.5,2025-08-18 17h00.27.012906 +0200,
0,0,0,0,0,0,0,,,,,,,,,#88BA3F,1232.237071275711,None,space,None,None,395.505428314209,text_12,74,10,Reading_Baseline_main_click,None,den,40,0,40,60,60,,,,,,,,,,,20,02,yes,no,no,2025-08-18_16h47.41.980,EXNAT_4_TMS_Psychopy2024.2.5.psyexp,2024.2.5,2025-08-18 17h00.27.012906 +0200,
0,0,0,0,0,0,0,,,,,,,,,#F989A2,1232.672170162201,None,space,None,None,456.21180534362793,text_12,75,10,Reading_Baseline_main_click,None,Kindern.,40,0,40,60,60,,,,,,,,,,,20,02,yes,no,no,2025-08-18_16h47.41.980,EXNAT_4_TMS_Psychopy2024.2.5.psyexp,2024.2.5,2025-08-18 17h00.27.012906 +0200,
0,0,0,0,0,0,0,,,,,,,,,#2AB7EF,1233.1696236133575,None,space,None,None,422.9726791381836,text_12,76,10,Reading_Baseline_main_click,None,Auf,40,0,40,60,60,,,,,,,,,,,20,02,yes,no,no,2025-08-18_16h47.41.980,EXNAT_4_TMS_Psychopy2024.2.5.psyexp,2024.2.5,2025-08-18 17h00.27.012906 +0200,
0,0,0,0,0,0,0,,,,,,,,,#88BA3F,1233.6320288181305,None,space,None,None,392.5020694732666,text_12,77,10,Reading_Baseline_main_click,None,der,40,0,40,60,60,,,,,,,,,,,20,02,yes,no,no,2025-08-18_16h47.41.980,EXNAT_4_TMS_Psychopy2024.2.5.psyexp,2024.2.5,2025-08-18 17h00.27.012906 +0200,
0,0,0,0,0,0,0,,,,,,,,,#F989A2,1234.0666553974152,None,space,None,None,582.0050239562988,text_12,78,10,Reading_Baseline_main_click,None,Rückreise,40,0,40,60,60,,,,,,,,,,,20,02,yes,no,no,2025-08-18_16h47.41.980,EXNAT_4_TMS_Psychopy2024.2.5.psyexp,2024.2.5,2025-08-18 17h00.27.012906 +0200,
0,0,0,0,0,0,0,,,,,,,,,#D292F3,1234.6884133815765,None,space,None,None,456.2532901763916,text_12,79,10,Reading_Baseline_main_click,None,kommt,40,0,40,60,60,,,,,,,,,,,20,02,yes,no,no,2025-08-18_16h47.41.980,EXNAT_4_TMS_Psychopy2024.2.5.psyexp,2024.2.5,2025-08-18 17h00.27.012906 +0200,
0,0,0,0,0,0,0,,,,,,,,,#F989A2,1235.1836214065552,None,space,None,None,393.04423332214355,text_12,80,10,Reading_Baseline_main_click,None,es,40,0,40,60,60,,,,,,,,,,,20,02,yes,no,no,2025-08-18_16h47.41.980,EXNAT_4_TMS_Psychopy2024.2.5.psyexp,2024.2.5,2025-08-18 17h00.27.012906 +0200,
0,0,0,0,0,0,0,,,,,,,,,#D292F3,1235.6158878803253,None,space,None,None,360.66436767578125,text_12,81,10,Reading_Baseline_main_click,None,an,41,0,41,60,60,1235.871108531952,,,,,,,,,,20,02,yes,no,no,2025-08-18_16h47.41.980,EXNAT_4_TMS_Psychopy2024.2.5.psyexp,2024.2.5,2025-08-18 17h00.27.012906 +0200,
0,0,0,0,0,0,0,,,,,,,,,#D292F3,1236.0163865089417,None,space,None,None,376.21331214904785,text_12,82,10,Reading_Baseline_main_click,None,der,41,0,41,60,60,,,,,,,,,,,20,02,yes,no,no,2025-08-18_16h47.41.980,EXNAT_4_TMS_Psychopy2024.2.5.psyexp,2024.2.5,2025-08-18 17h00.27.012906 +0200,
0,0,0,0,0,0,0,,,,,,,,,#88BA3F,1236.4331648349762,None,space,None,None,535.4573726654053,text_12,83,10,Reading_Baseline_main_click,None,Grenze,41,0,41,60,60,,,,,,,,,,,20,02,yes,no,no,2025-08-18_16h47.41.980,EXNAT_4_TMS_Psychopy2024.2.5.psyexp,2024.2.5,2025-08-18 17h00.27.012906 +0200,
0,0,0,0,0,0,0,,,,,,,,,#2AB7EF,1237.007884502411,None,space,None,None,424.70502853393555,text_12,84,10,Reading_Baseline_main_click,None,zu,41,0,41,60,60,,,,,,,,,,,20,02,yes,no,no,2025-08-18_16h47.41.980,EXNAT_4_TMS_Psychopy2024.2.5.psyexp,2024.2.5,2025-08-18 17h00.27.012906 +0200,
0,0,0,0,0,0,0,,,,,,,,,#F989A2,1237.4722559452057,None,space,None,None,712.3687267303467,text_12,85,10,Reading_Baseline_main_click,None,Problemen.,41,0,41,60,60,,,,,,,,,,,20,02,yes,no,no,2025-08-18_16h47.41.980,EXNAT_4_TMS_Psychopy2024.2.5.psyexp,2024.2.5,2025-08-18 17h00.27.012906 +0200,
0,0,0,0,0,0,0,,,,,,,,,#D292F3,1238.225591659546,None,space,None,None,503.0174255371094,text_12,86,10,Reading_Baseline_main_click,None,Währenddessen,41,0,41,60,60,,,,,,,,,,,20,02,yes,no,no,2025-08-18_16h47.41.980,EXNAT_4_TMS_Psychopy2024.2.5.psyexp,2024.2.5,2025-08-18 17h00.27.012906 +0200,
0,0,0,0,0,0,0,,,,,,,,,#88BA3F,1238.7690134048462,None,space,None,None,439.6178722381592,text_12,87,10,Reading_Baseline_main_click,None,verläuft,41,0,41,60,60,,,,,,,,,,,20,02,yes,no,no,2025-08-18_16h47.41.980,EXNAT_4_TMS_Psychopy2024.2.5.psyexp,2024.2.5,2025-08-18 17h00.27.012906 +0200,
0,0,0,0,0,0,0,,,,,,,,,#D292F3,1239.2455697059631,None,space,None,None,443.0248737335205,text_12,88,10,Reading_Baseline_main_click,None,in,41,0,41,60,60,,,,,,,,,,,20,02,yes,no,no,2025-08-18_16h47.41.980,EXNAT_4_TMS_Psychopy2024.2.5.psyexp,2024.2.5,2025-08-18 17h00.27.012906 +0200,
0,0,0,0,0,0,0,,,,,,,,,#2AB7EF,1239.7276000976562,None,space,None,None,552.868127822876,text_12,89,10,Reading_Baseline_main_click,None,Marokko,41,0,41,60,60,,,,,,,,,,,20,02,yes,no,no,2025-08-18_16h47.41.980,EXNAT_4_TMS_Psychopy2024.2.5.psyexp,2024.2.5,2025-08-18 17h00.27.012906 +0200,
0,0,0,0,0,0,0,,,,,,,,,#F989A2,1240.3211448192596,None,space,None,None,343.38998794555664,text_12,90,10,Reading_Baseline_main_click,None,die,41,0,41,60,60,,,,,,,,,,,20,02,yes,no,no,2025-08-18_16h47.41.980,EXNAT_4_TMS_Psychopy2024.2.5.psyexp,2024.2.5,2025-08-18 17h00.27.012906 +0200,
0,0,0,0,0,0,0,,,,,,,,,#D292F3,1240.7036051750183,None,space,None,None,393.0482864379883,text_12,91,10,Reading_Baseline_main_click,None,Rettung,42,0,42,60,60,1240.8711030483246,,,,,,,,,,20,02,yes,no,no,2025-08-18_16h47.41.980,EXNAT_4_TMS_Psychopy2024.2.5.psyexp,2024.2.5,2025-08-18 17h00.27.012906 +0200,
0,0,0,0,0,0,0,,,,,,,,,#88BA3F,1241.1358637809753,None,space,None,None,360.5661392211914,text_12,92,10,Reading_Baseline_main_click,None,der,42,0,42,60,60,,,,,,,,,,,20,02,yes,no,no,2025-08-18_16h47.41.980,EXNAT_4_TMS_Psychopy2024.2.5.psyexp,2024.2.5,2025-08-18 17h00.27.012906 +0200,
0,0,0,0,0,0,0,,,,,,,,,#F989A2,1241.5351512432098,None,space,None,None,473.4306335449219,text_12,93,10,Reading_Baseline_main_click,None,verletzten,42,0,42,60,60,,,,,,,,,,,20,02,yes,no,no,2025-08-18_16h47.41.980,EXNAT_4_TMS_Psychopy2024.2.5.psyexp,2024.2.5,2025-08-18 17h00.27.012906 +0200,
0,0,0,0,0,0,0,,,,,,,,,#2AB7EF,1242.0481543540955,None,space,None,None,344.44141387939453,text_12,94,10,Reading_Baseline_main_click,None,Susan,42,0,42,60,60,,,,,,,,,,,20,02,yes,no,no,2025-08-18_16h47.41.980,EXNAT_4_TMS_Psychopy2024.2.5.psyexp,2024.2.5,2025-08-18 17h00.27.012906 +0200,
0,0,0,0,0,0,0,,,,,,,,,#2AB7EF,1242.4345061779022,None,space,None,None,486.09280586242676,text_12,95,10,Reading_Baseline_main_click,None,schleppend.,42,0,42,60,60,,,,,,,,,,,20,02,yes,no,no,2025-08-18_16h47.41.980,EXNAT_4_TMS_Psychopy2024.2.5.psyexp,2024.2.5,2025-08-18 17h00.27.012906 +0200,
0,0,0,0,0,0,0,,,,,,,,,#88BA3F,1242.9613468647003,None,space,None,None,391.26086235046387,text_12,96,10,Reading_Baseline_main_click,None,Kritiker,42,0,42,60,60,,,,,,,,,,,20,02,yes,no,no,2025-08-18_16h47.41.980,EXNAT_4_TMS_Psychopy2024.2.5.psyexp,2024.2.5,2025-08-18 17h00.27.012906 +0200,
0,0,0,0,0,0,0,,,,,,,,,#88BA3F,1243.3937230110168,None,space,None,None,422.9421615600586,text_12,97,10,Reading_Baseline_main_click,None,werfen,42,0,42,60,60,,,,,,,,,,,20,02,yes,no,no,2025-08-18_16h47.41.980,EXNAT_4_TMS_Psychopy2024.2.5.psyexp,2024.2.5,2025-08-18 17h00.27.012906 +0200,
0,0,0,0,0,0,0,,,,,,,,,#D292F3,1243.8549222946167,None,space,None,None,377.6261806488037,text_12,98,10,Reading_Baseline_main_click,None,dem,42,0,42,60,60,,,,,,,,,,,20,02,yes,no,no,2025-08-18_16h47.41.980,EXNAT_4_TMS_Psychopy2024.2.5.psyexp,2024.2.5,2025-08-18 17h00.27.012906 +0200,
0,0,0,0,0,0,0,,,,,,,,,#2AB7EF,1244.271334886551,None,space,None,None,377.3195743560791,text_12,99,10,Reading_Baseline_main_click,None,Regisseur,42,0,42,60,60,,,,,,,,,,,20,02,yes,no,no,2025-08-18_16h47.41.980,EXNAT_4_TMS_Psychopy2024.2.5.psyexp,2024.2.5,2025-08-18 17h00.27.012906 +0200,
0,0,0,0,0,0,0,,,,,,,,,#D292F3,1244.6877617835999,None,space,None,None,392.84443855285645,text_12,100,10,Reading_Baseline_main_click,None,"vor,",42,0,42,60,60,,,,,,,,,,,20,02,yes,no,no,2025-08-18_16h47.41.980,EXNAT_4_TMS_Psychopy2024.2.5.psyexp,2024.2.5,2025-08-18 17h00.27.012906 +0200,
0,0,0,0,0,0,0,,,,,,,,,#F989A2,1245.120263338089,None,space,None,None,552.3350238800049,text_12,101,10,Reading_Baseline_main_click,None,das,42,0,42,60,60,,,,,,,,,,,20,02,yes,no,no,2025-08-18_16h47.41.980,EXNAT_4_TMS_Psychopy2024.2.5.psyexp,2024.2.5,2025-08-18 17h00.27.012906 +0200,
0,0,0,0,0,0,0,,,,,,,,,#F989A2,1245.7130467891693,None,space,None,None,503.56030464172363,text_12,102,10,Reading_Baseline_main_click,None,Publikum,43,0,43,60,60,1245.8710527420044,,,,,,,,,,20,02,yes,no,no,2025-08-18_16h47.41.980,EXNAT_4_TMS_Psychopy2024.2.5.psyexp,2024.2.5,2025-08-18 17h00.27.012906 +0200,
0,0,0,0,0,0,0,,,,,,,,,#88BA3F,1246.2551836967468,None,space,None,None,441.50543212890625,text_12,103,10,Reading_Baseline_main_click,None,mit,43,0,43,60,60,,,,,,,,,,,20,02,yes,no,no,2025-08-18_16h47.41.980,EXNAT_4_TMS_Psychopy2024.2.5.psyexp,2024.2.5,2025-08-18 17h00.27.012906 +0200,
0,0,0,0,0,0,0,,,,,,,,,#2AB7EF,1246.738331079483,None,space,None,None,502.3214817047119,text_12,104,10,Reading_Baseline_main_click,None,starken,43,0,43,60,60,,,,,,,,,,,20,02,yes,no,no,2025-08-18_16h47.41.980,EXNAT_4_TMS_Psychopy2024.2.5.psyexp,2024.2.5,2025-08-18 17h00.27.012906 +0200,
0,0,0,0,0,0,0,,,,,,,,,#2AB7EF,1247.2814269065857,None,space,None,None,439.166784286499,text_12,105,10,Reading_Baseline_main_click,None,Bildern,43,0,43,60,60,,,,,,,,,,,20,02,yes,no,no,2025-08-18_16h47.41.980,EXNAT_4_TMS_Psychopy2024.2.5.psyexp,2024.2.5,2025-08-18 17h00.27.012906 +0200,
0,0,0,0,0,0,0,,,,,,,,,#88BA3F,1247.7590215206146,None,space,None,None,425.6863594055176,text_12,106,10,Reading_Baseline_main_click,None,zu,43,0,43,60,60,,,,,,,,,,,20,02,yes,no,no,2025-08-18_16h47.41.980,EXNAT_4_TMS_Psychopy2024.2.5.psyexp,2024.2.5,2025-08-18 17h00.27.012906 +0200,
0,0,0,0,0,0,0,,,,,,,,,#F989A2,1248.2243781089783,None,space,None,None,472.26667404174805,text_12,107,10,Reading_Baseline_main_click,None,"blenden,",43,0,43,60,60,,,,,,,,,,,20,02,yes,no,no,2025-08-18_16h47.41.980,EXNAT_4_TMS_Psychopy2024.2.5.psyexp,2024.2.5,2025-08-18 17h00.27.012906 +0200,
0,0,0,0,0,0,0,,,,,,,,,#D292F3,1248.7378060817719,None,space,None,None,438.89689445495605,text_12,108,10,Reading_Baseline_main_click,None,obwohl,43,0,43,60,60,,,,,,,,,,,20,02,yes,no,no,2025-08-18_16h47.41.980,EXNAT_4_TMS_Psychopy2024.2.5.psyexp,2024.2.5,2025-08-18 17h00.27.012906 +0200,
0,0,0,0,0,0,0,,,,,,,,,#2AB7EF,1249.2159130573273,None,space,None,None,392.73953437805176,text_12,109,10,Reading_Baseline_main_click,None,es,43,0,43,60,60,,,,,,,,,,,20,02,yes,no,no,2025-08-18_16h47.41.980,EXNAT_4_TMS_Psychopy2024.2.5.psyexp,2024.2.5,2025-08-18 17h00.27.012906 +0200,
0,0,0,0,0,0,0,,,,,,,,,#D292F3,1249.6471774578094,None,space,None,None,393.5379981994629,text_12,110,10,Reading_Baseline_main_click,None,um,43,0,43,60,60,,,,,,,,,,,20,02,yes,no,no,2025-08-18_16h47.41.980,EXNAT_4_TMS_Psychopy2024.2.5.psyexp,2024.2.5,2025-08-18 17h00.27.012906 +0200,
0,0,0,0,0,0,0,,,,,,,,,#88BA3F,1250.0793595314026,None,space,None,None,601.2976169586182,text_12,111,10,Reading_Baseline_main_click,None,Missverständnisse,43,0,43,60,60,,,,,,,,,,,20,02,yes,no,no,2025-08-18_16h47.41.980,EXNAT_4_TMS_Psychopy2024.2.5.psyexp,2024.2.5,2025-08-18 17h00.27.012906 +0200,
0,0,0,0,0,0,0,,,,,,,,,#88BA3F,1250.7202734947205,None,space,None,None,440.40369987487793,text_12,112,10,Reading_Baseline_main_click,None,gehe.,44,0,44,60,60,1250.871118068695,,,,,,,,,,20,02,yes,no,no,2025-08-18_16h47.41.980,EXNAT_4_TMS_Psychopy2024.2.5.psyexp,2024.2.5,2025-08-18 17h00.27.012906 +0200,
0,0,0,0,0,0,0,,,,,,,,,#D292F3,1251.1998767852783,None,space,None,None,488.7559413909912,text_12,113,10,Reading_Baseline_main_click,None,Doch,44,0,44,60,60,,,,,,,,,,,20,02,yes,no,no,2025-08-18_16h47.41.980,EXNAT_4_TMS_Psychopy2024.2.5.psyexp,2024.2.5,2025-08-18 17h00.27.012906 +0200,
0,0,0,0,0,0,0,,,,,,,,,#F989A2,1251.7291114330292,None,space,None,None,567.5053596496582,text_12,114,10,Reading_Baseline_main_click,None,genau,44,0,44,60,60,,,,,,,,,,,20,02,yes,no,no,2025-08-18_16h47.41.980,EXNAT_4_TMS_Psychopy2024.2.5.psyexp,2024.2.5,2025-08-18 17h00.27.012906 +0200,
0,0,0,0,0,0,0,,,,,,,,,#2AB7EF,1252.3360323905945,None,space,None,None,648.6008167266846,text_12,115,10,Reading_Baseline_main_click,None,das,44,0,44,60,60,,,,,,,,,,,20,02,yes,no,no,2025-08-18_16h47.41.980,EXNAT_4_TMS_Psychopy2024.2.5.psyexp,2024.2.5,2025-08-18 17h00.27.012906 +0200,
0,0,0,0,0,0,0,,,,,,,,,#F989A2,1253.0247082710266,None,space,None,None,359.95936393737793,text_12,116,10,Reading_Baseline_main_click,None,ist,44,0,44,60,60,,,,,,,,,,,20,02,yes,no,no,2025-08-18_16h47.41.980,EXNAT_4_TMS_Psychopy2024.2.5.psyexp,2024.2.5,2025-08-18 17h00.27.012906 +0200,
0,0,0,0,0,0,0,,,,,,,,,#2AB7EF,1253.422635793686,None,space,None,None,458.0402374267578,text_12,117,10,Reading_Baseline_main_click,None,die,44,0,44,60,60,,,,,,,,,,,20,02,yes,no,no,2025-08-18_16h47.41.980,EXNAT_4_TMS_Psychopy2024.2.5.psyexp,2024.2.5,2025-08-18 17h00.27.012906 +0200,
0,0,0,0,0,0,0,,,,,,,,,#D292F3,1253.9195182323456,None,space,None,None,409.0893268585205,text_12,118,10,Reading_Baseline_main_click,None,zentrale,44,0,44,60,60,,,,,,,,,,,20,02,yes,no,no,2025-08-18_16h47.41.980,EXNAT_4_TMS_Psychopy2024.2.5.psyexp,2024.2.5,2025-08-18 17h00.27.012906 +0200,
0,0,0,0,0,0,0,,,,,,,,,#88BA3F,1254.3693675994873,None,space,None,None,423.0914115905762,text_12,119,10,Reading_Baseline_main_click,None,Aussage:,44,0,44,60,60,,,,,,,,,,,20,02,yes,no,no,2025-08-18_16h47.41.980,EXNAT_4_TMS_Psychopy2024.2.5.psyexp,2024.2.5,2025-08-18 17h00.27.012906 +0200,
0,0,0,0,0,0,0,,,,,,,,,#F989A2,1254.832676410675,None,space,None,None,519.9792385101318,text_12,120,10,Reading_Baseline_main_click,None,Menschen,44,0,44,60,60,,,,,,,,,,,20,02,yes,no,no,2025-08-18_16h47.41.980,EXNAT_4_TMS_Psychopy2024.2.5.psyexp,2024.2.5,2025-08-18 17h00.27.012906 +0200,
0,0,0,0,0,0,0,,,,,,,,,#F989A2,1255.3921563625336,None,space,None,None,424.5331287384033,text_12,121,10,Reading_Baseline_main_click,None,verstehen,44,0,44,60,60,,,,,,,,,,,20,02,yes,no,no,2025-08-18_16h47.41.980,EXNAT_4_TMS_Psychopy2024.2.5.psyexp,2024.2.5,2025-08-18 17h00.27.012906 +0200,
0,0,0,0,0,0,0,,,,,,,,,#D292F3,1255.8564434051514,None,space,None,None,488.25764656066895,text_12,122,10,Reading_Baseline_main_click,None,einander,45,0,45,60,60,1255.9133794307709,,,,,,,,,,20,02,yes,no,no,2025-08-18_16h47.41.980,EXNAT_4_TMS_Psychopy2024.2.5.psyexp,2024.2.5,2025-08-18 17h00.27.012906 +0200,
0,0,0,0,0,0,0,,,,,,,,,#F989A2,1256.3843131065369,None,space,None,None,424.2861270904541,text_12,123,10,Reading_Baseline_main_click,None,nicht.,45,0,45,60,60,,,,,,,,,,,20,02,yes,no,no,2025-08-18_16h47.41.980,EXNAT_4_TMS_Psychopy2024.2.5.psyexp,2024.2.5,2025-08-18 17h00.27.012906 +0200,
0,0,0,0,0,0,0,,,,,,,,,#2AB7EF,1256.847369670868,None,space,None,None,633.2526206970215,text_12,124,10,Reading_Baseline_main_click,None,Der,45,0,45,60,60,,,,,,,,,,,20,02,yes,no,no,2025-08-18_16h47.41.980,EXNAT_4_TMS_Psychopy2024.2.5.psyexp,2024.2.5,2025-08-18 17h00.27.012906 +0200,
0,0,0,0,0,0,0,,,,,,,,,#D292F3,1257.5207903385162,None,space,None,None,455.87730407714844,text_12,125,10,Reading_Baseline_main_click,None,Titel,45,0,45,60,60,,,,,,,,,,,20,02,yes,no,no,2025-08-18_16h47.41.980,EXNAT_4_TMS_Psychopy2024.2.5.psyexp,2024.2.5,2025-08-18 17h00.27.012906 +0200,
0,0,0,0,0,0,0,,,,,,,,,#88BA3F,1258.0178411006927,None,space,None,None,438.748836517334,text_12,126,10,Reading_Baseline_main_click,None,Babel,45,0,45,60,60,,,,,,,,,,,20,02,yes,no,no,2025-08-18_16h47.41.980,EXNAT_4_TMS_Psychopy2024.2.5.psyexp,2024.2.5,2025-08-18 17h00.27.012906 +0200,
0,0,0,0,0,0,0,,,,,,,,,#88BA3F,1258.4969148635864,None,space,None,None,471.7671871185303,text_12,127,10,Reading_Baseline_main_click,None,verweist,45,0,45,60,60,,,,,,,,,,,20,02,yes,no,no,2025-08-18_16h47.41.980,EXNAT_4_TMS_Psychopy2024.2.5.psyexp,2024.2.5,2025-08-18 17h00.27.012906 +0200,
0,0,0,0,0,0,0,,,,,,,,,#88BA3F,1259.007625579834,None,space,None,None,409.03282165527344,text_12,128,10,Reading_Baseline_main_click,None,auf,45,0,45,60,60,,,,,,,,,,,20,02,yes,no,no,2025-08-18_16h47.41.980,EXNAT_4_TMS_Psychopy2024.2.5.psyexp,2024.2.5,2025-08-18 17h00.27.012906 +0200,
0,0,0,0,0,0,0,,,,,,,,,#2AB7EF,1259.454231262207,None,space,None,None,394.4110870361328,text_12,129,10,Reading_Baseline_main_click,None,die,45,0,45,60,60,,,,,,,,,,,20,02,yes,no,no,2025-08-18_16h47.41.980,EXNAT_4_TMS_Psychopy2024.2.5.psyexp,2024.2.5,2025-08-18 17h00.27.012906 +0200,
0,0,0,0,0,0,0,,,,,,,,,#F989A2,1259.8874592781067,None,space,None,None,489.21799659729004,text_12,130,10,Reading_Baseline_main_click,None,biblische,45,0,45,60,60,,,,,,,,,,,20,02,yes,no,no,2025-08-18_16h47.41.980,EXNAT_4_TMS_Psychopy2024.2.5.psyexp,2024.2.5,2025-08-18 17h00.27.012906 +0200,
0,0,0,0,0,0,0,,,,,,,,,#2AB7EF,1260.4155051708221,None,space,None,None,569.1676139831543,text_12,131,10,Reading_Baseline_main_click,None,Geschichte,46,0,46,60,60,1260.9134826660156,,,,,,,,,,20,02,yes,no,no,2025-08-18_16h47.41.980,EXNAT_4_TMS_Psychopy2024.2.5.psyexp,2024.2.5,2025-08-18 17h00.27.012906 +0200,
0,0,0,0,0,0,0,,,,,,,,,#D292F3,1261.0224976539612,None,space,None,None,538.1104946136475,text_12,132,10,Reading_Baseline_main_click,None,vom,46,0,46,60,60,,,,,,,,,,,20,02,yes,no,no,2025-08-18_16h47.41.980,EXNAT_4_TMS_Psychopy2024.2.5.psyexp,2024.2.5,2025-08-18 17h00.27.012906 +0200,
0,0,0,0,0,0,0,,,,,,,,,#88BA3F,1261.602229833603,None,space,None,None,822.4661350250244,text_12,133,10,Reading_Baseline_main_click,None,"Turmbau,",46,0,46,60,60,,,,,,,,,,,20,02,yes,no,no,2025-08-18_16h47.41.980,EXNAT_4_TMS_Psychopy2024.2.5.psyexp,2024.2.5,2025-08-18 17h00.27.012906 +0200,
0,0,0,0,0,0,0,,,,,,,,,#D292F3,1262.4772086143494,None,space,None,None,411.21602058410645,text_12,134,10,Reading_Baseline_main_click,None,bei,46,0,46,60,60,,,,,,,,,,,20,02,yes,no,no,2025-08-18_16h47.41.980,EXNAT_4_TMS_Psychopy2024.2.5.psyexp,2024.2.5,2025-08-18 17h00.27.012906 +0200,
0,0,0,0,0,0,0,,,,,,,,,#2AB7EF,1262.9446976184845,None,space,None,None,391.92819595336914,text_12,135,10,Reading_Baseline_main_click,None,dem,46,0,46,60,60,,,,,,,,,,,20,02,yes,no,no,2025-08-18_16h47.41.980,EXNAT_4_TMS_Psychopy2024.2.5.psyexp,2024.2.5,2025-08-18 17h00.27.012906 +0200,
0,0,0,0,0,0,0,,,,,,,,,#F989A2,1263.392706155777,None,space,None,None,311.9087219238281,text_12,136,10,Reading_Baseline_main_click,None,Gott,46,0,46,60,60,,,,,,,,,,,20,02,yes,no,no,2025-08-18_16h47.41.980,EXNAT_4_TMS_Psychopy2024.2.5.psyexp,2024.2.5,2025-08-18 17h00.27.012906 +0200,
0,0,0,0,0,0,0,,,,,,,,,#F989A2,1263.7606391906738,None,space,None,None,407.991886138916,text_12,137,10,Reading_Baseline_main_click,None,die,46,0,46,60,60,,,,,,,,,,,20,02,yes,no,no,2025-08-18_16h47.41.980,EXNAT_4_TMS_Psychopy2024.2.5.psyexp,2024.2.5,2025-08-18 17h00.27.012906 +0200,
0,0,0,0,0,0,0,,,,,,,,,#F989A2,1264.2239062786102,None,space,None,None,360.7797622680664,text_12,138,10,Reading_Baseline_main_click,None,Sprache,46,0,46,60,60,,,,,,,,,,,20,02,yes,no,no,2025-08-18_16h47.41.980,EXNAT_4_TMS_Psychopy2024.2.5.psyexp,2024.2.5,2025-08-18 17h00.27.012906 +0200,
0,0,0,0,0,0,0,,,,,,,,,#88BA3F,1264.639209985733,None,space,None,None,345.37315368652344,text_12,139,10,Reading_Baseline_main_click,None,der,46,0,46,60,60,,,,,,,,,,,20,02,yes,no,no,2025-08-18_16h47.41.980,EXNAT_4_TMS_Psychopy2024.2.5.psyexp,2024.2.5,2025-08-18 17h00.27.012906 +0200,
0,0,0,0,0,0,0,,,,,,,,,#D292F3,1265.040598154068,None,space,None,None,360.0137233734131,text_12,140,10,Reading_Baseline_main_click,None,Menschen,46,0,46,60,60,,,,,,,,,,,20,02,yes,no,no,2025-08-18_16h47.41.980,EXNAT_4_TMS_Psychopy2024.2.5.psyexp,2024.2.5,2025-08-18 17h00.27.012906 +0200,
0,0,0,0,0,0,0,,,,,,,,,#D292F3,1265.456419467926,None,space,None,None,376.15203857421875,text_12,141,10,Reading_Baseline_main_click,None,verwirrte.,46,0,46,60,60,,,,,,,,,,,20,02,yes,no,no,2025-08-18_16h47.41.980,EXNAT_4_TMS_Psychopy2024.2.5.psyexp,2024.2.5,2025-08-18 17h00.27.012906 +0200,
0,0,0,0,0,0,0,,,,,,,,,#2AB7EF,1265.887041568756,None,space,None,None,921.6134548187256,text_12,142,10,Reading_Baseline_main_click,None,Der,47,0,47,60,60,1265.939952135086,,,,,,,,,,20,02,yes,no,no,2025-08-18_16h47.41.980,EXNAT_4_TMS_Psychopy2024.2.5.psyexp,2024.2.5,2025-08-18 17h00.27.012906 +0200,
0,0,0,0,0,0,0,,,,,,,,,#88BA3F,1266.864593744278,None,space,None,None,376.0955333709717,text_12,143,10,Reading_Baseline_main_click,None,Film,47,0,47,60,60,,,,,,,,,,,20,02,yes,no,no,2025-08-18_16h47.41.980,EXNAT_4_TMS_Psychopy2024.2.5.psyexp,2024.2.5,2025-08-18 17h00.27.012906 +0200,
0,0,0,0,0,0,0,,,,,,,,,#2AB7EF,1267.2957198619843,None,space,None,None,360.8434200286865,text_12,144,10,Reading_Baseline_main_click,None,verdeutlicht,47,0,47,60,60,,,,,,,,,,,20,02,yes,no,no,2025-08-18_16h47.41.980,EXNAT_4_TMS_Psychopy2024.2.5.psyexp,2024.2.5,2025-08-18 17h00.27.012906 +0200,
0,0,0,0,0,0,0,,,,,,,,,#88BA3F,1267.710191488266,None,space,None,None,394.5164680480957,text_12,145,10,Reading_Baseline_main_click,None,die,47,0,47,60,60,,,,,,,,,,,20,02,yes,no,no,2025-08-18_16h47.41.980,EXNAT_4_TMS_Psychopy2024.2.5.psyexp,2024.2.5,2025-08-18 17h00.27.012906 +0200,
0,0,0,0,0,0,0,,,,,,,,,#F989A2,1268.1574470996857,None,space,None,None,363.18397521972656,text_12,146,10,Reading_Baseline_main_click,None,Folgen,47,0,47,60,60,,,,,,,,,,,20,02,yes,no,no,2025-08-18_16h47.41.980,EXNAT_4_TMS_Psychopy2024.2.5.psyexp,2024.2.5,2025-08-18 17h00.27.012906 +0200,
0,0,0,0,0,0,0,,,,,,,,,#2AB7EF,1268.5763745307922,None,space,None,None,360.1076602935791,text_12,147,10,Reading_Baseline_main_click,None,von,47,0,47,60,60,,,,,,,,,,,20,02,yes,no,no,2025-08-18_16h47.41.980,EXNAT_4_TMS_Psychopy2024.2.5.psyexp,2024.2.5,2025-08-18 17h00.27.012906 +0200,
0,0,0,0,0,0,0,,,,,,,,,#D292F3,1268.9924092292786,None,space,None,None,616.2307262420654,text_12,148,10,Reading_Baseline_main_click,None,Sprachlosigkeit,47,0,47,60,60,,,,,,,,,,,20,02,yes,no,no,2025-08-18_16h47.41.980,EXNAT_4_TMS_Psychopy2024.2.5.psyexp,2024.2.5,2025-08-18 17h00.27.012906 +0200,
0,0,0,0,0,0,0,,,,,,,,,#D292F3,1269.6622741222382,None,space,None,None,410.2287292480469,text_12,149,10,Reading_Baseline_main_click,None,und,47,0,47,60,60,,,,,,,,,,,20,02,yes,no,no,2025-08-18_16h47.41.980,EXNAT_4_TMS_Psychopy2024.2.5.psyexp,2024.2.5,2025-08-18 17h00.27.012906 +0200,
0,0,0,0,0,0,0,,,,,,,,,#2AB7EF,1270.1277887821198,None,space,None,None,632.8630447387695,text_12,150,10,Reading_Baseline_main_click,None,Missverständnissen.,47,0,47,60,60,,,,,,,,,,,20,02,yes,no,no,2025-08-18_16h47.41.980,EXNAT_4_TMS_Psychopy2024.2.5.psyexp,2024.2.5,2025-08-18 17h00.27.012906 +0200,
0,0,0,0,0,0,0,,,,,,,,,,1270.8175168037415,,1,,,,text_12,,10,Reading_Baseline_main_click,,,,,,,,,Q1,a,True,,,,,,,20,02,yes,no,no,2025-08-18_16h47.41.980,EXNAT_4_TMS_Psychopy2024.2.5.psyexp,2024.2.5,2025-08-18 17h00.27.012906 +0200,
0,0,0,0,0,0,0,,,,,,,,,,1276.5948626995087,,3,,,,text_12,,10,Reading_Baseline_main_click,,,,,,,,,Q2,c,True,,,,,,,20,02,yes,no,no,2025-08-18_16h47.41.980,EXNAT_4_TMS_Psychopy2024.2.5.psyexp,2024.2.5,2025-08-18 17h00.27.012906 +0200,
0,0,0,0,0,0,0,,,,,,,,,,1279.6589570045471,,4,,,,text_12,,10,Reading_Baseline_main_click,,,,,,,,,Q3,d,True,,,,,,,20,02,yes,no,no,2025-08-18_16h47.41.980,EXNAT_4_TMS_Psychopy2024.2.5.psyexp,2024.2.5,2025-08-18 17h00.27.012906 +0200,
0,0,0,0,0,0,0,,,,,,,,,#D292F3,1291.8046159744263,None,space,None,None,652.0657539367676,text_02,1,11,Reading_Baseline_main_click,None,Ernest,48,0,48,60,60,1291.8593981266022,,,,,,,,,,20,02,yes,no,no,2025-08-18_16h47.41.980,EXNAT_4_TMS_Psychopy2024.2.5.psyexp,2024.2.5,2025-08-18 17h00.27.012906 +0200,
0,0,0,0,0,0,0,,,,,,,,,#F989A2,1292.4917254447937,None,space,None,None,717.0016765594482,text_02,2,11,Reading_Baseline_main_click,None,Hemingway,48,0,48,60,60,,,,,,,,,,,20,02,yes,no,no,2025-08-18_16h47.41.980,EXNAT_4_TMS_Psychopy2024.2.5.psyexp,2024.2.5,2025-08-18 17h00.27.012906 +0200,
0,0,0,0,0,0,0,,,,,,,,,#2AB7EF,1293.2454948425293,None,space,None,None,475.3384590148926,text_02,3,11,Reading_Baseline_main_click,None,lebte,48,0,48,60,60,,,,,,,,,,,20,02,yes,no,no,2025-08-18_16h47.41.980,EXNAT_4_TMS_Psychopy2024.2.5.psyexp,2024.2.5,2025-08-18 17h00.27.012906 +0200,
0,0,0,0,0,0,0,,,,,,,,,#88BA3F,1293.758543729782,None,space,None,None,458.00113677978516,text_02,4,11,Reading_Baseline_main_click,None,rund,48,0,48,60,60,,,,,,,,,,,20,02,yes,no,no,2025-08-18_16h47.41.980,EXNAT_4_TMS_Psychopy2024.2.5.psyexp,2024.2.5,2025-08-18 17h00.27.012906 +0200,
0,0,0,0,0,0,0,,,,,,,,,#88BA3F,1294.2550752162933,None,space,None,None,425.6577491760254,text_02,5,11,Reading_Baseline_main_click,None,zwanzig,48,0,48,60,60,,,,,,,,,,,20,02,yes,no,no,2025-08-18_16h47.41.980,EXNAT_4_TMS_Psychopy2024.2.5.psyexp,2024.2.5,2025-08-18 17h00.27.012906 +0200,
0,0,0,0,0,0,0,,,,,,,,,#F989A2,1294.7212460041046,None,space,None,None,375.46849250793457,text_02,6,11,Reading_Baseline_main_click,None,Jahre,48,0,48,60,60,,,,,,,,,,,20,02,yes,no,no,2025-08-18_16h47.41.980,EXNAT_4_TMS_Psychopy2024.2.5.psyexp,2024.2.5,2025-08-18 17h00.27.012906 +0200,
0,0,0,0,0,0,0,,,,,,,,,#D292F3,1295.1366293430328,None,space,None,None,408.0080986022949,text_02,7,11,Reading_Baseline_main_click,None,in,48,0,48,60,60,,,,,,,,,,,20,02,yes,no,no,2025-08-18_16h47.41.980,EXNAT_4_TMS_Psychopy2024.2.5.psyexp,2024.2.5,2025-08-18 17h00.27.012906 +0200,
0,0,0,0,0,0,0,,,,,,,,,#2AB7EF,1295.585956811905,None,space,None,None,406.73327445983887,text_02,8,11,Reading_Baseline_main_click,None,"Kuba,",48,0,48,60,60,,,,,,,,,,,20,02,yes,no,no,2025-08-18_16h47.41.980,EXNAT_4_TMS_Psychopy2024.2.5.psyexp,2024.2.5,2025-08-18 17h00.27.012906 +0200,
0,0,0,0,0,0,0,,,,,,,,,#88BA3F,1296.034422636032,None,space,None,None,486.28687858581543,text_02,9,11,Reading_Baseline_main_click,None,hauptsächlich,48,0,48,60,60,,,,,,,,,,,20,02,yes,no,no,2025-08-18_16h47.41.980,EXNAT_4_TMS_Psychopy2024.2.5.psyexp,2024.2.5,2025-08-18 17h00.27.012906 +0200,
0,0,0,0,0,0,0,,,,,,,,,#D292F3,1296.5597777366638,None,space,None,None,424.98040199279785,text_02,10,11,Reading_Baseline_main_click,None,in,49,0,49,60,60,1296.8595941066742,,,,,,,,,,20,02,yes,no,no,2025-08-18_16h47.41.980,EXNAT_4_TMS_Psychopy2024.2.5.psyexp,2024.2.5,2025-08-18 17h00.27.012906 +0200,
0,0,0,0,0,0,0,,,,,,,,,#F989A2,1297.0246608257294,None,space,None,None,456.08019828796387,text_02,11,11,Reading_Baseline_main_click,None,seinem,49,0,49,60,60,,,,,,,,,,,20,02,yes,no,no,2025-08-18_16h47.41.980,EXNAT_4_TMS_Psychopy2024.2.5.psyexp,2024.2.5,2025-08-18 17h00.27.012906 +0200,
0,0,0,0,0,0,0,,,,,,,,,#2AB7EF,1297.5191912651062,None,space,None,None,425.6103038787842,text_02,12,11,Reading_Baseline_main_click,None,Haus,49,0,49,60,60,,,,,,,,,,,20,02,yes,no,no,2025-08-18_16h47.41.980,EXNAT_4_TMS_Psychopy2024.2.5.psyexp,2024.2.5,2025-08-18 17h00.27.012906 +0200,
0,0,0,0,0,0,0,,,,,,,,,#2AB7EF,1297.9844954013824,None,space,None,None,456.27689361572266,text_02,13,11,Reading_Baseline_main_click,None,Finca,49,0,49,60,60,,,,,,,,,,,20,02,yes,no,no,2025-08-18_16h47.41.980,EXNAT_4_TMS_Psychopy2024.2.5.psyexp,2024.2.5,2025-08-18 17h00.27.012906 +0200,
0,0,0,0,0,0,0,,,,,,,,,#88BA3F,1298.481303691864,None,space,None,None,807.4204921722412,text_02,14,11,Reading_Baseline_main_click,None,Vigía,49,0,49,60,60,,,,,,,,,,,20,02,yes,no,no,2025-08-18_16h47.41.980,EXNAT_4_TMS_Psychopy2024.2.5.psyexp,2024.2.5,2025-08-18 17h00.27.012906 +0200,
0,0,0,0,0,0,0,,,,,,,,,#2AB7EF,1299.3267805576324,None,space,None,None,538.078784942627,text_02,15,11,Reading_Baseline_main_click,None,bei,49,0,49,60,60,,,,,,,,,,,20,02,yes,no,no,2025-08-18_16h47.41.980,EXNAT_4_TMS_Psychopy2024.2.5.psyexp,2024.2.5,2025-08-18 17h00.27.012906 +0200,
0,0,0,0,0,0,0,,,,,,,,,#2AB7EF,1299.9029870033264,None,space,None,None,585.669755935669,text_02,16,11,Reading_Baseline_main_click,None,Havanna.,49,0,49,60,60,,,,,,,,,,,20,02,yes,no,no,2025-08-18_16h47.41.980,EXNAT_4_TMS_Psychopy2024.2.5.psyexp,2024.2.5,2025-08-18 17h00.27.012906 +0200,
0,0,0,0,0,0,0,,,,,,,,,#F989A2,1300.52890086174,None,space,None,None,583.8754177093506,text_02,17,11,Reading_Baseline_main_click,None,Dort,49,0,49,60,60,,,,,,,,,,,20,02,yes,no,no,2025-08-18_16h47.41.980,EXNAT_4_TMS_Psychopy2024.2.5.psyexp,2024.2.5,2025-08-18 17h00.27.012906 +0200,
0,0,0,0,0,0,0,,,,,,,,,#D292F3,1301.151471376419,None,space,None,None,633.1827640533447,text_02,18,11,Reading_Baseline_main_click,None,lagern,49,0,49,60,60,,,,,,,,,,,20,02,yes,no,no,2025-08-18_16h47.41.980,EXNAT_4_TMS_Psychopy2024.2.5.psyexp,2024.2.5,2025-08-18 17h00.27.012906 +0200,
0,0,0,0,0,0,0,,,,,,,,,#D292F3,1301.823625087738,None,space,None,None,553.0316829681396,text_02,19,11,Reading_Baseline_main_click,None,etwa,50,0,50,60,60,1301.879916191101,,,,,,,,,,20,02,yes,no,no,2025-08-18_16h47.41.980,EXNAT_4_TMS_Psychopy2024.2.5.psyexp,2024.2.5,2025-08-18 17h00.27.012906 +0200,
0,0,0,0,0,0,0,,,,,,,,,#88BA3F,1302.4176864624023,None,space,None,None,551.0485172271729,text_02,20,11,Reading_Baseline_main_click,None,3000,50,0,50,60,60,,,,,,,,,,,20,02,yes,no,no,2025-08-18_16h47.41.980,EXNAT_4_TMS_Psychopy2024.2.5.psyexp,2024.2.5,2025-08-18 17h00.27.012906 +0200,
0,0,0,0,0,0,0,,,,,,,,,#2AB7EF,1303.008136510849,None,space,None,None,616.6074275970459,text_02,21,11,Reading_Baseline_main_click,None,Manuskripte,50,0,50,60,60,,,,,,,,,,,20,02,yes,no,no,2025-08-18_16h47.41.980,EXNAT_4_TMS_Psychopy2024.2.5.psyexp,2024.2.5,2025-08-18 17h00.27.012906 +0200,
0,0,0,0,0,0,0,,,,,,,,,#88BA3F,1303.6644473075867,None,space,None,None,408.1687927246094,text_02,22,11,Reading_Baseline_main_click,None,des,50,0,50,60,60,,,,,,,,,,,20,02,yes,no,no,2025-08-18_16h47.41.980,EXNAT_4_TMS_Psychopy2024.2.5.psyexp,2024.2.5,2025-08-18 17h00.27.012906 +0200,
0,0,0,0,0,0,0,,,,,,,,,#F989A2,1304.112653017044,None,space,None,None,408.0238342285156,text_02,23,11,Reading_Baseline_main_click,None,"Autors,",50,0,50,60,60,,,,,,,,,,,20,02,yes,no,no,2025-08-18_16h47.41.980,EXNAT_4_TMS_Psychopy2024.2.5.psyexp,2024.2.5,2025-08-18 17h00.27.012906 +0200,
0,0,0,0,0,0,0,,,,,,,,,#D292F3,1304.5602061748505,None,space,None,None,392.3966884613037,text_02,24,11,Reading_Baseline_main_click,None,die,50,0,50,60,60,,,,,,,,,,,20,02,yes,no,no,2025-08-18_16h47.41.980,EXNAT_4_TMS_Psychopy2024.2.5.psyexp,2024.2.5,2025-08-18 17h00.27.012906 +0200,
0,0,0,0,0,0,0,,,,,,,,,#88BA3F,1304.9900887012482,None,space,None,None,378.5707950592041,text_02,25,11,Reading_Baseline_main_click,None,nach,50,0,50,60,60,,,,,,,,,,,20,02,yes,no,no,2025-08-18_16h47.41.980,EXNAT_4_TMS_Psychopy2024.2.5.psyexp,2024.2.5,2025-08-18 17h00.27.012906 +0200,
0,0,0,0,0,0,0,,,,,,,,,#2AB7EF,1305.4067566394806,None,space,None,None,362.00547218322754,text_02,26,11,Reading_Baseline_main_click,None,und,50,0,50,60,60,,,,,,,,,,,20,02,yes,no,no,2025-08-18_16h47.41.980,EXNAT_4_TMS_Psychopy2024.2.5.psyexp,2024.2.5,2025-08-18 17h00.27.012906 +0200,
0,0,0,0,0,0,0,,,,,,,,,#D292F3,1305.8082528114319,None,space,None,None,424.4868755340576,text_02,27,11,Reading_Baseline_main_click,None,nach,50,0,50,60,60,,,,,,,,,,,20,02,yes,no,no,2025-08-18_16h47.41.980,EXNAT_4_TMS_Psychopy2024.2.5.psyexp,2024.2.5,2025-08-18 17h00.27.012906 +0200,
0,0,0,0,0,0,0,,,,,,,,,#F989A2,1306.2730734348297,None,space,None,None,551.6602993011475,text_02,28,11,Reading_Baseline_main_click,None,digitalisiert,50,0,50,60,60,,,,,,,,,,,20,02,yes,no,no,2025-08-18_16h47.41.980,EXNAT_4_TMS_Psychopy2024.2.5.psyexp,2024.2.5,2025-08-18 17h00.27.012906 +0200,
0,0,0,0,0,0,0,,,,,,,,,#D292F3,1306.8631024360657,None,space,None,None,377.5961399078369,text_02,29,11,Reading_Baseline_main_click,None,wurden.,51,0,51,60,60,1306.9185121059418,,,,,,,,,,20,02,yes,no,no,2025-08-18_16h47.41.980,EXNAT_4_TMS_Psychopy2024.2.5.psyexp,2024.2.5,2025-08-18 17h00.27.012906 +0200,
0,0,0,0,0,0,0,,,,,,,,,#2AB7EF,1307.2804555892944,None,space,None,None,440.2623176574707,text_02,30,11,Reading_Baseline_main_click,None,Viele,51,0,51,60,60,,,,,,,,,,,20,02,yes,no,no,2025-08-18_16h47.41.980,EXNAT_4_TMS_Psychopy2024.2.5.psyexp,2024.2.5,2025-08-18 17h00.27.012906 +0200,
0,0,0,0,0,0,0,,,,,,,,,#F989A2,1307.7574830055237,None,space,None,None,411.30757331848145,text_02,31,11,Reading_Baseline_main_click,None,davon,51,0,51,60,60,,,,,,,,,,,20,02,yes,no,no,2025-08-18_16h47.41.980,EXNAT_4_TMS_Psychopy2024.2.5.psyexp,2024.2.5,2025-08-18 17h00.27.012906 +0200,
0,0,0,0,0,0,0,,,,,,,,,#F989A2,1308.2071464061737,None,space,None,None,361.6013526916504,text_02,32,11,Reading_Baseline_main_click,None,sind,51,0,51,60,60,,,,,,,,,,,20,02,yes,no,no,2025-08-18_16h47.41.980,EXNAT_4_TMS_Psychopy2024.2.5.psyexp,2024.2.5,2025-08-18 17h00.27.012906 +0200,
0,0,0,0,0,0,0,,,,,,,,,#2AB7EF,1308.6080613136292,None,space,None,None,408.7255001068115,text_02,33,11,Reading_Baseline_main_click,None,bislang,51,0,51,60,60,,,,,,,,,,,20,02,yes,no,no,2025-08-18_16h47.41.980,EXNAT_4_TMS_Psychopy2024.2.5.psyexp,2024.2.5,2025-08-18 17h00.27.012906 +0200,
0,0,0,0,0,0,0,,,,,,,,,#88BA3F,1309.0566589832306,None,space,None,None,536.0345840454102,text_02,34,11,Reading_Baseline_main_click,None,unveröffentlicht.,51,0,51,60,60,,,,,,,,,,,20,02,yes,no,no,2025-08-18_16h47.41.980,EXNAT_4_TMS_Psychopy2024.2.5.psyexp,2024.2.5,2025-08-18 17h00.27.012906 +0200,
0,0,0,0,0,0,0,,,,,,,,,#88BA3F,1309.6335999965668,None,space,None,None,422.94836044311523,text_02,35,11,Reading_Baseline_main_click,None,Nun,51,0,51,60,60,,,,,,,,,,,20,02,yes,no,no,2025-08-18_16h47.41.980,EXNAT_4_TMS_Psychopy2024.2.5.psyexp,2024.2.5,2025-08-18 17h00.27.012906 +0200,
0,0,0,0,0,0,0,,,,,,,,,#D292F3,1310.0983572006226,None,space,None,None,406.27050399780273,text_02,36,11,Reading_Baseline_main_click,None,sollen,51,0,51,60,60,,,,,,,,,,,20,02,yes,no,no,2025-08-18_16h47.41.980,EXNAT_4_TMS_Psychopy2024.2.5.psyexp,2024.2.5,2025-08-18 17h00.27.012906 +0200,
0,0,0,0,0,0,0,,,,,,,,,#D292F3,1310.5432376861572,None,space,None,None,361.4835739135742,text_02,37,11,Reading_Baseline_main_click,None,sie,51,0,51,60,60,,,,,,,,,,,20,02,yes,no,no,2025-08-18_16h47.41.980,EXNAT_4_TMS_Psychopy2024.2.5.psyexp,2024.2.5,2025-08-18 17h00.27.012906 +0200,
0,0,0,0,0,0,0,,,,,,,,,#D292F3,1310.9427998065948,None,space,None,None,377.9032230377197,text_02,38,11,Reading_Baseline_main_click,None,zunächst,51,0,51,60,60,,,,,,,,,,,20,02,yes,no,no,2025-08-18_16h47.41.980,EXNAT_4_TMS_Psychopy2024.2.5.psyexp,2024.2.5,2025-08-18 17h00.27.012906 +0200,
0,0,0,0,0,0,0,,,,,,,,,#88BA3F,1311.3585872650146,None,space,None,None,378.2200813293457,text_02,39,11,Reading_Baseline_main_click,None,in,51,0,51,60,60,,,,,,,,,,,20,02,yes,no,no,2025-08-18_16h47.41.980,EXNAT_4_TMS_Psychopy2024.2.5.psyexp,2024.2.5,2025-08-18 17h00.27.012906 +0200,
0,0,0,0,0,0,0,,,,,,,,,#2AB7EF,1311.7759630680084,None,space,None,None,360.8551025390625,text_02,40,11,Reading_Baseline_main_click,None,Kuba,52,0,52,60,60,1311.9184575080872,,,,,,,,,,20,02,yes,no,no,2025-08-18_16h47.41.980,EXNAT_4_TMS_Psychopy2024.2.5.psyexp,2024.2.5,2025-08-18 17h00.27.012906 +0200,
0,0,0,0,0,0,0,,,,,,,,,#F989A2,1312.1769440174103,None,space,None,None,423.86364936828613,text_02,41,11,Reading_Baseline_main_click,None,ausgestellt,52,0,52,60,60,,,,,,,,,,,20,02,yes,no,no,2025-08-18_16h47.41.980,EXNAT_4_TMS_Psychopy2024.2.5.psyexp,2024.2.5,2025-08-18 17h00.27.012906 +0200,
0,0,0,0,0,0,0,,,,,,,,,#D292F3,1312.638468503952,None,space,None,None,442.2447681427002,text_02,42,11,Reading_Baseline_main_click,None,und,52,0,52,60,60,,,,,,,,,,,20,02,yes,no,no,2025-08-18_16h47.41.980,EXNAT_4_TMS_Psychopy2024.2.5.psyexp,2024.2.5,2025-08-18 17h00.27.012906 +0200,
0,0,0,0,0,0,0,,,,,,,,,#88BA3F,1313.1209471225739,None,space,None,None,327.58021354675293,text_02,43,11,Reading_Baseline_main_click,None,später,52,0,52,60,60,,,,,,,,,,,20,02,yes,no,no,2025-08-18_16h47.41.980,EXNAT_4_TMS_Psychopy2024.2.5.psyexp,2024.2.5,2025-08-18 17h00.27.012906 +0200,
0,0,0,0,0,0,0,,,,,,,,,#2AB7EF,1313.4869203567505,None,space,None,None,361.7374897003174,text_02,44,11,Reading_Baseline_main_click,None,der,52,0,52,60,60,,,,,,,,,,,20,02,yes,no,no,2025-08-18_16h47.41.980,EXNAT_4_TMS_Psychopy2024.2.5.psyexp,2024.2.5,2025-08-18 17h00.27.012906 +0200,
0,0,0,0,0,0,0,,,,,,,,,#88BA3F,1313.8888132572174,None,space,None,None,375.9918212890625,text_02,45,11,Reading_Baseline_main_click,None,Bibliothek,52,0,52,60,60,,,,,,,,,,,20,02,yes,no,no,2025-08-18_16h47.41.980,EXNAT_4_TMS_Psychopy2024.2.5.psyexp,2024.2.5,2025-08-18 17h00.27.012906 +0200,
0,0,0,0,0,0,0,,,,,,,,,#F989A2,1314.3034484386444,None,space,None,None,377.27832794189453,text_02,46,11,Reading_Baseline_main_click,None,in,52,0,52,60,60,,,,,,,,,,,20,02,yes,no,no,2025-08-18_16h47.41.980,EXNAT_4_TMS_Psychopy2024.2.5.psyexp,2024.2.5,2025-08-18 17h00.27.012906 +0200,
0,0,0,0,0,0,0,,,,,,,,,#D292F3,1314.720695257187,None,space,None,None,536.046028137207,text_02,47,11,Reading_Baseline_main_click,None,Boston,52,0,52,60,60,,,,,,,,,,,20,02,yes,no,no,2025-08-18_16h47.41.980,EXNAT_4_TMS_Psychopy2024.2.5.psyexp,2024.2.5,2025-08-18 17h00.27.012906 +0200,
0,0,0,0,0,0,0,,,,,,,,,#F989A2,1315.298036813736,None,space,None,None,582.6809406280518,text_02,48,11,Reading_Baseline_main_click,None,übergeben,52,0,52,60,60,,,,,,,,,,,20,02,yes,no,no,2025-08-18_16h47.41.980,EXNAT_4_TMS_Psychopy2024.2.5.psyexp,2024.2.5,2025-08-18 17h00.27.012906 +0200,
0,0,0,0,0,0,0,,,,,,,,,#88BA3F,1315.9201121330261,None,space,None,None,328.6302089691162,text_02,49,11,Reading_Baseline_main_click,None,werden.,52,0,52,60,60,,,,,,,,,,,20,02,yes,no,no,2025-08-18_16h47.41.980,EXNAT_4_TMS_Psychopy2024.2.5.psyexp,2024.2.5,2025-08-18 17h00.27.012906 +0200,
0,0,0,0,0,0,0,,,,,,,,,#F989A2,1316.2867221832275,None,space,None,None,361.95945739746094,text_02,50,11,Reading_Baseline_main_click,None,Bereits,52,0,52,60,60,,,,,,,,,,,20,02,yes,no,no,2025-08-18_16h47.41.980,EXNAT_4_TMS_Psychopy2024.2.5.psyexp,2024.2.5,2025-08-18 17h00.27.012906 +0200,
0,0,0,0,0,0,0,,,,,,,,,#D292F3,1316.6886451244354,None,space,None,None,488.1017208099365,text_02,51,11,Reading_Baseline_main_click,None,2002,53,0,53,60,60,1316.9184820652008,,,,,,,,,,20,02,yes,no,no,2025-08-18_16h47.41.980,EXNAT_4_TMS_Psychopy2024.2.5.psyexp,2024.2.5,2025-08-18 17h00.27.012906 +0200,
0,0,0,0,0,0,0,,,,,,,,,#2AB7EF,1317.217218875885,None,space,None,None,375.4277229309082,text_02,52,11,Reading_Baseline_main_click,None,wurde,53,0,53,60,60,,,,,,,,,,,20,02,yes,no,no,2025-08-18_16h47.41.980,EXNAT_4_TMS_Psychopy2024.2.5.psyexp,2024.2.5,2025-08-18 17h00.27.012906 +0200,
0,0,0,0,0,0,0,,,,,,,,,#F989A2,1317.6335146427155,None,space,None,None,327.1520137786865,text_02,53,11,Reading_Baseline_main_click,None,die,53,0,53,60,60,,,,,,,,,,,20,02,yes,no,no,2025-08-18_16h47.41.980,EXNAT_4_TMS_Psychopy2024.2.5.psyexp,2024.2.5,2025-08-18 17h00.27.012906 +0200,
0,0,0,0,0,0,0,,,,,,,,,#F989A2,1318.0014231204987,None,space,None,None,343.25337409973145,text_02,54,11,Reading_Baseline_main_click,None,Digitalisierung,53,0,53,60,60,,,,,,,,,,,20,02,yes,no,no,2025-08-18_16h47.41.980,EXNAT_4_TMS_Psychopy2024.2.5.psyexp,2024.2.5,2025-08-18 17h00.27.012906 +0200,
0,0,0,0,0,0,0,,,,,,,,,#2AB7EF,1318.3855473995209,None,space,None,None,407.1807861328125,text_02,55,11,Reading_Baseline_main_click,None,zwischen,53,0,53,60,60,,,,,,,,,,,20,02,yes,no,no,2025-08-18_16h47.41.980,EXNAT_4_TMS_Psychopy2024.2.5.psyexp,2024.2.5,2025-08-18 17h00.27.012906 +0200,
0,0,0,0,0,0,0,,,,,,,,,#88BA3F,1318.8332653045654,None,space,None,None,359.3897819519043,text_02,56,11,Reading_Baseline_main_click,None,Kuba,53,0,53,60,60,,,,,,,,,,,20,02,yes,no,no,2025-08-18_16h47.41.980,EXNAT_4_TMS_Psychopy2024.2.5.psyexp,2024.2.5,2025-08-18 17h00.27.012906 +0200,
0,0,0,0,0,0,0,,,,,,,,,#D292F3,1319.2315294742584,None,space,None,None,393.2070732116699,text_02,57,11,Reading_Baseline_main_click,None,und,53,0,53,60,60,,,,,,,,,,,20,02,yes,no,no,2025-08-18_16h47.41.980,EXNAT_4_TMS_Psychopy2024.2.5.psyexp,2024.2.5,2025-08-18 17h00.27.012906 +0200,
0,0,0,0,0,0,0,,,,,,,,,#D292F3,1319.6626782417297,None,space,None,None,346.0574150085449,text_02,58,11,Reading_Baseline_main_click,None,den,53,0,53,60,60,,,,,,,,,,,20,02,yes,no,no,2025-08-18_16h47.41.980,EXNAT_4_TMS_Psychopy2024.2.5.psyexp,2024.2.5,2025-08-18 17h00.27.012906 +0200,
0,0,0,0,0,0,0,,,,,,,,,#2AB7EF,1320.0463724136353,None,space,None,None,362.3669147491455,text_02,59,11,Reading_Baseline_main_click,None,USA,53,0,53,60,60,,,,,,,,,,,20,02,yes,no,no,2025-08-18_16h47.41.980,EXNAT_4_TMS_Psychopy2024.2.5.psyexp,2024.2.5,2025-08-18 17h00.27.012906 +0200,
0,0,0,0,0,0,0,,,,,,,,,#88BA3F,1320.4499897956848,None,space,None,None,454.74791526794434,text_02,60,11,Reading_Baseline_main_click,None,vereinbart.,53,0,53,60,60,,,,,,,,,,,20,02,yes,no,no,2025-08-18_16h47.41.980,EXNAT_4_TMS_Psychopy2024.2.5.psyexp,2024.2.5,2025-08-18 17h00.27.012906 +0200,
0,0,0,0,0,0,0,,,,,,,,,#F989A2,1320.943205356598,None,space,None,None,361.4623546600342,text_02,61,11,Reading_Baseline_main_click,None,Laut,53,0,53,60,60,,,,,,,,,,,20,02,yes,no,no,2025-08-18_16h47.41.980,EXNAT_4_TMS_Psychopy2024.2.5.psyexp,2024.2.5,2025-08-18 17h00.27.012906 +0200,
0,0,0,0,0,0,0,,,,,,,,,#D292F3,1321.3428285121918,None,space,None,None,361.6924285888672,text_02,62,11,Reading_Baseline_main_click,None,der,53,0,53,60,60,,,,,,,,,,,20,02,yes,no,no,2025-08-18_16h47.41.980,EXNAT_4_TMS_Psychopy2024.2.5.psyexp,2024.2.5,2025-08-18 17h00.27.012906 +0200,
0,0,0,0,0,0,0,,,,,,,,,#D292F3,1321.7431404590607,None,space,None,None,345.5531597137451,text_02,63,11,Reading_Baseline_main_click,None,""New,54,0,54,60,60,1321.918450832367,,,,,,,,,,20,02,yes,no,no,2025-08-18_16h47.41.980,EXNAT_4_TMS_Psychopy2024.2.5.psyexp,2024.2.5,2025-08-18 17h00.27.012906 +0200,
0,0,0,0,0,0,0,,,,,,,,,#F989A2,1322.1283190250397,None,space,None,None,376.450777053833,text_02,64,11,Reading_Baseline_main_click,None,York,54,0,54,60,60,,,,,,,,,,,20,02,yes,no,no,2025-08-18_16h47.41.980,EXNAT_4_TMS_Psychopy2024.2.5.psyexp,2024.2.5,2025-08-18 17h00.27.012906 +0200,
0,0,0,0,0,0,0,,,,,,,,,#2AB7EF,1322.542615890503,None,space,None,None,442.11483001708984,text_02,65,11,Reading_Baseline_main_click,None,Times"",54,0,54,60,60,,,,,,,,,,,20,02,yes,no,no,2025-08-18_16h47.41.980,EXNAT_4_TMS_Psychopy2024.2.5.psyexp,2024.2.5,2025-08-18 17h00.27.012906 +0200,
0,0,0,0,0,0,0,,,,,,,,,#D292F3,1323.0232825279236,None,space,None,None,393.3706283569336,text_02,66,11,Reading_Baseline_main_click,None,befinden,54,0,54,60,60,,,,,,,,,,,20,02,yes,no,no,2025-08-18_16h47.41.980,EXNAT_4_TMS_Psychopy2024.2.5.psyexp,2024.2.5,2025-08-18 17h00.27.012906 +0200,
0,0,0,0,0,0,0,,,,,,,,,#F989A2,1323.456931591034,None,space,None,None,343.8270092010498,text_02,67,11,Reading_Baseline_main_click,None,sich,54,0,54,60,60,,,,,,,,,,,20,02,yes,no,no,2025-08-18_16h47.41.980,EXNAT_4_TMS_Psychopy2024.2.5.psyexp,2024.2.5,2025-08-18 17h00.27.012906 +0200,
0,0,0,0,0,0,0,,,,,,,,,#88BA3F,1323.8413035869598,None,space,None,None,375.4544258117676,text_02,68,11,Reading_Baseline_main_click,None,unter,54,0,54,60,60,,,,,,,,,,,20,02,yes,no,no,2025-08-18_16h47.41.980,EXNAT_4_TMS_Psychopy2024.2.5.psyexp,2024.2.5,2025-08-18 17h00.27.012906 +0200,
0,0,0,0,0,0,0,,,,,,,,,#2AB7EF,1324.2576832771301,None,space,None,None,327.0220756530762,text_02,69,11,Reading_Baseline_main_click,None,den,54,0,54,60,60,,,,,,,,,,,20,02,yes,no,no,2025-08-18_16h47.41.980,EXNAT_4_TMS_Psychopy2024.2.5.psyexp,2024.2.5,2025-08-18 17h00.27.012906 +0200,
0,0,0,0,0,0,0,,,,,,,,,#88BA3F,1324.6248862743378,None,space,None,None,327.6214599609375,text_02,70,11,Reading_Baseline_main_click,None,Dokumenten,54,0,54,60,60,,,,,,,,,,,20,02,yes,no,no,2025-08-18_16h47.41.980,EXNAT_4_TMS_Psychopy2024.2.5.psyexp,2024.2.5,2025-08-18 17h00.27.012906 +0200,
0,0,0,0,0,0,0,,,,,,,,,#88BA3F,1324.991990327835,None,space,None,None,392.74072647094727,text_02,71,11,Reading_Baseline_main_click,None,"Notizen,",54,0,54,60,60,,,,,,,,,,,20,02,yes,no,no,2025-08-18_16h47.41.980,EXNAT_4_TMS_Psychopy2024.2.5.psyexp,2024.2.5,2025-08-18 17h00.27.012906 +0200,
0,0,0,0,0,0,0,,,,,,,,,#2AB7EF,1325.4250676631927,None,space,None,None,391.66998863220215,text_02,72,11,Reading_Baseline_main_click,None,Briefe,54,0,54,60,60,,,,,,,,,,,20,02,yes,no,no,2025-08-18_16h47.41.980,EXNAT_4_TMS_Psychopy2024.2.5.psyexp,2024.2.5,2025-08-18 17h00.27.012906 +0200,
0,0,0,0,0,0,0,,,,,,,,,#F989A2,1325.8551325798035,None,space,None,None,489.61663246154785,text_02,73,11,Reading_Baseline_main_click,None,und,54,0,54,60,60,,,,,,,,,,,20,02,yes,no,no,2025-08-18_16h47.41.980,EXNAT_4_TMS_Psychopy2024.2.5.psyexp,2024.2.5,2025-08-18 17h00.27.012906 +0200,
0,0,0,0,0,0,0,,,,,,,,,#2AB7EF,1326.3839597702026,None,space,None,None,392.72212982177734,text_02,74,11,Reading_Baseline_main_click,None,"Entwürfe,",54,0,54,60,60,,,,,,,,,,,20,02,yes,no,no,2025-08-18_16h47.41.980,EXNAT_4_TMS_Psychopy2024.2.5.psyexp,2024.2.5,2025-08-18 17h00.27.012906 +0200,
0,0,0,0,0,0,0,,,,,,,,,#D292F3,1326.8165004253387,None,space,None,None,376.1789798736572,text_02,75,11,Reading_Baseline_main_click,None,die,55,0,55,60,60,1326.9185819625854,,,,,,,,,,20,02,yes,no,no,2025-08-18_16h47.41.980,EXNAT_4_TMS_Psychopy2024.2.5.psyexp,2024.2.5,2025-08-18 17h00.27.012906 +0200,
0,0,0,0,0,0,0,,,,,,,,,#D292F3,1327.232786655426,None,space,None,None,343.8866138458252,text_02,76,11,Reading_Baseline_main_click,None,teilweise,55,0,55,60,60,,,,,,,,,,,20,02,yes,no,no,2025-08-18_16h47.41.980,EXNAT_4_TMS_Psychopy2024.2.5.psyexp,2024.2.5,2025-08-18 17h00.27.012906 +0200,
0,0,0,0,0,0,0,,,,,,,,,#2AB7EF,1327.6169335842133,None,space,None,None,423.7494468688965,text_02,77,11,Reading_Baseline_main_click,None,auf,55,0,55,60,60,,,,,,,,,,,20,02,yes,no,no,2025-08-18_16h47.41.980,EXNAT_4_TMS_Psychopy2024.2.5.psyexp,2024.2.5,2025-08-18 17h00.27.012906 +0200,
0,0,0,0,0,0,0,,,,,,,,,#F989A2,1328.0785264968872,None,space,None,None,362.1673583984375,text_02,78,11,Reading_Baseline_main_click,None,lose,55,0,55,60,60,,,,,,,,,,,20,02,yes,no,no,2025-08-18_16h47.41.980,EXNAT_4_TMS_Psychopy2024.2.5.psyexp,2024.2.5,2025-08-18 17h00.27.012906 +0200,
0,0,0,0,0,0,0,,,,,,,,,#88BA3F,1328.481139421463,None,space,None,None,359.40003395080566,text_02,79,11,Reading_Baseline_main_click,None,Blätter,55,0,55,60,60,,,,,,,,,,,20,02,yes,no,no,2025-08-18_16h47.41.980,EXNAT_4_TMS_Psychopy2024.2.5.psyexp,2024.2.5,2025-08-18 17h00.27.012906 +0200,
0,0,0,0,0,0,0,,,,,,,,,#F989A2,1328.8819427490234,None,space,None,None,582.7975273132324,text_02,80,11,Reading_Baseline_main_click,None,geschrieben,55,0,55,60,60,,,,,,,,,,,20,02,yes,no,no,2025-08-18_16h47.41.980,EXNAT_4_TMS_Psychopy2024.2.5.psyexp,2024.2.5,2025-08-18 17h00.27.012906 +0200,
0,0,0,0,0,0,0,,,,,,,,,#2AB7EF,1329.5040814876556,None,space,None,None,504.5812129974365,text_02,81,11,Reading_Baseline_main_click,None,wurden.,55,0,55,60,60,,,,,,,,,,,20,02,yes,no,no,2025-08-18_16h47.41.980,EXNAT_4_TMS_Psychopy2024.2.5.psyexp,2024.2.5,2025-08-18 17h00.27.012906 +0200,
0,0,0,0,0,0,0,,,,,,,,,#88BA3F,1330.047617673874,None,space,None,None,473.0679988861084,text_02,82,11,Reading_Baseline_main_click,None,Hemingway,55,0,55,60,60,,,,,,,,,,,20,02,yes,no,no,2025-08-18_16h47.41.980,EXNAT_4_TMS_Psychopy2024.2.5.psyexp,2024.2.5,2025-08-18 17h00.27.012906 +0200,
0,0,0,0,0,0,0,,,,,,,,,#D292F3,1330.560302734375,None,space,None,None,488.3897304534912,text_02,83,11,Reading_Baseline_main_click,None,schrieb,55,0,55,60,60,,,,,,,,,,,20,02,yes,no,no,2025-08-18_16h47.41.980,EXNAT_4_TMS_Psychopy2024.2.5.psyexp,2024.2.5,2025-08-18 17h00.27.012906 +0200,
0,0,0,0,0,0,0,,,,,,,,,#88BA3F,1331.0857193470001,None,space,None,None,378.9677619934082,text_02,84,11,Reading_Baseline_main_click,None,auf,55,0,55,60,60,,,,,,,,,,,20,02,yes,no,no,2025-08-18_16h47.41.980,EXNAT_4_TMS_Psychopy2024.2.5.psyexp,2024.2.5,2025-08-18 17h00.27.012906 +0200,
0,0,0,0,0,0,0,,,,,,,,,#D292F3,1331.5047914981842,None,space,None,None,343.86467933654785,text_02,85,11,Reading_Baseline_main_click,None,Kuba,55,0,55,60,60,,,,,,,,,,,20,02,yes,no,no,2025-08-18_16h47.41.980,EXNAT_4_TMS_Psychopy2024.2.5.psyexp,2024.2.5,2025-08-18 17h00.27.012906 +0200,
0,0,0,0,0,0,0,,,,,,,,,#2AB7EF,1331.888590335846,None,space,None,None,376.08885765075684,text_02,86,11,Reading_Baseline_main_click,None,seine,56,0,56,60,60,1331.9406366348267,,,,,,,,,,20,02,yes,no,no,2025-08-18_16h47.41.980,EXNAT_4_TMS_Psychopy2024.2.5.psyexp,2024.2.5,2025-08-18 17h00.27.012906 +0200,
0,0,0,0,0,0,0,,,,,,,,,#F989A2,1332.3047721385956,None,space,None,None,407.75609016418457,text_02,87,11,Reading_Baseline_main_click,None,berühmte,56,0,56,60,60,,,,,,,,,,,20,02,yes,no,no,2025-08-18_16h47.41.980,EXNAT_4_TMS_Psychopy2024.2.5.psyexp,2024.2.5,2025-08-18 17h00.27.012906 +0200,
0,0,0,0,0,0,0,,,,,,,,,#F989A2,1332.7528746128082,None,space,None,None,375.7822513580322,text_02,88,11,Reading_Baseline_main_click,None,Novelle,56,0,56,60,60,,,,,,,,,,,20,02,yes,no,no,2025-08-18_16h47.41.980,EXNAT_4_TMS_Psychopy2024.2.5.psyexp,2024.2.5,2025-08-18 17h00.27.012906 +0200,
0,0,0,0,0,0,0,,,,,,,,,#D292F3,1333.169383764267,None,space,None,None,359.3120574951172,text_02,89,11,Reading_Baseline_main_click,None,""Der,56,0,56,60,60,,,,,,,,,,,20,02,yes,no,no,2025-08-18_16h47.41.980,EXNAT_4_TMS_Psychopy2024.2.5.psyexp,2024.2.5,2025-08-18 17h00.27.012906 +0200,
0,0,0,0,0,0,0,,,,,,,,,#F989A2,1333.5673828125,None,space,None,None,409.3189239501953,text_02,90,11,Reading_Baseline_main_click,None,alte,56,0,56,60,60,,,,,,,,,,,20,02,yes,no,no,2025-08-18_16h47.41.980,EXNAT_4_TMS_Psychopy2024.2.5.psyexp,2024.2.5,2025-08-18 17h00.27.012906 +0200,
0,0,0,0,0,0,0,,,,,,,,,#F989A2,1334.014867067337,None,space,None,None,361.88507080078125,text_02,91,11,Reading_Baseline_main_click,None,Mann,56,0,56,60,60,,,,,,,,,,,20,02,yes,no,no,2025-08-18_16h47.41.980,EXNAT_4_TMS_Psychopy2024.2.5.psyexp,2024.2.5,2025-08-18 17h00.27.012906 +0200,
0,0,0,0,0,0,0,,,,,,,,,#2AB7EF,1334.4165623188019,None,space,None,None,344.1891670227051,text_02,92,11,Reading_Baseline_main_click,None,und,56,0,56,60,60,,,,,,,,,,,20,02,yes,no,no,2025-08-18_16h47.41.980,EXNAT_4_TMS_Psychopy2024.2.5.psyexp,2024.2.5,2025-08-18 17h00.27.012906 +0200,
0,0,0,0,0,0,0,,,,,,,,,#88BA3F,1334.7988185882568,None,space,None,None,361.9041442871094,text_02,93,11,Reading_Baseline_main_click,None,das,56,0,56,60,60,,,,,,,,,,,20,02,yes,no,no,2025-08-18_16h47.41.980,EXNAT_4_TMS_Psychopy2024.2.5.psyexp,2024.2.5,2025-08-18 17h00.27.012906 +0200,
0,0,0,0,0,0,0,,,,,,,,,#88BA3F,1335.1986210346222,None,space,None,None,361.9816303253174,text_02,94,11,Reading_Baseline_main_click,None,"Meer"",",56,0,56,60,60,,,,,,,,,,,20,02,yes,no,no,2025-08-18_16h47.41.980,EXNAT_4_TMS_Psychopy2024.2.5.psyexp,2024.2.5,2025-08-18 17h00.27.012906 +0200,
0,0,0,0,0,0,0,,,,,,,,,#2AB7EF,1335.600882768631,None,space,None,None,503.9072036743164,text_02,95,11,Reading_Baseline_main_click,None,in,56,0,56,60,60,,,,,,,,,,,20,02,yes,no,no,2025-08-18_16h47.41.980,EXNAT_4_TMS_Psychopy2024.2.5.psyexp,2024.2.5,2025-08-18 17h00.27.012906 +0200,
0,0,0,0,0,0,0,,,,,,,,,#F989A2,1336.1423454284668,None,space,None,None,346.4021682739258,text_02,96,11,Reading_Baseline_main_click,None,der,56,0,56,60,60,,,,,,,,,,,20,02,yes,no,no,2025-08-18_16h47.41.980,EXNAT_4_TMS_Psychopy2024.2.5.psyexp,2024.2.5,2025-08-18 17h00.27.012906 +0200,
0,0,0,0,0,0,0,,,,,,,,,#F989A2,1336.5261528491974,None,space,None,None,378.5221576690674,text_02,97,11,Reading_Baseline_main_click,None,ein,56,0,56,60,60,,,,,,,,,,,20,02,yes,no,no,2025-08-18_16h47.41.980,EXNAT_4_TMS_Psychopy2024.2.5.psyexp,2024.2.5,2025-08-18 17h00.27.012906 +0200,
0,0,0,0,0,0,0,,,,,,,,,#88BA3F,1336.9430892467499,None,space,None,None,329.6027183532715,text_02,98,11,Reading_Baseline_main_click,None,Fischer,57,0,57,60,60,1336.9977250099182,,,,,,,,,,20,02,yes,no,no,2025-08-18_16h47.41.980,EXNAT_4_TMS_Psychopy2024.2.5.psyexp,2024.2.5,2025-08-18 17h00.27.012906 +0200,
0,0,0,0,0,0,0,,,,,,,,,#D292F3,1337.3116874694824,None,space,None,None,361.0358238220215,text_02,99,11,Reading_Baseline_main_click,None,tagelang,57,0,57,60,60,,,,,,,,,,,20,02,yes,no,no,2025-08-18_16h47.41.980,EXNAT_4_TMS_Psychopy2024.2.5.psyexp,2024.2.5,2025-08-18 17h00.27.012906 +0200,
0,0,0,0,0,0,0,,,,,,,,,#2AB7EF,1337.7127003669739,None,space,None,None,343.9056873321533,text_02,100,11,Reading_Baseline_main_click,None,gegen,57,0,57,60,60,,,,,,,,,,,20,02,yes,no,no,2025-08-18_16h47.41.980,EXNAT_4_TMS_Psychopy2024.2.5.psyexp,2024.2.5,2025-08-18 17h00.27.012906 +0200,
0,0,0,0,0,0,0,,,,,,,,,#2AB7EF,1338.096355676651,None,space,None,None,360.37492752075195,text_02,101,11,Reading_Baseline_main_click,None,einen,57,0,57,60,60,,,,,,,,,,,20,02,yes,no,no,2025-08-18_16h47.41.980,EXNAT_4_TMS_Psychopy2024.2.5.psyexp,2024.2.5,2025-08-18 17h00.27.012906 +0200,
0,0,0,0,0,0,0,,,,,,,,,#88BA3F,1338.496395111084,None,space,None,None,328.1128406524658,text_02,102,11,Reading_Baseline_main_click,None,riesigen,57,0,57,60,60,,,,,,,,,,,20,02,yes,no,no,2025-08-18_16h47.41.980,EXNAT_4_TMS_Psychopy2024.2.5.psyexp,2024.2.5,2025-08-18 17h00.27.012906 +0200,
0,0,0,0,0,0,0,,,,,,,,,#F989A2,1338.8657953739166,None,space,None,None,566.9445991516113,text_02,103,11,Reading_Baseline_main_click,None,Schwertfisch,57,0,57,60,60,,,,,,,,,,,20,02,yes,no,no,2025-08-18_16h47.41.980,EXNAT_4_TMS_Psychopy2024.2.5.psyexp,2024.2.5,2025-08-18 17h00.27.012906 +0200,
0,0,0,0,0,0,0,,,,,,,,,#D292F3,1339.4734272956848,None,space,None,None,375.29754638671875,text_02,104,11,Reading_Baseline_main_click,None,kämpft.,57,0,57,60,60,,,,,,,,,,,20,02,yes,no,no,2025-08-18_16h47.41.980,EXNAT_4_TMS_Psychopy2024.2.5.psyexp,2024.2.5,2025-08-18 17h00.27.012906 +0200,
0,0,0,0,0,0,0,,,,,,,,,#F989A2,1339.8864295482635,None,space,None,None,394.3045139312744,text_02,105,11,Reading_Baseline_main_click,None,Die,57,0,57,60,60,,,,,,,,,,,20,02,yes,no,no,2025-08-18_16h47.41.980,EXNAT_4_TMS_Psychopy2024.2.5.psyexp,2024.2.5,2025-08-18 17h00.27.012906 +0200,
0,0,0,0,0,0,0,,,,,,,,,#D292F3,1340.3196184635162,None,space,None,None,361.0854148864746,text_02,106,11,Reading_Baseline_main_click,None,Figur,57,0,57,60,60,,,,,,,,,,,20,02,yes,no,no,2025-08-18_16h47.41.980,EXNAT_4_TMS_Psychopy2024.2.5.psyexp,2024.2.5,2025-08-18 17h00.27.012906 +0200,
0,0,0,0,0,0,0,,,,,,,,,#88BA3F,1340.7209322452545,None,space,None,None,343.6884880065918,text_02,107,11,Reading_Baseline_main_click,None,des,57,0,57,60,60,,,,,,,,,,,20,02,yes,no,no,2025-08-18_16h47.41.980,EXNAT_4_TMS_Psychopy2024.2.5.psyexp,2024.2.5,2025-08-18 17h00.27.012906 +0200,
0,0,0,0,0,0,0,,,,,,,,,#2AB7EF,1341.1060960292816,None,space,None,None,390.6416893005371,text_02,108,11,Reading_Baseline_main_click,None,Fischers,57,0,57,60,60,,,,,,,,,,,20,02,yes,no,no,2025-08-18_16h47.41.980,EXNAT_4_TMS_Psychopy2024.2.5.psyexp,2024.2.5,2025-08-18 17h00.27.012906 +0200,
0,0,0,0,0,0,0,,,,,,,,,#2AB7EF,1341.535207271576,None,space,None,None,361.4819049835205,text_02,109,11,Reading_Baseline_main_click,None,ist,57,0,57,60,60,,,,,,,,,,,20,02,yes,no,no,2025-08-18_16h47.41.980,EXNAT_4_TMS_Psychopy2024.2.5.psyexp,2024.2.5,2025-08-18 17h00.27.012906 +0200,
0,0,0,0,0,0,0,,,,,,,,,#F989A2,1341.936291694641,None,space,None,None,360.3856563568115,text_02,110,11,Reading_Baseline_main_click,None,an,58,0,58,60,60,1341.9977350234985,,,,,,,,,,20,02,yes,no,no,2025-08-18_16h47.41.980,EXNAT_4_TMS_Psychopy2024.2.5.psyexp,2024.2.5,2025-08-18 17h00.27.012906 +0200,
0,0,0,0,0,0,0,,,,,,,,,#2AB7EF,1342.3380000591278,None,space,None,None,358.7355613708496,text_02,111,11,Reading_Baseline_main_click,None,Gregorio,58,0,58,60,60,,,,,,,,,,,20,02,yes,no,no,2025-08-18_16h47.41.980,EXNAT_4_TMS_Psychopy2024.2.5.psyexp,2024.2.5,2025-08-18 17h00.27.012906 +0200,
0,0,0,0,0,0,0,,,,,,,,,#D292F3,1342.7356598377228,None,space,None,None,1113.0785942077637,text_02,112,11,Reading_Baseline_main_click,None,Fuentes,58,0,58,60,60,,,,,,,,,,,20,02,yes,no,no,2025-08-18_16h47.41.980,EXNAT_4_TMS_Psychopy2024.2.5.psyexp,2024.2.5,2025-08-18 17h00.27.012906 +0200,
0,0,0,0,0,0,0,,,,,,,,,#D292F3,1343.8874723911285,None,space,None,None,649.2197513580322,text_02,113,11,Reading_Baseline_main_click,None,"angelehnt,",58,0,58,60,60,,,,,,,,,,,20,02,yes,no,no,2025-08-18_16h47.41.980,EXNAT_4_TMS_Psychopy2024.2.5.psyexp,2024.2.5,2025-08-18 17h00.27.012906 +0200,
0,0,0,0,0,0,0,,,,,,,,,#88BA3F,1344.5764451026917,None,space,None,None,392.27771759033203,text_02,114,11,Reading_Baseline_main_click,None,der,58,0,58,60,60,,,,,,,,,,,20,02,yes,no,no,2025-08-18_16h47.41.980,EXNAT_4_TMS_Psychopy2024.2.5.psyexp,2024.2.5,2025-08-18 17h00.27.012906 +0200,
0,0,0,0,0,0,0,,,,,,,,,#F989A2,1345.0081043243408,None,space,None,None,344.6342945098877,text_02,115,11,Reading_Baseline_main_click,None,sich,58,0,58,60,60,,,,,,,,,,,20,02,yes,no,no,2025-08-18_16h47.41.980,EXNAT_4_TMS_Psychopy2024.2.5.psyexp,2024.2.5,2025-08-18 17h00.27.012906 +0200,
0,0,0,0,0,0,0,,,,,,,,,#88BA3F,1345.3910851478577,None,space,None,None,345.6723690032959,text_02,116,11,Reading_Baseline_main_click,None,um,58,0,58,60,60,,,,,,,,,,,20,02,yes,no,no,2025-08-18_16h47.41.980,EXNAT_4_TMS_Psychopy2024.2.5.psyexp,2024.2.5,2025-08-18 17h00.27.012906 +0200,
0,0,0,0,0,0,0,,,,,,,,,#F989A2,1345.7758991718292,None,space,None,None,664.8938655853271,text_02,117,11,Reading_Baseline_main_click,None,Hemingway's,58,0,58,60,60,,,,,,,,,,,20,02,yes,no,no,2025-08-18_16h47.41.980,EXNAT_4_TMS_Psychopy2024.2.5.psyexp,2024.2.5,2025-08-18 17h00.27.012906 +0200,
0,0,0,0,0,0,0,,,,,,,,,#2AB7EF,1346.4801573753357,None,space,None,None,440.5083656311035,text_02,118,11,Reading_Baseline_main_click,None,Boot,58,0,58,60,60,,,,,,,,,,,20,02,yes,no,no,2025-08-18_16h47.41.980,EXNAT_4_TMS_Psychopy2024.2.5.psyexp,2024.2.5,2025-08-18 17h00.27.012906 +0200,
0,0,0,0,0,0,0,,,,,,,,,#2AB7EF,1346.9600939750671,None,space,None,None,408.56146812438965,text_02,119,11,Reading_Baseline_main_click,None,kümmerte.,59,0,59,60,60,1347.0153818130493,,,,,,,,,,20,02,yes,no,no,2025-08-18_16h47.41.980,EXNAT_4_TMS_Psychopy2024.2.5.psyexp,2024.2.5,2025-08-18 17h00.27.012906 +0200,
0,0,0,0,0,0,0,,,,,,,,,#D292F3,1347.4070353507996,None,space,None,None,425.645112991333,text_02,120,11,Reading_Baseline_main_click,None,Dieser,59,0,59,60,60,,,,,,,,,,,20,02,yes,no,no,2025-08-18_16h47.41.980,EXNAT_4_TMS_Psychopy2024.2.5.psyexp,2024.2.5,2025-08-18 17h00.27.012906 +0200,
0,0,0,0,0,0,0,,,,,,,,,#88BA3F,1347.8717713356018,None,space,None,None,376.9876956939697,text_02,121,11,Reading_Baseline_main_click,None,Roman,59,0,59,60,60,,,,,,,,,,,20,02,yes,no,no,2025-08-18_16h47.41.980,EXNAT_4_TMS_Psychopy2024.2.5.psyexp,2024.2.5,2025-08-18 17h00.27.012906 +0200,
0,0,0,0,0,0,0,,,,,,,,,#F989A2,1348.2896709442139,None,space,None,None,343.0922031402588,text_02,122,11,Reading_Baseline_main_click,None,brachte,59,0,59,60,60,,,,,,,,,,,20,02,yes,no,no,2025-08-18_16h47.41.980,EXNAT_4_TMS_Psychopy2024.2.5.psyexp,2024.2.5,2025-08-18 17h00.27.012906 +0200,
0,0,0,0,0,0,0,,,,,,,,,#2AB7EF,1348.6723010540009,None,space,None,None,408.4019660949707,text_02,123,11,Reading_Baseline_main_click,None,Hemingway,59,0,59,60,60,,,,,,,,,,,20,02,yes,no,no,2025-08-18_16h47.41.980,EXNAT_4_TMS_Psychopy2024.2.5.psyexp,2024.2.5,2025-08-18 17h00.27.012906 +0200,
0,0,0,0,0,0,0,,,,,,,,,#F989A2,1349.1201503276825,None,space,None,None,328.6275863647461,text_02,124,11,Reading_Baseline_main_click,None,den,59,0,59,60,60,,,,,,,,,,,20,02,yes,no,no,2025-08-18_16h47.41.980,EXNAT_4_TMS_Psychopy2024.2.5.psyexp,2024.2.5,2025-08-18 17h00.27.012906 +0200,
0,0,0,0,0,0,0,,,,,,,,,#D292F3,1349.4897201061249,None,space,None,None,919.0464019775391,text_02,125,11,Reading_Baseline_main_click,None,Literaturnobelpreis,59,0,59,60,60,,,,,,,,,,,20,02,yes,no,no,2025-08-18_16h47.41.980,EXNAT_4_TMS_Psychopy2024.2.5.psyexp,2024.2.5,2025-08-18 17h00.27.012906 +0200,
0,0,0,0,0,0,0,,,,,,,,,#2AB7EF,1350.4464929103851,None,space,None,None,474.1830825805664,text_02,126,11,Reading_Baseline_main_click,None,ein.,59,0,59,60,60,,,,,,,,,,,20,02,yes,no,no,2025-08-18_16h47.41.980,EXNAT_4_TMS_Psychopy2024.2.5.psyexp,2024.2.5,2025-08-18 17h00.27.012906 +0200,
0,0,0,0,0,0,0,,,,,,,,,#88BA3F,1350.9603426456451,None,space,None,None,536.3469123840332,text_02,127,11,Reading_Baseline_main_click,None,Aus,59,0,59,60,60,,,,,,,,,,,20,02,yes,no,no,2025-08-18_16h47.41.980,EXNAT_4_TMS_Psychopy2024.2.5.psyexp,2024.2.5,2025-08-18 17h00.27.012906 +0200,
0,0,0,0,0,0,0,,,,,,,,,#D292F3,1351.5373179912567,None,space,None,None,583.3690166473389,text_02,128,11,Reading_Baseline_main_click,None,Verbundenheit,60,0,60,60,inf,1352.0153572559357,,,,,,,,,,20,02,yes,no,no,2025-08-18_16h47.41.980,EXNAT_4_TMS_Psychopy2024.2.5.psyexp,2024.2.5,2025-08-18 17h00.27.012906 +0200,
0,0,0,0,0,0,0,,,,,,,,,#88BA3F,1352.1593215465546,None,space,None,None,313.3711814880371,text_02,129,11,Reading_Baseline_main_click,None,zu,60,0,60,60,inf,,,,,,,,,,,20,02,yes,no,no,2025-08-18_16h47.41.980,EXNAT_4_TMS_Psychopy2024.2.5.psyexp,2024.2.5,2025-08-18 17h00.27.012906 +0200,
0,0,0,0,0,0,0,,,,,,,,,#88BA3F,1352.511605501175,None,space,None,None,377.0608901977539,text_02,130,11,Reading_Baseline_main_click,None,Kuba,60,0,60,60,inf,,,,,,,,,,,20,02,yes,no,no,2025-08-18_16h47.41.980,EXNAT_4_TMS_Psychopy2024.2.5.psyexp,2024.2.5,2025-08-18 17h00.27.012906 +0200,
0,0,0,0,0,0,0,,,,,,,,,#D292F3,1352.9280173778534,None,space,None,None,328.721284866333,text_02,131,11,Reading_Baseline_main_click,None,schenkte,60,0,60,60,inf,,,,,,,,,,,20,02,yes,no,no,2025-08-18_16h47.41.980,EXNAT_4_TMS_Psychopy2024.2.5.psyexp,2024.2.5,2025-08-18 17h00.27.012906 +0200,
0,0,0,0,0,0,0,,,,,,,,,#F989A2,1353.2944593429565,None,space,None,None,330.0976753234863,text_02,132,11,Reading_Baseline_main_click,None,er,60,0,60,60,inf,,,,,,,,,,,20,02,yes,no,no,2025-08-18_16h47.41.980,EXNAT_4_TMS_Psychopy2024.2.5.psyexp,2024.2.5,2025-08-18 17h00.27.012906 +0200,
0,0,0,0,0,0,0,,,,,,,,,#88BA3F,1353.662836074829,None,space,None,None,329.81395721435547,text_02,133,11,Reading_Baseline_main_click,None,die,60,0,60,60,inf,,,,,,,,,,,20,02,yes,no,no,2025-08-18_16h47.41.980,EXNAT_4_TMS_Psychopy2024.2.5.psyexp,2024.2.5,2025-08-18 17h00.27.012906 +0200,
0,0,0,0,0,0,0,,,,,,,,,#88BA3F,1354.0335941314697,None,space,None,None,503.1752586364746,text_02,134,11,Reading_Baseline_main_click,None,Medaille,60,0,60,60,inf,,,,,,,,,,,20,02,yes,no,no,2025-08-18_16h47.41.980,EXNAT_4_TMS_Psychopy2024.2.5.psyexp,2024.2.5,2025-08-18 17h00.27.012906 +0200,
0,0,0,0,0,0,0,,,,,,,,,#D292F3,1354.576896429062,None,space,None,None,359.61222648620605,text_02,135,11,Reading_Baseline_main_click,None,der,60,0,60,60,inf,,,,,,,,,,,20,02,yes,no,no,2025-08-18_16h47.41.980,EXNAT_4_TMS_Psychopy2024.2.5.psyexp,2024.2.5,2025-08-18 17h00.27.012906 +0200,
0,0,0,0,0,0,0,,,,,,,,,#2AB7EF,1354.9777443408966,None,space,None,None,2215.1060104370117,text_02,136,11,Reading_Baseline_main_click,None,Wallfahrtskirche,61,0,61,60,inf,1357.0153732299805,,,,,,,,,,20,02,yes,no,no,2025-08-18_16h47.41.980,EXNAT_4_TMS_Psychopy2024.2.5.psyexp,2024.2.5,2025-08-18 17h00.27.012906 +0200,
0,0,0,0,0,0,0,,,,,,,,,#D292F3,1357.2457404136658,None,space,None,None,1003.0348300933838,text_02,137,11,Reading_Baseline_main_click,None,der,61,0,61,60,inf,,,,,,,,,,,20,02,yes,no,no,2025-08-18_16h47.41.980,EXNAT_4_TMS_Psychopy2024.2.5.psyexp,2024.2.5,2025-08-18 17h00.27.012906 +0200,
0,0,0,0,0,0,0,,,,,,,,,#2AB7EF,1358.2907092571259,None,space,None,None,470.08275985717773,text_02,138,11,Reading_Baseline_main_click,None,Jungfrau,61,0,61,60,inf,,,,,,,,,,,20,02,yes,no,no,2025-08-18_16h47.41.980,EXNAT_4_TMS_Psychopy2024.2.5.psyexp,2024.2.5,2025-08-18 17h00.27.012906 +0200,
0,0,0,0,0,0,0,,,,,,,,,#2AB7EF,1358.8001236915588,None,space,None,None,440.65284729003906,text_02,139,11,Reading_Baseline_main_click,None,von,61,0,61,60,inf,,,,,,,,,,,20,02,yes,no,no,2025-08-18_16h47.41.980,EXNAT_4_TMS_Psychopy2024.2.5.psyexp,2024.2.5,2025-08-18 17h00.27.012906 +0200,
0,0,0,0,0,0,0,,,,,,,,,#F989A2,1359.2811818122864,None,space,None,None,759.5827579498291,text_02,140,11,Reading_Baseline_main_click,None,Cobre.,61,0,61,60,inf,,,,,,,,,,,20,02,yes,no,no,2025-08-18_16h47.41.980,EXNAT_4_TMS_Psychopy2024.2.5.psyexp,2024.2.5,2025-08-18 17h00.27.012906 +0200,
0,0,0,0,0,0,0,,,,,,,,,#F989A2,1360.0805304050446,None,space,None,None,440.1564598083496,text_02,141,11,Reading_Baseline_main_click,None,Die,61,0,61,60,inf,,,,,,,,,,,20,02,yes,no,no,2025-08-18_16h47.41.980,EXNAT_4_TMS_Psychopy2024.2.5.psyexp,2024.2.5,2025-08-18 17h00.27.012906 +0200,
0,0,0,0,0,0,0,,,,,,,,,#88BA3F,1360.5576322078705,None,space,None,None,490.99016189575195,text_02,142,11,Reading_Baseline_main_click,None,Medaille,61,0,61,60,inf,,,,,,,,,,,20,02,yes,no,no,2025-08-18_16h47.41.980,EXNAT_4_TMS_Psychopy2024.2.5.psyexp,2024.2.5,2025-08-18 17h00.27.012906 +0200,
0,0,0,0,0,0,0,,,,,,,,,#F989A2,1361.0863959789276,None,space,None,None,410.2909564971924,text_02,143,11,Reading_Baseline_main_click,None,ist,61,0,61,60,inf,,,,,,,,,,,20,02,yes,no,no,2025-08-18_16h47.41.980,EXNAT_4_TMS_Psychopy2024.2.5.psyexp,2024.2.5,2025-08-18 17h00.27.012906 +0200,
0,0,0,0,0,0,0,,,,,,,,,#D292F3,1361.5352313518524,None,space,None,None,377.5293827056885,text_02,144,11,Reading_Baseline_main_click,None,bis,61,0,61,60,inf,,,,,,,,,,,20,02,yes,no,no,2025-08-18_16h47.41.980,EXNAT_4_TMS_Psychopy2024.2.5.psyexp,2024.2.5,2025-08-18 17h00.27.012906 +0200,
0,0,0,0,0,0,0,,,,,,,,,#F989A2,1361.950781583786,None,space,None,None,361.9275093078613,text_02,145,11,Reading_Baseline_main_click,None,heute,62,0,62,60,inf,1362.015376329422,,,,,,,,,,20,02,yes,no,no,2025-08-18_16h47.41.980,EXNAT_4_TMS_Psychopy2024.2.5.psyexp,2024.2.5,2025-08-18 17h00.27.012906 +0200,
0,0,0,0,0,0,0,,,,,,,,,#D292F3,1362.3502547740936,None,space,None,None,362.4420166015625,text_02,146,11,Reading_Baseline_main_click,None,in,62,0,62,60,inf,,,,,,,,,,,20,02,yes,no,no,2025-08-18_16h47.41.980,EXNAT_4_TMS_Psychopy2024.2.5.psyexp,2024.2.5,2025-08-18 17h00.27.012906 +0200,
0,0,0,0,0,0,0,,,,,,,,,#2AB7EF,1362.7502398490906,None,space,None,None,346.50707244873047,text_02,147,11,Reading_Baseline_main_click,None,der,62,0,62,60,inf,,,,,,,,,,,20,02,yes,no,no,2025-08-18_16h47.41.980,EXNAT_4_TMS_Psychopy2024.2.5.psyexp,2024.2.5,2025-08-18 17h00.27.012906 +0200,
0,0,0,0,0,0,0,,,,,,,,,#D292F3,1363.136770248413,None,space,None,None,312.0107650756836,text_02,148,11,Reading_Baseline_main_click,None,Kirche,62,0,62,60,inf,,,,,,,,,,,20,02,yes,no,no,2025-08-18_16h47.41.980,EXNAT_4_TMS_Psychopy2024.2.5.psyexp,2024.2.5,2025-08-18 17h00.27.012906 +0200,
0,0,0,0,0,0,0,,,,,,,,,#88BA3F,1363.489066362381,None,space,None,None,311.6309642791748,text_02,149,11,Reading_Baseline_main_click,None,zu,62,0,62,60,inf,,,,,,,,,,,20,02,yes,no,no,2025-08-18_16h47.41.980,EXNAT_4_TMS_Psychopy2024.2.5.psyexp,2024.2.5,2025-08-18 17h00.27.012906 +0200,
0,0,0,0,0,0,0,,,,,,,,,#2AB7EF,1363.839652299881,None,space,None,None,329.04911041259766,text_02,150,11,Reading_Baseline_main_click,None,sehen.,62,0,62,60,inf,,,,,,,,,,,20,02,yes,no,no,2025-08-18_16h47.41.980,EXNAT_4_TMS_Psychopy2024.2.5.psyexp,2024.2.5,2025-08-18 17h00.27.012906 +0200,
0,0,0,0,0,0,0,,,,,,,,,,1364.221384048462,,3,,,,text_02,,11,Reading_Baseline_main_click,,,,,,,,,Q1,c,True,,,,,,,20,02,yes,no,no,2025-08-18_16h47.41.980,EXNAT_4_TMS_Psychopy2024.2.5.psyexp,2024.2.5,2025-08-18 17h00.27.012906 +0200,
0,0,0,0,0,0,0,,,,,,,,,,1368.846230506897,,1,,,,text_02,,11,Reading_Baseline_main_click,,,,,,,,,Q2,a,True,,,,,,,20,02,yes,no,no,2025-08-18_16h47.41.980,EXNAT_4_TMS_Psychopy2024.2.5.psyexp,2024.2.5,2025-08-18 17h00.27.012906 +0200,
0,0,0,0,0,0,0,,,,,,,,,,1372.3386735916138,,4,,,,text_02,,11,Reading_Baseline_main_click,,,,,,,,,Q3,d,True,,,,,,,20,02,yes,no,no,2025-08-18_16h47.41.980,EXNAT_4_TMS_Psychopy2024.2.5.psyexp,2024.2.5,2025-08-18 17h00.27.012906 +0200,
0,0,0,0,0,0,0,,,,,,,,,,,,,,,,,,,,,,,,,,,,,,,1377.3494219779968,1377.3494410514832,,,,,20,02,yes,no,no,2025-08-18_16h47.41.980,EXNAT_4_TMS_Psychopy2024.2.5.psyexp,2024.2.5,2025-08-18 17h00.27.012906 +0200,
1,0,1,1,0,1,0,,,,,1377.376226425171,,,,,,,,,,,,,,,,,,,,,,,,,,1377.3498649597168,1377.3500077724457,,,,,20,02,yes,no,no,2025-08-18_16h47.41.980,EXNAT_4_TMS_Psychopy2024.2.5.psyexp,2024.2.5,2025-08-18 17h00.27.012906 +0200,
2,0,2,2,0,2,0,,,,,1377.376226425171,,,,,,,,,,,,,,,,,,,,,,,,,,1377.3503184318542,1377.350387096405,,,,,20,02,yes,no,no,2025-08-18_16h47.41.980,EXNAT_4_TMS_Psychopy2024.2.5.psyexp,2024.2.5,2025-08-18 17h00.27.012906 +0200,
3,0,3,3,0,3,0,,,,,1377.376226425171,,,,,,,,,,,,,,,,,,,,,,,,,,1377.350689649582,1377.3507492542267,,,,,20,02,yes,no,no,2025-08-18_16h47.41.980,EXNAT_4_TMS_Psychopy2024.2.5.psyexp,2024.2.5,2025-08-18 17h00.27.012906 +0200,
4,0,4,4,0,4,0,,,,,1377.376226425171,,,,,,,,,,,,,,,,,,,,,,,,,,1377.3510518074036,1377.3511114120483,,,,,20,02,yes,no,no,2025-08-18_16h47.41.980,EXNAT_4_TMS_Psychopy2024.2.5.psyexp,2024.2.5,2025-08-18 17h00.27.012906 +0200,
0,0,0,,,,,0,0,0,0,1377.376226425171,,,,#D292F3,1393.9750368595123,False,space,correct rejection,None,577.7273178100586,,1,12,1back_single_main_click,1,,1,0,1,24,12,1394.0270631313324,,,,,,,,,,20,02,yes,no,no,2025-08-18_16h47.41.980,EXNAT_4_TMS_Psychopy2024.2.5.psyexp,2024.2.5,2025-08-18 17h00.27.012906 +0200,
0,0,0,,,,,0,0,0,0,,,,,#D292F3,1394.7659842967987,True,l,hit,442.92306900024414,810.7807636260986,,2,12,1back_single_main_click,1,,1,0,1,24,12,,,,,,,,,,,20,02,yes,no,no,2025-08-18_16h47.41.980,EXNAT_4_TMS_Psychopy2024.2.5.psyexp,2024.2.5,2025-08-18 17h00.27.012906 +0200,
0,0,0,,,,,0,0,0,0,,,,,#88BA3F,1395.7904689311981,False,space,correct rejection,None,394.4222927093506,,3,12,1back_single_main_click,1,,1,0,1,24,12,,,,,,,,,,,20,02,yes,no,no,2025-08-18_16h47.41.980,EXNAT_4_TMS_Psychopy2024.2.5.psyexp,2024.2.5,2025-08-18 17h00.27.012906 +0200,
0,0,0,,,,,0,0,0,0,,,,,#2AB7EF,1396.4021093845367,False,space,correct rejection,None,358.8132858276367,,4,12,1back_single_main_click,1,,1,0,1,24,12,,,,,,,,,,,20,02,yes,no,no,2025-08-18_16h47.41.980,EXNAT_4_TMS_Psychopy2024.2.5.psyexp,2024.2.5,2025-08-18 17h00.27.012906 +0200,
0,0,0,,,,,0,0,0,0,,,,,#2AB7EF,1396.9777617454529,True,l,hit,423.14624786376953,726.9754409790039,,5,12,1back_single_main_click,1,,1,0,1,24,12,,,,,,,,,,,20,02,yes,no,no,2025-08-18_16h47.41.980,EXNAT_4_TMS_Psychopy2024.2.5.psyexp,2024.2.5,2025-08-18 17h00.27.012906 +0200,
0,0,0,,,,,0,0,0,0,,,,,#2AB7EF,1397.9212086200714,True,l,hit,455.45005798339844,727.2920608520508,,6,12,1back_single_main_click,1,,1,0,1,24,12,,,,,,,,,,,20,02,yes,no,no,2025-08-18_16h47.41.980,EXNAT_4_TMS_Psychopy2024.2.5.psyexp,2024.2.5,2025-08-18 17h00.27.012906 +0200,
0,0,0,,,,,0,0,0,0,,,,,#F989A2,1398.8723862171173,False,space,correct rejection,None,480.2851676940918,,7,12,1back_single_main_click,1,,2,0,2,24,12,1399.0270748138428,,,,,,,,,,20,02,yes,no,no,2025-08-18_16h47.41.980,EXNAT_4_TMS_Psychopy2024.2.5.psyexp,2024.2.5,2025-08-18 17h00.27.012906 +0200,
0,0,0,,,,,0,0,0,0,,,,,#D292F3,1399.5761442184448,False,space,correct rejection,None,464.7383689880371,,8,12,1back_single_main_click,1,,2,0,2,24,12,,,,,,,,,,,20,02,yes,no,no,2025-08-18_16h47.41.980,EXNAT_4_TMS_Psychopy2024.2.5.psyexp,2024.2.5,2025-08-18 17h00.27.012906 +0200,
0,0,0,,,,,0,0,0,0,,,,,#88BA3F,1400.2649540901184,False,space,correct rejection,None,304.02207374572754,,9,12,1back_single_main_click,1,,2,0,2,24,12,,,,,,,,,,,20,02,yes,no,no,2025-08-18_16h47.41.980,EXNAT_4_TMS_Psychopy2024.2.5.psyexp,2024.2.5,2025-08-18 17h00.27.012906 +0200,
0,0,0,,,,,0,0,0,0,,,,,#F989A2,1400.7930483818054,False,space,correct rejection,None,351.9434928894043,,10,12,1back_single_main_click,1,,2,0,2,24,12,,,,,,,,,,,20,02,yes,no,no,2025-08-18_16h47.41.980,EXNAT_4_TMS_Psychopy2024.2.5.psyexp,2024.2.5,2025-08-18 17h00.27.012906 +0200,
0,0,0,,,,,0,0,0,0,,,,,#88BA3F,1401.3689448833466,False,space,correct rejection,None,399.951696395874,,11,12,1back_single_main_click,1,,2,0,2,24,12,,,,,,,,,,,20,02,yes,no,no,2025-08-18_16h47.41.980,EXNAT_4_TMS_Psychopy2024.2.5.psyexp,2024.2.5,2025-08-18 17h00.27.012906 +0200,
0,0,0,,,,,0,0,0,0,,,,,#F989A2,1401.9927434921265,False,space,correct rejection,None,368.1473731994629,,12,12,1back_single_main_click,1,,2,0,2,24,12,,,,,,,,,,,20,02,yes,no,no,2025-08-18_16h47.41.980,EXNAT_4_TMS_Psychopy2024.2.5.psyexp,2024.2.5,2025-08-18 17h00.27.012906 +0200,
0,0,0,,,,,0,0,0,0,,,,,#2AB7EF,1402.5849149227142,False,space,correct rejection,None,352.04052925109863,,13,12,1back_single_main_click,1,,2,0,2,24,12,,,,,,,,,,,20,02,yes,no,no,2025-08-18_16h47.41.980,EXNAT_4_TMS_Psychopy2024.2.5.psyexp,2024.2.5,2025-08-18 17h00.27.012906 +0200,
0,0,0,,,,,0,0,0,0,,,,,#F989A2,1403.1606702804565,False,space,correct rejection,None,416.2113666534424,,14,12,1back_single_main_click,1,,2,0,2,24,12,,,,,,,,,,,20,02,yes,no,no,2025-08-18_16h47.41.980,EXNAT_4_TMS_Psychopy2024.2.5.psyexp,2024.2.5,2025-08-18 17h00.27.012906 +0200,
0,0,0,,,,,0,0,0,0,,,,,#D292F3,1403.8003520965576,False,space,correct rejection,None,448.60172271728516,,15,12,1back_single_main_click,1,,2,0,2,24,12,,,,,,,,,,,20,02,yes,no,no,2025-08-18_16h47.41.980,EXNAT_4_TMS_Psychopy2024.2.5.psyexp,2024.2.5,2025-08-18 17h00.27.012906 +0200,
0,0,0,,,,,0,0,0,0,,,,,#88BA3F,1404.4727082252502,False,space,correct rejection,None,384.2132091522217,,16,12,1back_single_main_click,1,,2,0,2,24,12,,,,,,,,,,,20,02,yes,no,no,2025-08-18_16h47.41.980,EXNAT_4_TMS_Psychopy2024.2.5.psyexp,2024.2.5,2025-08-18 17h00.27.012906 +0200,
0,0,0,,,,,0,0,0,0,,,,,#F989A2,1405.080754995346,False,space,correct rejection,None,400.1278877258301,,17,12,1back_single_main_click,1,,2,0,2,24,12,,,,,,,,,,,20,02,yes,no,no,2025-08-18_16h47.41.980,EXNAT_4_TMS_Psychopy2024.2.5.psyexp,2024.2.5,2025-08-18 17h00.27.012906 +0200,
0,0,0,,,,,0,0,0,0,,,,,#D292F3,1405.7068948745728,False,space,correct rejection,None,461.9131088256836,,18,12,1back_single_main_click,1,,2,0,2,24,12,,,,,,,,,,,20,02,yes,no,no,2025-08-18_16h47.41.980,EXNAT_4_TMS_Psychopy2024.2.5.psyexp,2024.2.5,2025-08-18 17h00.27.012906 +0200,
0,0,0,,,,,0,0,0,0,,,,,#D292F3,1406.3923828601837,True,space,miss,None,496.4141845703125,,19,12,1back_single_main_click,1,,2,1,3,24,12,1406.448564529419,,,,,,,,,,20,02,yes,no,no,2025-08-18_16h47.41.980,EXNAT_4_TMS_Psychopy2024.2.5.psyexp,2024.2.5,2025-08-18 17h00.27.012906 +0200,
0,0,0,,,,,0,0,0,0,,,,,#88BA3F,1407.1125032901764,False,space,correct rejection,None,480.33928871154785,,20,12,1back_single_main_click,1,,2,1,3,24,12,,,,,,,,,,,20,02,yes,no,no,2025-08-18_16h47.41.980,EXNAT_4_TMS_Psychopy2024.2.5.psyexp,2024.2.5,2025-08-18 17h00.27.012906 +0200,
0,0,0,,,,,0,0,0,0,,,,,#88BA3F,1407.8180174827576,True,l,hit,446.9003677368164,718.7774181365967,,21,12,1back_single_main_click,1,,2,1,3,24,12,,,,,,,,,,,20,02,yes,no,no,2025-08-18_16h47.41.980,EXNAT_4_TMS_Psychopy2024.2.5.psyexp,2024.2.5,2025-08-18 17h00.27.012906 +0200,
0,0,0,,,,,0,0,0,0,,,,,#F989A2,1408.760358095169,False,space,correct rejection,None,384.5250606536865,,22,12,1back_single_main_click,1,,2,1,3,24,12,,,,,,,,,,,20,02,yes,no,no,2025-08-18_16h47.41.980,EXNAT_4_TMS_Psychopy2024.2.5.psyexp,2024.2.5,2025-08-18 17h00.27.012906 +0200,
0,0,0,,,,,0,0,0,0,,,,,#2AB7EF,1409.3688740730286,False,space,correct rejection,None,431.8528175354004,,23,12,1back_single_main_click,1,,2,1,3,24,12,,,,,,,,,,,20,02,yes,no,no,2025-08-18_16h47.41.980,EXNAT_4_TMS_Psychopy2024.2.5.psyexp,2024.2.5,2025-08-18 17h00.27.012906 +0200,
0,0,0,,,,,0,0,0,0,,,,,#2AB7EF,1410.0244615077972,True,l,hit,416.37706756591797,672.2657680511475,,24,12,1back_single_main_click,1,,2,1,3,24,12,,,,,,,,,,,20,02,yes,no,no,2025-08-18_16h47.41.980,EXNAT_4_TMS_Psychopy2024.2.5.psyexp,2024.2.5,2025-08-18 17h00.27.012906 +0200,
0,0,0,,,,,0,0,0,0,,,,,#2AB7EF,1410.9197056293488,True,l,hit,640.9964561462402,1153.0447006225586,,25,12,1back_single_main_click,1,,2,1,3,24,12,,,,,,,,,,,20,02,yes,no,no,2025-08-18_16h47.41.980,EXNAT_4_TMS_Psychopy2024.2.5.psyexp,2024.2.5,2025-08-18 17h00.27.012906 +0200,
0,0,0,,,,,0,0,0,0,,,,,#2AB7EF,1412.2969377040863,True,l,hit,447.97229766845703,799.8826503753662,,26,12,1back_single_main_click,1,,2,2,4,24,12,1412.3517227172852,,,,,,,,,,20,02,yes,no,no,2025-08-18_16h47.41.980,EXNAT_4_TMS_Psychopy2024.2.5.psyexp,2024.2.5,2025-08-18 17h00.27.012906 +0200,
0,0,0,,,,,0,0,0,0,,,,,#88BA3F,1413.3208801746368,False,space,correct rejection,None,656.0385227203369,,27,12,1back_single_main_click,1,,2,2,4,24,12,,,,,,,,,,,20,02,yes,no,no,2025-08-18_16h47.41.980,EXNAT_4_TMS_Psychopy2024.2.5.psyexp,2024.2.5,2025-08-18 17h00.27.012906 +0200,
0,0,0,,,,,0,0,0,0,,,,,#F989A2,1414.2008600234985,False,space,correct rejection,None,496.0460662841797,,28,12,1back_single_main_click,1,,2,2,4,24,12,,,,,,,,,,,20,02,yes,no,no,2025-08-18_16h47.41.980,EXNAT_4_TMS_Psychopy2024.2.5.psyexp,2024.2.5,2025-08-18 17h00.27.012906 +0200,
0,0,0,,,,,0,0,0,0,,,,,#88BA3F,1414.921513557434,False,space,correct rejection,None,527.564287185669,,29,12,1back_single_main_click,1,,2,2,4,24,12,,,,,,,,,,,20,02,yes,no,no,2025-08-18_16h47.41.980,EXNAT_4_TMS_Psychopy2024.2.5.psyexp,2024.2.5,2025-08-18 17h00.27.012906 +0200,
0,0,0,,,,,0,0,0,0,,,,,#88BA3F,1415.6729838848114,True,l,hit,511.8987560272217,783.7097644805908,,30,12,1back_single_main_click,1,,2,2,4,24,12,,,,,,,,,,,20,02,yes,no,no,2025-08-18_16h47.41.980,EXNAT_4_TMS_Psychopy2024.2.5.psyexp,2024.2.5,2025-08-18 17h00.27.012906 +0200,
0,0,0,,,,,0,0,0,0,,,,,#D292F3,1416.680679321289,False,space,correct rejection,None,512.2570991516113,,31,12,1back_single_main_click,1,,2,2,4,24,12,,,,,,,,,,,20,02,yes,no,no,2025-08-18_16h47.41.980,EXNAT_4_TMS_Psychopy2024.2.5.psyexp,2024.2.5,2025-08-18 17h00.27.012906 +0200,
0,0,0,,,,,0,0,0,0,,,,,#88BA3F,1417.4173421859741,False,space,correct rejection,None,735.602617263794,,32,12,1back_single_main_click,1,,3,2,5,24,12,1417.4771885871887,,,,,,,,,,20,02,yes,no,no,2025-08-18_16h47.41.980,EXNAT_4_TMS_Psychopy2024.2.5.psyexp,2024.2.5,2025-08-18 17h00.27.012906 +0200,
0,0,0,,,,,0,0,0,0,,,,,#F989A2,1418.3765738010406,False,space,correct rejection,None,608.2899570465088,,33,12,1back_single_main_click,1,,3,2,5,24,12,,,,,,,,,,,20,02,yes,no,no,2025-08-18_16h47.41.980,EXNAT_4_TMS_Psychopy2024.2.5.psyexp,2024.2.5,2025-08-18 17h00.27.012906 +0200,
0,0,0,,,,,0,0,0,0,,,,,#D292F3,1419.2090306282043,False,space,correct rejection,None,415.84205627441406,,34,12,1back_single_main_click,1,,3,2,5,24,12,,,,,,,,,,,20,02,yes,no,no,2025-08-18_16h47.41.980,EXNAT_4_TMS_Psychopy2024.2.5.psyexp,2024.2.5,2025-08-18 17h00.27.012906 +0200,
0,0,0,,,,,0,0,0,0,,,,,#F989A2,1419.8486936092377,False,space,correct rejection,None,736.1855506896973,,35,12,1back_single_main_click,1,,3,2,5,24,12,,,,,,,,,,,20,02,yes,no,no,2025-08-18_16h47.41.980,EXNAT_4_TMS_Psychopy2024.2.5.psyexp,2024.2.5,2025-08-18 17h00.27.012906 +0200,
0,0,0,,,,,0,0,0,0,,,,,#D292F3,1420.8088746070862,False,space,correct rejection,None,431.89191818237305,,36,12,1back_single_main_click,1,,3,2,5,24,12,,,,,,,,,,,20,02,yes,no,no,2025-08-18_16h47.41.980,EXNAT_4_TMS_Psychopy2024.2.5.psyexp,2024.2.5,2025-08-18 17h00.27.012906 +0200,
0,0,0,,,,,0,0,0,0,,,,,#2AB7EF,1421.4641244411469,False,space,correct rejection,None,432.68799781799316,,37,12,1back_single_main_click,1,,3,2,5,24,12,,,,,,,,,,,20,02,yes,no,no,2025-08-18_16h47.41.980,EXNAT_4_TMS_Psychopy2024.2.5.psyexp,2024.2.5,2025-08-18 17h00.27.012906 +0200,
0,0,0,,,,,0,0,0,0,,,,,#F989A2,1422.1208732128143,False,space,correct rejection,None,447.99256324768066,,38,12,1back_single_main_click,1,,4,2,6,24,12,1422.4771056175232,,,,,,,,,,20,02,yes,no,no,2025-08-18_16h47.41.980,EXNAT_4_TMS_Psychopy2024.2.5.psyexp,2024.2.5,2025-08-18 17h00.27.012906 +0200,
0,0,0,,,,,0,0,0,0,,,,,#F989A2,1422.7925064563751,True,l,hit,448.34327697753906,704.1885852813721,,39,12,1back_single_main_click,1,,4,2,6,24,12,,,,,,,,,,,20,02,yes,no,no,2025-08-18_16h47.41.980,EXNAT_4_TMS_Psychopy2024.2.5.psyexp,2024.2.5,2025-08-18 17h00.27.012906 +0200,
0,0,0,,,,,0,0,0,0,,,,,#88BA3F,1423.720629453659,False,space,correct rejection,None,400.0387191772461,,40,12,1back_single_main_click,1,,4,2,6,24,12,,,,,,,,,,,20,02,yes,no,no,2025-08-18_16h47.41.980,EXNAT_4_TMS_Psychopy2024.2.5.psyexp,2024.2.5,2025-08-18 17h00.27.012906 +0200,
0,0,0,,,,,0,0,0,0,,,,,#2AB7EF,1424.3444774150848,False,space,correct rejection,None,416.3956642150879,,41,12,1back_single_main_click,1,,4,2,6,24,12,,,,,,,,,,,20,02,yes,no,no,2025-08-18_16h47.41.980,EXNAT_4_TMS_Psychopy2024.2.5.psyexp,2024.2.5,2025-08-18 17h00.27.012906 +0200,
0,0,0,,,,,0,0,0,0,,,,,#F989A2,1424.9850645065308,False,space,correct rejection,None,751.8620491027832,,42,12,1back_single_main_click,1,,4,2,6,24,12,,,,,,,,,,,20,02,yes,no,no,2025-08-18_16h47.41.980,EXNAT_4_TMS_Psychopy2024.2.5.psyexp,2024.2.5,2025-08-18 17h00.27.012906 +0200,
0,0,0,,,,,0,0,0,0,,,,,#88BA3F,1425.9601860046387,False,space,correct rejection,None,544.7206497192383,,43,12,1back_single_main_click,1,,4,2,6,24,12,,,,,,,,,,,20,02,yes,no,no,2025-08-18_16h47.41.980,EXNAT_4_TMS_Psychopy2024.2.5.psyexp,2024.2.5,2025-08-18 17h00.27.012906 +0200,
0,0,0,,,,,0,0,0,0,,,,,#2AB7EF,1426.728607416153,False,space,correct rejection,None,416.31340980529785,,44,12,1back_single_main_click,1,,4,2,6,24,12,,,,,,,,,,,20,02,yes,no,no,2025-08-18_16h47.41.980,EXNAT_4_TMS_Psychopy2024.2.5.psyexp,2024.2.5,2025-08-18 17h00.27.012906 +0200,
0,0,0,,,,,0,0,0,0,,,,,#D292F3,1427.3690023422241,False,space,correct rejection,None,447.91579246520996,,45,12,1back_single_main_click,1,,4,2,6,24,12,,,,,,,,,,,20,02,yes,no,no,2025-08-18_16h47.41.980,EXNAT_4_TMS_Psychopy2024.2.5.psyexp,2024.2.5,2025-08-18 17h00.27.012906 +0200,
0,0,0,,,,,0,0,0,0,,,,,#D292F3,1428.0408935546875,True,l,hit,511.9895935058594,831.8543434143066,,46,12,1back_single_main_click,1,,4,3,7,24,12,1428.0958428382874,,,,,,,,,,20,02,yes,no,no,2025-08-18_16h47.41.980,EXNAT_4_TMS_Psychopy2024.2.5.psyexp,2024.2.5,2025-08-18 17h00.27.012906 +0200,
0,0,0,,,,,0,0,0,0,,,,,#88BA3F,1429.0962026119232,False,space,correct rejection,None,496.7358112335205,,47,12,1back_single_main_click,1,,4,3,7,24,12,,,,,,,,,,,20,02,yes,no,no,2025-08-18_16h47.41.980,EXNAT_4_TMS_Psychopy2024.2.5.psyexp,2024.2.5,2025-08-18 17h00.27.012906 +0200,
0,0,0,,,,,0,0,0,0,,,,,#D292F3,1429.8168728351593,False,space,correct rejection,None,432.01422691345215,,48,12,1back_single_main_click,1,,4,3,7,24,12,,,,,,,,,,,20,02,yes,no,no,2025-08-18_16h47.41.980,EXNAT_4_TMS_Psychopy2024.2.5.psyexp,2024.2.5,2025-08-18 17h00.27.012906 +0200,
0,0,0,,,,,0,0,0,0,,,,,#2AB7EF,1430.4726703166962,False,space,correct rejection,None,832.0279121398926,,49,12,1back_single_main_click,1,,4,3,7,24,12,,,,,,,,,,,20,02,yes,no,no,2025-08-18_16h47.41.980,EXNAT_4_TMS_Psychopy2024.2.5.psyexp,2024.2.5,2025-08-18 17h00.27.012906 +0200,
0,0,0,,,,,0,0,0,0,,,,,#88BA3F,1431.5281436443329,False,space,correct rejection,None,432.7106475830078,,50,12,1back_single_main_click,1,,4,3,7,24,12,,,,,,,,,,,20,02,yes,no,no,2025-08-18_16h47.41.980,EXNAT_4_TMS_Psychopy2024.2.5.psyexp,2024.2.5,2025-08-18 17h00.27.012906 +0200,
0,0,0,,,,,0,0,0,0,,,,,#2AB7EF,1432.1848664283752,False,space,correct rejection,None,559.8220825195312,,51,12,1back_single_main_click,1,,4,3,7,24,12,,,,,,,,,,,20,02,yes,no,no,2025-08-18_16h47.41.980,EXNAT_4_TMS_Psychopy2024.2.5.psyexp,2024.2.5,2025-08-18 17h00.27.012906 +0200,
0,0,0,,,,,0,0,0,0,,,,,#F989A2,1432.968258857727,False,space,correct rejection,None,736.6523742675781,,52,12,1back_single_main_click,1,,5,3,8,24,12,1433.095696926117,,,,,,,,,,20,02,yes,no,no,2025-08-18_16h47.41.980,EXNAT_4_TMS_Psychopy2024.2.5.psyexp,2024.2.5,2025-08-18 17h00.27.012906 +0200,
0,0,0,,,,,0,0,0,0,,,,,#88BA3F,1433.928871870041,False,space,correct rejection,None,368.0765628814697,,53,12,1back_single_main_click,1,,5,3,8,24,12,,,,,,,,,,,20,02,yes,no,no,2025-08-18_16h47.41.980,EXNAT_4_TMS_Psychopy2024.2.5.psyexp,2024.2.5,2025-08-18 17h00.27.012906 +0200,
0,0,0,,,,,0,0,0,0,,,,,#F989A2,1434.5209970474243,False,space,correct rejection,None,415.8201217651367,,54,12,1back_single_main_click,1,,5,3,8,24,12,,,,,,,,,,,20,02,yes,no,no,2025-08-18_16h47.41.980,EXNAT_4_TMS_Psychopy2024.2.5.psyexp,2024.2.5,2025-08-18 17h00.27.012906 +0200,
0,0,0,,,,,0,0,0,0,,,,,#88BA3F,1435.1602456569672,False,space,correct rejection,None,400.590181350708,,55,12,1back_single_main_click,1,,5,3,8,24,12,,,,,,,,,,,20,02,yes,no,no,2025-08-18_16h47.41.980,EXNAT_4_TMS_Psychopy2024.2.5.psyexp,2024.2.5,2025-08-18 17h00.27.012906 +0200,
0,0,0,,,,,0,0,0,0,,,,,#2AB7EF,1435.7847526073456,False,space,correct rejection,None,464.0650749206543,,56,12,1back_single_main_click,1,,5,3,8,24,12,,,,,,,,,,,20,02,yes,no,no,2025-08-18_16h47.41.980,EXNAT_4_TMS_Psychopy2024.2.5.psyexp,2024.2.5,2025-08-18 17h00.27.012906 +0200,
0,0,0,,,,,0,0,0,0,,,,,#D292F3,1436.4736342430115,False,space,correct rejection,None,399.2912769317627,,57,12,1back_single_main_click,1,,5,3,8,24,12,,,,,,,,,,,20,02,yes,no,no,2025-08-18_16h47.41.980,EXNAT_4_TMS_Psychopy2024.2.5.psyexp,2024.2.5,2025-08-18 17h00.27.012906 +0200,
0,0,0,,,,,0,0,0,0,,,,,#D292F3,1437.0976376533508,True,space,miss,None,415.2343273162842,,58,12,1back_single_main_click,1,,5,3,8,24,12,,,,,,,,,,,20,02,yes,no,no,2025-08-18_16h47.41.980,EXNAT_4_TMS_Psychopy2024.2.5.psyexp,2024.2.5,2025-08-18 17h00.27.012906 +0200,
0,0,0,,,,,0,0,0,0,,,,,#F989A2,1437.73623919487,False,space,correct rejection,None,512.662410736084,,59,12,1back_single_main_click,1,,5,3,8,24,12,,,,,,,,,,,20,02,yes,no,no,2025-08-18_16h47.41.980,EXNAT_4_TMS_Psychopy2024.2.5.psyexp,2024.2.5,2025-08-18 17h00.27.012906 +0200,
0,0,0,,,,,0,0,0,0,,,,,#D292F3,1438.472519159317,False,space,correct rejection,None,448.4221935272217,,60,12,1back_single_main_click,1,,5,3,8,24,12,,,,,,,,,,,20,02,yes,no,no,2025-08-18_16h47.41.980,EXNAT_4_TMS_Psychopy2024.2.5.psyexp,2024.2.5,2025-08-18 17h00.27.012906 +0200,
0,0,0,,,,,0,0,0,0,,,,,#F989A2,1441.578143119812,False,space,correct rejection,None,590.5871391296387,,1,13,1back_single_main_click,1,,5,3,8,24,12,,,,,,,,,,,20,02,yes,no,no,2025-08-18_16h47.41.980,EXNAT_4_TMS_Psychopy2024.2.5.psyexp,2024.2.5,2025-08-18 17h00.27.012906 +0200,
0,0,0,,,,,0,0,0,0,,,,,#88BA3F,1442.382417678833,False,space,correct rejection,None,490.40770530700684,,2,13,1back_single_main_click,1,,5,3,8,24,12,,,,,,,,,,,20,02,yes,no,no,2025-08-18_16h47.41.980,EXNAT_4_TMS_Psychopy2024.2.5.psyexp,2024.2.5,2025-08-18 17h00.27.012906 +0200,
0,0,0,,,,,0,0,0,0,,,,,#F989A2,1443.0886235237122,False,space,correct rejection,None,392.336368560791,,3,13,1back_single_main_click,1,,5,3,8,24,12,,,,,,,,,,,20,02,yes,no,no,2025-08-18_16h47.41.980,EXNAT_4_TMS_Psychopy2024.2.5.psyexp,2024.2.5,2025-08-18 17h00.27.012906 +0200,
0,0,0,,,,,0,0,0,0,,,,,#2AB7EF,1443.6969475746155,False,space,correct rejection,None,439.9731159210205,,4,13,1back_single_main_click,1,,5,3,8,24,12,,,,,,,,,,,20,02,yes,no,no,2025-08-18_16h47.41.980,EXNAT_4_TMS_Psychopy2024.2.5.psyexp,2024.2.5,2025-08-18 17h00.27.012906 +0200,
0,0,0,,,,,0,0,0,0,,,,,#D292F3,1444.3540670871735,False,space,correct rejection,None,438.85183334350586,,5,13,1back_single_main_click,1,,5,3,8,24,12,,,,,,,,,,,20,02,yes,no,no,2025-08-18_16h47.41.980,EXNAT_4_TMS_Psychopy2024.2.5.psyexp,2024.2.5,2025-08-18 17h00.27.012906 +0200,
0,0,0,,,,,0,0,0,0,,,,,#2AB7EF,1445.0101602077484,False,space,correct rejection,None,470.72291374206543,,6,13,1back_single_main_click,1,,5,3,8,24,12,,,,,,,,,,,20,02,yes,no,no,2025-08-18_16h47.41.980,EXNAT_4_TMS_Psychopy2024.2.5.psyexp,2024.2.5,2025-08-18 17h00.27.012906 +0200,
0,0,0,,,,,0,0,0,0,,,,,#88BA3F,1445.698397397995,False,space,correct rejection,None,598.4537601470947,,7,13,1back_single_main_click,1,,5,3,8,24,12,,,,,,,,,,,20,02,yes,no,no,2025-08-18_16h47.41.980,EXNAT_4_TMS_Psychopy2024.2.5.psyexp,2024.2.5,2025-08-18 17h00.27.012906 +0200,
0,0,0,,,,,0,0,0,0,,,,,#F989A2,1446.513540506363,False,space,correct rejection,None,663.3810997009277,,8,13,1back_single_main_click,1,,5,3,8,24,12,,,,,,,,,,,20,02,yes,no,no,2025-08-18_16h47.41.980,EXNAT_4_TMS_Psychopy2024.2.5.psyexp,2024.2.5,2025-08-18 17h00.27.012906 +0200,
0,0,0,,,,,0,0,0,0,,,,,#88BA3F,1447.3938732147217,False,space,correct rejection,None,471.00830078125,,9,13,1back_single_main_click,1,,5,3,8,24,12,,,,,,,,,,,20,02,yes,no,no,2025-08-18_16h47.41.980,EXNAT_4_TMS_Psychopy2024.2.5.psyexp,2024.2.5,2025-08-18 17h00.27.012906 +0200,
0,0,0,,,,,0,0,0,0,,,,,#D292F3,1448.0822956562042,False,space,correct rejection,None,806.5717220306396,,10,13,1back_single_main_click,1,,5,3,8,24,12,,,,,,,,,,,20,02,yes,no,no,2025-08-18_16h47.41.980,EXNAT_4_TMS_Psychopy2024.2.5.psyexp,2024.2.5,2025-08-18 17h00.27.012906 +0200,
0,0,0,,,,,0,0,0,0,,,,,#2AB7EF,1449.1128520965576,False,space,correct rejection,None,848.0343818664551,,11,13,1back_single_main_click,1,,5,3,8,24,12,,,,,,,,,,,20,02,yes,no,no,2025-08-18_16h47.41.980,EXNAT_4_TMS_Psychopy2024.2.5.psyexp,2024.2.5,2025-08-18 17h00.27.012906 +0200,
0,0,0,,,,,0,0,0,0,,,,,#D292F3,1450.184798002243,False,space,correct rejection,None,959.984302520752,,12,13,1back_single_main_click,1,,5,3,8,24,12,,,,,,,,,,,20,02,yes,no,no,2025-08-18_16h47.41.980,EXNAT_4_TMS_Psychopy2024.2.5.psyexp,2024.2.5,2025-08-18 17h00.27.012906 +0200,
0,0,0,,,,,0,0,0,0,,,,,#F989A2,1451.368735551834,False,space,correct rejection,None,608.1392765045166,,13,13,1back_single_main_click,1,,5,3,8,24,12,,,,,,,,,,,20,02,yes,no,no,2025-08-18_16h47.41.980,EXNAT_4_TMS_Psychopy2024.2.5.psyexp,2024.2.5,2025-08-18 17h00.27.012906 +0200,
0,0,0,,,,,0,0,0,0,,,,,#D292F3,1452.2006268501282,False,space,correct rejection,None,464.29944038391113,,14,13,1back_single_main_click,1,,5,3,8,24,12,,,,,,,,,,,20,02,yes,no,no,2025-08-18_16h47.41.980,EXNAT_4_TMS_Psychopy2024.2.5.psyexp,2024.2.5,2025-08-18 17h00.27.012906 +0200,
0,0,0,,,,,0,0,0,0,,,,,#2AB7EF,1452.8888370990753,False,space,correct rejection,None,448.08101654052734,,15,13,1back_single_main_click,1,,5,3,8,24,12,,,,,,,,,,,20,02,yes,no,no,2025-08-18_16h47.41.980,EXNAT_4_TMS_Psychopy2024.2.5.psyexp,2024.2.5,2025-08-18 17h00.27.012906 +0200,
0,0,0,,,,,0,0,0,0,,,,,#88BA3F,1453.5606215000153,False,space,correct rejection,None,496.2155818939209,,16,13,1back_single_main_click,1,,5,3,8,24,12,,,,,,,,,,,20,02,yes,no,no,2025-08-18_16h47.41.980,EXNAT_4_TMS_Psychopy2024.2.5.psyexp,2024.2.5,2025-08-18 17h00.27.012906 +0200,
0,0,0,,,,,0,0,0,0,,,,,#88BA3F,1454.2807891368866,True,l,hit,752.1297931671143,1087.9807472229004,,17,13,1back_single_main_click,1,,5,4,9,24,12,1454.3413093090057,,,,,,,,,,20,02,yes,no,no,2025-08-18_16h47.41.980,EXNAT_4_TMS_Psychopy2024.2.5.psyexp,2024.2.5,2025-08-18 17h00.27.012906 +0200,
0,0,0,,,,,0,0,0,0,,,,,#D292F3,1455.5930240154266,False,space,correct rejection,None,367.92445182800293,,18,13,1back_single_main_click,1,,5,4,9,24,12,,,,,,,,,,,20,02,yes,no,no,2025-08-18_16h47.41.980,EXNAT_4_TMS_Psychopy2024.2.5.psyexp,2024.2.5,2025-08-18 17h00.27.012906 +0200,
0,0,0,,,,,0,0,0,0,,,,,#88BA3F,1456.1850385665894,False,space,correct rejection,None,527.8680324554443,,19,13,1back_single_main_click,1,,5,4,9,24,12,,,,,,,,,,,20,02,yes,no,no,2025-08-18_16h47.41.980,EXNAT_4_TMS_Psychopy2024.2.5.psyexp,2024.2.5,2025-08-18 17h00.27.012906 +0200,
0,0,0,,,,,0,0,0,0,,,,,#F989A2,1456.9375002384186,False,space,correct rejection,None,447.36599922180176,,20,13,1back_single_main_click,1,,5,4,9,24,12,,,,,,,,,,,20,02,yes,no,no,2025-08-18_16h47.41.980,EXNAT_4_TMS_Psychopy2024.2.5.psyexp,2024.2.5,2025-08-18 17h00.27.012906 +0200,
0,0,0,,,,,0,0,0,0,,,,,#F989A2,1457.609512090683,True,space,miss,None,367.3872947692871,,21,13,1back_single_main_click,1,,5,4,9,24,12,,,,,,,,,,,20,02,yes,no,no,2025-08-18_16h47.41.980,EXNAT_4_TMS_Psychopy2024.2.5.psyexp,2024.2.5,2025-08-18 17h00.27.012906 +0200,
0,0,0,,,,,0,0,0,0,,,,,#2AB7EF,1458.2006268501282,False,space,correct rejection,None,512.2263431549072,,22,13,1back_single_main_click,1,,5,4,9,24,12,,,,,,,,,,,20,02,yes,no,no,2025-08-18_16h47.41.980,EXNAT_4_TMS_Psychopy2024.2.5.psyexp,2024.2.5,2025-08-18 17h00.27.012906 +0200,
0,0,0,,,,,0,0,0,0,,,,,#2AB7EF,1458.9364821910858,True,l,hit,432.47461318969727,704.2877674102783,,23,13,1back_single_main_click,1,,5,5,10,24,12,1459.3411445617676,,,,,,,,,,20,02,yes,no,no,2025-08-18_16h47.41.980,EXNAT_4_TMS_Psychopy2024.2.5.psyexp,2024.2.5,2025-08-18 17h00.27.012906 +0200,
0,0,0,,,,,0,0,0,0,,,,,#D292F3,1459.8638274669647,False,space,correct rejection,None,545.1400279998779,,24,13,1back_single_main_click,1,,5,5,10,24,12,,,,,,,,,,,20,02,yes,no,no,2025-08-18_16h47.41.980,EXNAT_4_TMS_Psychopy2024.2.5.psyexp,2024.2.5,2025-08-18 17h00.27.012906 +0200,
0,0,0,,,,,0,0,0,0,,,,,#F989A2,1460.6322519779205,False,space,correct rejection,None,448.4529495239258,,25,13,1back_single_main_click,1,,5,5,10,24,12,,,,,,,,,,,20,02,yes,no,no,2025-08-18_16h47.41.980,EXNAT_4_TMS_Psychopy2024.2.5.psyexp,2024.2.5,2025-08-18 17h00.27.012906 +0200,
0,0,0,,,,,0,0,0,0,,,,,#F989A2,1461.3048784732819,True,l,hit,576.1082172393799,959.8829746246338,,26,13,1back_single_main_click,1,,5,5,10,24,12,,,,,,,,,,,20,02,yes,no,no,2025-08-18_16h47.41.980,EXNAT_4_TMS_Psychopy2024.2.5.psyexp,2024.2.5,2025-08-18 17h00.27.012906 +0200,
0,0,0,,,,,0,0,0,0,,,,,#2AB7EF,1462.4889993667603,False,space,correct rejection,None,399.9905586242676,,27,13,1back_single_main_click,1,,5,5,10,24,12,,,,,,,,,,,20,02,yes,no,no,2025-08-18_16h47.41.980,EXNAT_4_TMS_Psychopy2024.2.5.psyexp,2024.2.5,2025-08-18 17h00.27.012906 +0200,
0,0,0,,,,,0,0,0,0,,,,,#2AB7EF,1463.1132652759552,True,l,hit,463.67859840393066,863.5225296020508,,28,13,1back_single_main_click,1,,5,5,10,24,12,,,,,,,,,,,20,02,yes,no,no,2025-08-18_16h47.41.980,EXNAT_4_TMS_Psychopy2024.2.5.psyexp,2024.2.5,2025-08-18 17h00.27.012906 +0200,
0,0,0,,,,,0,0,0,0,,,,,#88BA3F,1464.2004776000977,False,space,correct rejection,None,480.49402236938477,,29,13,1back_single_main_click,1,,6,5,11,24,12,1464.3411483764648,,,,,,,,,,20,02,yes,no,no,2025-08-18_16h47.41.980,EXNAT_4_TMS_Psychopy2024.2.5.psyexp,2024.2.5,2025-08-18 17h00.27.012906 +0200,
0,0,0,,,,,0,0,0,0,,,,,#D292F3,1464.9047393798828,False,space,correct rejection,None,624.1481304168701,,30,13,1back_single_main_click,1,,6,5,11,24,12,,,,,,,,,,,20,02,yes,no,no,2025-08-18_16h47.41.980,EXNAT_4_TMS_Psychopy2024.2.5.psyexp,2024.2.5,2025-08-18 17h00.27.012906 +0200,
0,0,0,,,,,0,0,0,0,,,,,#2AB7EF,1465.7532045841217,False,space,correct rejection,None,527.7519226074219,,31,13,1back_single_main_click,1,,6,5,11,24,12,,,,,,,,,,,20,02,yes,no,no,2025-08-18_16h47.41.980,EXNAT_4_TMS_Psychopy2024.2.5.psyexp,2024.2.5,2025-08-18 17h00.27.012906 +0200,
0,0,0,,,,,0,0,0,0,,,,,#D292F3,1466.5043897628784,False,space,correct rejection,None,512.4688148498535,,32,13,1back_single_main_click,1,,6,5,11,24,12,,,,,,,,,,,20,02,yes,no,no,2025-08-18_16h47.41.980,EXNAT_4_TMS_Psychopy2024.2.5.psyexp,2024.2.5,2025-08-18 17h00.27.012906 +0200,
0,0,0,,,,,0,0,0,0,,,,,#F989A2,1467.2408215999603,False,space,correct rejection,None,496.16026878356934,,33,13,1back_single_main_click,1,,6,5,11,24,12,,,,,,,,,,,20,02,yes,no,no,2025-08-18_16h47.41.980,EXNAT_4_TMS_Psychopy2024.2.5.psyexp,2024.2.5,2025-08-18 17h00.27.012906 +0200,
0,0,0,,,,,0,0,0,0,,,,,#88BA3F,1467.9612934589386,False,space,correct rejection,None,463.58323097229004,,34,13,1back_single_main_click,1,,6,5,11,24,12,,,,,,,,,,,20,02,yes,no,no,2025-08-18_16h47.41.980,EXNAT_4_TMS_Psychopy2024.2.5.psyexp,2024.2.5,2025-08-18 17h00.27.012906 +0200,
0,0,0,,,,,0,0,0,0,,,,,#D292F3,1468.6487634181976,False,space,correct rejection,None,591.9585227966309,,35,13,1back_single_main_click,1,,6,5,11,24,12,,,,,,,,,,,20,02,yes,no,no,2025-08-18_16h47.41.980,EXNAT_4_TMS_Psychopy2024.2.5.psyexp,2024.2.5,2025-08-18 17h00.27.012906 +0200,
0,0,0,,,,,0,0,0,0,,,,,#88BA3F,1469.4647636413574,False,space,correct rejection,None,800.0969886779785,,36,13,1back_single_main_click,1,,7,5,12,24,12,1469.523726940155,,,,,,,,,,20,02,yes,no,no,2025-08-18_16h47.41.980,EXNAT_4_TMS_Psychopy2024.2.5.psyexp,2024.2.5,2025-08-18 17h00.27.012906 +0200,
0,0,0,,,,,0,0,0,0,,,,,#D292F3,1470.488608121872,False,space,correct rejection,None,432.2531223297119,,37,13,1back_single_main_click,1,,7,5,12,24,12,,,,,,,,,,,20,02,yes,no,no,2025-08-18_16h47.41.980,EXNAT_4_TMS_Psychopy2024.2.5.psyexp,2024.2.5,2025-08-18 17h00.27.012906 +0200,
0,0,0,,,,,0,0,0,0,,,,,#F989A2,1471.1444871425629,False,space,correct rejection,None,432.50226974487305,,38,13,1back_single_main_click,1,,7,5,12,24,12,,,,,,,,,,,20,02,yes,no,no,2025-08-18_16h47.41.980,EXNAT_4_TMS_Psychopy2024.2.5.psyexp,2024.2.5,2025-08-18 17h00.27.012906 +0200,
0,0,0,,,,,0,0,0,0,,,,,#D292F3,1471.8006281852722,False,space,correct rejection,None,624.1919994354248,,39,13,1back_single_main_click,1,,7,5,12,24,12,,,,,,,,,,,20,02,yes,no,no,2025-08-18_16h47.41.980,EXNAT_4_TMS_Psychopy2024.2.5.psyexp,2024.2.5,2025-08-18 17h00.27.012906 +0200,
0,0,0,,,,,0,0,0,0,,,,,#2AB7EF,1472.6483941078186,False,space,correct rejection,None,432.45530128479004,,40,13,1back_single_main_click,1,,7,5,12,24,12,,,,,,,,,,,20,02,yes,no,no,2025-08-18_16h47.41.980,EXNAT_4_TMS_Psychopy2024.2.5.psyexp,2024.2.5,2025-08-18 17h00.27.012906 +0200,
0,0,0,,,,,0,0,0,0,,,,,#D292F3,1473.3039650917053,False,space,correct rejection,None,480.99470138549805,,41,13,1back_single_main_click,1,,7,5,12,24,12,,,,,,,,,,,20,02,yes,no,no,2025-08-18_16h47.41.980,EXNAT_4_TMS_Psychopy2024.2.5.psyexp,2024.2.5,2025-08-18 17h00.27.012906 +0200,
0,0,0,,,,,0,0,0,0,,,,,#2AB7EF,1474.008453130722,False,space,correct rejection,None,464.5352363586426,,42,13,1back_single_main_click,1,,7,5,12,24,12,,,,,,,,,,,20,02,yes,no,no,2025-08-18_16h47.41.980,EXNAT_4_TMS_Psychopy2024.2.5.psyexp,2024.2.5,2025-08-18 17h00.27.012906 +0200,
0,0,0,,,,,0,0,0,0,,,,,#2AB7EF,1474.6969413757324,True,l,hit,496.0012435913086,767.8508758544922,,43,13,1back_single_main_click,1,,7,6,13,24,12,1474.7535185813904,,,,,,,,,,20,02,yes,no,no,2025-08-18_16h47.41.980,EXNAT_4_TMS_Psychopy2024.2.5.psyexp,2024.2.5,2025-08-18 17h00.27.012906 +0200,
0,0,0,,,,,0,0,0,0,,,,,#88BA3F,1475.6889870166779,False,space,correct rejection,None,383.7320804595947,,44,13,1back_single_main_click,1,,7,6,13,24,12,,,,,,,,,,,20,02,yes,no,no,2025-08-18_16h47.41.980,EXNAT_4_TMS_Psychopy2024.2.5.psyexp,2024.2.5,2025-08-18 17h00.27.012906 +0200,
0,0,0,,,,,0,0,0,0,,,,,#88BA3F,1476.2964737415314,True,l,hit,464.45178985595703,816.314697265625,,45,13,1back_single_main_click,1,,7,6,13,24,12,,,,,,,,,,,20,02,yes,no,no,2025-08-18_16h47.41.980,EXNAT_4_TMS_Psychopy2024.2.5.psyexp,2024.2.5,2025-08-18 17h00.27.012906 +0200,
0,0,0,,,,,0,0,0,0,,,,,#F989A2,1477.3364782333374,False,space,correct rejection,None,528.5155773162842,,46,13,1back_single_main_click,1,,7,6,13,24,12,,,,,,,,,,,20,02,yes,no,no,2025-08-18_16h47.41.980,EXNAT_4_TMS_Psychopy2024.2.5.psyexp,2024.2.5,2025-08-18 17h00.27.012906 +0200,
0,0,0,,,,,0,0,0,0,,,,,#F989A2,1478.0891733169556,True,l,hit,447.8023052215576,783.6229801177979,,47,13,1back_single_main_click,1,,7,6,13,24,12,,,,,,,,,,,20,02,yes,no,no,2025-08-18_16h47.41.980,EXNAT_4_TMS_Psychopy2024.2.5.psyexp,2024.2.5,2025-08-18 17h00.27.012906 +0200,
0,0,0,,,,,0,0,0,0,,,,,#88BA3F,1479.0962517261505,False,space,correct rejection,None,464.5836353302002,,48,13,1back_single_main_click,1,,7,6,13,24,12,,,,,,,,,,,20,02,yes,no,no,2025-08-18_16h47.41.980,EXNAT_4_TMS_Psychopy2024.2.5.psyexp,2024.2.5,2025-08-18 17h00.27.012906 +0200,
0,0,0,,,,,0,0,0,0,,,,,#D292F3,1479.784873008728,False,space,correct rejection,None,575.9930610656738,,49,13,1back_single_main_click,1,,8,6,14,24,12,1479.841011762619,,,,,,,,,,20,02,yes,no,no,2025-08-18_16h47.41.980,EXNAT_4_TMS_Psychopy2024.2.5.psyexp,2024.2.5,2025-08-18 17h00.27.012906 +0200,
0,0,0,,,,,0,0,0,0,,,,,#D292F3,1480.5843453407288,True,l,hit,656.578540802002,1088.4366035461426,,50,13,1back_single_main_click,1,,8,6,14,24,12,,,,,,,,,,,20,02,yes,no,no,2025-08-18_16h47.41.980,EXNAT_4_TMS_Psychopy2024.2.5.psyexp,2024.2.5,2025-08-18 17h00.27.012906 +0200,
0,0,0,,,,,0,0,0,0,,,,,#2AB7EF,1481.8959980010986,False,space,correct rejection,None,400.923490524292,,51,13,1back_single_main_click,1,,8,6,14,24,12,,,,,,,,,,,20,02,yes,no,no,2025-08-18_16h47.41.980,EXNAT_4_TMS_Psychopy2024.2.5.psyexp,2024.2.5,2025-08-18 17h00.27.012906 +0200,
0,0,0,,,,,0,0,0,0,,,,,#F989A2,1482.5211250782013,False,space,correct rejection,None,415.8148765563965,,52,13,1back_single_main_click,1,,8,6,14,24,12,,,,,,,,,,,20,02,yes,no,no,2025-08-18_16h47.41.980,EXNAT_4_TMS_Psychopy2024.2.5.psyexp,2024.2.5,2025-08-18 17h00.27.012906 +0200,
0,0,0,,,,,0,0,0,0,,,,,#2AB7EF,1483.1608474254608,False,space,correct rejection,None,384.1850757598877,,53,13,1back_single_main_click,1,,8,6,14,24,12,,,,,,,,,,,20,02,yes,no,no,2025-08-18_16h47.41.980,EXNAT_4_TMS_Psychopy2024.2.5.psyexp,2024.2.5,2025-08-18 17h00.27.012906 +0200,
0,0,0,,,,,0,0,0,0,,,,,#2AB7EF,1483.768934726715,True,l,hit,400.0411033630371,767.8790092468262,,54,13,1back_single_main_click,1,,8,6,14,24,12,,,,,,,,,,,20,02,yes,no,no,2025-08-18_16h47.41.980,EXNAT_4_TMS_Psychopy2024.2.5.psyexp,2024.2.5,2025-08-18 17h00.27.012906 +0200,
0,0,0,,,,,0,0,0,0,,,,,#88BA3F,1484.7607452869415,False,space,correct rejection,None,384.23800468444824,,55,13,1back_single_main_click,1,,8,6,14,24,12,,,,,,,,,,,20,02,yes,no,no,2025-08-18_16h47.41.980,EXNAT_4_TMS_Psychopy2024.2.5.psyexp,2024.2.5,2025-08-18 17h00.27.012906 +0200,
0,0,0,,,,,0,0,0,0,,,,,#F989A2,1485.3683540821075,False,space,correct rejection,None,416.4259433746338,,56,13,1back_single_main_click,1,,8,6,14,24,12,,,,,,,,,,,20,02,yes,no,no,2025-08-18_16h47.41.980,EXNAT_4_TMS_Psychopy2024.2.5.psyexp,2024.2.5,2025-08-18 17h00.27.012906 +0200,
0,0,0,,,,,0,0,0,0,,,,,#F989A2,1486.0087971687317,True,l,hit,432.1331977844238,783.9632034301758,,57,13,1back_single_main_click,1,,8,7,15,24,12,1486.0700447559357,,,,,,,,,,20,02,yes,no,no,2025-08-18_16h47.41.980,EXNAT_4_TMS_Psychopy2024.2.5.psyexp,2024.2.5,2025-08-18 17h00.27.012906 +0200,
0,0,0,,,,,0,0,0,0,,,,,#D292F3,1487.0158913135529,False,space,correct rejection,None,577.0800113677979,,58,13,1back_single_main_click,1,,8,7,15,24,12,,,,,,,,,,,20,02,yes,no,no,2025-08-18_16h47.41.980,EXNAT_4_TMS_Psychopy2024.2.5.psyexp,2024.2.5,2025-08-18 17h00.27.012906 +0200,
0,0,0,,,,,0,0,0,0,,,,,#88BA3F,1487.8167345523834,False,space,correct rejection,None,416.3017272949219,,59,13,1back_single_main_click,1,,8,7,15,24,12,,,,,,,,,,,20,02,yes,no,no,2025-08-18_16h47.41.980,EXNAT_4_TMS_Psychopy2024.2.5.psyexp,2024.2.5,2025-08-18 17h00.27.012906 +0200,
0,0,0,,,,,0,0,0,0,,,,,#88BA3F,1488.457214832306,True,space,miss,None,751.7473697662354,,60,13,1back_single_main_click,1,,8,7,15,24,12,,,,,,,,,,,20,02,yes,no,no,2025-08-18_16h47.41.980,EXNAT_4_TMS_Psychopy2024.2.5.psyexp,2024.2.5,2025-08-18 17h00.27.012906 +0200,
0,0,0,,,,,0,0,0,0,,,,,#2AB7EF,1491.7002284526825,False,space,correct rejection,None,564.6705627441406,,1,14,1back_single_main_click,1,,9,7,16,24,12,1491.7520401477814,,,,,,,,,,20,02,yes,no,no,2025-08-18_16h47.41.980,EXNAT_4_TMS_Psychopy2024.2.5.psyexp,2024.2.5,2025-08-18 17h00.27.012906 +0200,
0,0,0,,,,,0,0,0,0,,,,,#D292F3,1492.477732181549,False,space,correct rejection,None,507.2293281555176,,2,14,1back_single_main_click,1,,9,7,16,24,12,,,,,,,,,,,20,02,yes,no,no,2025-08-18_16h47.41.980,EXNAT_4_TMS_Psychopy2024.2.5.psyexp,2024.2.5,2025-08-18 17h00.27.012906 +0200,
0,0,0,,,,,0,0,0,0,,,,,#88BA3F,1493.2002766132355,False,space,correct rejection,None,456.74633979797363,,3,14,1back_single_main_click,1,,9,7,16,24,12,,,,,,,,,,,20,02,yes,no,no,2025-08-18_16h47.41.980,EXNAT_4_TMS_Psychopy2024.2.5.psyexp,2024.2.5,2025-08-18 17h00.27.012906 +0200,
0,0,0,,,,,0,0,0,0,,,,,#F989A2,1493.8733975887299,False,space,correct rejection,None,471.569299697876,,4,14,1back_single_main_click,1,,9,7,16,24,12,,,,,,,,,,,20,02,yes,no,no,2025-08-18_16h47.41.980,EXNAT_4_TMS_Psychopy2024.2.5.psyexp,2024.2.5,2025-08-18 17h00.27.012906 +0200,
0,0,0,,,,,0,0,0,0,,,,,#88BA3F,1494.5622832775116,False,space,correct rejection,None,486.76514625549316,,5,14,1back_single_main_click,1,,9,7,16,24,12,,,,,,,,,,,20,02,yes,no,no,2025-08-18_16h47.41.980,EXNAT_4_TMS_Psychopy2024.2.5.psyexp,2024.2.5,2025-08-18 17h00.27.012906 +0200,
0,0,0,,,,,0,0,0,0,,,,,#2AB7EF,1495.266197681427,False,space,correct rejection,None,422.7583408355713,,6,14,1back_single_main_click,1,,9,7,16,24,12,,,,,,,,,,,20,02,yes,no,no,2025-08-18_16h47.41.980,EXNAT_4_TMS_Psychopy2024.2.5.psyexp,2024.2.5,2025-08-18 17h00.27.012906 +0200,
0,0,0,,,,,0,0,0,0,,,,,#F989A2,1495.905527830124,False,space,correct rejection,None,423.47121238708496,,7,14,1back_single_main_click,1,,9,7,16,24,12,,,,,,,,,,,20,02,yes,no,no,2025-08-18_16h47.41.980,EXNAT_4_TMS_Psychopy2024.2.5.psyexp,2024.2.5,2025-08-18 17h00.27.012906 +0200,
0,0,0,,,,,0,0,0,0,,,,,#F989A2,1496.5462865829468,True,l,hit,454.7722339630127,870.6352710723877,,8,14,1back_single_main_click,1,,9,8,17,24,12,1496.752061843872,,,,,,,,,,20,02,yes,no,no,2025-08-18_16h47.41.980,EXNAT_4_TMS_Psychopy2024.2.5.psyexp,2024.2.5,2025-08-18 17h00.27.012906 +0200,
0,0,0,,,,,0,0,0,0,,,,,#2AB7EF,1497.641164302826,False,space,correct rejection,None,543.8597202301025,,9,14,1back_single_main_click,1,,9,8,17,24,12,,,,,,,,,,,20,02,yes,no,no,2025-08-18_16h47.41.980,EXNAT_4_TMS_Psychopy2024.2.5.psyexp,2024.2.5,2025-08-18 17h00.27.012906 +0200,
0,0,0,,,,,0,0,0,0,,,,,#D292F3,1498.408478975296,False,space,correct rejection,None,464.5664691925049,,10,14,1back_single_main_click,1,,9,8,17,24,12,,,,,,,,,,,20,02,yes,no,no,2025-08-18_16h47.41.980,EXNAT_4_TMS_Psychopy2024.2.5.psyexp,2024.2.5,2025-08-18 17h00.27.012906 +0200,
0,0,0,,,,,0,0,0,0,,,,,#88BA3F,1499.0969185829163,False,space,correct rejection,None,416.22281074523926,,11,14,1back_single_main_click,1,,9,8,17,24,12,,,,,,,,,,,20,02,yes,no,no,2025-08-18_16h47.41.980,EXNAT_4_TMS_Psychopy2024.2.5.psyexp,2024.2.5,2025-08-18 17h00.27.012906 +0200,
0,0,0,,,,,0,0,0,0,,,,,#D292F3,1499.737268447876,False,space,correct rejection,None,799.5438575744629,,12,14,1back_single_main_click,1,,9,8,17,24,12,,,,,,,,,,,20,02,yes,no,no,2025-08-18_16h47.41.980,EXNAT_4_TMS_Psychopy2024.2.5.psyexp,2024.2.5,2025-08-18 17h00.27.012906 +0200,
0,0,0,,,,,0,0,0,0,,,,,#F989A2,1500.7603662014008,False,space,correct rejection,None,448.73547554016113,,13,14,1back_single_main_click,1,,9,8,17,24,12,,,,,,,,,,,20,02,yes,no,no,2025-08-18_16h47.41.980,EXNAT_4_TMS_Psychopy2024.2.5.psyexp,2024.2.5,2025-08-18 17h00.27.012906 +0200,
0,0,0,,,,,0,0,0,0,,,,,#D292F3,1501.4327218532562,False,space,correct rejection,None,448.3017921447754,,14,14,1back_single_main_click,1,,10,8,18,24,12,1501.7520723342896,,,,,,,,,,20,02,yes,no,no,2025-08-18_16h47.41.980,EXNAT_4_TMS_Psychopy2024.2.5.psyexp,2024.2.5,2025-08-18 17h00.27.012906 +0200,
0,0,0,,,,,0,0,0,0,,,,,#2AB7EF,1502.1048197746277,False,space,correct rejection,None,480.18622398376465,,15,14,1back_single_main_click,1,,10,8,18,24,12,,,,,,,,,,,20,02,yes,no,no,2025-08-18_16h47.41.980,EXNAT_4_TMS_Psychopy2024.2.5.psyexp,2024.2.5,2025-08-18 17h00.27.012906 +0200,
0,0,0,,,,,0,0,0,0,,,,,#F989A2,1502.8087458610535,False,space,correct rejection,None,416.2614345550537,,16,14,1back_single_main_click,1,,10,8,18,24,12,,,,,,,,,,,20,02,yes,no,no,2025-08-18_16h47.41.980,EXNAT_4_TMS_Psychopy2024.2.5.psyexp,2024.2.5,2025-08-18 17h00.27.012906 +0200,
0,0,0,,,,,0,0,0,0,,,,,#D292F3,1503.448814868927,False,space,correct rejection,None,560.1444244384766,,17,14,1back_single_main_click,1,,10,8,18,24,12,,,,,,,,,,,20,02,yes,no,no,2025-08-18_16h47.41.980,EXNAT_4_TMS_Psychopy2024.2.5.psyexp,2024.2.5,2025-08-18 17h00.27.012906 +0200,
0,0,0,,,,,0,0,0,0,,,,,#88BA3F,1504.2332496643066,False,space,correct rejection,None,463.7939929962158,,18,14,1back_single_main_click,1,,10,8,18,24,12,,,,,,,,,,,20,02,yes,no,no,2025-08-18_16h47.41.980,EXNAT_4_TMS_Psychopy2024.2.5.psyexp,2024.2.5,2025-08-18 17h00.27.012906 +0200,
0,0,0,,,,,0,0,0,0,,,,,#F989A2,1504.9204788208008,False,space,correct rejection,None,400.53462982177734,,19,14,1back_single_main_click,1,,10,8,18,24,12,,,,,,,,,,,20,02,yes,no,no,2025-08-18_16h47.41.980,EXNAT_4_TMS_Psychopy2024.2.5.psyexp,2024.2.5,2025-08-18 17h00.27.012906 +0200,
0,0,0,,,,,0,0,0,0,,,,,#D292F3,1505.5450274944305,False,space,correct rejection,None,527.878999710083,,20,14,1back_single_main_click,1,,10,8,18,24,12,,,,,,,,,,,20,02,yes,no,no,2025-08-18_16h47.41.980,EXNAT_4_TMS_Psychopy2024.2.5.psyexp,2024.2.5,2025-08-18 17h00.27.012906 +0200,
0,0,0,,,,,0,0,0,0,,,,,#2AB7EF,1506.2952897548676,False,space,correct rejection,None,433.64834785461426,,21,14,1back_single_main_click,1,,10,8,18,24,12,,,,,,,,,,,20,02,yes,no,no,2025-08-18_16h47.41.980,EXNAT_4_TMS_Psychopy2024.2.5.psyexp,2024.2.5,2025-08-18 17h00.27.012906 +0200,
0,0,0,,,,,0,0,0,0,,,,,#2AB7EF,1506.9526543617249,True,l,hit,512.3939514160156,864.2077445983887,,22,14,1back_single_main_click,1,,10,9,19,24,12,1507.0137495994568,,,,,,,,,,20,02,yes,no,no,2025-08-18_16h47.41.980,EXNAT_4_TMS_Psychopy2024.2.5.psyexp,2024.2.5,2025-08-18 17h00.27.012906 +0200,
0,0,0,,,,,0,0,0,0,,,,,#88BA3F,1508.040049791336,False,space,correct rejection,None,368.9689636230469,,23,14,1back_single_main_click,1,,10,9,19,24,12,,,,,,,,,,,20,02,yes,no,no,2025-08-18_16h47.41.980,EXNAT_4_TMS_Psychopy2024.2.5.psyexp,2024.2.5,2025-08-18 17h00.27.012906 +0200,
0,0,0,,,,,0,0,0,0,,,,,#F989A2,1508.6326096057892,False,space,correct rejection,None,400.49028396606445,,24,14,1back_single_main_click,1,,10,9,19,24,12,,,,,,,,,,,20,02,yes,no,no,2025-08-18_16h47.41.980,EXNAT_4_TMS_Psychopy2024.2.5.psyexp,2024.2.5,2025-08-18 17h00.27.012906 +0200,
0,0,0,,,,,0,0,0,0,,,,,#F989A2,1509.257212638855,True,l,hit,543.7843799591064,927.6101589202881,,25,14,1back_single_main_click,1,,10,9,19,24,12,,,,,,,,,,,20,02,yes,no,no,2025-08-18_16h47.41.980,EXNAT_4_TMS_Psychopy2024.2.5.psyexp,2024.2.5,2025-08-18 17h00.27.012906 +0200,
0,0,0,,,,,0,0,0,0,,,,,#88BA3F,1510.4082407951355,False,space,correct rejection,None,368.7176704406738,,26,14,1back_single_main_click,1,,10,9,19,24,12,,,,,,,,,,,20,02,yes,no,no,2025-08-18_16h47.41.980,EXNAT_4_TMS_Psychopy2024.2.5.psyexp,2024.2.5,2025-08-18 17h00.27.012906 +0200,
0,0,0,,,,,0,0,0,0,,,,,#2AB7EF,1511.000358581543,False,space,correct rejection,None,384.6895694732666,,27,14,1back_single_main_click,1,,10,9,19,24,12,,,,,,,,,,,20,02,yes,no,no,2025-08-18_16h47.41.980,EXNAT_4_TMS_Psychopy2024.2.5.psyexp,2024.2.5,2025-08-18 17h00.27.012906 +0200,
0,0,0,,,,,0,0,0,0,,,,,#D292F3,1511.6087410449982,False,space,correct rejection,None,576.3959884643555,,28,14,1back_single_main_click,1,,11,9,20,24,12,1512.0136103630066,,,,,,,,,,20,02,yes,no,no,2025-08-18_16h47.41.980,EXNAT_4_TMS_Psychopy2024.2.5.psyexp,2024.2.5,2025-08-18 17h00.27.012906 +0200,
0,0,0,,,,,0,0,0,0,,,,,#2AB7EF,1512.4087340831757,False,space,correct rejection,None,496.3531494140625,,29,14,1back_single_main_click,1,,11,9,20,24,12,,,,,,,,,,,20,02,yes,no,no,2025-08-18_16h47.41.980,EXNAT_4_TMS_Psychopy2024.2.5.psyexp,2024.2.5,2025-08-18 17h00.27.012906 +0200,
0,0,0,,,,,0,0,0,0,,,,,#2AB7EF,1513.1292729377747,True,l,hit,527.4615287780762,863.3155822753906,,30,14,1back_single_main_click,1,,11,9,20,24,12,,,,,,,,,,,20,02,yes,no,no,2025-08-18_16h47.41.980,EXNAT_4_TMS_Psychopy2024.2.5.psyexp,2024.2.5,2025-08-18 17h00.27.012906 +0200,
0,0,0,,,,,0,0,0,0,,,,,#D292F3,1514.2162330150604,False,space,correct rejection,None,400.8314609527588,,31,14,1back_single_main_click,1,,11,9,20,24,12,,,,,,,,,,,20,02,yes,no,no,2025-08-18_16h47.41.980,EXNAT_4_TMS_Psychopy2024.2.5.psyexp,2024.2.5,2025-08-18 17h00.27.012906 +0200,
0,0,0,,,,,0,0,0,0,,,,,#F989A2,1514.8407447338104,False,space,correct rejection,None,416.3525104522705,,32,14,1back_single_main_click,1,,11,9,20,24,12,,,,,,,,,,,20,02,yes,no,no,2025-08-18_16h47.41.980,EXNAT_4_TMS_Psychopy2024.2.5.psyexp,2024.2.5,2025-08-18 17h00.27.012906 +0200,
0,0,0,,,,,0,0,0,0,,,,,#F989A2,1515.480952501297,True,l,hit,543.8532829284668,943.6945915222168,,33,14,1back_single_main_click,1,,11,9,20,24,12,,,,,,,,,,,20,02,yes,no,no,2025-08-18_16h47.41.980,EXNAT_4_TMS_Psychopy2024.2.5.psyexp,2024.2.5,2025-08-18 17h00.27.012906 +0200,
0,0,0,,,,,0,0,0,0,,,,,#D292F3,1516.6483459472656,False,space,correct rejection,None,384.6478462219238,,34,14,1back_single_main_click,1,,11,9,20,24,12,,,,,,,,,,,20,02,yes,no,no,2025-08-18_16h47.41.980,EXNAT_4_TMS_Psychopy2024.2.5.psyexp,2024.2.5,2025-08-18 17h00.27.012906 +0200,
0,0,0,,,,,0,0,0,0,,,,,#88BA3F,1517.256982088089,False,space,correct rejection,None,416.0175323486328,,35,14,1back_single_main_click,1,,11,9,20,24,12,,,,,,,,,,,20,02,yes,no,no,2025-08-18_16h47.41.980,EXNAT_4_TMS_Psychopy2024.2.5.psyexp,2024.2.5,2025-08-18 17h00.27.012906 +0200,
0,0,0,,,,,0,0,0,0,,,,,#88BA3F,1517.8969984054565,True,space,miss,None,367.74230003356934,,36,14,1back_single_main_click,1,,11,9,20,24,12,,,,,,,,,,,20,02,yes,no,no,2025-08-18_16h47.41.980,EXNAT_4_TMS_Psychopy2024.2.5.psyexp,2024.2.5,2025-08-18 17h00.27.012906 +0200,
0,0,0,,,,,0,0,0,0,,,,,#88BA3F,1518.4891777038574,True,l,hit,495.84364891052246,799.6630668640137,,37,14,1back_single_main_click,1,,11,10,21,24,12,1518.5457515716553,,,,,,,,,,20,02,yes,no,no,2025-08-18_16h47.41.980,EXNAT_4_TMS_Psychopy2024.2.5.psyexp,2024.2.5,2025-08-18 17h00.27.012906 +0200,
0,0,0,,,,,0,0,0,0,,,,,#D292F3,1519.5137667655945,False,space,correct rejection,None,831.2058448791504,,38,14,1back_single_main_click,1,,11,10,21,24,12,,,,,,,,,,,20,02,yes,no,no,2025-08-18_16h47.41.980,EXNAT_4_TMS_Psychopy2024.2.5.psyexp,2024.2.5,2025-08-18 17h00.27.012906 +0200,
0,0,0,,,,,0,0,0,0,,,,,#88BA3F,1520.569800376892,False,space,correct rejection,None,431.18762969970703,,39,14,1back_single_main_click,1,,11,10,21,24,12,,,,,,,,,,,20,02,yes,no,no,2025-08-18_16h47.41.980,EXNAT_4_TMS_Psychopy2024.2.5.psyexp,2024.2.5,2025-08-18 17h00.27.012906 +0200,
0,0,0,,,,,0,0,0,0,,,,,#2AB7EF,1521.224841117859,False,space,correct rejection,None,480.1161289215088,,40,14,1back_single_main_click,1,,11,10,21,24,12,,,,,,,,,,,20,02,yes,no,no,2025-08-18_16h47.41.980,EXNAT_4_TMS_Psychopy2024.2.5.psyexp,2024.2.5,2025-08-18 17h00.27.012906 +0200,
0,0,0,,,,,0,0,0,0,,,,,#D292F3,1521.9288778305054,False,space,correct rejection,None,400.0678062438965,,41,14,1back_single_main_click,1,,11,10,21,24,12,,,,,,,,,,,20,02,yes,no,no,2025-08-18_16h47.41.980,EXNAT_4_TMS_Psychopy2024.2.5.psyexp,2024.2.5,2025-08-18 17h00.27.012906 +0200,
0,0,0,,,,,0,0,0,0,,,,,#88BA3F,1522.5536351203918,False,space,correct rejection,None,543.3886051177979,,42,14,1back_single_main_click,1,,11,10,21,24,12,,,,,,,,,,,20,02,yes,no,no,2025-08-18_16h47.41.980,EXNAT_4_TMS_Psychopy2024.2.5.psyexp,2024.2.5,2025-08-18 17h00.27.012906 +0200,
0,0,0,,,,,0,0,0,0,,,,,#F989A2,1523.320874452591,False,space,correct rejection,None,416.1806106567383,,43,14,1back_single_main_click,1,,12,10,22,24,12,1523.5458493232727,,,,,,,,,,20,02,yes,no,no,2025-08-18_16h47.41.980,EXNAT_4_TMS_Psychopy2024.2.5.psyexp,2024.2.5,2025-08-18 17h00.27.012906 +0200,
0,0,0,,,,,0,0,0,0,,,,,#F989A2,1523.9616396427155,True,l,hit,607.391357421875,959.2173099517822,,44,14,1back_single_main_click,1,,12,10,22,24,12,,,,,,,,,,,20,02,yes,no,no,2025-08-18_16h47.41.980,EXNAT_4_TMS_Psychopy2024.2.5.psyexp,2024.2.5,2025-08-18 17h00.27.012906 +0200,
0,0,0,,,,,0,0,0,0,,,,,#D292F3,1525.144732952118,False,space,correct rejection,None,624.2659091949463,,45,14,1back_single_main_click,1,,12,10,22,24,12,,,,,,,,,,,20,02,yes,no,no,2025-08-18_16h47.41.980,EXNAT_4_TMS_Psychopy2024.2.5.psyexp,2024.2.5,2025-08-18 17h00.27.012906 +0200,
0,0,0,,,,,0,0,0,0,,,,,#2AB7EF,1525.9929103851318,False,space,correct rejection,None,416.06855392456055,,46,14,1back_single_main_click,1,,12,10,22,24,12,,,,,,,,,,,20,02,yes,no,no,2025-08-18_16h47.41.980,EXNAT_4_TMS_Psychopy2024.2.5.psyexp,2024.2.5,2025-08-18 17h00.27.012906 +0200,
0,0,0,,,,,0,0,0,0,,,,,#F989A2,1526.6325035095215,False,space,correct rejection,None,416.55516624450684,,47,14,1back_single_main_click,1,,12,10,22,24,12,,,,,,,,,,,20,02,yes,no,no,2025-08-18_16h47.41.980,EXNAT_4_TMS_Psychopy2024.2.5.psyexp,2024.2.5,2025-08-18 17h00.27.012906 +0200,
0,0,0,,,,,0,0,0,0,,,,,#2AB7EF,1527.2728312015533,False,space,correct rejection,None,608.0915927886963,,48,14,1back_single_main_click,1,,12,10,22,24,12,,,,,,,,,,,20,02,yes,no,no,2025-08-18_16h47.41.980,EXNAT_4_TMS_Psychopy2024.2.5.psyexp,2024.2.5,2025-08-18 17h00.27.012906 +0200,
0,0,0,,,,,0,0,0,0,,,,,#D292F3,1528.1047780513763,False,space,correct rejection,None,480.008602142334,,49,14,1back_single_main_click,1,,12,10,22,24,12,,,,,,,,,,,20,02,yes,no,no,2025-08-18_16h47.41.980,EXNAT_4_TMS_Psychopy2024.2.5.psyexp,2024.2.5,2025-08-18 17h00.27.012906 +0200,
0,0,0,,,,,0,0,0,0,,,,,#88BA3F,1528.8083655834198,False,space,correct rejection,None,368.58224868774414,,50,14,1back_single_main_click,1,,12,10,22,24,12,,,,,,,,,,,20,02,yes,no,no,2025-08-18_16h47.41.980,EXNAT_4_TMS_Psychopy2024.2.5.psyexp,2024.2.5,2025-08-18 17h00.27.012906 +0200,
0,0,0,,,,,0,0,0,0,,,,,#2AB7EF,1529.4004876613617,False,space,correct rejection,None,432.5573444366455,,51,14,1back_single_main_click,1,,12,10,22,24,12,,,,,,,,,,,20,02,yes,no,no,2025-08-18_16h47.41.980,EXNAT_4_TMS_Psychopy2024.2.5.psyexp,2024.2.5,2025-08-18 17h00.27.012906 +0200,
0,0,0,,,,,0,0,0,0,,,,,#2AB7EF,1530.0567872524261,True,l,hit,496.2024688720703,928.0462265014648,,52,14,1back_single_main_click,1,,12,10,22,24,12,,,,,,,,,,,20,02,yes,no,no,2025-08-18_16h47.41.980,EXNAT_4_TMS_Psychopy2024.2.5.psyexp,2024.2.5,2025-08-18 17h00.27.012906 +0200,
0,0,0,,,,,0,0,0,0,,,,,#2AB7EF,1531.2084655761719,True,space,miss,None,432.56664276123047,,53,14,1back_single_main_click,1,,12,11,23,24,12,1531.263403892517,,,,,,,,,,20,02,yes,no,no,2025-08-18_16h47.41.980,EXNAT_4_TMS_Psychopy2024.2.5.psyexp,2024.2.5,2025-08-18 17h00.27.012906 +0200,
0,0,0,,,,,0,0,0,0,,,,,#88BA3F,1531.865062713623,False,space,correct rejection,None,623.9361763000488,,54,14,1back_single_main_click,1,,12,11,23,24,12,,,,,,,,,,,20,02,yes,no,no,2025-08-18_16h47.41.980,EXNAT_4_TMS_Psychopy2024.2.5.psyexp,2024.2.5,2025-08-18 17h00.27.012906 +0200,
0,0,0,,,,,0,0,0,0,,,,,#88BA3F,1532.7133882045746,True,l,hit,479.56085205078125,847.4130630493164,,55,14,1back_single_main_click,1,,12,11,23,24,12,,,,,,,,,,,20,02,yes,no,no,2025-08-18_16h47.41.980,EXNAT_4_TMS_Psychopy2024.2.5.psyexp,2024.2.5,2025-08-18 17h00.27.012906 +0200,
0,0,0,,,,,0,0,0,0,,,,,#F989A2,1533.7846121788025,False,space,correct rejection,None,448.3497142791748,,56,14,1back_single_main_click,1,,12,11,23,24,12,,,,,,,,,,,20,02,yes,no,no,2025-08-18_16h47.41.980,EXNAT_4_TMS_Psychopy2024.2.5.psyexp,2024.2.5,2025-08-18 17h00.27.012906 +0200,
0,0,0,,,,,0,0,0,0,,,,,#D292F3,1534.4566102027893,False,space,correct rejection,None,432.3296546936035,,57,14,1back_single_main_click,1,,12,11,23,24,12,,,,,,,,,,,20,02,yes,no,no,2025-08-18_16h47.41.980,EXNAT_4_TMS_Psychopy2024.2.5.psyexp,2024.2.5,2025-08-18 17h00.27.012906 +0200,
0,0,0,,,,,0,0,0,0,,,,,#F989A2,1535.1127812862396,False,space,correct rejection,None,496.2437152862549,,58,14,1back_single_main_click,1,,12,11,23,24,12,,,,,,,,,,,20,02,yes,no,no,2025-08-18_16h47.41.980,EXNAT_4_TMS_Psychopy2024.2.5.psyexp,2024.2.5,2025-08-18 17h00.27.012906 +0200,
0,0,0,,,,,0,0,0,0,,,,,#F989A2,1535.8331472873688,True,l,hit,447.8311538696289,879.6343803405762,,59,14,1back_single_main_click,1,,12,12,24,24,inf,1536.2633213996887,,,,,,,,,,20,02,yes,no,no,2025-08-18_16h47.41.980,EXNAT_4_TMS_Psychopy2024.2.5.psyexp,2024.2.5,2025-08-18 17h00.27.012906 +0200,
0,0,0,,,,,0,0,0,0,,,,,#D292F3,1536.9366006851196,False,space,correct rejection,None,384.4015598297119,,60,14,1back_single_main_click,1,,12,12,24,24,inf,,,,,,,,,,,20,02,yes,no,no,2025-08-18_16h47.41.980,EXNAT_4_TMS_Psychopy2024.2.5.psyexp,2024.2.5,2025-08-18 17h00.27.012906 +0200,
0,0,0,,,,,0,0,0,0,,,,,#F989A2,1549.5755050182343,False,space,correct rejection,None,577.3622989654541,,1,15,2back_single_main_click,2,,1,0,1,24,12,1549.6335060596466,,,,,,,,,,20,02,yes,no,no,2025-08-18_16h47.41.980,EXNAT_4_TMS_Psychopy2024.2.5.psyexp,2024.2.5,2025-08-18 17h00.27.012906 +0200,
0,0,0,,,,,0,0,0,0,,,,,#F989A2,1550.365844964981,False,space,correct rejection,None,475.2051830291748,,2,15,2back_single_main_click,2,,1,0,1,24,12,,,,,,,,,,,20,02,yes,no,no,2025-08-18_16h47.41.980,EXNAT_4_TMS_Psychopy2024.2.5.psyexp,2024.2.5,2025-08-18 17h00.27.012906 +0200,
0,0,0,,,,,0,0,0,0,,,,,#2AB7EF,1551.057059288025,False,space,correct rejection,None,551.9685745239258,,3,15,2back_single_main_click,2,,1,0,1,24,12,,,,,,,,,,,20,02,yes,no,no,2025-08-18_16h47.41.980,EXNAT_4_TMS_Psychopy2024.2.5.psyexp,2024.2.5,2025-08-18 17h00.27.012906 +0200,
0,0,0,,,,,0,0,0,0,,,,,#D292F3,1551.8259780406952,False,space,correct rejection,None,519.0219879150391,,4,15,2back_single_main_click,2,,1,0,1,24,12,,,,,,,,,,,20,02,yes,no,no,2025-08-18_16h47.41.980,EXNAT_4_TMS_Psychopy2024.2.5.psyexp,2024.2.5,2025-08-18 17h00.27.012906 +0200,
0,0,0,,,,,0,0,0,0,,,,,#F989A2,1552.562310218811,False,space,correct rejection,None,790.7238006591797,,5,15,2back_single_main_click,2,,1,0,1,24,12,,,,,,,,,,,20,02,yes,no,no,2025-08-18_16h47.41.980,EXNAT_4_TMS_Psychopy2024.2.5.psyexp,2024.2.5,2025-08-18 17h00.27.012906 +0200,
0,0,0,,,,,0,0,0,0,,,,,#2AB7EF,1553.5703125,False,space,correct rejection,None,534.7113609313965,,6,15,2back_single_main_click,2,,1,0,1,24,12,,,,,,,,,,,20,02,yes,no,no,2025-08-18_16h47.41.980,EXNAT_4_TMS_Psychopy2024.2.5.psyexp,2024.2.5,2025-08-18 17h00.27.012906 +0200,
0,0,0,,,,,0,0,0,0,,,,,#2AB7EF,1554.3222677707672,False,space,correct rejection,None,662.7063751220703,,7,15,2back_single_main_click,2,,2,0,2,24,12,1554.6334912776947,,,,,,,,,,20,02,yes,no,no,2025-08-18_16h47.41.980,EXNAT_4_TMS_Psychopy2024.2.5.psyexp,2024.2.5,2025-08-18 17h00.27.012906 +0200,
0,0,0,,,,,0,0,0,0,,,,,#D292F3,1555.2090532779694,False,space,correct rejection,None,799.9458312988281,,8,15,2back_single_main_click,2,,2,0,2,24,12,,,,,,,,,,,20,02,yes,no,no,2025-08-18_16h47.41.980,EXNAT_4_TMS_Psychopy2024.2.5.psyexp,2024.2.5,2025-08-18 17h00.27.012906 +0200,
0,0,0,,,,,0,0,0,0,,,,,#D292F3,1556.2329666614532,False,space,correct rejection,None,719.8426723480225,,9,15,2back_single_main_click,2,,2,0,2,24,12,,,,,,,,,,,20,02,yes,no,no,2025-08-18_16h47.41.980,EXNAT_4_TMS_Psychopy2024.2.5.psyexp,2024.2.5,2025-08-18 17h00.27.012906 +0200,
0,0,0,,,,,0,0,0,0,,,,,#88BA3F,1557.1767547130585,False,space,correct rejection,None,576.2557983398438,,10,15,2back_single_main_click,2,,2,0,2,24,12,,,,,,,,,,,20,02,yes,no,no,2025-08-18_16h47.41.980,EXNAT_4_TMS_Psychopy2024.2.5.psyexp,2024.2.5,2025-08-18 17h00.27.012906 +0200,
0,0,0,,,,,0,0,0,0,,,,,#88BA3F,1557.9773831367493,False,space,correct rejection,None,607.6757907867432,,11,15,2back_single_main_click,2,,2,0,2,24,12,,,,,,,,,,,20,02,yes,no,no,2025-08-18_16h47.41.980,EXNAT_4_TMS_Psychopy2024.2.5.psyexp,2024.2.5,2025-08-18 17h00.27.012906 +0200,
0,0,0,,,,,0,0,0,0,,,,,#88BA3F,1558.808937072754,True,l,hit,735.9881401062012,1231.8780422210693,,12,15,2back_single_main_click,2,,2,1,3,24,12,1559.633517742157,,,,,,,,,,20,02,yes,no,no,2025-08-18_16h47.41.980,EXNAT_4_TMS_Psychopy2024.2.5.psyexp,2024.2.5,2025-08-18 17h00.27.012906 +0200,
0,0,0,,,,,0,0,0,0,,,,,#F989A2,1560.2646055221558,False,space,correct rejection,None,880.4647922515869,,13,15,2back_single_main_click,2,,2,1,3,24,12,,,,,,,,,,,20,02,yes,no,no,2025-08-18_16h47.41.980,EXNAT_4_TMS_Psychopy2024.2.5.psyexp,2024.2.5,2025-08-18 17h00.27.012906 +0200,
0,0,0,,,,,0,0,0,0,,,,,#D292F3,1561.3692677021027,False,space,correct rejection,None,655.754566192627,,14,15,2back_single_main_click,2,,2,1,3,24,12,,,,,,,,,,,20,02,yes,no,no,2025-08-18_16h47.41.980,EXNAT_4_TMS_Psychopy2024.2.5.psyexp,2024.2.5,2025-08-18 17h00.27.012906 +0200,
0,0,0,,,,,0,0,0,0,,,,,#2AB7EF,1562.2486214637756,False,space,correct rejection,None,864.3450736999512,,15,15,2back_single_main_click,2,,2,1,3,24,12,,,,,,,,,,,20,02,yes,no,no,2025-08-18_16h47.41.980,EXNAT_4_TMS_Psychopy2024.2.5.psyexp,2024.2.5,2025-08-18 17h00.27.012906 +0200,
0,0,0,,,,,0,0,0,0,,,,,#D292F3,1563.3367357254028,True,space,miss,None,496.2947368621826,,16,15,2back_single_main_click,2,,2,1,3,24,12,,,,,,,,,,,20,02,yes,no,no,2025-08-18_16h47.41.980,EXNAT_4_TMS_Psychopy2024.2.5.psyexp,2024.2.5,2025-08-18 17h00.27.012906 +0200,
0,0,0,,,,,0,0,0,0,,,,,#2AB7EF,1564.0570163726807,True,space,miss,None,576.0416984558105,,17,15,2back_single_main_click,2,,2,1,3,24,12,,,,,,,,,,,20,02,yes,no,no,2025-08-18_16h47.41.980,EXNAT_4_TMS_Psychopy2024.2.5.psyexp,2024.2.5,2025-08-18 17h00.27.012906 +0200,
0,0,0,,,,,0,0,0,0,,,,,#F989A2,1564.8576097488403,False,space,correct rejection,None,559.3745708465576,,18,15,2back_single_main_click,2,,3,1,4,24,12,1564.916599035263,,,,,,,,,,20,02,yes,no,no,2025-08-18_16h47.41.980,EXNAT_4_TMS_Psychopy2024.2.5.psyexp,2024.2.5,2025-08-18 17h00.27.012906 +0200,
0,0,0,,,,,0,0,0,0,,,,,#2AB7EF,1565.6405200958252,True,space,miss,None,480.44896125793457,,19,15,2back_single_main_click,2,,3,1,4,24,12,,,,,,,,,,,20,02,yes,no,no,2025-08-18_16h47.41.980,EXNAT_4_TMS_Psychopy2024.2.5.psyexp,2024.2.5,2025-08-18 17h00.27.012906 +0200,
0,0,0,,,,,0,0,0,0,,,,,#F989A2,1566.3447194099426,True,l,hit,432.25860595703125,640.099287033081,,20,15,2back_single_main_click,2,,3,1,4,24,12,,,,,,,,,,,20,02,yes,no,no,2025-08-18_16h47.41.980,EXNAT_4_TMS_Psychopy2024.2.5.psyexp,2024.2.5,2025-08-18 17h00.27.012906 +0200,
0,0,0,,,,,0,0,0,0,,,,,#88BA3F,1567.2078142166138,False,space,correct rejection,None,497.15566635131836,,21,15,2back_single_main_click,2,,3,1,4,24,12,,,,,,,,,,,20,02,yes,no,no,2025-08-18_16h47.41.980,EXNAT_4_TMS_Psychopy2024.2.5.psyexp,2024.2.5,2025-08-18 17h00.27.012906 +0200,
0,0,0,,,,,0,0,0,0,,,,,#88BA3F,1567.9294316768646,False,space,correct rejection,None,527.587890625,,22,15,2back_single_main_click,2,,3,1,4,24,12,,,,,,,,,,,20,02,yes,no,no,2025-08-18_16h47.41.980,EXNAT_4_TMS_Psychopy2024.2.5.psyexp,2024.2.5,2025-08-18 17h00.27.012906 +0200,
0,0,0,,,,,0,0,0,0,,,,,#88BA3F,1568.6813740730286,True,l,hit,527.5933742523193,863.461971282959,,23,15,2back_single_main_click,2,,3,1,4,24,12,,,,,,,,,,,20,02,yes,no,no,2025-08-18_16h47.41.980,EXNAT_4_TMS_Psychopy2024.2.5.psyexp,2024.2.5,2025-08-18 17h00.27.012906 +0200,
0,0,0,,,,,0,0,0,0,,,,,#D292F3,1569.7686519622803,False,space,correct rejection,None,448.43077659606934,,24,15,2back_single_main_click,2,,3,1,4,24,12,,,,,,,,,,,20,02,yes,no,no,2025-08-18_16h47.41.980,EXNAT_4_TMS_Psychopy2024.2.5.psyexp,2024.2.5,2025-08-18 17h00.27.012906 +0200,
0,0,0,,,,,0,0,0,0,,,,,#F989A2,1570.4412109851837,False,space,correct rejection,None,479.74419593811035,,25,15,2back_single_main_click,2,,3,1,4,24,12,,,,,,,,,,,20,02,yes,no,no,2025-08-18_16h47.41.980,EXNAT_4_TMS_Psychopy2024.2.5.psyexp,2024.2.5,2025-08-18 17h00.27.012906 +0200,
0,0,0,,,,,0,0,0,0,,,,,#88BA3F,1571.144586801529,False,space,correct rejection,None,528.3775329589844,,26,15,2back_single_main_click,2,,3,1,4,24,12,,,,,,,,,,,20,02,yes,no,no,2025-08-18_16h47.41.980,EXNAT_4_TMS_Psychopy2024.2.5.psyexp,2024.2.5,2025-08-18 17h00.27.012906 +0200,
0,0,0,,,,,0,0,0,0,,,,,#2AB7EF,1571.8970110416412,False,space,correct rejection,None,1231.9447994232178,,27,15,2back_single_main_click,2,,3,1,4,24,12,,,,,,,,,,,20,02,yes,no,no,2025-08-18_16h47.41.980,EXNAT_4_TMS_Psychopy2024.2.5.psyexp,2024.2.5,2025-08-18 17h00.27.012906 +0200,
0,0,0,,,,,0,0,0,0,,,,,#D292F3,1573.3532016277313,False,space,correct rejection,None,511.77453994750977,,28,15,2back_single_main_click,2,,3,1,4,24,12,,,,,,,,,,,20,02,yes,no,no,2025-08-18_16h47.41.980,EXNAT_4_TMS_Psychopy2024.2.5.psyexp,2024.2.5,2025-08-18 17h00.27.012906 +0200,
0,0,0,,,,,0,0,0,0,,,,,#F989A2,1574.088941335678,False,space,correct rejection,None,992.1214580535889,,29,15,2back_single_main_click,2,,3,1,4,24,12,,,,,,,,,,,20,02,yes,no,no,2025-08-18_16h47.41.980,EXNAT_4_TMS_Psychopy2024.2.5.psyexp,2024.2.5,2025-08-18 17h00.27.012906 +0200,
0,0,0,,,,,0,0,0,0,,,,,#88BA3F,1575.3043501377106,False,space,correct rejection,None,496.71196937561035,,30,15,2back_single_main_click,2,,3,1,4,24,12,,,,,,,,,,,20,02,yes,no,no,2025-08-18_16h47.41.980,EXNAT_4_TMS_Psychopy2024.2.5.psyexp,2024.2.5,2025-08-18 17h00.27.012906 +0200,
0,0,0,,,,,0,0,0,0,,,,,#88BA3F,1576.025147676468,False,space,correct rejection,None,655.9281349182129,,31,15,2back_single_main_click,2,,3,1,4,24,12,,,,,,,,,,,20,02,yes,no,no,2025-08-18_16h47.41.980,EXNAT_4_TMS_Psychopy2024.2.5.psyexp,2024.2.5,2025-08-18 17h00.27.012906 +0200,
0,0,0,,,,,0,0,0,0,,,,,#2AB7EF,1576.9055078029633,False,space,correct rejection,None,639.4782066345215,,32,15,2back_single_main_click,2,,3,1,4,24,12,,,,,,,,,,,20,02,yes,no,no,2025-08-18_16h47.41.980,EXNAT_4_TMS_Psychopy2024.2.5.psyexp,2024.2.5,2025-08-18 17h00.27.012906 +0200,
0,0,0,,,,,0,0,0,0,,,,,#F989A2,1577.7688519954681,False,space,correct rejection,None,512.1452808380127,,33,15,2back_single_main_click,2,,3,1,4,24,12,,,,,,,,,,,20,02,yes,no,no,2025-08-18_16h47.41.980,EXNAT_4_TMS_Psychopy2024.2.5.psyexp,2024.2.5,2025-08-18 17h00.27.012906 +0200,
0,0,0,,,,,0,0,0,0,,,,,#2AB7EF,1578.505428314209,True,l,hit,543.515682220459,831.3937187194824,,34,15,2back_single_main_click,2,,3,2,5,24,12,1578.561086654663,,,,,,,,,,20,02,yes,no,no,2025-08-18_16h47.41.980,EXNAT_4_TMS_Psychopy2024.2.5.psyexp,2024.2.5,2025-08-18 17h00.27.012906 +0200,
0,0,0,,,,,0,0,0,0,,,,,#D292F3,1579.5611188411713,False,space,correct rejection,None,527.8632640838623,,35,15,2back_single_main_click,2,,3,2,5,24,12,,,,,,,,,,,20,02,yes,no,no,2025-08-18_16h47.41.980,EXNAT_4_TMS_Psychopy2024.2.5.psyexp,2024.2.5,2025-08-18 17h00.27.012906 +0200,
0,0,0,,,,,0,0,0,0,,,,,#D292F3,1580.3128681182861,False,space,correct rejection,None,640.209436416626,,36,15,2back_single_main_click,2,,3,2,5,24,12,,,,,,,,,,,20,02,yes,no,no,2025-08-18_16h47.41.980,EXNAT_4_TMS_Psychopy2024.2.5.psyexp,2024.2.5,2025-08-18 17h00.27.012906 +0200,
0,0,0,,,,,0,0,0,0,,,,,#88BA3F,1581.1769824028015,False,space,correct rejection,None,512.0251178741455,,37,15,2back_single_main_click,2,,3,2,5,24,12,,,,,,,,,,,20,02,yes,no,no,2025-08-18_16h47.41.980,EXNAT_4_TMS_Psychopy2024.2.5.psyexp,2024.2.5,2025-08-18 17h00.27.012906 +0200,
0,0,0,,,,,0,0,0,0,,,,,#F989A2,1581.9125118255615,False,space,correct rejection,None,608.5832118988037,,38,15,2back_single_main_click,2,,3,2,5,24,12,,,,,,,,,,,20,02,yes,no,no,2025-08-18_16h47.41.980,EXNAT_4_TMS_Psychopy2024.2.5.psyexp,2024.2.5,2025-08-18 17h00.27.012906 +0200,
0,0,0,,,,,0,0,0,0,,,,,#2AB7EF,1582.7450604438782,False,space,correct rejection,None,479.88224029541016,,39,15,2back_single_main_click,2,,3,2,5,24,12,,,,,,,,,,,20,02,yes,no,no,2025-08-18_16h47.41.980,EXNAT_4_TMS_Psychopy2024.2.5.psyexp,2024.2.5,2025-08-18 17h00.27.012906 +0200,
0,0,0,,,,,0,0,0,0,,,,,#2AB7EF,1583.4486165046692,False,space,correct rejection,None,832.2353363037109,,40,15,2back_single_main_click,2,,4,2,6,24,12,1583.5611109733582,,,,,,,,,,20,02,yes,no,no,2025-08-18_16h47.41.980,EXNAT_4_TMS_Psychopy2024.2.5.psyexp,2024.2.5,2025-08-18 17h00.27.012906 +0200,
0,0,0,,,,,0,0,0,0,,,,,#2AB7EF,1584.5045492649078,True,l,hit,592.5209522247314,1104.3477058410645,,41,15,2back_single_main_click,2,,4,2,6,24,12,,,,,,,,,,,20,02,yes,no,no,2025-08-18_16h47.41.980,EXNAT_4_TMS_Psychopy2024.2.5.psyexp,2024.2.5,2025-08-18 17h00.27.012906 +0200,
0,0,0,,,,,0,0,0,0,,,,,#2AB7EF,1585.8325877189636,True,space,miss,None,832.5037956237793,,42,15,2back_single_main_click,2,,4,2,6,24,12,,,,,,,,,,,20,02,yes,no,no,2025-08-18_16h47.41.980,EXNAT_4_TMS_Psychopy2024.2.5.psyexp,2024.2.5,2025-08-18 17h00.27.012906 +0200,
0,0,0,,,,,0,0,0,0,,,,,#88BA3F,1586.888994216919,False,space,correct rejection,None,1392.0257091522217,,43,15,2back_single_main_click,2,,4,2,6,24,12,,,,,,,,,,,20,02,yes,no,no,2025-08-18_16h47.41.980,EXNAT_4_TMS_Psychopy2024.2.5.psyexp,2024.2.5,2025-08-18 17h00.27.012906 +0200,
0,0,0,,,,,0,0,0,0,,,,,#F989A2,1588.5047252178192,False,space,correct rejection,None,432.36446380615234,,44,15,2back_single_main_click,2,,4,2,6,24,12,,,,,,,,,,,20,02,yes,no,no,2025-08-18_16h47.41.980,EXNAT_4_TMS_Psychopy2024.2.5.psyexp,2024.2.5,2025-08-18 17h00.27.012906 +0200,
0,0,0,,,,,0,0,0,0,,,,,#D292F3,1589.1607723236084,False,space,correct rejection,None,480.2091121673584,,45,15,2back_single_main_click,2,,4,2,6,24,12,,,,,,,,,,,20,02,yes,no,no,2025-08-18_16h47.41.980,EXNAT_4_TMS_Psychopy2024.2.5.psyexp,2024.2.5,2025-08-18 17h00.27.012906 +0200,
0,0,0,,,,,0,0,0,0,,,,,#D292F3,1589.864895105362,False,space,correct rejection,None,768.1348323822021,,46,15,2back_single_main_click,2,,4,2,6,24,12,,,,,,,,,,,20,02,yes,no,no,2025-08-18_16h47.41.980,EXNAT_4_TMS_Psychopy2024.2.5.psyexp,2024.2.5,2025-08-18 17h00.27.012906 +0200,
0,0,0,,,,,0,0,0,0,,,,,#D292F3,1590.8571882247925,True,l,hit,511.7840766906738,943.6571598052979,,47,15,2back_single_main_click,2,,4,2,6,24,12,,,,,,,,,,,20,02,yes,no,no,2025-08-18_16h47.41.980,EXNAT_4_TMS_Psychopy2024.2.5.psyexp,2024.2.5,2025-08-18 17h00.27.012906 +0200,
0,0,0,,,,,0,0,0,0,,,,,#88BA3F,1592.0241119861603,False,space,correct rejection,None,640.9087181091309,,48,15,2back_single_main_click,2,,4,2,6,24,12,,,,,,,,,,,20,02,yes,no,no,2025-08-18_16h47.41.980,EXNAT_4_TMS_Psychopy2024.2.5.psyexp,2024.2.5,2025-08-18 17h00.27.012906 +0200,
0,0,0,,,,,0,0,0,0,,,,,#D292F3,1592.888992547989,True,space,miss,None,767.9893970489502,,49,15,2back_single_main_click,2,,4,3,7,24,12,1592.9489221572876,,,,,,,,,,20,02,yes,no,no,2025-08-18_16h47.41.980,EXNAT_4_TMS_Psychopy2024.2.5.psyexp,2024.2.5,2025-08-18 17h00.27.012906 +0200,
0,0,0,,,,,0,0,0,0,,,,,#88BA3F,1593.879955291748,True,l,hit,609.0743541717529,944.9427127838135,,50,15,2back_single_main_click,2,,4,3,7,24,12,,,,,,,,,,,20,02,yes,no,no,2025-08-18_16h47.41.980,EXNAT_4_TMS_Psychopy2024.2.5.psyexp,2024.2.5,2025-08-18 17h00.27.012906 +0200,
0,0,0,,,,,0,0,0,0,,,,,#88BA3F,1595.0490100383759,False,space,correct rejection,None,864.0933036804199,,51,15,2back_single_main_click,2,,4,3,7,24,12,,,,,,,,,,,20,02,yes,no,no,2025-08-18_16h47.41.980,EXNAT_4_TMS_Psychopy2024.2.5.psyexp,2024.2.5,2025-08-18 17h00.27.012906 +0200,
0,0,0,,,,,0,0,0,0,,,,,#F989A2,1596.1369717121124,False,space,correct rejection,None,656.1429500579834,,52,15,2back_single_main_click,2,,4,3,7,24,12,,,,,,,,,,,20,02,yes,no,no,2025-08-18_16h47.41.980,EXNAT_4_TMS_Psychopy2024.2.5.psyexp,2024.2.5,2025-08-18 17h00.27.012906 +0200,
0,0,0,,,,,0,0,0,0,,,,,#2AB7EF,1597.0166234970093,False,space,correct rejection,None,528.5229682922363,,53,15,2back_single_main_click,2,,4,3,7,24,12,,,,,,,,,,,20,02,yes,no,no,2025-08-18_16h47.41.980,EXNAT_4_TMS_Psychopy2024.2.5.psyexp,2024.2.5,2025-08-18 17h00.27.012906 +0200,
0,0,0,,,,,0,0,0,0,,,,,#2AB7EF,1597.768755197525,False,l,false alarm,624.3081092834473,1120.1846599578857,,54,15,2back_single_main_click,2,,5,3,8,24,12,1597.9488139152527,,,,,,,,,,20,02,yes,no,no,2025-08-18_16h47.41.980,EXNAT_4_TMS_Psychopy2024.2.5.psyexp,2024.2.5,2025-08-18 17h00.27.012906 +0200,
0,0,0,,,,,0,0,0,0,,,,,#F989A2,1599.1124942302704,False,l,false alarm,688.378095626831,960.2010250091553,,55,15,2back_single_main_click,2,,5,3,8,24,12,,,,,,,,,,,20,02,yes,no,no,2025-08-18_16h47.41.980,EXNAT_4_TMS_Psychopy2024.2.5.psyexp,2024.2.5,2025-08-18 17h00.27.012906 +0200,
0,0,0,,,,,0,0,0,0,,,,,#F989A2,1600.2955827713013,False,l,false alarm,625.6449222564697,1105.3574085235596,,56,15,2back_single_main_click,2,,5,3,8,24,12,,,,,,,,,,,20,02,yes,no,no,2025-08-18_16h47.41.980,EXNAT_4_TMS_Psychopy2024.2.5.psyexp,2024.2.5,2025-08-18 17h00.27.012906 +0200,
0,0,0,,,,,0,0,0,0,,,,,#D292F3,1601.6260735988617,False,space,correct rejection,None,687.0357990264893,,57,15,2back_single_main_click,2,,5,3,8,24,12,,,,,,,,,,,20,02,yes,no,no,2025-08-18_16h47.41.980,EXNAT_4_TMS_Psychopy2024.2.5.psyexp,2024.2.5,2025-08-18 17h00.27.012906 +0200,
0,0,0,,,,,0,0,0,0,,,,,#88BA3F,1602.537013053894,False,space,correct rejection,None,848.1144905090332,,58,15,2back_single_main_click,2,,5,3,8,24,12,,,,,,,,,,,20,02,yes,no,no,2025-08-18_16h47.41.980,EXNAT_4_TMS_Psychopy2024.2.5.psyexp,2024.2.5,2025-08-18 17h00.27.012906 +0200,
0,0,0,,,,,0,0,0,0,,,,,#2AB7EF,1603.6096091270447,False,space,correct rejection,None,511.5058422088623,,59,15,2back_single_main_click,2,,5,3,8,24,12,,,,,,,,,,,20,02,yes,no,no,2025-08-18_16h47.41.980,EXNAT_4_TMS_Psychopy2024.2.5.psyexp,2024.2.5,2025-08-18 17h00.27.012906 +0200,
0,0,0,,,,,0,0,0,0,,,,,#D292F3,1604.3456366062164,False,space,correct rejection,None,511.46388053894043,,60,15,2back_single_main_click,2,,5,3,8,24,12,,,,,,,,,,,20,02,yes,no,no,2025-08-18_16h47.41.980,EXNAT_4_TMS_Psychopy2024.2.5.psyexp,2024.2.5,2025-08-18 17h00.27.012906 +0200,
0,0,0,,,,,0,0,0,0,,,,,#D292F3,1607.9507834911346,False,space,correct rejection,None,633.9707374572754,,1,16,2back_single_main_click,2,,5,3,8,24,12,,,,,,,,,,,20,02,yes,no,no,2025-08-18_16h47.41.980,EXNAT_4_TMS_Psychopy2024.2.5.psyexp,2024.2.5,2025-08-18 17h00.27.012906 +0200,
0,0,0,,,,,0,0,0,0,,,,,#88BA3F,1608.7985951900482,False,space,correct rejection,None,490.2968406677246,,2,16,2back_single_main_click,2,,5,3,8,24,12,,,,,,,,,,,20,02,yes,no,no,2025-08-18_16h47.41.980,EXNAT_4_TMS_Psychopy2024.2.5.psyexp,2024.2.5,2025-08-18 17h00.27.012906 +0200,
0,0,0,,,,,0,0,0,0,,,,,#2AB7EF,1609.5038936138153,False,space,correct rejection,None,617.189884185791,,3,16,2back_single_main_click,2,,5,3,8,24,12,,,,,,,,,,,20,02,yes,no,no,2025-08-18_16h47.41.980,EXNAT_4_TMS_Psychopy2024.2.5.psyexp,2024.2.5,2025-08-18 17h00.27.012906 +0200,
0,0,0,,,,,0,0,0,0,,,,,#F989A2,1610.3382530212402,False,space,correct rejection,None,710.6471061706543,,4,16,2back_single_main_click,2,,5,3,8,24,12,,,,,,,,,,,20,02,yes,no,no,2025-08-18_16h47.41.980,EXNAT_4_TMS_Psychopy2024.2.5.psyexp,2024.2.5,2025-08-18 17h00.27.012906 +0200,
0,0,0,,,,,0,0,0,0,,,,,#2AB7EF,1611.265426158905,True,l,hit,439.61429595947266,791.4924621582031,,5,16,2back_single_main_click,2,,5,4,9,24,12,1611.3263001441956,,,,,,,,,,20,02,yes,no,no,2025-08-18_16h47.41.980,EXNAT_4_TMS_Psychopy2024.2.5.psyexp,2024.2.5,2025-08-18 17h00.27.012906 +0200,
0,0,0,,,,,0,0,0,0,,,,,#D292F3,1612.2737667560577,False,space,correct rejection,None,615.4189109802246,,6,16,2back_single_main_click,2,,5,4,9,24,12,,,,,,,,,,,20,02,yes,no,no,2025-08-18_16h47.41.980,EXNAT_4_TMS_Psychopy2024.2.5.psyexp,2024.2.5,2025-08-18 17h00.27.012906 +0200,
0,0,0,,,,,0,0,0,0,,,,,#F989A2,1613.113139629364,False,space,correct rejection,None,832.0016860961914,,7,16,2back_single_main_click,2,,5,4,9,24,12,,,,,,,,,,,20,02,yes,no,no,2025-08-18_16h47.41.980,EXNAT_4_TMS_Psychopy2024.2.5.psyexp,2024.2.5,2025-08-18 17h00.27.012906 +0200,
0,0,0,,,,,0,0,0,0,,,,,#F989A2,1614.1689817905426,False,space,correct rejection,None,1200.2177238464355,,8,16,2back_single_main_click,2,,5,4,9,24,12,,,,,,,,,,,20,02,yes,no,no,2025-08-18_16h47.41.980,EXNAT_4_TMS_Psychopy2024.2.5.psyexp,2024.2.5,2025-08-18 17h00.27.012906 +0200,
0,0,0,,,,,0,0,0,0,,,,,#D292F3,1615.5930013656616,False,space,correct rejection,None,576.0560035705566,,9,16,2back_single_main_click,2,,5,4,9,24,12,,,,,,,,,,,20,02,yes,no,no,2025-08-18_16h47.41.980,EXNAT_4_TMS_Psychopy2024.2.5.psyexp,2024.2.5,2025-08-18 17h00.27.012906 +0200,
0,0,0,,,,,0,0,0,0,,,,,#88BA3F,1616.3924934864044,False,space,correct rejection,None,608.6239814758301,,10,16,2back_single_main_click,2,,6,4,10,24,12,1616.4475514888763,,,,,,,,,,20,02,yes,no,no,2025-08-18_16h47.41.980,EXNAT_4_TMS_Psychopy2024.2.5.psyexp,2024.2.5,2025-08-18 17h00.27.012906 +0200,
0,0,0,,,,,0,0,0,0,,,,,#88BA3F,1617.2251336574554,False,space,correct rejection,None,624.0017414093018,,11,16,2back_single_main_click,2,,6,4,10,24,12,,,,,,,,,,,20,02,yes,no,no,2025-08-18_16h47.41.980,EXNAT_4_TMS_Psychopy2024.2.5.psyexp,2024.2.5,2025-08-18 17h00.27.012906 +0200,
0,0,0,,,,,0,0,0,0,,,,,#2AB7EF,1618.0736305713654,False,space,correct rejection,None,607.4533462524414,,12,16,2back_single_main_click,2,,6,4,10,24,12,,,,,,,,,,,20,02,yes,no,no,2025-08-18_16h47.41.980,EXNAT_4_TMS_Psychopy2024.2.5.psyexp,2024.2.5,2025-08-18 17h00.27.012906 +0200,
0,0,0,,,,,0,0,0,0,,,,,#2AB7EF,1618.9059345722198,False,space,correct rejection,None,527.1499156951904,,13,16,2back_single_main_click,2,,6,4,10,24,12,,,,,,,,,,,20,02,yes,no,no,2025-08-18_16h47.41.980,EXNAT_4_TMS_Psychopy2024.2.5.psyexp,2024.2.5,2025-08-18 17h00.27.012906 +0200,
0,0,0,,,,,0,0,0,0,,,,,#88BA3F,1619.6567978858948,False,space,correct rejection,None,560.2531433105469,,14,16,2back_single_main_click,2,,6,4,10,24,12,,,,,,,,,,,20,02,yes,no,no,2025-08-18_16h47.41.980,EXNAT_4_TMS_Psychopy2024.2.5.psyexp,2024.2.5,2025-08-18 17h00.27.012906 +0200,
0,0,0,,,,,0,0,0,0,,,,,#D292F3,1620.4407331943512,False,space,correct rejection,None,480.426549911499,,15,16,2back_single_main_click,2,,6,4,10,24,12,,,,,,,,,,,20,02,yes,no,no,2025-08-18_16h47.41.980,EXNAT_4_TMS_Psychopy2024.2.5.psyexp,2024.2.5,2025-08-18 17h00.27.012906 +0200,
0,0,0,,,,,0,0,0,0,,,,,#F989A2,1621.146485567093,False,space,correct rejection,None,510.6182098388672,,16,16,2back_single_main_click,2,,6,4,10,24,12,,,,,,,,,,,20,02,yes,no,no,2025-08-18_16h47.41.980,EXNAT_4_TMS_Psychopy2024.2.5.psyexp,2024.2.5,2025-08-18 17h00.27.012906 +0200,
0,0,0,,,,,0,0,0,0,,,,,#D292F3,1621.8808414936066,True,l,hit,448.20356369018555,736.0541820526123,,17,16,2back_single_main_click,2,,6,5,11,24,12,1621.9391283988953,,,,,,,,,,20,02,yes,no,no,2025-08-18_16h47.41.980,EXNAT_4_TMS_Psychopy2024.2.5.psyexp,2024.2.5,2025-08-18 17h00.27.012906 +0200,
0,0,0,,,,,0,0,0,0,,,,,#2AB7EF,1622.8407547473907,False,space,correct rejection,None,384.28187370300293,,18,16,2back_single_main_click,2,,6,5,11,24,12,,,,,,,,,,,20,02,yes,no,no,2025-08-18_16h47.41.980,EXNAT_4_TMS_Psychopy2024.2.5.psyexp,2024.2.5,2025-08-18 17h00.27.012906 +0200,
0,0,0,,,,,0,0,0,0,,,,,#2AB7EF,1623.4489767551422,False,space,correct rejection,None,512.1855735778809,,19,16,2back_single_main_click,2,,6,5,11,24,12,,,,,,,,,,,20,02,yes,no,no,2025-08-18_16h47.41.980,EXNAT_4_TMS_Psychopy2024.2.5.psyexp,2024.2.5,2025-08-18 17h00.27.012906 +0200,
0,0,0,,,,,0,0,0,0,,,,,#F989A2,1624.1850051879883,False,space,correct rejection,None,480.0701141357422,,20,16,2back_single_main_click,2,,6,5,11,24,12,,,,,,,,,,,20,02,yes,no,no,2025-08-18_16h47.41.980,EXNAT_4_TMS_Psychopy2024.2.5.psyexp,2024.2.5,2025-08-18 17h00.27.012906 +0200,
0,0,0,,,,,0,0,0,0,,,,,#88BA3F,1624.8895013332367,False,space,correct rejection,None,655.6253433227539,,21,16,2back_single_main_click,2,,6,5,11,24,12,,,,,,,,,,,20,02,yes,no,no,2025-08-18_16h47.41.980,EXNAT_4_TMS_Psychopy2024.2.5.psyexp,2024.2.5,2025-08-18 17h00.27.012906 +0200,
0,0,0,,,,,0,0,0,0,,,,,#D292F3,1625.7687320709229,False,space,correct rejection,None,656.2893390655518,,22,16,2back_single_main_click,2,,6,5,11,24,12,,,,,,,,,,,20,02,yes,no,no,2025-08-18_16h47.41.980,EXNAT_4_TMS_Psychopy2024.2.5.psyexp,2024.2.5,2025-08-18 17h00.27.012906 +0200,
0,0,0,,,,,0,0,0,0,,,,,#F989A2,1626.6484818458557,False,space,correct rejection,None,1024.6484279632568,,23,16,2back_single_main_click,2,,7,5,12,24,12,1626.9391767978668,,,,,,,,,,20,02,yes,no,no,2025-08-18_16h47.41.980,EXNAT_4_TMS_Psychopy2024.2.5.psyexp,2024.2.5,2025-08-18 17h00.27.012906 +0200,
0,0,0,,,,,0,0,0,0,,,,,#D292F3,1627.8968439102173,True,space,miss,None,608.2990169525146,,24,16,2back_single_main_click,2,,7,5,12,24,12,,,,,,,,,,,20,02,yes,no,no,2025-08-18_16h47.41.980,EXNAT_4_TMS_Psychopy2024.2.5.psyexp,2024.2.5,2025-08-18 17h00.27.012906 +0200,
0,0,0,,,,,0,0,0,0,,,,,#D292F3,1628.7288143634796,False,space,correct rejection,None,704.2477130889893,,25,16,2back_single_main_click,2,,7,5,12,24,12,,,,,,,,,,,20,02,yes,no,no,2025-08-18_16h47.41.980,EXNAT_4_TMS_Psychopy2024.2.5.psyexp,2024.2.5,2025-08-18 17h00.27.012906 +0200,
0,0,0,,,,,0,0,0,0,,,,,#88BA3F,1629.6575016975403,False,space,correct rejection,None,607.6257228851318,,26,16,2back_single_main_click,2,,7,5,12,24,12,,,,,,,,,,,20,02,yes,no,no,2025-08-18_16h47.41.980,EXNAT_4_TMS_Psychopy2024.2.5.psyexp,2024.2.5,2025-08-18 17h00.27.012906 +0200,
0,0,0,,,,,0,0,0,0,,,,,#F989A2,1630.4887990951538,False,space,correct rejection,None,496.3347911834717,,27,16,2back_single_main_click,2,,7,5,12,24,12,,,,,,,,,,,20,02,yes,no,no,2025-08-18_16h47.41.980,EXNAT_4_TMS_Psychopy2024.2.5.psyexp,2024.2.5,2025-08-18 17h00.27.012906 +0200,
0,0,0,,,,,0,0,0,0,,,,,#F989A2,1631.2088735103607,False,space,correct rejection,None,768.1684494018555,,28,16,2back_single_main_click,2,,7,5,12,24,12,,,,,,,,,,,20,02,yes,no,no,2025-08-18_16h47.41.980,EXNAT_4_TMS_Psychopy2024.2.5.psyexp,2024.2.5,2025-08-18 17h00.27.012906 +0200,
0,0,0,,,,,0,0,0,0,,,,,#D292F3,1632.2014605998993,False,space,correct rejection,None,671.6635227203369,,29,16,2back_single_main_click,2,,7,5,12,24,12,,,,,,,,,,,20,02,yes,no,no,2025-08-18_16h47.41.980,EXNAT_4_TMS_Psychopy2024.2.5.psyexp,2024.2.5,2025-08-18 17h00.27.012906 +0200,
0,0,0,,,,,0,0,0,0,,,,,#F989A2,1633.096899986267,True,l,hit,688.1492137908936,1104.0565967559814,,30,16,2back_single_main_click,2,,7,6,13,24,12,1633.1499717235565,,,,,,,,,,20,02,yes,no,no,2025-08-18_16h47.41.980,EXNAT_4_TMS_Psychopy2024.2.5.psyexp,2024.2.5,2025-08-18 17h00.27.012906 +0200,
0,0,0,,,,,0,0,0,0,,,,,#2AB7EF,1634.4242293834686,False,space,correct rejection,None,560.8668327331543,,31,16,2back_single_main_click,2,,7,6,13,24,12,,,,,,,,,,,20,02,yes,no,no,2025-08-18_16h47.41.980,EXNAT_4_TMS_Psychopy2024.2.5.psyexp,2024.2.5,2025-08-18 17h00.27.012906 +0200,
0,0,0,,,,,0,0,0,0,,,,,#2AB7EF,1635.2092669010162,False,space,correct rejection,None,543.755292892456,,32,16,2back_single_main_click,2,,7,6,13,24,12,,,,,,,,,,,20,02,yes,no,no,2025-08-18_16h47.41.980,EXNAT_4_TMS_Psychopy2024.2.5.psyexp,2024.2.5,2025-08-18 17h00.27.012906 +0200,
0,0,0,,,,,0,0,0,0,,,,,#2AB7EF,1635.977207660675,True,space,miss,None,543.8549518585205,,33,16,2back_single_main_click,2,,7,6,13,24,12,,,,,,,,,,,20,02,yes,no,no,2025-08-18_16h47.41.980,EXNAT_4_TMS_Psychopy2024.2.5.psyexp,2024.2.5,2025-08-18 17h00.27.012906 +0200,
0,0,0,,,,,0,0,0,0,,,,,#D292F3,1636.744868516922,False,space,correct rejection,None,1424.177646636963,,34,16,2back_single_main_click,2,,8,6,14,24,12,1638.149825811386,,,,,,,,,,20,02,yes,no,no,2025-08-18_16h47.41.980,EXNAT_4_TMS_Psychopy2024.2.5.psyexp,2024.2.5,2025-08-18 17h00.27.012906 +0200,
0,0,0,,,,,0,0,0,0,,,,,#88BA3F,1638.3930325508118,False,space,correct rejection,None,879.997730255127,,35,16,2back_single_main_click,2,,8,6,14,24,12,,,,,,,,,,,20,02,yes,no,no,2025-08-18_16h47.41.980,EXNAT_4_TMS_Psychopy2024.2.5.psyexp,2024.2.5,2025-08-18 17h00.27.012906 +0200,
0,0,0,,,,,0,0,0,0,,,,,#88BA3F,1639.4973731040955,False,space,correct rejection,None,815.779447555542,,36,16,2back_single_main_click,2,,8,6,14,24,12,,,,,,,,,,,20,02,yes,no,no,2025-08-18_16h47.41.980,EXNAT_4_TMS_Psychopy2024.2.5.psyexp,2024.2.5,2025-08-18 17h00.27.012906 +0200,
0,0,0,,,,,0,0,0,0,,,,,#2AB7EF,1640.536941766739,False,space,correct rejection,None,608.1194877624512,,37,16,2back_single_main_click,2,,8,6,14,24,12,,,,,,,,,,,20,02,yes,no,no,2025-08-18_16h47.41.980,EXNAT_4_TMS_Psychopy2024.2.5.psyexp,2024.2.5,2025-08-18 17h00.27.012906 +0200,
0,0,0,,,,,0,0,0,0,,,,,#D292F3,1641.3692467212677,False,space,correct rejection,None,639.8727893829346,,38,16,2back_single_main_click,2,,8,6,14,24,12,,,,,,,,,,,20,02,yes,no,no,2025-08-18_16h47.41.980,EXNAT_4_TMS_Psychopy2024.2.5.psyexp,2024.2.5,2025-08-18 17h00.27.012906 +0200,
0,0,0,,,,,0,0,0,0,,,,,#88BA3F,1642.233174085617,False,space,correct rejection,None,1407.9523086547852,,39,16,2back_single_main_click,2,,8,6,14,24,12,,,,,,,,,,,20,02,yes,no,no,2025-08-18_16h47.41.980,EXNAT_4_TMS_Psychopy2024.2.5.psyexp,2024.2.5,2025-08-18 17h00.27.012906 +0200,
0,0,0,,,,,0,0,0,0,,,,,#D292F3,1643.8659794330597,True,l,hit,702.9473781585693,1102.9596328735352,,40,16,2back_single_main_click,2,,8,7,15,24,12,1643.9270448684692,,,,,,,,,,20,02,yes,no,no,2025-08-18_16h47.41.980,EXNAT_4_TMS_Psychopy2024.2.5.psyexp,2024.2.5,2025-08-18 17h00.27.012906 +0200,
0,0,0,,,,,0,0,0,0,,,,,#88BA3F,1645.1920878887177,True,space,miss,None,465.06667137145996,,41,16,2back_single_main_click,2,,8,7,15,24,12,,,,,,,,,,,20,02,yes,no,no,2025-08-18_16h47.41.980,EXNAT_4_TMS_Psychopy2024.2.5.psyexp,2024.2.5,2025-08-18 17h00.27.012906 +0200,
0,0,0,,,,,0,0,0,0,,,,,#2AB7EF,1645.881207704544,False,space,correct rejection,None,703.8354873657227,,42,16,2back_single_main_click,2,,8,7,15,24,12,,,,,,,,,,,20,02,yes,no,no,2025-08-18_16h47.41.980,EXNAT_4_TMS_Psychopy2024.2.5.psyexp,2024.2.5,2025-08-18 17h00.27.012906 +0200,
0,0,0,,,,,0,0,0,0,,,,,#D292F3,1646.8084802627563,False,l,false alarm,816.5938854217529,1328.4380435943604,,43,16,2back_single_main_click,2,,8,7,15,24,12,,,,,,,,,,,20,02,yes,no,no,2025-08-18_16h47.41.980,EXNAT_4_TMS_Psychopy2024.2.5.psyexp,2024.2.5,2025-08-18 17h00.27.012906 +0200,
0,0,0,,,,,0,0,0,0,,,,,#F989A2,1648.360731601715,False,space,correct rejection,None,752.4020671844482,,44,16,2back_single_main_click,2,,9,7,16,24,12,1648.9270060062408,,,,,,,,,,20,02,yes,no,no,2025-08-18_16h47.41.980,EXNAT_4_TMS_Psychopy2024.2.5.psyexp,2024.2.5,2025-08-18 17h00.27.012906 +0200,
0,0,0,,,,,0,0,0,0,,,,,#D292F3,1649.3367578983307,True,space,miss,None,736.3126277923584,,45,16,2back_single_main_click,2,,9,7,16,24,12,,,,,,,,,,,20,02,yes,no,no,2025-08-18_16h47.41.980,EXNAT_4_TMS_Psychopy2024.2.5.psyexp,2024.2.5,2025-08-18 17h00.27.012906 +0200,
0,0,0,,,,,0,0,0,0,,,,,#F989A2,1650.2968661785126,True,l,hit,608.1578731536865,1024.0428447723389,,46,16,2back_single_main_click,2,,9,7,16,24,12,,,,,,,,,,,20,02,yes,no,no,2025-08-18_16h47.41.980,EXNAT_4_TMS_Psychopy2024.2.5.psyexp,2024.2.5,2025-08-18 17h00.27.012906 +0200,
0,0,0,,,,,0,0,0,0,,,,,#2AB7EF,1651.5448365211487,False,space,correct rejection,None,512.183427810669,,47,16,2back_single_main_click,2,,9,7,16,24,12,,,,,,,,,,,20,02,yes,no,no,2025-08-18_16h47.41.980,EXNAT_4_TMS_Psychopy2024.2.5.psyexp,2024.2.5,2025-08-18 17h00.27.012906 +0200,
0,0,0,,,,,0,0,0,0,,,,,#F989A2,1652.2807259559631,True,space,miss,None,608.1914901733398,,48,16,2back_single_main_click,2,,9,7,16,24,12,,,,,,,,,,,20,02,yes,no,no,2025-08-18_16h47.41.980,EXNAT_4_TMS_Psychopy2024.2.5.psyexp,2024.2.5,2025-08-18 17h00.27.012906 +0200,
0,0,0,,,,,0,0,0,0,,,,,#F989A2,1653.1125738620758,False,l,false alarm,688.4734630584717,1136.3563537597656,,49,16,2back_single_main_click,2,,9,7,16,24,12,,,,,,,,,,,20,02,yes,no,no,2025-08-18_16h47.41.980,EXNAT_4_TMS_Psychopy2024.2.5.psyexp,2024.2.5,2025-08-18 17h00.27.012906 +0200,
0,0,0,,,,,0,0,0,0,,,,,#F989A2,1654.4730043411255,True,l,hit,687.8838539123535,991.7399883270264,,50,16,2back_single_main_click,2,,9,8,17,24,12,1654.5300860404968,,,,,,,,,,20,02,yes,no,no,2025-08-18_16h47.41.980,EXNAT_4_TMS_Psychopy2024.2.5.psyexp,2024.2.5,2025-08-18 17h00.27.012906 +0200,
0,0,0,,,,,0,0,0,0,,,,,#D292F3,1655.6883618831635,False,space,correct rejection,None,1088.8066291809082,,51,16,2back_single_main_click,2,,9,8,17,24,12,,,,,,,,,,,20,02,yes,no,no,2025-08-18_16h47.41.980,EXNAT_4_TMS_Psychopy2024.2.5.psyexp,2024.2.5,2025-08-18 17h00.27.012906 +0200,
0,0,0,,,,,0,0,0,0,,,,,#2AB7EF,1657.0013749599457,False,space,correct rejection,None,447.76058197021484,,52,16,2back_single_main_click,2,,9,8,17,24,12,,,,,,,,,,,20,02,yes,no,no,2025-08-18_16h47.41.980,EXNAT_4_TMS_Psychopy2024.2.5.psyexp,2024.2.5,2025-08-18 17h00.27.012906 +0200,
0,0,0,,,,,0,0,0,0,,,,,#88BA3F,1657.673261642456,False,space,correct rejection,None,559.6728324890137,,53,16,2back_single_main_click,2,,9,8,17,24,12,,,,,,,,,,,20,02,yes,no,no,2025-08-18_16h47.41.980,EXNAT_4_TMS_Psychopy2024.2.5.psyexp,2024.2.5,2025-08-18 17h00.27.012906 +0200,
0,0,0,,,,,0,0,0,0,,,,,#D292F3,1658.4569919109344,False,space,correct rejection,None,544.166088104248,,54,16,2back_single_main_click,2,,9,8,17,24,12,,,,,,,,,,,20,02,yes,no,no,2025-08-18_16h47.41.980,EXNAT_4_TMS_Psychopy2024.2.5.psyexp,2024.2.5,2025-08-18 17h00.27.012906 +0200,
0,0,0,,,,,0,0,0,0,,,,,#2AB7EF,1659.2249534130096,False,space,correct rejection,None,960.106372833252,,55,16,2back_single_main_click,2,,10,8,18,24,12,1659.530121564865,,,,,,,,,,20,02,yes,no,no,2025-08-18_16h47.41.980,EXNAT_4_TMS_Psychopy2024.2.5.psyexp,2024.2.5,2025-08-18 17h00.27.012906 +0200,
0,0,0,,,,,0,0,0,0,,,,,#F989A2,1660.4089024066925,False,space,correct rejection,None,640.0008201599121,,56,16,2back_single_main_click,2,,10,8,18,24,12,,,,,,,,,,,20,02,yes,no,no,2025-08-18_16h47.41.980,EXNAT_4_TMS_Psychopy2024.2.5.psyexp,2024.2.5,2025-08-18 17h00.27.012906 +0200,
0,0,0,,,,,0,0,0,0,,,,,#88BA3F,1661.271957874298,False,space,correct rejection,None,641.1616802215576,,57,16,2back_single_main_click,2,,10,8,18,24,12,,,,,,,,,,,20,02,yes,no,no,2025-08-18_16h47.41.980,EXNAT_4_TMS_Psychopy2024.2.5.psyexp,2024.2.5,2025-08-18 17h00.27.012906 +0200,
0,0,0,,,,,0,0,0,0,,,,,#2AB7EF,1662.13760638237,False,space,correct rejection,None,591.4556980133057,,58,16,2back_single_main_click,2,,10,8,18,24,12,,,,,,,,,,,20,02,yes,no,no,2025-08-18_16h47.41.980,EXNAT_4_TMS_Psychopy2024.2.5.psyexp,2024.2.5,2025-08-18 17h00.27.012906 +0200,
0,0,0,,,,,0,0,0,0,,,,,#88BA3F,1662.9529914855957,True,l,hit,512.0871067047119,863.9354705810547,,59,16,2back_single_main_click,2,,10,8,18,24,12,,,,,,,,,,,20,02,yes,no,no,2025-08-18_16h47.41.980,EXNAT_4_TMS_Psychopy2024.2.5.psyexp,2024.2.5,2025-08-18 17h00.27.012906 +0200,
0,0,0,,,,,0,0,0,0,,,,,#D292F3,1664.0403513908386,False,space,correct rejection,None,576.7278671264648,,60,16,2back_single_main_click,2,,10,8,18,24,12,,,,,,,,,,,20,02,yes,no,no,2025-08-18_16h47.41.980,EXNAT_4_TMS_Psychopy2024.2.5.psyexp,2024.2.5,2025-08-18 17h00.27.012906 +0200,
0,0,0,,,,,0,0,0,0,,,,,#F989A2,1670.0803518295288,False,space,correct rejection,None,680.6302070617676,,1,17,2back_single_main_click,2,,10,8,18,24,12,,,,,,,,,,,20,02,yes,no,no,2025-08-18_16h47.41.980,EXNAT_4_TMS_Psychopy2024.2.5.psyexp,2024.2.5,2025-08-18 17h00.27.012906 +0200,
0,0,0,,,,,0,0,0,0,,,,,#2AB7EF,1670.9746966362,False,space,correct rejection,None,426.4702796936035,,2,17,2back_single_main_click,2,,10,8,18,24,12,,,,,,,,,,,20,02,yes,no,no,2025-08-18_16h47.41.980,EXNAT_4_TMS_Psychopy2024.2.5.psyexp,2024.2.5,2025-08-18 17h00.27.012906 +0200,
0,0,0,,,,,0,0,0,0,,,,,#2AB7EF,1671.616384267807,False,space,correct rejection,None,504.78386878967285,,3,17,2back_single_main_click,2,,10,8,18,24,12,,,,,,,,,,,20,02,yes,no,no,2025-08-18_16h47.41.980,EXNAT_4_TMS_Psychopy2024.2.5.psyexp,2024.2.5,2025-08-18 17h00.27.012906 +0200,
0,0,0,,,,,0,0,0,0,,,,,#88BA3F,1672.33696103096,False,space,correct rejection,None,632.1296691894531,,4,17,2back_single_main_click,2,,10,8,18,24,12,,,,,,,,,,,20,02,yes,no,no,2025-08-18_16h47.41.980,EXNAT_4_TMS_Psychopy2024.2.5.psyexp,2024.2.5,2025-08-18 17h00.27.012906 +0200,
0,0,0,,,,,0,0,0,0,,,,,#D292F3,1673.1865911483765,False,space,correct rejection,None,646.5809345245361,,5,17,2back_single_main_click,2,,10,8,18,24,12,,,,,,,,,,,20,02,yes,no,no,2025-08-18_16h47.41.980,EXNAT_4_TMS_Psychopy2024.2.5.psyexp,2024.2.5,2025-08-18 17h00.27.012906 +0200,
0,0,0,,,,,0,0,0,0,,,,,#88BA3F,1674.050398349762,True,l,hit,486.70148849487305,774.5242118835449,,6,17,2back_single_main_click,2,,10,8,18,24,12,,,,,,,,,,,20,02,yes,no,no,2025-08-18_16h47.41.980,EXNAT_4_TMS_Psychopy2024.2.5.psyexp,2024.2.5,2025-08-18 17h00.27.012906 +0200,
0,0,0,,,,,0,0,0,0,,,,,#F989A2,1675.048356294632,False,space,correct rejection,None,592.7407741546631,,7,17,2back_single_main_click,2,,10,8,18,24,12,,,,,,,,,,,20,02,yes,no,no,2025-08-18_16h47.41.980,EXNAT_4_TMS_Psychopy2024.2.5.psyexp,2024.2.5,2025-08-18 17h00.27.012906 +0200,
0,0,0,,,,,0,0,0,0,,,,,#88BA3F,1675.8646085262299,True,l,hit,512.441873550415,1008.3370208740234,,8,17,2back_single_main_click,2,,10,9,19,24,12,1675.9218168258667,,,,,,,,,,20,02,yes,no,no,2025-08-18_16h47.41.980,EXNAT_4_TMS_Psychopy2024.2.5.psyexp,2024.2.5,2025-08-18 17h00.27.012906 +0200,
0,0,0,,,,,0,0,0,0,,,,,#D292F3,1677.0965073108673,False,space,correct rejection,None,1040.4438972473145,,9,17,2back_single_main_click,2,,10,9,19,24,12,,,,,,,,,,,20,02,yes,no,no,2025-08-18_16h47.41.980,EXNAT_4_TMS_Psychopy2024.2.5.psyexp,2024.2.5,2025-08-18 17h00.27.012906 +0200,
0,0,0,,,,,0,0,0,0,,,,,#F989A2,1678.3605539798737,False,space,correct rejection,None,560.3666305541992,,10,17,2back_single_main_click,2,,10,9,19,24,12,,,,,,,,,,,20,02,yes,no,no,2025-08-18_16h47.41.980,EXNAT_4_TMS_Psychopy2024.2.5.psyexp,2024.2.5,2025-08-18 17h00.27.012906 +0200,
0,0,0,,,,,0,0,0,0,,,,,#2AB7EF,1679.1448962688446,False,space,correct rejection,None,576.1752128601074,,11,17,2back_single_main_click,2,,10,9,19,24,12,,,,,,,,,,,20,02,yes,no,no,2025-08-18_16h47.41.980,EXNAT_4_TMS_Psychopy2024.2.5.psyexp,2024.2.5,2025-08-18 17h00.27.012906 +0200,
0,0,0,,,,,0,0,0,0,,,,,#D292F3,1679.9450047016144,False,space,correct rejection,None,864.1078472137451,,12,17,2back_single_main_click,2,,10,9,19,24,12,,,,,,,,,,,20,02,yes,no,no,2025-08-18_16h47.41.980,EXNAT_4_TMS_Psychopy2024.2.5.psyexp,2024.2.5,2025-08-18 17h00.27.012906 +0200,
0,0,0,,,,,0,0,0,0,,,,,#F989A2,1681.032734155655,False,space,correct rejection,None,624.3584156036377,,13,17,2back_single_main_click,2,,11,9,20,24,12,1681.0845801830292,,,,,,,,,,20,02,yes,no,no,2025-08-18_16h47.41.980,EXNAT_4_TMS_Psychopy2024.2.5.psyexp,2024.2.5,2025-08-18 17h00.27.012906 +0200,
0,0,0,,,,,0,0,0,0,,,,,#D292F3,1681.8808224201202,True,l,hit,592.3893451690674,960.2053165435791,,14,17,2back_single_main_click,2,,11,9,20,24,12,,,,,,,,,,,20,02,yes,no,no,2025-08-18_16h47.41.980,EXNAT_4_TMS_Psychopy2024.2.5.psyexp,2024.2.5,2025-08-18 17h00.27.012906 +0200,
0,0,0,,,,,0,0,0,0,,,,,#D292F3,1683.0647523403168,False,space,correct rejection,None,576.4074325561523,,15,17,2back_single_main_click,2,,11,9,20,24,12,,,,,,,,,,,20,02,yes,no,no,2025-08-18_16h47.41.980,EXNAT_4_TMS_Psychopy2024.2.5.psyexp,2024.2.5,2025-08-18 17h00.27.012906 +0200,
0,0,0,,,,,0,0,0,0,,,,,#F989A2,1683.8653211593628,False,space,correct rejection,None,895.8616256713867,,16,17,2back_single_main_click,2,,11,9,20,24,12,,,,,,,,,,,20,02,yes,no,no,2025-08-18_16h47.41.980,EXNAT_4_TMS_Psychopy2024.2.5.psyexp,2024.2.5,2025-08-18 17h00.27.012906 +0200,
0,0,0,,,,,0,0,0,0,,,,,#F989A2,1684.9853749275208,False,space,correct rejection,None,1551.8062114715576,,17,17,2back_single_main_click,2,,11,9,20,24,12,,,,,,,,,,,20,02,yes,no,no,2025-08-18_16h47.41.980,EXNAT_4_TMS_Psychopy2024.2.5.psyexp,2024.2.5,2025-08-18 17h00.27.012906 +0200,
0,0,0,,,,,0,0,0,0,,,,,#2AB7EF,1686.7610642910004,False,space,correct rejection,None,592.0298099517822,,18,17,2back_single_main_click,2,,11,9,20,24,12,,,,,,,,,,,20,02,yes,no,no,2025-08-18_16h47.41.980,EXNAT_4_TMS_Psychopy2024.2.5.psyexp,2024.2.5,2025-08-18 17h00.27.012906 +0200,
0,0,0,,,,,0,0,0,0,,,,,#F989A2,1687.5770509243011,True,space,miss,None,688.0128383636475,,19,17,2back_single_main_click,2,,11,10,21,24,12,1687.6313979625702,,,,,,,,,,20,02,yes,no,no,2025-08-18_16h47.41.980,EXNAT_4_TMS_Psychopy2024.2.5.psyexp,2024.2.5,2025-08-18 17h00.27.012906 +0200,
0,0,0,,,,,0,0,0,0,,,,,#88BA3F,1688.4889857769012,False,space,correct rejection,None,496.1855411529541,,20,17,2back_single_main_click,2,,11,10,21,24,12,,,,,,,,,,,20,02,yes,no,no,2025-08-18_16h47.41.980,EXNAT_4_TMS_Psychopy2024.2.5.psyexp,2024.2.5,2025-08-18 17h00.27.012906 +0200,
0,0,0,,,,,0,0,0,0,,,,,#D292F3,1689.2088162899017,False,space,correct rejection,None,864.3872737884521,,21,17,2back_single_main_click,2,,11,10,21,24,12,,,,,,,,,,,20,02,yes,no,no,2025-08-18_16h47.41.980,EXNAT_4_TMS_Psychopy2024.2.5.psyexp,2024.2.5,2025-08-18 17h00.27.012906 +0200,
0,0,0,,,,,0,0,0,0,,,,,#2AB7EF,1690.2973823547363,False,space,correct rejection,None,495.7900047302246,,22,17,2back_single_main_click,2,,11,10,21,24,12,,,,,,,,,,,20,02,yes,no,no,2025-08-18_16h47.41.980,EXNAT_4_TMS_Psychopy2024.2.5.psyexp,2024.2.5,2025-08-18 17h00.27.012906 +0200,
0,0,0,,,,,0,0,0,0,,,,,#88BA3F,1691.016884803772,False,space,correct rejection,None,1120.3241348266602,,23,17,2back_single_main_click,2,,11,10,21,24,12,,,,,,,,,,,20,02,yes,no,no,2025-08-18_16h47.41.980,EXNAT_4_TMS_Psychopy2024.2.5.psyexp,2024.2.5,2025-08-18 17h00.27.012906 +0200,
0,0,0,,,,,0,0,0,0,,,,,#88BA3F,1692.3607997894287,False,space,correct rejection,None,672.330379486084,,24,17,2back_single_main_click,2,,12,10,22,24,12,1692.6313681602478,,,,,,,,,,20,02,yes,no,no,2025-08-18_16h47.41.980,EXNAT_4_TMS_Psychopy2024.2.5.psyexp,2024.2.5,2025-08-18 17h00.27.012906 +0200,
0,0,0,,,,,0,0,0,0,,,,,#F989A2,1693.2580256462097,False,space,correct rejection,None,1007.1799755096436,,25,17,2back_single_main_click,2,,12,10,22,24,12,,,,,,,,,,,20,02,yes,no,no,2025-08-18_16h47.41.980,EXNAT_4_TMS_Psychopy2024.2.5.psyexp,2024.2.5,2025-08-18 17h00.27.012906 +0200,
0,0,0,,,,,0,0,0,0,,,,,#88BA3F,1694.4888598918915,True,space,miss,None,592.085599899292,,26,17,2back_single_main_click,2,,12,10,22,24,12,,,,,,,,,,,20,02,yes,no,no,2025-08-18_16h47.41.980,EXNAT_4_TMS_Psychopy2024.2.5.psyexp,2024.2.5,2025-08-18 17h00.27.012906 +0200,
0,0,0,,,,,0,0,0,0,,,,,#D292F3,1695.304859638214,False,space,correct rejection,None,720.2625274658203,,27,17,2back_single_main_click,2,,12,10,22,24,12,,,,,,,,,,,20,02,yes,no,no,2025-08-18_16h47.41.980,EXNAT_4_TMS_Psychopy2024.2.5.psyexp,2024.2.5,2025-08-18 17h00.27.012906 +0200,
0,0,0,,,,,0,0,0,0,,,,,#88BA3F,1696.249178647995,True,l,hit,736.0894680023193,1087.9123210906982,,28,17,2back_single_main_click,2,,12,10,22,24,12,,,,,,,,,,,20,02,yes,no,no,2025-08-18_16h47.41.980,EXNAT_4_TMS_Psychopy2024.2.5.psyexp,2024.2.5,2025-08-18 17h00.27.012906 +0200,
0,0,0,,,,,0,0,0,0,,,,,#2AB7EF,1697.5609722137451,False,space,correct rejection,None,640.2378082275391,,29,17,2back_single_main_click,2,,12,10,22,24,12,,,,,,,,,,,20,02,yes,no,no,2025-08-18_16h47.41.980,EXNAT_4_TMS_Psychopy2024.2.5.psyexp,2024.2.5,2025-08-18 17h00.27.012906 +0200,
0,0,0,,,,,0,0,0,0,,,,,#F989A2,1698.4255018234253,False,space,correct rejection,None,911.6384983062744,,30,17,2back_single_main_click,2,,12,10,22,24,12,,,,,,,,,,,20,02,yes,no,no,2025-08-18_16h47.41.980,EXNAT_4_TMS_Psychopy2024.2.5.psyexp,2024.2.5,2025-08-18 17h00.27.012906 +0200,
0,0,0,,,,,0,0,0,0,,,,,#D292F3,1699.5611417293549,False,space,correct rejection,None,656.1074256896973,,31,17,2back_single_main_click,2,,12,10,22,24,12,,,,,,,,,,,20,02,yes,no,no,2025-08-18_16h47.41.980,EXNAT_4_TMS_Psychopy2024.2.5.psyexp,2024.2.5,2025-08-18 17h00.27.012906 +0200,
0,0,0,,,,,0,0,0,0,,,,,#D292F3,1700.4408402442932,False,space,correct rejection,None,800.3950119018555,,32,17,2back_single_main_click,2,,12,10,22,24,12,,,,,,,,,,,20,02,yes,no,no,2025-08-18_16h47.41.980,EXNAT_4_TMS_Psychopy2024.2.5.psyexp,2024.2.5,2025-08-18 17h00.27.012906 +0200,
0,0,0,,,,,0,0,0,0,,,,,#F989A2,1701.4654774665833,False,space,correct rejection,None,719.6941375732422,,33,17,2back_single_main_click,2,,12,10,22,24,12,,,,,,,,,,,20,02,yes,no,no,2025-08-18_16h47.41.980,EXNAT_4_TMS_Psychopy2024.2.5.psyexp,2024.2.5,2025-08-18 17h00.27.012906 +0200,
0,0,0,,,,,0,0,0,0,,,,,#2AB7EF,1702.4096364974976,False,space,correct rejection,None,591.5372371673584,,34,17,2back_single_main_click,2,,12,10,22,24,12,,,,,,,,,,,20,02,yes,no,no,2025-08-18_16h47.41.980,EXNAT_4_TMS_Psychopy2024.2.5.psyexp,2024.2.5,2025-08-18 17h00.27.012906 +0200,
0,0,0,,,,,0,0,0,0,,,,,#2AB7EF,1703.224930524826,False,space,correct rejection,None,704.2372226715088,,35,17,2back_single_main_click,2,,12,10,22,24,12,,,,,,,,,,,20,02,yes,no,no,2025-08-18_16h47.41.980,EXNAT_4_TMS_Psychopy2024.2.5.psyexp,2024.2.5,2025-08-18 17h00.27.012906 +0200,
0,0,0,,,,,0,0,0,0,,,,,#F989A2,1704.1526510715485,False,space,correct rejection,None,832.5557708740234,,36,17,2back_single_main_click,2,,12,10,22,24,12,,,,,,,,,,,20,02,yes,no,no,2025-08-18_16h47.41.980,EXNAT_4_TMS_Psychopy2024.2.5.psyexp,2024.2.5,2025-08-18 17h00.27.012906 +0200,
0,0,0,,,,,0,0,0,0,,,,,#F989A2,1705.2091343402863,False,space,correct rejection,None,992.0253753662109,,37,17,2back_single_main_click,2,,12,10,22,24,12,,,,,,,,,,,20,02,yes,no,no,2025-08-18_16h47.41.980,EXNAT_4_TMS_Psychopy2024.2.5.psyexp,2024.2.5,2025-08-18 17h00.27.012906 +0200,
0,0,0,,,,,0,0,0,0,,,,,#D292F3,1706.4248025417328,False,space,correct rejection,None,768.3224678039551,,38,17,2back_single_main_click,2,,12,10,22,24,12,,,,,,,,,,,20,02,yes,no,no,2025-08-18_16h47.41.980,EXNAT_4_TMS_Psychopy2024.2.5.psyexp,2024.2.5,2025-08-18 17h00.27.012906 +0200,
0,0,0,,,,,0,0,0,0,,,,,#88BA3F,1707.4169878959656,False,space,correct rejection,None,720.1979160308838,,39,17,2back_single_main_click,2,,12,10,22,24,12,,,,,,,,,,,20,02,yes,no,no,2025-08-18_16h47.41.980,EXNAT_4_TMS_Psychopy2024.2.5.psyexp,2024.2.5,2025-08-18 17h00.27.012906 +0200,
0,0,0,,,,,0,0,0,0,,,,,#2AB7EF,1708.361377954483,False,space,correct rejection,None,927.889347076416,,40,17,2back_single_main_click,2,,12,10,22,24,12,,,,,,,,,,,20,02,yes,no,no,2025-08-18_16h47.41.980,EXNAT_4_TMS_Psychopy2024.2.5.psyexp,2024.2.5,2025-08-18 17h00.27.012906 +0200,
0,0,0,,,,,0,0,0,0,,,,,#F989A2,1709.513376235962,False,space,correct rejection,None,575.7837295532227,,41,17,2back_single_main_click,2,,12,10,22,24,12,,,,,,,,,,,20,02,yes,no,no,2025-08-18_16h47.41.980,EXNAT_4_TMS_Psychopy2024.2.5.psyexp,2024.2.5,2025-08-18 17h00.27.012906 +0200,
0,0,0,,,,,0,0,0,0,,,,,#D292F3,1710.3127980232239,False,space,correct rejection,None,880.3622722625732,,42,17,2back_single_main_click,2,,12,10,22,24,12,,,,,,,,,,,20,02,yes,no,no,2025-08-18_16h47.41.980,EXNAT_4_TMS_Psychopy2024.2.5.psyexp,2024.2.5,2025-08-18 17h00.27.012906 +0200,
0,0,0,,,,,0,0,0,0,,,,,#F989A2,1711.4173786640167,True,l,hit,543.8611507415771,863.7149333953857,,43,17,2back_single_main_click,2,,12,11,23,24,12,1711.4749970436096,,,,,,,,,,20,02,yes,no,no,2025-08-18_16h47.41.980,EXNAT_4_TMS_Psychopy2024.2.5.psyexp,2024.2.5,2025-08-18 17h00.27.012906 +0200,
0,0,0,,,,,0,0,0,0,,,,,#D292F3,1712.5050294399261,True,l,hit,448.22096824645996,768.0633068084717,,44,17,2back_single_main_click,2,,12,11,23,24,12,,,,,,,,,,,20,02,yes,no,no,2025-08-18_16h47.41.980,EXNAT_4_TMS_Psychopy2024.2.5.psyexp,2024.2.5,2025-08-18 17h00.27.012906 +0200,
0,0,0,,,,,0,0,0,0,,,,,#88BA3F,1713.497222185135,False,space,correct rejection,None,591.9351577758789,,45,17,2back_single_main_click,2,,12,11,23,24,12,,,,,,,,,,,20,02,yes,no,no,2025-08-18_16h47.41.980,EXNAT_4_TMS_Psychopy2024.2.5.psyexp,2024.2.5,2025-08-18 17h00.27.012906 +0200,
0,0,0,,,,,0,0,0,0,,,,,#2AB7EF,1714.312907218933,False,space,correct rejection,None,848.1869697570801,,46,17,2back_single_main_click,2,,12,11,23,24,12,,,,,,,,,,,20,02,yes,no,no,2025-08-18_16h47.41.980,EXNAT_4_TMS_Psychopy2024.2.5.psyexp,2024.2.5,2025-08-18 17h00.27.012906 +0200,
0,0,0,,,,,0,0,0,0,,,,,#2AB7EF,1715.3847951889038,False,space,correct rejection,None,752.3608207702637,,47,17,2back_single_main_click,2,,12,11,23,24,12,,,,,,,,,,,20,02,yes,no,no,2025-08-18_16h47.41.980,EXNAT_4_TMS_Psychopy2024.2.5.psyexp,2024.2.5,2025-08-18 17h00.27.012906 +0200,
0,0,0,,,,,0,0,0,0,,,,,#88BA3F,1716.361053943634,False,space,correct rejection,None,736.1011505126953,,48,17,2back_single_main_click,2,,12,11,23,24,12,,,,,,,,,,,20,02,yes,no,no,2025-08-18_16h47.41.980,EXNAT_4_TMS_Psychopy2024.2.5.psyexp,2024.2.5,2025-08-18 17h00.27.012906 +0200,
0,0,0,,,,,0,0,0,0,,,,,#2AB7EF,1717.3216710090637,True,space,miss,None,1263.5090351104736,,49,17,2back_single_main_click,2,,12,12,24,24,inf,1717.380083322525,,,,,,,,,,20,02,yes,no,no,2025-08-18_16h47.41.980,EXNAT_4_TMS_Psychopy2024.2.5.psyexp,2024.2.5,2025-08-18 17h00.27.012906 +0200,
0,0,0,,,,,0,0,0,0,,,,,#88BA3F,1718.8092131614685,True,l,hit,1135.8709335327148,1407.7343940734863,,50,17,2back_single_main_click,2,,12,12,24,24,inf,,,,,,,,,,,20,02,yes,no,no,2025-08-18_16h47.41.980,EXNAT_4_TMS_Psychopy2024.2.5.psyexp,2024.2.5,2025-08-18 17h00.27.012906 +0200,
0,0,0,,,,,0,0,0,0,,,,,#F989A2,1720.4403500556946,False,space,correct rejection,None,624.6941089630127,,51,17,2back_single_main_click,2,,12,12,24,24,inf,,,,,,,,,,,20,02,yes,no,no,2025-08-18_16h47.41.980,EXNAT_4_TMS_Psychopy2024.2.5.psyexp,2024.2.5,2025-08-18 17h00.27.012906 +0200,
0,0,0,,,,,0,0,0,0,,,,,#2AB7EF,1721.2871398925781,False,space,correct rejection,None,690.0300979614258,,52,17,2back_single_main_click,2,,12,12,24,24,inf,,,,,,,,,,,20,02,yes,no,no,2025-08-18_16h47.41.980,EXNAT_4_TMS_Psychopy2024.2.5.psyexp,2024.2.5,2025-08-18 17h00.27.012906 +0200,
0,0,0,,,,,0,0,0,0,,,,,#88BA3F,1722.2007393836975,False,space,correct rejection,None,736.4370822906494,,53,17,2back_single_main_click,2,,13,12,25,24,inf,1722.3800609111786,,,,,,,,,,20,02,yes,no,no,2025-08-18_16h47.41.980,EXNAT_4_TMS_Psychopy2024.2.5.psyexp,2024.2.5,2025-08-18 17h00.27.012906 +0200,
0,0,0,,,,,0,0,0,0,,,,,#2AB7EF,1723.161145210266,True,l,hit,640.0730609893799,1215.9056663513184,,54,17,2back_single_main_click,2,,13,12,25,24,inf,,,,,,,,,,,20,02,yes,no,no,2025-08-18_16h47.41.980,EXNAT_4_TMS_Psychopy2024.2.5.psyexp,2024.2.5,2025-08-18 17h00.27.012906 +0200,
0,0,0,,,,,0,0,0,0,,,,,#D292F3,1724.600341796875,False,space,correct rejection,None,688.9004707336426,,55,17,2back_single_main_click,2,,13,12,25,24,inf,,,,,,,,,,,20,02,yes,no,no,2025-08-18_16h47.41.980,EXNAT_4_TMS_Psychopy2024.2.5.psyexp,2024.2.5,2025-08-18 17h00.27.012906 +0200,
0,0,0,,,,,0,0,0,0,,,,,#F989A2,1725.5130529403687,False,space,correct rejection,None,800.1182079315186,,56,17,2back_single_main_click,2,,13,12,25,24,inf,,,,,,,,,,,20,02,yes,no,no,2025-08-18_16h47.41.980,EXNAT_4_TMS_Psychopy2024.2.5.psyexp,2024.2.5,2025-08-18 17h00.27.012906 +0200,
0,0,0,,,,,0,0,0,0,,,,,#D292F3,1726.5366911888123,True,space,miss,None,608.4904670715332,,57,17,2back_single_main_click,2,,13,12,25,24,inf,,,,,,,,,,,20,02,yes,no,no,2025-08-18_16h47.41.980,EXNAT_4_TMS_Psychopy2024.2.5.psyexp,2024.2.5,2025-08-18 17h00.27.012906 +0200,
0,0,0,,,,,0,0,0,0,,,,,#D292F3,1727.369174003601,False,space,correct rejection,None,672.0590591430664,,58,17,2back_single_main_click,2,,14,12,26,24,inf,1727.42404961586,,,,,,,,,,20,02,yes,no,no,2025-08-18_16h47.41.980,EXNAT_4_TMS_Psychopy2024.2.5.psyexp,2024.2.5,2025-08-18 17h00.27.012906 +0200,
0,0,0,,,,,0,0,0,0,,,,,#88BA3F,1728.265125989914,False,space,correct rejection,None,1136.0058784484863,,59,17,2back_single_main_click,2,,14,12,26,24,inf,,,,,,,,,,,20,02,yes,no,no,2025-08-18_16h47.41.980,EXNAT_4_TMS_Psychopy2024.2.5.psyexp,2024.2.5,2025-08-18 17h00.27.012906 +0200,
0,0,0,,,,,0,0,0,0,,,,,#88BA3F,1729.6249361038208,False,space,correct rejection,None,496.1872100830078,,60,17,2back_single_main_click,2,,14,12,26,24,inf,,,,,,,,,,,20,02,yes,no,no,2025-08-18_16h47.41.980,EXNAT_4_TMS_Psychopy2024.2.5.psyexp,2024.2.5,2025-08-18 17h00.27.012906 +0200,
0,0,0,,,,,0,0,0,0,,,,,,,,,,,,,,,,,,,,,,,,,,,,,1730.5026679039001,1730.5026862621307,,,20,02,yes,no,no,2025-08-18_16h47.41.980,EXNAT_4_TMS_Psychopy2024.2.5.psyexp,2024.2.5,2025-08-18 17h00.27.012906 +0200,
1,0,1,,,,,1,0,1,0,1730.5271489620209,,,,,,,,,,,,,,,,,,,,,,,,,,,,1730.5027842521667,1730.5029563903809,,,20,02,yes,no,no,2025-08-18_16h47.41.980,EXNAT_4_TMS_Psychopy2024.2.5.psyexp,2024.2.5,2025-08-18 17h00.27.012906 +0200,
2,0,2,,,,,2,0,2,0,1730.5271489620209,,,,,,,,,,,,,,,,,,,,,,,,,,,,1730.5030255317688,1730.5030851364136,,,20,02,yes,no,no,2025-08-18_16h47.41.980,EXNAT_4_TMS_Psychopy2024.2.5.psyexp,2024.2.5,2025-08-18 17h00.27.012906 +0200,
3,0,3,,,,,3,0,3,0,1730.5271489620209,,,,,,,,,,,,,,,,,,,,,,,,,,,,1730.5031497478485,1730.5032079219818,,,20,02,yes,no,no,2025-08-18_16h47.41.980,EXNAT_4_TMS_Psychopy2024.2.5.psyexp,2024.2.5,2025-08-18 17h00.27.012906 +0200,
4,0,4,,,,,4,0,4,0,1730.5271489620209,,,,,,,,,,,,,,,,,,,,,,,,,,,,1730.5032796859741,1730.5033385753632,,,20,02,yes,no,no,2025-08-18_16h47.41.980,EXNAT_4_TMS_Psychopy2024.2.5.psyexp,2024.2.5,2025-08-18 17h00.27.012906 +0200,
,,,,,,,,,,,,,,,,,,,,,,,,,,,,,,,,,,,,,,,,,1740.958972454071,1740.9594686031342,20,02,yes,no,no,2025-08-18_16h47.41.980,EXNAT_4_TMS_Psychopy2024.2.5.psyexp,2024.2.5,2025-08-18 17h00.27.012906 +0200,
