thisN,thisTrialN,thisRepN,trials.thisRepN,trials.thisTrialN,trials.thisN,trials.thisIndex,loop_nback.thisRepN,loop_nback.thisTrialN,loop_nback.thisN,loop_nback.thisIndex,thisRow.t,notes,settings.started,settings.stopped,colour,global_onset_time,target,button_pressed,nback_response,nback_RT,RT,text_nr,trial_nr,block_nr_exp,block_name,n-back_level,word,nontarget_triggers_sent_this_condition,target_triggers_sent_this_condition,total_triggers_sent_this_condition,minimum_triggers_this_condition,maximum_triggers_this_block,trigger_time,question,chosen_ans,ans_correct,reading_self_paced.started,reading_self_paced.stopped,nback_self_paced.started,nback_self_paced.stopped,end.started,end.stopped,participant,session,TMS_port,testing_mode,skip_reading,date,expName,psychopyVersion,expStart,
,,,,,,,,,,,,,0.05004096031188965,0.05019354820251465,,,,,,,,,,,,,,,,,,,,,,,,,,,,,20,01,yes,no,no,2025-08-11_17h25.24.357,EXNAT_4_TMS_Psychopy2024.2.5.psyexp,2024.2.5,2025-08-11 17h29.25.252105 +0200,
0,0,0,0,0,0,0,,,,,0.30901050567626953,,,,#88BA3F,18.466581106185913,False,space,correct rejection,None,1067.335605621338,text_19,1,1,2back_dual_main_click,2,Fernando,0,0,0,120,60,,,,,,,,,,,20,01,yes,no,no,2025-08-11_17h25.24.357,EXNAT_4_TMS_Psychopy2024.2.5.psyexp,2024.2.5,2025-08-11 17h29.25.252105 +0200,
0,0,0,0,0,0,0,,,,,,,,,#2AB7EF,19.5685875415802,False,space,correct rejection,None,685.3997707366943,text_19,2,1,2back_dual_main_click,2,de,0,0,0,120,60,,,,,,,,,,,20,01,yes,no,no,2025-08-11_17h25.24.357,EXNAT_4_TMS_Psychopy2024.2.5.psyexp,2024.2.5,2025-08-11 17h29.25.252105 +0200,
0,0,0,0,0,0,0,,,,,,,,,#F989A2,20.291616439819336,False,space,correct rejection,None,938.2603168487549,text_19,3,1,2back_dual_main_click,2,Noronha,0,0,0,120,60,,,,,,,,,,,20,01,yes,no,no,2025-08-11_17h25.24.357,EXNAT_4_TMS_Psychopy2024.2.5.psyexp,2024.2.5,2025-08-11 17h29.25.252105 +0200,
0,0,0,0,0,0,0,,,,,,,,,#2AB7EF,21.269325494766235,True,l,hit,568.5014724731445,1208.4972858428955,text_19,4,1,2back_dual_main_click,2,ist,0,1,1,120,60,21.326263427734375,,,,,,,,,,20,01,yes,no,no,2025-08-11_17h25.24.357,EXNAT_4_TMS_Psychopy2024.2.5.psyexp,2024.2.5,2025-08-11 17h29.25.252105 +0200,
0,0,0,0,0,0,0,,,,,,,,,#F989A2,22.517728090286255,True,l,hit,552.1748065948486,1048.1348037719727,text_19,5,1,2back_dual_main_click,2,eine,0,1,1,120,60,,,,,,,,,,,20,01,yes,no,no,2025-08-11_17h25.24.357,EXNAT_4_TMS_Psychopy2024.2.5.psyexp,2024.2.5,2025-08-11 17h29.25.252105 +0200,
0,0,0,0,0,0,0,,,,,,,,,#D292F3,23.60700798034668,False,space,correct rejection,None,998.9149570465088,text_19,6,1,2back_dual_main_click,2,geschützte,0,1,1,120,60,,,,,,,,,,,20,01,yes,no,no,2025-08-11_17h25.24.357,EXNAT_4_TMS_Psychopy2024.2.5.psyexp,2024.2.5,2025-08-11 17h29.25.252105 +0200,
0,0,0,0,0,0,0,,,,,,,,,#88BA3F,24.647475242614746,False,space,correct rejection,None,854.4337749481201,text_19,7,1,2back_dual_main_click,2,Insel,0,1,1,120,60,,,,,,,,,,,20,01,yes,no,no,2025-08-11_17h25.24.357,EXNAT_4_TMS_Psychopy2024.2.5.psyexp,2024.2.5,2025-08-11 17h29.25.252105 +0200,
0,0,0,0,0,0,0,,,,,,,,,#2AB7EF,25.541650772094727,False,space,correct rejection,None,1000.3345012664795,text_19,8,1,2back_dual_main_click,2,im,1,1,2,120,60,26.325864791870117,,,,,,,,,,20,01,yes,no,no,2025-08-11_17h25.24.357,EXNAT_4_TMS_Psychopy2024.2.5.psyexp,2024.2.5,2025-08-11 17h29.25.252105 +0200,
0,0,0,0,0,0,0,,,,,,,,,#88BA3F,26.58225440979004,True,space,miss,None,615.6551837921143,text_19,9,1,2back_dual_main_click,2,Atlantik.,1,1,2,120,60,,,,,,,,,,,20,01,yes,no,no,2025-08-11_17h25.24.357,EXNAT_4_TMS_Psychopy2024.2.5.psyexp,2024.2.5,2025-08-11 17h29.25.252105 +0200,
0,0,0,0,0,0,0,,,,,,,,,#F989A2,27.237310886383057,False,space,correct rejection,None,1096.6434478759766,text_19,10,1,2back_dual_main_click,2,Sie,1,1,2,120,60,,,,,,,,,,,20,01,yes,no,no,2025-08-11_17h25.24.357,EXNAT_4_TMS_Psychopy2024.2.5.psyexp,2024.2.5,2025-08-11 17h29.25.252105 +0200,
0,0,0,0,0,0,0,,,,,,,,,#D292F3,28.37382411956787,False,space,correct rejection,None,920.0530052185059,text_19,11,1,2back_dual_main_click,2,gehört,1,1,2,120,60,,,,,,,,,,,20,01,yes,no,no,2025-08-11_17h25.24.357,EXNAT_4_TMS_Psychopy2024.2.5.psyexp,2024.2.5,2025-08-11 17h29.25.252105 +0200,
0,0,0,0,0,0,0,,,,,,,,,#D292F3,29.332030534744263,False,space,correct rejection,None,761.7301940917969,text_19,12,1,2back_dual_main_click,2,zum,1,1,2,120,60,,,,,,,,,,,20,01,yes,no,no,2025-08-11_17h25.24.357,EXNAT_4_TMS_Psychopy2024.2.5.psyexp,2024.2.5,2025-08-11 17h29.25.252105 +0200,
0,0,0,0,0,0,0,,,,,,,,,#D292F3,30.137901067733765,True,l,hit,804.0530681610107,1283.9818000793457,text_19,13,1,2back_dual_main_click,2,UNESCO-Welterbe,1,2,3,120,60,31.32585597038269,,,,,,,,,,20,01,yes,no,no,2025-08-11_17h25.24.357,EXNAT_4_TMS_Psychopy2024.2.5.psyexp,2024.2.5,2025-08-11 17h29.25.252105 +0200,
0,0,0,0,0,0,0,,,,,,,,,#F989A2,31.46128249168396,False,space,correct rejection,None,856.680154800415,text_19,14,1,2back_dual_main_click,2,und,1,2,3,120,60,,,,,,,,,,,20,01,yes,no,no,2025-08-11_17h25.24.357,EXNAT_4_TMS_Psychopy2024.2.5.psyexp,2024.2.5,2025-08-11 17h29.25.252105 +0200,
0,0,0,0,0,0,0,,,,,,,,,#2AB7EF,32.3580276966095,False,space,correct rejection,None,631.9265365600586,text_19,15,1,2back_dual_main_click,2,ist,1,2,3,120,60,,,,,,,,,,,20,01,yes,no,no,2025-08-11_17h25.24.357,EXNAT_4_TMS_Psychopy2024.2.5.psyexp,2024.2.5,2025-08-11 17h29.25.252105 +0200,
0,0,0,0,0,0,0,,,,,,,,,#88BA3F,33.031567096710205,False,space,correct rejection,None,998.3973503112793,text_19,16,1,2back_dual_main_click,2,bei,1,2,3,120,60,,,,,,,,,,,20,01,yes,no,no,2025-08-11_17h25.24.357,EXNAT_4_TMS_Psychopy2024.2.5.psyexp,2024.2.5,2025-08-11 17h29.25.252105 +0200,
0,0,0,0,0,0,0,,,,,,,,,#D292F3,34.07168960571289,False,space,correct rejection,None,1558.2950115203857,text_19,17,1,2back_dual_main_click,2,Brasilianern,1,2,3,120,60,,,,,,,,,,,20,01,yes,no,no,2025-08-11_17h25.24.357,EXNAT_4_TMS_Psychopy2024.2.5.psyexp,2024.2.5,2025-08-11 17h29.25.252105 +0200,
0,0,0,0,0,0,0,,,,,,,,,#2AB7EF,35.68394684791565,False,space,correct rejection,None,810.0314140319824,text_19,18,1,2back_dual_main_click,2,ein,2,2,4,120,60,36.32590436935425,,,,,,,,,,20,01,yes,no,no,2025-08-11_17h25.24.357,EXNAT_4_TMS_Psychopy2024.2.5.psyexp,2024.2.5,2025-08-11 17h29.25.252105 +0200,
0,0,0,0,0,0,0,,,,,,,,,#2AB7EF,36.55084443092346,False,space,correct rejection,None,1047.0707416534424,text_19,19,1,2back_dual_main_click,2,beliebter,2,2,4,120,60,,,,,,,,,,,20,01,yes,no,no,2025-08-11_17h25.24.357,EXNAT_4_TMS_Psychopy2024.2.5.psyexp,2024.2.5,2025-08-11 17h29.25.252105 +0200,
0,0,0,0,0,0,0,,,,,,,,,#F989A2,37.65162968635559,False,space,correct rejection,None,906.3210487365723,text_19,20,1,2back_dual_main_click,2,Ort,2,2,4,120,60,,,,,,,,,,,20,01,yes,no,no,2025-08-11_17h25.24.357,EXNAT_4_TMS_Psychopy2024.2.5.psyexp,2024.2.5,2025-08-11 17h29.25.252105 +0200,
0,0,0,0,0,0,0,,,,,,,,,#88BA3F,38.61263394355774,False,space,correct rejection,None,1097.231388092041,text_19,21,1,2back_dual_main_click,2,für,2,2,4,120,60,,,,,,,,,,,20,01,yes,no,no,2025-08-11_17h25.24.357,EXNAT_4_TMS_Psychopy2024.2.5.psyexp,2024.2.5,2025-08-11 17h29.25.252105 +0200,
0,0,0,0,0,0,0,,,,,,,,,#88BA3F,39.76449251174927,False,space,correct rejection,None,905.4021835327148,text_19,22,1,2back_dual_main_click,2,Urlaub.,2,2,4,120,60,,,,,,,,,,,20,01,yes,no,no,2025-08-11_17h25.24.357,EXNAT_4_TMS_Psychopy2024.2.5.psyexp,2024.2.5,2025-08-11 17h29.25.252105 +0200,
0,0,0,0,0,0,0,,,,,,,,,#F989A2,40.72482514381409,False,space,correct rejection,None,1001.0800361633301,text_19,23,1,2back_dual_main_click,2,Nur,3,2,5,120,60,41.32594180107117,,,,,,,,,,20,01,yes,no,no,2025-08-11_17h25.24.357,EXNAT_4_TMS_Psychopy2024.2.5.psyexp,2024.2.5,2025-08-11 17h29.25.252105 +0200,
0,0,0,0,0,0,0,,,,,,,,,#2AB7EF,41.78229594230652,False,l,false alarm,1671.541690826416,2119.42458152771,text_19,24,1,2back_dual_main_click,2,246,3,2,5,120,60,,,,,,,,,,,20,01,yes,no,no,2025-08-11_17h25.24.357,EXNAT_4_TMS_Psychopy2024.2.5.psyexp,2024.2.5,2025-08-11 17h29.25.252105 +0200,
0,0,0,0,0,0,0,,,,,,,,,#2AB7EF,43.95833992958069,False,space,correct rejection,None,1015.6605243682861,text_19,25,1,2back_dual_main_click,2,Touristen,3,2,5,120,60,,,,,,,,,,,20,01,yes,no,no,2025-08-11_17h25.24.357,EXNAT_4_TMS_Psychopy2024.2.5.psyexp,2024.2.5,2025-08-11 17h29.25.252105 +0200,
0,0,0,0,0,0,0,,,,,,,,,#88BA3F,45.02821087837219,False,space,correct rejection,None,1033.7486267089844,text_19,26,1,2back_dual_main_click,2,dürfen,3,2,5,120,60,,,,,,,,,,,20,01,yes,no,no,2025-08-11_17h25.24.357,EXNAT_4_TMS_Psychopy2024.2.5.psyexp,2024.2.5,2025-08-11 17h29.25.252105 +0200,
0,0,0,0,0,0,0,,,,,,,,,#D292F3,46.10281562805176,False,space,correct rejection,None,1111.1342906951904,text_19,27,1,2back_dual_main_click,2,pro,4,2,6,120,60,46.32588481903076,,,,,,,,,,20,01,yes,no,no,2025-08-11_17h25.24.357,EXNAT_4_TMS_Psychopy2024.2.5.psyexp,2024.2.5,2025-08-11 17h29.25.252105 +0200,
0,0,0,0,0,0,0,,,,,,,,,#88BA3F,47.26887512207031,True,space,miss,None,1288.926362991333,text_19,28,1,2back_dual_main_click,2,Tag,4,2,6,120,60,,,,,,,,,,,20,01,yes,no,no,2025-08-11_17h25.24.357,EXNAT_4_TMS_Psychopy2024.2.5.psyexp,2024.2.5,2025-08-11 17h29.25.252105 +0200,
0,0,0,0,0,0,0,,,,,,,,,#F989A2,48.61178255081177,False,space,correct rejection,None,1162.1358394622803,text_19,29,1,2back_dual_main_click,2,die,4,2,6,120,60,,,,,,,,,,,20,01,yes,no,no,2025-08-11_17h25.24.357,EXNAT_4_TMS_Psychopy2024.2.5.psyexp,2024.2.5,2025-08-11 17h29.25.252105 +0200,
0,0,0,0,0,0,0,,,,,,,,,#D292F3,49.82957434654236,False,space,correct rejection,None,1032.4580669403076,text_19,30,1,2back_dual_main_click,2,Insel,4,2,6,120,60,,,,,,,,,,,20,01,yes,no,no,2025-08-11_17h25.24.357,EXNAT_4_TMS_Psychopy2024.2.5.psyexp,2024.2.5,2025-08-11 17h29.25.252105 +0200,
0,0,0,0,0,0,0,,,,,,,,,#2AB7EF,50.918168783187866,False,space,correct rejection,None,935.8160495758057,text_19,31,1,2back_dual_main_click,2,besuchen.,4,2,6,120,60,,,,,,,,,,,20,01,yes,no,no,2025-08-11_17h25.24.357,EXNAT_4_TMS_Psychopy2024.2.5.psyexp,2024.2.5,2025-08-11 17h29.25.252105 +0200,
0,0,0,0,0,0,0,,,,,,,,,#2AB7EF,51.909143686294556,False,space,correct rejection,None,856.8856716156006,text_19,32,1,2back_dual_main_click,2,Auch,4,2,6,120,60,,,,,,,,,,,20,01,yes,no,no,2025-08-11_17h25.24.357,EXNAT_4_TMS_Psychopy2024.2.5.psyexp,2024.2.5,2025-08-11 17h29.25.252105 +0200,
0,0,0,0,0,0,0,,,,,,,,,#F989A2,52.82160496711731,False,space,correct rejection,None,1272.3548412322998,text_19,33,1,2back_dual_main_click,2,der,4,2,6,120,60,,,,,,,,,,,20,01,yes,no,no,2025-08-11_17h25.24.357,EXNAT_4_TMS_Psychopy2024.2.5.psyexp,2024.2.5,2025-08-11 17h29.25.252105 +0200,
0,0,0,0,0,0,0,,,,,,,,,#F989A2,54.14873123168945,False,space,correct rejection,None,953.2949924468994,text_19,34,1,2back_dual_main_click,2,Zugang,4,2,6,120,60,,,,,,,,,,,20,01,yes,no,no,2025-08-11_17h25.24.357,EXNAT_4_TMS_Psychopy2024.2.5.psyexp,2024.2.5,2025-08-11 17h29.25.252105 +0200,
0,0,0,0,0,0,0,,,,,,,,,#88BA3F,55.156423807144165,False,space,correct rejection,None,921.5178489685059,text_19,35,1,2back_dual_main_click,2,zu,4,2,6,120,60,,,,,,,,,,,20,01,yes,no,no,2025-08-11_17h25.24.357,EXNAT_4_TMS_Psychopy2024.2.5.psyexp,2024.2.5,2025-08-11 17h29.25.252105 +0200,
0,0,0,0,0,0,0,,,,,,,,,#D292F3,56.13349652290344,False,space,correct rejection,None,792.4771308898926,text_19,36,1,2back_dual_main_click,2,Stränden,4,2,6,120,60,,,,,,,,,,,20,01,yes,no,no,2025-08-11_17h25.24.357,EXNAT_4_TMS_Psychopy2024.2.5.psyexp,2024.2.5,2025-08-11 17h29.25.252105 +0200,
0,0,0,0,0,0,0,,,,,,,,,#F989A2,56.98155879974365,False,l,false alarm,680.3848743438721,1080.3501605987549,text_19,37,1,2back_dual_main_click,2,und,4,2,6,120,60,,,,,,,,,,,20,01,yes,no,no,2025-08-11_17h25.24.357,EXNAT_4_TMS_Psychopy2024.2.5.psyexp,2024.2.5,2025-08-11 17h29.25.252105 +0200,
0,0,0,0,0,0,0,,,,,,,,,#F989A2,58.11610221862793,False,space,correct rejection,None,953.8865089416504,text_19,38,1,2back_dual_main_click,2,Buchten,4,2,6,120,60,,,,,,,,,,,20,01,yes,no,no,2025-08-11_17h25.24.357,EXNAT_4_TMS_Psychopy2024.2.5.psyexp,2024.2.5,2025-08-11 17h29.25.252105 +0200,
0,0,0,0,0,0,0,,,,,,,,,#88BA3F,59.123767137527466,False,space,correct rejection,None,826.2217044830322,text_19,39,1,2back_dual_main_click,2,ist,4,2,6,120,60,,,,,,,,,,,20,01,yes,no,no,2025-08-11_17h25.24.357,EXNAT_4_TMS_Psychopy2024.2.5.psyexp,2024.2.5,2025-08-11 17h29.25.252105 +0200,
0,0,0,0,0,0,0,,,,,,,,,#2AB7EF,60.00343561172485,False,space,correct rejection,None,954.5159339904785,text_19,40,1,2back_dual_main_click,2,streng,4,2,6,120,60,,,,,,,,,,,20,01,yes,no,no,2025-08-11_17h25.24.357,EXNAT_4_TMS_Psychopy2024.2.5.psyexp,2024.2.5,2025-08-11 17h29.25.252105 +0200,
0,0,0,0,0,0,0,,,,,,,,,#88BA3F,61.01287579536438,True,l,hit,569.084644317627,1081.0413360595703,text_19,41,1,2back_dual_main_click,2,geregelt.,4,3,7,120,60,61.06931281089783,,,,,,,,,,20,01,yes,no,no,2025-08-11_17h25.24.357,EXNAT_4_TMS_Psychopy2024.2.5.psyexp,2024.2.5,2025-08-11 17h29.25.252105 +0200,
0,0,0,0,0,0,0,,,,,,,,,#D292F3,62.13458967208862,False,space,correct rejection,None,999.2029666900635,text_19,42,1,2back_dual_main_click,2,Die,4,3,7,120,60,,,,,,,,,,,20,01,yes,no,no,2025-08-11_17h25.24.357,EXNAT_4_TMS_Psychopy2024.2.5.psyexp,2024.2.5,2025-08-11 17h29.25.252105 +0200,
0,0,0,0,0,0,0,,,,,,,,,#D292F3,63.187973737716675,False,space,correct rejection,None,1098.001480102539,text_19,43,1,2back_dual_main_click,2,Natur,4,3,7,120,60,,,,,,,,,,,20,01,yes,no,no,2025-08-11_17h25.24.357,EXNAT_4_TMS_Psychopy2024.2.5.psyexp,2024.2.5,2025-08-11 17h29.25.252105 +0200,
0,0,0,0,0,0,0,,,,,,,,,#F989A2,64.34018540382385,False,space,correct rejection,None,1065.7880306243896,text_19,44,1,2back_dual_main_click,2,dort,4,3,7,120,60,,,,,,,,,,,20,01,yes,no,no,2025-08-11_17h25.24.357,EXNAT_4_TMS_Psychopy2024.2.5.psyexp,2024.2.5,2025-08-11 17h29.25.252105 +0200,
0,0,0,0,0,0,0,,,,,,,,,#D292F3,65.4596016407013,True,l,hit,554.3811321258545,1338.3145332336426,text_19,45,1,2back_dual_main_click,2,gehört,4,4,8,120,60,66.06919407844543,,,,,,,,,,20,01,yes,no,no,2025-08-11_17h25.24.357,EXNAT_4_TMS_Psychopy2024.2.5.psyexp,2024.2.5,2025-08-11 17h29.25.252105 +0200,
0,0,0,0,0,0,0,,,,,,,,,#2AB7EF,66.85270547866821,False,space,correct rejection,None,1097.249984741211,text_19,46,1,2back_dual_main_click,2,zu,4,4,8,120,60,,,,,,,,,,,20,01,yes,no,no,2025-08-11_17h25.24.357,EXNAT_4_TMS_Psychopy2024.2.5.psyexp,2024.2.5,2025-08-11 17h29.25.252105 +0200,
0,0,0,0,0,0,0,,,,,,,,,#2AB7EF,68.00546073913574,False,space,correct rejection,None,952.5532722473145,text_19,47,1,2back_dual_main_click,2,den,4,4,8,120,60,,,,,,,,,,,20,01,yes,no,no,2025-08-11_17h25.24.357,EXNAT_4_TMS_Psychopy2024.2.5.psyexp,2024.2.5,2025-08-11 17h29.25.252105 +0200,
0,0,0,0,0,0,0,,,,,,,,,#88BA3F,69.01283693313599,False,space,correct rejection,None,1161.219835281372,text_19,48,1,2back_dual_main_click,2,am,4,4,8,120,60,,,,,,,,,,,20,01,yes,no,no,2025-08-11_17h25.24.357,EXNAT_4_TMS_Psychopy2024.2.5.psyexp,2024.2.5,2025-08-11 17h29.25.252105 +0200,
0,0,0,0,0,0,0,,,,,,,,,#F989A2,70.22978329658508,False,space,correct rejection,None,984.2426776885986,text_19,49,1,2back_dual_main_click,2,besten,5,4,9,120,60,71.06922197341919,,,,,,,,,,20,01,yes,no,no,2025-08-11_17h25.24.357,EXNAT_4_TMS_Psychopy2024.2.5.psyexp,2024.2.5,2025-08-11 17h29.25.252105 +0200,
0,0,0,0,0,0,0,,,,,,,,,#D292F3,71.26852655410767,False,space,correct rejection,None,1177.497386932373,text_19,50,1,2back_dual_main_click,2,geschützten,5,4,9,120,60,,,,,,,,,,,20,01,yes,no,no,2025-08-11_17h25.24.357,EXNAT_4_TMS_Psychopy2024.2.5.psyexp,2024.2.5,2025-08-11 17h29.25.252105 +0200,
0,0,0,0,0,0,0,,,,,,,,,#88BA3F,72.50073790550232,False,space,correct rejection,None,825.350284576416,text_19,51,1,2back_dual_main_click,2,in,5,4,9,120,60,,,,,,,,,,,20,01,yes,no,no,2025-08-11_17h25.24.357,EXNAT_4_TMS_Psychopy2024.2.5.psyexp,2024.2.5,2025-08-11 17h29.25.252105 +0200,
0,0,0,0,0,0,0,,,,,,,,,#2AB7EF,73.38041973114014,False,space,correct rejection,None,1177.6618957519531,text_19,52,1,2back_dual_main_click,2,ganz,5,4,9,120,60,,,,,,,,,,,20,01,yes,no,no,2025-08-11_17h25.24.357,EXNAT_4_TMS_Psychopy2024.2.5.psyexp,2024.2.5,2025-08-11 17h29.25.252105 +0200,
0,0,0,0,0,0,0,,,,,,,,,#F989A2,74.61286044120789,False,space,correct rejection,None,1017.2023773193359,text_19,53,1,2back_dual_main_click,2,Brasilien.,5,4,9,120,60,,,,,,,,,,,20,01,yes,no,no,2025-08-11_17h25.24.357,EXNAT_4_TMS_Psychopy2024.2.5.psyexp,2024.2.5,2025-08-11 17h29.25.252105 +0200,
0,0,0,0,0,0,0,,,,,,,,,#F989A2,75.68608784675598,False,space,correct rejection,None,1719.9008464813232,text_19,54,1,2back_dual_main_click,2,Fischen,6,4,10,120,60,76.06921052932739,,,,,,,,,,20,01,yes,no,no,2025-08-11_17h25.24.357,EXNAT_4_TMS_Psychopy2024.2.5.psyexp,2024.2.5,2025-08-11 17h29.25.252105 +0200,
0,0,0,0,0,0,0,,,,,,,,,#D292F3,77.45799541473389,False,space,correct rejection,None,1180.1049709320068,text_19,55,1,2back_dual_main_click,2,ist,6,4,10,120,60,,,,,,,,,,,20,01,yes,no,no,2025-08-11_17h25.24.357,EXNAT_4_TMS_Psychopy2024.2.5.psyexp,2024.2.5,2025-08-11 17h29.25.252105 +0200,
0,0,0,0,0,0,0,,,,,,,,,#D292F3,78.67889833450317,False,space,correct rejection,None,1143.2418823242188,text_19,56,1,2back_dual_main_click,2,"verboten,",6,4,10,120,60,,,,,,,,,,,20,01,yes,no,no,2025-08-11_17h25.24.357,EXNAT_4_TMS_Psychopy2024.2.5.psyexp,2024.2.5,2025-08-11 17h29.25.252105 +0200,
0,0,0,0,0,0,0,,,,,,,,,#88BA3F,79.86299729347229,False,space,correct rejection,None,1079.1575908660889,text_19,57,1,2back_dual_main_click,2,Strände,6,4,10,120,60,,,,,,,,,,,20,01,yes,no,no,2025-08-11_17h25.24.357,EXNAT_4_TMS_Psychopy2024.2.5.psyexp,2024.2.5,2025-08-11 17h29.25.252105 +0200,
0,0,0,0,0,0,0,,,,,,,,,#2AB7EF,80.98347115516663,False,space,correct rejection,None,982.4786186218262,text_19,58,1,2back_dual_main_click,2,werden,6,4,10,120,60,,,,,,,,,,,20,01,yes,no,no,2025-08-11_17h25.24.357,EXNAT_4_TMS_Psychopy2024.2.5.psyexp,2024.2.5,2025-08-11 17h29.25.252105 +0200,
0,0,0,0,0,0,0,,,,,,,,,#88BA3F,82.00377416610718,True,l,hit,682.2333335876465,1210.1762294769287,text_19,59,1,2back_dual_main_click,2,nachts,6,4,10,120,60,,,,,,,,,,,20,01,yes,no,no,2025-08-11_17h25.24.357,EXNAT_4_TMS_Psychopy2024.2.5.psyexp,2024.2.5,2025-08-11 17h29.25.252105 +0200,
0,0,0,0,0,0,0,,,,,,,,,#2AB7EF,83.26696515083313,True,l,hit,571.0945129394531,1099.0374088287354,text_19,60,1,2back_dual_main_click,2,"geschlossen,",6,4,10,120,60,,,,,,,,,,,20,01,yes,no,no,2025-08-11_17h25.24.357,EXNAT_4_TMS_Psychopy2024.2.5.psyexp,2024.2.5,2025-08-11 17h29.25.252105 +0200,
0,0,0,0,0,0,0,,,,,,,,,#88BA3F,84.4198706150055,True,l,hit,1018.1539058685303,1546.0004806518555,text_19,61,1,2back_dual_main_click,2,damit,6,5,11,120,60,84.47322010993958,,,,,,,,,,20,01,yes,no,no,2025-08-11_17h25.24.357,EXNAT_4_TMS_Psychopy2024.2.5.psyexp,2024.2.5,2025-08-11 17h29.25.252105 +0200,
0,0,0,0,0,0,0,,,,,,,,,#2AB7EF,86.0218596458435,True,l,hit,695.9667205810547,1111.9117736816406,text_19,62,1,2back_dual_main_click,2,Meeresschildkröten,6,5,11,120,60,,,,,,,,,,,20,01,yes,no,no,2025-08-11_17h25.24.357,EXNAT_4_TMS_Psychopy2024.2.5.psyexp,2024.2.5,2025-08-11 17h29.25.252105 +0200,
0,0,0,0,0,0,0,,,,,,,,,#2AB7EF,87.18792414665222,False,space,correct rejection,None,1562.1418952941895,text_19,63,1,2back_dual_main_click,2,in,6,5,11,120,60,,,,,,,,,,,20,01,yes,no,no,2025-08-11_17h25.24.357,EXNAT_4_TMS_Psychopy2024.2.5.psyexp,2024.2.5,2025-08-11 17h29.25.252105 +0200,
0,0,0,0,0,0,0,,,,,,,,,#D292F3,88.8068253993988,False,space,correct rejection,None,1271.2154388427734,text_19,64,1,2back_dual_main_click,2,Ruhe,7,5,12,120,60,89.47313594818115,,,,,,,,,,20,01,yes,no,no,2025-08-11_17h25.24.357,EXNAT_4_TMS_Psychopy2024.2.5.psyexp,2024.2.5,2025-08-11 17h29.25.252105 +0200,
0,0,0,0,0,0,0,,,,,,,,,#88BA3F,90.13298416137695,False,space,correct rejection,None,1049.0801334381104,text_19,65,1,2back_dual_main_click,2,Eier,7,5,12,120,60,,,,,,,,,,,20,01,yes,no,no,2025-08-11_17h25.24.357,EXNAT_4_TMS_Psychopy2024.2.5.psyexp,2024.2.5,2025-08-11 17h29.25.252105 +0200,
0,0,0,0,0,0,0,,,,,,,,,#88BA3F,91.23679041862488,False,l,false alarm,1801.3465404510498,2345.268487930298,text_19,66,1,2back_dual_main_click,2,legen,7,5,12,120,60,,,,,,,,,,,20,01,yes,no,no,2025-08-11_17h25.24.357,EXNAT_4_TMS_Psychopy2024.2.5.psyexp,2024.2.5,2025-08-11 17h29.25.252105 +0200,
0,0,0,0,0,0,0,,,,,,,,,#D292F3,93.63846397399902,False,space,correct rejection,None,1591.6926860809326,text_19,67,1,2back_dual_main_click,2,"können,",7,5,12,120,60,,,,,,,,,,,20,01,yes,no,no,2025-08-11_17h25.24.357,EXNAT_4_TMS_Psychopy2024.2.5.psyexp,2024.2.5,2025-08-11 17h29.25.252105 +0200,
0,0,0,0,0,0,0,,,,,,,,,#2AB7EF,95.28399133682251,False,space,correct rejection,None,2154.104232788086,text_19,68,1,2back_dual_main_click,2,undSonnencreme,7,5,12,120,60,,,,,,,,,,,20,01,yes,no,no,2025-08-11_17h25.24.357,EXNAT_4_TMS_Psychopy2024.2.5.psyexp,2024.2.5,2025-08-11 17h29.25.252105 +0200,
0,0,0,0,0,0,0,,,,,,,,,#F989A2,97.49358654022217,False,space,correct rejection,None,1320.4524517059326,text_19,69,1,2back_dual_main_click,2,ist,7,5,12,120,60,,,,,,,,,,,20,01,yes,no,no,2025-08-11_17h25.24.357,EXNAT_4_TMS_Psychopy2024.2.5.psyexp,2024.2.5,2025-08-11 17h29.25.252105 +0200,
0,0,0,0,0,0,0,,,,,,,,,#D292F3,98.86945843696594,False,space,correct rejection,None,1336.618423461914,text_19,70,1,2back_dual_main_click,2,"verboten,",7,5,12,120,60,,,,,,,,,,,20,01,yes,no,no,2025-08-11_17h25.24.357,EXNAT_4_TMS_Psychopy2024.2.5.psyexp,2024.2.5,2025-08-11 17h29.25.252105 +0200,
0,0,0,0,0,0,0,,,,,,,,,#F989A2,100.2612636089325,True,l,hit,1064.75830078125,1544.5446968078613,text_19,71,1,2back_dual_main_click,2,weil,7,6,13,120,60,100.33819365501404,,,,,,,,,,20,01,yes,no,no,2025-08-11_17h25.24.357,EXNAT_4_TMS_Psychopy2024.2.5.psyexp,2024.2.5,2025-08-11 17h29.25.252105 +0200,
0,0,0,0,0,0,0,,,,,,,,,#F989A2,101.84585237503052,False,space,correct rejection,None,696.1774826049805,text_19,72,1,2back_dual_main_click,2,sie,7,6,13,120,60,,,,,,,,,,,20,01,yes,no,no,2025-08-11_17h25.24.357,EXNAT_4_TMS_Psychopy2024.2.5.psyexp,2024.2.5,2025-08-11 17h29.25.252105 +0200,
0,0,0,0,0,0,0,,,,,,,,,#88BA3F,102.58228611946106,False,space,correct rejection,None,1063.7404918670654,text_19,73,1,2back_dual_main_click,2,dem,7,6,13,120,60,,,,,,,,,,,20,01,yes,no,no,2025-08-11_17h25.24.357,EXNAT_4_TMS_Psychopy2024.2.5.psyexp,2024.2.5,2025-08-11 17h29.25.252105 +0200,
0,0,0,0,0,0,0,,,,,,,,,#F989A2,103.68304920196533,True,l,hit,746.9038963317871,1194.8800086975098,text_19,74,1,2back_dual_main_click,2,Meer,7,6,13,120,60,,,,,,,,,,,20,01,yes,no,no,2025-08-11_17h25.24.357,EXNAT_4_TMS_Psychopy2024.2.5.psyexp,2024.2.5,2025-08-11 17h29.25.252105 +0200,
0,0,0,0,0,0,0,,,,,,,,,#2AB7EF,104.91746068000793,False,space,correct rejection,None,1000.5440711975098,text_19,75,1,2back_dual_main_click,2,schadet.,8,6,14,120,60,105.33810329437256,,,,,,,,,,20,01,yes,no,no,2025-08-11_17h25.24.357,EXNAT_4_TMS_Psychopy2024.2.5.psyexp,2024.2.5,2025-08-11 17h29.25.252105 +0200,
0,0,0,0,0,0,0,,,,,,,,,#88BA3F,105.95707440376282,False,space,correct rejection,None,1624.943733215332,text_19,76,1,2back_dual_main_click,2,Viele,8,6,14,120,60,,,,,,,,,,,20,01,yes,no,no,2025-08-11_17h25.24.357,EXNAT_4_TMS_Psychopy2024.2.5.psyexp,2024.2.5,2025-08-11 17h29.25.252105 +0200,
0,0,0,0,0,0,0,,,,,,,,,#F989A2,107.6223738193512,False,space,correct rejection,None,1575.6149291992188,text_19,77,1,2back_dual_main_click,2,Bewohner,8,6,14,120,60,,,,,,,,,,,20,01,yes,no,no,2025-08-11_17h25.24.357,EXNAT_4_TMS_Psychopy2024.2.5.psyexp,2024.2.5,2025-08-11 17h29.25.252105 +0200,
0,0,0,0,0,0,0,,,,,,,,,#D292F3,109.25137734413147,False,space,correct rejection,None,1034.6870422363281,text_19,78,1,2back_dual_main_click,2,wie,8,6,14,120,60,,,,,,,,,,,20,01,yes,no,no,2025-08-11_17h25.24.357,EXNAT_4_TMS_Psychopy2024.2.5.psyexp,2024.2.5,2025-08-11 17h29.25.252105 +0200,
0,0,0,0,0,0,0,,,,,,,,,#D292F3,110.34264707565308,False,space,correct rejection,None,1079.4203281402588,text_19,79,1,2back_dual_main_click,2,Domício,8,6,14,120,60,,,,,,,,,,,20,01,yes,no,no,2025-08-11_17h25.24.357,EXNAT_4_TMS_Psychopy2024.2.5.psyexp,2024.2.5,2025-08-11 17h29.25.252105 +0200,
0,0,0,0,0,0,0,,,,,,,,,#F989A2,111.47697758674622,False,space,correct rejection,None,969.0473079681396,text_19,80,1,2back_dual_main_click,2,Cordeiro,8,6,14,120,60,,,,,,,,,,,20,01,yes,no,no,2025-08-11_17h25.24.357,EXNAT_4_TMS_Psychopy2024.2.5.psyexp,2024.2.5,2025-08-11 17h29.25.252105 +0200,
0,0,0,0,0,0,0,,,,,,,,,#2AB7EF,112.50114274024963,False,space,correct rejection,None,840.8412933349609,text_19,81,1,2back_dual_main_click,2,haben,8,6,14,120,60,,,,,,,,,,,20,01,yes,no,no,2025-08-11_17h25.24.357,EXNAT_4_TMS_Psychopy2024.2.5.psyexp,2024.2.5,2025-08-11 17h29.25.252105 +0200,
0,0,0,0,0,0,0,,,,,,,,,#88BA3F,113.39651656150818,False,space,correct rejection,None,1001.4886856079102,text_19,82,1,2back_dual_main_click,2,"verhindert,",8,6,14,120,60,,,,,,,,,,,20,01,yes,no,no,2025-08-11_17h25.24.357,EXNAT_4_TMS_Psychopy2024.2.5.psyexp,2024.2.5,2025-08-11 17h29.25.252105 +0200,
0,0,0,0,0,0,0,,,,,,,,,#2AB7EF,114.45053124427795,True,l,hit,923.5620498657227,1371.4752197265625,text_19,83,1,2back_dual_main_click,2,dass,8,7,15,120,60,114.50454306602478,,,,,,,,,,20,01,yes,no,no,2025-08-11_17h25.24.357,EXNAT_4_TMS_Psychopy2024.2.5.psyexp,2024.2.5,2025-08-11 17h29.25.252105 +0200,
0,0,0,0,0,0,0,,,,,,,,,#D292F3,115.87521386146545,False,space,correct rejection,None,938.7173652648926,text_19,84,1,2back_dual_main_click,2,auf,8,7,15,120,60,,,,,,,,,,,20,01,yes,no,no,2025-08-11_17h25.24.357,EXNAT_4_TMS_Psychopy2024.2.5.psyexp,2024.2.5,2025-08-11 17h29.25.252105 +0200,
0,0,0,0,0,0,0,,,,,,,,,#F989A2,116.86698746681213,False,space,correct rejection,None,1434.8971843719482,text_19,85,1,2back_dual_main_click,2,der,8,7,15,120,60,,,,,,,,,,,20,01,yes,no,no,2025-08-11_17h25.24.357,EXNAT_4_TMS_Psychopy2024.2.5.psyexp,2024.2.5,2025-08-11 17h29.25.252105 +0200,
0,0,0,0,0,0,0,,,,,,,,,#D292F3,118.35241603851318,True,space,miss,None,1245.6824779510498,text_19,86,1,2back_dual_main_click,2,Insel,8,8,16,120,60,119.50450587272644,,,,,,,,,,20,01,yes,no,no,2025-08-11_17h25.24.357,EXNAT_4_TMS_Psychopy2024.2.5.psyexp,2024.2.5,2025-08-11 17h29.25.252105 +0200,
0,0,0,0,0,0,0,,,,,,,,,#88BA3F,119.63935256004333,False,space,correct rejection,None,1398.6210823059082,text_19,87,1,2back_dual_main_click,2,große,8,8,16,120,60,,,,,,,,,,,20,01,yes,no,no,2025-08-11_17h25.24.357,EXNAT_4_TMS_Psychopy2024.2.5.psyexp,2024.2.5,2025-08-11 17h29.25.252105 +0200,
0,0,0,0,0,0,0,,,,,,,,,#2AB7EF,121.09194540977478,False,space,correct rejection,None,874.1493225097656,text_19,88,1,2back_dual_main_click,2,Hotels,8,8,16,120,60,,,,,,,,,,,20,01,yes,no,no,2025-08-11_17h25.24.357,EXNAT_4_TMS_Psychopy2024.2.5.psyexp,2024.2.5,2025-08-11 17h29.25.252105 +0200,
0,0,0,0,0,0,0,,,,,,,,,#D292F3,122.02079820632935,False,space,correct rejection,None,1001.2896060943604,text_19,89,1,2back_dual_main_click,2,und,8,8,16,120,60,,,,,,,,,,,20,01,yes,no,no,2025-08-11_17h25.24.357,EXNAT_4_TMS_Psychopy2024.2.5.psyexp,2024.2.5,2025-08-11 17h29.25.252105 +0200,
0,0,0,0,0,0,0,,,,,,,,,#88BA3F,123.07687854766846,False,space,correct rejection,None,1289.250373840332,text_19,90,1,2back_dual_main_click,2,Casinos,8,8,16,120,60,,,,,,,,,,,20,01,yes,no,no,2025-08-11_17h25.24.357,EXNAT_4_TMS_Psychopy2024.2.5.psyexp,2024.2.5,2025-08-11 17h29.25.252105 +0200,
0,0,0,0,0,0,0,,,,,,,,,#88BA3F,124.42178678512573,False,space,correct rejection,None,984.2426776885986,text_19,91,1,2back_dual_main_click,2,gebaut,9,8,17,120,60,124.50460624694824,,,,,,,,,,20,01,yes,no,no,2025-08-11_17h25.24.357,EXNAT_4_TMS_Psychopy2024.2.5.psyexp,2024.2.5,2025-08-11 17h29.25.252105 +0200,
0,0,0,0,0,0,0,,,,,,,,,#F989A2,125.46214699745178,False,space,correct rejection,None,1095.8936214447021,text_19,92,1,2back_dual_main_click,2,werden.,9,8,17,120,60,,,,,,,,,,,20,01,yes,no,no,2025-08-11_17h25.24.357,EXNAT_4_TMS_Psychopy2024.2.5.psyexp,2024.2.5,2025-08-11 17h29.25.252105 +0200,
0,0,0,0,0,0,0,,,,,,,,,#2AB7EF,126.61325359344482,False,space,correct rejection,None,1640.794038772583,text_19,93,1,2back_dual_main_click,2,Trotzdem,9,8,17,120,60,,,,,,,,,,,20,01,yes,no,no,2025-08-11_17h25.24.357,EXNAT_4_TMS_Psychopy2024.2.5.psyexp,2024.2.5,2025-08-11 17h29.25.252105 +0200,
0,0,0,0,0,0,0,,,,,,,,,#2AB7EF,128.30979895591736,False,space,correct rejection,None,904.2582511901855,text_19,94,1,2back_dual_main_click,2,gibt,9,8,17,120,60,,,,,,,,,,,20,01,yes,no,no,2025-08-11_17h25.24.357,EXNAT_4_TMS_Psychopy2024.2.5.psyexp,2024.2.5,2025-08-11 17h29.25.252105 +0200,
0,0,0,0,0,0,0,,,,,,,,,#F989A2,129.25284504890442,False,space,correct rejection,None,921.1447238922119,text_19,95,1,2back_dual_main_click,2,es,10,8,18,120,60,129.50448608398438,,,,,,,,,,20,01,yes,no,no,2025-08-11_17h25.24.357,EXNAT_4_TMS_Psychopy2024.2.5.psyexp,2024.2.5,2025-08-11 17h29.25.252105 +0200,
0,0,0,0,0,0,0,,,,,,,,,#D292F3,130.21510910987854,False,space,correct rejection,None,1254.9307346343994,text_19,96,1,2back_dual_main_click,2,heute,10,8,18,120,60,,,,,,,,,,,20,01,yes,no,no,2025-08-11_17h25.24.357,EXNAT_4_TMS_Psychopy2024.2.5.psyexp,2024.2.5,2025-08-11 17h29.25.252105 +0200,
0,0,0,0,0,0,0,,,,,,,,,#88BA3F,131.5115966796875,False,space,correct rejection,None,822.4594593048096,text_19,97,1,2back_dual_main_click,2,mehr,10,8,18,120,60,,,,,,,,,,,20,01,yes,no,no,2025-08-11_17h25.24.357,EXNAT_4_TMS_Psychopy2024.2.5.psyexp,2024.2.5,2025-08-11 17h29.25.252105 +0200,
0,0,0,0,0,0,0,,,,,,,,,#D292F3,132.37308168411255,True,l,hit,472.93996810913086,984.9274158477783,text_19,98,1,2back_dual_main_click,2,Menschen,10,8,18,120,60,,,,,,,,,,,20,01,yes,no,no,2025-08-11_17h25.24.357,EXNAT_4_TMS_Psychopy2024.2.5.psyexp,2024.2.5,2025-08-11 17h29.25.252105 +0200,
0,0,0,0,0,0,0,,,,,,,,,#2AB7EF,133.39790177345276,False,space,correct rejection,None,1032.1505069732666,text_19,99,1,2back_dual_main_click,2,und,10,8,18,120,60,,,,,,,,,,,20,01,yes,no,no,2025-08-11_17h25.24.357,EXNAT_4_TMS_Psychopy2024.2.5.psyexp,2024.2.5,2025-08-11 17h29.25.252105 +0200,
0,0,0,0,0,0,0,,,,,,,,,#2AB7EF,134.46957087516785,False,space,correct rejection,None,984.4250679016113,text_19,100,1,2back_dual_main_click,2,einige,10,8,18,120,60,,,,,,,,,,,20,01,yes,no,no,2025-08-11_17h25.24.357,EXNAT_4_TMS_Psychopy2024.2.5.psyexp,2024.2.5,2025-08-11 17h29.25.252105 +0200,
0,0,0,0,0,0,0,,,,,,,,,#D292F3,135.495423078537,False,space,correct rejection,None,934.6749782562256,text_19,101,1,2back_dual_main_click,2,illegale,10,8,18,120,60,,,,,,,,,,,20,01,yes,no,no,2025-08-11_17h25.24.357,EXNAT_4_TMS_Psychopy2024.2.5.psyexp,2024.2.5,2025-08-11 17h29.25.252105 +0200,
0,0,0,0,0,0,0,,,,,,,,,#F989A2,136.48343086242676,False,space,correct rejection,None,1050.6081581115723,text_19,102,1,2back_dual_main_click,2,"Häuser,",10,8,18,120,60,,,,,,,,,,,20,01,yes,no,no,2025-08-11_17h25.24.357,EXNAT_4_TMS_Psychopy2024.2.5.psyexp,2024.2.5,2025-08-11 17h29.25.252105 +0200,
0,0,0,0,0,0,0,,,,,,,,,#D292F3,137.589697599411,True,l,hit,632.4033737182617,1192.3747062683105,text_19,103,1,2back_dual_main_click,2,was,10,9,19,120,60,137.64256405830383,,,,,,,,,,20,01,yes,no,no,2025-08-11_17h25.24.357,EXNAT_4_TMS_Psychopy2024.2.5.psyexp,2024.2.5,2025-08-11 17h29.25.252105 +0200,
0,0,0,0,0,0,0,,,,,,,,,#88BA3F,138.836989402771,False,space,correct rejection,None,1481.1208248138428,text_19,104,1,2back_dual_main_click,2,dazu,10,9,19,120,60,,,,,,,,,,,20,01,yes,no,no,2025-08-11_17h25.24.357,EXNAT_4_TMS_Psychopy2024.2.5.psyexp,2024.2.5,2025-08-11 17h29.25.252105 +0200,
0,0,0,0,0,0,0,,,,,,,,,#F989A2,140.3731188774109,False,l,false alarm,1144.8431015014648,1624.7711181640625,text_19,105,1,2back_dual_main_click,2,führt,10,9,19,120,60,,,,,,,,,,,20,01,yes,no,no,2025-08-11_17h25.24.357,EXNAT_4_TMS_Psychopy2024.2.5.psyexp,2024.2.5,2025-08-11 17h29.25.252105 +0200,
0,0,0,0,0,0,0,,,,,,,,,#88BA3F,142.05330181121826,True,l,hit,712.7666473388672,1160.6814861297607,text_19,106,1,2back_dual_main_click,2,dass,10,10,20,120,60,142.64253687858582,,,,,,,,,,20,01,yes,no,no,2025-08-11_17h25.24.357,EXNAT_4_TMS_Psychopy2024.2.5.psyexp,2024.2.5,2025-08-11 17h29.25.252105 +0200,
0,0,0,0,0,0,0,,,,,,,,,#F989A2,143.26866364479065,True,l,hit,585.3443145751953,1001.2707710266113,text_19,107,1,2back_dual_main_click,2,die,10,10,20,120,60,,,,,,,,,,,20,01,yes,no,no,2025-08-11_17h25.24.357,EXNAT_4_TMS_Psychopy2024.2.5.psyexp,2024.2.5,2025-08-11 17h29.25.252105 +0200,
0,0,0,0,0,0,0,,,,,,,,,#2AB7EF,144.32350659370422,False,space,correct rejection,None,1018.5339450836182,text_19,108,1,2back_dual_main_click,2,Wasser-,10,10,20,120,60,,,,,,,,,,,20,01,yes,no,no,2025-08-11_17h25.24.357,EXNAT_4_TMS_Psychopy2024.2.5.psyexp,2024.2.5,2025-08-11 17h29.25.252105 +0200,
0,0,0,0,0,0,0,,,,,,,,,#2AB7EF,145.39803552627563,False,space,correct rejection,None,2216.024875640869,text_19,109,1,2back_dual_main_click,2,und,10,10,20,120,60,,,,,,,,,,,20,01,yes,no,no,2025-08-11_17h25.24.357,EXNAT_4_TMS_Psychopy2024.2.5.psyexp,2024.2.5,2025-08-11 17h29.25.252105 +0200,
0,0,0,0,0,0,0,,,,,,,,,#2AB7EF,147.67175126075745,True,l,hit,1142.3041820526123,1686.2170696258545,text_19,110,1,2back_dual_main_click,2,Abwasseranlagen,10,10,20,120,60,,,,,,,,,,,20,01,yes,no,no,2025-08-11_17h25.24.357,EXNAT_4_TMS_Psychopy2024.2.5.psyexp,2024.2.5,2025-08-11 17h29.25.252105 +0200,
0,0,0,0,0,0,0,,,,,,,,,#88BA3F,149.4103925228119,False,space,correct rejection,None,971.6637134552002,text_19,111,1,2back_dual_main_click,2,bereits,11,10,21,120,60,149.46233654022217,,,,,,,,,,20,01,yes,no,no,2025-08-11_17h25.24.357,EXNAT_4_TMS_Psychopy2024.2.5.psyexp,2024.2.5,2025-08-11 17h29.25.252105 +0200,
0,0,0,0,0,0,0,,,,,,,,,#2AB7EF,150.43802094459534,True,l,hit,744.1079616546631,1256.005048751831,text_19,112,1,2back_dual_main_click,2,überlastet,11,10,21,120,60,,,,,,,,,,,20,01,yes,no,no,2025-08-11_17h25.24.357,EXNAT_4_TMS_Psychopy2024.2.5.psyexp,2024.2.5,2025-08-11 17h29.25.252105 +0200,
0,0,0,0,0,0,0,,,,,,,,,#F989A2,151.74884247779846,False,space,correct rejection,None,969.1376686096191,text_19,113,1,2back_dual_main_click,2,sind.,11,10,21,120,60,,,,,,,,,,,20,01,yes,no,no,2025-08-11_17h25.24.357,EXNAT_4_TMS_Psychopy2024.2.5.psyexp,2024.2.5,2025-08-11 17h29.25.252105 +0200,
0,0,0,0,0,0,0,,,,,,,,,#D292F3,152.7736587524414,False,space,correct rejection,None,1320.39475440979,text_19,114,1,2back_dual_main_click,2,Ein,11,10,21,120,60,,,,,,,,,,,20,01,yes,no,no,2025-08-11_17h25.24.357,EXNAT_4_TMS_Psychopy2024.2.5.psyexp,2024.2.5,2025-08-11 17h29.25.252105 +0200,
0,0,0,0,0,0,0,,,,,,,,,#F989A2,154.14972162246704,True,l,hit,568.3143138885498,1096.2529182434082,text_19,115,1,2back_dual_main_click,2,neuer,11,10,21,120,60,,,,,,,,,,,20,01,yes,no,no,2025-08-11_17h25.24.357,EXNAT_4_TMS_Psychopy2024.2.5.psyexp,2024.2.5,2025-08-11 17h29.25.252105 +0200,
0,0,0,0,0,0,0,,,,,,,,,#D292F3,155.30036878585815,True,l,hit,841.6314125061035,1225.555181503296,text_19,116,1,2back_dual_main_click,2,Plan,11,11,22,120,60,155.35495591163635,,,,,,,,,,20,01,yes,no,no,2025-08-11_17h25.24.357,EXNAT_4_TMS_Psychopy2024.2.5.psyexp,2024.2.5,2025-08-11 17h29.25.252105 +0200,
0,0,0,0,0,0,0,,,,,,,,,#F989A2,156.57992911338806,True,l,hit,762.134313583374,1034.0075492858887,text_19,117,1,2back_dual_main_click,2,soll,11,11,22,120,60,,,,,,,,,,,20,01,yes,no,no,2025-08-11_17h25.24.357,EXNAT_4_TMS_Psychopy2024.2.5.psyexp,2024.2.5,2025-08-11 17h29.25.252105 +0200,
0,0,0,0,0,0,0,,,,,,,,,#88BA3F,157.6684741973877,False,space,correct rejection,None,1177.6342391967773,text_19,118,1,2back_dual_main_click,2,"helfen,",11,11,22,120,60,,,,,,,,,,,20,01,yes,no,no,2025-08-11_17h25.24.357,EXNAT_4_TMS_Psychopy2024.2.5.psyexp,2024.2.5,2025-08-11 17h29.25.252105 +0200,
0,0,0,0,0,0,0,,,,,,,,,#D292F3,158.88478827476501,False,space,correct rejection,None,1193.2752132415771,text_19,119,1,2back_dual_main_click,2,Natur,11,11,22,120,60,,,,,,,,,,,20,01,yes,no,no,2025-08-11_17h25.24.357,EXNAT_4_TMS_Psychopy2024.2.5.psyexp,2024.2.5,2025-08-11 17h29.25.252105 +0200,
0,0,0,0,0,0,0,,,,,,,,,#88BA3F,160.1182677745819,True,l,hit,519.8628902435303,1079.7762870788574,text_19,120,1,2back_dual_main_click,2,und,11,12,23,120,60,160.35489320755005,,,,,,,,,,20,01,yes,no,no,2025-08-11_17h25.24.357,EXNAT_4_TMS_Psychopy2024.2.5.psyexp,2024.2.5,2025-08-11 17h29.25.252105 +0200,
0,0,0,0,0,0,0,,,,,,,,,#F989A2,161.25400352478027,False,l,false alarm,600.1007556915283,1112.034797668457,text_19,121,1,2back_dual_main_click,2,Entwicklung,11,12,23,120,60,,,,,,,,,,,20,01,yes,no,no,2025-08-11_17h25.24.357,EXNAT_4_TMS_Psychopy2024.2.5.psyexp,2024.2.5,2025-08-11 17h29.25.252105 +0200,
0,0,0,0,0,0,0,,,,,,,,,#2AB7EF,162.42103338241577,False,space,correct rejection,None,1289.125919342041,text_19,122,1,2back_dual_main_click,2,im,11,12,23,120,60,,,,,,,,,,,20,01,yes,no,no,2025-08-11_17h25.24.357,EXNAT_4_TMS_Psychopy2024.2.5.psyexp,2024.2.5,2025-08-11 17h29.25.252105 +0200,
0,0,0,0,0,0,0,,,,,,,,,#F989A2,163.7668445110321,True,l,hit,1351.313829421997,1815.225601196289,text_19,123,1,2back_dual_main_click,2,Gleichgewicht,11,13,24,120,60,165.35489106178284,,,,,,,,,,20,01,yes,no,no,2025-08-11_17h25.24.357,EXNAT_4_TMS_Psychopy2024.2.5.psyexp,2024.2.5,2025-08-11 17h29.25.252105 +0200,
0,0,0,0,0,0,0,,,,,,,,,#F989A2,165.63678431510925,False,space,correct rejection,None,761.2910270690918,text_19,124,1,2back_dual_main_click,2,zu,11,13,24,120,60,,,,,,,,,,,20,01,yes,no,no,2025-08-11_17h25.24.357,EXNAT_4_TMS_Psychopy2024.2.5.psyexp,2024.2.5,2025-08-11 17h29.25.252105 +0200,
0,0,0,0,0,0,0,,,,,,,,,#2AB7EF,166.43806982040405,False,space,correct rejection,None,1016.0467624664307,text_19,125,1,2back_dual_main_click,2,halten.,11,13,24,120,60,,,,,,,,,,,20,01,yes,no,no,2025-08-11_17h25.24.357,EXNAT_4_TMS_Psychopy2024.2.5.psyexp,2024.2.5,2025-08-11 17h29.25.252105 +0200,
0,0,0,0,0,0,0,,,,,,,,,#2AB7EF,167.4954755306244,False,space,correct rejection,None,1334.6271514892578,text_19,126,1,2back_dual_main_click,2,Trotz,11,13,24,120,60,,,,,,,,,,,20,01,yes,no,no,2025-08-11_17h25.24.357,EXNAT_4_TMS_Psychopy2024.2.5.psyexp,2024.2.5,2025-08-11 17h29.25.252105 +0200,
0,0,0,0,0,0,0,,,,,,,,,#88BA3F,168.87059712409973,False,space,correct rejection,None,1175.452470779419,text_19,127,1,2back_dual_main_click,2,hoher,11,13,24,120,60,,,,,,,,,,,20,01,yes,no,no,2025-08-11_17h25.24.357,EXNAT_4_TMS_Psychopy2024.2.5.psyexp,2024.2.5,2025-08-11 17h29.25.252105 +0200,
0,0,0,0,0,0,0,,,,,,,,,#D292F3,170.08865094184875,False,space,correct rejection,None,1013.4434700012207,text_19,128,1,2back_dual_main_click,2,Kosten,12,13,25,120,60,170.35493087768555,,,,,,,,,,20,01,yes,no,no,2025-08-11_17h25.24.357,EXNAT_4_TMS_Psychopy2024.2.5.psyexp,2024.2.5,2025-08-11 17h29.25.252105 +0200,
0,0,0,0,0,0,0,,,,,,,,,#D292F3,171.14262986183167,False,space,correct rejection,None,1031.421422958374,text_19,129,1,2back_dual_main_click,2,bleibt,12,13,25,120,60,,,,,,,,,,,20,01,yes,no,no,2025-08-11_17h25.24.357,EXNAT_4_TMS_Psychopy2024.2.5.psyexp,2024.2.5,2025-08-11 17h29.25.252105 +0200,
0,0,0,0,0,0,0,,,,,,,,,#88BA3F,172.2231969833374,False,space,correct rejection,None,910.8419418334961,text_19,130,1,2back_dual_main_click,2,Fernando,12,13,25,120,60,,,,,,,,,,,20,01,yes,no,no,2025-08-11_17h25.24.357,EXNAT_4_TMS_Psychopy2024.2.5.psyexp,2024.2.5,2025-08-11 17h29.25.252105 +0200,
0,0,0,0,0,0,0,,,,,,,,,#D292F3,173.18959164619446,True,l,hit,744.4548606872559,1240.4212951660156,text_19,131,1,2back_dual_main_click,2,de,12,13,25,120,60,,,,,,,,,,,20,01,yes,no,no,2025-08-11_17h25.24.357,EXNAT_4_TMS_Psychopy2024.2.5.psyexp,2024.2.5,2025-08-11 17h29.25.252105 +0200,
0,0,0,0,0,0,0,,,,,,,,,#88BA3F,174.48512482643127,True,l,hit,873.161792755127,1272.9203701019287,text_19,132,1,2back_dual_main_click,2,Noronha,12,14,26,120,60,175.35490345954895,,,,,,,,,,20,01,yes,no,no,2025-08-11_17h25.24.357,EXNAT_4_TMS_Psychopy2024.2.5.psyexp,2024.2.5,2025-08-11 17h29.25.252105 +0200,
0,0,0,0,0,0,0,,,,,,,,,#D292F3,175.82086777687073,True,l,hit,849.2968082427979,1185.2624416351318,text_19,133,1,2back_dual_main_click,2,ein,12,14,26,120,60,,,,,,,,,,,20,01,yes,no,no,2025-08-11_17h25.24.357,EXNAT_4_TMS_Psychopy2024.2.5.psyexp,2024.2.5,2025-08-11 17h29.25.252105 +0200,
0,0,0,0,0,0,0,,,,,,,,,#D292F3,177.06282925605774,False,space,correct rejection,None,743.2065010070801,text_19,134,1,2back_dual_main_click,2,besonderer,12,14,26,120,60,,,,,,,,,,,20,01,yes,no,no,2025-08-11_17h25.24.357,EXNAT_4_TMS_Psychopy2024.2.5.psyexp,2024.2.5,2025-08-11 17h29.25.252105 +0200,
0,0,0,0,0,0,0,,,,,,,,,#88BA3F,177.8591067790985,False,space,correct rejection,None,1003.1008720397949,text_19,135,1,2back_dual_main_click,2,Ort,12,14,26,120,60,,,,,,,,,,,20,01,yes,no,no,2025-08-11_17h25.24.357,EXNAT_4_TMS_Psychopy2024.2.5.psyexp,2024.2.5,2025-08-11 17h29.25.252105 +0200,
0,0,0,0,0,0,0,,,,,,,,,#2AB7EF,178.9169614315033,False,space,correct rejection,None,905.2455425262451,text_19,136,1,2back_dual_main_click,2,und,12,14,26,120,60,,,,,,,,,,,20,01,yes,no,no,2025-08-11_17h25.24.357,EXNAT_4_TMS_Psychopy2024.2.5.psyexp,2024.2.5,2025-08-11 17h29.25.252105 +0200,
0,0,0,0,0,0,0,,,,,,,,,#2AB7EF,179.87473154067993,False,space,correct rejection,None,1275.439739227295,text_19,137,1,2back_dual_main_click,2,ein,13,14,27,120,60,180.35495233535767,,,,,,,,,,20,01,yes,no,no,2025-08-11_17h25.24.357,EXNAT_4_TMS_Psychopy2024.2.5.psyexp,2024.2.5,2025-08-11 17h29.25.252105 +0200,
0,0,0,0,0,0,0,,,,,,,,,#D292F3,181.20485019683838,False,space,correct rejection,None,1193.0475234985352,text_19,138,1,2back_dual_main_click,2,gutes,13,14,27,120,60,,,,,,,,,,,20,01,yes,no,no,2025-08-11_17h25.24.357,EXNAT_4_TMS_Psychopy2024.2.5.psyexp,2024.2.5,2025-08-11 17h29.25.252105 +0200,
0,0,0,0,0,0,0,,,,,,,,,#88BA3F,182.45330166816711,False,space,correct rejection,None,952.8675079345703,text_19,139,1,2back_dual_main_click,2,Beispiel,13,14,27,120,60,,,,,,,,,,,20,01,yes,no,no,2025-08-11_17h25.24.357,EXNAT_4_TMS_Psychopy2024.2.5.psyexp,2024.2.5,2025-08-11 17h29.25.252105 +0200,
0,0,0,0,0,0,0,,,,,,,,,#F989A2,183.46054315567017,False,space,correct rejection,None,1225.4953384399414,text_19,140,1,2back_dual_main_click,2,für,13,14,27,120,60,,,,,,,,,,,20,01,yes,no,no,2025-08-11_17h25.24.357,EXNAT_4_TMS_Psychopy2024.2.5.psyexp,2024.2.5,2025-08-11 17h29.25.252105 +0200,
0,0,0,0,0,0,0,,,,,,,,,#2AB7EF,184.74092745780945,False,space,correct rejection,None,1625.2086162567139,text_19,141,1,2back_dual_main_click,2,umweltfreundlichen,14,14,28,120,60,185.35509276390076,,,,,,,,,,20,01,yes,no,no,2025-08-11_17h25.24.357,EXNAT_4_TMS_Psychopy2024.2.5.psyexp,2024.2.5,2025-08-11 17h29.25.252105 +0200,
0,0,0,0,0,0,0,,,,,,,,,#F989A2,186.42184352874756,True,space,miss,None,1240.2822971343994,text_19,142,1,2back_dual_main_click,2,Tourismus.,14,14,28,120,60,,,,,,,,,,,20,01,yes,no,no,2025-08-11_17h25.24.357,EXNAT_4_TMS_Psychopy2024.2.5.psyexp,2024.2.5,2025-08-11 17h29.25.252105 +0200,
0,0,0,0,0,0,0,,,,,,,,,#88BA3F,187.71788144111633,False,space,correct rejection,None,1880.3150653839111,text_19,143,1,2back_dual_main_click,2,Die,14,14,28,120,60,,,,,,,,,,,20,01,yes,no,no,2025-08-11_17h25.24.357,EXNAT_4_TMS_Psychopy2024.2.5.psyexp,2024.2.5,2025-08-11 17h29.25.252105 +0200,
0,0,0,0,0,0,0,,,,,,,,,#D292F3,189.65336918830872,False,space,correct rejection,None,824.8105049133301,text_19,144,1,2back_dual_main_click,2,Insel,15,14,29,120,60,190.35510349273682,,,,,,,,,,20,01,yes,no,no,2025-08-11_17h25.24.357,EXNAT_4_TMS_Psychopy2024.2.5.psyexp,2024.2.5,2025-08-11 17h29.25.252105 +0200,
0,0,0,0,0,0,0,,,,,,,,,#D292F3,190.53268194198608,False,space,correct rejection,None,1545.5412864685059,text_19,145,1,2back_dual_main_click,2,ist,15,14,29,120,60,,,,,,,,,,,20,01,yes,no,no,2025-08-11_17h25.24.357,EXNAT_4_TMS_Psychopy2024.2.5.psyexp,2024.2.5,2025-08-11 17h29.25.252105 +0200,
0,0,0,0,0,0,0,,,,,,,,,#88BA3F,192.1311333179474,False,space,correct rejection,None,1003.0953884124756,text_19,146,1,2back_dual_main_click,2,"bekannt,",15,14,29,120,60,,,,,,,,,,,20,01,yes,no,no,2025-08-11_17h25.24.357,EXNAT_4_TMS_Psychopy2024.2.5.psyexp,2024.2.5,2025-08-11 17h29.25.252105 +0200,
0,0,0,0,0,0,0,,,,,,,,,#88BA3F,193.191748380661,False,space,correct rejection,None,742.5410747528076,text_19,147,1,2back_dual_main_click,2,aber,15,14,29,120,60,,,,,,,,,,,20,01,yes,no,no,2025-08-11_17h25.24.357,EXNAT_4_TMS_Psychopy2024.2.5.psyexp,2024.2.5,2025-08-11 17h29.25.252105 +0200,
0,0,0,0,0,0,0,,,,,,,,,#2AB7EF,193.99177932739258,False,space,correct rejection,None,838.4966850280762,text_19,148,1,2back_dual_main_click,2,gut,15,14,29,120,60,,,,,,,,,,,20,01,yes,no,no,2025-08-11_17h25.24.357,EXNAT_4_TMS_Psychopy2024.2.5.psyexp,2024.2.5,2025-08-11 17h29.25.252105 +0200,
0,0,0,0,0,0,0,,,,,,,,,#2AB7EF,194.88365244865417,False,space,correct rejection,None,698.4992027282715,text_19,149,1,2back_dual_main_click,2,geschützt.,16,14,30,120,60,195.35500693321228,,,,,,,,,,20,01,yes,no,no,2025-08-11_17h25.24.357,EXNAT_4_TMS_Psychopy2024.2.5.psyexp,2024.2.5,2025-08-11 17h29.25.252105 +0200,
0,0,0,0,0,0,0,,,,,,,,,,195.6378993988037,,3,,,,text_19,,1,2back_dual_main_click,,,,,,,,,Q1,c,True,,,,,,,20,01,yes,no,no,2025-08-11_17h25.24.357,EXNAT_4_TMS_Psychopy2024.2.5.psyexp,2024.2.5,2025-08-11 17h29.25.252105 +0200,
0,0,0,0,0,0,0,,,,,,,,,,204.1518976688385,,2,,,,text_19,,1,2back_dual_main_click,,,,,,,,,Q2,b,True,,,,,,,20,01,yes,no,no,2025-08-11_17h25.24.357,EXNAT_4_TMS_Psychopy2024.2.5.psyexp,2024.2.5,2025-08-11 17h29.25.252105 +0200,
0,0,0,0,0,0,0,,,,,,,,,,212.36061930656433,,3,,,,text_19,,1,2back_dual_main_click,,,,,,,,,Q3,c,True,,,,,,,20,01,yes,no,no,2025-08-11_17h25.24.357,EXNAT_4_TMS_Psychopy2024.2.5.psyexp,2024.2.5,2025-08-11 17h29.25.252105 +0200,
0,0,0,0,0,0,0,,,,,,,,,#88BA3F,228.0483112335205,False,space,correct rejection,None,989.8176193237305,text_29,1,2,2back_dual_main_click,2,England,16,14,30,120,60,,,,,,,,,,,20,01,yes,no,no,2025-08-11_17h25.24.357,EXNAT_4_TMS_Psychopy2024.2.5.psyexp,2024.2.5,2025-08-11 17h29.25.252105 +0200,
0,0,0,0,0,0,0,,,,,,,,,#88BA3F,229.07524371147156,False,space,correct rejection,None,794.88205909729,text_29,2,2,2back_dual_main_click,2,nutzte,16,14,30,120,60,,,,,,,,,,,20,01,yes,no,no,2025-08-11_17h25.24.357,EXNAT_4_TMS_Psychopy2024.2.5.psyexp,2024.2.5,2025-08-11 17h29.25.252105 +0200,
0,0,0,0,0,0,0,,,,,,,,,#88BA3F,229.9065454006195,True,l,hit,667.4602031707764,1195.4729557037354,text_29,3,2,2back_dual_main_click,2,die,16,15,31,120,60,229.95885038375854,,,,,,,,,,20,01,yes,no,no,2025-08-11_17h25.24.357,EXNAT_4_TMS_Psychopy2024.2.5.psyexp,2024.2.5,2025-08-11 17h29.25.252105 +0200,
0,0,0,0,0,0,0,,,,,,,,,#2AB7EF,231.142502784729,False,space,correct rejection,None,1735.5809211730957,text_29,4,2,2back_dual_main_click,2,Eisenbahn,16,15,31,120,60,,,,,,,,,,,20,01,yes,no,no,2025-08-11_17h25.24.357,EXNAT_4_TMS_Psychopy2024.2.5.psyexp,2024.2.5,2025-08-11 17h29.25.252105 +0200,
0,0,0,0,0,0,0,,,,,,,,,#F989A2,232.93247509002686,False,space,correct rejection,None,873.4660148620605,text_29,5,2,2back_dual_main_click,2,für,16,15,31,120,60,,,,,,,,,,,20,01,yes,no,no,2025-08-11_17h25.24.357,EXNAT_4_TMS_Psychopy2024.2.5.psyexp,2024.2.5,2025-08-11 17h29.25.252105 +0200,
0,0,0,0,0,0,0,,,,,,,,,#D292F3,233.8592598438263,False,space,correct rejection,None,762.814998626709,text_29,6,2,2back_dual_main_click,2,den,16,15,31,120,60,,,,,,,,,,,20,01,yes,no,no,2025-08-11_17h25.24.357,EXNAT_4_TMS_Psychopy2024.2.5.psyexp,2024.2.5,2025-08-11 17h29.25.252105 +0200,
0,0,0,0,0,0,0,,,,,,,,,#D292F3,234.67698502540588,False,space,correct rejection,None,1241.1627769470215,text_29,7,2,2back_dual_main_click,2,Kohletransport.,17,15,32,120,60,234.9588406085968,,,,,,,,,,20,01,yes,no,no,2025-08-11_17h25.24.357,EXNAT_4_TMS_Psychopy2024.2.5.psyexp,2024.2.5,2025-08-11 17h29.25.252105 +0200,
0,0,0,0,0,0,0,,,,,,,,,#F989A2,235.97151589393616,False,space,correct rejection,None,1146.432876586914,text_29,8,2,2back_dual_main_click,2,und,17,15,32,120,60,,,,,,,,,,,20,01,yes,no,no,2025-08-11_17h25.24.357,EXNAT_4_TMS_Psychopy2024.2.5.psyexp,2024.2.5,2025-08-11 17h29.25.252105 +0200,
0,0,0,0,0,0,0,,,,,,,,,#2AB7EF,237.17124462127686,False,space,correct rejection,None,650.8266925811768,text_29,9,2,2back_dual_main_click,2,in,17,15,32,120,60,,,,,,,,,,,20,01,yes,no,no,2025-08-11_17h25.24.357,EXNAT_4_TMS_Psychopy2024.2.5.psyexp,2024.2.5,2025-08-11 17h29.25.252105 +0200,
0,0,0,0,0,0,0,,,,,,,,,#F989A2,237.86318969726562,True,l,hit,551.0044097900391,1110.9340190887451,text_29,10,2,2back_dual_main_click,2,Amerika,17,15,32,120,60,,,,,,,,,,,20,01,yes,no,no,2025-08-11_17h25.24.357,EXNAT_4_TMS_Psychopy2024.2.5.psyexp,2024.2.5,2025-08-11 17h29.25.252105 +0200,
0,0,0,0,0,0,0,,,,,,,,,#2AB7EF,239.01523113250732,True,space,miss,None,2102.912187576294,text_29,11,2,2back_dual_main_click,2,führte,17,16,33,120,60,239.95899510383606,,,,,,,,,,20,01,yes,no,no,2025-08-11_17h25.24.357,EXNAT_4_TMS_Psychopy2024.2.5.psyexp,2024.2.5,2025-08-11 17h29.25.252105 +0200,
0,0,0,0,0,0,0,,,,,,,,,#D292F3,241.1744954586029,False,space,correct rejection,None,1047.445297241211,text_29,12,2,2back_dual_main_click,2,sie,17,16,33,120,60,,,,,,,,,,,20,01,yes,no,no,2025-08-11_17h25.24.357,EXNAT_4_TMS_Psychopy2024.2.5.psyexp,2024.2.5,2025-08-11 17h29.25.252105 +0200,
0,0,0,0,0,0,0,,,,,,,,,#88BA3F,242.27547764778137,False,space,correct rejection,None,938.7288093566895,text_29,13,2,2back_dual_main_click,2,quer,17,16,33,120,60,,,,,,,,,,,20,01,yes,no,no,2025-08-11_17h25.24.357,EXNAT_4_TMS_Psychopy2024.2.5.psyexp,2024.2.5,2025-08-11 17h29.25.252105 +0200,
0,0,0,0,0,0,0,,,,,,,,,#88BA3F,243.2701597213745,False,space,correct rejection,None,775.9459018707275,text_29,14,2,2back_dual_main_click,2,über,17,16,33,120,60,,,,,,,,,,,20,01,yes,no,no,2025-08-11_17h25.24.357,EXNAT_4_TMS_Psychopy2024.2.5.psyexp,2024.2.5,2025-08-11 17h29.25.252105 +0200,
0,0,0,0,0,0,0,,,,,,,,,#2AB7EF,244.101402759552,False,space,correct rejection,None,840.7552242279053,text_29,15,2,2back_dual_main_click,2,den,17,16,33,120,60,,,,,,,,,,,20,01,yes,no,no,2025-08-11_17h25.24.357,EXNAT_4_TMS_Psychopy2024.2.5.psyexp,2024.2.5,2025-08-11 17h29.25.252105 +0200,
0,0,0,0,0,0,0,,,,,,,,,#88BA3F,244.9978528022766,True,l,hit,600.269079208374,1528.2061100006104,text_29,16,2,2back_dual_main_click,2,Kontinent.,17,17,34,120,60,245.05053973197937,,,,,,,,,,20,01,yes,no,no,2025-08-11_17h25.24.357,EXNAT_4_TMS_Psychopy2024.2.5.psyexp,2024.2.5,2025-08-11 17h29.25.252105 +0200,
0,0,0,0,0,0,0,,,,,,,,,#F989A2,246.58301329612732,False,space,correct rejection,None,1367.182970046997,text_29,17,2,2back_dual_main_click,2,Auch,17,17,34,120,60,,,,,,,,,,,20,01,yes,no,no,2025-08-11_17h25.24.357,EXNAT_4_TMS_Psychopy2024.2.5.psyexp,2024.2.5,2025-08-11 17h29.25.252105 +0200,
0,0,0,0,0,0,0,,,,,,,,,#D292F3,248.00783443450928,False,space,correct rejection,None,966.3345813751221,text_29,18,2,2back_dual_main_click,2,Deutschland,17,17,34,120,60,,,,,,,,,,,20,01,yes,no,no,2025-08-11_17h25.24.357,EXNAT_4_TMS_Psychopy2024.2.5.psyexp,2024.2.5,2025-08-11 17h29.25.252105 +0200,
0,0,0,0,0,0,0,,,,,,,,,#F989A2,249.03052067756653,True,l,hit,583.5874080657959,1031.5866470336914,text_29,19,2,2back_dual_main_click,2,wollte,17,18,35,120,60,250.05054807662964,,,,,,,,,,20,01,yes,no,no,2025-08-11_17h25.24.357,EXNAT_4_TMS_Psychopy2024.2.5.psyexp,2024.2.5,2025-08-11 17h29.25.252105 +0200,
0,0,0,0,0,0,0,,,,,,,,,#2AB7EF,250.12107348442078,False,space,correct rejection,None,853.0213832855225,text_29,20,2,2back_dual_main_click,2,dem,17,18,35,120,60,,,,,,,,,,,20,01,yes,no,no,2025-08-11_17h25.24.357,EXNAT_4_TMS_Psychopy2024.2.5.psyexp,2024.2.5,2025-08-11 17h29.25.252105 +0200,
0,0,0,0,0,0,0,,,,,,,,,#D292F3,251.03011059761047,False,space,correct rejection,None,1144.0627574920654,text_29,21,2,2back_dual_main_click,2,nicht,17,18,35,120,60,,,,,,,,,,,20,01,yes,no,no,2025-08-11_17h25.24.357,EXNAT_4_TMS_Psychopy2024.2.5.psyexp,2024.2.5,2025-08-11 17h29.25.252105 +0200,
0,0,0,0,0,0,0,,,,,,,,,#2AB7EF,252.22927594184875,True,space,miss,None,1512.882947921753,text_29,22,2,2back_dual_main_click,2,zurückstehen.,17,18,35,120,60,,,,,,,,,,,20,01,yes,no,no,2025-08-11_17h25.24.357,EXNAT_4_TMS_Psychopy2024.2.5.psyexp,2024.2.5,2025-08-11 17h29.25.252105 +0200,
0,0,0,0,0,0,0,,,,,,,,,#D292F3,253.79803371429443,True,space,miss,None,1128.141164779663,text_29,23,2,2back_dual_main_click,2,Ein,17,18,35,120,60,,,,,,,,,,,20,01,yes,no,no,2025-08-11_17h25.24.357,EXNAT_4_TMS_Psychopy2024.2.5.psyexp,2024.2.5,2025-08-11 17h29.25.252105 +0200,
0,0,0,0,0,0,0,,,,,,,,,#88BA3F,254.98280882835388,False,space,correct rejection,None,983.3877086639404,text_29,24,2,2back_dual_main_click,2,Eisenbahnnetz,18,18,36,120,60,255.05056738853455,,,,,,,,,,20,01,yes,no,no,2025-08-11_17h25.24.357,EXNAT_4_TMS_Psychopy2024.2.5.psyexp,2024.2.5,2025-08-11 17h29.25.252105 +0200,
0,0,0,0,0,0,0,,,,,,,,,#F989A2,256.0209856033325,False,l,false alarm,1001.1768341064453,1465.088129043579,text_29,25,2,2back_dual_main_click,2,musste,18,18,36,120,60,,,,,,,,,,,20,01,yes,no,no,2025-08-11_17h25.24.357,EXNAT_4_TMS_Psychopy2024.2.5.psyexp,2024.2.5,2025-08-11 17h29.25.252105 +0200,
0,0,0,0,0,0,0,,,,,,,,,#2AB7EF,257.54095816612244,False,space,correct rejection,None,873.2173442840576,text_29,26,2,2back_dual_main_click,2,her.,18,18,36,120,60,,,,,,,,,,,20,01,yes,no,no,2025-08-11_17h25.24.357,EXNAT_4_TMS_Psychopy2024.2.5.psyexp,2024.2.5,2025-08-11 17h29.25.252105 +0200,
0,0,0,0,0,0,0,,,,,,,,,#D292F3,258.46905493736267,False,space,correct rejection,None,793.1067943572998,text_29,27,2,2back_dual_main_click,2,Am,18,18,36,120,60,,,,,,,,,,,20,01,yes,no,no,2025-08-11_17h25.24.357,EXNAT_4_TMS_Psychopy2024.2.5.psyexp,2024.2.5,2025-08-11 17h29.25.252105 +0200,
0,0,0,0,0,0,0,,,,,,,,,#88BA3F,259.3165946006775,False,space,correct rejection,None,985.480785369873,text_29,28,2,2back_dual_main_click,2,7.,19,18,37,120,60,260.05051040649414,,,,,,,,,,20,01,yes,no,no,2025-08-11_17h25.24.357,EXNAT_4_TMS_Psychopy2024.2.5.psyexp,2024.2.5,2025-08-11 17h29.25.252105 +0200,
0,0,0,0,0,0,0,,,,,,,,,#F989A2,260.3578269481659,False,space,correct rejection,None,1784.3801975250244,text_29,29,2,2back_dual_main_click,2,Dezember,19,18,37,120,60,,,,,,,,,,,20,01,yes,no,no,2025-08-11_17h25.24.357,EXNAT_4_TMS_Psychopy2024.2.5.psyexp,2024.2.5,2025-08-11 17h29.25.252105 +0200,
0,0,0,0,0,0,0,,,,,,,,,#F989A2,262.1992621421814,False,l,false alarm,950.8583545684814,1734.7991466522217,text_29,30,2,2back_dual_main_click,2,1835,19,18,37,120,60,,,,,,,,,,,20,01,yes,no,no,2025-08-11_17h25.24.357,EXNAT_4_TMS_Psychopy2024.2.5.psyexp,2024.2.5,2025-08-11 17h29.25.252105 +0200,
0,0,0,0,0,0,0,,,,,,,,,#88BA3F,263.98956751823425,False,space,correct rejection,None,936.633825302124,text_29,31,2,2back_dual_main_click,2,um,19,18,37,120,60,,,,,,,,,,,20,01,yes,no,no,2025-08-11_17h25.24.357,EXNAT_4_TMS_Psychopy2024.2.5.psyexp,2024.2.5,2025-08-11 17h29.25.252105 +0200,
0,0,0,0,0,0,0,,,,,,,,,#D292F3,264.98133182525635,False,space,correct rejection,None,1112.8451824188232,text_29,32,2,2back_dual_main_click,2,Punkt,20,18,38,120,60,265.05060386657715,,,,,,,,,,20,01,yes,no,no,2025-08-11_17h25.24.357,EXNAT_4_TMS_Psychopy2024.2.5.psyexp,2024.2.5,2025-08-11 17h29.25.252105 +0200,
0,0,0,0,0,0,0,,,,,,,,,#88BA3F,266.14985036849976,True,space,miss,None,920.3531742095947,text_29,33,2,2back_dual_main_click,2,neun,20,18,38,120,60,,,,,,,,,,,20,01,yes,no,no,2025-08-11_17h25.24.357,EXNAT_4_TMS_Psychopy2024.2.5.psyexp,2024.2.5,2025-08-11 17h29.25.252105 +0200,
0,0,0,0,0,0,0,,,,,,,,,#2AB7EF,267.12502121925354,False,space,correct rejection,None,1017.0936584472656,text_29,34,2,2back_dual_main_click,2,Uhr,20,18,38,120,60,,,,,,,,,,,20,01,yes,no,no,2025-08-11_17h25.24.357,EXNAT_4_TMS_Psychopy2024.2.5.psyexp,2024.2.5,2025-08-11 17h29.25.252105 +0200,
0,0,0,0,0,0,0,,,,,,,,,#2AB7EF,268.19782066345215,False,space,correct rejection,None,1144.3438529968262,text_29,35,2,2back_dual_main_click,2,fiel,20,18,38,120,60,,,,,,,,,,,20,01,yes,no,no,2025-08-11_17h25.24.357,EXNAT_4_TMS_Psychopy2024.2.5.psyexp,2024.2.5,2025-08-11 17h29.25.252105 +0200,
0,0,0,0,0,0,0,,,,,,,,,#D292F3,269.38240242004395,False,space,correct rejection,None,919.6493625640869,text_29,36,2,2back_dual_main_click,2,der,20,18,38,120,60,,,,,,,,,,,20,01,yes,no,no,2025-08-11_17h25.24.357,EXNAT_4_TMS_Psychopy2024.2.5.psyexp,2024.2.5,2025-08-11 17h29.25.252105 +0200,
0,0,0,0,0,0,0,,,,,,,,,#D292F3,270.3431375026703,False,space,correct rejection,None,663.0313396453857,text_29,37,2,2back_dual_main_click,2,Startschuss,20,18,38,120,60,,,,,,,,,,,20,01,yes,no,no,2025-08-11_17h25.24.357,EXNAT_4_TMS_Psychopy2024.2.5.psyexp,2024.2.5,2025-08-11 17h29.25.252105 +0200,
0,0,0,0,0,0,0,,,,,,,,,#2AB7EF,271.04669404029846,False,space,correct rejection,None,743.4146404266357,text_29,38,2,2back_dual_main_click,2,für,20,18,38,120,60,,,,,,,,,,,20,01,yes,no,no,2025-08-11_17h25.24.357,EXNAT_4_TMS_Psychopy2024.2.5.psyexp,2024.2.5,2025-08-11 17h29.25.252105 +0200,
0,0,0,0,0,0,0,,,,,,,,,#2AB7EF,271.8301131725311,False,space,correct rejection,None,664.0324592590332,text_29,39,2,2back_dual_main_click,2,die,20,18,38,120,60,,,,,,,,,,,20,01,yes,no,no,2025-08-11_17h25.24.357,EXNAT_4_TMS_Psychopy2024.2.5.psyexp,2024.2.5,2025-08-11 17h29.25.252105 +0200,
0,0,0,0,0,0,0,,,,,,,,,#88BA3F,272.5337851047516,False,space,correct rejection,None,1432.3642253875732,text_29,40,2,2back_dual_main_click,2,""Adler."",20,18,38,120,60,,,,,,,,,,,20,01,yes,no,no,2025-08-11_17h25.24.357,EXNAT_4_TMS_Psychopy2024.2.5.psyexp,2024.2.5,2025-08-11 17h29.25.252105 +0200,
0,0,0,0,0,0,0,,,,,,,,,#D292F3,274.021906375885,False,space,correct rejection,None,824.0861892700195,text_29,41,2,2back_dual_main_click,2,Fortan,20,18,38,120,60,,,,,,,,,,,20,01,yes,no,no,2025-08-11_17h25.24.357,EXNAT_4_TMS_Psychopy2024.2.5.psyexp,2024.2.5,2025-08-11 17h29.25.252105 +0200,
0,0,0,0,0,0,0,,,,,,,,,#2AB7EF,274.8863694667816,False,space,correct rejection,None,759.7672939300537,text_29,42,2,2back_dual_main_click,2,transportierte,20,18,38,120,60,,,,,,,,,,,20,01,yes,no,no,2025-08-11_17h25.24.357,EXNAT_4_TMS_Psychopy2024.2.5.psyexp,2024.2.5,2025-08-11 17h29.25.252105 +0200,
0,0,0,0,0,0,0,,,,,,,,,#F989A2,275.6841630935669,False,space,correct rejection,None,1066.0133361816406,text_29,43,2,2back_dual_main_click,2,die,20,18,38,120,60,,,,,,,,,,,20,01,yes,no,no,2025-08-11_17h25.24.357,EXNAT_4_TMS_Psychopy2024.2.5.psyexp,2024.2.5,2025-08-11 17h29.25.252105 +0200,
0,0,0,0,0,0,0,,,,,,,,,#88BA3F,276.7913062572479,False,space,correct rejection,None,1286.9486808776855,text_29,44,2,2back_dual_main_click,2,Dampflokomotive,20,18,38,120,60,,,,,,,,,,,20,01,yes,no,no,2025-08-11_17h25.24.357,EXNAT_4_TMS_Psychopy2024.2.5.psyexp,2024.2.5,2025-08-11 17h29.25.252105 +0200,
0,0,0,0,0,0,0,,,,,,,,,#D292F3,278.119637966156,False,space,correct rejection,None,774.6429443359375,text_29,45,2,2back_dual_main_click,2,regelmäßig,20,18,38,120,60,,,,,,,,,,,20,01,yes,no,no,2025-08-11_17h25.24.357,EXNAT_4_TMS_Psychopy2024.2.5.psyexp,2024.2.5,2025-08-11 17h29.25.252105 +0200,
0,0,0,0,0,0,0,,,,,,,,,#F989A2,278.93358039855957,False,space,correct rejection,None,1128.7870407104492,text_29,46,2,2back_dual_main_click,2,Personen,20,18,38,120,60,,,,,,,,,,,20,01,yes,no,no,2025-08-11_17h25.24.357,EXNAT_4_TMS_Psychopy2024.2.5.psyexp,2024.2.5,2025-08-11 17h29.25.252105 +0200,
0,0,0,0,0,0,0,,,,,,,,,#F989A2,280.11617708206177,False,space,correct rejection,None,730.0131320953369,text_29,47,2,2back_dual_main_click,2,und,20,18,38,120,60,,,,,,,,,,,20,01,yes,no,no,2025-08-11_17h25.24.357,EXNAT_4_TMS_Psychopy2024.2.5.psyexp,2024.2.5,2025-08-11 17h29.25.252105 +0200,
0,0,0,0,0,0,0,,,,,,,,,#88BA3F,280.9031910896301,False,space,correct rejection,None,870.8934783935547,text_29,48,2,2back_dual_main_click,2,Waren.,20,18,38,120,60,,,,,,,,,,,20,01,yes,no,no,2025-08-11_17h25.24.357,EXNAT_4_TMS_Psychopy2024.2.5.psyexp,2024.2.5,2025-08-11 17h29.25.252105 +0200,
0,0,0,0,0,0,0,,,,,,,,,#D292F3,281.83040380477905,False,space,correct rejection,None,1031.7587852478027,text_29,49,2,2back_dual_main_click,2,Das,20,18,38,120,60,,,,,,,,,,,20,01,yes,no,no,2025-08-11_17h25.24.357,EXNAT_4_TMS_Psychopy2024.2.5.psyexp,2024.2.5,2025-08-11 17h29.25.252105 +0200,
0,0,0,0,0,0,0,,,,,,,,,#88BA3F,282.9181339740753,True,space,miss,None,1480.0052642822266,text_29,50,2,2back_dual_main_click,2,Eisenbahnfieber,20,19,39,120,60,282.9700584411621,,,,,,,,,,20,01,yes,no,no,2025-08-11_17h25.24.357,EXNAT_4_TMS_Psychopy2024.2.5.psyexp,2024.2.5,2025-08-11 17h29.25.252105 +0200,
0,0,0,0,0,0,0,,,,,,,,,#D292F3,284.45381331443787,True,space,miss,None,1368.424654006958,text_29,51,2,2back_dual_main_click,2,breitete,20,19,39,120,60,,,,,,,,,,,20,01,yes,no,no,2025-08-11_17h25.24.357,EXNAT_4_TMS_Psychopy2024.2.5.psyexp,2024.2.5,2025-08-11 17h29.25.252105 +0200,
0,0,0,0,0,0,0,,,,,,,,,#F989A2,285.87701201438904,False,space,correct rejection,None,729.083776473999,text_29,52,2,2back_dual_main_click,2,sich,20,19,39,120,60,,,,,,,,,,,20,01,yes,no,no,2025-08-11_17h25.24.357,EXNAT_4_TMS_Psychopy2024.2.5.psyexp,2024.2.5,2025-08-11 17h29.25.252105 +0200,
0,0,0,0,0,0,0,,,,,,,,,#88BA3F,286.6453514099121,False,l,false alarm,760.7994079589844,1240.9131526947021,text_29,53,2,2back_dual_main_click,2,aus.,20,19,39,120,60,,,,,,,,,,,20,01,yes,no,no,2025-08-11_17h25.24.357,EXNAT_4_TMS_Psychopy2024.2.5.psyexp,2024.2.5,2025-08-11 17h29.25.252105 +0200,
0,0,0,0,0,0,0,,,,,,,,,#D292F3,287.9272861480713,False,space,correct rejection,None,806.8563938140869,text_29,54,2,2back_dual_main_click,2,Auch,21,19,40,120,60,287.9811623096466,,,,,,,,,,20,01,yes,no,no,2025-08-11_17h25.24.357,EXNAT_4_TMS_Psychopy2024.2.5.psyexp,2024.2.5,2025-08-11 17h29.25.252105 +0200,
0,0,0,0,0,0,0,,,,,,,,,#2AB7EF,288.7723593711853,False,space,correct rejection,None,1017.9042816162109,text_29,55,2,2back_dual_main_click,2,Archäologen,21,19,40,120,60,,,,,,,,,,,20,01,yes,no,no,2025-08-11_17h25.24.357,EXNAT_4_TMS_Psychopy2024.2.5.psyexp,2024.2.5,2025-08-11 17h29.25.252105 +0200,
0,0,0,0,0,0,0,,,,,,,,,#F989A2,289.8322489261627,False,l,false alarm,901.9203186035156,1381.950855255127,text_29,56,2,2back_dual_main_click,2,interessieren,21,19,40,120,60,,,,,,,,,,,20,01,yes,no,no,2025-08-11_17h25.24.357,EXNAT_4_TMS_Psychopy2024.2.5.psyexp,2024.2.5,2025-08-11 17h29.25.252105 +0200,
0,0,0,0,0,0,0,,,,,,,,,#88BA3F,291.25551986694336,False,space,correct rejection,None,998.7788200378418,text_29,57,2,2back_dual_main_click,2,sich,21,19,40,120,60,,,,,,,,,,,20,01,yes,no,no,2025-08-11_17h25.24.357,EXNAT_4_TMS_Psychopy2024.2.5.psyexp,2024.2.5,2025-08-11 17h29.25.252105 +0200,
0,0,0,0,0,0,0,,,,,,,,,#2AB7EF,292.29281306266785,False,space,correct rejection,None,809.4539642333984,text_29,58,2,2back_dual_main_click,2,heute,21,19,40,120,60,,,,,,,,,,,20,01,yes,no,no,2025-08-11_17h25.24.357,EXNAT_4_TMS_Psychopy2024.2.5.psyexp,2024.2.5,2025-08-11 17h29.25.252105 +0200,
0,0,0,0,0,0,0,,,,,,,,,#2AB7EF,293.1429793834686,False,space,correct rejection,None,679.1975498199463,text_29,59,2,2back_dual_main_click,2,noch,21,19,40,120,60,,,,,,,,,,,20,01,yes,no,no,2025-08-11_17h25.24.357,EXNAT_4_TMS_Psychopy2024.2.5.psyexp,2024.2.5,2025-08-11 17h29.25.252105 +0200,
0,0,0,0,0,0,0,,,,,,,,,#F989A2,293.86122155189514,False,space,correct rejection,None,889.0995979309082,text_29,60,2,2back_dual_main_click,2,für,21,19,40,120,60,,,,,,,,,,,20,01,yes,no,no,2025-08-11_17h25.24.357,EXNAT_4_TMS_Psychopy2024.2.5.psyexp,2024.2.5,2025-08-11 17h29.25.252105 +0200,
0,0,0,0,0,0,0,,,,,,,,,#F989A2,294.7901132106781,False,space,correct rejection,None,616.1208152770996,text_29,61,2,2back_dual_main_click,2,die,21,19,40,120,60,,,,,,,,,,,20,01,yes,no,no,2025-08-11_17h25.24.357,EXNAT_4_TMS_Psychopy2024.2.5.psyexp,2024.2.5,2025-08-11 17h29.25.252105 +0200,
0,0,0,0,0,0,0,,,,,,,,,#D292F3,295.445862531662,False,space,correct rejection,None,1288.3174419403076,text_29,62,2,2back_dual_main_click,2,Spuren,21,19,40,120,60,,,,,,,,,,,20,01,yes,no,no,2025-08-11_17h25.24.357,EXNAT_4_TMS_Psychopy2024.2.5.psyexp,2024.2.5,2025-08-11 17h29.25.252105 +0200,
0,0,0,0,0,0,0,,,,,,,,,#2AB7EF,296.7726125717163,False,space,correct rejection,None,1081.5625190734863,text_29,63,2,2back_dual_main_click,2,dieser,21,19,40,120,60,,,,,,,,,,,20,01,yes,no,no,2025-08-11_17h25.24.357,EXNAT_4_TMS_Psychopy2024.2.5.psyexp,2024.2.5,2025-08-11 17h29.25.252105 +0200,
0,0,0,0,0,0,0,,,,,,,,,#F989A2,297.89509749412537,False,l,false alarm,1143.0938243865967,1702.9082775115967,text_29,64,2,2back_dual_main_click,2,Zeit.,21,19,40,120,60,,,,,,,,,,,20,01,yes,no,no,2025-08-11_17h25.24.357,EXNAT_4_TMS_Psychopy2024.2.5.psyexp,2024.2.5,2025-08-11 17h29.25.252105 +0200,
0,0,0,0,0,0,0,,,,,,,,,#88BA3F,299.63762855529785,False,space,correct rejection,None,792.5374507904053,text_29,65,2,2back_dual_main_click,2,Im,21,19,40,120,60,,,,,,,,,,,20,01,yes,no,no,2025-08-11_17h25.24.357,EXNAT_4_TMS_Psychopy2024.2.5.psyexp,2024.2.5,2025-08-11 17h29.25.252105 +0200,
0,0,0,0,0,0,0,,,,,,,,,#88BA3F,300.4706299304962,False,space,correct rejection,None,791.5406227111816,text_29,66,2,2back_dual_main_click,2,Eggegebirge,21,19,40,120,60,,,,,,,,,,,20,01,yes,no,no,2025-08-11_17h25.24.357,EXNAT_4_TMS_Psychopy2024.2.5.psyexp,2024.2.5,2025-08-11 17h29.25.252105 +0200,
0,0,0,0,0,0,0,,,,,,,,,#2AB7EF,301.30284667015076,False,space,correct rejection,None,1639.3532752990723,text_29,67,2,2back_dual_main_click,2,wurde,21,19,40,120,60,,,,,,,,,,,20,01,yes,no,no,2025-08-11_17h25.24.357,EXNAT_4_TMS_Psychopy2024.2.5.psyexp,2024.2.5,2025-08-11 17h29.25.252105 +0200,
0,0,0,0,0,0,0,,,,,,,,,#F989A2,302.99716901779175,False,space,correct rejection,None,1241.079568862915,text_29,68,2,2back_dual_main_click,2,nun,21,19,40,120,60,,,,,,,,,,,20,01,yes,no,no,2025-08-11_17h25.24.357,EXNAT_4_TMS_Psychopy2024.2.5.psyexp,2024.2.5,2025-08-11 17h29.25.252105 +0200,
0,0,0,0,0,0,0,,,,,,,,,#D292F3,304.29159140586853,False,space,correct rejection,None,1514.6629810333252,text_29,69,2,2back_dual_main_click,2,von,21,19,40,120,60,,,,,,,,,,,20,01,yes,no,no,2025-08-11_17h25.24.357,EXNAT_4_TMS_Psychopy2024.2.5.psyexp,2024.2.5,2025-08-11 17h29.25.252105 +0200,
0,0,0,0,0,0,0,,,,,,,,,#2AB7EF,305.84751439094543,False,space,correct rejection,None,806.6730499267578,text_29,70,2,2back_dual_main_click,2,einem,21,19,40,120,60,,,,,,,,,,,20,01,yes,no,no,2025-08-11_17h25.24.357,EXNAT_4_TMS_Psychopy2024.2.5.psyexp,2024.2.5,2025-08-11 17h29.25.252105 +0200,
0,0,0,0,0,0,0,,,,,,,,,#88BA3F,306.6938638687134,False,space,correct rejection,None,920.3262329101562,text_29,71,2,2back_dual_main_click,2,Forscherteam,21,19,40,120,60,,,,,,,,,,,20,01,yes,no,no,2025-08-11_17h25.24.357,EXNAT_4_TMS_Psychopy2024.2.5.psyexp,2024.2.5,2025-08-11 17h29.25.252105 +0200,
0,0,0,0,0,0,0,,,,,,,,,#D292F3,307.6527123451233,False,l,false alarm,1321.3434219360352,1817.2500133514404,text_29,72,2,2back_dual_main_click,2,ein,21,19,40,120,60,,,,,,,,,,,20,01,yes,no,no,2025-08-11_17h25.24.357,EXNAT_4_TMS_Psychopy2024.2.5.psyexp,2024.2.5,2025-08-11 17h29.25.252105 +0200,
0,0,0,0,0,0,0,,,,,,,,,#F989A2,309.52444529533386,False,space,correct rejection,None,777.724027633667,text_29,73,2,2back_dual_main_click,2,vergessener,21,19,40,120,60,,,,,,,,,,,20,01,yes,no,no,2025-08-11_17h25.24.357,EXNAT_4_TMS_Psychopy2024.2.5.psyexp,2024.2.5,2025-08-11 17h29.25.252105 +0200,
0,0,0,0,0,0,0,,,,,,,,,#D292F3,310.343523979187,True,space,miss,None,694.6606636047363,text_29,74,2,2back_dual_main_click,2,Tunnelabschnitt,21,20,41,120,60,310.39753437042236,,,,,,,,,,20,01,yes,no,no,2025-08-11_17h25.24.357,EXNAT_4_TMS_Psychopy2024.2.5.psyexp,2024.2.5,2025-08-11 17h29.25.252105 +0200,
0,0,0,0,0,0,0,,,,,,,,,#88BA3F,311.0765583515167,False,space,correct rejection,None,1337.6386165618896,text_29,75,2,2back_dual_main_click,2,entdeckt.,21,20,41,120,60,,,,,,,,,,,20,01,yes,no,no,2025-08-11_17h25.24.357,EXNAT_4_TMS_Psychopy2024.2.5.psyexp,2024.2.5,2025-08-11 17h29.25.252105 +0200,
0,0,0,0,0,0,0,,,,,,,,,#F989A2,312.4567530155182,False,l,false alarm,821.448802947998,1285.4220867156982,text_29,76,2,2back_dual_main_click,2,Der,21,20,41,120,60,,,,,,,,,,,20,01,yes,no,no,2025-08-11_17h25.24.357,EXNAT_4_TMS_Psychopy2024.2.5.psyexp,2024.2.5,2025-08-11 17h29.25.252105 +0200,
0,0,0,0,0,0,0,,,,,,,,,#D292F3,313.7810113430023,False,space,correct rejection,None,1289.238691329956,text_29,77,2,2back_dual_main_click,2,vom,21,20,41,120,60,,,,,,,,,,,20,01,yes,no,no,2025-08-11_17h25.24.357,EXNAT_4_TMS_Psychopy2024.2.5.psyexp,2024.2.5,2025-08-11 17h29.25.252105 +0200,
0,0,0,0,0,0,0,,,,,,,,,#2AB7EF,315.12632393836975,False,space,correct rejection,None,1063.8813972473145,text_29,78,2,2back_dual_main_click,2,Magdeburger,21,20,41,120,60,,,,,,,,,,,20,01,yes,no,no,2025-08-11_17h25.24.357,EXNAT_4_TMS_Psychopy2024.2.5.psyexp,2024.2.5,2025-08-11 17h29.25.252105 +0200,
0,0,0,0,0,0,0,,,,,,,,,#D292F3,316.2447397708893,True,l,hit,1625.42724609375,2137.406826019287,text_29,79,2,2back_dual_main_click,2,Ingenieur,21,21,42,120,60,316.32260966300964,,,,,,,,,,20,01,yes,no,no,2025-08-11_17h25.24.357,EXNAT_4_TMS_Psychopy2024.2.5.psyexp,2024.2.5,2025-08-11 17h29.25.252105 +0200,
0,0,0,0,0,0,0,,,,,,,,,#2AB7EF,318.4380955696106,True,space,miss,None,1432.105541229248,text_29,80,2,2back_dual_main_click,2,Pickel,21,21,42,120,60,,,,,,,,,,,20,01,yes,no,no,2025-08-11_17h25.24.357,EXNAT_4_TMS_Psychopy2024.2.5.psyexp,2024.2.5,2025-08-11 17h29.25.252105 +0200,
0,0,0,0,0,0,0,,,,,,,,,#2AB7EF,319.9234929084778,False,space,correct rejection,None,650.6705284118652,text_29,81,2,2back_dual_main_click,2,geplante,21,21,42,120,60,,,,,,,,,,,20,01,yes,no,no,2025-08-11_17h25.24.357,EXNAT_4_TMS_Psychopy2024.2.5.psyexp,2024.2.5,2025-08-11 17h29.25.252105 +0200,
0,0,0,0,0,0,0,,,,,,,,,#F989A2,320.6298258304596,False,space,correct rejection,None,776.4029502868652,text_29,82,2,2back_dual_main_click,2,Bau,22,21,43,120,60,321.32262802124023,,,,,,,,,,20,01,yes,no,no,2025-08-11_17h25.24.357,EXNAT_4_TMS_Psychopy2024.2.5.psyexp,2024.2.5,2025-08-11 17h29.25.252105 +0200,
0,0,0,0,0,0,0,,,,,,,,,#88BA3F,321.4622802734375,False,space,correct rejection,None,727.9219627380371,text_29,83,2,2back_dual_main_click,2,war,22,21,43,120,60,,,,,,,,,,,20,01,yes,no,no,2025-08-11_17h25.24.357,EXNAT_4_TMS_Psychopy2024.2.5.psyexp,2024.2.5,2025-08-11 17h29.25.252105 +0200,
0,0,0,0,0,0,0,,,,,,,,,#88BA3F,322.24357748031616,False,space,correct rejection,None,842.5672054290771,text_29,84,2,2back_dual_main_click,2,nie,22,21,43,120,60,,,,,,,,,,,20,01,yes,no,no,2025-08-11_17h25.24.357,EXNAT_4_TMS_Psychopy2024.2.5.psyexp,2024.2.5,2025-08-11 17h29.25.252105 +0200,
0,0,0,0,0,0,0,,,,,,,,,#88BA3F,323.1282408237457,True,l,hit,677.7970790863037,1205.9352397918701,text_29,85,2,2back_dual_main_click,2,vollendet,22,21,43,120,60,,,,,,,,,,,20,01,yes,no,no,2025-08-11_17h25.24.357,EXNAT_4_TMS_Psychopy2024.2.5.psyexp,2024.2.5,2025-08-11 17h29.25.252105 +0200,
0,0,0,0,0,0,0,,,,,,,,,#2AB7EF,324.3696322441101,False,space,correct rejection,None,796.5831756591797,text_29,86,2,2back_dual_main_click,2,"worden,",22,21,43,120,60,,,,,,,,,,,20,01,yes,no,no,2025-08-11_17h25.24.357,EXNAT_4_TMS_Psychopy2024.2.5.psyexp,2024.2.5,2025-08-11 17h29.25.252105 +0200,
0,0,0,0,0,0,0,,,,,,,,,#D292F3,325.20626044273376,False,space,correct rejection,None,984.0152263641357,text_29,87,2,2back_dual_main_click,2,da,22,21,43,120,60,,,,,,,,,,,20,01,yes,no,no,2025-08-11_17h25.24.357,EXNAT_4_TMS_Psychopy2024.2.5.psyexp,2024.2.5,2025-08-11 17h29.25.252105 +0200,
0,0,0,0,0,0,0,,,,,,,,,#2AB7EF,326.2305221557617,True,l,hit,599.6935367584229,1031.6100120544434,text_29,88,2,2back_dual_main_click,2,das,22,22,44,120,60,326.32263112068176,,,,,,,,,,20,01,yes,no,no,2025-08-11_17h25.24.357,EXNAT_4_TMS_Psychopy2024.2.5.psyexp,2024.2.5,2025-08-11 17h29.25.252105 +0200,
0,0,0,0,0,0,0,,,,,,,,,#D292F3,327.31586742401123,True,l,hit,1402.3990631103516,1754.2953491210938,text_29,89,2,2back_dual_main_click,2,Geld,22,22,44,120,60,,,,,,,,,,,20,01,yes,no,no,2025-08-11_17h25.24.357,EXNAT_4_TMS_Psychopy2024.2.5.psyexp,2024.2.5,2025-08-11 17h29.25.252105 +0200,
0,0,0,0,0,0,0,,,,,,,,,#88BA3F,329.1103994846344,False,space,correct rejection,None,743.8457012176514,text_29,90,2,2back_dual_main_click,2,ausging.,22,22,44,120,60,,,,,,,,,,,20,01,yes,no,no,2025-08-11_17h25.24.357,EXNAT_4_TMS_Psychopy2024.2.5.psyexp,2024.2.5,2025-08-11 17h29.25.252105 +0200,
0,0,0,0,0,0,0,,,,,,,,,#2AB7EF,329.89429354667664,False,space,correct rejection,None,1432.1012496948242,text_29,91,2,2back_dual_main_click,2,Die,23,22,45,120,60,331.32277750968933,,,,,,,,,,20,01,yes,no,no,2025-08-11_17h25.24.357,EXNAT_4_TMS_Psychopy2024.2.5.psyexp,2024.2.5,2025-08-11 17h29.25.252105 +0200,
0,0,0,0,0,0,0,,,,,,,,,#D292F3,331.36725211143494,False,space,correct rejection,None,1239.029884338379,text_29,92,2,2back_dual_main_click,2,Schächte,23,22,45,120,60,,,,,,,,,,,20,01,yes,no,no,2025-08-11_17h25.24.357,EXNAT_4_TMS_Psychopy2024.2.5.psyexp,2024.2.5,2025-08-11 17h29.25.252105 +0200,
0,0,0,0,0,0,0,,,,,,,,,#88BA3F,332.6472907066345,False,space,correct rejection,None,1095.0210094451904,text_29,93,2,2back_dual_main_click,2,blieben,23,22,45,120,60,,,,,,,,,,,20,01,yes,no,no,2025-08-11_17h25.24.357,EXNAT_4_TMS_Psychopy2024.2.5.psyexp,2024.2.5,2025-08-11 17h29.25.252105 +0200,
0,0,0,0,0,0,0,,,,,,,,,#F989A2,333.79736161231995,False,space,correct rejection,None,856.8599224090576,text_29,94,2,2back_dual_main_click,2,als,23,22,45,120,60,,,,,,,,,,,20,01,yes,no,no,2025-08-11_17h25.24.357,EXNAT_4_TMS_Psychopy2024.2.5.psyexp,2024.2.5,2025-08-11 17h29.25.252105 +0200,
0,0,0,0,0,0,0,,,,,,,,,#F989A2,334.70969009399414,False,space,correct rejection,None,744.5862293243408,text_29,95,2,2back_dual_main_click,2,Mulden,23,22,45,120,60,,,,,,,,,,,20,01,yes,no,no,2025-08-11_17h25.24.357,EXNAT_4_TMS_Psychopy2024.2.5.psyexp,2024.2.5,2025-08-11 17h29.25.252105 +0200,
0,0,0,0,0,0,0,,,,,,,,,#F989A2,335.5087287425995,True,l,hit,1049.569845199585,1481.4302921295166,text_29,96,2,2back_dual_main_click,2,im,23,23,46,120,60,336.3227927684784,,,,,,,,,,20,01,yes,no,no,2025-08-11_17h25.24.357,EXNAT_4_TMS_Psychopy2024.2.5.psyexp,2024.2.5,2025-08-11 17h29.25.252105 +0200,
0,0,0,0,0,0,0,,,,,,,,,#88BA3F,337.0450644493103,False,space,correct rejection,None,873.2268810272217,text_29,97,2,2back_dual_main_click,2,Boden,23,23,46,120,60,,,,,,,,,,,20,01,yes,no,no,2025-08-11_17h25.24.357,EXNAT_4_TMS_Psychopy2024.2.5.psyexp,2024.2.5,2025-08-11 17h29.25.252105 +0200,
0,0,0,0,0,0,0,,,,,,,,,#D292F3,337.97559428215027,False,space,correct rejection,None,934.6377849578857,text_29,98,2,2back_dual_main_click,2,sichtbar,23,23,46,120,60,,,,,,,,,,,20,01,yes,no,no,2025-08-11_17h25.24.357,EXNAT_4_TMS_Psychopy2024.2.5.psyexp,2024.2.5,2025-08-11 17h29.25.252105 +0200,
0,0,0,0,0,0,0,,,,,,,,,#88BA3F,338.964941740036,True,l,hit,505.2804946899414,1001.2466907501221,text_29,99,2,2back_dual_main_click,2,und,23,23,46,120,60,,,,,,,,,,,20,01,yes,no,no,2025-08-11_17h25.24.357,EXNAT_4_TMS_Psychopy2024.2.5.psyexp,2024.2.5,2025-08-11 17h29.25.252105 +0200,
0,0,0,0,0,0,0,,,,,,,,,#F989A2,340.022997379303,False,l,false alarm,663.2735729217529,1479.2170524597168,text_29,100,2,2back_dual_main_click,2,Forschungstaucher,24,23,47,120,60,341.32267808914185,,,,,,,,,,20,01,yes,no,no,2025-08-11_17h25.24.357,EXNAT_4_TMS_Psychopy2024.2.5.psyexp,2024.2.5,2025-08-11 17h29.25.252105 +0200,
0,0,0,0,0,0,0,,,,,,,,,#D292F3,341.55665278434753,False,space,correct rejection,None,1481.5149307250977,text_29,101,2,2back_dual_main_click,2,erkundeten,24,23,47,120,60,,,,,,,,,,,20,01,yes,no,no,2025-08-11_17h25.24.357,EXNAT_4_TMS_Psychopy2024.2.5.psyexp,2024.2.5,2025-08-11 17h29.25.252105 +0200,
0,0,0,0,0,0,0,,,,,,,,,#2AB7EF,343.09457302093506,False,space,correct rejection,None,775.7270336151123,text_29,102,2,2back_dual_main_click,2,die,24,23,47,120,60,,,,,,,,,,,20,01,yes,no,no,2025-08-11_17h25.24.357,EXNAT_4_TMS_Psychopy2024.2.5.psyexp,2024.2.5,2025-08-11 17h29.25.252105 +0200,
0,0,0,0,0,0,0,,,,,,,,,#D292F3,343.9110050201416,True,l,hit,935.3435039520264,1367.1848773956299,text_29,103,2,2back_dual_main_click,2,verschütteten,24,23,47,120,60,,,,,,,,,,,20,01,yes,no,no,2025-08-11_17h25.24.357,EXNAT_4_TMS_Psychopy2024.2.5.psyexp,2024.2.5,2025-08-11 17h29.25.252105 +0200,
0,0,0,0,0,0,0,,,,,,,,,#88BA3F,345.3331615924835,False,space,correct rejection,None,857.0890426635742,text_29,104,2,2back_dual_main_click,2,Eingänge.,24,23,47,120,60,,,,,,,,,,,20,01,yes,no,no,2025-08-11_17h25.24.357,EXNAT_4_TMS_Psychopy2024.2.5.psyexp,2024.2.5,2025-08-11 17h29.25.252105 +0200,
0,0,0,0,0,0,0,,,,,,,,,#88BA3F,346.2321708202362,False,space,correct rejection,None,1126.11985206604,text_29,105,2,2back_dual_main_click,2,Der,25,23,48,120,60,346.32275652885437,,,,,,,,,,20,01,yes,no,no,2025-08-11_17h25.24.357,EXNAT_4_TMS_Psychopy2024.2.5.psyexp,2024.2.5,2025-08-11 17h29.25.252105 +0200,
0,0,0,0,0,0,0,,,,,,,,,#2AB7EF,347.4134588241577,False,space,correct rejection,None,984.748125076294,text_29,106,2,2back_dual_main_click,2,Tunnel,25,23,48,120,60,,,,,,,,,,,20,01,yes,no,no,2025-08-11_17h25.24.357,EXNAT_4_TMS_Psychopy2024.2.5.psyexp,2024.2.5,2025-08-11 17h29.25.252105 +0200,
0,0,0,0,0,0,0,,,,,,,,,#F989A2,348.4544849395752,False,space,correct rejection,None,1287.731409072876,text_29,107,2,2back_dual_main_click,2,selbst,25,23,48,120,60,,,,,,,,,,,20,01,yes,no,no,2025-08-11_17h25.24.357,EXNAT_4_TMS_Psychopy2024.2.5.psyexp,2024.2.5,2025-08-11 17h29.25.252105 +0200,
0,0,0,0,0,0,0,,,,,,,,,#D292F3,349.79842042922974,False,space,correct rejection,None,871.7453479766846,text_29,108,2,2back_dual_main_click,2,ist,25,23,48,120,60,,,,,,,,,,,20,01,yes,no,no,2025-08-11_17h25.24.357,EXNAT_4_TMS_Psychopy2024.2.5.psyexp,2024.2.5,2025-08-11 17h29.25.252105 +0200,
0,0,0,0,0,0,0,,,,,,,,,#88BA3F,350.72630763053894,False,space,correct rejection,None,1159.959077835083,text_29,109,2,2back_dual_main_click,2,durch,25,23,48,120,60,,,,,,,,,,,20,01,yes,no,no,2025-08-11_17h25.24.357,EXNAT_4_TMS_Psychopy2024.2.5.psyexp,2024.2.5,2025-08-11 17h29.25.252105 +0200,
0,0,0,0,0,0,0,,,,,,,,,#D292F3,351.94189715385437,True,l,hit,1688.4350776672363,2168.31636428833,text_29,110,2,2back_dual_main_click,2,Sprengung,25,24,49,120,60,351.99534916877747,,,,,,,,,,20,01,yes,no,no,2025-08-11_17h25.24.357,EXNAT_4_TMS_Psychopy2024.2.5.psyexp,2024.2.5,2025-08-11 17h29.25.252105 +0200,
0,0,0,0,0,0,0,,,,,,,,,#F989A2,354.1659212112427,False,space,correct rejection,None,1592.3404693603516,text_29,111,2,2back_dual_main_click,2,perfekt,25,24,49,120,60,,,,,,,,,,,20,01,yes,no,no,2025-08-11_17h25.24.357,EXNAT_4_TMS_Psychopy2024.2.5.psyexp,2024.2.5,2025-08-11 17h29.25.252105 +0200,
0,0,0,0,0,0,0,,,,,,,,,#88BA3F,355.81142473220825,False,space,correct rejection,None,874.8064041137695,text_29,112,2,2back_dual_main_click,2,erhalten.,25,24,49,120,60,,,,,,,,,,,20,01,yes,no,no,2025-08-11_17h25.24.357,EXNAT_4_TMS_Psychopy2024.2.5.psyexp,2024.2.5,2025-08-11 17h29.25.252105 +0200,
0,0,0,0,0,0,0,,,,,,,,,#D292F3,356.7419068813324,False,space,correct rejection,None,1320.2836513519287,text_29,113,2,2back_dual_main_click,2,Bald,25,24,49,120,60,,,,,,,,,,,20,01,yes,no,no,2025-08-11_17h25.24.357,EXNAT_4_TMS_Psychopy2024.2.5.psyexp,2024.2.5,2025-08-11 17h29.25.252105 +0200,
0,0,0,0,0,0,0,,,,,,,,,#2AB7EF,358.11760354042053,False,space,correct rejection,None,920.6953048706055,text_29,114,2,2back_dual_main_click,2,war,26,24,50,120,60,358.16986083984375,,,,,,,,,,20,01,yes,no,no,2025-08-11_17h25.24.357,EXNAT_4_TMS_Psychopy2024.2.5.psyexp,2024.2.5,2025-08-11 17h29.25.252105 +0200,
0,0,0,0,0,0,0,,,,,,,,,#D292F3,359.0923855304718,True,l,hit,953.904390335083,1321.8073844909668,text_29,115,2,2back_dual_main_click,2,Pickels,26,24,50,120,60,,,,,,,,,,,20,01,yes,no,no,2025-08-11_17h25.24.357,EXNAT_4_TMS_Psychopy2024.2.5.psyexp,2024.2.5,2025-08-11 17h29.25.252105 +0200,
0,0,0,0,0,0,0,,,,,,,,,#F989A2,360.47128677368164,False,space,correct rejection,None,854.9737930297852,text_29,116,2,2back_dual_main_click,2,Bau,26,24,50,120,60,,,,,,,,,,,20,01,yes,no,no,2025-08-11_17h25.24.357,EXNAT_4_TMS_Psychopy2024.2.5.psyexp,2024.2.5,2025-08-11 17h29.25.252105 +0200,
0,0,0,0,0,0,0,,,,,,,,,#2AB7EF,361.38004446029663,False,space,correct rejection,None,858.1423759460449,text_29,117,2,2back_dual_main_click,2,sowieso,26,24,50,120,60,,,,,,,,,,,20,01,yes,no,no,2025-08-11_17h25.24.357,EXNAT_4_TMS_Psychopy2024.2.5.psyexp,2024.2.5,2025-08-11 17h29.25.252105 +0200,
0,0,0,0,0,0,0,,,,,,,,,#F989A2,362.29451847076416,True,l,hit,1863.8334274291992,2311.683416366577,text_29,118,2,2back_dual_main_click,2,überflüssig,26,25,51,120,60,363.16979217529297,,,,,,,,,,20,01,yes,no,no,2025-08-11_17h25.24.357,EXNAT_4_TMS_Psychopy2024.2.5.psyexp,2024.2.5,2025-08-11 17h29.25.252105 +0200,
0,0,0,0,0,0,0,,,,,,,,,#2AB7EF,364.65941095352173,True,space,miss,None,778.8386344909668,text_29,119,2,2back_dual_main_click,2,geworden.,26,25,51,120,60,,,,,,,,,,,20,01,yes,no,no,2025-08-11_17h25.24.357,EXNAT_4_TMS_Psychopy2024.2.5.psyexp,2024.2.5,2025-08-11 17h29.25.252105 +0200,
0,0,0,0,0,0,0,,,,,,,,,#88BA3F,365.49522137641907,False,space,correct rejection,None,903.1105041503906,text_29,120,2,2back_dual_main_click,2,Lokomotiven,26,25,51,120,60,,,,,,,,,,,20,01,yes,no,no,2025-08-11_17h25.24.357,EXNAT_4_TMS_Psychopy2024.2.5.psyexp,2024.2.5,2025-08-11 17h29.25.252105 +0200,
0,0,0,0,0,0,0,,,,,,,,,#2AB7EF,366.4550802707672,True,space,miss,None,743.1290149688721,text_29,121,2,2back_dual_main_click,2,meisterten,26,25,51,120,60,,,,,,,,,,,20,01,yes,no,no,2025-08-11_17h25.24.357,EXNAT_4_TMS_Psychopy2024.2.5.psyexp,2024.2.5,2025-08-11 17h29.25.252105 +0200,
0,0,0,0,0,0,0,,,,,,,,,#F989A2,367.2377710342407,False,space,correct rejection,None,712.4512195587158,text_29,122,2,2back_dual_main_click,2,größere,26,25,51,120,60,,,,,,,,,,,20,01,yes,no,no,2025-08-11_17h25.24.357,EXNAT_4_TMS_Psychopy2024.2.5.psyexp,2024.2.5,2025-08-11 17h29.25.252105 +0200,
0,0,0,0,0,0,0,,,,,,,,,#D292F3,367.9897379875183,False,space,correct rejection,None,1016.5877342224121,text_29,123,2,2back_dual_main_click,2,Steigungen,27,25,52,120,60,368.16979479789734,,,,,,,,,,20,01,yes,no,no,2025-08-11_17h25.24.357,EXNAT_4_TMS_Psychopy2024.2.5.psyexp,2024.2.5,2025-08-11 17h29.25.252105 +0200,
0,0,0,0,0,0,0,,,,,,,,,#D292F3,369.0440332889557,False,space,correct rejection,None,682.1949481964111,text_29,124,2,2back_dual_main_click,2,und,27,25,52,120,60,,,,,,,,,,,20,01,yes,no,no,2025-08-11_17h25.24.357,EXNAT_4_TMS_Psychopy2024.2.5.psyexp,2024.2.5,2025-08-11 17h29.25.252105 +0200,
0,0,0,0,0,0,0,,,,,,,,,#F989A2,369.7663686275482,False,space,correct rejection,None,855.8676242828369,text_29,125,2,2back_dual_main_click,2,König,27,25,52,120,60,,,,,,,,,,,20,01,yes,no,no,2025-08-11_17h25.24.357,EXNAT_4_TMS_Psychopy2024.2.5.psyexp,2024.2.5,2025-08-11 17h29.25.252105 +0200,
0,0,0,0,0,0,0,,,,,,,,,#88BA3F,370.6631600856781,False,space,correct rejection,None,1927.0782470703125,text_29,126,2,2back_dual_main_click,2,Friedrich,27,25,52,120,60,,,,,,,,,,,20,01,yes,no,no,2025-08-11_17h25.24.357,EXNAT_4_TMS_Psychopy2024.2.5.psyexp,2024.2.5,2025-08-11 17h29.25.252105 +0200,
0,0,0,0,0,0,0,,,,,,,,,#F989A2,372.6449279785156,True,l,hit,713.158369064331,1193.0761337280273,text_29,127,2,2back_dual_main_click,2,Wilhelm,27,26,53,120,60,373.16980624198914,,,,,,,,,,20,01,yes,no,no,2025-08-11_17h25.24.357,EXNAT_4_TMS_Psychopy2024.2.5.psyexp,2024.2.5,2025-08-11 17h29.25.252105 +0200,
0,0,0,0,0,0,0,,,,,,,,,#2AB7EF,373.8915250301361,False,space,correct rejection,None,1130.8236122131348,text_29,128,2,2back_dual_main_click,2,bevorzugte,27,26,53,120,60,,,,,,,,,,,20,01,yes,no,no,2025-08-11_17h25.24.357,EXNAT_4_TMS_Psychopy2024.2.5.psyexp,2024.2.5,2025-08-11 17h29.25.252105 +0200,
0,0,0,0,0,0,0,,,,,,,,,#88BA3F,375.07671427726746,False,space,correct rejection,None,1113.6524677276611,text_29,129,2,2back_dual_main_click,2,Brücken,27,26,53,120,60,,,,,,,,,,,20,01,yes,no,no,2025-08-11_17h25.24.357,EXNAT_4_TMS_Psychopy2024.2.5.psyexp,2024.2.5,2025-08-11 17h29.25.252105 +0200,
0,0,0,0,0,0,0,,,,,,,,,#D292F3,376.2442059516907,False,space,correct rejection,None,874.129056930542,text_29,130,2,2back_dual_main_click,2,nach,27,26,53,120,60,,,,,,,,,,,20,01,yes,no,no,2025-08-11_17h25.24.357,EXNAT_4_TMS_Psychopy2024.2.5.psyexp,2024.2.5,2025-08-11 17h29.25.252105 +0200,
0,0,0,0,0,0,0,,,,,,,,,#2AB7EF,377.1571047306061,False,space,correct rejection,None,953.2966613769531,text_29,131,2,2back_dual_main_click,2,römischem,27,26,53,120,60,,,,,,,,,,,20,01,yes,no,no,2025-08-11_17h25.24.357,EXNAT_4_TMS_Psychopy2024.2.5.psyexp,2024.2.5,2025-08-11 17h29.25.252105 +0200,
0,0,0,0,0,0,0,,,,,,,,,#88BA3F,378.15038871765137,False,space,correct rejection,None,983.9320182800293,text_29,132,2,2back_dual_main_click,2,Vorbild.,27,26,53,120,60,,,,,,,,,,,20,01,yes,no,no,2025-08-11_17h25.24.357,EXNAT_4_TMS_Psychopy2024.2.5.psyexp,2024.2.5,2025-08-11 17h29.25.252105 +0200,
0,0,0,0,0,0,0,,,,,,,,,#F989A2,379.17507123947144,False,space,correct rejection,None,1575.2832889556885,text_29,133,2,2back_dual_main_click,2,So,27,26,53,120,60,,,,,,,,,,,20,01,yes,no,no,2025-08-11_17h25.24.357,EXNAT_4_TMS_Psychopy2024.2.5.psyexp,2024.2.5,2025-08-11 17h29.25.252105 +0200,
0,0,0,0,0,0,0,,,,,,,,,#88BA3F,380.790335893631,True,l,hit,679.976224899292,1127.8386116027832,text_29,134,2,2back_dual_main_click,2,wurde,27,27,54,120,60,380.84690856933594,,,,,,,,,,20,01,yes,no,no,2025-08-11_17h25.24.357,EXNAT_4_TMS_Psychopy2024.2.5.psyexp,2024.2.5,2025-08-11 17h29.25.252105 +0200,
0,0,0,0,0,0,0,,,,,,,,,#F989A2,381.9563207626343,True,l,hit,1273.9596366882324,1561.9032382965088,text_29,135,2,2back_dual_main_click,2,der,27,27,54,120,60,,,,,,,,,,,20,01,yes,no,no,2025-08-11_17h25.24.357,EXNAT_4_TMS_Psychopy2024.2.5.psyexp,2024.2.5,2025-08-11 17h29.25.252105 +0200,
0,0,0,0,0,0,0,,,,,,,,,#F989A2,383.5733206272125,False,space,correct rejection,None,776.9958972930908,text_29,136,2,2back_dual_main_click,2,Altenbekener,27,27,54,120,60,,,,,,,,,,,20,01,yes,no,no,2025-08-11_17h25.24.357,EXNAT_4_TMS_Psychopy2024.2.5.psyexp,2024.2.5,2025-08-11 17h29.25.252105 +0200,
0,0,0,0,0,0,0,,,,,,,,,#D292F3,384.4046094417572,False,space,correct rejection,None,1161.6895198822021,text_29,137,2,2back_dual_main_click,2,Viadukt,27,27,54,120,60,,,,,,,,,,,20,01,yes,no,no,2025-08-11_17h25.24.357,EXNAT_4_TMS_Psychopy2024.2.5.psyexp,2024.2.5,2025-08-11 17h29.25.252105 +0200,
0,0,0,0,0,0,0,,,,,,,,,#88BA3F,385.61982893943787,False,space,correct rejection,None,2474.457263946533,text_29,138,2,2back_dual_main_click,2,erbaut.,28,27,55,120,60,385.8468494415283,,,,,,,,,,20,01,yes,no,no,2025-08-11_17h25.24.357,EXNAT_4_TMS_Psychopy2024.2.5.psyexp,2024.2.5,2025-08-11 17h29.25.252105 +0200,
0,0,0,0,0,0,0,,,,,,,,,#88BA3F,388.14803767204285,False,space,correct rejection,None,890.2411460876465,text_29,139,2,2back_dual_main_click,2,Ein,28,27,55,120,60,,,,,,,,,,,20,01,yes,no,no,2025-08-11_17h25.24.357,EXNAT_4_TMS_Psychopy2024.2.5.psyexp,2024.2.5,2025-08-11 17h29.25.252105 +0200,
0,0,0,0,0,0,0,,,,,,,,,#2AB7EF,389.0940365791321,False,space,correct rejection,None,856.3368320465088,text_29,140,2,2back_dual_main_click,2,Symbol,28,27,55,120,60,,,,,,,,,,,20,01,yes,no,no,2025-08-11_17h25.24.357,EXNAT_4_TMS_Psychopy2024.2.5.psyexp,2024.2.5,2025-08-11 17h29.25.252105 +0200,
0,0,0,0,0,0,0,,,,,,,,,#D292F3,390.00643706321716,False,space,correct rejection,None,967.8158760070801,text_29,141,2,2back_dual_main_click,2,der,28,27,55,120,60,,,,,,,,,,,20,01,yes,no,no,2025-08-11_17h25.24.357,EXNAT_4_TMS_Psychopy2024.2.5.psyexp,2024.2.5,2025-08-11 17h29.25.252105 +0200,
0,0,0,0,0,0,0,,,,,,,,,#2AB7EF,391.0278944969177,True,l,hit,474.38907623291016,922.3308563232422,text_29,142,2,2back_dual_main_click,2,neuen,28,27,55,120,60,,,,,,,,,,,20,01,yes,no,no,2025-08-11_17h25.24.357,EXNAT_4_TMS_Psychopy2024.2.5.psyexp,2024.2.5,2025-08-11 17h29.25.252105 +0200,
0,0,0,0,0,0,0,,,,,,,,,#D292F3,391.99091935157776,True,l,hit,1287.41455078125,1623.328685760498,text_29,143,2,2back_dual_main_click,2,Streckenführung,28,28,56,120,60,392.0448884963989,,,,,,,,,,20,01,yes,no,no,2025-08-11_17h25.24.357,EXNAT_4_TMS_Psychopy2024.2.5.psyexp,2024.2.5,2025-08-11 17h29.25.252105 +0200,
0,0,0,0,0,0,0,,,,,,,,,#2AB7EF,393.66990756988525,True,l,hit,776.5090465545654,1000.1997947692871,text_29,144,2,2back_dual_main_click,2,und,28,28,56,120,60,,,,,,,,,,,20,01,yes,no,no,2025-08-11_17h25.24.357,EXNAT_4_TMS_Psychopy2024.2.5.psyexp,2024.2.5,2025-08-11 17h29.25.252105 +0200,
0,0,0,0,0,0,0,,,,,,,,,#2AB7EF,394.7083349227905,False,space,correct rejection,None,681.9858551025391,text_29,145,2,2back_dual_main_click,2,sechsmal,28,28,56,120,60,,,,,,,,,,,20,01,yes,no,no,2025-08-11_17h25.24.357,EXNAT_4_TMS_Psychopy2024.2.5.psyexp,2024.2.5,2025-08-11 17h29.25.252105 +0200,
0,0,0,0,0,0,0,,,,,,,,,#88BA3F,395.4305145740509,False,space,correct rejection,None,1207.7808380126953,text_29,146,2,2back_dual_main_click,2,teurer,28,28,56,120,60,,,,,,,,,,,20,01,yes,no,no,2025-08-11_17h25.24.357,EXNAT_4_TMS_Psychopy2024.2.5.psyexp,2024.2.5,2025-08-11 17h29.25.252105 +0200,
0,0,0,0,0,0,0,,,,,,,,,#D292F3,396.68080472946167,False,space,correct rejection,None,597.4292755126953,text_29,147,2,2back_dual_main_click,2,als,29,28,57,120,60,397.0448987483978,,,,,,,,,,20,01,yes,no,no,2025-08-11_17h25.24.357,EXNAT_4_TMS_Psychopy2024.2.5.psyexp,2024.2.5,2025-08-11 17h29.25.252105 +0200,
0,0,0,0,0,0,0,,,,,,,,,#D292F3,397.31855154037476,False,space,correct rejection,None,1079.8065662384033,text_29,148,2,2back_dual_main_click,2,Pickels,29,28,57,120,60,,,,,,,,,,,20,01,yes,no,no,2025-08-11_17h25.24.357,EXNAT_4_TMS_Psychopy2024.2.5.psyexp,2024.2.5,2025-08-11 17h29.25.252105 +0200,
0,0,0,0,0,0,0,,,,,,,,,#88BA3F,398.43925642967224,False,space,correct rejection,None,1158.9574813842773,text_29,149,2,2back_dual_main_click,2,ursprünglicher,29,28,57,120,60,,,,,,,,,,,20,01,yes,no,no,2025-08-11_17h25.24.357,EXNAT_4_TMS_Psychopy2024.2.5.psyexp,2024.2.5,2025-08-11 17h29.25.252105 +0200,
0,0,0,0,0,0,0,,,,,,,,,#F989A2,399.63716673851013,False,space,correct rejection,None,873.1522560119629,text_29,150,2,2back_dual_main_click,2,Plan.,29,28,57,120,60,,,,,,,,,,,20,01,yes,no,no,2025-08-11_17h25.24.357,EXNAT_4_TMS_Psychopy2024.2.5.psyexp,2024.2.5,2025-08-11 17h29.25.252105 +0200,
0,0,0,0,0,0,0,,,,,,,,,,400.567852973938,,NA,,,,text_29,,2,2back_dual_main_click,,,,,,,,,Q1,NA,False,,,,,,,20,01,yes,no,no,2025-08-11_17h25.24.357,EXNAT_4_TMS_Psychopy2024.2.5.psyexp,2024.2.5,2025-08-11 17h29.25.252105 +0200,
0,0,0,0,0,0,0,,,,,,,,,,410.6180579662323,,3,,,,text_29,,2,2back_dual_main_click,,,,,,,,,Q2,c,True,,,,,,,20,01,yes,no,no,2025-08-11_17h25.24.357,EXNAT_4_TMS_Psychopy2024.2.5.psyexp,2024.2.5,2025-08-11 17h29.25.252105 +0200,
0,0,0,0,0,0,0,,,,,,,,,,414.753098487854,,4,,,,text_29,,2,2back_dual_main_click,,,,,,,,,Q3,d,True,,,,,,,20,01,yes,no,no,2025-08-11_17h25.24.357,EXNAT_4_TMS_Psychopy2024.2.5.psyexp,2024.2.5,2025-08-11 17h29.25.252105 +0200,
0,0,0,0,0,0,0,,,,,,,,,#2AB7EF,424.5908706188202,False,space,correct rejection,None,943.382978439331,text_30,1,3,2back_dual_main_click,2,Die,29,28,57,120,60,,,,,,,,,,,20,01,yes,no,no,2025-08-11_17h25.24.357,EXNAT_4_TMS_Psychopy2024.2.5.psyexp,2024.2.5,2025-08-11 17h29.25.252105 +0200,
0,0,0,0,0,0,0,,,,,,,,,#88BA3F,425.57185649871826,False,space,correct rejection,None,1850.484848022461,text_30,2,3,2back_dual_main_click,2,""Raketen-Mädchen"",29,28,57,120,60,,,,,,,,,,,20,01,yes,no,no,2025-08-11_17h25.24.357,EXNAT_4_TMS_Psychopy2024.2.5.psyexp,2024.2.5,2025-08-11 17h29.25.252105 +0200,
0,0,0,0,0,0,0,,,,,,,,,#F989A2,427.4637312889099,False,space,correct rejection,None,1366.600513458252,text_30,3,3,2back_dual_main_click,2,leisteten,30,28,58,120,60,427.5285668373108,,,,,,,,,,20,01,yes,no,no,2025-08-11_17h25.24.357,EXNAT_4_TMS_Psychopy2024.2.5.psyexp,2024.2.5,2025-08-11 17h29.25.252105 +0200,
0,0,0,0,0,0,0,,,,,,,,,#88BA3F,428.8714988231659,True,l,hit,726.879358291626,1350.7671356201172,text_30,4,3,2back_dual_main_click,2,enorm,30,28,58,120,60,,,,,,,,,,,20,01,yes,no,no,2025-08-11_17h25.24.357,EXNAT_4_TMS_Psychopy2024.2.5.psyexp,2024.2.5,2025-08-11 17h29.25.252105 +0200,
0,0,0,0,0,0,0,,,,,,,,,#2AB7EF,430.26057410240173,False,space,correct rejection,None,1273.7574577331543,text_30,5,3,2back_dual_main_click,2,wichtige,30,28,58,120,60,,,,,,,,,,,20,01,yes,no,no,2025-08-11_17h25.24.357,EXNAT_4_TMS_Psychopy2024.2.5.psyexp,2024.2.5,2025-08-11 17h29.25.252105 +0200,
0,0,0,0,0,0,0,,,,,,,,,#88BA3F,431.57550263404846,True,l,hit,1062.7174377441406,1350.7249355316162,text_30,6,3,2back_dual_main_click,2,Arbeit,30,29,59,120,60,432.5285360813141,,,,,,,,,,20,01,yes,no,no,2025-08-11_17h25.24.357,EXNAT_4_TMS_Psychopy2024.2.5.psyexp,2024.2.5,2025-08-11 17h29.25.252105 +0200,
0,0,0,0,0,0,0,,,,,,,,,#D292F3,432.9669408798218,False,space,correct rejection,None,823.4193325042725,text_30,7,3,2back_dual_main_click,2,für,30,29,59,120,60,,,,,,,,,,,20,01,yes,no,no,2025-08-11_17h25.24.357,EXNAT_4_TMS_Psychopy2024.2.5.psyexp,2024.2.5,2025-08-11 17h29.25.252105 +0200,
0,0,0,0,0,0,0,,,,,,,,,#D292F3,433.82865142822266,False,space,correct rejection,None,745.6998825073242,text_30,8,3,2back_dual_main_click,2,den,30,29,59,120,60,,,,,,,,,,,20,01,yes,no,no,2025-08-11_17h25.24.357,EXNAT_4_TMS_Psychopy2024.2.5.psyexp,2024.2.5,2025-08-11 17h29.25.252105 +0200,
0,0,0,0,0,0,0,,,,,,,,,#2AB7EF,434.6148433685303,False,space,correct rejection,None,1111.513376235962,text_30,9,3,2back_dual_main_click,2,Vorgänger,30,29,59,120,60,,,,,,,,,,,20,01,yes,no,no,2025-08-11_17h25.24.357,EXNAT_4_TMS_Psychopy2024.2.5.psyexp,2024.2.5,2025-08-11 17h29.25.252105 +0200,
0,0,0,0,0,0,0,,,,,,,,,#D292F3,435.7692108154297,True,space,miss,None,981.0795783996582,text_30,10,3,2back_dual_main_click,2,der,30,29,59,120,60,,,,,,,,,,,20,01,yes,no,no,2025-08-11_17h25.24.357,EXNAT_4_TMS_Psychopy2024.2.5.psyexp,2024.2.5,2025-08-11 17h29.25.252105 +0200,
0,0,0,0,0,0,0,,,,,,,,,#F989A2,436.79017639160156,False,space,correct rejection,None,728.1532287597656,text_30,11,3,2back_dual_main_click,2,NASA.,30,29,59,120,60,,,,,,,,,,,20,01,yes,no,no,2025-08-11_17h25.24.357,EXNAT_4_TMS_Psychopy2024.2.5.psyexp,2024.2.5,2025-08-11 17h29.25.252105 +0200,
0,0,0,0,0,0,0,,,,,,,,,#F989A2,437.55715894699097,False,space,correct rejection,None,873.1284141540527,text_30,12,3,2back_dual_main_click,2,Zu,31,29,60,120,60,437.6166169643402,,,,,,,,,,20,01,yes,no,no,2025-08-11_17h25.24.357,EXNAT_4_TMS_Psychopy2024.2.5.psyexp,2024.2.5,2025-08-11 17h29.25.252105 +0200,
0,0,0,0,0,0,0,,,,,,,,,#2AB7EF,438.47076535224915,False,space,correct rejection,None,1303.579568862915,text_30,13,3,2back_dual_main_click,2,ihnen,31,29,60,120,60,,,,,,,,,,,20,01,yes,no,no,2025-08-11_17h25.24.357,EXNAT_4_TMS_Psychopy2024.2.5.psyexp,2024.2.5,2025-08-11 17h29.25.252105 +0200,
0,0,0,0,0,0,0,,,,,,,,,#2AB7EF,439.81475806236267,False,space,correct rejection,None,1079.599380493164,text_30,14,3,2back_dual_main_click,2,gehörte,31,29,60,120,60,,,,,,,,,,,20,01,yes,no,no,2025-08-11_17h25.24.357,EXNAT_4_TMS_Psychopy2024.2.5.psyexp,2024.2.5,2025-08-11 17h29.25.252105 +0200,
0,0,0,0,0,0,0,,,,,,,,,#88BA3F,440.9331388473511,False,space,correct rejection,None,825.2108097076416,text_30,15,3,2back_dual_main_click,2,auch,31,29,60,120,60,,,,,,,,,,,20,01,yes,no,no,2025-08-11_17h25.24.357,EXNAT_4_TMS_Psychopy2024.2.5.psyexp,2024.2.5,2025-08-11 17h29.25.252105 +0200,
0,0,0,0,0,0,0,,,,,,,,,#88BA3F,441.7993714809418,False,space,correct rejection,None,710.8733654022217,text_30,16,3,2back_dual_main_click,2,die,31,29,60,120,60,,,,,,,,,,,20,01,yes,no,no,2025-08-11_17h25.24.357,EXNAT_4_TMS_Psychopy2024.2.5.psyexp,2024.2.5,2025-08-11 17h29.25.252105 +0200,
0,0,0,0,0,0,0,,,,,,,,,#88BA3F,442.5513119697571,True,l,hit,679.030179977417,1190.9570693969727,text_30,17,3,2back_dual_main_click,2,afroamerikanische,31,30,61,120,60,442.61661529541016,,,,,,,,,,20,01,yes,no,no,2025-08-11_17h25.24.357,EXNAT_4_TMS_Psychopy2024.2.5.psyexp,2024.2.5,2025-08-11 17h29.25.252105 +0200,
0,0,0,0,0,0,0,,,,,,,,,#2AB7EF,443.7941505908966,False,space,correct rejection,None,1820.1751708984375,text_30,18,3,2back_dual_main_click,2,Mathematikerin,31,30,61,120,60,,,,,,,,,,,20,01,yes,no,no,2025-08-11_17h25.24.357,EXNAT_4_TMS_Psychopy2024.2.5.psyexp,2024.2.5,2025-08-11 17h29.25.252105 +0200,
0,0,0,0,0,0,0,,,,,,,,,#F989A2,445.6715843677521,False,space,correct rejection,None,1254.779577255249,text_30,19,3,2back_dual_main_click,2,Katherine,31,30,61,120,60,,,,,,,,,,,20,01,yes,no,no,2025-08-11_17h25.24.357,EXNAT_4_TMS_Psychopy2024.2.5.psyexp,2024.2.5,2025-08-11 17h29.25.252105 +0200,
0,0,0,0,0,0,0,,,,,,,,,#D292F3,446.9809603691101,False,space,correct rejection,None,873.366117477417,text_30,20,3,2back_dual_main_click,2,"Johnson,",31,30,61,120,60,,,,,,,,,,,20,01,yes,no,no,2025-08-11_17h25.24.357,EXNAT_4_TMS_Psychopy2024.2.5.psyexp,2024.2.5,2025-08-11 17h29.25.252105 +0200,
0,0,0,0,0,0,0,,,,,,,,,#D292F3,447.90924167633057,False,l,false alarm,985.0926399230957,1289.0048027038574,text_30,21,3,2back_dual_main_click,2,die,32,30,62,120,60,447.9609146118164,,,,,,,,,,20,01,yes,no,no,2025-08-11_17h25.24.357,EXNAT_4_TMS_Psychopy2024.2.5.psyexp,2024.2.5,2025-08-11 17h29.25.252105 +0200,
0,0,0,0,0,0,0,,,,,,,,,#D292F3,449.25385761260986,True,l,hit,648.4470367431641,888.3769512176514,text_30,22,3,2back_dual_main_click,2,maßgeblich,32,30,62,120,60,,,,,,,,,,,20,01,yes,no,no,2025-08-11_17h25.24.357,EXNAT_4_TMS_Psychopy2024.2.5.psyexp,2024.2.5,2025-08-11 17h29.25.252105 +0200,
0,0,0,0,0,0,0,,,,,,,,,#F989A2,450.19782614707947,False,space,correct rejection,None,1352.4751663208008,text_30,23,3,2back_dual_main_click,2,zum,32,30,62,120,60,,,,,,,,,,,20,01,yes,no,no,2025-08-11_17h25.24.357,EXNAT_4_TMS_Psychopy2024.2.5.psyexp,2024.2.5,2025-08-11 17h29.25.252105 +0200,
0,0,0,0,0,0,0,,,,,,,,,#F989A2,451.60560035705566,False,space,correct rejection,None,1624.8774528503418,text_30,24,3,2back_dual_main_click,2,Erfolg,32,30,62,120,60,,,,,,,,,,,20,01,yes,no,no,2025-08-11_17h25.24.357,EXNAT_4_TMS_Psychopy2024.2.5.psyexp,2024.2.5,2025-08-11 17h29.25.252105 +0200,
0,0,0,0,0,0,0,,,,,,,,,#F989A2,453.28629875183105,True,l,hit,664.0605926513672,1031.9578647613525,text_30,25,3,2back_dual_main_click,2,der,32,31,63,120,60,453.3378517627716,,,,,,,,,,20,01,yes,no,no,2025-08-11_17h25.24.357,EXNAT_4_TMS_Psychopy2024.2.5.psyexp,2024.2.5,2025-08-11 17h29.25.252105 +0200,
0,0,0,0,0,0,0,,,,,,,,,#D292F3,454.3555943965912,False,space,correct rejection,None,1370.7411289215088,text_30,26,3,2back_dual_main_click,2,US-Raumfahrt,32,31,63,120,60,,,,,,,,,,,20,01,yes,no,no,2025-08-11_17h25.24.357,EXNAT_4_TMS_Psychopy2024.2.5.psyexp,2024.2.5,2025-08-11 17h29.25.252105 +0200,
0,0,0,0,0,0,0,,,,,,,,,#2AB7EF,455.78162455558777,False,space,correct rejection,None,1480.7472229003906,text_30,27,3,2back_dual_main_click,2,beitrug.,32,31,63,120,60,,,,,,,,,,,20,01,yes,no,no,2025-08-11_17h25.24.357,EXNAT_4_TMS_Psychopy2024.2.5.psyexp,2024.2.5,2025-08-11 17h29.25.252105 +0200,
0,0,0,0,0,0,0,,,,,,,,,#F989A2,457.32078742980957,False,space,correct rejection,None,1061.5699291229248,text_30,28,3,2back_dual_main_click,2,Geboren,33,31,64,120,60,458.3378224372864,,,,,,,,,,20,01,yes,no,no,2025-08-11_17h25.24.357,EXNAT_4_TMS_Psychopy2024.2.5.psyexp,2024.2.5,2025-08-11 17h29.25.252105 +0200,
0,0,0,0,0,0,0,,,,,,,,,#D292F3,458.42462038993835,False,space,correct rejection,None,2293.773889541626,text_30,29,3,2back_dual_main_click,2,1918,33,31,64,120,60,,,,,,,,,,,20,01,yes,no,no,2025-08-11_17h25.24.357,EXNAT_4_TMS_Psychopy2024.2.5.psyexp,2024.2.5,2025-08-11 17h29.25.252105 +0200,
0,0,0,0,0,0,0,,,,,,,,,#2AB7EF,460.7716510295868,False,space,correct rejection,None,1050.5931377410889,text_30,30,3,2back_dual_main_click,2,in,33,31,64,120,60,,,,,,,,,,,20,01,yes,no,no,2025-08-11_17h25.24.357,EXNAT_4_TMS_Psychopy2024.2.5.psyexp,2024.2.5,2025-08-11 17h29.25.252105 +0200,
0,0,0,0,0,0,0,,,,,,,,,#88BA3F,461.87637758255005,False,space,correct rejection,None,745.917797088623,text_30,31,3,2back_dual_main_click,2,West,33,31,64,120,60,,,,,,,,,,,20,01,yes,no,no,2025-08-11_17h25.24.357,EXNAT_4_TMS_Psychopy2024.2.5.psyexp,2024.2.5,2025-08-11 17h29.25.252105 +0200,
0,0,0,0,0,0,0,,,,,,,,,#D292F3,462.6767499446869,False,space,correct rejection,None,745.5904483795166,text_30,32,3,2back_dual_main_click,2,"Virginia,",33,31,64,120,60,,,,,,,,,,,20,01,yes,no,no,2025-08-11_17h25.24.357,EXNAT_4_TMS_Psychopy2024.2.5.psyexp,2024.2.5,2025-08-11 17h29.25.252105 +0200,
0,0,0,0,0,0,0,,,,,,,,,#88BA3F,463.4785759449005,True,l,hit,791.795015335083,1143.7246799468994,text_30,33,3,2back_dual_main_click,2,zeigte,33,32,65,120,60,463.53247594833374,,,,,,,,,,20,01,yes,no,no,2025-08-11_17h25.24.357,EXNAT_4_TMS_Psychopy2024.2.5.psyexp,2024.2.5,2025-08-11 17h29.25.252105 +0200,
0,0,0,0,0,0,0,,,,,,,,,#88BA3F,464.6762373447418,False,space,correct rejection,None,554.1484355926514,text_30,34,3,2back_dual_main_click,2,sie,33,32,65,120,60,,,,,,,,,,,20,01,yes,no,no,2025-08-11_17h25.24.357,EXNAT_4_TMS_Psychopy2024.2.5.psyexp,2024.2.5,2025-08-11 17h29.25.252105 +0200,
0,0,0,0,0,0,0,,,,,,,,,#2AB7EF,465.28553771972656,False,space,correct rejection,None,1080.8987617492676,text_30,35,3,2back_dual_main_click,2,früh,33,32,65,120,60,,,,,,,,,,,20,01,yes,no,no,2025-08-11_17h25.24.357,EXNAT_4_TMS_Psychopy2024.2.5.psyexp,2024.2.5,2025-08-11 17h29.25.252105 +0200,
0,0,0,0,0,0,0,,,,,,,,,#F989A2,466.42045998573303,False,space,correct rejection,None,1033.9252948760986,text_30,36,3,2back_dual_main_click,2,eine,33,32,65,120,60,,,,,,,,,,,20,01,yes,no,no,2025-08-11_17h25.24.357,EXNAT_4_TMS_Psychopy2024.2.5.psyexp,2024.2.5,2025-08-11 17h29.25.252105 +0200,
0,0,0,0,0,0,0,,,,,,,,,#F989A2,467.51078963279724,False,space,correct rejection,None,1079.6053409576416,text_30,37,3,2back_dual_main_click,2,außergewöhnliche,34,32,66,120,60,468.53238797187805,,,,,,,,,,20,01,yes,no,no,2025-08-11_17h25.24.357,EXNAT_4_TMS_Psychopy2024.2.5.psyexp,2024.2.5,2025-08-11 17h29.25.252105 +0200,
0,0,0,0,0,0,0,,,,,,,,,#2AB7EF,468.64476466178894,False,space,correct rejection,None,1385.6518268585205,text_30,38,3,2back_dual_main_click,2,Begabung,34,32,66,120,60,,,,,,,,,,,20,01,yes,no,no,2025-08-11_17h25.24.357,EXNAT_4_TMS_Psychopy2024.2.5.psyexp,2024.2.5,2025-08-11 17h29.25.252105 +0200,
0,0,0,0,0,0,0,,,,,,,,,#D292F3,470.08457922935486,False,space,correct rejection,None,1065.6054019927979,text_30,39,3,2back_dual_main_click,2,für,34,32,66,120,60,,,,,,,,,,,20,01,yes,no,no,2025-08-11_17h25.24.357,EXNAT_4_TMS_Psychopy2024.2.5.psyexp,2024.2.5,2025-08-11 17h29.25.252105 +0200,
0,0,0,0,0,0,0,,,,,,,,,#D292F3,471.2047119140625,False,space,correct rejection,None,1049.607515335083,text_30,40,3,2back_dual_main_click,2,Zahlen.,34,32,66,120,60,,,,,,,,,,,20,01,yes,no,no,2025-08-11_17h25.24.357,EXNAT_4_TMS_Psychopy2024.2.5.psyexp,2024.2.5,2025-08-11 17h29.25.252105 +0200,
0,0,0,0,0,0,0,,,,,,,,,#D292F3,472.30937695503235,True,space,miss,None,1769.0765857696533,text_30,41,3,2back_dual_main_click,2,Mit,34,33,67,120,60,473.5323762893677,,,,,,,,,,20,01,yes,no,no,2025-08-11_17h25.24.357,EXNAT_4_TMS_Psychopy2024.2.5.psyexp,2024.2.5,2025-08-11 17h29.25.252105 +0200,
0,0,0,0,0,0,0,,,,,,,,,#88BA3F,474.1336362361908,False,space,correct rejection,None,1224.8311042785645,text_30,42,3,2back_dual_main_click,2,15,34,33,67,120,60,,,,,,,,,,,20,01,yes,no,no,2025-08-11_17h25.24.357,EXNAT_4_TMS_Psychopy2024.2.5.psyexp,2024.2.5,2025-08-11 17h29.25.252105 +0200,
0,0,0,0,0,0,0,,,,,,,,,#F989A2,475.41421842575073,False,space,correct rejection,None,1192.2080516815186,text_30,43,3,2back_dual_main_click,2,begann,34,33,67,120,60,,,,,,,,,,,20,01,yes,no,no,2025-08-11_17h25.24.357,EXNAT_4_TMS_Psychopy2024.2.5.psyexp,2024.2.5,2025-08-11 17h29.25.252105 +0200,
0,0,0,0,0,0,0,,,,,,,,,#88BA3F,476.6613800525665,True,l,hit,1097.0754623413086,1353.0144691467285,text_30,44,3,2back_dual_main_click,2,sie,34,33,67,120,60,,,,,,,,,,,20,01,yes,no,no,2025-08-11_17h25.24.357,EXNAT_4_TMS_Psychopy2024.2.5.psyexp,2024.2.5,2025-08-11 17h29.25.252105 +0200,
0,0,0,0,0,0,0,,,,,,,,,#2AB7EF,478.070011138916,False,space,correct rejection,None,1080.481767654419,text_30,45,3,2back_dual_main_click,2,ihr,34,33,67,120,60,,,,,,,,,,,20,01,yes,no,no,2025-08-11_17h25.24.357,EXNAT_4_TMS_Psychopy2024.2.5.psyexp,2024.2.5,2025-08-11 17h29.25.252105 +0200,
0,0,0,0,0,0,0,,,,,,,,,#F989A2,479.2075881958008,False,space,correct rejection,None,854.9587726593018,text_30,46,3,2back_dual_main_click,2,Mathematikstudium,35,33,68,120,60,479.2602868080139,,,,,,,,,,20,01,yes,no,no,2025-08-11_17h25.24.357,EXNAT_4_TMS_Psychopy2024.2.5.psyexp,2024.2.5,2025-08-11 17h29.25.252105 +0200,
0,0,0,0,0,0,0,,,,,,,,,#2AB7EF,480.1175100803375,True,space,miss,None,1256.917953491211,text_30,47,3,2back_dual_main_click,2,und,35,33,68,120,60,,,,,,,,,,,20,01,yes,no,no,2025-08-11_17h25.24.357,EXNAT_4_TMS_Psychopy2024.2.5.psyexp,2024.2.5,2025-08-11 17h29.25.252105 +0200,
0,0,0,0,0,0,0,,,,,,,,,#88BA3F,481.427766084671,False,space,correct rejection,None,826.5578746795654,text_30,48,3,2back_dual_main_click,2,schloss,35,33,68,120,60,,,,,,,,,,,20,01,yes,no,no,2025-08-11_17h25.24.357,EXNAT_4_TMS_Psychopy2024.2.5.psyexp,2024.2.5,2025-08-11 17h29.25.252105 +0200,
0,0,0,0,0,0,0,,,,,,,,,#88BA3F,482.3092272281647,False,space,correct rejection,None,857.1212291717529,text_30,49,3,2back_dual_main_click,2,es,35,33,68,120,60,,,,,,,,,,,20,01,yes,no,no,2025-08-11_17h25.24.357,EXNAT_4_TMS_Psychopy2024.2.5.psyexp,2024.2.5,2025-08-11 17h29.25.252105 +0200,
0,0,0,0,0,0,0,,,,,,,,,#D292F3,483.2053997516632,False,space,correct rejection,None,968.9733982086182,text_30,50,3,2back_dual_main_click,2,mit,35,33,68,120,60,,,,,,,,,,,20,01,yes,no,no,2025-08-11_17h25.24.357,EXNAT_4_TMS_Psychopy2024.2.5.psyexp,2024.2.5,2025-08-11 17h29.25.252105 +0200,
0,0,0,0,0,0,0,,,,,,,,,#2AB7EF,484.2161476612091,False,space,correct rejection,None,950.2429962158203,text_30,51,3,2back_dual_main_click,2,Auszeichnung,35,33,68,120,60,,,,,,,,,,,20,01,yes,no,no,2025-08-11_17h25.24.357,EXNAT_4_TMS_Psychopy2024.2.5.psyexp,2024.2.5,2025-08-11 17h29.25.252105 +0200,
0,0,0,0,0,0,0,,,,,,,,,#F989A2,485.20643758773804,False,space,correct rejection,None,759.9637508392334,text_30,52,3,2back_dual_main_click,2,ab.,35,33,68,120,60,,,,,,,,,,,20,01,yes,no,no,2025-08-11_17h25.24.357,EXNAT_4_TMS_Psychopy2024.2.5.psyexp,2024.2.5,2025-08-11 17h29.25.252105 +0200,
0,0,0,0,0,0,0,,,,,,,,,#88BA3F,486.00712728500366,False,space,correct rejection,None,967.2484397888184,text_30,53,3,2back_dual_main_click,2,1953,35,33,68,120,60,,,,,,,,,,,20,01,yes,no,no,2025-08-11_17h25.24.357,EXNAT_4_TMS_Psychopy2024.2.5.psyexp,2024.2.5,2025-08-11 17h29.25.252105 +0200,
0,0,0,0,0,0,0,,,,,,,,,#88BA3F,487.0145757198334,False,space,correct rejection,None,711.7745876312256,text_30,54,3,2back_dual_main_click,2,trat,35,33,68,120,60,,,,,,,,,,,20,01,yes,no,no,2025-08-11_17h25.24.357,EXNAT_4_TMS_Psychopy2024.2.5.psyexp,2024.2.5,2025-08-11 17h29.25.252105 +0200,
0,0,0,0,0,0,0,,,,,,,,,#D292F3,487.7683084011078,False,space,correct rejection,None,1222.0659255981445,text_30,55,3,2back_dual_main_click,2,sie,35,33,68,120,60,,,,,,,,,,,20,01,yes,no,no,2025-08-11_17h25.24.357,EXNAT_4_TMS_Psychopy2024.2.5.psyexp,2024.2.5,2025-08-11 17h29.25.252105 +0200,
0,0,0,0,0,0,0,,,,,,,,,#F989A2,489.0308401584625,False,space,correct rejection,None,1207.451343536377,text_30,56,3,2back_dual_main_click,2,der,35,33,68,120,60,,,,,,,,,,,20,01,yes,no,no,2025-08-11_17h25.24.357,EXNAT_4_TMS_Psychopy2024.2.5.psyexp,2024.2.5,2025-08-11 17h29.25.252105 +0200,
0,0,0,0,0,0,0,,,,,,,,,#2AB7EF,490.2778437137604,False,space,correct rejection,None,824.521541595459,text_30,57,3,2back_dual_main_click,2,NASA,35,33,68,120,60,,,,,,,,,,,20,01,yes,no,no,2025-08-11_17h25.24.357,EXNAT_4_TMS_Psychopy2024.2.5.psyexp,2024.2.5,2025-08-11 17h29.25.252105 +0200,
0,0,0,0,0,0,0,,,,,,,,,#2AB7EF,491.1421813964844,False,space,correct rejection,None,632.2104930877686,text_30,58,3,2back_dual_main_click,2,"bei,",35,33,68,120,60,,,,,,,,,,,20,01,yes,no,no,2025-08-11_17h25.24.357,EXNAT_4_TMS_Psychopy2024.2.5.psyexp,2024.2.5,2025-08-11 17h29.25.252105 +0200,
0,0,0,0,0,0,0,,,,,,,,,#F989A2,491.81446623802185,False,space,correct rejection,None,711.9314670562744,text_30,59,3,2back_dual_main_click,2,wo,35,33,68,120,60,,,,,,,,,,,20,01,yes,no,no,2025-08-11_17h25.24.357,EXNAT_4_TMS_Psychopy2024.2.5.psyexp,2024.2.5,2025-08-11 17h29.25.252105 +0200,
0,0,0,0,0,0,0,,,,,,,,,#D292F3,492.56674695014954,False,space,correct rejection,None,583.7271213531494,text_30,60,3,2back_dual_main_click,2,sie,35,33,68,120,60,,,,,,,,,,,20,01,yes,no,no,2025-08-11_17h25.24.357,EXNAT_4_TMS_Psychopy2024.2.5.psyexp,2024.2.5,2025-08-11 17h29.25.252105 +0200,
0,0,0,0,0,0,0,,,,,,,,,#88BA3F,493.18861079216003,False,space,correct rejection,None,969.8629379272461,text_30,61,3,2back_dual_main_click,2,als,35,33,68,120,60,,,,,,,,,,,20,01,yes,no,no,2025-08-11_17h25.24.357,EXNAT_4_TMS_Psychopy2024.2.5.psyexp,2024.2.5,2025-08-11 17h29.25.252105 +0200,
0,0,0,0,0,0,0,,,,,,,,,#D292F3,494.2004837989807,True,l,hit,533.9758396148682,1045.7487106323242,text_30,62,3,2back_dual_main_click,2,""Computer"",35,34,69,120,60,494.25288939476013,,,,,,,,,,20,01,yes,no,no,2025-08-11_17h25.24.357,EXNAT_4_TMS_Psychopy2024.2.5.psyexp,2024.2.5,2025-08-11 17h29.25.252105 +0200,
0,0,0,0,0,0,0,,,,,,,,,#2AB7EF,495.28740668296814,False,space,correct rejection,None,839.0100002288818,text_30,63,3,2back_dual_main_click,2,komplexe,35,34,69,120,60,,,,,,,,,,,20,01,yes,no,no,2025-08-11_17h25.24.357,EXNAT_4_TMS_Psychopy2024.2.5.psyexp,2024.2.5,2025-08-11 17h29.25.252105 +0200,
0,0,0,0,0,0,0,,,,,,,,,#88BA3F,496.1675817966461,False,space,correct rejection,None,742.7248954772949,text_30,64,3,2back_dual_main_click,2,Berechnungen,35,34,69,120,60,,,,,,,,,,,20,01,yes,no,no,2025-08-11_17h25.24.357,EXNAT_4_TMS_Psychopy2024.2.5.psyexp,2024.2.5,2025-08-11 17h29.25.252105 +0200,
0,0,0,0,0,0,0,,,,,,,,,#F989A2,496.95172357559204,False,space,correct rejection,None,790.6520366668701,text_30,65,3,2back_dual_main_click,2,durchführte.,35,34,69,120,60,,,,,,,,,,,20,01,yes,no,no,2025-08-11_17h25.24.357,EXNAT_4_TMS_Psychopy2024.2.5.psyexp,2024.2.5,2025-08-11 17h29.25.252105 +0200,
0,0,0,0,0,0,0,,,,,,,,,#D292F3,497.7826225757599,False,space,correct rejection,None,871.5860843658447,text_30,66,3,2back_dual_main_click,2,Trotz,35,34,69,120,60,,,,,,,,,,,20,01,yes,no,no,2025-08-11_17h25.24.357,EXNAT_4_TMS_Psychopy2024.2.5.psyexp,2024.2.5,2025-08-11 17h29.25.252105 +0200,
0,0,0,0,0,0,0,,,,,,,,,#F989A2,498.694659948349,True,space,miss,None,1319.617748260498,text_30,67,3,2back_dual_main_click,2,Rassentrennung,35,35,70,120,60,499.25279092788696,,,,,,,,,,20,01,yes,no,no,2025-08-11_17h25.24.357,EXNAT_4_TMS_Psychopy2024.2.5.psyexp,2024.2.5,2025-08-11 17h29.25.252105 +0200,
0,0,0,0,0,0,0,,,,,,,,,#2AB7EF,500.0559632778168,False,space,correct rejection,None,710.4055881500244,text_30,68,3,2back_dual_main_click,2,und,35,35,70,120,60,,,,,,,,,,,20,01,yes,no,no,2025-08-11_17h25.24.357,EXNAT_4_TMS_Psychopy2024.2.5.psyexp,2024.2.5,2025-08-11 17h29.25.252105 +0200,
0,0,0,0,0,0,0,,,,,,,,,#D292F3,500.808833360672,False,space,correct rejection,None,1413.5901927947998,text_30,69,3,2back_dual_main_click,2,Geschlechterdiskriminierung,35,35,70,120,60,,,,,,,,,,,20,01,yes,no,no,2025-08-11_17h25.24.357,EXNAT_4_TMS_Psychopy2024.2.5.psyexp,2024.2.5,2025-08-11 17h29.25.252105 +0200,
0,0,0,0,0,0,0,,,,,,,,,#2AB7EF,502.2624866962433,True,l,hit,663.9125347137451,1031.7552089691162,text_30,70,3,2back_dual_main_click,2,setzte,35,35,70,120,60,,,,,,,,,,,20,01,yes,no,no,2025-08-11_17h25.24.357,EXNAT_4_TMS_Psychopy2024.2.5.psyexp,2024.2.5,2025-08-11 17h29.25.252105 +0200,
0,0,0,0,0,0,0,,,,,,,,,#F989A2,503.34288477897644,False,space,correct rejection,None,799.506425857544,text_30,71,3,2back_dual_main_click,2,sie,35,35,70,120,60,,,,,,,,,,,20,01,yes,no,no,2025-08-11_17h25.24.357,EXNAT_4_TMS_Psychopy2024.2.5.psyexp,2024.2.5,2025-08-11 17h29.25.252105 +0200,
0,0,0,0,0,0,0,,,,,,,,,#88BA3F,504.1839017868042,False,space,correct rejection,None,646.5120315551758,text_30,72,3,2back_dual_main_click,2,sich,36,35,71,120,60,504.25289607048035,,,,,,,,,,20,01,yes,no,no,2025-08-11_17h25.24.357,EXNAT_4_TMS_Psychopy2024.2.5.psyexp,2024.2.5,2025-08-11 17h29.25.252105 +0200,
0,0,0,0,0,0,0,,,,,,,,,#F989A2,504.8701148033142,True,l,hit,728.31130027771,1064.199447631836,text_30,73,3,2back_dual_main_click,2,durch,36,35,71,120,60,,,,,,,,,,,20,01,yes,no,no,2025-08-11_17h25.24.357,EXNAT_4_TMS_Psychopy2024.2.5.psyexp,2024.2.5,2025-08-11 17h29.25.252105 +0200,
0,0,0,0,0,0,0,,,,,,,,,#2AB7EF,505.9895143508911,False,space,correct rejection,None,792.7937507629395,text_30,74,3,2back_dual_main_click,2,und,36,35,71,120,60,,,,,,,,,,,20,01,yes,no,no,2025-08-11_17h25.24.357,EXNAT_4_TMS_Psychopy2024.2.5.psyexp,2024.2.5,2025-08-11 17h29.25.252105 +0200,
0,0,0,0,0,0,0,,,,,,,,,#88BA3F,506.8229079246521,False,space,correct rejection,None,567.2943592071533,text_30,75,3,2back_dual_main_click,2,wurde,36,35,71,120,60,,,,,,,,,,,20,01,yes,no,no,2025-08-11_17h25.24.357,EXNAT_4_TMS_Psychopy2024.2.5.psyexp,2024.2.5,2025-08-11 17h29.25.252105 +0200,
0,0,0,0,0,0,0,,,,,,,,,#F989A2,507.43073177337646,False,space,correct rejection,None,727.6697158813477,text_30,76,3,2back_dual_main_click,2,in,36,35,71,120,60,,,,,,,,,,,20,01,yes,no,no,2025-08-11_17h25.24.357,EXNAT_4_TMS_Psychopy2024.2.5.psyexp,2024.2.5,2025-08-11 17h29.25.252105 +0200,
0,0,0,0,0,0,0,,,,,,,,,#D292F3,508.1994323730469,False,space,correct rejection,None,999.0251064300537,text_30,77,3,2back_dual_main_click,2,technische,36,35,71,120,60,,,,,,,,,,,20,01,yes,no,no,2025-08-11_17h25.24.357,EXNAT_4_TMS_Psychopy2024.2.5.psyexp,2024.2.5,2025-08-11 17h29.25.252105 +0200,
0,0,0,0,0,0,0,,,,,,,,,#D292F3,509.23911142349243,False,space,correct rejection,None,695.3268051147461,text_30,78,3,2back_dual_main_click,2,Teams,37,35,72,120,60,509.2898211479187,,,,,,,,,,20,01,yes,no,no,2025-08-11_17h25.24.357,EXNAT_4_TMS_Psychopy2024.2.5.psyexp,2024.2.5,2025-08-11 17h29.25.252105 +0200,
0,0,0,0,0,0,0,,,,,,,,,#88BA3F,509.97494888305664,False,space,correct rejection,None,759.5312595367432,text_30,79,3,2back_dual_main_click,2,integriert.,37,35,72,120,60,,,,,,,,,,,20,01,yes,no,no,2025-08-11_17h25.24.357,EXNAT_4_TMS_Psychopy2024.2.5.psyexp,2024.2.5,2025-08-11 17h29.25.252105 +0200,
0,0,0,0,0,0,0,,,,,,,,,#2AB7EF,510.7749946117401,False,space,correct rejection,None,967.4253463745117,text_30,80,3,2back_dual_main_click,2,Sie,37,35,72,120,60,,,,,,,,,,,20,01,yes,no,no,2025-08-11_17h25.24.357,EXNAT_4_TMS_Psychopy2024.2.5.psyexp,2024.2.5,2025-08-11 17h29.25.252105 +0200,
0,0,0,0,0,0,0,,,,,,,,,#D292F3,511.7829611301422,False,space,correct rejection,None,839.4525051116943,text_30,81,3,2back_dual_main_click,2,berechnete,37,35,72,120,60,,,,,,,,,,,20,01,yes,no,no,2025-08-11_17h25.24.357,EXNAT_4_TMS_Psychopy2024.2.5.psyexp,2024.2.5,2025-08-11 17h29.25.252105 +0200,
0,0,0,0,0,0,0,,,,,,,,,#2AB7EF,512.6632359027863,True,l,hit,583.1079483032227,999.0527629852295,text_30,82,3,2back_dual_main_click,2,Flugbahnen,37,35,72,120,60,,,,,,,,,,,20,01,yes,no,no,2025-08-11_17h25.24.357,EXNAT_4_TMS_Psychopy2024.2.5.psyexp,2024.2.5,2025-08-11 17h29.25.252105 +0200,
0,0,0,0,0,0,0,,,,,,,,,#F989A2,513.7013387680054,False,space,correct rejection,None,793.067455291748,text_30,83,3,2back_dual_main_click,2,für,37,35,72,120,60,,,,,,,,,,,20,01,yes,no,no,2025-08-11_17h25.24.357,EXNAT_4_TMS_Psychopy2024.2.5.psyexp,2024.2.5,2025-08-11 17h29.25.252105 +0200,
0,0,0,0,0,0,0,,,,,,,,,#88BA3F,514.535078048706,False,space,correct rejection,None,807.3582649230957,text_30,84,3,2back_dual_main_click,2,Mercury-,37,35,72,120,60,,,,,,,,,,,20,01,yes,no,no,2025-08-11_17h25.24.357,EXNAT_4_TMS_Psychopy2024.2.5.psyexp,2024.2.5,2025-08-11 17h29.25.252105 +0200,
0,0,0,0,0,0,0,,,,,,,,,#2AB7EF,515.3832471370697,False,space,correct rejection,None,1223.0911254882812,text_30,85,3,2back_dual_main_click,2,und,37,35,72,120,60,,,,,,,,,,,20,01,yes,no,no,2025-08-11_17h25.24.357,EXNAT_4_TMS_Psychopy2024.2.5.psyexp,2024.2.5,2025-08-11 17h29.25.252105 +0200,
0,0,0,0,0,0,0,,,,,,,,,#D292F3,516.6480691432953,False,space,correct rejection,None,886.2760066986084,text_30,86,3,2back_dual_main_click,2,"Apollo-Missionen,",37,35,72,120,60,,,,,,,,,,,20,01,yes,no,no,2025-08-11_17h25.24.357,EXNAT_4_TMS_Psychopy2024.2.5.psyexp,2024.2.5,2025-08-11 17h29.25.252105 +0200,
0,0,0,0,0,0,0,,,,,,,,,#88BA3F,517.5747191905975,False,space,correct rejection,None,1047.532320022583,text_30,87,3,2back_dual_main_click,2,beispielsweise,37,35,72,120,60,,,,,,,,,,,20,01,yes,no,no,2025-08-11_17h25.24.357,EXNAT_4_TMS_Psychopy2024.2.5.psyexp,2024.2.5,2025-08-11 17h29.25.252105 +0200,
0,0,0,0,0,0,0,,,,,,,,,#D292F3,518.6611623764038,True,space,miss,None,1049.0739345550537,text_30,88,3,2back_dual_main_click,2,für,37,35,72,120,60,,,,,,,,,,,20,01,yes,no,no,2025-08-11_17h25.24.357,EXNAT_4_TMS_Psychopy2024.2.5.psyexp,2024.2.5,2025-08-11 17h29.25.252105 +0200,
0,0,0,0,0,0,0,,,,,,,,,#2AB7EF,519.7518274784088,False,space,correct rejection,None,1542.5968170166016,text_30,89,3,2back_dual_main_click,2,den,37,35,72,120,60,,,,,,,,,,,20,01,yes,no,no,2025-08-11_17h25.24.357,EXNAT_4_TMS_Psychopy2024.2.5.psyexp,2024.2.5,2025-08-11 17h29.25.252105 +0200,
0,0,0,0,0,0,0,,,,,,,,,#D292F3,521.3348345756531,True,space,miss,None,791.5608882904053,text_30,90,3,2back_dual_main_click,2,ersten,37,36,73,120,60,521.3856844902039,,,,,,,,,,20,01,yes,no,no,2025-08-11_17h25.24.357,EXNAT_4_TMS_Psychopy2024.2.5.psyexp,2024.2.5,2025-08-11 17h29.25.252105 +0200,
0,0,0,0,0,0,0,,,,,,,,,#2AB7EF,522.1672291755676,True,l,hit,503.2777786254883,983.1159114837646,text_30,91,3,2back_dual_main_click,2,US-Raumflug,37,36,73,120,60,,,,,,,,,,,20,01,yes,no,no,2025-08-11_17h25.24.357,EXNAT_4_TMS_Psychopy2024.2.5.psyexp,2024.2.5,2025-08-11 17h29.25.252105 +0200,
0,0,0,0,0,0,0,,,,,,,,,#88BA3F,523.1916980743408,False,space,correct rejection,None,1062.7236366271973,text_30,92,3,2back_dual_main_click,2,von,37,36,73,120,60,,,,,,,,,,,20,01,yes,no,no,2025-08-11_17h25.24.357,EXNAT_4_TMS_Psychopy2024.2.5.psyexp,2024.2.5,2025-08-11 17h29.25.252105 +0200,
0,0,0,0,0,0,0,,,,,,,,,#88BA3F,524.2944009304047,False,space,correct rejection,None,856.0843467712402,text_30,93,3,2back_dual_main_click,2,Alan,37,36,73,120,60,,,,,,,,,,,20,01,yes,no,no,2025-08-11_17h25.24.357,EXNAT_4_TMS_Psychopy2024.2.5.psyexp,2024.2.5,2025-08-11 17h29.25.252105 +0200,
0,0,0,0,0,0,0,,,,,,,,,#F989A2,525.1935408115387,False,space,correct rejection,None,1156.6929817199707,text_30,94,3,2back_dual_main_click,2,Shepard.,37,36,73,120,60,,,,,,,,,,,20,01,yes,no,no,2025-08-11_17h25.24.357,EXNAT_4_TMS_Psychopy2024.2.5.psyexp,2024.2.5,2025-08-11 17h29.25.252105 +0200,
0,0,0,0,0,0,0,,,,,,,,,#F989A2,526.3904700279236,False,space,correct rejection,None,935.7244968414307,text_30,95,3,2back_dual_main_click,2,Auch,38,36,74,120,60,526.4441041946411,,,,,,,,,,20,01,yes,no,no,2025-08-11_17h25.24.357,EXNAT_4_TMS_Psychopy2024.2.5.psyexp,2024.2.5,2025-08-11 17h29.25.252105 +0200,
0,0,0,0,0,0,0,,,,,,,,,#F989A2,527.3658404350281,True,l,hit,632.5368881225586,1080.5268287658691,text_30,96,3,2back_dual_main_click,2,bei,38,36,74,120,60,,,,,,,,,,,20,01,yes,no,no,2025-08-11_17h25.24.357,EXNAT_4_TMS_Psychopy2024.2.5.psyexp,2024.2.5,2025-08-11 17h29.25.252105 +0200,
0,0,0,0,0,0,0,,,,,,,,,#2AB7EF,528.4861054420471,False,space,correct rejection,None,760.1974010467529,text_30,97,3,2back_dual_main_click,2,der,38,36,74,120,60,,,,,,,,,,,20,01,yes,no,no,2025-08-11_17h25.24.357,EXNAT_4_TMS_Psychopy2024.2.5.psyexp,2024.2.5,2025-08-11 17h29.25.252105 +0200,
0,0,0,0,0,0,0,,,,,,,,,#D292F3,529.2863159179688,False,space,correct rejection,None,1096.0559844970703,text_30,98,3,2back_dual_main_click,2,Mondlandung,38,36,74,120,60,,,,,,,,,,,20,01,yes,no,no,2025-08-11_17h25.24.357,EXNAT_4_TMS_Psychopy2024.2.5.psyexp,2024.2.5,2025-08-11 17h29.25.252105 +0200,
0,0,0,0,0,0,0,,,,,,,,,#2AB7EF,530.4235744476318,True,l,hit,534.8210334777832,886.7447376251221,text_30,99,3,2back_dual_main_click,2,von,38,36,74,120,60,,,,,,,,,,,20,01,yes,no,no,2025-08-11_17h25.24.357,EXNAT_4_TMS_Psychopy2024.2.5.psyexp,2024.2.5,2025-08-11 17h29.25.252105 +0200,
0,0,0,0,0,0,0,,,,,,,,,#2AB7EF,531.3508529663086,False,space,correct rejection,None,823.6033916473389,text_30,100,3,2back_dual_main_click,2,Apollo 11,38,36,74,120,60,,,,,,,,,,,20,01,yes,no,no,2025-08-11_17h25.24.357,EXNAT_4_TMS_Psychopy2024.2.5.psyexp,2024.2.5,2025-08-11 17h29.25.252105 +0200,
0,0,0,0,0,0,0,,,,,,,,,#88BA3F,532.2153022289276,False,space,correct rejection,None,1031.235694885254,text_30,101,3,2back_dual_main_click,2,1962,38,36,74,120,60,,,,,,,,,,,20,01,yes,no,no,2025-08-11_17h25.24.357,EXNAT_4_TMS_Psychopy2024.2.5.psyexp,2024.2.5,2025-08-11 17h29.25.252105 +0200,
0,0,0,0,0,0,0,,,,,,,,,#F989A2,533.2863368988037,False,space,correct rejection,None,1304.062843322754,text_30,102,3,2back_dual_main_click,2,verließ,38,36,74,120,60,,,,,,,,,,,20,01,yes,no,no,2025-08-11_17h25.24.357,EXNAT_4_TMS_Psychopy2024.2.5.psyexp,2024.2.5,2025-08-11 17h29.25.252105 +0200,
0,0,0,0,0,0,0,,,,,,,,,#88BA3F,534.6282124519348,True,space,miss,None,650.1662731170654,text_30,103,3,2back_dual_main_click,2,sich,38,37,75,120,60,534.6789977550507,,,,,,,,,,20,01,yes,no,no,2025-08-11_17h25.24.357,EXNAT_4_TMS_Psychopy2024.2.5.psyexp,2024.2.5,2025-08-11 17h29.25.252105 +0200,
0,0,0,0,0,0,0,,,,,,,,,#88BA3F,535.3195745944977,False,space,correct rejection,None,838.8874530792236,text_30,104,3,2back_dual_main_click,2,Astronaut,38,37,75,120,60,,,,,,,,,,,20,01,yes,no,no,2025-08-11_17h25.24.357,EXNAT_4_TMS_Psychopy2024.2.5.psyexp,2024.2.5,2025-08-11 17h29.25.252105 +0200,
0,0,0,0,0,0,0,,,,,,,,,#D292F3,536.1988060474396,False,space,correct rejection,None,775.5706310272217,text_30,105,3,2back_dual_main_click,2,John,38,37,75,120,60,,,,,,,,,,,20,01,yes,no,no,2025-08-11_17h25.24.357,EXNAT_4_TMS_Psychopy2024.2.5.psyexp,2024.2.5,2025-08-11 17h29.25.252105 +0200,
0,0,0,0,0,0,0,,,,,,,,,#D292F3,537.0134391784668,False,space,correct rejection,None,696.967601776123,text_30,106,3,2back_dual_main_click,2,Glenn,38,37,75,120,60,,,,,,,,,,,20,01,yes,no,no,2025-08-11_17h25.24.357,EXNAT_4_TMS_Psychopy2024.2.5.psyexp,2024.2.5,2025-08-11 17h29.25.252105 +0200,
0,0,0,0,0,0,0,,,,,,,,,#F989A2,537.7497704029083,False,space,correct rejection,None,968.644380569458,text_30,107,3,2back_dual_main_click,2,auf,38,37,75,120,60,,,,,,,,,,,20,01,yes,no,no,2025-08-11_17h25.24.357,EXNAT_4_TMS_Psychopy2024.2.5.psyexp,2024.2.5,2025-08-11 17h29.25.252105 +0200,
0,0,0,0,0,0,0,,,,,,,,,#F989A2,538.7579920291901,False,space,correct rejection,None,632.3826313018799,text_30,108,3,2back_dual_main_click,2,ihre,38,37,75,120,60,,,,,,,,,,,20,01,yes,no,no,2025-08-11_17h25.24.357,EXNAT_4_TMS_Psychopy2024.2.5.psyexp,2024.2.5,2025-08-11 17h29.25.252105 +0200,
0,0,0,0,0,0,0,,,,,,,,,#88BA3F,539.4322199821472,False,space,correct rejection,None,1142.240285873413,text_30,109,3,2back_dual_main_click,2,Überprüfung,39,37,76,120,60,539.6789321899414,,,,,,,,,,20,01,yes,no,no,2025-08-11_17h25.24.357,EXNAT_4_TMS_Psychopy2024.2.5.psyexp,2024.2.5,2025-08-11 17h29.25.252105 +0200,
0,0,0,0,0,0,0,,,,,,,,,#D292F3,540.6156961917877,False,space,correct rejection,None,694.6921348571777,text_30,110,3,2back_dual_main_click,2,der,39,37,76,120,60,,,,,,,,,,,20,01,yes,no,no,2025-08-11_17h25.24.357,EXNAT_4_TMS_Psychopy2024.2.5.psyexp,2024.2.5,2025-08-11 17h29.25.252105 +0200,
0,0,0,0,0,0,0,,,,,,,,,#F989A2,541.3510851860046,False,space,correct rejection,None,919.1398620605469,text_30,111,3,2back_dual_main_click,2,Computerberechnungen.,39,37,76,120,60,,,,,,,,,,,20,01,yes,no,no,2025-08-11_17h25.24.357,EXNAT_4_TMS_Psychopy2024.2.5.psyexp,2024.2.5,2025-08-11 17h29.25.252105 +0200,
0,0,0,0,0,0,0,,,,,,,,,#D292F3,542.3102042675018,True,space,miss,None,904.3154716491699,text_30,112,3,2back_dual_main_click,2,Johnson,39,37,76,120,60,,,,,,,,,,,20,01,yes,no,no,2025-08-11_17h25.24.357,EXNAT_4_TMS_Psychopy2024.2.5.psyexp,2024.2.5,2025-08-11 17h29.25.252105 +0200,
0,0,0,0,0,0,0,,,,,,,,,#88BA3F,543.2529733181,False,space,correct rejection,None,889.50514793396,text_30,113,3,2back_dual_main_click,2,arbeitete,39,37,76,120,60,,,,,,,,,,,20,01,yes,no,no,2025-08-11_17h25.24.357,EXNAT_4_TMS_Psychopy2024.2.5.psyexp,2024.2.5,2025-08-11 17h29.25.252105 +0200,
0,0,0,0,0,0,0,,,,,,,,,#D292F3,544.1812481880188,True,l,hit,553.2159805297852,1097.156047821045,text_30,114,3,2back_dual_main_click,2,bis,39,38,77,120,60,544.6789329051971,,,,,,,,,,20,01,yes,no,no,2025-08-11_17h25.24.357,EXNAT_4_TMS_Psychopy2024.2.5.psyexp,2024.2.5,2025-08-11 17h29.25.252105 +0200,
0,0,0,0,0,0,0,,,,,,,,,#88BA3F,545.3345534801483,True,l,hit,935.981035232544,1415.8666133880615,text_30,115,3,2back_dual_main_click,2,1986,39,38,77,120,60,,,,,,,,,,,20,01,yes,no,no,2025-08-11_17h25.24.357,EXNAT_4_TMS_Psychopy2024.2.5.psyexp,2024.2.5,2025-08-11 17h29.25.252105 +0200,
0,0,0,0,0,0,0,,,,,,,,,#F989A2,546.8050346374512,False,space,correct rejection,None,1177.4098873138428,text_30,116,3,2back_dual_main_click,2,bei,39,38,77,120,60,,,,,,,,,,,20,01,yes,no,no,2025-08-11_17h25.24.357,EXNAT_4_TMS_Psychopy2024.2.5.psyexp,2024.2.5,2025-08-11 17h29.25.252105 +0200,
0,0,0,0,0,0,0,,,,,,,,,#2AB7EF,548.038293838501,False,space,correct rejection,None,808.121919631958,text_30,117,3,2back_dual_main_click,2,der,39,38,77,120,60,,,,,,,,,,,20,01,yes,no,no,2025-08-11_17h25.24.357,EXNAT_4_TMS_Psychopy2024.2.5.psyexp,2024.2.5,2025-08-11 17h29.25.252105 +0200,
0,0,0,0,0,0,0,,,,,,,,,#2AB7EF,548.8871624469757,False,space,correct rejection,None,727.2937297821045,text_30,118,3,2back_dual_main_click,2,NASA,39,38,77,120,60,,,,,,,,,,,20,01,yes,no,no,2025-08-11_17h25.24.357,EXNAT_4_TMS_Psychopy2024.2.5.psyexp,2024.2.5,2025-08-11 17h29.25.252105 +0200,
0,0,0,0,0,0,0,,,,,,,,,#F989A2,549.6539604663849,False,space,correct rejection,None,696.4404582977295,text_30,119,3,2back_dual_main_click,2,und,40,38,78,120,60,549.712902545929,,,,,,,,,,20,01,yes,no,no,2025-08-11_17h25.24.357,EXNAT_4_TMS_Psychopy2024.2.5.psyexp,2024.2.5,2025-08-11 17h29.25.252105 +0200,
0,0,0,0,0,0,0,,,,,,,,,#2AB7EF,550.3912646770477,True,l,hit,1399.1382122039795,1815.4244422912598,text_30,120,3,2back_dual_main_click,2,wurde,40,38,78,120,60,,,,,,,,,,,20,01,yes,no,no,2025-08-11_17h25.24.357,EXNAT_4_TMS_Psychopy2024.2.5.psyexp,2024.2.5,2025-08-11 17h29.25.252105 +0200,
0,0,0,0,0,0,0,,,,,,,,,#88BA3F,552.2657933235168,False,space,correct rejection,None,1028.625249862671,text_30,121,3,2back_dual_main_click,2,2015,40,38,78,120,60,,,,,,,,,,,20,01,yes,no,no,2025-08-11_17h25.24.357,EXNAT_4_TMS_Psychopy2024.2.5.psyexp,2024.2.5,2025-08-11 17h29.25.252105 +0200,
0,0,0,0,0,0,0,,,,,,,,,#D292F3,553.3455438613892,False,space,correct rejection,None,956.7463397979736,text_30,122,3,2back_dual_main_click,2,mit,40,38,78,120,60,,,,,,,,,,,20,01,yes,no,no,2025-08-11_17h25.24.357,EXNAT_4_TMS_Psychopy2024.2.5.psyexp,2024.2.5,2025-08-11 17h29.25.252105 +0200,
0,0,0,0,0,0,0,,,,,,,,,#F989A2,554.3540217876434,False,l,false alarm,716.4275646209717,1148.3774185180664,text_30,123,3,2back_dual_main_click,2,der,40,38,78,120,60,,,,,,,,,,,20,01,yes,no,no,2025-08-11_17h25.24.357,EXNAT_4_TMS_Psychopy2024.2.5.psyexp,2024.2.5,2025-08-11 17h29.25.252105 +0200,
0,0,0,0,0,0,0,,,,,,,,,#F989A2,555.5561203956604,False,space,correct rejection,None,794.2771911621094,text_30,124,3,2back_dual_main_click,2,Presidential,40,38,78,120,60,,,,,,,,,,,20,01,yes,no,no,2025-08-11_17h25.24.357,EXNAT_4_TMS_Psychopy2024.2.5.psyexp,2024.2.5,2025-08-11 17h29.25.252105 +0200,
0,0,0,0,0,0,0,,,,,,,,,#2AB7EF,556.4035151004791,False,space,correct rejection,None,682.964563369751,text_30,125,3,2back_dual_main_click,2,Medal,40,38,78,120,60,,,,,,,,,,,20,01,yes,no,no,2025-08-11_17h25.24.357,EXNAT_4_TMS_Psychopy2024.2.5.psyexp,2024.2.5,2025-08-11 17h29.25.252105 +0200,
0,0,0,0,0,0,0,,,,,,,,,#2AB7EF,557.141844034195,False,space,correct rejection,None,696.5572834014893,text_30,126,3,2back_dual_main_click,2,of,40,38,78,120,60,,,,,,,,,,,20,01,yes,no,no,2025-08-11_17h25.24.357,EXNAT_4_TMS_Psychopy2024.2.5.psyexp,2024.2.5,2025-08-11 17h29.25.252105 +0200,
0,0,0,0,0,0,0,,,,,,,,,#88BA3F,557.8929648399353,False,space,correct rejection,None,729.2912006378174,text_30,127,3,2back_dual_main_click,2,Freedom,40,38,78,120,60,,,,,,,,,,,20,01,yes,no,no,2025-08-11_17h25.24.357,EXNAT_4_TMS_Psychopy2024.2.5.psyexp,2024.2.5,2025-08-11 17h29.25.252105 +0200,
0,0,0,0,0,0,0,,,,,,,,,#D292F3,558.6771266460419,False,space,correct rejection,None,969.3148136138916,text_30,128,3,2back_dual_main_click,2,geehrt.,40,38,78,120,60,,,,,,,,,,,20,01,yes,no,no,2025-08-11_17h25.24.357,EXNAT_4_TMS_Psychopy2024.2.5.psyexp,2024.2.5,2025-08-11 17h29.25.252105 +0200,
0,0,0,0,0,0,0,,,,,,,,,#D292F3,559.7013165950775,False,space,correct rejection,None,969.0992832183838,text_30,129,3,2back_dual_main_click,2,Ihr,40,38,78,120,60,,,,,,,,,,,20,01,yes,no,no,2025-08-11_17h25.24.357,EXNAT_4_TMS_Psychopy2024.2.5.psyexp,2024.2.5,2025-08-11 17h29.25.252105 +0200,
0,0,0,0,0,0,0,,,,,,,,,#F989A2,560.7254779338837,False,space,correct rejection,None,968.9581394195557,text_30,130,3,2back_dual_main_click,2,Leben,40,38,78,120,60,,,,,,,,,,,20,01,yes,no,no,2025-08-11_17h25.24.357,EXNAT_4_TMS_Psychopy2024.2.5.psyexp,2024.2.5,2025-08-11 17h29.25.252105 +0200,
0,0,0,0,0,0,0,,,,,,,,,#88BA3F,561.7478575706482,False,space,correct rejection,None,1546.5552806854248,text_30,131,3,2back_dual_main_click,2,wurde,40,38,78,120,60,,,,,,,,,,,20,01,yes,no,no,2025-08-11_17h25.24.357,EXNAT_4_TMS_Psychopy2024.2.5.psyexp,2024.2.5,2025-08-11 17h29.25.252105 +0200,
0,0,0,0,0,0,0,,,,,,,,,#2AB7EF,563.3481686115265,False,space,correct rejection,None,874.3705749511719,text_30,132,3,2back_dual_main_click,2,durch,40,38,78,120,60,,,,,,,,,,,20,01,yes,no,no,2025-08-11_17h25.24.357,EXNAT_4_TMS_Psychopy2024.2.5.psyexp,2024.2.5,2025-08-11 17h29.25.252105 +0200,
0,0,0,0,0,0,0,,,,,,,,,#88BA3F,564.2611594200134,True,l,hit,489.27783966064453,953.2015323638916,text_30,133,3,2back_dual_main_click,2,das,40,39,79,120,60,564.3143558502197,,,,,,,,,,20,01,yes,no,no,2025-08-11_17h25.24.357,EXNAT_4_TMS_Psychopy2024.2.5.psyexp,2024.2.5,2025-08-11 17h29.25.252105 +0200,
0,0,0,0,0,0,0,,,,,,,,,#F989A2,565.2518997192383,False,space,correct rejection,None,778.5251140594482,text_30,134,3,2back_dual_main_click,2,Buch,40,39,79,120,60,,,,,,,,,,,20,01,yes,no,no,2025-08-11_17h25.24.357,EXNAT_4_TMS_Psychopy2024.2.5.psyexp,2024.2.5,2025-08-11 17h29.25.252105 +0200,
0,0,0,0,0,0,0,,,,,,,,,#F989A2,566.0713205337524,False,space,correct rejection,None,823.153018951416,text_30,135,3,2back_dual_main_click,2,und,40,39,79,120,60,,,,,,,,,,,20,01,yes,no,no,2025-08-11_17h25.24.357,EXNAT_4_TMS_Psychopy2024.2.5.psyexp,2024.2.5,2025-08-11 17h29.25.252105 +0200,
0,0,0,0,0,0,0,,,,,,,,,#F989A2,566.9338731765747,True,space,miss,None,488.5847568511963,text_30,136,3,2back_dual_main_click,2,den,40,39,79,120,60,,,,,,,,,,,20,01,yes,no,no,2025-08-11_17h25.24.357,EXNAT_4_TMS_Psychopy2024.2.5.psyexp,2024.2.5,2025-08-11 17h29.25.252105 +0200,
0,0,0,0,0,0,0,,,,,,,,,#2AB7EF,567.4603443145752,False,space,correct rejection,None,1002.1359920501709,text_30,137,3,2back_dual_main_click,2,Film,40,39,79,120,60,,,,,,,,,,,20,01,yes,no,no,2025-08-11_17h25.24.357,EXNAT_4_TMS_Psychopy2024.2.5.psyexp,2024.2.5,2025-08-11 17h29.25.252105 +0200,
0,0,0,0,0,0,0,,,,,,,,,#2AB7EF,568.5062046051025,False,space,correct rejection,None,772.0568180084229,text_30,138,3,2back_dual_main_click,2,""Hidden,40,39,79,120,60,,,,,,,,,,,20,01,yes,no,no,2025-08-11_17h25.24.357,EXNAT_4_TMS_Psychopy2024.2.5.psyexp,2024.2.5,2025-08-11 17h29.25.252105 +0200,
0,0,0,0,0,0,0,,,,,,,,,#88BA3F,569.3177118301392,False,space,correct rejection,None,984.5798015594482,text_30,139,3,2back_dual_main_click,2,Figures"",41,39,80,120,60,569.3812835216522,,,,,,,,,,20,01,yes,no,no,2025-08-11_17h25.24.357,EXNAT_4_TMS_Psychopy2024.2.5.psyexp,2024.2.5,2025-08-11 17h29.25.252105 +0200,
0,0,0,0,0,0,0,,,,,,,,,#2AB7EF,570.3409430980682,True,l,hit,553.4646511077881,921.381950378418,text_30,140,3,2back_dual_main_click,2,gewürdigt,41,39,80,120,60,,,,,,,,,,,20,01,yes,no,no,2025-08-11_17h25.24.357,EXNAT_4_TMS_Psychopy2024.2.5.psyexp,2024.2.5,2025-08-11 17h29.25.252105 +0200,
0,0,0,0,0,0,0,,,,,,,,,#D292F3,571.3034992218018,False,space,correct rejection,None,806.9510459899902,text_30,141,3,2back_dual_main_click,2,und,41,39,80,120,60,,,,,,,,,,,20,01,yes,no,no,2025-08-11_17h25.24.357,EXNAT_4_TMS_Psychopy2024.2.5.psyexp,2024.2.5,2025-08-11 17h29.25.252105 +0200,
0,0,0,0,0,0,0,,,,,,,,,#88BA3F,572.1495594978333,False,space,correct rejection,None,776.7059803009033,text_30,142,3,2back_dual_main_click,2,sie,41,39,80,120,60,,,,,,,,,,,20,01,yes,no,no,2025-08-11_17h25.24.357,EXNAT_4_TMS_Psychopy2024.2.5.psyexp,2024.2.5,2025-08-11 17h29.25.252105 +0200,
0,0,0,0,0,0,0,,,,,,,,,#D292F3,572.9662508964539,True,space,miss,None,984.3096733093262,text_30,143,3,2back_dual_main_click,2,starb,41,39,80,120,60,,,,,,,,,,,20,01,yes,no,no,2025-08-11_17h25.24.357,EXNAT_4_TMS_Psychopy2024.2.5.psyexp,2024.2.5,2025-08-11 17h29.25.252105 +0200,
0,0,0,0,0,0,0,,,,,,,,,#D292F3,573.9917502403259,False,space,correct rejection,None,854.7964096069336,text_30,144,3,2back_dual_main_click,2,2020,41,39,80,120,60,,,,,,,,,,,20,01,yes,no,no,2025-08-11_17h25.24.357,EXNAT_4_TMS_Psychopy2024.2.5.psyexp,2024.2.5,2025-08-11 17h29.25.252105 +0200,
0,0,0,0,0,0,0,,,,,,,,,#88BA3F,574.8872292041779,False,space,correct rejection,None,647.254228591919,text_30,145,3,2back_dual_main_click,2,im,41,39,80,120,60,,,,,,,,,,,20,01,yes,no,no,2025-08-11_17h25.24.357,EXNAT_4_TMS_Psychopy2024.2.5.psyexp,2024.2.5,2025-08-11 17h29.25.252105 +0200,
0,0,0,0,0,0,0,,,,,,,,,#2AB7EF,575.574672460556,False,space,correct rejection,None,839.8182392120361,text_30,146,3,2back_dual_main_click,2,Alter,41,39,80,120,60,,,,,,,,,,,20,01,yes,no,no,2025-08-11_17h25.24.357,EXNAT_4_TMS_Psychopy2024.2.5.psyexp,2024.2.5,2025-08-11 17h29.25.252105 +0200,
0,0,0,0,0,0,0,,,,,,,,,#F989A2,576.453498840332,False,space,correct rejection,None,745.011568069458,text_30,147,3,2back_dual_main_click,2,von,41,39,80,120,60,,,,,,,,,,,20,01,yes,no,no,2025-08-11_17h25.24.357,EXNAT_4_TMS_Psychopy2024.2.5.psyexp,2024.2.5,2025-08-11 17h29.25.252105 +0200,
0,0,0,0,0,0,0,,,,,,,,,#2AB7EF,577.237863779068,True,l,hit,456.64119720458984,1096.5497493743896,text_30,148,3,2back_dual_main_click,2,101,41,40,81,120,60,577.2944145202637,,,,,,,,,,20,01,yes,no,no,2025-08-11_17h25.24.357,EXNAT_4_TMS_Psychopy2024.2.5.psyexp,2024.2.5,2025-08-11 17h29.25.252105 +0200,
0,0,0,0,0,0,0,,,,,,,,,#D292F3,578.3885893821716,False,space,correct rejection,None,1065.964698791504,text_30,149,3,2back_dual_main_click,2,Jahren.,41,40,81,120,60,,,,,,,,,,,20,01,yes,no,no,2025-08-11_17h25.24.357,EXNAT_4_TMS_Psychopy2024.2.5.psyexp,2024.2.5,2025-08-11 17h29.25.252105 +0200,
0,0,0,0,0,0,0,,,,,,,,,,579.5078737735748,,1,,,,text_30,,3,2back_dual_main_click,,,,,,,,,Q1,a,False,,,,,,,20,01,yes,no,no,2025-08-11_17h25.24.357,EXNAT_4_TMS_Psychopy2024.2.5.psyexp,2024.2.5,2025-08-11 17h29.25.252105 +0200,
0,0,0,0,0,0,0,,,,,,,,,,584.9932477474213,,2,,,,text_30,,3,2back_dual_main_click,,,,,,,,,Q2,b,True,,,,,,,20,01,yes,no,no,2025-08-11_17h25.24.357,EXNAT_4_TMS_Psychopy2024.2.5.psyexp,2024.2.5,2025-08-11 17h29.25.252105 +0200,
0,0,0,0,0,0,0,,,,,,,,,,590.6441426277161,,1,,,,text_30,,3,2back_dual_main_click,,,,,,,,,Q3,a,True,,,,,,,20,01,yes,no,no,2025-08-11_17h25.24.357,EXNAT_4_TMS_Psychopy2024.2.5.psyexp,2024.2.5,2025-08-11 17h29.25.252105 +0200,
0,0,0,0,0,0,0,,,,,,,,,#F989A2,603.4976165294647,False,space,correct rejection,None,948.9145278930664,text_27,1,4,2back_dual_main_click,2,Ingo,42,40,82,120,60,603.5532290935516,,,,,,,,,,20,01,yes,no,no,2025-08-11_17h25.24.357,EXNAT_4_TMS_Psychopy2024.2.5.psyexp,2024.2.5,2025-08-11 17h29.25.252105 +0200,
0,0,0,0,0,0,0,,,,,,,,,#88BA3F,604.4865181446075,False,space,correct rejection,None,631.9706439971924,text_27,2,4,2back_dual_main_click,2,"Metzmacher,",42,40,82,120,60,,,,,,,,,,,20,01,yes,no,no,2025-08-11_17h25.24.357,EXNAT_4_TMS_Psychopy2024.2.5.psyexp,2024.2.5,2025-08-11 17h29.25.252105 +0200,
0,0,0,0,0,0,0,,,,,,,,,#88BA3F,605.1548578739166,False,space,correct rejection,None,827.6534080505371,text_27,3,4,2back_dual_main_click,2,der,42,40,82,120,60,,,,,,,,,,,20,01,yes,no,no,2025-08-11_17h25.24.357,EXNAT_4_TMS_Psychopy2024.2.5.psyexp,2024.2.5,2025-08-11 17h29.25.252105 +0200,
0,0,0,0,0,0,0,,,,,,,,,#D292F3,606.0227296352386,False,space,correct rejection,None,1639.7440433502197,text_27,4,4,2back_dual_main_click,2,Noch-Chefdirigent,42,40,82,120,60,,,,,,,,,,,20,01,yes,no,no,2025-08-11_17h25.24.357,EXNAT_4_TMS_Psychopy2024.2.5.psyexp,2024.2.5,2025-08-11 17h29.25.252105 +0200,
0,0,0,0,0,0,0,,,,,,,,,#2AB7EF,607.703920841217,False,space,correct rejection,None,854.5122146606445,text_27,5,4,2back_dual_main_click,2,des,42,40,82,120,60,,,,,,,,,,,20,01,yes,no,no,2025-08-11_17h25.24.357,EXNAT_4_TMS_Psychopy2024.2.5.psyexp,2024.2.5,2025-08-11 17h29.25.252105 +0200,
0,0,0,0,0,0,0,,,,,,,,,#F989A2,608.6009118556976,False,space,correct rejection,None,1557.5315952301025,text_27,6,4,2back_dual_main_click,2,Philharmonischen,42,40,82,120,60,,,,,,,,,,,20,01,yes,no,no,2025-08-11_17h25.24.357,EXNAT_4_TMS_Psychopy2024.2.5.psyexp,2024.2.5,2025-08-11 17h29.25.252105 +0200,
0,0,0,0,0,0,0,,,,,,,,,#2AB7EF,610.2129747867584,True,space,miss,None,873.4683990478516,text_27,7,4,2back_dual_main_click,2,Staatsorchesters,42,41,83,120,60,610.264396905899,,,,,,,,,,20,01,yes,no,no,2025-08-11_17h25.24.357,EXNAT_4_TMS_Psychopy2024.2.5.psyexp,2024.2.5,2025-08-11 17h29.25.252105 +0200,
0,0,0,0,0,0,0,,,,,,,,,#F989A2,611.1438534259796,True,l,hit,614.5751476287842,1078.4947872161865,text_27,8,4,2back_dual_main_click,2,"Hamburg,",42,41,83,120,60,,,,,,,,,,,20,01,yes,no,no,2025-08-11_17h25.24.357,EXNAT_4_TMS_Psychopy2024.2.5.psyexp,2024.2.5,2025-08-11 17h29.25.252105 +0200,
0,0,0,0,0,0,0,,,,,,,,,#D292F3,612.2778632640839,False,space,correct rejection,None,824.5811462402344,text_27,9,4,2back_dual_main_click,2,liebt,42,41,83,120,60,,,,,,,,,,,20,01,yes,no,no,2025-08-11_17h25.24.357,EXNAT_4_TMS_Psychopy2024.2.5.psyexp,2024.2.5,2025-08-11 17h29.25.252105 +0200,
0,0,0,0,0,0,0,,,,,,,,,#2AB7EF,613.1576573848724,False,space,correct rejection,None,952.8903961181641,text_27,10,4,2back_dual_main_click,2,die,42,41,83,120,60,,,,,,,,,,,20,01,yes,no,no,2025-08-11_17h25.24.357,EXNAT_4_TMS_Psychopy2024.2.5.psyexp,2024.2.5,2025-08-11 17h29.25.252105 +0200,
0,0,0,0,0,0,0,,,,,,,,,#88BA3F,614.1663372516632,False,space,correct rejection,None,1704.1747570037842,text_27,11,4,2back_dual_main_click,2,Musik,43,41,84,120,60,615.2643609046936,,,,,,,,,,20,01,yes,no,no,2025-08-11_17h25.24.357,EXNAT_4_TMS_Psychopy2024.2.5.psyexp,2024.2.5,2025-08-11 17h29.25.252105 +0200,
0,0,0,0,0,0,0,,,,,,,,,#D292F3,615.9255704879761,False,space,correct rejection,None,1688.8794898986816,text_27,12,4,2back_dual_main_click,2,des,43,41,84,120,60,,,,,,,,,,,20,01,yes,no,no,2025-08-11_17h25.24.357,EXNAT_4_TMS_Psychopy2024.2.5.psyexp,2024.2.5,2025-08-11 17h29.25.252105 +0200,
0,0,0,0,0,0,0,,,,,,,,,#F989A2,617.6687035560608,False,space,correct rejection,None,729.7837734222412,text_27,13,4,2back_dual_main_click,2,20.,43,41,84,120,60,,,,,,,,,,,20,01,yes,no,no,2025-08-11_17h25.24.357,EXNAT_4_TMS_Psychopy2024.2.5.psyexp,2024.2.5,2025-08-11 17h29.25.252105 +0200,
0,0,0,0,0,0,0,,,,,,,,,#2AB7EF,618.4546480178833,False,space,correct rejection,None,823.6725330352783,text_27,14,4,2back_dual_main_click,2,Jahrhunderts,43,41,84,120,60,,,,,,,,,,,20,01,yes,no,no,2025-08-11_17h25.24.357,EXNAT_4_TMS_Psychopy2024.2.5.psyexp,2024.2.5,2025-08-11 17h29.25.252105 +0200,
0,0,0,0,0,0,0,,,,,,,,,#88BA3F,619.3312392234802,False,space,correct rejection,None,1099.2565155029297,text_27,15,4,2back_dual_main_click,2,und,43,41,84,120,60,,,,,,,,,,,20,01,yes,no,no,2025-08-11_17h25.24.357,EXNAT_4_TMS_Psychopy2024.2.5.psyexp,2024.2.5,2025-08-11 17h29.25.252105 +0200,
0,0,0,0,0,0,0,,,,,,,,,#88BA3F,620.47212266922,False,space,correct rejection,None,806.4160346984863,text_27,16,4,2back_dual_main_click,2,spricht,43,41,84,120,60,,,,,,,,,,,20,01,yes,no,no,2025-08-11_17h25.24.357,EXNAT_4_TMS_Psychopy2024.2.5.psyexp,2024.2.5,2025-08-11 17h29.25.252105 +0200,
0,0,0,0,0,0,0,,,,,,,,,#88BA3F,621.3190894126892,True,l,hit,663.2261276245117,1255.190372467041,text_27,17,4,2back_dual_main_click,2,auch,43,42,85,120,60,621.383740901947,,,,,,,,,,20,01,yes,no,no,2025-08-11_17h25.24.357,EXNAT_4_TMS_Psychopy2024.2.5.psyexp,2024.2.5,2025-08-11 17h29.25.252105 +0200,
0,0,0,0,0,0,0,,,,,,,,,#2AB7EF,622.6133751869202,False,space,correct rejection,None,889.1191482543945,text_27,18,4,2back_dual_main_click,2,genauso,43,42,85,120,60,,,,,,,,,,,20,01,yes,no,no,2025-08-11_17h25.24.357,EXNAT_4_TMS_Psychopy2024.2.5.psyexp,2024.2.5,2025-08-11 17h29.25.252105 +0200,
0,0,0,0,0,0,0,,,,,,,,,#2AB7EF,623.5402426719666,False,space,correct rejection,None,698.183536529541,text_27,19,4,2back_dual_main_click,2,gerne,43,42,85,120,60,,,,,,,,,,,20,01,yes,no,no,2025-08-11_17h25.24.357,EXNAT_4_TMS_Psychopy2024.2.5.psyexp,2024.2.5,2025-08-11 17h29.25.252105 +0200,
0,0,0,0,0,0,0,,,,,,,,,#D292F3,624.2785985469818,False,space,correct rejection,None,1159.9416732788086,text_27,20,4,2back_dual_main_click,2,darüber.,43,42,85,120,60,,,,,,,,,,,20,01,yes,no,no,2025-08-11_17h25.24.357,EXNAT_4_TMS_Psychopy2024.2.5.psyexp,2024.2.5,2025-08-11 17h29.25.252105 +0200,
0,0,0,0,0,0,0,,,,,,,,,#F989A2,625.4773099422455,False,space,correct rejection,None,2137.223482131958,text_27,21,4,2back_dual_main_click,2,Vor,44,42,86,120,60,626.3837325572968,,,,,,,,,,20,01,yes,no,no,2025-08-11_17h25.24.357,EXNAT_4_TMS_Psychopy2024.2.5.psyexp,2024.2.5,2025-08-11 17h29.25.252105 +0200,
0,0,0,0,0,0,0,,,,,,,,,#D292F3,627.6701798439026,True,space,miss,None,1784.3992710113525,text_27,22,4,2back_dual_main_click,2,jedem,44,42,86,120,60,,,,,,,,,,,20,01,yes,no,no,2025-08-11_17h25.24.357,EXNAT_4_TMS_Psychopy2024.2.5.psyexp,2024.2.5,2025-08-11 17h29.25.252105 +0200,
0,0,0,0,0,0,0,,,,,,,,,#D292F3,629.5110521316528,False,space,correct rejection,None,855.4573059082031,text_27,23,4,2back_dual_main_click,2,Konzert,44,42,86,120,60,,,,,,,,,,,20,01,yes,no,no,2025-08-11_17h25.24.357,EXNAT_4_TMS_Psychopy2024.2.5.psyexp,2024.2.5,2025-08-11 17h29.25.252105 +0200,
0,0,0,0,0,0,0,,,,,,,,,#F989A2,630.4073481559753,False,space,correct rejection,None,855.1414012908936,text_27,24,4,2back_dual_main_click,2,hält,44,42,86,120,60,,,,,,,,,,,20,01,yes,no,no,2025-08-11_17h25.24.357,EXNAT_4_TMS_Psychopy2024.2.5.psyexp,2024.2.5,2025-08-11 17h29.25.252105 +0200,
0,0,0,0,0,0,0,,,,,,,,,#D292F3,631.3021626472473,True,space,miss,None,760.3328227996826,text_27,25,4,2back_dual_main_click,2,er,44,43,87,120,60,631.3837826251984,,,,,,,,,,20,01,yes,no,no,2025-08-11_17h25.24.357,EXNAT_4_TMS_Psychopy2024.2.5.psyexp,2024.2.5,2025-08-11 17h29.25.252105 +0200,
0,0,0,0,0,0,0,,,,,,,,,#F989A2,632.1023569107056,True,l,hit,536.1297130584717,1016.1094665527344,text_27,26,4,2back_dual_main_click,2,eine,44,43,87,120,60,,,,,,,,,,,20,01,yes,no,no,2025-08-11_17h25.24.357,EXNAT_4_TMS_Psychopy2024.2.5.psyexp,2024.2.5,2025-08-11 17h29.25.252105 +0200,
0,0,0,0,0,0,0,,,,,,,,,#F989A2,633.1592969894409,False,space,correct rejection,None,743.2129383087158,text_27,27,4,2back_dual_main_click,2,Einführung,44,43,87,120,60,,,,,,,,,,,20,01,yes,no,no,2025-08-11_17h25.24.357,EXNAT_4_TMS_Psychopy2024.2.5.psyexp,2024.2.5,2025-08-11 17h29.25.252105 +0200,
0,0,0,0,0,0,0,,,,,,,,,#88BA3F,633.943080663681,False,space,correct rejection,None,903.540849685669,text_27,28,4,2back_dual_main_click,2,und,44,43,87,120,60,,,,,,,,,,,20,01,yes,no,no,2025-08-11_17h25.24.357,EXNAT_4_TMS_Psychopy2024.2.5.psyexp,2024.2.5,2025-08-11 17h29.25.252105 +0200,
0,0,0,0,0,0,0,,,,,,,,,#88BA3F,634.885942697525,False,space,correct rejection,None,696.5663433074951,text_27,29,4,2back_dual_main_click,2,das,44,43,87,120,60,,,,,,,,,,,20,01,yes,no,no,2025-08-11_17h25.24.357,EXNAT_4_TMS_Psychopy2024.2.5.psyexp,2024.2.5,2025-08-11 17h29.25.252105 +0200,
0,0,0,0,0,0,0,,,,,,,,,#2AB7EF,635.6218595504761,False,space,correct rejection,None,632.6467990875244,text_27,30,4,2back_dual_main_click,2,an,44,43,87,120,60,,,,,,,,,,,20,01,yes,no,no,2025-08-11_17h25.24.357,EXNAT_4_TMS_Psychopy2024.2.5.psyexp,2024.2.5,2025-08-11 17h29.25.252105 +0200,
0,0,0,0,0,0,0,,,,,,,,,#F989A2,636.2947845458984,False,space,correct rejection,None,615.7321929931641,text_27,31,4,2back_dual_main_click,2,Silvester,45,43,88,120,60,636.3837997913361,,,,,,,,,,20,01,yes,no,no,2025-08-11_17h25.24.357,EXNAT_4_TMS_Psychopy2024.2.5.psyexp,2024.2.5,2025-08-11 17h29.25.252105 +0200,
0,0,0,0,0,0,0,,,,,,,,,#2AB7EF,636.9487943649292,True,l,hit,457.72838592529297,937.6626014709473,text_27,32,4,2back_dual_main_click,2,sogar,45,43,88,120,60,,,,,,,,,,,20,01,yes,no,no,2025-08-11_17h25.24.357,EXNAT_4_TMS_Psychopy2024.2.5.psyexp,2024.2.5,2025-08-11 17h29.25.252105 +0200,
0,0,0,0,0,0,0,,,,,,,,,#2AB7EF,637.9266595840454,False,space,correct rejection,None,791.7554378509521,text_27,33,4,2back_dual_main_click,2,von,45,43,88,120,60,,,,,,,,,,,20,01,yes,no,no,2025-08-11_17h25.24.357,EXNAT_4_TMS_Psychopy2024.2.5.psyexp,2024.2.5,2025-08-11 17h29.25.252105 +0200,
0,0,0,0,0,0,0,,,,,,,,,#D292F3,638.7568416595459,False,space,correct rejection,None,1049.5092868804932,text_27,34,4,2back_dual_main_click,2,seiner,45,43,88,120,60,,,,,,,,,,,20,01,yes,no,no,2025-08-11_17h25.24.357,EXNAT_4_TMS_Psychopy2024.2.5.psyexp,2024.2.5,2025-08-11 17h29.25.252105 +0200,
0,0,0,0,0,0,0,,,,,,,,,#88BA3F,639.8465435504913,False,space,correct rejection,None,807.9071044921875,text_27,35,4,2back_dual_main_click,2,ureigenen,45,43,88,120,60,,,,,,,,,,,20,01,yes,no,no,2025-08-11_17h25.24.357,EXNAT_4_TMS_Psychopy2024.2.5.psyexp,2024.2.5,2025-08-11 17h29.25.252105 +0200,
0,0,0,0,0,0,0,,,,,,,,,#D292F3,640.694055557251,True,space,miss,None,1032.4406623840332,text_27,36,4,2back_dual_main_click,2,""Kanzel"",45,44,89,120,60,641.3838069438934,,,,,,,,,,20,01,yes,no,no,2025-08-11_17h25.24.357,EXNAT_4_TMS_Psychopy2024.2.5.psyexp,2024.2.5,2025-08-11 17h29.25.252105 +0200,
0,0,0,0,0,0,0,,,,,,,,,#2AB7EF,641.7677714824677,False,space,correct rejection,None,854.6380996704102,text_27,37,4,2back_dual_main_click,2,aus.,45,44,89,120,60,,,,,,,,,,,20,01,yes,no,no,2025-08-11_17h25.24.357,EXNAT_4_TMS_Psychopy2024.2.5.psyexp,2024.2.5,2025-08-11 17h29.25.252105 +0200,
0,0,0,0,0,0,0,,,,,,,,,#F989A2,642.6612305641174,False,space,correct rejection,None,601.2511253356934,text_27,38,4,2back_dual_main_click,2,Seine,45,44,89,120,60,,,,,,,,,,,20,01,yes,no,no,2025-08-11_17h25.24.357,EXNAT_4_TMS_Psychopy2024.2.5.psyexp,2024.2.5,2025-08-11 17h29.25.252105 +0200,
0,0,0,0,0,0,0,,,,,,,,,#F989A2,643.3030850887299,False,space,correct rejection,None,599.4312763214111,text_27,39,4,2back_dual_main_click,2,Konzerte,45,44,89,120,60,,,,,,,,,,,20,01,yes,no,no,2025-08-11_17h25.24.357,EXNAT_4_TMS_Psychopy2024.2.5.psyexp,2024.2.5,2025-08-11 17h29.25.252105 +0200,
0,0,0,0,0,0,0,,,,,,,,,#2AB7EF,643.9395847320557,False,space,correct rejection,None,698.8687515258789,text_27,40,4,2back_dual_main_click,2,sind,45,44,89,120,60,,,,,,,,,,,20,01,yes,no,no,2025-08-11_17h25.24.357,EXNAT_4_TMS_Psychopy2024.2.5.psyexp,2024.2.5,2025-08-11 17h29.25.252105 +0200,
0,0,0,0,0,0,0,,,,,,,,,#F989A2,644.6787576675415,True,l,hit,663.7299060821533,1015.6769752502441,text_27,41,4,2back_dual_main_click,2,längst,45,44,89,120,60,,,,,,,,,,,20,01,yes,no,no,2025-08-11_17h25.24.357,EXNAT_4_TMS_Psychopy2024.2.5.psyexp,2024.2.5,2025-08-11 17h29.25.252105 +0200,
0,0,0,0,0,0,0,,,,,,,,,#88BA3F,645.7362108230591,False,space,correct rejection,None,1142.2858238220215,text_27,42,4,2back_dual_main_click,2,Kult.,46,44,90,120,60,646.3838202953339,,,,,,,,,,20,01,yes,no,no,2025-08-11_17h25.24.357,EXNAT_4_TMS_Psychopy2024.2.5.psyexp,2024.2.5,2025-08-11 17h29.25.252105 +0200,
0,0,0,0,0,0,0,,,,,,,,,#88BA3F,646.9198927879333,False,space,correct rejection,None,1094.6402549743652,text_27,43,4,2back_dual_main_click,2,Das,46,44,90,120,60,,,,,,,,,,,20,01,yes,no,no,2025-08-11_17h25.24.357,EXNAT_4_TMS_Psychopy2024.2.5.psyexp,2024.2.5,2025-08-11 17h29.25.252105 +0200,
0,0,0,0,0,0,0,,,,,,,,,#2AB7EF,648.0546586513519,False,space,correct rejection,None,1975.9316444396973,text_27,44,4,2back_dual_main_click,2,Programm,46,44,90,120,60,,,,,,,,,,,20,01,yes,no,no,2025-08-11_17h25.24.357,EXNAT_4_TMS_Psychopy2024.2.5.psyexp,2024.2.5,2025-08-11 17h29.25.252105 +0200,
0,0,0,0,0,0,0,,,,,,,,,#D292F3,650.0839326381683,False,space,correct rejection,None,1738.577127456665,text_27,45,4,2back_dual_main_click,2,bleibt,46,44,90,120,60,,,,,,,,,,,20,01,yes,no,no,2025-08-11_17h25.24.357,EXNAT_4_TMS_Psychopy2024.2.5.psyexp,2024.2.5,2025-08-11 17h29.25.252105 +0200,
0,0,0,0,0,0,0,,,,,,,,,#88BA3F,651.878723859787,False,space,correct rejection,None,695.7781314849854,text_27,46,4,2back_dual_main_click,2,dabei,46,44,90,120,60,,,,,,,,,,,20,01,yes,no,no,2025-08-11_17h25.24.357,EXNAT_4_TMS_Psychopy2024.2.5.psyexp,2024.2.5,2025-08-11 17h29.25.252105 +0200,
0,0,0,0,0,0,0,,,,,,,,,#D292F3,652.6287949085236,True,l,hit,713.688850402832,1081.6209316253662,text_27,47,4,2back_dual_main_click,2,stets,46,45,91,120,60,652.6798274517059,,,,,,,,,,20,01,yes,no,no,2025-08-11_17h25.24.357,EXNAT_4_TMS_Psychopy2024.2.5.psyexp,2024.2.5,2025-08-11 17h29.25.252105 +0200,
0,0,0,0,0,0,0,,,,,,,,,#D292F3,653.7665386199951,False,space,correct rejection,None,744.0407276153564,text_27,48,4,2back_dual_main_click,2,geheim.,46,45,91,120,60,,,,,,,,,,,20,01,yes,no,no,2025-08-11_17h25.24.357,EXNAT_4_TMS_Psychopy2024.2.5.psyexp,2024.2.5,2025-08-11 17h29.25.252105 +0200,
0,0,0,0,0,0,0,,,,,,,,,#F989A2,654.5654652118683,False,space,correct rejection,None,921.0567474365234,text_27,49,4,2back_dual_main_click,2,Fest,46,45,91,120,60,,,,,,,,,,,20,01,yes,no,no,2025-08-11_17h25.24.357,EXNAT_4_TMS_Psychopy2024.2.5.psyexp,2024.2.5,2025-08-11 17h29.25.252105 +0200,
0,0,0,0,0,0,0,,,,,,,,,#2AB7EF,655.5435926914215,False,space,correct rejection,None,966.9167995452881,text_27,50,4,2back_dual_main_click,2,steht,46,45,91,120,60,,,,,,,,,,,20,01,yes,no,no,2025-08-11_17h25.24.357,EXNAT_4_TMS_Psychopy2024.2.5.psyexp,2024.2.5,2025-08-11 17h29.25.252105 +0200,
0,0,0,0,0,0,0,,,,,,,,,#D292F3,656.5654754638672,False,space,correct rejection,None,713.0227088928223,text_27,51,4,2back_dual_main_click,2,"nur,",46,45,91,120,60,,,,,,,,,,,20,01,yes,no,no,2025-08-11_17h25.24.357,EXNAT_4_TMS_Psychopy2024.2.5.psyexp,2024.2.5,2025-08-11 17h29.25.252105 +0200,
0,0,0,0,0,0,0,,,,,,,,,#88BA3F,657.3187870979309,False,space,correct rejection,None,695.6758499145508,text_27,52,4,2back_dual_main_click,2,dass,46,45,91,120,60,,,,,,,,,,,20,01,yes,no,no,2025-08-11_17h25.24.357,EXNAT_4_TMS_Psychopy2024.2.5.psyexp,2024.2.5,2025-08-11 17h29.25.252105 +0200,
0,0,0,0,0,0,0,,,,,,,,,#88BA3F,658.0548784732819,False,space,correct rejection,None,743.6943054199219,text_27,53,4,2back_dual_main_click,2,ausschließlich,47,45,92,120,60,658.1141035556793,,,,,,,,,,20,01,yes,no,no,2025-08-11_17h25.24.357,EXNAT_4_TMS_Psychopy2024.2.5.psyexp,2024.2.5,2025-08-11 17h29.25.252105 +0200,
0,0,0,0,0,0,0,,,,,,,,,#88BA3F,658.8362963199615,True,l,hit,714.1940593719482,1210.1507186889648,text_27,54,4,2back_dual_main_click,2,Werke,47,45,92,120,60,,,,,,,,,,,20,01,yes,no,no,2025-08-11_17h25.24.357,EXNAT_4_TMS_Psychopy2024.2.5.psyexp,2024.2.5,2025-08-11 17h29.25.252105 +0200,
0,0,0,0,0,0,0,,,,,,,,,#D292F3,660.0880842208862,False,space,correct rejection,None,694.413423538208,text_27,55,4,2back_dual_main_click,2,aus,47,45,92,120,60,,,,,,,,,,,20,01,yes,no,no,2025-08-11_17h25.24.357,EXNAT_4_TMS_Psychopy2024.2.5.psyexp,2024.2.5,2025-08-11 17h29.25.252105 +0200,
0,0,0,0,0,0,0,,,,,,,,,#F989A2,660.8228402137756,False,space,correct rejection,None,647.6528644561768,text_27,56,4,2back_dual_main_click,2,den,47,45,92,120,60,,,,,,,,,,,20,01,yes,no,no,2025-08-11_17h25.24.357,EXNAT_4_TMS_Psychopy2024.2.5.psyexp,2024.2.5,2025-08-11 17h29.25.252105 +0200,
0,0,0,0,0,0,0,,,,,,,,,#F989A2,661.5112452507019,False,space,correct rejection,None,583.2462310791016,text_27,57,4,2back_dual_main_click,2,letzten,47,45,92,120,60,,,,,,,,,,,20,01,yes,no,no,2025-08-11_17h25.24.357,EXNAT_4_TMS_Psychopy2024.2.5.psyexp,2024.2.5,2025-08-11 17h29.25.252105 +0200,
0,0,0,0,0,0,0,,,,,,,,,#2AB7EF,662.136556148529,False,space,correct rejection,None,693.9561367034912,text_27,58,4,2back_dual_main_click,2,Hundert,47,45,92,120,60,,,,,,,,,,,20,01,yes,no,no,2025-08-11_17h25.24.357,EXNAT_4_TMS_Psychopy2024.2.5.psyexp,2024.2.5,2025-08-11 17h29.25.252105 +0200,
0,0,0,0,0,0,0,,,,,,,,,#2AB7EF,662.8705172538757,False,space,correct rejection,None,888.0469799041748,text_27,59,4,2back_dual_main_click,2,Jahren,47,45,92,120,60,,,,,,,,,,,20,01,yes,no,no,2025-08-11_17h25.24.357,EXNAT_4_TMS_Psychopy2024.2.5.psyexp,2024.2.5,2025-08-11 17h29.25.252105 +0200,
0,0,0,0,0,0,0,,,,,,,,,#D292F3,663.7972440719604,False,space,correct rejection,None,1001.335620880127,text_27,60,4,2back_dual_main_click,2,vorgetragen,47,45,92,120,60,,,,,,,,,,,20,01,yes,no,no,2025-08-11_17h25.24.357,EXNAT_4_TMS_Psychopy2024.2.5.psyexp,2024.2.5,2025-08-11 17h29.25.252105 +0200,
0,0,0,0,0,0,0,,,,,,,,,#2AB7EF,664.8362975120544,True,space,miss,None,794.2254543304443,text_27,61,4,2back_dual_main_click,2,werden.,47,46,93,120,60,664.9021399021149,,,,,,,,,,20,01,yes,no,no,2025-08-11_17h25.24.357,EXNAT_4_TMS_Psychopy2024.2.5.psyexp,2024.2.5,2025-08-11 17h29.25.252105 +0200,
0,0,0,0,0,0,0,,,,,,,,,#2AB7EF,665.6705725193024,False,space,correct rejection,None,1063.9371871948242,text_27,62,4,2back_dual_main_click,2,Nach,47,46,93,120,60,,,,,,,,,,,20,01,yes,no,no,2025-08-11_17h25.24.357,EXNAT_4_TMS_Psychopy2024.2.5.psyexp,2024.2.5,2025-08-11 17h29.25.252105 +0200,
0,0,0,0,0,0,0,,,,,,,,,#F989A2,666.773440361023,False,space,correct rejection,None,553.0776977539062,text_27,63,4,2back_dual_main_click,2,fünf,47,46,93,120,60,,,,,,,,,,,20,01,yes,no,no,2025-08-11_17h25.24.357,EXNAT_4_TMS_Psychopy2024.2.5.psyexp,2024.2.5,2025-08-11 17h29.25.252105 +0200,
0,0,0,0,0,0,0,,,,,,,,,#2AB7EF,667.3692049980164,True,l,hit,565.2692317962646,1061.4957809448242,text_27,64,4,2back_dual_main_click,2,Jahren,47,46,93,120,60,,,,,,,,,,,20,01,yes,no,no,2025-08-11_17h25.24.357,EXNAT_4_TMS_Psychopy2024.2.5.psyexp,2024.2.5,2025-08-11 17h29.25.252105 +0200,
0,0,0,0,0,0,0,,,,,,,,,#88BA3F,668.4743437767029,False,space,correct rejection,None,884.2277526855469,text_27,65,4,2back_dual_main_click,2,ausverkaufter,47,46,93,120,60,,,,,,,,,,,20,01,yes,no,no,2025-08-11_17h25.24.357,EXNAT_4_TMS_Psychopy2024.2.5.psyexp,2024.2.5,2025-08-11 17h29.25.252105 +0200,
0,0,0,0,0,0,0,,,,,,,,,#88BA3F,669.398638010025,False,space,correct rejection,None,679.7354221343994,text_27,66,4,2back_dual_main_click,2,Konzerte,48,46,94,120,60,669.9021220207214,,,,,,,,,,20,01,yes,no,no,2025-08-11_17h25.24.357,EXNAT_4_TMS_Psychopy2024.2.5.psyexp,2024.2.5,2025-08-11 17h29.25.252105 +0200,
0,0,0,0,0,0,0,,,,,,,,,#D292F3,670.1188502311707,False,space,correct rejection,None,759.6089839935303,text_27,67,4,2back_dual_main_click,2,mit,48,46,94,120,60,,,,,,,,,,,20,01,yes,no,no,2025-08-11_17h25.24.357,EXNAT_4_TMS_Psychopy2024.2.5.psyexp,2024.2.5,2025-08-11 17h29.25.252105 +0200,
0,0,0,0,0,0,0,,,,,,,,,#F989A2,670.9175653457642,False,space,correct rejection,None,744.93408203125,text_27,68,4,2back_dual_main_click,2,diesem,48,46,94,120,60,,,,,,,,,,,20,01,yes,no,no,2025-08-11_17h25.24.357,EXNAT_4_TMS_Psychopy2024.2.5.psyexp,2024.2.5,2025-08-11 17h29.25.252105 +0200,
0,0,0,0,0,0,0,,,,,,,,,#D292F3,671.6999821662903,True,space,miss,None,810.579776763916,text_27,69,4,2back_dual_main_click,2,"Konzept,",48,46,94,120,60,,,,,,,,,,,20,01,yes,no,no,2025-08-11_17h25.24.357,EXNAT_4_TMS_Psychopy2024.2.5.psyexp,2024.2.5,2025-08-11 17h29.25.252105 +0200,
0,0,0,0,0,0,0,,,,,,,,,#88BA3F,672.5497822761536,False,space,correct rejection,None,632.8036785125732,text_27,70,4,2back_dual_main_click,2,soll,48,46,94,120,60,,,,,,,,,,,20,01,yes,no,no,2025-08-11_17h25.24.357,EXNAT_4_TMS_Psychopy2024.2.5.psyexp,2024.2.5,2025-08-11 17h29.25.252105 +0200,
0,0,0,0,0,0,0,,,,,,,,,#D292F3,673.2236070632935,True,space,miss,None,822.8938579559326,text_27,71,4,2back_dual_main_click,2,nun,48,46,94,120,60,,,,,,,,,,,20,01,yes,no,no,2025-08-11_17h25.24.357,EXNAT_4_TMS_Psychopy2024.2.5.psyexp,2024.2.5,2025-08-11 17h29.25.252105 +0200,
0,0,0,0,0,0,0,,,,,,,,,#F989A2,674.086058139801,False,space,correct rejection,None,696.5065002441406,text_27,72,4,2back_dual_main_click,2,aber,48,46,94,120,60,,,,,,,,,,,20,01,yes,no,no,2025-08-11_17h25.24.357,EXNAT_4_TMS_Psychopy2024.2.5.psyexp,2024.2.5,2025-08-11 17h29.25.252105 +0200,
0,0,0,0,0,0,0,,,,,,,,,#2AB7EF,674.8211326599121,False,space,correct rejection,None,601.4034748077393,text_27,73,4,2back_dual_main_click,2,Schluss,48,46,94,120,60,,,,,,,,,,,20,01,yes,no,no,2025-08-11_17h25.24.357,EXNAT_4_TMS_Psychopy2024.2.5.psyexp,2024.2.5,2025-08-11 17h29.25.252105 +0200,
0,0,0,0,0,0,0,,,,,,,,,#88BA3F,675.4628822803497,False,space,correct rejection,None,743.6392307281494,text_27,74,4,2back_dual_main_click,2,sein.,48,46,94,120,60,,,,,,,,,,,20,01,yes,no,no,2025-08-11_17h25.24.357,EXNAT_4_TMS_Psychopy2024.2.5.psyexp,2024.2.5,2025-08-11 17h29.25.252105 +0200,
0,0,0,0,0,0,0,,,,,,,,,#D292F3,676.246904373169,False,space,correct rejection,None,983.7179183959961,text_27,75,4,2back_dual_main_click,2,Metzmacher,48,46,94,120,60,,,,,,,,,,,20,01,yes,no,no,2025-08-11_17h25.24.357,EXNAT_4_TMS_Psychopy2024.2.5.psyexp,2024.2.5,2025-08-11 17h29.25.252105 +0200,
0,0,0,0,0,0,0,,,,,,,,,#2AB7EF,677.2705655097961,False,space,correct rejection,None,967.9646492004395,text_27,76,4,2back_dual_main_click,2,verlässt,48,46,94,120,60,,,,,,,,,,,20,01,yes,no,no,2025-08-11_17h25.24.357,EXNAT_4_TMS_Psychopy2024.2.5.psyexp,2024.2.5,2025-08-11 17h29.25.252105 +0200,
0,0,0,0,0,0,0,,,,,,,,,#D292F3,678.2770478725433,True,l,hit,553.5330772399902,1113.5530471801758,text_27,77,4,2back_dual_main_click,2,Hamburg,48,47,95,120,60,678.3306267261505,,,,,,,,,,20,01,yes,no,no,2025-08-11_17h25.24.357,EXNAT_4_TMS_Psychopy2024.2.5.psyexp,2024.2.5,2025-08-11 17h29.25.252105 +0200,
0,0,0,0,0,0,0,,,,,,,,,#2AB7EF,679.4335832595825,True,space,miss,None,1364.9389743804932,text_27,78,4,2back_dual_main_click,2,Richtung,48,47,95,120,60,,,,,,,,,,,20,01,yes,no,no,2025-08-11_17h25.24.357,EXNAT_4_TMS_Psychopy2024.2.5.psyexp,2024.2.5,2025-08-11 17h29.25.252105 +0200,
0,0,0,0,0,0,0,,,,,,,,,#F989A2,680.8376748561859,False,space,correct rejection,None,1192.854642868042,text_27,79,4,2back_dual_main_click,2,"Amsterdam,",48,47,95,120,60,,,,,,,,,,,20,01,yes,no,no,2025-08-11_17h25.24.357,EXNAT_4_TMS_Psychopy2024.2.5.psyexp,2024.2.5,2025-08-11 17h29.25.252105 +0200,
0,0,0,0,0,0,0,,,,,,,,,#88BA3F,682.071729183197,False,space,correct rejection,None,614.8147583007812,text_27,80,4,2back_dual_main_click,2,wo,48,47,95,120,60,,,,,,,,,,,20,01,yes,no,no,2025-08-11_17h25.24.357,EXNAT_4_TMS_Psychopy2024.2.5.psyexp,2024.2.5,2025-08-11 17h29.25.252105 +0200,
0,0,0,0,0,0,0,,,,,,,,,#F989A2,682.7236578464508,True,l,hit,730.9474945068359,1210.7903957366943,text_27,81,4,2back_dual_main_click,2,er,48,48,96,120,60,683.3305516242981,,,,,,,,,,20,01,yes,no,no,2025-08-11_17h25.24.357,EXNAT_4_TMS_Psychopy2024.2.5.psyexp,2024.2.5,2025-08-11 17h29.25.252105 +0200,
0,0,0,0,0,0,0,,,,,,,,,#88BA3F,683.9755823612213,True,l,hit,1079.0104866027832,1366.901159286499,text_27,82,4,2back_dual_main_click,2,Opernchef,48,48,96,120,60,,,,,,,,,,,20,01,yes,no,no,2025-08-11_17h25.24.357,EXNAT_4_TMS_Psychopy2024.2.5.psyexp,2024.2.5,2025-08-11 17h29.25.252105 +0200,
0,0,0,0,0,0,0,,,,,,,,,#D292F3,685.3970067501068,False,space,correct rejection,None,985.5611324310303,text_27,83,4,2back_dual_main_click,2,wird.,48,48,96,120,60,,,,,,,,,,,20,01,yes,no,no,2025-08-11_17h25.24.357,EXNAT_4_TMS_Psychopy2024.2.5.psyexp,2024.2.5,2025-08-11 17h29.25.252105 +0200,
0,0,0,0,0,0,0,,,,,,,,,#2AB7EF,686.4374415874481,False,space,correct rejection,None,713.0763530731201,text_27,84,4,2back_dual_main_click,2,Zum,48,48,96,120,60,,,,,,,,,,,20,01,yes,no,no,2025-08-11_17h25.24.357,EXNAT_4_TMS_Psychopy2024.2.5.psyexp,2024.2.5,2025-08-11 17h29.25.252105 +0200,
0,0,0,0,0,0,0,,,,,,,,,#2AB7EF,687.2061121463776,False,space,correct rejection,None,1256.436824798584,text_27,85,4,2back_dual_main_click,2,Abschied,49,48,97,120,60,688.3304989337921,,,,,,,,,,20,01,yes,no,no,2025-08-11_17h25.24.357,EXNAT_4_TMS_Psychopy2024.2.5.psyexp,2024.2.5,2025-08-11 17h29.25.252105 +0200,
0,0,0,0,0,0,0,,,,,,,,,#2AB7EF,688.5188484191895,True,l,hit,647.5367546081543,1143.5060501098633,text_27,86,4,2back_dual_main_click,2,gab,49,48,97,120,60,,,,,,,,,,,20,01,yes,no,no,2025-08-11_17h25.24.357,EXNAT_4_TMS_Psychopy2024.2.5.psyexp,2024.2.5,2025-08-11 17h29.25.252105 +0200,
0,0,0,0,0,0,0,,,,,,,,,#D292F3,689.7023980617523,False,space,correct rejection,None,808.1989288330078,text_27,87,4,2back_dual_main_click,2,er,49,48,97,120,60,,,,,,,,,,,20,01,yes,no,no,2025-08-11_17h25.24.357,EXNAT_4_TMS_Psychopy2024.2.5.psyexp,2024.2.5,2025-08-11 17h29.25.252105 +0200,
0,0,0,0,0,0,0,,,,,,,,,#D292F3,690.5518651008606,False,space,correct rejection,None,918.778657913208,text_27,88,4,2back_dual_main_click,2,aber,49,48,97,120,60,,,,,,,,,,,20,01,yes,no,no,2025-08-11_17h25.24.357,EXNAT_4_TMS_Psychopy2024.2.5.psyexp,2024.2.5,2025-08-11 17h29.25.252105 +0200,
0,0,0,0,0,0,0,,,,,,,,,#88BA3F,691.5091290473938,False,space,correct rejection,None,1129.415512084961,text_27,89,4,2back_dual_main_click,2,noch,49,48,97,120,60,,,,,,,,,,,20,01,yes,no,no,2025-08-11_17h25.24.357,EXNAT_4_TMS_Psychopy2024.2.5.psyexp,2024.2.5,2025-08-11 17h29.25.252105 +0200,
0,0,0,0,0,0,0,,,,,,,,,#F989A2,692.6788394451141,False,space,correct rejection,None,695.7592964172363,text_27,90,4,2back_dual_main_click,2,einmal,50,48,98,120,60,693.3305690288544,,,,,,,,,,20,01,yes,no,no,2025-08-11_17h25.24.357,EXNAT_4_TMS_Psychopy2024.2.5.psyexp,2024.2.5,2025-08-11 17h29.25.252105 +0200,
0,0,0,0,0,0,0,,,,,,,,,#F989A2,693.4130668640137,False,space,correct rejection,None,633.5477828979492,text_27,91,4,2back_dual_main_click,2,alles.,50,48,98,120,60,,,,,,,,,,,20,01,yes,no,no,2025-08-11_17h25.24.357,EXNAT_4_TMS_Psychopy2024.2.5.psyexp,2024.2.5,2025-08-11 17h29.25.252105 +0200,
0,0,0,0,0,0,0,,,,,,,,,#88BA3F,694.0856981277466,False,space,correct rejection,None,680.9334754943848,text_27,92,4,2back_dual_main_click,2,Mit,50,48,98,120,60,,,,,,,,,,,20,01,yes,no,no,2025-08-11_17h25.24.357,EXNAT_4_TMS_Psychopy2024.2.5.psyexp,2024.2.5,2025-08-11 17h29.25.252105 +0200,
0,0,0,0,0,0,0,,,,,,,,,#2AB7EF,694.8052680492401,False,space,correct rejection,None,633.4109306335449,text_27,93,4,2back_dual_main_click,2,einer,50,48,98,120,60,,,,,,,,,,,20,01,yes,no,no,2025-08-11_17h25.24.357,EXNAT_4_TMS_Psychopy2024.2.5.psyexp,2024.2.5,2025-08-11 17h29.25.252105 +0200,
0,0,0,0,0,0,0,,,,,,,,,#D292F3,695.4776513576508,False,space,correct rejection,None,792.8967475891113,text_27,94,4,2back_dual_main_click,2,kleinen,50,48,98,120,60,,,,,,,,,,,20,01,yes,no,no,2025-08-11_17h25.24.357,EXNAT_4_TMS_Psychopy2024.2.5.psyexp,2024.2.5,2025-08-11 17h29.25.252105 +0200,
0,0,0,0,0,0,0,,,,,,,,,#F989A2,696.3108808994293,False,space,correct rejection,None,823.5089778900146,text_27,95,4,2back_dual_main_click,2,Warnung,50,48,98,120,60,,,,,,,,,,,20,01,yes,no,no,2025-08-11_17h25.24.357,EXNAT_4_TMS_Psychopy2024.2.5.psyexp,2024.2.5,2025-08-11 17h29.25.252105 +0200,
0,0,0,0,0,0,0,,,,,,,,,#D292F3,697.1747422218323,True,space,miss,None,727.8339862823486,text_27,96,4,2back_dual_main_click,2,leitete,50,48,98,120,60,,,,,,,,,,,20,01,yes,no,no,2025-08-11_17h25.24.357,EXNAT_4_TMS_Psychopy2024.2.5.psyexp,2024.2.5,2025-08-11 17h29.25.252105 +0200,
0,0,0,0,0,0,0,,,,,,,,,#2AB7EF,697.9397988319397,False,space,correct rejection,None,634.7610950469971,text_27,97,4,2back_dual_main_click,2,er,50,48,98,120,60,,,,,,,,,,,20,01,yes,no,no,2025-08-11_17h25.24.357,EXNAT_4_TMS_Psychopy2024.2.5.psyexp,2024.2.5,2025-08-11 17h29.25.252105 +0200,
0,0,0,0,0,0,0,,,,,,,,,#F989A2,698.6156771183014,False,space,correct rejection,None,1078.9008140563965,text_27,98,4,2back_dual_main_click,2,Die,50,48,98,120,60,,,,,,,,,,,20,01,yes,no,no,2025-08-11_17h25.24.357,EXNAT_4_TMS_Psychopy2024.2.5.psyexp,2024.2.5,2025-08-11 17h29.25.252105 +0200,
0,0,0,0,0,0,0,,,,,,,,,#88BA3F,699.7356882095337,False,space,correct rejection,None,1558.927059173584,text_27,99,4,2back_dual_main_click,2,Eisengießerei,50,48,98,120,60,,,,,,,,,,,20,01,yes,no,no,2025-08-11_17h25.24.357,EXNAT_4_TMS_Psychopy2024.2.5.psyexp,2024.2.5,2025-08-11 17h29.25.252105 +0200,
0,0,0,0,0,0,0,,,,,,,,,#D292F3,701.3355467319489,False,space,correct rejection,None,855.0205230712891,text_27,100,4,2back_dual_main_click,2,von,50,48,98,120,60,,,,,,,,,,,20,01,yes,no,no,2025-08-11_17h25.24.357,EXNAT_4_TMS_Psychopy2024.2.5.psyexp,2024.2.5,2025-08-11 17h29.25.252105 +0200,
0,0,0,0,0,0,0,,,,,,,,,#2AB7EF,702.2301859855652,False,space,correct rejection,None,792.3717498779297,text_27,101,4,2back_dual_main_click,2,Alexander,50,48,98,120,60,,,,,,,,,,,20,01,yes,no,no,2025-08-11_17h25.24.357,EXNAT_4_TMS_Psychopy2024.2.5.psyexp,2024.2.5,2025-08-11 17h29.25.252105 +0200,
0,0,0,0,0,0,0,,,,,,,,,#D292F3,703.0617854595184,True,space,miss,None,1080.8122158050537,text_27,102,4,2back_dual_main_click,2,Mossolow,50,49,99,120,60,703.1154215335846,,,,,,,,,,20,01,yes,no,no,2025-08-11_17h25.24.357,EXNAT_4_TMS_Psychopy2024.2.5.psyexp,2024.2.5,2025-08-11 17h29.25.252105 +0200,
0,0,0,0,0,0,0,,,,,,,,,#88BA3F,704.1829528808594,False,space,correct rejection,None,711.6434574127197,text_27,103,4,2back_dual_main_click,2,ein.,50,49,99,120,60,,,,,,,,,,,20,01,yes,no,no,2025-08-11_17h25.24.357,EXNAT_4_TMS_Psychopy2024.2.5.psyexp,2024.2.5,2025-08-11 17h29.25.252105 +0200,
0,0,0,0,0,0,0,,,,,,,,,#F989A2,704.9349782466888,False,space,correct rejection,None,807.5766563415527,text_27,104,4,2back_dual_main_click,2,Dieses,50,49,99,120,60,,,,,,,,,,,20,01,yes,no,no,2025-08-11_17h25.24.357,EXNAT_4_TMS_Psychopy2024.2.5.psyexp,2024.2.5,2025-08-11 17h29.25.252105 +0200,
0,0,0,0,0,0,0,,,,,,,,,#F989A2,705.7844712734222,False,space,correct rejection,None,742.0494556427002,text_27,105,4,2back_dual_main_click,2,Stück,50,49,99,120,60,,,,,,,,,,,20,01,yes,no,no,2025-08-11_17h25.24.357,EXNAT_4_TMS_Psychopy2024.2.5.psyexp,2024.2.5,2025-08-11 17h29.25.252105 +0200,
0,0,0,0,0,0,0,,,,,,,,,#2AB7EF,706.5693984031677,False,space,correct rejection,None,677.1378517150879,text_27,106,4,2back_dual_main_click,2,der,50,49,99,120,60,,,,,,,,,,,20,01,yes,no,no,2025-08-11_17h25.24.357,EXNAT_4_TMS_Psychopy2024.2.5.psyexp,2024.2.5,2025-08-11 17h29.25.252105 +0200,
0,0,0,0,0,0,0,,,,,,,,,#D292F3,707.2871797084808,False,space,correct rejection,None,711.395263671875,text_27,107,4,2back_dual_main_click,2,sowjetischen,50,49,99,120,60,,,,,,,,,,,20,01,yes,no,no,2025-08-11_17h25.24.357,EXNAT_4_TMS_Psychopy2024.2.5.psyexp,2024.2.5,2025-08-11 17h29.25.252105 +0200,
0,0,0,0,0,0,0,,,,,,,,,#88BA3F,708.0393233299255,False,space,correct rejection,None,1015.244722366333,text_27,108,4,2back_dual_main_click,2,"Avantgarde,",51,49,100,120,60,708.1154298782349,,,,,,,,,,20,01,yes,no,no,2025-08-11_17h25.24.357,EXNAT_4_TMS_Psychopy2024.2.5.psyexp,2024.2.5,2025-08-11 17h29.25.252105 +0200,
0,0,0,0,0,0,0,,,,,,,,,#D292F3,709.0925211906433,True,space,miss,None,682.0409297943115,text_27,109,4,2back_dual_main_click,2,voller,51,49,100,120,60,,,,,,,,,,,20,01,yes,no,no,2025-08-11_17h25.24.357,EXNAT_4_TMS_Psychopy2024.2.5.psyexp,2024.2.5,2025-08-11 17h29.25.252105 +0200,
0,0,0,0,0,0,0,,,,,,,,,#2AB7EF,709.8155455589294,False,space,correct rejection,None,806.9396018981934,text_27,110,4,2back_dual_main_click,2,kraftvoller,51,49,100,120,60,,,,,,,,,,,20,01,yes,no,no,2025-08-11_17h25.24.357,EXNAT_4_TMS_Psychopy2024.2.5.psyexp,2024.2.5,2025-08-11 17h29.25.252105 +0200,
0,0,0,0,0,0,0,,,,,,,,,#D292F3,710.6630148887634,True,l,hit,423.4790802001953,983.4191799163818,text_27,111,4,2back_dual_main_click,2,Klänge,51,49,100,120,60,,,,,,,,,,,20,01,yes,no,no,2025-08-11_17h25.24.357,EXNAT_4_TMS_Psychopy2024.2.5.psyexp,2024.2.5,2025-08-11 17h29.25.252105 +0200,
0,0,0,0,0,0,0,,,,,,,,,#D292F3,711.6873648166656,False,space,correct rejection,None,743.2241439819336,text_27,112,4,2back_dual_main_click,2,und,51,49,100,120,60,,,,,,,,,,,20,01,yes,no,no,2025-08-11_17h25.24.357,EXNAT_4_TMS_Psychopy2024.2.5.psyexp,2024.2.5,2025-08-11 17h29.25.252105 +0200,
0,0,0,0,0,0,0,,,,,,,,,#2AB7EF,712.4719159603119,False,l,false alarm,966.6585922241211,1350.5964279174805,text_27,113,4,2back_dual_main_click,2,wilder,51,49,100,120,60,,,,,,,,,,,20,01,yes,no,no,2025-08-11_17h25.24.357,EXNAT_4_TMS_Psychopy2024.2.5.psyexp,2024.2.5,2025-08-11 17h29.25.252105 +0200,
0,0,0,0,0,0,0,,,,,,,,,#2AB7EF,713.8771064281464,False,space,correct rejection,None,777.4639129638672,text_27,114,4,2back_dual_main_click,2,"Rhythmen,",51,49,100,120,60,,,,,,,,,,,20,01,yes,no,no,2025-08-11_17h25.24.357,EXNAT_4_TMS_Psychopy2024.2.5.psyexp,2024.2.5,2025-08-11 17h29.25.252105 +0200,
0,0,0,0,0,0,0,,,,,,,,,#F989A2,714.708093881607,False,space,correct rejection,None,890.4683589935303,text_27,115,4,2back_dual_main_click,2,ließ,51,49,100,120,60,,,,,,,,,,,20,01,yes,no,no,2025-08-11_17h25.24.357,EXNAT_4_TMS_Psychopy2024.2.5.psyexp,2024.2.5,2025-08-11 17h29.25.252105 +0200,
0,0,0,0,0,0,0,,,,,,,,,#88BA3F,715.6383366584778,False,space,correct rejection,None,584.2502117156982,text_27,116,4,2back_dual_main_click,2,das,51,49,100,120,60,,,,,,,,,,,20,01,yes,no,no,2025-08-11_17h25.24.357,EXNAT_4_TMS_Psychopy2024.2.5.psyexp,2024.2.5,2025-08-11 17h29.25.252105 +0200,
0,0,0,0,0,0,0,,,,,,,,,#88BA3F,716.2635476589203,False,space,correct rejection,None,935.042142868042,text_27,117,4,2back_dual_main_click,2,Staatsorchester,51,49,100,120,60,,,,,,,,,,,20,01,yes,no,no,2025-08-11_17h25.24.357,EXNAT_4_TMS_Psychopy2024.2.5.psyexp,2024.2.5,2025-08-11 17h29.25.252105 +0200,
0,0,0,0,0,0,0,,,,,,,,,#F989A2,717.2360429763794,False,space,correct rejection,None,922.5225448608398,text_27,118,4,2back_dual_main_click,2,noch,51,49,100,120,60,,,,,,,,,,,20,01,yes,no,no,2025-08-11_17h25.24.357,EXNAT_4_TMS_Psychopy2024.2.5.psyexp,2024.2.5,2025-08-11 17h29.25.252105 +0200,
0,0,0,0,0,0,0,,,,,,,,,#88BA3F,718.197508096695,True,l,hit,585.0598812103271,1048.9890575408936,text_27,119,4,2back_dual_main_click,2,einmal,51,50,101,120,60,718.2512645721436,,,,,,,,,,20,01,yes,no,no,2025-08-11_17h25.24.357,EXNAT_4_TMS_Psychopy2024.2.5.psyexp,2024.2.5,2025-08-11 17h29.25.252105 +0200,
0,0,0,0,0,0,0,,,,,,,,,#F989A2,719.2870554924011,True,space,miss,None,967.5140380859375,text_27,120,4,2back_dual_main_click,2,seine,51,50,101,120,60,,,,,,,,,,,20,01,yes,no,no,2025-08-11_17h25.24.357,EXNAT_4_TMS_Psychopy2024.2.5.psyexp,2024.2.5,2025-08-11 17h29.25.252105 +0200,
0,0,0,0,0,0,0,,,,,,,,,#F989A2,720.2937607765198,False,space,correct rejection,None,696.8116760253906,text_27,121,4,2back_dual_main_click,2,Klasse,51,50,101,120,60,,,,,,,,,,,20,01,yes,no,no,2025-08-11_17h25.24.357,EXNAT_4_TMS_Psychopy2024.2.5.psyexp,2024.2.5,2025-08-11 17h29.25.252105 +0200,
0,0,0,0,0,0,0,,,,,,,,,#88BA3F,721.0309100151062,False,space,correct rejection,None,983.6444854736328,text_27,122,4,2back_dual_main_click,2,ausdrücklich,51,50,101,120,60,,,,,,,,,,,20,01,yes,no,no,2025-08-11_17h25.24.357,EXNAT_4_TMS_Psychopy2024.2.5.psyexp,2024.2.5,2025-08-11 17h29.25.252105 +0200,
0,0,0,0,0,0,0,,,,,,,,,#D292F3,722.0559725761414,False,space,correct rejection,None,822.5553035736084,text_27,123,4,2back_dual_main_click,2,demonstrieren.,51,50,101,120,60,,,,,,,,,,,20,01,yes,no,no,2025-08-11_17h25.24.357,EXNAT_4_TMS_Psychopy2024.2.5.psyexp,2024.2.5,2025-08-11 17h29.25.252105 +0200,
0,0,0,0,0,0,0,,,,,,,,,#D292F3,722.9199149608612,False,space,correct rejection,None,1558.657169342041,text_27,124,4,2back_dual_main_click,2,Metzmacher,52,50,102,120,60,723.2512729167938,,,,,,,,,,20,01,yes,no,no,2025-08-11_17h25.24.357,EXNAT_4_TMS_Psychopy2024.2.5.psyexp,2024.2.5,2025-08-11 17h29.25.252105 +0200,
0,0,0,0,0,0,0,,,,,,,,,#2AB7EF,724.5182793140411,False,space,correct rejection,None,1704.3194770812988,text_27,125,4,2back_dual_main_click,2,war,52,50,102,120,60,,,,,,,,,,,20,01,yes,no,no,2025-08-11_17h25.24.357,EXNAT_4_TMS_Psychopy2024.2.5.psyexp,2024.2.5,2025-08-11 17h29.25.252105 +0200,
0,0,0,0,0,0,0,,,,,,,,,#F989A2,726.2621471881866,False,space,correct rejection,None,1016.3936614990234,text_27,126,4,2back_dual_main_click,2,sichtlich,52,50,102,120,60,,,,,,,,,,,20,01,yes,no,no,2025-08-11_17h25.24.357,EXNAT_4_TMS_Psychopy2024.2.5.psyexp,2024.2.5,2025-08-11 17h29.25.252105 +0200,
0,0,0,0,0,0,0,,,,,,,,,#88BA3F,727.3334431648254,False,space,correct rejection,None,825.1409530639648,text_27,127,4,2back_dual_main_click,2,begeistert,52,50,102,120,60,,,,,,,,,,,20,01,yes,no,no,2025-08-11_17h25.24.357,EXNAT_4_TMS_Psychopy2024.2.5.psyexp,2024.2.5,2025-08-11 17h29.25.252105 +0200,
0,0,0,0,0,0,0,,,,,,,,,#2AB7EF,728.2129907608032,False,space,correct rejection,None,1209.651231765747,text_27,128,4,2back_dual_main_click,2,und,52,50,102,120,60,,,,,,,,,,,20,01,yes,no,no,2025-08-11_17h25.24.357,EXNAT_4_TMS_Psychopy2024.2.5.psyexp,2024.2.5,2025-08-11 17h29.25.252105 +0200,
0,0,0,0,0,0,0,,,,,,,,,#2AB7EF,729.4769780635834,False,space,correct rejection,None,697.5760459899902,text_27,129,4,2back_dual_main_click,2,auch,52,50,102,120,60,,,,,,,,,,,20,01,yes,no,no,2025-08-11_17h25.24.357,EXNAT_4_TMS_Psychopy2024.2.5.psyexp,2024.2.5,2025-08-11 17h29.25.252105 +0200,
0,0,0,0,0,0,0,,,,,,,,,#F989A2,730.2301523685455,False,space,correct rejection,None,840.4042720794678,text_27,130,4,2back_dual_main_click,2,das,52,50,102,120,60,,,,,,,,,,,20,01,yes,no,no,2025-08-11_17h25.24.357,EXNAT_4_TMS_Psychopy2024.2.5.psyexp,2024.2.5,2025-08-11 17h29.25.252105 +0200,
0,0,0,0,0,0,0,,,,,,,,,#88BA3F,731.1264414787292,False,space,correct rejection,None,856.1532497406006,text_27,131,4,2back_dual_main_click,2,Publikum,52,50,102,120,60,,,,,,,,,,,20,01,yes,no,no,2025-08-11_17h25.24.357,EXNAT_4_TMS_Psychopy2024.2.5.psyexp,2024.2.5,2025-08-11 17h29.25.252105 +0200,
0,0,0,0,0,0,0,,,,,,,,,#D292F3,732.0211315155029,False,space,correct rejection,None,1097.4929332733154,text_27,132,4,2back_dual_main_click,2,tobte,52,50,102,120,60,,,,,,,,,,,20,01,yes,no,no,2025-08-11_17h25.24.357,EXNAT_4_TMS_Psychopy2024.2.5.psyexp,2024.2.5,2025-08-11 17h29.25.252105 +0200,
0,0,0,0,0,0,0,,,,,,,,,#2AB7EF,733.1732516288757,False,space,correct rejection,None,745.3699111938477,text_27,133,4,2back_dual_main_click,2,vor,52,50,102,120,60,,,,,,,,,,,20,01,yes,no,no,2025-08-11_17h25.24.357,EXNAT_4_TMS_Psychopy2024.2.5.psyexp,2024.2.5,2025-08-11 17h29.25.252105 +0200,
0,0,0,0,0,0,0,,,,,,,,,#88BA3F,733.9601900577545,False,space,correct rejection,None,614.4297122955322,text_27,134,4,2back_dual_main_click,2,Freude.,52,50,102,120,60,,,,,,,,,,,20,01,yes,no,no,2025-08-11_17h25.24.357,EXNAT_4_TMS_Psychopy2024.2.5.psyexp,2024.2.5,2025-08-11 17h29.25.252105 +0200,
0,0,0,0,0,0,0,,,,,,,,,#F989A2,734.6162564754486,False,space,correct rejection,None,678.3530712127686,text_27,135,4,2back_dual_main_click,2,Das,52,50,102,120,60,,,,,,,,,,,20,01,yes,no,no,2025-08-11_17h25.24.357,EXNAT_4_TMS_Psychopy2024.2.5.psyexp,2024.2.5,2025-08-11 17h29.25.252105 +0200,
0,0,0,0,0,0,0,,,,,,,,,#88BA3F,735.3332626819611,True,space,miss,None,569.3492889404297,text_27,136,4,2back_dual_main_click,2,ist,52,50,102,120,60,,,,,,,,,,,20,01,yes,no,no,2025-08-11_17h25.24.357,EXNAT_4_TMS_Psychopy2024.2.5.psyexp,2024.2.5,2025-08-11 17h29.25.252105 +0200,
0,0,0,0,0,0,0,,,,,,,,,#D292F3,735.9425520896912,False,space,correct rejection,None,600.0399589538574,text_27,137,4,2back_dual_main_click,2,der,52,50,102,120,60,,,,,,,,,,,20,01,yes,no,no,2025-08-11_17h25.24.357,EXNAT_4_TMS_Psychopy2024.2.5.psyexp,2024.2.5,2025-08-11 17h29.25.252105 +0200,
0,0,0,0,0,0,0,,,,,,,,,#88BA3F,736.5827341079712,True,l,hit,487.8058433532715,903.7444591522217,text_27,138,4,2back_dual_main_click,2,"Geist,",52,51,103,120,60,736.6373603343964,,,,,,,,,,20,01,yes,no,no,2025-08-11_17h25.24.357,EXNAT_4_TMS_Psychopy2024.2.5.psyexp,2024.2.5,2025-08-11 17h29.25.252105 +0200,
0,0,0,0,0,0,0,,,,,,,,,#F989A2,737.5259623527527,False,space,correct rejection,None,904.6144485473633,text_27,139,4,2back_dual_main_click,2,aus,52,51,103,120,60,,,,,,,,,,,20,01,yes,no,no,2025-08-11_17h25.24.357,EXNAT_4_TMS_Psychopy2024.2.5.psyexp,2024.2.5,2025-08-11 17h29.25.252105 +0200,
0,0,0,0,0,0,0,,,,,,,,,#F989A2,738.4695286750793,False,space,correct rejection,None,889.0793323516846,text_27,140,4,2back_dual_main_click,2,dem,52,51,103,120,60,,,,,,,,,,,20,01,yes,no,no,2025-08-11_17h25.24.357,EXNAT_4_TMS_Psychopy2024.2.5.psyexp,2024.2.5,2025-08-11 17h29.25.252105 +0200,
0,0,0,0,0,0,0,,,,,,,,,#2AB7EF,739.3951077461243,False,space,correct rejection,None,811.4545345306396,text_27,141,4,2back_dual_main_click,2,Hamburger,52,51,103,120,60,,,,,,,,,,,20,01,yes,no,no,2025-08-11_17h25.24.357,EXNAT_4_TMS_Psychopy2024.2.5.psyexp,2024.2.5,2025-08-11 17h29.25.252105 +0200,
0,0,0,0,0,0,0,,,,,,,,,#D292F3,740.2477056980133,False,space,correct rejection,None,838.8373851776123,text_27,142,4,2back_dual_main_click,2,Silvesterkonzerte,52,51,103,120,60,,,,,,,,,,,20,01,yes,no,no,2025-08-11_17h25.24.357,EXNAT_4_TMS_Psychopy2024.2.5.psyexp,2024.2.5,2025-08-11 17h29.25.252105 +0200,
0,0,0,0,0,0,0,,,,,,,,,#D292F3,741.1264081001282,False,l,false alarm,424.1321086883545,1320.0933933258057,text_27,143,4,2back_dual_main_click,2,geschmiedet,52,51,103,120,60,,,,,,,,,,,20,01,yes,no,no,2025-08-11_17h25.24.357,EXNAT_4_TMS_Psychopy2024.2.5.psyexp,2024.2.5,2025-08-11 17h29.25.252105 +0200,
0,0,0,0,0,0,0,,,,,,,,,#2AB7EF,742.4875252246857,False,space,correct rejection,None,1287.078857421875,text_27,144,4,2back_dual_main_click,2,sind:,52,51,103,120,60,,,,,,,,,,,20,01,yes,no,no,2025-08-11_17h25.24.357,EXNAT_4_TMS_Psychopy2024.2.5.psyexp,2024.2.5,2025-08-11 17h29.25.252105 +0200,
0,0,0,0,0,0,0,,,,,,,,,#D292F3,743.8274021148682,True,space,miss,None,1323.2598304748535,text_27,145,4,2back_dual_main_click,2,"lärmend,",52,52,104,120,60,743.8789286613464,,,,,,,,,,20,01,yes,no,no,2025-08-11_17h25.24.357,EXNAT_4_TMS_Psychopy2024.2.5.psyexp,2024.2.5,2025-08-11 17h29.25.252105 +0200,
0,0,0,0,0,0,0,,,,,,,,,#2AB7EF,745.205727815628,True,space,miss,None,1000.8330345153809,text_27,146,4,2back_dual_main_click,2,"leidenschaftlich,",52,52,104,120,60,,,,,,,,,,,20,01,yes,no,no,2025-08-11_17h25.24.357,EXNAT_4_TMS_Psychopy2024.2.5.psyexp,2024.2.5,2025-08-11 17h29.25.252105 +0200,
0,0,0,0,0,0,0,,,,,,,,,#88BA3F,746.2619893550873,False,space,correct rejection,None,936.561107635498,text_27,147,4,2back_dual_main_click,2,überraschend,52,52,104,120,60,,,,,,,,,,,20,01,yes,no,no,2025-08-11_17h25.24.357,EXNAT_4_TMS_Psychopy2024.2.5.psyexp,2024.2.5,2025-08-11 17h29.25.252105 +0200,
0,0,0,0,0,0,0,,,,,,,,,#88BA3F,747.2528805732727,False,space,correct rejection,None,889.6844387054443,text_27,148,4,2back_dual_main_click,2,und,52,52,104,120,60,,,,,,,,,,,20,01,yes,no,no,2025-08-11_17h25.24.357,EXNAT_4_TMS_Psychopy2024.2.5.psyexp,2024.2.5,2025-08-11 17h29.25.252105 +0200,
0,0,0,0,0,0,0,,,,,,,,,#F989A2,748.2002239227295,False,space,correct rejection,None,822.4430084228516,text_27,149,4,2back_dual_main_click,2,nun,53,52,105,120,60,748.8787531852722,,,,,,,,,,20,01,yes,no,no,2025-08-11_17h25.24.357,EXNAT_4_TMS_Psychopy2024.2.5.psyexp,2024.2.5,2025-08-11 17h29.25.252105 +0200,
0,0,0,0,0,0,0,,,,,,,,,#D292F3,749.077887058258,False,space,correct rejection,None,648.7324237823486,text_27,150,4,2back_dual_main_click,2,Geschichte.,53,52,105,120,60,,,,,,,,,,,20,01,yes,no,no,2025-08-11_17h25.24.357,EXNAT_4_TMS_Psychopy2024.2.5.psyexp,2024.2.5,2025-08-11 17h29.25.252105 +0200,
0,0,0,0,0,0,0,,,,,,,,,,749.7893702983856,,4,,,,text_27,,4,2back_dual_main_click,,,,,,,,,Q1,d,True,,,,,,,20,01,yes,no,no,2025-08-11_17h25.24.357,EXNAT_4_TMS_Psychopy2024.2.5.psyexp,2024.2.5,2025-08-11 17h29.25.252105 +0200,
0,0,0,0,0,0,0,,,,,,,,,,757.1396524906158,,4,,,,text_27,,4,2back_dual_main_click,,,,,,,,,Q2,d,True,,,,,,,20,01,yes,no,no,2025-08-11_17h25.24.357,EXNAT_4_TMS_Psychopy2024.2.5.psyexp,2024.2.5,2025-08-11 17h29.25.252105 +0200,
0,0,0,0,0,0,0,,,,,,,,,,762.0052945613861,,2,,,,text_27,,4,2back_dual_main_click,,,,,,,,,Q3,b,True,,,,,,,20,01,yes,no,no,2025-08-11_17h25.24.357,EXNAT_4_TMS_Psychopy2024.2.5.psyexp,2024.2.5,2025-08-11 17h29.25.252105 +0200,
0,0,0,0,0,0,0,,,,,,,,,#F989A2,770.820549249649,False,space,correct rejection,None,1098.0427265167236,text_22,1,5,2back_dual_main_click,2,Das,53,52,105,120,60,,,,,,,,,,,20,01,yes,no,no,2025-08-11_17h25.24.357,EXNAT_4_TMS_Psychopy2024.2.5.psyexp,2024.2.5,2025-08-11 17h29.25.252105 +0200,
0,0,0,0,0,0,0,,,,,,,,,#88BA3F,771.9541745185852,False,space,correct rejection,None,1276.4015197753906,text_22,2,5,2back_dual_main_click,2,Urkilogramm,54,52,106,120,60,772.0148618221283,,,,,,,,,,20,01,yes,no,no,2025-08-11_17h25.24.357,EXNAT_4_TMS_Psychopy2024.2.5.psyexp,2024.2.5,2025-08-11 17h29.25.252105 +0200,
0,0,0,0,0,0,0,,,,,,,,,#88BA3F,773.2704539299011,False,space,correct rejection,None,744.2114353179932,text_22,3,5,2back_dual_main_click,2,ist,54,52,106,120,60,,,,,,,,,,,20,01,yes,no,no,2025-08-11_17h25.24.357,EXNAT_4_TMS_Psychopy2024.2.5.psyexp,2024.2.5,2025-08-11 17h29.25.252105 +0200,
0,0,0,0,0,0,0,,,,,,,,,#F989A2,774.053909778595,False,space,correct rejection,None,712.7583026885986,text_22,4,5,2back_dual_main_click,2,ein,54,52,106,120,60,,,,,,,,,,,20,01,yes,no,no,2025-08-11_17h25.24.357,EXNAT_4_TMS_Psychopy2024.2.5.psyexp,2024.2.5,2025-08-11 17h29.25.252105 +0200,
0,0,0,0,0,0,0,,,,,,,,,#D292F3,774.8085505962372,False,space,correct rejection,None,662.1558666229248,text_22,5,5,2back_dual_main_click,2,kleiner,54,52,106,120,60,,,,,,,,,,,20,01,yes,no,no,2025-08-11_17h25.24.357,EXNAT_4_TMS_Psychopy2024.2.5.psyexp,2024.2.5,2025-08-11 17h29.25.252105 +0200,
0,0,0,0,0,0,0,,,,,,,,,#F989A2,775.5144743919373,True,l,hit,804.2178153991699,2196.1569786071777,text_22,6,5,2back_dual_main_click,2,Metallzylinder,54,53,107,120,60,777.0148522853851,,,,,,,,,,20,01,yes,no,no,2025-08-11_17h25.24.357,EXNAT_4_TMS_Psychopy2024.2.5.psyexp,2024.2.5,2025-08-11 17h29.25.252105 +0200,
0,0,0,0,0,0,0,,,,,,,,,#2AB7EF,777.7634885311127,False,space,correct rejection,None,875.2691745758057,text_22,7,5,2back_dual_main_click,2,in,54,53,107,120,60,,,,,,,,,,,20,01,yes,no,no,2025-08-11_17h25.24.357,EXNAT_4_TMS_Psychopy2024.2.5.psyexp,2024.2.5,2025-08-11 17h29.25.252105 +0200,
0,0,0,0,0,0,0,,,,,,,,,#2AB7EF,778.6946258544922,False,space,correct rejection,None,1127.922773361206,text_22,8,5,2back_dual_main_click,2,Paris.,54,53,107,120,60,,,,,,,,,,,20,01,yes,no,no,2025-08-11_17h25.24.357,EXNAT_4_TMS_Psychopy2024.2.5.psyexp,2024.2.5,2025-08-11 17h29.25.252105 +0200,
0,0,0,0,0,0,0,,,,,,,,,#D292F3,779.8775856494904,False,space,correct rejection,None,921.1280345916748,text_22,9,5,2back_dual_main_click,2,Seit,54,53,107,120,60,,,,,,,,,,,20,01,yes,no,no,2025-08-11_17h25.24.357,EXNAT_4_TMS_Psychopy2024.2.5.psyexp,2024.2.5,2025-08-11 17h29.25.252105 +0200,
0,0,0,0,0,0,0,,,,,,,,,#2AB7EF,780.8537895679474,True,l,hit,536.8514060974121,1208.7574005126953,text_22,10,5,2back_dual_main_click,2,1889,54,54,108,120,60,782.0148324966431,,,,,,,,,,20,01,yes,no,no,2025-08-11_17h25.24.357,EXNAT_4_TMS_Psychopy2024.2.5.psyexp,2024.2.5,2025-08-11 17h29.25.252105 +0200,
0,0,0,0,0,0,0,,,,,,,,,#88BA3F,782.118469953537,False,space,correct rejection,None,1512.2110843658447,text_22,11,5,2back_dual_main_click,2,bestimmt,54,54,108,120,60,,,,,,,,,,,20,01,yes,no,no,2025-08-11_17h25.24.357,EXNAT_4_TMS_Psychopy2024.2.5.psyexp,2024.2.5,2025-08-11 17h29.25.252105 +0200,
0,0,0,0,0,0,0,,,,,,,,,#D292F3,783.6865458488464,False,space,correct rejection,None,856.1291694641113,text_22,12,5,2back_dual_main_click,2,"er,",54,54,108,120,60,,,,,,,,,,,20,01,yes,no,no,2025-08-11_17h25.24.357,EXNAT_4_TMS_Psychopy2024.2.5.psyexp,2024.2.5,2025-08-11 17h29.25.252105 +0200,
0,0,0,0,0,0,0,,,,,,,,,#F989A2,784.5958406925201,False,space,correct rejection,None,746.7617988586426,text_22,13,5,2back_dual_main_click,2,was,54,54,108,120,60,,,,,,,,,,,20,01,yes,no,no,2025-08-11_17h25.24.357,EXNAT_4_TMS_Psychopy2024.2.5.psyexp,2024.2.5,2025-08-11 17h29.25.252105 +0200,
0,0,0,0,0,0,0,,,,,,,,,#D292F3,785.3973355293274,True,l,hit,585.3331089019775,985.2662086486816,text_22,14,5,2back_dual_main_click,2,ein,54,54,108,120,60,,,,,,,,,,,20,01,yes,no,no,2025-08-11_17h25.24.357,EXNAT_4_TMS_Psychopy2024.2.5.psyexp,2024.2.5,2025-08-11 17h29.25.252105 +0200,
0,0,0,0,0,0,0,,,,,,,,,#2AB7EF,786.4378216266632,False,space,correct rejection,None,904.8724174499512,text_22,15,5,2back_dual_main_click,2,Kilogramm,55,54,109,120,60,787.0148706436157,,,,,,,,,,20,01,yes,no,no,2025-08-11_17h25.24.357,EXNAT_4_TMS_Psychopy2024.2.5.psyexp,2024.2.5,2025-08-11 17h29.25.252105 +0200,
0,0,0,0,0,0,0,,,,,,,,,#88BA3F,787.3976278305054,False,space,correct rejection,None,857.0489883422852,text_22,16,5,2back_dual_main_click,2,wiegt.,55,54,109,120,60,,,,,,,,,,,20,01,yes,no,no,2025-08-11_17h25.24.357,EXNAT_4_TMS_Psychopy2024.2.5.psyexp,2024.2.5,2025-08-11 17h29.25.252105 +0200,
0,0,0,0,0,0,0,,,,,,,,,#88BA3F,788.3106107711792,False,space,correct rejection,None,839.9972915649414,text_22,17,5,2back_dual_main_click,2,Forscher,55,54,109,120,60,,,,,,,,,,,20,01,yes,no,no,2025-08-11_17h25.24.357,EXNAT_4_TMS_Psychopy2024.2.5.psyexp,2024.2.5,2025-08-11 17h29.25.252105 +0200,
0,0,0,0,0,0,0,,,,,,,,,#2AB7EF,789.2077178955078,False,space,correct rejection,None,870.9554672241211,text_22,18,5,2back_dual_main_click,2,haben,55,54,109,120,60,,,,,,,,,,,20,01,yes,no,no,2025-08-11_17h25.24.357,EXNAT_4_TMS_Psychopy2024.2.5.psyexp,2024.2.5,2025-08-11 17h29.25.252105 +0200,
0,0,0,0,0,0,0,,,,,,,,,#F989A2,790.1333611011505,False,space,correct rejection,None,825.1285552978516,text_22,19,5,2back_dual_main_click,2,aber,55,54,109,120,60,,,,,,,,,,,20,01,yes,no,no,2025-08-11_17h25.24.357,EXNAT_4_TMS_Psychopy2024.2.5.psyexp,2024.2.5,2025-08-11 17h29.25.252105 +0200,
0,0,0,0,0,0,0,,,,,,,,,#D292F3,791.014800786972,False,space,correct rejection,None,935.8079433441162,text_22,20,5,2back_dual_main_click,2,"entdeckt,",55,54,109,120,60,,,,,,,,,,,20,01,yes,no,no,2025-08-11_17h25.24.357,EXNAT_4_TMS_Psychopy2024.2.5.psyexp,2024.2.5,2025-08-11 17h29.25.252105 +0200,
0,0,0,0,0,0,0,,,,,,,,,#2AB7EF,792.0058307647705,False,space,correct rejection,None,936.7904663085938,text_22,21,5,2back_dual_main_click,2,dass,56,54,110,120,60,792.058541059494,,,,,,,,,,20,01,yes,no,no,2025-08-11_17h25.24.357,EXNAT_4_TMS_Psychopy2024.2.5.psyexp,2024.2.5,2025-08-11 17h29.25.252105 +0200,
0,0,0,0,0,0,0,,,,,,,,,#D292F3,792.9980702400208,True,space,miss,None,728.6820411682129,text_22,22,5,2back_dual_main_click,2,das,56,54,110,120,60,,,,,,,,,,,20,01,yes,no,no,2025-08-11_17h25.24.357,EXNAT_4_TMS_Psychopy2024.2.5.psyexp,2024.2.5,2025-08-11 17h29.25.252105 +0200,
0,0,0,0,0,0,0,,,,,,,,,#F989A2,793.7813763618469,False,space,correct rejection,None,1465.4474258422852,text_22,23,5,2back_dual_main_click,2,Urkilogramm,56,54,110,120,60,,,,,,,,,,,20,01,yes,no,no,2025-08-11_17h25.24.357,EXNAT_4_TMS_Psychopy2024.2.5.psyexp,2024.2.5,2025-08-11 17h29.25.252105 +0200,
0,0,0,0,0,0,0,,,,,,,,,#88BA3F,795.2874448299408,False,space,correct rejection,None,871.2055683135986,text_22,24,5,2back_dual_main_click,2,und,56,54,110,120,60,,,,,,,,,,,20,01,yes,no,no,2025-08-11_17h25.24.357,EXNAT_4_TMS_Psychopy2024.2.5.psyexp,2024.2.5,2025-08-11 17h29.25.252105 +0200,
0,0,0,0,0,0,0,,,,,,,,,#F989A2,796.2000865936279,True,space,miss,None,758.617639541626,text_22,25,5,2back_dual_main_click,2,seine,56,54,110,120,60,,,,,,,,,,,20,01,yes,no,no,2025-08-11_17h25.24.357,EXNAT_4_TMS_Psychopy2024.2.5.psyexp,2024.2.5,2025-08-11 17h29.25.252105 +0200,
0,0,0,0,0,0,0,,,,,,,,,#88BA3F,796.9981806278229,True,l,hit,968.4309959411621,1304.4743537902832,text_22,26,5,2back_dual_main_click,2,etwa,56,55,111,120,60,797.0584306716919,,,,,,,,,,20,01,yes,no,no,2025-08-11_17h25.24.357,EXNAT_4_TMS_Psychopy2024.2.5.psyexp,2024.2.5,2025-08-11 17h29.25.252105 +0200,
0,0,0,0,0,0,0,,,,,,,,,#F989A2,798.3392868041992,True,l,hit,1003.3795833587646,1387.26806640625,text_22,27,5,2back_dual_main_click,2,40,56,55,111,120,60,,,,,,,,,,,20,01,yes,no,no,2025-08-11_17h25.24.357,EXNAT_4_TMS_Psychopy2024.2.5.psyexp,2024.2.5,2025-08-11 17h29.25.252105 +0200,
0,0,0,0,0,0,0,,,,,,,,,#F989A2,799.767147064209,False,space,correct rejection,None,631.4425468444824,text_22,28,5,2back_dual_main_click,2,Kopien,56,55,111,120,60,,,,,,,,,,,20,01,yes,no,no,2025-08-11_17h25.24.357,EXNAT_4_TMS_Psychopy2024.2.5.psyexp,2024.2.5,2025-08-11 17h29.25.252105 +0200,
0,0,0,0,0,0,0,,,,,,,,,#88BA3F,800.4378688335419,False,space,correct rejection,None,824.7137069702148,text_22,29,5,2back_dual_main_click,2,auf,56,55,111,120,60,,,,,,,,,,,20,01,yes,no,no,2025-08-11_17h25.24.357,EXNAT_4_TMS_Psychopy2024.2.5.psyexp,2024.2.5,2025-08-11 17h29.25.252105 +0200,
0,0,0,0,0,0,0,,,,,,,,,#2AB7EF,801.303685426712,False,space,correct rejection,None,950.8726596832275,text_22,30,5,2back_dual_main_click,2,der,56,55,111,120,60,,,,,,,,,,,20,01,yes,no,no,2025-08-11_17h25.24.357,EXNAT_4_TMS_Psychopy2024.2.5.psyexp,2024.2.5,2025-08-11 17h29.25.252105 +0200,
0,0,0,0,0,0,0,,,,,,,,,#D292F3,802.2944684028625,False,space,correct rejection,None,728.1942367553711,text_22,31,5,2back_dual_main_click,2,Welt,57,55,112,120,60,802.3460729122162,,,,,,,,,,20,01,yes,no,no,2025-08-11_17h25.24.357,EXNAT_4_TMS_Psychopy2024.2.5.psyexp,2024.2.5,2025-08-11 17h29.25.252105 +0200,
0,0,0,0,0,0,0,,,,,,,,,#2AB7EF,803.062041759491,True,l,hit,1400.702953338623,1800.536870956421,text_22,32,5,2back_dual_main_click,2,nicht,57,55,112,120,60,,,,,,,,,,,20,01,yes,no,no,2025-08-11_17h25.24.357,EXNAT_4_TMS_Psychopy2024.2.5.psyexp,2024.2.5,2025-08-11 17h29.25.252105 +0200,
0,0,0,0,0,0,0,,,,,,,,,#88BA3F,804.9156744480133,False,space,correct rejection,None,891.0014629364014,text_22,33,5,2back_dual_main_click,2,genau,57,55,112,120,60,,,,,,,,,,,20,01,yes,no,no,2025-08-11_17h25.24.357,EXNAT_4_TMS_Psychopy2024.2.5.psyexp,2024.2.5,2025-08-11 17h29.25.252105 +0200,
0,0,0,0,0,0,0,,,,,,,,,#D292F3,805.860654592514,False,space,correct rejection,None,745.9084987640381,text_22,34,5,2back_dual_main_click,2,gleich,57,55,112,120,60,,,,,,,,,,,20,01,yes,no,no,2025-08-11_17h25.24.357,EXNAT_4_TMS_Psychopy2024.2.5.psyexp,2024.2.5,2025-08-11 17h29.25.252105 +0200,
0,0,0,0,0,0,0,,,,,,,,,#D292F3,806.6613466739655,False,space,correct rejection,None,697.3252296447754,text_22,35,5,2back_dual_main_click,2,viel,57,55,112,120,60,,,,,,,,,,,20,01,yes,no,no,2025-08-11_17h25.24.357,EXNAT_4_TMS_Psychopy2024.2.5.psyexp,2024.2.5,2025-08-11 17h29.25.252105 +0200,
0,0,0,0,0,0,0,,,,,,,,,#2AB7EF,807.4131655693054,False,space,correct rejection,None,1097.5162982940674,text_22,36,5,2back_dual_main_click,2,wiegen.,57,55,112,120,60,,,,,,,,,,,20,01,yes,no,no,2025-08-11_17h25.24.357,EXNAT_4_TMS_Psychopy2024.2.5.psyexp,2024.2.5,2025-08-11 17h29.25.252105 +0200,
0,0,0,0,0,0,0,,,,,,,,,#88BA3F,808.5644965171814,False,space,correct rejection,None,745.9893226623535,text_22,37,5,2back_dual_main_click,2,Manche,57,55,112,120,60,,,,,,,,,,,20,01,yes,no,no,2025-08-11_17h25.24.357,EXNAT_4_TMS_Psychopy2024.2.5.psyexp,2024.2.5,2025-08-11 17h29.25.252105 +0200,
0,0,0,0,0,0,0,,,,,,,,,#D292F3,809.3640267848969,False,space,correct rejection,None,874.6135234832764,text_22,38,5,2back_dual_main_click,2,sind,57,55,112,120,60,,,,,,,,,,,20,01,yes,no,no,2025-08-11_17h25.24.357,EXNAT_4_TMS_Psychopy2024.2.5.psyexp,2024.2.5,2025-08-11 17h29.25.252105 +0200,
0,0,0,0,0,0,0,,,,,,,,,#2AB7EF,810.2799713611603,False,space,correct rejection,None,758.6591243743896,text_22,39,5,2back_dual_main_click,2,bis,57,55,112,120,60,,,,,,,,,,,20,01,yes,no,no,2025-08-11_17h25.24.357,EXNAT_4_TMS_Psychopy2024.2.5.psyexp,2024.2.5,2025-08-11 17h29.25.252105 +0200,
0,0,0,0,0,0,0,,,,,,,,,#88BA3F,811.0773773193359,False,space,correct rejection,None,729.2764186859131,text_22,40,5,2back_dual_main_click,2,zu,57,55,112,120,60,,,,,,,,,,,20,01,yes,no,no,2025-08-11_17h25.24.357,EXNAT_4_TMS_Psychopy2024.2.5.psyexp,2024.2.5,2025-08-11 17h29.25.252105 +0200,
0,0,0,0,0,0,0,,,,,,,,,#D292F3,811.8435831069946,False,space,correct rejection,None,587.1310234069824,text_22,41,5,2back_dual_main_click,2,50,57,55,112,120,60,,,,,,,,,,,20,01,yes,no,no,2025-08-11_17h25.24.357,EXNAT_4_TMS_Psychopy2024.2.5.psyexp,2024.2.5,2025-08-11 17h29.25.252105 +0200,
0,0,0,0,0,0,0,,,,,,,,,#D292F3,812.470442533493,False,space,correct rejection,None,1000.2577304840088,text_22,42,5,2back_dual_main_click,2,Mikrogramm,57,55,112,120,60,,,,,,,,,,,20,01,yes,no,no,2025-08-11_17h25.24.357,EXNAT_4_TMS_Psychopy2024.2.5.psyexp,2024.2.5,2025-08-11 17h29.25.252105 +0200,
0,0,0,0,0,0,0,,,,,,,,,#2AB7EF,813.5112154483795,False,space,correct rejection,None,663.3932590484619,text_22,43,5,2back_dual_main_click,2,schwerer.,57,55,112,120,60,,,,,,,,,,,20,01,yes,no,no,2025-08-11_17h25.24.357,EXNAT_4_TMS_Psychopy2024.2.5.psyexp,2024.2.5,2025-08-11 17h29.25.252105 +0200,
0,0,0,0,0,0,0,,,,,,,,,#2AB7EF,814.2168772220612,False,space,correct rejection,None,933.7947368621826,text_22,44,5,2back_dual_main_click,2,Grund,57,55,112,120,60,,,,,,,,,,,20,01,yes,no,no,2025-08-11_17h25.24.357,EXNAT_4_TMS_Psychopy2024.2.5.psyexp,2024.2.5,2025-08-11 17h29.25.252105 +0200,
0,0,0,0,0,0,0,,,,,,,,,#F989A2,815.1908664703369,False,space,correct rejection,None,679.8343658447266,text_22,45,5,2back_dual_main_click,2,dafür,57,55,112,120,60,,,,,,,,,,,20,01,yes,no,no,2025-08-11_17h25.24.357,EXNAT_4_TMS_Psychopy2024.2.5.psyexp,2024.2.5,2025-08-11 17h29.25.252105 +0200,
0,0,0,0,0,0,0,,,,,,,,,#88BA3F,815.9100046157837,False,space,correct rejection,None,920.6554889678955,text_22,46,5,2back_dual_main_click,2,sind,57,55,112,120,60,,,,,,,,,,,20,01,yes,no,no,2025-08-11_17h25.24.357,EXNAT_4_TMS_Psychopy2024.2.5.psyexp,2024.2.5,2025-08-11 17h29.25.252105 +0200,
0,0,0,0,0,0,0,,,,,,,,,#F989A2,816.870799779892,True,l,hit,615.8266067504883,1079.7574520111084,text_22,47,5,2back_dual_main_click,2,die,57,56,113,120,60,816.9303295612335,,,,,,,,,,20,01,yes,no,no,2025-08-11_17h25.24.357,EXNAT_4_TMS_Psychopy2024.2.5.psyexp,2024.2.5,2025-08-11 17h29.25.252105 +0200,
0,0,0,0,0,0,0,,,,,,,,,#F989A2,817.9912467002869,False,space,correct rejection,None,871.4590072631836,text_22,48,5,2back_dual_main_click,2,Ablagerungen,57,56,113,120,60,,,,,,,,,,,20,01,yes,no,no,2025-08-11_17h25.24.357,EXNAT_4_TMS_Psychopy2024.2.5.psyexp,2024.2.5,2025-08-11 17h29.25.252105 +0200,
0,0,0,0,0,0,0,,,,,,,,,#D292F3,818.9018387794495,False,space,correct rejection,None,824.8605728149414,text_22,49,5,2back_dual_main_click,2,von,57,56,113,120,60,,,,,,,,,,,20,01,yes,no,no,2025-08-11_17h25.24.357,EXNAT_4_TMS_Psychopy2024.2.5.psyexp,2024.2.5,2025-08-11 17h29.25.252105 +0200,
0,0,0,0,0,0,0,,,,,,,,,#88BA3F,819.7659895420074,False,space,correct rejection,None,1432.7075481414795,text_22,50,5,2back_dual_main_click,2,Quecksilber,57,56,113,120,60,,,,,,,,,,,20,01,yes,no,no,2025-08-11_17h25.24.357,EXNAT_4_TMS_Psychopy2024.2.5.psyexp,2024.2.5,2025-08-11 17h29.25.252105 +0200,
0,0,0,0,0,0,0,,,,,,,,,#2AB7EF,821.2385866641998,False,space,correct rejection,None,711.9793891906738,text_22,51,5,2back_dual_main_click,2,oder,58,56,114,120,60,821.9302687644958,,,,,,,,,,20,01,yes,no,no,2025-08-11_17h25.24.357,EXNAT_4_TMS_Psychopy2024.2.5.psyexp,2024.2.5,2025-08-11 17h29.25.252105 +0200,
0,0,0,0,0,0,0,,,,,,,,,#F989A2,821.9902741909027,False,space,correct rejection,None,888.4291648864746,text_22,52,5,2back_dual_main_click,2,Kohlenstoff,58,56,114,120,60,,,,,,,,,,,20,01,yes,no,no,2025-08-11_17h25.24.357,EXNAT_4_TMS_Psychopy2024.2.5.psyexp,2024.2.5,2025-08-11 17h29.25.252105 +0200,
0,0,0,0,0,0,0,,,,,,,,,#88BA3F,822.9213738441467,False,space,correct rejection,None,869.2944049835205,text_22,53,5,2back_dual_main_click,2,auf,58,56,114,120,60,,,,,,,,,,,20,01,yes,no,no,2025-08-11_17h25.24.357,EXNAT_4_TMS_Psychopy2024.2.5.psyexp,2024.2.5,2025-08-11 17h29.25.252105 +0200,
0,0,0,0,0,0,0,,,,,,,,,#D292F3,823.8297686576843,False,space,correct rejection,None,632.8513622283936,text_22,54,5,2back_dual_main_click,2,der,58,56,114,120,60,,,,,,,,,,,20,01,yes,no,no,2025-08-11_17h25.24.357,EXNAT_4_TMS_Psychopy2024.2.5.psyexp,2024.2.5,2025-08-11 17h29.25.252105 +0200,
0,0,0,0,0,0,0,,,,,,,,,#2AB7EF,824.5039718151093,False,space,correct rejection,None,918.7231063842773,text_22,55,5,2back_dual_main_click,2,Oberfläche.,58,56,114,120,60,,,,,,,,,,,20,01,yes,no,no,2025-08-11_17h25.24.357,EXNAT_4_TMS_Psychopy2024.2.5.psyexp,2024.2.5,2025-08-11 17h29.25.252105 +0200,
0,0,0,0,0,0,0,,,,,,,,,#F989A2,825.4621448516846,False,space,correct rejection,None,1208.5156440734863,text_22,56,5,2back_dual_main_click,2,Auch,58,56,114,120,60,,,,,,,,,,,20,01,yes,no,no,2025-08-11_17h25.24.357,EXNAT_4_TMS_Psychopy2024.2.5.psyexp,2024.2.5,2025-08-11 17h29.25.252105 +0200,
0,0,0,0,0,0,0,,,,,,,,,#2AB7EF,826.7089712619781,True,space,miss,None,713.7105464935303,text_22,57,5,2back_dual_main_click,2,Wasserstoff,58,57,115,120,60,826.9303004741669,,,,,,,,,,20,01,yes,no,no,2025-08-11_17h25.24.357,EXNAT_4_TMS_Psychopy2024.2.5.psyexp,2024.2.5,2025-08-11 17h29.25.252105 +0200,
0,0,0,0,0,0,0,,,,,,,,,#D292F3,827.4613873958588,False,space,correct rejection,None,665.2286052703857,text_22,58,5,2back_dual_main_click,2,kann,58,57,115,120,60,,,,,,,,,,,20,01,yes,no,no,2025-08-11_17h25.24.357,EXNAT_4_TMS_Psychopy2024.2.5.psyexp,2024.2.5,2025-08-11 17h29.25.252105 +0200,
0,0,0,0,0,0,0,,,,,,,,,#F989A2,828.1668684482574,False,space,correct rejection,None,647.8147506713867,text_22,59,5,2back_dual_main_click,2,entweichen.,58,57,115,120,60,,,,,,,,,,,20,01,yes,no,no,2025-08-11_17h25.24.357,EXNAT_4_TMS_Psychopy2024.2.5.psyexp,2024.2.5,2025-08-11 17h29.25.252105 +0200,
0,0,0,0,0,0,0,,,,,,,,,#88BA3F,828.8544230461121,False,space,correct rejection,None,792.2663688659668,text_22,60,5,2back_dual_main_click,2,Mechanische,58,57,115,120,60,,,,,,,,,,,20,01,yes,no,no,2025-08-11_17h25.24.357,EXNAT_4_TMS_Psychopy2024.2.5.psyexp,2024.2.5,2025-08-11 17h29.25.252105 +0200,
0,0,0,0,0,0,0,,,,,,,,,#88BA3F,829.6878826618195,False,space,correct rejection,None,758.7947845458984,text_22,61,5,2back_dual_main_click,2,"Reinigungsmethoden,",58,57,115,120,60,,,,,,,,,,,20,01,yes,no,no,2025-08-11_17h25.24.357,EXNAT_4_TMS_Psychopy2024.2.5.psyexp,2024.2.5,2025-08-11 17h29.25.252105 +0200,
0,0,0,0,0,0,0,,,,,,,,,#F989A2,830.4869794845581,False,space,correct rejection,None,791.6879653930664,text_22,62,5,2back_dual_main_click,2,wie,58,57,115,120,60,,,,,,,,,,,20,01,yes,no,no,2025-08-11_17h25.24.357,EXNAT_4_TMS_Psychopy2024.2.5.psyexp,2024.2.5,2025-08-11 17h29.25.252105 +0200,
0,0,0,0,0,0,0,,,,,,,,,#F989A2,831.3202118873596,False,space,correct rejection,None,582.3798179626465,text_22,63,5,2back_dual_main_click,2,"Schrubben,",58,57,115,120,60,,,,,,,,,,,20,01,yes,no,no,2025-08-11_17h25.24.357,EXNAT_4_TMS_Psychopy2024.2.5.psyexp,2024.2.5,2025-08-11 17h29.25.252105 +0200,
0,0,0,0,0,0,0,,,,,,,,,#2AB7EF,831.9415805339813,False,space,correct rejection,None,601.0897159576416,text_22,64,5,2back_dual_main_click,2,sind,59,57,116,120,60,831.9978828430176,,,,,,,,,,20,01,yes,no,no,2025-08-11_17h25.24.357,EXNAT_4_TMS_Psychopy2024.2.5.psyexp,2024.2.5,2025-08-11 17h29.25.252105 +0200,
0,0,0,0,0,0,0,,,,,,,,,#2AB7EF,832.5838015079498,False,space,correct rejection,None,598.7687110900879,text_22,65,5,2back_dual_main_click,2,nicht,59,57,116,120,60,,,,,,,,,,,20,01,yes,no,no,2025-08-11_17h25.24.357,EXNAT_4_TMS_Psychopy2024.2.5.psyexp,2024.2.5,2025-08-11 17h29.25.252105 +0200,
0,0,0,0,0,0,0,,,,,,,,,#88BA3F,833.2218005657196,False,space,correct rejection,None,824.9337673187256,text_22,66,5,2back_dual_main_click,2,"ideal,",59,57,116,120,60,,,,,,,,,,,20,01,yes,no,no,2025-08-11_17h25.24.357,EXNAT_4_TMS_Psychopy2024.2.5.psyexp,2024.2.5,2025-08-11 17h29.25.252105 +0200,
0,0,0,0,0,0,0,,,,,,,,,#2AB7EF,834.0870423316956,True,l,hit,823.6868381500244,1271.5954780578613,text_22,67,5,2back_dual_main_click,2,da,59,57,116,120,60,,,,,,,,,,,20,01,yes,no,no,2025-08-11_17h25.24.357,EXNAT_4_TMS_Psychopy2024.2.5.psyexp,2024.2.5,2025-08-11 17h29.25.252105 +0200,
0,0,0,0,0,0,0,,,,,,,,,#D292F3,835.3997876644135,False,space,correct rejection,None,774.8928070068359,text_22,68,5,2back_dual_main_click,2,sie,59,57,116,120,60,,,,,,,,,,,20,01,yes,no,no,2025-08-11_17h25.24.357,EXNAT_4_TMS_Psychopy2024.2.5.psyexp,2024.2.5,2025-08-11 17h29.25.252105 +0200,
0,0,0,0,0,0,0,,,,,,,,,#D292F3,836.2116568088531,False,space,correct rejection,None,650.9637832641602,text_22,69,5,2back_dual_main_click,2,die,59,57,116,120,60,,,,,,,,,,,20,01,yes,no,no,2025-08-11_17h25.24.357,EXNAT_4_TMS_Psychopy2024.2.5.psyexp,2024.2.5,2025-08-11 17h29.25.252105 +0200,
0,0,0,0,0,0,0,,,,,,,,,#D292F3,836.9027750492096,True,l,hit,519.911527633667,1063.7922286987305,text_22,70,5,2back_dual_main_click,2,Zylinder,59,58,117,120,60,836.9980127811432,,,,,,,,,,20,01,yes,no,no,2025-08-11_17h25.24.357,EXNAT_4_TMS_Psychopy2024.2.5.psyexp,2024.2.5,2025-08-11 17h29.25.252105 +0200,
0,0,0,0,0,0,0,,,,,,,,,#88BA3F,838.0074048042297,False,space,correct rejection,None,1079.32710647583,text_22,71,5,2back_dual_main_click,2,unterschiedlich,59,58,117,120,60,,,,,,,,,,,20,01,yes,no,no,2025-08-11_17h25.24.357,EXNAT_4_TMS_Psychopy2024.2.5.psyexp,2024.2.5,2025-08-11 17h29.25.252105 +0200,
0,0,0,0,0,0,0,,,,,,,,,#F989A2,839.1265342235565,False,space,correct rejection,None,1032.1669578552246,text_22,72,5,2back_dual_main_click,2,beeinflussen,59,58,117,120,60,,,,,,,,,,,20,01,yes,no,no,2025-08-11_17h25.24.357,EXNAT_4_TMS_Psychopy2024.2.5.psyexp,2024.2.5,2025-08-11 17h29.25.252105 +0200,
0,0,0,0,0,0,0,,,,,,,,,#F989A2,840.2000291347504,False,space,correct rejection,None,1478.5876274108887,text_22,73,5,2back_dual_main_click,2,können.,59,58,117,120,60,,,,,,,,,,,20,01,yes,no,no,2025-08-11_17h25.24.357,EXNAT_4_TMS_Psychopy2024.2.5.psyexp,2024.2.5,2025-08-11 17h29.25.252105 +0200,
0,0,0,0,0,0,0,,,,,,,,,#2AB7EF,841.7206177711487,False,space,correct rejection,None,854.0444374084473,text_22,74,5,2back_dual_main_click,2,Britische,60,58,118,120,60,841.9979202747345,,,,,,,,,,20,01,yes,no,no,2025-08-11_17h25.24.357,EXNAT_4_TMS_Psychopy2024.2.5.psyexp,2024.2.5,2025-08-11 17h29.25.252105 +0200,
0,0,0,0,0,0,0,,,,,,,,,#D292F3,842.6143176555634,False,space,correct rejection,None,840.4238224029541,text_22,75,5,2back_dual_main_click,2,Forscher,60,58,118,120,60,,,,,,,,,,,20,01,yes,no,no,2025-08-11_17h25.24.357,EXNAT_4_TMS_Psychopy2024.2.5.psyexp,2024.2.5,2025-08-11 17h29.25.252105 +0200,
0,0,0,0,0,0,0,,,,,,,,,#88BA3F,843.4920656681061,False,space,correct rejection,None,794.5797443389893,text_22,76,5,2back_dual_main_click,2,schlagen,60,58,118,120,60,,,,,,,,,,,20,01,yes,no,no,2025-08-11_17h25.24.357,EXNAT_4_TMS_Psychopy2024.2.5.psyexp,2024.2.5,2025-08-11 17h29.25.252105 +0200,
0,0,0,0,0,0,0,,,,,,,,,#F989A2,844.3235223293304,False,space,correct rejection,None,907.1080684661865,text_22,77,5,2back_dual_main_click,2,nun,60,58,118,120,60,,,,,,,,,,,20,01,yes,no,no,2025-08-11_17h25.24.357,EXNAT_4_TMS_Psychopy2024.2.5.psyexp,2024.2.5,2025-08-11 17h29.25.252105 +0200,
0,0,0,0,0,0,0,,,,,,,,,#2AB7EF,845.2689712047577,False,space,correct rejection,None,1273.6902236938477,text_22,78,5,2back_dual_main_click,2,eine,60,58,118,120,60,,,,,,,,,,,20,01,yes,no,no,2025-08-11_17h25.24.357,EXNAT_4_TMS_Psychopy2024.2.5.psyexp,2024.2.5,2025-08-11 17h29.25.252105 +0200,
0,0,0,0,0,0,0,,,,,,,,,#D292F3,846.5799565315247,False,space,correct rejection,None,746.7350959777832,text_22,79,5,2back_dual_main_click,2,neue,60,58,118,120,60,,,,,,,,,,,20,01,yes,no,no,2025-08-11_17h25.24.357,EXNAT_4_TMS_Psychopy2024.2.5.psyexp,2024.2.5,2025-08-11 17h29.25.252105 +0200,
0,0,0,0,0,0,0,,,,,,,,,#D292F3,847.3657343387604,False,space,correct rejection,None,696.9077587127686,text_22,80,5,2back_dual_main_click,2,Reinigung,60,58,118,120,60,,,,,,,,,,,20,01,yes,no,no,2025-08-11_17h25.24.357,EXNAT_4_TMS_Psychopy2024.2.5.psyexp,2024.2.5,2025-08-11 17h29.25.252105 +0200,
0,0,0,0,0,0,0,,,,,,,,,#2AB7EF,848.1026122570038,False,space,correct rejection,None,712.1260166168213,text_22,81,5,2back_dual_main_click,2,vor.,60,58,118,120,60,,,,,,,,,,,20,01,yes,no,no,2025-08-11_17h25.24.357,EXNAT_4_TMS_Psychopy2024.2.5.psyexp,2024.2.5,2025-08-11 17h29.25.252105 +0200,
0,0,0,0,0,0,0,,,,,,,,,#F989A2,848.8532981872559,False,space,correct rejection,None,873.1951713562012,text_22,82,5,2back_dual_main_click,2,Die,60,58,118,120,60,,,,,,,,,,,20,01,yes,no,no,2025-08-11_17h25.24.357,EXNAT_4_TMS_Psychopy2024.2.5.psyexp,2024.2.5,2025-08-11 17h29.25.252105 +0200,
0,0,0,0,0,0,0,,,,,,,,,#88BA3F,849.7668371200562,False,space,correct rejection,None,823.8286972045898,text_22,83,5,2back_dual_main_click,2,Zylinder,60,58,118,120,60,,,,,,,,,,,20,01,yes,no,no,2025-08-11_17h25.24.357,EXNAT_4_TMS_Psychopy2024.2.5.psyexp,2024.2.5,2025-08-11 17h29.25.252105 +0200,
0,0,0,0,0,0,0,,,,,,,,,#88BA3F,850.6312282085419,False,space,correct rejection,None,727.4417877197266,text_22,84,5,2back_dual_main_click,2,werden,60,58,118,120,60,,,,,,,,,,,20,01,yes,no,no,2025-08-11_17h25.24.357,EXNAT_4_TMS_Psychopy2024.2.5.psyexp,2024.2.5,2025-08-11 17h29.25.252105 +0200,
0,0,0,0,0,0,0,,,,,,,,,#D292F3,851.3963141441345,False,space,correct rejection,None,826.2922763824463,text_22,85,5,2back_dual_main_click,2,in,60,58,118,120,60,,,,,,,,,,,20,01,yes,no,no,2025-08-11_17h25.24.357,EXNAT_4_TMS_Psychopy2024.2.5.psyexp,2024.2.5,2025-08-11 17h29.25.252105 +0200,
0,0,0,0,0,0,0,,,,,,,,,#D292F3,852.2626869678497,False,space,correct rejection,None,935.9607696533203,text_22,86,5,2back_dual_main_click,2,Methanol,60,58,118,120,60,,,,,,,,,,,20,01,yes,no,no,2025-08-11_17h25.24.357,EXNAT_4_TMS_Psychopy2024.2.5.psyexp,2024.2.5,2025-08-11 17h29.25.252105 +0200,
0,0,0,0,0,0,0,,,,,,,,,#F989A2,853.2374541759491,False,space,correct rejection,None,761.2097263336182,text_22,87,5,2back_dual_main_click,2,und,60,58,118,120,60,,,,,,,,,,,20,01,yes,no,no,2025-08-11_17h25.24.357,EXNAT_4_TMS_Psychopy2024.2.5.psyexp,2024.2.5,2025-08-11 17h29.25.252105 +0200,
0,0,0,0,0,0,0,,,,,,,,,#2AB7EF,854.0402348041534,False,space,correct rejection,None,1014.4283771514893,text_22,88,5,2back_dual_main_click,2,Wasser,60,58,118,120,60,,,,,,,,,,,20,01,yes,no,no,2025-08-11_17h25.24.357,EXNAT_4_TMS_Psychopy2024.2.5.psyexp,2024.2.5,2025-08-11 17h29.25.252105 +0200,
0,0,0,0,0,0,0,,,,,,,,,#88BA3F,855.0959198474884,False,space,correct rejection,None,710.761547088623,text_22,89,5,2back_dual_main_click,2,gelegt,60,58,118,120,60,,,,,,,,,,,20,01,yes,no,no,2025-08-11_17h25.24.357,EXNAT_4_TMS_Psychopy2024.2.5.psyexp,2024.2.5,2025-08-11 17h29.25.252105 +0200,
0,0,0,0,0,0,0,,,,,,,,,#2AB7EF,855.8473942279816,True,l,hit,567.2922134399414,1079.2419910430908,text_22,90,5,2back_dual_main_click,2,und,60,59,119,120,60,855.9002976417542,,,,,,,,,,20,01,yes,no,no,2025-08-11_17h25.24.357,EXNAT_4_TMS_Psychopy2024.2.5.psyexp,2024.2.5,2025-08-11 17h29.25.252105 +0200,
0,0,0,0,0,0,0,,,,,,,,,#F989A2,856.9671773910522,False,space,correct rejection,None,967.5390720367432,text_22,91,5,2back_dual_main_click,2,dann,60,59,119,120,60,,,,,,,,,,,20,01,yes,no,no,2025-08-11_17h25.24.357,EXNAT_4_TMS_Psychopy2024.2.5.psyexp,2024.2.5,2025-08-11 17h29.25.252105 +0200,
0,0,0,0,0,0,0,,,,,,,,,#88BA3F,857.9742732048035,False,space,correct rejection,None,2216.4790630340576,text_22,92,5,2back_dual_main_click,2,mit,60,59,119,120,60,,,,,,,,,,,20,01,yes,no,no,2025-08-11_17h25.24.357,EXNAT_4_TMS_Psychopy2024.2.5.psyexp,2024.2.5,2025-08-11 17h29.25.252105 +0200,
0,0,0,0,0,0,0,,,,,,,,,#88BA3F,860.2465860843658,False,space,correct rejection,None,648.0793952941895,text_22,93,5,2back_dual_main_click,2,UV-Licht,60,59,119,120,60,,,,,,,,,,,20,01,yes,no,no,2025-08-11_17h25.24.357,EXNAT_4_TMS_Psychopy2024.2.5.psyexp,2024.2.5,2025-08-11 17h29.25.252105 +0200,
0,0,0,0,0,0,0,,,,,,,,,#2AB7EF,860.9503781795502,False,space,correct rejection,None,568.2766437530518,text_22,94,5,2back_dual_main_click,2,in,60,59,119,120,60,,,,,,,,,,,20,01,yes,no,no,2025-08-11_17h25.24.357,EXNAT_4_TMS_Psychopy2024.2.5.psyexp,2024.2.5,2025-08-11 17h29.25.252105 +0200,
0,0,0,0,0,0,0,,,,,,,,,#D292F3,861.5735409259796,False,space,correct rejection,None,1049.241065979004,text_22,95,5,2back_dual_main_click,2,ozonreicher,60,59,119,120,60,,,,,,,,,,,20,01,yes,no,no,2025-08-11_17h25.24.357,EXNAT_4_TMS_Psychopy2024.2.5.psyexp,2024.2.5,2025-08-11 17h29.25.252105 +0200,
0,0,0,0,0,0,0,,,,,,,,,#F989A2,862.67857670784,False,space,correct rejection,None,920.1686382293701,text_22,96,5,2back_dual_main_click,2,Umgebung,60,59,119,120,60,,,,,,,,,,,20,01,yes,no,no,2025-08-11_17h25.24.357,EXNAT_4_TMS_Psychopy2024.2.5.psyexp,2024.2.5,2025-08-11 17h29.25.252105 +0200,
0,0,0,0,0,0,0,,,,,,,,,#2AB7EF,863.6572082042694,False,space,correct rejection,None,1109.4965934753418,text_22,97,5,2back_dual_main_click,2,bestrahlt.,60,59,119,120,60,,,,,,,,,,,20,01,yes,no,no,2025-08-11_17h25.24.357,EXNAT_4_TMS_Psychopy2024.2.5.psyexp,2024.2.5,2025-08-11 17h29.25.252105 +0200,
0,0,0,0,0,0,0,,,,,,,,,#F989A2,864.821230173111,True,space,miss,None,969.3293571472168,text_22,98,5,2back_dual_main_click,2,Dies,60,59,119,120,60,,,,,,,,,,,20,01,yes,no,no,2025-08-11_17h25.24.357,EXNAT_4_TMS_Psychopy2024.2.5.psyexp,2024.2.5,2025-08-11 17h29.25.252105 +0200,
0,0,0,0,0,0,0,,,,,,,,,#F989A2,865.8456611633301,False,space,correct rejection,None,553.0481338500977,text_22,99,5,2back_dual_main_click,2,ist,60,59,119,120,60,,,,,,,,,,,20,01,yes,no,no,2025-08-11_17h25.24.357,EXNAT_4_TMS_Psychopy2024.2.5.psyexp,2024.2.5,2025-08-11 17h29.25.252105 +0200,
0,0,0,0,0,0,0,,,,,,,,,#F989A2,866.4530289173126,True,l,hit,569.68092918396,1097.6171493530273,text_22,100,5,2back_dual_main_click,2,zwar,60,60,120,120,inf,866.5067138671875,,,,,,,,,,20,01,yes,no,no,2025-08-11_17h25.24.357,EXNAT_4_TMS_Psychopy2024.2.5.psyexp,2024.2.5,2025-08-11 17h29.25.252105 +0200,
0,0,0,0,0,0,0,,,,,,,,,#D292F3,867.6081876754761,False,space,correct rejection,None,806.551456451416,text_22,101,5,2back_dual_main_click,2,"schonender,",60,60,120,120,inf,,,,,,,,,,,20,01,yes,no,no,2025-08-11_17h25.24.357,EXNAT_4_TMS_Psychopy2024.2.5.psyexp,2024.2.5,2025-08-11 17h29.25.252105 +0200,
0,0,0,0,0,0,0,,,,,,,,,#88BA3F,868.4702274799347,False,space,correct rejection,None,600.4858016967773,text_22,102,5,2back_dual_main_click,2,führt,60,60,120,120,inf,,,,,,,,,,,20,01,yes,no,no,2025-08-11_17h25.24.357,EXNAT_4_TMS_Psychopy2024.2.5.psyexp,2024.2.5,2025-08-11 17h29.25.252105 +0200,
0,0,0,0,0,0,0,,,,,,,,,#2AB7EF,869.1247634887695,False,space,correct rejection,None,873.9395141601562,text_22,103,5,2back_dual_main_click,2,aber,60,60,120,120,inf,,,,,,,,,,,20,01,yes,no,no,2025-08-11_17h25.24.357,EXNAT_4_TMS_Psychopy2024.2.5.psyexp,2024.2.5,2025-08-11 17h29.25.252105 +0200,
0,0,0,0,0,0,0,,,,,,,,,#2AB7EF,870.0561099052429,False,space,correct rejection,None,582.5855731964111,text_22,104,5,2back_dual_main_click,2,auch,60,60,120,120,inf,,,,,,,,,,,20,01,yes,no,no,2025-08-11_17h25.24.357,EXNAT_4_TMS_Psychopy2024.2.5.psyexp,2024.2.5,2025-08-11 17h29.25.252105 +0200,
0,0,0,0,0,0,0,,,,,,,,,#D292F3,870.6949048042297,False,space,correct rejection,None,551.837682723999,text_22,105,5,2back_dual_main_click,2,zum,60,60,120,120,inf,,,,,,,,,,,20,01,yes,no,no,2025-08-11_17h25.24.357,EXNAT_4_TMS_Psychopy2024.2.5.psyexp,2024.2.5,2025-08-11 17h29.25.252105 +0200,
0,0,0,0,0,0,0,,,,,,,,,#88BA3F,871.3016467094421,False,space,correct rejection,None,745.0520992279053,text_22,106,5,2back_dual_main_click,2,schnellerem,60,60,120,120,inf,,,,,,,,,,,20,01,yes,no,no,2025-08-11_17h25.24.357,EXNAT_4_TMS_Psychopy2024.2.5.psyexp,2024.2.5,2025-08-11 17h29.25.252105 +0200,
0,0,0,0,0,0,0,,,,,,,,,#D292F3,872.0875368118286,True,l,hit,519.155740737915,1063.070297241211,text_22,107,5,2back_dual_main_click,2,Absetzen,60,61,121,120,inf,872.1408467292786,,,,,,,,,,20,01,yes,no,no,2025-08-11_17h25.24.357,EXNAT_4_TMS_Psychopy2024.2.5.psyexp,2024.2.5,2025-08-11 17h29.25.252105 +0200,
0,0,0,0,0,0,0,,,,,,,,,#88BA3F,873.1932513713837,True,space,miss,None,709.5320224761963,text_22,108,5,2back_dual_main_click,2,neuer,60,61,121,120,inf,,,,,,,,,,,20,01,yes,no,no,2025-08-11_17h25.24.357,EXNAT_4_TMS_Psychopy2024.2.5.psyexp,2024.2.5,2025-08-11 17h29.25.252105 +0200,
0,0,0,0,0,0,0,,,,,,,,,#88BA3F,873.9419095516205,False,space,correct rejection,None,712.897539138794,text_22,109,5,2back_dual_main_click,2,Moleküle.,60,61,121,120,inf,,,,,,,,,,,20,01,yes,no,no,2025-08-11_17h25.24.357,EXNAT_4_TMS_Psychopy2024.2.5.psyexp,2024.2.5,2025-08-11 17h29.25.252105 +0200,
0,0,0,0,0,0,0,,,,,,,,,#88BA3F,874.6963272094727,True,space,miss,None,950.4497051239014,text_22,110,5,2back_dual_main_click,2,In,60,61,121,120,inf,,,,,,,,,,,20,01,yes,no,no,2025-08-11_17h25.24.357,EXNAT_4_TMS_Psychopy2024.2.5.psyexp,2024.2.5,2025-08-11 17h29.25.252105 +0200,
0,0,0,0,0,0,0,,,,,,,,,#F989A2,875.6873822212219,False,space,correct rejection,None,1111.4308834075928,text_22,111,5,2back_dual_main_click,2,Zukunft,60,61,121,120,inf,,,,,,,,,,,20,01,yes,no,no,2025-08-11_17h25.24.357,EXNAT_4_TMS_Psychopy2024.2.5.psyexp,2024.2.5,2025-08-11 17h29.25.252105 +0200,
0,0,0,0,0,0,0,,,,,,,,,#2AB7EF,876.8363215923309,False,space,correct rejection,None,730.445146560669,text_22,112,5,2back_dual_main_click,2,soll,61,61,122,120,inf,877.1408441066742,,,,,,,,,,20,01,yes,no,no,2025-08-11_17h25.24.357,EXNAT_4_TMS_Psychopy2024.2.5.psyexp,2024.2.5,2025-08-11 17h29.25.252105 +0200,
0,0,0,0,0,0,0,,,,,,,,,#F989A2,877.6063828468323,True,space,miss,None,1016.3936614990234,text_22,113,5,2back_dual_main_click,2,das,61,61,122,120,inf,,,,,,,,,,,20,01,yes,no,no,2025-08-11_17h25.24.357,EXNAT_4_TMS_Psychopy2024.2.5.psyexp,2024.2.5,2025-08-11 17h29.25.252105 +0200,
0,0,0,0,0,0,0,,,,,,,,,#88BA3F,878.6625866889954,False,space,correct rejection,None,968.2574272155762,text_22,114,5,2back_dual_main_click,2,Kilogramm,61,61,122,120,inf,,,,,,,,,,,20,01,yes,no,no,2025-08-11_17h25.24.357,EXNAT_4_TMS_Psychopy2024.2.5.psyexp,2024.2.5,2025-08-11 17h29.25.252105 +0200,
0,0,0,0,0,0,0,,,,,,,,,#D292F3,879.6721985340118,False,space,correct rejection,None,598.5665321350098,text_22,115,5,2back_dual_main_click,2,mit,61,61,122,120,inf,,,,,,,,,,,20,01,yes,no,no,2025-08-11_17h25.24.357,EXNAT_4_TMS_Psychopy2024.2.5.psyexp,2024.2.5,2025-08-11 17h29.25.252105 +0200,
0,0,0,0,0,0,0,,,,,,,,,#F989A2,880.3106923103333,False,space,correct rejection,None,760.063886642456,text_22,116,5,2back_dual_main_click,2,genaueren,61,61,122,120,inf,,,,,,,,,,,20,01,yes,no,no,2025-08-11_17h25.24.357,EXNAT_4_TMS_Psychopy2024.2.5.psyexp,2024.2.5,2025-08-11 17h29.25.252105 +0200,
0,0,0,0,0,0,0,,,,,,,,,#2AB7EF,881.1103444099426,False,space,correct rejection,None,904.2880535125732,text_22,117,5,2back_dual_main_click,2,Methoden,61,61,122,120,inf,,,,,,,,,,,20,01,yes,no,no,2025-08-11_17h25.24.357,EXNAT_4_TMS_Psychopy2024.2.5.psyexp,2024.2.5,2025-08-11 17h29.25.252105 +0200,
0,0,0,0,0,0,0,,,,,,,,,#D292F3,882.0550677776337,False,space,correct rejection,None,1223.729133605957,text_22,118,5,2back_dual_main_click,2,wie,61,61,122,120,inf,,,,,,,,,,,20,01,yes,no,no,2025-08-11_17h25.24.357,EXNAT_4_TMS_Psychopy2024.2.5.psyexp,2024.2.5,2025-08-11 17h29.25.252105 +0200,
0,0,0,0,0,0,0,,,,,,,,,#2AB7EF,883.3326938152313,True,l,hit,473.84095191955566,937.9720687866211,text_22,119,5,2back_dual_main_click,2,der,61,62,123,120,inf,883.3845345973969,,,,,,,,,,20,01,yes,no,no,2025-08-11_17h25.24.357,EXNAT_4_TMS_Psychopy2024.2.5.psyexp,2024.2.5,2025-08-11 17h29.25.252105 +0200,
0,0,0,0,0,0,0,,,,,,,,,#D292F3,884.3263547420502,True,space,miss,None,1288.358449935913,text_22,120,5,2back_dual_main_click,2,Watt-Waage,61,62,123,120,inf,,,,,,,,,,,20,01,yes,no,no,2025-08-11_17h25.24.357,EXNAT_4_TMS_Psychopy2024.2.5.psyexp,2024.2.5,2025-08-11 17h29.25.252105 +0200,
0,0,0,0,0,0,0,,,,,,,,,#D292F3,885.6527605056763,False,space,correct rejection,None,601.9937992095947,text_22,121,5,2back_dual_main_click,2,oder,61,62,123,120,inf,,,,,,,,,,,20,01,yes,no,no,2025-08-11_17h25.24.357,EXNAT_4_TMS_Psychopy2024.2.5.psyexp,2024.2.5,2025-08-11 17h29.25.252105 +0200,
0,0,0,0,0,0,0,,,,,,,,,#D292F3,886.3008842468262,True,l,hit,497.880220413208,977.8001308441162,text_22,122,5,2back_dual_main_click,2,dem,61,62,123,120,inf,,,,,,,,,,,20,01,yes,no,no,2025-08-11_17h25.24.357,EXNAT_4_TMS_Psychopy2024.2.5.psyexp,2024.2.5,2025-08-11 17h29.25.252105 +0200,
0,0,0,0,0,0,0,,,,,,,,,#F989A2,887.3355629444122,False,space,correct rejection,None,2567.260980606079,text_22,123,5,2back_dual_main_click,2,Avogadro-Projekt,62,62,124,120,inf,888.3844079971313,,,,,,,,,,20,01,yes,no,no,2025-08-11_17h25.24.357,EXNAT_4_TMS_Psychopy2024.2.5.psyexp,2024.2.5,2025-08-11 17h29.25.252105 +0200,
0,0,0,0,0,0,0,,,,,,,,,#D292F3,889.9578161239624,True,space,miss,None,1096.9243049621582,text_22,124,5,2back_dual_main_click,2,bestimmt,62,62,124,120,inf,,,,,,,,,,,20,01,yes,no,no,2025-08-11_17h25.24.357,EXNAT_4_TMS_Psychopy2024.2.5.psyexp,2024.2.5,2025-08-11 17h29.25.252105 +0200,
0,0,0,0,0,0,0,,,,,,,,,#2AB7EF,891.0930380821228,False,space,correct rejection,None,1001.7831325531006,text_22,125,5,2back_dual_main_click,2,werden.,62,62,124,120,inf,,,,,,,,,,,20,01,yes,no,no,2025-08-11_17h25.24.357,EXNAT_4_TMS_Psychopy2024.2.5.psyexp,2024.2.5,2025-08-11 17h29.25.252105 +0200,
0,0,0,0,0,0,0,,,,,,,,,#2AB7EF,892.1365993022919,False,space,correct rejection,None,662.2035503387451,text_22,126,5,2back_dual_main_click,2,Dabei,62,62,124,120,inf,,,,,,,,,,,20,01,yes,no,no,2025-08-11_17h25.24.357,EXNAT_4_TMS_Psychopy2024.2.5.psyexp,2024.2.5,2025-08-11 17h29.25.252105 +0200,
0,0,0,0,0,0,0,,,,,,,,,#F989A2,892.8381216526031,False,space,correct rejection,None,1000.7493495941162,text_22,127,5,2back_dual_main_click,2,würde,63,62,125,120,inf,893.3844566345215,,,,,,,,,,20,01,yes,no,no,2025-08-11_17h25.24.357,EXNAT_4_TMS_Psychopy2024.2.5.psyexp,2024.2.5,2025-08-11 17h29.25.252105 +0200,
0,0,0,0,0,0,0,,,,,,,,,#2AB7EF,893.8751549720764,True,l,hit,715.5542373657227,1259.5226764678955,text_22,128,5,2back_dual_main_click,2,die,63,62,125,120,inf,,,,,,,,,,,20,01,yes,no,no,2025-08-11_17h25.24.357,EXNAT_4_TMS_Psychopy2024.2.5.psyexp,2024.2.5,2025-08-11 17h29.25.252105 +0200,
0,0,0,0,0,0,0,,,,,,,,,#88BA3F,895.1890270709991,False,space,correct rejection,None,1001.6977787017822,text_22,129,5,2back_dual_main_click,2,Masse,63,62,125,120,inf,,,,,,,,,,,20,01,yes,no,no,2025-08-11_17h25.24.357,EXNAT_4_TMS_Psychopy2024.2.5.psyexp,2024.2.5,2025-08-11 17h29.25.252105 +0200,
0,0,0,0,0,0,0,,,,,,,,,#88BA3F,896.2452170848846,False,space,correct rejection,None,617.4716949462891,text_22,130,5,2back_dual_main_click,2,über,63,62,125,120,inf,,,,,,,,,,,20,01,yes,no,no,2025-08-11_17h25.24.357,EXNAT_4_TMS_Psychopy2024.2.5.psyexp,2024.2.5,2025-08-11 17h29.25.252105 +0200,
0,0,0,0,0,0,0,,,,,,,,,#F989A2,896.9197175502777,False,space,correct rejection,None,966.9444561004639,text_22,131,5,2back_dual_main_click,2,physikalische,63,62,125,120,inf,,,,,,,,,,,20,01,yes,no,no,2025-08-11_17h25.24.357,EXNAT_4_TMS_Psychopy2024.2.5.psyexp,2024.2.5,2025-08-11 17h29.25.252105 +0200,
0,0,0,0,0,0,0,,,,,,,,,#88BA3F,897.9438126087189,True,space,miss,None,2214.799404144287,text_22,132,5,2back_dual_main_click,2,Konstanten,63,63,126,120,inf,898.3844084739685,,,,,,,,,,20,01,yes,no,no,2025-08-11_17h25.24.357,EXNAT_4_TMS_Psychopy2024.2.5.psyexp,2024.2.5,2025-08-11 17h29.25.252105 +0200,
0,0,0,0,0,0,0,,,,,,,,,#F989A2,900.215075969696,True,space,miss,None,887.6607418060303,text_22,133,5,2back_dual_main_click,2,"bestimmt,",63,63,126,120,inf,,,,,,,,,,,20,01,yes,no,no,2025-08-11_17h25.24.357,EXNAT_4_TMS_Psychopy2024.2.5.psyexp,2024.2.5,2025-08-11 17h29.25.252105 +0200,
0,0,0,0,0,0,0,,,,,,,,,#2AB7EF,901.1573822498322,False,space,correct rejection,None,1049.3431091308594,text_22,134,5,2back_dual_main_click,2,ähnlich,63,63,126,120,inf,,,,,,,,,,,20,01,yes,no,no,2025-08-11_17h25.24.357,EXNAT_4_TMS_Psychopy2024.2.5.psyexp,2024.2.5,2025-08-11 17h29.25.252105 +0200,
0,0,0,0,0,0,0,,,,,,,,,#88BA3F,902.2607915401459,False,space,correct rejection,None,857.9480648040771,text_22,135,5,2back_dual_main_click,2,wie,63,63,126,120,inf,,,,,,,,,,,20,01,yes,no,no,2025-08-11_17h25.24.357,EXNAT_4_TMS_Psychopy2024.2.5.psyexp,2024.2.5,2025-08-11 17h29.25.252105 +0200,
0,0,0,0,0,0,0,,,,,,,,,#D292F3,903.1741342544556,False,space,correct rejection,None,648.5512256622314,text_22,136,5,2back_dual_main_click,2,bei,63,63,126,120,inf,,,,,,,,,,,20,01,yes,no,no,2025-08-11_17h25.24.357,EXNAT_4_TMS_Psychopy2024.2.5.psyexp,2024.2.5,2025-08-11 17h29.25.252105 +0200,
0,0,0,0,0,0,0,,,,,,,,,#D292F3,903.8758671283722,False,space,correct rejection,None,570.6913471221924,text_22,137,5,2back_dual_main_click,2,der,64,63,127,120,inf,903.929723739624,,,,,,,,,,20,01,yes,no,no,2025-08-11_17h25.24.357,EXNAT_4_TMS_Psychopy2024.2.5.psyexp,2024.2.5,2025-08-11 17h29.25.252105 +0200,
0,0,0,0,0,0,0,,,,,,,,,#D292F3,904.5012164115906,True,l,hit,457.31616020202637,953.4399509429932,text_22,138,5,2back_dual_main_click,2,Sekunde,64,63,127,120,inf,,,,,,,,,,,20,01,yes,no,no,2025-08-11_17h25.24.357,EXNAT_4_TMS_Psychopy2024.2.5.psyexp,2024.2.5,2025-08-11 17h29.25.252105 +0200,
0,0,0,0,0,0,0,,,,,,,,,#F989A2,905.5092124938965,False,space,correct rejection,None,809.5057010650635,text_22,139,5,2back_dual_main_click,2,oder,64,63,127,120,inf,,,,,,,,,,,20,01,yes,no,no,2025-08-11_17h25.24.357,EXNAT_4_TMS_Psychopy2024.2.5.psyexp,2024.2.5,2025-08-11 17h29.25.252105 +0200,
0,0,0,0,0,0,0,,,,,,,,,#88BA3F,906.3735036849976,False,space,correct rejection,None,569.2391395568848,text_22,140,5,2back_dual_main_click,2,dem,64,63,127,120,inf,,,,,,,,,,,20,01,yes,no,no,2025-08-11_17h25.24.357,EXNAT_4_TMS_Psychopy2024.2.5.psyexp,2024.2.5,2025-08-11 17h29.25.252105 +0200,
0,0,0,0,0,0,0,,,,,,,,,#F989A2,906.9970829486847,True,l,hit,665.6749248504639,1065.6094551086426,text_22,141,5,2back_dual_main_click,2,Meter.,64,63,127,120,inf,,,,,,,,,,,20,01,yes,no,no,2025-08-11_17h25.24.357,EXNAT_4_TMS_Psychopy2024.2.5.psyexp,2024.2.5,2025-08-11 17h29.25.252105 +0200,
0,0,0,0,0,0,0,,,,,,,,,#88BA3F,908.1180953979492,True,space,miss,None,872.6162910461426,text_22,142,5,2back_dual_main_click,2,Bis,64,64,128,120,inf,908.9296042919159,,,,,,,,,,20,01,yes,no,no,2025-08-11_17h25.24.357,EXNAT_4_TMS_Psychopy2024.2.5.psyexp,2024.2.5,2025-08-11 17h29.25.252105 +0200,
0,0,0,0,0,0,0,,,,,,,,,#2AB7EF,909.0449457168579,False,space,correct rejection,None,729.8135757446289,text_22,143,5,2back_dual_main_click,2,dahin,64,64,128,120,inf,,,,,,,,,,,20,01,yes,no,no,2025-08-11_17h25.24.357,EXNAT_4_TMS_Psychopy2024.2.5.psyexp,2024.2.5,2025-08-11 17h29.25.252105 +0200,
0,0,0,0,0,0,0,,,,,,,,,#2AB7EF,909.8302094936371,False,l,false alarm,1064.5442008972168,1464.4684791564941,text_22,144,5,2back_dual_main_click,2,bleibt,64,64,128,120,inf,,,,,,,,,,,20,01,yes,no,no,2025-08-11_17h25.24.357,EXNAT_4_TMS_Psychopy2024.2.5.psyexp,2024.2.5,2025-08-11 17h29.25.252105 +0200,
0,0,0,0,0,0,0,,,,,,,,,#F989A2,911.3484525680542,False,space,correct rejection,None,602.2474765777588,text_22,145,5,2back_dual_main_click,2,das,64,64,128,120,inf,,,,,,,,,,,20,01,yes,no,no,2025-08-11_17h25.24.357,EXNAT_4_TMS_Psychopy2024.2.5.psyexp,2024.2.5,2025-08-11 17h29.25.252105 +0200,
0,0,0,0,0,0,0,,,,,,,,,#D292F3,911.9910202026367,False,space,correct rejection,None,695.7309246063232,text_22,146,5,2back_dual_main_click,2,Kilogramm,64,64,128,120,inf,,,,,,,,,,,20,01,yes,no,no,2025-08-11_17h25.24.357,EXNAT_4_TMS_Psychopy2024.2.5.psyexp,2024.2.5,2025-08-11 17h29.25.252105 +0200,
0,0,0,0,0,0,0,,,,,,,,,#88BA3F,912.724294424057,False,space,correct rejection,None,922.417163848877,text_22,147,5,2back_dual_main_click,2,jedoch,64,64,128,120,inf,,,,,,,,,,,20,01,yes,no,no,2025-08-11_17h25.24.357,EXNAT_4_TMS_Psychopy2024.2.5.psyexp,2024.2.5,2025-08-11 17h29.25.252105 +0200,
0,0,0,0,0,0,0,,,,,,,,,#2AB7EF,913.701251745224,False,space,correct rejection,None,633.4531307220459,text_22,148,5,2back_dual_main_click,2,weiterhin,65,64,129,120,inf,913.9295876026154,,,,,,,,,,20,01,yes,no,no,2025-08-11_17h25.24.357,EXNAT_4_TMS_Psychopy2024.2.5.psyexp,2024.2.5,2025-08-11 17h29.25.252105 +0200,
0,0,0,0,0,0,0,,,,,,,,,#88BA3F,914.3889901638031,True,space,miss,None,1113.7306690216064,text_22,149,5,2back_dual_main_click,2,leicht,65,64,129,120,inf,,,,,,,,,,,20,01,yes,no,no,2025-08-11_17h25.24.357,EXNAT_4_TMS_Psychopy2024.2.5.psyexp,2024.2.5,2025-08-11 17h29.25.252105 +0200,
0,0,0,0,0,0,0,,,,,,,,,#F989A2,915.5592820644379,False,space,correct rejection,None,935.4705810546875,text_22,150,5,2back_dual_main_click,2,veränderlich.,65,64,129,120,inf,,,,,,,,,,,20,01,yes,no,no,2025-08-11_17h25.24.357,EXNAT_4_TMS_Psychopy2024.2.5.psyexp,2024.2.5,2025-08-11 17h29.25.252105 +0200,
0,0,0,0,0,0,0,,,,,,,,,,916.5497181415558,,1,,,,text_22,,5,2back_dual_main_click,,,,,,,,,Q1,a,True,,,,,,,20,01,yes,no,no,2025-08-11_17h25.24.357,EXNAT_4_TMS_Psychopy2024.2.5.psyexp,2024.2.5,2025-08-11 17h29.25.252105 +0200,
0,0,0,0,0,0,0,,,,,,,,,,924.4505701065063,,3,,,,text_22,,5,2back_dual_main_click,,,,,,,,,Q2,c,True,,,,,,,20,01,yes,no,no,2025-08-11_17h25.24.357,EXNAT_4_TMS_Psychopy2024.2.5.psyexp,2024.2.5,2025-08-11 17h29.25.252105 +0200,
0,0,0,0,0,0,0,,,,,,,,,,932.3143289089203,,2,,,,text_22,,5,2back_dual_main_click,,,,,,,,,Q3,b,True,,,,,,,20,01,yes,no,no,2025-08-11_17h25.24.357,EXNAT_4_TMS_Psychopy2024.2.5.psyexp,2024.2.5,2025-08-11 17h29.25.252105 +0200,
0,0,0,0,0,0,0,,,,,,,,,#D292F3,954.2464711666107,None,space,None,None,1336.310863494873,text_20,1,6,Reading_Baseline_main_click,None,In,0,0,0,60,60,,,,,,,,,,,20,01,yes,no,no,2025-08-11_17h25.24.357,EXNAT_4_TMS_Psychopy2024.2.5.psyexp,2024.2.5,2025-08-11 17h29.25.252105 +0200,
0,0,0,0,0,0,0,,,,,,,,,#F989A2,955.6168270111084,None,space,None,None,1325.7884979248047,text_20,2,6,Reading_Baseline_main_click,None,Thames,1,0,1,60,60,955.6682050228119,,,,,,,,,,20,01,yes,no,no,2025-08-11_17h25.24.357,EXNAT_4_TMS_Psychopy2024.2.5.psyexp,2024.2.5,2025-08-11 17h29.25.252105 +0200,
0,0,0,0,0,0,0,,,,,,,,,#88BA3F,956.9812786579132,None,space,None,None,921.4766025543213,text_20,3,6,Reading_Baseline_main_click,None,Town,1,0,1,60,60,,,,,,,,,,,20,01,yes,no,no,2025-08-11_17h25.24.357,EXNAT_4_TMS_Psychopy2024.2.5.psyexp,2024.2.5,2025-08-11 17h29.25.252105 +0200,
0,0,0,0,0,0,0,,,,,,,,,#F989A2,957.9431655406952,None,space,None,None,935.6014728546143,text_20,4,6,Reading_Baseline_main_click,None,sieht,1,0,1,60,60,,,,,,,,,,,20,01,yes,no,no,2025-08-11_17h25.24.357,EXNAT_4_TMS_Psychopy2024.2.5.psyexp,2024.2.5,2025-08-11 17h29.25.252105 +0200,
0,0,0,0,0,0,0,,,,,,,,,#2AB7EF,958.9206328392029,None,space,None,None,678.0529022216797,text_20,5,6,Reading_Baseline_main_click,None,alles,1,0,1,60,60,,,,,,,,,,,20,01,yes,no,no,2025-08-11_17h25.24.357,EXNAT_4_TMS_Psychopy2024.2.5.psyexp,2024.2.5,2025-08-11 17h29.25.252105 +0200,
0,0,0,0,0,0,0,,,,,,,,,#F989A2,959.6370253562927,None,space,None,None,1369.6608543395996,text_20,6,6,Reading_Baseline_main_click,None,aus,2,0,2,60,60,960.6681563854218,,,,,,,,,,20,01,yes,no,no,2025-08-11_17h25.24.357,EXNAT_4_TMS_Psychopy2024.2.5.psyexp,2024.2.5,2025-08-11 17h29.25.252105 +0200,
0,0,0,0,0,0,0,,,,,,,,,#88BA3F,961.0463180541992,None,space,None,None,920.4392433166504,text_20,7,6,Reading_Baseline_main_click,None,wie,2,0,2,60,60,,,,,,,,,,,20,01,yes,no,no,2025-08-11_17h25.24.357,EXNAT_4_TMS_Psychopy2024.2.5.psyexp,2024.2.5,2025-08-11 17h29.25.252105 +0200,
0,0,0,0,0,0,0,,,,,,,,,#2AB7EF,962.0041382312775,None,space,None,None,1018.6395645141602,text_20,8,6,Reading_Baseline_main_click,None,in,2,0,2,60,60,,,,,,,,,,,20,01,yes,no,no,2025-08-11_17h25.24.357,EXNAT_4_TMS_Psychopy2024.2.5.psyexp,2024.2.5,2025-08-11 17h29.25.252105 +0200,
0,0,0,0,0,0,0,,,,,,,,,#D292F3,963.0652604103088,None,space,None,None,805.5586814880371,text_20,9,6,Reading_Baseline_main_click,None,England.,2,0,2,60,60,,,,,,,,,,,20,01,yes,no,no,2025-08-11_17h25.24.357,EXNAT_4_TMS_Psychopy2024.2.5.psyexp,2024.2.5,2025-08-11 17h29.25.252105 +0200,
0,0,0,0,0,0,0,,,,,,,,,#88BA3F,963.9105031490326,None,space,None,None,760.2944374084473,text_20,10,6,Reading_Baseline_main_click,None,Es,2,0,2,60,60,,,,,,,,,,,20,01,yes,no,no,2025-08-11_17h25.24.357,EXNAT_4_TMS_Psychopy2024.2.5.psyexp,2024.2.5,2025-08-11 17h29.25.252105 +0200,
0,0,0,0,0,0,0,,,,,,,,,#2AB7EF,964.7111065387726,None,space,None,None,631.6747665405273,text_20,11,6,Reading_Baseline_main_click,None,gibt,2,0,2,60,60,,,,,,,,,,,20,01,yes,no,no,2025-08-11_17h25.24.357,EXNAT_4_TMS_Psychopy2024.2.5.psyexp,2024.2.5,2025-08-11 17h29.25.252105 +0200,
0,0,0,0,0,0,0,,,,,,,,,#D292F3,965.3789823055267,None,space,None,None,907.6089859008789,text_20,12,6,Reading_Baseline_main_click,None,gemütliche,3,0,3,60,60,965.668134689331,,,,,,,,,,20,01,yes,no,no,2025-08-11_17h25.24.357,EXNAT_4_TMS_Psychopy2024.2.5.psyexp,2024.2.5,2025-08-11 17h29.25.252105 +0200,
0,0,0,0,0,0,0,,,,,,,,,#D292F3,966.3266518115997,None,space,None,None,680.1259517669678,text_20,13,6,Reading_Baseline_main_click,None,"Pubs,",3,0,3,60,60,,,,,,,,,,,20,01,yes,no,no,2025-08-11_17h25.24.357,EXNAT_4_TMS_Psychopy2024.2.5.psyexp,2024.2.5,2025-08-11 17h29.25.252105 +0200,
0,0,0,0,0,0,0,,,,,,,,,#88BA3F,967.0459070205688,None,space,None,None,2680.9237003326416,text_20,14,6,Reading_Baseline_main_click,None,eine,3,0,3,60,60,,,,,,,,,,,20,01,yes,no,no,2025-08-11_17h25.24.357,EXNAT_4_TMS_Psychopy2024.2.5.psyexp,2024.2.5,2025-08-11 17h29.25.252105 +0200,
0,0,0,0,0,0,0,,,,,,,,,#F989A2,969.7800261974335,None,space,None,None,1002.8486251831055,text_20,15,6,Reading_Baseline_main_click,None,Statue,4,0,4,60,60,970.6681723594666,,,,,,,,,,20,01,yes,no,no,2025-08-11_17h25.24.357,EXNAT_4_TMS_Psychopy2024.2.5.psyexp,2024.2.5,2025-08-11 17h29.25.252105 +0200,
0,0,0,0,0,0,0,,,,,,,,,#2AB7EF,970.8352859020233,None,space,None,None,859.5106601715088,text_20,16,6,Reading_Baseline_main_click,None,von,4,0,4,60,60,,,,,,,,,,,20,01,yes,no,no,2025-08-11_17h25.24.357,EXNAT_4_TMS_Psychopy2024.2.5.psyexp,2024.2.5,2025-08-11 17h29.25.252105 +0200,
0,0,0,0,0,0,0,,,,,,,,,#D292F3,971.7504684925079,None,space,None,None,728.327751159668,text_20,17,6,Reading_Baseline_main_click,None,Churchill,4,0,4,60,60,,,,,,,,,,,20,01,yes,no,no,2025-08-11_17h25.24.357,EXNAT_4_TMS_Psychopy2024.2.5.psyexp,2024.2.5,2025-08-11 17h29.25.252105 +0200,
0,0,0,0,0,0,0,,,,,,,,,#2AB7EF,972.5320179462433,None,space,None,None,586.8914127349854,text_20,18,6,Reading_Baseline_main_click,None,und,4,0,4,60,60,,,,,,,,,,,20,01,yes,no,no,2025-08-11_17h25.24.357,EXNAT_4_TMS_Psychopy2024.2.5.psyexp,2024.2.5,2025-08-11 17h29.25.252105 +0200,
0,0,0,0,0,0,0,,,,,,,,,#D292F3,973.1759169101715,None,space,None,None,598.9484786987305,text_20,19,6,Reading_Baseline_main_click,None,Häuser,4,0,4,60,60,,,,,,,,,,,20,01,yes,no,no,2025-08-11_17h25.24.357,EXNAT_4_TMS_Psychopy2024.2.5.psyexp,2024.2.5,2025-08-11 17h29.25.252105 +0200,
0,0,0,0,0,0,0,,,,,,,,,#88BA3F,973.8295538425446,None,space,None,None,697.2267627716064,text_20,20,6,Reading_Baseline_main_click,None,im,4,0,4,60,60,,,,,,,,,,,20,01,yes,no,no,2025-08-11_17h25.24.357,EXNAT_4_TMS_Psychopy2024.2.5.psyexp,2024.2.5,2025-08-11 17h29.25.252105 +0200,
0,0,0,0,0,0,0,,,,,,,,,#F989A2,974.5813307762146,None,space,None,None,809.5967769622803,text_20,21,6,Reading_Baseline_main_click,None,Tudor-Stil.,4,0,4,60,60,,,,,,,,,,,20,01,yes,no,no,2025-08-11_17h25.24.357,EXNAT_4_TMS_Psychopy2024.2.5.psyexp,2024.2.5,2025-08-11 17h29.25.252105 +0200,
0,0,0,0,0,0,0,,,,,,,,,#88BA3F,975.4460792541504,None,space,None,None,1320.587396621704,text_20,22,6,Reading_Baseline_main_click,None,Doch,5,0,5,60,60,975.668185710907,,,,,,,,,,20,01,yes,no,no,2025-08-11_17h25.24.357,EXNAT_4_TMS_Psychopy2024.2.5.psyexp,2024.2.5,2025-08-11 17h29.25.252105 +0200,
0,0,0,0,0,0,0,,,,,,,,,#2AB7EF,976.8205301761627,None,space,None,None,682.3582649230957,text_20,23,6,Reading_Baseline_main_click,None,diese,5,0,5,60,60,,,,,,,,,,,20,01,yes,no,no,2025-08-11_17h25.24.357,EXNAT_4_TMS_Psychopy2024.2.5.psyexp,2024.2.5,2025-08-11 17h29.25.252105 +0200,
0,0,0,0,0,0,0,,,,,,,,,#F989A2,977.558385848999,None,space,None,None,1576.479196548462,text_20,24,6,Reading_Baseline_main_click,None,Stadt,5,0,5,60,60,,,,,,,,,,,20,01,yes,no,no,2025-08-11_17h25.24.357,EXNAT_4_TMS_Psychopy2024.2.5.psyexp,2024.2.5,2025-08-11 17h29.25.252105 +0200,
0,0,0,0,0,0,0,,,,,,,,,#F989A2,979.1910009384155,None,space,None,None,631.7203044891357,text_20,25,6,Reading_Baseline_main_click,None,liegt,5,0,5,60,60,,,,,,,,,,,20,01,yes,no,no,2025-08-11_17h25.24.357,EXNAT_4_TMS_Psychopy2024.2.5.psyexp,2024.2.5,2025-08-11 17h29.25.252105 +0200,
0,0,0,0,0,0,0,,,,,,,,,#2AB7EF,979.8784070014954,None,space,None,None,840.5156135559082,text_20,26,6,Reading_Baseline_main_click,None,nicht,6,0,6,60,60,980.6682140827179,,,,,,,,,,20,01,yes,no,no,2025-08-11_17h25.24.357,EXNAT_4_TMS_Psychopy2024.2.5.psyexp,2024.2.5,2025-08-11 17h29.25.252105 +0200,
0,0,0,0,0,0,0,,,,,,,,,#88BA3F,980.7746517658234,None,space,None,None,904.2227268218994,text_20,27,6,Reading_Baseline_main_click,None,in,6,0,6,60,60,,,,,,,,,,,20,01,yes,no,no,2025-08-11_17h25.24.357,EXNAT_4_TMS_Psychopy2024.2.5.psyexp,2024.2.5,2025-08-11 17h29.25.252105 +0200,
0,0,0,0,0,0,0,,,,,,,,,#D292F3,981.7354080677032,None,space,None,None,2119.511127471924,text_20,28,6,Reading_Baseline_main_click,None,"Großbritannien,",6,0,6,60,60,,,,,,,,,,,20,01,yes,no,no,2025-08-11_17h25.24.357,EXNAT_4_TMS_Psychopy2024.2.5.psyexp,2024.2.5,2025-08-11 17h29.25.252105 +0200,
0,0,0,0,0,0,0,,,,,,,,,#2AB7EF,983.9101078510284,None,space,None,None,584.7275257110596,text_20,29,6,Reading_Baseline_main_click,None,sondern,6,0,6,60,60,,,,,,,,,,,20,01,yes,no,no,2025-08-11_17h25.24.357,EXNAT_4_TMS_Psychopy2024.2.5.psyexp,2024.2.5,2025-08-11 17h29.25.252105 +0200,
0,0,0,0,0,0,0,,,,,,,,,#D292F3,984.5498175621033,None,space,None,None,1192.976474761963,text_20,30,6,Reading_Baseline_main_click,None,in,7,0,7,60,60,985.6682028770447,,,,,,,,,,20,01,yes,no,no,2025-08-11_17h25.24.357,EXNAT_4_TMS_Psychopy2024.2.5.psyexp,2024.2.5,2025-08-11 17h29.25.252105 +0200,
0,0,0,0,0,0,0,,,,,,,,,#2AB7EF,985.7989201545715,None,space,None,None,807.9009056091309,text_20,31,6,Reading_Baseline_main_click,None,China.,7,0,7,60,60,,,,,,,,,,,20,01,yes,no,no,2025-08-11_17h25.24.357,EXNAT_4_TMS_Psychopy2024.2.5.psyexp,2024.2.5,2025-08-11 17h29.25.252105 +0200,
0,0,0,0,0,0,0,,,,,,,,,#88BA3F,986.6608567237854,None,space,None,None,762.0117664337158,text_20,32,6,Reading_Baseline_main_click,None,Ein,7,0,7,60,60,,,,,,,,,,,20,01,yes,no,no,2025-08-11_17h25.24.357,EXNAT_4_TMS_Psychopy2024.2.5.psyexp,2024.2.5,2025-08-11 17h29.25.252105 +0200,
0,0,0,0,0,0,0,,,,,,,,,#D292F3,987.4788103103638,None,space,None,None,600.0847816467285,text_20,33,6,Reading_Baseline_main_click,None,chinesisches,7,0,7,60,60,,,,,,,,,,,20,01,yes,no,no,2025-08-11_17h25.24.357,EXNAT_4_TMS_Psychopy2024.2.5.psyexp,2024.2.5,2025-08-11 17h29.25.252105 +0200,
0,0,0,0,0,0,0,,,,,,,,,#88BA3F,988.1358897686005,None,space,None,None,998.9149570465088,text_20,34,6,Reading_Baseline_main_click,None,Bauunternehmen,7,0,7,60,60,,,,,,,,,,,20,01,yes,no,no,2025-08-11_17h25.24.357,EXNAT_4_TMS_Psychopy2024.2.5.psyexp,2024.2.5,2025-08-11 17h29.25.252105 +0200,
0,0,0,0,0,0,0,,,,,,,,,#F989A2,989.1888046264648,None,space,None,None,858.0849170684814,text_20,35,6,Reading_Baseline_main_click,None,hat,7,0,7,60,60,,,,,,,,,,,20,01,yes,no,no,2025-08-11_17h25.24.357,EXNAT_4_TMS_Psychopy2024.2.5.psyexp,2024.2.5,2025-08-11 17h29.25.252105 +0200,
0,0,0,0,0,0,0,,,,,,,,,#F989A2,990.1017408370972,None,space,None,None,617.1054840087891,text_20,36,6,Reading_Baseline_main_click,None,sie,8,0,8,60,60,990.6682291030884,,,,,,,,,,20,01,yes,no,no,2025-08-11_17h25.24.357,EXNAT_4_TMS_Psychopy2024.2.5.psyexp,2024.2.5,2025-08-11 17h29.25.252105 +0200,
0,0,0,0,0,0,0,,,,,,,,,#D292F3,990.7734622955322,None,space,None,None,713.3214473724365,text_20,37,6,Reading_Baseline_main_click,None,nach,8,0,8,60,60,,,,,,,,,,,20,01,yes,no,no,2025-08-11_17h25.24.357,EXNAT_4_TMS_Psychopy2024.2.5.psyexp,2024.2.5,2025-08-11 17h29.25.252105 +0200,
0,0,0,0,0,0,0,,,,,,,,,#D292F3,991.5398077964783,None,space,None,None,651.0152816772461,text_20,38,6,Reading_Baseline_main_click,None,dem,8,0,8,60,60,,,,,,,,,,,20,01,yes,no,no,2025-08-11_17h25.24.357,EXNAT_4_TMS_Psychopy2024.2.5.psyexp,2024.2.5,2025-08-11 17h29.25.252105 +0200,
0,0,0,0,0,0,0,,,,,,,,,#2AB7EF,992.2468235492706,None,space,None,None,728.0948162078857,text_20,39,6,Reading_Baseline_main_click,None,Vorbild,8,0,8,60,60,,,,,,,,,,,20,01,yes,no,no,2025-08-11_17h25.24.357,EXNAT_4_TMS_Psychopy2024.2.5.psyexp,2024.2.5,2025-08-11 17h29.25.252105 +0200,
0,0,0,0,0,0,0,,,,,,,,,#F989A2,993.0305442810059,None,space,None,None,648.2956409454346,text_20,40,6,Reading_Baseline_main_click,None,britischer,8,0,8,60,60,,,,,,,,,,,20,01,yes,no,no,2025-08-11_17h25.24.357,EXNAT_4_TMS_Psychopy2024.2.5.psyexp,2024.2.5,2025-08-11 17h29.25.252105 +0200,
0,0,0,0,0,0,0,,,,,,,,,#2AB7EF,993.7332363128662,None,space,None,None,921.605110168457,text_20,41,6,Reading_Baseline_main_click,None,Städte,8,0,8,60,60,,,,,,,,,,,20,01,yes,no,no,2025-08-11_17h25.24.357,EXNAT_4_TMS_Psychopy2024.2.5.psyexp,2024.2.5,2025-08-11 17h29.25.252105 +0200,
0,0,0,0,0,0,0,,,,,,,,,#88BA3F,994.709529876709,None,space,None,None,777.2388458251953,text_20,42,6,Reading_Baseline_main_click,None,wie,8,0,8,60,60,,,,,,,,,,,20,01,yes,no,no,2025-08-11_17h25.24.357,EXNAT_4_TMS_Psychopy2024.2.5.psyexp,2024.2.5,2025-08-11 17h29.25.252105 +0200,
0,0,0,0,0,0,0,,,,,,,,,#2AB7EF,995.5411612987518,None,space,None,None,841.6690826416016,text_20,43,6,Reading_Baseline_main_click,None,Lyme,9,0,9,60,60,995.6682167053223,,,,,,,,,,20,01,yes,no,no,2025-08-11_17h25.24.357,EXNAT_4_TMS_Psychopy2024.2.5.psyexp,2024.2.5,2025-08-11 17h29.25.252105 +0200,
0,0,0,0,0,0,0,,,,,,,,,#F989A2,996.4233968257904,None,space,None,None,1095.4759120941162,text_20,44,6,Reading_Baseline_main_click,None,Regis,9,0,9,60,60,,,,,,,,,,,20,01,yes,no,no,2025-08-11_17h25.24.357,EXNAT_4_TMS_Psychopy2024.2.5.psyexp,2024.2.5,2025-08-11 17h29.25.252105 +0200,
0,0,0,0,0,0,0,,,,,,,,,#88BA3F,997.5737059116364,None,space,None,None,728.9695739746094,text_20,45,6,Reading_Baseline_main_click,None,gebaut.,9,0,9,60,60,,,,,,,,,,,20,01,yes,no,no,2025-08-11_17h25.24.357,EXNAT_4_TMS_Psychopy2024.2.5.psyexp,2024.2.5,2025-08-11 17h29.25.252105 +0200,
0,0,0,0,0,0,0,,,,,,,,,#D292F3,998.3388946056366,None,space,None,None,683.9330196380615,text_20,46,6,Reading_Baseline_main_click,None,Einige,9,0,9,60,60,,,,,,,,,,,20,01,yes,no,no,2025-08-11_17h25.24.357,EXNAT_4_TMS_Psychopy2024.2.5.psyexp,2024.2.5,2025-08-11 17h29.25.252105 +0200,
0,0,0,0,0,0,0,,,,,,,,,#F989A2,999.062459230423,None,space,None,None,776.3819694519043,text_20,47,6,Reading_Baseline_main_click,None,Geschäftsleute,9,0,9,60,60,,,,,,,,,,,20,01,yes,no,no,2025-08-11_17h25.24.357,EXNAT_4_TMS_Psychopy2024.2.5.psyexp,2024.2.5,2025-08-11 17h29.25.252105 +0200,
0,0,0,0,0,0,0,,,,,,,,,#88BA3F,999.8775804042816,None,space,None,None,777.1990299224854,text_20,48,6,Reading_Baseline_main_click,None,in,9,0,9,60,60,,,,,,,,,,,20,01,yes,no,no,2025-08-11_17h25.24.357,EXNAT_4_TMS_Psychopy2024.2.5.psyexp,2024.2.5,2025-08-11 17h29.25.252105 +0200,
0,0,0,0,0,0,0,,,,,,,,,#2AB7EF,1000.694173336029,None,space,None,None,824.4941234588623,text_20,49,6,Reading_Baseline_main_click,None,"England,",10,0,10,60,60,1000.7532308101654,,,,,,,,,,20,01,yes,no,no,2025-08-11_17h25.24.357,EXNAT_4_TMS_Psychopy2024.2.5.psyexp,2024.2.5,2025-08-11 17h29.25.252105 +0200,
0,0,0,0,0,0,0,,,,,,,,,#D292F3,1001.557680606842,None,space,None,None,697.1433162689209,text_20,50,6,Reading_Baseline_main_click,None,wie,10,0,10,60,60,,,,,,,,,,,20,01,yes,no,no,2025-08-11_17h25.24.357,EXNAT_4_TMS_Psychopy2024.2.5.psyexp,2024.2.5,2025-08-11 17h29.25.252105 +0200,
0,0,0,0,0,0,0,,,,,,,,,#2AB7EF,1002.2966613769531,None,space,None,None,774.1701602935791,text_20,51,6,Reading_Baseline_main_click,None,Gail,10,0,10,60,60,,,,,,,,,,,20,01,yes,no,no,2025-08-11_17h25.24.357,EXNAT_4_TMS_Psychopy2024.2.5.psyexp,2024.2.5,2025-08-11 17h29.25.252105 +0200,
0,0,0,0,0,0,0,,,,,,,,,#88BA3F,1003.112619638443,None,space,None,None,1046.2145805358887,text_20,52,6,Reading_Baseline_main_click,None,"Caddy,",10,0,10,60,60,,,,,,,,,,,20,01,yes,no,no,2025-08-11_17h25.24.357,EXNAT_4_TMS_Psychopy2024.2.5.psyexp,2024.2.5,2025-08-11 17h29.25.252105 +0200,
0,0,0,0,0,0,0,,,,,,,,,#F989A2,1004.1974194049835,None,space,None,None,857.332706451416,text_20,53,6,Reading_Baseline_main_click,None,sind,10,0,10,60,60,,,,,,,,,,,20,01,yes,no,no,2025-08-11_17h25.24.357,EXNAT_4_TMS_Psychopy2024.2.5.psyexp,2024.2.5,2025-08-11 17h29.25.252105 +0200,
0,0,0,0,0,0,0,,,,,,,,,#88BA3F,1005.0965006351471,None,space,None,None,598.2623100280762,text_20,54,6,Reading_Baseline_main_click,None,"verärgert,",10,0,10,60,60,,,,,,,,,,,20,01,yes,no,no,2025-08-11_17h25.24.357,EXNAT_4_TMS_Psychopy2024.2.5.psyexp,2024.2.5,2025-08-11 17h29.25.252105 +0200,
0,0,0,0,0,0,0,,,,,,,,,#D292F3,1005.735319852829,None,space,None,None,759.5217227935791,text_20,55,6,Reading_Baseline_main_click,None,weil,11,0,11,60,60,1005.7895114421844,,,,,,,,,,20,01,yes,no,no,2025-08-11_17h25.24.357,EXNAT_4_TMS_Psychopy2024.2.5.psyexp,2024.2.5,2025-08-11 17h29.25.252105 +0200,
0,0,0,0,0,0,0,,,,,,,,,#2AB7EF,1006.5321624279022,None,space,None,None,634.6793174743652,text_20,56,6,Reading_Baseline_main_click,None,ihre,11,0,11,60,60,,,,,,,,,,,20,01,yes,no,no,2025-08-11_17h25.24.357,EXNAT_4_TMS_Psychopy2024.2.5.psyexp,2024.2.5,2025-08-11 17h29.25.252105 +0200,
0,0,0,0,0,0,0,,,,,,,,,#F989A2,1007.205483675003,None,space,None,None,1097.1159934997559,text_20,57,6,Reading_Baseline_main_click,None,Kneipe,11,0,11,60,60,,,,,,,,,,,20,01,yes,no,no,2025-08-11_17h25.24.357,EXNAT_4_TMS_Psychopy2024.2.5.psyexp,2024.2.5,2025-08-11 17h29.25.252105 +0200,
0,0,0,0,0,0,0,,,,,,,,,#2AB7EF,1008.3390488624573,None,space,None,None,619.6856498718262,text_20,58,6,Reading_Baseline_main_click,None,und,11,0,11,60,60,,,,,,,,,,,20,01,yes,no,no,2025-08-11_17h25.24.357,EXNAT_4_TMS_Psychopy2024.2.5.psyexp,2024.2.5,2025-08-11 17h29.25.252105 +0200,
0,0,0,0,0,0,0,,,,,,,,,#D292F3,1009.0013551712036,None,space,None,None,533.4310531616211,text_20,59,6,Reading_Baseline_main_click,None,ihr,11,0,11,60,60,,,,,,,,,,,20,01,yes,no,no,2025-08-11_17h25.24.357,EXNAT_4_TMS_Psychopy2024.2.5.psyexp,2024.2.5,2025-08-11 17h29.25.252105 +0200,
0,0,0,0,0,0,0,,,,,,,,,#F989A2,1009.5724477767944,None,space,None,None,1114.332675933838,text_20,60,6,Reading_Baseline_main_click,None,Imbiss,11,0,11,60,60,,,,,,,,,,,20,01,yes,no,no,2025-08-11_17h25.24.357,EXNAT_4_TMS_Psychopy2024.2.5.psyexp,2024.2.5,2025-08-11 17h29.25.252105 +0200,
0,0,0,0,0,0,0,,,,,,,,,#D292F3,1010.727349281311,None,space,None,None,647.4587917327881,text_20,61,6,Reading_Baseline_main_click,None,ohne,12,0,12,60,60,1010.7893753051758,,,,,,,,,,20,01,yes,no,no,2025-08-11_17h25.24.357,EXNAT_4_TMS_Psychopy2024.2.5.psyexp,2024.2.5,2025-08-11 17h29.25.252105 +0200,
0,0,0,0,0,0,0,,,,,,,,,#2AB7EF,1011.414201259613,None,space,None,None,648.6358642578125,text_20,62,6,Reading_Baseline_main_click,None,Erlaubnis,12,0,12,60,60,,,,,,,,,,,20,01,yes,no,no,2025-08-11_17h25.24.357,EXNAT_4_TMS_Psychopy2024.2.5.psyexp,2024.2.5,2025-08-11 17h29.25.252105 +0200,
0,0,0,0,0,0,0,,,,,,,,,#F989A2,1012.1029744148254,None,space,None,None,1015.8143043518066,text_20,63,6,Reading_Baseline_main_click,None,kopiert,12,0,12,60,60,,,,,,,,,,,20,01,yes,no,no,2025-08-11_17h25.24.357,EXNAT_4_TMS_Psychopy2024.2.5.psyexp,2024.2.5,2025-08-11 17h29.25.252105 +0200,
0,0,0,0,0,0,0,,,,,,,,,#F989A2,1013.1579072475433,None,space,None,None,472.9278087615967,text_20,64,6,Reading_Baseline_main_click,None,wurden.,12,0,12,60,60,,,,,,,,,,,20,01,yes,no,no,2025-08-11_17h25.24.357,EXNAT_4_TMS_Psychopy2024.2.5.psyexp,2024.2.5,2025-08-11 17h29.25.252105 +0200,
0,0,0,0,0,0,0,,,,,,,,,#88BA3F,1013.6716964244843,None,space,None,None,711.1399173736572,text_20,65,6,Reading_Baseline_main_click,None,Die,12,0,12,60,60,,,,,,,,,,,20,01,yes,no,no,2025-08-11_17h25.24.357,EXNAT_4_TMS_Psychopy2024.2.5.psyexp,2024.2.5,2025-08-11 17h29.25.252105 +0200,
0,0,0,0,0,0,0,,,,,,,,,#2AB7EF,1014.4206306934357,None,space,None,None,842.055082321167,text_20,66,6,Reading_Baseline_main_click,None,Bauleiter,12,0,12,60,60,,,,,,,,,,,20,01,yes,no,no,2025-08-11_17h25.24.357,EXNAT_4_TMS_Psychopy2024.2.5.psyexp,2024.2.5,2025-08-11 17h29.25.252105 +0200,
0,0,0,0,0,0,0,,,,,,,,,#D292F3,1015.3012325763702,None,space,None,None,1017.4193382263184,text_20,67,6,Reading_Baseline_main_click,None,"sagen,",13,0,13,60,60,1015.7894451618195,,,,,,,,,,20,01,yes,no,no,2025-08-11_17h25.24.357,EXNAT_4_TMS_Psychopy2024.2.5.psyexp,2024.2.5,2025-08-11 17h29.25.252105 +0200,
0,0,0,0,0,0,0,,,,,,,,,#88BA3F,1016.359626531601,None,space,None,None,679.1582107543945,text_20,68,6,Reading_Baseline_main_click,None,es,13,0,13,60,60,,,,,,,,,,,20,01,yes,no,no,2025-08-11_17h25.24.357,EXNAT_4_TMS_Psychopy2024.2.5.psyexp,2024.2.5,2025-08-11 17h29.25.252105 +0200,
0,0,0,0,0,0,0,,,,,,,,,#88BA3F,1017.0784270763397,None,space,None,None,584.3191146850586,text_20,69,6,Reading_Baseline_main_click,None,sei,13,0,13,60,60,,,,,,,,,,,20,01,yes,no,no,2025-08-11_17h25.24.357,EXNAT_4_TMS_Psychopy2024.2.5.psyexp,2024.2.5,2025-08-11 17h29.25.252105 +0200,
0,0,0,0,0,0,0,,,,,,,,,#2AB7EF,1017.7020132541656,None,space,None,None,728.8382053375244,text_20,70,6,Reading_Baseline_main_click,None,ein,13,0,13,60,60,,,,,,,,,,,20,01,yes,no,no,2025-08-11_17h25.24.357,EXNAT_4_TMS_Psychopy2024.2.5.psyexp,2024.2.5,2025-08-11 17h29.25.252105 +0200,
0,0,0,0,0,0,0,,,,,,,,,#F989A2,1018.4722199440002,None,space,None,None,950.5972862243652,text_20,71,6,Reading_Baseline_main_click,None,Missverständnis.,13,0,13,60,60,,,,,,,,,,,20,01,yes,no,no,2025-08-11_17h25.24.357,EXNAT_4_TMS_Psychopy2024.2.5.psyexp,2024.2.5,2025-08-11 17h29.25.252105 +0200,
0,0,0,0,0,0,0,,,,,,,,,#D292F3,1019.4599423408508,None,space,None,None,682.8494071960449,text_20,72,6,Reading_Baseline_main_click,None,Viele,13,0,13,60,60,,,,,,,,,,,20,01,yes,no,no,2025-08-11_17h25.24.357,EXNAT_4_TMS_Psychopy2024.2.5.psyexp,2024.2.5,2025-08-11 17h29.25.252105 +0200,
0,0,0,0,0,0,0,,,,,,,,,#88BA3F,1020.1850728988647,None,space,None,None,725.7065773010254,text_20,73,6,Reading_Baseline_main_click,None,Chinesen,14,0,14,60,60,1020.7894105911255,,,,,,,,,,20,01,yes,no,no,2025-08-11_17h25.24.357,EXNAT_4_TMS_Psychopy2024.2.5.psyexp,2024.2.5,2025-08-11 17h29.25.252105 +0200,
0,0,0,0,0,0,0,,,,,,,,,#D292F3,1020.9533591270447,None,space,None,None,565.4168128967285,text_20,74,6,Reading_Baseline_main_click,None,mögen,14,0,14,60,60,,,,,,,,,,,20,01,yes,no,no,2025-08-11_17h25.24.357,EXNAT_4_TMS_Psychopy2024.2.5.psyexp,2024.2.5,2025-08-11 17h29.25.252105 +0200,
0,0,0,0,0,0,0,,,,,,,,,#2AB7EF,1021.5572140216827,None,space,None,None,665.5824184417725,text_20,75,6,Reading_Baseline_main_click,None,Thames,14,0,14,60,60,,,,,,,,,,,20,01,yes,no,no,2025-08-11_17h25.24.357,EXNAT_4_TMS_Psychopy2024.2.5.psyexp,2024.2.5,2025-08-11 17h29.25.252105 +0200,
0,0,0,0,0,0,0,,,,,,,,,#88BA3F,1022.2632207870483,None,space,None,None,647.4926471710205,text_20,76,6,Reading_Baseline_main_click,None,"Town,",14,0,14,60,60,,,,,,,,,,,20,01,yes,no,no,2025-08-11_17h25.24.357,EXNAT_4_TMS_Psychopy2024.2.5.psyexp,2024.2.5,2025-08-11 17h29.25.252105 +0200,
0,0,0,0,0,0,0,,,,,,,,,#2AB7EF,1022.9503929615021,None,space,None,None,1288.374423980713,text_20,77,6,Reading_Baseline_main_click,None,aber,14,0,14,60,60,,,,,,,,,,,20,01,yes,no,no,2025-08-11_17h25.24.357,EXNAT_4_TMS_Psychopy2024.2.5.psyexp,2024.2.5,2025-08-11 17h29.25.252105 +0200,
0,0,0,0,0,0,0,,,,,,,,,#F989A2,1024.277690410614,None,space,None,None,521.1381912231445,text_20,78,6,Reading_Baseline_main_click,None,nur,14,0,14,60,60,,,,,,,,,,,20,01,yes,no,no,2025-08-11_17h25.24.357,EXNAT_4_TMS_Psychopy2024.2.5.psyexp,2024.2.5,2025-08-11 17h29.25.252105 +0200,
0,0,0,0,0,0,0,,,,,,,,,#F989A2,1024.8379342556,None,space,None,None,744.8382377624512,text_20,79,6,Reading_Baseline_main_click,None,wenige,14,0,14,60,60,,,,,,,,,,,20,01,yes,no,no,2025-08-11_17h25.24.357,EXNAT_4_TMS_Psychopy2024.2.5.psyexp,2024.2.5,2025-08-11 17h29.25.252105 +0200,
0,0,0,0,0,0,0,,,,,,,,,#F989A2,1025.624576330185,None,space,None,None,950.171709060669,text_20,80,6,Reading_Baseline_main_click,None,Menschen,15,0,15,60,60,1025.7894237041473,,,,,,,,,,20,01,yes,no,no,2025-08-11_17h25.24.357,EXNAT_4_TMS_Psychopy2024.2.5.psyexp,2024.2.5,2025-08-11 17h29.25.252105 +0200,
0,0,0,0,0,0,0,,,,,,,,,#2AB7EF,1026.6147871017456,None,space,None,None,616.0473823547363,text_20,81,6,Reading_Baseline_main_click,None,wohnen,15,0,15,60,60,,,,,,,,,,,20,01,yes,no,no,2025-08-11_17h25.24.357,EXNAT_4_TMS_Psychopy2024.2.5.psyexp,2024.2.5,2025-08-11 17h29.25.252105 +0200,
0,0,0,0,0,0,0,,,,,,,,,#D292F3,1027.2703437805176,None,space,None,None,552.5016784667969,text_20,82,6,Reading_Baseline_main_click,None,dort.,15,0,15,60,60,,,,,,,,,,,20,01,yes,no,no,2025-08-11_17h25.24.357,EXNAT_4_TMS_Psychopy2024.2.5.psyexp,2024.2.5,2025-08-11 17h29.25.252105 +0200,
0,0,0,0,0,0,0,,,,,,,,,#D292F3,1027.861135482788,None,space,None,None,745.7339763641357,text_20,83,6,Reading_Baseline_main_click,None,Der,15,0,15,60,60,,,,,,,,,,,20,01,yes,no,no,2025-08-11_17h25.24.357,EXNAT_4_TMS_Psychopy2024.2.5.psyexp,2024.2.5,2025-08-11 17h29.25.252105 +0200,
0,0,0,0,0,0,0,,,,,,,,,#88BA3F,1028.6457636356354,None,space,None,None,729.0163040161133,text_20,84,6,Reading_Baseline_main_click,None,Bau,15,0,15,60,60,,,,,,,,,,,20,01,yes,no,no,2025-08-11_17h25.24.357,EXNAT_4_TMS_Psychopy2024.2.5.psyexp,2024.2.5,2025-08-11 17h29.25.252105 +0200,
0,0,0,0,0,0,0,,,,,,,,,#D292F3,1029.4123439788818,None,space,None,None,698.4827518463135,text_20,85,6,Reading_Baseline_main_click,None,hat,15,0,15,60,60,,,,,,,,,,,20,01,yes,no,no,2025-08-11_17h25.24.357,EXNAT_4_TMS_Psychopy2024.2.5.psyexp,2024.2.5,2025-08-11 17h29.25.252105 +0200,
0,0,0,0,0,0,0,,,,,,,,,#2AB7EF,1030.1526935100555,None,space,None,None,582.1211338043213,text_20,86,6,Reading_Baseline_main_click,None,etwa,15,0,15,60,60,,,,,,,,,,,20,01,yes,no,no,2025-08-11_17h25.24.357,EXNAT_4_TMS_Psychopy2024.2.5.psyexp,2024.2.5,2025-08-11 17h29.25.252105 +0200,
0,0,0,0,0,0,0,,,,,,,,,#D292F3,1030.7751083374023,None,space,None,None,903.6257266998291,text_20,87,6,Reading_Baseline_main_click,None,635,16,0,16,60,60,1030.8401021957397,,,,,,,,,,20,01,yes,no,no,2025-08-11_17h25.24.357,EXNAT_4_TMS_Psychopy2024.2.5.psyexp,2024.2.5,2025-08-11 17h29.25.252105 +0200,
0,0,0,0,0,0,0,,,,,,,,,#F989A2,1031.7188544273376,None,space,None,None,712.0027542114258,text_20,88,6,Reading_Baseline_main_click,None,Millionen,16,0,16,60,60,,,,,,,,,,,20,01,yes,no,no,2025-08-11_17h25.24.357,EXNAT_4_TMS_Psychopy2024.2.5.psyexp,2024.2.5,2025-08-11 17h29.25.252105 +0200,
0,0,0,0,0,0,0,,,,,,,,,#88BA3F,1032.469125509262,None,space,None,None,745.6755638122559,text_20,89,6,Reading_Baseline_main_click,None,Dollar,16,0,16,60,60,,,,,,,,,,,20,01,yes,no,no,2025-08-11_17h25.24.357,EXNAT_4_TMS_Psychopy2024.2.5.psyexp,2024.2.5,2025-08-11 17h29.25.252105 +0200,
0,0,0,0,0,0,0,,,,,,,,,#88BA3F,1033.2564573287964,None,space,None,None,550.2455234527588,text_20,90,6,Reading_Baseline_main_click,None,gekostet.,16,0,16,60,60,,,,,,,,,,,20,01,yes,no,no,2025-08-11_17h25.24.357,EXNAT_4_TMS_Psychopy2024.2.5.psyexp,2024.2.5,2025-08-11 17h29.25.252105 +0200,
0,0,0,0,0,0,0,,,,,,,,,#2AB7EF,1033.8458647727966,None,space,None,None,728.9755344390869,text_20,91,6,Reading_Baseline_main_click,None,Geplant,16,0,16,60,60,,,,,,,,,,,20,01,yes,no,no,2025-08-11_17h25.24.357,EXNAT_4_TMS_Psychopy2024.2.5.psyexp,2024.2.5,2025-08-11 17h29.25.252105 +0200,
0,0,0,0,0,0,0,,,,,,,,,#F989A2,1034.6129734516144,None,space,None,None,537.8844738006592,text_20,92,6,Reading_Baseline_main_click,None,"ist,",16,0,16,60,60,,,,,,,,,,,20,01,yes,no,no,2025-08-11_17h25.24.357,EXNAT_4_TMS_Psychopy2024.2.5.psyexp,2024.2.5,2025-08-11 17h29.25.252105 +0200,
0,0,0,0,0,0,0,,,,,,,,,#F989A2,1035.191663980484,None,space,None,None,663.1226539611816,text_20,93,6,Reading_Baseline_main_click,None,dass,17,0,17,60,60,1035.8401534557343,,,,,,,,,,20,01,yes,no,no,2025-08-11_17h25.24.357,EXNAT_4_TMS_Psychopy2024.2.5.psyexp,2024.2.5,2025-08-11 17h29.25.252105 +0200,
0,0,0,0,0,0,0,,,,,,,,,#2AB7EF,1035.8929324150085,None,space,None,None,649.9013900756836,text_20,94,6,Reading_Baseline_main_click,None,dort,17,0,17,60,60,,,,,,,,,,,20,01,yes,no,no,2025-08-11_17h25.24.357,EXNAT_4_TMS_Psychopy2024.2.5.psyexp,2024.2.5,2025-08-11 17h29.25.252105 +0200,
0,0,0,0,0,0,0,,,,,,,,,#88BA3F,1036.584248304367,None,space,None,None,1030.566930770874,text_20,95,6,Reading_Baseline_main_click,None,einmal,17,0,17,60,60,,,,,,,,,,,20,01,yes,no,no,2025-08-11_17h25.24.357,EXNAT_4_TMS_Psychopy2024.2.5.psyexp,2024.2.5,2025-08-11 17h29.25.252105 +0200,
0,0,0,0,0,0,0,,,,,,,,,#D292F3,1037.6555008888245,None,space,None,None,1127.2904872894287,text_20,96,6,Reading_Baseline_main_click,None,10.000,17,0,17,60,60,,,,,,,,,,,20,01,yes,no,no,2025-08-11_17h25.24.357,EXNAT_4_TMS_Psychopy2024.2.5.psyexp,2024.2.5,2025-08-11 17h29.25.252105 +0200,
0,0,0,0,0,0,0,,,,,,,,,#F989A2,1038.8237736225128,None,space,None,None,567.1250820159912,text_20,97,6,Reading_Baseline_main_click,None,Menschen,17,0,17,60,60,,,,,,,,,,,20,01,yes,no,no,2025-08-11_17h25.24.357,EXNAT_4_TMS_Psychopy2024.2.5.psyexp,2024.2.5,2025-08-11 17h29.25.252105 +0200,
0,0,0,0,0,0,0,,,,,,,,,#88BA3F,1039.4314396381378,None,space,None,None,727.3602485656738,text_20,98,6,Reading_Baseline_main_click,None,leben.,17,0,17,60,60,,,,,,,,,,,20,01,yes,no,no,2025-08-11_17h25.24.357,EXNAT_4_TMS_Psychopy2024.2.5.psyexp,2024.2.5,2025-08-11 17h29.25.252105 +0200,
0,0,0,0,0,0,0,,,,,,,,,#F989A2,1040.1982758045197,None,space,None,None,1256.4773559570312,text_20,99,6,Reading_Baseline_main_click,None,Dabei,18,0,18,60,60,1040.8401608467102,,,,,,,,,,20,01,yes,no,no,2025-08-11_17h25.24.357,EXNAT_4_TMS_Psychopy2024.2.5.psyexp,2024.2.5,2025-08-11 17h29.25.252105 +0200,
0,0,0,0,0,0,0,,,,,,,,,#F989A2,1041.4937262535095,None,space,None,None,713.0782604217529,text_20,100,6,Reading_Baseline_main_click,None,sind,18,0,18,60,60,,,,,,,,,,,20,01,yes,no,no,2025-08-11_17h25.24.357,EXNAT_4_TMS_Psychopy2024.2.5.psyexp,2024.2.5,2025-08-11 17h29.25.252105 +0200,
0,0,0,0,0,0,0,,,,,,,,,#F989A2,1042.24684882164,None,space,None,None,1111.846923828125,text_20,101,6,Reading_Baseline_main_click,None,solche,18,0,18,60,60,,,,,,,,,,,20,01,yes,no,no,2025-08-11_17h25.24.357,EXNAT_4_TMS_Psychopy2024.2.5.psyexp,2024.2.5,2025-08-11 17h29.25.252105 +0200,
0,0,0,0,0,0,0,,,,,,,,,#2AB7EF,1043.4010932445526,None,space,None,None,693.7744617462158,text_20,102,6,Reading_Baseline_main_click,None,Nachbauten,18,0,18,60,60,,,,,,,,,,,20,01,yes,no,no,2025-08-11_17h25.24.357,EXNAT_4_TMS_Psychopy2024.2.5.psyexp,2024.2.5,2025-08-11 17h29.25.252105 +0200,
0,0,0,0,0,0,0,,,,,,,,,#2AB7EF,1044.1343622207642,None,space,None,None,696.5978145599365,text_20,103,6,Reading_Baseline_main_click,None,keine,18,0,18,60,60,,,,,,,,,,,20,01,yes,no,no,2025-08-11_17h25.24.357,EXNAT_4_TMS_Psychopy2024.2.5.psyexp,2024.2.5,2025-08-11 17h29.25.252105 +0200,
0,0,0,0,0,0,0,,,,,,,,,#88BA3F,1044.872390985489,None,space,None,None,630.4194927215576,text_20,104,6,Reading_Baseline_main_click,None,Ausnahme.,18,0,18,60,60,,,,,,,,,,,20,01,yes,no,no,2025-08-11_17h25.24.357,EXNAT_4_TMS_Psychopy2024.2.5.psyexp,2024.2.5,2025-08-11 17h29.25.252105 +0200,
0,0,0,0,0,0,0,,,,,,,,,#88BA3F,1045.5435063838959,None,space,None,None,1095.3030586242676,text_20,105,6,Reading_Baseline_main_click,None,Auch,19,0,19,60,60,1045.8401720523834,,,,,,,,,,20,01,yes,no,no,2025-08-11_17h25.24.357,EXNAT_4_TMS_Psychopy2024.2.5.psyexp,2024.2.5,2025-08-11 17h29.25.252105 +0200,
0,0,0,0,0,0,0,,,,,,,,,#2AB7EF,1046.6775999069214,None,space,None,None,937.2186660766602,text_20,106,6,Reading_Baseline_main_click,None,"deutsche,",19,0,19,60,60,,,,,,,,,,,20,01,yes,no,no,2025-08-11_17h25.24.357,EXNAT_4_TMS_Psychopy2024.2.5.psyexp,2024.2.5,2025-08-11 17h29.25.252105 +0200,
0,0,0,0,0,0,0,,,,,,,,,#88BA3F,1047.6552288532257,None,space,None,None,775.5942344665527,text_20,107,6,Reading_Baseline_main_click,None,italienische,19,0,19,60,60,,,,,,,,,,,20,01,yes,no,no,2025-08-11_17h25.24.357,EXNAT_4_TMS_Psychopy2024.2.5.psyexp,2024.2.5,2025-08-11 17h29.25.252105 +0200,
0,0,0,0,0,0,0,,,,,,,,,#D292F3,1048.4704067707062,None,space,None,None,600.4018783569336,text_20,108,6,Reading_Baseline_main_click,None,und,19,0,19,60,60,,,,,,,,,,,20,01,yes,no,no,2025-08-11_17h25.24.357,EXNAT_4_TMS_Psychopy2024.2.5.psyexp,2024.2.5,2025-08-11 17h29.25.252105 +0200,
0,0,0,0,0,0,0,,,,,,,,,#F989A2,1049.1130950450897,None,space,None,None,773.7293243408203,text_20,109,6,Reading_Baseline_main_click,None,niederländische,19,0,19,60,60,,,,,,,,,,,20,01,yes,no,no,2025-08-11_17h25.24.357,EXNAT_4_TMS_Psychopy2024.2.5.psyexp,2024.2.5,2025-08-11 17h29.25.252105 +0200,
0,0,0,0,0,0,0,,,,,,,,,#2AB7EF,1049.9271159172058,None,space,None,None,711.5426063537598,text_20,110,6,Reading_Baseline_main_click,None,Städte,19,0,19,60,60,,,,,,,,,,,20,01,yes,no,no,2025-08-11_17h25.24.357,EXNAT_4_TMS_Psychopy2024.2.5.psyexp,2024.2.5,2025-08-11 17h29.25.252105 +0200,
0,0,0,0,0,0,0,,,,,,,,,#2AB7EF,1050.6758182048798,None,space,None,None,666.9838428497314,text_20,111,6,Reading_Baseline_main_click,None,werden,20,0,20,60,60,1050.8401544094086,,,,,,,,,,20,01,yes,no,no,2025-08-11_17h25.24.357,EXNAT_4_TMS_Psychopy2024.2.5.psyexp,2024.2.5,2025-08-11 17h29.25.252105 +0200,
0,0,0,0,0,0,0,,,,,,,,,#88BA3F,1051.3824656009674,None,space,None,None,776.3147354125977,text_20,112,6,Reading_Baseline_main_click,None,in,20,0,20,60,60,,,,,,,,,,,20,01,yes,no,no,2025-08-11_17h25.24.357,EXNAT_4_TMS_Psychopy2024.2.5.psyexp,2024.2.5,2025-08-11 17h29.25.252105 +0200,
0,0,0,0,0,0,0,,,,,,,,,#88BA3F,1052.1986680030823,None,space,None,None,664.1635894775391,text_20,113,6,Reading_Baseline_main_click,None,China,20,0,20,60,60,,,,,,,,,,,20,01,yes,no,no,2025-08-11_17h25.24.357,EXNAT_4_TMS_Psychopy2024.2.5.psyexp,2024.2.5,2025-08-11 17h29.25.252105 +0200,
0,0,0,0,0,0,0,,,,,,,,,#F989A2,1052.905190706253,None,space,None,None,869.6341514587402,text_20,114,6,Reading_Baseline_main_click,None,""nachgemacht"".,20,0,20,60,60,,,,,,,,,,,20,01,yes,no,no,2025-08-11_17h25.24.357,EXNAT_4_TMS_Psychopy2024.2.5.psyexp,2024.2.5,2025-08-11 17h29.25.252105 +0200,
0,0,0,0,0,0,0,,,,,,,,,#2AB7EF,1053.8118686676025,None,space,None,None,746.9596862792969,text_20,115,6,Reading_Baseline_main_click,None,Der,20,0,20,60,60,,,,,,,,,,,20,01,yes,no,no,2025-08-11_17h25.24.357,EXNAT_4_TMS_Psychopy2024.2.5.psyexp,2024.2.5,2025-08-11 17h29.25.252105 +0200,
0,0,0,0,0,0,0,,,,,,,,,#88BA3F,1054.5983426570892,None,space,None,None,744.5003986358643,text_20,116,6,Reading_Baseline_main_click,None,Idee,20,0,20,60,60,,,,,,,,,,,20,01,yes,no,no,2025-08-11_17h25.24.357,EXNAT_4_TMS_Psychopy2024.2.5.psyexp,2024.2.5,2025-08-11 17h29.25.252105 +0200,
0,0,0,0,0,0,0,,,,,,,,,#D292F3,1055.383499622345,None,space,None,None,775.3086090087891,text_20,117,6,Reading_Baseline_main_click,None,dahinter,21,0,21,60,60,1055.8401939868927,,,,,,,,,,20,01,yes,no,no,2025-08-11_17h25.24.357,EXNAT_4_TMS_Psychopy2024.2.5.psyexp,2024.2.5,2025-08-11 17h29.25.252105 +0200,
0,0,0,0,0,0,0,,,,,,,,,#D292F3,1056.1987314224243,None,space,None,None,680.1509857177734,text_20,118,6,Reading_Baseline_main_click,None,"ist,",21,0,21,60,60,,,,,,,,,,,20,01,yes,no,no,2025-08-11_17h25.24.357,EXNAT_4_TMS_Psychopy2024.2.5.psyexp,2024.2.5,2025-08-11 17h29.25.252105 +0200,
0,0,0,0,0,0,0,,,,,,,,,#F989A2,1056.9195008277893,None,space,None,None,823.204755783081,text_20,119,6,Reading_Baseline_main_click,None,die,21,0,21,60,60,,,,,,,,,,,20,01,yes,no,no,2025-08-11_17h25.24.357,EXNAT_4_TMS_Psychopy2024.2.5.psyexp,2024.2.5,2025-08-11 17h29.25.252105 +0200,
0,0,0,0,0,0,0,,,,,,,,,#D292F3,1057.7793526649475,None,space,None,None,635.4799270629883,text_20,120,6,Reading_Baseline_main_click,None,Landflucht,21,0,21,60,60,,,,,,,,,,,20,01,yes,no,no,2025-08-11_17h25.24.357,EXNAT_4_TMS_Psychopy2024.2.5.psyexp,2024.2.5,2025-08-11 17h29.25.252105 +0200,
0,0,0,0,0,0,0,,,,,,,,,#F989A2,1058.4533202648163,None,space,None,None,985.5074882507324,text_20,121,6,Reading_Baseline_main_click,None,zu,21,0,21,60,60,,,,,,,,,,,20,01,yes,no,no,2025-08-11_17h25.24.357,EXNAT_4_TMS_Psychopy2024.2.5.psyexp,2024.2.5,2025-08-11 17h29.25.252105 +0200,
0,0,0,0,0,0,0,,,,,,,,,#88BA3F,1059.4802193641663,None,space,None,None,806.4613342285156,text_20,122,6,Reading_Baseline_main_click,None,stoppen,21,0,21,60,60,,,,,,,,,,,20,01,yes,no,no,2025-08-11_17h25.24.357,EXNAT_4_TMS_Psychopy2024.2.5.psyexp,2024.2.5,2025-08-11 17h29.25.252105 +0200,
0,0,0,0,0,0,0,,,,,,,,,#88BA3F,1060.3287527561188,None,space,None,None,614.0947341918945,text_20,123,6,Reading_Baseline_main_click,None,und,22,0,22,60,60,1060.840232849121,,,,,,,,,,20,01,yes,no,no,2025-08-11_17h25.24.357,EXNAT_4_TMS_Psychopy2024.2.5.psyexp,2024.2.5,2025-08-11 17h29.25.252105 +0200,
0,0,0,0,0,0,0,,,,,,,,,#F989A2,1060.9831669330597,None,space,None,None,679.7318458557129,text_20,124,6,Reading_Baseline_main_click,None,den,22,0,22,60,60,,,,,,,,,,,20,01,yes,no,no,2025-08-11_17h25.24.357,EXNAT_4_TMS_Psychopy2024.2.5.psyexp,2024.2.5,2025-08-11 17h29.25.252105 +0200,
0,0,0,0,0,0,0,,,,,,,,,#88BA3F,1061.7047522068024,None,space,None,None,614.0849590301514,text_20,125,6,Reading_Baseline_main_click,None,Menschen,22,0,22,60,60,,,,,,,,,,,20,01,yes,no,no,2025-08-11_17h25.24.357,EXNAT_4_TMS_Psychopy2024.2.5.psyexp,2024.2.5,2025-08-11 17h29.25.252105 +0200,
0,0,0,0,0,0,0,,,,,,,,,#2AB7EF,1062.3576192855835,None,space,None,None,937.1824264526367,text_20,126,6,Reading_Baseline_main_click,None,schöne,22,0,22,60,60,,,,,,,,,,,20,01,yes,no,no,2025-08-11_17h25.24.357,EXNAT_4_TMS_Psychopy2024.2.5.psyexp,2024.2.5,2025-08-11 17h29.25.252105 +0200,
0,0,0,0,0,0,0,,,,,,,,,#2AB7EF,1063.334866285324,None,space,None,None,631.9994926452637,text_20,127,6,Reading_Baseline_main_click,None,Wohnorte,22,0,22,60,60,,,,,,,,,,,20,01,yes,no,no,2025-08-11_17h25.24.357,EXNAT_4_TMS_Psychopy2024.2.5.psyexp,2024.2.5,2025-08-11 17h29.25.252105 +0200,
0,0,0,0,0,0,0,,,,,,,,,#D292F3,1064.0053453445435,None,space,None,None,793.5609817504883,text_20,128,6,Reading_Baseline_main_click,None,nah,22,0,22,60,60,,,,,,,,,,,20,01,yes,no,no,2025-08-11_17h25.24.357,EXNAT_4_TMS_Psychopy2024.2.5.psyexp,2024.2.5,2025-08-11 17h29.25.252105 +0200,
0,0,0,0,0,0,0,,,,,,,,,#2AB7EF,1064.8356099128723,None,space,None,None,795.2361106872559,text_20,129,6,Reading_Baseline_main_click,None,an,22,0,22,60,60,,,,,,,,,,,20,01,yes,no,no,2025-08-11_17h25.24.357,EXNAT_4_TMS_Psychopy2024.2.5.psyexp,2024.2.5,2025-08-11 17h29.25.252105 +0200,
0,0,0,0,0,0,0,,,,,,,,,#F989A2,1065.6716759204865,None,space,None,None,1031.1384201049805,text_20,130,6,Reading_Baseline_main_click,None,Shanghai,23,0,23,60,60,1065.8402082920074,,,,,,,,,,20,01,yes,no,no,2025-08-11_17h25.24.357,EXNAT_4_TMS_Psychopy2024.2.5.psyexp,2024.2.5,2025-08-11 17h29.25.252105 +0200,
0,0,0,0,0,0,0,,,,,,,,,#D292F3,1066.742202281952,None,space,None,None,600.5847454071045,text_20,131,6,Reading_Baseline_main_click,None,zu,23,0,23,60,60,,,,,,,,,,,20,01,yes,no,no,2025-08-11_17h25.24.357,EXNAT_4_TMS_Psychopy2024.2.5.psyexp,2024.2.5,2025-08-11 17h29.25.252105 +0200,
0,0,0,0,0,0,0,,,,,,,,,#D292F3,1067.3789043426514,None,space,None,None,603.9547920227051,text_20,132,6,Reading_Baseline_main_click,None,bieten.,23,0,23,60,60,,,,,,,,,,,20,01,yes,no,no,2025-08-11_17h25.24.357,EXNAT_4_TMS_Psychopy2024.2.5.psyexp,2024.2.5,2025-08-11 17h29.25.252105 +0200,
0,0,0,0,0,0,0,,,,,,,,,#D292F3,1068.024002313614,None,space,None,None,1046.8506813049316,text_20,133,6,Reading_Baseline_main_click,None,Architekt,23,0,23,60,60,,,,,,,,,,,20,01,yes,no,no,2025-08-11_17h25.24.357,EXNAT_4_TMS_Psychopy2024.2.5.psyexp,2024.2.5,2025-08-11 17h29.25.252105 +0200,
0,0,0,0,0,0,0,,,,,,,,,#2AB7EF,1069.109558582306,None,space,None,None,857.351541519165,text_20,134,6,Reading_Baseline_main_click,None,Huang,23,0,23,60,60,,,,,,,,,,,20,01,yes,no,no,2025-08-11_17h25.24.357,EXNAT_4_TMS_Psychopy2024.2.5.psyexp,2024.2.5,2025-08-11 17h29.25.252105 +0200,
0,0,0,0,0,0,0,,,,,,,,,#2AB7EF,1070.0071139335632,None,space,None,None,583.672046661377,text_20,135,6,Reading_Baseline_main_click,None,Ziaming,23,0,23,60,60,,,,,,,,,,,20,01,yes,no,no,2025-08-11_17h25.24.357,EXNAT_4_TMS_Psychopy2024.2.5.psyexp,2024.2.5,2025-08-11 17h29.25.252105 +0200,
0,0,0,0,0,0,0,,,,,,,,,#88BA3F,1070.6300730705261,None,space,None,None,552.8230667114258,text_20,136,6,Reading_Baseline_main_click,None,"sagt,",24,0,24,60,60,1070.8402409553528,,,,,,,,,,20,01,yes,no,no,2025-08-11_17h25.24.357,EXNAT_4_TMS_Psychopy2024.2.5.psyexp,2024.2.5,2025-08-11 17h29.25.252105 +0200,
0,0,0,0,0,0,0,,,,,,,,,#88BA3F,1071.2203726768494,None,space,None,None,554.3534755706787,text_20,137,6,Reading_Baseline_main_click,None,dass,24,0,24,60,60,,,,,,,,,,,20,01,yes,no,no,2025-08-11_17h25.24.357,EXNAT_4_TMS_Psychopy2024.2.5.psyexp,2024.2.5,2025-08-11 17h29.25.252105 +0200,
0,0,0,0,0,0,0,,,,,,,,,#D292F3,1071.8152077198029,None,space,None,None,615.6573295593262,text_20,138,6,Reading_Baseline_main_click,None,solche,24,0,24,60,60,,,,,,,,,,,20,01,yes,no,no,2025-08-11_17h25.24.357,EXNAT_4_TMS_Psychopy2024.2.5.psyexp,2024.2.5,2025-08-11 17h29.25.252105 +0200,
0,0,0,0,0,0,0,,,,,,,,,#F989A2,1072.471508026123,None,space,None,None,583.3690166473389,text_20,139,6,Reading_Baseline_main_click,None,fremden,24,0,24,60,60,,,,,,,,,,,20,01,yes,no,no,2025-08-11_17h25.24.357,EXNAT_4_TMS_Psychopy2024.2.5.psyexp,2024.2.5,2025-08-11 17h29.25.252105 +0200,
0,0,0,0,0,0,0,,,,,,,,,#88BA3F,1073.0960700511932,None,space,None,None,1094.6314334869385,text_20,140,6,Reading_Baseline_main_click,None,Baustile,24,0,24,60,60,,,,,,,,,,,20,01,yes,no,no,2025-08-11_17h25.24.357,EXNAT_4_TMS_Psychopy2024.2.5.psyexp,2024.2.5,2025-08-11 17h29.25.252105 +0200,
0,0,0,0,0,0,0,,,,,,,,,#2AB7EF,1074.2284896373749,None,space,None,None,666.3706302642822,text_20,141,6,Reading_Baseline_main_click,None,den,24,0,24,60,60,,,,,,,,,,,20,01,yes,no,no,2025-08-11_17h25.24.357,EXNAT_4_TMS_Psychopy2024.2.5.psyexp,2024.2.5,2025-08-11 17h29.25.252105 +0200,
0,0,0,0,0,0,0,,,,,,,,,#88BA3F,1074.9350373744965,None,space,None,None,935.8580112457275,text_20,142,6,Reading_Baseline_main_click,None,Stolz,25,0,25,60,60,1075.8402495384216,,,,,,,,,,20,01,yes,no,no,2025-08-11_17h25.24.357,EXNAT_4_TMS_Psychopy2024.2.5.psyexp,2024.2.5,2025-08-11 17h29.25.252105 +0200,
0,0,0,0,0,0,0,,,,,,,,,#D292F3,1075.9103391170502,None,space,None,None,872.5709915161133,text_20,143,6,Reading_Baseline_main_click,None,vieler,25,0,25,60,60,,,,,,,,,,,20,01,yes,no,no,2025-08-11_17h25.24.357,EXNAT_4_TMS_Psychopy2024.2.5.psyexp,2024.2.5,2025-08-11 17h29.25.252105 +0200,
0,0,0,0,0,0,0,,,,,,,,,#F989A2,1076.8232939243317,None,space,None,None,727.5838851928711,text_20,144,6,Reading_Baseline_main_click,None,Chinesen,25,0,25,60,60,,,,,,,,,,,20,01,yes,no,no,2025-08-11_17h25.24.357,EXNAT_4_TMS_Psychopy2024.2.5.psyexp,2024.2.5,2025-08-11 17h29.25.252105 +0200,
0,0,0,0,0,0,0,,,,,,,,,#2AB7EF,1077.5898413658142,None,space,None,None,1017.1163082122803,text_20,145,6,Reading_Baseline_main_click,None,stärken,25,0,25,60,60,,,,,,,,,,,20,01,yes,no,no,2025-08-11_17h25.24.357,EXNAT_4_TMS_Psychopy2024.2.5.psyexp,2024.2.5,2025-08-11 17h29.25.252105 +0200,
0,0,0,0,0,0,0,,,,,,,,,#88BA3F,1078.6632850170135,None,space,None,None,935.5261325836182,text_20,146,6,Reading_Baseline_main_click,None,und,25,0,25,60,60,,,,,,,,,,,20,01,yes,no,no,2025-08-11_17h25.24.357,EXNAT_4_TMS_Psychopy2024.2.5.psyexp,2024.2.5,2025-08-11 17h29.25.252105 +0200,
0,0,0,0,0,0,0,,,,,,,,,#D292F3,1079.6549451351166,None,space,None,None,616.0445213317871,text_20,147,6,Reading_Baseline_main_click,None,moderne,25,0,25,60,60,,,,,,,,,,,20,01,yes,no,no,2025-08-11_17h25.24.357,EXNAT_4_TMS_Psychopy2024.2.5.psyexp,2024.2.5,2025-08-11 17h29.25.252105 +0200,
0,0,0,0,0,0,0,,,,,,,,,#D292F3,1080.3278436660767,None,space,None,None,695.0173377990723,text_20,148,6,Reading_Baseline_main_click,None,Wohngebiete,26,0,26,60,60,1080.8402955532074,,,,,,,,,,20,01,yes,no,no,2025-08-11_17h25.24.357,EXNAT_4_TMS_Psychopy2024.2.5.psyexp,2024.2.5,2025-08-11 17h29.25.252105 +0200,
0,0,0,0,0,0,0,,,,,,,,,#2AB7EF,1081.0790240764618,None,space,None,None,647.8884220123291,text_20,149,6,Reading_Baseline_main_click,None,attraktiver,26,0,26,60,60,,,,,,,,,,,20,01,yes,no,no,2025-08-11_17h25.24.357,EXNAT_4_TMS_Psychopy2024.2.5.psyexp,2024.2.5,2025-08-11 17h29.25.252105 +0200,
0,0,0,0,0,0,0,,,,,,,,,#F989A2,1081.7811653614044,None,space,None,None,473.54888916015625,text_20,150,6,Reading_Baseline_main_click,None,machen.,26,0,26,60,60,,,,,,,,,,,20,01,yes,no,no,2025-08-11_17h25.24.357,EXNAT_4_TMS_Psychopy2024.2.5.psyexp,2024.2.5,2025-08-11 17h29.25.252105 +0200,
0,0,0,0,0,0,0,,,,,,,,,,1082.3225059509277,,1,,,,text_20,,6,Reading_Baseline_main_click,,,,,,,,,Q1,a,True,,,,,,,20,01,yes,no,no,2025-08-11_17h25.24.357,EXNAT_4_TMS_Psychopy2024.2.5.psyexp,2024.2.5,2025-08-11 17h29.25.252105 +0200,
0,0,0,0,0,0,0,,,,,,,,,,1086.735181570053,,2,,,,text_20,,6,Reading_Baseline_main_click,,,,,,,,,Q2,b,True,,,,,,,20,01,yes,no,no,2025-08-11_17h25.24.357,EXNAT_4_TMS_Psychopy2024.2.5.psyexp,2024.2.5,2025-08-11 17h29.25.252105 +0200,
0,0,0,0,0,0,0,,,,,,,,,,1093.68652677536,,4,,,,text_20,,6,Reading_Baseline_main_click,,,,,,,,,Q3,d,True,,,,,,,20,01,yes,no,no,2025-08-11_17h25.24.357,EXNAT_4_TMS_Psychopy2024.2.5.psyexp,2024.2.5,2025-08-11 17h29.25.252105 +0200,
0,0,0,0,0,0,0,,,,,,,,,#D292F3,1119.6893627643585,None,space,None,None,1125.5192756652832,text_23,1,7,Reading_Baseline_main_click,None,Ricardo,27,0,27,60,60,1119.7443346977234,,,,,,,,,,20,01,yes,no,no,2025-08-11_17h25.24.357,EXNAT_4_TMS_Psychopy2024.2.5.psyexp,2024.2.5,2025-08-11 17h29.25.252105 +0200,
0,0,0,0,0,0,0,,,,,,,,,#F989A2,1120.8509197235107,None,space,None,None,731.9686412811279,text_23,2,7,Reading_Baseline_main_click,None,Bofill,27,0,27,60,60,,,,,,,,,,,20,01,yes,no,no,2025-08-11_17h25.24.357,EXNAT_4_TMS_Psychopy2024.2.5.psyexp,2024.2.5,2025-08-11 17h29.25.252105 +0200,
0,0,0,0,0,0,0,,,,,,,,,#88BA3F,1121.622682094574,None,space,None,None,616.2347793579102,text_23,3,7,Reading_Baseline_main_click,None,entdeckte,27,0,27,60,60,,,,,,,,,,,20,01,yes,no,no,2025-08-11_17h25.24.357,EXNAT_4_TMS_Psychopy2024.2.5.psyexp,2024.2.5,2025-08-11 17h29.25.252105 +0200,
0,0,0,0,0,0,0,,,,,,,,,#D292F3,1122.2785789966583,None,space,None,None,648.2834815979004,text_23,4,7,Reading_Baseline_main_click,None,1973,27,0,27,60,60,,,,,,,,,,,20,01,yes,no,no,2025-08-11_17h25.24.357,EXNAT_4_TMS_Psychopy2024.2.5.psyexp,2024.2.5,2025-08-11 17h29.25.252105 +0200,
0,0,0,0,0,0,0,,,,,,,,,#F989A2,1122.9672162532806,None,space,None,None,663.6841297149658,text_23,5,7,Reading_Baseline_main_click,None,eine,27,0,27,60,60,,,,,,,,,,,20,01,yes,no,no,2025-08-11_17h25.24.357,EXNAT_4_TMS_Psychopy2024.2.5.psyexp,2024.2.5,2025-08-11 17h29.25.252105 +0200,
0,0,0,0,0,0,0,,,,,,,,,#88BA3F,1123.672040939331,None,space,None,None,694.786787033081,text_23,6,7,Reading_Baseline_main_click,None,stillgelegte,27,0,27,60,60,,,,,,,,,,,20,01,yes,no,no,2025-08-11_17h25.24.357,EXNAT_4_TMS_Psychopy2024.2.5.psyexp,2024.2.5,2025-08-11 17h29.25.252105 +0200,
0,0,0,0,0,0,0,,,,,,,,,#2AB7EF,1124.4076776504517,None,space,None,None,615.2291297912598,text_23,7,7,Reading_Baseline_main_click,None,Zementfabrik,28,0,28,60,60,1124.7444756031036,,,,,,,,,,20,01,yes,no,no,2025-08-11_17h25.24.357,EXNAT_4_TMS_Psychopy2024.2.5.psyexp,2024.2.5,2025-08-11 17h29.25.252105 +0200,
0,0,0,0,0,0,0,,,,,,,,,#D292F3,1125.060774564743,None,space,None,None,682.1136474609375,text_23,8,7,Reading_Baseline_main_click,None,nahe,28,0,28,60,60,,,,,,,,,,,20,01,yes,no,no,2025-08-11_17h25.24.357,EXNAT_4_TMS_Psychopy2024.2.5.psyexp,2024.2.5,2025-08-11 17h29.25.252105 +0200,
0,0,0,0,0,0,0,,,,,,,,,#2AB7EF,1125.7819983959198,None,space,None,None,632.8616142272949,text_23,9,7,Reading_Baseline_main_click,None,Barcelona,28,0,28,60,60,,,,,,,,,,,20,01,yes,no,no,2025-08-11_17h25.24.357,EXNAT_4_TMS_Psychopy2024.2.5.psyexp,2024.2.5,2025-08-11 17h29.25.252105 +0200,
0,0,0,0,0,0,0,,,,,,,,,#F989A2,1126.4554109573364,None,space,None,None,663.515567779541,text_23,10,7,Reading_Baseline_main_click,None,und,28,0,28,60,60,,,,,,,,,,,20,01,yes,no,no,2025-08-11_17h25.24.357,EXNAT_4_TMS_Psychopy2024.2.5.psyexp,2024.2.5,2025-08-11 17h29.25.252105 +0200,
0,0,0,0,0,0,0,,,,,,,,,#88BA3F,1127.1583030223846,None,space,None,None,600.6262302398682,text_23,11,7,Reading_Baseline_main_click,None,machte,28,0,28,60,60,,,,,,,,,,,20,01,yes,no,no,2025-08-11_17h25.24.357,EXNAT_4_TMS_Psychopy2024.2.5.psyexp,2024.2.5,2025-08-11 17h29.25.252105 +0200,
0,0,0,0,0,0,0,,,,,,,,,#2AB7EF,1127.79856467247,None,space,None,None,568.3176517486572,text_23,12,7,Reading_Baseline_main_click,None,sie,28,0,28,60,60,,,,,,,,,,,20,01,yes,no,no,2025-08-11_17h25.24.357,EXNAT_4_TMS_Psychopy2024.2.5.psyexp,2024.2.5,2025-08-11 17h29.25.252105 +0200,
0,0,0,0,0,0,0,,,,,,,,,#D292F3,1128.4057068824768,None,space,None,None,617.133617401123,text_23,13,7,Reading_Baseline_main_click,None,zu,28,0,28,60,60,,,,,,,,,,,20,01,yes,no,no,2025-08-11_17h25.24.357,EXNAT_4_TMS_Psychopy2024.2.5.psyexp,2024.2.5,2025-08-11 17h29.25.252105 +0200,
0,0,0,0,0,0,0,,,,,,,,,#2AB7EF,1129.0623540878296,None,space,None,None,632.5595378875732,text_23,14,7,Reading_Baseline_main_click,None,seinem,28,0,28,60,60,,,,,,,,,,,20,01,yes,no,no,2025-08-11_17h25.24.357,EXNAT_4_TMS_Psychopy2024.2.5.psyexp,2024.2.5,2025-08-11 17h29.25.252105 +0200,
0,0,0,0,0,0,0,,,,,,,,,#F989A2,1129.7362639904022,None,space,None,None,966.61376953125,text_23,15,7,Reading_Baseline_main_click,None,Lebensprojekt.,29,0,29,60,60,1129.7881104946136,,,,,,,,,,20,01,yes,no,no,2025-08-11_17h25.24.357,EXNAT_4_TMS_Psychopy2024.2.5.psyexp,2024.2.5,2025-08-11 17h29.25.252105 +0200,
0,0,0,0,0,0,0,,,,,,,,,#2AB7EF,1130.7435224056244,None,space,None,None,551.3231754302979,text_23,16,7,Reading_Baseline_main_click,None,Die,29,0,29,60,60,,,,,,,,,,,20,01,yes,no,no,2025-08-11_17h25.24.357,EXNAT_4_TMS_Psychopy2024.2.5.psyexp,2024.2.5,2025-08-11 17h29.25.252105 +0200,
0,0,0,0,0,0,0,,,,,,,,,#88BA3F,1131.3337137699127,None,space,None,None,521.1434364318848,text_23,17,7,Reading_Baseline_main_click,None,Ruine,29,0,29,60,60,,,,,,,,,,,20,01,yes,no,no,2025-08-11_17h25.24.357,EXNAT_4_TMS_Psychopy2024.2.5.psyexp,2024.2.5,2025-08-11 17h29.25.252105 +0200,
0,0,0,0,0,0,0,,,,,,,,,#F989A2,1131.8952584266663,None,space,None,None,647.6073265075684,text_23,18,7,Reading_Baseline_main_click,None,inspirierte,29,0,29,60,60,,,,,,,,,,,20,01,yes,no,no,2025-08-11_17h25.24.357,EXNAT_4_TMS_Psychopy2024.2.5.psyexp,2024.2.5,2025-08-11 17h29.25.252105 +0200,
0,0,0,0,0,0,0,,,,,,,,,#88BA3F,1132.5820412635803,None,space,None,None,472.78499603271484,text_23,19,7,Reading_Baseline_main_click,None,ihn,29,0,29,60,60,,,,,,,,,,,20,01,yes,no,no,2025-08-11_17h25.24.357,EXNAT_4_TMS_Psychopy2024.2.5.psyexp,2024.2.5,2025-08-11 17h29.25.252105 +0200,
0,0,0,0,0,0,0,,,,,,,,,#D292F3,1133.0905828475952,None,space,None,None,444.18883323669434,text_23,20,7,Reading_Baseline_main_click,None,so,29,0,29,60,60,,,,,,,,,,,20,01,yes,no,no,2025-08-11_17h25.24.357,EXNAT_4_TMS_Psychopy2024.2.5.psyexp,2024.2.5,2025-08-11 17h29.25.252105 +0200,
0,0,0,0,0,0,0,,,,,,,,,#F989A2,1133.5742571353912,None,space,None,None,504.67514991760254,text_23,21,7,Reading_Baseline_main_click,None,"sehr,",29,0,29,60,60,,,,,,,,,,,20,01,yes,no,no,2025-08-11_17h25.24.357,EXNAT_4_TMS_Psychopy2024.2.5.psyexp,2024.2.5,2025-08-11 17h29.25.252105 +0200,
0,0,0,0,0,0,0,,,,,,,,,#D292F3,1134.1188061237335,None,space,None,None,504.1499137878418,text_23,22,7,Reading_Baseline_main_click,None,dass,29,0,29,60,60,,,,,,,,,,,20,01,yes,no,no,2025-08-11_17h25.24.357,EXNAT_4_TMS_Psychopy2024.2.5.psyexp,2024.2.5,2025-08-11 17h29.25.252105 +0200,
0,0,0,0,0,0,0,,,,,,,,,#2AB7EF,1134.6618466377258,None,space,None,None,489.0623092651367,text_23,23,7,Reading_Baseline_main_click,None,er,30,0,30,60,60,1134.7880132198334,,,,,,,,,,20,01,yes,no,no,2025-08-11_17h25.24.357,EXNAT_4_TMS_Psychopy2024.2.5.psyexp,2024.2.5,2025-08-11 17h29.25.252105 +0200,
0,0,0,0,0,0,0,,,,,,,,,#88BA3F,1135.1897459030151,None,space,None,None,472.9735851287842,text_23,24,7,Reading_Baseline_main_click,None,sie,30,0,30,60,60,,,,,,,,,,,20,01,yes,no,no,2025-08-11_17h25.24.357,EXNAT_4_TMS_Psychopy2024.2.5.psyexp,2024.2.5,2025-08-11 17h29.25.252105 +0200,
0,0,0,0,0,0,0,,,,,,,,,#D292F3,1135.7034766674042,None,space,None,None,535.391092300415,text_23,25,7,Reading_Baseline_main_click,None,kaufte,30,0,30,60,60,,,,,,,,,,,20,01,yes,no,no,2025-08-11_17h25.24.357,EXNAT_4_TMS_Psychopy2024.2.5.psyexp,2024.2.5,2025-08-11 17h29.25.252105 +0200,
0,0,0,0,0,0,0,,,,,,,,,#88BA3F,1136.2803201675415,None,space,None,None,470.60084342956543,text_23,26,7,Reading_Baseline_main_click,None,und,30,0,30,60,60,,,,,,,,,,,20,01,yes,no,no,2025-08-11_17h25.24.357,EXNAT_4_TMS_Psychopy2024.2.5.psyexp,2024.2.5,2025-08-11 17h29.25.252105 +0200,
0,0,0,0,0,0,0,,,,,,,,,#F989A2,1136.7896754741669,None,space,None,None,489.23730850219727,text_23,27,7,Reading_Baseline_main_click,None,mit,30,0,30,60,60,,,,,,,,,,,20,01,yes,no,no,2025-08-11_17h25.24.357,EXNAT_4_TMS_Psychopy2024.2.5.psyexp,2024.2.5,2025-08-11 17h29.25.252105 +0200,
0,0,0,0,0,0,0,,,,,,,,,#88BA3F,1137.317899465561,None,space,None,None,569.0031051635742,text_23,28,7,Reading_Baseline_main_click,None,einem,30,0,30,60,60,,,,,,,,,,,20,01,yes,no,no,2025-08-11_17h25.24.357,EXNAT_4_TMS_Psychopy2024.2.5.psyexp,2024.2.5,2025-08-11 17h29.25.252105 +0200,
0,0,0,0,0,0,0,,,,,,,,,#D292F3,1137.9283797740936,None,space,None,None,646.5129852294922,text_23,29,7,Reading_Baseline_main_click,None,Team,30,0,30,60,60,,,,,,,,,,,20,01,yes,no,no,2025-08-11_17h25.24.357,EXNAT_4_TMS_Psychopy2024.2.5.psyexp,2024.2.5,2025-08-11 17h29.25.252105 +0200,
0,0,0,0,0,0,0,,,,,,,,,#88BA3F,1138.6147117614746,None,space,None,None,536.2107753753662,text_23,30,7,Reading_Baseline_main_click,None,umgestaltete.,30,0,30,60,60,,,,,,,,,,,20,01,yes,no,no,2025-08-11_17h25.24.357,EXNAT_4_TMS_Psychopy2024.2.5.psyexp,2024.2.5,2025-08-11 17h29.25.252105 +0200,
0,0,0,0,0,0,0,,,,,,,,,#2AB7EF,1139.1914854049683,None,space,None,None,631.2878131866455,text_23,31,7,Reading_Baseline_main_click,None,Mit,31,0,31,60,60,1139.7881071567535,,,,,,,,,,20,01,yes,no,no,2025-08-11_17h25.24.357,EXNAT_4_TMS_Psychopy2024.2.5.psyexp,2024.2.5,2025-08-11 17h29.25.252105 +0200,
0,0,0,0,0,0,0,,,,,,,,,#D292F3,1139.8607420921326,None,space,None,None,842.0827388763428,text_23,32,7,Reading_Baseline_main_click,None,Presslufthammer,31,0,31,60,60,,,,,,,,,,,20,01,yes,no,no,2025-08-11_17h25.24.357,EXNAT_4_TMS_Psychopy2024.2.5.psyexp,2024.2.5,2025-08-11 17h29.25.252105 +0200,
0,0,0,0,0,0,0,,,,,,,,,#F989A2,1140.741238117218,None,space,None,None,473.5560417175293,text_23,33,7,Reading_Baseline_main_click,None,und,31,0,31,60,60,,,,,,,,,,,20,01,yes,no,no,2025-08-11_17h25.24.357,EXNAT_4_TMS_Psychopy2024.2.5.psyexp,2024.2.5,2025-08-11 17h29.25.252105 +0200,
0,0,0,0,0,0,0,,,,,,,,,#2AB7EF,1141.2555356025696,None,space,None,None,487.2124195098877,text_23,34,7,Reading_Baseline_main_click,None,Dynamit,31,0,31,60,60,,,,,,,,,,,20,01,yes,no,no,2025-08-11_17h25.24.357,EXNAT_4_TMS_Psychopy2024.2.5.psyexp,2024.2.5,2025-08-11 17h29.25.252105 +0200,
0,0,0,0,0,0,0,,,,,,,,,#2AB7EF,1141.7829449176788,None,space,None,None,487.9429340362549,text_23,35,7,Reading_Baseline_main_click,None,entfernten,31,0,31,60,60,,,,,,,,,,,20,01,yes,no,no,2025-08-11_17h25.24.357,EXNAT_4_TMS_Psychopy2024.2.5.psyexp,2024.2.5,2025-08-11 17h29.25.252105 +0200,
0,0,0,0,0,0,0,,,,,,,,,#F989A2,1142.3115060329437,None,space,None,None,455.19351959228516,text_23,36,7,Reading_Baseline_main_click,None,sie,31,0,31,60,60,,,,,,,,,,,20,01,yes,no,no,2025-08-11_17h25.24.357,EXNAT_4_TMS_Psychopy2024.2.5.psyexp,2024.2.5,2025-08-11 17h29.25.252105 +0200,
0,0,0,0,0,0,0,,,,,,,,,#D292F3,1142.8087685108185,None,space,None,None,486.0241413116455,text_23,37,7,Reading_Baseline_main_click,None,störende,31,0,31,60,60,,,,,,,,,,,20,01,yes,no,no,2025-08-11_17h25.24.357,EXNAT_4_TMS_Psychopy2024.2.5.psyexp,2024.2.5,2025-08-11 17h29.25.252105 +0200,
0,0,0,0,0,0,0,,,,,,,,,#D292F3,1143.333259820938,None,space,None,None,457.6091766357422,text_23,38,7,Reading_Baseline_main_click,None,"Elemente,",31,0,31,60,60,,,,,,,,,,,20,01,yes,no,no,2025-08-11_17h25.24.357,EXNAT_4_TMS_Psychopy2024.2.5.psyexp,2024.2.5,2025-08-11 17h29.25.252105 +0200,
0,0,0,0,0,0,0,,,,,,,,,#D292F3,1143.8280646800995,None,space,None,None,522.6693153381348,text_23,39,7,Reading_Baseline_main_click,None,legten,31,0,31,60,60,,,,,,,,,,,20,01,yes,no,no,2025-08-11_17h25.24.357,EXNAT_4_TMS_Psychopy2024.2.5.psyexp,2024.2.5,2025-08-11 17h29.25.252105 +0200,
0,0,0,0,0,0,0,,,,,,,,,#88BA3F,1144.3908698558807,None,space,None,None,520.0531482696533,text_23,40,7,Reading_Baseline_main_click,None,Räume,32,0,32,60,60,1144.7881107330322,,,,,,,,,,20,01,yes,no,no,2025-08-11_17h25.24.357,EXNAT_4_TMS_Psychopy2024.2.5.psyexp,2024.2.5,2025-08-11 17h29.25.252105 +0200,
0,0,0,0,0,0,0,,,,,,,,,#2AB7EF,1144.9486291408539,None,space,None,None,506.29568099975586,text_23,41,7,Reading_Baseline_main_click,None,frei,32,0,32,60,60,,,,,,,,,,,20,01,yes,no,no,2025-08-11_17h25.24.357,EXNAT_4_TMS_Psychopy2024.2.5.psyexp,2024.2.5,2025-08-11 17h29.25.252105 +0200,
0,0,0,0,0,0,0,,,,,,,,,#88BA3F,1145.492502450943,None,space,None,None,394.20151710510254,text_23,42,7,Reading_Baseline_main_click,None,und,32,0,32,60,60,,,,,,,,,,,20,01,yes,no,no,2025-08-11_17h25.24.357,EXNAT_4_TMS_Psychopy2024.2.5.psyexp,2024.2.5,2025-08-11 17h29.25.252105 +0200,
0,0,0,0,0,0,0,,,,,,,,,#F989A2,1145.925363779068,None,space,None,None,601.5224456787109,text_23,43,7,Reading_Baseline_main_click,None,bepflanzten,32,0,32,60,60,,,,,,,,,,,20,01,yes,no,no,2025-08-11_17h25.24.357,EXNAT_4_TMS_Psychopy2024.2.5.psyexp,2024.2.5,2025-08-11 17h29.25.252105 +0200,
0,0,0,0,0,0,0,,,,,,,,,#F989A2,1146.565246105194,None,space,None,None,473.50478172302246,text_23,44,7,Reading_Baseline_main_click,None,das,32,0,32,60,60,,,,,,,,,,,20,01,yes,no,no,2025-08-11_17h25.24.357,EXNAT_4_TMS_Psychopy2024.2.5.psyexp,2024.2.5,2025-08-11 17h29.25.252105 +0200,
0,0,0,0,0,0,0,,,,,,,,,#88BA3F,1147.0802009105682,None,space,None,None,454.67543601989746,text_23,45,7,Reading_Baseline_main_click,None,Gelände,32,0,32,60,60,,,,,,,,,,,20,01,yes,no,no,2025-08-11_17h25.24.357,EXNAT_4_TMS_Psychopy2024.2.5.psyexp,2024.2.5,2025-08-11 17h29.25.252105 +0200,
0,0,0,0,0,0,0,,,,,,,,,#F989A2,1147.574135541916,None,space,None,None,472.7449417114258,text_23,46,7,Reading_Baseline_main_click,None,neu.,32,0,32,60,60,,,,,,,,,,,20,01,yes,no,no,2025-08-11_17h25.24.357,EXNAT_4_TMS_Psychopy2024.2.5.psyexp,2024.2.5,2025-08-11 17h29.25.252105 +0200,
0,0,0,0,0,0,0,,,,,,,,,#2AB7EF,1148.0877180099487,None,space,None,None,631.1683654785156,text_23,47,7,Reading_Baseline_main_click,None,So,32,0,32,60,60,,,,,,,,,,,20,01,yes,no,no,2025-08-11_17h25.24.357,EXNAT_4_TMS_Psychopy2024.2.5.psyexp,2024.2.5,2025-08-11 17h29.25.252105 +0200,
0,0,0,0,0,0,0,,,,,,,,,#2AB7EF,1148.7573220729828,None,space,None,None,489.5510673522949,text_23,48,7,Reading_Baseline_main_click,None,entstand,32,0,32,60,60,,,,,,,,,,,20,01,yes,no,no,2025-08-11_17h25.24.357,EXNAT_4_TMS_Psychopy2024.2.5.psyexp,2024.2.5,2025-08-11 17h29.25.252105 +0200,
0,0,0,0,0,0,0,,,,,,,,,#F989A2,1149.2881557941437,None,space,None,None,438.673734664917,text_23,49,7,Reading_Baseline_main_click,None,ein,32,0,32,60,60,,,,,,,,,,,20,01,yes,no,no,2025-08-11_17h25.24.357,EXNAT_4_TMS_Psychopy2024.2.5.psyexp,2024.2.5,2025-08-11 17h29.25.252105 +0200,
0,0,0,0,0,0,0,,,,,,,,,#F989A2,1149.7686760425568,None,space,None,None,534.0759754180908,text_23,50,7,Reading_Baseline_main_click,None,fantasievolles,33,0,33,60,60,1149.8197734355927,,,,,,,,,,20,01,yes,no,no,2025-08-11_17h25.24.357,EXNAT_4_TMS_Psychopy2024.2.5.psyexp,2024.2.5,2025-08-11 17h29.25.252105 +0200,
0,0,0,0,0,0,0,,,,,,,,,#D292F3,1150.3406863212585,None,space,None,None,442.1706199645996,text_23,51,7,Reading_Baseline_main_click,None,Schloss,33,0,33,60,60,,,,,,,,,,,20,01,yes,no,no,2025-08-11_17h25.24.357,EXNAT_4_TMS_Psychopy2024.2.5.psyexp,2024.2.5,2025-08-11 17h29.25.252105 +0200,
0,0,0,0,0,0,0,,,,,,,,,#D292F3,1150.8230533599854,None,space,None,None,503.85332107543945,text_23,52,7,Reading_Baseline_main_click,None,aus,33,0,33,60,60,,,,,,,,,,,20,01,yes,no,no,2025-08-11_17h25.24.357,EXNAT_4_TMS_Psychopy2024.2.5.psyexp,2024.2.5,2025-08-11 17h29.25.252105 +0200,
0,0,0,0,0,0,0,,,,,,,,,#2AB7EF,1151.365782737732,None,space,None,None,473.09112548828125,text_23,53,7,Reading_Baseline_main_click,None,Beton,33,0,33,60,60,,,,,,,,,,,20,01,yes,no,no,2025-08-11_17h25.24.357,EXNAT_4_TMS_Psychopy2024.2.5.psyexp,2024.2.5,2025-08-11 17h29.25.252105 +0200,
0,0,0,0,0,0,0,,,,,,,,,#2AB7EF,1151.8774955272675,None,space,None,None,457.44895935058594,text_23,54,7,Reading_Baseline_main_click,None,mit,33,0,33,60,60,,,,,,,,,,,20,01,yes,no,no,2025-08-11_17h25.24.357,EXNAT_4_TMS_Psychopy2024.2.5.psyexp,2024.2.5,2025-08-11 17h29.25.252105 +0200,
0,0,0,0,0,0,0,,,,,,,,,#F989A2,1152.3747823238373,None,space,None,None,439.94665145874023,text_23,55,7,Reading_Baseline_main_click,None,Grün,33,0,33,60,60,,,,,,,,,,,20,01,yes,no,no,2025-08-11_17h25.24.357,EXNAT_4_TMS_Psychopy2024.2.5.psyexp,2024.2.5,2025-08-11 17h29.25.252105 +0200,
0,0,0,0,0,0,0,,,,,,,,,#D292F3,1152.8561582565308,None,space,None,None,486.6149425506592,text_23,56,7,Reading_Baseline_main_click,None,und,33,0,33,60,60,,,,,,,,,,,20,01,yes,no,no,2025-08-11_17h25.24.357,EXNAT_4_TMS_Psychopy2024.2.5.psyexp,2024.2.5,2025-08-11 17h29.25.252105 +0200,
0,0,0,0,0,0,0,,,,,,,,,#88BA3F,1153.3818242549896,None,space,None,None,456.91442489624023,text_23,57,7,Reading_Baseline_main_click,None,Licht.,33,0,33,60,60,,,,,,,,,,,20,01,yes,no,no,2025-08-11_17h25.24.357,EXNAT_4_TMS_Psychopy2024.2.5.psyexp,2024.2.5,2025-08-11 17h29.25.252105 +0200,
0,0,0,0,0,0,0,,,,,,,,,#88BA3F,1153.8763825893402,None,space,None,None,522.5539207458496,text_23,58,7,Reading_Baseline_main_click,None,Aus,33,0,33,60,60,,,,,,,,,,,20,01,yes,no,no,2025-08-11_17h25.24.357,EXNAT_4_TMS_Psychopy2024.2.5.psyexp,2024.2.5,2025-08-11 17h29.25.252105 +0200,
0,0,0,0,0,0,0,,,,,,,,,#88BA3F,1154.4379150867462,None,space,None,None,472.9580879211426,text_23,59,7,Reading_Baseline_main_click,None,alten,34,0,34,60,60,1154.8197605609894,,,,,,,,,,20,01,yes,no,no,2025-08-11_17h25.24.357,EXNAT_4_TMS_Psychopy2024.2.5.psyexp,2024.2.5,2025-08-11 17h29.25.252105 +0200,
0,0,0,0,0,0,0,,,,,,,,,#2AB7EF,1154.9517385959625,None,space,None,None,455.1091194152832,text_23,60,7,Reading_Baseline_main_click,None,Silos,34,0,34,60,60,,,,,,,,,,,20,01,yes,no,no,2025-08-11_17h25.24.357,EXNAT_4_TMS_Psychopy2024.2.5.psyexp,2024.2.5,2025-08-11 17h29.25.252105 +0200,
0,0,0,0,0,0,0,,,,,,,,,#D292F3,1155.4488954544067,None,space,None,None,453.9494514465332,text_23,61,7,Reading_Baseline_main_click,None,wurden,34,0,34,60,60,,,,,,,,,,,20,01,yes,no,no,2025-08-11_17h25.24.357,EXNAT_4_TMS_Psychopy2024.2.5.psyexp,2024.2.5,2025-08-11 17h29.25.252105 +0200,
0,0,0,0,0,0,0,,,,,,,,,#88BA3F,1155.9434416294098,None,space,None,None,951.4586925506592,text_23,62,7,Reading_Baseline_main_click,None,lichtdurchflutete,34,0,34,60,60,,,,,,,,,,,20,01,yes,no,no,2025-08-11_17h25.24.357,EXNAT_4_TMS_Psychopy2024.2.5.psyexp,2024.2.5,2025-08-11 17h29.25.252105 +0200,
0,0,0,0,0,0,0,,,,,,,,,#88BA3F,1156.936823606491,None,space,None,None,470.11613845825195,text_23,63,7,Reading_Baseline_main_click,None,"Studios,",34,0,34,60,60,,,,,,,,,,,20,01,yes,no,no,2025-08-11_17h25.24.357,EXNAT_4_TMS_Psychopy2024.2.5.psyexp,2024.2.5,2025-08-11 17h29.25.252105 +0200,
0,0,0,0,0,0,0,,,,,,,,,#2AB7EF,1157.4445900917053,None,space,None,None,522.2620964050293,text_23,64,7,Reading_Baseline_main_click,None,eine,34,0,34,60,60,,,,,,,,,,,20,01,yes,no,no,2025-08-11_17h25.24.357,EXNAT_4_TMS_Psychopy2024.2.5.psyexp,2024.2.5,2025-08-11 17h29.25.252105 +0200,
0,0,0,0,0,0,0,,,,,,,,,#F989A2,1158.0051565170288,None,space,None,None,537.7094745635986,text_23,65,7,Reading_Baseline_main_click,None,riesige,34,0,34,60,60,,,,,,,,,,,20,01,yes,no,no,2025-08-11_17h25.24.357,EXNAT_4_TMS_Psychopy2024.2.5.psyexp,2024.2.5,2025-08-11 17h29.25.252105 +0200,
0,0,0,0,0,0,0,,,,,,,,,#F989A2,1158.5852649211884,None,space,None,None,437.4690055847168,text_23,66,7,Reading_Baseline_main_click,None,Halle,34,0,34,60,60,,,,,,,,,,,20,01,yes,no,no,2025-08-11_17h25.24.357,EXNAT_4_TMS_Psychopy2024.2.5.psyexp,2024.2.5,2025-08-11 17h29.25.252105 +0200,
0,0,0,0,0,0,0,,,,,,,,,#D292F3,1159.0634195804596,None,space,None,None,471.4810848236084,text_23,67,7,Reading_Baseline_main_click,None,zur,34,0,34,60,60,,,,,,,,,,,20,01,yes,no,no,2025-08-11_17h25.24.357,EXNAT_4_TMS_Psychopy2024.2.5.psyexp,2024.2.5,2025-08-11 17h29.25.252105 +0200,
0,0,0,0,0,0,0,,,,,,,,,#F989A2,1159.5741152763367,None,space,None,None,552.7808666229248,text_23,68,7,Reading_Baseline_main_click,None,Konferenz-,35,0,35,60,60,1159.8197629451752,,,,,,,,,,20,01,yes,no,no,2025-08-11_17h25.24.357,EXNAT_4_TMS_Psychopy2024.2.5.psyexp,2024.2.5,2025-08-11 17h29.25.252105 +0200,
0,0,0,0,0,0,0,,,,,,,,,#2AB7EF,1160.168485879898,None,space,None,None,438.39025497436523,text_23,69,7,Reading_Baseline_main_click,None,und,35,0,35,60,60,,,,,,,,,,,20,01,yes,no,no,2025-08-11_17h25.24.357,EXNAT_4_TMS_Psychopy2024.2.5.psyexp,2024.2.5,2025-08-11 17h29.25.252105 +0200,
0,0,0,0,0,0,0,,,,,,,,,#D292F3,1160.6471555233002,None,space,None,None,647.7396488189697,text_23,70,7,Reading_Baseline_main_click,None,"Ausstellungshalle,",35,0,35,60,60,,,,,,,,,,,20,01,yes,no,no,2025-08-11_17h25.24.357,EXNAT_4_TMS_Psychopy2024.2.5.psyexp,2024.2.5,2025-08-11 17h29.25.252105 +0200,
0,0,0,0,0,0,0,,,,,,,,,#2AB7EF,1161.3318297863007,None,space,None,None,459.1078758239746,text_23,71,7,Reading_Baseline_main_click,None,die,35,0,35,60,60,,,,,,,,,,,20,01,yes,no,no,2025-08-11_17h25.24.357,EXNAT_4_TMS_Psychopy2024.2.5.psyexp,2024.2.5,2025-08-11 17h29.25.252105 +0200,
0,0,0,0,0,0,0,,,,,,,,,#88BA3F,1161.829733133316,None,space,None,None,489.15815353393555,text_23,72,7,Reading_Baseline_main_click,None,Residenz,35,0,35,60,60,,,,,,,,,,,20,01,yes,no,no,2025-08-11_17h25.24.357,EXNAT_4_TMS_Psychopy2024.2.5.psyexp,2024.2.5,2025-08-11 17h29.25.252105 +0200,
0,0,0,0,0,0,0,,,,,,,,,#D292F3,1162.3570082187653,None,space,None,None,489.93444442749023,text_23,73,7,Reading_Baseline_main_click,None,zum,35,0,35,60,60,,,,,,,,,,,20,01,yes,no,no,2025-08-11_17h25.24.357,EXNAT_4_TMS_Psychopy2024.2.5.psyexp,2024.2.5,2025-08-11 17h29.25.252105 +0200,
0,0,0,0,0,0,0,,,,,,,,,#88BA3F,1162.888237953186,None,space,None,None,470.4728126525879,text_23,74,7,Reading_Baseline_main_click,None,stilvollen,35,0,35,60,60,,,,,,,,,,,20,01,yes,no,no,2025-08-11_17h25.24.357,EXNAT_4_TMS_Psychopy2024.2.5.psyexp,2024.2.5,2025-08-11 17h29.25.252105 +0200,
0,0,0,0,0,0,0,,,,,,,,,#2AB7EF,1163.3993158340454,None,space,None,None,423.4189987182617,text_23,75,7,Reading_Baseline_main_click,None,Wohnbereich.,35,0,35,60,60,,,,,,,,,,,20,01,yes,no,no,2025-08-11_17h25.24.357,EXNAT_4_TMS_Psychopy2024.2.5.psyexp,2024.2.5,2025-08-11 17h29.25.252105 +0200,
0,0,0,0,0,0,0,,,,,,,,,#F989A2,1163.8598802089691,None,space,None,None,475.02994537353516,text_23,76,7,Reading_Baseline_main_click,None,Bofill,35,0,35,60,60,,,,,,,,,,,20,01,yes,no,no,2025-08-11_17h25.24.357,EXNAT_4_TMS_Psychopy2024.2.5.psyexp,2024.2.5,2025-08-11 17h29.25.252105 +0200,
0,0,0,0,0,0,0,,,,,,,,,#2AB7EF,1164.3716733455658,None,space,None,None,619.2314624786377,text_23,77,7,Reading_Baseline_main_click,None,sah,36,0,36,60,60,1164.8198010921478,,,,,,,,,,20,01,yes,no,no,2025-08-11_17h25.24.357,EXNAT_4_TMS_Psychopy2024.2.5.psyexp,2024.2.5,2025-08-11 17h29.25.252105 +0200,
0,0,0,0,0,0,0,,,,,,,,,#F989A2,1165.029624223709,None,space,None,None,617.1364784240723,text_23,78,7,Reading_Baseline_main_click,None,Architektur,36,0,36,60,60,,,,,,,,,,,20,01,yes,no,no,2025-08-11_17h25.24.357,EXNAT_4_TMS_Psychopy2024.2.5.psyexp,2024.2.5,2025-08-11 17h29.25.252105 +0200,
0,0,0,0,0,0,0,,,,,,,,,#88BA3F,1165.6865863800049,None,space,None,None,456.33864402770996,text_23,79,7,Reading_Baseline_main_click,None,als,36,0,36,60,60,,,,,,,,,,,20,01,yes,no,no,2025-08-11_17h25.24.357,EXNAT_4_TMS_Psychopy2024.2.5.psyexp,2024.2.5,2025-08-11 17h29.25.252105 +0200,
0,0,0,0,0,0,0,,,,,,,,,#F989A2,1166.1832156181335,None,space,None,None,503.7391185760498,text_23,80,7,Reading_Baseline_main_click,None,"Kunstform,",36,0,36,60,60,,,,,,,,,,,20,01,yes,no,no,2025-08-11_17h25.24.357,EXNAT_4_TMS_Psychopy2024.2.5.psyexp,2024.2.5,2025-08-11 17h29.25.252105 +0200,
0,0,0,0,0,0,0,,,,,,,,,#88BA3F,1166.7252242565155,None,space,None,None,425.7376194000244,text_23,81,7,Reading_Baseline_main_click,None,mit,36,0,36,60,60,,,,,,,,,,,20,01,yes,no,no,2025-08-11_17h25.24.357,EXNAT_4_TMS_Psychopy2024.2.5.psyexp,2024.2.5,2025-08-11 17h29.25.252105 +0200,
0,0,0,0,0,0,0,,,,,,,,,#88BA3F,1167.1914286613464,None,space,None,None,391.43848419189453,text_23,82,7,Reading_Baseline_main_click,None,der,36,0,36,60,60,,,,,,,,,,,20,01,yes,no,no,2025-08-11_17h25.24.357,EXNAT_4_TMS_Psychopy2024.2.5.psyexp,2024.2.5,2025-08-11 17h29.25.252105 +0200,
0,0,0,0,0,0,0,,,,,,,,,#2AB7EF,1167.6219115257263,None,space,None,None,633.0215930938721,text_23,83,7,Reading_Baseline_main_click,None,man,36,0,36,60,60,,,,,,,,,,,20,01,yes,no,no,2025-08-11_17h25.24.357,EXNAT_4_TMS_Psychopy2024.2.5.psyexp,2024.2.5,2025-08-11 17h29.25.252105 +0200,
0,0,0,0,0,0,0,,,,,,,,,#D292F3,1168.2955875396729,None,space,None,None,455.3072452545166,text_23,84,7,Reading_Baseline_main_click,None,neue,36,0,36,60,60,,,,,,,,,,,20,01,yes,no,no,2025-08-11_17h25.24.357,EXNAT_4_TMS_Psychopy2024.2.5.psyexp,2024.2.5,2025-08-11 17h29.25.252105 +0200,
0,0,0,0,0,0,0,,,,,,,,,#2AB7EF,1168.7893462181091,None,space,None,None,585.5693817138672,text_23,85,7,Reading_Baseline_main_click,None,Lebensmodelle,36,0,36,60,60,,,,,,,,,,,20,01,yes,no,no,2025-08-11_17h25.24.357,EXNAT_4_TMS_Psychopy2024.2.5.psyexp,2024.2.5,2025-08-11 17h29.25.252105 +0200,
0,0,0,0,0,0,0,,,,,,,,,#D292F3,1169.4130971431732,None,space,None,None,457.6306343078613,text_23,86,7,Reading_Baseline_main_click,None,schaffen,37,0,37,60,60,1169.8197619915009,,,,,,,,,,20,01,yes,no,no,2025-08-11_17h25.24.357,EXNAT_4_TMS_Psychopy2024.2.5.psyexp,2024.2.5,2025-08-11 17h29.25.252105 +0200,
0,0,0,0,0,0,0,,,,,,,,,#F989A2,1169.9099690914154,None,space,None,None,440.9472942352295,text_23,87,7,Reading_Baseline_main_click,None,könne.,37,0,37,60,60,,,,,,,,,,,20,01,yes,no,no,2025-08-11_17h25.24.357,EXNAT_4_TMS_Psychopy2024.2.5.psyexp,2024.2.5,2025-08-11 17h29.25.252105 +0200,
0,0,0,0,0,0,0,,,,,,,,,#F989A2,1170.3915283679962,None,space,None,None,487.3476028442383,text_23,88,7,Reading_Baseline_main_click,None,Mit,37,0,37,60,60,,,,,,,,,,,20,01,yes,no,no,2025-08-11_17h25.24.357,EXNAT_4_TMS_Psychopy2024.2.5.psyexp,2024.2.5,2025-08-11 17h29.25.252105 +0200,
0,0,0,0,0,0,0,,,,,,,,,#F989A2,1170.9185965061188,None,space,None,None,520.2236175537109,text_23,89,7,Reading_Baseline_main_click,None,seinem,37,0,37,60,60,,,,,,,,,,,20,01,yes,no,no,2025-08-11_17h25.24.357,EXNAT_4_TMS_Psychopy2024.2.5.psyexp,2024.2.5,2025-08-11 17h29.25.252105 +0200,
0,0,0,0,0,0,0,,,,,,,,,#88BA3F,1171.479327917099,None,space,None,None,439.58210945129395,text_23,90,7,Reading_Baseline_main_click,None,Team,37,0,37,60,60,,,,,,,,,,,20,01,yes,no,no,2025-08-11_17h25.24.357,EXNAT_4_TMS_Psychopy2024.2.5.psyexp,2024.2.5,2025-08-11 17h29.25.252105 +0200,
0,0,0,0,0,0,0,,,,,,,,,#88BA3F,1171.9573833942413,None,space,None,None,441.5419101715088,text_23,91,7,Reading_Baseline_main_click,None,von,37,0,37,60,60,,,,,,,,,,,20,01,yes,no,no,2025-08-11_17h25.24.357,EXNAT_4_TMS_Psychopy2024.2.5.psyexp,2024.2.5,2025-08-11 17h29.25.252105 +0200,
0,0,0,0,0,0,0,,,,,,,,,#88BA3F,1172.4371974468231,None,space,None,None,425.63629150390625,text_23,92,7,Reading_Baseline_main_click,None,rund,37,0,37,60,60,,,,,,,,,,,20,01,yes,no,no,2025-08-11_17h25.24.357,EXNAT_4_TMS_Psychopy2024.2.5.psyexp,2024.2.5,2025-08-11 17h29.25.252105 +0200,
0,0,0,0,0,0,0,,,,,,,,,#D292F3,1172.9049503803253,None,space,None,None,405.8561325073242,text_23,93,7,Reading_Baseline_main_click,None,60,37,0,37,60,60,,,,,,,,,,,20,01,yes,no,no,2025-08-11_17h25.24.357,EXNAT_4_TMS_Psychopy2024.2.5.psyexp,2024.2.5,2025-08-11 17h29.25.252105 +0200,
0,0,0,0,0,0,0,,,,,,,,,#2AB7EF,1173.3479487895966,None,space,None,None,506.98018074035645,text_23,94,7,Reading_Baseline_main_click,None,Mitarbeitern,37,0,37,60,60,,,,,,,,,,,20,01,yes,no,no,2025-08-11_17h25.24.357,EXNAT_4_TMS_Psychopy2024.2.5.psyexp,2024.2.5,2025-08-11 17h29.25.252105 +0200,
0,0,0,0,0,0,0,,,,,,,,,#2AB7EF,1173.895030260086,None,space,None,None,423.77734184265137,text_23,95,7,Reading_Baseline_main_click,None,entwarf,37,0,37,60,60,,,,,,,,,,,20,01,yes,no,no,2025-08-11_17h25.24.357,EXNAT_4_TMS_Psychopy2024.2.5.psyexp,2024.2.5,2025-08-11 17h29.25.252105 +0200,
0,0,0,0,0,0,0,,,,,,,,,#D292F3,1174.3557755947113,None,space,None,None,427.1583557128906,text_23,96,7,Reading_Baseline_main_click,None,er,37,0,37,60,60,,,,,,,,,,,20,01,yes,no,no,2025-08-11_17h25.24.357,EXNAT_4_TMS_Psychopy2024.2.5.psyexp,2024.2.5,2025-08-11 17h29.25.252105 +0200,
0,0,0,0,0,0,0,,,,,,,,,#88BA3F,1174.8220474720001,None,space,None,None,552.9026985168457,text_23,97,7,Reading_Baseline_main_click,None,bekannte,38,0,38,60,60,1174.8883497714996,,,,,,,,,,20,01,yes,no,no,2025-08-11_17h25.24.357,EXNAT_4_TMS_Psychopy2024.2.5.psyexp,2024.2.5,2025-08-11 17h29.25.252105 +0200,
0,0,0,0,0,0,0,,,,,,,,,#F989A2,1175.4139053821564,None,space,None,None,457.050085067749,text_23,98,7,Reading_Baseline_main_click,None,Projekte,38,0,38,60,60,,,,,,,,,,,20,01,yes,no,no,2025-08-11_17h25.24.357,EXNAT_4_TMS_Psychopy2024.2.5.psyexp,2024.2.5,2025-08-11 17h29.25.252105 +0200,
0,0,0,0,0,0,0,,,,,,,,,#D292F3,1175.911865234375,None,space,None,None,406.96001052856445,text_23,99,7,Reading_Baseline_main_click,None,wie,38,0,38,60,60,,,,,,,,,,,20,01,yes,no,no,2025-08-11_17h25.24.357,EXNAT_4_TMS_Psychopy2024.2.5.psyexp,2024.2.5,2025-08-11 17h29.25.252105 +0200,
0,0,0,0,0,0,0,,,,,,,,,#F989A2,1176.3576052188873,None,space,None,None,473.1886386871338,text_23,100,7,Reading_Baseline_main_click,None,""La,38,0,38,60,60,,,,,,,,,,,20,01,yes,no,no,2025-08-11_17h25.24.357,EXNAT_4_TMS_Psychopy2024.2.5.psyexp,2024.2.5,2025-08-11 17h29.25.252105 +0200,
0,0,0,0,0,0,0,,,,,,,,,#2AB7EF,1176.8719396591187,None,space,None,None,455.05523681640625,text_23,101,7,Reading_Baseline_main_click,None,Muralla,38,0,38,60,60,,,,,,,,,,,20,01,yes,no,no,2025-08-11_17h25.24.357,EXNAT_4_TMS_Psychopy2024.2.5.psyexp,2024.2.5,2025-08-11 17h29.25.252105 +0200,
0,0,0,0,0,0,0,,,,,,,,,#D292F3,1177.3663742542267,None,space,None,None,792.5400733947754,text_23,102,7,Reading_Baseline_main_click,None,Roja"",38,0,38,60,60,,,,,,,,,,,20,01,yes,no,no,2025-08-11_17h25.24.357,EXNAT_4_TMS_Psychopy2024.2.5.psyexp,2024.2.5,2025-08-11 17h29.25.252105 +0200,
0,0,0,0,0,0,0,,,,,,,,,#D292F3,1178.198481798172,None,space,None,None,600.334882736206,text_23,103,7,Reading_Baseline_main_click,None,und,38,0,38,60,60,,,,,,,,,,,20,01,yes,no,no,2025-08-11_17h25.24.357,EXNAT_4_TMS_Psychopy2024.2.5.psyexp,2024.2.5,2025-08-11 17h29.25.252105 +0200,
0,0,0,0,0,0,0,,,,,,,,,#2AB7EF,1178.839103937149,None,space,None,None,615.8473491668701,text_23,104,7,Reading_Baseline_main_click,None,den,38,0,38,60,60,,,,,,,,,,,20,01,yes,no,no,2025-08-11_17h25.24.357,EXNAT_4_TMS_Psychopy2024.2.5.psyexp,2024.2.5,2025-08-11 17h29.25.252105 +0200,
0,0,0,0,0,0,0,,,,,,,,,#2AB7EF,1179.4958016872406,None,space,None,None,599.2815494537354,text_23,105,7,Reading_Baseline_main_click,None,""Palast,39,0,39,60,60,1179.8883984088898,,,,,,,,,,20,01,yes,no,no,2025-08-11_17h25.24.357,EXNAT_4_TMS_Psychopy2024.2.5.psyexp,2024.2.5,2025-08-11 17h29.25.252105 +0200,
0,0,0,0,0,0,0,,,,,,,,,#F989A2,1180.1327929496765,None,space,None,None,474.24960136413574,text_23,106,7,Reading_Baseline_main_click,None,des,39,0,39,60,60,,,,,,,,,,,20,01,yes,no,no,2025-08-11_17h25.24.357,EXNAT_4_TMS_Psychopy2024.2.5.psyexp,2024.2.5,2025-08-11 17h29.25.252105 +0200,
0,0,0,0,0,0,0,,,,,,,,,#88BA3F,1180.6488547325134,None,space,None,None,822.1778869628906,text_23,107,7,Reading_Baseline_main_click,None,Abraxas."",39,0,39,60,60,,,,,,,,,,,20,01,yes,no,no,2025-08-11_17h25.24.357,EXNAT_4_TMS_Psychopy2024.2.5.psyexp,2024.2.5,2025-08-11 17h29.25.252105 +0200,
0,0,0,0,0,0,0,,,,,,,,,#88BA3F,1181.5098054409027,None,space,None,None,969.2549705505371,text_23,108,7,Reading_Baseline_main_click,None,Bis,39,0,39,60,60,,,,,,,,,,,20,01,yes,no,no,2025-08-11_17h25.24.357,EXNAT_4_TMS_Psychopy2024.2.5.psyexp,2024.2.5,2025-08-11 17h29.25.252105 +0200,
0,0,0,0,0,0,0,,,,,,,,,#88BA3F,1182.5199193954468,None,space,None,None,423.11787605285645,text_23,109,7,Reading_Baseline_main_click,None,heute,39,0,39,60,60,,,,,,,,,,,20,01,yes,no,no,2025-08-11_17h25.24.357,EXNAT_4_TMS_Psychopy2024.2.5.psyexp,2024.2.5,2025-08-11 17h29.25.252105 +0200,
0,0,0,0,0,0,0,,,,,,,,,#D292F3,1182.9827241897583,None,space,None,None,504.11057472229004,text_23,110,7,Reading_Baseline_main_click,None,arbeitet,39,0,39,60,60,,,,,,,,,,,20,01,yes,no,no,2025-08-11_17h25.24.357,EXNAT_4_TMS_Psychopy2024.2.5.psyexp,2024.2.5,2025-08-11 17h29.25.252105 +0200,
0,0,0,0,0,0,0,,,,,,,,,#F989A2,1183.5260145664215,None,space,None,None,409.06214714050293,text_23,111,7,Reading_Baseline_main_click,None,er,39,0,39,60,60,,,,,,,,,,,20,01,yes,no,no,2025-08-11_17h25.24.357,EXNAT_4_TMS_Psychopy2024.2.5.psyexp,2024.2.5,2025-08-11 17h29.25.252105 +0200,
0,0,0,0,0,0,0,,,,,,,,,#2AB7EF,1183.9763617515564,None,space,None,None,470.75915336608887,text_23,112,7,Reading_Baseline_main_click,None,in,39,0,39,60,60,,,,,,,,,,,20,01,yes,no,no,2025-08-11_17h25.24.357,EXNAT_4_TMS_Psychopy2024.2.5.psyexp,2024.2.5,2025-08-11 17h29.25.252105 +0200,
0,0,0,0,0,0,0,,,,,,,,,#D292F3,1184.4887199401855,None,space,None,None,422.12438583374023,text_23,113,7,Reading_Baseline_main_click,None,""La,40,0,40,60,60,1184.8883969783783,,,,,,,,,,20,01,yes,no,no,2025-08-11_17h25.24.357,EXNAT_4_TMS_Psychopy2024.2.5.psyexp,2024.2.5,2025-08-11 17h29.25.252105 +0200,
0,0,0,0,0,0,0,,,,,,,,,#2AB7EF,1184.951929807663,None,space,None,None,854.8645973205566,text_23,114,7,Reading_Baseline_main_click,None,"Fábrica,""",40,0,40,60,60,,,,,,,,,,,20,01,yes,no,no,2025-08-11_17h25.24.357,EXNAT_4_TMS_Psychopy2024.2.5.psyexp,2024.2.5,2025-08-11 17h29.25.252105 +0200,
0,0,0,0,0,0,0,,,,,,,,,#F989A2,1185.8457508087158,None,space,None,None,521.3305950164795,text_23,115,7,Reading_Baseline_main_click,None,wo,40,0,40,60,60,,,,,,,,,,,20,01,yes,no,no,2025-08-11_17h25.24.357,EXNAT_4_TMS_Psychopy2024.2.5.psyexp,2024.2.5,2025-08-11 17h29.25.252105 +0200,
0,0,0,0,0,0,0,,,,,,,,,#F989A2,1186.4071717262268,None,space,None,None,503.83734703063965,text_23,116,7,Reading_Baseline_main_click,None,einst,40,0,40,60,60,,,,,,,,,,,20,01,yes,no,no,2025-08-11_17h25.24.357,EXNAT_4_TMS_Psychopy2024.2.5.psyexp,2024.2.5,2025-08-11 17h29.25.252105 +0200,
0,0,0,0,0,0,0,,,,,,,,,#88BA3F,1186.950302362442,None,space,None,None,552.69455909729,text_23,117,7,Reading_Baseline_main_click,None,Zement,40,0,40,60,60,,,,,,,,,,,20,01,yes,no,no,2025-08-11_17h25.24.357,EXNAT_4_TMS_Psychopy2024.2.5.psyexp,2024.2.5,2025-08-11 17h29.25.252105 +0200,
0,0,0,0,0,0,0,,,,,,,,,#D292F3,1187.5432364940643,None,space,None,None,535.7272624969482,text_23,118,7,Reading_Baseline_main_click,None,produziert,40,0,40,60,60,,,,,,,,,,,20,01,yes,no,no,2025-08-11_17h25.24.357,EXNAT_4_TMS_Psychopy2024.2.5.psyexp,2024.2.5,2025-08-11 17h29.25.252105 +0200,
0,0,0,0,0,0,0,,,,,,,,,#88BA3F,1188.1165659427643,None,space,None,None,490.47040939331055,text_23,119,7,Reading_Baseline_main_click,None,wurde.,40,0,40,60,60,,,,,,,,,,,20,01,yes,no,no,2025-08-11_17h25.24.357,EXNAT_4_TMS_Psychopy2024.2.5.psyexp,2024.2.5,2025-08-11 17h29.25.252105 +0200,
0,0,0,0,0,0,0,,,,,,,,,#2AB7EF,1188.6468107700348,None,space,None,None,616.1351203918457,text_23,120,7,Reading_Baseline_main_click,None,Für,40,0,40,60,60,,,,,,,,,,,20,01,yes,no,no,2025-08-11_17h25.24.357,EXNAT_4_TMS_Psychopy2024.2.5.psyexp,2024.2.5,2025-08-11 17h29.25.252105 +0200,
0,0,0,0,0,0,0,,,,,,,,,#F989A2,1189.300503730774,None,space,None,None,570.5726146697998,text_23,121,7,Reading_Baseline_main_click,None,Bofill,40,0,40,60,60,,,,,,,,,,,20,01,yes,no,no,2025-08-11_17h25.24.357,EXNAT_4_TMS_Psychopy2024.2.5.psyexp,2024.2.5,2025-08-11 17h29.25.252105 +0200,
0,0,0,0,0,0,0,,,,,,,,,#88BA3F,1189.9086697101593,None,space,None,None,442.3055648803711,text_23,122,7,Reading_Baseline_main_click,None,ist,41,0,41,60,60,1189.964792251587,,,,,,,,,,20,01,yes,no,no,2025-08-11_17h25.24.357,EXNAT_4_TMS_Psychopy2024.2.5.psyexp,2024.2.5,2025-08-11 17h29.25.252105 +0200,
0,0,0,0,0,0,0,,,,,,,,,#F989A2,1190.3903362751007,None,space,None,None,488.68346214294434,text_23,123,7,Reading_Baseline_main_click,None,das,41,0,41,60,60,,,,,,,,,,,20,01,yes,no,no,2025-08-11_17h25.24.357,EXNAT_4_TMS_Psychopy2024.2.5.psyexp,2024.2.5,2025-08-11 17h29.25.252105 +0200,
0,0,0,0,0,0,0,,,,,,,,,#88BA3F,1190.9200313091278,None,space,None,None,486.738920211792,text_23,124,7,Reading_Baseline_main_click,None,Wohnen,41,0,41,60,60,,,,,,,,,,,20,01,yes,no,no,2025-08-11_17h25.24.357,EXNAT_4_TMS_Psychopy2024.2.5.psyexp,2024.2.5,2025-08-11 17h29.25.252105 +0200,
0,0,0,0,0,0,0,,,,,,,,,#2AB7EF,1191.4441311359406,None,space,None,None,474.7622013092041,text_23,125,7,Reading_Baseline_main_click,None,in,41,0,41,60,60,,,,,,,,,,,20,01,yes,no,no,2025-08-11_17h25.24.357,EXNAT_4_TMS_Psychopy2024.2.5.psyexp,2024.2.5,2025-08-11 17h29.25.252105 +0200,
0,0,0,0,0,0,0,,,,,,,,,#D292F3,1191.959195613861,None,space,None,None,471.8003273010254,text_23,126,7,Reading_Baseline_main_click,None,dieser,41,0,41,60,60,,,,,,,,,,,20,01,yes,no,no,2025-08-11_17h25.24.357,EXNAT_4_TMS_Psychopy2024.2.5.psyexp,2024.2.5,2025-08-11 17h29.25.252105 +0200,
0,0,0,0,0,0,0,,,,,,,,,#2AB7EF,1192.471911430359,None,space,None,None,487.05554008483887,text_23,127,7,Reading_Baseline_main_click,None,besonderen,41,0,41,60,60,,,,,,,,,,,20,01,yes,no,no,2025-08-11_17h25.24.357,EXNAT_4_TMS_Psychopy2024.2.5.psyexp,2024.2.5,2025-08-11 17h29.25.252105 +0200,
0,0,0,0,0,0,0,,,,,,,,,#D292F3,1192.9992747306824,None,space,None,None,551.7168045043945,text_23,128,7,Reading_Baseline_main_click,None,Umgebung,41,0,41,60,60,,,,,,,,,,,20,01,yes,no,no,2025-08-11_17h25.24.357,EXNAT_4_TMS_Psychopy2024.2.5.psyexp,2024.2.5,2025-08-11 17h29.25.252105 +0200,
0,0,0,0,0,0,0,,,,,,,,,#D292F3,1193.5883781909943,None,space,None,None,650.5997180938721,text_23,129,7,Reading_Baseline_main_click,None,Teil,41,0,41,60,60,,,,,,,,,,,20,01,yes,no,no,2025-08-11_17h25.24.357,EXNAT_4_TMS_Psychopy2024.2.5.psyexp,2024.2.5,2025-08-11 17h29.25.252105 +0200,
0,0,0,0,0,0,0,,,,,,,,,#F989A2,1194.27738571167,None,space,None,None,601.5591621398926,text_23,130,7,Reading_Baseline_main_click,None,eines,41,0,41,60,60,,,,,,,,,,,20,01,yes,no,no,2025-08-11_17h25.24.357,EXNAT_4_TMS_Psychopy2024.2.5.psyexp,2024.2.5,2025-08-11 17h29.25.252105 +0200,
0,0,0,0,0,0,0,,,,,,,,,#2AB7EF,1194.9200174808502,None,space,None,None,950.8845806121826,text_23,131,7,Reading_Baseline_main_click,None,andauernden,42,0,42,60,60,1194.9746532440186,,,,,,,,,,20,01,yes,no,no,2025-08-11_17h25.24.357,EXNAT_4_TMS_Psychopy2024.2.5.psyexp,2024.2.5,2025-08-11 17h29.25.252105 +0200,
0,0,0,0,0,0,0,,,,,,,,,#88BA3F,1195.9096229076385,None,space,None,None,633.2592964172363,text_23,132,7,Reading_Baseline_main_click,None,kreativen,42,0,42,60,60,,,,,,,,,,,20,01,yes,no,no,2025-08-11_17h25.24.357,EXNAT_4_TMS_Psychopy2024.2.5.psyexp,2024.2.5,2025-08-11 17h29.25.252105 +0200,
0,0,0,0,0,0,0,,,,,,,,,#2AB7EF,1196.580647468567,None,space,None,None,682.3441982269287,text_23,133,7,Reading_Baseline_main_click,None,Prozesses.,42,0,42,60,60,,,,,,,,,,,20,01,yes,no,no,2025-08-11_17h25.24.357,EXNAT_4_TMS_Psychopy2024.2.5.psyexp,2024.2.5,2025-08-11 17h29.25.252105 +0200,
0,0,0,0,0,0,0,,,,,,,,,#F989A2,1197.3044564723969,None,space,None,None,582.5464725494385,text_23,134,7,Reading_Baseline_main_click,None,""Mein,42,0,42,60,60,,,,,,,,,,,20,01,yes,no,no,2025-08-11_17h25.24.357,EXNAT_4_TMS_Psychopy2024.2.5.psyexp,2024.2.5,2025-08-11 17h29.25.252105 +0200,
0,0,0,0,0,0,0,,,,,,,,,#2AB7EF,1197.9267756938934,None,space,None,None,440.2117729187012,text_23,135,7,Reading_Baseline_main_click,None,Leben,42,0,42,60,60,,,,,,,,,,,20,01,yes,no,no,2025-08-11_17h25.24.357,EXNAT_4_TMS_Psychopy2024.2.5.psyexp,2024.2.5,2025-08-11 17h29.25.252105 +0200,
0,0,0,0,0,0,0,,,,,,,,,#88BA3F,1198.4079377651215,None,space,None,None,438.9638900756836,text_23,136,7,Reading_Baseline_main_click,None,ist,42,0,42,60,60,,,,,,,,,,,20,01,yes,no,no,2025-08-11_17h25.24.357,EXNAT_4_TMS_Psychopy2024.2.5.psyexp,2024.2.5,2025-08-11 17h29.25.252105 +0200,
0,0,0,0,0,0,0,,,,,,,,,#88BA3F,1198.8870112895966,None,space,None,None,439.76473808288574,text_23,137,7,Reading_Baseline_main_click,None,ein,42,0,42,60,60,,,,,,,,,,,20,01,yes,no,no,2025-08-11_17h25.24.357,EXNAT_4_TMS_Psychopy2024.2.5.psyexp,2024.2.5,2025-08-11 17h29.25.252105 +0200,
0,0,0,0,0,0,0,,,,,,,,,#F989A2,1199.3678812980652,None,space,None,None,631.1275959014893,text_23,138,7,Reading_Baseline_main_click,None,"Projekt,""",43,0,43,60,60,1199.9746916294098,,,,,,,,,,20,01,yes,no,no,2025-08-11_17h25.24.357,EXNAT_4_TMS_Psychopy2024.2.5.psyexp,2024.2.5,2025-08-11 17h29.25.252105 +0200,
0,0,0,0,0,0,0,,,,,,,,,#D292F3,1200.0371091365814,None,space,None,None,473.8953113555908,text_23,139,7,Reading_Baseline_main_click,None,sagt,43,0,43,60,60,,,,,,,,,,,20,01,yes,no,no,2025-08-11_17h25.24.357,EXNAT_4_TMS_Psychopy2024.2.5.psyexp,2024.2.5,2025-08-11 17h29.25.252105 +0200,
0,0,0,0,0,0,0,,,,,,,,,#2AB7EF,1200.5484352111816,None,space,None,None,506.5746307373047,text_23,140,7,Reading_Baseline_main_click,None,er.,43,0,43,60,60,,,,,,,,,,,20,01,yes,no,no,2025-08-11_17h25.24.357,EXNAT_4_TMS_Psychopy2024.2.5.psyexp,2024.2.5,2025-08-11 17h29.25.252105 +0200,
0,0,0,0,0,0,0,,,,,,,,,#D292F3,1201.0956492424011,None,space,None,None,503.35025787353516,text_23,141,7,Reading_Baseline_main_click,None,Ebenso,43,0,43,60,60,,,,,,,,,,,20,01,yes,no,no,2025-08-11_17h25.24.357,EXNAT_4_TMS_Psychopy2024.2.5.psyexp,2024.2.5,2025-08-11 17h29.25.252105 +0200,
0,0,0,0,0,0,0,,,,,,,,,#F989A2,1201.6404764652252,None,space,None,None,422.4569797515869,text_23,142,7,Reading_Baseline_main_click,None,wie,43,0,43,60,60,,,,,,,,,,,20,01,yes,no,no,2025-08-11_17h25.24.357,EXNAT_4_TMS_Psychopy2024.2.5.psyexp,2024.2.5,2025-08-11 17h29.25.252105 +0200,
0,0,0,0,0,0,0,,,,,,,,,#D292F3,1202.1034178733826,None,space,None,None,455.3418159484863,text_23,143,7,Reading_Baseline_main_click,None,seine,43,0,43,60,60,,,,,,,,,,,20,01,yes,no,no,2025-08-11_17h25.24.357,EXNAT_4_TMS_Psychopy2024.2.5.psyexp,2024.2.5,2025-08-11 17h29.25.252105 +0200,
0,0,0,0,0,0,0,,,,,,,,,#88BA3F,1202.596951007843,None,space,None,None,473.97375106811523,text_23,144,7,Reading_Baseline_main_click,None,"Fabrik,",43,0,43,60,60,,,,,,,,,,,20,01,yes,no,no,2025-08-11_17h25.24.357,EXNAT_4_TMS_Psychopy2024.2.5.psyexp,2024.2.5,2025-08-11 17h29.25.252105 +0200,
0,0,0,0,0,0,0,,,,,,,,,#2AB7EF,1203.1088469028473,None,space,None,None,394.162654876709,text_23,145,7,Reading_Baseline_main_click,None,die,43,0,43,60,60,,,,,,,,,,,20,01,yes,no,no,2025-08-11_17h25.24.357,EXNAT_4_TMS_Psychopy2024.2.5.psyexp,2024.2.5,2025-08-11 17h29.25.252105 +0200,
0,0,0,0,0,0,0,,,,,,,,,#88BA3F,1203.5416712760925,None,space,None,None,425.3191947937012,text_23,146,7,Reading_Baseline_main_click,None,nie,43,0,43,60,60,,,,,,,,,,,20,01,yes,no,no,2025-08-11_17h25.24.357,EXNAT_4_TMS_Psychopy2024.2.5.psyexp,2024.2.5,2025-08-11 17h29.25.252105 +0200,
0,0,0,0,0,0,0,,,,,,,,,#D292F3,1204.0050611495972,None,space,None,None,505.7501792907715,text_23,147,7,Reading_Baseline_main_click,None,ganz,43,0,43,60,60,,,,,,,,,,,20,01,yes,no,no,2025-08-11_17h25.24.357,EXNAT_4_TMS_Psychopy2024.2.5.psyexp,2024.2.5,2025-08-11 17h29.25.252105 +0200,
0,0,0,0,0,0,0,,,,,,,,,#F989A2,1204.5506792068481,None,space,None,None,376.2631416320801,text_23,148,7,Reading_Baseline_main_click,None,fertig,43,0,43,60,60,,,,,,,,,,,20,01,yes,no,no,2025-08-11_17h25.24.357,EXNAT_4_TMS_Psychopy2024.2.5.psyexp,2024.2.5,2025-08-11 17h29.25.252105 +0200,
0,0,0,0,0,0,0,,,,,,,,,#D292F3,1204.9669902324677,None,space,None,None,599.9443531036377,text_23,149,7,Reading_Baseline_main_click,None,sein,44,0,44,60,60,1205.0208477973938,,,,,,,,,,20,01,yes,no,no,2025-08-11_17h25.24.357,EXNAT_4_TMS_Psychopy2024.2.5.psyexp,2024.2.5,2025-08-11 17h29.25.252105 +0200,
0,0,0,0,0,0,0,,,,,,,,,#88BA3F,1205.6072034835815,None,space,None,None,455.67965507507324,text_23,150,7,Reading_Baseline_main_click,None,wird.,44,0,44,60,60,,,,,,,,,,,20,01,yes,no,no,2025-08-11_17h25.24.357,EXNAT_4_TMS_Psychopy2024.2.5.psyexp,2024.2.5,2025-08-11 17h29.25.252105 +0200,
0,0,0,0,0,0,0,,,,,,,,,,1206.1132109165192,,2,,,,text_23,,7,Reading_Baseline_main_click,,,,,,,,,Q1,b,True,,,,,,,20,01,yes,no,no,2025-08-11_17h25.24.357,EXNAT_4_TMS_Psychopy2024.2.5.psyexp,2024.2.5,2025-08-11 17h29.25.252105 +0200,
0,0,0,0,0,0,0,,,,,,,,,,1213.68834233284,,1,,,,text_23,,7,Reading_Baseline_main_click,,,,,,,,,Q2,a,True,,,,,,,20,01,yes,no,no,2025-08-11_17h25.24.357,EXNAT_4_TMS_Psychopy2024.2.5.psyexp,2024.2.5,2025-08-11 17h29.25.252105 +0200,
0,0,0,0,0,0,0,,,,,,,,,,1221.1213283538818,,2,,,,text_23,,7,Reading_Baseline_main_click,,,,,,,,,Q3,b,False,,,,,,,20,01,yes,no,no,2025-08-11_17h25.24.357,EXNAT_4_TMS_Psychopy2024.2.5.psyexp,2024.2.5,2025-08-11 17h29.25.252105 +0200,
0,0,0,0,0,0,0,,,,,,,,,#88BA3F,1229.5408353805542,None,space,None,None,650.0406265258789,text_32,1,8,Reading_Baseline_main_click,None,In,44,0,44,60,60,,,,,,,,,,,20,01,yes,no,no,2025-08-11_17h25.24.357,EXNAT_4_TMS_Psychopy2024.2.5.psyexp,2024.2.5,2025-08-11 17h29.25.252105 +0200,
0,0,0,0,0,0,0,,,,,,,,,#88BA3F,1230.2240178585052,None,space,None,None,495.0234889984131,text_32,2,8,Reading_Baseline_main_click,None,der,45,0,45,60,60,1230.2771832942963,,,,,,,,,,20,01,yes,no,no,2025-08-11_17h25.24.357,EXNAT_4_TMS_Psychopy2024.2.5.psyexp,2024.2.5,2025-08-11 17h29.25.252105 +0200,
0,0,0,0,0,0,0,,,,,,,,,#D292F3,1230.7553524971008,None,space,None,None,539.6068096160889,text_32,3,8,Reading_Baseline_main_click,None,Küche,45,0,45,60,60,,,,,,,,,,,20,01,yes,no,no,2025-08-11_17h25.24.357,EXNAT_4_TMS_Psychopy2024.2.5.psyexp,2024.2.5,2025-08-11 17h29.25.252105 +0200,
0,0,0,0,0,0,0,,,,,,,,,#F989A2,1231.3305876255035,None,space,None,None,588.3815288543701,text_32,4,8,Reading_Baseline_main_click,None,eines,45,0,45,60,60,,,,,,,,,,,20,01,yes,no,no,2025-08-11_17h25.24.357,EXNAT_4_TMS_Psychopy2024.2.5.psyexp,2024.2.5,2025-08-11 17h29.25.252105 +0200,
0,0,0,0,0,0,0,,,,,,,,,#88BA3F,1231.9583446979523,None,space,None,None,648.6022472381592,text_32,5,8,Reading_Baseline_main_click,None,italienischen,45,0,45,60,60,,,,,,,,,,,20,01,yes,no,no,2025-08-11_17h25.24.357,EXNAT_4_TMS_Psychopy2024.2.5.psyexp,2024.2.5,2025-08-11 17h29.25.252105 +0200,
0,0,0,0,0,0,0,,,,,,,,,#D292F3,1232.6462848186493,None,space,None,None,504.7430992126465,text_32,6,8,Reading_Baseline_main_click,None,Rentners,45,0,45,60,60,,,,,,,,,,,20,01,yes,no,no,2025-08-11_17h25.24.357,EXNAT_4_TMS_Psychopy2024.2.5.psyexp,2024.2.5,2025-08-11 17h29.25.252105 +0200,
0,0,0,0,0,0,0,,,,,,,,,#2AB7EF,1233.1912178993225,None,space,None,None,567.7530765533447,text_32,7,8,Reading_Baseline_main_click,None,hingen,45,0,45,60,60,,,,,,,,,,,20,01,yes,no,no,2025-08-11_17h25.24.357,EXNAT_4_TMS_Psychopy2024.2.5.psyexp,2024.2.5,2025-08-11 17h29.25.252105 +0200,
0,0,0,0,0,0,0,,,,,,,,,#2AB7EF,1233.798190832138,None,space,None,None,568.7792301177979,text_32,8,8,Reading_Baseline_main_click,None,über,45,0,45,60,60,,,,,,,,,,,20,01,yes,no,no,2025-08-11_17h25.24.357,EXNAT_4_TMS_Psychopy2024.2.5.psyexp,2024.2.5,2025-08-11 17h29.25.252105 +0200,
0,0,0,0,0,0,0,,,,,,,,,#F989A2,1234.4082000255585,None,space,None,None,726.8636226654053,text_32,9,8,Reading_Baseline_main_click,None,Jahrzehnte,45,0,45,60,60,,,,,,,,,,,20,01,yes,no,no,2025-08-11_17h25.24.357,EXNAT_4_TMS_Psychopy2024.2.5.psyexp,2024.2.5,2025-08-11 17h29.25.252105 +0200,
0,0,0,0,0,0,0,,,,,,,,,#F989A2,1235.1764755249023,None,space,None,None,502.54034996032715,text_32,10,8,Reading_Baseline_main_click,None,hinweg,46,0,46,60,60,1235.2771077156067,,,,,,,,,,20,01,yes,no,no,2025-08-11_17h25.24.357,EXNAT_4_TMS_Psychopy2024.2.5.psyexp,2024.2.5,2025-08-11 17h29.25.252105 +0200,
0,0,0,0,0,0,0,,,,,,,,,#D292F3,1235.7194623947144,None,space,None,None,455.4002285003662,text_32,11,8,Reading_Baseline_main_click,None,zwei,46,0,46,60,60,,,,,,,,,,,20,01,yes,no,no,2025-08-11_17h25.24.357,EXNAT_4_TMS_Psychopy2024.2.5.psyexp,2024.2.5,2025-08-11 17h29.25.252105 +0200,
0,0,0,0,0,0,0,,,,,,,,,#2AB7EF,1236.2145476341248,None,space,None,None,536.2551212310791,text_32,12,8,Reading_Baseline_main_click,None,Gemälde,46,0,46,60,60,,,,,,,,,,,20,01,yes,no,no,2025-08-11_17h25.24.357,EXNAT_4_TMS_Psychopy2024.2.5.psyexp,2024.2.5,2025-08-11 17h29.25.252105 +0200,
0,0,0,0,0,0,0,,,,,,,,,#F989A2,1236.7903571128845,None,space,None,None,472.4397659301758,text_32,13,8,Reading_Baseline_main_click,None,von,46,0,46,60,60,,,,,,,,,,,20,01,yes,no,no,2025-08-11_17h25.24.357,EXNAT_4_TMS_Psychopy2024.2.5.psyexp,2024.2.5,2025-08-11 17h29.25.252105 +0200,
0,0,0,0,0,0,0,,,,,,,,,#88BA3F,1237.30184841156,None,space,None,None,489.11476135253906,text_32,14,8,Reading_Baseline_main_click,None,Paul,46,0,46,60,60,,,,,,,,,,,20,01,yes,no,no,2025-08-11_17h25.24.357,EXNAT_4_TMS_Psychopy2024.2.5.psyexp,2024.2.5,2025-08-11 17h29.25.252105 +0200,
0,0,0,0,0,0,0,,,,,,,,,#2AB7EF,1237.8327474594116,None,space,None,None,1110.1202964782715,text_32,15,8,Reading_Baseline_main_click,None,Gauguin,46,0,46,60,60,,,,,,,,,,,20,01,yes,no,no,2025-08-11_17h25.24.357,EXNAT_4_TMS_Psychopy2024.2.5.psyexp,2024.2.5,2025-08-11 17h29.25.252105 +0200,
0,0,0,0,0,0,0,,,,,,,,,#F989A2,1238.9822454452515,None,space,None,None,840.6078815460205,text_32,16,8,Reading_Baseline_main_click,None,und,46,0,46,60,60,,,,,,,,,,,20,01,yes,no,no,2025-08-11_17h25.24.357,EXNAT_4_TMS_Psychopy2024.2.5.psyexp,2024.2.5,2025-08-11 17h29.25.252105 +0200,
0,0,0,0,0,0,0,,,,,,,,,#F989A2,1239.8624138832092,None,space,None,None,504.5514106750488,text_32,17,8,Reading_Baseline_main_click,None,Pierre,47,0,47,60,60,1240.2771759033203,,,,,,,,,,20,01,yes,no,no,2025-08-11_17h25.24.357,EXNAT_4_TMS_Psychopy2024.2.5.psyexp,2024.2.5,2025-08-11 17h29.25.252105 +0200,
0,0,0,0,0,0,0,,,,,,,,,#88BA3F,1240.4088745117188,None,space,None,None,710.1223468780518,text_32,18,8,Reading_Baseline_main_click,None,Bonnard.,47,0,47,60,60,,,,,,,,,,,20,01,yes,no,no,2025-08-11_17h25.24.357,EXNAT_4_TMS_Psychopy2024.2.5.psyexp,2024.2.5,2025-08-11 17h29.25.252105 +0200,
0,0,0,0,0,0,0,,,,,,,,,#D292F3,1241.1578631401062,None,space,None,None,1065.1414394378662,text_32,19,8,Reading_Baseline_main_click,None,Er,47,0,47,60,60,,,,,,,,,,,20,01,yes,no,no,2025-08-11_17h25.24.357,EXNAT_4_TMS_Psychopy2024.2.5.psyexp,2024.2.5,2025-08-11 17h29.25.252105 +0200,
0,0,0,0,0,0,0,,,,,,,,,#2AB7EF,1242.2624776363373,None,space,None,None,472.4764823913574,text_32,20,8,Reading_Baseline_main_click,None,wusste,47,0,47,60,60,,,,,,,,,,,20,01,yes,no,no,2025-08-11_17h25.24.357,EXNAT_4_TMS_Psychopy2024.2.5.psyexp,2024.2.5,2025-08-11 17h29.25.252105 +0200,
0,0,0,0,0,0,0,,,,,,,,,#D292F3,1242.774668455124,None,space,None,None,504.27699089050293,text_32,21,8,Reading_Baseline_main_click,None,lange,47,0,47,60,60,,,,,,,,,,,20,01,yes,no,no,2025-08-11_17h25.24.357,EXNAT_4_TMS_Psychopy2024.2.5.psyexp,2024.2.5,2025-08-11 17h29.25.252105 +0200,
0,0,0,0,0,0,0,,,,,,,,,#D292F3,1243.3164222240448,None,space,None,None,442.43764877319336,text_32,22,8,Reading_Baseline_main_click,None,"nicht,",47,0,47,60,60,,,,,,,,,,,20,01,yes,no,no,2025-08-11_17h25.24.357,EXNAT_4_TMS_Psychopy2024.2.5.psyexp,2024.2.5,2025-08-11 17h29.25.252105 +0200,
0,0,0,0,0,0,0,,,,,,,,,#88BA3F,1243.7986462116241,None,space,None,None,488.30342292785645,text_32,23,8,Reading_Baseline_main_click,None,wie,47,0,47,60,60,,,,,,,,,,,20,01,yes,no,no,2025-08-11_17h25.24.357,EXNAT_4_TMS_Psychopy2024.2.5.psyexp,2024.2.5,2025-08-11 17h29.25.252105 +0200,
0,0,0,0,0,0,0,,,,,,,,,#2AB7EF,1244.3228766918182,None,space,None,None,460.0539207458496,text_32,24,8,Reading_Baseline_main_click,None,wertvoll,47,0,47,60,60,,,,,,,,,,,20,01,yes,no,no,2025-08-11_17h25.24.357,EXNAT_4_TMS_Psychopy2024.2.5.psyexp,2024.2.5,2025-08-11 17h29.25.252105 +0200,
0,0,0,0,0,0,0,,,,,,,,,#F989A2,1244.8233108520508,None,space,None,None,391.67165756225586,text_32,25,8,Reading_Baseline_main_click,None,sie,47,0,47,60,60,,,,,,,,,,,20,01,yes,no,no,2025-08-11_17h25.24.357,EXNAT_4_TMS_Psychopy2024.2.5.psyexp,2024.2.5,2025-08-11 17h29.25.252105 +0200,
0,0,0,0,0,0,0,,,,,,,,,#D292F3,1245.2542028427124,None,space,None,None,472.6107120513916,text_32,26,8,Reading_Baseline_main_click,None,sind.,48,0,48,60,60,1245.3059306144714,,,,,,,,,,20,01,yes,no,no,2025-08-11_17h25.24.357,EXNAT_4_TMS_Psychopy2024.2.5.psyexp,2024.2.5,2025-08-11 17h29.25.252105 +0200,
0,0,0,0,0,0,0,,,,,,,,,#88BA3F,1245.7685372829437,None,space,None,None,534.3332290649414,text_32,27,8,Reading_Baseline_main_click,None,Die,48,0,48,60,60,,,,,,,,,,,20,01,yes,no,no,2025-08-11_17h25.24.357,EXNAT_4_TMS_Psychopy2024.2.5.psyexp,2024.2.5,2025-08-11 17h29.25.252105 +0200,
0,0,0,0,0,0,0,,,,,,,,,#2AB7EF,1246.3440549373627,None,space,None,None,422.943115234375,text_32,28,8,Reading_Baseline_main_click,None,beiden,48,0,48,60,60,,,,,,,,,,,20,01,yes,no,no,2025-08-11_17h25.24.357,EXNAT_4_TMS_Psychopy2024.2.5.psyexp,2024.2.5,2025-08-11 17h29.25.252105 +0200,
0,0,0,0,0,0,0,,,,,,,,,#88BA3F,1246.8070950508118,None,space,None,None,535.8514785766602,text_32,29,8,Reading_Baseline_main_click,None,Kunstwerke,48,0,48,60,60,,,,,,,,,,,20,01,yes,no,no,2025-08-11_17h25.24.357,EXNAT_4_TMS_Psychopy2024.2.5.psyexp,2024.2.5,2025-08-11 17h29.25.252105 +0200,
0,0,0,0,0,0,0,,,,,,,,,#D292F3,1247.3840222358704,None,space,None,None,438.89474868774414,text_32,30,8,Reading_Baseline_main_click,None,wurden,48,0,48,60,60,,,,,,,,,,,20,01,yes,no,no,2025-08-11_17h25.24.357,EXNAT_4_TMS_Psychopy2024.2.5.psyexp,2024.2.5,2025-08-11 17h29.25.252105 +0200,
0,0,0,0,0,0,0,,,,,,,,,#F989A2,1247.8615248203278,None,space,None,None,457.32784271240234,text_32,31,8,Reading_Baseline_main_click,None,40,48,0,48,60,60,,,,,,,,,,,20,01,yes,no,no,2025-08-11_17h25.24.357,EXNAT_4_TMS_Psychopy2024.2.5.psyexp,2024.2.5,2025-08-11 17h29.25.252105 +0200,
0,0,0,0,0,0,0,,,,,,,,,#2AB7EF,1248.3581855297089,None,space,None,None,472.7368354797363,text_32,32,8,Reading_Baseline_main_click,None,Jahre,48,0,48,60,60,,,,,,,,,,,20,01,yes,no,no,2025-08-11_17h25.24.357,EXNAT_4_TMS_Psychopy2024.2.5.psyexp,2024.2.5,2025-08-11 17h29.25.252105 +0200,
0,0,0,0,0,0,0,,,,,,,,,#88BA3F,1248.8722546100616,None,space,None,None,486.7863655090332,text_32,33,8,Reading_Baseline_main_click,None,zuvor,48,0,48,60,60,,,,,,,,,,,20,01,yes,no,no,2025-08-11_17h25.24.357,EXNAT_4_TMS_Psychopy2024.2.5.psyexp,2024.2.5,2025-08-11 17h29.25.252105 +0200,
0,0,0,0,0,0,0,,,,,,,,,#D292F3,1249.400140762329,None,space,None,None,406.71515464782715,text_32,34,8,Reading_Baseline_main_click,None,in,48,0,48,60,60,,,,,,,,,,,20,01,yes,no,no,2025-08-11_17h25.24.357,EXNAT_4_TMS_Psychopy2024.2.5.psyexp,2024.2.5,2025-08-11 17h29.25.252105 +0200,
0,0,0,0,0,0,0,,,,,,,,,#2AB7EF,1249.847382068634,None,space,None,None,455.4789066314697,text_32,35,8,Reading_Baseline_main_click,None,London,48,0,48,60,60,,,,,,,,,,,20,01,yes,no,no,2025-08-11_17h25.24.357,EXNAT_4_TMS_Psychopy2024.2.5.psyexp,2024.2.5,2025-08-11 17h29.25.252105 +0200,
0,0,0,0,0,0,0,,,,,,,,,#F989A2,1250.3431901931763,None,space,None,None,487.85400390625,text_32,36,8,Reading_Baseline_main_click,None,gestohlen.,49,0,49,60,60,1250.3983023166656,,,,,,,,,,20,01,yes,no,no,2025-08-11_17h25.24.357,EXNAT_4_TMS_Psychopy2024.2.5.psyexp,2024.2.5,2025-08-11 17h29.25.252105 +0200,
0,0,0,0,0,0,0,,,,,,,,,#F989A2,1250.8711194992065,None,space,None,None,551.8910884857178,text_32,37,8,Reading_Baseline_main_click,None,Der,49,0,49,60,60,,,,,,,,,,,20,01,yes,no,no,2025-08-11_17h25.24.357,EXNAT_4_TMS_Psychopy2024.2.5.psyexp,2024.2.5,2025-08-11 17h29.25.252105 +0200,
0,0,0,0,0,0,0,,,,,,,,,#88BA3F,1251.464770078659,None,space,None,None,486.2198829650879,text_32,38,8,Reading_Baseline_main_click,None,"Mann,",49,0,49,60,60,,,,,,,,,,,20,01,yes,no,no,2025-08-11_17h25.24.357,EXNAT_4_TMS_Psychopy2024.2.5.psyexp,2024.2.5,2025-08-11 17h29.25.252105 +0200,
0,0,0,0,0,0,0,,,,,,,,,#2AB7EF,1251.9903633594513,None,space,None,None,408.62417221069336,text_32,39,8,Reading_Baseline_main_click,None,der,49,0,49,60,60,,,,,,,,,,,20,01,yes,no,no,2025-08-11_17h25.24.357,EXNAT_4_TMS_Psychopy2024.2.5.psyexp,2024.2.5,2025-08-11 17h29.25.252105 +0200,
0,0,0,0,0,0,0,,,,,,,,,#F989A2,1252.4393665790558,None,space,None,None,519.5944309234619,text_32,40,8,Reading_Baseline_main_click,None,in,49,0,49,60,60,,,,,,,,,,,20,01,yes,no,no,2025-08-11_17h25.24.357,EXNAT_4_TMS_Psychopy2024.2.5.psyexp,2024.2.5,2025-08-11 17h29.25.252105 +0200,
0,0,0,0,0,0,0,,,,,,,,,#D292F3,1252.996948480606,None,space,None,None,426.06043815612793,text_32,41,8,Reading_Baseline_main_click,None,den,49,0,49,60,60,,,,,,,,,,,20,01,yes,no,no,2025-08-11_17h25.24.357,EXNAT_4_TMS_Psychopy2024.2.5.psyexp,2024.2.5,2025-08-11 17h29.25.252105 +0200,
0,0,0,0,0,0,0,,,,,,,,,#D292F3,1253.4627010822296,None,space,None,None,472.2790718078613,text_32,42,8,Reading_Baseline_main_click,None,Medien,49,0,49,60,60,,,,,,,,,,,20,01,yes,no,no,2025-08-11_17h25.24.357,EXNAT_4_TMS_Psychopy2024.2.5.psyexp,2024.2.5,2025-08-11 17h29.25.252105 +0200,
0,0,0,0,0,0,0,,,,,,,,,#88BA3F,1253.9753053188324,None,space,None,None,423.5265254974365,text_32,43,8,Reading_Baseline_main_click,None,nur,49,0,49,60,60,,,,,,,,,,,20,01,yes,no,no,2025-08-11_17h25.24.357,EXNAT_4_TMS_Psychopy2024.2.5.psyexp,2024.2.5,2025-08-11 17h29.25.252105 +0200,
0,0,0,0,0,0,0,,,,,,,,,#D292F3,1254.4395470619202,None,space,None,None,455.4765224456787,text_32,44,8,Reading_Baseline_main_click,None,als,49,0,49,60,60,,,,,,,,,,,20,01,yes,no,no,2025-08-11_17h25.24.357,EXNAT_4_TMS_Psychopy2024.2.5.psyexp,2024.2.5,2025-08-11 17h29.25.252105 +0200,
0,0,0,0,0,0,0,,,,,,,,,#2AB7EF,1254.9349944591522,None,space,None,None,583.991527557373,text_32,45,8,Reading_Baseline_main_click,None,""Herr,50,0,50,60,60,1255.3983359336853,,,,,,,,,,20,01,yes,no,no,2025-08-11_17h25.24.357,EXNAT_4_TMS_Psychopy2024.2.5.psyexp,2024.2.5,2025-08-11 17h29.25.252105 +0200,
0,0,0,0,0,0,0,,,,,,,,,#2AB7EF,1255.5594210624695,None,space,None,None,967.5638675689697,text_32,46,8,Reading_Baseline_main_click,None,Nicolò"",50,0,50,60,60,,,,,,,,,,,20,01,yes,no,no,2025-08-11_17h25.24.357,EXNAT_4_TMS_Psychopy2024.2.5.psyexp,2024.2.5,2025-08-11 17h29.25.252105 +0200,
0,0,0,0,0,0,0,,,,,,,,,#F989A2,1256.5647785663605,None,space,None,None,506.18529319763184,text_32,47,8,Reading_Baseline_main_click,None,bezeichnet,50,0,50,60,60,,,,,,,,,,,20,01,yes,no,no,2025-08-11_17h25.24.357,EXNAT_4_TMS_Psychopy2024.2.5.psyexp,2024.2.5,2025-08-11 17h29.25.252105 +0200,
0,0,0,0,0,0,0,,,,,,,,,#88BA3F,1257.1117115020752,None,space,None,None,423.2347011566162,text_32,48,8,Reading_Baseline_main_click,None,"wird,",50,0,50,60,60,,,,,,,,,,,20,01,yes,no,no,2025-08-11_17h25.24.357,EXNAT_4_TMS_Psychopy2024.2.5.psyexp,2024.2.5,2025-08-11 17h29.25.252105 +0200,
0,0,0,0,0,0,0,,,,,,,,,#D292F3,1257.5754339694977,None,space,None,None,455.5554389953613,text_32,49,8,Reading_Baseline_main_click,None,hat,50,0,50,60,60,,,,,,,,,,,20,01,yes,no,no,2025-08-11_17h25.24.357,EXNAT_4_TMS_Psychopy2024.2.5.psyexp,2024.2.5,2025-08-11 17h29.25.252105 +0200,
0,0,0,0,0,0,0,,,,,,,,,#D292F3,1258.072237253189,None,space,None,None,422.84679412841797,text_32,50,8,Reading_Baseline_main_click,None,die,50,0,50,60,60,,,,,,,,,,,20,01,yes,no,no,2025-08-11_17h25.24.357,EXNAT_4_TMS_Psychopy2024.2.5.psyexp,2024.2.5,2025-08-11 17h29.25.252105 +0200,
0,0,0,0,0,0,0,,,,,,,,,#2AB7EF,1258.5343179702759,None,space,None,None,488.720178604126,text_32,51,8,Reading_Baseline_main_click,None,Bilder,50,0,50,60,60,,,,,,,,,,,20,01,yes,no,no,2025-08-11_17h25.24.357,EXNAT_4_TMS_Psychopy2024.2.5.psyexp,2024.2.5,2025-08-11 17h29.25.252105 +0200,
0,0,0,0,0,0,0,,,,,,,,,#F989A2,1259.0649816989899,None,space,None,None,422.05214500427246,text_32,52,8,Reading_Baseline_main_click,None,1975,50,0,50,60,60,,,,,,,,,,,20,01,yes,no,no,2025-08-11_17h25.24.357,EXNAT_4_TMS_Psychopy2024.2.5.psyexp,2024.2.5,2025-08-11 17h29.25.252105 +0200,
0,0,0,0,0,0,0,,,,,,,,,#F989A2,1259.5276186466217,None,space,None,None,471.477746963501,text_32,53,8,Reading_Baseline_main_click,None,auf,50,0,50,60,60,,,,,,,,,,,20,01,yes,no,no,2025-08-11_17h25.24.357,EXNAT_4_TMS_Psychopy2024.2.5.psyexp,2024.2.5,2025-08-11 17h29.25.252105 +0200,
0,0,0,0,0,0,0,,,,,,,,,#88BA3F,1260.038647890091,None,space,None,None,472.40447998046875,text_32,54,8,Reading_Baseline_main_click,None,einer,51,0,51,60,60,1260.398474931717,,,,,,,,,,20,01,yes,no,no,2025-08-11_17h25.24.357,EXNAT_4_TMS_Psychopy2024.2.5.psyexp,2024.2.5,2025-08-11 17h29.25.252105 +0200,
0,0,0,0,0,0,0,,,,,,,,,#D292F3,1260.5524127483368,None,space,None,None,438.6181831359863,text_32,55,8,Reading_Baseline_main_click,None,Auktion,51,0,51,60,60,,,,,,,,,,,20,01,yes,no,no,2025-08-11_17h25.24.357,EXNAT_4_TMS_Psychopy2024.2.5.psyexp,2024.2.5,2025-08-11 17h29.25.252105 +0200,
0,0,0,0,0,0,0,,,,,,,,,#88BA3F,1261.0297374725342,None,space,None,None,441.26129150390625,text_32,56,8,Reading_Baseline_main_click,None,für,51,0,51,60,60,,,,,,,,,,,20,01,yes,no,no,2025-08-11_17h25.24.357,EXNAT_4_TMS_Psychopy2024.2.5.psyexp,2024.2.5,2025-08-11 17h29.25.252105 +0200,
0,0,0,0,0,0,0,,,,,,,,,#88BA3F,1261.5127849578857,None,space,None,None,550.2398014068604,text_32,57,8,Reading_Baseline_main_click,None,Fundsachen,51,0,51,60,60,,,,,,,,,,,20,01,yes,no,no,2025-08-11_17h25.24.357,EXNAT_4_TMS_Psychopy2024.2.5.psyexp,2024.2.5,2025-08-11 17h29.25.252105 +0200,
0,0,0,0,0,0,0,,,,,,,,,#2AB7EF,1262.1025137901306,None,space,None,None,456.5691947937012,text_32,58,8,Reading_Baseline_main_click,None,der,51,0,51,60,60,,,,,,,,,,,20,01,yes,no,no,2025-08-11_17h25.24.357,EXNAT_4_TMS_Psychopy2024.2.5.psyexp,2024.2.5,2025-08-11 17h29.25.252105 +0200,
0,0,0,0,0,0,0,,,,,,,,,#2AB7EF,1262.599125623703,None,space,None,None,503.8938522338867,text_32,59,8,Reading_Baseline_main_click,None,Bahn,51,0,51,60,60,,,,,,,,,,,20,01,yes,no,no,2025-08-11_17h25.24.357,EXNAT_4_TMS_Psychopy2024.2.5.psyexp,2024.2.5,2025-08-11 17h29.25.252105 +0200,
0,0,0,0,0,0,0,,,,,,,,,#F989A2,1263.1444945335388,None,space,None,None,518.5520648956299,text_32,60,8,Reading_Baseline_main_click,None,erworben.,51,0,51,60,60,,,,,,,,,,,20,01,yes,no,no,2025-08-11_17h25.24.357,EXNAT_4_TMS_Psychopy2024.2.5.psyexp,2024.2.5,2025-08-11 17h29.25.252105 +0200,
0,0,0,0,0,0,0,,,,,,,,,#F989A2,1263.7005944252014,None,space,None,None,554.412841796875,text_32,61,8,Reading_Baseline_main_click,None,Er,51,0,51,60,60,,,,,,,,,,,20,01,yes,no,no,2025-08-11_17h25.24.357,EXNAT_4_TMS_Psychopy2024.2.5.psyexp,2024.2.5,2025-08-11 17h29.25.252105 +0200,
0,0,0,0,0,0,0,,,,,,,,,#88BA3F,1264.2946381568909,None,space,None,None,584.3729972839355,text_32,62,8,Reading_Baseline_main_click,None,zahlte,51,0,51,60,60,,,,,,,,,,,20,01,yes,no,no,2025-08-11_17h25.24.357,EXNAT_4_TMS_Psychopy2024.2.5.psyexp,2024.2.5,2025-08-11 17h29.25.252105 +0200,
0,0,0,0,0,0,0,,,,,,,,,#D292F3,1264.9201266765594,None,space,None,None,550.8756637573242,text_32,63,8,Reading_Baseline_main_click,None,umgerechnet,52,0,52,60,60,1265.3983750343323,,,,,,,,,,20,01,yes,no,no,2025-08-11_17h25.24.357,EXNAT_4_TMS_Psychopy2024.2.5.psyexp,2024.2.5,2025-08-11 17h29.25.252105 +0200,
0,0,0,0,0,0,0,,,,,,,,,#88BA3F,1265.5112829208374,None,space,None,None,487.7462387084961,text_32,64,8,Reading_Baseline_main_click,None,lediglich,52,0,52,60,60,,,,,,,,,,,20,01,yes,no,no,2025-08-11_17h25.24.357,EXNAT_4_TMS_Psychopy2024.2.5.psyexp,2024.2.5,2025-08-11 17h29.25.252105 +0200,
0,0,0,0,0,0,0,,,,,,,,,#D292F3,1266.0406408309937,None,space,None,None,470.38769721984863,text_32,65,8,Reading_Baseline_main_click,None,23,52,0,52,60,60,,,,,,,,,,,20,01,yes,no,no,2025-08-11_17h25.24.357,EXNAT_4_TMS_Psychopy2024.2.5.psyexp,2024.2.5,2025-08-11 17h29.25.252105 +0200,
0,0,0,0,0,0,0,,,,,,,,,#2AB7EF,1266.5499398708344,None,space,None,None,505.0392150878906,text_32,66,8,Reading_Baseline_main_click,None,Euro.,52,0,52,60,60,,,,,,,,,,,20,01,yes,no,no,2025-08-11_17h25.24.357,EXNAT_4_TMS_Psychopy2024.2.5.psyexp,2024.2.5,2025-08-11 17h29.25.252105 +0200,
0,0,0,0,0,0,0,,,,,,,,,#F989A2,1267.0947370529175,None,space,None,None,440.25540351867676,text_32,67,8,Reading_Baseline_main_click,None,Da,52,0,52,60,60,,,,,,,,,,,20,01,yes,no,no,2025-08-11_17h25.24.357,EXNAT_4_TMS_Psychopy2024.2.5.psyexp,2024.2.5,2025-08-11 17h29.25.252105 +0200,
0,0,0,0,0,0,0,,,,,,,,,#D292F3,1267.574632883072,None,space,None,None,456.18152618408203,text_32,68,8,Reading_Baseline_main_click,None,sich,52,0,52,60,60,,,,,,,,,,,20,01,yes,no,no,2025-08-11_17h25.24.357,EXNAT_4_TMS_Psychopy2024.2.5.psyexp,2024.2.5,2025-08-11 17h29.25.252105 +0200,
0,0,0,0,0,0,0,,,,,,,,,#2AB7EF,1268.0718920230865,None,space,None,None,535.1765155792236,text_32,69,8,Reading_Baseline_main_click,None,zunächst,52,0,52,60,60,,,,,,,,,,,20,01,yes,no,no,2025-08-11_17h25.24.357,EXNAT_4_TMS_Psychopy2024.2.5.psyexp,2024.2.5,2025-08-11 17h29.25.252105 +0200,
0,0,0,0,0,0,0,,,,,,,,,#F989A2,1268.6472735404968,None,space,None,None,439.7759437561035,text_32,70,8,Reading_Baseline_main_click,None,niemand,52,0,52,60,60,,,,,,,,,,,20,01,yes,no,no,2025-08-11_17h25.24.357,EXNAT_4_TMS_Psychopy2024.2.5.psyexp,2024.2.5,2025-08-11 17h29.25.252105 +0200,
0,0,0,0,0,0,0,,,,,,,,,#2AB7EF,1269.1248199939728,None,space,None,None,378.037691116333,text_32,71,8,Reading_Baseline_main_click,None,für,52,0,52,60,60,,,,,,,,,,,20,01,yes,no,no,2025-08-11_17h25.24.357,EXNAT_4_TMS_Psychopy2024.2.5.psyexp,2024.2.5,2025-08-11 17h29.25.252105 +0200,
0,0,0,0,0,0,0,,,,,,,,,#88BA3F,1269.5415487289429,None,space,None,None,377.34007835388184,text_32,72,8,Reading_Baseline_main_click,None,die,52,0,52,60,60,,,,,,,,,,,20,01,yes,no,no,2025-08-11_17h25.24.357,EXNAT_4_TMS_Psychopy2024.2.5.psyexp,2024.2.5,2025-08-11 17h29.25.252105 +0200,
0,0,0,0,0,0,0,,,,,,,,,#F989A2,1269.9597516059875,None,space,None,None,391.30616188049316,text_32,73,8,Reading_Baseline_main_click,None,Gemälde,52,0,52,60,60,,,,,,,,,,,20,01,yes,no,no,2025-08-11_17h25.24.357,EXNAT_4_TMS_Psychopy2024.2.5.psyexp,2024.2.5,2025-08-11 17h29.25.252105 +0200,
0,0,0,0,0,0,0,,,,,,,,,#2AB7EF,1270.3920142650604,None,space,None,None,391.0393714904785,text_32,74,8,Reading_Baseline_main_click,None,"interessierte,",53,0,53,60,60,1270.4468231201172,,,,,,,,,,20,01,yes,no,no,2025-08-11_17h25.24.357,EXNAT_4_TMS_Psychopy2024.2.5.psyexp,2024.2.5,2025-08-11 17h29.25.252105 +0200,
0,0,0,0,0,0,0,,,,,,,,,#D292F3,1270.8235023021698,None,space,None,None,439.5575523376465,text_32,75,8,Reading_Baseline_main_click,None,wurde,53,0,53,60,60,,,,,,,,,,,20,01,yes,no,no,2025-08-11_17h25.24.357,EXNAT_4_TMS_Psychopy2024.2.5.psyexp,2024.2.5,2025-08-11 17h29.25.252105 +0200,
0,0,0,0,0,0,0,,,,,,,,,#D292F3,1271.3043308258057,None,space,None,None,390.6986713409424,text_32,76,8,Reading_Baseline_main_click,None,der,53,0,53,60,60,,,,,,,,,,,20,01,yes,no,no,2025-08-11_17h25.24.357,EXNAT_4_TMS_Psychopy2024.2.5.psyexp,2024.2.5,2025-08-11 17h29.25.252105 +0200,
0,0,0,0,0,0,0,,,,,,,,,#88BA3F,1271.7344069480896,None,space,None,None,376.65820121765137,text_32,77,8,Reading_Baseline_main_click,None,Preis,53,0,53,60,60,,,,,,,,,,,20,01,yes,no,no,2025-08-11_17h25.24.357,EXNAT_4_TMS_Psychopy2024.2.5.psyexp,2024.2.5,2025-08-11 17h29.25.252105 +0200,
0,0,0,0,0,0,0,,,,,,,,,#F989A2,1272.1495790481567,None,space,None,None,425.4772663116455,text_32,78,8,Reading_Baseline_main_click,None,mehrfach,53,0,53,60,60,,,,,,,,,,,20,01,yes,no,no,2025-08-11_17h25.24.357,EXNAT_4_TMS_Psychopy2024.2.5.psyexp,2024.2.5,2025-08-11 17h29.25.252105 +0200,
0,0,0,0,0,0,0,,,,,,,,,#2AB7EF,1272.6139030456543,None,space,None,None,489.12644386291504,text_32,79,8,Reading_Baseline_main_click,None,reduziert.,53,0,53,60,60,,,,,,,,,,,20,01,yes,no,no,2025-08-11_17h25.24.357,EXNAT_4_TMS_Psychopy2024.2.5.psyexp,2024.2.5,2025-08-11 17h29.25.252105 +0200,
0,0,0,0,0,0,0,,,,,,,,,#88BA3F,1273.1425483226776,None,space,None,None,552.4749755859375,text_32,80,8,Reading_Baseline_main_click,None,"Nicolò,",53,0,53,60,60,,,,,,,,,,,20,01,yes,no,no,2025-08-11_17h25.24.357,EXNAT_4_TMS_Psychopy2024.2.5.psyexp,2024.2.5,2025-08-11 17h29.25.252105 +0200,
0,0,0,0,0,0,0,,,,,,,,,#2AB7EF,1273.73459815979,None,space,None,None,424.40080642700195,text_32,81,8,Reading_Baseline_main_click,None,ein,53,0,53,60,60,,,,,,,,,,,20,01,yes,no,no,2025-08-11_17h25.24.357,EXNAT_4_TMS_Psychopy2024.2.5.psyexp,2024.2.5,2025-08-11 17h29.25.252105 +0200,
0,0,0,0,0,0,0,,,,,,,,,#D292F3,1274.1975848674774,None,space,None,None,1545.4857349395752,text_32,82,8,Reading_Baseline_main_click,None,kunstaffiner,54,0,54,60,60,1275.4467768669128,,,,,,,,,,20,01,yes,no,no,2025-08-11_17h25.24.357,EXNAT_4_TMS_Psychopy2024.2.5.psyexp,2024.2.5,2025-08-11 17h29.25.252105 +0200,
0,0,0,0,0,0,0,,,,,,,,,#F989A2,1275.7843744754791,None,space,None,None,2134.4215869903564,text_32,83,8,Reading_Baseline_main_click,None,"Fiat-Mitarbeiter,",54,0,54,60,60,,,,,,,,,,,20,01,yes,no,no,2025-08-11_17h25.24.357,EXNAT_4_TMS_Psychopy2024.2.5.psyexp,2024.2.5,2025-08-11 17h29.25.252105 +0200,
0,0,0,0,0,0,0,,,,,,,,,#88BA3F,1277.9734389781952,None,space,None,None,505.7053565979004,text_32,84,8,Reading_Baseline_main_click,None,kaufte,54,0,54,60,60,,,,,,,,,,,20,01,yes,no,no,2025-08-11_17h25.24.357,EXNAT_4_TMS_Psychopy2024.2.5.psyexp,2024.2.5,2025-08-11 17h29.25.252105 +0200,
0,0,0,0,0,0,0,,,,,,,,,#D292F3,1278.5341966152191,None,space,None,None,536.8566513061523,text_32,85,8,Reading_Baseline_main_click,None,sie,54,0,54,60,60,,,,,,,,,,,20,01,yes,no,no,2025-08-11_17h25.24.357,EXNAT_4_TMS_Psychopy2024.2.5.psyexp,2024.2.5,2025-08-11 17h29.25.252105 +0200,
0,0,0,0,0,0,0,,,,,,,,,#F989A2,1279.1255848407745,None,space,None,None,585.5002403259277,text_32,86,8,Reading_Baseline_main_click,None,schließlich,54,0,54,60,60,,,,,,,,,,,20,01,yes,no,no,2025-08-11_17h25.24.357,EXNAT_4_TMS_Psychopy2024.2.5.psyexp,2024.2.5,2025-08-11 17h29.25.252105 +0200,
0,0,0,0,0,0,0,,,,,,,,,#2AB7EF,1279.7673516273499,None,space,None,None,471.70495986938477,text_32,87,8,Reading_Baseline_main_click,None,aus,54,0,54,60,60,,,,,,,,,,,20,01,yes,no,no,2025-08-11_17h25.24.357,EXNAT_4_TMS_Psychopy2024.2.5.psyexp,2024.2.5,2025-08-11 17h29.25.252105 +0200,
0,0,0,0,0,0,0,,,,,,,,,#2AB7EF,1280.2939035892487,None,space,None,None,473.0968475341797,text_32,88,8,Reading_Baseline_main_click,None,Neugier.,55,0,55,60,60,1280.4467525482178,,,,,,,,,,20,01,yes,no,no,2025-08-11_17h25.24.357,EXNAT_4_TMS_Psychopy2024.2.5.psyexp,2024.2.5,2025-08-11 17h29.25.252105 +0200,
0,0,0,0,0,0,0,,,,,,,,,#88BA3F,1280.823230266571,None,space,None,None,567.8586959838867,text_32,89,8,Reading_Baseline_main_click,None,Zunächst,55,0,55,60,60,,,,,,,,,,,20,01,yes,no,no,2025-08-11_17h25.24.357,EXNAT_4_TMS_Psychopy2024.2.5.psyexp,2024.2.5,2025-08-11 17h29.25.252105 +0200,
0,0,0,0,0,0,0,,,,,,,,,#2AB7EF,1281.4472489356995,None,space,None,None,503.80444526672363,text_32,90,8,Reading_Baseline_main_click,None,hingen,55,0,55,60,60,,,,,,,,,,,20,01,yes,no,no,2025-08-11_17h25.24.357,EXNAT_4_TMS_Psychopy2024.2.5.psyexp,2024.2.5,2025-08-11 17h29.25.252105 +0200,
0,0,0,0,0,0,0,,,,,,,,,#D292F3,1282.005040884018,None,space,None,None,426.01776123046875,text_32,91,8,Reading_Baseline_main_click,None,die,55,0,55,60,60,,,,,,,,,,,20,01,yes,no,no,2025-08-11_17h25.24.357,EXNAT_4_TMS_Psychopy2024.2.5.psyexp,2024.2.5,2025-08-11 17h29.25.252105 +0200,
0,0,0,0,0,0,0,,,,,,,,,#88BA3F,1282.4854550361633,None,space,None,None,505.6641101837158,text_32,92,8,Reading_Baseline_main_click,None,Werke,55,0,55,60,60,,,,,,,,,,,20,01,yes,no,no,2025-08-11_17h25.24.357,EXNAT_4_TMS_Psychopy2024.2.5.psyexp,2024.2.5,2025-08-11 17h29.25.252105 +0200,
0,0,0,0,0,0,0,,,,,,,,,#D292F3,1283.046535730362,None,space,None,None,504.58407402038574,text_32,93,8,Reading_Baseline_main_click,None,in,55,0,55,60,60,,,,,,,,,,,20,01,yes,no,no,2025-08-11_17h25.24.357,EXNAT_4_TMS_Psychopy2024.2.5.psyexp,2024.2.5,2025-08-11 17h29.25.252105 +0200,
0,0,0,0,0,0,0,,,,,,,,,#F989A2,1283.6053187847137,None,space,None,None,473.7210273742676,text_32,94,8,Reading_Baseline_main_click,None,seinem,55,0,55,60,60,,,,,,,,,,,20,01,yes,no,no,2025-08-11_17h25.24.357,EXNAT_4_TMS_Psychopy2024.2.5.psyexp,2024.2.5,2025-08-11 17h29.25.252105 +0200,
0,0,0,0,0,0,0,,,,,,,,,#88BA3F,1284.1198320388794,None,space,None,None,487.02359199523926,text_32,95,8,Reading_Baseline_main_click,None,"Wohnzimmer,",55,0,55,60,60,,,,,,,,,,,20,01,yes,no,no,2025-08-11_17h25.24.357,EXNAT_4_TMS_Psychopy2024.2.5.psyexp,2024.2.5,2025-08-11 17h29.25.252105 +0200,
0,0,0,0,0,0,0,,,,,,,,,#F989A2,1284.6461415290833,None,space,None,None,424.9398708343506,text_32,96,8,Reading_Baseline_main_click,None,später,55,0,55,60,60,,,,,,,,,,,20,01,yes,no,no,2025-08-11_17h25.24.357,EXNAT_4_TMS_Psychopy2024.2.5.psyexp,2024.2.5,2025-08-11 17h29.25.252105 +0200,
0,0,0,0,0,0,0,,,,,,,,,#D292F3,1285.1108980178833,None,space,None,None,408.1459045410156,text_32,97,8,Reading_Baseline_main_click,None,in,56,0,56,60,60,1285.447027683258,,,,,,,,,,20,01,yes,no,no,2025-08-11_17h25.24.357,EXNAT_4_TMS_Psychopy2024.2.5.psyexp,2024.2.5,2025-08-11 17h29.25.252105 +0200,
0,0,0,0,0,0,0,,,,,,,,,#2AB7EF,1285.5568952560425,None,space,None,None,394.17457580566406,text_32,98,8,Reading_Baseline_main_click,None,der,56,0,56,60,60,,,,,,,,,,,20,01,yes,no,no,2025-08-11_17h25.24.357,EXNAT_4_TMS_Psychopy2024.2.5.psyexp,2024.2.5,2025-08-11 17h29.25.252105 +0200,
0,0,0,0,0,0,0,,,,,,,,,#F989A2,1285.9891154766083,None,space,None,None,409.7270965576172,text_32,99,8,Reading_Baseline_main_click,None,Küche,56,0,56,60,60,,,,,,,,,,,20,01,yes,no,no,2025-08-11_17h25.24.357,EXNAT_4_TMS_Psychopy2024.2.5.psyexp,2024.2.5,2025-08-11 17h29.25.252105 +0200,
0,0,0,0,0,0,0,,,,,,,,,#88BA3F,1286.4396665096283,None,space,None,None,391.3729190826416,text_32,100,8,Reading_Baseline_main_click,None,seines,56,0,56,60,60,,,,,,,,,,,20,01,yes,no,no,2025-08-11_17h25.24.357,EXNAT_4_TMS_Psychopy2024.2.5.psyexp,2024.2.5,2025-08-11 17h29.25.252105 +0200,
0,0,0,0,0,0,0,,,,,,,,,#D292F3,1286.8712193965912,None,space,None,None,503.6320686340332,text_32,101,8,Reading_Baseline_main_click,None,Hauses,56,0,56,60,60,,,,,,,,,,,20,01,yes,no,no,2025-08-11_17h25.24.357,EXNAT_4_TMS_Psychopy2024.2.5.psyexp,2024.2.5,2025-08-11 17h29.25.252105 +0200,
0,0,0,0,0,0,0,,,,,,,,,#2AB7EF,1287.414097070694,None,space,None,None,408.9090824127197,text_32,102,8,Reading_Baseline_main_click,None,in,56,0,56,60,60,,,,,,,,,,,20,01,yes,no,no,2025-08-11_17h25.24.357,EXNAT_4_TMS_Psychopy2024.2.5.psyexp,2024.2.5,2025-08-11 17h29.25.252105 +0200,
0,0,0,0,0,0,0,,,,,,,,,#88BA3F,1287.864513874054,None,space,None,None,534.604549407959,text_32,103,8,Reading_Baseline_main_click,None,Sizilien.,56,0,56,60,60,,,,,,,,,,,20,01,yes,no,no,2025-08-11_17h25.24.357,EXNAT_4_TMS_Psychopy2024.2.5.psyexp,2024.2.5,2025-08-11 17h29.25.252105 +0200,
0,0,0,0,0,0,0,,,,,,,,,#88BA3F,1288.4366481304169,None,space,None,None,538.3715629577637,text_32,104,8,Reading_Baseline_main_click,None,Erst,56,0,56,60,60,,,,,,,,,,,20,01,yes,no,no,2025-08-11_17h25.24.357,EXNAT_4_TMS_Psychopy2024.2.5.psyexp,2024.2.5,2025-08-11 17h29.25.252105 +0200,
0,0,0,0,0,0,0,,,,,,,,,#F989A2,1289.0136399269104,None,space,None,None,441.44535064697266,text_32,105,8,Reading_Baseline_main_click,None,sein,56,0,56,60,60,,,,,,,,,,,20,01,yes,no,no,2025-08-11_17h25.24.357,EXNAT_4_TMS_Psychopy2024.2.5.psyexp,2024.2.5,2025-08-11 17h29.25.252105 +0200,
0,0,0,0,0,0,0,,,,,,,,,#F989A2,1289.4950182437897,None,space,None,None,392.071008682251,text_32,106,8,Reading_Baseline_main_click,None,Sohn,56,0,56,60,60,,,,,,,,,,,20,01,yes,no,no,2025-08-11_17h25.24.357,EXNAT_4_TMS_Psychopy2024.2.5.psyexp,2024.2.5,2025-08-11 17h29.25.252105 +0200,
0,0,0,0,0,0,0,,,,,,,,,#D292F3,1289.9272084236145,None,space,None,None,343.83177757263184,text_32,107,8,Reading_Baseline_main_click,None,"begann,",56,0,56,60,60,,,,,,,,,,,20,01,yes,no,no,2025-08-11_17h25.24.357,EXNAT_4_TMS_Psychopy2024.2.5.psyexp,2024.2.5,2025-08-11 17h29.25.252105 +0200,
0,0,0,0,0,0,0,,,,,,,,,#2AB7EF,1290.3126800060272,None,space,None,None,582.4320316314697,text_32,108,8,Reading_Baseline_main_click,None,Nachforschungen,57,0,57,60,60,1290.446739912033,,,,,,,,,,20,01,yes,no,no,2025-08-11_17h25.24.357,EXNAT_4_TMS_Psychopy2024.2.5.psyexp,2024.2.5,2025-08-11 17h29.25.252105 +0200,
0,0,0,0,0,0,0,,,,,,,,,#F989A2,1290.9331259727478,None,space,None,None,489.75515365600586,text_32,109,8,Reading_Baseline_main_click,None,anzustellen,57,0,57,60,60,,,,,,,,,,,20,01,yes,no,no,2025-08-11_17h25.24.357,EXNAT_4_TMS_Psychopy2024.2.5.psyexp,2024.2.5,2025-08-11 17h29.25.252105 +0200,
0,0,0,0,0,0,0,,,,,,,,,#2AB7EF,1291.4633100032806,None,space,None,None,839.555025100708,text_32,110,8,Reading_Baseline_main_click,None,und,57,0,57,60,60,,,,,,,,,,,20,01,yes,no,no,2025-08-11_17h25.24.357,EXNAT_4_TMS_Psychopy2024.2.5.psyexp,2024.2.5,2025-08-11 17h29.25.252105 +0200,
0,0,0,0,0,0,0,,,,,,,,,#D292F3,1292.3421566486359,None,space,None,None,568.9566135406494,text_32,111,8,Reading_Baseline_main_click,None,konsultierte,57,0,57,60,60,,,,,,,,,,,20,01,yes,no,no,2025-08-11_17h25.24.357,EXNAT_4_TMS_Psychopy2024.2.5.psyexp,2024.2.5,2025-08-11 17h29.25.252105 +0200,
0,0,0,0,0,0,0,,,,,,,,,#2AB7EF,1292.9530472755432,None,space,None,None,822.1497535705566,text_32,112,8,Reading_Baseline_main_click,None,Fachliteratur.,57,0,57,60,60,,,,,,,,,,,20,01,yes,no,no,2025-08-11_17h25.24.357,EXNAT_4_TMS_Psychopy2024.2.5.psyexp,2024.2.5,2025-08-11 17h29.25.252105 +0200,
0,0,0,0,0,0,0,,,,,,,,,#88BA3F,1293.8294987678528,None,space,None,None,617.5539493560791,text_32,113,8,Reading_Baseline_main_click,None,Daraufhin,57,0,57,60,60,,,,,,,,,,,20,01,yes,no,no,2025-08-11_17h25.24.357,EXNAT_4_TMS_Psychopy2024.2.5.psyexp,2024.2.5,2025-08-11 17h29.25.252105 +0200,
0,0,0,0,0,0,0,,,,,,,,,#D292F3,1294.4884204864502,None,space,None,None,454.5934200286865,text_32,114,8,Reading_Baseline_main_click,None,zogen,57,0,57,60,60,,,,,,,,,,,20,01,yes,no,no,2025-08-11_17h25.24.357,EXNAT_4_TMS_Psychopy2024.2.5.psyexp,2024.2.5,2025-08-11 17h29.25.252105 +0200,
0,0,0,0,0,0,0,,,,,,,,,#2AB7EF,1294.98317861557,None,space,None,None,391.90006256103516,text_32,115,8,Reading_Baseline_main_click,None,Vater,57,0,57,60,60,,,,,,,,,,,20,01,yes,no,no,2025-08-11_17h25.24.357,EXNAT_4_TMS_Psychopy2024.2.5.psyexp,2024.2.5,2025-08-11 17h29.25.252105 +0200,
0,0,0,0,0,0,0,,,,,,,,,#D292F3,1295.4146842956543,None,space,None,None,392.4119472503662,text_32,116,8,Reading_Baseline_main_click,None,und,58,0,58,60,60,1295.4712240695953,,,,,,,,,,20,01,yes,no,no,2025-08-11_17h25.24.357,EXNAT_4_TMS_Psychopy2024.2.5.psyexp,2024.2.5,2025-08-11 17h29.25.252105 +0200,
0,0,0,0,0,0,0,,,,,,,,,#88BA3F,1295.8450090885162,None,space,None,None,394.06824111938477,text_32,117,8,Reading_Baseline_main_click,None,Sohn,58,0,58,60,60,,,,,,,,,,,20,01,yes,no,no,2025-08-11_17h25.24.357,EXNAT_4_TMS_Psychopy2024.2.5.psyexp,2024.2.5,2025-08-11 17h29.25.252105 +0200,
0,0,0,0,0,0,0,,,,,,,,,#F989A2,1296.2811810970306,None,space,None,None,565.9105777740479,text_32,118,8,Reading_Baseline_main_click,None,Kunstexperten,58,0,58,60,60,,,,,,,,,,,20,01,yes,no,no,2025-08-11_17h25.24.357,EXNAT_4_TMS_Psychopy2024.2.5.psyexp,2024.2.5,2025-08-11 17h29.25.252105 +0200,
0,0,0,0,0,0,0,,,,,,,,,#F989A2,1296.8887045383453,None,space,None,None,406.268835067749,text_32,119,8,Reading_Baseline_main_click,None,"hinzu,",58,0,58,60,60,,,,,,,,,,,20,01,yes,no,no,2025-08-11_17h25.24.357,EXNAT_4_TMS_Psychopy2024.2.5.psyexp,2024.2.5,2025-08-11 17h29.25.252105 +0200,
0,0,0,0,0,0,0,,,,,,,,,#88BA3F,1297.3316760063171,None,space,None,None,459.1827392578125,text_32,120,8,Reading_Baseline_main_click,None,die,58,0,58,60,60,,,,,,,,,,,20,01,yes,no,no,2025-08-11_17h25.24.357,EXNAT_4_TMS_Psychopy2024.2.5.psyexp,2024.2.5,2025-08-11 17h29.25.252105 +0200,
0,0,0,0,0,0,0,,,,,,,,,#F989A2,1297.8322913646698,None,space,None,None,390.683650970459,text_32,121,8,Reading_Baseline_main_click,None,die,58,0,58,60,60,,,,,,,,,,,20,01,yes,no,no,2025-08-11_17h25.24.357,EXNAT_4_TMS_Psychopy2024.2.5.psyexp,2024.2.5,2025-08-11 17h29.25.252105 +0200,
0,0,0,0,0,0,0,,,,,,,,,#D292F3,1298.2644810676575,None,space,None,None,502.5291442871094,text_32,122,8,Reading_Baseline_main_click,None,Herkunft,58,0,58,60,60,,,,,,,,,,,20,01,yes,no,no,2025-08-11_17h25.24.357,EXNAT_4_TMS_Psychopy2024.2.5.psyexp,2024.2.5,2025-08-11 17h29.25.252105 +0200,
0,0,0,0,0,0,0,,,,,,,,,#F989A2,1298.8078200817108,None,space,None,None,407.15622901916504,text_32,123,8,Reading_Baseline_main_click,None,der,58,0,58,60,60,,,,,,,,,,,20,01,yes,no,no,2025-08-11_17h25.24.357,EXNAT_4_TMS_Psychopy2024.2.5.psyexp,2024.2.5,2025-08-11 17h29.25.252105 +0200,
0,0,0,0,0,0,0,,,,,,,,,#2AB7EF,1299.2539114952087,None,space,None,None,409.076452255249,text_32,124,8,Reading_Baseline_main_click,None,Werke,58,0,58,60,60,,,,,,,,,,,20,01,yes,no,no,2025-08-11_17h25.24.357,EXNAT_4_TMS_Psychopy2024.2.5.psyexp,2024.2.5,2025-08-11 17h29.25.252105 +0200,
0,0,0,0,0,0,0,,,,,,,,,#88BA3F,1299.7038004398346,None,space,None,None,583.1971168518066,text_32,125,8,Reading_Baseline_main_click,None,aufdeckten.,58,0,58,60,60,,,,,,,,,,,20,01,yes,no,no,2025-08-11_17h25.24.357,EXNAT_4_TMS_Psychopy2024.2.5.psyexp,2024.2.5,2025-08-11 17h29.25.252105 +0200,
0,0,0,0,0,0,0,,,,,,,,,#88BA3F,1300.3277733325958,None,space,None,None,439.24665451049805,text_32,126,8,Reading_Baseline_main_click,None,Heute,59,0,59,60,60,1300.471198797226,,,,,,,,,,20,01,yes,no,no,2025-08-11_17h25.24.357,EXNAT_4_TMS_Psychopy2024.2.5.psyexp,2024.2.5,2025-08-11 17h29.25.252105 +0200,
0,0,0,0,0,0,0,,,,,,,,,#D292F3,1300.8064246177673,None,space,None,None,616.5878772735596,text_32,127,8,Reading_Baseline_main_click,None,beläuft,59,0,59,60,60,,,,,,,,,,,20,01,yes,no,no,2025-08-11_17h25.24.357,EXNAT_4_TMS_Psychopy2024.2.5.psyexp,2024.2.5,2025-08-11 17h29.25.252105 +0200,
0,0,0,0,0,0,0,,,,,,,,,#2AB7EF,1301.4624269008636,None,space,None,None,648.5717296600342,text_32,128,8,Reading_Baseline_main_click,None,sich,59,0,59,60,60,,,,,,,,,,,20,01,yes,no,no,2025-08-11_17h25.24.357,EXNAT_4_TMS_Psychopy2024.2.5.psyexp,2024.2.5,2025-08-11 17h29.25.252105 +0200,
0,0,0,0,0,0,0,,,,,,,,,#F989A2,1302.147889137268,None,space,None,None,395.1284885406494,text_32,129,8,Reading_Baseline_main_click,None,der,59,0,59,60,60,,,,,,,,,,,20,01,yes,no,no,2025-08-11_17h25.24.357,EXNAT_4_TMS_Psychopy2024.2.5.psyexp,2024.2.5,2025-08-11 17h29.25.252105 +0200,
0,0,0,0,0,0,0,,,,,,,,,#D292F3,1302.5830688476562,None,space,None,None,455.78980445861816,text_32,130,8,Reading_Baseline_main_click,None,geschätzte,59,0,59,60,60,,,,,,,,,,,20,01,yes,no,no,2025-08-11_17h25.24.357,EXNAT_4_TMS_Psychopy2024.2.5.psyexp,2024.2.5,2025-08-11 17h29.25.252105 +0200,
0,0,0,0,0,0,0,,,,,,,,,#88BA3F,1303.079262495041,None,space,None,None,423.78902435302734,text_32,131,8,Reading_Baseline_main_click,None,Wert,59,0,59,60,60,,,,,,,,,,,20,01,yes,no,no,2025-08-11_17h25.24.357,EXNAT_4_TMS_Psychopy2024.2.5.psyexp,2024.2.5,2025-08-11 17h29.25.252105 +0200,
0,0,0,0,0,0,0,,,,,,,,,#2AB7EF,1303.5412726402283,None,space,None,None,393.78857612609863,text_32,132,8,Reading_Baseline_main_click,None,auf,59,0,59,60,60,,,,,,,,,,,20,01,yes,no,no,2025-08-11_17h25.24.357,EXNAT_4_TMS_Psychopy2024.2.5.psyexp,2024.2.5,2025-08-11 17h29.25.252105 +0200,
0,0,0,0,0,0,0,,,,,,,,,#2AB7EF,1303.9736590385437,None,space,None,None,377.38537788391113,text_32,133,8,Reading_Baseline_main_click,None,über,59,0,59,60,60,,,,,,,,,,,20,01,yes,no,no,2025-08-11_17h25.24.357,EXNAT_4_TMS_Psychopy2024.2.5.psyexp,2024.2.5,2025-08-11 17h29.25.252105 +0200,
0,0,0,0,0,0,0,,,,,,,,,#F989A2,1304.3901920318604,None,space,None,None,344.6688652038574,text_32,134,8,Reading_Baseline_main_click,None,30,59,0,59,60,60,,,,,,,,,,,20,01,yes,no,no,2025-08-11_17h25.24.357,EXNAT_4_TMS_Psychopy2024.2.5.psyexp,2024.2.5,2025-08-11 17h29.25.252105 +0200,
0,0,0,0,0,0,0,,,,,,,,,#F989A2,1304.7770023345947,None,space,None,None,405.82990646362305,text_32,135,8,Reading_Baseline_main_click,None,Millionen,59,0,59,60,60,,,,,,,,,,,20,01,yes,no,no,2025-08-11_17h25.24.357,EXNAT_4_TMS_Psychopy2024.2.5.psyexp,2024.2.5,2025-08-11 17h29.25.252105 +0200,
0,0,0,0,0,0,0,,,,,,,,,#D292F3,1305.222535610199,None,space,None,None,392.4674987792969,text_32,136,8,Reading_Baseline_main_click,None,Euro.,60,0,60,60,inf,1305.4712371826172,,,,,,,,,,20,01,yes,no,no,2025-08-11_17h25.24.357,EXNAT_4_TMS_Psychopy2024.2.5.psyexp,2024.2.5,2025-08-11 17h29.25.252105 +0200,
0,0,0,0,0,0,0,,,,,,,,,#D292F3,1305.6540219783783,None,space,None,None,376.9395351409912,text_32,137,8,Reading_Baseline_main_click,None,Nicolò,60,0,60,60,inf,,,,,,,,,,,20,01,yes,no,no,2025-08-11_17h25.24.357,EXNAT_4_TMS_Psychopy2024.2.5.psyexp,2024.2.5,2025-08-11 17h29.25.252105 +0200,
0,0,0,0,0,0,0,,,,,,,,,#88BA3F,1306.071557044983,None,space,None,None,535.5334281921387,text_32,138,8,Reading_Baseline_main_click,None,betont,60,0,60,60,inf,,,,,,,,,,,20,01,yes,no,no,2025-08-11_17h25.24.357,EXNAT_4_TMS_Psychopy2024.2.5.psyexp,2024.2.5,2025-08-11 17h29.25.252105 +0200,
0,0,0,0,0,0,0,,,,,,,,,#88BA3F,1306.6469616889954,None,space,None,None,392.0729160308838,text_32,139,8,Reading_Baseline_main_click,None,stets,60,0,60,60,inf,,,,,,,,,,,20,01,yes,no,no,2025-08-11_17h25.24.357,EXNAT_4_TMS_Psychopy2024.2.5.psyexp,2024.2.5,2025-08-11 17h29.25.252105 +0200,
0,0,0,0,0,0,0,,,,,,,,,#F989A2,1307.0790584087372,None,space,None,None,455.95645904541016,text_32,140,8,Reading_Baseline_main_click,None,seine,60,0,60,60,inf,,,,,,,,,,,20,01,yes,no,no,2025-08-11_17h25.24.357,EXNAT_4_TMS_Psychopy2024.2.5.psyexp,2024.2.5,2025-08-11 17h29.25.252105 +0200,
0,0,0,0,0,0,0,,,,,,,,,#D292F3,1307.5735366344452,None,space,None,None,409.3213081359863,text_32,141,8,Reading_Baseline_main_click,None,ehrlichen,60,0,60,60,inf,,,,,,,,,,,20,01,yes,no,no,2025-08-11_17h25.24.357,EXNAT_4_TMS_Psychopy2024.2.5.psyexp,2024.2.5,2025-08-11 17h29.25.252105 +0200,
0,0,0,0,0,0,0,,,,,,,,,#88BA3F,1308.0227069854736,None,space,None,None,408.3290100097656,text_32,142,8,Reading_Baseline_main_click,None,Absichten.,60,0,60,60,inf,,,,,,,,,,,20,01,yes,no,no,2025-08-11_17h25.24.357,EXNAT_4_TMS_Psychopy2024.2.5.psyexp,2024.2.5,2025-08-11 17h29.25.252105 +0200,
0,0,0,0,0,0,0,,,,,,,,,#2AB7EF,1308.4720854759216,None,space,None,None,407.02295303344727,text_32,143,8,Reading_Baseline_main_click,None,Für,60,0,60,60,inf,,,,,,,,,,,20,01,yes,no,no,2025-08-11_17h25.24.357,EXNAT_4_TMS_Psychopy2024.2.5.psyexp,2024.2.5,2025-08-11 17h29.25.252105 +0200,
0,0,0,0,0,0,0,,,,,,,,,#2AB7EF,1308.9170491695404,None,space,None,None,409.8072052001953,text_32,144,8,Reading_Baseline_main_click,None,ihn,60,0,60,60,inf,,,,,,,,,,,20,01,yes,no,no,2025-08-11_17h25.24.357,EXNAT_4_TMS_Psychopy2024.2.5.psyexp,2024.2.5,2025-08-11 17h29.25.252105 +0200,
0,0,0,0,0,0,0,,,,,,,,,#2AB7EF,1309.363196849823,None,space,None,None,331.79736137390137,text_32,145,8,Reading_Baseline_main_click,None,waren,60,0,60,60,inf,,,,,,,,,,,20,01,yes,no,no,2025-08-11_17h25.24.357,EXNAT_4_TMS_Psychopy2024.2.5.psyexp,2024.2.5,2025-08-11 17h29.25.252105 +0200,
0,0,0,0,0,0,0,,,,,,,,,#F989A2,1309.733219385147,None,space,None,None,345.7832336425781,text_32,146,8,Reading_Baseline_main_click,None,es,60,0,60,60,inf,,,,,,,,,,,20,01,yes,no,no,2025-08-11_17h25.24.357,EXNAT_4_TMS_Psychopy2024.2.5.psyexp,2024.2.5,2025-08-11 17h29.25.252105 +0200,
0,0,0,0,0,0,0,,,,,,,,,#D292F3,1310.119732618332,None,space,None,None,359.1289520263672,text_32,147,8,Reading_Baseline_main_click,None,einfach,61,0,61,60,inf,1310.4712526798248,,,,,,,,,,20,01,yes,no,no,2025-08-11_17h25.24.357,EXNAT_4_TMS_Psychopy2024.2.5.psyexp,2024.2.5,2025-08-11 17h29.25.252105 +0200,
0,0,0,0,0,0,0,,,,,,,,,#2AB7EF,1310.520131111145,None,space,None,None,374.7832775115967,text_32,148,8,Reading_Baseline_main_click,None,nur,61,0,61,60,inf,,,,,,,,,,,20,01,yes,no,no,2025-08-11_17h25.24.357,EXNAT_4_TMS_Psychopy2024.2.5.psyexp,2024.2.5,2025-08-11 17h29.25.252105 +0200,
0,0,0,0,0,0,0,,,,,,,,,#88BA3F,1310.932861328125,None,space,None,None,394.1624164581299,text_32,149,8,Reading_Baseline_main_click,None,schöne,61,0,61,60,inf,,,,,,,,,,,20,01,yes,no,no,2025-08-11_17h25.24.357,EXNAT_4_TMS_Psychopy2024.2.5.psyexp,2024.2.5,2025-08-11 17h29.25.252105 +0200,
0,0,0,0,0,0,0,,,,,,,,,#D292F3,1311.367108821869,None,space,None,None,391.93129539489746,text_32,150,8,Reading_Baseline_main_click,None,Bilder.,61,0,61,60,inf,,,,,,,,,,,20,01,yes,no,no,2025-08-11_17h25.24.357,EXNAT_4_TMS_Psychopy2024.2.5.psyexp,2024.2.5,2025-08-11 17h29.25.252105 +0200,
0,0,0,0,0,0,0,,,,,,,,,,1311.8123021125793,,1,,,,text_32,,8,Reading_Baseline_main_click,,,,,,,,,Q1,a,True,,,,,,,20,01,yes,no,no,2025-08-11_17h25.24.357,EXNAT_4_TMS_Psychopy2024.2.5.psyexp,2024.2.5,2025-08-11 17h29.25.252105 +0200,
0,0,0,0,0,0,0,,,,,,,,,,1316.408804178238,,4,,,,text_32,,8,Reading_Baseline_main_click,,,,,,,,,Q2,d,True,,,,,,,20,01,yes,no,no,2025-08-11_17h25.24.357,EXNAT_4_TMS_Psychopy2024.2.5.psyexp,2024.2.5,2025-08-11 17h29.25.252105 +0200,
0,0,0,0,0,0,0,,,,,,,,,,1320.7517194747925,,2,,,,text_32,,8,Reading_Baseline_main_click,,,,,,,,,Q3,b,True,,,,,,,20,01,yes,no,no,2025-08-11_17h25.24.357,EXNAT_4_TMS_Psychopy2024.2.5.psyexp,2024.2.5,2025-08-11 17h29.25.252105 +0200,
0,0,0,0,0,0,0,,,,,,,,,,,,,,,,,,,,,,,,,,,,,,,1325.2920684814453,1325.2920846939087,,,,,20,01,yes,no,no,2025-08-11_17h25.24.357,EXNAT_4_TMS_Psychopy2024.2.5.psyexp,2024.2.5,2025-08-11 17h29.25.252105 +0200,
1,0,1,1,0,1,0,,,,,1325.317954301834,,,,,,,,,,,,,,,,,,,,,,,,,,1325.2924847602844,1325.2926182746887,,,,,20,01,yes,no,no,2025-08-11_17h25.24.357,EXNAT_4_TMS_Psychopy2024.2.5.psyexp,2024.2.5,2025-08-11 17h29.25.252105 +0200,
2,0,2,2,0,2,0,,,,,1325.317954301834,,,,,,,,,,,,,,,,,,,,,,,,,,1325.2929332256317,1325.2929954528809,,,,,20,01,yes,no,no,2025-08-11_17h25.24.357,EXNAT_4_TMS_Psychopy2024.2.5.psyexp,2024.2.5,2025-08-11 17h29.25.252105 +0200,
3,0,3,3,0,3,0,,,,,1325.317954301834,,,,,,,,,,,,,,,,,,,,,,,,,,1325.2933037281036,1325.2933650016785,,,,,20,01,yes,no,no,2025-08-11_17h25.24.357,EXNAT_4_TMS_Psychopy2024.2.5.psyexp,2024.2.5,2025-08-11 17h29.25.252105 +0200,
4,0,4,4,0,4,0,,,,,1325.317954301834,,,,,,,,,,,,,,,,,,,,,,,,,,1325.2936713695526,1325.2937316894531,,,,,20,01,yes,no,no,2025-08-11_17h25.24.357,EXNAT_4_TMS_Psychopy2024.2.5.psyexp,2024.2.5,2025-08-11 17h29.25.252105 +0200,
0,0,0,,,,,0,0,0,0,1325.317954301834,,,,#D292F3,1342.224390745163,False,space,correct rejection,None,862.6859188079834,,1,9,2back_single_main_click,2,,1,0,1,24,12,1342.2758753299713,,,,,,,,,,20,01,yes,no,no,2025-08-11_17h25.24.357,EXNAT_4_TMS_Psychopy2024.2.5.psyexp,2024.2.5,2025-08-11 17h29.25.252105 +0200,
0,0,0,,,,,0,0,0,0,,,,,#D292F3,1343.300312280655,False,space,correct rejection,None,554.8624992370605,,2,9,2back_single_main_click,2,,1,0,1,24,12,,,,,,,,,,,20,01,yes,no,no,2025-08-11_17h25.24.357,EXNAT_4_TMS_Psychopy2024.2.5.psyexp,2024.2.5,2025-08-11 17h29.25.252105 +0200,
0,0,0,,,,,0,0,0,0,,,,,#2AB7EF,1344.0706679821014,False,space,correct rejection,None,568.260669708252,,3,9,2back_single_main_click,2,,1,0,1,24,12,,,,,,,,,,,20,01,yes,no,no,2025-08-11_17h25.24.357,EXNAT_4_TMS_Psychopy2024.2.5.psyexp,2024.2.5,2025-08-11 17h29.25.252105 +0200,
0,0,0,,,,,0,0,0,0,,,,,#F989A2,1344.8565311431885,False,space,correct rejection,None,534.5995426177979,,4,9,2back_single_main_click,2,,1,0,1,24,12,,,,,,,,,,,20,01,yes,no,no,2025-08-11_17h25.24.357,EXNAT_4_TMS_Psychopy2024.2.5.psyexp,2024.2.5,2025-08-11 17h29.25.252105 +0200,
0,0,0,,,,,0,0,0,0,,,,,#88BA3F,1345.6083076000214,False,space,correct rejection,None,902.8537273406982,,5,9,2back_single_main_click,2,,1,0,1,24,12,,,,,,,,,,,20,01,yes,no,no,2025-08-11_17h25.24.357,EXNAT_4_TMS_Psychopy2024.2.5.psyexp,2024.2.5,2025-08-11 17h29.25.252105 +0200,
0,0,0,,,,,0,0,0,0,,,,,#2AB7EF,1346.7280309200287,False,space,correct rejection,None,791.0361289978027,,6,9,2back_single_main_click,2,,2,0,2,24,12,1347.2758820056915,,,,,,,,,,20,01,yes,no,no,2025-08-11_17h25.24.357,EXNAT_4_TMS_Psychopy2024.2.5.psyexp,2024.2.5,2025-08-11 17h29.25.252105 +0200,
0,0,0,,,,,0,0,0,0,,,,,#88BA3F,1347.7421534061432,True,l,hit,657.0534706115723,1088.9041423797607,,7,9,2back_single_main_click,2,,2,0,2,24,12,,,,,,,,,,,20,01,yes,no,no,2025-08-11_17h25.24.357,EXNAT_4_TMS_Psychopy2024.2.5.psyexp,2024.2.5,2025-08-11 17h29.25.252105 +0200,
0,0,0,,,,,0,0,0,0,,,,,#88BA3F,1349.0544755458832,False,space,correct rejection,None,544.6469783782959,,8,9,2back_single_main_click,2,,2,0,2,24,12,,,,,,,,,,,20,01,yes,no,no,2025-08-11_17h25.24.357,EXNAT_4_TMS_Psychopy2024.2.5.psyexp,2024.2.5,2025-08-11 17h29.25.252105 +0200,
0,0,0,,,,,0,0,0,0,,,,,#D292F3,1349.8232378959656,False,space,correct rejection,None,831.8407535552979,,9,9,2back_single_main_click,2,,2,0,2,24,12,,,,,,,,,,,20,01,yes,no,no,2025-08-11_17h25.24.357,EXNAT_4_TMS_Psychopy2024.2.5.psyexp,2024.2.5,2025-08-11 17h29.25.252105 +0200,
0,0,0,,,,,0,0,0,0,,,,,#F989A2,1350.8784523010254,False,space,correct rejection,None,464.5228385925293,,10,9,2back_single_main_click,2,,2,0,2,24,12,,,,,,,,,,,20,01,yes,no,no,2025-08-11_17h25.24.357,EXNAT_4_TMS_Psychopy2024.2.5.psyexp,2024.2.5,2025-08-11 17h29.25.252105 +0200,
0,0,0,,,,,0,0,0,0,,,,,#2AB7EF,1351.5670251846313,False,space,correct rejection,None,896.1670398712158,,11,9,2back_single_main_click,2,,2,0,2,24,12,,,,,,,,,,,20,01,yes,no,no,2025-08-11_17h25.24.357,EXNAT_4_TMS_Psychopy2024.2.5.psyexp,2024.2.5,2025-08-11 17h29.25.252105 +0200,
0,0,0,,,,,0,0,0,0,,,,,#F989A2,1352.6867017745972,True,l,hit,448.50850105285645,864.3345832824707,,12,9,2back_single_main_click,2,,2,1,3,24,12,1352.7435340881348,,,,,,,,,,20,01,yes,no,no,2025-08-11_17h25.24.357,EXNAT_4_TMS_Psychopy2024.2.5.psyexp,2024.2.5,2025-08-11 17h29.25.252105 +0200,
0,0,0,,,,,0,0,0,0,,,,,#2AB7EF,1353.7741589546204,True,l,hit,1296.9799041748047,1712.7628326416016,,13,9,2back_single_main_click,2,,2,1,3,24,12,,,,,,,,,,,20,01,yes,no,no,2025-08-11_17h25.24.357,EXNAT_4_TMS_Psychopy2024.2.5.psyexp,2024.2.5,2025-08-11 17h29.25.252105 +0200,
0,0,0,,,,,0,0,0,0,,,,,#88BA3F,1355.7107646465302,False,space,correct rejection,None,576.4613151550293,,14,9,2back_single_main_click,2,,2,1,3,24,12,,,,,,,,,,,20,01,yes,no,no,2025-08-11_17h25.24.357,EXNAT_4_TMS_Psychopy2024.2.5.psyexp,2024.2.5,2025-08-11 17h29.25.252105 +0200,
0,0,0,,,,,0,0,0,0,,,,,#F989A2,1356.5105068683624,False,space,correct rejection,None,976.6738414764404,,15,9,2back_single_main_click,2,,2,1,3,24,12,,,,,,,,,,,20,01,yes,no,no,2025-08-11_17h25.24.357,EXNAT_4_TMS_Psychopy2024.2.5.psyexp,2024.2.5,2025-08-11 17h29.25.252105 +0200,
0,0,0,,,,,0,0,0,0,,,,,#F989A2,1357.7103326320648,False,space,correct rejection,None,672.7769374847412,,16,9,2back_single_main_click,2,,3,1,4,24,12,1357.7654185295105,,,,,,,,,,20,01,yes,no,no,2025-08-11_17h25.24.357,EXNAT_4_TMS_Psychopy2024.2.5.psyexp,2024.2.5,2025-08-11 17h29.25.252105 +0200,
0,0,0,,,,,0,0,0,0,,,,,#88BA3F,1358.6066827774048,False,space,correct rejection,None,768.4495449066162,,17,9,2back_single_main_click,2,,3,1,4,24,12,,,,,,,,,,,20,01,yes,no,no,2025-08-11_17h25.24.357,EXNAT_4_TMS_Psychopy2024.2.5.psyexp,2024.2.5,2025-08-11 17h29.25.252105 +0200,
0,0,0,,,,,0,0,0,0,,,,,#2AB7EF,1359.598703622818,False,space,correct rejection,None,464.39313888549805,,18,9,2back_single_main_click,2,,3,1,4,24,12,,,,,,,,,,,20,01,yes,no,no,2025-08-11_17h25.24.357,EXNAT_4_TMS_Psychopy2024.2.5.psyexp,2024.2.5,2025-08-11 17h29.25.252105 +0200,
0,0,0,,,,,0,0,0,0,,,,,#D292F3,1360.2866387367249,False,space,correct rejection,None,720.5209732055664,,19,9,2back_single_main_click,2,,3,1,4,24,12,,,,,,,,,,,20,01,yes,no,no,2025-08-11_17h25.24.357,EXNAT_4_TMS_Psychopy2024.2.5.psyexp,2024.2.5,2025-08-11 17h29.25.252105 +0200,
0,0,0,,,,,0,0,0,0,,,,,#88BA3F,1361.231647014618,False,space,correct rejection,None,975.5773544311523,,20,9,2back_single_main_click,2,,3,1,4,24,12,,,,,,,,,,,20,01,yes,no,no,2025-08-11_17h25.24.357,EXNAT_4_TMS_Psychopy2024.2.5.psyexp,2024.2.5,2025-08-11 17h29.25.252105 +0200,
0,0,0,,,,,0,0,0,0,,,,,#D292F3,1362.430670261383,True,space,miss,None,832.4120044708252,,21,9,2back_single_main_click,2,,3,2,5,24,12,1362.7653601169586,,,,,,,,,,20,01,yes,no,no,2025-08-11_17h25.24.357,EXNAT_4_TMS_Psychopy2024.2.5.psyexp,2024.2.5,2025-08-11 17h29.25.252105 +0200,
0,0,0,,,,,0,0,0,0,,,,,#D292F3,1363.4864883422852,False,space,correct rejection,None,672.7006435394287,,22,9,2back_single_main_click,2,,3,2,5,24,12,,,,,,,,,,,20,01,yes,no,no,2025-08-11_17h25.24.357,EXNAT_4_TMS_Psychopy2024.2.5.psyexp,2024.2.5,2025-08-11 17h29.25.252105 +0200,
0,0,0,,,,,0,0,0,0,,,,,#88BA3F,1364.3831100463867,False,l,false alarm,496.1228370666504,1519.9902057647705,,23,9,2back_single_main_click,2,,3,2,5,24,12,,,,,,,,,,,20,01,yes,no,no,2025-08-11_17h25.24.357,EXNAT_4_TMS_Psychopy2024.2.5.psyexp,2024.2.5,2025-08-11 17h29.25.252105 +0200,
0,0,0,,,,,0,0,0,0,,,,,#F989A2,1366.1264946460724,False,space,correct rejection,None,1184.4651699066162,,24,9,2back_single_main_click,2,,3,2,5,24,12,,,,,,,,,,,20,01,yes,no,no,2025-08-11_17h25.24.357,EXNAT_4_TMS_Psychopy2024.2.5.psyexp,2024.2.5,2025-08-11 17h29.25.252105 +0200,
0,0,0,,,,,0,0,0,0,,,,,#88BA3F,1367.5342152118683,True,space,miss,None,880.7804584503174,,25,9,2back_single_main_click,2,,3,3,6,24,12,1367.7654814720154,,,,,,,,,,20,01,yes,no,no,2025-08-11_17h25.24.357,EXNAT_4_TMS_Psychopy2024.2.5.psyexp,2024.2.5,2025-08-11 17h29.25.252105 +0200,
0,0,0,,,,,0,0,0,0,,,,,#F989A2,1368.6390478610992,True,space,miss,None,671.9779968261719,,26,9,2back_single_main_click,2,,3,3,6,24,12,,,,,,,,,,,20,01,yes,no,no,2025-08-11_17h25.24.357,EXNAT_4_TMS_Psychopy2024.2.5.psyexp,2024.2.5,2025-08-11 17h29.25.252105 +0200,
0,0,0,,,,,0,0,0,0,,,,,#D292F3,1369.535145998001,False,space,correct rejection,None,751.8703937530518,,27,9,2back_single_main_click,2,,3,3,6,24,12,,,,,,,,,,,20,01,yes,no,no,2025-08-11_17h25.24.357,EXNAT_4_TMS_Psychopy2024.2.5.psyexp,2024.2.5,2025-08-11 17h29.25.252105 +0200,
0,0,0,,,,,0,0,0,0,,,,,#D292F3,1370.5106394290924,False,space,correct rejection,None,896.522045135498,,28,9,2back_single_main_click,2,,3,3,6,24,12,,,,,,,,,,,20,01,yes,no,no,2025-08-11_17h25.24.357,EXNAT_4_TMS_Psychopy2024.2.5.psyexp,2024.2.5,2025-08-11 17h29.25.252105 +0200,
0,0,0,,,,,0,0,0,0,,,,,#2AB7EF,1371.6309974193573,False,space,correct rejection,None,800.2243041992188,,29,9,2back_single_main_click,2,,3,3,6,24,12,,,,,,,,,,,20,01,yes,no,no,2025-08-11_17h25.24.357,EXNAT_4_TMS_Psychopy2024.2.5.psyexp,2024.2.5,2025-08-11 17h29.25.252105 +0200,
0,0,0,,,,,0,0,0,0,,,,,#2AB7EF,1372.6545634269714,False,space,correct rejection,None,720.6618785858154,,30,9,2back_single_main_click,2,,4,3,7,24,12,1372.765430688858,,,,,,,,,,20,01,yes,no,no,2025-08-11_17h25.24.357,EXNAT_4_TMS_Psychopy2024.2.5.psyexp,2024.2.5,2025-08-11 17h29.25.252105 +0200,
0,0,0,,,,,0,0,0,0,,,,,#D292F3,1373.5993773937225,False,space,correct rejection,None,863.6043071746826,,31,9,2back_single_main_click,2,,4,3,7,24,12,,,,,,,,,,,20,01,yes,no,no,2025-08-11_17h25.24.357,EXNAT_4_TMS_Psychopy2024.2.5.psyexp,2024.2.5,2025-08-11 17h29.25.252105 +0200,
0,0,0,,,,,0,0,0,0,,,,,#88BA3F,1374.6869921684265,False,space,correct rejection,None,464.2822742462158,,32,9,2back_single_main_click,2,,4,3,7,24,12,,,,,,,,,,,20,01,yes,no,no,2025-08-11_17h25.24.357,EXNAT_4_TMS_Psychopy2024.2.5.psyexp,2024.2.5,2025-08-11 17h29.25.252105 +0200,
0,0,0,,,,,0,0,0,0,,,,,#F989A2,1375.3750894069672,False,space,correct rejection,None,975.9843349456787,,33,9,2back_single_main_click,2,,4,3,7,24,12,,,,,,,,,,,20,01,yes,no,no,2025-08-11_17h25.24.357,EXNAT_4_TMS_Psychopy2024.2.5.psyexp,2024.2.5,2025-08-11 17h29.25.252105 +0200,
0,0,0,,,,,0,0,0,0,,,,,#D292F3,1376.5743775367737,False,space,correct rejection,None,960.6199264526367,,34,9,2back_single_main_click,2,,4,3,7,24,12,,,,,,,,,,,20,01,yes,no,no,2025-08-11_17h25.24.357,EXNAT_4_TMS_Psychopy2024.2.5.psyexp,2024.2.5,2025-08-11 17h29.25.252105 +0200,
0,0,0,,,,,0,0,0,0,,,,,#2AB7EF,1377.7589898109436,False,space,correct rejection,None,1072.2217559814453,,35,9,2back_single_main_click,2,,5,3,8,24,12,1377.816345691681,,,,,,,,,,20,01,yes,no,no,2025-08-11_17h25.24.357,EXNAT_4_TMS_Psychopy2024.2.5.psyexp,2024.2.5,2025-08-11 17h29.25.252105 +0200,
0,0,0,,,,,0,0,0,0,,,,,#88BA3F,1379.054339647293,False,space,correct rejection,None,720.8592891693115,,36,9,2back_single_main_click,2,,5,3,8,24,12,,,,,,,,,,,20,01,yes,no,no,2025-08-11_17h25.24.357,EXNAT_4_TMS_Psychopy2024.2.5.psyexp,2024.2.5,2025-08-11 17h29.25.252105 +0200,
0,0,0,,,,,0,0,0,0,,,,,#2AB7EF,1379.9988896846771,True,l,hit,640.1383876800537,992.1252727508545,,37,9,2back_single_main_click,2,,5,3,8,24,12,,,,,,,,,,,20,01,yes,no,no,2025-08-11_17h25.24.357,EXNAT_4_TMS_Psychopy2024.2.5.psyexp,2024.2.5,2025-08-11 17h29.25.252105 +0200,
0,0,0,,,,,0,0,0,0,,,,,#88BA3F,1381.2144541740417,True,l,hit,448.52423667907715,832.5607776641846,,38,9,2back_single_main_click,2,,5,3,8,24,12,,,,,,,,,,,20,01,yes,no,no,2025-08-11_17h25.24.357,EXNAT_4_TMS_Psychopy2024.2.5.psyexp,2024.2.5,2025-08-11 17h29.25.252105 +0200,
0,0,0,,,,,0,0,0,0,,,,,#F989A2,1382.2707450389862,False,space,correct rejection,None,1088.4623527526855,,39,9,2back_single_main_click,2,,5,3,8,24,12,,,,,,,,,,,20,01,yes,no,no,2025-08-11_17h25.24.357,EXNAT_4_TMS_Psychopy2024.2.5.psyexp,2024.2.5,2025-08-11 17h29.25.252105 +0200,
0,0,0,,,,,0,0,0,0,,,,,#D292F3,1383.5821416378021,False,space,correct rejection,None,577.1360397338867,,40,9,2back_single_main_click,2,,5,3,8,24,12,,,,,,,,,,,20,01,yes,no,no,2025-08-11_17h25.24.357,EXNAT_4_TMS_Psychopy2024.2.5.psyexp,2024.2.5,2025-08-11 17h29.25.252105 +0200,
0,0,0,,,,,0,0,0,0,,,,,#2AB7EF,1384.3829231262207,False,space,correct rejection,None,608.3400249481201,,41,9,2back_single_main_click,2,,5,3,8,24,12,,,,,,,,,,,20,01,yes,no,no,2025-08-11_17h25.24.357,EXNAT_4_TMS_Psychopy2024.2.5.psyexp,2024.2.5,2025-08-11 17h29.25.252105 +0200,
0,0,0,,,,,0,0,0,0,,,,,#D292F3,1385.2146105766296,True,l,hit,576.6427516937256,1008.458137512207,,42,9,2back_single_main_click,2,,5,4,9,24,12,1385.269795179367,,,,,,,,,,20,01,yes,no,no,2025-08-11_17h25.24.357,EXNAT_4_TMS_Psychopy2024.2.5.psyexp,2024.2.5,2025-08-11 17h29.25.252105 +0200,
0,0,0,,,,,0,0,0,0,,,,,#D292F3,1386.4463534355164,False,space,correct rejection,None,672.8677749633789,,43,9,2back_single_main_click,2,,5,4,9,24,12,,,,,,,,,,,20,01,yes,no,no,2025-08-11_17h25.24.357,EXNAT_4_TMS_Psychopy2024.2.5.psyexp,2024.2.5,2025-08-11 17h29.25.252105 +0200,
0,0,0,,,,,0,0,0,0,,,,,#2AB7EF,1387.343232870102,False,space,correct rejection,None,656.0194492340088,,44,9,2back_single_main_click,2,,5,4,9,24,12,,,,,,,,,,,20,01,yes,no,no,2025-08-11_17h25.24.357,EXNAT_4_TMS_Psychopy2024.2.5.psyexp,2024.2.5,2025-08-11 17h29.25.252105 +0200,
0,0,0,,,,,0,0,0,0,,,,,#2AB7EF,1388.223067998886,False,space,correct rejection,None,672.0104217529297,,45,9,2back_single_main_click,2,,5,4,9,24,12,,,,,,,,,,,20,01,yes,no,no,2025-08-11_17h25.24.357,EXNAT_4_TMS_Psychopy2024.2.5.psyexp,2024.2.5,2025-08-11 17h29.25.252105 +0200,
0,0,0,,,,,0,0,0,0,,,,,#88BA3F,1389.1184513568878,False,space,correct rejection,None,944.6249008178711,,46,9,2back_single_main_click,2,,5,4,9,24,12,,,,,,,,,,,20,01,yes,no,no,2025-08-11_17h25.24.357,EXNAT_4_TMS_Psychopy2024.2.5.psyexp,2024.2.5,2025-08-11 17h29.25.252105 +0200,
0,0,0,,,,,0,0,0,0,,,,,#D292F3,1390.2866270542145,False,space,correct rejection,None,800.4426956176758,,47,9,2back_single_main_click,2,,6,4,10,24,12,1390.3428292274475,,,,,,,,,,20,01,yes,no,no,2025-08-11_17h25.24.357,EXNAT_4_TMS_Psychopy2024.2.5.psyexp,2024.2.5,2025-08-11 17h29.25.252105 +0200,
0,0,0,,,,,0,0,0,0,,,,,#88BA3F,1391.310670375824,True,l,hit,576.5397548675537,992.1679496765137,,48,9,2back_single_main_click,2,,6,4,10,24,12,,,,,,,,,,,20,01,yes,no,no,2025-08-11_17h25.24.357,EXNAT_4_TMS_Psychopy2024.2.5.psyexp,2024.2.5,2025-08-11 17h29.25.252105 +0200,
0,0,0,,,,,0,0,0,0,,,,,#2AB7EF,1392.5262696743011,False,space,correct rejection,None,608.973503112793,,49,9,2back_single_main_click,2,,6,4,10,24,12,,,,,,,,,,,20,01,yes,no,no,2025-08-11_17h25.24.357,EXNAT_4_TMS_Psychopy2024.2.5.psyexp,2024.2.5,2025-08-11 17h29.25.252105 +0200,
0,0,0,,,,,0,0,0,0,,,,,#F989A2,1393.359096288681,False,space,correct rejection,None,848.3023643493652,,50,9,2back_single_main_click,2,,6,4,10,24,12,,,,,,,,,,,20,01,yes,no,no,2025-08-11_17h25.24.357,EXNAT_4_TMS_Psychopy2024.2.5.psyexp,2024.2.5,2025-08-11 17h29.25.252105 +0200,
0,0,0,,,,,0,0,0,0,,,,,#88BA3F,1394.4312150478363,False,space,correct rejection,None,944.0155029296875,,51,9,2back_single_main_click,2,,6,4,10,24,12,,,,,,,,,,,20,01,yes,no,no,2025-08-11_17h25.24.357,EXNAT_4_TMS_Psychopy2024.2.5.psyexp,2024.2.5,2025-08-11 17h29.25.252105 +0200,
0,0,0,,,,,0,0,0,0,,,,,#88BA3F,1395.5985062122345,False,space,correct rejection,None,592.832088470459,,52,9,2back_single_main_click,2,,6,4,10,24,12,,,,,,,,,,,20,01,yes,no,no,2025-08-11_17h25.24.357,EXNAT_4_TMS_Psychopy2024.2.5.psyexp,2024.2.5,2025-08-11 17h29.25.252105 +0200,
0,0,0,,,,,0,0,0,0,,,,,#F989A2,1396.4148933887482,False,space,correct rejection,None,1072.267770767212,,53,9,2back_single_main_click,2,,6,4,10,24,12,,,,,,,,,,,20,01,yes,no,no,2025-08-11_17h25.24.357,EXNAT_4_TMS_Psychopy2024.2.5.psyexp,2024.2.5,2025-08-11 17h29.25.252105 +0200,
0,0,0,,,,,0,0,0,0,,,,,#2AB7EF,1397.7103424072266,False,space,correct rejection,None,800.9355068206787,,54,9,2back_single_main_click,2,,6,4,10,24,12,,,,,,,,,,,20,01,yes,no,no,2025-08-11_17h25.24.357,EXNAT_4_TMS_Psychopy2024.2.5.psyexp,2024.2.5,2025-08-11 17h29.25.252105 +0200,
0,0,0,,,,,0,0,0,0,,,,,#F989A2,1398.7346367835999,True,l,hit,1136.488437652588,1536.409854888916,,55,9,2back_single_main_click,2,,6,5,11,24,12,1398.7909071445465,,,,,,,,,,20,01,yes,no,no,2025-08-11_17h25.24.357,EXNAT_4_TMS_Psychopy2024.2.5.psyexp,2024.2.5,2025-08-11 17h29.25.252105 +0200,
0,0,0,,,,,0,0,0,0,,,,,#D292F3,1400.494443655014,False,space,correct rejection,None,768.8384056091309,,56,9,2back_single_main_click,2,,6,5,11,24,12,,,,,,,,,,,20,01,yes,no,no,2025-08-11_17h25.24.357,EXNAT_4_TMS_Psychopy2024.2.5.psyexp,2024.2.5,2025-08-11 17h29.25.252105 +0200,
0,0,0,,,,,0,0,0,0,,,,,#D292F3,1401.486893415451,False,space,correct rejection,None,640.3663158416748,,57,9,2back_single_main_click,2,,6,5,11,24,12,,,,,,,,,,,20,01,yes,no,no,2025-08-11_17h25.24.357,EXNAT_4_TMS_Psychopy2024.2.5.psyexp,2024.2.5,2025-08-11 17h29.25.252105 +0200,
0,0,0,,,,,0,0,0,0,,,,,#2AB7EF,1402.3514006137848,False,space,correct rejection,None,1135.819911956787,,58,9,2back_single_main_click,2,,6,5,11,24,12,,,,,,,,,,,20,01,yes,no,no,2025-08-11_17h25.24.357,EXNAT_4_TMS_Psychopy2024.2.5.psyexp,2024.2.5,2025-08-11 17h29.25.252105 +0200,
0,0,0,,,,,0,0,0,0,,,,,#D292F3,1403.711385011673,True,l,hit,447.8487968444824,895.573616027832,,59,9,2back_single_main_click,2,,6,6,12,24,12,1403.7909224033356,,,,,,,,,,20,01,yes,no,no,2025-08-11_17h25.24.357,EXNAT_4_TMS_Psychopy2024.2.5.psyexp,2024.2.5,2025-08-11 17h29.25.252105 +0200,
0,0,0,,,,,0,0,0,0,,,,,#88BA3F,1404.8305473327637,False,space,correct rejection,None,640.7375335693359,,60,9,2back_single_main_click,2,,6,6,12,24,12,,,,,,,,,,,20,01,yes,no,no,2025-08-11_17h25.24.357,EXNAT_4_TMS_Psychopy2024.2.5.psyexp,2024.2.5,2025-08-11 17h29.25.252105 +0200,
0,0,0,,,,,0,0,0,0,,,,,#88BA3F,1409.0390334129333,False,space,correct rejection,None,720.0961112976074,,1,10,2back_single_main_click,2,,7,6,13,24,12,1409.0970480442047,,,,,,,,,,20,01,yes,no,no,2025-08-11_17h25.24.357,EXNAT_4_TMS_Psychopy2024.2.5.psyexp,2024.2.5,2025-08-11 17h29.25.252105 +0200,
0,0,0,,,,,0,0,0,0,,,,,#2AB7EF,1409.970671415329,False,space,correct rejection,None,1164.534568786621,,2,10,2back_single_main_click,2,,7,6,13,24,12,,,,,,,,,,,20,01,yes,no,no,2025-08-11_17h25.24.357,EXNAT_4_TMS_Psychopy2024.2.5.psyexp,2024.2.5,2025-08-11 17h29.25.252105 +0200,
0,0,0,,,,,0,0,0,0,,,,,#2AB7EF,1411.3522384166718,False,space,correct rejection,None,742.9513931274414,,3,10,2back_single_main_click,2,,7,6,13,24,12,,,,,,,,,,,20,01,yes,no,no,2025-08-11_17h25.24.357,EXNAT_4_TMS_Psychopy2024.2.5.psyexp,2024.2.5,2025-08-11 17h29.25.252105 +0200,
0,0,0,,,,,0,0,0,0,,,,,#88BA3F,1412.3123064041138,False,space,correct rejection,None,838.9027118682861,,4,10,2back_single_main_click,2,,7,6,13,24,12,,,,,,,,,,,20,01,yes,no,no,2025-08-11_17h25.24.357,EXNAT_4_TMS_Psychopy2024.2.5.psyexp,2024.2.5,2025-08-11 17h29.25.252105 +0200,
0,0,0,,,,,0,0,0,0,,,,,#2AB7EF,1413.3753368854523,True,l,hit,703.7043571472168,1199.7997760772705,,5,10,2back_single_main_click,2,,7,7,14,24,12,1414.097018480301,,,,,,,,,,20,01,yes,no,no,2025-08-11_17h25.24.357,EXNAT_4_TMS_Psychopy2024.2.5.psyexp,2024.2.5,2025-08-11 17h29.25.252105 +0200,
0,0,0,,,,,0,0,0,0,,,,,#D292F3,1414.7987408638,False,space,correct rejection,None,896.4765071868896,,6,10,2back_single_main_click,2,,7,7,14,24,12,,,,,,,,,,,20,01,yes,no,no,2025-08-11_17h25.24.357,EXNAT_4_TMS_Psychopy2024.2.5.psyexp,2024.2.5,2025-08-11 17h29.25.252105 +0200,
0,0,0,,,,,0,0,0,0,,,,,#F989A2,1415.9186997413635,False,space,correct rejection,None,1216.5632247924805,,7,10,2back_single_main_click,2,,7,7,14,24,12,,,,,,,,,,,20,01,yes,no,no,2025-08-11_17h25.24.357,EXNAT_4_TMS_Psychopy2024.2.5.psyexp,2024.2.5,2025-08-11 17h29.25.252105 +0200,
0,0,0,,,,,0,0,0,0,,,,,#D292F3,1417.3598747253418,True,l,hit,495.38135528564453,863.2819652557373,,8,10,2back_single_main_click,2,,7,7,14,24,12,,,,,,,,,,,20,01,yes,no,no,2025-08-11_17h25.24.357,EXNAT_4_TMS_Psychopy2024.2.5.psyexp,2024.2.5,2025-08-11 17h29.25.252105 +0200,
0,0,0,,,,,0,0,0,0,,,,,#88BA3F,1418.4464478492737,False,space,correct rejection,None,816.7722225189209,,9,10,2back_single_main_click,2,,8,7,15,24,12,1419.0970435142517,,,,,,,,,,20,01,yes,no,no,2025-08-11_17h25.24.357,EXNAT_4_TMS_Psychopy2024.2.5.psyexp,2024.2.5,2025-08-11 17h29.25.252105 +0200,
0,0,0,,,,,0,0,0,0,,,,,#F989A2,1419.486454486847,False,space,correct rejection,None,896.7130184173584,,10,10,2back_single_main_click,2,,8,7,15,24,12,,,,,,,,,,,20,01,yes,no,no,2025-08-11_17h25.24.357,EXNAT_4_TMS_Psychopy2024.2.5.psyexp,2024.2.5,2025-08-11 17h29.25.252105 +0200,
0,0,0,,,,,0,0,0,0,,,,,#D292F3,1420.6066689491272,False,space,correct rejection,None,752.4995803833008,,11,10,2back_single_main_click,2,,8,7,15,24,12,,,,,,,,,,,20,01,yes,no,no,2025-08-11_17h25.24.357,EXNAT_4_TMS_Psychopy2024.2.5.psyexp,2024.2.5,2025-08-11 17h29.25.252105 +0200,
0,0,0,,,,,0,0,0,0,,,,,#F989A2,1421.5829856395721,True,l,hit,608.1900596618652,1136.0585689544678,,12,10,2back_single_main_click,2,,8,7,15,24,12,,,,,,,,,,,20,01,yes,no,no,2025-08-11_17h25.24.357,EXNAT_4_TMS_Psychopy2024.2.5.psyexp,2024.2.5,2025-08-11 17h29.25.252105 +0200,
0,0,0,,,,,0,0,0,0,,,,,#2AB7EF,1422.9430258274078,False,space,correct rejection,None,1392.0714855194092,,13,10,2back_single_main_click,2,,9,7,16,24,12,1424.0970661640167,,,,,,,,,,20,01,yes,no,no,2025-08-11_17h25.24.357,EXNAT_4_TMS_Psychopy2024.2.5.psyexp,2024.2.5,2025-08-11 17h29.25.252105 +0200,
0,0,0,,,,,0,0,0,0,,,,,#D292F3,1424.5575785636902,False,space,correct rejection,None,1089.6353721618652,,14,10,2back_single_main_click,2,,9,7,16,24,12,,,,,,,,,,,20,01,yes,no,no,2025-08-11_17h25.24.357,EXNAT_4_TMS_Psychopy2024.2.5.psyexp,2024.2.5,2025-08-11 17h29.25.252105 +0200,
0,0,0,,,,,0,0,0,0,,,,,#D292F3,1425.8710086345673,False,space,correct rejection,None,816.1666393280029,,15,10,2back_single_main_click,2,,9,7,16,24,12,,,,,,,,,,,20,01,yes,no,no,2025-08-11_17h25.24.357,EXNAT_4_TMS_Psychopy2024.2.5.psyexp,2024.2.5,2025-08-11 17h29.25.252105 +0200,
0,0,0,,,,,0,0,0,0,,,,,#F989A2,1426.91050863266,False,space,correct rejection,None,1200.6769180297852,,16,10,2back_single_main_click,2,,9,7,16,24,12,,,,,,,,,,,20,01,yes,no,no,2025-08-11_17h25.24.357,EXNAT_4_TMS_Psychopy2024.2.5.psyexp,2024.2.5,2025-08-11 17h29.25.252105 +0200,
0,0,0,,,,,0,0,0,0,,,,,#D292F3,1428.335223197937,True,space,miss,None,751.8916130065918,,17,10,2back_single_main_click,2,,9,7,16,24,12,,,,,,,,,,,20,01,yes,no,no,2025-08-11_17h25.24.357,EXNAT_4_TMS_Psychopy2024.2.5.psyexp,2024.2.5,2025-08-11 17h29.25.252105 +0200,
0,0,0,,,,,0,0,0,0,,,,,#88BA3F,1429.3110151290894,False,space,correct rejection,None,1200.29878616333,,18,10,2back_single_main_click,2,,9,7,16,24,12,,,,,,,,,,,20,01,yes,no,no,2025-08-11_17h25.24.357,EXNAT_4_TMS_Psychopy2024.2.5.psyexp,2024.2.5,2025-08-11 17h29.25.252105 +0200,
0,0,0,,,,,0,0,0,0,,,,,#F989A2,1430.7348277568817,False,space,correct rejection,None,1200.2341747283936,,19,10,2back_single_main_click,2,,9,7,16,24,12,,,,,,,,,,,20,01,yes,no,no,2025-08-11_17h25.24.357,EXNAT_4_TMS_Psychopy2024.2.5.psyexp,2024.2.5,2025-08-11 17h29.25.252105 +0200,
0,0,0,,,,,0,0,0,0,,,,,#2AB7EF,1432.1590468883514,False,space,correct rejection,None,1008.0063343048096,,20,10,2back_single_main_click,2,,9,7,16,24,12,,,,,,,,,,,20,01,yes,no,no,2025-08-11_17h25.24.357,EXNAT_4_TMS_Psychopy2024.2.5.psyexp,2024.2.5,2025-08-11 17h29.25.252105 +0200,
0,0,0,,,,,0,0,0,0,,,,,#2AB7EF,1433.3910114765167,False,space,correct rejection,None,672.0786094665527,,21,10,2back_single_main_click,2,,9,7,16,24,12,,,,,,,,,,,20,01,yes,no,no,2025-08-11_17h25.24.357,EXNAT_4_TMS_Psychopy2024.2.5.psyexp,2024.2.5,2025-08-11 17h29.25.252105 +0200,
0,0,0,,,,,0,0,0,0,,,,,#88BA3F,1434.286767244339,False,space,correct rejection,None,992.3305511474609,,22,10,2back_single_main_click,2,,9,7,16,24,12,,,,,,,,,,,20,01,yes,no,no,2025-08-11_17h25.24.357,EXNAT_4_TMS_Psychopy2024.2.5.psyexp,2024.2.5,2025-08-11 17h29.25.252105 +0200,
0,0,0,,,,,0,0,0,0,,,,,#88BA3F,1435.503002166748,False,space,correct rejection,None,640.2623653411865,,23,10,2back_single_main_click,2,,9,7,16,24,12,,,,,,,,,,,20,01,yes,no,no,2025-08-11_17h25.24.357,EXNAT_4_TMS_Psychopy2024.2.5.psyexp,2024.2.5,2025-08-11 17h29.25.252105 +0200,
0,0,0,,,,,0,0,0,0,,,,,#F989A2,1436.367275238037,False,space,correct rejection,None,1376.0533332824707,,24,10,2back_single_main_click,2,,9,7,16,24,12,,,,,,,,,,,20,01,yes,no,no,2025-08-11_17h25.24.357,EXNAT_4_TMS_Psychopy2024.2.5.psyexp,2024.2.5,2025-08-11 17h29.25.252105 +0200,
0,0,0,,,,,0,0,0,0,,,,,#D292F3,1437.9669816493988,False,space,correct rejection,None,1024.0514278411865,,25,10,2back_single_main_click,2,,9,7,16,24,12,,,,,,,,,,,20,01,yes,no,no,2025-08-11_17h25.24.357,EXNAT_4_TMS_Psychopy2024.2.5.psyexp,2024.2.5,2025-08-11 17h29.25.252105 +0200,
0,0,0,,,,,0,0,0,0,,,,,#F989A2,1439.2147834300995,True,l,hit,784.2390537261963,1264.1408443450928,,26,10,2back_single_main_click,2,,9,8,17,24,12,1439.2745034694672,,,,,,,,,,20,01,yes,no,no,2025-08-11_17h25.24.357,EXNAT_4_TMS_Psychopy2024.2.5.psyexp,2024.2.5,2025-08-11 17h29.25.252105 +0200,
0,0,0,,,,,0,0,0,0,,,,,#F989A2,1440.703225851059,False,space,correct rejection,None,735.9786033630371,,27,10,2back_single_main_click,2,,9,8,17,24,12,,,,,,,,,,,20,01,yes,no,no,2025-08-11_17h25.24.357,EXNAT_4_TMS_Psychopy2024.2.5.psyexp,2024.2.5,2025-08-11 17h29.25.252105 +0200,
0,0,0,,,,,0,0,0,0,,,,,#2AB7EF,1441.66259598732,False,space,correct rejection,None,880.6560039520264,,28,10,2back_single_main_click,2,,9,8,17,24,12,,,,,,,,,,,20,01,yes,no,no,2025-08-11_17h25.24.357,EXNAT_4_TMS_Psychopy2024.2.5.psyexp,2024.2.5,2025-08-11 17h29.25.252105 +0200,
0,0,0,,,,,0,0,0,0,,,,,#2AB7EF,1442.76638007164,False,space,correct rejection,None,800.9088039398193,,29,10,2back_single_main_click,2,,9,8,17,24,12,,,,,,,,,,,20,01,yes,no,no,2025-08-11_17h25.24.357,EXNAT_4_TMS_Psychopy2024.2.5.psyexp,2024.2.5,2025-08-11 17h29.25.252105 +0200,
0,0,0,,,,,0,0,0,0,,,,,#2AB7EF,1443.7904512882233,True,l,hit,528.6312103271484,896.6422080993652,,30,10,2back_single_main_click,2,,9,9,18,24,12,1444.2744069099426,,,,,,,,,,20,01,yes,no,no,2025-08-11_17h25.24.357,EXNAT_4_TMS_Psychopy2024.2.5.psyexp,2024.2.5,2025-08-11 17h29.25.252105 +0200,
0,0,0,,,,,0,0,0,0,,,,,#88BA3F,1444.910446882248,False,space,correct rejection,None,928.8091659545898,,31,10,2back_single_main_click,2,,9,9,18,24,12,,,,,,,,,,,20,01,yes,no,no,2025-08-11_17h25.24.357,EXNAT_4_TMS_Psychopy2024.2.5.psyexp,2024.2.5,2025-08-11 17h29.25.252105 +0200,
0,0,0,,,,,0,0,0,0,,,,,#88BA3F,1446.0626373291016,False,space,correct rejection,None,800.5743026733398,,32,10,2back_single_main_click,2,,9,9,18,24,12,,,,,,,,,,,20,01,yes,no,no,2025-08-11_17h25.24.357,EXNAT_4_TMS_Psychopy2024.2.5.psyexp,2024.2.5,2025-08-11 17h29.25.252105 +0200,
0,0,0,,,,,0,0,0,0,,,,,#88BA3F,1447.087256193161,True,l,hit,687.9544258117676,1039.7896766662598,,33,10,2back_single_main_click,2,,9,9,18,24,12,,,,,,,,,,,20,01,yes,no,no,2025-08-11_17h25.24.357,EXNAT_4_TMS_Psychopy2024.2.5.psyexp,2024.2.5,2025-08-11 17h29.25.252105 +0200,
0,0,0,,,,,0,0,0,0,,,,,#F989A2,1448.3513133525848,False,space,correct rejection,None,815.7472610473633,,34,10,2back_single_main_click,2,,9,9,18,24,12,,,,,,,,,,,20,01,yes,no,no,2025-08-11_17h25.24.357,EXNAT_4_TMS_Psychopy2024.2.5.psyexp,2024.2.5,2025-08-11 17h29.25.252105 +0200,
0,0,0,,,,,0,0,0,0,,,,,#D292F3,1449.3914103507996,False,space,correct rejection,None,783.846378326416,,35,10,2back_single_main_click,2,,10,9,19,24,12,1449.4503741264343,,,,,,,,,,20,01,yes,no,no,2025-08-11_17h25.24.357,EXNAT_4_TMS_Psychopy2024.2.5.psyexp,2024.2.5,2025-08-11 17h29.25.252105 +0200,
0,0,0,,,,,0,0,0,0,,,,,#D292F3,1450.3990676403046,False,space,correct rejection,None,735.9466552734375,,36,10,2back_single_main_click,2,,10,9,19,24,12,,,,,,,,,,,20,01,yes,no,no,2025-08-11_17h25.24.357,EXNAT_4_TMS_Psychopy2024.2.5.psyexp,2024.2.5,2025-08-11 17h29.25.252105 +0200,
0,0,0,,,,,0,0,0,0,,,,,#2AB7EF,1451.3592176437378,False,space,correct rejection,None,1008.0583095550537,,37,10,2back_single_main_click,2,,10,9,19,24,12,,,,,,,,,,,20,01,yes,no,no,2025-08-11_17h25.24.357,EXNAT_4_TMS_Psychopy2024.2.5.psyexp,2024.2.5,2025-08-11 17h29.25.252105 +0200,
0,0,0,,,,,0,0,0,0,,,,,#D292F3,1452.5903959274292,True,l,hit,448.6963748931885,1024.7516632080078,,38,10,2back_single_main_click,2,,10,9,19,24,12,,,,,,,,,,,20,01,yes,no,no,2025-08-11_17h25.24.357,EXNAT_4_TMS_Psychopy2024.2.5.psyexp,2024.2.5,2025-08-11 17h29.25.252105 +0200,
0,0,0,,,,,0,0,0,0,,,,,#2AB7EF,1453.8383479118347,True,space,miss,None,992.7399158477783,,39,10,2back_single_main_click,2,,10,10,20,24,12,1454.4501593112946,,,,,,,,,,20,01,yes,no,no,2025-08-11_17h25.24.357,EXNAT_4_TMS_Psychopy2024.2.5.psyexp,2024.2.5,2025-08-11 17h29.25.252105 +0200,
0,0,0,,,,,0,0,0,0,,,,,#88BA3F,1455.0552728176117,False,space,correct rejection,None,831.7897319793701,,40,10,2back_single_main_click,2,,10,10,20,24,12,,,,,,,,,,,20,01,yes,no,no,2025-08-11_17h25.24.357,EXNAT_4_TMS_Psychopy2024.2.5.psyexp,2024.2.5,2025-08-11 17h29.25.252105 +0200,
0,0,0,,,,,0,0,0,0,,,,,#D292F3,1456.1103315353394,False,space,correct rejection,None,688.9348030090332,,41,10,2back_single_main_click,2,,10,10,20,24,12,,,,,,,,,,,20,01,yes,no,no,2025-08-11_17h25.24.357,EXNAT_4_TMS_Psychopy2024.2.5.psyexp,2024.2.5,2025-08-11 17h29.25.252105 +0200,
0,0,0,,,,,0,0,0,0,,,,,#88BA3F,1457.0228524208069,True,l,hit,480.38721084594727,976.248025894165,,42,10,2back_single_main_click,2,,10,10,20,24,12,,,,,,,,,,,20,01,yes,no,no,2025-08-11_17h25.24.357,EXNAT_4_TMS_Psychopy2024.2.5.psyexp,2024.2.5,2025-08-11 17h29.25.252105 +0200,
0,0,0,,,,,0,0,0,0,,,,,#2AB7EF,1458.2224819660187,False,space,correct rejection,None,752.7921199798584,,43,10,2back_single_main_click,2,,10,10,20,24,12,,,,,,,,,,,20,01,yes,no,no,2025-08-11_17h25.24.357,EXNAT_4_TMS_Psychopy2024.2.5.psyexp,2024.2.5,2025-08-11 17h29.25.252105 +0200,
0,0,0,,,,,0,0,0,0,,,,,#D292F3,1459.1993832588196,False,l,false alarm,1487.9114627838135,2047.7545261383057,,44,10,2back_single_main_click,2,,11,10,21,24,12,1459.4503808021545,,,,,,,,,,20,01,yes,no,no,2025-08-11_17h25.24.357,EXNAT_4_TMS_Psychopy2024.2.5.psyexp,2024.2.5,2025-08-11 17h29.25.252105 +0200,
0,0,0,,,,,0,0,0,0,,,,,#F989A2,1461.4712300300598,False,space,correct rejection,None,656.0630798339844,,45,10,2back_single_main_click,2,,11,10,21,24,12,,,,,,,,,,,20,01,yes,no,no,2025-08-11_17h25.24.357,EXNAT_4_TMS_Psychopy2024.2.5.psyexp,2024.2.5,2025-08-11 17h29.25.252105 +0200,
0,0,0,,,,,0,0,0,0,,,,,#88BA3F,1462.3507351875305,False,space,correct rejection,None,624.4335174560547,,46,10,2back_single_main_click,2,,11,10,21,24,12,,,,,,,,,,,20,01,yes,no,no,2025-08-11_17h25.24.357,EXNAT_4_TMS_Psychopy2024.2.5.psyexp,2024.2.5,2025-08-11 17h29.25.252105 +0200,
0,0,0,,,,,0,0,0,0,,,,,#F989A2,1463.1990146636963,True,l,hit,464.17903900146484,735.9251976013184,,47,10,2back_single_main_click,2,,11,10,21,24,12,,,,,,,,,,,20,01,yes,no,no,2025-08-11_17h25.24.357,EXNAT_4_TMS_Psychopy2024.2.5.psyexp,2024.2.5,2025-08-11 17h29.25.252105 +0200,
0,0,0,,,,,0,0,0,0,,,,,#D292F3,1464.1583490371704,False,space,correct rejection,None,816.8716430664062,,48,10,2back_single_main_click,2,,12,10,22,24,12,1464.4503898620605,,,,,,,,,,20,01,yes,no,no,2025-08-11_17h25.24.357,EXNAT_4_TMS_Psychopy2024.2.5.psyexp,2024.2.5,2025-08-11 17h29.25.252105 +0200,
0,0,0,,,,,0,0,0,0,,,,,#F989A2,1465.1986236572266,True,l,hit,720.6199169158936,1056.4489364624023,,49,10,2back_single_main_click,2,,12,10,22,24,12,,,,,,,,,,,20,01,yes,no,no,2025-08-11_17h25.24.357,EXNAT_4_TMS_Psychopy2024.2.5.psyexp,2024.2.5,2025-08-11 17h29.25.252105 +0200,
0,0,0,,,,,0,0,0,0,,,,,#88BA3F,1466.4791152477264,False,space,correct rejection,None,1071.9795227050781,,50,10,2back_single_main_click,2,,12,10,22,24,12,,,,,,,,,,,20,01,yes,no,no,2025-08-11_17h25.24.357,EXNAT_4_TMS_Psychopy2024.2.5.psyexp,2024.2.5,2025-08-11 17h29.25.252105 +0200,
0,0,0,,,,,0,0,0,0,,,,,#D292F3,1467.774747133255,False,space,correct rejection,None,976.5095710754395,,51,10,2back_single_main_click,2,,12,10,22,24,12,,,,,,,,,,,20,01,yes,no,no,2025-08-11_17h25.24.357,EXNAT_4_TMS_Psychopy2024.2.5.psyexp,2024.2.5,2025-08-11 17h29.25.252105 +0200,
0,0,0,,,,,0,0,0,0,,,,,#F989A2,1468.9743404388428,False,space,correct rejection,None,672.9507446289062,,52,10,2back_single_main_click,2,,12,10,22,24,12,,,,,,,,,,,20,01,yes,no,no,2025-08-11_17h25.24.357,EXNAT_4_TMS_Psychopy2024.2.5.psyexp,2024.2.5,2025-08-11 17h29.25.252105 +0200,
0,0,0,,,,,0,0,0,0,,,,,#88BA3F,1469.871276140213,False,space,correct rejection,None,959.9502086639404,,53,10,2back_single_main_click,2,,12,10,22,24,12,,,,,,,,,,,20,01,yes,no,no,2025-08-11_17h25.24.357,EXNAT_4_TMS_Psychopy2024.2.5.psyexp,2024.2.5,2025-08-11 17h29.25.252105 +0200,
0,0,0,,,,,0,0,0,0,,,,,#2AB7EF,1471.0549454689026,False,space,correct rejection,None,832.3938846588135,,54,10,2back_single_main_click,2,,12,10,22,24,12,,,,,,,,,,,20,01,yes,no,no,2025-08-11_17h25.24.357,EXNAT_4_TMS_Psychopy2024.2.5.psyexp,2024.2.5,2025-08-11 17h29.25.252105 +0200,
0,0,0,,,,,0,0,0,0,,,,,#D292F3,1472.1111896038055,False,space,correct rejection,None,752.1388530731201,,55,10,2back_single_main_click,2,,12,10,22,24,12,,,,,,,,,,,20,01,yes,no,no,2025-08-11_17h25.24.357,EXNAT_4_TMS_Psychopy2024.2.5.psyexp,2024.2.5,2025-08-11 17h29.25.252105 +0200,
0,0,0,,,,,0,0,0,0,,,,,#D292F3,1473.08758187294,False,space,correct rejection,None,735.5573177337646,,56,10,2back_single_main_click,2,,12,10,22,24,12,,,,,,,,,,,20,01,yes,no,no,2025-08-11_17h25.24.357,EXNAT_4_TMS_Psychopy2024.2.5.psyexp,2024.2.5,2025-08-11 17h29.25.252105 +0200,
0,0,0,,,,,0,0,0,0,,,,,#88BA3F,1474.0464704036713,False,space,correct rejection,None,864.6237850189209,,57,10,2back_single_main_click,2,,12,10,22,24,12,,,,,,,,,,,20,01,yes,no,no,2025-08-11_17h25.24.357,EXNAT_4_TMS_Psychopy2024.2.5.psyexp,2024.2.5,2025-08-11 17h29.25.252105 +0200,
0,0,0,,,,,0,0,0,0,,,,,#2AB7EF,1475.1345148086548,False,space,correct rejection,None,528.7942886352539,,58,10,2back_single_main_click,2,,12,10,22,24,12,,,,,,,,,,,20,01,yes,no,no,2025-08-11_17h25.24.357,EXNAT_4_TMS_Psychopy2024.2.5.psyexp,2024.2.5,2025-08-11 17h29.25.252105 +0200,
0,0,0,,,,,0,0,0,0,,,,,#2AB7EF,1475.887230873108,False,space,correct rejection,None,608.0727577209473,,59,10,2back_single_main_click,2,,12,10,22,24,12,,,,,,,,,,,20,01,yes,no,no,2025-08-11_17h25.24.357,EXNAT_4_TMS_Psychopy2024.2.5.psyexp,2024.2.5,2025-08-11 17h29.25.252105 +0200,
0,0,0,,,,,0,0,0,0,,,,,#F989A2,1476.7186715602875,False,space,correct rejection,None,800.6088733673096,,60,10,2back_single_main_click,2,,12,10,22,24,12,,,,,,,,,,,20,01,yes,no,no,2025-08-11_17h25.24.357,EXNAT_4_TMS_Psychopy2024.2.5.psyexp,2024.2.5,2025-08-11 17h29.25.252105 +0200,
0,0,0,,,,,0,0,0,0,,,,,#2AB7EF,1480.0515294075012,False,space,correct rejection,None,1307.6891899108887,,1,11,2back_single_main_click,2,,12,10,22,24,12,,,,,,,,,,,20,01,yes,no,no,2025-08-11_17h25.24.357,EXNAT_4_TMS_Psychopy2024.2.5.psyexp,2024.2.5,2025-08-11 17h29.25.252105 +0200,
0,0,0,,,,,0,0,0,0,,,,,#88BA3F,1481.5735170841217,False,space,correct rejection,None,969.7651863098145,,2,11,2back_single_main_click,2,,12,10,22,24,12,,,,,,,,,,,20,01,yes,no,no,2025-08-11_17h25.24.357,EXNAT_4_TMS_Psychopy2024.2.5.psyexp,2024.2.5,2025-08-11 17h29.25.252105 +0200,
0,0,0,,,,,0,0,0,0,,,,,#F989A2,1482.760196685791,False,space,correct rejection,None,1079.0951251983643,,3,11,2back_single_main_click,2,,12,10,22,24,12,,,,,,,,,,,20,01,yes,no,no,2025-08-11_17h25.24.357,EXNAT_4_TMS_Psychopy2024.2.5.psyexp,2024.2.5,2025-08-11 17h29.25.252105 +0200,
0,0,0,,,,,0,0,0,0,,,,,#D292F3,1484.0563061237335,False,space,correct rejection,None,1046.8292236328125,,4,11,2back_single_main_click,2,,12,10,22,24,12,,,,,,,,,,,20,01,yes,no,no,2025-08-11_17h25.24.357,EXNAT_4_TMS_Psychopy2024.2.5.psyexp,2024.2.5,2025-08-11 17h29.25.252105 +0200,
0,0,0,,,,,0,0,0,0,,,,,#D292F3,1485.327217578888,False,space,correct rejection,None,1231.921911239624,,5,11,2back_single_main_click,2,,12,10,22,24,12,,,,,,,,,,,20,01,yes,no,no,2025-08-11_17h25.24.357,EXNAT_4_TMS_Psychopy2024.2.5.psyexp,2024.2.5,2025-08-11 17h29.25.252105 +0200,
0,0,0,,,,,0,0,0,0,,,,,#88BA3F,1486.7825045585632,False,space,correct rejection,None,816.8313503265381,,6,11,2back_single_main_click,2,,12,10,22,24,12,,,,,,,,,,,20,01,yes,no,no,2025-08-11_17h25.24.357,EXNAT_4_TMS_Psychopy2024.2.5.psyexp,2024.2.5,2025-08-11 17h29.25.252105 +0200,
0,0,0,,,,,0,0,0,0,,,,,#88BA3F,1487.8225593566895,False,space,correct rejection,None,736.7441654205322,,7,11,2back_single_main_click,2,,12,10,22,24,12,,,,,,,,,,,20,01,yes,no,no,2025-08-11_17h25.24.357,EXNAT_4_TMS_Psychopy2024.2.5.psyexp,2024.2.5,2025-08-11 17h29.25.252105 +0200,
0,0,0,,,,,0,0,0,0,,,,,#F989A2,1488.7828714847565,False,space,correct rejection,None,1104.461669921875,,8,11,2back_single_main_click,2,,12,10,22,24,12,,,,,,,,,,,20,01,yes,no,no,2025-08-11_17h25.24.357,EXNAT_4_TMS_Psychopy2024.2.5.psyexp,2024.2.5,2025-08-11 17h29.25.252105 +0200,
0,0,0,,,,,0,0,0,0,,,,,#D292F3,1490.111071586609,False,space,correct rejection,None,912.2788906097412,,9,11,2back_single_main_click,2,,12,10,22,24,12,,,,,,,,,,,20,01,yes,no,no,2025-08-11_17h25.24.357,EXNAT_4_TMS_Psychopy2024.2.5.psyexp,2024.2.5,2025-08-11 17h29.25.252105 +0200,
0,0,0,,,,,0,0,0,0,,,,,#2AB7EF,1491.2463154792786,False,space,correct rejection,None,912.9631519317627,,10,11,2back_single_main_click,2,,12,10,22,24,12,,,,,,,,,,,20,01,yes,no,no,2025-08-11_17h25.24.357,EXNAT_4_TMS_Psychopy2024.2.5.psyexp,2024.2.5,2025-08-11 17h29.25.252105 +0200,
0,0,0,,,,,0,0,0,0,,,,,#2AB7EF,1492.382831811905,False,space,correct rejection,None,816.6074752807617,,11,11,2back_single_main_click,2,,12,10,22,24,12,,,,,,,,,,,20,01,yes,no,no,2025-08-11_17h25.24.357,EXNAT_4_TMS_Psychopy2024.2.5.psyexp,2024.2.5,2025-08-11 17h29.25.252105 +0200,
0,0,0,,,,,0,0,0,0,,,,,#F989A2,1493.4224996566772,False,space,correct rejection,None,1328.9151191711426,,12,11,2back_single_main_click,2,,12,10,22,24,12,,,,,,,,,,,20,01,yes,no,no,2025-08-11_17h25.24.357,EXNAT_4_TMS_Psychopy2024.2.5.psyexp,2024.2.5,2025-08-11 17h29.25.252105 +0200,
0,0,0,,,,,0,0,0,0,,,,,#2AB7EF,1494.975148677826,True,space,miss,None,1056.1506748199463,,13,11,2back_single_main_click,2,,12,11,23,24,12,1495.0322172641754,,,,,,,,,,20,01,yes,no,no,2025-08-11_17h25.24.357,EXNAT_4_TMS_Psychopy2024.2.5.psyexp,2024.2.5,2025-08-11 17h29.25.252105 +0200,
0,0,0,,,,,0,0,0,0,,,,,#F989A2,1496.254670381546,True,space,miss,None,960.4356288909912,,14,11,2back_single_main_click,2,,12,11,23,24,12,,,,,,,,,,,20,01,yes,no,no,2025-08-11_17h25.24.357,EXNAT_4_TMS_Psychopy2024.2.5.psyexp,2024.2.5,2025-08-11 17h29.25.252105 +0200,
0,0,0,,,,,0,0,0,0,,,,,#88BA3F,1497.4388513565063,False,space,correct rejection,None,640.4821872711182,,15,11,2back_single_main_click,2,,12,11,23,24,12,,,,,,,,,,,20,01,yes,no,no,2025-08-11_17h25.24.357,EXNAT_4_TMS_Psychopy2024.2.5.psyexp,2024.2.5,2025-08-11 17h29.25.252105 +0200,
0,0,0,,,,,0,0,0,0,,,,,#88BA3F,1498.3034329414368,False,space,correct rejection,None,623.9256858825684,,16,11,2back_single_main_click,2,,12,11,23,24,12,,,,,,,,,,,20,01,yes,no,no,2025-08-11_17h25.24.357,EXNAT_4_TMS_Psychopy2024.2.5.psyexp,2024.2.5,2025-08-11 17h29.25.252105 +0200,
0,0,0,,,,,0,0,0,0,,,,,#D292F3,1499.1514353752136,False,space,correct rejection,None,847.9266166687012,,17,11,2back_single_main_click,2,,12,11,23,24,12,,,,,,,,,,,20,01,yes,no,no,2025-08-11_17h25.24.357,EXNAT_4_TMS_Psychopy2024.2.5.psyexp,2024.2.5,2025-08-11 17h29.25.252105 +0200,
0,0,0,,,,,0,0,0,0,,,,,#2AB7EF,1500.2231447696686,False,space,correct rejection,None,704.0834426879883,,18,11,2back_single_main_click,2,,12,11,23,24,12,,,,,,,,,,,20,01,yes,no,no,2025-08-11_17h25.24.357,EXNAT_4_TMS_Psychopy2024.2.5.psyexp,2024.2.5,2025-08-11 17h29.25.252105 +0200,
0,0,0,,,,,0,0,0,0,,,,,#D292F3,1501.15101480484,True,space,miss,None,880.2504539489746,,19,11,2back_single_main_click,2,,12,12,24,24,inf,1501.2093596458435,,,,,,,,,,20,01,yes,no,no,2025-08-11_17h25.24.357,EXNAT_4_TMS_Psychopy2024.2.5.psyexp,2024.2.5,2025-08-11 17h29.25.252105 +0200,
0,0,0,,,,,0,0,0,0,,,,,#2AB7EF,1502.2548913955688,True,l,hit,704.3590545654297,1008.2454681396484,,20,11,2back_single_main_click,2,,12,12,24,24,inf,,,,,,,,,,,20,01,yes,no,no,2025-08-11_17h25.24.357,EXNAT_4_TMS_Psychopy2024.2.5.psyexp,2024.2.5,2025-08-11 17h29.25.252105 +0200,
0,0,0,,,,,0,0,0,0,,,,,#F989A2,1503.4868741035461,False,space,correct rejection,None,720.4298973083496,,21,11,2back_single_main_click,2,,12,12,24,24,inf,,,,,,,,,,,20,01,yes,no,no,2025-08-11_17h25.24.357,EXNAT_4_TMS_Psychopy2024.2.5.psyexp,2024.2.5,2025-08-11 17h29.25.252105 +0200,
0,0,0,,,,,0,0,0,0,,,,,#88BA3F,1504.4314727783203,False,space,correct rejection,None,735.8944416046143,,22,11,2back_single_main_click,2,,12,12,24,24,inf,,,,,,,,,,,20,01,yes,no,no,2025-08-11_17h25.24.357,EXNAT_4_TMS_Psychopy2024.2.5.psyexp,2024.2.5,2025-08-11 17h29.25.252105 +0200,
0,0,0,,,,,0,0,0,0,,,,,#F989A2,1505.3913271427155,True,l,hit,463.8683795928955,783.6418151855469,,23,11,2back_single_main_click,2,,12,12,24,24,inf,,,,,,,,,,,20,01,yes,no,no,2025-08-11_17h25.24.357,EXNAT_4_TMS_Psychopy2024.2.5.psyexp,2024.2.5,2025-08-11 17h29.25.252105 +0200,
0,0,0,,,,,0,0,0,0,,,,,#D292F3,1506.3997519016266,False,space,correct rejection,None,991.5063381195068,,24,11,2back_single_main_click,2,,13,12,25,24,inf,1506.454401254654,,,,,,,,,,20,01,yes,no,no,2025-08-11_17h25.24.357,EXNAT_4_TMS_Psychopy2024.2.5.psyexp,2024.2.5,2025-08-11 17h29.25.252105 +0200,
0,0,0,,,,,0,0,0,0,,,,,#2AB7EF,1507.6153802871704,False,space,correct rejection,None,703.8018703460693,,25,11,2back_single_main_click,2,,13,12,25,24,inf,,,,,,,,,,,20,01,yes,no,no,2025-08-11_17h25.24.357,EXNAT_4_TMS_Psychopy2024.2.5.psyexp,2024.2.5,2025-08-11 17h29.25.252105 +0200,
0,0,0,,,,,0,0,0,0,,,,,#88BA3F,1508.5432636737823,False,space,correct rejection,None,928.0333518981934,,26,11,2back_single_main_click,2,,13,12,25,24,inf,,,,,,,,,,,20,01,yes,no,no,2025-08-11_17h25.24.357,EXNAT_4_TMS_Psychopy2024.2.5.psyexp,2024.2.5,2025-08-11 17h29.25.252105 +0200,
0,0,0,,,,,0,0,0,0,,,,,#F989A2,1509.6951251029968,False,space,correct rejection,None,1024.1284370422363,,27,11,2back_single_main_click,2,,13,12,25,24,inf,,,,,,,,,,,20,01,yes,no,no,2025-08-11_17h25.24.357,EXNAT_4_TMS_Psychopy2024.2.5.psyexp,2024.2.5,2025-08-11 17h29.25.252105 +0200,
0,0,0,,,,,0,0,0,0,,,,,#D292F3,1510.9429485797882,False,space,correct rejection,None,656.1551094055176,,28,11,2back_single_main_click,2,,14,12,26,24,inf,1511.454304933548,,,,,,,,,,20,01,yes,no,no,2025-08-11_17h25.24.357,EXNAT_4_TMS_Psychopy2024.2.5.psyexp,2024.2.5,2025-08-11 17h29.25.252105 +0200,
0,0,0,,,,,0,0,0,0,,,,,#F989A2,1511.8227796554565,True,l,hit,448.5464096069336,832.2246074676514,,29,11,2back_single_main_click,2,,14,12,26,24,inf,,,,,,,,,,,20,01,yes,no,no,2025-08-11_17h25.24.357,EXNAT_4_TMS_Psychopy2024.2.5.psyexp,2024.2.5,2025-08-11 17h29.25.252105 +0200,
0,0,0,,,,,0,0,0,0,,,,,#D292F3,1512.8782651424408,True,l,hit,417.0103073120117,736.7463111877441,,30,11,2back_single_main_click,2,,14,12,26,24,inf,,,,,,,,,,,20,01,yes,no,no,2025-08-11_17h25.24.357,EXNAT_4_TMS_Psychopy2024.2.5.psyexp,2024.2.5,2025-08-11 17h29.25.252105 +0200,
0,0,0,,,,,0,0,0,0,,,,,#F989A2,1513.838184595108,True,l,hit,449.0630626678467,688.9224052429199,,31,11,2back_single_main_click,2,,14,12,26,24,inf,,,,,,,,,,,20,01,yes,no,no,2025-08-11_17h25.24.357,EXNAT_4_TMS_Psychopy2024.2.5.psyexp,2024.2.5,2025-08-11 17h29.25.252105 +0200,
0,0,0,,,,,0,0,0,0,,,,,#88BA3F,1514.7503407001495,False,space,correct rejection,None,944.9911117553711,,32,11,2back_single_main_click,2,,14,12,26,24,inf,,,,,,,,,,,20,01,yes,no,no,2025-08-11_17h25.24.357,EXNAT_4_TMS_Psychopy2024.2.5.psyexp,2024.2.5,2025-08-11 17h29.25.252105 +0200,
0,0,0,,,,,0,0,0,0,,,,,#2AB7EF,1515.918726682663,False,space,correct rejection,None,864.5684719085693,,33,11,2back_single_main_click,2,,14,12,26,24,inf,,,,,,,,,,,20,01,yes,no,no,2025-08-11_17h25.24.357,EXNAT_4_TMS_Psychopy2024.2.5.psyexp,2024.2.5,2025-08-11 17h29.25.252105 +0200,
0,0,0,,,,,0,0,0,0,,,,,#D292F3,1517.0066363811493,False,space,correct rejection,None,992.7153587341309,,34,11,2back_single_main_click,2,,14,12,26,24,inf,,,,,,,,,,,20,01,yes,no,no,2025-08-11_17h25.24.357,EXNAT_4_TMS_Psychopy2024.2.5.psyexp,2024.2.5,2025-08-11 17h29.25.252105 +0200,
0,0,0,,,,,0,0,0,0,,,,,#88BA3F,1518.222668170929,False,space,correct rejection,None,928.7023544311523,,35,11,2back_single_main_click,2,,14,12,26,24,inf,,,,,,,,,,,20,01,yes,no,no,2025-08-11_17h25.24.357,EXNAT_4_TMS_Psychopy2024.2.5.psyexp,2024.2.5,2025-08-11 17h29.25.252105 +0200,
0,0,0,,,,,0,0,0,0,,,,,#2AB7EF,1519.3747868537903,False,space,correct rejection,None,592.4022197723389,,36,11,2back_single_main_click,2,,14,12,26,24,inf,,,,,,,,,,,20,01,yes,no,no,2025-08-11_17h25.24.357,EXNAT_4_TMS_Psychopy2024.2.5.psyexp,2024.2.5,2025-08-11 17h29.25.252105 +0200,
0,0,0,,,,,0,0,0,0,,,,,#88BA3F,1520.190672159195,True,l,hit,448.4288692474365,784.4498157501221,,37,11,2back_single_main_click,2,,14,13,27,24,inf,1520.2454578876495,,,,,,,,,,20,01,yes,no,no,2025-08-11_17h25.24.357,EXNAT_4_TMS_Psychopy2024.2.5.psyexp,2024.2.5,2025-08-11 17h29.25.252105 +0200,
0,0,0,,,,,0,0,0,0,,,,,#F989A2,1521.1991651058197,False,space,correct rejection,None,688.0066394805908,,38,11,2back_single_main_click,2,,14,13,27,24,inf,,,,,,,,,,,20,01,yes,no,no,2025-08-11_17h25.24.357,EXNAT_4_TMS_Psychopy2024.2.5.psyexp,2024.2.5,2025-08-11 17h29.25.252105 +0200,
0,0,0,,,,,0,0,0,0,,,,,#D292F3,1522.1102225780487,False,space,correct rejection,None,833.1518173217773,,39,11,2back_single_main_click,2,,14,13,27,24,inf,,,,,,,,,,,20,01,yes,no,no,2025-08-11_17h25.24.357,EXNAT_4_TMS_Psychopy2024.2.5.psyexp,2024.2.5,2025-08-11 17h29.25.252105 +0200,
0,0,0,,,,,0,0,0,0,,,,,#F989A2,1523.1681098937988,True,space,miss,None,991.203784942627,,40,11,2back_single_main_click,2,,14,13,27,24,inf,,,,,,,,,,,20,01,yes,no,no,2025-08-11_17h25.24.357,EXNAT_4_TMS_Psychopy2024.2.5.psyexp,2024.2.5,2025-08-11 17h29.25.252105 +0200,
0,0,0,,,,,0,0,0,0,,,,,#88BA3F,1524.3835484981537,False,space,correct rejection,None,1151.6709327697754,,41,11,2back_single_main_click,2,,15,13,28,24,inf,1525.2453455924988,,,,,,,,,,20,01,yes,no,no,2025-08-11_17h25.24.357,EXNAT_4_TMS_Psychopy2024.2.5.psyexp,2024.2.5,2025-08-11 17h29.25.252105 +0200,
0,0,0,,,,,0,0,0,0,,,,,#2AB7EF,1525.7586874961853,False,space,correct rejection,None,688.6558532714844,,42,11,2back_single_main_click,2,,15,13,28,24,inf,,,,,,,,,,,20,01,yes,no,no,2025-08-11_17h25.24.357,EXNAT_4_TMS_Psychopy2024.2.5.psyexp,2024.2.5,2025-08-11 17h29.25.252105 +0200,
0,0,0,,,,,0,0,0,0,,,,,#2AB7EF,1526.6712143421173,False,space,correct rejection,None,672.1160411834717,,43,11,2back_single_main_click,2,,15,13,28,24,inf,,,,,,,,,,,20,01,yes,no,no,2025-08-11_17h25.24.357,EXNAT_4_TMS_Psychopy2024.2.5.psyexp,2024.2.5,2025-08-11 17h29.25.252105 +0200,
0,0,0,,,,,0,0,0,0,,,,,#88BA3F,1527.5670094490051,False,space,correct rejection,None,816.3366317749023,,44,11,2back_single_main_click,2,,15,13,28,24,inf,,,,,,,,,,,20,01,yes,no,no,2025-08-11_17h25.24.357,EXNAT_4_TMS_Psychopy2024.2.5.psyexp,2024.2.5,2025-08-11 17h29.25.252105 +0200,
0,0,0,,,,,0,0,0,0,,,,,#2AB7EF,1528.606474161148,True,space,miss,None,560.8413219451904,,45,11,2back_single_main_click,2,,15,13,28,24,inf,,,,,,,,,,,20,01,yes,no,no,2025-08-11_17h25.24.357,EXNAT_4_TMS_Psychopy2024.2.5.psyexp,2024.2.5,2025-08-11 17h29.25.252105 +0200,
0,0,0,,,,,0,0,0,0,,,,,#D292F3,1529.3912003040314,False,space,correct rejection,None,1216.0918712615967,,46,11,2back_single_main_click,2,,15,13,28,24,inf,,,,,,,,,,,20,01,yes,no,no,2025-08-11_17h25.24.357,EXNAT_4_TMS_Psychopy2024.2.5.psyexp,2024.2.5,2025-08-11 17h29.25.252105 +0200,
0,0,0,,,,,0,0,0,0,,,,,#D292F3,1530.8312079906464,False,space,correct rejection,None,592.0443534851074,,47,11,2back_single_main_click,2,,15,13,28,24,inf,,,,,,,,,,,20,01,yes,no,no,2025-08-11_17h25.24.357,EXNAT_4_TMS_Psychopy2024.2.5.psyexp,2024.2.5,2025-08-11 17h29.25.252105 +0200,
0,0,0,,,,,0,0,0,0,,,,,#F989A2,1531.6472187042236,False,space,correct rejection,None,703.9897441864014,,48,11,2back_single_main_click,2,,15,13,28,24,inf,,,,,,,,,,,20,01,yes,no,no,2025-08-11_17h25.24.357,EXNAT_4_TMS_Psychopy2024.2.5.psyexp,2024.2.5,2025-08-11 17h29.25.252105 +0200,
0,0,0,,,,,0,0,0,0,,,,,#88BA3F,1532.5748105049133,False,space,correct rejection,None,848.4814167022705,,49,11,2back_single_main_click,2,,15,13,28,24,inf,,,,,,,,,,,20,01,yes,no,no,2025-08-11_17h25.24.357,EXNAT_4_TMS_Psychopy2024.2.5.psyexp,2024.2.5,2025-08-11 17h29.25.252105 +0200,
0,0,0,,,,,0,0,0,0,,,,,#88BA3F,1533.6465666294098,False,space,correct rejection,None,672.5382804870605,,50,11,2back_single_main_click,2,,15,13,28,24,inf,,,,,,,,,,,20,01,yes,no,no,2025-08-11_17h25.24.357,EXNAT_4_TMS_Psychopy2024.2.5.psyexp,2024.2.5,2025-08-11 17h29.25.252105 +0200,
0,0,0,,,,,0,0,0,0,,,,,#D292F3,1534.5419697761536,False,space,correct rejection,None,641.4065361022949,,51,11,2back_single_main_click,2,,15,13,28,24,inf,,,,,,,,,,,20,01,yes,no,no,2025-08-11_17h25.24.357,EXNAT_4_TMS_Psychopy2024.2.5.psyexp,2024.2.5,2025-08-11 17h29.25.252105 +0200,
0,0,0,,,,,0,0,0,0,,,,,#D292F3,1535.406997680664,False,space,correct rejection,None,624.2148876190186,,52,11,2back_single_main_click,2,,15,13,28,24,inf,,,,,,,,,,,20,01,yes,no,no,2025-08-11_17h25.24.357,EXNAT_4_TMS_Psychopy2024.2.5.psyexp,2024.2.5,2025-08-11 17h29.25.252105 +0200,
0,0,0,,,,,0,0,0,0,,,,,#2AB7EF,1536.2545728683472,False,space,correct rejection,None,736.7899417877197,,53,11,2back_single_main_click,2,,15,13,28,24,inf,,,,,,,,,,,20,01,yes,no,no,2025-08-11_17h25.24.357,EXNAT_4_TMS_Psychopy2024.2.5.psyexp,2024.2.5,2025-08-11 17h29.25.252105 +0200,
0,0,0,,,,,0,0,0,0,,,,,#88BA3F,1537.215339422226,False,space,correct rejection,None,607.9709529876709,,54,11,2back_single_main_click,2,,15,13,28,24,inf,,,,,,,,,,,20,01,yes,no,no,2025-08-11_17h25.24.357,EXNAT_4_TMS_Psychopy2024.2.5.psyexp,2024.2.5,2025-08-11 17h29.25.252105 +0200,
0,0,0,,,,,0,0,0,0,,,,,#F989A2,1538.0471036434174,False,space,correct rejection,None,800.1000881195068,,55,11,2back_single_main_click,2,,15,13,28,24,inf,,,,,,,,,,,20,01,yes,no,no,2025-08-11_17h25.24.357,EXNAT_4_TMS_Psychopy2024.2.5.psyexp,2024.2.5,2025-08-11 17h29.25.252105 +0200,
0,0,0,,,,,0,0,0,0,,,,,#F989A2,1539.0708856582642,False,space,correct rejection,None,896.4276313781738,,56,11,2back_single_main_click,2,,15,13,28,24,inf,,,,,,,,,,,20,01,yes,no,no,2025-08-11_17h25.24.357,EXNAT_4_TMS_Psychopy2024.2.5.psyexp,2024.2.5,2025-08-11 17h29.25.252105 +0200,
0,0,0,,,,,0,0,0,0,,,,,#2AB7EF,1540.1908175945282,False,space,correct rejection,None,784.4936847686768,,57,11,2back_single_main_click,2,,15,13,28,24,inf,,,,,,,,,,,20,01,yes,no,no,2025-08-11_17h25.24.357,EXNAT_4_TMS_Psychopy2024.2.5.psyexp,2024.2.5,2025-08-11 17h29.25.252105 +0200,
0,0,0,,,,,0,0,0,0,,,,,#F989A2,1541.1989996433258,True,space,miss,None,960.1161479949951,,58,11,2back_single_main_click,2,,15,14,29,24,inf,1541.2554516792297,,,,,,,,,,20,01,yes,no,no,2025-08-11_17h25.24.357,EXNAT_4_TMS_Psychopy2024.2.5.psyexp,2024.2.5,2025-08-11 17h29.25.252105 +0200,
0,0,0,,,,,0,0,0,0,,,,,#D292F3,1542.3824574947357,False,space,correct rejection,None,736.717939376831,,59,11,2back_single_main_click,2,,15,14,29,24,inf,,,,,,,,,,,20,01,yes,no,no,2025-08-11_17h25.24.357,EXNAT_4_TMS_Psychopy2024.2.5.psyexp,2024.2.5,2025-08-11 17h29.25.252105 +0200,
0,0,0,,,,,0,0,0,0,,,,,#2AB7EF,1543.3430063724518,False,space,correct rejection,None,960.259199142456,,60,11,2back_single_main_click,2,,15,14,29,24,inf,,,,,,,,,,,20,01,yes,no,no,2025-08-11_17h25.24.357,EXNAT_4_TMS_Psychopy2024.2.5.psyexp,2024.2.5,2025-08-11 17h29.25.252105 +0200,
0,0,0,,,,,0,0,0,0,,,,,#D292F3,1556.8135480880737,False,space,correct rejection,None,737.6775741577148,,1,12,1back_single_main_click,1,,1,0,1,24,12,1556.871303319931,,,,,,,,,,20,01,yes,no,no,2025-08-11_17h25.24.357,EXNAT_4_TMS_Psychopy2024.2.5.psyexp,2024.2.5,2025-08-11 17h29.25.252105 +0200,
0,0,0,,,,,0,0,0,0,,,,,#88BA3F,1557.7638683319092,False,space,correct rejection,None,699.3606090545654,,2,12,1back_single_main_click,1,,1,0,1,24,12,,,,,,,,,,,20,01,yes,no,no,2025-08-11_17h25.24.357,EXNAT_4_TMS_Psychopy2024.2.5.psyexp,2024.2.5,2025-08-11 17h29.25.252105 +0200,
0,0,0,,,,,0,0,0,0,,,,,#88BA3F,1558.677337884903,True,l,hit,426.0444641113281,761.8343830108643,,3,12,1back_single_main_click,1,,1,0,1,24,12,,,,,,,,,,,20,01,yes,no,no,2025-08-11_17h25.24.357,EXNAT_4_TMS_Psychopy2024.2.5.psyexp,2024.2.5,2025-08-11 17h29.25.252105 +0200,
0,0,0,,,,,0,0,0,0,,,,,#F989A2,1559.656209230423,False,space,correct rejection,None,519.1919803619385,,4,12,1back_single_main_click,1,,1,0,1,24,12,,,,,,,,,,,20,01,yes,no,no,2025-08-11_17h25.24.357,EXNAT_4_TMS_Psychopy2024.2.5.psyexp,2024.2.5,2025-08-11 17h29.25.252105 +0200,
0,0,0,,,,,0,0,0,0,,,,,#88BA3F,1560.3924717903137,False,space,correct rejection,None,742.8557872772217,,5,12,1back_single_main_click,1,,1,0,1,24,12,,,,,,,,,,,20,01,yes,no,no,2025-08-11_17h25.24.357,EXNAT_4_TMS_Psychopy2024.2.5.psyexp,2024.2.5,2025-08-11 17h29.25.252105 +0200,
0,0,0,,,,,0,0,0,0,,,,,#F989A2,1561.351730108261,False,space,correct rejection,None,535.6462001800537,,6,12,1back_single_main_click,1,,2,0,2,24,12,1561.8713438510895,,,,,,,,,,20,01,yes,no,no,2025-08-11_17h25.24.357,EXNAT_4_TMS_Psychopy2024.2.5.psyexp,2024.2.5,2025-08-11 17h29.25.252105 +0200,
0,0,0,,,,,0,0,0,0,,,,,#2AB7EF,1562.1111085414886,False,space,correct rejection,None,480.2098274230957,,7,12,1back_single_main_click,1,,2,0,2,24,12,,,,,,,,,,,20,01,yes,no,no,2025-08-11_17h25.24.357,EXNAT_4_TMS_Psychopy2024.2.5.psyexp,2024.2.5,2025-08-11 17h29.25.252105 +0200,
0,0,0,,,,,0,0,0,0,,,,,#D292F3,1562.8147003650665,False,space,correct rejection,None,624.6628761291504,,8,12,1back_single_main_click,1,,2,0,2,24,12,,,,,,,,,,,20,01,yes,no,no,2025-08-11_17h25.24.357,EXNAT_4_TMS_Psychopy2024.2.5.psyexp,2024.2.5,2025-08-11 17h29.25.252105 +0200,
0,0,0,,,,,0,0,0,0,,,,,#2AB7EF,1563.6632151603699,False,space,correct rejection,None,512.1607780456543,,9,12,1back_single_main_click,1,,2,0,2,24,12,,,,,,,,,,,20,01,yes,no,no,2025-08-11_17h25.24.357,EXNAT_4_TMS_Psychopy2024.2.5.psyexp,2024.2.5,2025-08-11 17h29.25.252105 +0200,
0,0,0,,,,,0,0,0,0,,,,,#F989A2,1564.3997015953064,False,space,correct rejection,None,463.6874198913574,,10,12,1back_single_main_click,1,,2,0,2,24,12,,,,,,,,,,,20,01,yes,no,no,2025-08-11_17h25.24.357,EXNAT_4_TMS_Psychopy2024.2.5.psyexp,2024.2.5,2025-08-11 17h29.25.252105 +0200,
0,0,0,,,,,0,0,0,0,,,,,#D292F3,1565.08656167984,False,space,correct rejection,None,448.75264167785645,,11,12,1back_single_main_click,1,,2,0,2,24,12,,,,,,,,,,,20,01,yes,no,no,2025-08-11_17h25.24.357,EXNAT_4_TMS_Psychopy2024.2.5.psyexp,2024.2.5,2025-08-11 17h29.25.252105 +0200,
0,0,0,,,,,0,0,0,0,,,,,#2AB7EF,1565.7592985630035,False,space,correct rejection,None,560.0495338439941,,12,12,1back_single_main_click,1,,2,0,2,24,12,,,,,,,,,,,20,01,yes,no,no,2025-08-11_17h25.24.357,EXNAT_4_TMS_Psychopy2024.2.5.psyexp,2024.2.5,2025-08-11 17h29.25.252105 +0200,
0,0,0,,,,,0,0,0,0,,,,,#2AB7EF,1566.5433609485626,True,l,hit,528.0277729034424,783.8747501373291,,13,12,1back_single_main_click,1,,2,1,3,24,12,1566.8713636398315,,,,,,,,,,20,01,yes,no,no,2025-08-11_17h25.24.357,EXNAT_4_TMS_Psychopy2024.2.5.psyexp,2024.2.5,2025-08-11 17h29.25.252105 +0200,
0,0,0,,,,,0,0,0,0,,,,,#D292F3,1567.5503437519073,False,space,correct rejection,None,465.04974365234375,,14,12,1back_single_main_click,1,,2,1,3,24,12,,,,,,,,,,,20,01,yes,no,no,2025-08-11_17h25.24.357,EXNAT_4_TMS_Psychopy2024.2.5.psyexp,2024.2.5,2025-08-11 17h29.25.252105 +0200,
0,0,0,,,,,0,0,0,0,,,,,#F989A2,1568.2396025657654,False,space,correct rejection,None,607.823371887207,,15,12,1back_single_main_click,1,,2,1,3,24,12,,,,,,,,,,,20,01,yes,no,no,2025-08-11_17h25.24.357,EXNAT_4_TMS_Psychopy2024.2.5.psyexp,2024.2.5,2025-08-11 17h29.25.252105 +0200,
0,0,0,,,,,0,0,0,0,,,,,#D292F3,1569.0706536769867,False,space,correct rejection,None,656.7323207855225,,16,12,1back_single_main_click,1,,2,1,3,24,12,,,,,,,,,,,20,01,yes,no,no,2025-08-11_17h25.24.357,EXNAT_4_TMS_Psychopy2024.2.5.psyexp,2024.2.5,2025-08-11 17h29.25.252105 +0200,
0,0,0,,,,,0,0,0,0,,,,,#2AB7EF,1569.9512827396393,False,space,correct rejection,None,511.9342803955078,,17,12,1back_single_main_click,1,,2,1,3,24,12,,,,,,,,,,,20,01,yes,no,no,2025-08-11_17h25.24.357,EXNAT_4_TMS_Psychopy2024.2.5.psyexp,2024.2.5,2025-08-11 17h29.25.252105 +0200,
0,0,0,,,,,0,0,0,0,,,,,#88BA3F,1570.6877839565277,False,space,correct rejection,None,527.62770652771,,18,12,1back_single_main_click,1,,2,1,3,24,12,,,,,,,,,,,20,01,yes,no,no,2025-08-11_17h25.24.357,EXNAT_4_TMS_Psychopy2024.2.5.psyexp,2024.2.5,2025-08-11 17h29.25.252105 +0200,
0,0,0,,,,,0,0,0,0,,,,,#88BA3F,1571.4385077953339,True,l,hit,528.8591384887695,848.7691879272461,,19,12,1back_single_main_click,1,,2,1,3,24,12,,,,,,,,,,,20,01,yes,no,no,2025-08-11_17h25.24.357,EXNAT_4_TMS_Psychopy2024.2.5.psyexp,2024.2.5,2025-08-11 17h29.25.252105 +0200,
0,0,0,,,,,0,0,0,0,,,,,#88BA3F,1572.5109255313873,True,space,miss,None,560.3945255279541,,20,12,1back_single_main_click,1,,2,2,4,24,12,1572.5708894729614,,,,,,,,,,20,01,yes,no,no,2025-08-11_17h25.24.357,EXNAT_4_TMS_Psychopy2024.2.5.psyexp,2024.2.5,2025-08-11 17h29.25.252105 +0200,
0,0,0,,,,,0,0,0,0,,,,,#F989A2,1573.295284986496,False,space,correct rejection,None,1712.0749950408936,,21,12,1back_single_main_click,1,,2,2,4,24,12,,,,,,,,,,,20,01,yes,no,no,2025-08-11_17h25.24.357,EXNAT_4_TMS_Psychopy2024.2.5.psyexp,2024.2.5,2025-08-11 17h29.25.252105 +0200,
0,0,0,,,,,0,0,0,0,,,,,#F989A2,1575.2308733463287,True,l,hit,448.50993156433105,752.387285232544,,22,12,1back_single_main_click,1,,2,2,4,24,12,,,,,,,,,,,20,01,yes,no,no,2025-08-11_17h25.24.357,EXNAT_4_TMS_Psychopy2024.2.5.psyexp,2024.2.5,2025-08-11 17h29.25.252105 +0200,
0,0,0,,,,,0,0,0,0,,,,,#D292F3,1576.2071568965912,False,space,correct rejection,None,576.3170719146729,,23,12,1back_single_main_click,1,,2,2,4,24,12,,,,,,,,,,,20,01,yes,no,no,2025-08-11_17h25.24.357,EXNAT_4_TMS_Psychopy2024.2.5.psyexp,2024.2.5,2025-08-11 17h29.25.252105 +0200,
0,0,0,,,,,0,0,0,0,,,,,#2AB7EF,1577.0070011615753,False,space,correct rejection,None,512.4523639678955,,24,12,1back_single_main_click,1,,2,2,4,24,12,,,,,,,,,,,20,01,yes,no,no,2025-08-11_17h25.24.357,EXNAT_4_TMS_Psychopy2024.2.5.psyexp,2024.2.5,2025-08-11 17h29.25.252105 +0200,
0,0,0,,,,,0,0,0,0,,,,,#F989A2,1577.7425043582916,False,space,correct rejection,None,560.8747005462646,,25,12,1back_single_main_click,1,,3,2,5,24,12,1577.7997732162476,,,,,,,,,,20,01,yes,no,no,2025-08-11_17h25.24.357,EXNAT_4_TMS_Psychopy2024.2.5.psyexp,2024.2.5,2025-08-11 17h29.25.252105 +0200,
0,0,0,,,,,0,0,0,0,,,,,#88BA3F,1578.5274074077606,False,space,correct rejection,None,479.9985885620117,,26,12,1back_single_main_click,1,,3,2,5,24,12,,,,,,,,,,,20,01,yes,no,no,2025-08-11_17h25.24.357,EXNAT_4_TMS_Psychopy2024.2.5.psyexp,2024.2.5,2025-08-11 17h29.25.252105 +0200,
0,0,0,,,,,0,0,0,0,,,,,#F989A2,1579.2306728363037,False,space,correct rejection,None,592.5507545471191,,27,12,1back_single_main_click,1,,3,2,5,24,12,,,,,,,,,,,20,01,yes,no,no,2025-08-11_17h25.24.357,EXNAT_4_TMS_Psychopy2024.2.5.psyexp,2024.2.5,2025-08-11 17h29.25.252105 +0200,
0,0,0,,,,,0,0,0,0,,,,,#88BA3F,1580.0463497638702,False,space,correct rejection,None,480.9694290161133,,28,12,1back_single_main_click,1,,3,2,5,24,12,,,,,,,,,,,20,01,yes,no,no,2025-08-11_17h25.24.357,EXNAT_4_TMS_Psychopy2024.2.5.psyexp,2024.2.5,2025-08-11 17h29.25.252105 +0200,
0,0,0,,,,,0,0,0,0,,,,,#D292F3,1580.750888824463,False,space,correct rejection,None,448.50873947143555,,29,12,1back_single_main_click,1,,3,2,5,24,12,,,,,,,,,,,20,01,yes,no,no,2025-08-11_17h25.24.357,EXNAT_4_TMS_Psychopy2024.2.5.psyexp,2024.2.5,2025-08-11 17h29.25.252105 +0200,
0,0,0,,,,,0,0,0,0,,,,,#2AB7EF,1581.4232232570648,False,space,correct rejection,None,463.95349502563477,,30,12,1back_single_main_click,1,,3,2,5,24,12,,,,,,,,,,,20,01,yes,no,no,2025-08-11_17h25.24.357,EXNAT_4_TMS_Psychopy2024.2.5.psyexp,2024.2.5,2025-08-11 17h29.25.252105 +0200,
0,0,0,,,,,0,0,0,0,,,,,#2AB7EF,1582.1102051734924,True,l,hit,913.2030010223389,1265.0103569030762,,31,12,1back_single_main_click,1,,3,3,6,24,12,1582.799665927887,,,,,,,,,,20,01,yes,no,no,2025-08-11_17h25.24.357,EXNAT_4_TMS_Psychopy2024.2.5.psyexp,2024.2.5,2025-08-11 17h29.25.252105 +0200,
0,0,0,,,,,0,0,0,0,,,,,#D292F3,1583.5988500118256,False,space,correct rejection,None,480.58009147644043,,32,12,1back_single_main_click,1,,3,3,6,24,12,,,,,,,,,,,20,01,yes,no,no,2025-08-11_17h25.24.357,EXNAT_4_TMS_Psychopy2024.2.5.psyexp,2024.2.5,2025-08-11 17h29.25.252105 +0200,
0,0,0,,,,,0,0,0,0,,,,,#88BA3F,1584.303544998169,False,space,correct rejection,None,447.8120803833008,,33,12,1back_single_main_click,1,,3,3,6,24,12,,,,,,,,,,,20,01,yes,no,no,2025-08-11_17h25.24.357,EXNAT_4_TMS_Psychopy2024.2.5.psyexp,2024.2.5,2025-08-11 17h29.25.252105 +0200,
0,0,0,,,,,0,0,0,0,,,,,#D292F3,1584.974136352539,False,space,correct rejection,None,545.1822280883789,,34,12,1back_single_main_click,1,,3,3,6,24,12,,,,,,,,,,,20,01,yes,no,no,2025-08-11_17h25.24.357,EXNAT_4_TMS_Psychopy2024.2.5.psyexp,2024.2.5,2025-08-11 17h29.25.252105 +0200,
0,0,0,,,,,0,0,0,0,,,,,#F989A2,1585.7433116436005,False,space,correct rejection,None,479.9971580505371,,35,12,1back_single_main_click,1,,3,3,6,24,12,,,,,,,,,,,20,01,yes,no,no,2025-08-11_17h25.24.357,EXNAT_4_TMS_Psychopy2024.2.5.psyexp,2024.2.5,2025-08-11 17h29.25.252105 +0200,
0,0,0,,,,,0,0,0,0,,,,,#2AB7EF,1586.4470329284668,False,space,correct rejection,None,752.3295879364014,,36,12,1back_single_main_click,1,,3,3,6,24,12,,,,,,,,,,,20,01,yes,no,no,2025-08-11_17h25.24.357,EXNAT_4_TMS_Psychopy2024.2.5.psyexp,2024.2.5,2025-08-11 17h29.25.252105 +0200,
0,0,0,,,,,0,0,0,0,,,,,#2AB7EF,1587.4233555793762,True,l,hit,655.9805870056152,991.6808605194092,,37,12,1back_single_main_click,1,,3,4,7,24,12,1587.7996907234192,,,,,,,,,,20,01,yes,no,no,2025-08-11_17h25.24.357,EXNAT_4_TMS_Psychopy2024.2.5.psyexp,2024.2.5,2025-08-11 17h29.25.252105 +0200,
0,0,0,,,,,0,0,0,0,,,,,#F989A2,1588.6387848854065,False,space,correct rejection,None,416.5477752685547,,38,12,1back_single_main_click,1,,3,4,7,24,12,,,,,,,,,,,20,01,yes,no,no,2025-08-11_17h25.24.357,EXNAT_4_TMS_Psychopy2024.2.5.psyexp,2024.2.5,2025-08-11 17h29.25.252105 +0200,
0,0,0,,,,,0,0,0,0,,,,,#F989A2,1589.2789633274078,True,l,hit,448.23694229125977,720.1144695281982,,39,12,1back_single_main_click,1,,3,4,7,24,12,,,,,,,,,,,20,01,yes,no,no,2025-08-11_17h25.24.357,EXNAT_4_TMS_Psychopy2024.2.5.psyexp,2024.2.5,2025-08-11 17h29.25.252105 +0200,
0,0,0,,,,,0,0,0,0,,,,,#D292F3,1590.2228705883026,False,space,correct rejection,None,464.31922912597656,,40,12,1back_single_main_click,1,,3,4,7,24,12,,,,,,,,,,,20,01,yes,no,no,2025-08-11_17h25.24.357,EXNAT_4_TMS_Psychopy2024.2.5.psyexp,2024.2.5,2025-08-11 17h29.25.252105 +0200,
0,0,0,,,,,0,0,0,0,,,,,#88BA3F,1590.9109978675842,False,space,correct rejection,None,432.45553970336914,,41,12,1back_single_main_click,1,,3,4,7,24,12,,,,,,,,,,,20,01,yes,no,no,2025-08-11_17h25.24.357,EXNAT_4_TMS_Psychopy2024.2.5.psyexp,2024.2.5,2025-08-11 17h29.25.252105 +0200,
0,0,0,,,,,0,0,0,0,,,,,#88BA3F,1591.5670864582062,True,space,miss,None,368.15834045410156,,42,12,1back_single_main_click,1,,3,4,7,24,12,,,,,,,,,,,20,01,yes,no,no,2025-08-11_17h25.24.357,EXNAT_4_TMS_Psychopy2024.2.5.psyexp,2024.2.5,2025-08-11 17h29.25.252105 +0200,
0,0,0,,,,,0,0,0,0,,,,,#D292F3,1592.1585626602173,False,space,correct rejection,None,624.8950958251953,,43,12,1back_single_main_click,1,,3,4,7,24,12,,,,,,,,,,,20,01,yes,no,no,2025-08-11_17h25.24.357,EXNAT_4_TMS_Psychopy2024.2.5.psyexp,2024.2.5,2025-08-11 17h29.25.252105 +0200,
0,0,0,,,,,0,0,0,0,,,,,#2AB7EF,1593.0072751045227,False,space,correct rejection,None,544.1153049468994,,44,12,1back_single_main_click,1,,4,4,8,24,12,1593.0651082992554,,,,,,,,,,20,01,yes,no,no,2025-08-11_17h25.24.357,EXNAT_4_TMS_Psychopy2024.2.5.psyexp,2024.2.5,2025-08-11 17h29.25.252105 +0200,
0,0,0,,,,,0,0,0,0,,,,,#D292F3,1593.7744522094727,False,space,correct rejection,None,656.7416191101074,,45,12,1back_single_main_click,1,,4,4,8,24,12,,,,,,,,,,,20,01,yes,no,no,2025-08-11_17h25.24.357,EXNAT_4_TMS_Psychopy2024.2.5.psyexp,2024.2.5,2025-08-11 17h29.25.252105 +0200,
0,0,0,,,,,0,0,0,0,,,,,#88BA3F,1594.655344247818,False,space,correct rejection,None,512.0704174041748,,46,12,1back_single_main_click,1,,4,4,8,24,12,,,,,,,,,,,20,01,yes,no,no,2025-08-11_17h25.24.357,EXNAT_4_TMS_Psychopy2024.2.5.psyexp,2024.2.5,2025-08-11 17h29.25.252105 +0200,
0,0,0,,,,,0,0,0,0,,,,,#F989A2,1595.391222000122,False,space,correct rejection,None,592.1952724456787,,47,12,1back_single_main_click,1,,4,4,8,24,12,,,,,,,,,,,20,01,yes,no,no,2025-08-11_17h25.24.357,EXNAT_4_TMS_Psychopy2024.2.5.psyexp,2024.2.5,2025-08-11 17h29.25.252105 +0200,
0,0,0,,,,,0,0,0,0,,,,,#2AB7EF,1596.2067649364471,False,space,correct rejection,None,656.6364765167236,,48,12,1back_single_main_click,1,,4,4,8,24,12,,,,,,,,,,,20,01,yes,no,no,2025-08-11_17h25.24.357,EXNAT_4_TMS_Psychopy2024.2.5.psyexp,2024.2.5,2025-08-11 17h29.25.252105 +0200,
0,0,0,,,,,0,0,0,0,,,,,#F989A2,1597.0872733592987,False,space,correct rejection,None,944.1373348236084,,49,12,1back_single_main_click,1,,4,4,8,24,12,,,,,,,,,,,20,01,yes,no,no,2025-08-11_17h25.24.357,EXNAT_4_TMS_Psychopy2024.2.5.psyexp,2024.2.5,2025-08-11 17h29.25.252105 +0200,
0,0,0,,,,,0,0,0,0,,,,,#88BA3F,1598.2552189826965,False,space,correct rejection,None,656.1765670776367,,50,12,1back_single_main_click,1,,5,4,9,24,12,1598.3102853298187,,,,,,,,,,20,01,yes,no,no,2025-08-11_17h25.24.357,EXNAT_4_TMS_Psychopy2024.2.5.psyexp,2024.2.5,2025-08-11 17h29.25.252105 +0200,
0,0,0,,,,,0,0,0,0,,,,,#F989A2,1599.1354458332062,False,space,correct rejection,None,671.7329025268555,,51,12,1back_single_main_click,1,,5,4,9,24,12,,,,,,,,,,,20,01,yes,no,no,2025-08-11_17h25.24.357,EXNAT_4_TMS_Psychopy2024.2.5.psyexp,2024.2.5,2025-08-11 17h29.25.252105 +0200,
0,0,0,,,,,0,0,0,0,,,,,#2AB7EF,1600.030975818634,False,space,correct rejection,None,608.4258556365967,,52,12,1back_single_main_click,1,,5,4,9,24,12,,,,,,,,,,,20,01,yes,no,no,2025-08-11_17h25.24.357,EXNAT_4_TMS_Psychopy2024.2.5.psyexp,2024.2.5,2025-08-11 17h29.25.252105 +0200,
0,0,0,,,,,0,0,0,0,,,,,#2AB7EF,1600.8630261421204,True,l,hit,592.3538208007812,928.1916618347168,,53,12,1back_single_main_click,1,,5,4,9,24,12,,,,,,,,,,,20,01,yes,no,no,2025-08-11_17h25.24.357,EXNAT_4_TMS_Psychopy2024.2.5.psyexp,2024.2.5,2025-08-11 17h29.25.252105 +0200,
0,0,0,,,,,0,0,0,0,,,,,#D292F3,1602.0153875350952,False,space,correct rejection,None,655.9908390045166,,54,12,1back_single_main_click,1,,5,4,9,24,12,,,,,,,,,,,20,01,yes,no,no,2025-08-11_17h25.24.357,EXNAT_4_TMS_Psychopy2024.2.5.psyexp,2024.2.5,2025-08-11 17h29.25.252105 +0200,
0,0,0,,,,,0,0,0,0,,,,,#D292F3,1602.8952271938324,True,l,hit,480.1592826843262,752.0387172698975,,55,12,1back_single_main_click,1,,5,5,10,24,12,1603.3101811408997,,,,,,,,,,20,01,yes,no,no,2025-08-11_17h25.24.357,EXNAT_4_TMS_Psychopy2024.2.5.psyexp,2024.2.5,2025-08-11 17h29.25.252105 +0200,
0,0,0,,,,,0,0,0,0,,,,,#2AB7EF,1603.8707814216614,False,space,correct rejection,None,464.42437171936035,,56,12,1back_single_main_click,1,,5,5,10,24,12,,,,,,,,,,,20,01,yes,no,no,2025-08-11_17h25.24.357,EXNAT_4_TMS_Psychopy2024.2.5.psyexp,2024.2.5,2025-08-11 17h29.25.252105 +0200,
0,0,0,,,,,0,0,0,0,,,,,#F989A2,1604.559355020523,False,space,correct rejection,None,479.9072742462158,,57,12,1back_single_main_click,1,,5,5,10,24,12,,,,,,,,,,,20,01,yes,no,no,2025-08-11_17h25.24.357,EXNAT_4_TMS_Psychopy2024.2.5.psyexp,2024.2.5,2025-08-11 17h29.25.252105 +0200,
0,0,0,,,,,0,0,0,0,,,,,#88BA3F,1605.263105392456,False,space,correct rejection,None,592.280387878418,,58,12,1back_single_main_click,1,,5,5,10,24,12,,,,,,,,,,,20,01,yes,no,no,2025-08-11_17h25.24.357,EXNAT_4_TMS_Psychopy2024.2.5.psyexp,2024.2.5,2025-08-11 17h29.25.252105 +0200,
0,0,0,,,,,0,0,0,0,,,,,#88BA3F,1606.0791432857513,True,l,hit,672.0476150512695,927.9212951660156,,59,12,1back_single_main_click,1,,5,5,10,24,12,,,,,,,,,,,20,01,yes,no,no,2025-08-11_17h25.24.357,EXNAT_4_TMS_Psychopy2024.2.5.psyexp,2024.2.5,2025-08-11 17h29.25.252105 +0200,
0,0,0,,,,,0,0,0,0,,,,,#D292F3,1607.2310268878937,False,space,correct rejection,None,592.461347579956,,60,12,1back_single_main_click,1,,5,5,10,24,12,,,,,,,,,,,20,01,yes,no,no,2025-08-11_17h25.24.357,EXNAT_4_TMS_Psychopy2024.2.5.psyexp,2024.2.5,2025-08-11 17h29.25.252105 +0200,
0,0,0,,,,,0,0,0,0,,,,,#D292F3,1610.9556412696838,False,space,correct rejection,None,755.6362152099609,,1,13,1back_single_main_click,1,,6,5,11,24,12,1611.0123369693756,,,,,,,,,,20,01,yes,no,no,2025-08-11_17h25.24.357,EXNAT_4_TMS_Psychopy2024.2.5.psyexp,2024.2.5,2025-08-11 17h29.25.252105 +0200,
0,0,0,,,,,0,0,0,0,,,,,#88BA3F,1611.925983428955,False,space,correct rejection,None,585.2415561676025,,2,13,1back_single_main_click,1,,6,5,11,24,12,,,,,,,,,,,20,01,yes,no,no,2025-08-11_17h25.24.357,EXNAT_4_TMS_Psychopy2024.2.5.psyexp,2024.2.5,2025-08-11 17h29.25.252105 +0200,
0,0,0,,,,,0,0,0,0,,,,,#D292F3,1612.7272174358368,False,space,correct rejection,None,584.007978439331,,3,13,1back_single_main_click,1,,6,5,11,24,12,,,,,,,,,,,20,01,yes,no,no,2025-08-11_17h25.24.357,EXNAT_4_TMS_Psychopy2024.2.5.psyexp,2024.2.5,2025-08-11 17h29.25.252105 +0200,
0,0,0,,,,,0,0,0,0,,,,,#2AB7EF,1613.5268881320953,False,space,correct rejection,None,552.3476600646973,,4,13,1back_single_main_click,1,,6,5,11,24,12,,,,,,,,,,,20,01,yes,no,no,2025-08-11_17h25.24.357,EXNAT_4_TMS_Psychopy2024.2.5.psyexp,2024.2.5,2025-08-11 17h29.25.252105 +0200,
0,0,0,,,,,0,0,0,0,,,,,#2AB7EF,1614.2964141368866,True,l,hit,438.9376640319824,694.8046684265137,,5,13,1back_single_main_click,1,,6,5,11,24,12,,,,,,,,,,,20,01,yes,no,no,2025-08-11_17h25.24.357,EXNAT_4_TMS_Psychopy2024.2.5.psyexp,2024.2.5,2025-08-11 17h29.25.252105 +0200,
0,0,0,,,,,0,0,0,0,,,,,#88BA3F,1615.20840549469,False,space,correct rejection,None,678.9793968200684,,6,13,1back_single_main_click,1,,6,5,11,24,12,,,,,,,,,,,20,01,yes,no,no,2025-08-11_17h25.24.357,EXNAT_4_TMS_Psychopy2024.2.5.psyexp,2024.2.5,2025-08-11 17h29.25.252105 +0200,
0,0,0,,,,,0,0,0,0,,,,,#D292F3,1616.1041383743286,False,space,correct rejection,None,599.2980003356934,,7,13,1back_single_main_click,1,,7,5,12,24,12,1616.1622524261475,,,,,,,,,,20,01,yes,no,no,2025-08-11_17h25.24.357,EXNAT_4_TMS_Psychopy2024.2.5.psyexp,2024.2.5,2025-08-11 17h29.25.252105 +0200,
0,0,0,,,,,0,0,0,0,,,,,#F989A2,1616.9194405078888,False,space,correct rejection,None,535.9635353088379,,8,13,1back_single_main_click,1,,7,5,12,24,12,,,,,,,,,,,20,01,yes,no,no,2025-08-11_17h25.24.357,EXNAT_4_TMS_Psychopy2024.2.5.psyexp,2024.2.5,2025-08-11 17h29.25.252105 +0200,
0,0,0,,,,,0,0,0,0,,,,,#2AB7EF,1617.6720788478851,False,space,correct rejection,None,647.11594581604,,9,13,1back_single_main_click,1,,7,5,12,24,12,,,,,,,,,,,20,01,yes,no,no,2025-08-11_17h25.24.357,EXNAT_4_TMS_Psychopy2024.2.5.psyexp,2024.2.5,2025-08-11 17h29.25.252105 +0200,
0,0,0,,,,,0,0,0,0,,,,,#F989A2,1618.5345571041107,False,space,correct rejection,None,488.80958557128906,,10,13,1back_single_main_click,1,,7,5,12,24,12,,,,,,,,,,,20,01,yes,no,no,2025-08-11_17h25.24.357,EXNAT_4_TMS_Psychopy2024.2.5.psyexp,2024.2.5,2025-08-11 17h29.25.252105 +0200,
0,0,0,,,,,0,0,0,0,,,,,#F989A2,1619.2404146194458,True,l,hit,438.8236999511719,710.8449935913086,,11,13,1back_single_main_click,1,,7,5,12,24,12,,,,,,,,,,,20,01,yes,no,no,2025-08-11_17h25.24.357,EXNAT_4_TMS_Psychopy2024.2.5.psyexp,2024.2.5,2025-08-11 17h29.25.252105 +0200,
0,0,0,,,,,0,0,0,0,,,,,#88BA3F,1620.1683082580566,False,space,correct rejection,None,551.060676574707,,12,13,1back_single_main_click,1,,7,5,12,24,12,,,,,,,,,,,20,01,yes,no,no,2025-08-11_17h25.24.357,EXNAT_4_TMS_Psychopy2024.2.5.psyexp,2024.2.5,2025-08-11 17h29.25.252105 +0200,
0,0,0,,,,,0,0,0,0,,,,,#2AB7EF,1620.9357604980469,False,space,correct rejection,None,439.68820571899414,,13,13,1back_single_main_click,1,,7,5,12,24,12,,,,,,,,,,,20,01,yes,no,no,2025-08-11_17h25.24.357,EXNAT_4_TMS_Psychopy2024.2.5.psyexp,2024.2.5,2025-08-11 17h29.25.252105 +0200,
0,0,0,,,,,0,0,0,0,,,,,#88BA3F,1621.5991036891937,False,space,correct rejection,None,496.34313583374023,,14,13,1back_single_main_click,1,,7,5,12,24,12,,,,,,,,,,,20,01,yes,no,no,2025-08-11_17h25.24.357,EXNAT_4_TMS_Psychopy2024.2.5.psyexp,2024.2.5,2025-08-11 17h29.25.252105 +0200,
0,0,0,,,,,0,0,0,0,,,,,#D292F3,1622.3186855316162,False,space,correct rejection,None,464.7047519683838,,15,13,1back_single_main_click,1,,7,5,12,24,12,,,,,,,,,,,20,01,yes,no,no,2025-08-11_17h25.24.357,EXNAT_4_TMS_Psychopy2024.2.5.psyexp,2024.2.5,2025-08-11 17h29.25.252105 +0200,
0,0,0,,,,,0,0,0,0,,,,,#2AB7EF,1623.0071051120758,False,space,correct rejection,None,528.270959854126,,16,13,1back_single_main_click,1,,7,5,12,24,12,,,,,,,,,,,20,01,yes,no,no,2025-08-11_17h25.24.357,EXNAT_4_TMS_Psychopy2024.2.5.psyexp,2024.2.5,2025-08-11 17h29.25.252105 +0200,
0,0,0,,,,,0,0,0,0,,,,,#2AB7EF,1623.75834274292,True,l,hit,592.8611755371094,864.814281463623,,17,13,1back_single_main_click,1,,7,6,13,24,12,1623.8135228157043,,,,,,,,,,20,01,yes,no,no,2025-08-11_17h25.24.357,EXNAT_4_TMS_Psychopy2024.2.5.psyexp,2024.2.5,2025-08-11 17h29.25.252105 +0200,
0,0,0,,,,,0,0,0,0,,,,,#88BA3F,1624.8464620113373,False,space,correct rejection,None,448.89354705810547,,18,13,1back_single_main_click,1,,7,6,13,24,12,,,,,,,,,,,20,01,yes,no,no,2025-08-11_17h25.24.357,EXNAT_4_TMS_Psychopy2024.2.5.psyexp,2024.2.5,2025-08-11 17h29.25.252105 +0200,
0,0,0,,,,,0,0,0,0,,,,,#F989A2,1625.5192141532898,False,space,correct rejection,None,640.1546001434326,,19,13,1back_single_main_click,1,,7,6,13,24,12,,,,,,,,,,,20,01,yes,no,no,2025-08-11_17h25.24.357,EXNAT_4_TMS_Psychopy2024.2.5.psyexp,2024.2.5,2025-08-11 17h29.25.252105 +0200,
0,0,0,,,,,0,0,0,0,,,,,#88BA3F,1626.3825905323029,False,space,correct rejection,None,496.5791702270508,,20,13,1back_single_main_click,1,,7,6,13,24,12,,,,,,,,,,,20,01,yes,no,no,2025-08-11_17h25.24.357,EXNAT_4_TMS_Psychopy2024.2.5.psyexp,2024.2.5,2025-08-11 17h29.25.252105 +0200,
0,0,0,,,,,0,0,0,0,,,,,#F989A2,1627.102718114853,False,space,correct rejection,None,512.6709938049316,,21,13,1back_single_main_click,1,,7,6,13,24,12,,,,,,,,,,,20,01,yes,no,no,2025-08-11_17h25.24.357,EXNAT_4_TMS_Psychopy2024.2.5.psyexp,2024.2.5,2025-08-11 17h29.25.252105 +0200,
0,0,0,,,,,0,0,0,0,,,,,#F989A2,1627.838941335678,True,l,hit,480.3280830383301,752.3207664489746,,22,13,1back_single_main_click,1,,7,6,13,24,12,,,,,,,,,,,20,01,yes,no,no,2025-08-11_17h25.24.357,EXNAT_4_TMS_Psychopy2024.2.5.psyexp,2024.2.5,2025-08-11 17h29.25.252105 +0200,
0,0,0,,,,,0,0,0,0,,,,,#D292F3,1628.8152289390564,False,space,correct rejection,None,576.087474822998,,23,13,1back_single_main_click,1,,8,6,14,24,12,1628.871165752411,,,,,,,,,,20,01,yes,no,no,2025-08-11_17h25.24.357,EXNAT_4_TMS_Psychopy2024.2.5.psyexp,2024.2.5,2025-08-11 17h29.25.252105 +0200,
0,0,0,,,,,0,0,0,0,,,,,#D292F3,1629.6149435043335,True,l,hit,432.31749534606934,672.3484992980957,,24,13,1back_single_main_click,1,,8,6,14,24,12,,,,,,,,,,,20,01,yes,no,no,2025-08-11_17h25.24.357,EXNAT_4_TMS_Psychopy2024.2.5.psyexp,2024.2.5,2025-08-11 17h29.25.252105 +0200,
0,0,0,,,,,0,0,0,0,,,,,#2AB7EF,1630.5107114315033,False,space,correct rejection,None,416.71085357666016,,25,13,1back_single_main_click,1,,8,6,14,24,12,,,,,,,,,,,20,01,yes,no,no,2025-08-11_17h25.24.357,EXNAT_4_TMS_Psychopy2024.2.5.psyexp,2024.2.5,2025-08-11 17h29.25.252105 +0200,
0,0,0,,,,,0,0,0,0,,,,,#F989A2,1631.1513261795044,False,space,correct rejection,None,735.990047454834,,26,13,1back_single_main_click,1,,8,6,14,24,12,,,,,,,,,,,20,01,yes,no,no,2025-08-11_17h25.24.357,EXNAT_4_TMS_Psychopy2024.2.5.psyexp,2024.2.5,2025-08-11 17h29.25.252105 +0200,
0,0,0,,,,,0,0,0,0,,,,,#D292F3,1632.1111068725586,False,space,correct rejection,None,400.1796245574951,,27,13,1back_single_main_click,1,,8,6,14,24,12,,,,,,,,,,,20,01,yes,no,no,2025-08-11_17h25.24.357,EXNAT_4_TMS_Psychopy2024.2.5.psyexp,2024.2.5,2025-08-11 17h29.25.252105 +0200,
0,0,0,,,,,0,0,0,0,,,,,#88BA3F,1632.7346336841583,False,space,correct rejection,None,480.55052757263184,,28,13,1back_single_main_click,1,,8,6,14,24,12,,,,,,,,,,,20,01,yes,no,no,2025-08-11_17h25.24.357,EXNAT_4_TMS_Psychopy2024.2.5.psyexp,2024.2.5,2025-08-11 17h29.25.252105 +0200,
0,0,0,,,,,0,0,0,0,,,,,#F989A2,1633.4391510486603,False,space,correct rejection,None,464.2174243927002,,29,13,1back_single_main_click,1,,8,6,14,24,12,,,,,,,,,,,20,01,yes,no,no,2025-08-11_17h25.24.357,EXNAT_4_TMS_Psychopy2024.2.5.psyexp,2024.2.5,2025-08-11 17h29.25.252105 +0200,
0,0,0,,,,,0,0,0,0,,,,,#F989A2,1634.127296924591,True,l,hit,416.05067253112793,655.8961868286133,,30,13,1back_single_main_click,1,,8,7,15,24,12,1634.1871452331543,,,,,,,,,,20,01,yes,no,no,2025-08-11_17h25.24.357,EXNAT_4_TMS_Psychopy2024.2.5.psyexp,2024.2.5,2025-08-11 17h29.25.252105 +0200,
0,0,0,,,,,0,0,0,0,,,,,#2AB7EF,1635.007019996643,False,space,correct rejection,None,560.3983402252197,,31,13,1back_single_main_click,1,,8,7,15,24,12,,,,,,,,,,,20,01,yes,no,no,2025-08-11_17h25.24.357,EXNAT_4_TMS_Psychopy2024.2.5.psyexp,2024.2.5,2025-08-11 17h29.25.252105 +0200,
0,0,0,,,,,0,0,0,0,,,,,#D292F3,1635.7914969921112,False,space,correct rejection,None,559.9384307861328,,32,13,1back_single_main_click,1,,8,7,15,24,12,,,,,,,,,,,20,01,yes,no,no,2025-08-11_17h25.24.357,EXNAT_4_TMS_Psychopy2024.2.5.psyexp,2024.2.5,2025-08-11 17h29.25.252105 +0200,
0,0,0,,,,,0,0,0,0,,,,,#2AB7EF,1636.574631690979,False,space,correct rejection,None,560.7759952545166,,33,13,1back_single_main_click,1,,8,7,15,24,12,,,,,,,,,,,20,01,yes,no,no,2025-08-11_17h25.24.357,EXNAT_4_TMS_Psychopy2024.2.5.psyexp,2024.2.5,2025-08-11 17h29.25.252105 +0200,
0,0,0,,,,,0,0,0,0,,,,,#D292F3,1637.3592042922974,False,space,correct rejection,None,496.1836338043213,,34,13,1back_single_main_click,1,,8,7,15,24,12,,,,,,,,,,,20,01,yes,no,no,2025-08-11_17h25.24.357,EXNAT_4_TMS_Psychopy2024.2.5.psyexp,2024.2.5,2025-08-11 17h29.25.252105 +0200,
0,0,0,,,,,0,0,0,0,,,,,#88BA3F,1638.0797357559204,False,space,correct rejection,None,479.50196266174316,,35,13,1back_single_main_click,1,,8,7,15,24,12,,,,,,,,,,,20,01,yes,no,no,2025-08-11_17h25.24.357,EXNAT_4_TMS_Psychopy2024.2.5.psyexp,2024.2.5,2025-08-11 17h29.25.252105 +0200,
0,0,0,,,,,0,0,0,0,,,,,#F989A2,1638.7833993434906,False,space,correct rejection,None,527.8501510620117,,36,13,1back_single_main_click,1,,9,7,16,24,12,1639.1870484352112,,,,,,,,,,20,01,yes,no,no,2025-08-11_17h25.24.357,EXNAT_4_TMS_Psychopy2024.2.5.psyexp,2024.2.5,2025-08-11 17h29.25.252105 +0200,
0,0,0,,,,,0,0,0,0,,,,,#D292F3,1639.5335178375244,False,space,correct rejection,None,577.970027923584,,37,13,1back_single_main_click,1,,9,7,16,24,12,,,,,,,,,,,20,01,yes,no,no,2025-08-11_17h25.24.357,EXNAT_4_TMS_Psychopy2024.2.5.psyexp,2024.2.5,2025-08-11 17h29.25.252105 +0200,
0,0,0,,,,,0,0,0,0,,,,,#D292F3,1640.3354935646057,True,l,hit,559.9098205566406,831.7756652832031,,38,13,1back_single_main_click,1,,9,7,16,24,12,,,,,,,,,,,20,01,yes,no,no,2025-08-11_17h25.24.357,EXNAT_4_TMS_Psychopy2024.2.5.psyexp,2024.2.5,2025-08-11 17h29.25.252105 +0200,
0,0,0,,,,,0,0,0,0,,,,,#2AB7EF,1641.3912136554718,False,space,correct rejection,None,384.2630386352539,,39,13,1back_single_main_click,1,,9,7,16,24,12,,,,,,,,,,,20,01,yes,no,no,2025-08-11_17h25.24.357,EXNAT_4_TMS_Psychopy2024.2.5.psyexp,2024.2.5,2025-08-11 17h29.25.252105 +0200,
0,0,0,,,,,0,0,0,0,,,,,#88BA3F,1641.9993689060211,False,space,correct rejection,None,448.0319023132324,,40,13,1back_single_main_click,1,,9,7,16,24,12,,,,,,,,,,,20,01,yes,no,no,2025-08-11_17h25.24.357,EXNAT_4_TMS_Psychopy2024.2.5.psyexp,2024.2.5,2025-08-11 17h29.25.252105 +0200,
0,0,0,,,,,0,0,0,0,,,,,#F989A2,1642.6708846092224,False,space,correct rejection,None,528.5451412200928,,41,13,1back_single_main_click,1,,9,7,16,24,12,,,,,,,,,,,20,01,yes,no,no,2025-08-11_17h25.24.357,EXNAT_4_TMS_Psychopy2024.2.5.psyexp,2024.2.5,2025-08-11 17h29.25.252105 +0200,
0,0,0,,,,,0,0,0,0,,,,,#F989A2,1643.4230020046234,True,space,miss,None,624.3960857391357,,42,13,1back_single_main_click,1,,9,7,16,24,12,,,,,,,,,,,20,01,yes,no,no,2025-08-11_17h25.24.357,EXNAT_4_TMS_Psychopy2024.2.5.psyexp,2024.2.5,2025-08-11 17h29.25.252105 +0200,
0,0,0,,,,,0,0,0,0,,,,,#F989A2,1644.2713243961334,True,l,hit,559.9231719970703,799.9095916748047,,43,13,1back_single_main_click,1,,9,8,17,24,12,1644.324858903885,,,,,,,,,,20,01,yes,no,no,2025-08-11_17h25.24.357,EXNAT_4_TMS_Psychopy2024.2.5.psyexp,2024.2.5,2025-08-11 17h29.25.252105 +0200,
0,0,0,,,,,0,0,0,0,,,,,#2AB7EF,1645.2953958511353,False,space,correct rejection,None,543.9658164978027,,44,13,1back_single_main_click,1,,9,8,17,24,12,,,,,,,,,,,20,01,yes,no,no,2025-08-11_17h25.24.357,EXNAT_4_TMS_Psychopy2024.2.5.psyexp,2024.2.5,2025-08-11 17h29.25.252105 +0200,
0,0,0,,,,,0,0,0,0,,,,,#D292F3,1646.0628769397736,False,space,correct rejection,None,608.4597110748291,,45,13,1back_single_main_click,1,,9,8,17,24,12,,,,,,,,,,,20,01,yes,no,no,2025-08-11_17h25.24.357,EXNAT_4_TMS_Psychopy2024.2.5.psyexp,2024.2.5,2025-08-11 17h29.25.252105 +0200,
0,0,0,,,,,0,0,0,0,,,,,#88BA3F,1646.8955492973328,False,space,correct rejection,None,543.8046455383301,,46,13,1back_single_main_click,1,,9,8,17,24,12,,,,,,,,,,,20,01,yes,no,no,2025-08-11_17h25.24.357,EXNAT_4_TMS_Psychopy2024.2.5.psyexp,2024.2.5,2025-08-11 17h29.25.252105 +0200,
0,0,0,,,,,0,0,0,0,,,,,#2AB7EF,1647.6628921031952,False,space,correct rejection,None,512.5763416290283,,47,13,1back_single_main_click,1,,9,8,17,24,12,,,,,,,,,,,20,01,yes,no,no,2025-08-11_17h25.24.357,EXNAT_4_TMS_Psychopy2024.2.5.psyexp,2024.2.5,2025-08-11 17h29.25.252105 +0200,
0,0,0,,,,,0,0,0,0,,,,,#88BA3F,1648.399564743042,False,space,correct rejection,None,495.6991672515869,,48,13,1back_single_main_click,1,,9,8,17,24,12,,,,,,,,,,,20,01,yes,no,no,2025-08-11_17h25.24.357,EXNAT_4_TMS_Psychopy2024.2.5.psyexp,2024.2.5,2025-08-11 17h29.25.252105 +0200,
0,0,0,,,,,0,0,0,0,,,,,#88BA3F,1649.1190121173859,True,l,hit,640.3951644897461,912.2602939605713,,49,13,1back_single_main_click,1,,9,9,18,24,12,1649.324835062027,,,,,,,,,,20,01,yes,no,no,2025-08-11_17h25.24.357,EXNAT_4_TMS_Psychopy2024.2.5.psyexp,2024.2.5,2025-08-11 17h29.25.252105 +0200,
0,0,0,,,,,0,0,0,0,,,,,#D292F3,1650.2549574375153,False,space,correct rejection,None,496.5503215789795,,50,13,1back_single_main_click,1,,9,9,18,24,12,,,,,,,,,,,20,01,yes,no,no,2025-08-11_17h25.24.357,EXNAT_4_TMS_Psychopy2024.2.5.psyexp,2024.2.5,2025-08-11 17h29.25.252105 +0200,
0,0,0,,,,,0,0,0,0,,,,,#88BA3F,1650.9754321575165,False,space,correct rejection,None,655.9305191040039,,51,13,1back_single_main_click,1,,9,9,18,24,12,,,,,,,,,,,20,01,yes,no,no,2025-08-11_17h25.24.357,EXNAT_4_TMS_Psychopy2024.2.5.psyexp,2024.2.5,2025-08-11 17h29.25.252105 +0200,
0,0,0,,,,,0,0,0,0,,,,,#2AB7EF,1651.854556798935,False,space,correct rejection,None,528.8078784942627,,52,13,1back_single_main_click,1,,9,9,18,24,12,,,,,,,,,,,20,01,yes,no,no,2025-08-11_17h25.24.357,EXNAT_4_TMS_Psychopy2024.2.5.psyexp,2024.2.5,2025-08-11 17h29.25.252105 +0200,
0,0,0,,,,,0,0,0,0,,,,,#2AB7EF,1652.606765985489,True,l,hit,448.5931396484375,704.3328285217285,,53,13,1back_single_main_click,1,,9,9,18,24,12,,,,,,,,,,,20,01,yes,no,no,2025-08-11_17h25.24.357,EXNAT_4_TMS_Psychopy2024.2.5.psyexp,2024.2.5,2025-08-11 17h29.25.252105 +0200,
0,0,0,,,,,0,0,0,0,,,,,#D292F3,1653.5350139141083,False,space,correct rejection,None,480.2675247192383,,54,13,1back_single_main_click,1,,9,9,18,24,12,,,,,,,,,,,20,01,yes,no,no,2025-08-11_17h25.24.357,EXNAT_4_TMS_Psychopy2024.2.5.psyexp,2024.2.5,2025-08-11 17h29.25.252105 +0200,
0,0,0,,,,,0,0,0,0,,,,,#F989A2,1654.239646434784,False,space,correct rejection,None,495.6052303314209,,55,13,1back_single_main_click,1,,10,9,19,24,12,1654.3249542713165,,,,,,,,,,20,01,yes,no,no,2025-08-11_17h25.24.357,EXNAT_4_TMS_Psychopy2024.2.5.psyexp,2024.2.5,2025-08-11 17h29.25.252105 +0200,
0,0,0,,,,,0,0,0,0,,,,,#D292F3,1654.9595334529877,False,space,correct rejection,None,639.8489475250244,,56,13,1back_single_main_click,1,,10,9,19,24,12,,,,,,,,,,,20,01,yes,no,no,2025-08-11_17h25.24.357,EXNAT_4_TMS_Psychopy2024.2.5.psyexp,2024.2.5,2025-08-11 17h29.25.252105 +0200,
0,0,0,,,,,0,0,0,0,,,,,#88BA3F,1655.8229422569275,False,space,correct rejection,None,768.5060501098633,,57,13,1back_single_main_click,1,,10,9,19,24,12,,,,,,,,,,,20,01,yes,no,no,2025-08-11_17h25.24.357,EXNAT_4_TMS_Psychopy2024.2.5.psyexp,2024.2.5,2025-08-11 17h29.25.252105 +0200,
0,0,0,,,,,0,0,0,0,,,,,#F989A2,1656.8151051998138,False,space,correct rejection,None,448.34327697753906,,58,13,1back_single_main_click,1,,10,9,19,24,12,,,,,,,,,,,20,01,yes,no,no,2025-08-11_17h25.24.357,EXNAT_4_TMS_Psychopy2024.2.5.psyexp,2024.2.5,2025-08-11 17h29.25.252105 +0200,
0,0,0,,,,,0,0,0,0,,,,,#F989A2,1657.4875786304474,True,l,hit,655.8518409729004,895.6742286682129,,59,13,1back_single_main_click,1,,10,9,19,24,12,,,,,,,,,,,20,01,yes,no,no,2025-08-11_17h25.24.357,EXNAT_4_TMS_Psychopy2024.2.5.psyexp,2024.2.5,2025-08-11 17h29.25.252105 +0200,
0,0,0,,,,,0,0,0,0,,,,,#2AB7EF,1658.6065735816956,False,space,correct rejection,None,416.87655448913574,,60,13,1back_single_main_click,1,,10,9,19,24,12,,,,,,,,,,,20,01,yes,no,no,2025-08-11_17h25.24.357,EXNAT_4_TMS_Psychopy2024.2.5.psyexp,2024.2.5,2025-08-11 17h29.25.252105 +0200,
0,0,0,,,,,0,0,0,0,,,,,#88BA3F,1661.6039264202118,False,space,correct rejection,None,843.3797359466553,,1,14,1back_single_main_click,1,,11,9,20,24,12,1661.6621189117432,,,,,,,,,,20,01,yes,no,no,2025-08-11_17h25.24.357,EXNAT_4_TMS_Psychopy2024.2.5.psyexp,2024.2.5,2025-08-11 17h29.25.252105 +0200,
0,0,0,,,,,0,0,0,0,,,,,#88BA3F,1662.6605296134949,True,l,hit,490.9482002258301,746.7923164367676,,2,14,1back_single_main_click,1,,11,9,20,24,12,,,,,,,,,,,20,01,yes,no,no,2025-08-11_17h25.24.357,EXNAT_4_TMS_Psychopy2024.2.5.psyexp,2024.2.5,2025-08-11 17h29.25.252105 +0200,
0,0,0,,,,,0,0,0,0,,,,,#2AB7EF,1663.6235444545746,False,space,correct rejection,None,615.882396697998,,3,14,1back_single_main_click,1,,11,9,20,24,12,,,,,,,,,,,20,01,yes,no,no,2025-08-11_17h25.24.357,EXNAT_4_TMS_Psychopy2024.2.5.psyexp,2024.2.5,2025-08-11 17h29.25.252105 +0200,
0,0,0,,,,,0,0,0,0,,,,,#F989A2,1664.4560675621033,False,space,correct rejection,None,455.3072452545166,,4,14,1back_single_main_click,1,,11,9,20,24,12,,,,,,,,,,,20,01,yes,no,no,2025-08-11_17h25.24.357,EXNAT_4_TMS_Psychopy2024.2.5.psyexp,2024.2.5,2025-08-11 17h29.25.252105 +0200,
0,0,0,,,,,0,0,0,0,,,,,#D292F3,1665.128638267517,False,space,correct rejection,None,470.7796573638916,,5,14,1back_single_main_click,1,,11,9,20,24,12,,,,,,,,,,,20,01,yes,no,no,2025-08-11_17h25.24.357,EXNAT_4_TMS_Psychopy2024.2.5.psyexp,2024.2.5,2025-08-11 17h29.25.252105 +0200,
0,0,0,,,,,0,0,0,0,,,,,#F989A2,1665.8158700466156,False,space,correct rejection,None,487.457275390625,,6,14,1back_single_main_click,1,,11,9,20,24,12,,,,,,,,,,,20,01,yes,no,no,2025-08-11_17h25.24.357,EXNAT_4_TMS_Psychopy2024.2.5.psyexp,2024.2.5,2025-08-11 17h29.25.252105 +0200,
0,0,0,,,,,0,0,0,0,,,,,#88BA3F,1666.520296573639,False,space,correct rejection,None,455.1360607147217,,7,14,1back_single_main_click,1,,11,9,20,24,12,,,,,,,,,,,20,01,yes,no,no,2025-08-11_17h25.24.357,EXNAT_4_TMS_Psychopy2024.2.5.psyexp,2024.2.5,2025-08-11 17h29.25.252105 +0200,
0,0,0,,,,,0,0,0,0,,,,,#F989A2,1667.1980600357056,False,space,correct rejection,None,449.3451118469238,,8,14,1back_single_main_click,1,,11,9,20,24,12,,,,,,,,,,,20,01,yes,no,no,2025-08-11_17h25.24.357,EXNAT_4_TMS_Psychopy2024.2.5.psyexp,2024.2.5,2025-08-11 17h29.25.252105 +0200,
0,0,0,,,,,0,0,0,0,,,,,#F989A2,1667.8713641166687,True,l,hit,511.92355155944824,799.7634410858154,,9,14,1back_single_main_click,1,,11,10,21,24,12,1667.9324374198914,,,,,,,,,,20,01,yes,no,no,2025-08-11_17h25.24.357,EXNAT_4_TMS_Psychopy2024.2.5.psyexp,2024.2.5,2025-08-11 17h29.25.252105 +0200,
0,0,0,,,,,0,0,0,0,,,,,#2AB7EF,1668.8952322006226,False,space,correct rejection,None,416.0332679748535,,10,14,1back_single_main_click,1,,11,10,21,24,12,,,,,,,,,,,20,01,yes,no,no,2025-08-11_17h25.24.357,EXNAT_4_TMS_Psychopy2024.2.5.psyexp,2024.2.5,2025-08-11 17h29.25.252105 +0200,
0,0,0,,,,,0,0,0,0,,,,,#D292F3,1669.5356602668762,False,space,correct rejection,None,479.6595573425293,,11,14,1back_single_main_click,1,,11,10,21,24,12,,,,,,,,,,,20,01,yes,no,no,2025-08-11_17h25.24.357,EXNAT_4_TMS_Psychopy2024.2.5.psyexp,2024.2.5,2025-08-11 17h29.25.252105 +0200,
0,0,0,,,,,0,0,0,0,,,,,#88BA3F,1670.2392394542694,False,space,correct rejection,None,464.2071723937988,,12,14,1back_single_main_click,1,,11,10,21,24,12,,,,,,,,,,,20,01,yes,no,no,2025-08-11_17h25.24.357,EXNAT_4_TMS_Psychopy2024.2.5.psyexp,2024.2.5,2025-08-11 17h29.25.252105 +0200,
0,0,0,,,,,0,0,0,0,,,,,#F989A2,1670.9269952774048,False,space,correct rejection,None,416.4621829986572,,13,14,1back_single_main_click,1,,11,10,21,24,12,,,,,,,,,,,20,01,yes,no,no,2025-08-11_17h25.24.357,EXNAT_4_TMS_Psychopy2024.2.5.psyexp,2024.2.5,2025-08-11 17h29.25.252105 +0200,
0,0,0,,,,,0,0,0,0,,,,,#2AB7EF,1671.5673828125,False,space,correct rejection,None,479.95924949645996,,14,14,1back_single_main_click,1,,11,10,21,24,12,,,,,,,,,,,20,01,yes,no,no,2025-08-11_17h25.24.357,EXNAT_4_TMS_Psychopy2024.2.5.psyexp,2024.2.5,2025-08-11 17h29.25.252105 +0200,
0,0,0,,,,,0,0,0,0,,,,,#88BA3F,1672.270557641983,False,space,correct rejection,None,432.7666759490967,,15,14,1back_single_main_click,1,,11,10,21,24,12,,,,,,,,,,,20,01,yes,no,no,2025-08-11_17h25.24.357,EXNAT_4_TMS_Psychopy2024.2.5.psyexp,2024.2.5,2025-08-11 17h29.25.252105 +0200,
0,0,0,,,,,0,0,0,0,,,,,#D292F3,1672.9273750782013,False,space,correct rejection,None,416.0630702972412,,16,14,1back_single_main_click,1,,12,10,22,24,12,1672.9835073947906,,,,,,,,,,20,01,yes,no,no,2025-08-11_17h25.24.357,EXNAT_4_TMS_Psychopy2024.2.5.psyexp,2024.2.5,2025-08-11 17h29.25.252105 +0200,
0,0,0,,,,,0,0,0,0,,,,,#F989A2,1673.566680431366,False,space,correct rejection,None,768.7573432922363,,17,14,1back_single_main_click,1,,12,10,22,24,12,,,,,,,,,,,20,01,yes,no,no,2025-08-11_17h25.24.357,EXNAT_4_TMS_Psychopy2024.2.5.psyexp,2024.2.5,2025-08-11 17h29.25.252105 +0200,
0,0,0,,,,,0,0,0,0,,,,,#88BA3F,1674.559000492096,False,space,correct rejection,None,528.4993648529053,,18,14,1back_single_main_click,1,,12,10,22,24,12,,,,,,,,,,,20,01,yes,no,no,2025-08-11_17h25.24.357,EXNAT_4_TMS_Psychopy2024.2.5.psyexp,2024.2.5,2025-08-11 17h29.25.252105 +0200,
0,0,0,,,,,0,0,0,0,,,,,#2AB7EF,1675.3113157749176,False,space,correct rejection,None,480.19933700561523,,19,14,1back_single_main_click,1,,12,10,22,24,12,,,,,,,,,,,20,01,yes,no,no,2025-08-11_17h25.24.357,EXNAT_4_TMS_Psychopy2024.2.5.psyexp,2024.2.5,2025-08-11 17h29.25.252105 +0200,
0,0,0,,,,,0,0,0,0,,,,,#2AB7EF,1676.0148396492004,True,l,hit,656.7134857177734,944.5879459381104,,20,14,1back_single_main_click,1,,12,10,22,24,12,,,,,,,,,,,20,01,yes,no,no,2025-08-11_17h25.24.357,EXNAT_4_TMS_Psychopy2024.2.5.psyexp,2024.2.5,2025-08-11 17h29.25.252105 +0200,
0,0,0,,,,,0,0,0,0,,,,,#D292F3,1677.1831471920013,False,space,correct rejection,None,400.13861656188965,,21,14,1back_single_main_click,1,,12,10,22,24,12,,,,,,,,,,,20,01,yes,no,no,2025-08-11_17h25.24.357,EXNAT_4_TMS_Psychopy2024.2.5.psyexp,2024.2.5,2025-08-11 17h29.25.252105 +0200,
0,0,0,,,,,0,0,0,0,,,,,#D292F3,1677.8071098327637,True,l,hit,480.4725646972656,752.117395401001,,22,14,1back_single_main_click,1,,12,11,23,24,12,1677.9834597110748,,,,,,,,,,20,01,yes,no,no,2025-08-11_17h25.24.357,EXNAT_4_TMS_Psychopy2024.2.5.psyexp,2024.2.5,2025-08-11 17h29.25.252105 +0200,
0,0,0,,,,,0,0,0,0,,,,,#F989A2,1678.7830007076263,False,space,correct rejection,None,448.43530654907227,,23,14,1back_single_main_click,1,,12,11,23,24,12,,,,,,,,,,,20,01,yes,no,no,2025-08-11_17h25.24.357,EXNAT_4_TMS_Psychopy2024.2.5.psyexp,2024.2.5,2025-08-11 17h29.25.252105 +0200,
0,0,0,,,,,0,0,0,0,,,,,#88BA3F,1679.4552693367004,False,space,correct rejection,None,512.1915340423584,,24,14,1back_single_main_click,1,,12,11,23,24,12,,,,,,,,,,,20,01,yes,no,no,2025-08-11_17h25.24.357,EXNAT_4_TMS_Psychopy2024.2.5.psyexp,2024.2.5,2025-08-11 17h29.25.252105 +0200,
0,0,0,,,,,0,0,0,0,,,,,#F989A2,1680.1912519931793,False,space,correct rejection,None,384.1395378112793,,25,14,1back_single_main_click,1,,12,11,23,24,12,,,,,,,,,,,20,01,yes,no,no,2025-08-11_17h25.24.357,EXNAT_4_TMS_Psychopy2024.2.5.psyexp,2024.2.5,2025-08-11 17h29.25.252105 +0200,
0,0,0,,,,,0,0,0,0,,,,,#F989A2,1680.7988913059235,True,l,hit,496.6146945953369,768.4252262115479,,26,14,1back_single_main_click,1,,12,11,23,24,12,,,,,,,,,,,20,01,yes,no,no,2025-08-11_17h25.24.357,EXNAT_4_TMS_Psychopy2024.2.5.psyexp,2024.2.5,2025-08-11 17h29.25.252105 +0200,
0,0,0,,,,,0,0,0,0,,,,,#88BA3F,1681.791118144989,False,space,correct rejection,None,576.3158798217773,,27,14,1back_single_main_click,1,,12,11,23,24,12,,,,,,,,,,,20,01,yes,no,no,2025-08-11_17h25.24.357,EXNAT_4_TMS_Psychopy2024.2.5.psyexp,2024.2.5,2025-08-11 17h29.25.252105 +0200,
0,0,0,,,,,0,0,0,0,,,,,#D292F3,1682.59113073349,False,space,correct rejection,None,592.3738479614258,,28,14,1back_single_main_click,1,,12,11,23,24,12,,,,,,,,,,,20,01,yes,no,no,2025-08-11_17h25.24.357,EXNAT_4_TMS_Psychopy2024.2.5.psyexp,2024.2.5,2025-08-11 17h29.25.252105 +0200,
0,0,0,,,,,0,0,0,0,,,,,#D292F3,1683.4068627357483,True,l,hit,576.6549110412598,912.3222827911377,,29,14,1back_single_main_click,1,,12,12,24,24,inf,1683.466766834259,,,,,,,,,,20,01,yes,no,no,2025-08-11_17h25.24.357,EXNAT_4_TMS_Psychopy2024.2.5.psyexp,2024.2.5,2025-08-11 17h29.25.252105 +0200,
0,0,0,,,,,0,0,0,0,,,,,#F989A2,1684.5442187786102,False,space,correct rejection,None,607.0401668548584,,30,14,1back_single_main_click,1,,12,12,24,24,inf,,,,,,,,,,,20,01,yes,no,no,2025-08-11_17h25.24.357,EXNAT_4_TMS_Psychopy2024.2.5.psyexp,2024.2.5,2025-08-11 17h29.25.252105 +0200,
0,0,0,,,,,0,0,0,0,,,,,#2AB7EF,1685.3754696846008,False,space,correct rejection,None,895.949125289917,,31,14,1back_single_main_click,1,,12,12,24,24,inf,,,,,,,,,,,20,01,yes,no,no,2025-08-11_17h25.24.357,EXNAT_4_TMS_Psychopy2024.2.5.psyexp,2024.2.5,2025-08-11 17h29.25.252105 +0200,
0,0,0,,,,,0,0,0,0,,,,,#88BA3F,1686.494891166687,False,space,correct rejection,None,960.5903625488281,,32,14,1back_single_main_click,1,,12,12,24,24,inf,,,,,,,,,,,20,01,yes,no,no,2025-08-11_17h25.24.357,EXNAT_4_TMS_Psychopy2024.2.5.psyexp,2024.2.5,2025-08-11 17h29.25.252105 +0200,
0,0,0,,,,,0,0,0,0,,,,,#2AB7EF,1687.6791107654572,False,space,correct rejection,None,576.3874053955078,,33,14,1back_single_main_click,1,,12,12,24,24,inf,,,,,,,,,,,20,01,yes,no,no,2025-08-11_17h25.24.357,EXNAT_4_TMS_Psychopy2024.2.5.psyexp,2024.2.5,2025-08-11 17h29.25.252105 +0200,
0,0,0,,,,,0,0,0,0,,,,,#2AB7EF,1688.4796464443207,True,l,hit,463.85645866394043,783.7114334106445,,34,14,1back_single_main_click,1,,12,13,25,24,inf,1688.5335857868195,,,,,,,,,,20,01,yes,no,no,2025-08-11_17h25.24.357,EXNAT_4_TMS_Psychopy2024.2.5.psyexp,2024.2.5,2025-08-11 17h29.25.252105 +0200,
0,0,0,,,,,0,0,0,0,,,,,#88BA3F,1689.4867823123932,False,space,correct rejection,None,352.5960445404053,,35,14,1back_single_main_click,1,,12,13,25,24,inf,,,,,,,,,,,20,01,yes,no,no,2025-08-11_17h25.24.357,EXNAT_4_TMS_Psychopy2024.2.5.psyexp,2024.2.5,2025-08-11 17h29.25.252105 +0200,
0,0,0,,,,,0,0,0,0,,,,,#F989A2,1690.0632791519165,False,space,correct rejection,None,432.24167823791504,,36,14,1back_single_main_click,1,,12,13,25,24,inf,,,,,,,,,,,20,01,yes,no,no,2025-08-11_17h25.24.357,EXNAT_4_TMS_Psychopy2024.2.5.psyexp,2024.2.5,2025-08-11 17h29.25.252105 +0200,
0,0,0,,,,,0,0,0,0,,,,,#88BA3F,1690.7188749313354,False,space,correct rejection,None,592.4437046051025,,37,14,1back_single_main_click,1,,12,13,25,24,inf,,,,,,,,,,,20,01,yes,no,no,2025-08-11_17h25.24.357,EXNAT_4_TMS_Psychopy2024.2.5.psyexp,2024.2.5,2025-08-11 17h29.25.252105 +0200,
0,0,0,,,,,0,0,0,0,,,,,#F989A2,1691.534633398056,False,space,correct rejection,None,464.9639129638672,,38,14,1back_single_main_click,1,,12,13,25,24,inf,,,,,,,,,,,20,01,yes,no,no,2025-08-11_17h25.24.357,EXNAT_4_TMS_Psychopy2024.2.5.psyexp,2024.2.5,2025-08-11 17h29.25.252105 +0200,
0,0,0,,,,,0,0,0,0,,,,,#2AB7EF,1692.2234802246094,False,space,correct rejection,None,400.0411033630371,,39,14,1back_single_main_click,1,,12,13,25,24,inf,,,,,,,,,,,20,01,yes,no,no,2025-08-11_17h25.24.357,EXNAT_4_TMS_Psychopy2024.2.5.psyexp,2024.2.5,2025-08-11 17h29.25.252105 +0200,
0,0,0,,,,,0,0,0,0,,,,,#D292F3,1692.8464860916138,False,space,correct rejection,None,497.0715045928955,,40,14,1back_single_main_click,1,,12,13,25,24,inf,,,,,,,,,,,20,01,yes,no,no,2025-08-11_17h25.24.357,EXNAT_4_TMS_Psychopy2024.2.5.psyexp,2024.2.5,2025-08-11 17h29.25.252105 +0200,
0,0,0,,,,,0,0,0,0,,,,,#88BA3F,1693.5666666030884,False,space,correct rejection,None,448.9014148712158,,41,14,1back_single_main_click,1,,13,13,26,24,inf,1693.620554447174,,,,,,,,,,20,01,yes,no,no,2025-08-11_17h25.24.357,EXNAT_4_TMS_Psychopy2024.2.5.psyexp,2024.2.5,2025-08-11 17h29.25.252105 +0200,
0,0,0,,,,,0,0,0,0,,,,,#2AB7EF,1694.239130973816,False,space,correct rejection,None,432.4209690093994,,42,14,1back_single_main_click,1,,13,13,26,24,inf,,,,,,,,,,,20,01,yes,no,no,2025-08-11_17h25.24.357,EXNAT_4_TMS_Psychopy2024.2.5.psyexp,2024.2.5,2025-08-11 17h29.25.252105 +0200,
0,0,0,,,,,0,0,0,0,,,,,#D292F3,1694.8954169750214,False,space,correct rejection,None,432.0402145385742,,43,14,1back_single_main_click,1,,13,13,26,24,inf,,,,,,,,,,,20,01,yes,no,no,2025-08-11_17h25.24.357,EXNAT_4_TMS_Psychopy2024.2.5.psyexp,2024.2.5,2025-08-11 17h29.25.252105 +0200,
0,0,0,,,,,0,0,0,0,,,,,#F989A2,1695.5507309436798,False,space,correct rejection,None,464.8709297180176,,44,14,1back_single_main_click,1,,13,13,26,24,inf,,,,,,,,,,,20,01,yes,no,no,2025-08-11_17h25.24.357,EXNAT_4_TMS_Psychopy2024.2.5.psyexp,2024.2.5,2025-08-11 17h29.25.252105 +0200,
0,0,0,,,,,0,0,0,0,,,,,#88BA3F,1696.2394850254059,False,space,correct rejection,None,527.9300212860107,,45,14,1back_single_main_click,1,,13,13,26,24,inf,,,,,,,,,,,20,01,yes,no,no,2025-08-11_17h25.24.357,EXNAT_4_TMS_Psychopy2024.2.5.psyexp,2024.2.5,2025-08-11 17h29.25.252105 +0200,
0,0,0,,,,,0,0,0,0,,,,,#2AB7EF,1696.9908492565155,False,space,correct rejection,None,544.5237159729004,,46,14,1back_single_main_click,1,,13,13,26,24,inf,,,,,,,,,,,20,01,yes,no,no,2025-08-11_17h25.24.357,EXNAT_4_TMS_Psychopy2024.2.5.psyexp,2024.2.5,2025-08-11 17h29.25.252105 +0200,
0,0,0,,,,,0,0,0,0,,,,,#2AB7EF,1697.7592754364014,True,l,hit,560.0032806396484,944.0426826477051,,47,14,1back_single_main_click,1,,13,14,27,24,inf,1698.620483636856,,,,,,,,,,20,01,yes,no,no,2025-08-11_17h25.24.357,EXNAT_4_TMS_Psychopy2024.2.5.psyexp,2024.2.5,2025-08-11 17h29.25.252105 +0200,
0,0,0,,,,,0,0,0,0,,,,,#88BA3F,1698.9265596866608,False,space,correct rejection,None,576.9095420837402,,48,14,1back_single_main_click,1,,13,14,27,24,inf,,,,,,,,,,,20,01,yes,no,no,2025-08-11_17h25.24.357,EXNAT_4_TMS_Psychopy2024.2.5.psyexp,2024.2.5,2025-08-11 17h29.25.252105 +0200,
0,0,0,,,,,0,0,0,0,,,,,#88BA3F,1699.7267775535583,True,l,hit,464.57886695861816,720.5729484558105,,49,14,1back_single_main_click,1,,13,14,27,24,inf,,,,,,,,,,,20,01,yes,no,no,2025-08-11_17h25.24.357,EXNAT_4_TMS_Psychopy2024.2.5.psyexp,2024.2.5,2025-08-11 17h29.25.252105 +0200,
0,0,0,,,,,0,0,0,0,,,,,#D292F3,1700.6711280345917,False,space,correct rejection,None,384.3648433685303,,50,14,1back_single_main_click,1,,13,14,27,24,inf,,,,,,,,,,,20,01,yes,no,no,2025-08-11_17h25.24.357,EXNAT_4_TMS_Psychopy2024.2.5.psyexp,2024.2.5,2025-08-11 17h29.25.252105 +0200,
0,0,0,,,,,0,0,0,0,,,,,#88BA3F,1701.2792210578918,False,space,correct rejection,None,496.274471282959,,51,14,1back_single_main_click,1,,13,14,27,24,inf,,,,,,,,,,,20,01,yes,no,no,2025-08-11_17h25.24.357,EXNAT_4_TMS_Psychopy2024.2.5.psyexp,2024.2.5,2025-08-11 17h29.25.252105 +0200,
0,0,0,,,,,0,0,0,0,,,,,#F989A2,1701.9987466335297,False,space,correct rejection,None,512.7384662628174,,52,14,1back_single_main_click,1,,13,14,27,24,inf,,,,,,,,,,,20,01,yes,no,no,2025-08-11_17h25.24.357,EXNAT_4_TMS_Psychopy2024.2.5.psyexp,2024.2.5,2025-08-11 17h29.25.252105 +0200,
0,0,0,,,,,0,0,0,0,,,,,#F989A2,1702.7360265254974,True,space,miss,None,575.298547744751,,53,14,1back_single_main_click,1,,13,14,27,24,inf,,,,,,,,,,,20,01,yes,no,no,2025-08-11_17h25.24.357,EXNAT_4_TMS_Psychopy2024.2.5.psyexp,2024.2.5,2025-08-11 17h29.25.252105 +0200,
0,0,0,,,,,0,0,0,0,,,,,#D292F3,1703.5346069335938,False,space,correct rejection,None,512.8436088562012,,54,14,1back_single_main_click,1,,14,14,28,24,inf,1703.6204957962036,,,,,,,,,,20,01,yes,no,no,2025-08-11_17h25.24.357,EXNAT_4_TMS_Psychopy2024.2.5.psyexp,2024.2.5,2025-08-11 17h29.25.252105 +0200,
0,0,0,,,,,0,0,0,0,,,,,#88BA3F,1704.2715435028076,False,space,correct rejection,None,447.8497505187988,,55,14,1back_single_main_click,1,,14,14,28,24,inf,,,,,,,,,,,20,01,yes,no,no,2025-08-11_17h25.24.357,EXNAT_4_TMS_Psychopy2024.2.5.psyexp,2024.2.5,2025-08-11 17h29.25.252105 +0200,
0,0,0,,,,,0,0,0,0,,,,,#2AB7EF,1704.9428145885468,False,space,correct rejection,None,480.7424545288086,,56,14,1back_single_main_click,1,,14,14,28,24,inf,,,,,,,,,,,20,01,yes,no,no,2025-08-11_17h25.24.357,EXNAT_4_TMS_Psychopy2024.2.5.psyexp,2024.2.5,2025-08-11 17h29.25.252105 +0200,
0,0,0,,,,,0,0,0,0,,,,,#2AB7EF,1705.6472220420837,True,l,hit,608.1597805023193,975.9845733642578,,57,14,1back_single_main_click,1,,14,14,28,24,inf,,,,,,,,,,,20,01,yes,no,no,2025-08-11_17h25.24.357,EXNAT_4_TMS_Psychopy2024.2.5.psyexp,2024.2.5,2025-08-11 17h29.25.252105 +0200,
0,0,0,,,,,0,0,0,0,,,,,#2AB7EF,1706.8467228412628,True,space,miss,None,448.53711128234863,,58,14,1back_single_main_click,1,,14,14,28,24,inf,,,,,,,,,,,20,01,yes,no,no,2025-08-11_17h25.24.357,EXNAT_4_TMS_Psychopy2024.2.5.psyexp,2024.2.5,2025-08-11 17h29.25.252105 +0200,
0,0,0,,,,,0,0,0,0,,,,,#D292F3,1707.5195269584656,False,space,correct rejection,None,1375.9078979492188,,59,14,1back_single_main_click,1,,15,14,29,24,inf,1708.620491027832,,,,,,,,,,20,01,yes,no,no,2025-08-11_17h25.24.357,EXNAT_4_TMS_Psychopy2024.2.5.psyexp,2024.2.5,2025-08-11 17h29.25.252105 +0200,
0,0,0,,,,,0,0,0,0,,,,,#F989A2,1709.119402885437,False,space,correct rejection,None,784.0404510498047,,60,14,1back_single_main_click,1,,15,14,29,24,inf,,,,,,,,,,,20,01,yes,no,no,2025-08-11_17h25.24.357,EXNAT_4_TMS_Psychopy2024.2.5.psyexp,2024.2.5,2025-08-11 17h29.25.252105 +0200,
0,0,0,,,,,0,0,0,0,,,,,,,,,,,,,,,,,,,,,,,,,,,,,1710.2653687000275,1710.2653918266296,,,20,01,yes,no,no,2025-08-11_17h25.24.357,EXNAT_4_TMS_Psychopy2024.2.5.psyexp,2024.2.5,2025-08-11 17h29.25.252105 +0200,
1,0,1,,,,,1,0,1,0,1710.2895102500916,,,,,,,,,,,,,,,,,,,,,,,,,,,,1710.2655115127563,1710.2656919956207,,,20,01,yes,no,no,2025-08-11_17h25.24.357,EXNAT_4_TMS_Psychopy2024.2.5.psyexp,2024.2.5,2025-08-11 17h29.25.252105 +0200,
2,0,2,,,,,2,0,2,0,1710.2895102500916,,,,,,,,,,,,,,,,,,,,,,,,,,,,1710.2657618522644,1710.265820980072,,,20,01,yes,no,no,2025-08-11_17h25.24.357,EXNAT_4_TMS_Psychopy2024.2.5.psyexp,2024.2.5,2025-08-11 17h29.25.252105 +0200,
3,0,3,,,,,3,0,3,0,1710.2895102500916,,,,,,,,,,,,,,,,,,,,,,,,,,,,1710.2658874988556,1710.265945672989,,,20,01,yes,no,no,2025-08-11_17h25.24.357,EXNAT_4_TMS_Psychopy2024.2.5.psyexp,2024.2.5,2025-08-11 17h29.25.252105 +0200,
4,0,4,,,,,4,0,4,0,1710.2895102500916,,,,,,,,,,,,,,,,,,,,,,,,,,,,1710.2660093307495,1710.2660765647888,,,20,01,yes,no,no,2025-08-11_17h25.24.357,EXNAT_4_TMS_Psychopy2024.2.5.psyexp,2024.2.5,2025-08-11 17h29.25.252105 +0200,
,,,,,,,,,,,,,,,,,,,,,,,,,,,,,,,,,,,,,,,,,1718.5254130363464,1718.525650024414,20,01,yes,no,no,2025-08-11_17h25.24.357,EXNAT_4_TMS_Psychopy2024.2.5.psyexp,2024.2.5,2025-08-11 17h29.25.252105 +0200,
