thisN,thisTrialN,thisRepN,trials.thisRepN,trials.thisTrialN,trials.thisN,trials.thisIndex,loop_nback.thisRepN,loop_nback.thisTrialN,loop_nback.thisN,loop_nback.thisIndex,thisRow.t,notes,settings.started,settings.stopped,colour,global_onset_time,target,button_pressed,nback_response,nback_RT,RT,text_nr,trial_nr,block_nr_exp,block_name,n-back_level,word,nontarget_triggers_sent_this_condition,target_triggers_sent_this_condition,total_triggers_sent_this_condition,minimum_triggers_this_condition,maximum_triggers_this_block,trigger_time,question,chosen_ans,ans_correct,reading_self_paced.started,reading_self_paced.stopped,nback_self_paced.started,nback_self_paced.stopped,end.started,end.stopped,participant,session,TMS_port,testing_mode,skip_reading,date,expName,psychopyVersion,expStart,
,,,,,,,,,,,,,0.07171440124511719,0.07201290130615234,,,,,,,,,,,,,,,,,,,,,,,,,,,,,06,01,yes,no,no,2025-06-25_14h18.15.835,EXNAT_4_TMS_Psychopy2024.2.5.psyexp,2024.2.5,2025-06-25 14h21.58.968910 +0200,
0,0,0,0,0,0,0,,,,,0.36608171463012695,,,,#F989A2,33.224149227142334,False,space,correct rejection,None,1487.004041671753,text_15,1,1,2back_dual_main_click,2,Im,0,0,0,120,60,,,,,,,,,,,06,01,yes,no,no,2025-06-25_14h18.15.835,EXNAT_4_TMS_Psychopy2024.2.5.psyexp,2024.2.5,2025-06-25 14h21.58.968910 +0200,
0,0,0,0,0,0,0,,,,,,,,,#2AB7EF,34.74792838096619,False,space,correct rejection,None,555.2773475646973,text_15,2,1,2back_dual_main_click,2,Jahr,1,0,1,120,60,34.799445390701294,,,,,,,,,,06,01,yes,no,no,2025-06-25_14h18.15.835,EXNAT_4_TMS_Psychopy2024.2.5.psyexp,2024.2.5,2025-06-25 14h21.58.968910 +0200,
0,0,0,0,0,0,0,,,,,,,,,#D292F3,35.34094953536987,False,space,correct rejection,None,730.3075790405273,text_15,3,1,2back_dual_main_click,2,1841,1,0,1,120,60,,,,,,,,,,,06,01,yes,no,no,2025-06-25_14h18.15.835,EXNAT_4_TMS_Psychopy2024.2.5.psyexp,2024.2.5,2025-06-25 14h21.58.968910 +0200,
0,0,0,0,0,0,0,,,,,,,,,#88BA3F,36.112735748291016,False,space,correct rejection,None,598.5093116760254,text_15,4,1,2back_dual_main_click,2,organisierte,1,0,1,120,60,,,,,,,,,,,06,01,yes,no,no,2025-06-25_14h18.15.835,EXNAT_4_TMS_Psychopy2024.2.5.psyexp,2024.2.5,2025-06-25 14h21.58.968910 +0200,
0,0,0,0,0,0,0,,,,,,,,,#D292F3,36.748297452926636,True,l,hit,1194.9985027313232,1498.7452030181885,text_15,5,1,2back_dual_main_click,2,der,1,0,1,120,60,,,,,,,,,,,06,01,yes,no,no,2025-06-25_14h18.15.835,EXNAT_4_TMS_Psychopy2024.2.5.psyexp,2024.2.5,2025-06-25 14h21.58.968910 +0200,
0,0,0,0,0,0,0,,,,,,,,,#88BA3F,38.30105996131897,True,space,miss,None,810.2188110351562,text_15,6,1,2back_dual_main_click,2,Prediger,1,0,1,120,60,,,,,,,,,,,06,01,yes,no,no,2025-06-25_14h18.15.835,EXNAT_4_TMS_Psychopy2024.2.5.psyexp,2024.2.5,2025-06-25 14h21.58.968910 +0200,
0,0,0,0,0,0,0,,,,,,,,,#2AB7EF,39.16644644737244,False,space,correct rejection,None,616.7707443237305,text_15,7,1,2back_dual_main_click,2,Thomas,1,0,1,120,60,,,,,,,,,,,06,01,yes,no,no,2025-06-25_14h18.15.835,EXNAT_4_TMS_Psychopy2024.2.5.psyexp,2024.2.5,2025-06-25 14h21.58.968910 +0200,
0,0,0,0,0,0,0,,,,,,,,,#88BA3F,39.83857321739197,True,l,hit,1000.6401538848877,1272.6914882659912,text_15,8,1,2back_dual_main_click,2,Cook,1,1,2,120,60,39.89082074165344,,,,,,,,,,06,01,yes,no,no,2025-06-25_14h18.15.835,EXNAT_4_TMS_Psychopy2024.2.5.psyexp,2024.2.5,2025-06-25 14h21.58.968910 +0200,
0,0,0,0,0,0,0,,,,,,,,,#F989A2,41.166494607925415,False,space,correct rejection,None,1048.8104820251465,text_15,9,1,2back_dual_main_click,2,eine,1,1,2,120,60,,,,,,,,,,,06,01,yes,no,no,2025-06-25_14h18.15.835,EXNAT_4_TMS_Psychopy2024.2.5.psyexp,2024.2.5,2025-06-25 14h21.58.968910 +0200,
0,0,0,0,0,0,0,,,,,,,,,#D292F3,42.27299880981445,False,space,correct rejection,None,822.3025798797607,text_15,10,1,2back_dual_main_click,2,Zugreise,1,1,2,120,60,,,,,,,,,,,06,01,yes,no,no,2025-06-25_14h18.15.835,EXNAT_4_TMS_Psychopy2024.2.5.psyexp,2024.2.5,2025-06-25 14h21.58.968910 +0200,
0,0,0,0,0,0,0,,,,,,,,,#2AB7EF,43.14982604980469,False,space,correct rejection,None,633.4583759307861,text_15,11,1,2back_dual_main_click,2,zu,1,1,2,120,60,,,,,,,,,,,06,01,yes,no,no,2025-06-25_14h18.15.835,EXNAT_4_TMS_Psychopy2024.2.5.psyexp,2024.2.5,2025-06-25 14h21.58.968910 +0200,
0,0,0,0,0,0,0,,,,,,,,,#F989A2,43.83907723426819,False,space,correct rejection,None,824.1167068481445,text_15,12,1,2back_dual_main_click,2,einer,1,1,2,120,60,,,,,,,,,,,06,01,yes,no,no,2025-06-25_14h18.15.835,EXNAT_4_TMS_Psychopy2024.2.5.psyexp,2024.2.5,2025-06-25 14h21.58.968910 +0200,
0,0,0,0,0,0,0,,,,,,,,,#88BA3F,44.72013235092163,False,space,correct rejection,None,1207.097053527832,text_15,13,1,2back_dual_main_click,2,Anti-Alkohol-Kundgebung,2,1,3,120,60,44.89075207710266,,,,,,,,,,06,01,yes,no,no,2025-06-25_14h18.15.835,EXNAT_4_TMS_Psychopy2024.2.5.psyexp,2024.2.5,2025-06-25 14h21.58.968910 +0200,
0,0,0,0,0,0,0,,,,,,,,,#D292F3,45.98203945159912,False,space,correct rejection,None,793.2929992675781,text_15,14,1,2back_dual_main_click,2,und,2,1,3,120,60,,,,,,,,,,,06,01,yes,no,no,2025-06-25_14h18.15.835,EXNAT_4_TMS_Psychopy2024.2.5.psyexp,2024.2.5,2025-06-25 14h21.58.968910 +0200,
0,0,0,0,0,0,0,,,,,,,,,#2AB7EF,46.8315224647522,False,space,correct rejection,None,919.7099208831787,text_15,15,1,2back_dual_main_click,2,initiierte,2,1,3,120,60,,,,,,,,,,,06,01,yes,no,no,2025-06-25_14h18.15.835,EXNAT_4_TMS_Psychopy2024.2.5.psyexp,2024.2.5,2025-06-25 14h21.58.968910 +0200,
0,0,0,0,0,0,0,,,,,,,,,#2AB7EF,47.79149580001831,False,space,correct rejection,None,791.9566631317139,text_15,16,1,2back_dual_main_click,2,damit,2,1,3,120,60,,,,,,,,,,,06,01,yes,no,no,2025-06-25_14h18.15.835,EXNAT_4_TMS_Psychopy2024.2.5.psyexp,2024.2.5,2025-06-25 14h21.58.968910 +0200,
0,0,0,0,0,0,0,,,,,,,,,#F989A2,48.62367057800293,False,space,correct rejection,None,919.5444583892822,text_15,17,1,2back_dual_main_click,2,den,2,1,3,120,60,,,,,,,,,,,06,01,yes,no,no,2025-06-25_14h18.15.835,EXNAT_4_TMS_Psychopy2024.2.5.psyexp,2024.2.5,2025-06-25 14h21.58.968910 +0200,
0,0,0,0,0,0,0,,,,,,,,,#88BA3F,49.58595585823059,False,space,correct rejection,None,981.4035892486572,text_15,18,1,2back_dual_main_click,2,Massentourismus.,3,1,4,120,60,49.89078187942505,,,,,,,,,,06,01,yes,no,no,2025-06-25_14h18.15.835,EXNAT_4_TMS_Psychopy2024.2.5.psyexp,2024.2.5,2025-06-25 14h21.58.968910 +0200,
0,0,0,0,0,0,0,,,,,,,,,#F989A2,50.60824918746948,True,space,miss,None,1078.95827293396,text_15,19,1,2back_dual_main_click,2,Für,3,1,4,120,60,,,,,,,,,,,06,01,yes,no,no,2025-06-25_14h18.15.835,EXNAT_4_TMS_Psychopy2024.2.5.psyexp,2024.2.5,2025-06-25 14h21.58.968910 +0200,
0,0,0,0,0,0,0,,,,,,,,,#F989A2,51.72484588623047,False,space,correct rejection,None,794.4278717041016,text_15,20,1,2back_dual_main_click,2,einen,3,1,4,120,60,,,,,,,,,,,06,01,yes,no,no,2025-06-25_14h18.15.835,EXNAT_4_TMS_Psychopy2024.2.5.psyexp,2024.2.5,2025-06-25 14h21.58.968910 +0200,
0,0,0,0,0,0,0,,,,,,,,,#2AB7EF,52.5599410533905,False,space,correct rejection,None,983.4065437316895,text_15,21,1,2back_dual_main_click,2,Schilling,3,1,4,120,60,,,,,,,,,,,06,01,yes,no,no,2025-06-25_14h18.15.835,EXNAT_4_TMS_Psychopy2024.2.5.psyexp,2024.2.5,2025-06-25 14h21.58.968910 +0200,
0,0,0,0,0,0,0,,,,,,,,,#88BA3F,53.59762477874756,False,space,correct rejection,None,857.7322959899902,text_15,22,1,2back_dual_main_click,2,konnten,3,1,4,120,60,,,,,,,,,,,06,01,yes,no,no,2025-06-25_14h18.15.835,EXNAT_4_TMS_Psychopy2024.2.5.psyexp,2024.2.5,2025-06-25 14h21.58.968910 +0200,
0,0,0,0,0,0,0,,,,,,,,,#D292F3,54.510045289993286,False,space,correct rejection,None,985.1691722869873,text_15,23,1,2back_dual_main_click,2,auch,3,1,4,120,60,,,,,,,,,,,06,01,yes,no,no,2025-06-25_14h18.15.835,EXNAT_4_TMS_Psychopy2024.2.5.psyexp,2024.2.5,2025-06-25 14h21.58.968910 +0200,
0,0,0,0,0,0,0,,,,,,,,,#D292F3,55.5497260093689,False,space,correct rejection,None,553.6372661590576,text_15,24,1,2back_dual_main_click,2,weniger,3,1,4,120,60,,,,,,,,,,,06,01,yes,no,no,2025-06-25_14h18.15.835,EXNAT_4_TMS_Psychopy2024.2.5.psyexp,2024.2.5,2025-06-25 14h21.58.968910 +0200,
0,0,0,0,0,0,0,,,,,,,,,#2AB7EF,56.16186738014221,False,space,correct rejection,None,821.4938640594482,text_15,25,1,2back_dual_main_click,2,wohlhabende,3,1,4,120,60,,,,,,,,,,,06,01,yes,no,no,2025-06-25_14h18.15.835,EXNAT_4_TMS_Psychopy2024.2.5.psyexp,2024.2.5,2025-06-25 14h21.58.968910 +0200,
0,0,0,0,0,0,0,,,,,,,,,#F989A2,57.0390522480011,False,l,false alarm,872.3595142364502,1224.1926193237305,text_15,26,1,2back_dual_main_click,2,Menschen,3,1,4,120,60,,,,,,,,,,,06,01,yes,no,no,2025-06-25_14h18.15.835,EXNAT_4_TMS_Psychopy2024.2.5.psyexp,2024.2.5,2025-06-25 14h21.58.968910 +0200,
0,0,0,0,0,0,0,,,,,,,,,#D292F3,58.31743764877319,False,space,correct rejection,None,729.9494743347168,text_15,27,1,2back_dual_main_click,2,reisen.,3,1,4,120,60,,,,,,,,,,,06,01,yes,no,no,2025-06-25_14h18.15.835,EXNAT_4_TMS_Psychopy2024.2.5.psyexp,2024.2.5,2025-06-25 14h21.58.968910 +0200,
0,0,0,0,0,0,0,,,,,,,,,#88BA3F,59.102089405059814,False,space,correct rejection,None,777.2030830383301,text_15,28,1,2back_dual_main_click,2,Vier,3,1,4,120,60,,,,,,,,,,,06,01,yes,no,no,2025-06-25_14h18.15.835,EXNAT_4_TMS_Psychopy2024.2.5.psyexp,2024.2.5,2025-06-25 14h21.58.968910 +0200,
0,0,0,0,0,0,0,,,,,,,,,#D292F3,59.934091091156006,True,l,hit,569.3795680999756,969.1982269287109,text_15,29,1,2back_dual_main_click,2,Jahre,3,2,5,120,60,59.98934984207153,,,,,,,,,,06,01,yes,no,no,2025-06-25_14h18.15.835,EXNAT_4_TMS_Psychopy2024.2.5.psyexp,2024.2.5,2025-06-25 14h21.58.968910 +0200,
0,0,0,0,0,0,0,,,,,,,,,#88BA3F,60.95874285697937,True,l,hit,904.6187400817871,1208.514928817749,text_15,30,1,2back_dual_main_click,2,später,3,2,5,120,60,,,,,,,,,,,06,01,yes,no,no,2025-06-25_14h18.15.835,EXNAT_4_TMS_Psychopy2024.2.5.psyexp,2024.2.5,2025-06-25 14h21.58.968910 +0200,
0,0,0,0,0,0,0,,,,,,,,,#2AB7EF,62.22194004058838,False,space,correct rejection,None,793.4420108795166,text_15,31,1,2back_dual_main_click,2,bot,3,2,5,120,60,,,,,,,,,,,06,01,yes,no,no,2025-06-25_14h18.15.835,EXNAT_4_TMS_Psychopy2024.2.5.psyexp,2024.2.5,2025-06-25 14h21.58.968910 +0200,
0,0,0,0,0,0,0,,,,,,,,,#88BA3F,63.070703744888306,True,l,hit,712.7249240875244,1208.5373401641846,text_15,32,1,2back_dual_main_click,2,Cook,3,2,5,120,60,,,,,,,,,,,06,01,yes,no,no,2025-06-25_14h18.15.835,EXNAT_4_TMS_Psychopy2024.2.5.psyexp,2024.2.5,2025-06-25 14h21.58.968910 +0200,
0,0,0,0,0,0,0,,,,,,,,,#F989A2,64.3183114528656,False,space,correct rejection,None,1033.1084728240967,text_15,33,1,2back_dual_main_click,2,eigene,4,2,6,120,60,64.98926854133606,,,,,,,,,,06,01,yes,no,no,2025-06-25_14h18.15.835,EXNAT_4_TMS_Psychopy2024.2.5.psyexp,2024.2.5,2025-06-25 14h21.58.968910 +0200,
0,0,0,0,0,0,0,,,,,,,,,#F989A2,65.39284706115723,False,space,correct rejection,None,678.5266399383545,text_15,34,1,2back_dual_main_click,2,Reisen,4,2,6,120,60,,,,,,,,,,,06,01,yes,no,no,2025-06-25_14h18.15.835,EXNAT_4_TMS_Psychopy2024.2.5.psyexp,2024.2.5,2025-06-25 14h21.58.968910 +0200,
0,0,0,0,0,0,0,,,,,,,,,#D292F3,66.11224150657654,False,space,correct rejection,None,775.2327919006348,text_15,35,1,2back_dual_main_click,2,"an,",4,2,6,120,60,,,,,,,,,,,06,01,yes,no,no,2025-06-25_14h18.15.835,EXNAT_4_TMS_Psychopy2024.2.5.psyexp,2024.2.5,2025-06-25 14h21.58.968910 +0200,
0,0,0,0,0,0,0,,,,,,,,,#2AB7EF,66.92590427398682,False,space,correct rejection,None,985.5697154998779,text_15,36,1,2back_dual_main_click,2,musste,4,2,6,120,60,,,,,,,,,,,06,01,yes,no,no,2025-06-25_14h18.15.835,EXNAT_4_TMS_Psychopy2024.2.5.psyexp,2024.2.5,2025-06-25 14h21.58.968910 +0200,
0,0,0,0,0,0,0,,,,,,,,,#2AB7EF,67.95279955863953,False,space,correct rejection,None,694.5819854736328,text_15,37,1,2back_dual_main_click,2,aber,4,2,6,120,60,,,,,,,,,,,06,01,yes,no,no,2025-06-25_14h18.15.835,EXNAT_4_TMS_Psychopy2024.2.5.psyexp,2024.2.5,2025-06-25 14h21.58.968910 +0200,
0,0,0,0,0,0,0,,,,,,,,,#88BA3F,68.68738913536072,False,space,correct rejection,None,743.7479496002197,text_15,38,1,2back_dual_main_click,2,bald,4,2,6,120,60,,,,,,,,,,,06,01,yes,no,no,2025-06-25_14h18.15.835,EXNAT_4_TMS_Psychopy2024.2.5.psyexp,2024.2.5,2025-06-25 14h21.58.968910 +0200,
0,0,0,0,0,0,0,,,,,,,,,#F989A2,69.47370314598083,False,space,correct rejection,None,757.7497959136963,text_15,39,1,2back_dual_main_click,2,Insolvenz,4,2,6,120,60,,,,,,,,,,,06,01,yes,no,no,2025-06-25_14h18.15.835,EXNAT_4_TMS_Psychopy2024.2.5.psyexp,2024.2.5,2025-06-25 14h21.58.968910 +0200,
0,0,0,0,0,0,0,,,,,,,,,#88BA3F,70.2730884552002,True,l,hit,742.4657344818115,1094.4125652313232,text_15,40,1,2back_dual_main_click,2,anmelden.,4,3,7,120,60,70.32554459571838,,,,,,,,,,06,01,yes,no,no,2025-06-25_14h18.15.835,EXNAT_4_TMS_Psychopy2024.2.5.psyexp,2024.2.5,2025-06-25 14h21.58.968910 +0200,
0,0,0,0,0,0,0,,,,,,,,,#88BA3F,71.4063971042633,False,space,correct rejection,None,1225.0938415527344,text_15,41,1,2back_dual_main_click,2,Er,4,3,7,120,60,,,,,,,,,,,06,01,yes,no,no,2025-06-25_14h18.15.835,EXNAT_4_TMS_Psychopy2024.2.5.psyexp,2024.2.5,2025-06-25 14h21.58.968910 +0200,
0,0,0,0,0,0,0,,,,,,,,,#2AB7EF,72.68750810623169,False,space,correct rejection,None,823.878288269043,text_15,42,1,2back_dual_main_click,2,erholte,4,3,7,120,60,,,,,,,,,,,06,01,yes,no,no,2025-06-25_14h18.15.835,EXNAT_4_TMS_Psychopy2024.2.5.psyexp,2024.2.5,2025-06-25 14h21.58.968910 +0200,
0,0,0,0,0,0,0,,,,,,,,,#D292F3,73.55342411994934,False,space,correct rejection,None,965.9004211425781,text_15,43,1,2back_dual_main_click,2,sich,4,3,7,120,60,,,,,,,,,,,06,01,yes,no,no,2025-06-25_14h18.15.835,EXNAT_4_TMS_Psychopy2024.2.5.psyexp,2024.2.5,2025-06-25 14h21.58.968910 +0200,
0,0,0,0,0,0,0,,,,,,,,,#D292F3,74.56060457229614,False,space,correct rejection,None,742.8383827209473,text_15,44,1,2back_dual_main_click,2,jedoch,4,3,7,120,60,,,,,,,,,,,06,01,yes,no,no,2025-06-25_14h18.15.835,EXNAT_4_TMS_Psychopy2024.2.5.psyexp,2024.2.5,2025-06-25 14h21.58.968910 +0200,
0,0,0,0,0,0,0,,,,,,,,,#2AB7EF,75.343106508255,False,space,correct rejection,None,1464.3735885620117,text_15,45,1,2back_dual_main_click,2,davon,5,3,8,120,60,75.3993399143219,,,,,,,,,,06,01,yes,no,no,2025-06-25_14h18.15.835,EXNAT_4_TMS_Psychopy2024.2.5.psyexp,2024.2.5,2025-06-25 14h21.58.968910 +0200,
0,0,0,0,0,0,0,,,,,,,,,#F989A2,76.84705376625061,False,space,correct rejection,None,1160.1285934448242,text_15,46,1,2back_dual_main_click,2,und,5,3,8,120,60,,,,,,,,,,,06,01,yes,no,no,2025-06-25_14h18.15.835,EXNAT_4_TMS_Psychopy2024.2.5.psyexp,2024.2.5,2025-06-25 14h21.58.968910 +0200,
0,0,0,0,0,0,0,,,,,,,,,#D292F3,78.048752784729,False,space,correct rejection,None,774.4565010070801,text_15,47,1,2back_dual_main_click,2,plante,5,3,8,120,60,,,,,,,,,,,06,01,yes,no,no,2025-06-25_14h18.15.835,EXNAT_4_TMS_Psychopy2024.2.5.psyexp,2024.2.5,2025-06-25 14h21.58.968910 +0200,
0,0,0,0,0,0,0,,,,,,,,,#F989A2,78.86568593978882,True,l,hit,821.6047286987305,1365.3807640075684,text_15,48,1,2back_dual_main_click,2,größere,5,3,8,120,60,,,,,,,,,,,06,01,yes,no,no,2025-06-25_14h18.15.835,EXNAT_4_TMS_Psychopy2024.2.5.psyexp,2024.2.5,2025-06-25 14h21.58.968910 +0200,
0,0,0,0,0,0,0,,,,,,,,,#2AB7EF,80.27094578742981,False,space,correct rejection,None,1096.2631702423096,text_15,49,1,2back_dual_main_click,2,Touren,5,3,8,120,60,,,,,,,,,,,06,01,yes,no,no,2025-06-25_14h18.15.835,EXNAT_4_TMS_Psychopy2024.2.5.psyexp,2024.2.5,2025-06-25 14h21.58.968910 +0200,
0,0,0,0,0,0,0,,,,,,,,,#88BA3F,81.40666675567627,False,space,correct rejection,None,824.7182369232178,text_15,50,1,2back_dual_main_click,2,in,5,3,8,120,60,,,,,,,,,,,06,01,yes,no,no,2025-06-25_14h18.15.835,EXNAT_4_TMS_Psychopy2024.2.5.psyexp,2024.2.5,2025-06-25 14h21.58.968910 +0200,
0,0,0,0,0,0,0,,,,,,,,,#88BA3F,82.27060532569885,False,space,correct rejection,None,728.675365447998,text_15,51,1,2back_dual_main_click,2,die,5,3,8,120,60,,,,,,,,,,,06,01,yes,no,no,2025-06-25_14h18.15.835,EXNAT_4_TMS_Psychopy2024.2.5.psyexp,2024.2.5,2025-06-25 14h21.58.968910 +0200,
0,0,0,0,0,0,0,,,,,,,,,#D292F3,83.03726482391357,False,space,correct rejection,None,921.9264984130859,text_15,52,1,2back_dual_main_click,2,"Alpen,",5,3,8,120,60,,,,,,,,,,,06,01,yes,no,no,2025-06-25_14h18.15.835,EXNAT_4_TMS_Psychopy2024.2.5.psyexp,2024.2.5,2025-06-25 14h21.58.968910 +0200,
0,0,0,0,0,0,0,,,,,,,,,#88BA3F,83.99992156028748,True,space,miss,None,919.2116260528564,text_15,53,1,2back_dual_main_click,2,nach,5,3,8,120,60,,,,,,,,,,,06,01,yes,no,no,2025-06-25_14h18.15.835,EXNAT_4_TMS_Psychopy2024.2.5.psyexp,2024.2.5,2025-06-25 14h21.58.968910 +0200,
0,0,0,0,0,0,0,,,,,,,,,#D292F3,84.95817160606384,True,l,hit,520.986795425415,952.9087543487549,text_15,54,1,2back_dual_main_click,2,Italien,5,3,8,120,60,,,,,,,,,,,06,01,yes,no,no,2025-06-25_14h18.15.835,EXNAT_4_TMS_Psychopy2024.2.5.psyexp,2024.2.5,2025-06-25 14h21.58.968910 +0200,
0,0,0,0,0,0,0,,,,,,,,,#88BA3F,85.9500584602356,True,space,miss,None,745.2986240386963,text_15,55,1,2back_dual_main_click,2,oder,5,4,9,120,60,86.00354218482971,,,,,,,,,,06,01,yes,no,no,2025-06-25_14h18.15.835,EXNAT_4_TMS_Psychopy2024.2.5.psyexp,2024.2.5,2025-06-25 14h21.58.968910 +0200,
0,0,0,0,0,0,0,,,,,,,,,#D292F3,86.73462009429932,True,l,hit,568.5436725616455,1080.726146697998,text_15,56,1,2back_dual_main_click,2,Griechenland.,5,4,9,120,60,,,,,,,,,,,06,01,yes,no,no,2025-06-25_14h18.15.835,EXNAT_4_TMS_Psychopy2024.2.5.psyexp,2024.2.5,2025-06-25 14h21.58.968910 +0200,
0,0,0,0,0,0,0,,,,,,,,,#2AB7EF,87.85635185241699,False,space,correct rejection,None,790.9994125366211,text_15,57,1,2back_dual_main_click,2,"Reisen,",5,4,9,120,60,,,,,,,,,,,06,01,yes,no,no,2025-06-25_14h18.15.835,EXNAT_4_TMS_Psychopy2024.2.5.psyexp,2024.2.5,2025-06-25 14h21.58.968910 +0200,
0,0,0,0,0,0,0,,,,,,,,,#2AB7EF,88.68798780441284,False,space,correct rejection,None,711.1165523529053,text_15,58,1,2back_dual_main_click,2,einst,5,4,9,120,60,,,,,,,,,,,06,01,yes,no,no,2025-06-25_14h18.15.835,EXNAT_4_TMS_Psychopy2024.2.5.psyexp,2024.2.5,2025-06-25 14h21.58.968910 +0200,
0,0,0,0,0,0,0,,,,,,,,,#F989A2,89.43831038475037,False,space,correct rejection,None,681.0855865478516,text_15,59,1,2back_dual_main_click,2,nur,5,4,9,120,60,,,,,,,,,,,06,01,yes,no,no,2025-06-25_14h18.15.835,EXNAT_4_TMS_Psychopy2024.2.5.psyexp,2024.2.5,2025-06-25 14h21.58.968910 +0200,
0,0,0,0,0,0,0,,,,,,,,,#F989A2,90.15952396392822,False,space,correct rejection,None,679.6755790710449,text_15,60,1,2back_dual_main_click,2,dem,5,4,9,120,60,,,,,,,,,,,06,01,yes,no,no,2025-06-25_14h18.15.835,EXNAT_4_TMS_Psychopy2024.2.5.psyexp,2024.2.5,2025-06-25 14h21.58.968910 +0200,
0,0,0,0,0,0,0,,,,,,,,,#2AB7EF,90.8793740272522,False,l,false alarm,919.8544025421143,1479.7308444976807,text_15,61,1,2back_dual_main_click,2,Adel,6,4,10,120,60,91.00367259979248,,,,,,,,,,06,01,yes,no,no,2025-06-25_14h18.15.835,EXNAT_4_TMS_Psychopy2024.2.5.psyexp,2024.2.5,2025-06-25 14h21.58.968910 +0200,
0,0,0,0,0,0,0,,,,,,,,,#D292F3,92.3979344367981,False,space,correct rejection,None,1561.406135559082,text_15,62,1,2back_dual_main_click,2,"vorbehalten,",6,4,10,120,60,,,,,,,,,,,06,01,yes,no,no,2025-06-25_14h18.15.835,EXNAT_4_TMS_Psychopy2024.2.5.psyexp,2024.2.5,2025-06-25 14h21.58.968910 +0200,
0,0,0,0,0,0,0,,,,,,,,,#88BA3F,93.99948906898499,False,space,correct rejection,None,599.6818542480469,text_15,63,1,2back_dual_main_click,2,wurde,6,4,10,120,60,,,,,,,,,,,06,01,yes,no,no,2025-06-25_14h18.15.835,EXNAT_4_TMS_Psychopy2024.2.5.psyexp,2024.2.5,2025-06-25 14h21.58.968910 +0200,
0,0,0,0,0,0,0,,,,,,,,,#88BA3F,94.63987755775452,False,space,correct rejection,None,599.4212627410889,text_15,64,1,2back_dual_main_click,2,durch,6,4,10,120,60,,,,,,,,,,,06,01,yes,no,no,2025-06-25_14h18.15.835,EXNAT_4_TMS_Psychopy2024.2.5.psyexp,2024.2.5,2025-06-25 14h21.58.968910 +0200,
0,0,0,0,0,0,0,,,,,,,,,#D292F3,95.27949166297913,False,space,correct rejection,None,1303.8403987884521,text_15,65,1,2back_dual_main_click,2,Cook,6,4,10,120,60,,,,,,,,,,,06,01,yes,no,no,2025-06-25_14h18.15.835,EXNAT_4_TMS_Psychopy2024.2.5.psyexp,2024.2.5,2025-06-25 14h21.58.968910 +0200,
0,0,0,0,0,0,0,,,,,,,,,#F989A2,96.62401938438416,False,space,correct rejection,None,967.3862457275391,text_15,66,1,2back_dual_main_click,2,für,6,4,10,120,60,,,,,,,,,,,06,01,yes,no,no,2025-06-25_14h18.15.835,EXNAT_4_TMS_Psychopy2024.2.5.psyexp,2024.2.5,2025-06-25 14h21.58.968910 +0200,
0,0,0,0,0,0,0,,,,,,,,,#F989A2,97.63036942481995,False,space,correct rejection,None,664.9322509765625,text_15,67,1,2back_dual_main_click,2,die,6,4,10,120,60,,,,,,,,,,,06,01,yes,no,no,2025-06-25_14h18.15.835,EXNAT_4_TMS_Psychopy2024.2.5.psyexp,2024.2.5,2025-06-25 14h21.58.968910 +0200,
0,0,0,0,0,0,0,,,,,,,,,#88BA3F,98.33783793449402,False,space,correct rejection,None,853.3704280853271,text_15,68,1,2back_dual_main_click,2,Mittelschicht,6,4,10,120,60,,,,,,,,,,,06,01,yes,no,no,2025-06-25_14h18.15.835,EXNAT_4_TMS_Psychopy2024.2.5.psyexp,2024.2.5,2025-06-25 14h21.58.968910 +0200,
0,0,0,0,0,0,0,,,,,,,,,#2AB7EF,99.22976803779602,False,space,correct rejection,None,649.5015621185303,text_15,69,1,2back_dual_main_click,2,möglich.,6,4,10,120,60,,,,,,,,,,,06,01,yes,no,no,2025-06-25_14h18.15.835,EXNAT_4_TMS_Psychopy2024.2.5.psyexp,2024.2.5,2025-06-25 14h21.58.968910 +0200,
0,0,0,0,0,0,0,,,,,,,,,#2AB7EF,99.9182939529419,False,space,correct rejection,None,1337.043046951294,text_15,70,1,2back_dual_main_click,2,Sein,6,4,10,120,60,,,,,,,,,,,06,01,yes,no,no,2025-06-25_14h18.15.835,EXNAT_4_TMS_Psychopy2024.2.5.psyexp,2024.2.5,2025-06-25 14h21.58.968910 +0200,
0,0,0,0,0,0,0,,,,,,,,,#D292F3,101.2961859703064,False,space,correct rejection,None,919.2156791687012,text_15,71,1,2back_dual_main_click,2,Ruf,6,4,10,120,60,,,,,,,,,,,06,01,yes,no,no,2025-06-25_14h18.15.835,EXNAT_4_TMS_Psychopy2024.2.5.psyexp,2024.2.5,2025-06-25 14h21.58.968910 +0200,
0,0,0,0,0,0,0,,,,,,,,,#F989A2,102.25638604164124,False,space,correct rejection,None,919.0554618835449,text_15,72,1,2back_dual_main_click,2,als,6,4,10,120,60,,,,,,,,,,,06,01,yes,no,no,2025-06-25_14h18.15.835,EXNAT_4_TMS_Psychopy2024.2.5.psyexp,2024.2.5,2025-06-25 14h21.58.968910 +0200,
0,0,0,0,0,0,0,,,,,,,,,#2AB7EF,103.23224472999573,False,space,correct rejection,None,1335.0424766540527,text_15,73,1,2back_dual_main_click,2,Begründer,6,4,10,120,60,,,,,,,,,,,06,01,yes,no,no,2025-06-25_14h18.15.835,EXNAT_4_TMS_Psychopy2024.2.5.psyexp,2024.2.5,2025-06-25 14h21.58.968910 +0200,
0,0,0,0,0,0,0,,,,,,,,,#F989A2,104.62167167663574,True,l,hit,489.6199703216553,1049.4365692138672,text_15,74,1,2back_dual_main_click,2,des,6,4,10,120,60,,,,,,,,,,,06,01,yes,no,no,2025-06-25_14h18.15.835,EXNAT_4_TMS_Psychopy2024.2.5.psyexp,2024.2.5,2025-06-25 14h21.58.968910 +0200,
0,0,0,0,0,0,0,,,,,,,,,#D292F3,105.72537159919739,False,space,correct rejection,None,858.0985069274902,text_15,75,1,2back_dual_main_click,2,Massentourismus,6,4,10,120,60,,,,,,,,,,,06,01,yes,no,no,2025-06-25_14h18.15.835,EXNAT_4_TMS_Psychopy2024.2.5.psyexp,2024.2.5,2025-06-25 14h21.58.968910 +0200,
0,0,0,0,0,0,0,,,,,,,,,#F989A2,106.63948631286621,True,l,hit,1047.9812622070312,1655.6832790374756,text_15,76,1,2back_dual_main_click,2,ist,6,5,11,120,60,106.69186115264893,,,,,,,,,,06,01,yes,no,no,2025-06-25_14h18.15.835,EXNAT_4_TMS_Psychopy2024.2.5.psyexp,2024.2.5,2025-06-25 14h21.58.968910 +0200,
0,0,0,0,0,0,0,,,,,,,,,#2AB7EF,108.35128283500671,False,space,correct rejection,None,888.049840927124,text_15,77,1,2back_dual_main_click,2,auch,6,5,11,120,60,,,,,,,,,,,06,01,yes,no,no,2025-06-25_14h18.15.835,EXNAT_4_TMS_Psychopy2024.2.5.psyexp,2024.2.5,2025-06-25 14h21.58.968910 +0200,
0,0,0,0,0,0,0,,,,,,,,,#2AB7EF,109.27829194068909,False,space,correct rejection,None,697.1368789672852,text_15,78,1,2back_dual_main_click,2,einer,6,5,11,120,60,,,,,,,,,,,06,01,yes,no,no,2025-06-25_14h18.15.835,EXNAT_4_TMS_Psychopy2024.2.5.psyexp,2024.2.5,2025-06-25 14h21.58.968910 +0200,
0,0,0,0,0,0,0,,,,,,,,,#88BA3F,110.0155234336853,False,space,correct rejection,None,903.6798477172852,text_15,79,1,2back_dual_main_click,2,gezielten,6,5,11,120,60,,,,,,,,,,,06,01,yes,no,no,2025-06-25_14h18.15.835,EXNAT_4_TMS_Psychopy2024.2.5.psyexp,2024.2.5,2025-06-25 14h21.58.968910 +0200,
0,0,0,0,0,0,0,,,,,,,,,#F989A2,110.96063446998596,False,space,correct rejection,None,1254.7383308410645,text_15,80,1,2back_dual_main_click,2,Marketingstrategie,7,5,12,120,60,111.69179606437683,,,,,,,,,,06,01,yes,no,no,2025-06-25_14h18.15.835,EXNAT_4_TMS_Psychopy2024.2.5.psyexp,2024.2.5,2025-06-25 14h21.58.968910 +0200,
0,0,0,0,0,0,0,,,,,,,,,#D292F3,112.25577282905579,False,space,correct rejection,None,775.4533290863037,text_15,81,1,2back_dual_main_click,2,nach,7,5,12,120,60,,,,,,,,,,,06,01,yes,no,no,2025-06-25_14h18.15.835,EXNAT_4_TMS_Psychopy2024.2.5.psyexp,2024.2.5,2025-06-25 14h21.58.968910 +0200,
0,0,0,0,0,0,0,,,,,,,,,#88BA3F,113.06944131851196,False,space,correct rejection,None,729.9048900604248,text_15,82,1,2back_dual_main_click,2,seinem,7,5,12,120,60,,,,,,,,,,,06,01,yes,no,no,2025-06-25_14h18.15.835,EXNAT_4_TMS_Psychopy2024.2.5.psyexp,2024.2.5,2025-06-25 14h21.58.968910 +0200,
0,0,0,0,0,0,0,,,,,,,,,#D292F3,113.8389585018158,True,space,miss,None,872.3430633544922,text_15,83,1,2back_dual_main_click,2,Tod,7,5,12,120,60,,,,,,,,,,,06,01,yes,no,no,2025-06-25_14h18.15.835,EXNAT_4_TMS_Psychopy2024.2.5.psyexp,2024.2.5,2025-06-25 14h21.58.968910 +0200,
0,0,0,0,0,0,0,,,,,,,,,#88BA3F,114.75076413154602,True,l,hit,808.5849285125732,1400.4747867584229,text_15,84,1,2back_dual_main_click,2,zu,7,5,12,120,60,,,,,,,,,,,06,01,yes,no,no,2025-06-25_14h18.15.835,EXNAT_4_TMS_Psychopy2024.2.5.psyexp,2024.2.5,2025-06-25 14h21.58.968910 +0200,
0,0,0,0,0,0,0,,,,,,,,,#88BA3F,116.19432926177979,False,space,correct rejection,None,597.001314163208,text_15,85,1,2back_dual_main_click,2,verdanken.,7,5,12,120,60,,,,,,,,,,,06,01,yes,no,no,2025-06-25_14h18.15.835,EXNAT_4_TMS_Psychopy2024.2.5.psyexp,2024.2.5,2025-06-25 14h21.58.968910 +0200,
0,0,0,0,0,0,0,,,,,,,,,#F989A2,116.83235359191895,False,space,correct rejection,None,806.8451881408691,text_15,86,1,2back_dual_main_click,2,1865,7,5,12,120,60,,,,,,,,,,,06,01,yes,no,no,2025-06-25_14h18.15.835,EXNAT_4_TMS_Psychopy2024.2.5.psyexp,2024.2.5,2025-06-25 14h21.58.968910 +0200,
0,0,0,0,0,0,0,,,,,,,,,#F989A2,117.67928504943848,False,space,correct rejection,None,727.9069423675537,text_15,87,1,2back_dual_main_click,2,eröffnete,7,5,12,120,60,,,,,,,,,,,06,01,yes,no,no,2025-06-25_14h18.15.835,EXNAT_4_TMS_Psychopy2024.2.5.psyexp,2024.2.5,2025-06-25 14h21.58.968910 +0200,
0,0,0,0,0,0,0,,,,,,,,,#D292F3,118.4469141960144,False,space,correct rejection,None,936.4230632781982,text_15,88,1,2back_dual_main_click,2,er,7,5,12,120,60,,,,,,,,,,,06,01,yes,no,no,2025-06-25_14h18.15.835,EXNAT_4_TMS_Psychopy2024.2.5.psyexp,2024.2.5,2025-06-25 14h21.58.968910 +0200,
0,0,0,0,0,0,0,,,,,,,,,#2AB7EF,119.4236159324646,False,space,correct rejection,None,759.7029209136963,text_15,89,1,2back_dual_main_click,2,in,7,5,12,120,60,,,,,,,,,,,06,01,yes,no,no,2025-06-25_14h18.15.835,EXNAT_4_TMS_Psychopy2024.2.5.psyexp,2024.2.5,2025-06-25 14h21.58.968910 +0200,
0,0,0,0,0,0,0,,,,,,,,,#D292F3,120.22372102737427,True,l,hit,1511.617660522461,2023.5199928283691,text_15,90,1,2back_dual_main_click,2,London,7,5,12,120,60,,,,,,,,,,,06,01,yes,no,no,2025-06-25_14h18.15.835,EXNAT_4_TMS_Psychopy2024.2.5.psyexp,2024.2.5,2025-06-25 14h21.58.968910 +0200,
0,0,0,0,0,0,0,,,,,,,,,#2AB7EF,122.3027822971344,True,space,miss,None,1064.4688606262207,text_15,91,1,2back_dual_main_click,2,sein,7,5,12,120,60,,,,,,,,,,,06,01,yes,no,no,2025-06-25_14h18.15.835,EXNAT_4_TMS_Psychopy2024.2.5.psyexp,2024.2.5,2025-06-25 14h21.58.968910 +0200,
0,0,0,0,0,0,0,,,,,,,,,#D292F3,123.41972279548645,True,l,hit,1195.5351829528809,1851.5963554382324,text_15,92,1,2back_dual_main_click,2,erstes,7,6,13,120,60,123.47256517410278,,,,,,,,,,06,01,yes,no,no,2025-06-25_14h18.15.835,EXNAT_4_TMS_Psychopy2024.2.5.psyexp,2024.2.5,2025-06-25 14h21.58.968910 +0200,
0,0,0,0,0,0,0,,,,,,,,,#2AB7EF,125.33171057701111,True,l,hit,771.6782093048096,1251.617670059204,text_15,93,1,2back_dual_main_click,2,Büro.,7,6,13,120,60,,,,,,,,,,,06,01,yes,no,no,2025-06-25_14h18.15.835,EXNAT_4_TMS_Psychopy2024.2.5.psyexp,2024.2.5,2025-06-25 14h21.58.968910 +0200,
0,0,0,0,0,0,0,,,,,,,,,#2AB7EF,126.63641715049744,False,space,correct rejection,None,778.9134979248047,text_15,94,1,2back_dual_main_click,2,Später,7,6,13,120,60,,,,,,,,,,,06,01,yes,no,no,2025-06-25_14h18.15.835,EXNAT_4_TMS_Psychopy2024.2.5.psyexp,2024.2.5,2025-06-25 14h21.58.968910 +0200,
0,0,0,0,0,0,0,,,,,,,,,#F989A2,127.46946835517883,False,space,correct rejection,None,1433.9165687561035,text_15,95,1,2back_dual_main_click,2,übernahm,8,6,14,120,60,128.4724633693695,,,,,,,,,,06,01,yes,no,no,2025-06-25_14h18.15.835,EXNAT_4_TMS_Psychopy2024.2.5.psyexp,2024.2.5,2025-06-25 14h21.58.968910 +0200,
0,0,0,0,0,0,0,,,,,,,,,#88BA3F,128.95891666412354,False,space,correct rejection,None,792.4449443817139,text_15,96,1,2back_dual_main_click,2,sein,8,6,14,120,60,,,,,,,,,,,06,01,yes,no,no,2025-06-25_14h18.15.835,EXNAT_4_TMS_Psychopy2024.2.5.psyexp,2024.2.5,2025-06-25 14h21.58.968910 +0200,
0,0,0,0,0,0,0,,,,,,,,,#2AB7EF,129.80594992637634,False,space,correct rejection,None,1049.3674278259277,text_15,97,1,2back_dual_main_click,2,Sohn,8,6,14,120,60,,,,,,,,,,,06,01,yes,no,no,2025-06-25_14h18.15.835,EXNAT_4_TMS_Psychopy2024.2.5.psyexp,2024.2.5,2025-06-25 14h21.58.968910 +0200,
0,0,0,0,0,0,0,,,,,,,,,#2AB7EF,130.91040349006653,False,space,correct rejection,None,584.9838256835938,text_15,98,1,2back_dual_main_click,2,John,8,6,14,120,60,,,,,,,,,,,06,01,yes,no,no,2025-06-25_14h18.15.835,EXNAT_4_TMS_Psychopy2024.2.5.psyexp,2024.2.5,2025-06-25 14h21.58.968910 +0200,
0,0,0,0,0,0,0,,,,,,,,,#F989A2,131.5505654811859,False,space,correct rejection,None,920.9511280059814,text_15,99,1,2back_dual_main_click,2,die,8,6,14,120,60,,,,,,,,,,,06,01,yes,no,no,2025-06-25_14h18.15.835,EXNAT_4_TMS_Psychopy2024.2.5.psyexp,2024.2.5,2025-06-25 14h21.58.968910 +0200,
0,0,0,0,0,0,0,,,,,,,,,#2AB7EF,132.52528619766235,True,l,hit,954.0295600891113,1386.021375656128,text_15,100,1,2back_dual_main_click,2,Leitung.,8,7,15,120,60,133.47247171401978,,,,,,,,,,06,01,yes,no,no,2025-06-25_14h18.15.835,EXNAT_4_TMS_Psychopy2024.2.5.psyexp,2024.2.5,2025-06-25 14h21.58.968910 +0200,
0,0,0,0,0,0,0,,,,,,,,,#D292F3,133.96721649169922,False,space,correct rejection,None,824.2554664611816,text_15,101,1,2back_dual_main_click,2,1873,8,7,15,120,60,,,,,,,,,,,06,01,yes,no,no,2025-06-25_14h18.15.835,EXNAT_4_TMS_Psychopy2024.2.5.psyexp,2024.2.5,2025-06-25 14h21.58.968910 +0200,
0,0,0,0,0,0,0,,,,,,,,,#88BA3F,134.84706735610962,False,space,correct rejection,None,952.3394107818604,text_15,102,1,2back_dual_main_click,2,erfüllte,8,7,15,120,60,,,,,,,,,,,06,01,yes,no,no,2025-06-25_14h18.15.835,EXNAT_4_TMS_Psychopy2024.2.5.psyexp,2024.2.5,2025-06-25 14h21.58.968910 +0200,
0,0,0,0,0,0,0,,,,,,,,,#D292F3,135.85500741004944,True,space,miss,None,1736.3364696502686,text_15,103,1,2back_dual_main_click,2,sich,8,7,15,120,60,,,,,,,,,,,06,01,yes,no,no,2025-06-25_14h18.15.835,EXNAT_4_TMS_Psychopy2024.2.5.psyexp,2024.2.5,2025-06-25 14h21.58.968910 +0200,
0,0,0,0,0,0,0,,,,,,,,,#88BA3F,137.646737575531,True,space,miss,None,776.5507698059082,text_15,104,1,2back_dual_main_click,2,Thomas,8,7,15,120,60,,,,,,,,,,,06,01,yes,no,no,2025-06-25_14h18.15.835,EXNAT_4_TMS_Psychopy2024.2.5.psyexp,2024.2.5,2025-06-25 14h21.58.968910 +0200,
0,0,0,0,0,0,0,,,,,,,,,#F989A2,138.47871851921082,False,l,false alarm,824.695348739624,1240.699052810669,text_15,105,1,2back_dual_main_click,2,Cook,9,7,16,120,60,138.53082251548767,,,,,,,,,,06,01,yes,no,no,2025-06-25_14h18.15.835,EXNAT_4_TMS_Psychopy2024.2.5.psyexp,2024.2.5,2025-06-25 14h21.58.968910 +0200,
0,0,0,0,0,0,0,,,,,,,,,#D292F3,139.77351999282837,False,space,correct rejection,None,665.8320426940918,text_15,106,1,2back_dual_main_click,2,seinen,9,7,16,120,60,,,,,,,,,,,06,01,yes,no,no,2025-06-25_14h18.15.835,EXNAT_4_TMS_Psychopy2024.2.5.psyexp,2024.2.5,2025-06-25 14h21.58.968910 +0200,
0,0,0,0,0,0,0,,,,,,,,,#D292F3,140.49573183059692,False,space,correct rejection,None,807.5883388519287,text_15,107,1,2back_dual_main_click,2,Lebenstraum,9,7,16,120,60,,,,,,,,,,,06,01,yes,no,no,2025-06-25_14h18.15.835,EXNAT_4_TMS_Psychopy2024.2.5.psyexp,2024.2.5,2025-06-25 14h21.58.968910 +0200,
0,0,0,0,0,0,0,,,,,,,,,#F989A2,141.357919216156,False,space,correct rejection,None,1065.5250549316406,text_15,108,1,2back_dual_main_click,2,von,9,7,16,120,60,,,,,,,,,,,06,01,yes,no,no,2025-06-25_14h18.15.835,EXNAT_4_TMS_Psychopy2024.2.5.psyexp,2024.2.5,2025-06-25 14h21.58.968910 +0200,
0,0,0,0,0,0,0,,,,,,,,,#88BA3F,142.47879266738892,False,space,correct rejection,None,776.6039371490479,text_15,109,1,2back_dual_main_click,2,einer,9,7,16,120,60,,,,,,,,,,,06,01,yes,no,no,2025-06-25_14h18.15.835,EXNAT_4_TMS_Psychopy2024.2.5.psyexp,2024.2.5,2025-06-25 14h21.58.968910 +0200,
0,0,0,0,0,0,0,,,,,,,,,#88BA3F,143.3127613067627,False,space,correct rejection,None,1366.6150569915771,text_15,110,1,2back_dual_main_click,2,222-tägigen,9,7,16,120,60,,,,,,,,,,,06,01,yes,no,no,2025-06-25_14h18.15.835,EXNAT_4_TMS_Psychopy2024.2.5.psyexp,2024.2.5,2025-06-25 14h21.58.968910 +0200,
0,0,0,0,0,0,0,,,,,,,,,#D292F3,144.73190641403198,False,space,correct rejection,None,875.4284381866455,text_15,111,1,2back_dual_main_click,2,Weltreise,9,7,16,120,60,,,,,,,,,,,06,01,yes,no,no,2025-06-25_14h18.15.835,EXNAT_4_TMS_Psychopy2024.2.5.psyexp,2024.2.5,2025-06-25 14h21.58.968910 +0200,
0,0,0,0,0,0,0,,,,,,,,,#2AB7EF,145.66265320777893,False,space,correct rejection,None,1016.7186260223389,text_15,112,1,2back_dual_main_click,2,über,9,7,16,120,60,,,,,,,,,,,06,01,yes,no,no,2025-06-25_14h18.15.835,EXNAT_4_TMS_Psychopy2024.2.5.psyexp,2024.2.5,2025-06-25 14h21.58.968910 +0200,
0,0,0,0,0,0,0,,,,,,,,,#D292F3,146.7347435951233,True,space,miss,None,936.7003440856934,text_15,113,1,2back_dual_main_click,2,40.000,9,8,17,120,60,146.79013586044312,,,,,,,,,,06,01,yes,no,no,2025-06-25_14h18.15.835,EXNAT_4_TMS_Psychopy2024.2.5.psyexp,2024.2.5,2025-06-25 14h21.58.968910 +0200,
0,0,0,0,0,0,0,,,,,,,,,#F989A2,147.72772908210754,False,space,correct rejection,None,727.6327610015869,text_15,114,1,2back_dual_main_click,2,Kilometer.,9,8,17,120,60,,,,,,,,,,,06,01,yes,no,no,2025-06-25_14h18.15.835,EXNAT_4_TMS_Psychopy2024.2.5.psyexp,2024.2.5,2025-06-25 14h21.58.968910 +0200,
0,0,0,0,0,0,0,,,,,,,,,#88BA3F,148.5114312171936,False,space,correct rejection,None,871.8483448028564,text_15,115,1,2back_dual_main_click,2,Doch,9,8,17,120,60,,,,,,,,,,,06,01,yes,no,no,2025-06-25_14h18.15.835,EXNAT_4_TMS_Psychopy2024.2.5.psyexp,2024.2.5,2025-06-25 14h21.58.968910 +0200,
0,0,0,0,0,0,0,,,,,,,,,#2AB7EF,149.43993639945984,False,space,correct rejection,None,743.5028553009033,text_15,116,1,2back_dual_main_click,2,es,9,8,17,120,60,,,,,,,,,,,06,01,yes,no,no,2025-06-25_14h18.15.835,EXNAT_4_TMS_Psychopy2024.2.5.psyexp,2024.2.5,2025-06-25 14h21.58.968910 +0200,
0,0,0,0,0,0,0,,,,,,,,,#2AB7EF,150.2401077747345,False,space,correct rejection,None,951.3866901397705,text_15,117,1,2back_dual_main_click,2,kam,9,8,17,120,60,,,,,,,,,,,06,01,yes,no,no,2025-06-25_14h18.15.835,EXNAT_4_TMS_Psychopy2024.2.5.psyexp,2024.2.5,2025-06-25 14h21.58.968910 +0200,
0,0,0,0,0,0,0,,,,,,,,,#D292F3,151.2469837665558,False,space,correct rejection,None,968.4185981750488,text_15,118,1,2back_dual_main_click,2,zu,10,8,18,120,60,151.78996348381042,,,,,,,,,,06,01,yes,no,no,2025-06-25_14h18.15.835,EXNAT_4_TMS_Psychopy2024.2.5.psyexp,2024.2.5,2025-06-25 14h21.58.968910 +0200,
0,0,0,0,0,0,0,,,,,,,,,#F989A2,152.2736668586731,False,space,correct rejection,None,773.7047672271729,text_15,119,1,2back_dual_main_click,2,Konflikten,10,8,18,120,60,,,,,,,,,,,06,01,yes,no,no,2025-06-25_14h18.15.835,EXNAT_4_TMS_Psychopy2024.2.5.psyexp,2024.2.5,2025-06-25 14h21.58.968910 +0200,
0,0,0,0,0,0,0,,,,,,,,,#F989A2,153.10176348686218,False,space,correct rejection,None,729.6018600463867,text_15,120,1,2back_dual_main_click,2,mit,10,8,18,120,60,,,,,,,,,,,06,01,yes,no,no,2025-06-25_14h18.15.835,EXNAT_4_TMS_Psychopy2024.2.5.psyexp,2024.2.5,2025-06-25 14h21.58.968910 +0200,
0,0,0,0,0,0,0,,,,,,,,,#88BA3F,153.8866138458252,False,space,correct rejection,None,504.64773178100586,text_15,121,1,2back_dual_main_click,2,seinem,10,8,18,120,60,,,,,,,,,,,06,01,yes,no,no,2025-06-25_14h18.15.835,EXNAT_4_TMS_Psychopy2024.2.5.psyexp,2024.2.5,2025-06-25 14h21.58.968910 +0200,
0,0,0,0,0,0,0,,,,,,,,,#F989A2,154.44570064544678,True,space,miss,None,1305.7076930999756,text_15,122,1,2back_dual_main_click,2,"Sohn,",10,8,18,120,60,,,,,,,,,,,06,01,yes,no,no,2025-06-25_14h18.15.835,EXNAT_4_TMS_Psychopy2024.2.5.psyexp,2024.2.5,2025-06-25 14h21.58.968910 +0200,
0,0,0,0,0,0,0,,,,,,,,,#D292F3,155.79123950004578,False,space,correct rejection,None,1320.0092315673828,text_15,123,1,2back_dual_main_click,2,der,10,8,18,120,60,,,,,,,,,,,06,01,yes,no,no,2025-06-25_14h18.15.835,EXNAT_4_TMS_Psychopy2024.2.5.psyexp,2024.2.5,2025-06-25 14h21.58.968910 +0200,
0,0,0,0,0,0,0,,,,,,,,,#88BA3F,157.16585779190063,False,space,correct rejection,None,1273.5536098480225,text_15,124,1,2back_dual_main_click,2,das,10,8,18,120,60,,,,,,,,,,,06,01,yes,no,no,2025-06-25_14h18.15.835,EXNAT_4_TMS_Psychopy2024.2.5.psyexp,2024.2.5,2025-06-25 14h21.58.968910 +0200,
0,0,0,0,0,0,0,,,,,,,,,#2AB7EF,158.4947476387024,False,space,correct rejection,None,1048.5341548919678,text_15,125,1,2back_dual_main_click,2,Unternehmen,10,8,18,120,60,,,,,,,,,,,06,01,yes,no,no,2025-06-25_14h18.15.835,EXNAT_4_TMS_Psychopy2024.2.5.psyexp,2024.2.5,2025-06-25 14h21.58.968910 +0200,
0,0,0,0,0,0,0,,,,,,,,,#D292F3,159.59766483306885,False,space,correct rejection,None,1257.8399181365967,text_15,126,1,2back_dual_main_click,2,in,10,8,18,120,60,,,,,,,,,,,06,01,yes,no,no,2025-06-25_14h18.15.835,EXNAT_4_TMS_Psychopy2024.2.5.psyexp,2024.2.5,2025-06-25 14h21.58.968910 +0200,
0,0,0,0,0,0,0,,,,,,,,,#2AB7EF,160.9110643863678,True,l,hit,520.280122756958,1016.2413120269775,text_15,127,1,2back_dual_main_click,2,seiner,10,9,19,120,60,160.96461129188538,,,,,,,,,,06,01,yes,no,no,2025-06-25_14h18.15.835,EXNAT_4_TMS_Psychopy2024.2.5.psyexp,2024.2.5,2025-06-25 14h21.58.968910 +0200,
0,0,0,0,0,0,0,,,,,,,,,#88BA3F,161.9828450679779,False,space,correct rejection,None,936.5160465240479,text_15,128,1,2back_dual_main_click,2,Abwesenheit,10,9,19,120,60,,,,,,,,,,,06,01,yes,no,no,2025-06-25_14h18.15.835,EXNAT_4_TMS_Psychopy2024.2.5.psyexp,2024.2.5,2025-06-25 14h21.58.968910 +0200,
0,0,0,0,0,0,0,,,,,,,,,#F989A2,162.97583413124084,False,space,correct rejection,None,823.3201503753662,text_15,129,1,2back_dual_main_click,2,vergrößerte.,10,9,19,120,60,,,,,,,,,,,06,01,yes,no,no,2025-06-25_14h18.15.835,EXNAT_4_TMS_Psychopy2024.2.5.psyexp,2024.2.5,2025-06-25 14h21.58.968910 +0200,
0,0,0,0,0,0,0,,,,,,,,,#2AB7EF,163.85448145866394,False,space,correct rejection,None,1737.018346786499,text_15,130,1,2back_dual_main_click,2,Cook,10,9,19,120,60,,,,,,,,,,,06,01,yes,no,no,2025-06-25_14h18.15.835,EXNAT_4_TMS_Psychopy2024.2.5.psyexp,2024.2.5,2025-06-25 14h21.58.968910 +0200,
0,0,0,0,0,0,0,,,,,,,,,#F989A2,165.63099074363708,True,l,hit,632.4796676635742,1096.320629119873,text_15,131,1,2back_dual_main_click,2,zog,10,10,20,120,60,165.96451663970947,,,,,,,,,,06,01,yes,no,no,2025-06-25_14h18.15.835,EXNAT_4_TMS_Psychopy2024.2.5.psyexp,2024.2.5,2025-06-25 14h21.58.968910 +0200,
0,0,0,0,0,0,0,,,,,,,,,#D292F3,166.76727533340454,False,space,correct rejection,None,648.3817100524902,text_15,132,1,2back_dual_main_click,2,sich,10,10,20,120,60,,,,,,,,,,,06,01,yes,no,no,2025-06-25_14h18.15.835,EXNAT_4_TMS_Psychopy2024.2.5.psyexp,2024.2.5,2025-06-25 14h21.58.968910 +0200,
0,0,0,0,0,0,0,,,,,,,,,#D292F3,167.45476865768433,False,space,correct rejection,None,808.7267875671387,text_15,133,1,2back_dual_main_click,2,"zurück,",10,10,20,120,60,,,,,,,,,,,06,01,yes,no,no,2025-06-25_14h18.15.835,EXNAT_4_TMS_Psychopy2024.2.5.psyexp,2024.2.5,2025-06-25 14h21.58.968910 +0200,
0,0,0,0,0,0,0,,,,,,,,,#D292F3,168.3043019771576,True,space,miss,None,2295.1817512512207,text_15,134,1,2back_dual_main_click,2,erblindete,10,10,20,120,60,,,,,,,,,,,06,01,yes,no,no,2025-06-25_14h18.15.835,EXNAT_4_TMS_Psychopy2024.2.5.psyexp,2024.2.5,2025-06-25 14h21.58.968910 +0200,
0,0,0,0,0,0,0,,,,,,,,,#88BA3F,170.6550109386444,False,space,correct rejection,None,1464.292287826538,text_15,135,1,2back_dual_main_click,2,und,11,10,21,120,60,170.9645004272461,,,,,,,,,,06,01,yes,no,no,2025-06-25_14h18.15.835,EXNAT_4_TMS_Psychopy2024.2.5.psyexp,2024.2.5,2025-06-25 14h21.58.968910 +0200,
0,0,0,0,0,0,0,,,,,,,,,#88BA3F,172.17466688156128,False,space,correct rejection,None,728.6007404327393,text_15,136,1,2back_dual_main_click,2,starb,11,10,21,120,60,,,,,,,,,,,06,01,yes,no,no,2025-06-25_14h18.15.835,EXNAT_4_TMS_Psychopy2024.2.5.psyexp,2024.2.5,2025-06-25 14h21.58.968910 +0200,
0,0,0,0,0,0,0,,,,,,,,,#F989A2,172.95689058303833,False,space,correct rejection,None,762.6135349273682,text_15,137,1,2back_dual_main_click,2,nach,11,10,21,120,60,,,,,,,,,,,06,01,yes,no,no,2025-06-25_14h18.15.835,EXNAT_4_TMS_Psychopy2024.2.5.psyexp,2024.2.5,2025-06-25 14h21.58.968910 +0200,
0,0,0,0,0,0,0,,,,,,,,,#2AB7EF,173.75924634933472,False,space,correct rejection,None,904.1543006896973,text_15,138,1,2back_dual_main_click,2,einem,11,10,21,120,60,,,,,,,,,,,06,01,yes,no,no,2025-06-25_14h18.15.835,EXNAT_4_TMS_Psychopy2024.2.5.psyexp,2024.2.5,2025-06-25 14h21.58.968910 +0200,
0,0,0,0,0,0,0,,,,,,,,,#F989A2,174.70423483848572,True,space,miss,None,1463.054895401001,text_15,139,1,2back_dual_main_click,2,Schlaganfall.,11,11,22,120,60,175.9645230770111,,,,,,,,,,06,01,yes,no,no,2025-06-25_14h18.15.835,EXNAT_4_TMS_Psychopy2024.2.5.psyexp,2024.2.5,2025-06-25 14h21.58.968910 +0200,
0,0,0,0,0,0,0,,,,,,,,,#D292F3,176.20610165596008,False,space,correct rejection,None,1081.4454555511475,text_15,140,1,2back_dual_main_click,2,Seine,11,11,22,120,60,,,,,,,,,,,06,01,yes,no,no,2025-06-25_14h18.15.835,EXNAT_4_TMS_Psychopy2024.2.5.psyexp,2024.2.5,2025-06-25 14h21.58.968910 +0200,
0,0,0,0,0,0,0,,,,,,,,,#2AB7EF,177.32964992523193,False,space,correct rejection,None,1397.7539539337158,text_15,141,1,2back_dual_main_click,2,Nachfahren,11,11,22,120,60,,,,,,,,,,,06,01,yes,no,no,2025-06-25_14h18.15.835,EXNAT_4_TMS_Psychopy2024.2.5.psyexp,2024.2.5,2025-06-25 14h21.58.968910 +0200,
0,0,0,0,0,0,0,,,,,,,,,#2AB7EF,178.76750230789185,False,space,correct rejection,None,1095.954179763794,text_15,142,1,2back_dual_main_click,2,verkauften,11,11,22,120,60,,,,,,,,,,,06,01,yes,no,no,2025-06-25_14h18.15.835,EXNAT_4_TMS_Psychopy2024.2.5.psyexp,2024.2.5,2025-06-25 14h21.58.968910 +0200,
0,0,0,0,0,0,0,,,,,,,,,#88BA3F,179.90173411369324,False,space,correct rejection,None,1113.5890483856201,text_15,143,1,2back_dual_main_click,2,das,12,11,23,120,60,180.96453976631165,,,,,,,,,,06,01,yes,no,no,2025-06-25_14h18.15.835,EXNAT_4_TMS_Psychopy2024.2.5.psyexp,2024.2.5,2025-06-25 14h21.58.968910 +0200,
0,0,0,0,0,0,0,,,,,,,,,#F989A2,181.0545780658722,False,space,correct rejection,None,728.9924621582031,text_15,144,1,2back_dual_main_click,2,Unternehmen,12,11,23,120,60,,,,,,,,,,,06,01,yes,no,no,2025-06-25_14h18.15.835,EXNAT_4_TMS_Psychopy2024.2.5.psyexp,2024.2.5,2025-06-25 14h21.58.968910 +0200,
0,0,0,0,0,0,0,,,,,,,,,#2AB7EF,181.8252568244934,False,space,correct rejection,None,1094.1743850708008,text_15,145,1,2back_dual_main_click,2,später,12,11,23,120,60,,,,,,,,,,,06,01,yes,no,no,2025-06-25_14h18.15.835,EXNAT_4_TMS_Psychopy2024.2.5.psyexp,2024.2.5,2025-06-25 14h21.58.968910 +0200,
0,0,0,0,0,0,0,,,,,,,,,#88BA3F,182.9730658531189,False,space,correct rejection,None,698.3239650726318,text_15,146,1,2back_dual_main_click,2,an,12,11,23,120,60,,,,,,,,,,,06,01,yes,no,no,2025-06-25_14h18.15.835,EXNAT_4_TMS_Psychopy2024.2.5.psyexp,2024.2.5,2025-06-25 14h21.58.968910 +0200,
0,0,0,0,0,0,0,,,,,,,,,#F989A2,183.7262749671936,False,space,correct rejection,None,889.2784118652344,text_15,147,1,2back_dual_main_click,2,die,12,11,23,120,60,,,,,,,,,,,06,01,yes,no,no,2025-06-25_14h18.15.835,EXNAT_4_TMS_Psychopy2024.2.5.psyexp,2024.2.5,2025-06-25 14h21.58.968910 +0200,
0,0,0,0,0,0,0,,,,,,,,,#2AB7EF,184.67235326766968,False,space,correct rejection,None,1111.0553741455078,text_15,148,1,2back_dual_main_click,2,Betreiber,12,11,23,120,60,,,,,,,,,,,06,01,yes,no,no,2025-06-25_14h18.15.835,EXNAT_4_TMS_Psychopy2024.2.5.psyexp,2024.2.5,2025-06-25 14h21.58.968910 +0200,
0,0,0,0,0,0,0,,,,,,,,,#D292F3,185.83838772773743,False,space,correct rejection,None,712.9395008087158,text_15,149,1,2back_dual_main_click,2,des,13,11,24,120,60,185.96456599235535,,,,,,,,,,06,01,yes,no,no,2025-06-25_14h18.15.835,EXNAT_4_TMS_Psychopy2024.2.5.psyexp,2024.2.5,2025-06-25 14h21.58.968910 +0200,
0,0,0,0,0,0,0,,,,,,,,,#D292F3,186.6080937385559,False,space,correct rejection,None,759.3014240264893,text_15,150,1,2back_dual_main_click,2,Orient-Express.,13,11,24,120,60,,,,,,,,,,,06,01,yes,no,no,2025-06-25_14h18.15.835,EXNAT_4_TMS_Psychopy2024.2.5.psyexp,2024.2.5,2025-06-25 14h21.58.968910 +0200,
0,0,0,0,0,0,0,,,,,,,,,,187.42962670326233,,NA,,,,text_15,,1,2back_dual_main_click,,,,,,,,,Q1,NA,False,,,,,,,06,01,yes,no,no,2025-06-25_14h18.15.835,EXNAT_4_TMS_Psychopy2024.2.5.psyexp,2024.2.5,2025-06-25 14h21.58.968910 +0200,
0,0,0,0,0,0,0,,,,,,,,,,197.46595001220703,,2,,,,text_15,,1,2back_dual_main_click,,,,,,,,,Q2,b,True,,,,,,,06,01,yes,no,no,2025-06-25_14h18.15.835,EXNAT_4_TMS_Psychopy2024.2.5.psyexp,2024.2.5,2025-06-25 14h21.58.968910 +0200,
0,0,0,0,0,0,0,,,,,,,,,,204.44243144989014,,1,,,,text_15,,1,2back_dual_main_click,,,,,,,,,Q3,a,True,,,,,,,06,01,yes,no,no,2025-06-25_14h18.15.835,EXNAT_4_TMS_Psychopy2024.2.5.psyexp,2024.2.5,2025-06-25 14h21.58.968910 +0200,
0,0,0,0,0,0,0,,,,,,,,,#F989A2,213.7199673652649,False,space,correct rejection,None,959.4273567199707,text_09,1,2,2back_dual_main_click,2,Als,13,11,24,120,60,,,,,,,,,,,06,01,yes,no,no,2025-06-25_14h18.15.835,EXNAT_4_TMS_Psychopy2024.2.5.psyexp,2024.2.5,2025-06-25 14h21.58.968910 +0200,
0,0,0,0,0,0,0,,,,,,,,,#D292F3,214.71786999702454,False,space,correct rejection,None,761.6863250732422,text_09,2,2,2back_dual_main_click,2,William,13,11,24,120,60,,,,,,,,,,,06,01,yes,no,no,2025-06-25_14h18.15.835,EXNAT_4_TMS_Psychopy2024.2.5.psyexp,2024.2.5,2025-06-25 14h21.58.968910 +0200,
0,0,0,0,0,0,0,,,,,,,,,#2AB7EF,215.5195438861847,False,space,correct rejection,None,695.9366798400879,text_09,3,2,2back_dual_main_click,2,Shakespeare,13,11,24,120,60,,,,,,,,,,,06,01,yes,no,no,2025-06-25_14h18.15.835,EXNAT_4_TMS_Psychopy2024.2.5.psyexp,2024.2.5,2025-06-25 14h21.58.968910 +0200,
0,0,0,0,0,0,0,,,,,,,,,#D292F3,216.25543975830078,True,l,hit,968.0624008178711,1704.0894031524658,text_09,4,2,2back_dual_main_click,2,etwa,13,11,24,120,60,,,,,,,,,,,06,01,yes,no,no,2025-06-25_14h18.15.835,EXNAT_4_TMS_Psychopy2024.2.5.psyexp,2024.2.5,2025-06-25 14h21.58.968910 +0200,
0,0,0,0,0,0,0,,,,,,,,,#88BA3F,217.999573469162,False,space,correct rejection,None,887.7859115600586,text_09,5,2,2back_dual_main_click,2,fünf,13,11,24,120,60,,,,,,,,,,,06,01,yes,no,no,2025-06-25_14h18.15.835,EXNAT_4_TMS_Psychopy2024.2.5.psyexp,2024.2.5,2025-06-25 14h21.58.968910 +0200,
0,0,0,0,0,0,0,,,,,,,,,#D292F3,218.9262158870697,True,l,hit,1753.319501876831,2393.108129501343,text_09,6,2,2back_dual_main_click,2,Jahre,13,12,25,120,60,218.97836136817932,,,,,,,,,,06,01,yes,no,no,2025-06-25_14h18.15.835,EXNAT_4_TMS_Psychopy2024.2.5.psyexp,2024.2.5,2025-06-25 14h21.58.968910 +0200,
0,0,0,0,0,0,0,,,,,,,,,#88BA3F,221.3761384487152,True,space,miss,None,983.353853225708,text_09,7,2,2back_dual_main_click,2,alt,13,12,25,120,60,,,,,,,,,,,06,01,yes,no,no,2025-06-25_14h18.15.835,EXNAT_4_TMS_Psychopy2024.2.5.psyexp,2024.2.5,2025-06-25 14h21.58.968910 +0200,
0,0,0,0,0,0,0,,,,,,,,,#F989A2,222.39691638946533,False,space,correct rejection,None,1066.50710105896,text_09,8,2,2back_dual_main_click,2,"war,",13,12,25,120,60,,,,,,,,,,,06,01,yes,no,no,2025-06-25_14h18.15.835,EXNAT_4_TMS_Psychopy2024.2.5.psyexp,2024.2.5,2025-06-25 14h21.58.968910 +0200,
0,0,0,0,0,0,0,,,,,,,,,#2AB7EF,223.51773810386658,False,space,correct rejection,None,697.7343559265137,text_09,9,2,2back_dual_main_click,2,ertrank,13,12,25,120,60,,,,,,,,,,,06,01,yes,no,no,2025-06-25_14h18.15.835,EXNAT_4_TMS_Psychopy2024.2.5.psyexp,2024.2.5,2025-06-25 14h21.58.968910 +0200,
0,0,0,0,0,0,0,,,,,,,,,#F989A2,224.25595617294312,True,l,hit,1079.3359279632568,1335.2818489074707,text_09,10,2,2back_dual_main_click,2,in,13,13,26,120,60,224.3070912361145,,,,,,,,,,06,01,yes,no,no,2025-06-25_14h18.15.835,EXNAT_4_TMS_Psychopy2024.2.5.psyexp,2024.2.5,2025-06-25 14h21.58.968910 +0200,
0,0,0,0,0,0,0,,,,,,,,,#2AB7EF,225.64779353141785,True,space,miss,None,903.7096500396729,text_09,11,2,2back_dual_main_click,2,der,13,13,26,120,60,,,,,,,,,,,06,01,yes,no,no,2025-06-25_14h18.15.835,EXNAT_4_TMS_Psychopy2024.2.5.psyexp,2024.2.5,2025-06-25 14h21.58.968910 +0200,
0,0,0,0,0,0,0,,,,,,,,,#88BA3F,226.60675716400146,False,space,correct rejection,None,744.6844577789307,text_09,12,2,2back_dual_main_click,2,Nähe,13,13,26,120,60,,,,,,,,,,,06,01,yes,no,no,2025-06-25_14h18.15.835,EXNAT_4_TMS_Psychopy2024.2.5.psyexp,2024.2.5,2025-06-25 14h21.58.968910 +0200,
0,0,0,0,0,0,0,,,,,,,,,#88BA3F,227.4038689136505,False,space,correct rejection,None,907.4721336364746,text_09,13,2,2back_dual_main_click,2,seines,13,13,26,120,60,,,,,,,,,,,06,01,yes,no,no,2025-06-25_14h18.15.835,EXNAT_4_TMS_Psychopy2024.2.5.psyexp,2024.2.5,2025-06-25 14h21.58.968910 +0200,
0,0,0,0,0,0,0,,,,,,,,,#F989A2,228.366219997406,False,space,correct rejection,None,889.2636299133301,text_09,14,2,2back_dual_main_click,2,Heimatorts,13,13,26,120,60,,,,,,,,,,,06,01,yes,no,no,2025-06-25_14h18.15.835,EXNAT_4_TMS_Psychopy2024.2.5.psyexp,2024.2.5,2025-06-25 14h21.58.968910 +0200,
0,0,0,0,0,0,0,,,,,,,,,#2AB7EF,229.3100185394287,False,space,correct rejection,None,985.4991436004639,text_09,15,2,2back_dual_main_click,2,ein,14,13,27,120,60,229.36070132255554,,,,,,,,,,06,01,yes,no,no,2025-06-25_14h18.15.835,EXNAT_4_TMS_Psychopy2024.2.5.psyexp,2024.2.5,2025-06-25 14h21.58.968910 +0200,
0,0,0,0,0,0,0,,,,,,,,,#D292F3,230.35079264640808,False,space,correct rejection,None,1000.6563663482666,text_09,16,2,2back_dual_main_click,2,kleines,14,13,27,120,60,,,,,,,,,,,06,01,yes,no,no,2025-06-25_14h18.15.835,EXNAT_4_TMS_Psychopy2024.2.5.psyexp,2024.2.5,2025-06-25 14h21.58.968910 +0200,
0,0,0,0,0,0,0,,,,,,,,,#D292F3,231.3910310268402,False,space,correct rejection,None,696.4547634124756,text_09,17,2,2back_dual_main_click,2,Mädchen,14,13,27,120,60,,,,,,,,,,,06,01,yes,no,no,2025-06-25_14h18.15.835,EXNAT_4_TMS_Psychopy2024.2.5.psyexp,2024.2.5,2025-06-25 14h21.58.968910 +0200,
0,0,0,0,0,0,0,,,,,,,,,#88BA3F,232.12688493728638,False,space,correct rejection,None,984.6017360687256,text_09,18,2,2back_dual_main_click,2,namens,14,13,27,120,60,,,,,,,,,,,06,01,yes,no,no,2025-06-25_14h18.15.835,EXNAT_4_TMS_Psychopy2024.2.5.psyexp,2024.2.5,2025-06-25 14h21.58.968910 +0200,
0,0,0,0,0,0,0,,,,,,,,,#88BA3F,233.14998173713684,False,space,correct rejection,None,793.2806015014648,text_09,19,2,2back_dual_main_click,2,Jane,14,13,27,120,60,,,,,,,,,,,06,01,yes,no,no,2025-06-25_14h18.15.835,EXNAT_4_TMS_Psychopy2024.2.5.psyexp,2024.2.5,2025-06-25 14h21.58.968910 +0200,
0,0,0,0,0,0,0,,,,,,,,,#D292F3,233.9834325313568,False,space,correct rejection,None,2311.9118213653564,text_09,20,2,2back_dual_main_click,2,Shaxspere.,15,13,28,120,60,234.3606026172638,,,,,,,,,,06,01,yes,no,no,2025-06-25_14h18.15.835,EXNAT_4_TMS_Psychopy2024.2.5.psyexp,2024.2.5,2025-06-25 14h21.58.968910 +0200,
0,0,0,0,0,0,0,,,,,,,,,#2AB7EF,236.34851336479187,False,space,correct rejection,None,906.954288482666,text_09,21,2,2back_dual_main_click,2,Sie,15,13,28,120,60,,,,,,,,,,,06,01,yes,no,no,2025-06-25_14h18.15.835,EXNAT_4_TMS_Psychopy2024.2.5.psyexp,2024.2.5,2025-06-25 14h21.58.968910 +0200,
0,0,0,0,0,0,0,,,,,,,,,#2AB7EF,237.29726481437683,False,space,correct rejection,None,774.2195129394531,text_09,22,2,2back_dual_main_click,2,fiel,15,13,28,120,60,,,,,,,,,,,06,01,yes,no,no,2025-06-25_14h18.15.835,EXNAT_4_TMS_Psychopy2024.2.5.psyexp,2024.2.5,2025-06-25 14h21.58.968910 +0200,
0,0,0,0,0,0,0,,,,,,,,,#F989A2,238.1109368801117,False,space,correct rejection,None,808.53271484375,text_09,23,2,2back_dual_main_click,2,beim,15,13,28,120,60,,,,,,,,,,,06,01,yes,no,no,2025-06-25_14h18.15.835,EXNAT_4_TMS_Psychopy2024.2.5.psyexp,2024.2.5,2025-06-25 14h21.58.968910 +0200,
0,0,0,0,0,0,0,,,,,,,,,#F989A2,238.95977187156677,False,space,correct rejection,None,1799.710750579834,text_09,24,2,2back_dual_main_click,2,Blumenpflücken,15,13,28,120,60,,,,,,,,,,,06,01,yes,no,no,2025-06-25_14h18.15.835,EXNAT_4_TMS_Psychopy2024.2.5.psyexp,2024.2.5,2025-06-25 14h21.58.968910 +0200,
0,0,0,0,0,0,0,,,,,,,,,#F989A2,240.81506609916687,True,l,hit,872.2131252288818,1304.2149543762207,text_09,25,2,2back_dual_main_click,2,an,15,14,29,120,60,240.86590695381165,,,,,,,,,,06,01,yes,no,no,2025-06-25_14h18.15.835,EXNAT_4_TMS_Psychopy2024.2.5.psyexp,2024.2.5,2025-06-25 14h21.58.968910 +0200,
0,0,0,0,0,0,0,,,,,,,,,#D292F3,242.17417788505554,False,space,correct rejection,None,1769.2997455596924,text_09,26,2,2back_dual_main_click,2,einem,15,14,29,120,60,,,,,,,,,,,06,01,yes,no,no,2025-06-25_14h18.15.835,EXNAT_4_TMS_Psychopy2024.2.5.psyexp,2024.2.5,2025-06-25 14h21.58.968910 +0200,
0,0,0,0,0,0,0,,,,,,,,,#88BA3F,243.99914741516113,False,space,correct rejection,None,1064.4118785858154,text_09,27,2,2back_dual_main_click,2,Mühlteich,15,14,29,120,60,,,,,,,,,,,06,01,yes,no,no,2025-06-25_14h18.15.835,EXNAT_4_TMS_Psychopy2024.2.5.psyexp,2024.2.5,2025-06-25 14h21.58.968910 +0200,
0,0,0,0,0,0,0,,,,,,,,,#2AB7EF,245.1186671257019,False,space,correct rejection,None,904.7954082489014,text_09,28,2,2back_dual_main_click,2,ins,16,14,30,120,60,245.86588287353516,,,,,,,,,,06,01,yes,no,no,2025-06-25_14h18.15.835,EXNAT_4_TMS_Psychopy2024.2.5.psyexp,2024.2.5,2025-06-25 14h21.58.968910 +0200,
0,0,0,0,0,0,0,,,,,,,,,#D292F3,246.08143591880798,False,l,false alarm,1062.1352195739746,1445.9893703460693,text_09,29,2,2back_dual_main_click,2,Wasser.,16,14,30,120,60,,,,,,,,,,,06,01,yes,no,no,2025-06-25_14h18.15.835,EXNAT_4_TMS_Psychopy2024.2.5.psyexp,2024.2.5,2025-06-25 14h21.58.968910 +0200,
0,0,0,0,0,0,0,,,,,,,,,#D292F3,247.5826153755188,False,space,correct rejection,None,904.7019481658936,text_09,30,2,2back_dual_main_click,2,Forscher,16,14,30,120,60,,,,,,,,,,,06,01,yes,no,no,2025-06-25_14h18.15.835,EXNAT_4_TMS_Psychopy2024.2.5.psyexp,2024.2.5,2025-06-25 14h21.58.968910 +0200,
0,0,0,0,0,0,0,,,,,,,,,#F989A2,248.5417468547821,False,space,correct rejection,None,1001.7588138580322,text_09,31,2,2back_dual_main_click,2,der,16,14,30,120,60,,,,,,,,,,,06,01,yes,no,no,2025-06-25_14h18.15.835,EXNAT_4_TMS_Psychopy2024.2.5.psyexp,2024.2.5,2025-06-25 14h21.58.968910 +0200,
0,0,0,0,0,0,0,,,,,,,,,#2AB7EF,249.59897565841675,False,space,correct rejection,None,824.5341777801514,text_09,32,2,2back_dual_main_click,2,Universität,16,14,30,120,60,,,,,,,,,,,06,01,yes,no,no,2025-06-25_14h18.15.835,EXNAT_4_TMS_Psychopy2024.2.5.psyexp,2024.2.5,2025-06-25 14h21.58.968910 +0200,
0,0,0,0,0,0,0,,,,,,,,,#88BA3F,250.47942924499512,False,space,correct rejection,None,1352.057695388794,text_09,33,2,2back_dual_main_click,2,Oxford,16,14,30,120,60,,,,,,,,,,,06,01,yes,no,no,2025-06-25_14h18.15.835,EXNAT_4_TMS_Psychopy2024.2.5.psyexp,2024.2.5,2025-06-25 14h21.58.968910 +0200,
0,0,0,0,0,0,0,,,,,,,,,#2AB7EF,251.88694310188293,True,l,hit,488.53087425231934,984.4865798950195,text_09,34,2,2back_dual_main_click,2,vermuten,16,15,31,120,60,251.93951654434204,,,,,,,,,,06,01,yes,no,no,2025-06-25_14h18.15.835,EXNAT_4_TMS_Psychopy2024.2.5.psyexp,2024.2.5,2025-06-25 14h21.58.968910 +0200,
0,0,0,0,0,0,0,,,,,,,,,#88BA3F,252.92677116394043,True,space,miss,None,952.7006149291992,text_09,35,2,2back_dual_main_click,2,einen,16,15,31,120,60,,,,,,,,,,,06,01,yes,no,no,2025-06-25_14h18.15.835,EXNAT_4_TMS_Psychopy2024.2.5.psyexp,2024.2.5,2025-06-25 14h21.58.968910 +0200,
0,0,0,0,0,0,0,,,,,,,,,#F989A2,253.93329977989197,False,space,correct rejection,None,1354.1886806488037,text_09,36,2,2back_dual_main_click,2,Zusammenhang,16,15,31,120,60,,,,,,,,,,,06,01,yes,no,no,2025-06-25_14h18.15.835,EXNAT_4_TMS_Psychopy2024.2.5.psyexp,2024.2.5,2025-06-25 14h21.58.968910 +0200,
0,0,0,0,0,0,0,,,,,,,,,#F989A2,255.34289383888245,False,space,correct rejection,None,856.4300537109375,text_09,37,2,2back_dual_main_click,2,mit,16,15,31,120,60,,,,,,,,,,,06,01,yes,no,no,2025-06-25_14h18.15.835,EXNAT_4_TMS_Psychopy2024.2.5.psyexp,2024.2.5,2025-06-25 14h21.58.968910 +0200,
0,0,0,0,0,0,0,,,,,,,,,#2AB7EF,256.25281596183777,False,space,correct rejection,None,746.6754913330078,text_09,38,2,2back_dual_main_click,2,Shakespeares,16,15,31,120,60,,,,,,,,,,,06,01,yes,no,no,2025-06-25_14h18.15.835,EXNAT_4_TMS_Psychopy2024.2.5.psyexp,2024.2.5,2025-06-25 14h21.58.968910 +0200,
0,0,0,0,0,0,0,,,,,,,,,#F989A2,257.05544877052307,True,l,hit,1512.0437145233154,2023.9014625549316,text_09,39,2,2back_dual_main_click,2,späterem,16,16,32,120,60,257.12653613090515,,,,,,,,,,06,01,yes,no,no,2025-06-25_14h18.15.835,EXNAT_4_TMS_Psychopy2024.2.5.psyexp,2024.2.5,2025-06-25 14h21.58.968910 +0200,
0,0,0,0,0,0,0,,,,,,,,,#2AB7EF,259.1347403526306,True,l,hit,776.7159938812256,1224.6322631835938,text_09,40,2,2back_dual_main_click,2,Drama,16,16,32,120,60,,,,,,,,,,,06,01,yes,no,no,2025-06-25_14h18.15.835,EXNAT_4_TMS_Psychopy2024.2.5.psyexp,2024.2.5,2025-06-25 14h21.58.968910 +0200,
0,0,0,0,0,0,0,,,,,,,,,#D292F3,260.4131863117218,False,space,correct rejection,None,1354.3760776519775,text_09,41,2,2back_dual_main_click,2,""Hamlet."",16,16,32,120,60,,,,,,,,,,,06,01,yes,no,no,2025-06-25_14h18.15.835,EXNAT_4_TMS_Psychopy2024.2.5.psyexp,2024.2.5,2025-06-25 14h21.58.968910 +0200,
0,0,0,0,0,0,0,,,,,,,,,#88BA3F,261.8243465423584,False,space,correct rejection,None,1015.1607990264893,text_09,42,2,2back_dual_main_click,2,In,16,16,32,120,60,,,,,,,,,,,06,01,yes,no,no,2025-06-25_14h18.15.835,EXNAT_4_TMS_Psychopy2024.2.5.psyexp,2024.2.5,2025-06-25 14h21.58.968910 +0200,
0,0,0,0,0,0,0,,,,,,,,,#D292F3,262.89622354507446,True,space,miss,None,807.2941303253174,text_09,43,2,2back_dual_main_click,2,dem,16,17,33,120,60,262.9472026824951,,,,,,,,,,06,01,yes,no,no,2025-06-25_14h18.15.835,EXNAT_4_TMS_Psychopy2024.2.5.psyexp,2024.2.5,2025-06-25 14h21.58.968910 +0200,
0,0,0,0,0,0,0,,,,,,,,,#88BA3F,263.75923919677734,True,l,hit,712.0277881622314,1079.9713134765625,text_09,44,2,2back_dual_main_click,2,Stück,16,17,33,120,60,,,,,,,,,,,06,01,yes,no,no,2025-06-25_14h18.15.835,EXNAT_4_TMS_Psychopy2024.2.5.psyexp,2024.2.5,2025-06-25 14h21.58.968910 +0200,
0,0,0,0,0,0,0,,,,,,,,,#88BA3F,264.8950729370117,False,space,correct rejection,None,888.4482383728027,text_09,45,2,2back_dual_main_click,2,tötet,16,17,33,120,60,,,,,,,,,,,06,01,yes,no,no,2025-06-25_14h18.15.835,EXNAT_4_TMS_Psychopy2024.2.5.psyexp,2024.2.5,2025-06-25 14h21.58.968910 +0200,
0,0,0,0,0,0,0,,,,,,,,,#2AB7EF,265.8399004936218,False,space,correct rejection,None,1431.6415786743164,text_09,46,2,2back_dual_main_click,2,Hamlet,16,17,33,120,60,,,,,,,,,,,06,01,yes,no,no,2025-06-25_14h18.15.835,EXNAT_4_TMS_Psychopy2024.2.5.psyexp,2024.2.5,2025-06-25 14h21.58.968910 +0200,
0,0,0,0,0,0,0,,,,,,,,,#D292F3,267.3268458843231,False,space,correct rejection,None,904.7369956970215,text_09,47,2,2back_dual_main_click,2,versehentlich,17,17,34,120,60,267.94712948799133,,,,,,,,,,06,01,yes,no,no,2025-06-25_14h18.15.835,EXNAT_4_TMS_Psychopy2024.2.5.psyexp,2024.2.5,2025-06-25 14h21.58.968910 +0200,
0,0,0,0,0,0,0,,,,,,,,,#F989A2,268.2866518497467,False,space,correct rejection,None,1065.0527477264404,text_09,48,2,2back_dual_main_click,2,den,17,17,34,120,60,,,,,,,,,,,06,01,yes,no,no,2025-06-25_14h18.15.835,EXNAT_4_TMS_Psychopy2024.2.5.psyexp,2024.2.5,2025-06-25 14h21.58.968910 +0200,
0,0,0,0,0,0,0,,,,,,,,,#F989A2,269.406955242157,False,space,correct rejection,None,984.7016334533691,text_09,49,2,2back_dual_main_click,2,Vater,17,17,34,120,60,,,,,,,,,,,06,01,yes,no,no,2025-06-25_14h18.15.835,EXNAT_4_TMS_Psychopy2024.2.5.psyexp,2024.2.5,2025-06-25 14h21.58.968910 +0200,
0,0,0,0,0,0,0,,,,,,,,,#88BA3F,270.4454233646393,False,space,correct rejection,None,922.2028255462646,text_09,50,2,2back_dual_main_click,2,seiner,17,17,34,120,60,,,,,,,,,,,06,01,yes,no,no,2025-06-25_14h18.15.835,EXNAT_4_TMS_Psychopy2024.2.5.psyexp,2024.2.5,2025-06-25 14h21.58.968910 +0200,
0,0,0,0,0,0,0,,,,,,,,,#88BA3F,271.42270731925964,False,space,correct rejection,None,840.8198356628418,text_09,51,2,2back_dual_main_click,2,Geliebten,17,17,34,120,60,,,,,,,,,,,06,01,yes,no,no,2025-06-25_14h18.15.835,EXNAT_4_TMS_Psychopy2024.2.5.psyexp,2024.2.5,2025-06-25 14h21.58.968910 +0200,
0,0,0,0,0,0,0,,,,,,,,,#2AB7EF,272.3049385547638,False,space,correct rejection,None,1286.674976348877,text_09,52,2,2back_dual_main_click,2,Ophelia.,18,17,35,120,60,272.94716024398804,,,,,,,,,,06,01,yes,no,no,2025-06-25_14h18.15.835,EXNAT_4_TMS_Psychopy2024.2.5.psyexp,2024.2.5,2025-06-25 14h21.58.968910 +0200,
0,0,0,0,0,0,0,,,,,,,,,#D292F3,273.6463086605072,False,space,correct rejection,None,1593.2238101959229,text_09,53,2,2back_dual_main_click,2,Kurz,18,17,35,120,60,,,,,,,,,,,06,01,yes,no,no,2025-06-25_14h18.15.835,EXNAT_4_TMS_Psychopy2024.2.5.psyexp,2024.2.5,2025-06-25 14h21.58.968910 +0200,
0,0,0,0,0,0,0,,,,,,,,,#88BA3F,275.29582715034485,False,l,false alarm,583.5697650909424,999.579906463623,text_09,54,2,2back_dual_main_click,2,danach,18,17,35,120,60,,,,,,,,,,,06,01,yes,no,no,2025-06-25_14h18.15.835,EXNAT_4_TMS_Psychopy2024.2.5.psyexp,2024.2.5,2025-06-25 14h21.58.968910 +0200,
0,0,0,0,0,0,0,,,,,,,,,#D292F3,276.35151863098145,True,l,hit,983.9026927947998,1303.8926124572754,text_09,55,2,2back_dual_main_click,2,fällt,18,17,35,120,60,,,,,,,,,,,06,01,yes,no,no,2025-06-25_14h18.15.835,EXNAT_4_TMS_Psychopy2024.2.5.psyexp,2024.2.5,2025-06-25 14h21.58.968910 +0200,
0,0,0,0,0,0,0,,,,,,,,,#F989A2,277.71092343330383,False,space,correct rejection,None,904.6332836151123,text_09,56,2,2back_dual_main_click,2,die,18,17,35,120,60,,,,,,,,,,,06,01,yes,no,no,2025-06-25_14h18.15.835,EXNAT_4_TMS_Psychopy2024.2.5.psyexp,2024.2.5,2025-06-25 14h21.58.968910 +0200,
0,0,0,0,0,0,0,,,,,,,,,#2AB7EF,278.6720530986786,False,space,correct rejection,None,535.4385375976562,text_09,57,2,2back_dual_main_click,2,verzweifelte,19,17,36,120,60,278.72256445884705,,,,,,,,,,06,01,yes,no,no,2025-06-25_14h18.15.835,EXNAT_4_TMS_Psychopy2024.2.5.psyexp,2024.2.5,2025-06-25 14h21.58.968910 +0200,
0,0,0,0,0,0,0,,,,,,,,,#F989A2,279.26329708099365,True,l,hit,472.21922874450684,856.1882972717285,text_09,58,2,2back_dual_main_click,2,Edeldame,19,17,36,120,60,,,,,,,,,,,06,01,yes,no,no,2025-06-25_14h18.15.835,EXNAT_4_TMS_Psychopy2024.2.5.psyexp,2024.2.5,2025-06-25 14h21.58.968910 +0200,
0,0,0,0,0,0,0,,,,,,,,,#D292F3,280.1750798225403,False,space,correct rejection,None,808.4335327148438,text_09,59,2,2back_dual_main_click,2,beim,19,17,36,120,60,,,,,,,,,,,06,01,yes,no,no,2025-06-25_14h18.15.835,EXNAT_4_TMS_Psychopy2024.2.5.psyexp,2024.2.5,2025-06-25 14h21.58.968910 +0200,
0,0,0,0,0,0,0,,,,,,,,,#2AB7EF,281.04044222831726,False,space,correct rejection,None,886.9497776031494,text_09,60,2,2back_dual_main_click,2,Blumenpflücken,19,17,36,120,60,,,,,,,,,,,06,01,yes,no,no,2025-06-25_14h18.15.835,EXNAT_4_TMS_Psychopy2024.2.5.psyexp,2024.2.5,2025-06-25 14h21.58.968910 +0200,
0,0,0,0,0,0,0,,,,,,,,,#88BA3F,281.9833106994629,False,space,correct rejection,None,936.2061023712158,text_09,61,2,2back_dual_main_click,2,in,19,17,36,120,60,,,,,,,,,,,06,01,yes,no,no,2025-06-25_14h18.15.835,EXNAT_4_TMS_Psychopy2024.2.5.psyexp,2024.2.5,2025-06-25 14h21.58.968910 +0200,
0,0,0,0,0,0,0,,,,,,,,,#88BA3F,282.97446632385254,False,space,correct rejection,None,616.8549060821533,text_09,62,2,2back_dual_main_click,2,einen,19,17,36,120,60,,,,,,,,,,,06,01,yes,no,no,2025-06-25_14h18.15.835,EXNAT_4_TMS_Psychopy2024.2.5.psyexp,2024.2.5,2025-06-25 14h21.58.968910 +0200,
0,0,0,0,0,0,0,,,,,,,,,#F989A2,283.64692521095276,False,space,correct rejection,None,1112.5600337982178,text_09,63,2,2back_dual_main_click,2,Bach.,19,17,36,120,60,,,,,,,,,,,06,01,yes,no,no,2025-06-25_14h18.15.835,EXNAT_4_TMS_Psychopy2024.2.5.psyexp,2024.2.5,2025-06-25 14h21.58.968910 +0200,
0,0,0,0,0,0,0,,,,,,,,,#D292F3,284.81521463394165,False,space,correct rejection,None,696.1686611175537,text_09,64,2,2back_dual_main_click,2,Ihr,19,17,36,120,60,,,,,,,,,,,06,01,yes,no,no,2025-06-25_14h18.15.835,EXNAT_4_TMS_Psychopy2024.2.5.psyexp,2024.2.5,2025-06-25 14h21.58.968910 +0200,
0,0,0,0,0,0,0,,,,,,,,,#2AB7EF,285.5670654773712,False,space,correct rejection,None,1800.349235534668,text_09,65,2,2back_dual_main_click,2,Kleid,19,17,36,120,60,,,,,,,,,,,06,01,yes,no,no,2025-06-25_14h18.15.835,EXNAT_4_TMS_Psychopy2024.2.5.psyexp,2024.2.5,2025-06-25 14h21.58.968910 +0200,
0,0,0,0,0,0,0,,,,,,,,,#F989A2,287.42057180404663,False,l,false alarm,795.0446605682373,1610.872507095337,text_09,66,2,2back_dual_main_click,2,saugt,19,17,36,120,60,,,,,,,,,,,06,01,yes,no,no,2025-06-25_14h18.15.835,EXNAT_4_TMS_Psychopy2024.2.5.psyexp,2024.2.5,2025-06-25 14h21.58.968910 +0200,
0,0,0,0,0,0,0,,,,,,,,,#F989A2,289.07325315475464,False,space,correct rejection,None,918.2422161102295,text_09,67,2,2back_dual_main_click,2,sich,19,17,36,120,60,,,,,,,,,,,06,01,yes,no,no,2025-06-25_14h18.15.835,EXNAT_4_TMS_Psychopy2024.2.5.psyexp,2024.2.5,2025-06-25 14h21.58.968910 +0200,
0,0,0,0,0,0,0,,,,,,,,,#2AB7EF,290.030681848526,False,space,correct rejection,None,856.7314147949219,text_09,68,2,2back_dual_main_click,2,mit,19,17,36,120,60,,,,,,,,,,,06,01,yes,no,no,2025-06-25_14h18.15.835,EXNAT_4_TMS_Psychopy2024.2.5.psyexp,2024.2.5,2025-06-25 14h21.58.968910 +0200,
0,0,0,0,0,0,0,,,,,,,,,#D292F3,290.9281630516052,False,space,correct rejection,None,663.365364074707,text_09,69,2,2back_dual_main_click,2,Wasser,19,17,36,120,60,,,,,,,,,,,06,01,yes,no,no,2025-06-25_14h18.15.835,EXNAT_4_TMS_Psychopy2024.2.5.psyexp,2024.2.5,2025-06-25 14h21.58.968910 +0200,
0,0,0,0,0,0,0,,,,,,,,,#88BA3F,291.6320114135742,False,space,correct rejection,None,807.3687553405762,text_09,70,2,2back_dual_main_click,2,voll,19,17,36,120,60,,,,,,,,,,,06,01,yes,no,no,2025-06-25_14h18.15.835,EXNAT_4_TMS_Psychopy2024.2.5.psyexp,2024.2.5,2025-06-25 14h21.58.968910 +0200,
0,0,0,0,0,0,0,,,,,,,,,#2AB7EF,292.48013496398926,False,l,false alarm,695.3468322753906,1031.2299728393555,text_09,71,2,2back_dual_main_click,2,und,19,17,36,120,60,,,,,,,,,,,06,01,yes,no,no,2025-06-25_14h18.15.835,EXNAT_4_TMS_Psychopy2024.2.5.psyexp,2024.2.5,2025-06-25 14h21.58.968910 +0200,
0,0,0,0,0,0,0,,,,,,,,,#D292F3,293.55142760276794,False,space,correct rejection,None,1528.0117988586426,text_09,72,2,2back_dual_main_click,2,sie,19,17,36,120,60,,,,,,,,,,,06,01,yes,no,no,2025-06-25_14h18.15.835,EXNAT_4_TMS_Psychopy2024.2.5.psyexp,2024.2.5,2025-06-25 14h21.58.968910 +0200,
0,0,0,0,0,0,0,,,,,,,,,#D292F3,295.1328628063202,False,space,correct rejection,None,618.5550689697266,text_09,73,2,2back_dual_main_click,2,geht,19,17,36,120,60,,,,,,,,,,,06,01,yes,no,no,2025-06-25_14h18.15.835,EXNAT_4_TMS_Psychopy2024.2.5.psyexp,2024.2.5,2025-06-25 14h21.58.968910 +0200,
0,0,0,0,0,0,0,,,,,,,,,#F989A2,295.8069441318512,False,space,correct rejection,None,936.427116394043,text_09,74,2,2back_dual_main_click,2,unter.,19,17,36,120,60,,,,,,,,,,,06,01,yes,no,no,2025-06-25_14h18.15.835,EXNAT_4_TMS_Psychopy2024.2.5.psyexp,2024.2.5,2025-06-25 14h21.58.968910 +0200,
0,0,0,0,0,0,0,,,,,,,,,#D292F3,296.7997932434082,True,space,miss,None,1591.6075706481934,text_09,75,2,2back_dual_main_click,2,Ob,19,17,36,120,60,,,,,,,,,,,06,01,yes,no,no,2025-06-25_14h18.15.835,EXNAT_4_TMS_Psychopy2024.2.5.psyexp,2024.2.5,2025-06-25 14h21.58.968910 +0200,
0,0,0,0,0,0,0,,,,,,,,,#F989A2,298.4467339515686,True,l,hit,680.7534694671631,1160.778284072876,text_09,76,2,2back_dual_main_click,2,es,19,17,36,120,60,,,,,,,,,,,06,01,yes,no,no,2025-06-25_14h18.15.835,EXNAT_4_TMS_Psychopy2024.2.5.psyexp,2024.2.5,2025-06-25 14h21.58.968910 +0200,
0,0,0,0,0,0,0,,,,,,,,,#D292F3,299.6632959842682,True,l,hit,1064.2602443695068,1592.2727584838867,text_09,77,2,2back_dual_main_click,2,ein,19,18,37,120,60,299.71630597114563,,,,,,,,,,06,01,yes,no,no,2025-06-25_14h18.15.835,EXNAT_4_TMS_Psychopy2024.2.5.psyexp,2024.2.5,2025-06-25 14h21.58.968910 +0200,
0,0,0,0,0,0,0,,,,,,,,,#F989A2,301.3109118938446,True,l,hit,696.4409351348877,1064.408779144287,text_09,78,2,2back_dual_main_click,2,Unfall,19,18,37,120,60,,,,,,,,,,,06,01,yes,no,no,2025-06-25_14h18.15.835,EXNAT_4_TMS_Psychopy2024.2.5.psyexp,2024.2.5,2025-06-25 14h21.58.968910 +0200,
0,0,0,0,0,0,0,,,,,,,,,#2AB7EF,302.4147629737854,False,space,correct rejection,None,1128.7682056427002,text_09,79,2,2back_dual_main_click,2,oder,19,18,37,120,60,,,,,,,,,,,06,01,yes,no,no,2025-06-25_14h18.15.835,EXNAT_4_TMS_Psychopy2024.2.5.psyexp,2024.2.5,2025-06-25 14h21.58.968910 +0200,
0,0,0,0,0,0,0,,,,,,,,,#88BA3F,303.5973927974701,False,space,correct rejection,None,858.1898212432861,text_09,80,2,2back_dual_main_click,2,ein,19,18,37,120,60,,,,,,,,,,,06,01,yes,no,no,2025-06-25_14h18.15.835,EXNAT_4_TMS_Psychopy2024.2.5.psyexp,2024.2.5,2025-06-25 14h21.58.968910 +0200,
0,0,0,0,0,0,0,,,,,,,,,#88BA3F,304.5112724304199,False,space,correct rejection,None,712.0747566223145,text_09,81,2,2back_dual_main_click,2,Suizid,19,18,37,120,60,,,,,,,,,,,06,01,yes,no,no,2025-06-25_14h18.15.835,EXNAT_4_TMS_Psychopy2024.2.5.psyexp,2024.2.5,2025-06-25 14h21.58.968910 +0200,
0,0,0,0,0,0,0,,,,,,,,,#88BA3F,305.2785038948059,True,space,miss,None,857.018232345581,text_09,82,2,2back_dual_main_click,2,"ist,",19,19,38,120,60,305.32965207099915,,,,,,,,,,06,01,yes,no,no,2025-06-25_14h18.15.835,EXNAT_4_TMS_Psychopy2024.2.5.psyexp,2024.2.5,2025-06-25 14h21.58.968910 +0200,
0,0,0,0,0,0,0,,,,,,,,,#88BA3F,306.19149374961853,True,l,hit,728.0778884887695,1175.9071350097656,text_09,83,2,2back_dual_main_click,2,wird,19,19,38,120,60,,,,,,,,,,,06,01,yes,no,no,2025-06-25_14h18.15.835,EXNAT_4_TMS_Psychopy2024.2.5.psyexp,2024.2.5,2025-06-25 14h21.58.968910 +0200,
0,0,0,0,0,0,0,,,,,,,,,#2AB7EF,307.41751074790955,False,space,correct rejection,None,1006.0696601867676,text_09,84,2,2back_dual_main_click,2,im,19,19,38,120,60,,,,,,,,,,,06,01,yes,no,no,2025-06-25_14h18.15.835,EXNAT_4_TMS_Psychopy2024.2.5.psyexp,2024.2.5,2025-06-25 14h21.58.968910 +0200,
0,0,0,0,0,0,0,,,,,,,,,#F989A2,308.47970271110535,False,space,correct rejection,None,887.9384994506836,text_09,85,2,2back_dual_main_click,2,Stück,19,19,38,120,60,,,,,,,,,,,06,01,yes,no,no,2025-06-25_14h18.15.835,EXNAT_4_TMS_Psychopy2024.2.5.psyexp,2024.2.5,2025-06-25 14h21.58.968910 +0200,
0,0,0,0,0,0,0,,,,,,,,,#88BA3F,309.4234552383423,False,space,correct rejection,None,839.9624824523926,text_09,86,2,2back_dual_main_click,2,offengelassen.,19,19,38,120,60,,,,,,,,,,,06,01,yes,no,no,2025-06-25_14h18.15.835,EXNAT_4_TMS_Psychopy2024.2.5.psyexp,2024.2.5,2025-06-25 14h21.58.968910 +0200,
0,0,0,0,0,0,0,,,,,,,,,#D292F3,310.3193643093109,False,space,correct rejection,None,1224.1389751434326,text_09,87,2,2back_dual_main_click,2,Historiker,20,19,39,120,60,310.395414352417,,,,,,,,,,06,01,yes,no,no,2025-06-25_14h18.15.835,EXNAT_4_TMS_Psychopy2024.2.5.psyexp,2024.2.5,2025-06-25 14h21.58.968910 +0200,
0,0,0,0,0,0,0,,,,,,,,,#2AB7EF,311.58208298683167,False,space,correct rejection,None,1065.427303314209,text_09,88,2,2back_dual_main_click,2,wurden,20,19,39,120,60,,,,,,,,,,,06,01,yes,no,no,2025-06-25_14h18.15.835,EXNAT_4_TMS_Psychopy2024.2.5.psyexp,2024.2.5,2025-06-25 14h21.58.968910 +0200,
0,0,0,0,0,0,0,,,,,,,,,#88BA3F,312.68594002723694,False,space,correct rejection,None,841.4266109466553,text_09,89,2,2back_dual_main_click,2,durch,20,19,39,120,60,,,,,,,,,,,06,01,yes,no,no,2025-06-25_14h18.15.835,EXNAT_4_TMS_Psychopy2024.2.5.psyexp,2024.2.5,2025-06-25 14h21.58.968910 +0200,
0,0,0,0,0,0,0,,,,,,,,,#2AB7EF,313.56740164756775,True,space,miss,None,1080.1820755004883,text_09,90,2,2back_dual_main_click,2,alte,20,19,39,120,60,,,,,,,,,,,06,01,yes,no,no,2025-06-25_14h18.15.835,EXNAT_4_TMS_Psychopy2024.2.5.psyexp,2024.2.5,2025-06-25 14h21.58.968910 +0200,
0,0,0,0,0,0,0,,,,,,,,,#D292F3,314.6876275539398,False,space,correct rejection,None,679.8183917999268,text_09,91,2,2back_dual_main_click,2,medizinische,20,19,39,120,60,,,,,,,,,,,06,01,yes,no,no,2025-06-25_14h18.15.835,EXNAT_4_TMS_Psychopy2024.2.5.psyexp,2024.2.5,2025-06-25 14h21.58.968910 +0200,
0,0,0,0,0,0,0,,,,,,,,,#2AB7EF,315.4067294597626,True,l,hit,648.6446857452393,1064.5577907562256,text_09,92,2,2back_dual_main_click,2,Akten,20,20,40,120,60,315.4600176811218,,,,,,,,,,06,01,yes,no,no,2025-06-25_14h18.15.835,EXNAT_4_TMS_Psychopy2024.2.5.psyexp,2024.2.5,2025-06-25 14h21.58.968910 +0200,
0,0,0,0,0,0,0,,,,,,,,,#F989A2,316.5092098712921,False,space,correct rejection,None,746.3383674621582,text_09,93,2,2back_dual_main_click,2,auf,20,20,40,120,60,,,,,,,,,,,06,01,yes,no,no,2025-06-25_14h18.15.835,EXNAT_4_TMS_Psychopy2024.2.5.psyexp,2024.2.5,2025-06-25 14h21.58.968910 +0200,
0,0,0,0,0,0,0,,,,,,,,,#88BA3F,317.29429149627686,False,space,correct rejection,None,713.0956649780273,text_09,94,2,2back_dual_main_click,2,die,20,20,40,120,60,,,,,,,,,,,06,01,yes,no,no,2025-06-25_14h18.15.835,EXNAT_4_TMS_Psychopy2024.2.5.psyexp,2024.2.5,2025-06-25 14h21.58.968910 +0200,
0,0,0,0,0,0,0,,,,,,,,,#D292F3,318.0451605319977,False,space,correct rejection,None,906.2609672546387,text_09,95,2,2back_dual_main_click,2,Ähnlichkeit,20,20,40,120,60,,,,,,,,,,,06,01,yes,no,no,2025-06-25_14h18.15.835,EXNAT_4_TMS_Psychopy2024.2.5.psyexp,2024.2.5,2025-06-25 14h21.58.968910 +0200,
0,0,0,0,0,0,0,,,,,,,,,#F989A2,318.9903209209442,False,space,correct rejection,None,697.0608234405518,text_09,96,2,2back_dual_main_click,2,der,20,20,40,120,60,,,,,,,,,,,06,01,yes,no,no,2025-06-25_14h18.15.835,EXNAT_4_TMS_Psychopy2024.2.5.psyexp,2024.2.5,2025-06-25 14h21.58.968910 +0200,
0,0,0,0,0,0,0,,,,,,,,,#2AB7EF,319.72655963897705,False,space,correct rejection,None,808.8505268096924,text_09,97,2,2back_dual_main_click,2,Fälle,21,20,41,120,60,320.4599099159241,,,,,,,,,,06,01,yes,no,no,2025-06-25_14h18.15.835,EXNAT_4_TMS_Psychopy2024.2.5.psyexp,2024.2.5,2025-06-25 14h21.58.968910 +0200,
0,0,0,0,0,0,0,,,,,,,,,#2AB7EF,320.57692098617554,False,space,correct rejection,None,950.5898952484131,text_09,98,2,2back_dual_main_click,2,aufmerksam.,21,20,41,120,60,,,,,,,,,,,06,01,yes,no,no,2025-06-25_14h18.15.835,EXNAT_4_TMS_Psychopy2024.2.5.psyexp,2024.2.5,2025-06-25 14h21.58.968910 +0200,
0,0,0,0,0,0,0,,,,,,,,,#88BA3F,321.5662441253662,False,space,correct rejection,None,1513.3063793182373,text_09,99,2,2back_dual_main_click,2,Auch,21,20,41,120,60,,,,,,,,,,,06,01,yes,no,no,2025-06-25_14h18.15.835,EXNAT_4_TMS_Psychopy2024.2.5.psyexp,2024.2.5,2025-06-25 14h21.58.968910 +0200,
0,0,0,0,0,0,0,,,,,,,,,#D292F3,323.11911058425903,False,space,correct rejection,None,712.3966217041016,text_09,100,2,2back_dual_main_click,2,die,21,20,41,120,60,,,,,,,,,,,06,01,yes,no,no,2025-06-25_14h18.15.835,EXNAT_4_TMS_Psychopy2024.2.5.psyexp,2024.2.5,2025-06-25 14h21.58.968910 +0200,
0,0,0,0,0,0,0,,,,,,,,,#88BA3F,323.8690550327301,True,l,hit,874.4122982025146,1258.434772491455,text_09,101,2,2back_dual_main_click,2,fast,21,20,41,120,60,,,,,,,,,,,06,01,yes,no,no,2025-06-25_14h18.15.835,EXNAT_4_TMS_Psychopy2024.2.5.psyexp,2024.2.5,2025-06-25 14h21.58.968910 +0200,
0,0,0,0,0,0,0,,,,,,,,,#D292F3,325.1672863960266,True,l,hit,920.2954769134521,1207.9582214355469,text_09,102,2,2back_dual_main_click,2,gleichen,21,21,42,120,60,325.4600591659546,,,,,,,,,,06,01,yes,no,no,2025-06-25_14h18.15.835,EXNAT_4_TMS_Psychopy2024.2.5.psyexp,2024.2.5,2025-06-25 14h21.58.968910 +0200,
0,0,0,0,0,0,0,,,,,,,,,#88BA3F,326.4123387336731,True,l,hit,619.1866397857666,890.9671306610107,text_09,103,2,2back_dual_main_click,2,Nachnamen,21,21,42,120,60,,,,,,,,,,,06,01,yes,no,no,2025-06-25_14h18.15.835,EXNAT_4_TMS_Psychopy2024.2.5.psyexp,2024.2.5,2025-06-25 14h21.58.968910 +0200,
0,0,0,0,0,0,0,,,,,,,,,#F989A2,327.3439574241638,False,space,correct rejection,None,823.711633682251,text_09,104,2,2back_dual_main_click,2,fielen,21,21,42,120,60,,,,,,,,,,,06,01,yes,no,no,2025-06-25_14h18.15.835,EXNAT_4_TMS_Psychopy2024.2.5.psyexp,2024.2.5,2025-06-25 14h21.58.968910 +0200,
0,0,0,0,0,0,0,,,,,,,,,#D292F3,328.2068886756897,False,space,correct rejection,None,920.6573963165283,text_09,105,2,2back_dual_main_click,2,auf.,21,21,42,120,60,,,,,,,,,,,06,01,yes,no,no,2025-06-25_14h18.15.835,EXNAT_4_TMS_Psychopy2024.2.5.psyexp,2024.2.5,2025-06-25 14h21.58.968910 +0200,
0,0,0,0,0,0,0,,,,,,,,,#88BA3F,329.1665506362915,False,space,correct rejection,None,1065.0243759155273,text_09,106,2,2back_dual_main_click,2,Da,21,21,42,120,60,,,,,,,,,,,06,01,yes,no,no,2025-06-25_14h18.15.835,EXNAT_4_TMS_Psychopy2024.2.5.psyexp,2024.2.5,2025-06-25 14h21.58.968910 +0200,
0,0,0,0,0,0,0,,,,,,,,,#2AB7EF,330.2708389759064,False,space,correct rejection,None,1096.755027770996,text_09,107,2,2back_dual_main_click,2,es,22,21,43,120,60,330.45993423461914,,,,,,,,,,06,01,yes,no,no,2025-06-25_14h18.15.835,EXNAT_4_TMS_Psychopy2024.2.5.psyexp,2024.2.5,2025-06-25 14h21.58.968910 +0200,
0,0,0,0,0,0,0,,,,,,,,,#F989A2,331.42096972465515,False,space,correct rejection,None,618.3843612670898,text_09,108,2,2back_dual_main_click,2,damals,22,21,43,120,60,,,,,,,,,,,06,01,yes,no,no,2025-06-25_14h18.15.835,EXNAT_4_TMS_Psychopy2024.2.5.psyexp,2024.2.5,2025-06-25 14h21.58.968910 +0200,
0,0,0,0,0,0,0,,,,,,,,,#88BA3F,332.0956916809082,False,space,correct rejection,None,999.6755123138428,text_09,109,2,2back_dual_main_click,2,keine,22,21,43,120,60,,,,,,,,,,,06,01,yes,no,no,2025-06-25_14h18.15.835,EXNAT_4_TMS_Psychopy2024.2.5.psyexp,2024.2.5,2025-06-25 14h21.58.968910 +0200,
0,0,0,0,0,0,0,,,,,,,,,#D292F3,333.1504077911377,False,space,correct rejection,None,713.1290435791016,text_09,110,2,2back_dual_main_click,2,festen,22,21,43,120,60,,,,,,,,,,,06,01,yes,no,no,2025-06-25_14h18.15.835,EXNAT_4_TMS_Psychopy2024.2.5.psyexp,2024.2.5,2025-06-25 14h21.58.968910 +0200,
0,0,0,0,0,0,0,,,,,,,,,#88BA3F,333.9042122364044,True,l,hit,663.3446216583252,1095.1907634735107,text_09,111,2,2back_dual_main_click,2,Schreibweisen,22,21,43,120,60,,,,,,,,,,,06,01,yes,no,no,2025-06-25_14h18.15.835,EXNAT_4_TMS_Psychopy2024.2.5.psyexp,2024.2.5,2025-06-25 14h21.58.968910 +0200,
0,0,0,0,0,0,0,,,,,,,,,#2AB7EF,335.0394175052643,False,space,correct rejection,None,696.0642337799072,text_09,112,2,2back_dual_main_click,2,"gab,",23,21,44,120,60,335.45995354652405,,,,,,,,,,06,01,yes,no,no,2025-06-25_14h18.15.835,EXNAT_4_TMS_Psychopy2024.2.5.psyexp,2024.2.5,2025-06-25 14h21.58.968910 +0200,
0,0,0,0,0,0,0,,,,,,,,,#F989A2,335.77539825439453,False,space,correct rejection,None,1432.220220565796,text_09,113,2,2back_dual_main_click,2,könnten,23,21,44,120,60,,,,,,,,,,,06,01,yes,no,no,2025-06-25_14h18.15.835,EXNAT_4_TMS_Psychopy2024.2.5.psyexp,2024.2.5,2025-06-25 14h21.58.968910 +0200,
0,0,0,0,0,0,0,,,,,,,,,#D292F3,337.2479374408722,False,l,false alarm,999.6485710144043,1287.5173091888428,text_09,114,2,2back_dual_main_click,2,William,23,21,44,120,60,,,,,,,,,,,06,01,yes,no,no,2025-06-25_14h18.15.835,EXNAT_4_TMS_Psychopy2024.2.5.psyexp,2024.2.5,2025-06-25 14h21.58.968910 +0200,
0,0,0,0,0,0,0,,,,,,,,,#D292F3,338.5912251472473,False,space,correct rejection,None,664.3681526184082,text_09,115,2,2back_dual_main_click,2,und,23,21,44,120,60,,,,,,,,,,,06,01,yes,no,no,2025-06-25_14h18.15.835,EXNAT_4_TMS_Psychopy2024.2.5.psyexp,2024.2.5,2025-06-25 14h21.58.968910 +0200,
0,0,0,0,0,0,0,,,,,,,,,#F989A2,339.3110902309418,False,space,correct rejection,None,872.4961280822754,text_09,116,2,2back_dual_main_click,2,Jane,23,21,44,120,60,,,,,,,,,,,06,01,yes,no,no,2025-06-25_14h18.15.835,EXNAT_4_TMS_Psychopy2024.2.5.psyexp,2024.2.5,2025-06-25 14h21.58.968910 +0200,
0,0,0,0,0,0,0,,,,,,,,,#2AB7EF,340.239394903183,False,space,correct rejection,None,712.1660709381104,text_09,117,2,2back_dual_main_click,2,sogar,23,21,44,120,60,,,,,,,,,,,06,01,yes,no,no,2025-06-25_14h18.15.835,EXNAT_4_TMS_Psychopy2024.2.5.psyexp,2024.2.5,2025-06-25 14h21.58.968910 +0200,
0,0,0,0,0,0,0,,,,,,,,,#F989A2,341.0067892074585,True,space,miss,None,1048.7492084503174,text_09,118,2,2back_dual_main_click,2,verwandt,23,22,45,120,60,341.0587248802185,,,,,,,,,,06,01,yes,no,no,2025-06-25_14h18.15.835,EXNAT_4_TMS_Psychopy2024.2.5.psyexp,2024.2.5,2025-06-25 14h21.58.968910 +0200,
0,0,0,0,0,0,0,,,,,,,,,#88BA3F,342.11026215553284,False,space,correct rejection,None,809.2739582061768,text_09,119,2,2back_dual_main_click,2,gewesen,23,22,45,120,60,,,,,,,,,,,06,01,yes,no,no,2025-06-25_14h18.15.835,EXNAT_4_TMS_Psychopy2024.2.5.psyexp,2024.2.5,2025-06-25 14h21.58.968910 +0200,
0,0,0,0,0,0,0,,,,,,,,,#2AB7EF,342.97378754615784,False,space,correct rejection,None,1081.716537475586,text_09,120,2,2back_dual_main_click,2,sein.,23,22,45,120,60,,,,,,,,,,,06,01,yes,no,no,2025-06-25_14h18.15.835,EXNAT_4_TMS_Psychopy2024.2.5.psyexp,2024.2.5,2025-06-25 14h21.58.968910 +0200,
0,0,0,0,0,0,0,,,,,,,,,#2AB7EF,344.09456992149353,False,space,correct rejection,None,840.9535884857178,text_09,121,2,2back_dual_main_click,2,Eine,23,22,45,120,60,,,,,,,,,,,06,01,yes,no,no,2025-06-25_14h18.15.835,EXNAT_4_TMS_Psychopy2024.2.5.psyexp,2024.2.5,2025-06-25 14h21.58.968910 +0200,
0,0,0,0,0,0,0,,,,,,,,,#F989A2,344.9909188747406,False,space,correct rejection,None,1240.6840324401855,text_09,122,2,2back_dual_main_click,2,Forscherin,24,22,46,120,60,346.0586431026459,,,,,,,,,,06,01,yes,no,no,2025-06-25_14h18.15.835,EXNAT_4_TMS_Psychopy2024.2.5.psyexp,2024.2.5,2025-06-25 14h21.58.968910 +0200,
0,0,0,0,0,0,0,,,,,,,,,#D292F3,346.2716574668884,False,space,correct rejection,None,679.9280643463135,text_09,123,2,2back_dual_main_click,2,meint:,24,22,46,120,60,,,,,,,,,,,06,01,yes,no,no,2025-06-25_14h18.15.835,EXNAT_4_TMS_Psychopy2024.2.5.psyexp,2024.2.5,2025-06-25 14h21.58.968910 +0200,
0,0,0,0,0,0,0,,,,,,,,,#88BA3F,346.99149346351624,False,space,correct rejection,None,840.043306350708,text_09,124,2,2back_dual_main_click,2,Selbst,24,22,46,120,60,,,,,,,,,,,06,01,yes,no,no,2025-06-25_14h18.15.835,EXNAT_4_TMS_Psychopy2024.2.5.psyexp,2024.2.5,2025-06-25 14h21.58.968910 +0200,
0,0,0,0,0,0,0,,,,,,,,,#88BA3F,347.87372970581055,False,space,correct rejection,None,837.8450870513916,text_09,125,2,2back_dual_main_click,2,ohne,24,22,46,120,60,,,,,,,,,,,06,01,yes,no,no,2025-06-25_14h18.15.835,EXNAT_4_TMS_Psychopy2024.2.5.psyexp,2024.2.5,2025-06-25 14h21.58.968910 +0200,
0,0,0,0,0,0,0,,,,,,,,,#2AB7EF,348.75157618522644,False,space,correct rejection,None,583.9056968688965,text_09,126,2,2back_dual_main_click,2,Verwandtschaft,24,22,46,120,60,,,,,,,,,,,06,01,yes,no,no,2025-06-25_14h18.15.835,EXNAT_4_TMS_Psychopy2024.2.5.psyexp,2024.2.5,2025-06-25 14h21.58.968910 +0200,
0,0,0,0,0,0,0,,,,,,,,,#D292F3,349.3757085800171,False,space,correct rejection,None,1111.9732856750488,text_09,127,2,2back_dual_main_click,2,könnte,24,22,46,120,60,,,,,,,,,,,06,01,yes,no,no,2025-06-25_14h18.15.835,EXNAT_4_TMS_Psychopy2024.2.5.psyexp,2024.2.5,2025-06-25 14h21.58.968910 +0200,
0,0,0,0,0,0,0,,,,,,,,,#88BA3F,350.52819418907166,False,l,false alarm,599.5099544525146,951.2953758239746,text_09,128,2,2back_dual_main_click,2,der,24,22,46,120,60,,,,,,,,,,,06,01,yes,no,no,2025-06-25_14h18.15.835,EXNAT_4_TMS_Psychopy2024.2.5.psyexp,2024.2.5,2025-06-25 14h21.58.968910 +0200,
0,0,0,0,0,0,0,,,,,,,,,#F989A2,351.5185685157776,False,space,correct rejection,None,761.0156536102295,text_09,129,2,2back_dual_main_click,2,Fall,24,22,46,120,60,,,,,,,,,,,06,01,yes,no,no,2025-06-25_14h18.15.835,EXNAT_4_TMS_Psychopy2024.2.5.psyexp,2024.2.5,2025-06-25 14h21.58.968910 +0200,
0,0,0,0,0,0,0,,,,,,,,,#F989A2,352.31865787506104,False,space,correct rejection,None,696.9435214996338,text_09,130,2,2back_dual_main_click,2,Shakespeare,24,22,46,120,60,,,,,,,,,,,06,01,yes,no,no,2025-06-25_14h18.15.835,EXNAT_4_TMS_Psychopy2024.2.5.psyexp,2024.2.5,2025-06-25 14h21.58.968910 +0200,
0,0,0,0,0,0,0,,,,,,,,,#2AB7EF,353.0564832687378,False,space,correct rejection,None,839.0636444091797,text_09,131,2,2back_dual_main_click,2,durch,24,22,46,120,60,,,,,,,,,,,06,01,yes,no,no,2025-06-25_14h18.15.835,EXNAT_4_TMS_Psychopy2024.2.5.psyexp,2024.2.5,2025-06-25 14h21.58.968910 +0200,
0,0,0,0,0,0,0,,,,,,,,,#D292F3,353.9349069595337,False,space,correct rejection,None,1192.4901008605957,text_09,132,2,2back_dual_main_click,2,den,24,22,46,120,60,,,,,,,,,,,06,01,yes,no,no,2025-06-25_14h18.15.835,EXNAT_4_TMS_Psychopy2024.2.5.psyexp,2024.2.5,2025-06-25 14h21.58.968910 +0200,
0,0,0,0,0,0,0,,,,,,,,,#D292F3,355.16771721839905,False,space,correct rejection,None,743.7968254089355,text_09,133,2,2back_dual_main_click,2,Namen,24,22,46,120,60,,,,,,,,,,,06,01,yes,no,no,2025-06-25_14h18.15.835,EXNAT_4_TMS_Psychopy2024.2.5.psyexp,2024.2.5,2025-06-25 14h21.58.968910 +0200,
0,0,0,0,0,0,0,,,,,,,,,#F989A2,355.95112776756287,False,space,correct rejection,None,904.5629501342773,text_09,134,2,2back_dual_main_click,2,im,24,22,46,120,60,,,,,,,,,,,06,01,yes,no,no,2025-06-25_14h18.15.835,EXNAT_4_TMS_Psychopy2024.2.5.psyexp,2024.2.5,2025-06-25 14h21.58.968910 +0200,
0,0,0,0,0,0,0,,,,,,,,,#88BA3F,356.8959221839905,False,space,correct rejection,None,999.713659286499,text_09,135,2,2back_dual_main_click,2,Gedächtnis,24,22,46,120,60,,,,,,,,,,,06,01,yes,no,no,2025-06-25_14h18.15.835,EXNAT_4_TMS_Psychopy2024.2.5.psyexp,2024.2.5,2025-06-25 14h21.58.968910 +0200,
0,0,0,0,0,0,0,,,,,,,,,#88BA3F,357.93398880958557,False,space,correct rejection,None,1193.577527999878,text_09,136,2,2back_dual_main_click,2,geblieben,24,22,46,120,60,,,,,,,,,,,06,01,yes,no,no,2025-06-25_14h18.15.835,EXNAT_4_TMS_Psychopy2024.2.5.psyexp,2024.2.5,2025-06-25 14h21.58.968910 +0200,
0,0,0,0,0,0,0,,,,,,,,,#2AB7EF,359.17739963531494,False,space,correct rejection,None,670.0832843780518,text_09,137,2,2back_dual_main_click,2,sein.,24,22,46,120,60,,,,,,,,,,,06,01,yes,no,no,2025-06-25_14h18.15.835,EXNAT_4_TMS_Psychopy2024.2.5.psyexp,2024.2.5,2025-06-25 14h21.58.968910 +0200,
0,0,0,0,0,0,0,,,,,,,,,#F989A2,359.90199995040894,False,space,correct rejection,None,873.6550807952881,text_09,138,2,2back_dual_main_click,2,Neben,24,22,46,120,60,,,,,,,,,,,06,01,yes,no,no,2025-06-25_14h18.15.835,EXNAT_4_TMS_Psychopy2024.2.5.psyexp,2024.2.5,2025-06-25 14h21.58.968910 +0200,
0,0,0,0,0,0,0,,,,,,,,,#2AB7EF,360.8326930999756,True,l,hit,454.9384117126465,934.9429607391357,text_09,139,2,2back_dual_main_click,2,historischen,24,23,47,120,60,360.8831481933594,,,,,,,,,,06,01,yes,no,no,2025-06-25_14h18.15.835,EXNAT_4_TMS_Psychopy2024.2.5.psyexp,2024.2.5,2025-06-25 14h21.58.968910 +0200,
0,0,0,0,0,0,0,,,,,,,,,#D292F3,361.8244044780731,False,space,correct rejection,None,1639.230489730835,text_09,140,2,2back_dual_main_click,2,Ereignissen,24,23,47,120,60,,,,,,,,,,,06,01,yes,no,no,2025-06-25_14h18.15.835,EXNAT_4_TMS_Psychopy2024.2.5.psyexp,2024.2.5,2025-06-25 14h21.58.968910 +0200,
0,0,0,0,0,0,0,,,,,,,,,#F989A2,363.52070474624634,False,space,correct rejection,None,1110.7611656188965,text_09,141,2,2back_dual_main_click,2,prägten,24,23,47,120,60,,,,,,,,,,,06,01,yes,no,no,2025-06-25_14h18.15.835,EXNAT_4_TMS_Psychopy2024.2.5.psyexp,2024.2.5,2025-06-25 14h21.58.968910 +0200,
0,0,0,0,0,0,0,,,,,,,,,#D292F3,364.6868517398834,True,l,hit,696.7623233795166,1048.6342906951904,text_09,142,2,2back_dual_main_click,2,laut,24,23,47,120,60,,,,,,,,,,,06,01,yes,no,no,2025-06-25_14h18.15.835,EXNAT_4_TMS_Psychopy2024.2.5.psyexp,2024.2.5,2025-06-25 14h21.58.968910 +0200,
0,0,0,0,0,0,0,,,,,,,,,#88BA3F,365.79001092910767,False,space,correct rejection,None,1129.41575050354,text_09,143,2,2back_dual_main_click,2,ihr,24,23,47,120,60,,,,,,,,,,,06,01,yes,no,no,2025-06-25_14h18.15.835,EXNAT_4_TMS_Psychopy2024.2.5.psyexp,2024.2.5,2025-06-25 14h21.58.968910 +0200,
0,0,0,0,0,0,0,,,,,,,,,#2AB7EF,366.97500109672546,False,space,correct rejection,None,792.5584316253662,text_09,144,2,2back_dual_main_click,2,auch,25,23,48,120,60,367.0270917415619,,,,,,,,,,06,01,yes,no,no,2025-06-25_14h18.15.835,EXNAT_4_TMS_Psychopy2024.2.5.psyexp,2024.2.5,2025-06-25 14h21.58.968910 +0200,
0,0,0,0,0,0,0,,,,,,,,,#88BA3F,367.8240852355957,True,l,hit,631.5441131591797,1015.4116153717041,text_09,145,2,2back_dual_main_click,2,Gerüchte,25,23,48,120,60,,,,,,,,,,,06,01,yes,no,no,2025-06-25_14h18.15.835,EXNAT_4_TMS_Psychopy2024.2.5.psyexp,2024.2.5,2025-06-25 14h21.58.968910 +0200,
0,0,0,0,0,0,0,,,,,,,,,#F989A2,368.8782956600189,False,space,correct rejection,None,729.3891906738281,text_09,146,2,2back_dual_main_click,2,und,25,23,48,120,60,,,,,,,,,,,06,01,yes,no,no,2025-06-25_14h18.15.835,EXNAT_4_TMS_Psychopy2024.2.5.psyexp,2024.2.5,2025-06-25 14h21.58.968910 +0200,
0,0,0,0,0,0,0,,,,,,,,,#F989A2,369.64854073524475,False,space,correct rejection,None,983.130931854248,text_09,147,2,2back_dual_main_click,2,tragische,25,23,48,120,60,,,,,,,,,,,06,01,yes,no,no,2025-06-25_14h18.15.835,EXNAT_4_TMS_Psychopy2024.2.5.psyexp,2024.2.5,2025-06-25 14h21.58.968910 +0200,
0,0,0,0,0,0,0,,,,,,,,,#2AB7EF,370.6695330142975,False,space,correct rejection,None,1738.142967224121,text_09,148,2,2back_dual_main_click,2,Geschichten,25,23,48,120,60,,,,,,,,,,,06,01,yes,no,no,2025-06-25_14h18.15.835,EXNAT_4_TMS_Psychopy2024.2.5.psyexp,2024.2.5,2025-06-25 14h21.58.968910 +0200,
0,0,0,0,0,0,0,,,,,,,,,#88BA3F,372.4638080596924,False,space,correct rejection,None,999.852180480957,text_09,149,2,2back_dual_main_click,2,Shakespeares,25,23,48,120,60,,,,,,,,,,,06,01,yes,no,no,2025-06-25_14h18.15.835,EXNAT_4_TMS_Psychopy2024.2.5.psyexp,2024.2.5,2025-06-25 14h21.58.968910 +0200,
0,0,0,0,0,0,0,,,,,,,,,#D292F3,373.5044991970062,False,space,correct rejection,None,950.9463310241699,text_09,150,2,2back_dual_main_click,2,Werke.,25,23,48,120,60,,,,,,,,,,,06,01,yes,no,no,2025-06-25_14h18.15.835,EXNAT_4_TMS_Psychopy2024.2.5.psyexp,2024.2.5,2025-06-25 14h21.58.968910 +0200,
0,0,0,0,0,0,0,,,,,,,,,,374.5059583187103,,3,,,,text_09,,2,2back_dual_main_click,,,,,,,,,Q1,c,True,,,,,,,06,01,yes,no,no,2025-06-25_14h18.15.835,EXNAT_4_TMS_Psychopy2024.2.5.psyexp,2024.2.5,2025-06-25 14h21.58.968910 +0200,
0,0,0,0,0,0,0,,,,,,,,,,379.3498058319092,,4,,,,text_09,,2,2back_dual_main_click,,,,,,,,,Q2,d,True,,,,,,,06,01,yes,no,no,2025-06-25_14h18.15.835,EXNAT_4_TMS_Psychopy2024.2.5.psyexp,2024.2.5,2025-06-25 14h21.58.968910 +0200,
0,0,0,0,0,0,0,,,,,,,,,,384.9088022708893,,3,,,,text_09,,2,2back_dual_main_click,,,,,,,,,Q3,c,False,,,,,,,06,01,yes,no,no,2025-06-25_14h18.15.835,EXNAT_4_TMS_Psychopy2024.2.5.psyexp,2024.2.5,2025-06-25 14h21.58.968910 +0200,
0,0,0,0,0,0,0,,,,,,,,,#88BA3F,400.26165676116943,False,space,correct rejection,None,1297.7490425109863,text_06,1,3,2back_dual_main_click,2,Mauritius,25,23,48,120,60,,,,,,,,,,,06,01,yes,no,no,2025-06-25_14h18.15.835,EXNAT_4_TMS_Psychopy2024.2.5.psyexp,2024.2.5,2025-06-25 14h21.58.968910 +0200,
0,0,0,0,0,0,0,,,,,,,,,#88BA3F,401.5915832519531,False,space,correct rejection,None,767.9791450500488,text_06,2,3,2back_dual_main_click,2,ist,25,23,48,120,60,,,,,,,,,,,06,01,yes,no,no,2025-06-25_14h18.15.835,EXNAT_4_TMS_Psychopy2024.2.5.psyexp,2024.2.5,2025-06-25 14h21.58.968910 +0200,
0,0,0,0,0,0,0,,,,,,,,,#2AB7EF,402.39665389060974,False,space,correct rejection,None,954.9529552459717,text_06,3,3,2back_dual_main_click,2,eine,25,23,48,120,60,,,,,,,,,,,06,01,yes,no,no,2025-06-25_14h18.15.835,EXNAT_4_TMS_Psychopy2024.2.5.psyexp,2024.2.5,2025-06-25 14h21.58.968910 +0200,
0,0,0,0,0,0,0,,,,,,,,,#F989A2,403.39281249046326,False,space,correct rejection,None,822.8137493133545,text_06,4,3,2back_dual_main_click,2,Insel,25,23,48,120,60,,,,,,,,,,,06,01,yes,no,no,2025-06-25_14h18.15.835,EXNAT_4_TMS_Psychopy2024.2.5.psyexp,2024.2.5,2025-06-25 14h21.58.968910 +0200,
0,0,0,0,0,0,0,,,,,,,,,#2AB7EF,404.2538254261017,True,space,miss,None,1049.787998199463,text_06,5,3,2back_dual_main_click,2,im,25,24,49,120,60,404.3059735298157,,,,,,,,,,06,01,yes,no,no,2025-06-25_14h18.15.835,EXNAT_4_TMS_Psychopy2024.2.5.psyexp,2024.2.5,2025-06-25 14h21.58.968910 +0200,
0,0,0,0,0,0,0,,,,,,,,,#88BA3F,405.34324288368225,False,space,correct rejection,None,1608.4258556365967,text_06,6,3,2back_dual_main_click,2,Indischen,25,24,49,120,60,,,,,,,,,,,06,01,yes,no,no,2025-06-25_14h18.15.835,EXNAT_4_TMS_Psychopy2024.2.5.psyexp,2024.2.5,2025-06-25 14h21.58.968910 +0200,
0,0,0,0,0,0,0,,,,,,,,,#F989A2,407.0078341960907,False,space,correct rejection,None,1223.7615585327148,text_06,7,3,2back_dual_main_click,2,Ozean.,25,24,49,120,60,,,,,,,,,,,06,01,yes,no,no,2025-06-25_14h18.15.835,EXNAT_4_TMS_Psychopy2024.2.5.psyexp,2024.2.5,2025-06-25 14h21.58.968910 +0200,
0,0,0,0,0,0,0,,,,,,,,,#D292F3,408.2880618572235,False,space,correct rejection,None,1175.4083633422852,text_06,8,3,2back_dual_main_click,2,Früher,25,24,49,120,60,,,,,,,,,,,06,01,yes,no,no,2025-06-25_14h18.15.835,EXNAT_4_TMS_Psychopy2024.2.5.psyexp,2024.2.5,2025-06-25 14h21.58.968910 +0200,
0,0,0,0,0,0,0,,,,,,,,,#2AB7EF,409.517452955246,False,space,correct rejection,None,954.1969299316406,text_06,9,3,2back_dual_main_click,2,war,26,24,50,120,60,409.5698390007019,,,,,,,,,,06,01,yes,no,no,2025-06-25_14h18.15.835,EXNAT_4_TMS_Psychopy2024.2.5.psyexp,2024.2.5,2025-06-25 14h21.58.968910 +0200,
0,0,0,0,0,0,0,,,,,,,,,#D292F3,410.52604961395264,True,l,hit,633.5079669952393,1081.5675258636475,text_06,10,3,2back_dual_main_click,2,sie,26,24,50,120,60,,,,,,,,,,,06,01,yes,no,no,2025-06-25_14h18.15.835,EXNAT_4_TMS_Psychopy2024.2.5.psyexp,2024.2.5,2025-06-25 14h21.58.968910 +0200,
0,0,0,0,0,0,0,,,,,,,,,#D292F3,411.66306591033936,False,space,correct rejection,None,696.55442237854,text_06,11,3,2back_dual_main_click,2,kaum,26,24,50,120,60,,,,,,,,,,,06,01,yes,no,no,2025-06-25_14h18.15.835,EXNAT_4_TMS_Psychopy2024.2.5.psyexp,2024.2.5,2025-06-25 14h21.58.968910 +0200,
0,0,0,0,0,0,0,,,,,,,,,#F989A2,412.411235332489,False,space,correct rejection,None,844.3539142608643,text_06,12,3,2back_dual_main_click,2,"bekannt,",26,24,50,120,60,,,,,,,,,,,06,01,yes,no,no,2025-06-25_14h18.15.835,EXNAT_4_TMS_Psychopy2024.2.5.psyexp,2024.2.5,2025-06-25 14h21.58.968910 +0200,
0,0,0,0,0,0,0,,,,,,,,,#F989A2,413.29659819602966,False,space,correct rejection,None,758.9380741119385,text_06,13,3,2back_dual_main_click,2,heute,26,24,50,120,60,,,,,,,,,,,06,01,yes,no,no,2025-06-25_14h18.15.835,EXNAT_4_TMS_Psychopy2024.2.5.psyexp,2024.2.5,2025-06-25 14h21.58.968910 +0200,
0,0,0,0,0,0,0,,,,,,,,,#2AB7EF,414.09529852867126,False,space,correct rejection,None,968.3437347412109,text_06,14,3,2back_dual_main_click,2,ist,26,24,50,120,60,,,,,,,,,,,06,01,yes,no,no,2025-06-25_14h18.15.835,EXNAT_4_TMS_Psychopy2024.2.5.psyexp,2024.2.5,2025-06-25 14h21.58.968910 +0200,
0,0,0,0,0,0,0,,,,,,,,,#2AB7EF,415.10333609580994,False,space,correct rejection,None,888.3132934570312,text_06,15,3,2back_dual_main_click,2,sie,26,24,50,120,60,,,,,,,,,,,06,01,yes,no,no,2025-06-25_14h18.15.835,EXNAT_4_TMS_Psychopy2024.2.5.psyexp,2024.2.5,2025-06-25 14h21.58.968910 +0200,
0,0,0,0,0,0,0,,,,,,,,,#F989A2,416.0300531387329,False,space,correct rejection,None,2025.592565536499,text_06,16,3,2back_dual_main_click,2,ein,26,24,50,120,60,,,,,,,,,,,06,01,yes,no,no,2025-06-25_14h18.15.835,EXNAT_4_TMS_Psychopy2024.2.5.psyexp,2024.2.5,2025-06-25 14h21.58.968910 +0200,
0,0,0,0,0,0,0,,,,,,,,,#88BA3F,418.11095428466797,False,space,correct rejection,None,792.564868927002,text_06,17,3,2back_dual_main_click,2,beliebtes,26,24,50,120,60,,,,,,,,,,,06,01,yes,no,no,2025-06-25_14h18.15.835,EXNAT_4_TMS_Psychopy2024.2.5.psyexp,2024.2.5,2025-06-25 14h21.58.968910 +0200,
0,0,0,0,0,0,0,,,,,,,,,#D292F3,418.9591233730316,False,space,correct rejection,None,1144.4590091705322,text_06,18,3,2back_dual_main_click,2,Urlaubsziel.,26,24,50,120,60,,,,,,,,,,,06,01,yes,no,no,2025-06-25_14h18.15.835,EXNAT_4_TMS_Psychopy2024.2.5.psyexp,2024.2.5,2025-06-25 14h21.58.968910 +0200,
0,0,0,0,0,0,0,,,,,,,,,#2AB7EF,420.1580276489258,False,space,correct rejection,None,1017.6577568054199,text_06,19,3,2back_dual_main_click,2,Die,26,24,50,120,60,,,,,,,,,,,06,01,yes,no,no,2025-06-25_14h18.15.835,EXNAT_4_TMS_Psychopy2024.2.5.psyexp,2024.2.5,2025-06-25 14h21.58.968910 +0200,
0,0,0,0,0,0,0,,,,,,,,,#88BA3F,421.2317612171173,False,space,correct rejection,None,1607.8569889068604,text_06,20,3,2back_dual_main_click,2,Portugiesen,26,24,50,120,60,,,,,,,,,,,06,01,yes,no,no,2025-06-25_14h18.15.835,EXNAT_4_TMS_Psychopy2024.2.5.psyexp,2024.2.5,2025-06-25 14h21.58.968910 +0200,
0,0,0,0,0,0,0,,,,,,,,,#D292F3,422.8962550163269,False,space,correct rejection,None,1367.365837097168,text_06,21,3,2back_dual_main_click,2,entdeckten,26,24,50,120,60,,,,,,,,,,,06,01,yes,no,no,2025-06-25_14h18.15.835,EXNAT_4_TMS_Psychopy2024.2.5.psyexp,2024.2.5,2025-06-25 14h21.58.968910 +0200,
0,0,0,0,0,0,0,,,,,,,,,#88BA3F,424.31784749031067,True,l,hit,505.71298599243164,1001.6880035400391,text_06,22,3,2back_dual_main_click,2,die,26,25,51,120,60,424.3955030441284,,,,,,,,,,06,01,yes,no,no,2025-06-25_14h18.15.835,EXNAT_4_TMS_Psychopy2024.2.5.psyexp,2024.2.5,2025-06-25 14h21.58.968910 +0200,
0,0,0,0,0,0,0,,,,,,,,,#F989A2,425.375412940979,False,space,correct rejection,None,1144.2384719848633,text_06,23,3,2back_dual_main_click,2,Insel,26,25,51,120,60,,,,,,,,,,,06,01,yes,no,no,2025-06-25_14h18.15.835,EXNAT_4_TMS_Psychopy2024.2.5.psyexp,2024.2.5,2025-06-25 14h21.58.968910 +0200,
0,0,0,0,0,0,0,,,,,,,,,#D292F3,426.57465052604675,False,space,correct rejection,None,776.888370513916,text_06,24,3,2back_dual_main_click,2,zuerst,26,25,51,120,60,,,,,,,,,,,06,01,yes,no,no,2025-06-25_14h18.15.835,EXNAT_4_TMS_Psychopy2024.2.5.psyexp,2024.2.5,2025-06-25 14h21.58.968910 +0200,
0,0,0,0,0,0,0,,,,,,,,,#D292F3,427.40578055381775,False,space,correct rejection,None,649.7220993041992,text_06,25,3,2back_dual_main_click,2,und,26,25,51,120,60,,,,,,,,,,,06,01,yes,no,no,2025-06-25_14h18.15.835,EXNAT_4_TMS_Psychopy2024.2.5.psyexp,2024.2.5,2025-06-25 14h21.58.968910 +0200,
0,0,0,0,0,0,0,,,,,,,,,#88BA3F,428.0943613052368,False,space,correct rejection,None,1177.2806644439697,text_06,26,3,2back_dual_main_click,2,nannten,26,25,51,120,60,,,,,,,,,,,06,01,yes,no,no,2025-06-25_14h18.15.835,EXNAT_4_TMS_Psychopy2024.2.5.psyexp,2024.2.5,2025-06-25 14h21.58.968910 +0200,
0,0,0,0,0,0,0,,,,,,,,,#F989A2,429.3105010986328,False,space,correct rejection,None,777.1358489990234,text_06,27,3,2back_dual_main_click,2,sie,26,25,51,120,60,,,,,,,,,,,06,01,yes,no,no,2025-06-25_14h18.15.835,EXNAT_4_TMS_Psychopy2024.2.5.psyexp,2024.2.5,2025-06-25 14h21.58.968910 +0200,
0,0,0,0,0,0,0,,,,,,,,,#88BA3F,430.1292588710785,True,space,miss,None,1478.219747543335,text_06,28,3,2back_dual_main_click,2,""Schwaneninsel."",26,25,51,120,60,,,,,,,,,,,06,01,yes,no,no,2025-06-25_14h18.15.835,EXNAT_4_TMS_Psychopy2024.2.5.psyexp,2024.2.5,2025-06-25 14h21.58.968910 +0200,
0,0,0,0,0,0,0,,,,,,,,,#F989A2,431.66233468055725,True,space,miss,None,953.1943798065186,text_06,29,3,2back_dual_main_click,2,Sie,26,26,52,120,60,431.7158350944519,,,,,,,,,,06,01,yes,no,no,2025-06-25_14h18.15.835,EXNAT_4_TMS_Psychopy2024.2.5.psyexp,2024.2.5,2025-06-25 14h21.58.968910 +0200,
0,0,0,0,0,0,0,,,,,,,,,#88BA3F,432.6560904979706,True,l,hit,439.47839736938477,919.4095134735107,text_06,30,3,2back_dual_main_click,2,siedelten,26,26,52,120,60,,,,,,,,,,,06,01,yes,no,no,2025-06-25_14h18.15.835,EXNAT_4_TMS_Psychopy2024.2.5.psyexp,2024.2.5,2025-06-25 14h21.58.968910 +0200,
0,0,0,0,0,0,0,,,,,,,,,#D292F3,433.6157217025757,False,space,correct rejection,None,759.9382400512695,text_06,31,3,2back_dual_main_click,2,sich,26,26,52,120,60,,,,,,,,,,,06,01,yes,no,no,2025-06-25_14h18.15.835,EXNAT_4_TMS_Psychopy2024.2.5.psyexp,2024.2.5,2025-06-25 14h21.58.968910 +0200,
0,0,0,0,0,0,0,,,,,,,,,#2AB7EF,434.4140884876251,False,space,correct rejection,None,873.5456466674805,text_06,32,3,2back_dual_main_click,2,dort,26,26,52,120,60,,,,,,,,,,,06,01,yes,no,no,2025-06-25_14h18.15.835,EXNAT_4_TMS_Psychopy2024.2.5.psyexp,2024.2.5,2025-06-25 14h21.58.968910 +0200,
0,0,0,0,0,0,0,,,,,,,,,#D292F3,435.3255949020386,True,space,miss,None,969.994068145752,text_06,33,3,2back_dual_main_click,2,aber,26,26,52,120,60,,,,,,,,,,,06,01,yes,no,no,2025-06-25_14h18.15.835,EXNAT_4_TMS_Psychopy2024.2.5.psyexp,2024.2.5,2025-06-25 14h21.58.968910 +0200,
0,0,0,0,0,0,0,,,,,,,,,#2AB7EF,436.3357343673706,True,l,hit,1047.9075908660889,1527.8220176696777,text_06,34,3,2back_dual_main_click,2,nicht,26,27,53,120,60,436.7156844139099,,,,,,,,,,06,01,yes,no,no,2025-06-25_14h18.15.835,EXNAT_4_TMS_Psychopy2024.2.5.psyexp,2024.2.5,2025-06-25 14h21.58.968910 +0200,
0,0,0,0,0,0,0,,,,,,,,,#F989A2,437.899423122406,False,space,correct rejection,None,732.1970462799072,text_06,35,3,2back_dual_main_click,2,an.,26,27,53,120,60,,,,,,,,,,,06,01,yes,no,no,2025-06-25_14h18.15.835,EXNAT_4_TMS_Psychopy2024.2.5.psyexp,2024.2.5,2025-06-25 14h21.58.968910 +0200,
0,0,0,0,0,0,0,,,,,,,,,#D292F3,438.67242193222046,False,space,correct rejection,None,1591.2513732910156,text_06,36,3,2back_dual_main_click,2,Später,26,27,53,120,60,,,,,,,,,,,06,01,yes,no,no,2025-06-25_14h18.15.835,EXNAT_4_TMS_Psychopy2024.2.5.psyexp,2024.2.5,2025-06-25 14h21.58.968910 +0200,
0,0,0,0,0,0,0,,,,,,,,,#2AB7EF,440.303466796875,False,space,correct rejection,None,1640.2273178100586,text_06,37,3,2back_dual_main_click,2,kamen,27,27,54,120,60,441.7156913280487,,,,,,,,,,06,01,yes,no,no,2025-06-25_14h18.15.835,EXNAT_4_TMS_Psychopy2024.2.5.psyexp,2024.2.5,2025-06-25 14h21.58.968910 +0200,
0,0,0,0,0,0,0,,,,,,,,,#88BA3F,441.9810698032379,False,space,correct rejection,None,682.5506687164307,text_06,38,3,2back_dual_main_click,2,die,27,27,54,120,60,,,,,,,,,,,06,01,yes,no,no,2025-06-25_14h18.15.835,EXNAT_4_TMS_Psychopy2024.2.5.psyexp,2024.2.5,2025-06-25 14h21.58.968910 +0200,
0,0,0,0,0,0,0,,,,,,,,,#F989A2,442.71698665618896,False,space,correct rejection,None,1098.6223220825195,text_06,39,3,2back_dual_main_click,2,Holländer.,27,27,54,120,60,,,,,,,,,,,06,01,yes,no,no,2025-06-25_14h18.15.835,EXNAT_4_TMS_Psychopy2024.2.5.psyexp,2024.2.5,2025-06-25 14h21.58.968910 +0200,
0,0,0,0,0,0,0,,,,,,,,,#2AB7EF,443.86943650245667,False,space,correct rejection,None,938.1988048553467,text_06,40,3,2back_dual_main_click,2,Sie,27,27,54,120,60,,,,,,,,,,,06,01,yes,no,no,2025-06-25_14h18.15.835,EXNAT_4_TMS_Psychopy2024.2.5.psyexp,2024.2.5,2025-06-25 14h21.58.968910 +0200,
0,0,0,0,0,0,0,,,,,,,,,#D292F3,444.864440202713,False,space,correct rejection,None,1095.3128337860107,text_06,41,3,2back_dual_main_click,2,benannten,27,27,54,120,60,,,,,,,,,,,06,01,yes,no,no,2025-06-25_14h18.15.835,EXNAT_4_TMS_Psychopy2024.2.5.psyexp,2024.2.5,2025-06-25 14h21.58.968910 +0200,
0,0,0,0,0,0,0,,,,,,,,,#88BA3F,446.01477813720703,False,space,correct rejection,None,1384.8915100097656,text_06,42,3,2back_dual_main_click,2,die,28,27,55,120,60,446.71574354171753,,,,,,,,,,06,01,yes,no,no,2025-06-25_14h18.15.835,EXNAT_4_TMS_Psychopy2024.2.5.psyexp,2024.2.5,2025-06-25 14h21.58.968910 +0200,
0,0,0,0,0,0,0,,,,,,,,,#D292F3,447.4538516998291,True,space,miss,None,1561.8159770965576,text_06,43,3,2back_dual_main_click,2,Insel,28,27,55,120,60,,,,,,,,,,,06,01,yes,no,no,2025-06-25_14h18.15.835,EXNAT_4_TMS_Psychopy2024.2.5.psyexp,2024.2.5,2025-06-25 14h21.58.968910 +0200,
0,0,0,0,0,0,0,,,,,,,,,#2AB7EF,449.06949949264526,False,space,correct rejection,None,1114.1088008880615,text_06,44,3,2back_dual_main_click,2,nach,28,27,55,120,60,,,,,,,,,,,06,01,yes,no,no,2025-06-25_14h18.15.835,EXNAT_4_TMS_Psychopy2024.2.5.psyexp,2024.2.5,2025-06-25 14h21.58.968910 +0200,
0,0,0,0,0,0,0,,,,,,,,,#F989A2,450.22310614585876,False,space,correct rejection,None,1784.6109867095947,text_06,45,3,2back_dual_main_click,2,dem,29,27,56,120,60,451.7157051563263,,,,,,,,,,06,01,yes,no,no,2025-06-25_14h18.15.835,EXNAT_4_TMS_Psychopy2024.2.5.psyexp,2024.2.5,2025-06-25 14h21.58.968910 +0200,
0,0,0,0,0,0,0,,,,,,,,,#F989A2,452.0603506565094,False,space,correct rejection,None,875.3125667572021,text_06,46,3,2back_dual_main_click,2,Prinzen,29,27,56,120,60,,,,,,,,,,,06,01,yes,no,no,2025-06-25_14h18.15.835,EXNAT_4_TMS_Psychopy2024.2.5.psyexp,2024.2.5,2025-06-25 14h21.58.968910 +0200,
0,0,0,0,0,0,0,,,,,,,,,#D292F3,452.99264883995056,False,space,correct rejection,None,1191.0099983215332,text_06,47,3,2back_dual_main_click,2,"Moritz,",29,27,56,120,60,,,,,,,,,,,06,01,yes,no,no,2025-06-25_14h18.15.835,EXNAT_4_TMS_Psychopy2024.2.5.psyexp,2024.2.5,2025-06-25 14h21.58.968910 +0200,
0,0,0,0,0,0,0,,,,,,,,,#88BA3F,454.2379238605499,False,space,correct rejection,None,1097.7532863616943,text_06,48,3,2back_dual_main_click,2,bauten,29,27,56,120,60,,,,,,,,,,,06,01,yes,no,no,2025-06-25_14h18.15.835,EXNAT_4_TMS_Psychopy2024.2.5.psyexp,2024.2.5,2025-06-25 14h21.58.968910 +0200,
0,0,0,0,0,0,0,,,,,,,,,#88BA3F,455.3922698497772,False,space,correct rejection,None,775.3477096557617,text_06,49,3,2back_dual_main_click,2,Zuckerrohr,29,27,56,120,60,,,,,,,,,,,06,01,yes,no,no,2025-06-25_14h18.15.835,EXNAT_4_TMS_Psychopy2024.2.5.psyexp,2024.2.5,2025-06-25 14h21.58.968910 +0200,
0,0,0,0,0,0,0,,,,,,,,,#F989A2,456.2207717895508,False,space,correct rejection,None,970.8459377288818,text_06,50,3,2back_dual_main_click,2,"an,",29,27,56,120,60,,,,,,,,,,,06,01,yes,no,no,2025-06-25_14h18.15.835,EXNAT_4_TMS_Psychopy2024.2.5.psyexp,2024.2.5,2025-06-25 14h21.58.968910 +0200,
0,0,0,0,0,0,0,,,,,,,,,#88BA3F,457.2478187084198,True,l,hit,1031.7201614379883,1575.7873058319092,text_06,51,3,2back_dual_main_click,2,errichteten,29,28,57,120,60,457.30009865760803,,,,,,,,,,06,01,yes,no,no,2025-06-25_14h18.15.835,EXNAT_4_TMS_Psychopy2024.2.5.psyexp,2024.2.5,2025-06-25 14h21.58.968910 +0200,
0,0,0,0,0,0,0,,,,,,,,,#88BA3F,458.8785514831543,False,space,correct rejection,None,697.0884799957275,text_06,52,3,2back_dual_main_click,2,Häuser,29,28,57,120,60,,,,,,,,,,,06,01,yes,no,no,2025-06-25_14h18.15.835,EXNAT_4_TMS_Psychopy2024.2.5.psyexp,2024.2.5,2025-06-25 14h21.58.968910 +0200,
0,0,0,0,0,0,0,,,,,,,,,#D292F3,459.6290228366852,False,space,correct rejection,None,1034.6546173095703,text_06,53,3,2back_dual_main_click,2,und,29,28,57,120,60,,,,,,,,,,,06,01,yes,no,no,2025-06-25_14h18.15.835,EXNAT_4_TMS_Psychopy2024.2.5.psyexp,2024.2.5,2025-06-25 14h21.58.968910 +0200,
0,0,0,0,0,0,0,,,,,,,,,#2AB7EF,460.7187080383301,False,space,correct rejection,None,1208.9948654174805,text_06,54,3,2back_dual_main_click,2,sammelten,29,28,57,120,60,,,,,,,,,,,06,01,yes,no,no,2025-06-25_14h18.15.835,EXNAT_4_TMS_Psychopy2024.2.5.psyexp,2024.2.5,2025-06-25 14h21.58.968910 +0200,
0,0,0,0,0,0,0,,,,,,,,,#D292F3,461.98362731933594,True,l,hit,632.0247650146484,1127.986192703247,text_06,55,3,2back_dual_main_click,2,Ebenholz.,29,28,57,120,60,,,,,,,,,,,06,01,yes,no,no,2025-06-25_14h18.15.835,EXNAT_4_TMS_Psychopy2024.2.5.psyexp,2024.2.5,2025-06-25 14h21.58.968910 +0200,
0,0,0,0,0,0,0,,,,,,,,,#F989A2,463.168657541275,False,space,correct rejection,None,647.0146179199219,text_06,56,3,2back_dual_main_click,2,Um,29,28,57,120,60,,,,,,,,,,,06,01,yes,no,no,2025-06-25_14h18.15.835,EXNAT_4_TMS_Psychopy2024.2.5.psyexp,2024.2.5,2025-06-25 14h21.58.968910 +0200,
0,0,0,0,0,0,0,,,,,,,,,#D292F3,463.8703694343567,True,l,hit,505.1848888397217,921.1764335632324,text_06,57,3,2back_dual_main_click,2,sich,29,29,58,120,60,463.9231700897217,,,,,,,,,,06,01,yes,no,no,2025-06-25_14h18.15.835,EXNAT_4_TMS_Psychopy2024.2.5.psyexp,2024.2.5,2025-06-25 14h21.58.968910 +0200,
0,0,0,0,0,0,0,,,,,,,,,#F989A2,464.8469076156616,True,l,hit,1432.8956604003906,1768.7244415283203,text_06,58,3,2back_dual_main_click,2,zu,29,29,58,120,60,,,,,,,,,,,06,01,yes,no,no,2025-06-25_14h18.15.835,EXNAT_4_TMS_Psychopy2024.2.5.psyexp,2024.2.5,2025-06-25 14h21.58.968910 +0200,
0,0,0,0,0,0,0,,,,,,,,,#2AB7EF,466.6706690788269,False,space,correct rejection,None,1128.9944648742676,text_06,59,3,2back_dual_main_click,2,"ernähren,",29,29,58,120,60,,,,,,,,,,,06,01,yes,no,no,2025-06-25_14h18.15.835,EXNAT_4_TMS_Psychopy2024.2.5.psyexp,2024.2.5,2025-06-25 14h21.58.968910 +0200,
0,0,0,0,0,0,0,,,,,,,,,#2AB7EF,467.8535451889038,False,space,correct rejection,None,586.0998630523682,text_06,60,3,2back_dual_main_click,2,jagten,29,29,58,120,60,,,,,,,,,,,06,01,yes,no,no,2025-06-25_14h18.15.835,EXNAT_4_TMS_Psychopy2024.2.5.psyexp,2024.2.5,2025-06-25 14h21.58.968910 +0200,
0,0,0,0,0,0,0,,,,,,,,,#F989A2,468.4945328235626,False,space,correct rejection,None,825.2356052398682,text_06,61,3,2back_dual_main_click,2,und,30,29,59,120,60,468.9230749607086,,,,,,,,,,06,01,yes,no,no,2025-06-25_14h18.15.835,EXNAT_4_TMS_Psychopy2024.2.5.psyexp,2024.2.5,2025-06-25 14h21.58.968910 +0200,
0,0,0,0,0,0,0,,,,,,,,,#88BA3F,469.3587579727173,False,space,correct rejection,None,1304.992914199829,text_06,62,3,2back_dual_main_click,2,rotteten,30,29,59,120,60,,,,,,,,,,,06,01,yes,no,no,2025-06-25_14h18.15.835,EXNAT_4_TMS_Psychopy2024.2.5.psyexp,2024.2.5,2025-06-25 14h21.58.968910 +0200,
0,0,0,0,0,0,0,,,,,,,,,#2AB7EF,470.7180685997009,False,l,false alarm,1417.710542678833,1801.3463020324707,text_06,63,3,2back_dual_main_click,2,sie,30,29,59,120,60,,,,,,,,,,,06,01,yes,no,no,2025-06-25_14h18.15.835,EXNAT_4_TMS_Psychopy2024.2.5.psyexp,2024.2.5,2025-06-25 14h21.58.968910 +0200,
0,0,0,0,0,0,0,,,,,,,,,#F989A2,472.55709409713745,False,space,correct rejection,None,1002.6907920837402,text_06,64,3,2back_dual_main_click,2,auch,30,29,59,120,60,,,,,,,,,,,06,01,yes,no,no,2025-06-25_14h18.15.835,EXNAT_4_TMS_Psychopy2024.2.5.psyexp,2024.2.5,2025-06-25 14h21.58.968910 +0200,
0,0,0,0,0,0,0,,,,,,,,,#2AB7EF,473.5988278388977,True,l,hit,424.78370666503906,824.6912956237793,text_06,65,3,2back_dual_main_click,2,den,30,30,60,120,60,473.92312479019165,,,,,,,,,,06,01,yes,no,no,2025-06-25_14h18.15.835,EXNAT_4_TMS_Psychopy2024.2.5.psyexp,2024.2.5,2025-06-25 14h21.58.968910 +0200,
0,0,0,0,0,0,0,,,,,,,,,#F989A2,474.4617974758148,True,l,hit,889.8913860321045,1289.6716594696045,text_06,66,3,2back_dual_main_click,2,Dodo,30,30,60,120,60,,,,,,,,,,,06,01,yes,no,no,2025-06-25_14h18.15.835,EXNAT_4_TMS_Psychopy2024.2.5.psyexp,2024.2.5,2025-06-25 14h21.58.968910 +0200,
0,0,0,0,0,0,0,,,,,,,,,#D292F3,475.80622124671936,False,space,correct rejection,None,729.3832302093506,text_06,67,3,2back_dual_main_click,2,aus.,30,30,60,120,60,,,,,,,,,,,06,01,yes,no,no,2025-06-25_14h18.15.835,EXNAT_4_TMS_Psychopy2024.2.5.psyexp,2024.2.5,2025-06-25 14h21.58.968910 +0200,
0,0,0,0,0,0,0,,,,,,,,,#D292F3,476.59011244773865,False,space,correct rejection,None,1017.4112319946289,text_06,68,3,2back_dual_main_click,2,Der,30,30,60,120,60,,,,,,,,,,,06,01,yes,no,no,2025-06-25_14h18.15.835,EXNAT_4_TMS_Psychopy2024.2.5.psyexp,2024.2.5,2025-06-25 14h21.58.968910 +0200,
0,0,0,0,0,0,0,,,,,,,,,#2AB7EF,477.6638185977936,False,space,correct rejection,None,1159.6410274505615,text_06,69,3,2back_dual_main_click,2,Dodo,30,30,60,120,60,,,,,,,,,,,06,01,yes,no,no,2025-06-25_14h18.15.835,EXNAT_4_TMS_Psychopy2024.2.5.psyexp,2024.2.5,2025-06-25 14h21.58.968910 +0200,
0,0,0,0,0,0,0,,,,,,,,,#D292F3,478.87837266921997,True,l,hit,569.164514541626,1081.2807083129883,text_06,70,3,2back_dual_main_click,2,ist,30,31,61,120,60,478.92910528182983,,,,,,,,,,06,01,yes,no,no,2025-06-25_14h18.15.835,EXNAT_4_TMS_Psychopy2024.2.5.psyexp,2024.2.5,2025-06-25 14h21.58.968910 +0200,
0,0,0,0,0,0,0,,,,,,,,,#88BA3F,480.0150394439697,False,space,correct rejection,None,952.7125358581543,text_06,71,3,2back_dual_main_click,2,ein,30,31,61,120,60,,,,,,,,,,,06,01,yes,no,no,2025-06-25_14h18.15.835,EXNAT_4_TMS_Psychopy2024.2.5.psyexp,2024.2.5,2025-06-25 14h21.58.968910 +0200,
0,0,0,0,0,0,0,,,,,,,,,#88BA3F,481.02280259132385,False,space,correct rejection,None,872.7519512176514,text_06,72,3,2back_dual_main_click,2,flugunfähiger,30,31,61,120,60,,,,,,,,,,,06,01,yes,no,no,2025-06-25_14h18.15.835,EXNAT_4_TMS_Psychopy2024.2.5.psyexp,2024.2.5,2025-06-25 14h21.58.968910 +0200,
0,0,0,0,0,0,0,,,,,,,,,#F989A2,481.9499673843384,False,space,correct rejection,None,1193.7432289123535,text_06,73,3,2back_dual_main_click,2,"Vogel,",30,31,61,120,60,,,,,,,,,,,06,01,yes,no,no,2025-06-25_14h18.15.835,EXNAT_4_TMS_Psychopy2024.2.5.psyexp,2024.2.5,2025-06-25 14h21.58.968910 +0200,
0,0,0,0,0,0,0,,,,,,,,,#D292F3,483.19912672042847,False,space,correct rejection,None,1784.4514846801758,text_06,74,3,2back_dual_main_click,2,der,31,31,62,120,60,483.9290554523468,,,,,,,,,,06,01,yes,no,no,2025-06-25_14h18.15.835,EXNAT_4_TMS_Psychopy2024.2.5.psyexp,2024.2.5,2025-06-25 14h21.58.968910 +0200,
0,0,0,0,0,0,0,,,,,,,,,#2AB7EF,485.0225512981415,False,space,correct rejection,None,1017.1246528625488,text_06,75,3,2back_dual_main_click,2,bis,31,31,62,120,60,,,,,,,,,,,06,01,yes,no,no,2025-06-25_14h18.15.835,EXNAT_4_TMS_Psychopy2024.2.5.psyexp,2024.2.5,2025-06-25 14h21.58.968910 +0200,
0,0,0,0,0,0,0,,,,,,,,,#F989A2,486.0795452594757,False,space,correct rejection,None,1096.2188243865967,text_06,76,3,2back_dual_main_click,2,heute,31,31,62,120,60,,,,,,,,,,,06,01,yes,no,no,2025-06-25_14h18.15.835,EXNAT_4_TMS_Psychopy2024.2.5.psyexp,2024.2.5,2025-06-25 14h21.58.968910 +0200,
0,0,0,0,0,0,0,,,,,,,,,#2AB7EF,487.23069739341736,True,space,miss,None,1304.8505783081055,text_06,77,3,2back_dual_main_click,2,das,31,31,62,120,60,,,,,,,,,,,06,01,yes,no,no,2025-06-25_14h18.15.835,EXNAT_4_TMS_Psychopy2024.2.5.psyexp,2024.2.5,2025-06-25 14h21.58.968910 +0200,
0,0,0,0,0,0,0,,,,,,,,,#88BA3F,488.5930280685425,False,NA,correct rejection,None,5000,text_06,78,3,2back_dual_main_click,2,Nationalsymbol,32,31,63,120,60,488.92919421195984,,,,,,,,,,06,01,yes,no,no,2025-06-25_14h18.15.835,EXNAT_4_TMS_Psychopy2024.2.5.psyexp,2024.2.5,2025-06-25 14h21.58.968910 +0200,
0,0,0,0,0,0,0,,,,,,,,,#88BA3F,493.72241830825806,False,space,correct rejection,None,173.1436252593994,text_06,79,3,2back_dual_main_click,2,der,32,31,63,120,60,,,,,,,,,,,06,01,yes,no,no,2025-06-25_14h18.15.835,EXNAT_4_TMS_Psychopy2024.2.5.psyexp,2024.2.5,2025-06-25 14h21.58.968910 +0200,
0,0,0,0,0,0,0,,,,,,,,,#D292F3,493.93980860710144,False,space,correct rejection,None,915.8682823181152,text_06,80,3,2back_dual_main_click,2,Insel,33,31,64,120,60,493.9906623363495,,,,,,,,,,06,01,yes,no,no,2025-06-25_14h18.15.835,EXNAT_4_TMS_Psychopy2024.2.5.psyexp,2024.2.5,2025-06-25 14h21.58.968910 +0200,
0,0,0,0,0,0,0,,,,,,,,,#D292F3,494.89559054374695,False,space,correct rejection,None,1240.0095462799072,text_06,81,3,2back_dual_main_click,2,ist.,33,31,64,120,60,,,,,,,,,,,06,01,yes,no,no,2025-06-25_14h18.15.835,EXNAT_4_TMS_Psychopy2024.2.5.psyexp,2024.2.5,2025-06-25 14h21.58.968910 +0200,
0,0,0,0,0,0,0,,,,,,,,,#88BA3F,496.18893790245056,False,space,correct rejection,None,1226.5875339508057,text_06,82,3,2back_dual_main_click,2,Nachdem,33,31,64,120,60,,,,,,,,,,,06,01,yes,no,no,2025-06-25_14h18.15.835,EXNAT_4_TMS_Psychopy2024.2.5.psyexp,2024.2.5,2025-06-25 14h21.58.968910 +0200,
0,0,0,0,0,0,0,,,,,,,,,#2AB7EF,497.45645570755005,False,space,correct rejection,None,1127.2506713867188,text_06,83,3,2back_dual_main_click,2,die,33,31,64,120,60,,,,,,,,,,,06,01,yes,no,no,2025-06-25_14h18.15.835,EXNAT_4_TMS_Psychopy2024.2.5.psyexp,2024.2.5,2025-06-25 14h21.58.968910 +0200,
0,0,0,0,0,0,0,,,,,,,,,#F989A2,498.62445735931396,False,space,correct rejection,None,1463.2644653320312,text_06,84,3,2back_dual_main_click,2,Natur,33,31,64,120,60,,,,,,,,,,,06,01,yes,no,no,2025-06-25_14h18.15.835,EXNAT_4_TMS_Psychopy2024.2.5.psyexp,2024.2.5,2025-06-25 14h21.58.968910 +0200,
0,0,0,0,0,0,0,,,,,,,,,#F989A2,500.12747406959534,False,space,correct rejection,None,856.2285900115967,text_06,85,3,2back_dual_main_click,2,stark,33,31,64,120,60,,,,,,,,,,,06,01,yes,no,no,2025-06-25_14h18.15.835,EXNAT_4_TMS_Psychopy2024.2.5.psyexp,2024.2.5,2025-06-25 14h21.58.968910 +0200,
0,0,0,0,0,0,0,,,,,,,,,#D292F3,501.02597308158875,False,space,correct rejection,None,901.7393589019775,text_06,86,3,2back_dual_main_click,2,beschädigt,33,31,64,120,60,,,,,,,,,,,06,01,yes,no,no,2025-06-25_14h18.15.835,EXNAT_4_TMS_Psychopy2024.2.5.psyexp,2024.2.5,2025-06-25 14h21.58.968910 +0200,
0,0,0,0,0,0,0,,,,,,,,,#D292F3,501.96731996536255,False,space,correct rejection,None,1304.4371604919434,text_06,87,3,2back_dual_main_click,2,worden,33,31,64,120,60,,,,,,,,,,,06,01,yes,no,no,2025-06-25_14h18.15.835,EXNAT_4_TMS_Psychopy2024.2.5.psyexp,2024.2.5,2025-06-25 14h21.58.968910 +0200,
0,0,0,0,0,0,0,,,,,,,,,#2AB7EF,503.31321716308594,False,space,correct rejection,None,1078.3631801605225,text_06,88,3,2back_dual_main_click,2,"war,",33,31,64,120,60,,,,,,,,,,,06,01,yes,no,no,2025-06-25_14h18.15.835,EXNAT_4_TMS_Psychopy2024.2.5.psyexp,2024.2.5,2025-06-25 14h21.58.968910 +0200,
0,0,0,0,0,0,0,,,,,,,,,#D292F3,504.4467010498047,True,l,hit,904.7684669494629,1337.0237350463867,text_06,89,3,2back_dual_main_click,2,verließen,33,32,65,120,60,504.5218484401703,,,,,,,,,,06,01,yes,no,no,2025-06-25_14h18.15.835,EXNAT_4_TMS_Psychopy2024.2.5.psyexp,2024.2.5,2025-06-25 14h21.58.968910 +0200,
0,0,0,0,0,0,0,,,,,,,,,#F989A2,505.82396697998047,False,space,correct rejection,None,743.757963180542,text_06,90,3,2back_dual_main_click,2,die,33,32,65,120,60,,,,,,,,,,,06,01,yes,no,no,2025-06-25_14h18.15.835,EXNAT_4_TMS_Psychopy2024.2.5.psyexp,2024.2.5,2025-06-25 14h21.58.968910 +0200,
0,0,0,0,0,0,0,,,,,,,,,#F989A2,506.6083517074585,False,space,correct rejection,None,839.3492698669434,text_06,91,3,2back_dual_main_click,2,Holländer,33,32,65,120,60,,,,,,,,,,,06,01,yes,no,no,2025-06-25_14h18.15.835,EXNAT_4_TMS_Psychopy2024.2.5.psyexp,2024.2.5,2025-06-25 14h21.58.968910 +0200,
0,0,0,0,0,0,0,,,,,,,,,#2AB7EF,507.48596358299255,False,space,correct rejection,None,1385.8349323272705,text_06,92,3,2back_dual_main_click,2,die,33,32,65,120,60,,,,,,,,,,,06,01,yes,no,no,2025-06-25_14h18.15.835,EXNAT_4_TMS_Psychopy2024.2.5.psyexp,2024.2.5,2025-06-25 14h21.58.968910 +0200,
0,0,0,0,0,0,0,,,,,,,,,#2AB7EF,508.9112112522125,False,space,correct rejection,None,664.4783020019531,text_06,93,3,2back_dual_main_click,2,Insel.,34,32,66,120,60,509.5217912197113,,,,,,,,,,06,01,yes,no,no,2025-06-25_14h18.15.835,EXNAT_4_TMS_Psychopy2024.2.5.psyexp,2024.2.5,2025-06-25 14h21.58.968910 +0200,
0,0,0,0,0,0,0,,,,,,,,,#88BA3F,509.61519479751587,False,space,correct rejection,None,856.4293384552002,text_06,94,3,2back_dual_main_click,2,Es,34,32,66,120,60,,,,,,,,,,,06,01,yes,no,no,2025-06-25_14h18.15.835,EXNAT_4_TMS_Psychopy2024.2.5.psyexp,2024.2.5,2025-06-25 14h21.58.968910 +0200,
0,0,0,0,0,0,0,,,,,,,,,#88BA3F,510.51022005081177,False,space,correct rejection,None,857.3191165924072,text_06,95,3,2back_dual_main_click,2,folgten,34,32,66,120,60,,,,,,,,,,,06,01,yes,no,no,2025-06-25_14h18.15.835,EXNAT_4_TMS_Psychopy2024.2.5.psyexp,2024.2.5,2025-06-25 14h21.58.968910 +0200,
0,0,0,0,0,0,0,,,,,,,,,#88BA3F,511.40323209762573,True,l,hit,1292.4847602844238,1644.3531513214111,text_06,96,3,2back_dual_main_click,2,erbitterte,34,32,66,120,60,,,,,,,,,,,06,01,yes,no,no,2025-06-25_14h18.15.835,EXNAT_4_TMS_Psychopy2024.2.5.psyexp,2024.2.5,2025-06-25 14h21.58.968910 +0200,
0,0,0,0,0,0,0,,,,,,,,,#88BA3F,513.0872402191162,True,l,hit,936.4328384399414,1272.3474502563477,text_06,97,3,2back_dual_main_click,2,Kämpfe,34,32,66,120,60,,,,,,,,,,,06,01,yes,no,no,2025-06-25_14h18.15.835,EXNAT_4_TMS_Psychopy2024.2.5.psyexp,2024.2.5,2025-06-25 14h21.58.968910 +0200,
0,0,0,0,0,0,0,,,,,,,,,#88BA3F,514.4001379013062,True,space,miss,None,1319.4775581359863,text_06,98,3,2back_dual_main_click,2,zwischen,34,33,67,120,60,514.521733045578,,,,,,,,,,06,01,yes,no,no,2025-06-25_14h18.15.835,EXNAT_4_TMS_Psychopy2024.2.5.psyexp,2024.2.5,2025-06-25 14h21.58.968910 +0200,
0,0,0,0,0,0,0,,,,,,,,,#F989A2,515.760585308075,False,space,correct rejection,None,807.274580001831,text_06,99,3,2back_dual_main_click,2,Briten,34,33,67,120,60,,,,,,,,,,,06,01,yes,no,no,2025-06-25_14h18.15.835,EXNAT_4_TMS_Psychopy2024.2.5.psyexp,2024.2.5,2025-06-25 14h21.58.968910 +0200,
0,0,0,0,0,0,0,,,,,,,,,#2AB7EF,516.6083319187164,False,space,correct rejection,None,887.171745300293,text_06,100,3,2back_dual_main_click,2,und,34,33,67,120,60,,,,,,,,,,,06,01,yes,no,no,2025-06-25_14h18.15.835,EXNAT_4_TMS_Psychopy2024.2.5.psyexp,2024.2.5,2025-06-25 14h21.58.968910 +0200,
0,0,0,0,0,0,0,,,,,,,,,#D292F3,517.5336863994598,False,space,correct rejection,None,1066.155195236206,text_06,101,3,2back_dual_main_click,2,Franzosen,34,33,67,120,60,,,,,,,,,,,06,01,yes,no,no,2025-06-25_14h18.15.835,EXNAT_4_TMS_Psychopy2024.2.5.psyexp,2024.2.5,2025-06-25 14h21.58.968910 +0200,
0,0,0,0,0,0,0,,,,,,,,,#F989A2,518.6543726921082,False,l,false alarm,937.4558925628662,1353.2867431640625,text_06,102,3,2back_dual_main_click,2,um,35,33,68,120,60,519.5218291282654,,,,,,,,,,06,01,yes,no,no,2025-06-25_14h18.15.835,EXNAT_4_TMS_Psychopy2024.2.5.psyexp,2024.2.5,2025-06-25 14h21.58.968910 +0200,
0,0,0,0,0,0,0,,,,,,,,,#D292F3,520.0618853569031,True,l,hit,809.8375797271729,1065.6704902648926,text_06,103,3,2back_dual_main_click,2,die,35,33,68,120,60,,,,,,,,,,,06,01,yes,no,no,2025-06-25_14h18.15.835,EXNAT_4_TMS_Psychopy2024.2.5.psyexp,2024.2.5,2025-06-25 14h21.58.968910 +0200,
0,0,0,0,0,0,0,,,,,,,,,#D292F3,521.1674988269806,False,space,correct rejection,None,680.1683902740479,text_06,104,3,2back_dual_main_click,2,Kontrolle,35,33,68,120,60,,,,,,,,,,,06,01,yes,no,no,2025-06-25_14h18.15.835,EXNAT_4_TMS_Psychopy2024.2.5.psyexp,2024.2.5,2025-06-25 14h21.58.968910 +0200,
0,0,0,0,0,0,0,,,,,,,,,#2AB7EF,521.8867340087891,False,space,correct rejection,None,616.8949604034424,text_06,105,3,2back_dual_main_click,2,der,35,33,68,120,60,,,,,,,,,,,06,01,yes,no,no,2025-06-25_14h18.15.835,EXNAT_4_TMS_Psychopy2024.2.5.psyexp,2024.2.5,2025-06-25 14h21.58.968910 +0200,
0,0,0,0,0,0,0,,,,,,,,,#2AB7EF,522.540723323822,False,space,correct rejection,None,1242.84029006958,text_06,106,3,2back_dual_main_click,2,Insel.,35,33,68,120,60,,,,,,,,,,,06,01,yes,no,no,2025-06-25_14h18.15.835,EXNAT_4_TMS_Psychopy2024.2.5.psyexp,2024.2.5,2025-06-25 14h21.58.968910 +0200,
0,0,0,0,0,0,0,,,,,,,,,#F989A2,523.8389148712158,False,space,correct rejection,None,744.6863651275635,text_06,107,3,2back_dual_main_click,2,Die,35,33,68,120,60,,,,,,,,,,,06,01,yes,no,no,2025-06-25_14h18.15.835,EXNAT_4_TMS_Psychopy2024.2.5.psyexp,2024.2.5,2025-06-25 14h21.58.968910 +0200,
0,0,0,0,0,0,0,,,,,,,,,#88BA3F,524.6246647834778,False,space,correct rejection,None,470.8724021911621,text_06,108,3,2back_dual_main_click,2,Bevölkerung,35,33,68,120,60,,,,,,,,,,,06,01,yes,no,no,2025-06-25_14h18.15.835,EXNAT_4_TMS_Psychopy2024.2.5.psyexp,2024.2.5,2025-06-25 14h21.58.968910 +0200,
0,0,0,0,0,0,0,,,,,,,,,#D292F3,525.1337206363678,False,space,correct rejection,None,841.8822288513184,text_06,109,3,2back_dual_main_click,2,setzte,35,33,68,120,60,,,,,,,,,,,06,01,yes,no,no,2025-06-25_14h18.15.835,EXNAT_4_TMS_Psychopy2024.2.5.psyexp,2024.2.5,2025-06-25 14h21.58.968910 +0200,
0,0,0,0,0,0,0,,,,,,,,,#88BA3F,526.0172190666199,True,space,miss,None,1286.5347862243652,text_06,110,3,2back_dual_main_click,2,sich,35,33,68,120,60,,,,,,,,,,,06,01,yes,no,no,2025-06-25_14h18.15.835,EXNAT_4_TMS_Psychopy2024.2.5.psyexp,2024.2.5,2025-06-25 14h21.58.968910 +0200,
0,0,0,0,0,0,0,,,,,,,,,#F989A2,527.3438701629639,False,space,correct rejection,None,823.693037033081,text_06,111,3,2back_dual_main_click,2,damals,35,33,68,120,60,,,,,,,,,,,06,01,yes,no,no,2025-06-25_14h18.15.835,EXNAT_4_TMS_Psychopy2024.2.5.psyexp,2024.2.5,2025-06-25 14h21.58.968910 +0200,
0,0,0,0,0,0,0,,,,,,,,,#88BA3F,528.2181327342987,True,l,hit,461.55595779418945,829.4758796691895,text_06,112,3,2back_dual_main_click,2,aus,35,34,69,120,60,528.2707803249359,,,,,,,,,,06,01,yes,no,no,2025-06-25_14h18.15.835,EXNAT_4_TMS_Psychopy2024.2.5.psyexp,2024.2.5,2025-06-25 14h21.58.968910 +0200,
0,0,0,0,0,0,0,,,,,,,,,#D292F3,529.1036169528961,False,space,correct rejection,None,808.0048561096191,text_06,113,3,2back_dual_main_click,2,afrikanischen,35,34,69,120,60,,,,,,,,,,,06,01,yes,no,no,2025-06-25_14h18.15.835,EXNAT_4_TMS_Psychopy2024.2.5.psyexp,2024.2.5,2025-06-25 14h21.58.968910 +0200,
0,0,0,0,0,0,0,,,,,,,,,#2AB7EF,529.9679653644562,False,space,correct rejection,None,615.7643795013428,text_06,114,3,2back_dual_main_click,2,"Sklaven,",35,34,69,120,60,,,,,,,,,,,06,01,yes,no,no,2025-06-25_14h18.15.835,EXNAT_4_TMS_Psychopy2024.2.5.psyexp,2024.2.5,2025-06-25 14h21.58.968910 +0200,
0,0,0,0,0,0,0,,,,,,,,,#88BA3F,530.6396384239197,False,l,false alarm,1064.0795230865479,1448.0531215667725,text_06,115,3,2back_dual_main_click,2,indischen,35,34,69,120,60,,,,,,,,,,,06,01,yes,no,no,2025-06-25_14h18.15.835,EXNAT_4_TMS_Psychopy2024.2.5.psyexp,2024.2.5,2025-06-25 14h21.58.968910 +0200,
0,0,0,0,0,0,0,,,,,,,,,#D292F3,532.1467726230621,False,space,correct rejection,None,1076.7769813537598,text_06,116,3,2back_dual_main_click,2,Arbeitern,35,34,69,120,60,,,,,,,,,,,06,01,yes,no,no,2025-06-25_14h18.15.835,EXNAT_4_TMS_Psychopy2024.2.5.psyexp,2024.2.5,2025-06-25 14h21.58.968910 +0200,
0,0,0,0,0,0,0,,,,,,,,,#F989A2,533.2803909778595,False,space,correct rejection,None,1175.403356552124,text_06,117,3,2back_dual_main_click,2,sowie,35,34,69,120,60,,,,,,,,,,,06,01,yes,no,no,2025-06-25_14h18.15.835,EXNAT_4_TMS_Psychopy2024.2.5.psyexp,2024.2.5,2025-06-25 14h21.58.968910 +0200,
0,0,0,0,0,0,0,,,,,,,,,#2AB7EF,534.5128443241119,False,space,correct rejection,None,1286.9961261749268,text_06,118,3,2back_dual_main_click,2,muslimischen,35,34,69,120,60,,,,,,,,,,,06,01,yes,no,no,2025-06-25_14h18.15.835,EXNAT_4_TMS_Psychopy2024.2.5.psyexp,2024.2.5,2025-06-25 14h21.58.968910 +0200,
0,0,0,0,0,0,0,,,,,,,,,#F989A2,535.8553302288055,True,l,hit,520.2465057373047,936.2583160400391,text_06,119,3,2back_dual_main_click,2,und,35,35,70,120,60,535.9100635051727,,,,,,,,,,06,01,yes,no,no,2025-06-25_14h18.15.835,EXNAT_4_TMS_Psychopy2024.2.5.psyexp,2024.2.5,2025-06-25 14h21.58.968910 +0200,
0,0,0,0,0,0,0,,,,,,,,,#2AB7EF,536.832433462143,True,l,hit,887.2010707855225,1207.1888446807861,text_06,120,3,2back_dual_main_click,2,chinesischen,35,35,70,120,60,,,,,,,,,,,06,01,yes,no,no,2025-06-25_14h18.15.835,EXNAT_4_TMS_Psychopy2024.2.5.psyexp,2024.2.5,2025-06-25 14h21.58.968910 +0200,
0,0,0,0,0,0,0,,,,,,,,,#2AB7EF,538.0794219970703,False,space,correct rejection,None,664.3064022064209,text_06,121,3,2back_dual_main_click,2,Händlern,35,35,70,120,60,,,,,,,,,,,06,01,yes,no,no,2025-06-25_14h18.15.835,EXNAT_4_TMS_Psychopy2024.2.5.psyexp,2024.2.5,2025-06-25 14h21.58.968910 +0200,
0,0,0,0,0,0,0,,,,,,,,,#2AB7EF,538.7820444107056,True,space,miss,None,601.5763282775879,text_06,122,3,2back_dual_main_click,2,zusammen.,35,35,70,120,60,,,,,,,,,,,06,01,yes,no,no,2025-06-25_14h18.15.835,EXNAT_4_TMS_Psychopy2024.2.5.psyexp,2024.2.5,2025-06-25 14h21.58.968910 +0200,
0,0,0,0,0,0,0,,,,,,,,,#F989A2,539.4247403144836,False,space,correct rejection,None,1030.8425426483154,text_06,123,3,2back_dual_main_click,2,Ihre,35,35,70,120,60,,,,,,,,,,,06,01,yes,no,no,2025-06-25_14h18.15.835,EXNAT_4_TMS_Psychopy2024.2.5.psyexp,2024.2.5,2025-06-25 14h21.58.968910 +0200,
0,0,0,0,0,0,0,,,,,,,,,#88BA3F,540.4970076084137,False,space,correct rejection,None,806.663990020752,text_06,124,3,2back_dual_main_click,2,Nachfahren,36,35,71,120,60,540.9100131988525,,,,,,,,,,06,01,yes,no,no,2025-06-25_14h18.15.835,EXNAT_4_TMS_Psychopy2024.2.5.psyexp,2024.2.5,2025-06-25 14h21.58.968910 +0200,
0,0,0,0,0,0,0,,,,,,,,,#D292F3,541.343820810318,False,space,correct rejection,None,983.8950634002686,text_06,125,3,2back_dual_main_click,2,bilden,36,35,71,120,60,,,,,,,,,,,06,01,yes,no,no,2025-06-25_14h18.15.835,EXNAT_4_TMS_Psychopy2024.2.5.psyexp,2024.2.5,2025-06-25 14h21.58.968910 +0200,
0,0,0,0,0,0,0,,,,,,,,,#D292F3,542.3686907291412,False,space,correct rejection,None,791.0568714141846,text_06,126,3,2back_dual_main_click,2,heute,36,35,71,120,60,,,,,,,,,,,06,01,yes,no,no,2025-06-25_14h18.15.835,EXNAT_4_TMS_Psychopy2024.2.5.psyexp,2024.2.5,2025-06-25 14h21.58.968910 +0200,
0,0,0,0,0,0,0,,,,,,,,,#F989A2,543.1980545520782,False,space,correct rejection,None,937.6876354217529,text_06,127,3,2back_dual_main_click,2,eine,36,35,71,120,60,,,,,,,,,,,06,01,yes,no,no,2025-06-25_14h18.15.835,EXNAT_4_TMS_Psychopy2024.2.5.psyexp,2024.2.5,2025-06-25 14h21.58.968910 +0200,
0,0,0,0,0,0,0,,,,,,,,,#88BA3F,544.1769123077393,False,space,correct rejection,None,870.821475982666,text_06,128,3,2back_dual_main_click,2,der,36,35,71,120,60,,,,,,,,,,,06,01,yes,no,no,2025-06-25_14h18.15.835,EXNAT_4_TMS_Psychopy2024.2.5.psyexp,2024.2.5,2025-06-25 14h21.58.968910 +0200,
0,0,0,0,0,0,0,,,,,,,,,#D292F3,545.0874061584473,False,space,correct rejection,None,1352.3304462432861,text_06,129,3,2back_dual_main_click,2,wenigen,37,35,72,120,60,545.910012960434,,,,,,,,,,06,01,yes,no,no,2025-06-25_14h18.15.835,EXNAT_4_TMS_Psychopy2024.2.5.psyexp,2024.2.5,2025-06-25 14h21.58.968910 +0200,
0,0,0,0,0,0,0,,,,,,,,,#88BA3F,546.4797158241272,True,l,hit,967.9722785949707,2119.9581623077393,text_06,130,3,2back_dual_main_click,2,multikulturellen,37,35,72,120,60,,,,,,,,,,,06,01,yes,no,no,2025-06-25_14h18.15.835,EXNAT_4_TMS_Psychopy2024.2.5.psyexp,2024.2.5,2025-06-25 14h21.58.968910 +0200,
0,0,0,0,0,0,0,,,,,,,,,#2AB7EF,548.6555788516998,False,space,correct rejection,None,648.1530666351318,text_06,131,3,2back_dual_main_click,2,Gesellschaften,37,35,72,120,60,,,,,,,,,,,06,01,yes,no,no,2025-06-25_14h18.15.835,EXNAT_4_TMS_Psychopy2024.2.5.psyexp,2024.2.5,2025-06-25 14h21.58.968910 +0200,
0,0,0,0,0,0,0,,,,,,,,,#F989A2,549.359925031662,False,space,correct rejection,None,759.7453594207764,text_06,132,3,2back_dual_main_click,2,weltweit.,37,35,72,120,60,,,,,,,,,,,06,01,yes,no,no,2025-06-25_14h18.15.835,EXNAT_4_TMS_Psychopy2024.2.5.psyexp,2024.2.5,2025-06-25 14h21.58.968910 +0200,
0,0,0,0,0,0,0,,,,,,,,,#D292F3,550.17595744133,False,space,correct rejection,None,839.7760391235352,text_06,133,3,2back_dual_main_click,2,Die,37,35,72,120,60,,,,,,,,,,,06,01,yes,no,no,2025-06-25_14h18.15.835,EXNAT_4_TMS_Psychopy2024.2.5.psyexp,2024.2.5,2025-06-25 14h21.58.968910 +0200,
0,0,0,0,0,0,0,,,,,,,,,#88BA3F,551.0718815326691,False,space,correct rejection,None,1079.7221660614014,text_06,134,3,2back_dual_main_click,2,Geschichte,37,35,72,120,60,,,,,,,,,,,06,01,yes,no,no,2025-06-25_14h18.15.835,EXNAT_4_TMS_Psychopy2024.2.5.psyexp,2024.2.5,2025-06-25 14h21.58.968910 +0200,
0,0,0,0,0,0,0,,,,,,,,,#D292F3,552.2050750255585,True,space,miss,None,1034.637451171875,text_06,135,3,2back_dual_main_click,2,von,37,36,73,120,60,552.2577590942383,,,,,,,,,,06,01,yes,no,no,2025-06-25_14h18.15.835,EXNAT_4_TMS_Psychopy2024.2.5.psyexp,2024.2.5,2025-06-25 14h21.58.968910 +0200,
0,0,0,0,0,0,0,,,,,,,,,#D292F3,553.29452252388,False,space,correct rejection,None,713.1907939910889,text_06,136,3,2back_dual_main_click,2,Mauritius,37,36,73,120,60,,,,,,,,,,,06,01,yes,no,no,2025-06-25_14h18.15.835,EXNAT_4_TMS_Psychopy2024.2.5.psyexp,2024.2.5,2025-06-25 14h21.58.968910 +0200,
0,0,0,0,0,0,0,,,,,,,,,#2AB7EF,554.0632407665253,False,space,correct rejection,None,728.3909320831299,text_06,137,3,2back_dual_main_click,2,"zeigt,",37,36,73,120,60,,,,,,,,,,,06,01,yes,no,no,2025-06-25_14h18.15.835,EXNAT_4_TMS_Psychopy2024.2.5.psyexp,2024.2.5,2025-06-25 14h21.58.968910 +0200,
0,0,0,0,0,0,0,,,,,,,,,#2AB7EF,554.8467440605164,False,space,correct rejection,None,872.9591369628906,text_06,138,3,2back_dual_main_click,2,wie,37,36,73,120,60,,,,,,,,,,,06,01,yes,no,no,2025-06-25_14h18.15.835,EXNAT_4_TMS_Psychopy2024.2.5.psyexp,2024.2.5,2025-06-25 14h21.58.968910 +0200,
0,0,0,0,0,0,0,,,,,,,,,#F989A2,555.7748863697052,False,space,correct rejection,None,1080.8496475219727,text_06,139,3,2back_dual_main_click,2,"Kolonialismus,",37,36,73,120,60,,,,,,,,,,,06,01,yes,no,no,2025-06-25_14h18.15.835,EXNAT_4_TMS_Psychopy2024.2.5.psyexp,2024.2.5,2025-06-25 14h21.58.968910 +0200,
0,0,0,0,0,0,0,,,,,,,,,#88BA3F,556.9121227264404,False,space,correct rejection,None,695.5859661102295,text_06,140,3,2back_dual_main_click,2,Handel,37,36,73,120,60,,,,,,,,,,,06,01,yes,no,no,2025-06-25_14h18.15.835,EXNAT_4_TMS_Psychopy2024.2.5.psyexp,2024.2.5,2025-06-25 14h21.58.968910 +0200,
0,0,0,0,0,0,0,,,,,,,,,#2AB7EF,557.6613254547119,False,space,correct rejection,None,682.265043258667,text_06,141,3,2back_dual_main_click,2,und,38,36,74,120,60,557.7360074520111,,,,,,,,,,06,01,yes,no,no,2025-06-25_14h18.15.835,EXNAT_4_TMS_Psychopy2024.2.5.psyexp,2024.2.5,2025-06-25 14h21.58.968910 +0200,
0,0,0,0,0,0,0,,,,,,,,,#88BA3F,558.3835482597351,True,l,hit,631.9866180419922,1095.9279537200928,text_06,142,3,2back_dual_main_click,2,Migration,38,36,74,120,60,,,,,,,,,,,06,01,yes,no,no,2025-06-25_14h18.15.835,EXNAT_4_TMS_Psychopy2024.2.5.psyexp,2024.2.5,2025-06-25 14h21.58.968910 +0200,
0,0,0,0,0,0,0,,,,,,,,,#F989A2,559.5188167095184,False,space,correct rejection,None,1000.9076595306396,text_06,143,3,2back_dual_main_click,2,eine,38,36,74,120,60,,,,,,,,,,,06,01,yes,no,no,2025-06-25_14h18.15.835,EXNAT_4_TMS_Psychopy2024.2.5.psyexp,2024.2.5,2025-06-25 14h21.58.968910 +0200,
0,0,0,0,0,0,0,,,,,,,,,#F989A2,560.5606203079224,False,space,correct rejection,None,599.0920066833496,text_06,144,3,2back_dual_main_click,2,kleine,38,36,74,120,60,,,,,,,,,,,06,01,yes,no,no,2025-06-25_14h18.15.835,EXNAT_4_TMS_Psychopy2024.2.5.psyexp,2024.2.5,2025-06-25 14h21.58.968910 +0200,
0,0,0,0,0,0,0,,,,,,,,,#2AB7EF,561.198812007904,False,space,correct rejection,None,648.9391326904297,text_06,145,3,2back_dual_main_click,2,Insel,38,36,74,120,60,,,,,,,,,,,06,01,yes,no,no,2025-06-25_14h18.15.835,EXNAT_4_TMS_Psychopy2024.2.5.psyexp,2024.2.5,2025-06-25 14h21.58.968910 +0200,
0,0,0,0,0,0,0,,,,,,,,,#D292F3,561.8887491226196,False,space,correct rejection,None,839.0457630157471,text_06,146,3,2back_dual_main_click,2,bis,38,36,74,120,60,,,,,,,,,,,06,01,yes,no,no,2025-06-25_14h18.15.835,EXNAT_4_TMS_Psychopy2024.2.5.psyexp,2024.2.5,2025-06-25 14h21.58.968910 +0200,
0,0,0,0,0,0,0,,,,,,,,,#D292F3,562.7671582698822,False,space,correct rejection,None,1032.5794219970703,text_06,147,3,2back_dual_main_click,2,heute,38,36,74,120,60,,,,,,,,,,,06,01,yes,no,no,2025-06-25_14h18.15.835,EXNAT_4_TMS_Psychopy2024.2.5.psyexp,2024.2.5,2025-06-25 14h21.58.968910 +0200,
0,0,0,0,0,0,0,,,,,,,,,#88BA3F,563.8397159576416,False,space,correct rejection,None,743.941068649292,text_06,148,3,2back_dual_main_click,2,tief,38,36,74,120,60,,,,,,,,,,,06,01,yes,no,no,2025-06-25_14h18.15.835,EXNAT_4_TMS_Psychopy2024.2.5.psyexp,2024.2.5,2025-06-25 14h21.58.968910 +0200,
0,0,0,0,0,0,0,,,,,,,,,#F989A2,564.6238579750061,False,space,correct rejection,None,695.8637237548828,text_06,149,3,2back_dual_main_click,2,geprägt,38,36,74,120,60,,,,,,,,,,,06,01,yes,no,no,2025-06-25_14h18.15.835,EXNAT_4_TMS_Psychopy2024.2.5.psyexp,2024.2.5,2025-06-25 14h21.58.968910 +0200,
0,0,0,0,0,0,0,,,,,,,,,#2AB7EF,565.3598427772522,False,space,correct rejection,None,743.9138889312744,text_06,150,3,2back_dual_main_click,2,haben.,38,36,74,120,60,,,,,,,,,,,06,01,yes,no,no,2025-06-25_14h18.15.835,EXNAT_4_TMS_Psychopy2024.2.5.psyexp,2024.2.5,2025-06-25 14h21.58.968910 +0200,
0,0,0,0,0,0,0,,,,,,,,,,566.1530532836914,,1,,,,text_06,,3,2back_dual_main_click,,,,,,,,,Q1,a,True,,,,,,,06,01,yes,no,no,2025-06-25_14h18.15.835,EXNAT_4_TMS_Psychopy2024.2.5.psyexp,2024.2.5,2025-06-25 14h21.58.968910 +0200,
0,0,0,0,0,0,0,,,,,,,,,,569.2016379833221,,3,,,,text_06,,3,2back_dual_main_click,,,,,,,,,Q2,c,True,,,,,,,06,01,yes,no,no,2025-06-25_14h18.15.835,EXNAT_4_TMS_Psychopy2024.2.5.psyexp,2024.2.5,2025-06-25 14h21.58.968910 +0200,
0,0,0,0,0,0,0,,,,,,,,,,571.8436341285706,,4,,,,text_06,,3,2back_dual_main_click,,,,,,,,,Q3,d,True,,,,,,,06,01,yes,no,no,2025-06-25_14h18.15.835,EXNAT_4_TMS_Psychopy2024.2.5.psyexp,2024.2.5,2025-06-25 14h21.58.968910 +0200,
0,0,0,0,0,0,0,,,,,,,,,#88BA3F,584.0229477882385,False,space,correct rejection,None,1216.8569564819336,text_07,1,4,2back_dual_main_click,2,Angkor,38,36,74,120,60,,,,,,,,,,,06,01,yes,no,no,2025-06-25_14h18.15.835,EXNAT_4_TMS_Psychopy2024.2.5.psyexp,2024.2.5,2025-06-25 14h21.58.968910 +0200,
0,0,0,0,0,0,0,,,,,,,,,#88BA3F,585.2762160301208,False,space,correct rejection,None,539.5052433013916,text_07,2,4,2back_dual_main_click,2,Wat,38,36,74,120,60,,,,,,,,,,,06,01,yes,no,no,2025-06-25_14h18.15.835,EXNAT_4_TMS_Psychopy2024.2.5.psyexp,2024.2.5,2025-06-25 14h21.58.968910 +0200,
0,0,0,0,0,0,0,,,,,,,,,#D292F3,585.8548305034637,False,space,correct rejection,None,984.9281311035156,text_07,3,4,2back_dual_main_click,2,in,38,36,74,120,60,,,,,,,,,,,06,01,yes,no,no,2025-06-25_14h18.15.835,EXNAT_4_TMS_Psychopy2024.2.5.psyexp,2024.2.5,2025-06-25 14h21.58.968910 +0200,
0,0,0,0,0,0,0,,,,,,,,,#D292F3,586.8795449733734,False,space,correct rejection,None,760.249137878418,text_07,4,4,2back_dual_main_click,2,Kambodscha,38,36,74,120,60,,,,,,,,,,,06,01,yes,no,no,2025-06-25_14h18.15.835,EXNAT_4_TMS_Psychopy2024.2.5.psyexp,2024.2.5,2025-06-25 14h21.58.968910 +0200,
0,0,0,0,0,0,0,,,,,,,,,#2AB7EF,587.6815152168274,False,space,correct rejection,None,790.1008129119873,text_07,5,4,2back_dual_main_click,2,wurde,38,36,74,120,60,,,,,,,,,,,06,01,yes,no,no,2025-06-25_14h18.15.835,EXNAT_4_TMS_Psychopy2024.2.5.psyexp,2024.2.5,2025-06-25 14h21.58.968910 +0200,
0,0,0,0,0,0,0,,,,,,,,,#88BA3F,588.5101659297943,False,space,correct rejection,None,1241.5885925292969,text_07,6,4,2back_dual_main_click,2,vor,38,36,74,120,60,,,,,,,,,,,06,01,yes,no,no,2025-06-25_14h18.15.835,EXNAT_4_TMS_Psychopy2024.2.5.psyexp,2024.2.5,2025-06-25 14h21.58.968910 +0200,
0,0,0,0,0,0,0,,,,,,,,,#F989A2,589.7917459011078,False,space,correct rejection,None,743.9610958099365,text_07,7,4,2back_dual_main_click,2,etwa,38,36,74,120,60,,,,,,,,,,,06,01,yes,no,no,2025-06-25_14h18.15.835,EXNAT_4_TMS_Psychopy2024.2.5.psyexp,2024.2.5,2025-06-25 14h21.58.968910 +0200,
0,0,0,0,0,0,0,,,,,,,,,#2AB7EF,590.5758600234985,False,space,correct rejection,None,1079.7853469848633,text_07,8,4,2back_dual_main_click,2,900,38,36,74,120,60,,,,,,,,,,,06,01,yes,no,no,2025-06-25_14h18.15.835,EXNAT_4_TMS_Psychopy2024.2.5.psyexp,2024.2.5,2025-06-25 14h21.58.968910 +0200,
0,0,0,0,0,0,0,,,,,,,,,#F989A2,591.6965615749359,True,l,hit,838.9759063720703,1287.0056629180908,text_07,9,4,2back_dual_main_click,2,Jahren,38,37,75,120,60,591.7528681755066,,,,,,,,,,06,01,yes,no,no,2025-06-25_14h18.15.835,EXNAT_4_TMS_Psychopy2024.2.5.psyexp,2024.2.5,2025-06-25 14h21.58.968910 +0200,
0,0,0,0,0,0,0,,,,,,,,,#2AB7EF,593.0190420150757,True,space,miss,None,1036.4503860473633,text_07,10,4,2back_dual_main_click,2,erbaut,38,37,75,120,60,,,,,,,,,,,06,01,yes,no,no,2025-06-25_14h18.15.835,EXNAT_4_TMS_Psychopy2024.2.5.psyexp,2024.2.5,2025-06-25 14h21.58.968910 +0200,
0,0,0,0,0,0,0,,,,,,,,,#D292F3,594.0904731750488,False,space,correct rejection,None,941.0865306854248,text_07,11,4,2back_dual_main_click,2,und,38,37,75,120,60,,,,,,,,,,,06,01,yes,no,no,2025-06-25_14h18.15.835,EXNAT_4_TMS_Psychopy2024.2.5.psyexp,2024.2.5,2025-06-25 14h21.58.968910 +0200,
0,0,0,0,0,0,0,,,,,,,,,#F989A2,595.0681354999542,False,space,correct rejection,None,1547.4913120269775,text_07,12,4,2back_dual_main_click,2,galt,38,37,75,120,60,,,,,,,,,,,06,01,yes,no,no,2025-06-25_14h18.15.835,EXNAT_4_TMS_Psychopy2024.2.5.psyexp,2024.2.5,2025-06-25 14h21.58.968910 +0200,
0,0,0,0,0,0,0,,,,,,,,,#2AB7EF,596.6557130813599,False,l,false alarm,759.9742412567139,1175.9579181671143,text_07,13,4,2back_dual_main_click,2,lange,39,37,76,120,60,596.752876996994,,,,,,,,,,06,01,yes,no,no,2025-06-25_14h18.15.835,EXNAT_4_TMS_Psychopy2024.2.5.psyexp,2024.2.5,2025-06-25 14h21.58.968910 +0200,
0,0,0,0,0,0,0,,,,,,,,,#F989A2,597.8704197406769,True,l,hit,585.198163986206,1001.2660026550293,text_07,14,4,2back_dual_main_click,2,nur,39,37,76,120,60,,,,,,,,,,,06,01,yes,no,no,2025-06-25_14h18.15.835,EXNAT_4_TMS_Psychopy2024.2.5.psyexp,2024.2.5,2025-06-25 14h21.58.968910 +0200,
0,0,0,0,0,0,0,,,,,,,,,#88BA3F,598.908392906189,False,space,correct rejection,None,859.3337535858154,text_07,15,4,2back_dual_main_click,2,als,39,37,76,120,60,,,,,,,,,,,06,01,yes,no,no,2025-06-25_14h18.15.835,EXNAT_4_TMS_Psychopy2024.2.5.psyexp,2024.2.5,2025-06-25 14h21.58.968910 +0200,
0,0,0,0,0,0,0,,,,,,,,,#88BA3F,599.8095998764038,False,space,correct rejection,None,838.2182121276855,text_07,16,4,2back_dual_main_click,2,Tempelanlage.,39,37,76,120,60,,,,,,,,,,,06,01,yes,no,no,2025-06-25_14h18.15.835,EXNAT_4_TMS_Psychopy2024.2.5.psyexp,2024.2.5,2025-06-25 14h21.58.968910 +0200,
0,0,0,0,0,0,0,,,,,,,,,#D292F3,600.6871592998505,False,space,correct rejection,None,968.6191082000732,text_07,17,4,2back_dual_main_click,2,Ein,39,37,76,120,60,,,,,,,,,,,06,01,yes,no,no,2025-06-25_14h18.15.835,EXNAT_4_TMS_Psychopy2024.2.5.psyexp,2024.2.5,2025-06-25 14h21.58.968910 +0200,
0,0,0,0,0,0,0,,,,,,,,,#88BA3F,601.6980938911438,True,l,hit,613.692045211792,1189.4981861114502,text_07,18,4,2back_dual_main_click,2,Forschungsteam,39,38,77,120,60,601.7543730735779,,,,,,,,,,06,01,yes,no,no,2025-06-25_14h18.15.835,EXNAT_4_TMS_Psychopy2024.2.5.psyexp,2024.2.5,2025-06-25 14h21.58.968910 +0200,
0,0,0,0,0,0,0,,,,,,,,,#2AB7EF,602.9251008033752,False,space,correct rejection,None,746.4790344238281,text_07,19,4,2back_dual_main_click,2,um,39,38,77,120,60,,,,,,,,,,,06,01,yes,no,no,2025-06-25_14h18.15.835,EXNAT_4_TMS_Psychopy2024.2.5.psyexp,2024.2.5,2025-06-25 14h21.58.968910 +0200,
0,0,0,0,0,0,0,,,,,,,,,#D292F3,603.711989402771,False,space,correct rejection,None,711.7741107940674,text_07,20,4,2back_dual_main_click,2,Damian,39,38,77,120,60,,,,,,,,,,,06,01,yes,no,no,2025-06-25_14h18.15.835,EXNAT_4_TMS_Psychopy2024.2.5.psyexp,2024.2.5,2025-06-25 14h21.58.968910 +0200,
0,0,0,0,0,0,0,,,,,,,,,#F989A2,604.4637732505798,False,space,correct rejection,None,1080.0421237945557,text_07,21,4,2back_dual_main_click,2,Evans,39,38,77,120,60,,,,,,,,,,,06,01,yes,no,no,2025-06-25_14h18.15.835,EXNAT_4_TMS_Psychopy2024.2.5.psyexp,2024.2.5,2025-06-25 14h21.58.968910 +0200,
0,0,0,0,0,0,0,,,,,,,,,#F989A2,605.5832533836365,False,space,correct rejection,None,648.5545635223389,text_07,22,4,2back_dual_main_click,2,hat,39,38,77,120,60,,,,,,,,,,,06,01,yes,no,no,2025-06-25_14h18.15.835,EXNAT_4_TMS_Psychopy2024.2.5.psyexp,2024.2.5,2025-06-25 14h21.58.968910 +0200,
0,0,0,0,0,0,0,,,,,,,,,#2AB7EF,606.2697772979736,False,space,correct rejection,None,1305.8910369873047,text_07,23,4,2back_dual_main_click,2,nun,40,38,78,120,60,606.7543041706085,,,,,,,,,,06,01,yes,no,no,2025-06-25_14h18.15.835,EXNAT_4_TMS_Psychopy2024.2.5.psyexp,2024.2.5,2025-06-25 14h21.58.968910 +0200,
0,0,0,0,0,0,0,,,,,,,,,#D292F3,607.6166007518768,False,space,correct rejection,None,1431.0240745544434,text_07,24,4,2back_dual_main_click,2,"gezeigt,",40,38,78,120,60,,,,,,,,,,,06,01,yes,no,no,2025-06-25_14h18.15.835,EXNAT_4_TMS_Psychopy2024.2.5.psyexp,2024.2.5,2025-06-25 14h21.58.968910 +0200,
0,0,0,0,0,0,0,,,,,,,,,#88BA3F,609.1031875610352,False,space,correct rejection,None,1320.5690383911133,text_07,25,4,2back_dual_main_click,2,dass,40,38,78,120,60,,,,,,,,,,,06,01,yes,no,no,2025-06-25_14h18.15.835,EXNAT_4_TMS_Psychopy2024.2.5.psyexp,2024.2.5,2025-06-25 14h21.58.968910 +0200,
0,0,0,0,0,0,0,,,,,,,,,#2AB7EF,610.4646954536438,False,space,correct rejection,None,1223.0613231658936,text_07,26,4,2back_dual_main_click,2,es,40,38,78,120,60,,,,,,,,,,,06,01,yes,no,no,2025-06-25_14h18.15.835,EXNAT_4_TMS_Psychopy2024.2.5.psyexp,2024.2.5,2025-06-25 14h21.58.968910 +0200,
0,0,0,0,0,0,0,,,,,,,,,#F989A2,611.7276427745819,False,l,false alarm,952.1341323852539,1656.0826301574707,text_07,27,4,2back_dual_main_click,2,sich,40,38,78,120,60,,,,,,,,,,,06,01,yes,no,no,2025-06-25_14h18.15.835,EXNAT_4_TMS_Psychopy2024.2.5.psyexp,2024.2.5,2025-06-25 14h21.58.968910 +0200,
0,0,0,0,0,0,0,,,,,,,,,#2AB7EF,613.4220504760742,True,l,hit,905.5900573730469,1321.5174674987793,text_07,28,4,2back_dual_main_click,2,um,40,39,79,120,60,613.4741563796997,,,,,,,,,,06,01,yes,no,no,2025-06-25_14h18.15.835,EXNAT_4_TMS_Psychopy2024.2.5.psyexp,2024.2.5,2025-06-25 14h21.58.968910 +0200,
0,0,0,0,0,0,0,,,,,,,,,#88BA3F,614.7994277477264,False,space,correct rejection,None,1224.2529392242432,text_07,29,4,2back_dual_main_click,2,eine,40,39,79,120,60,,,,,,,,,,,06,01,yes,no,no,2025-06-25_14h18.15.835,EXNAT_4_TMS_Psychopy2024.2.5.psyexp,2024.2.5,2025-06-25 14h21.58.968910 +0200,
0,0,0,0,0,0,0,,,,,,,,,#D292F3,616.0799474716187,False,space,correct rejection,None,599.9660491943359,text_07,30,4,2back_dual_main_click,2,riesige,40,39,79,120,60,,,,,,,,,,,06,01,yes,no,no,2025-06-25_14h18.15.835,EXNAT_4_TMS_Psychopy2024.2.5.psyexp,2024.2.5,2025-06-25 14h21.58.968910 +0200,
0,0,0,0,0,0,0,,,,,,,,,#88BA3F,616.7341504096985,True,space,miss,None,969.6309566497803,text_07,31,4,2back_dual_main_click,2,Stadt,40,39,79,120,60,,,,,,,,,,,06,01,yes,no,no,2025-06-25_14h18.15.835,EXNAT_4_TMS_Psychopy2024.2.5.psyexp,2024.2.5,2025-06-25 14h21.58.968910 +0200,
0,0,0,0,0,0,0,,,,,,,,,#2AB7EF,617.7601130008698,False,space,correct rejection,None,1463.688850402832,text_07,32,4,2back_dual_main_click,2,"handelte,",41,39,80,120,60,618.4740931987762,,,,,,,,,,06,01,yes,no,no,2025-06-25_14h18.15.835,EXNAT_4_TMS_Psychopy2024.2.5.psyexp,2024.2.5,2025-06-25 14h21.58.968910 +0200,
0,0,0,0,0,0,0,,,,,,,,,#88BA3F,619.2804844379425,True,l,hit,1671.2069511413574,2071.1700916290283,text_07,33,4,2back_dual_main_click,2,womöglich,41,39,80,120,60,,,,,,,,,,,06,01,yes,no,no,2025-06-25_14h18.15.835,EXNAT_4_TMS_Psychopy2024.2.5.psyexp,2024.2.5,2025-06-25 14h21.58.968910 +0200,
0,0,0,0,0,0,0,,,,,,,,,#D292F3,621.4028573036194,False,space,correct rejection,None,844.8915481567383,text_07,34,4,2back_dual_main_click,2,sogar,41,39,80,120,60,,,,,,,,,,,06,01,yes,no,no,2025-06-25_14h18.15.835,EXNAT_4_TMS_Psychopy2024.2.5.psyexp,2024.2.5,2025-06-25 14h21.58.968910 +0200,
0,0,0,0,0,0,0,,,,,,,,,#F989A2,622.3020758628845,False,space,correct rejection,None,665.715217590332,text_07,35,4,2back_dual_main_click,2,größer,41,39,80,120,60,,,,,,,,,,,06,01,yes,no,no,2025-06-25_14h18.15.835,EXNAT_4_TMS_Psychopy2024.2.5.psyexp,2024.2.5,2025-06-25 14h21.58.968910 +0200,
0,0,0,0,0,0,0,,,,,,,,,#2AB7EF,623.0224785804749,False,space,correct rejection,None,1321.319818496704,text_07,36,4,2back_dual_main_click,2,als,41,39,80,120,60,,,,,,,,,,,06,01,yes,no,no,2025-06-25_14h18.15.835,EXNAT_4_TMS_Psychopy2024.2.5.psyexp,2024.2.5,2025-06-25 14h21.58.968910 +0200,
0,0,0,0,0,0,0,,,,,,,,,#2AB7EF,624.4005029201508,False,space,correct rejection,None,951.2450695037842,text_07,37,4,2back_dual_main_click,2,New,41,39,80,120,60,,,,,,,,,,,06,01,yes,no,no,2025-06-25_14h18.15.835,EXNAT_4_TMS_Psychopy2024.2.5.psyexp,2024.2.5,2025-06-25 14h21.58.968910 +0200,
0,0,0,0,0,0,0,,,,,,,,,#2AB7EF,625.4102127552032,True,l,hit,1269.5293426513672,1717.444896697998,text_07,38,4,2back_dual_main_click,2,York.,41,40,81,120,60,625.4621698856354,,,,,,,,,,06,01,yes,no,no,2025-06-25_14h18.15.835,EXNAT_4_TMS_Psychopy2024.2.5.psyexp,2024.2.5,2025-06-25 14h21.58.968910 +0200,
0,0,0,0,0,0,0,,,,,,,,,#D292F3,627.1838445663452,False,space,correct rejection,None,1591.8688774108887,text_07,39,4,2back_dual_main_click,2,Damit,41,40,81,120,60,,,,,,,,,,,06,01,yes,no,no,2025-06-25_14h18.15.835,EXNAT_4_TMS_Psychopy2024.2.5.psyexp,2024.2.5,2025-06-25 14h21.58.968910 +0200,
0,0,0,0,0,0,0,,,,,,,,,#88BA3F,628.8302443027496,False,space,correct rejection,None,617.5005435943604,text_07,40,4,2back_dual_main_click,2,gilt,41,40,81,120,60,,,,,,,,,,,06,01,yes,no,no,2025-06-25_14h18.15.835,EXNAT_4_TMS_Psychopy2024.2.5.psyexp,2024.2.5,2025-06-25 14h21.58.968910 +0200,
0,0,0,0,0,0,0,,,,,,,,,#F989A2,629.5039188861847,False,space,correct rejection,None,1463.7014865875244,text_07,41,4,2back_dual_main_click,2,Groß-Angkor,42,40,82,120,60,630.4620883464813,,,,,,,,,,06,01,yes,no,no,2025-06-25_14h18.15.835,EXNAT_4_TMS_Psychopy2024.2.5.psyexp,2024.2.5,2025-06-25 14h21.58.968910 +0200,
0,0,0,0,0,0,0,,,,,,,,,#F989A2,631.0220098495483,False,space,correct rejection,None,697.5374221801758,text_07,42,4,2back_dual_main_click,2,als,42,40,82,120,60,,,,,,,,,,,06,01,yes,no,no,2025-06-25_14h18.15.835,EXNAT_4_TMS_Psychopy2024.2.5.psyexp,2024.2.5,2025-06-25 14h21.58.968910 +0200,
0,0,0,0,0,0,0,,,,,,,,,#D292F3,631.773679971695,False,space,correct rejection,None,730.0746440887451,text_07,43,4,2back_dual_main_click,2,größte,42,40,82,120,60,,,,,,,,,,,06,01,yes,no,no,2025-06-25_14h18.15.835,EXNAT_4_TMS_Psychopy2024.2.5.psyexp,2024.2.5,2025-06-25 14h21.58.968910 +0200,
0,0,0,0,0,0,0,,,,,,,,,#2AB7EF,632.5591652393341,False,space,correct rejection,None,1544.6751117706299,text_07,44,4,2back_dual_main_click,2,vorindustrielle,42,40,82,120,60,,,,,,,,,,,06,01,yes,no,no,2025-06-25_14h18.15.835,EXNAT_4_TMS_Psychopy2024.2.5.psyexp,2024.2.5,2025-06-25 14h21.58.968910 +0200,
0,0,0,0,0,0,0,,,,,,,,,#88BA3F,634.1440784931183,False,space,correct rejection,None,1079.6709060668945,text_07,45,4,2back_dual_main_click,2,Siedlung,42,40,82,120,60,,,,,,,,,,,06,01,yes,no,no,2025-06-25_14h18.15.835,EXNAT_4_TMS_Psychopy2024.2.5.psyexp,2024.2.5,2025-06-25 14h21.58.968910 +0200,
0,0,0,0,0,0,0,,,,,,,,,#D292F3,635.2635049819946,False,space,correct rejection,None,776.2525081634521,text_07,46,4,2back_dual_main_click,2,der,42,40,82,120,60,,,,,,,,,,,06,01,yes,no,no,2025-06-25_14h18.15.835,EXNAT_4_TMS_Psychopy2024.2.5.psyexp,2024.2.5,2025-06-25 14h21.58.968910 +0200,
0,0,0,0,0,0,0,,,,,,,,,#F989A2,636.0799996852875,False,space,correct rejection,None,871.7532157897949,text_07,47,4,2back_dual_main_click,2,Welt.,42,40,82,120,60,,,,,,,,,,,06,01,yes,no,no,2025-06-25_14h18.15.835,EXNAT_4_TMS_Psychopy2024.2.5.psyexp,2024.2.5,2025-06-25 14h21.58.968910 +0200,
0,0,0,0,0,0,0,,,,,,,,,#88BA3F,636.9926936626434,False,space,correct rejection,None,1110.938310623169,text_07,48,4,2back_dual_main_click,2,Die,42,40,82,120,60,,,,,,,,,,,06,01,yes,no,no,2025-06-25_14h18.15.835,EXNAT_4_TMS_Psychopy2024.2.5.psyexp,2024.2.5,2025-06-25 14h21.58.968910 +0200,
0,0,0,0,0,0,0,,,,,,,,,#2AB7EF,638.1432423591614,False,space,correct rejection,None,952.5852203369141,text_07,49,4,2back_dual_main_click,2,Forscher,42,40,82,120,60,,,,,,,,,,,06,01,yes,no,no,2025-06-25_14h18.15.835,EXNAT_4_TMS_Psychopy2024.2.5.psyexp,2024.2.5,2025-06-25 14h21.58.968910 +0200,
0,0,0,0,0,0,0,,,,,,,,,#88BA3F,639.1364803314209,True,l,hit,471.207857131958,1031.1877727508545,text_07,50,4,2back_dual_main_click,2,fanden,42,41,83,120,60,639.2034220695496,,,,,,,,,,06,01,yes,no,no,2025-06-25_14h18.15.835,EXNAT_4_TMS_Psychopy2024.2.5.psyexp,2024.2.5,2025-06-25 14h21.58.968910 +0200,
0,0,0,0,0,0,0,,,,,,,,,#F989A2,640.2068729400635,False,space,correct rejection,None,984.9166870117188,text_07,51,4,2back_dual_main_click,2,ein,42,41,83,120,60,,,,,,,,,,,06,01,yes,no,no,2025-06-25_14h18.15.835,EXNAT_4_TMS_Psychopy2024.2.5.psyexp,2024.2.5,2025-06-25 14h21.58.968910 +0200,
0,0,0,0,0,0,0,,,,,,,,,#D292F3,641.2309002876282,False,space,correct rejection,None,744.940996170044,text_07,52,4,2back_dual_main_click,2,weit,42,41,83,120,60,,,,,,,,,,,06,01,yes,no,no,2025-06-25_14h18.15.835,EXNAT_4_TMS_Psychopy2024.2.5.psyexp,2024.2.5,2025-06-25 14h21.58.968910 +0200,
0,0,0,0,0,0,0,,,,,,,,,#88BA3F,642.0145792961121,False,space,correct rejection,None,2281.266689300537,text_07,53,4,2back_dual_main_click,2,verzweigtes,43,41,84,120,60,644.2034170627594,,,,,,,,,,06,01,yes,no,no,2025-06-25_14h18.15.835,EXNAT_4_TMS_Psychopy2024.2.5.psyexp,2024.2.5,2025-06-25 14h21.58.968910 +0200,
0,0,0,0,0,0,0,,,,,,,,,#2AB7EF,644.3542745113373,False,space,correct rejection,None,1333.4991931915283,text_07,54,4,2back_dual_main_click,2,"Bewässerungssystem,",43,41,84,120,60,,,,,,,,,,,06,01,yes,no,no,2025-06-25_14h18.15.835,EXNAT_4_TMS_Psychopy2024.2.5.psyexp,2024.2.5,2025-06-25 14h21.58.968910 +0200,
0,0,0,0,0,0,0,,,,,,,,,#D292F3,645.742885351181,False,space,correct rejection,None,1080.9578895568848,text_07,55,4,2back_dual_main_click,2,das,43,41,84,120,60,,,,,,,,,,,06,01,yes,no,no,2025-06-25_14h18.15.835,EXNAT_4_TMS_Psychopy2024.2.5.psyexp,2024.2.5,2025-06-25 14h21.58.968910 +0200,
0,0,0,0,0,0,0,,,,,,,,,#D292F3,646.8784353733063,False,space,correct rejection,None,729.1982173919678,text_07,56,4,2back_dual_main_click,2,es,43,41,84,120,60,,,,,,,,,,,06,01,yes,no,no,2025-06-25_14h18.15.835,EXNAT_4_TMS_Psychopy2024.2.5.psyexp,2024.2.5,2025-06-25 14h21.58.968910 +0200,
0,0,0,0,0,0,0,,,,,,,,,#2AB7EF,647.6635406017303,False,space,correct rejection,None,1384.3128681182861,text_07,57,4,2back_dual_main_click,2,"ermöglichte,",43,41,84,120,60,,,,,,,,,,,06,01,yes,no,no,2025-06-25_14h18.15.835,EXNAT_4_TMS_Psychopy2024.2.5.psyexp,2024.2.5,2025-06-25 14h21.58.968910 +0200,
0,0,0,0,0,0,0,,,,,,,,,#88BA3F,649.1034877300262,False,space,correct rejection,None,824.3527412414551,text_07,58,4,2back_dual_main_click,2,mehrmals,43,41,84,120,60,,,,,,,,,,,06,01,yes,no,no,2025-06-25_14h18.15.835,EXNAT_4_TMS_Psychopy2024.2.5.psyexp,2024.2.5,2025-06-25 14h21.58.968910 +0200,
0,0,0,0,0,0,0,,,,,,,,,#F989A2,649.9821417331696,False,space,correct rejection,None,1033.6120128631592,text_07,59,4,2back_dual_main_click,2,im,43,41,84,120,60,,,,,,,,,,,06,01,yes,no,no,2025-06-25_14h18.15.835,EXNAT_4_TMS_Psychopy2024.2.5.psyexp,2024.2.5,2025-06-25 14h21.58.968910 +0200,
0,0,0,0,0,0,0,,,,,,,,,#88BA3F,651.0703392028809,True,l,hit,601.3867855072021,1161.3473892211914,text_07,60,4,2back_dual_main_click,2,Jahr,43,41,84,120,60,,,,,,,,,,,06,01,yes,no,no,2025-06-25_14h18.15.835,EXNAT_4_TMS_Psychopy2024.2.5.psyexp,2024.2.5,2025-06-25 14h21.58.968910 +0200,
0,0,0,0,0,0,0,,,,,,,,,#F989A2,652.2869670391083,True,space,miss,None,1000.8080005645752,text_07,61,4,2back_dual_main_click,2,Reis,43,42,85,120,60,652.3395249843597,,,,,,,,,,06,01,yes,no,no,2025-06-25_14h18.15.835,EXNAT_4_TMS_Psychopy2024.2.5.psyexp,2024.2.5,2025-06-25 14h21.58.968910 +0200,
0,0,0,0,0,0,0,,,,,,,,,#88BA3F,653.3421523571014,True,l,hit,761.6658210754395,1449.5184421539307,text_07,62,4,2back_dual_main_click,2,zu,43,42,85,120,60,,,,,,,,,,,06,01,yes,no,no,2025-06-25_14h18.15.835,EXNAT_4_TMS_Psychopy2024.2.5.psyexp,2024.2.5,2025-06-25 14h21.58.968910 +0200,
0,0,0,0,0,0,0,,,,,,,,,#88BA3F,654.8474428653717,False,space,correct rejection,None,920.3832149505615,text_07,63,4,2back_dual_main_click,2,ernten.,43,42,85,120,60,,,,,,,,,,,06,01,yes,no,no,2025-06-25_14h18.15.835,EXNAT_4_TMS_Psychopy2024.2.5.psyexp,2024.2.5,2025-06-25 14h21.58.968910 +0200,
0,0,0,0,0,0,0,,,,,,,,,#2AB7EF,655.8227806091309,False,space,correct rejection,None,857.0396900177002,text_07,64,4,2back_dual_main_click,2,Über,43,42,85,120,60,,,,,,,,,,,06,01,yes,no,no,2025-06-25_14h18.15.835,EXNAT_4_TMS_Psychopy2024.2.5.psyexp,2024.2.5,2025-06-25 14h21.58.968910 +0200,
0,0,0,0,0,0,0,,,,,,,,,#D292F3,656.73472905159,False,space,correct rejection,None,1017.0810222625732,text_07,65,4,2back_dual_main_click,2,eine,44,42,86,120,60,657.3394327163696,,,,,,,,,,06,01,yes,no,no,2025-06-25_14h18.15.835,EXNAT_4_TMS_Psychopy2024.2.5.psyexp,2024.2.5,2025-06-25 14h21.58.968910 +0200,
0,0,0,0,0,0,0,,,,,,,,,#F989A2,657.806538105011,False,space,correct rejection,None,1241.0941123962402,text_07,66,4,2back_dual_main_click,2,Million,44,42,86,120,60,,,,,,,,,,,06,01,yes,no,no,2025-06-25_14h18.15.835,EXNAT_4_TMS_Psychopy2024.2.5.psyexp,2024.2.5,2025-06-25 14h21.58.968910 +0200,
0,0,0,0,0,0,0,,,,,,,,,#88BA3F,659.1029760837555,False,space,correct rejection,None,1320.690393447876,text_07,67,4,2back_dual_main_click,2,Menschen,44,42,86,120,60,,,,,,,,,,,06,01,yes,no,no,2025-06-25_14h18.15.835,EXNAT_4_TMS_Psychopy2024.2.5.psyexp,2024.2.5,2025-06-25 14h21.58.968910 +0200,
0,0,0,0,0,0,0,,,,,,,,,#D292F3,660.4782218933105,False,space,correct rejection,None,1065.6390190124512,text_07,68,4,2back_dual_main_click,2,lebten,44,42,86,120,60,,,,,,,,,,,06,01,yes,no,no,2025-06-25_14h18.15.835,EXNAT_4_TMS_Psychopy2024.2.5.psyexp,2024.2.5,2025-06-25 14h21.58.968910 +0200,
0,0,0,0,0,0,0,,,,,,,,,#2AB7EF,661.6014337539673,False,space,correct rejection,None,934.3724250793457,text_07,69,4,2back_dual_main_click,2,"dort,",44,42,86,120,60,,,,,,,,,,,06,01,yes,no,no,2025-06-25_14h18.15.835,EXNAT_4_TMS_Psychopy2024.2.5.psyexp,2024.2.5,2025-06-25 14h21.58.968910 +0200,
0,0,0,0,0,0,0,,,,,,,,,#F989A2,662.5761272907257,False,space,correct rejection,None,1095.7932472229004,text_07,70,4,2back_dual_main_click,2,umgeben,44,42,86,120,60,,,,,,,,,,,06,01,yes,no,no,2025-06-25_14h18.15.835,EXNAT_4_TMS_Psychopy2024.2.5.psyexp,2024.2.5,2025-06-25 14h21.58.968910 +0200,
0,0,0,0,0,0,0,,,,,,,,,#2AB7EF,663.7095122337341,True,space,miss,None,1130.082368850708,text_07,71,4,2back_dual_main_click,2,von,44,43,87,120,60,663.7643518447876,,,,,,,,,,06,01,yes,no,no,2025-06-25_14h18.15.835,EXNAT_4_TMS_Psychopy2024.2.5.psyexp,2024.2.5,2025-06-25 14h21.58.968910 +0200,
0,0,0,0,0,0,0,,,,,,,,,#2AB7EF,664.8943192958832,False,space,correct rejection,None,1369.563102722168,text_07,72,4,2back_dual_main_click,2,einem,44,43,87,120,60,,,,,,,,,,,06,01,yes,no,no,2025-06-25_14h18.15.835,EXNAT_4_TMS_Psychopy2024.2.5.psyexp,2024.2.5,2025-06-25 14h21.58.968910 +0200,
0,0,0,0,0,0,0,,,,,,,,,#88BA3F,666.3187456130981,False,space,correct rejection,None,761.1532211303711,text_07,73,4,2back_dual_main_click,2,Netz,44,43,87,120,60,,,,,,,,,,,06,01,yes,no,no,2025-06-25_14h18.15.835,EXNAT_4_TMS_Psychopy2024.2.5.psyexp,2024.2.5,2025-06-25 14h21.58.968910 +0200,
0,0,0,0,0,0,0,,,,,,,,,#F989A2,667.134601354599,False,space,correct rejection,None,825.3352642059326,text_07,74,4,2back_dual_main_click,2,aus,44,43,87,120,60,,,,,,,,,,,06,01,yes,no,no,2025-06-25_14h18.15.835,EXNAT_4_TMS_Psychopy2024.2.5.psyexp,2024.2.5,2025-06-25 14h21.58.968910 +0200,
0,0,0,0,0,0,0,,,,,,,,,#2AB7EF,668.0130796432495,False,space,correct rejection,None,1562.8371238708496,text_07,75,4,2back_dual_main_click,2,"Flüssen,",44,43,87,120,60,,,,,,,,,,,06,01,yes,no,no,2025-06-25_14h18.15.835,EXNAT_4_TMS_Psychopy2024.2.5.psyexp,2024.2.5,2025-06-25 14h21.58.968910 +0200,
0,0,0,0,0,0,0,,,,,,,,,#D292F3,669.6141872406006,False,space,correct rejection,None,905.6830406188965,text_07,76,4,2back_dual_main_click,2,Kanälen,45,43,88,120,60,669.6695213317871,,,,,,,,,,06,01,yes,no,no,2025-06-25_14h18.15.835,EXNAT_4_TMS_Psychopy2024.2.5.psyexp,2024.2.5,2025-06-25 14h21.58.968910 +0200,
0,0,0,0,0,0,0,,,,,,,,,#2AB7EF,670.5603590011597,True,space,miss,None,839.5586013793945,text_07,77,4,2back_dual_main_click,2,und,45,43,88,120,60,,,,,,,,,,,06,01,yes,no,no,2025-06-25_14h18.15.835,EXNAT_4_TMS_Psychopy2024.2.5.psyexp,2024.2.5,2025-06-25 14h21.58.968910 +0200,
0,0,0,0,0,0,0,,,,,,,,,#88BA3F,671.439582824707,False,space,correct rejection,None,952.3699283599854,text_07,78,4,2back_dual_main_click,2,Seen.,45,43,88,120,60,,,,,,,,,,,06,01,yes,no,no,2025-06-25_14h18.15.835,EXNAT_4_TMS_Psychopy2024.2.5.psyexp,2024.2.5,2025-06-25 14h21.58.968910 +0200,
0,0,0,0,0,0,0,,,,,,,,,#F989A2,672.4312648773193,False,space,correct rejection,None,632.533073425293,text_07,79,4,2back_dual_main_click,2,Die,45,43,88,120,60,,,,,,,,,,,06,01,yes,no,no,2025-06-25_14h18.15.835,EXNAT_4_TMS_Psychopy2024.2.5.psyexp,2024.2.5,2025-06-25 14h21.58.968910 +0200,
0,0,0,0,0,0,0,,,,,,,,,#F989A2,673.101603269577,False,space,correct rejection,None,586.2722396850586,text_07,80,4,2back_dual_main_click,2,Stadt,45,43,88,120,60,,,,,,,,,,,06,01,yes,no,no,2025-06-25_14h18.15.835,EXNAT_4_TMS_Psychopy2024.2.5.psyexp,2024.2.5,2025-06-25 14h21.58.968910 +0200,
0,0,0,0,0,0,0,,,,,,,,,#D292F3,673.7285904884338,False,space,correct rejection,None,1095.3731536865234,text_07,81,4,2back_dual_main_click,2,umgab,45,43,88,120,60,,,,,,,,,,,06,01,yes,no,no,2025-06-25_14h18.15.835,EXNAT_4_TMS_Psychopy2024.2.5.psyexp,2024.2.5,2025-06-25 14h21.58.968910 +0200,
0,0,0,0,0,0,0,,,,,,,,,#D292F3,674.8779509067535,False,space,correct rejection,None,665.7416820526123,text_07,82,4,2back_dual_main_click,2,ein,45,43,88,120,60,,,,,,,,,,,06,01,yes,no,no,2025-06-25_14h18.15.835,EXNAT_4_TMS_Psychopy2024.2.5.psyexp,2024.2.5,2025-06-25 14h21.58.968910 +0200,
0,0,0,0,0,0,0,,,,,,,,,#2AB7EF,675.597674369812,False,space,correct rejection,None,1850.2118587493896,text_07,83,4,2back_dual_main_click,2,riesiges,45,43,88,120,60,,,,,,,,,,,06,01,yes,no,no,2025-06-25_14h18.15.835,EXNAT_4_TMS_Psychopy2024.2.5.psyexp,2024.2.5,2025-06-25 14h21.58.968910 +0200,
0,0,0,0,0,0,0,,,,,,,,,#88BA3F,677.5020046234131,False,space,correct rejection,None,873.7180233001709,text_07,84,4,2back_dual_main_click,2,Geflecht,45,43,88,120,60,,,,,,,,,,,06,01,yes,no,no,2025-06-25_14h18.15.835,EXNAT_4_TMS_Psychopy2024.2.5.psyexp,2024.2.5,2025-06-25 14h21.58.968910 +0200,
0,0,0,0,0,0,0,,,,,,,,,#2AB7EF,678.4298346042633,True,space,miss,None,873.8374710083008,text_07,85,4,2back_dual_main_click,2,aus,45,44,89,120,60,678.4811685085297,,,,,,,,,,06,01,yes,no,no,2025-06-25_14h18.15.835,EXNAT_4_TMS_Psychopy2024.2.5.psyexp,2024.2.5,2025-06-25 14h21.58.968910 +0200,
0,0,0,0,0,0,0,,,,,,,,,#F989A2,679.3604671955109,False,space,correct rejection,None,839.4002914428711,text_07,86,4,2back_dual_main_click,2,Äckern,45,44,89,120,60,,,,,,,,,,,06,01,yes,no,no,2025-06-25_14h18.15.835,EXNAT_4_TMS_Psychopy2024.2.5.psyexp,2024.2.5,2025-06-25 14h21.58.968910 +0200,
0,0,0,0,0,0,0,,,,,,,,,#88BA3F,680.2541699409485,False,space,correct rejection,None,649.505615234375,text_07,87,4,2back_dual_main_click,2,und,45,44,89,120,60,,,,,,,,,,,06,01,yes,no,no,2025-06-25_14h18.15.835,EXNAT_4_TMS_Psychopy2024.2.5.psyexp,2024.2.5,2025-06-25 14h21.58.968910 +0200,
0,0,0,0,0,0,0,,,,,,,,,#D292F3,680.9430501461029,False,space,correct rejection,None,1608.760118484497,text_07,88,4,2back_dual_main_click,2,"Häusern,",45,44,89,120,60,,,,,,,,,,,06,01,yes,no,no,2025-06-25_14h18.15.835,EXNAT_4_TMS_Psychopy2024.2.5.psyexp,2024.2.5,2025-06-25 14h21.58.968910 +0200,
0,0,0,0,0,0,0,,,,,,,,,#88BA3F,682.6064183712006,True,space,miss,None,825.4299163818359,text_07,89,4,2back_dual_main_click,2,das,45,44,89,120,60,,,,,,,,,,,06,01,yes,no,no,2025-06-25_14h18.15.835,EXNAT_4_TMS_Psychopy2024.2.5.psyexp,2024.2.5,2025-06-25 14h21.58.968910 +0200,
0,0,0,0,0,0,0,,,,,,,,,#D292F3,683.4846303462982,True,l,hit,1067.0499801635742,1498.8882541656494,text_07,90,4,2back_dual_main_click,2,sich,45,45,90,120,60,683.5600969791412,,,,,,,,,,06,01,yes,no,no,2025-06-25_14h18.15.835,EXNAT_4_TMS_Psychopy2024.2.5.psyexp,2024.2.5,2025-06-25 14h21.58.968910 +0200,
0,0,0,0,0,0,0,,,,,,,,,#F989A2,685.0242369174957,False,space,correct rejection,None,663.6881828308105,text_07,91,4,2back_dual_main_click,2,über,45,45,90,120,60,,,,,,,,,,,06,01,yes,no,no,2025-06-25_14h18.15.835,EXNAT_4_TMS_Psychopy2024.2.5.psyexp,2024.2.5,2025-06-25 14h21.58.968910 +0200,
0,0,0,0,0,0,0,,,,,,,,,#2AB7EF,685.7264468669891,False,space,correct rejection,None,777.2541046142578,text_07,92,4,2back_dual_main_click,2,tausend,45,45,90,120,60,,,,,,,,,,,06,01,yes,no,no,2025-06-25_14h18.15.835,EXNAT_4_TMS_Psychopy2024.2.5.psyexp,2024.2.5,2025-06-25 14h21.58.968910 +0200,
0,0,0,0,0,0,0,,,,,,,,,#88BA3F,686.5456237792969,False,space,correct rejection,None,1014.0902996063232,text_07,93,4,2back_dual_main_click,2,Quadratkilometer,45,45,90,120,60,,,,,,,,,,,06,01,yes,no,no,2025-06-25_14h18.15.835,EXNAT_4_TMS_Psychopy2024.2.5.psyexp,2024.2.5,2025-06-25 14h21.58.968910 +0200,
0,0,0,0,0,0,0,,,,,,,,,#2AB7EF,687.6133248806,True,l,hit,682.5876235961914,1114.3720149993896,text_07,94,4,2back_dual_main_click,2,erstreckte.,45,46,91,120,60,688.5600216388702,,,,,,,,,,06,01,yes,no,no,2025-06-25_14h18.15.835,EXNAT_4_TMS_Psychopy2024.2.5.psyexp,2024.2.5,2025-06-25 14h21.58.968910 +0200,
0,0,0,0,0,0,0,,,,,,,,,#88BA3F,688.7823045253754,True,space,miss,None,713.4966850280762,text_07,95,4,2back_dual_main_click,2,Der,45,46,91,120,60,,,,,,,,,,,06,01,yes,no,no,2025-06-25_14h18.15.835,EXNAT_4_TMS_Psychopy2024.2.5.psyexp,2024.2.5,2025-06-25 14h21.58.968910 +0200,
0,0,0,0,0,0,0,,,,,,,,,#D292F3,689.5520100593567,False,space,correct rejection,None,1191.9167041778564,text_07,96,4,2back_dual_main_click,2,Reisanbau,45,46,91,120,60,,,,,,,,,,,06,01,yes,no,no,2025-06-25_14h18.15.835,EXNAT_4_TMS_Psychopy2024.2.5.psyexp,2024.2.5,2025-06-25 14h21.58.968910 +0200,
0,0,0,0,0,0,0,,,,,,,,,#2AB7EF,690.799896478653,False,l,false alarm,759.9554061889648,1159.8024368286133,text_07,97,4,2back_dual_main_click,2,erforderte,45,46,91,120,60,,,,,,,,,,,06,01,yes,no,no,2025-06-25_14h18.15.835,EXNAT_4_TMS_Psychopy2024.2.5.psyexp,2024.2.5,2025-06-25 14h21.58.968910 +0200,
0,0,0,0,0,0,0,,,,,,,,,#F989A2,692.0160353183746,False,space,correct rejection,None,855.6458950042725,text_07,98,4,2back_dual_main_click,2,viel,45,46,91,120,60,,,,,,,,,,,06,01,yes,no,no,2025-06-25_14h18.15.835,EXNAT_4_TMS_Psychopy2024.2.5.psyexp,2024.2.5,2025-06-25 14h21.58.968910 +0200,
0,0,0,0,0,0,0,,,,,,,,,#88BA3F,692.9280965328217,False,space,correct rejection,None,839.7390842437744,text_07,99,4,2back_dual_main_click,2,Wasser,46,46,92,120,60,693.5600337982178,,,,,,,,,,06,01,yes,no,no,2025-06-25_14h18.15.835,EXNAT_4_TMS_Psychopy2024.2.5.psyexp,2024.2.5,2025-06-25 14h21.58.968910 +0200,
0,0,0,0,0,0,0,,,,,,,,,#2AB7EF,693.8207824230194,False,space,correct rejection,None,731.034517288208,text_07,100,4,2back_dual_main_click,2,und,46,46,92,120,60,,,,,,,,,,,06,01,yes,no,no,2025-06-25_14h18.15.835,EXNAT_4_TMS_Psychopy2024.2.5.psyexp,2024.2.5,2025-06-25 14h21.58.968910 +0200,
0,0,0,0,0,0,0,,,,,,,,,#F989A2,694.6087121963501,False,space,correct rejection,None,807.0645332336426,text_07,101,4,2back_dual_main_click,2,große,46,46,92,120,60,,,,,,,,,,,06,01,yes,no,no,2025-06-25_14h18.15.835,EXNAT_4_TMS_Psychopy2024.2.5.psyexp,2024.2.5,2025-06-25 14h21.58.968910 +0200,
0,0,0,0,0,0,0,,,,,,,,,#88BA3F,695.470579624176,False,space,correct rejection,None,1097.0690250396729,text_07,102,4,2back_dual_main_click,2,"Flächen,",46,46,92,120,60,,,,,,,,,,,06,01,yes,no,no,2025-06-25_14h18.15.835,EXNAT_4_TMS_Psychopy2024.2.5.psyexp,2024.2.5,2025-06-25 14h21.58.968910 +0200,
0,0,0,0,0,0,0,,,,,,,,,#D292F3,696.6215617656708,False,space,correct rejection,None,1082.3071002960205,text_07,103,4,2back_dual_main_click,2,daher,46,46,92,120,60,,,,,,,,,,,06,01,yes,no,no,2025-06-25_14h18.15.835,EXNAT_4_TMS_Psychopy2024.2.5.psyexp,2024.2.5,2025-06-25 14h21.58.968910 +0200,
0,0,0,0,0,0,0,,,,,,,,,#2AB7EF,697.7593293190002,False,space,correct rejection,None,824.5723247528076,text_07,104,4,2back_dual_main_click,2,wurden,47,46,93,120,60,698.5600562095642,,,,,,,,,,06,01,yes,no,no,2025-06-25_14h18.15.835,EXNAT_4_TMS_Psychopy2024.2.5.psyexp,2024.2.5,2025-06-25 14h21.58.968910 +0200,
0,0,0,0,0,0,0,,,,,,,,,#D292F3,698.6387102603912,True,l,hit,745.1260089874268,1176.931381225586,text_07,105,4,2back_dual_main_click,2,Wälder,47,46,93,120,60,,,,,,,,,,,06,01,yes,no,no,2025-06-25_14h18.15.835,EXNAT_4_TMS_Psychopy2024.2.5.psyexp,2024.2.5,2025-06-25 14h21.58.968910 +0200,
0,0,0,0,0,0,0,,,,,,,,,#88BA3F,699.8705461025238,False,space,correct rejection,None,1113.2724285125732,text_07,106,4,2back_dual_main_click,2,gerodet.,47,46,93,120,60,,,,,,,,,,,06,01,yes,no,no,2025-06-25_14h18.15.835,EXNAT_4_TMS_Psychopy2024.2.5.psyexp,2024.2.5,2025-06-25 14h21.58.968910 +0200,
0,0,0,0,0,0,0,,,,,,,,,#D292F3,701.0403745174408,True,space,miss,None,823.5528469085693,text_07,107,4,2back_dual_main_click,2,Das,47,46,93,120,60,,,,,,,,,,,06,01,yes,no,no,2025-06-25_14h18.15.835,EXNAT_4_TMS_Psychopy2024.2.5.psyexp,2024.2.5,2025-06-25 14h21.58.968910 +0200,
0,0,0,0,0,0,0,,,,,,,,,#F989A2,701.9194161891937,False,space,correct rejection,None,1672.3155975341797,text_07,108,4,2back_dual_main_click,2,könnte,48,46,94,120,60,703.5600669384003,,,,,,,,,,06,01,yes,no,no,2025-06-25_14h18.15.835,EXNAT_4_TMS_Psychopy2024.2.5.psyexp,2024.2.5,2025-06-25 14h21.58.968910 +0200,
0,0,0,0,0,0,0,,,,,,,,,#2AB7EF,703.6472358703613,False,space,correct rejection,None,760.6275081634521,text_07,109,4,2back_dual_main_click,2,langfristig,48,46,94,120,60,,,,,,,,,,,06,01,yes,no,no,2025-06-25_14h18.15.835,EXNAT_4_TMS_Psychopy2024.2.5.psyexp,2024.2.5,2025-06-25 14h21.58.968910 +0200,
0,0,0,0,0,0,0,,,,,,,,,#88BA3F,704.463995218277,False,space,correct rejection,None,567.7030086517334,text_07,110,4,2back_dual_main_click,2,zu,48,46,94,120,60,,,,,,,,,,,06,01,yes,no,no,2025-06-25_14h18.15.835,EXNAT_4_TMS_Psychopy2024.2.5.psyexp,2024.2.5,2025-06-25 14h21.58.968910 +0200,
0,0,0,0,0,0,0,,,,,,,,,#2AB7EF,705.0692386627197,True,l,hit,1290.5757427215576,1642.6432132720947,text_07,111,4,2back_dual_main_click,2,Erdrutschen,48,46,94,120,60,,,,,,,,,,,06,01,yes,no,no,2025-06-25_14h18.15.835,EXNAT_4_TMS_Psychopy2024.2.5.psyexp,2024.2.5,2025-06-25 14h21.58.968910 +0200,
0,0,0,0,0,0,0,,,,,,,,,#F989A2,706.7663009166718,False,space,correct rejection,None,2313.5595321655273,text_07,112,4,2back_dual_main_click,2,und,48,46,94,120,60,,,,,,,,,,,06,01,yes,no,no,2025-06-25_14h18.15.835,EXNAT_4_TMS_Psychopy2024.2.5.psyexp,2024.2.5,2025-06-25 14h21.58.968910 +0200,
0,0,0,0,0,0,0,,,,,,,,,#88BA3F,709.1361095905304,False,space,correct rejection,None,759.7634792327881,text_07,113,4,2back_dual_main_click,2,ökologischen,48,46,94,120,60,,,,,,,,,,,06,01,yes,no,no,2025-06-25_14h18.15.835,EXNAT_4_TMS_Psychopy2024.2.5.psyexp,2024.2.5,2025-06-25 14h21.58.968910 +0200,
0,0,0,0,0,0,0,,,,,,,,,#2AB7EF,709.9520044326782,False,space,correct rejection,None,599.8048782348633,text_07,114,4,2back_dual_main_click,2,Problemen,48,46,94,120,60,,,,,,,,,,,06,01,yes,no,no,2025-06-25_14h18.15.835,EXNAT_4_TMS_Psychopy2024.2.5.psyexp,2024.2.5,2025-06-25 14h21.58.968910 +0200,
0,0,0,0,0,0,0,,,,,,,,,#D292F3,710.6071224212646,False,space,correct rejection,None,920.7451343536377,text_07,115,4,2back_dual_main_click,2,geführt,48,46,94,120,60,,,,,,,,,,,06,01,yes,no,no,2025-06-25_14h18.15.835,EXNAT_4_TMS_Psychopy2024.2.5.psyexp,2024.2.5,2025-06-25 14h21.58.968910 +0200,
0,0,0,0,0,0,0,,,,,,,,,#2AB7EF,711.5839011669159,True,l,hit,951.9264698028564,1303.8523197174072,text_07,116,4,2back_dual_main_click,2,haben.,48,47,95,120,60,711.636072397232,,,,,,,,,,06,01,yes,no,no,2025-06-25_14h18.15.835,EXNAT_4_TMS_Psychopy2024.2.5.psyexp,2024.2.5,2025-06-25 14h21.58.968910 +0200,
0,0,0,0,0,0,0,,,,,,,,,#D292F3,712.9432899951935,True,space,miss,None,536.4868640899658,text_07,117,4,2back_dual_main_click,2,Besonders,48,47,95,120,60,,,,,,,,,,,06,01,yes,no,no,2025-06-25_14h18.15.835,EXNAT_4_TMS_Psychopy2024.2.5.psyexp,2024.2.5,2025-06-25 14h21.58.968910 +0200,
0,0,0,0,0,0,0,,,,,,,,,#88BA3F,713.5352458953857,False,space,correct rejection,None,792.7205562591553,text_07,118,4,2back_dual_main_click,2,im,48,47,95,120,60,,,,,,,,,,,06,01,yes,no,no,2025-06-25_14h18.15.835,EXNAT_4_TMS_Psychopy2024.2.5.psyexp,2024.2.5,2025-06-25 14h21.58.968910 +0200,
0,0,0,0,0,0,0,,,,,,,,,#2AB7EF,714.3838174343109,False,space,correct rejection,None,1031.9850444793701,text_07,119,4,2back_dual_main_click,2,Norden,48,47,95,120,60,,,,,,,,,,,06,01,yes,no,no,2025-06-25_14h18.15.835,EXNAT_4_TMS_Psychopy2024.2.5.psyexp,2024.2.5,2025-06-25 14h21.58.968910 +0200,
0,0,0,0,0,0,0,,,,,,,,,#F989A2,715.4710786342621,False,space,correct rejection,None,824.7427940368652,text_07,120,4,2back_dual_main_click,2,fand,48,47,95,120,60,,,,,,,,,,,06,01,yes,no,no,2025-06-25_14h18.15.835,EXNAT_4_TMS_Psychopy2024.2.5.psyexp,2024.2.5,2025-06-25 14h21.58.968910 +0200,
0,0,0,0,0,0,0,,,,,,,,,#D292F3,716.3512122631073,False,space,correct rejection,None,616.5988445281982,text_07,121,4,2back_dual_main_click,2,man,49,47,96,120,60,716.6359870433807,,,,,,,,,,06,01,yes,no,no,2025-06-25_14h18.15.835,EXNAT_4_TMS_Psychopy2024.2.5.psyexp,2024.2.5,2025-06-25 14h21.58.968910 +0200,
0,0,0,0,0,0,0,,,,,,,,,#2AB7EF,717.0091283321381,False,space,correct rejection,None,822.716236114502,text_07,122,4,2back_dual_main_click,2,Hinweise,49,47,96,120,60,,,,,,,,,,,06,01,yes,no,no,2025-06-25_14h18.15.835,EXNAT_4_TMS_Psychopy2024.2.5.psyexp,2024.2.5,2025-06-25 14h21.58.968910 +0200,
0,0,0,0,0,0,0,,,,,,,,,#F989A2,717.8682675361633,False,space,correct rejection,None,779.4981002807617,text_07,123,4,2back_dual_main_click,2,auf,49,47,96,120,60,,,,,,,,,,,06,01,yes,no,no,2025-06-25_14h18.15.835,EXNAT_4_TMS_Psychopy2024.2.5.psyexp,2024.2.5,2025-06-25 14h21.58.968910 +0200,
0,0,0,0,0,0,0,,,,,,,,,#88BA3F,718.6883120536804,False,space,correct rejection,None,951.5228271484375,text_07,124,4,2back_dual_main_click,2,Deichbrüche,49,47,96,120,60,,,,,,,,,,,06,01,yes,no,no,2025-06-25_14h18.15.835,EXNAT_4_TMS_Psychopy2024.2.5.psyexp,2024.2.5,2025-06-25 14h21.58.968910 +0200,
0,0,0,0,0,0,0,,,,,,,,,#F989A2,719.6793649196625,True,space,miss,None,952.5308609008789,text_07,125,4,2back_dual_main_click,2,und,49,47,96,120,60,,,,,,,,,,,06,01,yes,no,no,2025-06-25_14h18.15.835,EXNAT_4_TMS_Psychopy2024.2.5.psyexp,2024.2.5,2025-06-25 14h21.58.968910 +0200,
0,0,0,0,0,0,0,,,,,,,,,#F989A2,720.6709833145142,False,space,correct rejection,None,856.8661212921143,text_07,126,4,2back_dual_main_click,2,hektische,49,47,96,120,60,,,,,,,,,,,06,01,yes,no,no,2025-06-25_14h18.15.835,EXNAT_4_TMS_Psychopy2024.2.5.psyexp,2024.2.5,2025-06-25 14h21.58.968910 +0200,
0,0,0,0,0,0,0,,,,,,,,,#D292F3,721.5688467025757,False,space,correct rejection,None,791.0082340240479,text_07,127,4,2back_dual_main_click,2,Umbauten.,49,47,96,120,60,,,,,,,,,,,06,01,yes,no,no,2025-06-25_14h18.15.835,EXNAT_4_TMS_Psychopy2024.2.5.psyexp,2024.2.5,2025-06-25 14h21.58.968910 +0200,
0,0,0,0,0,0,0,,,,,,,,,#2AB7EF,722.3972737789154,False,space,correct rejection,None,986.5818023681641,text_07,128,4,2back_dual_main_click,2,Die,49,47,96,120,60,,,,,,,,,,,06,01,yes,no,no,2025-06-25_14h18.15.835,EXNAT_4_TMS_Psychopy2024.2.5.psyexp,2024.2.5,2025-06-25 14h21.58.968910 +0200,
0,0,0,0,0,0,0,,,,,,,,,#D292F3,723.4241318702698,True,space,miss,None,903.719425201416,text_07,129,4,2back_dual_main_click,2,neue,49,48,97,120,60,723.4768962860107,,,,,,,,,,06,01,yes,no,no,2025-06-25_14h18.15.835,EXNAT_4_TMS_Psychopy2024.2.5.psyexp,2024.2.5,2025-06-25 14h21.58.968910 +0200,
0,0,0,0,0,0,0,,,,,,,,,#2AB7EF,724.3701107501984,True,l,hit,469.6931838989258,933.5753917694092,text_07,130,4,2back_dual_main_click,2,Karte,49,48,97,120,60,,,,,,,,,,,06,01,yes,no,no,2025-06-25_14h18.15.835,EXNAT_4_TMS_Psychopy2024.2.5.psyexp,2024.2.5,2025-06-25 14h21.58.968910 +0200,
0,0,0,0,0,0,0,,,,,,,,,#88BA3F,725.3438820838928,False,space,correct rejection,None,1463.9506340026855,text_07,131,4,2back_dual_main_click,2,hilft,49,48,97,120,60,,,,,,,,,,,06,01,yes,no,no,2025-06-25_14h18.15.835,EXNAT_4_TMS_Psychopy2024.2.5.psyexp,2024.2.5,2025-06-25 14h21.58.968910 +0200,
0,0,0,0,0,0,0,,,,,,,,,#88BA3F,726.847715139389,False,space,correct rejection,None,744.1401481628418,text_07,132,4,2back_dual_main_click,2,"dabei,",49,48,97,120,60,,,,,,,,,,,06,01,yes,no,no,2025-06-25_14h18.15.835,EXNAT_4_TMS_Psychopy2024.2.5.psyexp,2024.2.5,2025-06-25 14h21.58.968910 +0200,
0,0,0,0,0,0,0,,,,,,,,,#88BA3F,727.6322968006134,True,l,hit,775.5157947540283,1271.428108215332,text_07,133,4,2back_dual_main_click,2,gezielt,49,49,98,120,60,728.4768536090851,,,,,,,,,,06,01,yes,no,no,2025-06-25_14h18.15.835,EXNAT_4_TMS_Psychopy2024.2.5.psyexp,2024.2.5,2025-06-25 14h21.58.968910 +0200,
0,0,0,0,0,0,0,,,,,,,,,#2AB7EF,728.9585874080658,False,space,correct rejection,None,825.1986503601074,text_07,134,4,2back_dual_main_click,2,nach,49,49,98,120,60,,,,,,,,,,,06,01,yes,no,no,2025-06-25_14h18.15.835,EXNAT_4_TMS_Psychopy2024.2.5.psyexp,2024.2.5,2025-06-25 14h21.58.968910 +0200,
0,0,0,0,0,0,0,,,,,,,,,#D292F3,729.8383512496948,False,space,correct rejection,None,793.4918403625488,text_07,135,4,2back_dual_main_click,2,Ursachen,49,49,98,120,60,,,,,,,,,,,06,01,yes,no,no,2025-06-25_14h18.15.835,EXNAT_4_TMS_Psychopy2024.2.5.psyexp,2024.2.5,2025-06-25 14h21.58.968910 +0200,
0,0,0,0,0,0,0,,,,,,,,,#F989A2,730.6871476173401,False,space,correct rejection,None,632.5929164886475,text_07,136,4,2back_dual_main_click,2,für,49,49,98,120,60,,,,,,,,,,,06,01,yes,no,no,2025-06-25_14h18.15.835,EXNAT_4_TMS_Psychopy2024.2.5.psyexp,2024.2.5,2025-06-25 14h21.58.968910 +0200,
0,0,0,0,0,0,0,,,,,,,,,#D292F3,731.3737077713013,True,space,miss,None,634.0975761413574,text_07,137,4,2back_dual_main_click,2,den,49,49,98,120,60,,,,,,,,,,,06,01,yes,no,no,2025-06-25_14h18.15.835,EXNAT_4_TMS_Psychopy2024.2.5.psyexp,2024.2.5,2025-06-25 14h21.58.968910 +0200,
0,0,0,0,0,0,0,,,,,,,,,#D292F3,732.0477614402771,False,space,correct rejection,None,712.0158672332764,text_07,138,4,2back_dual_main_click,2,Untergang,49,49,98,120,60,,,,,,,,,,,06,01,yes,no,no,2025-06-25_14h18.15.835,EXNAT_4_TMS_Psychopy2024.2.5.psyexp,2024.2.5,2025-06-25 14h21.58.968910 +0200,
0,0,0,0,0,0,0,,,,,,,,,#88BA3F,732.7998366355896,False,space,correct rejection,None,951.9639015197754,text_07,139,4,2back_dual_main_click,2,der,50,49,99,120,60,733.477014541626,,,,,,,,,,06,01,yes,no,no,2025-06-25_14h18.15.835,EXNAT_4_TMS_Psychopy2024.2.5.psyexp,2024.2.5,2025-06-25 14h21.58.968910 +0200,
0,0,0,0,0,0,0,,,,,,,,,#2AB7EF,733.7923605442047,False,space,correct rejection,None,615.4072284698486,text_07,140,4,2back_dual_main_click,2,Stadt,50,49,99,120,60,,,,,,,,,,,06,01,yes,no,no,2025-06-25_14h18.15.835,EXNAT_4_TMS_Psychopy2024.2.5.psyexp,2024.2.5,2025-06-25 14h21.58.968910 +0200,
0,0,0,0,0,0,0,,,,,,,,,#F989A2,734.4481580257416,False,space,correct rejection,None,551.6703128814697,text_07,141,4,2back_dual_main_click,2,zu,50,49,99,120,60,,,,,,,,,,,06,01,yes,no,no,2025-06-25_14h18.15.835,EXNAT_4_TMS_Psychopy2024.2.5.psyexp,2024.2.5,2025-06-25 14h21.58.968910 +0200,
0,0,0,0,0,0,0,,,,,,,,,#F989A2,735.0399122238159,False,space,correct rejection,None,823.9450454711914,text_07,142,4,2back_dual_main_click,2,suchen,50,49,99,120,60,,,,,,,,,,,06,01,yes,no,no,2025-06-25_14h18.15.835,EXNAT_4_TMS_Psychopy2024.2.5.psyexp,2024.2.5,2025-06-25 14h21.58.968910 +0200,
0,0,0,0,0,0,0,,,,,,,,,#88BA3F,735.903089761734,False,space,correct rejection,None,936.7408752441406,text_07,143,4,2back_dual_main_click,2,und,50,49,99,120,60,,,,,,,,,,,06,01,yes,no,no,2025-06-25_14h18.15.835,EXNAT_4_TMS_Psychopy2024.2.5.psyexp,2024.2.5,2025-06-25 14h21.58.968910 +0200,
0,0,0,0,0,0,0,,,,,,,,,#2AB7EF,736.8809888362885,False,space,correct rejection,None,838.8254642486572,text_07,144,4,2back_dual_main_click,2,liefert,50,49,99,120,60,,,,,,,,,,,06,01,yes,no,no,2025-06-25_14h18.15.835,EXNAT_4_TMS_Psychopy2024.2.5.psyexp,2024.2.5,2025-06-25 14h21.58.968910 +0200,
0,0,0,0,0,0,0,,,,,,,,,#88BA3F,737.7591888904572,True,l,hit,744.6529865264893,1288.3734703063965,text_07,145,4,2back_dual_main_click,2,Hinweise,50,50,100,120,60,738.4770293235779,,,,,,,,,,06,01,yes,no,no,2025-06-25_14h18.15.835,EXNAT_4_TMS_Psychopy2024.2.5.psyexp,2024.2.5,2025-06-25 14h21.58.968910 +0200,
0,0,0,0,0,0,0,,,,,,,,,#88BA3F,739.0891134738922,False,space,correct rejection,None,694.7999000549316,text_07,146,4,2back_dual_main_click,2,zur,50,50,100,120,60,,,,,,,,,,,06,01,yes,no,no,2025-06-25_14h18.15.835,EXNAT_4_TMS_Psychopy2024.2.5.psyexp,2024.2.5,2025-06-25 14h21.58.968910 +0200,
0,0,0,0,0,0,0,,,,,,,,,#2AB7EF,739.8249886035919,False,space,correct rejection,None,1110.8784675598145,text_07,147,4,2back_dual_main_click,2,Lebensweise,50,50,100,120,60,,,,,,,,,,,06,01,yes,no,no,2025-06-25_14h18.15.835,EXNAT_4_TMS_Psychopy2024.2.5.psyexp,2024.2.5,2025-06-25 14h21.58.968910 +0200,
0,0,0,0,0,0,0,,,,,,,,,#D292F3,740.9747109413147,False,space,correct rejection,None,537.1730327606201,text_07,148,4,2back_dual_main_click,2,der,50,50,100,120,60,,,,,,,,,,,06,01,yes,no,no,2025-06-25_14h18.15.835,EXNAT_4_TMS_Psychopy2024.2.5.psyexp,2024.2.5,2025-06-25 14h21.58.968910 +0200,
0,0,0,0,0,0,0,,,,,,,,,#F989A2,741.5514566898346,False,space,correct rejection,None,712.4621868133545,text_07,149,4,2back_dual_main_click,2,damaligen,50,50,100,120,60,,,,,,,,,,,06,01,yes,no,no,2025-06-25_14h18.15.835,EXNAT_4_TMS_Psychopy2024.2.5.psyexp,2024.2.5,2025-06-25 14h21.58.968910 +0200,
0,0,0,0,0,0,0,,,,,,,,,#2AB7EF,742.3032474517822,False,space,correct rejection,None,568.4547424316406,text_07,150,4,2back_dual_main_click,2,Bewohner.,50,50,100,120,60,,,,,,,,,,,06,01,yes,no,no,2025-06-25_14h18.15.835,EXNAT_4_TMS_Psychopy2024.2.5.psyexp,2024.2.5,2025-06-25 14h21.58.968910 +0200,
0,0,0,0,0,0,0,,,,,,,,,,742.9220917224884,,1,,,,text_07,,4,2back_dual_main_click,,,,,,,,,Q1,a,True,,,,,,,06,01,yes,no,no,2025-06-25_14h18.15.835,EXNAT_4_TMS_Psychopy2024.2.5.psyexp,2024.2.5,2025-06-25 14h21.58.968910 +0200,
0,0,0,0,0,0,0,,,,,,,,,,748.4670331478119,,3,,,,text_07,,4,2back_dual_main_click,,,,,,,,,Q2,c,True,,,,,,,06,01,yes,no,no,2025-06-25_14h18.15.835,EXNAT_4_TMS_Psychopy2024.2.5.psyexp,2024.2.5,2025-06-25 14h21.58.968910 +0200,
0,0,0,0,0,0,0,,,,,,,,,,754.0127320289612,,4,,,,text_07,,4,2back_dual_main_click,,,,,,,,,Q3,d,True,,,,,,,06,01,yes,no,no,2025-06-25_14h18.15.835,EXNAT_4_TMS_Psychopy2024.2.5.psyexp,2024.2.5,2025-06-25 14h21.58.968910 +0200,
0,0,0,0,0,0,0,,,,,,,,,#2AB7EF,764.5979425907135,False,space,correct rejection,None,834.026575088501,text_01,1,5,2back_dual_main_click,2,Der,50,50,100,120,60,,,,,,,,,,,06,01,yes,no,no,2025-06-25_14h18.15.835,EXNAT_4_TMS_Psychopy2024.2.5.psyexp,2024.2.5,2025-06-25 14h21.58.968910 +0200,
0,0,0,0,0,0,0,,,,,,,,,#D292F3,765.4679756164551,False,space,correct rejection,None,571.9401836395264,text_01,2,5,2back_dual_main_click,2,Anblick,51,50,101,120,60,765.5218110084534,,,,,,,,,,06,01,yes,no,no,2025-06-25_14h18.15.835,EXNAT_4_TMS_Psychopy2024.2.5.psyexp,2024.2.5,2025-06-25 14h21.58.968910 +0200,
0,0,0,0,0,0,0,,,,,,,,,#88BA3F,766.0777821540833,False,space,correct rejection,None,634.253740310669,text_01,3,5,2back_dual_main_click,2,der,51,50,101,120,60,,,,,,,,,,,06,01,yes,no,no,2025-06-25_14h18.15.835,EXNAT_4_TMS_Psychopy2024.2.5.psyexp,2024.2.5,2025-06-25 14h21.58.968910 +0200,
0,0,0,0,0,0,0,,,,,,,,,#2AB7EF,766.7492399215698,False,space,correct rejection,None,858.7124347686768,text_01,4,5,2back_dual_main_click,2,Tiere,51,50,101,120,60,,,,,,,,,,,06,01,yes,no,no,2025-06-25_14h18.15.835,EXNAT_4_TMS_Psychopy2024.2.5.psyexp,2024.2.5,2025-06-25 14h21.58.968910 +0200,
0,0,0,0,0,0,0,,,,,,,,,#88BA3F,767.6466045379639,True,space,miss,None,777.3945331573486,text_01,5,5,2back_dual_main_click,2,jagte,51,50,101,120,60,,,,,,,,,,,06,01,yes,no,no,2025-06-25_14h18.15.835,EXNAT_4_TMS_Psychopy2024.2.5.psyexp,2024.2.5,2025-06-25 14h21.58.968910 +0200,
0,0,0,0,0,0,0,,,,,,,,,#2AB7EF,768.4656002521515,True,l,hit,854.3131351470947,1302.2897243499756,text_01,6,5,2back_dual_main_click,2,Seeleuten,51,50,101,120,60,,,,,,,,,,,06,01,yes,no,no,2025-06-25_14h18.15.835,EXNAT_4_TMS_Psychopy2024.2.5.psyexp,2024.2.5,2025-06-25 14h21.58.968910 +0200,
0,0,0,0,0,0,0,,,,,,,,,#D292F3,769.8089492321014,False,space,correct rejection,None,583.0395221710205,text_01,7,5,2back_dual_main_click,2,vergangener,51,50,101,120,60,,,,,,,,,,,06,01,yes,no,no,2025-06-25_14h18.15.835,EXNAT_4_TMS_Psychopy2024.2.5.psyexp,2024.2.5,2025-06-25 14h21.58.968910 +0200,
0,0,0,0,0,0,0,,,,,,,,,#88BA3F,770.433447599411,False,space,correct rejection,None,1414.2708778381348,text_01,8,5,2back_dual_main_click,2,Jahrhunderte,52,50,102,120,60,770.5217623710632,,,,,,,,,,06,01,yes,no,no,2025-06-25_14h18.15.835,EXNAT_4_TMS_Psychopy2024.2.5.psyexp,2024.2.5,2025-06-25 14h21.58.968910 +0200,
0,0,0,0,0,0,0,,,,,,,,,#F989A2,771.9011175632477,False,space,correct rejection,None,634.8791122436523,text_01,9,5,2back_dual_main_click,2,zurecht,52,50,102,120,60,,,,,,,,,,,06,01,yes,no,no,2025-06-25_14h18.15.835,EXNAT_4_TMS_Psychopy2024.2.5.psyexp,2024.2.5,2025-06-25 14h21.58.968910 +0200,
0,0,0,0,0,0,0,,,,,,,,,#D292F3,772.5774800777435,False,space,correct rejection,None,598.3452796936035,text_01,10,5,2back_dual_main_click,2,Angst,52,50,102,120,60,,,,,,,,,,,06,01,yes,no,no,2025-06-25_14h18.15.835,EXNAT_4_TMS_Psychopy2024.2.5.psyexp,2024.2.5,2025-06-25 14h21.58.968910 +0200,
0,0,0,0,0,0,0,,,,,,,,,#F989A2,773.216394662857,True,l,hit,903.6092758178711,1287.3632907867432,text_01,11,5,2back_dual_main_click,2,ein.,52,50,102,120,60,,,,,,,,,,,06,01,yes,no,no,2025-06-25_14h18.15.835,EXNAT_4_TMS_Psychopy2024.2.5.psyexp,2024.2.5,2025-06-25 14h21.58.968910 +0200,
0,0,0,0,0,0,0,,,,,,,,,#F989A2,774.5579764842987,False,space,correct rejection,None,921.8544960021973,text_01,12,5,2back_dual_main_click,2,Vor,52,50,102,120,60,,,,,,,,,,,06,01,yes,no,no,2025-06-25_14h18.15.835,EXNAT_4_TMS_Psychopy2024.2.5.psyexp,2024.2.5,2025-06-25 14h21.58.968910 +0200,
0,0,0,0,0,0,0,,,,,,,,,#2AB7EF,775.5334415435791,False,space,correct rejection,None,1194.4284439086914,text_01,13,5,2back_dual_main_click,2,der,52,50,102,120,60,,,,,,,,,,,06,01,yes,no,no,2025-06-25_14h18.15.835,EXNAT_4_TMS_Psychopy2024.2.5.psyexp,2024.2.5,2025-06-25 14h21.58.968910 +0200,
0,0,0,0,0,0,0,,,,,,,,,#F989A2,776.7832787036896,True,l,hit,632.5151920318604,968.5342311859131,text_01,14,5,2back_dual_main_click,2,Küste,52,51,103,120,60,776.8353552818298,,,,,,,,,,06,01,yes,no,no,2025-06-25_14h18.15.835,EXNAT_4_TMS_Psychopy2024.2.5.psyexp,2024.2.5,2025-06-25 14h21.58.968910 +0200,
0,0,0,0,0,0,0,,,,,,,,,#D292F3,777.8062019348145,False,l,false alarm,1017.5414085388184,1241.3947582244873,text_01,15,5,2back_dual_main_click,2,Chiles,52,51,103,120,60,,,,,,,,,,,06,01,yes,no,no,2025-06-25_14h18.15.835,EXNAT_4_TMS_Psychopy2024.2.5.psyexp,2024.2.5,2025-06-25 14h21.58.968910 +0200,
0,0,0,0,0,0,0,,,,,,,,,#2AB7EF,779.1013746261597,False,space,correct rejection,None,730.4491996765137,text_01,16,5,2back_dual_main_click,2,tauchen,52,51,103,120,60,,,,,,,,,,,06,01,yes,no,no,2025-06-25_14h18.15.835,EXNAT_4_TMS_Psychopy2024.2.5.psyexp,2024.2.5,2025-06-25 14h21.58.968910 +0200,
0,0,0,0,0,0,0,,,,,,,,,#F989A2,779.8872079849243,False,space,correct rejection,None,840.6541347503662,text_01,17,5,2back_dual_main_click,2,derzeit,52,51,103,120,60,,,,,,,,,,,06,01,yes,no,no,2025-06-25_14h18.15.835,EXNAT_4_TMS_Psychopy2024.2.5.psyexp,2024.2.5,2025-06-25 14h21.58.968910 +0200,
0,0,0,0,0,0,0,,,,,,,,,#D292F3,780.7709414958954,False,space,correct rejection,None,1301.00417137146,text_01,18,5,2back_dual_main_click,2,ungewöhnlich,53,51,104,120,60,781.8353929519653,,,,,,,,,,06,01,yes,no,no,2025-06-25_14h18.15.835,EXNAT_4_TMS_Psychopy2024.2.5.psyexp,2024.2.5,2025-06-25 14h21.58.968910 +0200,
0,0,0,0,0,0,0,,,,,,,,,#F989A2,782.1253135204315,True,l,hit,954.5972347259521,1242.4848079681396,text_01,19,5,2back_dual_main_click,2,viele,53,51,104,120,60,,,,,,,,,,,06,01,yes,no,no,2025-06-25_14h18.15.835,EXNAT_4_TMS_Psychopy2024.2.5.psyexp,2024.2.5,2025-06-25 14h21.58.968910 +0200,
0,0,0,0,0,0,0,,,,,,,,,#88BA3F,783.4084129333496,False,space,correct rejection,None,1399.6095657348633,text_01,20,5,2back_dual_main_click,2,große,53,51,104,120,60,,,,,,,,,,,06,01,yes,no,no,2025-06-25_14h18.15.835,EXNAT_4_TMS_Psychopy2024.2.5.psyexp,2024.2.5,2025-06-25 14h21.58.968910 +0200,
0,0,0,0,0,0,0,,,,,,,,,#88BA3F,784.8498651981354,False,space,correct rejection,None,710.0770473480225,text_01,21,5,2back_dual_main_click,2,Kalmare,53,51,104,120,60,,,,,,,,,,,06,01,yes,no,no,2025-06-25_14h18.15.835,EXNAT_4_TMS_Psychopy2024.2.5.psyexp,2024.2.5,2025-06-25 14h21.58.968910 +0200,
0,0,0,0,0,0,0,,,,,,,,,#2AB7EF,785.6000258922577,False,space,correct rejection,None,727.9965877532959,text_01,22,5,2back_dual_main_click,2,auf.,53,51,104,120,60,,,,,,,,,,,06,01,yes,no,no,2025-06-25_14h18.15.835,EXNAT_4_TMS_Psychopy2024.2.5.psyexp,2024.2.5,2025-06-25 14h21.58.968910 +0200,
0,0,0,0,0,0,0,,,,,,,,,#D292F3,786.3697755336761,False,space,correct rejection,None,1318.0227279663086,text_01,23,5,2back_dual_main_click,2,Normalerweise,53,51,104,120,60,,,,,,,,,,,06,01,yes,no,no,2025-06-25_14h18.15.835,EXNAT_4_TMS_Psychopy2024.2.5.psyexp,2024.2.5,2025-06-25 14h21.58.968910 +0200,
0,0,0,0,0,0,0,,,,,,,,,#88BA3F,787.7268481254578,False,space,correct rejection,None,1048.9423274993896,text_01,24,5,2back_dual_main_click,2,leben,53,51,104,120,60,,,,,,,,,,,06,01,yes,no,no,2025-06-25_14h18.15.835,EXNAT_4_TMS_Psychopy2024.2.5.psyexp,2024.2.5,2025-06-25 14h21.58.968910 +0200,
0,0,0,0,0,0,0,,,,,,,,,#F989A2,788.8141577243805,False,l,false alarm,1209.6896171569824,1529.4468402862549,text_01,25,5,2back_dual_main_click,2,sie,53,51,104,120,60,,,,,,,,,,,06,01,yes,no,no,2025-06-25_14h18.15.835,EXNAT_4_TMS_Psychopy2024.2.5.psyexp,2024.2.5,2025-06-25 14h21.58.968910 +0200,
0,0,0,0,0,0,0,,,,,,,,,#F989A2,790.3978109359741,False,space,correct rejection,None,698.1172561645508,text_01,26,5,2back_dual_main_click,2,im,53,51,104,120,60,,,,,,,,,,,06,01,yes,no,no,2025-06-25_14h18.15.835,EXNAT_4_TMS_Psychopy2024.2.5.psyexp,2024.2.5,2025-06-25 14h21.58.968910 +0200,
0,0,0,0,0,0,0,,,,,,,,,#D292F3,791.135880947113,False,space,correct rejection,None,1128.0345916748047,text_01,27,5,2back_dual_main_click,2,offenen,53,51,104,120,60,,,,,,,,,,,06,01,yes,no,no,2025-06-25_14h18.15.835,EXNAT_4_TMS_Psychopy2024.2.5.psyexp,2024.2.5,2025-06-25 14h21.58.968910 +0200,
0,0,0,0,0,0,0,,,,,,,,,#F989A2,792.3041224479675,True,l,hit,567.5923824310303,919.5208549499512,text_01,28,5,2back_dual_main_click,2,Meer,53,52,105,120,60,792.3710165023804,,,,,,,,,,06,01,yes,no,no,2025-06-25_14h18.15.835,EXNAT_4_TMS_Psychopy2024.2.5.psyexp,2024.2.5,2025-06-25 14h21.58.968910 +0200,
0,0,0,0,0,0,0,,,,,,,,,#2AB7EF,793.2633364200592,False,space,correct rejection,None,1000.5855560302734,text_01,29,5,2back_dual_main_click,2,und,53,52,105,120,60,,,,,,,,,,,06,01,yes,no,no,2025-06-25_14h18.15.835,EXNAT_4_TMS_Psychopy2024.2.5.psyexp,2024.2.5,2025-06-25 14h21.58.968910 +0200,
0,0,0,0,0,0,0,,,,,,,,,#D292F3,794.3101994991302,False,space,correct rejection,None,753.7176609039307,text_01,30,5,2back_dual_main_click,2,sind,53,52,105,120,60,,,,,,,,,,,06,01,yes,no,no,2025-06-25_14h18.15.835,EXNAT_4_TMS_Psychopy2024.2.5.psyexp,2024.2.5,2025-06-25 14h21.58.968910 +0200,
0,0,0,0,0,0,0,,,,,,,,,#2AB7EF,795.1177055835724,True,l,hit,810.1530075073242,1258.037805557251,text_01,31,5,2back_dual_main_click,2,nur,53,52,105,120,60,,,,,,,,,,,06,01,yes,no,no,2025-06-25_14h18.15.835,EXNAT_4_TMS_Psychopy2024.2.5.psyexp,2024.2.5,2025-06-25 14h21.58.968910 +0200,
0,0,0,0,0,0,0,,,,,,,,,#D292F3,796.4297242164612,True,l,hit,682.2071075439453,1050.1904487609863,text_01,32,5,2back_dual_main_click,2,nachts,53,53,106,120,60,797.3709738254547,,,,,,,,,,06,01,yes,no,no,2025-06-25_14h18.15.835,EXNAT_4_TMS_Psychopy2024.2.5.psyexp,2024.2.5,2025-06-25 14h21.58.968910 +0200,
0,0,0,0,0,0,0,,,,,,,,,#D292F3,797.5336360931396,False,space,correct rejection,None,602.2872924804688,text_01,33,5,2back_dual_main_click,2,aktiv.,53,53,106,120,60,,,,,,,,,,,06,01,yes,no,no,2025-06-25_14h18.15.835,EXNAT_4_TMS_Psychopy2024.2.5.psyexp,2024.2.5,2025-06-25 14h21.58.968910 +0200,
0,0,0,0,0,0,0,,,,,,,,,#2AB7EF,798.1920511722565,False,space,correct rejection,None,1351.8266677856445,text_01,34,5,2back_dual_main_click,2,Jetzt,53,53,106,120,60,,,,,,,,,,,06,01,yes,no,no,2025-06-25_14h18.15.835,EXNAT_4_TMS_Psychopy2024.2.5.psyexp,2024.2.5,2025-06-25 14h21.58.968910 +0200,
0,0,0,0,0,0,0,,,,,,,,,#88BA3F,799.5847628116608,False,space,correct rejection,None,967.0484066009521,text_01,35,5,2back_dual_main_click,2,aber,53,53,106,120,60,,,,,,,,,,,06,01,yes,no,no,2025-06-25_14h18.15.835,EXNAT_4_TMS_Psychopy2024.2.5.psyexp,2024.2.5,2025-06-25 14h21.58.968910 +0200,
0,0,0,0,0,0,0,,,,,,,,,#2AB7EF,800.5907425880432,True,l,hit,489.14361000061035,873.1071949005127,text_01,36,5,2back_dual_main_click,2,jagen,53,53,106,120,60,,,,,,,,,,,06,01,yes,no,no,2025-06-25_14h18.15.835,EXNAT_4_TMS_Psychopy2024.2.5.psyexp,2024.2.5,2025-06-25 14h21.58.968910 +0200,
0,0,0,0,0,0,0,,,,,,,,,#2AB7EF,801.5008957386017,False,space,correct rejection,None,651.0028839111328,text_01,37,5,2back_dual_main_click,2,sie,53,53,106,120,60,,,,,,,,,,,06,01,yes,no,no,2025-06-25_14h18.15.835,EXNAT_4_TMS_Psychopy2024.2.5.psyexp,2024.2.5,2025-06-25 14h21.58.968910 +0200,
0,0,0,0,0,0,0,,,,,,,,,#F989A2,802.1919641494751,False,space,correct rejection,None,1303.8661479949951,text_01,38,5,2back_dual_main_click,2,auch,54,53,107,120,60,802.371052980423,,,,,,,,,,06,01,yes,no,no,2025-06-25_14h18.15.835,EXNAT_4_TMS_Psychopy2024.2.5.psyexp,2024.2.5,2025-06-25 14h21.58.968910 +0200,
0,0,0,0,0,0,0,,,,,,,,,#88BA3F,803.5343441963196,False,space,correct rejection,None,1673.642873764038,text_01,39,5,2back_dual_main_click,2,tagsüber,54,53,107,120,60,,,,,,,,,,,06,01,yes,no,no,2025-06-25_14h18.15.835,EXNAT_4_TMS_Psychopy2024.2.5.psyexp,2024.2.5,2025-06-25 14h21.58.968910 +0200,
0,0,0,0,0,0,0,,,,,,,,,#2AB7EF,805.2477250099182,False,space,correct rejection,None,1640.1746273040771,text_01,40,5,2back_dual_main_click,2,in,54,53,107,120,60,,,,,,,,,,,06,01,yes,no,no,2025-06-25_14h18.15.835,EXNAT_4_TMS_Psychopy2024.2.5.psyexp,2024.2.5,2025-06-25 14h21.58.968910 +0200,
0,0,0,0,0,0,0,,,,,,,,,#2AB7EF,806.9425511360168,False,space,correct rejection,None,745.3875541687012,text_01,41,5,2back_dual_main_click,2,flachen,55,53,108,120,60,807.3710272312164,,,,,,,,,,06,01,yes,no,no,2025-06-25_14h18.15.835,EXNAT_4_TMS_Psychopy2024.2.5.psyexp,2024.2.5,2025-06-25 14h21.58.968910 +0200,
0,0,0,0,0,0,0,,,,,,,,,#88BA3F,807.7447130680084,False,space,correct rejection,None,1047.14035987854,text_01,42,5,2back_dual_main_click,2,Gewässern,55,53,108,120,60,,,,,,,,,,,06,01,yes,no,no,2025-06-25_14h18.15.835,EXNAT_4_TMS_Psychopy2024.2.5.psyexp,2024.2.5,2025-06-25 14h21.58.968910 +0200,
0,0,0,0,0,0,0,,,,,,,,,#88BA3F,808.8467206954956,False,space,correct rejection,None,1113.152265548706,text_01,43,5,2back_dual_main_click,2,sehr,55,53,108,120,60,,,,,,,,,,,06,01,yes,no,no,2025-06-25_14h18.15.835,EXNAT_4_TMS_Psychopy2024.2.5.psyexp,2024.2.5,2025-06-25 14h21.58.968910 +0200,
0,0,0,0,0,0,0,,,,,,,,,#D292F3,810.012362241745,False,space,correct rejection,None,1307.4450492858887,text_01,44,5,2back_dual_main_click,2,zum,55,53,108,120,60,,,,,,,,,,,06,01,yes,no,no,2025-06-25_14h18.15.835,EXNAT_4_TMS_Psychopy2024.2.5.psyexp,2024.2.5,2025-06-25 14h21.58.968910 +0200,
0,0,0,0,0,0,0,,,,,,,,,#D292F3,811.3758146762848,False,space,correct rejection,None,1128.1075477600098,text_01,45,5,2back_dual_main_click,2,Ärger,55,53,108,120,60,,,,,,,,,,,06,01,yes,no,no,2025-06-25_14h18.15.835,EXNAT_4_TMS_Psychopy2024.2.5.psyexp,2024.2.5,2025-06-25 14h21.58.968910 +0200,
0,0,0,0,0,0,0,,,,,,,,,#F989A2,812.5424017906189,False,space,correct rejection,None,633.3510875701904,text_01,46,5,2back_dual_main_click,2,der,55,53,108,120,60,,,,,,,,,,,06,01,yes,no,no,2025-06-25_14h18.15.835,EXNAT_4_TMS_Psychopy2024.2.5.psyexp,2024.2.5,2025-06-25 14h21.58.968910 +0200,
0,0,0,0,0,0,0,,,,,,,,,#F989A2,813.2172386646271,False,l,false alarm,950.5159854888916,1302.5825023651123,text_01,47,5,2back_dual_main_click,2,Fischer.,55,53,108,120,60,,,,,,,,,,,06,01,yes,no,no,2025-06-25_14h18.15.835,EXNAT_4_TMS_Psychopy2024.2.5.psyexp,2024.2.5,2025-06-25 14h21.58.968910 +0200,
0,0,0,0,0,0,0,,,,,,,,,#F989A2,814.5596580505371,True,l,hit,1080.296516418457,1448.1942653656006,text_01,48,5,2back_dual_main_click,2,Die,55,54,109,120,60,814.6112303733826,,,,,,,,,,06,01,yes,no,no,2025-06-25_14h18.15.835,EXNAT_4_TMS_Psychopy2024.2.5.psyexp,2024.2.5,2025-06-25 14h21.58.968910 +0200,
0,0,0,0,0,0,0,,,,,,,,,#F989A2,816.050386428833,True,l,hit,901.5541076660156,1205.3918838500977,text_01,49,5,2back_dual_main_click,2,Kalmare,55,54,109,120,60,,,,,,,,,,,06,01,yes,no,no,2025-06-25_14h18.15.835,EXNAT_4_TMS_Psychopy2024.2.5.psyexp,2024.2.5,2025-06-25 14h21.58.968910 +0200,
0,0,0,0,0,0,0,,,,,,,,,#2AB7EF,817.297544002533,False,space,correct rejection,None,998.4390735626221,text_01,50,5,2back_dual_main_click,2,fressen,55,54,109,120,60,,,,,,,,,,,06,01,yes,no,no,2025-06-25_14h18.15.835,EXNAT_4_TMS_Psychopy2024.2.5.psyexp,2024.2.5,2025-06-25 14h21.58.968910 +0200,
0,0,0,0,0,0,0,,,,,,,,,#2AB7EF,818.351438999176,False,space,correct rejection,None,696.453332901001,text_01,51,5,2back_dual_main_click,2,große,55,54,109,120,60,,,,,,,,,,,06,01,yes,no,no,2025-06-25_14h18.15.835,EXNAT_4_TMS_Psychopy2024.2.5.psyexp,2024.2.5,2025-06-25 14h21.58.968910 +0200,
0,0,0,0,0,0,0,,,,,,,,,#2AB7EF,819.1024687290192,True,l,hit,729.4065952301025,1129.2903423309326,text_01,52,5,2back_dual_main_click,2,Mengen,55,55,110,120,60,819.611279964447,,,,,,,,,,06,01,yes,no,no,2025-06-25_14h18.15.835,EXNAT_4_TMS_Psychopy2024.2.5.psyexp,2024.2.5,2025-06-25 14h21.58.968910 +0200,
0,0,0,0,0,0,0,,,,,,,,,#2AB7EF,820.2879178524017,True,space,miss,None,904.0408134460449,text_01,53,5,2back_dual_main_click,2,an,55,55,110,120,60,,,,,,,,,,,06,01,yes,no,no,2025-06-25_14h18.15.835,EXNAT_4_TMS_Psychopy2024.2.5.psyexp,2024.2.5,2025-06-25 14h21.58.968910 +0200,
0,0,0,0,0,0,0,,,,,,,,,#88BA3F,821.2479300498962,False,space,correct rejection,None,1351.914405822754,text_01,54,5,2back_dual_main_click,2,Sardinen,55,55,110,120,60,,,,,,,,,,,06,01,yes,no,no,2025-06-25_14h18.15.835,EXNAT_4_TMS_Psychopy2024.2.5.psyexp,2024.2.5,2025-06-25 14h21.58.968910 +0200,
0,0,0,0,0,0,0,,,,,,,,,#F989A2,822.6541941165924,False,space,correct rejection,None,745.7239627838135,text_01,55,5,2back_dual_main_click,2,Sardellen,55,55,110,120,60,,,,,,,,,,,06,01,yes,no,no,2025-06-25_14h18.15.835,EXNAT_4_TMS_Psychopy2024.2.5.psyexp,2024.2.5,2025-06-25 14h21.58.968910 +0200,
0,0,0,0,0,0,0,,,,,,,,,#88BA3F,823.4536726474762,True,space,miss,None,1018.2902812957764,text_01,56,5,2back_dual_main_click,2,und,55,55,110,120,60,,,,,,,,,,,06,01,yes,no,no,2025-06-25_14h18.15.835,EXNAT_4_TMS_Psychopy2024.2.5.psyexp,2024.2.5,2025-06-25 14h21.58.968910 +0200,
0,0,0,0,0,0,0,,,,,,,,,#88BA3F,824.5259172916412,False,space,correct rejection,None,1433.915615081787,text_01,57,5,2back_dual_main_click,2,Hechten.,56,55,111,120,60,824.6114399433136,,,,,,,,,,06,01,yes,no,no,2025-06-25_14h18.15.835,EXNAT_4_TMS_Psychopy2024.2.5.psyexp,2024.2.5,2025-06-25 14h21.58.968910 +0200,
0,0,0,0,0,0,0,,,,,,,,,#D292F3,826.015335559845,False,space,correct rejection,None,680.5481910705566,text_01,58,5,2back_dual_main_click,2,Der,56,55,111,120,60,,,,,,,,,,,06,01,yes,no,no,2025-06-25_14h18.15.835,EXNAT_4_TMS_Psychopy2024.2.5.psyexp,2024.2.5,2025-06-25 14h21.58.968910 +0200,
0,0,0,0,0,0,0,,,,,,,,,#F989A2,826.7502439022064,False,space,correct rejection,None,1097.6691246032715,text_01,59,5,2back_dual_main_click,2,Grund,56,55,111,120,60,,,,,,,,,,,06,01,yes,no,no,2025-06-25_14h18.15.835,EXNAT_4_TMS_Psychopy2024.2.5.psyexp,2024.2.5,2025-06-25 14h21.58.968910 +0200,
0,0,0,0,0,0,0,,,,,,,,,#D292F3,827.9024019241333,True,l,hit,777.3435115814209,1225.4793643951416,text_01,60,5,2back_dual_main_click,2,für,56,55,111,120,60,,,,,,,,,,,06,01,yes,no,no,2025-06-25_14h18.15.835,EXNAT_4_TMS_Psychopy2024.2.5.psyexp,2024.2.5,2025-06-25 14h21.58.968910 +0200,
0,0,0,0,0,0,0,,,,,,,,,#D292F3,829.1833274364471,False,space,correct rejection,None,616.5776252746582,text_01,61,5,2back_dual_main_click,2,ihr,56,55,111,120,60,,,,,,,,,,,06,01,yes,no,no,2025-06-25_14h18.15.835,EXNAT_4_TMS_Psychopy2024.2.5.psyexp,2024.2.5,2025-06-25 14h21.58.968910 +0200,
0,0,0,0,0,0,0,,,,,,,,,#F989A2,829.8548185825348,False,space,correct rejection,None,1145.1139450073242,text_01,62,5,2back_dual_main_click,2,plötzliches,57,55,112,120,60,829.9093332290649,,,,,,,,,,06,01,yes,no,no,2025-06-25_14h18.15.835,EXNAT_4_TMS_Psychopy2024.2.5.psyexp,2024.2.5,2025-06-25 14h21.58.968910 +0200,
0,0,0,0,0,0,0,,,,,,,,,#D292F3,831.0547404289246,True,space,miss,None,1017.1949863433838,text_01,63,5,2back_dual_main_click,2,Auftreten:,57,55,112,120,60,,,,,,,,,,,06,01,yes,no,no,2025-06-25_14h18.15.835,EXNAT_4_TMS_Psychopy2024.2.5.psyexp,2024.2.5,2025-06-25 14h21.58.968910 +0200,
0,0,0,0,0,0,0,,,,,,,,,#2AB7EF,832.1282193660736,False,space,correct rejection,None,1383.737325668335,text_01,64,5,2back_dual_main_click,2,Das,57,55,112,120,60,,,,,,,,,,,06,01,yes,no,no,2025-06-25_14h18.15.835,EXNAT_4_TMS_Psychopy2024.2.5.psyexp,2024.2.5,2025-06-25 14h21.58.968910 +0200,
0,0,0,0,0,0,0,,,,,,,,,#2AB7EF,833.5667493343353,False,space,correct rejection,None,1097.2020626068115,text_01,65,5,2back_dual_main_click,2,Meer,57,55,112,120,60,,,,,,,,,,,06,01,yes,no,no,2025-06-25_14h18.15.835,EXNAT_4_TMS_Psychopy2024.2.5.psyexp,2024.2.5,2025-06-25 14h21.58.968910 +0200,
0,0,0,0,0,0,0,,,,,,,,,#D292F3,834.7190525531769,False,space,correct rejection,None,1032.8865051269531,text_01,66,5,2back_dual_main_click,2,war,57,55,112,120,60,,,,,,,,,,,06,01,yes,no,no,2025-06-25_14h18.15.835,EXNAT_4_TMS_Psychopy2024.2.5.psyexp,2024.2.5,2025-06-25 14h21.58.968910 +0200,
0,0,0,0,0,0,0,,,,,,,,,#88BA3F,835.8068068027496,False,space,correct rejection,None,569.0748691558838,text_01,67,5,2back_dual_main_click,2,im,57,55,112,120,60,,,,,,,,,,,06,01,yes,no,no,2025-06-25_14h18.15.835,EXNAT_4_TMS_Psychopy2024.2.5.psyexp,2024.2.5,2025-06-25 14h21.58.968910 +0200,
0,0,0,0,0,0,0,,,,,,,,,#88BA3F,836.42693567276,False,space,correct rejection,None,684.988260269165,text_01,68,5,2back_dual_main_click,2,Februar,57,55,112,120,60,,,,,,,,,,,06,01,yes,no,no,2025-06-25_14h18.15.835,EXNAT_4_TMS_Psychopy2024.2.5.psyexp,2024.2.5,2025-06-25 14h21.58.968910 +0200,
0,0,0,0,0,0,0,,,,,,,,,#D292F3,837.1680884361267,False,space,correct rejection,None,1047.8413105010986,text_01,69,5,2back_dual_main_click,2,ungewöhnlich,57,55,112,120,60,,,,,,,,,,,06,01,yes,no,no,2025-06-25_14h18.15.835,EXNAT_4_TMS_Psychopy2024.2.5.psyexp,2024.2.5,2025-06-25 14h21.58.968910 +0200,
0,0,0,0,0,0,0,,,,,,,,,#2AB7EF,838.2697672843933,False,space,correct rejection,None,698.0922222137451,text_01,70,5,2back_dual_main_click,2,"warm,",57,55,112,120,60,,,,,,,,,,,06,01,yes,no,no,2025-06-25_14h18.15.835,EXNAT_4_TMS_Psychopy2024.2.5.psyexp,2024.2.5,2025-06-25 14h21.58.968910 +0200,
0,0,0,0,0,0,0,,,,,,,,,#F989A2,839.0211234092712,False,space,correct rejection,None,890.7864093780518,text_01,71,5,2back_dual_main_click,2,weshalb,57,55,112,120,60,,,,,,,,,,,06,01,yes,no,no,2025-06-25_14h18.15.835,EXNAT_4_TMS_Psychopy2024.2.5.psyexp,2024.2.5,2025-06-25 14h21.58.968910 +0200,
0,0,0,0,0,0,0,,,,,,,,,#88BA3F,839.9669983386993,False,space,correct rejection,None,744.8711395263672,text_01,72,5,2back_dual_main_click,2,sich,57,55,112,120,60,,,,,,,,,,,06,01,yes,no,no,2025-06-25_14h18.15.835,EXNAT_4_TMS_Psychopy2024.2.5.psyexp,2024.2.5,2025-06-25 14h21.58.968910 +0200,
0,0,0,0,0,0,0,,,,,,,,,#88BA3F,840.7659530639648,False,space,correct rejection,None,745.988130569458,text_01,73,5,2back_dual_main_click,2,viele,57,55,112,120,60,,,,,,,,,,,06,01,yes,no,no,2025-06-25_14h18.15.835,EXNAT_4_TMS_Psychopy2024.2.5.psyexp,2024.2.5,2025-06-25 14h21.58.968910 +0200,
0,0,0,0,0,0,0,,,,,,,,,#2AB7EF,841.5654811859131,False,space,correct rejection,None,906.4624309539795,text_01,74,5,2back_dual_main_click,2,kleine,57,55,112,120,60,,,,,,,,,,,06,01,yes,no,no,2025-06-25_14h18.15.835,EXNAT_4_TMS_Psychopy2024.2.5.psyexp,2024.2.5,2025-06-25 14h21.58.968910 +0200,
0,0,0,0,0,0,0,,,,,,,,,#88BA3F,842.5260236263275,True,l,hit,617.8815364837646,1081.9101333618164,text_01,75,5,2back_dual_main_click,2,Beutefische,57,56,113,120,60,842.5771553516388,,,,,,,,,,06,01,yes,no,no,2025-06-25_14h18.15.835,EXNAT_4_TMS_Psychopy2024.2.5.psyexp,2024.2.5,2025-06-25 14h21.58.968910 +0200,
0,0,0,0,0,0,0,,,,,,,,,#F989A2,843.6629374027252,False,space,correct rejection,None,601.0913848876953,text_01,76,5,2back_dual_main_click,2,nahe,57,56,113,120,60,,,,,,,,,,,06,01,yes,no,no,2025-06-25_14h18.15.835,EXNAT_4_TMS_Psychopy2024.2.5.psyexp,2024.2.5,2025-06-25 14h21.58.968910 +0200,
0,0,0,0,0,0,0,,,,,,,,,#D292F3,844.3190338611603,False,space,correct rejection,None,968.9157009124756,text_01,77,5,2back_dual_main_click,2,der,57,56,113,120,60,,,,,,,,,,,06,01,yes,no,no,2025-06-25_14h18.15.835,EXNAT_4_TMS_Psychopy2024.2.5.psyexp,2024.2.5,2025-06-25 14h21.58.968910 +0200,
0,0,0,0,0,0,0,,,,,,,,,#2AB7EF,845.3442947864532,False,space,correct rejection,None,871.7162609100342,text_01,78,5,2back_dual_main_click,2,Küste,57,56,113,120,60,,,,,,,,,,,06,01,yes,no,no,2025-06-25_14h18.15.835,EXNAT_4_TMS_Psychopy2024.2.5.psyexp,2024.2.5,2025-06-25 14h21.58.968910 +0200,
0,0,0,0,0,0,0,,,,,,,,,#D292F3,846.2723231315613,True,l,hit,727.5815010070801,1175.4951477050781,text_01,79,5,2back_dual_main_click,2,sammelten.,57,56,113,120,60,,,,,,,,,,,06,01,yes,no,no,2025-06-25_14h18.15.835,EXNAT_4_TMS_Psychopy2024.2.5.psyexp,2024.2.5,2025-06-25 14h21.58.968910 +0200,
0,0,0,0,0,0,0,,,,,,,,,#F989A2,847.5021510124207,False,space,correct rejection,None,617.6769733428955,text_01,80,5,2back_dual_main_click,2,Die,58,56,114,120,60,847.5771608352661,,,,,,,,,,06,01,yes,no,no,2025-06-25_14h18.15.835,EXNAT_4_TMS_Psychopy2024.2.5.psyexp,2024.2.5,2025-06-25 14h21.58.968910 +0200,
0,0,0,0,0,0,0,,,,,,,,,#F989A2,848.1600503921509,False,space,correct rejection,None,695.8773136138916,text_01,81,5,2back_dual_main_click,2,Kalmare,58,56,114,120,60,,,,,,,,,,,06,01,yes,no,no,2025-06-25_14h18.15.835,EXNAT_4_TMS_Psychopy2024.2.5.psyexp,2024.2.5,2025-06-25 14h21.58.968910 +0200,
0,0,0,0,0,0,0,,,,,,,,,#D292F3,848.8958737850189,False,space,correct rejection,None,856.0750484466553,text_01,82,5,2back_dual_main_click,2,wurden,58,56,114,120,60,,,,,,,,,,,06,01,yes,no,no,2025-06-25_14h18.15.835,EXNAT_4_TMS_Psychopy2024.2.5.psyexp,2024.2.5,2025-06-25 14h21.58.968910 +0200,
0,0,0,0,0,0,0,,,,,,,,,#88BA3F,849.7919366359711,False,space,correct rejection,None,743.7689304351807,text_01,83,5,2back_dual_main_click,2,davon,58,56,114,120,60,,,,,,,,,,,06,01,yes,no,no,2025-06-25_14h18.15.835,EXNAT_4_TMS_Psychopy2024.2.5.psyexp,2024.2.5,2025-06-25 14h21.58.968910 +0200,
0,0,0,0,0,0,0,,,,,,,,,#2AB7EF,850.576929807663,False,space,correct rejection,None,711.0419273376465,text_01,84,5,2back_dual_main_click,2,angelockt.,58,56,114,120,60,,,,,,,,,,,06,01,yes,no,no,2025-06-25_14h18.15.835,EXNAT_4_TMS_Psychopy2024.2.5.psyexp,2024.2.5,2025-06-25 14h21.58.968910 +0200,
0,0,0,0,0,0,0,,,,,,,,,#88BA3F,851.3280344009399,True,space,miss,None,919.9519157409668,text_01,85,5,2back_dual_main_click,2,Für,58,56,114,120,60,,,,,,,,,,,06,01,yes,no,no,2025-06-25_14h18.15.835,EXNAT_4_TMS_Psychopy2024.2.5.psyexp,2024.2.5,2025-06-25 14h21.58.968910 +0200,
0,0,0,0,0,0,0,,,,,,,,,#2AB7EF,852.2883944511414,True,l,hit,455.46913146972656,983.4122657775879,text_01,86,5,2back_dual_main_click,2,Meeresbiologen,58,57,115,120,60,852.5771248340607,,,,,,,,,,06,01,yes,no,no,2025-06-25_14h18.15.835,EXNAT_4_TMS_Psychopy2024.2.5.psyexp,2024.2.5,2025-06-25 14h21.58.968910 +0200,
0,0,0,0,0,0,0,,,,,,,,,#D292F3,853.3102884292603,False,space,correct rejection,None,809.6909523010254,text_01,87,5,2back_dual_main_click,2,ist,58,57,115,120,60,,,,,,,,,,,06,01,yes,no,no,2025-06-25_14h18.15.835,EXNAT_4_TMS_Psychopy2024.2.5.psyexp,2024.2.5,2025-06-25 14h21.58.968910 +0200,
0,0,0,0,0,0,0,,,,,,,,,#F989A2,854.1592135429382,False,space,correct rejection,None,600.6276607513428,text_01,88,5,2back_dual_main_click,2,das,58,57,115,120,60,,,,,,,,,,,06,01,yes,no,no,2025-06-25_14h18.15.835,EXNAT_4_TMS_Psychopy2024.2.5.psyexp,2024.2.5,2025-06-25 14h21.58.968910 +0200,
0,0,0,0,0,0,0,,,,,,,,,#D292F3,854.7975161075592,True,l,hit,554.3227195739746,938.4112358093262,text_01,89,5,2back_dual_main_click,2,eine,58,57,115,120,60,,,,,,,,,,,06,01,yes,no,no,2025-06-25_14h18.15.835,EXNAT_4_TMS_Psychopy2024.2.5.psyexp,2024.2.5,2025-06-25 14h21.58.968910 +0200,
0,0,0,0,0,0,0,,,,,,,,,#F989A2,855.7770700454712,True,l,hit,870.8264827728271,1190.7238960266113,text_01,90,5,2back_dual_main_click,2,seltene,58,57,115,120,60,,,,,,,,,,,06,01,yes,no,no,2025-06-25_14h18.15.835,EXNAT_4_TMS_Psychopy2024.2.5.psyexp,2024.2.5,2025-06-25 14h21.58.968910 +0200,
0,0,0,0,0,0,0,,,,,,,,,#2AB7EF,857.0202372074127,False,space,correct rejection,None,603.6787033081055,text_01,91,5,2back_dual_main_click,2,Gelegenheit,59,57,116,120,60,857.5770933628082,,,,,,,,,,06,01,yes,no,no,2025-06-25_14h18.15.835,EXNAT_4_TMS_Psychopy2024.2.5.psyexp,2024.2.5,2025-06-25 14h21.58.968910 +0200,
0,0,0,0,0,0,0,,,,,,,,,#2AB7EF,857.6798875331879,False,space,correct rejection,None,760.0781917572021,text_01,92,5,2back_dual_main_click,2,diese,59,57,116,120,60,,,,,,,,,,,06,01,yes,no,no,2025-06-25_14h18.15.835,EXNAT_4_TMS_Psychopy2024.2.5.psyexp,2024.2.5,2025-06-25 14h21.58.968910 +0200,
0,0,0,0,0,0,0,,,,,,,,,#D292F3,858.4795022010803,False,space,correct rejection,None,824.251651763916,text_01,93,5,2back_dual_main_click,2,Tiere,59,57,116,120,60,,,,,,,,,,,06,01,yes,no,no,2025-06-25_14h18.15.835,EXNAT_4_TMS_Psychopy2024.2.5.psyexp,2024.2.5,2025-06-25 14h21.58.968910 +0200,
0,0,0,0,0,0,0,,,,,,,,,#88BA3F,859.3443655967712,False,space,correct rejection,None,663.5406017303467,text_01,94,5,2back_dual_main_click,2,aus,59,57,116,120,60,,,,,,,,,,,06,01,yes,no,no,2025-06-25_14h18.15.835,EXNAT_4_TMS_Psychopy2024.2.5.psyexp,2024.2.5,2025-06-25 14h21.58.968910 +0200,
0,0,0,0,0,0,0,,,,,,,,,#F989A2,860.0466690063477,False,space,correct rejection,None,665.2684211730957,text_01,95,5,2back_dual_main_click,2,der,59,57,116,120,60,,,,,,,,,,,06,01,yes,no,no,2025-06-25_14h18.15.835,EXNAT_4_TMS_Psychopy2024.2.5.psyexp,2024.2.5,2025-06-25 14h21.58.968910 +0200,
0,0,0,0,0,0,0,,,,,,,,,#D292F3,860.7504379749298,False,space,correct rejection,None,841.5005207061768,text_01,96,5,2back_dual_main_click,2,Nähe,59,57,116,120,60,,,,,,,,,,,06,01,yes,no,no,2025-06-25_14h18.15.835,EXNAT_4_TMS_Psychopy2024.2.5.psyexp,2024.2.5,2025-06-25 14h21.58.968910 +0200,
0,0,0,0,0,0,0,,,,,,,,,#88BA3F,861.6308972835541,False,space,correct rejection,None,1289.1137599945068,text_01,97,5,2back_dual_main_click,2,zu,59,57,116,120,60,,,,,,,,,,,06,01,yes,no,no,2025-06-25_14h18.15.835,EXNAT_4_TMS_Psychopy2024.2.5.psyexp,2024.2.5,2025-06-25 14h21.58.968910 +0200,
0,0,0,0,0,0,0,,,,,,,,,#D292F3,862.9766592979431,True,l,hit,743.2057857513428,1159.2934131622314,text_01,98,5,2back_dual_main_click,2,beobachten.,59,58,117,120,60,863.0286002159119,,,,,,,,,,06,01,yes,no,no,2025-06-25_14h18.15.835,EXNAT_4_TMS_Psychopy2024.2.5.psyexp,2024.2.5,2025-06-25 14h21.58.968910 +0200,
0,0,0,0,0,0,0,,,,,,,,,#F989A2,864.1912121772766,False,space,correct rejection,None,744.797945022583,text_01,99,5,2back_dual_main_click,2,Denn,59,58,117,120,60,,,,,,,,,,,06,01,yes,no,no,2025-06-25_14h18.15.835,EXNAT_4_TMS_Psychopy2024.2.5.psyexp,2024.2.5,2025-06-25 14h21.58.968910 +0200,
0,0,0,0,0,0,0,,,,,,,,,#2AB7EF,864.9916644096375,False,space,correct rejection,None,904.3087959289551,text_01,100,5,2back_dual_main_click,2,große,59,58,117,120,60,,,,,,,,,,,06,01,yes,no,no,2025-06-25_14h18.15.835,EXNAT_4_TMS_Psychopy2024.2.5.psyexp,2024.2.5,2025-06-25 14h21.58.968910 +0200,
0,0,0,0,0,0,0,,,,,,,,,#D292F3,865.9501724243164,False,l,false alarm,1113.6829853057861,1449.8355388641357,text_01,101,5,2back_dual_main_click,2,Kalmare,59,58,117,120,60,,,,,,,,,,,06,01,yes,no,no,2025-06-25_14h18.15.835,EXNAT_4_TMS_Psychopy2024.2.5.psyexp,2024.2.5,2025-06-25 14h21.58.968910 +0200,
0,0,0,0,0,0,0,,,,,,,,,#F989A2,867.4558660984039,False,space,correct rejection,None,424.1499900817871,text_01,102,5,2back_dual_main_click,2,lassen,59,58,117,120,60,,,,,,,,,,,06,01,yes,no,no,2025-06-25_14h18.15.835,EXNAT_4_TMS_Psychopy2024.2.5.psyexp,2024.2.5,2025-06-25 14h21.58.968910 +0200,
0,0,0,0,0,0,0,,,,,,,,,#2AB7EF,867.9342455863953,False,space,correct rejection,None,905.8842658996582,text_01,103,5,2back_dual_main_click,2,sich,59,58,117,120,60,,,,,,,,,,,06,01,yes,no,no,2025-06-25_14h18.15.835,EXNAT_4_TMS_Psychopy2024.2.5.psyexp,2024.2.5,2025-06-25 14h21.58.968910 +0200,
0,0,0,0,0,0,0,,,,,,,,,#88BA3F,868.894362449646,False,space,correct rejection,None,761.6007328033447,text_01,104,5,2back_dual_main_click,2,nur,60,58,118,120,60,868.9458396434784,,,,,,,,,,06,01,yes,no,no,2025-06-25_14h18.15.835,EXNAT_4_TMS_Psychopy2024.2.5.psyexp,2024.2.5,2025-06-25 14h21.58.968910 +0200,
0,0,0,0,0,0,0,,,,,,,,,#2AB7EF,869.7111361026764,True,space,miss,None,1080.9762477874756,text_01,105,5,2back_dual_main_click,2,schwer,60,58,118,120,60,,,,,,,,,,,06,01,yes,no,no,2025-06-25_14h18.15.835,EXNAT_4_TMS_Psychopy2024.2.5.psyexp,2024.2.5,2025-06-25 14h21.58.968910 +0200,
0,0,0,0,0,0,0,,,,,,,,,#F989A2,870.8475620746613,False,space,correct rejection,None,952.5046348571777,text_01,106,5,2back_dual_main_click,2,filmen.,60,58,118,120,60,,,,,,,,,,,06,01,yes,no,no,2025-06-25_14h18.15.835,EXNAT_4_TMS_Psychopy2024.2.5.psyexp,2024.2.5,2025-06-25 14h21.58.968910 +0200,
0,0,0,0,0,0,0,,,,,,,,,#D292F3,871.8553562164307,False,space,correct rejection,None,984.7385883331299,text_01,107,5,2back_dual_main_click,2,Ein,60,58,118,120,60,,,,,,,,,,,06,01,yes,no,no,2025-06-25_14h18.15.835,EXNAT_4_TMS_Psychopy2024.2.5.psyexp,2024.2.5,2025-06-25 14h21.58.968910 +0200,
0,0,0,0,0,0,0,,,,,,,,,#88BA3F,872.893373966217,False,space,correct rejection,None,1530.707597732544,text_01,108,5,2back_dual_main_click,2,Biologe,60,58,118,120,60,,,,,,,,,,,06,01,yes,no,no,2025-06-25_14h18.15.835,EXNAT_4_TMS_Psychopy2024.2.5.psyexp,2024.2.5,2025-06-25 14h21.58.968910 +0200,
0,0,0,0,0,0,0,,,,,,,,,#2AB7EF,874.4802720546722,False,l,false alarm,503.53431701660156,919.529914855957,text_01,109,5,2back_dual_main_click,2,aus,60,58,118,120,60,,,,,,,,,,,06,01,yes,no,no,2025-06-25_14h18.15.835,EXNAT_4_TMS_Psychopy2024.2.5.psyexp,2024.2.5,2025-06-25 14h21.58.968910 +0200,
0,0,0,0,0,0,0,,,,,,,,,#F989A2,875.4551022052765,False,space,correct rejection,None,664.9556159973145,text_01,110,5,2back_dual_main_click,2,Neuseeland,60,58,118,120,60,,,,,,,,,,,06,01,yes,no,no,2025-06-25_14h18.15.835,EXNAT_4_TMS_Psychopy2024.2.5.psyexp,2024.2.5,2025-06-25 14h21.58.968910 +0200,
0,0,0,0,0,0,0,,,,,,,,,#2AB7EF,876.175924539566,True,space,miss,None,919.8935031890869,text_01,111,5,2back_dual_main_click,2,will,60,59,119,120,60,876.2288427352905,,,,,,,,,,06,01,yes,no,no,2025-06-25_14h18.15.835,EXNAT_4_TMS_Psychopy2024.2.5.psyexp,2024.2.5,2025-06-25 14h21.58.968910 +0200,
0,0,0,0,0,0,0,,,,,,,,,#88BA3F,877.1515834331512,False,space,correct rejection,None,1240.3481006622314,text_01,112,5,2back_dual_main_click,2,versuchen,60,59,119,120,60,,,,,,,,,,,06,01,yes,no,no,2025-06-25_14h18.15.835,EXNAT_4_TMS_Psychopy2024.2.5.psyexp,2024.2.5,2025-06-25 14h21.58.968910 +0200,
0,0,0,0,0,0,0,,,,,,,,,#F989A2,878.4472992420197,False,space,correct rejection,None,888.3583545684814,text_01,113,5,2back_dual_main_click,2,sie,60,59,119,120,60,,,,,,,,,,,06,01,yes,no,no,2025-06-25_14h18.15.835,EXNAT_4_TMS_Psychopy2024.2.5.psyexp,2024.2.5,2025-06-25 14h21.58.968910 +0200,
0,0,0,0,0,0,0,,,,,,,,,#88BA3F,879.386152267456,True,space,miss,None,1245.847225189209,text_01,114,5,2back_dual_main_click,2,mit,60,59,119,120,60,,,,,,,,,,,06,01,yes,no,no,2025-06-25_14h18.15.835,EXNAT_4_TMS_Psychopy2024.2.5.psyexp,2024.2.5,2025-06-25 14h21.58.968910 +0200,
0,0,0,0,0,0,0,,,,,,,,,#2AB7EF,880.6886179447174,False,space,correct rejection,None,1143.4905529022217,text_01,115,5,2back_dual_main_click,2,Sexualhormonen,60,59,119,120,60,,,,,,,,,,,06,01,yes,no,no,2025-06-25_14h18.15.835,EXNAT_4_TMS_Psychopy2024.2.5.psyexp,2024.2.5,2025-06-25 14h21.58.968910 +0200,
0,0,0,0,0,0,0,,,,,,,,,#88BA3F,881.8867564201355,True,space,miss,None,1129.045009613037,text_01,116,5,2back_dual_main_click,2,vor,60,60,120,120,inf,881.9393122196198,,,,,,,,,,06,01,yes,no,no,2025-06-25_14h18.15.835,EXNAT_4_TMS_Psychopy2024.2.5.psyexp,2024.2.5,2025-06-25 14h21.58.968910 +0200,
0,0,0,0,0,0,0,,,,,,,,,#F989A2,883.0698833465576,False,space,correct rejection,None,2058.24613571167,text_01,117,5,2back_dual_main_click,2,die,60,60,120,120,inf,,,,,,,,,,,06,01,yes,no,no,2025-06-25_14h18.15.835,EXNAT_4_TMS_Psychopy2024.2.5.psyexp,2024.2.5,2025-06-25 14h21.58.968910 +0200,
0,0,0,0,0,0,0,,,,,,,,,#D292F3,885.1843180656433,False,space,correct rejection,None,679.7125339508057,text_01,118,5,2back_dual_main_click,2,Kamera,60,60,120,120,inf,,,,,,,,,,,06,01,yes,no,no,2025-06-25_14h18.15.835,EXNAT_4_TMS_Psychopy2024.2.5.psyexp,2024.2.5,2025-06-25 14h21.58.968910 +0200,
0,0,0,0,0,0,0,,,,,,,,,#D292F3,885.922696352005,False,space,correct rejection,None,629.4031143188477,text_01,119,5,2back_dual_main_click,2,zu,60,60,120,120,inf,,,,,,,,,,,06,01,yes,no,no,2025-06-25_14h18.15.835,EXNAT_4_TMS_Psychopy2024.2.5.psyexp,2024.2.5,2025-06-25 14h21.58.968910 +0200,
0,0,0,0,0,0,0,,,,,,,,,#2AB7EF,886.5931060314178,False,space,correct rejection,None,614.8793697357178,text_01,120,5,2back_dual_main_click,2,locken.,60,60,120,120,inf,,,,,,,,,,,06,01,yes,no,no,2025-06-25_14h18.15.835,EXNAT_4_TMS_Psychopy2024.2.5.psyexp,2024.2.5,2025-06-25 14h21.58.968910 +0200,
0,0,0,0,0,0,0,,,,,,,,,#2AB7EF,887.2460012435913,False,space,correct rejection,None,1162.0433330535889,text_01,121,5,2back_dual_main_click,2,Der,61,60,121,120,inf,887.2963781356812,,,,,,,,,,06,01,yes,no,no,2025-06-25_14h18.15.835,EXNAT_4_TMS_Psychopy2024.2.5.psyexp,2024.2.5,2025-06-25 14h21.58.968910 +0200,
0,0,0,0,0,0,0,,,,,,,,,#2AB7EF,888.4652073383331,True,l,hit,614.8681640625,1142.747402191162,text_01,122,5,2back_dual_main_click,2,Riesenkalmar,61,60,121,120,inf,,,,,,,,,,,06,01,yes,no,no,2025-06-25_14h18.15.835,EXNAT_4_TMS_Psychopy2024.2.5.psyexp,2024.2.5,2025-06-25 14h21.58.968910 +0200,
0,0,0,0,0,0,0,,,,,,,,,#D292F3,889.6619675159454,False,space,correct rejection,None,874.004602432251,text_01,123,5,2back_dual_main_click,2,gilt,61,60,121,120,inf,,,,,,,,,,,06,01,yes,no,no,2025-06-25_14h18.15.835,EXNAT_4_TMS_Psychopy2024.2.5.psyexp,2024.2.5,2025-06-25 14h21.58.968910 +0200,
0,0,0,0,0,0,0,,,,,,,,,#88BA3F,890.5920510292053,False,space,correct rejection,None,823.8747119903564,text_01,124,5,2back_dual_main_click,2,als,61,60,121,120,inf,,,,,,,,,,,06,01,yes,no,no,2025-06-25_14h18.15.835,EXNAT_4_TMS_Psychopy2024.2.5.psyexp,2024.2.5,2025-06-25 14h21.58.968910 +0200,
0,0,0,0,0,0,0,,,,,,,,,#88BA3F,891.4702343940735,False,space,correct rejection,None,793.8356399536133,text_01,125,5,2back_dual_main_click,2,das,61,60,121,120,inf,,,,,,,,,,,06,01,yes,no,no,2025-06-25_14h18.15.835,EXNAT_4_TMS_Psychopy2024.2.5.psyexp,2024.2.5,2025-06-25 14h21.58.968910 +0200,
0,0,0,0,0,0,0,,,,,,,,,#F989A2,892.3195948600769,False,space,correct rejection,None,776.4232158660889,text_01,126,5,2back_dual_main_click,2,größte,62,60,122,120,inf,892.3711748123169,,,,,,,,,,06,01,yes,no,no,2025-06-25_14h18.15.835,EXNAT_4_TMS_Psychopy2024.2.5.psyexp,2024.2.5,2025-06-25 14h21.58.968910 +0200,
0,0,0,0,0,0,0,,,,,,,,,#F989A2,893.1525232791901,False,space,correct rejection,None,919.3572998046875,text_01,127,5,2back_dual_main_click,2,wirbellose,62,60,122,120,inf,,,,,,,,,,,06,01,yes,no,no,2025-06-25_14h18.15.835,EXNAT_4_TMS_Psychopy2024.2.5.psyexp,2024.2.5,2025-06-25 14h21.58.968910 +0200,
0,0,0,0,0,0,0,,,,,,,,,#D292F3,894.1265738010406,False,space,correct rejection,None,873.3916282653809,text_01,128,5,2back_dual_main_click,2,Tier,62,60,122,120,inf,,,,,,,,,,,06,01,yes,no,no,2025-06-25_14h18.15.835,EXNAT_4_TMS_Psychopy2024.2.5.psyexp,2024.2.5,2025-06-25 14h21.58.968910 +0200,
0,0,0,0,0,0,0,,,,,,,,,#D292F3,895.0535635948181,False,space,correct rejection,None,1418.4856414794922,text_01,129,5,2back_dual_main_click,2,der,62,60,122,120,inf,,,,,,,,,,,06,01,yes,no,no,2025-06-25_14h18.15.835,EXNAT_4_TMS_Psychopy2024.2.5.psyexp,2024.2.5,2025-06-25 14h21.58.968910 +0200,
0,0,0,0,0,0,0,,,,,,,,,#88BA3F,896.5282843112946,False,space,correct rejection,None,1031.766653060913,text_01,130,5,2back_dual_main_click,2,Welt.,62,60,122,120,inf,,,,,,,,,,,06,01,yes,no,no,2025-06-25_14h18.15.835,EXNAT_4_TMS_Psychopy2024.2.5.psyexp,2024.2.5,2025-06-25 14h21.58.968910 +0200,
0,0,0,0,0,0,0,,,,,,,,,#2AB7EF,897.6157367229462,False,space,correct rejection,None,888.1292343139648,text_01,131,5,2back_dual_main_click,2,Er,62,60,122,120,inf,,,,,,,,,,,06,01,yes,no,no,2025-06-25_14h18.15.835,EXNAT_4_TMS_Psychopy2024.2.5.psyexp,2024.2.5,2025-06-25 14h21.58.968910 +0200,
0,0,0,0,0,0,0,,,,,,,,,#F989A2,898.5588314533234,False,l,false alarm,585.2034091949463,985.060453414917,text_01,132,5,2back_dual_main_click,2,kann,62,60,122,120,inf,,,,,,,,,,,06,01,yes,no,no,2025-06-25_14h18.15.835,EXNAT_4_TMS_Psychopy2024.2.5.psyexp,2024.2.5,2025-06-25 14h21.58.968910 +0200,
0,0,0,0,0,0,0,,,,,,,,,#F989A2,899.5994126796722,False,space,correct rejection,None,1304.6379089355469,text_01,133,5,2back_dual_main_click,2,bis,62,60,122,120,inf,,,,,,,,,,,06,01,yes,no,no,2025-06-25_14h18.15.835,EXNAT_4_TMS_Psychopy2024.2.5.psyexp,2024.2.5,2025-06-25 14h21.58.968910 +0200,
0,0,0,0,0,0,0,,,,,,,,,#D292F3,900.9588437080383,False,space,correct rejection,None,761.1403465270996,text_01,134,5,2back_dual_main_click,2,zu,62,60,122,120,inf,,,,,,,,,,,06,01,yes,no,no,2025-06-25_14h18.15.835,EXNAT_4_TMS_Psychopy2024.2.5.psyexp,2024.2.5,2025-06-25 14h21.58.968910 +0200,
0,0,0,0,0,0,0,,,,,,,,,#88BA3F,901.7743091583252,False,space,correct rejection,None,697.6792812347412,text_01,135,5,2back_dual_main_click,2,20,62,60,122,120,inf,,,,,,,,,,,06,01,yes,no,no,2025-06-25_14h18.15.835,EXNAT_4_TMS_Psychopy2024.2.5.psyexp,2024.2.5,2025-06-25 14h21.58.968910 +0200,
0,0,0,0,0,0,0,,,,,,,,,#88BA3F,902.5270178318024,False,space,correct rejection,None,744.8961734771729,text_01,136,5,2back_dual_main_click,2,Meter,62,60,122,120,inf,,,,,,,,,,,06,01,yes,no,no,2025-06-25_14h18.15.835,EXNAT_4_TMS_Psychopy2024.2.5.psyexp,2024.2.5,2025-06-25 14h21.58.968910 +0200,
0,0,0,0,0,0,0,,,,,,,,,#F989A2,903.3259479999542,False,space,correct rejection,None,1482.1062088012695,text_01,137,5,2back_dual_main_click,2,lang,62,60,122,120,inf,,,,,,,,,,,06,01,yes,no,no,2025-06-25_14h18.15.835,EXNAT_4_TMS_Psychopy2024.2.5.psyexp,2024.2.5,2025-06-25 14h21.58.968910 +0200,
0,0,0,0,0,0,0,,,,,,,,,#2AB7EF,904.8632020950317,False,space,correct rejection,None,1320.8608627319336,text_01,138,5,2back_dual_main_click,2,und,62,60,122,120,inf,,,,,,,,,,,06,01,yes,no,no,2025-06-25_14h18.15.835,EXNAT_4_TMS_Psychopy2024.2.5.psyexp,2024.2.5,2025-06-25 14h21.58.968910 +0200,
0,0,0,0,0,0,0,,,,,,,,,#D292F3,906.2393846511841,False,space,correct rejection,None,1672.6534366607666,text_01,139,5,2back_dual_main_click,2,500,62,60,122,120,inf,,,,,,,,,,,06,01,yes,no,no,2025-06-25_14h18.15.835,EXNAT_4_TMS_Psychopy2024.2.5.psyexp,2024.2.5,2025-06-25 14h21.58.968910 +0200,
0,0,0,0,0,0,0,,,,,,,,,#2AB7EF,907.9692921638489,True,space,miss,None,1142.7364349365234,text_01,140,5,2back_dual_main_click,2,Kilogramm,62,61,123,120,inf,908.0212333202362,,,,,,,,,,06,01,yes,no,no,2025-06-25_14h18.15.835,EXNAT_4_TMS_Psychopy2024.2.5.psyexp,2024.2.5,2025-06-25 14h21.58.968910 +0200,
0,0,0,0,0,0,0,,,,,,,,,#2AB7EF,909.1679918766022,False,space,correct rejection,None,663.9971733093262,text_01,141,5,2back_dual_main_click,2,schwer,62,61,123,120,inf,,,,,,,,,,,06,01,yes,no,no,2025-06-25_14h18.15.835,EXNAT_4_TMS_Psychopy2024.2.5.psyexp,2024.2.5,2025-06-25 14h21.58.968910 +0200,
0,0,0,0,0,0,0,,,,,,,,,#88BA3F,909.8721306324005,False,space,correct rejection,None,631.8907737731934,text_01,142,5,2back_dual_main_click,2,"werden,",62,61,123,120,inf,,,,,,,,,,,06,01,yes,no,no,2025-06-25_14h18.15.835,EXNAT_4_TMS_Psychopy2024.2.5.psyexp,2024.2.5,2025-06-25 14h21.58.968910 +0200,
0,0,0,0,0,0,0,,,,,,,,,#D292F3,910.5443880558014,False,space,correct rejection,None,1287.5988483428955,text_01,143,5,2back_dual_main_click,2,wurde,62,61,123,120,inf,,,,,,,,,,,06,01,yes,no,no,2025-06-25_14h18.15.835,EXNAT_4_TMS_Psychopy2024.2.5.psyexp,2024.2.5,2025-06-25 14h21.58.968910 +0200,
0,0,0,0,0,0,0,,,,,,,,,#F989A2,911.8723413944244,False,space,correct rejection,None,1271.7204093933105,text_01,144,5,2back_dual_main_click,2,jedoch,62,61,123,120,inf,,,,,,,,,,,06,01,yes,no,no,2025-06-25_14h18.15.835,EXNAT_4_TMS_Psychopy2024.2.5.psyexp,2024.2.5,2025-06-25 14h21.58.968910 +0200,
0,0,0,0,0,0,0,,,,,,,,,#F989A2,913.1828379631042,False,space,correct rejection,None,665.1320457458496,text_01,145,5,2back_dual_main_click,2,noch,63,61,124,120,inf,913.238306760788,,,,,,,,,,06,01,yes,no,no,2025-06-25_14h18.15.835,EXNAT_4_TMS_Psychopy2024.2.5.psyexp,2024.2.5,2025-06-25 14h21.58.968910 +0200,
0,0,0,0,0,0,0,,,,,,,,,#F989A2,913.8876554965973,True,l,hit,728.3768653869629,1240.0832176208496,text_01,146,5,2back_dual_main_click,2,nie,63,61,124,120,inf,,,,,,,,,,,06,01,yes,no,no,2025-06-25_14h18.15.835,EXNAT_4_TMS_Psychopy2024.2.5.psyexp,2024.2.5,2025-06-25 14h21.58.968910 +0200,
0,0,0,0,0,0,0,,,,,,,,,#88BA3F,915.1653921604156,False,space,correct rejection,None,618.494987487793,text_01,147,5,2back_dual_main_click,2,in,63,61,124,120,inf,,,,,,,,,,,06,01,yes,no,no,2025-06-25_14h18.15.835,EXNAT_4_TMS_Psychopy2024.2.5.psyexp,2024.2.5,2025-06-25 14h21.58.968910 +0200,
0,0,0,0,0,0,0,,,,,,,,,#2AB7EF,915.8238248825073,False,space,correct rejection,None,1016.1511898040771,text_01,148,5,2back_dual_main_click,2,freier,63,61,124,120,inf,,,,,,,,,,,06,01,yes,no,no,2025-06-25_14h18.15.835,EXNAT_4_TMS_Psychopy2024.2.5.psyexp,2024.2.5,2025-06-25 14h21.58.968910 +0200,
0,0,0,0,0,0,0,,,,,,,,,#2AB7EF,916.8819642066956,False,space,correct rejection,None,758.1005096435547,text_01,149,5,2back_dual_main_click,2,Wildbahn,63,61,124,120,inf,,,,,,,,,,,06,01,yes,no,no,2025-06-25_14h18.15.835,EXNAT_4_TMS_Psychopy2024.2.5.psyexp,2024.2.5,2025-06-25 14h21.58.968910 +0200,
0,0,0,0,0,0,0,,,,,,,,,#D292F3,917.6789638996124,False,space,correct rejection,None,713.0138874053955,text_01,150,5,2back_dual_main_click,2,gefilmt.,63,61,124,120,inf,,,,,,,,,,,06,01,yes,no,no,2025-06-25_14h18.15.835,EXNAT_4_TMS_Psychopy2024.2.5.psyexp,2024.2.5,2025-06-25 14h21.58.968910 +0200,
0,0,0,0,0,0,0,,,,,,,,,,918.4444694519043,,NA,,,,text_01,,5,2back_dual_main_click,,,,,,,,,Q1,NA,False,,,,,,,06,01,yes,no,no,2025-06-25_14h18.15.835,EXNAT_4_TMS_Psychopy2024.2.5.psyexp,2024.2.5,2025-06-25 14h21.58.968910 +0200,
0,0,0,0,0,0,0,,,,,,,,,,928.4787547588348,,4,,,,text_01,,5,2back_dual_main_click,,,,,,,,,Q2,d,True,,,,,,,06,01,yes,no,no,2025-06-25_14h18.15.835,EXNAT_4_TMS_Psychopy2024.2.5.psyexp,2024.2.5,2025-06-25 14h21.58.968910 +0200,
0,0,0,0,0,0,0,,,,,,,,,,931.366429567337,,2,,,,text_01,,5,2back_dual_main_click,,,,,,,,,Q3,b,False,,,,,,,06,01,yes,no,no,2025-06-25_14h18.15.835,EXNAT_4_TMS_Psychopy2024.2.5.psyexp,2024.2.5,2025-06-25 14h21.58.968910 +0200,
0,0,0,0,0,0,0,,,,,,,,,#2AB7EF,962.2329888343811,None,space,None,None,846.9212055206299,text_12,1,6,Reading_Baseline_main_click,None,Unfälle,0,0,0,60,60,,,,,,,,,,,06,01,yes,no,no,2025-06-25_14h18.15.835,EXNAT_4_TMS_Psychopy2024.2.5.psyexp,2024.2.5,2025-06-25 14h21.58.968910 +0200,
0,0,0,0,0,0,0,,,,,,,,,#88BA3F,963.1113760471344,None,space,None,None,512.6760005950928,text_12,2,6,Reading_Baseline_main_click,None,spielen,1,0,1,60,60,963.1688821315765,,,,,,,,,,06,01,yes,no,no,2025-06-25_14h18.15.835,EXNAT_4_TMS_Psychopy2024.2.5.psyexp,2024.2.5,2025-06-25 14h21.58.968910 +0200,
0,0,0,0,0,0,0,,,,,,,,,#2AB7EF,963.6618447303772,None,space,None,None,362.13111877441406,text_12,3,6,Reading_Baseline_main_click,None,in,1,0,1,60,60,,,,,,,,,,,06,01,yes,no,no,2025-06-25_14h18.15.835,EXNAT_4_TMS_Psychopy2024.2.5.psyexp,2024.2.5,2025-06-25 14h21.58.968910 +0200,
0,0,0,0,0,0,0,,,,,,,,,#2AB7EF,964.0633611679077,None,space,None,None,536.6711616516113,text_12,4,6,Reading_Baseline_main_click,None,den,1,0,1,60,60,,,,,,,,,,,06,01,yes,no,no,2025-06-25_14h18.15.835,EXNAT_4_TMS_Psychopy2024.2.5.psyexp,2024.2.5,2025-06-25 14h21.58.968910 +0200,
0,0,0,0,0,0,0,,,,,,,,,#D292F3,964.6396102905273,None,space,None,None,712.4645709991455,text_12,5,6,Reading_Baseline_main_click,None,Filmen,1,0,1,60,60,,,,,,,,,,,06,01,yes,no,no,2025-06-25_14h18.15.835,EXNAT_4_TMS_Psychopy2024.2.5.psyexp,2024.2.5,2025-06-25 14h21.58.968910 +0200,
0,0,0,0,0,0,0,,,,,,,,,#F989A2,965.392009973526,None,space,None,None,664.0069484710693,text_12,6,6,Reading_Baseline_main_click,None,von,1,0,1,60,60,,,,,,,,,,,06,01,yes,no,no,2025-06-25_14h18.15.835,EXNAT_4_TMS_Psychopy2024.2.5.psyexp,2024.2.5,2025-06-25 14h21.58.968910 +0200,
0,0,0,0,0,0,0,,,,,,,,,#88BA3F,966.0965275764465,None,space,None,None,423.5661029815674,text_12,7,6,Reading_Baseline_main_click,None,Alejandro,1,0,1,60,60,,,,,,,,,,,06,01,yes,no,no,2025-06-25_14h18.15.835,EXNAT_4_TMS_Psychopy2024.2.5.psyexp,2024.2.5,2025-06-25 14h21.58.968910 +0200,
0,0,0,0,0,0,0,,,,,,,,,#F989A2,966.559553861618,None,space,None,None,584.331750869751,text_12,8,6,Reading_Baseline_main_click,None,Iñárritu,1,0,1,60,60,,,,,,,,,,,06,01,yes,no,no,2025-06-25_14h18.15.835,EXNAT_4_TMS_Psychopy2024.2.5.psyexp,2024.2.5,2025-06-25 14h21.58.968910 +0200,
0,0,0,0,0,0,0,,,,,,,,,#88BA3F,967.1871898174286,None,space,None,None,372.8499412536621,text_12,9,6,Reading_Baseline_main_click,None,eine,1,0,1,60,60,,,,,,,,,,,06,01,yes,no,no,2025-06-25_14h18.15.835,EXNAT_4_TMS_Psychopy2024.2.5.psyexp,2024.2.5,2025-06-25 14h21.58.968910 +0200,
0,0,0,0,0,0,0,,,,,,,,,#D292F3,967.5981316566467,None,space,None,None,537.8870964050293,text_12,10,6,Reading_Baseline_main_click,None,zentrale,1,0,1,60,60,,,,,,,,,,,06,01,yes,no,no,2025-06-25_14h18.15.835,EXNAT_4_TMS_Psychopy2024.2.5.psyexp,2024.2.5,2025-06-25 14h21.58.968910 +0200,
0,0,0,0,0,0,0,,,,,,,,,#D292F3,968.1729736328125,None,space,None,None,410.9470844268799,text_12,11,6,Reading_Baseline_main_click,None,Rolle,2,0,2,60,60,968.2385652065277,,,,,,,,,,06,01,yes,no,no,2025-06-25_14h18.15.835,EXNAT_4_TMS_Psychopy2024.2.5.psyexp,2024.2.5,2025-06-25 14h21.58.968910 +0200,
0,0,0,0,0,0,0,,,,,,,,,#F989A2,968.6247613430023,None,space,None,None,471.25959396362305,text_12,12,6,Reading_Baseline_main_click,None,und,2,0,2,60,60,,,,,,,,,,,06,01,yes,no,no,2025-06-25_14h18.15.835,EXNAT_4_TMS_Psychopy2024.2.5.psyexp,2024.2.5,2025-06-25 14h21.58.968910 +0200,
0,0,0,0,0,0,0,,,,,,,,,#88BA3F,969.1361875534058,None,space,None,None,471.95935249328613,text_12,13,6,Reading_Baseline_main_click,None,so,2,0,2,60,60,,,,,,,,,,,06,01,yes,no,no,2025-06-25_14h18.15.835,EXNAT_4_TMS_Psychopy2024.2.5.psyexp,2024.2.5,2025-06-25 14h21.58.968910 +0200,
0,0,0,0,0,0,0,,,,,,,,,#D292F3,969.6473133563995,None,space,None,None,392.4121856689453,text_12,14,6,Reading_Baseline_main_click,None,auch,2,0,2,60,60,,,,,,,,,,,06,01,yes,no,no,2025-06-25_14h18.15.835,EXNAT_4_TMS_Psychopy2024.2.5.psyexp,2024.2.5,2025-06-25 14h21.58.968910 +0200,
0,0,0,0,0,0,0,,,,,,,,,#88BA3F,970.0815663337708,None,space,None,None,358.37244987487793,text_12,15,6,Reading_Baseline_main_click,None,in,2,0,2,60,60,,,,,,,,,,,06,01,yes,no,no,2025-06-25_14h18.15.835,EXNAT_4_TMS_Psychopy2024.2.5.psyexp,2024.2.5,2025-06-25 14h21.58.968910 +0200,
0,0,0,0,0,0,0,,,,,,,,,#2AB7EF,970.479453086853,None,space,None,None,248.35753440856934,text_12,16,6,Reading_Baseline_main_click,None,""Babel"".,2,0,2,60,60,,,,,,,,,,,06,01,yes,no,no,2025-06-25_14h18.15.835,EXNAT_4_TMS_Psychopy2024.2.5.psyexp,2024.2.5,2025-06-25 14h21.58.968910 +0200,
0,0,0,0,0,0,0,,,,,,,,,#2AB7EF,970.7620959281921,None,space,None,None,478.1019687652588,text_12,17,6,Reading_Baseline_main_click,None,In,2,0,2,60,60,,,,,,,,,,,06,01,yes,no,no,2025-06-25_14h18.15.835,EXNAT_4_TMS_Psychopy2024.2.5.psyexp,2024.2.5,2025-06-25 14h21.58.968910 +0200,
0,0,0,0,0,0,0,,,,,,,,,#D292F3,971.2794380187988,None,space,None,None,536.7155075073242,text_12,18,6,Reading_Baseline_main_click,None,Marokko,2,0,2,60,60,,,,,,,,,,,06,01,yes,no,no,2025-06-25_14h18.15.835,EXNAT_4_TMS_Psychopy2024.2.5.psyexp,2024.2.5,2025-06-25 14h21.58.968910 +0200,
0,0,0,0,0,0,0,,,,,,,,,#D292F3,971.8548548221588,None,space,None,None,377.1817684173584,text_12,19,6,Reading_Baseline_main_click,None,testen,2,0,2,60,60,,,,,,,,,,,06,01,yes,no,no,2025-06-25_14h18.15.835,EXNAT_4_TMS_Psychopy2024.2.5.psyexp,2024.2.5,2025-06-25 14h21.58.968910 +0200,
0,0,0,0,0,0,0,,,,,,,,,#F989A2,972.2718133926392,None,space,None,None,920.3071594238281,text_12,20,6,Reading_Baseline_main_click,None,zwei,2,0,2,60,60,,,,,,,,,,,06,01,yes,no,no,2025-06-25_14h18.15.835,EXNAT_4_TMS_Psychopy2024.2.5.psyexp,2024.2.5,2025-06-25 14h21.58.968910 +0200,
0,0,0,0,0,0,0,,,,,,,,,#88BA3F,973.2315158843994,None,space,None,None,472.2778797149658,text_12,21,6,Reading_Baseline_main_click,None,Jungen,3,0,3,60,60,973.2837555408478,,,,,,,,,,06,01,yes,no,no,2025-06-25_14h18.15.835,EXNAT_4_TMS_Psychopy2024.2.5.psyexp,2024.2.5,2025-06-25 14h21.58.968910 +0200,
0,0,0,0,0,0,0,,,,,,,,,#F989A2,973.7423005104065,None,space,None,None,617.8879737854004,text_12,22,6,Reading_Baseline_main_click,None,ein,3,0,3,60,60,,,,,,,,,,,06,01,yes,no,no,2025-06-25_14h18.15.835,EXNAT_4_TMS_Psychopy2024.2.5.psyexp,2024.2.5,2025-06-25 14h21.58.968910 +0200,
0,0,0,0,0,0,0,,,,,,,,,#2AB7EF,974.3993391990662,None,space,None,None,408.77223014831543,text_12,23,6,Reading_Baseline_main_click,None,Gewehr,3,0,3,60,60,,,,,,,,,,,06,01,yes,no,no,2025-06-25_14h18.15.835,EXNAT_4_TMS_Psychopy2024.2.5.psyexp,2024.2.5,2025-06-25 14h21.58.968910 +0200,
0,0,0,0,0,0,0,,,,,,,,,#F989A2,974.8467290401459,None,space,None,None,425.08912086486816,text_12,24,6,Reading_Baseline_main_click,None,und,3,0,3,60,60,,,,,,,,,,,06,01,yes,no,no,2025-06-25_14h18.15.835,EXNAT_4_TMS_Psychopy2024.2.5.psyexp,2024.2.5,2025-06-25 14h21.58.968910 +0200,
0,0,0,0,0,0,0,,,,,,,,,#D292F3,975.3125245571136,None,space,None,None,327.6071548461914,text_12,25,6,Reading_Baseline_main_click,None,treffen,3,0,3,60,60,,,,,,,,,,,06,01,yes,no,no,2025-06-25_14h18.15.835,EXNAT_4_TMS_Psychopy2024.2.5.psyexp,2024.2.5,2025-06-25 14h21.58.968910 +0200,
0,0,0,0,0,0,0,,,,,,,,,#F989A2,975.6784343719482,None,space,None,None,393.5089111328125,text_12,26,6,Reading_Baseline_main_click,None,damit,3,0,3,60,60,,,,,,,,,,,06,01,yes,no,no,2025-06-25_14h18.15.835,EXNAT_4_TMS_Psychopy2024.2.5.psyexp,2024.2.5,2025-06-25 14h21.58.968910 +0200,
0,0,0,0,0,0,0,,,,,,,,,#D292F3,976.1109056472778,None,space,None,None,361.19842529296875,text_12,27,6,Reading_Baseline_main_click,None,eine,3,0,3,60,60,,,,,,,,,,,06,01,yes,no,no,2025-06-25_14h18.15.835,EXNAT_4_TMS_Psychopy2024.2.5.psyexp,2024.2.5,2025-06-25 14h21.58.968910 +0200,
0,0,0,0,0,0,0,,,,,,,,,#F989A2,976.5117888450623,None,space,None,None,456.30431175231934,text_12,28,6,Reading_Baseline_main_click,None,Touristin,3,0,3,60,60,,,,,,,,,,,06,01,yes,no,no,2025-06-25_14h18.15.835,EXNAT_4_TMS_Psychopy2024.2.5.psyexp,2024.2.5,2025-06-25 14h21.58.968910 +0200,
0,0,0,0,0,0,0,,,,,,,,,#88BA3F,977.0053825378418,None,space,None,None,666.6774749755859,text_12,29,6,Reading_Baseline_main_click,None,im,3,0,3,60,60,,,,,,,,,,,06,01,yes,no,no,2025-06-25_14h18.15.835,EXNAT_4_TMS_Psychopy2024.2.5.psyexp,2024.2.5,2025-06-25 14h21.58.968910 +0200,
0,0,0,0,0,0,0,,,,,,,,,#88BA3F,977.7128739356995,None,space,None,None,359.2400550842285,text_12,30,6,Reading_Baseline_main_click,None,Bus.,3,0,3,60,60,,,,,,,,,,,06,01,yes,no,no,2025-06-25_14h18.15.835,EXNAT_4_TMS_Psychopy2024.2.5.psyexp,2024.2.5,2025-06-25 14h21.58.968910 +0200,
0,0,0,0,0,0,0,,,,,,,,,#88BA3F,978.1113638877869,None,space,None,None,792.6139831542969,text_12,31,6,Reading_Baseline_main_click,None,Diese,4,0,4,60,60,978.2837057113647,,,,,,,,,,06,01,yes,no,no,2025-06-25_14h18.15.835,EXNAT_4_TMS_Psychopy2024.2.5.psyexp,2024.2.5,2025-06-25 14h21.58.968910 +0200,
0,0,0,0,0,0,0,,,,,,,,,#2AB7EF,978.9445536136627,None,space,None,None,487.52307891845703,text_12,32,6,Reading_Baseline_main_click,None,heißt,4,0,4,60,60,,,,,,,,,,,06,01,yes,no,no,2025-06-25_14h18.15.835,EXNAT_4_TMS_Psychopy2024.2.5.psyexp,2024.2.5,2025-06-25 14h21.58.968910 +0200,
0,0,0,0,0,0,0,,,,,,,,,#F989A2,979.4723832607269,None,space,None,None,407.64594078063965,text_12,33,6,Reading_Baseline_main_click,None,Susan,4,0,4,60,60,,,,,,,,,,,06,01,yes,no,no,2025-06-25_14h18.15.835,EXNAT_4_TMS_Psychopy2024.2.5.psyexp,2024.2.5,2025-06-25 14h21.58.968910 +0200,
0,0,0,0,0,0,0,,,,,,,,,#D292F3,979.9196393489838,None,space,None,None,472.4586009979248,text_12,34,6,Reading_Baseline_main_click,None,und,4,0,4,60,60,,,,,,,,,,,06,01,yes,no,no,2025-06-25_14h18.15.835,EXNAT_4_TMS_Psychopy2024.2.5.psyexp,2024.2.5,2025-06-25 14h21.58.968910 +0200,
0,0,0,0,0,0,0,,,,,,,,,#2AB7EF,980.4299602508545,None,space,None,None,698.1461048126221,text_12,35,6,Reading_Baseline_main_click,None,wird,4,0,4,60,60,,,,,,,,,,,06,01,yes,no,no,2025-06-25_14h18.15.835,EXNAT_4_TMS_Psychopy2024.2.5.psyexp,2024.2.5,2025-06-25 14h21.58.968910 +0200,
0,0,0,0,0,0,0,,,,,,,,,#2AB7EF,981.167332649231,None,space,None,None,472.6223945617676,text_12,36,6,Reading_Baseline_main_click,None,von,4,0,4,60,60,,,,,,,,,,,06,01,yes,no,no,2025-06-25_14h18.15.835,EXNAT_4_TMS_Psychopy2024.2.5.psyexp,2024.2.5,2025-06-25 14h21.58.968910 +0200,
0,0,0,0,0,0,0,,,,,,,,,#D292F3,981.6795179843903,None,space,None,None,200.42061805725098,text_12,37,6,Reading_Baseline_main_click,None,Cate,4,0,4,60,60,,,,,,,,,,,06,01,yes,no,no,2025-06-25_14h18.15.835,EXNAT_4_TMS_Psychopy2024.2.5.psyexp,2024.2.5,2025-06-25 14h21.58.968910 +0200,
0,0,0,0,0,0,0,,,,,,,,,#2AB7EF,981.92151927948,None,space,None,None,438.62462043762207,text_12,38,6,Reading_Baseline_main_click,None,Blanchett,4,0,4,60,60,,,,,,,,,,,06,01,yes,no,no,2025-06-25_14h18.15.835,EXNAT_4_TMS_Psychopy2024.2.5.psyexp,2024.2.5,2025-06-25 14h21.58.968910 +0200,
0,0,0,0,0,0,0,,,,,,,,,#88BA3F,982.3986065387726,None,space,None,None,409.5587730407715,text_12,39,6,Reading_Baseline_main_click,None,gespielt.,4,0,4,60,60,,,,,,,,,,,06,01,yes,no,no,2025-06-25_14h18.15.835,EXNAT_4_TMS_Psychopy2024.2.5.psyexp,2024.2.5,2025-06-25 14h21.58.968910 +0200,
0,0,0,0,0,0,0,,,,,,,,,#F989A2,982.8485248088837,None,space,None,None,503.62086296081543,text_12,40,6,Reading_Baseline_main_click,None,Ihr,5,0,5,60,60,983.2837495803833,,,,,,,,,,06,01,yes,no,no,2025-06-25_14h18.15.835,EXNAT_4_TMS_Psychopy2024.2.5.psyexp,2024.2.5,2025-06-25 14h21.58.968910 +0200,
0,0,0,0,0,0,0,,,,,,,,,#2AB7EF,983.3925540447235,None,space,None,None,407.43088722229004,text_12,41,6,Reading_Baseline_main_click,None,Mann,5,0,5,60,60,,,,,,,,,,,06,01,yes,no,no,2025-06-25_14h18.15.835,EXNAT_4_TMS_Psychopy2024.2.5.psyexp,2024.2.5,2025-06-25 14h21.58.968910 +0200,
0,0,0,0,0,0,0,,,,,,,,,#D292F3,983.8402409553528,None,space,None,None,327.67558097839355,text_12,42,6,Reading_Baseline_main_click,None,"Richard,",5,0,5,60,60,,,,,,,,,,,06,01,yes,no,no,2025-06-25_14h18.15.835,EXNAT_4_TMS_Psychopy2024.2.5.psyexp,2024.2.5,2025-06-25 14h21.58.968910 +0200,
0,0,0,0,0,0,0,,,,,,,,,#F989A2,984.2097961902618,None,space,None,None,326.12085342407227,text_12,43,6,Reading_Baseline_main_click,None,gespielt,5,0,5,60,60,,,,,,,,,,,06,01,yes,no,no,2025-06-25_14h18.15.835,EXNAT_4_TMS_Psychopy2024.2.5.psyexp,2024.2.5,2025-06-25 14h21.58.968910 +0200,
0,0,0,0,0,0,0,,,,,,,,,#88BA3F,984.5764071941376,None,space,None,None,343.7190055847168,text_12,44,6,Reading_Baseline_main_click,None,von,5,0,5,60,60,,,,,,,,,,,06,01,yes,no,no,2025-06-25_14h18.15.835,EXNAT_4_TMS_Psychopy2024.2.5.psyexp,2024.2.5,2025-06-25 14h21.58.968910 +0200,
0,0,0,0,0,0,0,,,,,,,,,#88BA3F,984.9604275226593,None,space,None,None,359.62700843811035,text_12,45,6,Reading_Baseline_main_click,None,Brad,5,0,5,60,60,,,,,,,,,,,06,01,yes,no,no,2025-06-25_14h18.15.835,EXNAT_4_TMS_Psychopy2024.2.5.psyexp,2024.2.5,2025-06-25 14h21.58.968910 +0200,
0,0,0,0,0,0,0,,,,,,,,,#D292F3,985.3614253997803,None,space,None,None,630.748987197876,text_12,46,6,Reading_Baseline_main_click,None,"Pitt,",5,0,5,60,60,,,,,,,,,,,06,01,yes,no,no,2025-06-25_14h18.15.835,EXNAT_4_TMS_Psychopy2024.2.5.psyexp,2024.2.5,2025-06-25 14h21.58.968910 +0200,
0,0,0,0,0,0,0,,,,,,,,,#F989A2,986.0306260585785,None,space,None,None,745.581865310669,text_12,47,6,Reading_Baseline_main_click,None,"versucht,",5,0,5,60,60,,,,,,,,,,,06,01,yes,no,no,2025-06-25_14h18.15.835,EXNAT_4_TMS_Psychopy2024.2.5.psyexp,2024.2.5,2025-06-25 14h21.58.968910 +0200,
0,0,0,0,0,0,0,,,,,,,,,#2AB7EF,986.8168303966522,None,space,None,None,678.9746284484863,text_12,48,6,Reading_Baseline_main_click,None,Hilfe,5,0,5,60,60,,,,,,,,,,,06,01,yes,no,no,2025-06-25_14h18.15.835,EXNAT_4_TMS_Psychopy2024.2.5.psyexp,2024.2.5,2025-06-25 14h21.58.968910 +0200,
0,0,0,0,0,0,0,,,,,,,,,#F989A2,987.5314033031464,None,space,None,None,444.76962089538574,text_12,49,6,Reading_Baseline_main_click,None,zu,5,0,5,60,60,,,,,,,,,,,06,01,yes,no,no,2025-06-25_14h18.15.835,EXNAT_4_TMS_Psychopy2024.2.5.psyexp,2024.2.5,2025-06-25 14h21.58.968910 +0200,
0,0,0,0,0,0,0,,,,,,,,,#88BA3F,988.0127453804016,None,space,None,None,315.4253959655762,text_12,50,6,Reading_Baseline_main_click,None,holen.,6,0,6,60,60,988.2839066982269,,,,,,,,,,06,01,yes,no,no,2025-06-25_14h18.15.835,EXNAT_4_TMS_Psychopy2024.2.5.psyexp,2024.2.5,2025-06-25 14h21.58.968910 +0200,
0,0,0,0,0,0,0,,,,,,,,,#D292F3,988.3688292503357,None,space,None,None,471.26293182373047,text_12,51,6,Reading_Baseline_main_click,None,Gleichzeitig,6,0,6,60,60,,,,,,,,,,,06,01,yes,no,no,2025-06-25_14h18.15.835,EXNAT_4_TMS_Psychopy2024.2.5.psyexp,2024.2.5,2025-06-25 14h21.58.968910 +0200,
0,0,0,0,0,0,0,,,,,,,,,#88BA3F,988.8811404705048,None,space,None,None,438.92550468444824,text_12,52,6,Reading_Baseline_main_click,None,verändert,6,0,6,60,60,,,,,,,,,,,06,01,yes,no,no,2025-06-25_14h18.15.835,EXNAT_4_TMS_Psychopy2024.2.5.psyexp,2024.2.5,2025-06-25 14h21.58.968910 +0200,
0,0,0,0,0,0,0,,,,,,,,,#2AB7EF,989.3585472106934,None,space,None,None,441.35212898254395,text_12,53,6,Reading_Baseline_main_click,None,der,6,0,6,60,60,,,,,,,,,,,06,01,yes,no,no,2025-06-25_14h18.15.835,EXNAT_4_TMS_Psychopy2024.2.5.psyexp,2024.2.5,2025-06-25 14h21.58.968910 +0200,
0,0,0,0,0,0,0,,,,,,,,,#F989A2,989.8395526409149,None,space,None,None,392.6084041595459,text_12,54,6,Reading_Baseline_main_click,None,Unfall,6,0,6,60,60,,,,,,,,,,,06,01,yes,no,no,2025-06-25_14h18.15.835,EXNAT_4_TMS_Psychopy2024.2.5.psyexp,2024.2.5,2025-06-25 14h21.58.968910 +0200,
0,0,0,0,0,0,0,,,,,,,,,#D292F3,990.2713687419891,None,space,None,None,360.61716079711914,text_12,55,6,Reading_Baseline_main_click,None,auch,6,0,6,60,60,,,,,,,,,,,06,01,yes,no,no,2025-06-25_14h18.15.835,EXNAT_4_TMS_Psychopy2024.2.5.psyexp,2024.2.5,2025-06-25 14h21.58.968910 +0200,
0,0,0,0,0,0,0,,,,,,,,,#88BA3F,990.6700310707092,None,space,None,None,330.0776481628418,text_12,56,6,Reading_Baseline_main_click,None,das,6,0,6,60,60,,,,,,,,,,,06,01,yes,no,no,2025-06-25_14h18.15.835,EXNAT_4_TMS_Psychopy2024.2.5.psyexp,2024.2.5,2025-06-25 14h21.58.968910 +0200,
0,0,0,0,0,0,0,,,,,,,,,#2AB7EF,991.038421869278,None,space,None,None,345.6997871398926,text_12,57,6,Reading_Baseline_main_click,None,Leben,6,0,6,60,60,,,,,,,,,,,06,01,yes,no,no,2025-06-25_14h18.15.835,EXNAT_4_TMS_Psychopy2024.2.5.psyexp,2024.2.5,2025-06-25 14h21.58.968910 +0200,
0,0,0,0,0,0,0,,,,,,,,,#D292F3,991.420327425003,None,space,None,None,331.7759037017822,text_12,58,6,Reading_Baseline_main_click,None,ihrer,6,0,6,60,60,,,,,,,,,,,06,01,yes,no,no,2025-06-25_14h18.15.835,EXNAT_4_TMS_Psychopy2024.2.5.psyexp,2024.2.5,2025-06-25 14h21.58.968910 +0200,
0,0,0,0,0,0,0,,,,,,,,,#F989A2,991.793957233429,None,space,None,None,422.0292568206787,text_12,59,6,Reading_Baseline_main_click,None,Kinderfrau,6,0,6,60,60,,,,,,,,,,,06,01,yes,no,no,2025-06-25_14h18.15.835,EXNAT_4_TMS_Psychopy2024.2.5.psyexp,2024.2.5,2025-06-25 14h21.58.968910 +0200,
0,0,0,0,0,0,0,,,,,,,,,#2AB7EF,992.2552764415741,None,space,None,None,360.78381538391113,text_12,60,6,Reading_Baseline_main_click,None,in,6,0,6,60,60,,,,,,,,,,,06,01,yes,no,no,2025-06-25_14h18.15.835,EXNAT_4_TMS_Psychopy2024.2.5.psyexp,2024.2.5,2025-06-25 14h21.58.968910 +0200,
0,0,0,0,0,0,0,,,,,,,,,#F989A2,992.6551823616028,None,space,None,None,377.00438499450684,text_12,61,6,Reading_Baseline_main_click,None,"Amerika,",6,0,6,60,60,,,,,,,,,,,06,01,yes,no,no,2025-06-25_14h18.15.835,EXNAT_4_TMS_Psychopy2024.2.5.psyexp,2024.2.5,2025-06-25 14h21.58.968910 +0200,
0,0,0,0,0,0,0,,,,,,,,,#88BA3F,993.069296836853,None,space,None,None,394.8056697845459,text_12,62,6,Reading_Baseline_main_click,None,die,7,0,7,60,60,993.283695936203,,,,,,,,,,06,01,yes,no,no,2025-06-25_14h18.15.835,EXNAT_4_TMS_Psychopy2024.2.5.psyexp,2024.2.5,2025-06-25 14h21.58.968910 +0200,
0,0,0,0,0,0,0,,,,,,,,,#D292F3,993.5034055709839,None,space,None,None,360.43453216552734,text_12,63,6,Reading_Baseline_main_click,None,spontan,7,0,7,60,60,,,,,,,,,,,06,01,yes,no,no,2025-06-25_14h18.15.835,EXNAT_4_TMS_Psychopy2024.2.5.psyexp,2024.2.5,2025-06-25 14h21.58.968910 +0200,
0,0,0,0,0,0,0,,,,,,,,,#F989A2,993.9026186466217,None,space,None,None,425.41003227233887,text_12,64,6,Reading_Baseline_main_click,None,zur,7,0,7,60,60,,,,,,,,,,,06,01,yes,no,no,2025-06-25_14h18.15.835,EXNAT_4_TMS_Psychopy2024.2.5.psyexp,2024.2.5,2025-06-25 14h21.58.968910 +0200,
0,0,0,0,0,0,0,,,,,,,,,#2AB7EF,994.3670978546143,None,space,None,None,392.9755687713623,text_12,65,6,Reading_Baseline_main_click,None,Hochzeit,7,0,7,60,60,,,,,,,,,,,06,01,yes,no,no,2025-06-25_14h18.15.835,EXNAT_4_TMS_Psychopy2024.2.5.psyexp,2024.2.5,2025-06-25 14h21.58.968910 +0200,
0,0,0,0,0,0,0,,,,,,,,,#2AB7EF,994.8013808727264,None,space,None,None,358.5474491119385,text_12,66,6,Reading_Baseline_main_click,None,ihres,7,0,7,60,60,,,,,,,,,,,06,01,yes,no,no,2025-06-25_14h18.15.835,EXNAT_4_TMS_Psychopy2024.2.5.psyexp,2024.2.5,2025-06-25 14h21.58.968910 +0200,
0,0,0,0,0,0,0,,,,,,,,,#D292F3,995.2003085613251,None,space,None,None,407.8094959259033,text_12,67,6,Reading_Baseline_main_click,None,Sohnes,7,0,7,60,60,,,,,,,,,,,06,01,yes,no,no,2025-06-25_14h18.15.835,EXNAT_4_TMS_Psychopy2024.2.5.psyexp,2024.2.5,2025-06-25 14h21.58.968910 +0200,
0,0,0,0,0,0,0,,,,,,,,,#D292F3,995.6478419303894,None,space,None,None,360.32938957214355,text_12,68,6,Reading_Baseline_main_click,None,nach,7,0,7,60,60,,,,,,,,,,,06,01,yes,no,no,2025-06-25_14h18.15.835,EXNAT_4_TMS_Psychopy2024.2.5.psyexp,2024.2.5,2025-06-25 14h21.58.968910 +0200,
0,0,0,0,0,0,0,,,,,,,,,#88BA3F,996.0486235618591,None,space,None,None,135.2381706237793,text_12,69,6,Reading_Baseline_main_click,None,Mexiko,7,0,7,60,60,,,,,,,,,,,06,01,yes,no,no,2025-06-25_14h18.15.835,EXNAT_4_TMS_Psychopy2024.2.5.psyexp,2024.2.5,2025-06-25 14h21.58.968910 +0200,
0,0,0,0,0,0,0,,,,,,,,,#88BA3F,996.224193572998,None,space,None,None,599.6911525726318,text_12,70,6,Reading_Baseline_main_click,None,"fährt,",7,0,7,60,60,,,,,,,,,,,06,01,yes,no,no,2025-06-25_14h18.15.835,EXNAT_4_TMS_Psychopy2024.2.5.psyexp,2024.2.5,2025-06-25 14h21.58.968910 +0200,
0,0,0,0,0,0,0,,,,,,,,,#F989A2,996.8621470928192,None,space,None,None,618.0088520050049,text_12,71,6,Reading_Baseline_main_click,None,und,7,0,7,60,60,,,,,,,,,,,06,01,yes,no,no,2025-06-25_14h18.15.835,EXNAT_4_TMS_Psychopy2024.2.5.psyexp,2024.2.5,2025-06-25 14h21.58.968910 +0200,
0,0,0,0,0,0,0,,,,,,,,,#2AB7EF,997.5183579921722,None,space,None,None,617.6373958587646,text_12,72,6,Reading_Baseline_main_click,None,zwar,7,0,7,60,60,,,,,,,,,,,06,01,yes,no,no,2025-06-25_14h18.15.835,EXNAT_4_TMS_Psychopy2024.2.5.psyexp,2024.2.5,2025-06-25 14h21.58.968910 +0200,
0,0,0,0,0,0,0,,,,,,,,,#88BA3F,998.1760375499725,None,space,None,None,519.9053287506104,text_12,73,6,Reading_Baseline_main_click,None,mit,8,0,8,60,60,998.2837374210358,,,,,,,,,,06,01,yes,no,no,2025-06-25_14h18.15.835,EXNAT_4_TMS_Psychopy2024.2.5.psyexp,2024.2.5,2025-06-25 14h21.58.968910 +0200,
0,0,0,0,0,0,0,,,,,,,,,#F989A2,998.7325489521027,None,space,None,None,475.4600524902344,text_12,74,6,Reading_Baseline_main_click,None,den,8,0,8,60,60,,,,,,,,,,,06,01,yes,no,no,2025-06-25_14h18.15.835,EXNAT_4_TMS_Psychopy2024.2.5.psyexp,2024.2.5,2025-06-25 14h21.58.968910 +0200,
0,0,0,0,0,0,0,,,,,,,,,#F989A2,999.2479434013367,None,space,None,None,408.1387519836426,text_12,75,6,Reading_Baseline_main_click,None,Kindern.,8,0,8,60,60,,,,,,,,,,,06,01,yes,no,no,2025-06-25_14h18.15.835,EXNAT_4_TMS_Psychopy2024.2.5.psyexp,2024.2.5,2025-06-25 14h21.58.968910 +0200,
0,0,0,0,0,0,0,,,,,,,,,#2AB7EF,999.6931388378143,None,space,None,None,522.9651927947998,text_12,76,6,Reading_Baseline_main_click,None,Auf,8,0,8,60,60,,,,,,,,,,,06,01,yes,no,no,2025-06-25_14h18.15.835,EXNAT_4_TMS_Psychopy2024.2.5.psyexp,2024.2.5,2025-06-25 14h21.58.968910 +0200,
0,0,0,0,0,0,0,,,,,,,,,#D292F3,1000.2564451694489,None,space,None,None,823.6382007598877,text_12,77,6,Reading_Baseline_main_click,None,der,8,0,8,60,60,,,,,,,,,,,06,01,yes,no,no,2025-06-25_14h18.15.835,EXNAT_4_TMS_Psychopy2024.2.5.psyexp,2024.2.5,2025-06-25 14h21.58.968910 +0200,
0,0,0,0,0,0,0,,,,,,,,,#D292F3,1001.122308254242,None,space,None,None,501.6660690307617,text_12,78,6,Reading_Baseline_main_click,None,Rückreise,8,0,8,60,60,,,,,,,,,,,06,01,yes,no,no,2025-06-25_14h18.15.835,EXNAT_4_TMS_Psychopy2024.2.5.psyexp,2024.2.5,2025-06-25 14h21.58.968910 +0200,
0,0,0,0,0,0,0,,,,,,,,,#F989A2,1001.6630346775055,None,space,None,None,472.83101081848145,text_12,79,6,Reading_Baseline_main_click,None,kommt,8,0,8,60,60,,,,,,,,,,,06,01,yes,no,no,2025-06-25_14h18.15.835,EXNAT_4_TMS_Psychopy2024.2.5.psyexp,2024.2.5,2025-06-25 14h21.58.968910 +0200,
0,0,0,0,0,0,0,,,,,,,,,#D292F3,1002.1762497425079,None,space,None,None,423.7337112426758,text_12,80,6,Reading_Baseline_main_click,None,es,8,0,8,60,60,,,,,,,,,,,06,01,yes,no,no,2025-06-25_14h18.15.835,EXNAT_4_TMS_Psychopy2024.2.5.psyexp,2024.2.5,2025-06-25 14h21.58.968910 +0200,
0,0,0,0,0,0,0,,,,,,,,,#88BA3F,1002.6403901576996,None,space,None,None,391.51954650878906,text_12,81,6,Reading_Baseline_main_click,None,an,8,0,8,60,60,,,,,,,,,,,06,01,yes,no,no,2025-06-25_14h18.15.835,EXNAT_4_TMS_Psychopy2024.2.5.psyexp,2024.2.5,2025-06-25 14h21.58.968910 +0200,
0,0,0,0,0,0,0,,,,,,,,,#2AB7EF,1003.0708062648773,None,space,None,None,505.2146911621094,text_12,82,6,Reading_Baseline_main_click,None,der,9,0,9,60,60,1003.2837536334991,,,,,,,,,,06,01,yes,no,no,2025-06-25_14h18.15.835,EXNAT_4_TMS_Psychopy2024.2.5.psyexp,2024.2.5,2025-06-25 14h21.58.968910 +0200,
0,0,0,0,0,0,0,,,,,,,,,#88BA3F,1003.617273569107,None,space,None,None,342.7412509918213,text_12,83,6,Reading_Baseline_main_click,None,Grenze,9,0,9,60,60,,,,,,,,,,,06,01,yes,no,no,2025-06-25_14h18.15.835,EXNAT_4_TMS_Psychopy2024.2.5.psyexp,2024.2.5,2025-06-25 14h21.58.968910 +0200,
0,0,0,0,0,0,0,,,,,,,,,#2AB7EF,1003.997542142868,None,space,None,None,346.4927673339844,text_12,84,6,Reading_Baseline_main_click,None,zu,9,0,9,60,60,,,,,,,,,,,06,01,yes,no,no,2025-06-25_14h18.15.835,EXNAT_4_TMS_Psychopy2024.2.5.psyexp,2024.2.5,2025-06-25 14h21.58.968910 +0200,
0,0,0,0,0,0,0,,,,,,,,,#F989A2,1004.3844046592712,None,space,None,None,471.79174423217773,text_12,85,6,Reading_Baseline_main_click,None,Problemen.,9,0,9,60,60,,,,,,,,,,,06,01,yes,no,no,2025-06-25_14h18.15.835,EXNAT_4_TMS_Psychopy2024.2.5.psyexp,2024.2.5,2025-06-25 14h21.58.968910 +0200,
0,0,0,0,0,0,0,,,,,,,,,#2AB7EF,1004.8964233398438,None,space,None,None,551.4712333679199,text_12,86,6,Reading_Baseline_main_click,None,Währenddessen,9,0,9,60,60,,,,,,,,,,,06,01,yes,no,no,2025-06-25_14h18.15.835,EXNAT_4_TMS_Psychopy2024.2.5.psyexp,2024.2.5,2025-06-25 14h21.58.968910 +0200,
0,0,0,0,0,0,0,,,,,,,,,#D292F3,1005.4874665737152,None,space,None,None,824.7299194335938,text_12,87,6,Reading_Baseline_main_click,None,verläuft,9,0,9,60,60,,,,,,,,,,,06,01,yes,no,no,2025-06-25_14h18.15.835,EXNAT_4_TMS_Psychopy2024.2.5.psyexp,2024.2.5,2025-06-25 14h21.58.968910 +0200,
0,0,0,0,0,0,0,,,,,,,,,#88BA3F,1006.351655960083,None,space,None,None,568.453311920166,text_12,88,6,Reading_Baseline_main_click,None,in,9,0,9,60,60,,,,,,,,,,,06,01,yes,no,no,2025-06-25_14h18.15.835,EXNAT_4_TMS_Psychopy2024.2.5.psyexp,2024.2.5,2025-06-25 14h21.58.968910 +0200,
0,0,0,0,0,0,0,,,,,,,,,#2AB7EF,1006.9610321521759,None,space,None,None,438.9457702636719,text_12,89,6,Reading_Baseline_main_click,None,Marokko,9,0,9,60,60,,,,,,,,,,,06,01,yes,no,no,2025-06-25_14h18.15.835,EXNAT_4_TMS_Psychopy2024.2.5.psyexp,2024.2.5,2025-06-25 14h21.58.968910 +0200,
0,0,0,0,0,0,0,,,,,,,,,#D292F3,1007.4366109371185,None,space,None,None,811.5739822387695,text_12,90,6,Reading_Baseline_main_click,None,die,9,0,9,60,60,,,,,,,,,,,06,01,yes,no,no,2025-06-25_14h18.15.835,EXNAT_4_TMS_Psychopy2024.2.5.psyexp,2024.2.5,2025-06-25 14h21.58.968910 +0200,
0,0,0,0,0,0,0,,,,,,,,,#2AB7EF,1008.2878782749176,None,space,None,None,424.1054058074951,text_12,91,6,Reading_Baseline_main_click,None,Rettung,10,0,10,60,60,1008.3418920040131,,,,,,,,,,06,01,yes,no,no,2025-06-25_14h18.15.835,EXNAT_4_TMS_Psychopy2024.2.5.psyexp,2024.2.5,2025-06-25 14h21.58.968910 +0200,
0,0,0,0,0,0,0,,,,,,,,,#88BA3F,1008.7520608901978,None,space,None,None,392.0588493347168,text_12,92,6,Reading_Baseline_main_click,None,der,10,0,10,60,60,,,,,,,,,,,06,01,yes,no,no,2025-06-25_14h18.15.835,EXNAT_4_TMS_Psychopy2024.2.5.psyexp,2024.2.5,2025-06-25 14h21.58.968910 +0200,
0,0,0,0,0,0,0,,,,,,,,,#88BA3F,1009.1830267906189,None,space,None,None,457.03125,text_12,93,6,Reading_Baseline_main_click,None,verletzten,10,0,10,60,60,,,,,,,,,,,06,01,yes,no,no,2025-06-25_14h18.15.835,EXNAT_4_TMS_Psychopy2024.2.5.psyexp,2024.2.5,2025-06-25 14h21.58.968910 +0200,
0,0,0,0,0,0,0,,,,,,,,,#F989A2,1009.6795761585236,None,space,None,None,568.3338642120361,text_12,94,6,Reading_Baseline_main_click,None,Susan,10,0,10,60,60,,,,,,,,,,,06,01,yes,no,no,2025-06-25_14h18.15.835,EXNAT_4_TMS_Psychopy2024.2.5.psyexp,2024.2.5,2025-06-25 14h21.58.968910 +0200,
0,0,0,0,0,0,0,,,,,,,,,#D292F3,1010.2901840209961,None,space,None,None,613.8954162597656,text_12,95,6,Reading_Baseline_main_click,None,schleppend.,10,0,10,60,60,,,,,,,,,,,06,01,yes,no,no,2025-06-25_14h18.15.835,EXNAT_4_TMS_Psychopy2024.2.5.psyexp,2024.2.5,2025-06-25 14h21.58.968910 +0200,
0,0,0,0,0,0,0,,,,,,,,,#F989A2,1010.9445641040802,None,space,None,None,647.5191116333008,text_12,96,6,Reading_Baseline_main_click,None,Kritiker,10,0,10,60,60,,,,,,,,,,,06,01,yes,no,no,2025-06-25_14h18.15.835,EXNAT_4_TMS_Psychopy2024.2.5.psyexp,2024.2.5,2025-06-25 14h21.58.968910 +0200,
0,0,0,0,0,0,0,,,,,,,,,#F989A2,1011.632073879242,None,space,None,None,776.1197090148926,text_12,97,6,Reading_Baseline_main_click,None,werfen,10,0,10,60,60,,,,,,,,,,,06,01,yes,no,no,2025-06-25_14h18.15.835,EXNAT_4_TMS_Psychopy2024.2.5.psyexp,2024.2.5,2025-06-25 14h21.58.968910 +0200,
0,0,0,0,0,0,0,,,,,,,,,#2AB7EF,1012.4483420848846,None,space,None,None,711.6754055023193,text_12,98,6,Reading_Baseline_main_click,None,dem,10,0,10,60,60,,,,,,,,,,,06,01,yes,no,no,2025-06-25_14h18.15.835,EXNAT_4_TMS_Psychopy2024.2.5.psyexp,2024.2.5,2025-06-25 14h21.58.968910 +0200,
0,0,0,0,0,0,0,,,,,,,,,#D292F3,1013.2007048130035,None,space,None,None,535.313606262207,text_12,99,6,Reading_Baseline_main_click,None,Regisseur,11,0,11,60,60,1013.3417439460754,,,,,,,,,,06,01,yes,no,no,2025-06-25_14h18.15.835,EXNAT_4_TMS_Psychopy2024.2.5.psyexp,2024.2.5,2025-06-25 14h21.58.968910 +0200,
0,0,0,0,0,0,0,,,,,,,,,#F989A2,1013.7758300304413,None,space,None,None,408.2462787628174,text_12,100,6,Reading_Baseline_main_click,None,"vor,",11,0,11,60,60,,,,,,,,,,,06,01,yes,no,no,2025-06-25_14h18.15.835,EXNAT_4_TMS_Psychopy2024.2.5.psyexp,2024.2.5,2025-06-25 14h21.58.968910 +0200,
0,0,0,0,0,0,0,,,,,,,,,#2AB7EF,1014.2250490188599,None,space,None,None,423.0918884277344,text_12,101,6,Reading_Baseline_main_click,None,das,11,0,11,60,60,,,,,,,,,,,06,01,yes,no,no,2025-06-25_14h18.15.835,EXNAT_4_TMS_Psychopy2024.2.5.psyexp,2024.2.5,2025-06-25 14h21.58.968910 +0200,
0,0,0,0,0,0,0,,,,,,,,,#2AB7EF,1014.688556432724,None,space,None,None,439.61477279663086,text_12,102,6,Reading_Baseline_main_click,None,Publikum,11,0,11,60,60,,,,,,,,,,,06,01,yes,no,no,2025-06-25_14h18.15.835,EXNAT_4_TMS_Psychopy2024.2.5.psyexp,2024.2.5,2025-06-25 14h21.58.968910 +0200,
0,0,0,0,0,0,0,,,,,,,,,#F989A2,1015.1674506664276,None,space,None,None,392.69280433654785,text_12,103,6,Reading_Baseline_main_click,None,mit,11,0,11,60,60,,,,,,,,,,,06,01,yes,no,no,2025-06-25_14h18.15.835,EXNAT_4_TMS_Psychopy2024.2.5.psyexp,2024.2.5,2025-06-25 14h21.58.968910 +0200,
0,0,0,0,0,0,0,,,,,,,,,#88BA3F,1015.5987451076508,None,space,None,None,425.40955543518066,text_12,104,6,Reading_Baseline_main_click,None,starken,11,0,11,60,60,,,,,,,,,,,06,01,yes,no,no,2025-06-25_14h18.15.835,EXNAT_4_TMS_Psychopy2024.2.5.psyexp,2024.2.5,2025-06-25 14h21.58.968910 +0200,
0,0,0,0,0,0,0,,,,,,,,,#D292F3,1016.0647232532501,None,space,None,None,391.3114070892334,text_12,105,6,Reading_Baseline_main_click,None,Bildern,11,0,11,60,60,,,,,,,,,,,06,01,yes,no,no,2025-06-25_14h18.15.835,EXNAT_4_TMS_Psychopy2024.2.5.psyexp,2024.2.5,2025-06-25 14h21.58.968910 +0200,
0,0,0,0,0,0,0,,,,,,,,,#88BA3F,1016.4942152500153,None,space,None,None,377.79974937438965,text_12,106,6,Reading_Baseline_main_click,None,zu,11,0,11,60,60,,,,,,,,,,,06,01,yes,no,no,2025-06-25_14h18.15.835,EXNAT_4_TMS_Psychopy2024.2.5.psyexp,2024.2.5,2025-06-25 14h21.58.968910 +0200,
0,0,0,0,0,0,0,,,,,,,,,#88BA3F,1016.9110939502716,None,space,None,None,617.0163154602051,text_12,107,6,Reading_Baseline_main_click,None,"blenden,",11,0,11,60,60,,,,,,,,,,,06,01,yes,no,no,2025-06-25_14h18.15.835,EXNAT_4_TMS_Psychopy2024.2.5.psyexp,2024.2.5,2025-06-25 14h21.58.968910 +0200,
0,0,0,0,0,0,0,,,,,,,,,#D292F3,1017.5655293464661,None,space,None,None,458.6138725280762,text_12,108,6,Reading_Baseline_main_click,None,obwohl,11,0,11,60,60,,,,,,,,,,,06,01,yes,no,no,2025-06-25_14h18.15.835,EXNAT_4_TMS_Psychopy2024.2.5.psyexp,2024.2.5,2025-06-25 14h21.58.968910 +0200,
0,0,0,0,0,0,0,,,,,,,,,#2AB7EF,1018.0640270709991,None,space,None,None,344.0096378326416,text_12,109,6,Reading_Baseline_main_click,None,es,12,0,12,60,60,1018.3417513370514,,,,,,,,,,06,01,yes,no,no,2025-06-25_14h18.15.835,EXNAT_4_TMS_Psychopy2024.2.5.psyexp,2024.2.5,2025-06-25 14h21.58.968910 +0200,
0,0,0,0,0,0,0,,,,,,,,,#F989A2,1018.4466798305511,None,space,None,None,441.2217140197754,text_12,110,6,Reading_Baseline_main_click,None,um,12,0,12,60,60,,,,,,,,,,,06,01,yes,no,no,2025-06-25_14h18.15.835,EXNAT_4_TMS_Psychopy2024.2.5.psyexp,2024.2.5,2025-06-25 14h21.58.968910 +0200,
0,0,0,0,0,0,0,,,,,,,,,#F989A2,1018.9286916255951,None,space,None,None,583.2812786102295,text_12,111,6,Reading_Baseline_main_click,None,Missverständnisse,12,0,12,60,60,,,,,,,,,,,06,01,yes,no,no,2025-06-25_14h18.15.835,EXNAT_4_TMS_Psychopy2024.2.5.psyexp,2024.2.5,2025-06-25 14h21.58.968910 +0200,
0,0,0,0,0,0,0,,,,,,,,,#2AB7EF,1019.5517117977142,None,space,None,None,600.3985404968262,text_12,112,6,Reading_Baseline_main_click,None,gehe.,12,0,12,60,60,,,,,,,,,,,06,01,yes,no,no,2025-06-25_14h18.15.835,EXNAT_4_TMS_Psychopy2024.2.5.psyexp,2024.2.5,2025-06-25 14h21.58.968910 +0200,
0,0,0,0,0,0,0,,,,,,,,,#88BA3F,1020.1927256584167,None,space,None,None,631.4096450805664,text_12,113,6,Reading_Baseline_main_click,None,Doch,12,0,12,60,60,,,,,,,,,,,06,01,yes,no,no,2025-06-25_14h18.15.835,EXNAT_4_TMS_Psychopy2024.2.5.psyexp,2024.2.5,2025-06-25 14h21.58.968910 +0200,
0,0,0,0,0,0,0,,,,,,,,,#D292F3,1020.8636059761047,None,space,None,None,696.4855194091797,text_12,114,6,Reading_Baseline_main_click,None,genau,12,0,12,60,60,,,,,,,,,,,06,01,yes,no,no,2025-06-25_14h18.15.835,EXNAT_4_TMS_Psychopy2024.2.5.psyexp,2024.2.5,2025-06-25 14h21.58.968910 +0200,
0,0,0,0,0,0,0,,,,,,,,,#F989A2,1021.5971832275391,None,space,None,None,442.78717041015625,text_12,115,6,Reading_Baseline_main_click,None,das,12,0,12,60,60,,,,,,,,,,,06,01,yes,no,no,2025-06-25_14h18.15.835,EXNAT_4_TMS_Psychopy2024.2.5.psyexp,2024.2.5,2025-06-25 14h21.58.968910 +0200,
0,0,0,0,0,0,0,,,,,,,,,#2AB7EF,1022.0797069072723,None,space,None,None,440.3245449066162,text_12,116,6,Reading_Baseline_main_click,None,ist,12,0,12,60,60,,,,,,,,,,,06,01,yes,no,no,2025-06-25_14h18.15.835,EXNAT_4_TMS_Psychopy2024.2.5.psyexp,2024.2.5,2025-06-25 14h21.58.968910 +0200,
0,0,0,0,0,0,0,,,,,,,,,#D292F3,1022.5607781410217,None,space,None,None,375.19335746765137,text_12,117,6,Reading_Baseline_main_click,None,die,12,0,12,60,60,,,,,,,,,,,06,01,yes,no,no,2025-06-25_14h18.15.835,EXNAT_4_TMS_Psychopy2024.2.5.psyexp,2024.2.5,2025-06-25 14h21.58.968910 +0200,
0,0,0,0,0,0,0,,,,,,,,,#88BA3F,1022.9739992618561,None,space,None,None,394.06847953796387,text_12,118,6,Reading_Baseline_main_click,None,zentrale,13,0,13,60,60,1023.3417670726776,,,,,,,,,,06,01,yes,no,no,2025-06-25_14h18.15.835,EXNAT_4_TMS_Psychopy2024.2.5.psyexp,2024.2.5,2025-06-25 14h21.58.968910 +0200,
0,0,0,0,0,0,0,,,,,,,,,#88BA3F,1023.4065680503845,None,space,None,None,425.4298210144043,text_12,119,6,Reading_Baseline_main_click,None,Aussage:,13,0,13,60,60,,,,,,,,,,,06,01,yes,no,no,2025-06-25_14h18.15.835,EXNAT_4_TMS_Psychopy2024.2.5.psyexp,2024.2.5,2025-06-25 14h21.58.968910 +0200,
0,0,0,0,0,0,0,,,,,,,,,#D292F3,1023.8691024780273,None,space,None,None,731.0113906860352,text_12,120,6,Reading_Baseline_main_click,None,Menschen,13,0,13,60,60,,,,,,,,,,,06,01,yes,no,no,2025-06-25_14h18.15.835,EXNAT_4_TMS_Psychopy2024.2.5.psyexp,2024.2.5,2025-06-25 14h21.58.968910 +0200,
0,0,0,0,0,0,0,,,,,,,,,#D292F3,1024.6385459899902,None,space,None,None,537.4717712402344,text_12,121,6,Reading_Baseline_main_click,None,verstehen,13,0,13,60,60,,,,,,,,,,,06,01,yes,no,no,2025-06-25_14h18.15.835,EXNAT_4_TMS_Psychopy2024.2.5.psyexp,2024.2.5,2025-06-25 14h21.58.968910 +0200,
0,0,0,0,0,0,0,,,,,,,,,#D292F3,1025.2156488895416,None,space,None,None,440.5248165130615,text_12,122,6,Reading_Baseline_main_click,None,einander,13,0,13,60,60,,,,,,,,,,,06,01,yes,no,no,2025-06-25_14h18.15.835,EXNAT_4_TMS_Psychopy2024.2.5.psyexp,2024.2.5,2025-06-25 14h21.58.968910 +0200,
0,0,0,0,0,0,0,,,,,,,,,#F989A2,1025.6977956295013,None,space,None,None,566.3402080535889,text_12,123,6,Reading_Baseline_main_click,None,nicht.,13,0,13,60,60,,,,,,,,,,,06,01,yes,no,no,2025-06-25_14h18.15.835,EXNAT_4_TMS_Psychopy2024.2.5.psyexp,2024.2.5,2025-06-25 14h21.58.968910 +0200,
0,0,0,0,0,0,0,,,,,,,,,#88BA3F,1026.3044998645782,None,space,None,None,551.57470703125,text_12,124,6,Reading_Baseline_main_click,None,Der,13,0,13,60,60,,,,,,,,,,,06,01,yes,no,no,2025-06-25_14h18.15.835,EXNAT_4_TMS_Psychopy2024.2.5.psyexp,2024.2.5,2025-06-25 14h21.58.968910 +0200,
0,0,0,0,0,0,0,,,,,,,,,#88BA3F,1026.8974533081055,None,space,None,None,454.5714855194092,text_12,125,6,Reading_Baseline_main_click,None,Titel,13,0,13,60,60,,,,,,,,,,,06,01,yes,no,no,2025-06-25_14h18.15.835,EXNAT_4_TMS_Psychopy2024.2.5.psyexp,2024.2.5,2025-06-25 14h21.58.968910 +0200,
0,0,0,0,0,0,0,,,,,,,,,#F989A2,1027.3882896900177,None,space,None,None,603.6293506622314,text_12,126,6,Reading_Baseline_main_click,None,Babel,13,0,13,60,60,,,,,,,,,,,06,01,yes,no,no,2025-06-25_14h18.15.835,EXNAT_4_TMS_Psychopy2024.2.5.psyexp,2024.2.5,2025-06-25 14h21.58.968910 +0200,
0,0,0,0,0,0,0,,,,,,,,,#D292F3,1028.0314645767212,None,space,None,None,520.5466747283936,text_12,127,6,Reading_Baseline_main_click,None,verweist,14,0,14,60,60,1028.341721534729,,,,,,,,,,06,01,yes,no,no,2025-06-25_14h18.15.835,EXNAT_4_TMS_Psychopy2024.2.5.psyexp,2024.2.5,2025-06-25 14h21.58.968910 +0200,
0,0,0,0,0,0,0,,,,,,,,,#2AB7EF,1028.5895810127258,None,space,None,None,442.5792694091797,text_12,128,6,Reading_Baseline_main_click,None,auf,14,0,14,60,60,,,,,,,,,,,06,01,yes,no,no,2025-06-25_14h18.15.835,EXNAT_4_TMS_Psychopy2024.2.5.psyexp,2024.2.5,2025-06-25 14h21.58.968910 +0200,
0,0,0,0,0,0,0,,,,,,,,,#2AB7EF,1029.0710899829865,None,space,None,None,489.05110359191895,text_12,129,6,Reading_Baseline_main_click,None,die,14,0,14,60,60,,,,,,,,,,,06,01,yes,no,no,2025-06-25_14h18.15.835,EXNAT_4_TMS_Psychopy2024.2.5.psyexp,2024.2.5,2025-06-25 14h21.58.968910 +0200,
0,0,0,0,0,0,0,,,,,,,,,#F989A2,1029.5993483066559,None,space,None,None,440.95778465270996,text_12,130,6,Reading_Baseline_main_click,None,biblische,14,0,14,60,60,,,,,,,,,,,06,01,yes,no,no,2025-06-25_14h18.15.835,EXNAT_4_TMS_Psychopy2024.2.5.psyexp,2024.2.5,2025-06-25 14h21.58.968910 +0200,
0,0,0,0,0,0,0,,,,,,,,,#88BA3F,1030.0812859535217,None,space,None,None,182.6038360595703,text_12,131,6,Reading_Baseline_main_click,None,Geschichte,14,0,14,60,60,,,,,,,,,,,06,01,yes,no,no,2025-06-25_14h18.15.835,EXNAT_4_TMS_Psychopy2024.2.5.psyexp,2024.2.5,2025-06-25 14h21.58.968910 +0200,
0,0,0,0,0,0,0,,,,,,,,,#2AB7EF,1030.302705526352,None,space,None,None,425.34899711608887,text_12,132,6,Reading_Baseline_main_click,None,vom,14,0,14,60,60,,,,,,,,,,,06,01,yes,no,no,2025-06-25_14h18.15.835,EXNAT_4_TMS_Psychopy2024.2.5.psyexp,2024.2.5,2025-06-25 14h21.58.968910 +0200,
0,0,0,0,0,0,0,,,,,,,,,#D292F3,1030.7685520648956,None,space,None,None,503.5526752471924,text_12,133,6,Reading_Baseline_main_click,None,"Turmbau,",14,0,14,60,60,,,,,,,,,,,06,01,yes,no,no,2025-06-25_14h18.15.835,EXNAT_4_TMS_Psychopy2024.2.5.psyexp,2024.2.5,2025-06-25 14h21.58.968910 +0200,
0,0,0,0,0,0,0,,,,,,,,,#D292F3,1031.3116772174835,None,space,None,None,744.4679737091064,text_12,134,6,Reading_Baseline_main_click,None,bei,14,0,14,60,60,,,,,,,,,,,06,01,yes,no,no,2025-06-25_14h18.15.835,EXNAT_4_TMS_Psychopy2024.2.5.psyexp,2024.2.5,2025-06-25 14h21.58.968910 +0200,
0,0,0,0,0,0,0,,,,,,,,,#88BA3F,1032.093692779541,None,space,None,None,506.4394474029541,text_12,135,6,Reading_Baseline_main_click,None,dem,14,0,14,60,60,,,,,,,,,,,06,01,yes,no,no,2025-06-25_14h18.15.835,EXNAT_4_TMS_Psychopy2024.2.5.psyexp,2024.2.5,2025-06-25 14h21.58.968910 +0200,
0,0,0,0,0,0,0,,,,,,,,,#2AB7EF,1032.638833284378,None,space,None,None,377.2778511047363,text_12,136,6,Reading_Baseline_main_click,None,Gott,14,0,14,60,60,,,,,,,,,,,06,01,yes,no,no,2025-06-25_14h18.15.835,EXNAT_4_TMS_Psychopy2024.2.5.psyexp,2024.2.5,2025-06-25 14h21.58.968910 +0200,
0,0,0,0,0,0,0,,,,,,,,,#F989A2,1033.0556192398071,None,space,None,None,312.4580383300781,text_12,137,6,Reading_Baseline_main_click,None,die,15,0,15,60,60,1033.341812133789,,,,,,,,,,06,01,yes,no,no,2025-06-25_14h18.15.835,EXNAT_4_TMS_Psychopy2024.2.5.psyexp,2024.2.5,2025-06-25 14h21.58.968910 +0200,
0,0,0,0,0,0,0,,,,,,,,,#88BA3F,1033.4076936244965,None,space,None,None,296.3566780090332,text_12,138,6,Reading_Baseline_main_click,None,Sprache,15,0,15,60,60,,,,,,,,,,,06,01,yes,no,no,2025-06-25_14h18.15.835,EXNAT_4_TMS_Psychopy2024.2.5.psyexp,2024.2.5,2025-06-25 14h21.58.968910 +0200,
0,0,0,0,0,0,0,,,,,,,,,#D292F3,1033.7437360286713,None,space,None,None,424.29661750793457,text_12,139,6,Reading_Baseline_main_click,None,der,15,0,15,60,60,,,,,,,,,,,06,01,yes,no,no,2025-06-25_14h18.15.835,EXNAT_4_TMS_Psychopy2024.2.5.psyexp,2024.2.5,2025-06-25 14h21.58.968910 +0200,
0,0,0,0,0,0,0,,,,,,,,,#2AB7EF,1034.205774307251,None,space,None,None,378.18408012390137,text_12,140,6,Reading_Baseline_main_click,None,Menschen,15,0,15,60,60,,,,,,,,,,,06,01,yes,no,no,2025-06-25_14h18.15.835,EXNAT_4_TMS_Psychopy2024.2.5.psyexp,2024.2.5,2025-06-25 14h21.58.968910 +0200,
0,0,0,0,0,0,0,,,,,,,,,#88BA3F,1034.6254351139069,None,space,None,None,294.4755554199219,text_12,141,6,Reading_Baseline_main_click,None,verwirrte.,15,0,15,60,60,,,,,,,,,,,06,01,yes,no,no,2025-06-25_14h18.15.835,EXNAT_4_TMS_Psychopy2024.2.5.psyexp,2024.2.5,2025-06-25 14h21.58.968910 +0200,
0,0,0,0,0,0,0,,,,,,,,,#F989A2,1034.958826303482,None,space,None,None,905.205488204956,text_12,142,6,Reading_Baseline_main_click,None,Der,15,0,15,60,60,,,,,,,,,,,06,01,yes,no,no,2025-06-25_14h18.15.835,EXNAT_4_TMS_Psychopy2024.2.5.psyexp,2024.2.5,2025-06-25 14h21.58.968910 +0200,
0,0,0,0,0,0,0,,,,,,,,,#2AB7EF,1035.9019227027893,None,space,None,None,778.1808376312256,text_12,143,6,Reading_Baseline_main_click,None,Film,15,0,15,60,60,,,,,,,,,,,06,01,yes,no,no,2025-06-25_14h18.15.835,EXNAT_4_TMS_Psychopy2024.2.5.psyexp,2024.2.5,2025-06-25 14h21.58.968910 +0200,
0,0,0,0,0,0,0,,,,,,,,,#F989A2,1036.7205519676208,None,space,None,None,455.55758476257324,text_12,144,6,Reading_Baseline_main_click,None,verdeutlicht,15,0,15,60,60,,,,,,,,,,,06,01,yes,no,no,2025-06-25_14h18.15.835,EXNAT_4_TMS_Psychopy2024.2.5.psyexp,2024.2.5,2025-06-25 14h21.58.968910 +0200,
0,0,0,0,0,0,0,,,,,,,,,#88BA3F,1037.2161030769348,None,space,None,None,456.0215473175049,text_12,145,6,Reading_Baseline_main_click,None,die,15,0,15,60,60,,,,,,,,,,,06,01,yes,no,no,2025-06-25_14h18.15.835,EXNAT_4_TMS_Psychopy2024.2.5.psyexp,2024.2.5,2025-06-25 14h21.58.968910 +0200,
0,0,0,0,0,0,0,,,,,,,,,#2AB7EF,1037.712988615036,None,space,None,None,359.1151237487793,text_12,146,6,Reading_Baseline_main_click,None,Folgen,15,0,15,60,60,,,,,,,,,,,06,01,yes,no,no,2025-06-25_14h18.15.835,EXNAT_4_TMS_Psychopy2024.2.5.psyexp,2024.2.5,2025-06-25 14h21.58.968910 +0200,
0,0,0,0,0,0,0,,,,,,,,,#F989A2,1038.1110615730286,None,space,None,None,489.0165328979492,text_12,147,6,Reading_Baseline_main_click,None,von,16,0,16,60,60,1038.3417613506317,,,,,,,,,,06,01,yes,no,no,2025-06-25_14h18.15.835,EXNAT_4_TMS_Psychopy2024.2.5.psyexp,2024.2.5,2025-06-25 14h21.58.968910 +0200,
0,0,0,0,0,0,0,,,,,,,,,#F989A2,1038.641835451126,None,space,None,None,486.12523078918457,text_12,148,6,Reading_Baseline_main_click,None,Sprachlosigkeit,16,0,16,60,60,,,,,,,,,,,06,01,yes,no,no,2025-06-25_14h18.15.835,EXNAT_4_TMS_Psychopy2024.2.5.psyexp,2024.2.5,2025-06-25 14h21.58.968910 +0200,
0,0,0,0,0,0,0,,,,,,,,,#88BA3F,1039.1669538021088,None,space,None,None,425.07004737854004,text_12,149,6,Reading_Baseline_main_click,None,und,16,0,16,60,60,,,,,,,,,,,06,01,yes,no,no,2025-06-25_14h18.15.835,EXNAT_4_TMS_Psychopy2024.2.5.psyexp,2024.2.5,2025-06-25 14h21.58.968910 +0200,
0,0,0,0,0,0,0,,,,,,,,,#D292F3,1039.6312963962555,None,space,None,None,792.7827835083008,text_12,150,6,Reading_Baseline_main_click,None,Missverständnissen.,16,0,16,60,60,,,,,,,,,,,06,01,yes,no,no,2025-06-25_14h18.15.835,EXNAT_4_TMS_Psychopy2024.2.5.psyexp,2024.2.5,2025-06-25 14h21.58.968910 +0200,
0,0,0,0,0,0,0,,,,,,,,,,1040.4778797626495,,1,,,,text_12,,6,Reading_Baseline_main_click,,,,,,,,,Q1,a,True,,,,,,,06,01,yes,no,no,2025-06-25_14h18.15.835,EXNAT_4_TMS_Psychopy2024.2.5.psyexp,2024.2.5,2025-06-25 14h21.58.968910 +0200,
0,0,0,0,0,0,0,,,,,,,,,,1045.3089232444763,,3,,,,text_12,,6,Reading_Baseline_main_click,,,,,,,,,Q2,c,True,,,,,,,06,01,yes,no,no,2025-06-25_14h18.15.835,EXNAT_4_TMS_Psychopy2024.2.5.psyexp,2024.2.5,2025-06-25 14h21.58.968910 +0200,
0,0,0,0,0,0,0,,,,,,,,,,1047.8757286071777,,4,,,,text_12,,6,Reading_Baseline_main_click,,,,,,,,,Q3,d,True,,,,,,,06,01,yes,no,no,2025-06-25_14h18.15.835,EXNAT_4_TMS_Psychopy2024.2.5.psyexp,2024.2.5,2025-06-25 14h21.58.968910 +0200,
0,0,0,0,0,0,0,,,,,,,,,#88BA3F,1056.599709033966,None,space,None,None,592.4663543701172,text_08,1,7,Reading_Baseline_main_click,None,Nach,17,0,17,60,60,1056.6557817459106,,,,,,,,,,06,01,yes,no,no,2025-06-25_14h18.15.835,EXNAT_4_TMS_Psychopy2024.2.5.psyexp,2024.2.5,2025-06-25 14h21.58.968910 +0200,
0,0,0,0,0,0,0,,,,,,,,,#2AB7EF,1057.22767496109,None,space,None,None,364.4676208496094,text_08,2,7,Reading_Baseline_main_click,None,einem,17,0,17,60,60,,,,,,,,,,,06,01,yes,no,no,2025-06-25_14h18.15.835,EXNAT_4_TMS_Psychopy2024.2.5.psyexp,2024.2.5,2025-06-25 14h21.58.968910 +0200,
0,0,0,0,0,0,0,,,,,,,,,#F989A2,1057.6268706321716,None,space,None,None,621.3095188140869,text_08,3,7,Reading_Baseline_main_click,None,Ritt,17,0,17,60,60,,,,,,,,,,,06,01,yes,no,no,2025-06-25_14h18.15.835,EXNAT_4_TMS_Psychopy2024.2.5.psyexp,2024.2.5,2025-06-25 14h21.58.968910 +0200,
0,0,0,0,0,0,0,,,,,,,,,#2AB7EF,1058.2850189208984,None,space,None,None,458.9662551879883,text_08,4,7,Reading_Baseline_main_click,None,durch,17,0,17,60,60,,,,,,,,,,,06,01,yes,no,no,2025-06-25_14h18.15.835,EXNAT_4_TMS_Psychopy2024.2.5.psyexp,2024.2.5,2025-06-25 14h21.58.968910 +0200,
0,0,0,0,0,0,0,,,,,,,,,#D292F3,1058.7826528549194,None,space,None,None,297.2259521484375,text_08,5,7,Reading_Baseline_main_click,None,eine,17,0,17,60,60,,,,,,,,,,,06,01,yes,no,no,2025-06-25_14h18.15.835,EXNAT_4_TMS_Psychopy2024.2.5.psyexp,2024.2.5,2025-06-25 14h21.58.968910 +0200,
0,0,0,0,0,0,0,,,,,,,,,#F989A2,1059.1164219379425,None,space,None,None,379.65989112854004,text_08,6,7,Reading_Baseline_main_click,None,Schlucht,17,0,17,60,60,,,,,,,,,,,06,01,yes,no,no,2025-06-25_14h18.15.835,EXNAT_4_TMS_Psychopy2024.2.5.psyexp,2024.2.5,2025-06-25 14h21.58.968910 +0200,
0,0,0,0,0,0,0,,,,,,,,,#88BA3F,1059.5347564220428,None,space,None,None,377.36964225769043,text_08,7,7,Reading_Baseline_main_click,None,steht,17,0,17,60,60,,,,,,,,,,,06,01,yes,no,no,2025-06-25_14h18.15.835,EXNAT_4_TMS_Psychopy2024.2.5.psyexp,2024.2.5,2025-06-25 14h21.58.968910 +0200,
0,0,0,0,0,0,0,,,,,,,,,#F989A2,1059.9515159130096,None,space,None,None,408.66899490356445,text_08,8,7,Reading_Baseline_main_click,None,Indiana,17,0,17,60,60,,,,,,,,,,,06,01,yes,no,no,2025-06-25_14h18.15.835,EXNAT_4_TMS_Psychopy2024.2.5.psyexp,2024.2.5,2025-06-25 14h21.58.968910 +0200,
0,0,0,0,0,0,0,,,,,,,,,#D292F3,1060.4001541137695,None,space,None,None,471.9524383544922,text_08,9,7,Reading_Baseline_main_click,None,Jones,17,0,17,60,60,,,,,,,,,,,06,01,yes,no,no,2025-06-25_14h18.15.835,EXNAT_4_TMS_Psychopy2024.2.5.psyexp,2024.2.5,2025-06-25 14h21.58.968910 +0200,
0,0,0,0,0,0,0,,,,,,,,,#D292F3,1060.9127566814423,None,space,None,None,519.3488597869873,text_08,10,7,Reading_Baseline_main_click,None,vor,17,0,17,60,60,,,,,,,,,,,06,01,yes,no,no,2025-06-25_14h18.15.835,EXNAT_4_TMS_Psychopy2024.2.5.psyexp,2024.2.5,2025-06-25 14h21.58.968910 +0200,
0,0,0,0,0,0,0,,,,,,,,,#2AB7EF,1061.471134185791,None,space,None,None,408.9674949645996,text_08,11,7,Reading_Baseline_main_click,None,der,18,0,18,60,60,1061.6558265686035,,,,,,,,,,06,01,yes,no,no,2025-06-25_14h18.15.835,EXNAT_4_TMS_Psychopy2024.2.5.psyexp,2024.2.5,2025-06-25 14h21.58.968910 +0200,
0,0,0,0,0,0,0,,,,,,,,,#88BA3F,1061.9189505577087,None,space,None,None,136.98267936706543,text_08,12,7,Reading_Baseline_main_click,None,gewaltigen,18,0,18,60,60,,,,,,,,,,,06,01,yes,no,no,2025-06-25_14h18.15.835,EXNAT_4_TMS_Psychopy2024.2.5.psyexp,2024.2.5,2025-06-25 14h21.58.968910 +0200,
0,0,0,0,0,0,0,,,,,,,,,#F989A2,1062.0956330299377,None,space,None,None,440.4897689819336,text_08,13,7,Reading_Baseline_main_click,None,Fassade,18,0,18,60,60,,,,,,,,,,,06,01,yes,no,no,2025-06-25_14h18.15.835,EXNAT_4_TMS_Psychopy2024.2.5.psyexp,2024.2.5,2025-06-25 14h21.58.968910 +0200,
0,0,0,0,0,0,0,,,,,,,,,#D292F3,1062.573700428009,None,space,None,None,378.4043788909912,text_08,14,7,Reading_Baseline_main_click,None,der,18,0,18,60,60,,,,,,,,,,,06,01,yes,no,no,2025-06-25_14h18.15.835,EXNAT_4_TMS_Psychopy2024.2.5.psyexp,2024.2.5,2025-06-25 14h21.58.968910 +0200,
0,0,0,0,0,0,0,,,,,,,,,#88BA3F,1062.9905796051025,None,space,None,None,425.6119728088379,text_08,15,7,Reading_Baseline_main_click,None,antiken,18,0,18,60,60,,,,,,,,,,,06,01,yes,no,no,2025-06-25_14h18.15.835,EXNAT_4_TMS_Psychopy2024.2.5.psyexp,2024.2.5,2025-06-25 14h21.58.968910 +0200,
0,0,0,0,0,0,0,,,,,,,,,#88BA3F,1063.4535839557648,None,space,None,None,410.51387786865234,text_08,16,7,Reading_Baseline_main_click,None,Felsenstadt,18,0,18,60,60,,,,,,,,,,,06,01,yes,no,no,2025-06-25_14h18.15.835,EXNAT_4_TMS_Psychopy2024.2.5.psyexp,2024.2.5,2025-06-25 14h21.58.968910 +0200,
0,0,0,0,0,0,0,,,,,,,,,#F989A2,1063.899211883545,None,space,None,None,428.96151542663574,text_08,17,7,Reading_Baseline_main_click,None,Petra.,18,0,18,60,60,,,,,,,,,,,06,01,yes,no,no,2025-06-25_14h18.15.835,EXNAT_4_TMS_Psychopy2024.2.5.psyexp,2024.2.5,2025-06-25 14h21.58.968910 +0200,
0,0,0,0,0,0,0,,,,,,,,,#D292F3,1064.3682696819305,None,space,None,None,711.9770050048828,text_08,18,7,Reading_Baseline_main_click,None,Die,18,0,18,60,60,,,,,,,,,,,06,01,yes,no,no,2025-06-25_14h18.15.835,EXNAT_4_TMS_Psychopy2024.2.5.psyexp,2024.2.5,2025-06-25 14h21.58.968910 +0200,
0,0,0,0,0,0,0,,,,,,,,,#2AB7EF,1065.119573354721,None,space,None,None,424.4036674499512,text_08,19,7,Reading_Baseline_main_click,None,Szene,18,0,18,60,60,,,,,,,,,,,06,01,yes,no,no,2025-06-25_14h18.15.835,EXNAT_4_TMS_Psychopy2024.2.5.psyexp,2024.2.5,2025-06-25 14h21.58.968910 +0200,
0,0,0,0,0,0,0,,,,,,,,,#D292F3,1065.5824902057648,None,space,None,None,345.54409980773926,text_08,20,7,Reading_Baseline_main_click,None,aus,18,0,18,60,60,,,,,,,,,,,06,01,yes,no,no,2025-06-25_14h18.15.835,EXNAT_4_TMS_Psychopy2024.2.5.psyexp,2024.2.5,2025-06-25 14h21.58.968910 +0200,
0,0,0,0,0,0,0,,,,,,,,,#88BA3F,1065.968584537506,None,space,None,None,343.3513641357422,text_08,21,7,Reading_Baseline_main_click,None,dem,18,0,18,60,60,,,,,,,,,,,06,01,yes,no,no,2025-06-25_14h18.15.835,EXNAT_4_TMS_Psychopy2024.2.5.psyexp,2024.2.5,2025-06-25 14h21.58.968910 +0200,
0,0,0,0,0,0,0,,,,,,,,,#F989A2,1066.3535962104797,None,space,None,None,374.4957447052002,text_08,22,7,Reading_Baseline_main_click,None,Kinofilm,19,0,19,60,60,1066.6558012962341,,,,,,,,,,06,01,yes,no,no,2025-06-25_14h18.15.835,EXNAT_4_TMS_Psychopy2024.2.5.psyexp,2024.2.5,2025-06-25 14h21.58.968910 +0200,
0,0,0,0,0,0,0,,,,,,,,,#2AB7EF,1066.7674028873444,None,space,None,None,392.70520210266113,text_08,23,7,Reading_Baseline_main_click,None,machte,19,0,19,60,60,,,,,,,,,,,06,01,yes,no,no,2025-06-25_14h18.15.835,EXNAT_4_TMS_Psychopy2024.2.5.psyexp,2024.2.5,2025-06-25 14h21.58.968910 +0200,
0,0,0,0,0,0,0,,,,,,,,,#2AB7EF,1067.197280883789,None,space,None,None,362.68043518066406,text_08,24,7,Reading_Baseline_main_click,None,die,19,0,19,60,60,,,,,,,,,,,06,01,yes,no,no,2025-06-25_14h18.15.835,EXNAT_4_TMS_Psychopy2024.2.5.psyexp,2024.2.5,2025-06-25 14h21.58.968910 +0200,
0,0,0,0,0,0,0,,,,,,,,,#2AB7EF,1067.5964980125427,None,space,None,None,331.7067623138428,text_08,25,7,Reading_Baseline_main_click,None,einstige,19,0,19,60,60,,,,,,,,,,,06,01,yes,no,no,2025-06-25_14h18.15.835,EXNAT_4_TMS_Psychopy2024.2.5.psyexp,2024.2.5,2025-06-25 14h21.58.968910 +0200,
0,0,0,0,0,0,0,,,,,,,,,#88BA3F,1067.9689266681671,None,space,None,None,375.18787384033203,text_08,26,7,Reading_Baseline_main_click,None,Hauptstadt,19,0,19,60,60,,,,,,,,,,,06,01,yes,no,no,2025-06-25_14h18.15.835,EXNAT_4_TMS_Psychopy2024.2.5.psyexp,2024.2.5,2025-06-25 14h21.58.968910 +0200,
0,0,0,0,0,0,0,,,,,,,,,#D292F3,1068.3841485977173,None,space,None,None,279.91461753845215,text_08,27,7,Reading_Baseline_main_click,None,der,19,0,19,60,60,,,,,,,,,,,06,01,yes,no,no,2025-06-25_14h18.15.835,EXNAT_4_TMS_Psychopy2024.2.5.psyexp,2024.2.5,2025-06-25 14h21.58.968910 +0200,
0,0,0,0,0,0,0,,,,,,,,,#F989A2,1068.7049498558044,None,space,None,None,375.1866817474365,text_08,28,7,Reading_Baseline_main_click,None,Nabatäer,19,0,19,60,60,,,,,,,,,,,06,01,yes,no,no,2025-06-25_14h18.15.835,EXNAT_4_TMS_Psychopy2024.2.5.psyexp,2024.2.5,2025-06-25 14h21.58.968910 +0200,
0,0,0,0,0,0,0,,,,,,,,,#F989A2,1069.1211433410645,None,space,None,None,759.0658664703369,text_08,29,7,Reading_Baseline_main_click,None,berühmt.,19,0,19,60,60,,,,,,,,,,,06,01,yes,no,no,2025-06-25_14h18.15.835,EXNAT_4_TMS_Psychopy2024.2.5.psyexp,2024.2.5,2025-06-25 14h21.58.968910 +0200,
0,0,0,0,0,0,0,,,,,,,,,#2AB7EF,1069.9202876091003,None,space,None,None,519.8895931243896,text_08,30,7,Reading_Baseline_main_click,None,Diese,19,0,19,60,60,,,,,,,,,,,06,01,yes,no,no,2025-06-25_14h18.15.835,EXNAT_4_TMS_Psychopy2024.2.5.psyexp,2024.2.5,2025-06-25 14h21.58.968910 +0200,
0,0,0,0,0,0,0,,,,,,,,,#D292F3,1070.4788811206818,None,space,None,None,681.3533306121826,text_08,31,7,Reading_Baseline_main_click,None,dominierten,19,0,19,60,60,,,,,,,,,,,06,01,yes,no,no,2025-06-25_14h18.15.835,EXNAT_4_TMS_Psychopy2024.2.5.psyexp,2024.2.5,2025-06-25 14h21.58.968910 +0200,
0,0,0,0,0,0,0,,,,,,,,,#88BA3F,1071.1985902786255,None,space,None,None,489.7332191467285,text_08,32,7,Reading_Baseline_main_click,None,zwei,20,0,20,60,60,1071.6558091640472,,,,,,,,,,06,01,yes,no,no,2025-06-25_14h18.15.835,EXNAT_4_TMS_Psychopy2024.2.5.psyexp,2024.2.5,2025-06-25 14h21.58.968910 +0200,
0,0,0,0,0,0,0,,,,,,,,,#D292F3,1071.7270867824554,None,space,None,None,408.92505645751953,text_08,33,7,Reading_Baseline_main_click,None,Jahrhunderte,20,0,20,60,60,,,,,,,,,,,06,01,yes,no,no,2025-06-25_14h18.15.835,EXNAT_4_TMS_Psychopy2024.2.5.psyexp,2024.2.5,2025-06-25 14h21.58.968910 +0200,
0,0,0,0,0,0,0,,,,,,,,,#88BA3F,1072.1743142604828,None,space,None,None,345.858097076416,text_08,34,7,Reading_Baseline_main_click,None,lang,20,0,20,60,60,,,,,,,,,,,06,01,yes,no,no,2025-06-25_14h18.15.835,EXNAT_4_TMS_Psychopy2024.2.5.psyexp,2024.2.5,2025-06-25 14h21.58.968910 +0200,
0,0,0,0,0,0,0,,,,,,,,,#2AB7EF,1072.5564143657684,None,space,None,None,411.61203384399414,text_08,35,7,Reading_Baseline_main_click,None,den,20,0,20,60,60,,,,,,,,,,,06,01,yes,no,no,2025-06-25_14h18.15.835,EXNAT_4_TMS_Psychopy2024.2.5.psyexp,2024.2.5,2025-06-25 14h21.58.968910 +0200,
0,0,0,0,0,0,0,,,,,,,,,#F989A2,1073.0084218978882,None,space,None,None,343.6465263366699,text_08,36,7,Reading_Baseline_main_click,None,Handel,20,0,20,60,60,,,,,,,,,,,06,01,yes,no,no,2025-06-25_14h18.15.835,EXNAT_4_TMS_Psychopy2024.2.5.psyexp,2024.2.5,2025-06-25 14h21.58.968910 +0200,
0,0,0,0,0,0,0,,,,,,,,,#2AB7EF,1073.3911516666412,None,space,None,None,440.92440605163574,text_08,37,7,Reading_Baseline_main_click,None,im,20,0,20,60,60,,,,,,,,,,,06,01,yes,no,no,2025-06-25_14h18.15.835,EXNAT_4_TMS_Psychopy2024.2.5.psyexp,2024.2.5,2025-06-25 14h21.58.968910 +0200,
0,0,0,0,0,0,0,,,,,,,,,#88BA3F,1073.8685042858124,None,space,None,None,379.82177734375,text_08,38,7,Reading_Baseline_main_click,None,Nahen,20,0,20,60,60,,,,,,,,,,,06,01,yes,no,no,2025-06-25_14h18.15.835,EXNAT_4_TMS_Psychopy2024.2.5.psyexp,2024.2.5,2025-06-25 14h21.58.968910 +0200,
0,0,0,0,0,0,0,,,,,,,,,#88BA3F,1074.2873919010162,None,space,None,None,376.8267631530762,text_08,39,7,Reading_Baseline_main_click,None,Osten.,20,0,20,60,60,,,,,,,,,,,06,01,yes,no,no,2025-06-25_14h18.15.835,EXNAT_4_TMS_Psychopy2024.2.5.psyexp,2024.2.5,2025-06-25 14h21.58.968910 +0200,
0,0,0,0,0,0,0,,,,,,,,,#88BA3F,1074.7014479637146,None,space,None,None,442.63172149658203,text_08,40,7,Reading_Baseline_main_click,None,In,20,0,20,60,60,,,,,,,,,,,06,01,yes,no,no,2025-06-25_14h18.15.835,EXNAT_4_TMS_Psychopy2024.2.5.psyexp,2024.2.5,2025-06-25 14h21.58.968910 +0200,
0,0,0,0,0,0,0,,,,,,,,,#D292F3,1075.1830365657806,None,space,None,None,537.1229648590088,text_08,41,7,Reading_Baseline_main_click,None,kürzester,20,0,20,60,60,,,,,,,,,,,06,01,yes,no,no,2025-06-25_14h18.15.835,EXNAT_4_TMS_Psychopy2024.2.5.psyexp,2024.2.5,2025-06-25 14h21.58.968910 +0200,
0,0,0,0,0,0,0,,,,,,,,,#2AB7EF,1075.7610256671906,None,space,None,None,343.0955410003662,text_08,42,7,Reading_Baseline_main_click,None,Zeit,20,0,20,60,60,,,,,,,,,,,06,01,yes,no,no,2025-06-25_14h18.15.835,EXNAT_4_TMS_Psychopy2024.2.5.psyexp,2024.2.5,2025-06-25 14h21.58.968910 +0200,
0,0,0,0,0,0,0,,,,,,,,,#D292F3,1076.142677783966,None,space,None,None,409.33871269226074,text_08,43,7,Reading_Baseline_main_click,None,entstand,20,0,20,60,60,,,,,,,,,,,06,01,yes,no,no,2025-06-25_14h18.15.835,EXNAT_4_TMS_Psychopy2024.2.5.psyexp,2024.2.5,2025-06-25 14h21.58.968910 +0200,
0,0,0,0,0,0,0,,,,,,,,,#F989A2,1076.5919239521027,None,space,None,None,408.19859504699707,text_08,44,7,Reading_Baseline_main_click,None,eine,21,0,21,60,60,1076.659301996231,,,,,,,,,,06,01,yes,no,no,2025-06-25_14h18.15.835,EXNAT_4_TMS_Psychopy2024.2.5.psyexp,2024.2.5,2025-06-25 14h21.58.968910 +0200,
0,0,0,0,0,0,0,,,,,,,,,#D292F3,1077.0387239456177,None,space,None,None,313.25459480285645,text_08,45,7,Reading_Baseline_main_click,None,Stadt,21,0,21,60,60,,,,,,,,,,,06,01,yes,no,no,2025-06-25_14h18.15.835,EXNAT_4_TMS_Psychopy2024.2.5.psyexp,2024.2.5,2025-06-25 14h21.58.968910 +0200,
0,0,0,0,0,0,0,,,,,,,,,#F989A2,1077.3865885734558,None,space,None,None,381.4506530761719,text_08,46,7,Reading_Baseline_main_click,None,mit,21,0,21,60,60,,,,,,,,,,,06,01,yes,no,no,2025-06-25_14h18.15.835,EXNAT_4_TMS_Psychopy2024.2.5.psyexp,2024.2.5,2025-06-25 14h21.58.968910 +0200,
0,0,0,0,0,0,0,,,,,,,,,#F989A2,1077.805852651596,None,space,None,None,394.3629264831543,text_08,47,7,Reading_Baseline_main_click,None,Hunderten,21,0,21,60,60,,,,,,,,,,,06,01,yes,no,no,2025-06-25_14h18.15.835,EXNAT_4_TMS_Psychopy2024.2.5.psyexp,2024.2.5,2025-06-25 14h21.58.968910 +0200,
0,0,0,0,0,0,0,,,,,,,,,#2AB7EF,1078.237743139267,None,space,None,None,362.49756813049316,text_08,48,7,Reading_Baseline_main_click,None,Höhlen,21,0,21,60,60,,,,,,,,,,,06,01,yes,no,no,2025-06-25_14h18.15.835,EXNAT_4_TMS_Psychopy2024.2.5.psyexp,2024.2.5,2025-06-25 14h21.58.968910 +0200,
0,0,0,0,0,0,0,,,,,,,,,#88BA3F,1078.6366567611694,None,space,None,None,347.25117683410645,text_08,49,7,Reading_Baseline_main_click,None,und,21,0,21,60,60,,,,,,,,,,,06,01,yes,no,no,2025-06-25_14h18.15.835,EXNAT_4_TMS_Psychopy2024.2.5.psyexp,2024.2.5,2025-06-25 14h21.58.968910 +0200,
0,0,0,0,0,0,0,,,,,,,,,#D292F3,1079.021962404251,None,space,None,None,378.21435928344727,text_08,50,7,Reading_Baseline_main_click,None,Fassaden.,21,0,21,60,60,,,,,,,,,,,06,01,yes,no,no,2025-06-25_14h18.15.835,EXNAT_4_TMS_Psychopy2024.2.5.psyexp,2024.2.5,2025-06-25 14h21.58.968910 +0200,
0,0,0,0,0,0,0,,,,,,,,,#F989A2,1079.437024116516,None,space,None,None,411.1287593841553,text_08,51,7,Reading_Baseline_main_click,None,Lange,21,0,21,60,60,,,,,,,,,,,06,01,yes,no,no,2025-06-25_14h18.15.835,EXNAT_4_TMS_Psychopy2024.2.5.psyexp,2024.2.5,2025-06-25 14h21.58.968910 +0200,
0,0,0,0,0,0,0,,,,,,,,,#F989A2,1079.886680841446,None,space,None,None,425.3809452056885,text_08,52,7,Reading_Baseline_main_click,None,glaubte,21,0,21,60,60,,,,,,,,,,,06,01,yes,no,no,2025-06-25_14h18.15.835,EXNAT_4_TMS_Psychopy2024.2.5.psyexp,2024.2.5,2025-06-25 14h21.58.968910 +0200,
0,0,0,0,0,0,0,,,,,,,,,#2AB7EF,1080.3517575263977,None,space,None,None,456.43115043640137,text_08,53,7,Reading_Baseline_main_click,None,"man,",21,0,21,60,60,,,,,,,,,,,06,01,yes,no,no,2025-06-25_14h18.15.835,EXNAT_4_TMS_Psychopy2024.2.5.psyexp,2024.2.5,2025-06-25 14h21.58.968910 +0200,
0,0,0,0,0,0,0,,,,,,,,,#D292F3,1080.847749710083,None,space,None,None,424.4248867034912,text_08,54,7,Reading_Baseline_main_click,None,Petra,21,0,21,60,60,,,,,,,,,,,06,01,yes,no,no,2025-06-25_14h18.15.835,EXNAT_4_TMS_Psychopy2024.2.5.psyexp,2024.2.5,2025-06-25 14h21.58.968910 +0200,
0,0,0,0,0,0,0,,,,,,,,,#D292F3,1081.3102741241455,None,space,None,None,377.87485122680664,text_08,55,7,Reading_Baseline_main_click,None,sei,22,0,22,60,60,1081.6593537330627,,,,,,,,,,06,01,yes,no,no,2025-06-25_14h18.15.835,EXNAT_4_TMS_Psychopy2024.2.5.psyexp,2024.2.5,2025-06-25 14h21.58.968910 +0200,
0,0,0,0,0,0,0,,,,,,,,,#2AB7EF,1081.7279586791992,None,space,None,None,440.1531219482422,text_08,56,7,Reading_Baseline_main_click,None,nur,22,0,22,60,60,,,,,,,,,,,06,01,yes,no,no,2025-06-25_14h18.15.835,EXNAT_4_TMS_Psychopy2024.2.5.psyexp,2024.2.5,2025-06-25 14h21.58.968910 +0200,
0,0,0,0,0,0,0,,,,,,,,,#F989A2,1082.2060642242432,None,space,None,None,377.99596786499023,text_08,57,7,Reading_Baseline_main_click,None,ein,22,0,22,60,60,,,,,,,,,,,06,01,yes,no,no,2025-06-25_14h18.15.835,EXNAT_4_TMS_Psychopy2024.2.5.psyexp,2024.2.5,2025-06-25 14h21.58.968910 +0200,
0,0,0,0,0,0,0,,,,,,,,,#88BA3F,1082.6229796409607,None,space,None,None,393.30410957336426,text_08,58,7,Reading_Baseline_main_click,None,Ort,22,0,22,60,60,,,,,,,,,,,06,01,yes,no,no,2025-06-25_14h18.15.835,EXNAT_4_TMS_Psychopy2024.2.5.psyexp,2024.2.5,2025-06-25 14h21.58.968910 +0200,
0,0,0,0,0,0,0,,,,,,,,,#2AB7EF,1083.0557370185852,None,space,None,None,312.46042251586914,text_08,59,7,Reading_Baseline_main_click,None,für,22,0,22,60,60,,,,,,,,,,,06,01,yes,no,no,2025-06-25_14h18.15.835,EXNAT_4_TMS_Psychopy2024.2.5.psyexp,2024.2.5,2025-06-25 14h21.58.968910 +0200,
0,0,0,0,0,0,0,,,,,,,,,#88BA3F,1083.4053320884705,None,space,None,None,362.7948760986328,text_08,60,7,Reading_Baseline_main_click,None,Tote,22,0,22,60,60,,,,,,,,,,,06,01,yes,no,no,2025-06-25_14h18.15.835,EXNAT_4_TMS_Psychopy2024.2.5.psyexp,2024.2.5,2025-06-25 14h21.58.968910 +0200,
0,0,0,0,0,0,0,,,,,,,,,#D292F3,1083.8058977127075,None,space,None,None,394.23131942749023,text_08,61,7,Reading_Baseline_main_click,None,und,22,0,22,60,60,,,,,,,,,,,06,01,yes,no,no,2025-06-25_14h18.15.835,EXNAT_4_TMS_Psychopy2024.2.5.psyexp,2024.2.5,2025-06-25 14h21.58.968910 +0200,
0,0,0,0,0,0,0,,,,,,,,,#2AB7EF,1084.2386116981506,None,space,None,None,393.63741874694824,text_08,62,7,Reading_Baseline_main_click,None,Götter.,22,0,22,60,60,,,,,,,,,,,06,01,yes,no,no,2025-06-25_14h18.15.835,EXNAT_4_TMS_Psychopy2024.2.5.psyexp,2024.2.5,2025-06-25 14h21.58.968910 +0200,
0,0,0,0,0,0,0,,,,,,,,,#2AB7EF,1084.671668767929,None,space,None,None,472.5067615509033,text_08,63,7,Reading_Baseline_main_click,None,Jedoch,22,0,22,60,60,,,,,,,,,,,06,01,yes,no,no,2025-06-25_14h18.15.835,EXNAT_4_TMS_Psychopy2024.2.5.psyexp,2024.2.5,2025-06-25 14h21.58.968910 +0200,
0,0,0,0,0,0,0,,,,,,,,,#88BA3F,1085.182365655899,None,space,None,None,361.85312271118164,text_08,64,7,Reading_Baseline_main_click,None,war,22,0,22,60,60,,,,,,,,,,,06,01,yes,no,no,2025-06-25_14h18.15.835,EXNAT_4_TMS_Psychopy2024.2.5.psyexp,2024.2.5,2025-06-25 14h21.58.968910 +0200,
0,0,0,0,0,0,0,,,,,,,,,#F989A2,1085.5807297229767,None,space,None,None,187.1190071105957,text_08,65,7,Reading_Baseline_main_click,None,sie,22,0,22,60,60,,,,,,,,,,,06,01,yes,no,no,2025-06-25_14h18.15.835,EXNAT_4_TMS_Psychopy2024.2.5.psyexp,2024.2.5,2025-06-25 14h21.58.968910 +0200,
0,0,0,0,0,0,0,,,,,,,,,#D292F3,1085.8090298175812,None,space,None,None,471.1003303527832,text_08,66,7,Reading_Baseline_main_click,None,tatsächlich,22,0,22,60,60,,,,,,,,,,,06,01,yes,no,no,2025-06-25_14h18.15.835,EXNAT_4_TMS_Psychopy2024.2.5.psyexp,2024.2.5,2025-06-25 14h21.58.968910 +0200,
0,0,0,0,0,0,0,,,,,,,,,#88BA3F,1086.3207557201385,None,space,None,None,423.37822914123535,text_08,67,7,Reading_Baseline_main_click,None,eine,23,0,23,60,60,1086.659363746643,,,,,,,,,,06,01,yes,no,no,2025-06-25_14h18.15.835,EXNAT_4_TMS_Psychopy2024.2.5.psyexp,2024.2.5,2025-06-25 14h21.58.968910 +0200,
0,0,0,0,0,0,0,,,,,,,,,#F989A2,1086.7809789180756,None,space,None,None,299.06773567199707,text_08,68,7,Reading_Baseline_main_click,None,echte,23,0,23,60,60,,,,,,,,,,,06,01,yes,no,no,2025-06-25_14h18.15.835,EXNAT_4_TMS_Psychopy2024.2.5.psyexp,2024.2.5,2025-06-25 14h21.58.968910 +0200,
0,0,0,0,0,0,0,,,,,,,,,#2AB7EF,1087.1199297904968,None,space,None,None,376.02877616882324,text_08,69,7,Reading_Baseline_main_click,None,"Stadt,",23,0,23,60,60,,,,,,,,,,,06,01,yes,no,no,2025-06-25_14h18.15.835,EXNAT_4_TMS_Psychopy2024.2.5.psyexp,2024.2.5,2025-06-25 14h21.58.968910 +0200,
0,0,0,0,0,0,0,,,,,,,,,#F989A2,1087.5313246250153,None,space,None,None,413.01894187927246,text_08,70,7,Reading_Baseline_main_click,None,die,23,0,23,60,60,,,,,,,,,,,06,01,yes,no,no,2025-06-25_14h18.15.835,EXNAT_4_TMS_Psychopy2024.2.5.psyexp,2024.2.5,2025-06-25 14h21.58.968910 +0200,
0,0,0,0,0,0,0,,,,,,,,,#D292F3,1087.9840586185455,None,space,None,None,360.08214950561523,text_08,71,7,Reading_Baseline_main_click,None,aber,23,0,23,60,60,,,,,,,,,,,06,01,yes,no,no,2025-06-25_14h18.15.835,EXNAT_4_TMS_Psychopy2024.2.5.psyexp,2024.2.5,2025-06-25 14h21.58.968910 +0200,
0,0,0,0,0,0,0,,,,,,,,,#88BA3F,1088.383466720581,None,space,None,None,344.7904586791992,text_08,72,7,Reading_Baseline_main_click,None,an,23,0,23,60,60,,,,,,,,,,,06,01,yes,no,no,2025-06-25_14h18.15.835,EXNAT_4_TMS_Psychopy2024.2.5.psyexp,2024.2.5,2025-06-25 14h21.58.968910 +0200,
0,0,0,0,0,0,0,,,,,,,,,#2AB7EF,1088.766785144806,None,space,None,None,297.24693298339844,text_08,73,7,Reading_Baseline_main_click,None,einem,23,0,23,60,60,,,,,,,,,,,06,01,yes,no,no,2025-06-25_14h18.15.835,EXNAT_4_TMS_Psychopy2024.2.5.psyexp,2024.2.5,2025-06-25 14h21.58.968910 +0200,
0,0,0,0,0,0,0,,,,,,,,,#D292F3,1089.101892232895,None,space,None,None,346.1735248565674,text_08,74,7,Reading_Baseline_main_click,None,trockenen,23,0,23,60,60,,,,,,,,,,,06,01,yes,no,no,2025-06-25_14h18.15.835,EXNAT_4_TMS_Psychopy2024.2.5.psyexp,2024.2.5,2025-06-25 14h21.58.968910 +0200,
0,0,0,0,0,0,0,,,,,,,,,#2AB7EF,1089.4874579906464,None,space,None,None,408.7083339691162,text_08,75,7,Reading_Baseline_main_click,None,Ort,23,0,23,60,60,,,,,,,,,,,06,01,yes,no,no,2025-06-25_14h18.15.835,EXNAT_4_TMS_Psychopy2024.2.5.psyexp,2024.2.5,2025-06-25 14h21.58.968910 +0200,
0,0,0,0,0,0,0,,,,,,,,,#D292F3,1089.9343178272247,None,space,None,None,313.9054775238037,text_08,76,7,Reading_Baseline_main_click,None,lag.,23,0,23,60,60,,,,,,,,,,,06,01,yes,no,no,2025-06-25_14h18.15.835,EXNAT_4_TMS_Psychopy2024.2.5.psyexp,2024.2.5,2025-06-25 14h21.58.968910 +0200,
0,0,0,0,0,0,0,,,,,,,,,#F989A2,1090.287133216858,None,space,None,None,408.9820384979248,text_08,77,7,Reading_Baseline_main_click,None,Die,23,0,23,60,60,,,,,,,,,,,06,01,yes,no,no,2025-06-25_14h18.15.835,EXNAT_4_TMS_Psychopy2024.2.5.psyexp,2024.2.5,2025-06-25 14h21.58.968910 +0200,
0,0,0,0,0,0,0,,,,,,,,,#88BA3F,1090.7364854812622,None,space,None,None,423.647403717041,text_08,78,7,Reading_Baseline_main_click,None,Nabatäer,23,0,23,60,60,,,,,,,,,,,06,01,yes,no,no,2025-06-25_14h18.15.835,EXNAT_4_TMS_Psychopy2024.2.5.psyexp,2024.2.5,2025-06-25 14h21.58.968910 +0200,
0,0,0,0,0,0,0,,,,,,,,,#F989A2,1091.200207233429,None,space,None,None,503.9064884185791,text_08,79,7,Reading_Baseline_main_click,None,nutzten,24,0,24,60,60,1091.659380197525,,,,,,,,,,06,01,yes,no,no,2025-06-25_14h18.15.835,EXNAT_4_TMS_Psychopy2024.2.5.psyexp,2024.2.5,2025-06-25 14h21.58.968910 +0200,
0,0,0,0,0,0,0,,,,,,,,,#D292F3,1091.7440803050995,None,space,None,None,408.08677673339844,text_08,80,7,Reading_Baseline_main_click,None,seltene,24,0,24,60,60,,,,,,,,,,,06,01,yes,no,no,2025-06-25_14h18.15.835,EXNAT_4_TMS_Psychopy2024.2.5.psyexp,2024.2.5,2025-06-25 14h21.58.968910 +0200,
0,0,0,0,0,0,0,,,,,,,,,#88BA3F,1092.1935975551605,None,space,None,None,374.48906898498535,text_08,81,7,Reading_Baseline_main_click,None,Regenfälle,24,0,24,60,60,,,,,,,,,,,06,01,yes,no,no,2025-06-25_14h18.15.835,EXNAT_4_TMS_Psychopy2024.2.5.psyexp,2024.2.5,2025-06-25 14h21.58.968910 +0200,
0,0,0,0,0,0,0,,,,,,,,,#88BA3F,1092.6070177555084,None,space,None,None,361.1180782318115,text_08,82,7,Reading_Baseline_main_click,None,durch,24,0,24,60,60,,,,,,,,,,,06,01,yes,no,no,2025-06-25_14h18.15.835,EXNAT_4_TMS_Psychopy2024.2.5.psyexp,2024.2.5,2025-06-25 14h21.58.968910 +0200,
0,0,0,0,0,0,0,,,,,,,,,#F989A2,1093.0079345703125,None,space,None,None,488.2950782775879,text_08,83,7,Reading_Baseline_main_click,None,ein,24,0,24,60,60,,,,,,,,,,,06,01,yes,no,no,2025-06-25_14h18.15.835,EXNAT_4_TMS_Psychopy2024.2.5.psyexp,2024.2.5,2025-06-25 14h21.58.968910 +0200,
0,0,0,0,0,0,0,,,,,,,,,#2AB7EF,1093.5357658863068,None,space,None,None,424.5872497558594,text_08,84,7,Reading_Baseline_main_click,None,geniales,24,0,24,60,60,,,,,,,,,,,06,01,yes,no,no,2025-06-25_14h18.15.835,EXNAT_4_TMS_Psychopy2024.2.5.psyexp,2024.2.5,2025-06-25 14h21.58.968910 +0200,
0,0,0,0,0,0,0,,,,,,,,,#D292F3,1094.0003683567047,None,space,None,None,519.9000835418701,text_08,85,7,Reading_Baseline_main_click,None,Bewässerungssystem.,24,0,24,60,60,,,,,,,,,,,06,01,yes,no,no,2025-06-25_14h18.15.835,EXNAT_4_TMS_Psychopy2024.2.5.psyexp,2024.2.5,2025-06-25 14h21.58.968910 +0200,
0,0,0,0,0,0,0,,,,,,,,,#88BA3F,1094.5620999336243,None,space,None,None,758.0041885375977,text_08,86,7,Reading_Baseline_main_click,None,"Wasserbecken,",24,0,24,60,60,,,,,,,,,,,06,01,yes,no,no,2025-06-25_14h18.15.835,EXNAT_4_TMS_Psychopy2024.2.5.psyexp,2024.2.5,2025-06-25 14h21.58.968910 +0200,
0,0,0,0,0,0,0,,,,,,,,,#88BA3F,1095.3598272800446,None,space,None,None,328.5233974456787,text_08,87,7,Reading_Baseline_main_click,None,Kanäle,24,0,24,60,60,,,,,,,,,,,06,01,yes,no,no,2025-06-25_14h18.15.835,EXNAT_4_TMS_Psychopy2024.2.5.psyexp,2024.2.5,2025-06-25 14h21.58.968910 +0200,
0,0,0,0,0,0,0,,,,,,,,,#88BA3F,1095.7279405593872,None,space,None,None,408.14971923828125,text_08,88,7,Reading_Baseline_main_click,None,und,24,0,24,60,60,,,,,,,,,,,06,01,yes,no,no,2025-06-25_14h18.15.835,EXNAT_4_TMS_Psychopy2024.2.5.psyexp,2024.2.5,2025-06-25 14h21.58.968910 +0200,
0,0,0,0,0,0,0,,,,,,,,,#2AB7EF,1096.173546552658,None,space,None,None,458.6937427520752,text_08,89,7,Reading_Baseline_main_click,None,Leitungen,24,0,24,60,60,,,,,,,,,,,06,01,yes,no,no,2025-06-25_14h18.15.835,EXNAT_4_TMS_Psychopy2024.2.5.psyexp,2024.2.5,2025-06-25 14h21.58.968910 +0200,
0,0,0,0,0,0,0,,,,,,,,,#F989A2,1096.6704983711243,None,space,None,None,345.5491065979004,text_08,90,7,Reading_Baseline_main_click,None,verteilten,25,0,25,60,60,1096.722599029541,,,,,,,,,,06,01,yes,no,no,2025-06-25_14h18.15.835,EXNAT_4_TMS_Psychopy2024.2.5.psyexp,2024.2.5,2025-06-25 14h21.58.968910 +0200,
0,0,0,0,0,0,0,,,,,,,,,#D292F3,1097.0567517280579,None,space,None,None,375.4408359527588,text_08,91,7,Reading_Baseline_main_click,None,das,25,0,25,60,60,,,,,,,,,,,06,01,yes,no,no,2025-06-25_14h18.15.835,EXNAT_4_TMS_Psychopy2024.2.5.psyexp,2024.2.5,2025-06-25 14h21.58.968910 +0200,
0,0,0,0,0,0,0,,,,,,,,,#D292F3,1097.4720039367676,None,space,None,None,328.16195487976074,text_08,92,7,Reading_Baseline_main_click,None,Wasser,25,0,25,60,60,,,,,,,,,,,06,01,yes,no,no,2025-06-25_14h18.15.835,EXNAT_4_TMS_Psychopy2024.2.5.psyexp,2024.2.5,2025-06-25 14h21.58.968910 +0200,
0,0,0,0,0,0,0,,,,,,,,,#F989A2,1097.8380513191223,None,space,None,None,378.01098823547363,text_08,93,7,Reading_Baseline_main_click,None,in,25,0,25,60,60,,,,,,,,,,,06,01,yes,no,no,2025-06-25_14h18.15.835,EXNAT_4_TMS_Psychopy2024.2.5.psyexp,2024.2.5,2025-06-25 14h21.58.968910 +0200,
0,0,0,0,0,0,0,,,,,,,,,#2AB7EF,1098.255753993988,None,space,None,None,408.30206871032715,text_08,94,7,Reading_Baseline_main_click,None,der,25,0,25,60,60,,,,,,,,,,,06,01,yes,no,no,2025-06-25_14h18.15.835,EXNAT_4_TMS_Psychopy2024.2.5.psyexp,2024.2.5,2025-06-25 14h21.58.968910 +0200,
0,0,0,0,0,0,0,,,,,,,,,#F989A2,1098.70139169693,None,space,None,None,378.5858154296875,text_08,95,7,Reading_Baseline_main_click,None,Stadt.,25,0,25,60,60,,,,,,,,,,,06,01,yes,no,no,2025-06-25_14h18.15.835,EXNAT_4_TMS_Psychopy2024.2.5.psyexp,2024.2.5,2025-06-25 14h21.58.968910 +0200,
0,0,0,0,0,0,0,,,,,,,,,#2AB7EF,1099.1166429519653,None,space,None,None,395.5247402191162,text_08,96,7,Reading_Baseline_main_click,None,Diese,25,0,25,60,60,,,,,,,,,,,06,01,yes,no,no,2025-06-25_14h18.15.835,EXNAT_4_TMS_Psychopy2024.2.5.psyexp,2024.2.5,2025-06-25 14h21.58.968910 +0200,
0,0,0,0,0,0,0,,,,,,,,,#2AB7EF,1099.5512187480927,None,space,None,None,504.8811435699463,text_08,97,7,Reading_Baseline_main_click,None,Anlagen,25,0,25,60,60,,,,,,,,,,,06,01,yes,no,no,2025-06-25_14h18.15.835,EXNAT_4_TMS_Psychopy2024.2.5.psyexp,2024.2.5,2025-06-25 14h21.58.968910 +0200,
0,0,0,0,0,0,0,,,,,,,,,#2AB7EF,1100.0941715240479,None,space,None,None,362.0429039001465,text_08,98,7,Reading_Baseline_main_click,None,schützten,25,0,25,60,60,,,,,,,,,,,06,01,yes,no,no,2025-06-25_14h18.15.835,EXNAT_4_TMS_Psychopy2024.2.5.psyexp,2024.2.5,2025-06-25 14h21.58.968910 +0200,
0,0,0,0,0,0,0,,,,,,,,,#D292F3,1100.4953970909119,None,space,None,None,392.6212787628174,text_08,99,7,Reading_Baseline_main_click,None,auch,25,0,25,60,60,,,,,,,,,,,06,01,yes,no,no,2025-06-25_14h18.15.835,EXNAT_4_TMS_Psychopy2024.2.5.psyexp,2024.2.5,2025-06-25 14h21.58.968910 +0200,
0,0,0,0,0,0,0,,,,,,,,,#88BA3F,1100.9286262989044,None,space,None,None,359.50398445129395,text_08,100,7,Reading_Baseline_main_click,None,die,25,0,25,60,60,,,,,,,,,,,06,01,yes,no,no,2025-06-25_14h18.15.835,EXNAT_4_TMS_Psychopy2024.2.5.psyexp,2024.2.5,2025-06-25 14h21.58.968910 +0200,
0,0,0,0,0,0,0,,,,,,,,,#88BA3F,1101.3292126655579,None,space,None,None,358.84809494018555,text_08,101,7,Reading_Baseline_main_click,None,empfindlichen,25,0,25,60,60,,,,,,,,,,,06,01,yes,no,no,2025-06-25_14h18.15.835,EXNAT_4_TMS_Psychopy2024.2.5.psyexp,2024.2.5,2025-06-25 14h21.58.968910 +0200,
0,0,0,0,0,0,0,,,,,,,,,#D292F3,1101.7270338535309,None,space,None,None,489.12930488586426,text_08,102,7,Reading_Baseline_main_click,None,Sandsteinfassaden.,26,0,26,60,60,1101.7781763076782,,,,,,,,,,06,01,yes,no,no,2025-06-25_14h18.15.835,EXNAT_4_TMS_Psychopy2024.2.5.psyexp,2024.2.5,2025-06-25 14h21.58.968910 +0200,
0,0,0,0,0,0,0,,,,,,,,,#88BA3F,1102.257220506668,None,space,None,None,822.9799270629883,text_08,103,7,Reading_Baseline_main_click,None,Heute,26,0,26,60,60,,,,,,,,,,,06,01,yes,no,no,2025-06-25_14h18.15.835,EXNAT_4_TMS_Psychopy2024.2.5.psyexp,2024.2.5,2025-06-25 14h21.58.968910 +0200,
0,0,0,0,0,0,0,,,,,,,,,#F989A2,1103.1219954490662,None,space,None,None,566.1523342132568,text_08,104,7,Reading_Baseline_main_click,None,funktioniert,26,0,26,60,60,,,,,,,,,,,06,01,yes,no,no,2025-06-25_14h18.15.835,EXNAT_4_TMS_Psychopy2024.2.5.psyexp,2024.2.5,2025-06-25 14h21.58.968910 +0200,
0,0,0,0,0,0,0,,,,,,,,,#F989A2,1103.7270998954773,None,space,None,None,664.9792194366455,text_08,105,7,Reading_Baseline_main_click,None,das,26,0,26,60,60,,,,,,,,,,,06,01,yes,no,no,2025-06-25_14h18.15.835,EXNAT_4_TMS_Psychopy2024.2.5.psyexp,2024.2.5,2025-06-25 14h21.58.968910 +0200,
0,0,0,0,0,0,0,,,,,,,,,#D292F3,1104.4332308769226,None,space,None,None,390.75541496276855,text_08,106,7,Reading_Baseline_main_click,None,System,26,0,26,60,60,,,,,,,,,,,06,01,yes,no,no,2025-06-25_14h18.15.835,EXNAT_4_TMS_Psychopy2024.2.5.psyexp,2024.2.5,2025-06-25 14h21.58.968910 +0200,
0,0,0,0,0,0,0,,,,,,,,,#F989A2,1104.8632616996765,None,space,None,None,264.72949981689453,text_08,107,7,Reading_Baseline_main_click,None,nicht,26,0,26,60,60,,,,,,,,,,,06,01,yes,no,no,2025-06-25_14h18.15.835,EXNAT_4_TMS_Psychopy2024.2.5.psyexp,2024.2.5,2025-06-25 14h21.58.968910 +0200,
0,0,0,0,0,0,0,,,,,,,,,#2AB7EF,1105.168374300003,None,space,None,None,151.63564682006836,text_08,108,7,Reading_Baseline_main_click,None,mehr,26,0,26,60,60,,,,,,,,,,,06,01,yes,no,no,2025-06-25_14h18.15.835,EXNAT_4_TMS_Psychopy2024.2.5.psyexp,2024.2.5,2025-06-25 14h21.58.968910 +0200,
0,0,0,0,0,0,0,,,,,,,,,#D292F3,1105.3580031394958,None,space,None,None,329.9894332885742,text_08,109,7,Reading_Baseline_main_click,None,und,26,0,26,60,60,,,,,,,,,,,06,01,yes,no,no,2025-06-25_14h18.15.835,EXNAT_4_TMS_Psychopy2024.2.5.psyexp,2024.2.5,2025-06-25 14h21.58.968910 +0200,
0,0,0,0,0,0,0,,,,,,,,,#88BA3F,1105.7280559539795,None,space,None,None,295.97926139831543,text_08,110,7,Reading_Baseline_main_click,None,der,26,0,26,60,60,,,,,,,,,,,06,01,yes,no,no,2025-06-25_14h18.15.835,EXNAT_4_TMS_Psychopy2024.2.5.psyexp,2024.2.5,2025-06-25 14h21.58.968910 +0200,
0,0,0,0,0,0,0,,,,,,,,,#88BA3F,1106.0642654895782,None,space,None,None,407.89103507995605,text_08,111,7,Reading_Baseline_main_click,None,Regen,26,0,26,60,60,,,,,,,,,,,06,01,yes,no,no,2025-06-25_14h18.15.835,EXNAT_4_TMS_Psychopy2024.2.5.psyexp,2024.2.5,2025-06-25 14h21.58.968910 +0200,
0,0,0,0,0,0,0,,,,,,,,,#D292F3,1106.5116498470306,None,space,None,None,328.33003997802734,text_08,112,7,Reading_Baseline_main_click,None,schadet,27,0,27,60,60,1106.778074979782,,,,,,,,,,06,01,yes,no,no,2025-06-25_14h18.15.835,EXNAT_4_TMS_Psychopy2024.2.5.psyexp,2024.2.5,2025-06-25 14h21.58.968910 +0200,
0,0,0,0,0,0,0,,,,,,,,,#2AB7EF,1106.8773396015167,None,space,None,None,282.7427387237549,text_08,113,7,Reading_Baseline_main_click,None,den,27,0,27,60,60,,,,,,,,,,,06,01,yes,no,no,2025-06-25_14h18.15.835,EXNAT_4_TMS_Psychopy2024.2.5.psyexp,2024.2.5,2025-06-25 14h21.58.968910 +0200,
0,0,0,0,0,0,0,,,,,,,,,#F989A2,1107.1989119052887,None,space,None,None,569.1714286804199,text_08,114,7,Reading_Baseline_main_click,None,Bauwerken.,27,0,27,60,60,,,,,,,,,,,06,01,yes,no,no,2025-06-25_14h18.15.835,EXNAT_4_TMS_Psychopy2024.2.5.psyexp,2024.2.5,2025-06-25 14h21.58.968910 +0200,
0,0,0,0,0,0,0,,,,,,,,,#D292F3,1107.8066792488098,None,space,None,None,857.4776649475098,text_08,115,7,Reading_Baseline_main_click,None,Rettungsversuche,27,0,27,60,60,,,,,,,,,,,06,01,yes,no,no,2025-06-25_14h18.15.835,EXNAT_4_TMS_Psychopy2024.2.5.psyexp,2024.2.5,2025-06-25 14h21.58.968910 +0200,
0,0,0,0,0,0,0,,,,,,,,,#2AB7EF,1108.7043840885162,None,space,None,None,535.8116626739502,text_08,116,7,Reading_Baseline_main_click,None,blieben,27,0,27,60,60,,,,,,,,,,,06,01,yes,no,no,2025-06-25_14h18.15.835,EXNAT_4_TMS_Psychopy2024.2.5.psyexp,2024.2.5,2025-06-25 14h21.58.968910 +0200,
0,0,0,0,0,0,0,,,,,,,,,#F989A2,1109.2821757793427,None,space,None,None,821.8145370483398,text_08,117,7,Reading_Baseline_main_click,None,erfolglos.,27,0,27,60,60,,,,,,,,,,,06,01,yes,no,no,2025-06-25_14h18.15.835,EXNAT_4_TMS_Psychopy2024.2.5.psyexp,2024.2.5,2025-06-25 14h21.58.968910 +0200,
0,0,0,0,0,0,0,,,,,,,,,#F989A2,1110.1440410614014,None,space,None,None,760.0820064544678,text_08,118,7,Reading_Baseline_main_click,None,Deshalb,27,0,27,60,60,,,,,,,,,,,06,01,yes,no,no,2025-06-25_14h18.15.835,EXNAT_4_TMS_Psychopy2024.2.5.psyexp,2024.2.5,2025-06-25 14h21.58.968910 +0200,
0,0,0,0,0,0,0,,,,,,,,,#2AB7EF,1110.9431343078613,None,space,None,None,440.8423900604248,text_08,119,7,Reading_Baseline_main_click,None,wird,27,0,27,60,60,,,,,,,,,,,06,01,yes,no,no,2025-06-25_14h18.15.835,EXNAT_4_TMS_Psychopy2024.2.5.psyexp,2024.2.5,2025-06-25 14h21.58.968910 +0200,
0,0,0,0,0,0,0,,,,,,,,,#88BA3F,1111.4203824996948,None,space,None,None,571.7465877532959,text_08,120,7,Reading_Baseline_main_click,None,die,28,0,28,60,60,1111.7780935764313,,,,,,,,,,06,01,yes,no,no,2025-06-25_14h18.15.835,EXNAT_4_TMS_Psychopy2024.2.5.psyexp,2024.2.5,2025-06-25 14h21.58.968910 +0200,
0,0,0,0,0,0,0,,,,,,,,,#D292F3,1112.0318822860718,None,space,None,None,568.2978630065918,text_08,121,7,Reading_Baseline_main_click,None,Felsenstadt,28,0,28,60,60,,,,,,,,,,,06,01,yes,no,no,2025-06-25_14h18.15.835,EXNAT_4_TMS_Psychopy2024.2.5.psyexp,2024.2.5,2025-06-25 14h21.58.968910 +0200,
0,0,0,0,0,0,0,,,,,,,,,#88BA3F,1112.6400783061981,None,space,None,None,359.9238395690918,text_08,122,7,Reading_Baseline_main_click,None,eines,28,0,28,60,60,,,,,,,,,,,06,01,yes,no,no,2025-06-25_14h18.15.835,EXNAT_4_TMS_Psychopy2024.2.5.psyexp,2024.2.5,2025-06-25 14h21.58.968910 +0200,
0,0,0,0,0,0,0,,,,,,,,,#2AB7EF,1113.0381190776825,None,space,None,None,377.9933452606201,text_08,123,7,Reading_Baseline_main_click,None,Tages,28,0,28,60,60,,,,,,,,,,,06,01,yes,no,no,2025-06-25_14h18.15.835,EXNAT_4_TMS_Psychopy2024.2.5.psyexp,2024.2.5,2025-06-25 14h21.58.968910 +0200,
0,0,0,0,0,0,0,,,,,,,,,#D292F3,1113.4543271064758,None,space,None,None,345.71194648742676,text_08,124,7,Reading_Baseline_main_click,None,wohl,28,0,28,60,60,,,,,,,,,,,06,01,yes,no,no,2025-06-25_14h18.15.835,EXNAT_4_TMS_Psychopy2024.2.5.psyexp,2024.2.5,2025-06-25 14h21.58.968910 +0200,
0,0,0,0,0,0,0,,,,,,,,,#F989A2,1113.8394825458527,None,space,None,None,312.6094341278076,text_08,125,7,Reading_Baseline_main_click,None,wieder,28,0,28,60,60,,,,,,,,,,,06,01,yes,no,no,2025-06-25_14h18.15.835,EXNAT_4_TMS_Psychopy2024.2.5.psyexp,2024.2.5,2025-06-25 14h21.58.968910 +0200,
0,0,0,0,0,0,0,,,,,,,,,#88BA3F,1114.191381931305,None,space,None,None,296.80371284484863,text_08,126,7,Reading_Baseline_main_click,None,zu,28,0,28,60,60,,,,,,,,,,,06,01,yes,no,no,2025-06-25_14h18.15.835,EXNAT_4_TMS_Psychopy2024.2.5.psyexp,2024.2.5,2025-06-25 14h21.58.968910 +0200,
0,0,0,0,0,0,0,,,,,,,,,#88BA3F,1114.5271816253662,None,space,None,None,360.93854904174805,text_08,127,7,Reading_Baseline_main_click,None,Sand,28,0,28,60,60,,,,,,,,,,,06,01,yes,no,no,2025-06-25_14h18.15.835,EXNAT_4_TMS_Psychopy2024.2.5.psyexp,2024.2.5,2025-06-25 14h21.58.968910 +0200,
0,0,0,0,0,0,0,,,,,,,,,#2AB7EF,1114.9300467967987,None,space,None,None,310.0306987762451,text_08,128,7,Reading_Baseline_main_click,None,zerfallen.,28,0,28,60,60,,,,,,,,,,,06,01,yes,no,no,2025-06-25_14h18.15.835,EXNAT_4_TMS_Psychopy2024.2.5.psyexp,2024.2.5,2025-06-25 14h21.58.968910 +0200,
0,0,0,0,0,0,0,,,,,,,,,#F989A2,1115.2804176807404,None,space,None,None,407.74059295654297,text_08,129,7,Reading_Baseline_main_click,None,Von,28,0,28,60,60,,,,,,,,,,,06,01,yes,no,no,2025-06-25_14h18.15.835,EXNAT_4_TMS_Psychopy2024.2.5.psyexp,2024.2.5,2025-06-25 14h21.58.968910 +0200,
0,0,0,0,0,0,0,,,,,,,,,#2AB7EF,1115.7252666950226,None,space,None,None,362.7903461456299,text_08,130,7,Reading_Baseline_main_click,None,der,28,0,28,60,60,,,,,,,,,,,06,01,yes,no,no,2025-06-25_14h18.15.835,EXNAT_4_TMS_Psychopy2024.2.5.psyexp,2024.2.5,2025-06-25 14h21.58.968910 +0200,
0,0,0,0,0,0,0,,,,,,,,,#F989A2,1116.127576828003,None,space,None,None,280.44748306274414,text_08,131,7,Reading_Baseline_main_click,None,einstigen,28,0,28,60,60,,,,,,,,,,,06,01,yes,no,no,2025-06-25_14h18.15.835,EXNAT_4_TMS_Psychopy2024.2.5.psyexp,2024.2.5,2025-06-25 14h21.58.968910 +0200,
0,0,0,0,0,0,0,,,,,,,,,#D292F3,1116.4493298530579,None,space,None,None,246.6902732849121,text_08,132,7,Reading_Baseline_main_click,None,Metropole,28,0,28,60,60,,,,,,,,,,,06,01,yes,no,no,2025-06-25_14h18.15.835,EXNAT_4_TMS_Psychopy2024.2.5.psyexp,2024.2.5,2025-06-25 14h21.58.968910 +0200,
0,0,0,0,0,0,0,,,,,,,,,#2AB7EF,1116.7353911399841,None,space,None,None,232.57684707641602,text_08,133,7,Reading_Baseline_main_click,None,bleiben,29,0,29,60,60,1116.7912456989288,,,,,,,,,,06,01,yes,no,no,2025-06-25_14h18.15.835,EXNAT_4_TMS_Psychopy2024.2.5.psyexp,2024.2.5,2025-06-25 14h21.58.968910 +0200,
0,0,0,0,0,0,0,,,,,,,,,#F989A2,1117.0081551074982,None,space,None,None,279.90221977233887,text_08,134,7,Reading_Baseline_main_click,None,nur,29,0,29,60,60,,,,,,,,,,,06,01,yes,no,no,2025-06-25_14h18.15.835,EXNAT_4_TMS_Psychopy2024.2.5.psyexp,2024.2.5,2025-06-25 14h21.58.968910 +0200,
0,0,0,0,0,0,0,,,,,,,,,#F989A2,1117.3284254074097,None,space,None,None,391.7078971862793,text_08,135,7,Reading_Baseline_main_click,None,Ruinen,29,0,29,60,60,,,,,,,,,,,06,01,yes,no,no,2025-06-25_14h18.15.835,EXNAT_4_TMS_Psychopy2024.2.5.psyexp,2024.2.5,2025-06-25 14h21.58.968910 +0200,
0,0,0,0,0,0,0,,,,,,,,,#88BA3F,1117.7611513137817,None,space,None,None,342.8606986999512,text_08,136,7,Reading_Baseline_main_click,None,und,29,0,29,60,60,,,,,,,,,,,06,01,yes,no,no,2025-06-25_14h18.15.835,EXNAT_4_TMS_Psychopy2024.2.5.psyexp,2024.2.5,2025-06-25 14h21.58.968910 +0200,
0,0,0,0,0,0,0,,,,,,,,,#D292F3,1118.1414942741394,None,space,None,None,314.5022392272949,text_08,137,7,Reading_Baseline_main_click,None,die,29,0,29,60,60,,,,,,,,,,,06,01,yes,no,no,2025-06-25_14h18.15.835,EXNAT_4_TMS_Psychopy2024.2.5.psyexp,2024.2.5,2025-06-25 14h21.58.968910 +0200,
0,0,0,0,0,0,0,,,,,,,,,#2AB7EF,1118.4952714443207,None,space,None,None,456.8631649017334,text_08,138,7,Reading_Baseline_main_click,None,Erinnerung,29,0,29,60,60,,,,,,,,,,,06,01,yes,no,no,2025-06-25_14h18.15.835,EXNAT_4_TMS_Psychopy2024.2.5.psyexp,2024.2.5,2025-06-25 14h21.58.968910 +0200,
0,0,0,0,0,0,0,,,,,,,,,#88BA3F,1118.99391913414,None,space,None,None,310.22119522094727,text_08,139,7,Reading_Baseline_main_click,None,an,29,0,29,60,60,,,,,,,,,,,06,01,yes,no,no,2025-06-25_14h18.15.835,EXNAT_4_TMS_Psychopy2024.2.5.psyexp,2024.2.5,2025-06-25 14h21.58.968910 +0200,
0,0,0,0,0,0,0,,,,,,,,,#D292F3,1119.3432450294495,None,space,None,None,328.8848400115967,text_08,140,7,Reading_Baseline_main_click,None,eine,29,0,29,60,60,,,,,,,,,,,06,01,yes,no,no,2025-06-25_14h18.15.835,EXNAT_4_TMS_Psychopy2024.2.5.psyexp,2024.2.5,2025-06-25 14h21.58.968910 +0200,
0,0,0,0,0,0,0,,,,,,,,,#D292F3,1119.7117445468903,None,space,None,None,280.32708168029785,text_08,141,7,Reading_Baseline_main_click,None,"Kultur,",29,0,29,60,60,,,,,,,,,,,06,01,yes,no,no,2025-06-25_14h18.15.835,EXNAT_4_TMS_Psychopy2024.2.5.psyexp,2024.2.5,2025-06-25 14h21.58.968910 +0200,
0,0,0,0,0,0,0,,,,,,,,,#2AB7EF,1120.0324892997742,None,space,None,None,311.58971786499023,text_08,142,7,Reading_Baseline_main_click,None,die,29,0,29,60,60,,,,,,,,,,,06,01,yes,no,no,2025-06-25_14h18.15.835,EXNAT_4_TMS_Psychopy2024.2.5.psyexp,2024.2.5,2025-06-25 14h21.58.968910 +0200,
0,0,0,0,0,0,0,,,,,,,,,#F989A2,1120.3825874328613,None,space,None,None,409.5742702484131,text_08,143,7,Reading_Baseline_main_click,None,mitten,29,0,29,60,60,,,,,,,,,,,06,01,yes,no,no,2025-06-25_14h18.15.835,EXNAT_4_TMS_Psychopy2024.2.5.psyexp,2024.2.5,2025-06-25 14h21.58.968910 +0200,
0,0,0,0,0,0,0,,,,,,,,,#D292F3,1120.830798625946,None,space,None,None,361.4535331726074,text_08,144,7,Reading_Baseline_main_click,None,in,29,0,29,60,60,,,,,,,,,,,06,01,yes,no,no,2025-06-25_14h18.15.835,EXNAT_4_TMS_Psychopy2024.2.5.psyexp,2024.2.5,2025-06-25 14h21.58.968910 +0200,
0,0,0,0,0,0,0,,,,,,,,,#88BA3F,1121.2308757305145,None,space,None,None,345.1359272003174,text_08,145,7,Reading_Baseline_main_click,None,der,29,0,29,60,60,,,,,,,,,,,06,01,yes,no,no,2025-06-25_14h18.15.835,EXNAT_4_TMS_Psychopy2024.2.5.psyexp,2024.2.5,2025-06-25 14h21.58.968910 +0200,
0,0,0,0,0,0,0,,,,,,,,,#F989A2,1121.6166548728943,None,space,None,None,343.31536293029785,text_08,146,7,Reading_Baseline_main_click,None,Wüste,30,0,30,60,60,1121.7911350727081,,,,,,,,,,06,01,yes,no,no,2025-06-25_14h18.15.835,EXNAT_4_TMS_Psychopy2024.2.5.psyexp,2024.2.5,2025-06-25 14h21.58.968910 +0200,
0,0,0,0,0,0,0,,,,,,,,,#D292F3,1122.0004618167877,None,space,None,None,327.7556896209717,text_08,147,7,Reading_Baseline_main_click,None,eine,30,0,30,60,60,,,,,,,,,,,06,01,yes,no,no,2025-06-25_14h18.15.835,EXNAT_4_TMS_Psychopy2024.2.5.psyexp,2024.2.5,2025-06-25 14h21.58.968910 +0200,
0,0,0,0,0,0,0,,,,,,,,,#2AB7EF,1122.367927312851,None,space,None,None,312.2749328613281,text_08,148,7,Reading_Baseline_main_click,None,blühende,30,0,30,60,60,,,,,,,,,,,06,01,yes,no,no,2025-06-25_14h18.15.835,EXNAT_4_TMS_Psychopy2024.2.5.psyexp,2024.2.5,2025-06-25 14h21.58.968910 +0200,
0,0,0,0,0,0,0,,,,,,,,,#2AB7EF,1122.7199592590332,None,space,None,None,248.03996086120605,text_08,149,7,Reading_Baseline_main_click,None,Stadt,30,0,30,60,60,,,,,,,,,,,06,01,yes,no,no,2025-06-25_14h18.15.835,EXNAT_4_TMS_Psychopy2024.2.5.psyexp,2024.2.5,2025-06-25 14h21.58.968910 +0200,
0,0,0,0,0,0,0,,,,,,,,,#D292F3,1123.0093476772308,None,space,None,None,342.86975860595703,text_08,150,7,Reading_Baseline_main_click,None,erschuf.,30,0,30,60,60,,,,,,,,,,,06,01,yes,no,no,2025-06-25_14h18.15.835,EXNAT_4_TMS_Psychopy2024.2.5.psyexp,2024.2.5,2025-06-25 14h21.58.968910 +0200,
0,0,0,0,0,0,0,,,,,,,,,,1123.3996357917786,,1,,,,text_08,,7,Reading_Baseline_main_click,,,,,,,,,Q1,a,False,,,,,,,06,01,yes,no,no,2025-06-25_14h18.15.835,EXNAT_4_TMS_Psychopy2024.2.5.psyexp,2024.2.5,2025-06-25 14h21.58.968910 +0200,
0,0,0,0,0,0,0,,,,,,,,,,1126.093031167984,,1,,,,text_08,,7,Reading_Baseline_main_click,,,,,,,,,Q2,a,True,,,,,,,06,01,yes,no,no,2025-06-25_14h18.15.835,EXNAT_4_TMS_Psychopy2024.2.5.psyexp,2024.2.5,2025-06-25 14h21.58.968910 +0200,
0,0,0,0,0,0,0,,,,,,,,,,1128.164691209793,,4,,,,text_08,,7,Reading_Baseline_main_click,,,,,,,,,Q3,d,True,,,,,,,06,01,yes,no,no,2025-06-25_14h18.15.835,EXNAT_4_TMS_Psychopy2024.2.5.psyexp,2024.2.5,2025-06-25 14h21.58.968910 +0200,
0,0,0,0,0,0,0,,,,,,,,,#2AB7EF,1137.9849650859833,None,space,None,None,487.271785736084,text_03,1,8,Reading_Baseline_main_click,None,Johanna,30,0,30,60,60,,,,,,,,,,,06,01,yes,no,no,2025-06-25_14h18.15.835,EXNAT_4_TMS_Psychopy2024.2.5.psyexp,2024.2.5,2025-06-25 14h21.58.968910 +0200,
0,0,0,0,0,0,0,,,,,,,,,#88BA3F,1138.506548166275,None,space,None,None,397.66430854797363,text_03,2,8,Reading_Baseline_main_click,None,Fantova,31,0,31,60,60,1138.5675818920135,,,,,,,,,,06,01,yes,no,no,2025-06-25_14h18.15.835,EXNAT_4_TMS_Psychopy2024.2.5.psyexp,2024.2.5,2025-06-25 14h21.58.968910 +0200,
0,0,0,0,0,0,0,,,,,,,,,#D292F3,1138.9385678768158,None,space,None,None,749.474287033081,text_03,3,8,Reading_Baseline_main_click,None,war,31,0,31,60,60,,,,,,,,,,,06,01,yes,no,no,2025-06-25_14h18.15.835,EXNAT_4_TMS_Psychopy2024.2.5.psyexp,2024.2.5,2025-06-25 14h21.58.968910 +0200,
0,0,0,0,0,0,0,,,,,,,,,#2AB7EF,1139.7254550457,None,space,None,None,410.74347496032715,text_03,4,8,Reading_Baseline_main_click,None,die,31,0,31,60,60,,,,,,,,,,,06,01,yes,no,no,2025-06-25_14h18.15.835,EXNAT_4_TMS_Psychopy2024.2.5.psyexp,2024.2.5,2025-06-25 14h21.58.968910 +0200,
0,0,0,0,0,0,0,,,,,,,,,#D292F3,1140.1769304275513,None,space,None,None,359.35163497924805,text_03,5,8,Reading_Baseline_main_click,None,letzte,31,0,31,60,60,,,,,,,,,,,06,01,yes,no,no,2025-06-25_14h18.15.835,EXNAT_4_TMS_Psychopy2024.2.5.psyexp,2024.2.5,2025-06-25 14h21.58.968910 +0200,
0,0,0,0,0,0,0,,,,,,,,,#D292F3,1140.5763635635376,None,space,None,None,311.6748332977295,text_03,6,8,Reading_Baseline_main_click,None,enge,31,0,31,60,60,,,,,,,,,,,06,01,yes,no,no,2025-06-25_14h18.15.835,EXNAT_4_TMS_Psychopy2024.2.5.psyexp,2024.2.5,2025-06-25 14h21.58.968910 +0200,
0,0,0,0,0,0,0,,,,,,,,,#88BA3F,1140.9292159080505,None,space,None,None,391.0853862762451,text_03,7,8,Reading_Baseline_main_click,None,Freundin,31,0,31,60,60,,,,,,,,,,,06,01,yes,no,no,2025-06-25_14h18.15.835,EXNAT_4_TMS_Psychopy2024.2.5.psyexp,2024.2.5,2025-06-25 14h21.58.968910 +0200,
0,0,0,0,0,0,0,,,,,,,,,#2AB7EF,1141.3590815067291,None,space,None,None,313.0624294281006,text_03,8,8,Reading_Baseline_main_click,None,von,31,0,31,60,60,,,,,,,,,,,06,01,yes,no,no,2025-06-25_14h18.15.835,EXNAT_4_TMS_Psychopy2024.2.5.psyexp,2024.2.5,2025-06-25 14h21.58.968910 +0200,
0,0,0,0,0,0,0,,,,,,,,,#F989A2,1141.711882352829,None,space,None,None,408.0841541290283,text_03,9,8,Reading_Baseline_main_click,None,Albert,31,0,31,60,60,,,,,,,,,,,06,01,yes,no,no,2025-06-25_14h18.15.835,EXNAT_4_TMS_Psychopy2024.2.5.psyexp,2024.2.5,2025-06-25 14h21.58.968910 +0200,
0,0,0,0,0,0,0,,,,,,,,,#88BA3F,1142.1607520580292,None,space,None,None,391.4203643798828,text_03,10,8,Reading_Baseline_main_click,None,Einstein.,31,0,31,60,60,,,,,,,,,,,06,01,yes,no,no,2025-06-25_14h18.15.835,EXNAT_4_TMS_Psychopy2024.2.5.psyexp,2024.2.5,2025-06-25 14h21.58.968910 +0200,
0,0,0,0,0,0,0,,,,,,,,,#F989A2,1142.5933258533478,None,space,None,None,486.89866065979004,text_03,11,8,Reading_Baseline_main_click,None,Sie,31,0,31,60,60,,,,,,,,,,,06,01,yes,no,no,2025-06-25_14h18.15.835,EXNAT_4_TMS_Psychopy2024.2.5.psyexp,2024.2.5,2025-06-25 14h21.58.968910 +0200,
0,0,0,0,0,0,0,,,,,,,,,#F989A2,1143.1210632324219,None,space,None,None,439.06354904174805,text_03,12,8,Reading_Baseline_main_click,None,telefonierten,31,0,31,60,60,,,,,,,,,,,06,01,yes,no,no,2025-06-25_14h18.15.835,EXNAT_4_TMS_Psychopy2024.2.5.psyexp,2024.2.5,2025-06-25 14h21.58.968910 +0200,
0,0,0,0,0,0,0,,,,,,,,,#D292F3,1143.6006276607513,None,space,None,None,343.37735176086426,text_03,13,8,Reading_Baseline_main_click,None,"oft,",32,0,32,60,60,1143.656598329544,,,,,,,,,,06,01,yes,no,no,2025-06-25_14h18.15.835,EXNAT_4_TMS_Psychopy2024.2.5.psyexp,2024.2.5,2025-06-25 14h21.58.968910 +0200,
0,0,0,0,0,0,0,,,,,,,,,#2AB7EF,1143.9814372062683,None,space,None,None,410.8867645263672,text_03,14,8,Reading_Baseline_main_click,None,trafen,32,0,32,60,60,,,,,,,,,,,06,01,yes,no,no,2025-06-25_14h18.15.835,EXNAT_4_TMS_Psychopy2024.2.5.psyexp,2024.2.5,2025-06-25 14h21.58.968910 +0200,
0,0,0,0,0,0,0,,,,,,,,,#88BA3F,1144.433245420456,None,space,None,None,342.8642749786377,text_03,15,8,Reading_Baseline_main_click,None,sich,32,0,32,60,60,,,,,,,,,,,06,01,yes,no,no,2025-06-25_14h18.15.835,EXNAT_4_TMS_Psychopy2024.2.5.psyexp,2024.2.5,2025-06-25 14h21.58.968910 +0200,
0,0,0,0,0,0,0,,,,,,,,,#2AB7EF,1144.8171327114105,None,space,None,None,374.97901916503906,text_03,16,8,Reading_Baseline_main_click,None,regelmäßig,32,0,32,60,60,,,,,,,,,,,06,01,yes,no,no,2025-06-25_14h18.15.835,EXNAT_4_TMS_Psychopy2024.2.5.psyexp,2024.2.5,2025-06-25 14h21.58.968910 +0200,
0,0,0,0,0,0,0,,,,,,,,,#2AB7EF,1145.2318937778473,None,space,None,None,376.09410285949707,text_03,17,8,Reading_Baseline_main_click,None,und,32,0,32,60,60,,,,,,,,,,,06,01,yes,no,no,2025-06-25_14h18.15.835,EXNAT_4_TMS_Psychopy2024.2.5.psyexp,2024.2.5,2025-06-25 14h21.58.968910 +0200,
0,0,0,0,0,0,0,,,,,,,,,#F989A2,1145.6467831134796,None,space,None,None,393.3746814727783,text_03,18,8,Reading_Baseline_main_click,None,gingen,32,0,32,60,60,,,,,,,,,,,06,01,yes,no,no,2025-06-25_14h18.15.835,EXNAT_4_TMS_Psychopy2024.2.5.psyexp,2024.2.5,2025-06-25 14h21.58.968910 +0200,
0,0,0,0,0,0,0,,,,,,,,,#D292F3,1146.0816159248352,None,space,None,None,438.57717514038086,text_03,19,8,Reading_Baseline_main_click,None,gemeinsam,32,0,32,60,60,,,,,,,,,,,06,01,yes,no,no,2025-06-25_14h18.15.835,EXNAT_4_TMS_Psychopy2024.2.5.psyexp,2024.2.5,2025-06-25 14h21.58.968910 +0200,
0,0,0,0,0,0,0,,,,,,,,,#D292F3,1146.5586762428284,None,space,None,None,393.5203552246094,text_03,20,8,Reading_Baseline_main_click,None,segeln.,32,0,32,60,60,,,,,,,,,,,06,01,yes,no,no,2025-06-25_14h18.15.835,EXNAT_4_TMS_Psychopy2024.2.5.psyexp,2024.2.5,2025-06-25 14h21.58.968910 +0200,
0,0,0,0,0,0,0,,,,,,,,,#F989A2,1146.993460893631,None,space,None,None,550.6343841552734,text_03,21,8,Reading_Baseline_main_click,None,Heimlich,32,0,32,60,60,,,,,,,,,,,06,01,yes,no,no,2025-06-25_14h18.15.835,EXNAT_4_TMS_Psychopy2024.2.5.psyexp,2024.2.5,2025-06-25 14h21.58.968910 +0200,
0,0,0,0,0,0,0,,,,,,,,,#88BA3F,1147.5846393108368,None,space,None,None,471.53687477111816,text_03,22,8,Reading_Baseline_main_click,None,schrieb,32,0,32,60,60,,,,,,,,,,,06,01,yes,no,no,2025-06-25_14h18.15.835,EXNAT_4_TMS_Psychopy2024.2.5.psyexp,2024.2.5,2025-06-25 14h21.58.968910 +0200,
0,0,0,0,0,0,0,,,,,,,,,#F989A2,1148.095692396164,None,space,None,None,488.51752281188965,text_03,23,8,Reading_Baseline_main_click,None,Fantova,32,0,32,60,60,,,,,,,,,,,06,01,yes,no,no,2025-06-25_14h18.15.835,EXNAT_4_TMS_Psychopy2024.2.5.psyexp,2024.2.5,2025-06-25 14h21.58.968910 +0200,
0,0,0,0,0,0,0,,,,,,,,,#2AB7EF,1148.6240923404694,None,space,None,None,680.1893711090088,text_03,24,8,Reading_Baseline_main_click,None,Notizen,33,0,33,60,60,1148.6754474639893,,,,,,,,,,06,01,yes,no,no,2025-06-25_14h18.15.835,EXNAT_4_TMS_Psychopy2024.2.5.psyexp,2024.2.5,2025-06-25 14h21.58.968910 +0200,
0,0,0,0,0,0,0,,,,,,,,,#F989A2,1149.3429498672485,None,space,None,None,457.1371078491211,text_03,25,8,Reading_Baseline_main_click,None,über,33,0,33,60,60,,,,,,,,,,,06,01,yes,no,no,2025-06-25_14h18.15.835,EXNAT_4_TMS_Psychopy2024.2.5.psyexp,2024.2.5,2025-06-25 14h21.58.968910 +0200,
0,0,0,0,0,0,0,,,,,,,,,#2AB7EF,1149.8385412693024,None,space,None,None,569.7019100189209,text_03,26,8,Reading_Baseline_main_click,None,ihre,33,0,33,60,60,,,,,,,,,,,06,01,yes,no,no,2025-06-25_14h18.15.835,EXNAT_4_TMS_Psychopy2024.2.5.psyexp,2024.2.5,2025-06-25 14h21.58.968910 +0200,
0,0,0,0,0,0,0,,,,,,,,,#88BA3F,1150.4479699134827,None,space,None,None,392.00282096862793,text_03,27,8,Reading_Baseline_main_click,None,Gespräche.,33,0,33,60,60,,,,,,,,,,,06,01,yes,no,no,2025-06-25_14h18.15.835,EXNAT_4_TMS_Psychopy2024.2.5.psyexp,2024.2.5,2025-06-25 14h21.58.968910 +0200,
0,0,0,0,0,0,0,,,,,,,,,#2AB7EF,1150.8779945373535,None,space,None,None,714.031457901001,text_03,28,8,Reading_Baseline_main_click,None,Darin,33,0,33,60,60,,,,,,,,,,,06,01,yes,no,no,2025-06-25_14h18.15.835,EXNAT_4_TMS_Psychopy2024.2.5.psyexp,2024.2.5,2025-06-25 14h21.58.968910 +0200,
0,0,0,0,0,0,0,,,,,,,,,#F989A2,1151.6312730312347,None,space,None,None,376.9717216491699,text_03,29,8,Reading_Baseline_main_click,None,zeigt,33,0,33,60,60,,,,,,,,,,,06,01,yes,no,no,2025-06-25_14h18.15.835,EXNAT_4_TMS_Psychopy2024.2.5.psyexp,2024.2.5,2025-06-25 14h21.58.968910 +0200,
0,0,0,0,0,0,0,,,,,,,,,#F989A2,1152.0483269691467,None,space,None,None,311.88082695007324,text_03,30,8,Reading_Baseline_main_click,None,sich,33,0,33,60,60,,,,,,,,,,,06,01,yes,no,no,2025-06-25_14h18.15.835,EXNAT_4_TMS_Psychopy2024.2.5.psyexp,2024.2.5,2025-06-25 14h21.58.968910 +0200,
0,0,0,0,0,0,0,,,,,,,,,#D292F3,1152.3968575000763,None,space,None,None,411.1189842224121,text_03,31,8,Reading_Baseline_main_click,None,Einstein,33,0,33,60,60,,,,,,,,,,,06,01,yes,no,no,2025-06-25_14h18.15.835,EXNAT_4_TMS_Psychopy2024.2.5.psyexp,2024.2.5,2025-06-25 14h21.58.968910 +0200,
0,0,0,0,0,0,0,,,,,,,,,#88BA3F,1152.8492052555084,None,space,None,None,391.02792739868164,text_03,32,8,Reading_Baseline_main_click,None,nicht,33,0,33,60,60,,,,,,,,,,,06,01,yes,no,no,2025-06-25_14h18.15.835,EXNAT_4_TMS_Psychopy2024.2.5.psyexp,2024.2.5,2025-06-25 14h21.58.968910 +0200,
0,0,0,0,0,0,0,,,,,,,,,#88BA3F,1153.2800462245941,None,space,None,None,328.02653312683105,text_03,33,8,Reading_Baseline_main_click,None,nur,33,0,33,60,60,,,,,,,,,,,06,01,yes,no,no,2025-06-25_14h18.15.835,EXNAT_4_TMS_Psychopy2024.2.5.psyexp,2024.2.5,2025-06-25 14h21.58.968910 +0200,
0,0,0,0,0,0,0,,,,,,,,,#D292F3,1153.6476764678955,None,space,None,None,312.4258518218994,text_03,34,8,Reading_Baseline_main_click,None,als,34,0,34,60,60,1153.6990766525269,,,,,,,,,,06,01,yes,no,no,2025-06-25_14h18.15.835,EXNAT_4_TMS_Psychopy2024.2.5.psyexp,2024.2.5,2025-06-25 14h21.58.968910 +0200,
0,0,0,0,0,0,0,,,,,,,,,#D292F3,1154.0004572868347,None,space,None,None,327.5928497314453,text_03,35,8,Reading_Baseline_main_click,None,berühmter,34,0,34,60,60,,,,,,,,,,,06,01,yes,no,no,2025-06-25_14h18.15.835,EXNAT_4_TMS_Psychopy2024.2.5.psyexp,2024.2.5,2025-06-25 14h21.58.968910 +0200,
0,0,0,0,0,0,0,,,,,,,,,#2AB7EF,1154.367891550064,None,space,None,None,344.3775177001953,text_03,36,8,Reading_Baseline_main_click,None,"Wissenschaftler,",34,0,34,60,60,,,,,,,,,,,06,01,yes,no,no,2025-06-25_14h18.15.835,EXNAT_4_TMS_Psychopy2024.2.5.psyexp,2024.2.5,2025-06-25 14h21.58.968910 +0200,
0,0,0,0,0,0,0,,,,,,,,,#F989A2,1154.7509384155273,None,space,None,None,329.30660247802734,text_03,37,8,Reading_Baseline_main_click,None,sondern,34,0,34,60,60,,,,,,,,,,,06,01,yes,no,no,2025-06-25_14h18.15.835,EXNAT_4_TMS_Psychopy2024.2.5.psyexp,2024.2.5,2025-06-25 14h21.58.968910 +0200,
0,0,0,0,0,0,0,,,,,,,,,#D292F3,1155.1196465492249,None,space,None,None,344.6388244628906,text_03,38,8,Reading_Baseline_main_click,None,auch,34,0,34,60,60,,,,,,,,,,,06,01,yes,no,no,2025-06-25_14h18.15.835,EXNAT_4_TMS_Psychopy2024.2.5.psyexp,2024.2.5,2025-06-25 14h21.58.968910 +0200,
0,0,0,0,0,0,0,,,,,,,,,#88BA3F,1155.5035245418549,None,space,None,None,280.46703338623047,text_03,39,8,Reading_Baseline_main_click,None,als,34,0,34,60,60,,,,,,,,,,,06,01,yes,no,no,2025-06-25_14h18.15.835,EXNAT_4_TMS_Psychopy2024.2.5.psyexp,2024.2.5,2025-06-25 14h21.58.968910 +0200,
0,0,0,0,0,0,0,,,,,,,,,#2AB7EF,1155.8240053653717,None,space,None,None,472.10001945495605,text_03,40,8,Reading_Baseline_main_click,None,warmherziger,34,0,34,60,60,,,,,,,,,,,06,01,yes,no,no,2025-06-25_14h18.15.835,EXNAT_4_TMS_Psychopy2024.2.5.psyexp,2024.2.5,2025-06-25 14h21.58.968910 +0200,
0,0,0,0,0,0,0,,,,,,,,,#D292F3,1156.3360998630524,None,space,None,None,360.22257804870605,text_03,41,8,Reading_Baseline_main_click,None,und,34,0,34,60,60,,,,,,,,,,,06,01,yes,no,no,2025-06-25_14h18.15.835,EXNAT_4_TMS_Psychopy2024.2.5.psyexp,2024.2.5,2025-06-25 14h21.58.968910 +0200,
0,0,0,0,0,0,0,,,,,,,,,#D292F3,1156.732454776764,None,space,None,None,315.66548347473145,text_03,42,8,Reading_Baseline_main_click,None,lustiger,34,0,34,60,60,,,,,,,,,,,06,01,yes,no,no,2025-06-25_14h18.15.835,EXNAT_4_TMS_Psychopy2024.2.5.psyexp,2024.2.5,2025-06-25 14h21.58.968910 +0200,
0,0,0,0,0,0,0,,,,,,,,,#2AB7EF,1157.085424900055,None,space,None,None,378.67259979248047,text_03,43,8,Reading_Baseline_main_click,None,Mensch.,34,0,34,60,60,,,,,,,,,,,06,01,yes,no,no,2025-06-25_14h18.15.835,EXNAT_4_TMS_Psychopy2024.2.5.psyexp,2024.2.5,2025-06-25 14h21.58.968910 +0200,
0,0,0,0,0,0,0,,,,,,,,,#2AB7EF,1157.5035710334778,None,space,None,None,424.62754249572754,text_03,44,8,Reading_Baseline_main_click,None,Ohne,34,0,34,60,60,,,,,,,,,,,06,01,yes,no,no,2025-06-25_14h18.15.835,EXNAT_4_TMS_Psychopy2024.2.5.psyexp,2024.2.5,2025-06-25 14h21.58.968910 +0200,
0,0,0,0,0,0,0,,,,,,,,,#2AB7EF,1157.9696862697601,None,space,None,None,390.43545722961426,text_03,45,8,Reading_Baseline_main_click,None,Fantovas,34,0,34,60,60,,,,,,,,,,,06,01,yes,no,no,2025-06-25_14h18.15.835,EXNAT_4_TMS_Psychopy2024.2.5.psyexp,2024.2.5,2025-06-25 14h21.58.968910 +0200,
0,0,0,0,0,0,0,,,,,,,,,#88BA3F,1158.3992683887482,None,space,None,None,232.67030715942383,text_03,46,8,Reading_Baseline_main_click,None,Aufzeichnungen,34,0,34,60,60,,,,,,,,,,,06,01,yes,no,no,2025-06-25_14h18.15.835,EXNAT_4_TMS_Psychopy2024.2.5.psyexp,2024.2.5,2025-06-25 14h21.58.968910 +0200,
0,0,0,0,0,0,0,,,,,,,,,#D292F3,1158.6700656414032,None,space,None,None,505.98883628845215,text_03,47,8,Reading_Baseline_main_click,None,wüsste,35,0,35,60,60,1158.7264666557312,,,,,,,,,,06,01,yes,no,no,2025-06-25_14h18.15.835,EXNAT_4_TMS_Psychopy2024.2.5.psyexp,2024.2.5,2025-06-25 14h21.58.968910 +0200,
0,0,0,0,0,0,0,,,,,,,,,#D292F3,1159.2142808437347,None,space,None,None,329.9448490142822,text_03,48,8,Reading_Baseline_main_click,None,man,35,0,35,60,60,,,,,,,,,,,06,01,yes,no,no,2025-06-25_14h18.15.835,EXNAT_4_TMS_Psychopy2024.2.5.psyexp,2024.2.5,2025-06-25 14h21.58.968910 +0200,
0,0,0,0,0,0,0,,,,,,,,,#F989A2,1159.5810163021088,None,space,None,None,315.3078556060791,text_03,49,8,Reading_Baseline_main_click,None,zum,35,0,35,60,60,,,,,,,,,,,06,01,yes,no,no,2025-06-25_14h18.15.835,EXNAT_4_TMS_Psychopy2024.2.5.psyexp,2024.2.5,2025-06-25 14h21.58.968910 +0200,
0,0,0,0,0,0,0,,,,,,,,,#D292F3,1159.9372792243958,None,space,None,None,342.88859367370605,text_03,50,8,Reading_Baseline_main_click,None,Beispiel,35,0,35,60,60,,,,,,,,,,,06,01,yes,no,no,2025-06-25_14h18.15.835,EXNAT_4_TMS_Psychopy2024.2.5.psyexp,2024.2.5,2025-06-25 14h21.58.968910 +0200,
0,0,0,0,0,0,0,,,,,,,,,#88BA3F,1160.3219192028046,None,space,None,None,294.2957878112793,text_03,51,8,Reading_Baseline_main_click,None,nichts,35,0,35,60,60,,,,,,,,,,,06,01,yes,no,no,2025-06-25_14h18.15.835,EXNAT_4_TMS_Psychopy2024.2.5.psyexp,2024.2.5,2025-06-25 14h21.58.968910 +0200,
0,0,0,0,0,0,0,,,,,,,,,#2AB7EF,1160.6549298763275,None,space,None,None,297.32656478881836,text_03,52,8,Reading_Baseline_main_click,None,von,35,0,35,60,60,,,,,,,,,,,06,01,yes,no,no,2025-06-25_14h18.15.835,EXNAT_4_TMS_Psychopy2024.2.5.psyexp,2024.2.5,2025-06-25 14h21.58.968910 +0200,
0,0,0,0,0,0,0,,,,,,,,,#F989A2,1160.9918670654297,None,space,None,None,472.2409248352051,text_03,53,8,Reading_Baseline_main_click,None,Einsteins,35,0,35,60,60,,,,,,,,,,,06,01,yes,no,no,2025-06-25_14h18.15.835,EXNAT_4_TMS_Psychopy2024.2.5.psyexp,2024.2.5,2025-06-25 14h21.58.968910 +0200,
0,0,0,0,0,0,0,,,,,,,,,#2AB7EF,1161.5046291351318,None,space,None,None,375.35810470581055,text_03,54,8,Reading_Baseline_main_click,None,melancholischem,35,0,35,60,60,,,,,,,,,,,06,01,yes,no,no,2025-06-25_14h18.15.835,EXNAT_4_TMS_Psychopy2024.2.5.psyexp,2024.2.5,2025-06-25 14h21.58.968910 +0200,
0,0,0,0,0,0,0,,,,,,,,,#D292F3,1161.91748213768,None,space,None,None,506.58392906188965,text_03,55,8,Reading_Baseline_main_click,None,Papagei,35,0,35,60,60,,,,,,,,,,,06,01,yes,no,no,2025-06-25_14h18.15.835,EXNAT_4_TMS_Psychopy2024.2.5.psyexp,2024.2.5,2025-06-25 14h21.58.968910 +0200,
0,0,0,0,0,0,0,,,,,,,,,#88BA3F,1162.4635241031647,None,space,None,None,424.6227741241455,text_03,56,8,Reading_Baseline_main_click,None,Bibo.,35,0,35,60,60,,,,,,,,,,,06,01,yes,no,no,2025-06-25_14h18.15.835,EXNAT_4_TMS_Psychopy2024.2.5.psyexp,2024.2.5,2025-06-25 14h21.58.968910 +0200,
0,0,0,0,0,0,0,,,,,,,,,#88BA3F,1162.9274265766144,None,space,None,None,488.68846893310547,text_03,57,8,Reading_Baseline_main_click,None,Auch,35,0,35,60,60,,,,,,,,,,,06,01,yes,no,no,2025-06-25_14h18.15.835,EXNAT_4_TMS_Psychopy2024.2.5.psyexp,2024.2.5,2025-06-25 14h21.58.968910 +0200,
0,0,0,0,0,0,0,,,,,,,,,#F989A2,1163.455162525177,None,space,None,None,344.923734664917,text_03,58,8,Reading_Baseline_main_click,None,seine,36,0,36,60,60,1163.7264864444733,,,,,,,,,,06,01,yes,no,no,2025-06-25_14h18.15.835,EXNAT_4_TMS_Psychopy2024.2.5.psyexp,2024.2.5,2025-06-25 14h21.58.968910 +0200,
0,0,0,0,0,0,0,,,,,,,,,#2AB7EF,1163.8400084972382,None,space,None,None,344.12217140197754,text_03,59,8,Reading_Baseline_main_click,None,witzigen,36,0,36,60,60,,,,,,,,,,,06,01,yes,no,no,2025-06-25_14h18.15.835,EXNAT_4_TMS_Psychopy2024.2.5.psyexp,2024.2.5,2025-06-25 14h21.58.968910 +0200,
0,0,0,0,0,0,0,,,,,,,,,#D292F3,1164.221937417984,None,space,None,None,378.2017230987549,text_03,60,8,Reading_Baseline_main_click,None,Sprüche,36,0,36,60,60,,,,,,,,,,,06,01,yes,no,no,2025-06-25_14h18.15.835,EXNAT_4_TMS_Psychopy2024.2.5.psyexp,2024.2.5,2025-06-25 14h21.58.968910 +0200,
0,0,0,0,0,0,0,,,,,,,,,#2AB7EF,1164.6411671638489,None,space,None,None,406.9368839263916,text_03,61,8,Reading_Baseline_main_click,None,über,36,0,36,60,60,,,,,,,,,,,06,01,yes,no,no,2025-06-25_14h18.15.835,EXNAT_4_TMS_Psychopy2024.2.5.psyexp,2024.2.5,2025-06-25 14h21.58.968910 +0200,
0,0,0,0,0,0,0,,,,,,,,,#88BA3F,1165.0872111320496,None,space,None,None,393.04590225219727,text_03,62,8,Reading_Baseline_main_click,None,das,36,0,36,60,60,,,,,,,,,,,06,01,yes,no,no,2025-06-25_14h18.15.835,EXNAT_4_TMS_Psychopy2024.2.5.psyexp,2024.2.5,2025-06-25 14h21.58.968910 +0200,
0,0,0,0,0,0,0,,,,,,,,,#F989A2,1165.5199115276337,None,space,None,None,360.28146743774414,text_03,63,8,Reading_Baseline_main_click,None,Leben,36,0,36,60,60,,,,,,,,,,,06,01,yes,no,no,2025-06-25_14h18.15.835,EXNAT_4_TMS_Psychopy2024.2.5.psyexp,2024.2.5,2025-06-25 14h21.58.968910 +0200,
0,0,0,0,0,0,0,,,,,,,,,#2AB7EF,1165.9202132225037,None,space,None,None,296.04554176330566,text_03,64,8,Reading_Baseline_main_click,None,wären,36,0,36,60,60,,,,,,,,,,,06,01,yes,no,no,2025-06-25_14h18.15.835,EXNAT_4_TMS_Psychopy2024.2.5.psyexp,2024.2.5,2025-06-25 14h21.58.968910 +0200,
0,0,0,0,0,0,0,,,,,,,,,#D292F3,1166.2551455497742,None,space,None,None,168.92671585083008,text_03,65,8,Reading_Baseline_main_click,None,verloren.,36,0,36,60,60,,,,,,,,,,,06,01,yes,no,no,2025-06-25_14h18.15.835,EXNAT_4_TMS_Psychopy2024.2.5.psyexp,2024.2.5,2025-06-25 14h21.58.968910 +0200,
0,0,0,0,0,0,0,,,,,,,,,#F989A2,1166.4636697769165,None,space,None,None,376.60980224609375,text_03,66,8,Reading_Baseline_main_click,None,Über,36,0,36,60,60,,,,,,,,,,,06,01,yes,no,no,2025-06-25_14h18.15.835,EXNAT_4_TMS_Psychopy2024.2.5.psyexp,2024.2.5,2025-06-25 14h21.58.968910 +0200,
0,0,0,0,0,0,0,,,,,,,,,#88BA3F,1166.8798229694366,None,space,None,None,392.23456382751465,text_03,67,8,Reading_Baseline_main_click,None,einen,36,0,36,60,60,,,,,,,,,,,06,01,yes,no,no,2025-06-25_14h18.15.835,EXNAT_4_TMS_Psychopy2024.2.5.psyexp,2024.2.5,2025-06-25 14h21.58.968910 +0200,
0,0,0,0,0,0,0,,,,,,,,,#F989A2,1167.309902191162,None,space,None,None,474.3082523345947,text_03,68,8,Reading_Baseline_main_click,None,Nachbarn,36,0,36,60,60,,,,,,,,,,,06,01,yes,no,no,2025-06-25_14h18.15.835,EXNAT_4_TMS_Psychopy2024.2.5.psyexp,2024.2.5,2025-06-25 14h21.58.968910 +0200,
0,0,0,0,0,0,0,,,,,,,,,#D292F3,1167.8232424259186,None,space,None,None,409.09433364868164,text_03,69,8,Reading_Baseline_main_click,None,sagte,36,0,36,60,60,,,,,,,,,,,06,01,yes,no,no,2025-06-25_14h18.15.835,EXNAT_4_TMS_Psychopy2024.2.5.psyexp,2024.2.5,2025-06-25 14h21.58.968910 +0200,
0,0,0,0,0,0,0,,,,,,,,,#88BA3F,1168.273848772049,None,space,None,None,390.3045654296875,text_03,70,8,Reading_Baseline_main_click,None,er,36,0,36,60,60,,,,,,,,,,,06,01,yes,no,no,2025-06-25_14h18.15.835,EXNAT_4_TMS_Psychopy2024.2.5.psyexp,2024.2.5,2025-06-25 14h21.58.968910 +0200,
0,0,0,0,0,0,0,,,,,,,,,#D292F3,1168.701046705246,None,space,None,None,363.0237579345703,text_03,71,8,Reading_Baseline_main_click,None,zum,37,0,37,60,60,1168.7562048435211,,,,,,,,,,06,01,yes,no,no,2025-06-25_14h18.15.835,EXNAT_4_TMS_Psychopy2024.2.5.psyexp,2024.2.5,2025-06-25 14h21.58.968910 +0200,
0,0,0,0,0,0,0,,,,,,,,,#2AB7EF,1169.1029744148254,None,space,None,None,313.0795955657959,text_03,72,8,Reading_Baseline_main_click,None,Beispiel:,37,0,37,60,60,,,,,,,,,,,06,01,yes,no,no,2025-06-25_14h18.15.835,EXNAT_4_TMS_Psychopy2024.2.5.psyexp,2024.2.5,2025-06-25 14h21.58.968910 +0200,
0,0,0,0,0,0,0,,,,,,,,,#88BA3F,1169.4579601287842,None,space,None,None,422.0569133758545,text_03,73,8,Reading_Baseline_main_click,None,""Es,37,0,37,60,60,,,,,,,,,,,06,01,yes,no,no,2025-06-25_14h18.15.835,EXNAT_4_TMS_Psychopy2024.2.5.psyexp,2024.2.5,2025-06-25 14h21.58.968910 +0200,
0,0,0,0,0,0,0,,,,,,,,,#F989A2,1169.9195685386658,None,space,None,None,408.7400436401367,text_03,74,8,Reading_Baseline_main_click,None,besteht,37,0,37,60,60,,,,,,,,,,,06,01,yes,no,no,2025-06-25_14h18.15.835,EXNAT_4_TMS_Psychopy2024.2.5.psyexp,2024.2.5,2025-06-25 14h21.58.968910 +0200,
0,0,0,0,0,0,0,,,,,,,,,#D292F3,1170.365999698639,None,space,None,None,394.18816566467285,text_03,75,8,Reading_Baseline_main_click,None,die,37,0,37,60,60,,,,,,,,,,,06,01,yes,no,no,2025-06-25_14h18.15.835,EXNAT_4_TMS_Psychopy2024.2.5.psyexp,2024.2.5,2025-06-25 14h21.58.968910 +0200,
0,0,0,0,0,0,0,,,,,,,,,#F989A2,1170.7995085716248,None,space,None,None,328.81617546081543,text_03,76,8,Reading_Baseline_main_click,None,"Gefahr,",37,0,37,60,60,,,,,,,,,,,06,01,yes,no,no,2025-06-25_14h18.15.835,EXNAT_4_TMS_Psychopy2024.2.5.psyexp,2024.2.5,2025-06-25 14h21.58.968910 +0200,
0,0,0,0,0,0,0,,,,,,,,,#D292F3,1171.1681928634644,None,space,None,None,376.126766204834,text_03,77,8,Reading_Baseline_main_click,None,dass,37,0,37,60,60,,,,,,,,,,,06,01,yes,no,no,2025-06-25_14h18.15.835,EXNAT_4_TMS_Psychopy2024.2.5.psyexp,2024.2.5,2025-06-25 14h21.58.968910 +0200,
0,0,0,0,0,0,0,,,,,,,,,#2AB7EF,1171.5821175575256,None,space,None,None,378.2162666320801,text_03,78,8,Reading_Baseline_main_click,None,sein,37,0,37,60,60,,,,,,,,,,,06,01,yes,no,no,2025-06-25_14h18.15.835,EXNAT_4_TMS_Psychopy2024.2.5.psyexp,2024.2.5,2025-06-25 14h21.58.968910 +0200,
0,0,0,0,0,0,0,,,,,,,,,#88BA3F,1171.998432636261,None,space,None,None,281.6779613494873,text_03,79,8,Reading_Baseline_main_click,None,Sohn,37,0,37,60,60,,,,,,,,,,,06,01,yes,no,no,2025-06-25_14h18.15.835,EXNAT_4_TMS_Psychopy2024.2.5.psyexp,2024.2.5,2025-06-25 14h21.58.968910 +0200,
0,0,0,0,0,0,0,,,,,,,,,#2AB7EF,1172.3195514678955,None,space,None,None,552.5498390197754,text_03,80,8,Reading_Baseline_main_click,None,heiratet."",37,0,37,60,60,,,,,,,,,,,06,01,yes,no,no,2025-06-25_14h18.15.835,EXNAT_4_TMS_Psychopy2024.2.5.psyexp,2024.2.5,2025-06-25 14h21.58.968910 +0200,
0,0,0,0,0,0,0,,,,,,,,,#88BA3F,1172.9116613864899,None,space,None,None,632.4894428253174,text_03,81,8,Reading_Baseline_main_click,None,Fantova,37,0,37,60,60,,,,,,,,,,,06,01,yes,no,no,2025-06-25_14h18.15.835,EXNAT_4_TMS_Psychopy2024.2.5.psyexp,2024.2.5,2025-06-25 14h21.58.968910 +0200,
0,0,0,0,0,0,0,,,,,,,,,#F989A2,1173.5836067199707,None,space,None,None,760.6971263885498,text_03,82,8,Reading_Baseline_main_click,None,war,38,0,38,60,60,1173.7561857700348,,,,,,,,,,06,01,yes,no,no,2025-06-25_14h18.15.835,EXNAT_4_TMS_Psychopy2024.2.5.psyexp,2024.2.5,2025-06-25 14h21.58.968910 +0200,
0,0,0,0,0,0,0,,,,,,,,,#2AB7EF,1174.3842420578003,None,space,None,None,568.1421756744385,text_03,83,8,Reading_Baseline_main_click,None,22,38,0,38,60,60,,,,,,,,,,,06,01,yes,no,no,2025-06-25_14h18.15.835,EXNAT_4_TMS_Psychopy2024.2.5.psyexp,2024.2.5,2025-06-25 14h21.58.968910 +0200,
0,0,0,0,0,0,0,,,,,,,,,#D292F3,1174.9930629730225,None,space,None,None,423.17771911621094,text_03,84,8,Reading_Baseline_main_click,None,Jahre,38,0,38,60,60,,,,,,,,,,,06,01,yes,no,no,2025-06-25_14h18.15.835,EXNAT_4_TMS_Psychopy2024.2.5.psyexp,2024.2.5,2025-06-25 14h21.58.968910 +0200,
0,0,0,0,0,0,0,,,,,,,,,#88BA3F,1175.4538893699646,None,space,None,None,490.34690856933594,text_03,85,8,Reading_Baseline_main_click,None,jünger,38,0,38,60,60,,,,,,,,,,,06,01,yes,no,no,2025-06-25_14h18.15.835,EXNAT_4_TMS_Psychopy2024.2.5.psyexp,2024.2.5,2025-06-25 14h21.58.968910 +0200,
0,0,0,0,0,0,0,,,,,,,,,#D292F3,1175.9814593791962,None,space,None,None,394.561767578125,text_03,86,8,Reading_Baseline_main_click,None,als,38,0,38,60,60,,,,,,,,,,,06,01,yes,no,no,2025-06-25_14h18.15.835,EXNAT_4_TMS_Psychopy2024.2.5.psyexp,2024.2.5,2025-06-25 14h21.58.968910 +0200,
0,0,0,0,0,0,0,,,,,,,,,#88BA3F,1176.414531469345,None,space,None,None,377.75564193725586,text_03,87,8,Reading_Baseline_main_click,None,Einstein,38,0,38,60,60,,,,,,,,,,,06,01,yes,no,no,2025-06-25_14h18.15.835,EXNAT_4_TMS_Psychopy2024.2.5.psyexp,2024.2.5,2025-06-25 14h21.58.968910 +0200,
0,0,0,0,0,0,0,,,,,,,,,#F989A2,1176.8298695087433,None,space,None,None,330.5010795593262,text_03,88,8,Reading_Baseline_main_click,None,und,38,0,38,60,60,,,,,,,,,,,06,01,yes,no,no,2025-06-25_14h18.15.835,EXNAT_4_TMS_Psychopy2024.2.5.psyexp,2024.2.5,2025-06-25 14h21.58.968910 +0200,
0,0,0,0,0,0,0,,,,,,,,,#2AB7EF,1177.1995573043823,None,space,None,None,344.70653533935547,text_03,89,8,Reading_Baseline_main_click,None,kam,38,0,38,60,60,,,,,,,,,,,06,01,yes,no,no,2025-06-25_14h18.15.835,EXNAT_4_TMS_Psychopy2024.2.5.psyexp,2024.2.5,2025-06-25 14h21.58.968910 +0200,
0,0,0,0,0,0,0,,,,,,,,,#2AB7EF,1177.5823595523834,None,space,None,None,345.7648754119873,text_03,90,8,Reading_Baseline_main_click,None,wie,38,0,38,60,60,,,,,,,,,,,06,01,yes,no,no,2025-06-25_14h18.15.835,EXNAT_4_TMS_Psychopy2024.2.5.psyexp,2024.2.5,2025-06-25 14h21.58.968910 +0200,
0,0,0,0,0,0,0,,,,,,,,,#88BA3F,1177.9668533802032,None,space,None,None,441.2119388580322,text_03,91,8,Reading_Baseline_main_click,None,er,38,0,38,60,60,,,,,,,,,,,06,01,yes,no,no,2025-06-25_14h18.15.835,EXNAT_4_TMS_Psychopy2024.2.5.psyexp,2024.2.5,2025-06-25 14h21.58.968910 +0200,
0,0,0,0,0,0,0,,,,,,,,,#2AB7EF,1178.4474165439606,None,space,None,None,344.88797187805176,text_03,92,8,Reading_Baseline_main_click,None,aus,39,0,39,60,60,1178.7562091350555,,,,,,,,,,06,01,yes,no,no,2025-06-25_14h18.15.835,EXNAT_4_TMS_Psychopy2024.2.5.psyexp,2024.2.5,2025-06-25 14h21.58.968910 +0200,
0,0,0,0,0,0,0,,,,,,,,,#D292F3,1178.833842754364,None,space,None,None,374.2341995239258,text_03,93,8,Reading_Baseline_main_click,None,Europa.,39,0,39,60,60,,,,,,,,,,,06,01,yes,no,no,2025-06-25_14h18.15.835,EXNAT_4_TMS_Psychopy2024.2.5.psyexp,2024.2.5,2025-06-25 14h21.58.968910 +0200,
0,0,0,0,0,0,0,,,,,,,,,#D292F3,1179.2466068267822,None,space,None,None,505.601167678833,text_03,94,8,Reading_Baseline_main_click,None,Die,39,0,39,60,60,,,,,,,,,,,06,01,yes,no,no,2025-06-25_14h18.15.835,EXNAT_4_TMS_Psychopy2024.2.5.psyexp,2024.2.5,2025-06-25 14h21.58.968910 +0200,
0,0,0,0,0,0,0,,,,,,,,,#D292F3,1179.7916641235352,None,space,None,None,408.72859954833984,text_03,95,8,Reading_Baseline_main_click,None,Eltern,39,0,39,60,60,,,,,,,,,,,06,01,yes,no,no,2025-06-25_14h18.15.835,EXNAT_4_TMS_Psychopy2024.2.5.psyexp,2024.2.5,2025-06-25 14h21.58.968910 +0200,
0,0,0,0,0,0,0,,,,,,,,,#F989A2,1180.2387459278107,None,space,None,None,473.27423095703125,text_03,96,8,Reading_Baseline_main_click,None,ihres,39,0,39,60,60,,,,,,,,,,,06,01,yes,no,no,2025-06-25_14h18.15.835,EXNAT_4_TMS_Psychopy2024.2.5.psyexp,2024.2.5,2025-06-25 14h21.58.968910 +0200,
0,0,0,0,0,0,0,,,,,,,,,#D292F3,1180.7534651756287,None,space,None,None,374.72081184387207,text_03,97,8,Reading_Baseline_main_click,None,"Mannes,",39,0,39,60,60,,,,,,,,,,,06,01,yes,no,no,2025-06-25_14h18.15.835,EXNAT_4_TMS_Psychopy2024.2.5.psyexp,2024.2.5,2025-06-25 14h21.58.968910 +0200,
0,0,0,0,0,0,0,,,,,,,,,#F989A2,1181.1676256656647,None,space,None,None,488.65461349487305,text_03,98,8,Reading_Baseline_main_click,None,Otto,39,0,39,60,60,,,,,,,,,,,06,01,yes,no,no,2025-06-25_14h18.15.835,EXNAT_4_TMS_Psychopy2024.2.5.psyexp,2024.2.5,2025-06-25 14h21.58.968910 +0200,
0,0,0,0,0,0,0,,,,,,,,,#F989A2,1181.6945929527283,None,space,None,None,729.8028469085693,text_03,99,8,Reading_Baseline_main_click,None,"Fanta,",39,0,39,60,60,,,,,,,,,,,06,01,yes,no,no,2025-06-25_14h18.15.835,EXNAT_4_TMS_Psychopy2024.2.5.psyexp,2024.2.5,2025-06-25 14h21.58.968910 +0200,
0,0,0,0,0,0,0,,,,,,,,,#2AB7EF,1182.4635050296783,None,space,None,None,648.7860679626465,text_03,100,8,Reading_Baseline_main_click,None,luden,39,0,39,60,60,,,,,,,,,,,06,01,yes,no,no,2025-06-25_14h18.15.835,EXNAT_4_TMS_Psychopy2024.2.5.psyexp,2024.2.5,2025-06-25 14h21.58.968910 +0200,
0,0,0,0,0,0,0,,,,,,,,,#88BA3F,1183.1529867649078,None,space,None,None,1255.319595336914,text_03,101,8,Reading_Baseline_main_click,None,viele,40,0,40,60,60,1183.7562427520752,,,,,,,,,,06,01,yes,no,no,2025-06-25_14h18.15.835,EXNAT_4_TMS_Psychopy2024.2.5.psyexp,2024.2.5,2025-06-25 14h21.58.968910 +0200,
0,0,0,0,0,0,0,,,,,,,,,#D292F3,1184.447783946991,None,space,None,None,424.5314598083496,text_03,102,8,Reading_Baseline_main_click,None,berühmte,40,0,40,60,60,,,,,,,,,,,06,01,yes,no,no,2025-06-25_14h18.15.835,EXNAT_4_TMS_Psychopy2024.2.5.psyexp,2024.2.5,2025-06-25 14h21.58.968910 +0200,
0,0,0,0,0,0,0,,,,,,,,,#2AB7EF,1184.912529706955,None,space,None,None,295.5152988433838,text_03,103,8,Reading_Baseline_main_click,None,Menschen,40,0,40,60,60,,,,,,,,,,,06,01,yes,no,no,2025-06-25_14h18.15.835,EXNAT_4_TMS_Psychopy2024.2.5.psyexp,2024.2.5,2025-06-25 14h21.58.968910 +0200,
0,0,0,0,0,0,0,,,,,,,,,#88BA3F,1185.2472066879272,None,space,None,None,280.8969020843506,text_03,104,8,Reading_Baseline_main_click,None,in,40,0,40,60,60,,,,,,,,,,,06,01,yes,no,no,2025-06-25_14h18.15.835,EXNAT_4_TMS_Psychopy2024.2.5.psyexp,2024.2.5,2025-06-25 14h21.58.968910 +0200,
0,0,0,0,0,0,0,,,,,,,,,#F989A2,1185.5675284862518,None,space,None,None,280.40385246276855,text_03,105,8,Reading_Baseline_main_click,None,ihren,40,0,40,60,60,,,,,,,,,,,06,01,yes,no,no,2025-06-25_14h18.15.835,EXNAT_4_TMS_Psychopy2024.2.5.psyexp,2024.2.5,2025-06-25 14h21.58.968910 +0200,
0,0,0,0,0,0,0,,,,,,,,,#88BA3F,1185.8881640434265,None,space,None,None,328.13382148742676,text_03,106,8,Reading_Baseline_main_click,None,Salon,40,0,40,60,60,,,,,,,,,,,06,01,yes,no,no,2025-06-25_14h18.15.835,EXNAT_4_TMS_Psychopy2024.2.5.psyexp,2024.2.5,2025-06-25 14h21.58.968910 +0200,
0,0,0,0,0,0,0,,,,,,,,,#D292F3,1186.256003856659,None,space,None,None,312.23559379577637,text_03,107,8,Reading_Baseline_main_click,None,ein.,40,0,40,60,60,,,,,,,,,,,06,01,yes,no,no,2025-06-25_14h18.15.835,EXNAT_4_TMS_Psychopy2024.2.5.psyexp,2024.2.5,2025-06-25 14h21.58.968910 +0200,
0,0,0,0,0,0,0,,,,,,,,,#2AB7EF,1186.6069719791412,None,space,None,None,409.38878059387207,text_03,108,8,Reading_Baseline_main_click,None,Neben,40,0,40,60,60,,,,,,,,,,,06,01,yes,no,no,2025-06-25_14h18.15.835,EXNAT_4_TMS_Psychopy2024.2.5.psyexp,2024.2.5,2025-06-25 14h21.58.968910 +0200,
0,0,0,0,0,0,0,,,,,,,,,#2AB7EF,1187.0549335479736,None,space,None,None,345.3478813171387,text_03,109,8,Reading_Baseline_main_click,None,Einstein,40,0,40,60,60,,,,,,,,,,,06,01,yes,no,no,2025-06-25_14h18.15.835,EXNAT_4_TMS_Psychopy2024.2.5.psyexp,2024.2.5,2025-06-25 14h21.58.968910 +0200,
0,0,0,0,0,0,0,,,,,,,,,#88BA3F,1187.4408075809479,None,space,None,None,359.42649841308594,text_03,110,8,Reading_Baseline_main_click,None,gehörte,40,0,40,60,60,,,,,,,,,,,06,01,yes,no,no,2025-06-25_14h18.15.835,EXNAT_4_TMS_Psychopy2024.2.5.psyexp,2024.2.5,2025-06-25 14h21.58.968910 +0200,
0,0,0,0,0,0,0,,,,,,,,,#F989A2,1187.8385083675385,None,space,None,None,361.5763187408447,text_03,111,8,Reading_Baseline_main_click,None,auch,40,0,40,60,60,,,,,,,,,,,06,01,yes,no,no,2025-06-25_14h18.15.835,EXNAT_4_TMS_Psychopy2024.2.5.psyexp,2024.2.5,2025-06-25 14h21.58.968910 +0200,
0,0,0,0,0,0,0,,,,,,,,,#F989A2,1188.2371473312378,None,space,None,None,379.2102336883545,text_03,112,8,Reading_Baseline_main_click,None,Franz,40,0,40,60,60,,,,,,,,,,,06,01,yes,no,no,2025-06-25_14h18.15.835,EXNAT_4_TMS_Psychopy2024.2.5.psyexp,2024.2.5,2025-06-25 14h21.58.968910 +0200,
0,0,0,0,0,0,0,,,,,,,,,#F989A2,1188.6546578407288,None,space,None,None,473.63853454589844,text_03,113,8,Reading_Baseline_main_click,None,Kafka,41,0,41,60,60,1188.75626039505,,,,,,,,,,06,01,yes,no,no,2025-06-25_14h18.15.835,EXNAT_4_TMS_Psychopy2024.2.5.psyexp,2024.2.5,2025-06-25 14h21.58.968910 +0200,
0,0,0,0,0,0,0,,,,,,,,,#88BA3F,1189.1655492782593,None,space,None,None,378.6616325378418,text_03,114,8,Reading_Baseline_main_click,None,dazu.,41,0,41,60,60,,,,,,,,,,,06,01,yes,no,no,2025-06-25_14h18.15.835,EXNAT_4_TMS_Psychopy2024.2.5.psyexp,2024.2.5,2025-06-25 14h21.58.968910 +0200,
0,0,0,0,0,0,0,,,,,,,,,#F989A2,1189.584857225418,None,space,None,None,391.36290550231934,text_03,115,8,Reading_Baseline_main_click,None,Für,41,0,41,60,60,,,,,,,,,,,06,01,yes,no,no,2025-06-25_14h18.15.835,EXNAT_4_TMS_Psychopy2024.2.5.psyexp,2024.2.5,2025-06-25 14h21.58.968910 +0200,
0,0,0,0,0,0,0,,,,,,,,,#D292F3,1190.0160167217255,None,space,None,None,456.30931854248047,text_03,116,8,Reading_Baseline_main_click,None,Einstein,41,0,41,60,60,,,,,,,,,,,06,01,yes,no,no,2025-06-25_14h18.15.835,EXNAT_4_TMS_Psychopy2024.2.5.psyexp,2024.2.5,2025-06-25 14h21.58.968910 +0200,
0,0,0,0,0,0,0,,,,,,,,,#88BA3F,1190.5104784965515,None,space,None,None,377.83360481262207,text_03,117,8,Reading_Baseline_main_click,None,war,41,0,41,60,60,,,,,,,,,,,06,01,yes,no,no,2025-06-25_14h18.15.835,EXNAT_4_TMS_Psychopy2024.2.5.psyexp,2024.2.5,2025-06-25 14h21.58.968910 +0200,
0,0,0,0,0,0,0,,,,,,,,,#2AB7EF,1190.928245306015,None,space,None,None,455.94024658203125,text_03,118,8,Reading_Baseline_main_click,None,Fantova,41,0,41,60,60,,,,,,,,,,,06,01,yes,no,no,2025-06-25_14h18.15.835,EXNAT_4_TMS_Psychopy2024.2.5.psyexp,2024.2.5,2025-06-25 14h21.58.968910 +0200,
0,0,0,0,0,0,0,,,,,,,,,#2AB7EF,1191.4221580028534,None,space,None,None,394.0737247467041,text_03,119,8,Reading_Baseline_main_click,None,eine,41,0,41,60,60,,,,,,,,,,,06,01,yes,no,no,2025-06-25_14h18.15.835,EXNAT_4_TMS_Psychopy2024.2.5.psyexp,2024.2.5,2025-06-25 14h21.58.968910 +0200,
0,0,0,0,0,0,0,,,,,,,,,#D292F3,1191.8545243740082,None,space,None,None,329.5912742614746,text_03,120,8,Reading_Baseline_main_click,None,Teil,41,0,41,60,60,,,,,,,,,,,06,01,yes,no,no,2025-06-25_14h18.15.835,EXNAT_4_TMS_Psychopy2024.2.5.psyexp,2024.2.5,2025-06-25 14h21.58.968910 +0200,
0,0,0,0,0,0,0,,,,,,,,,#88BA3F,1192.2249293327332,None,space,None,None,471.13752365112305,text_03,121,8,Reading_Baseline_main_click,None,der,41,0,41,60,60,,,,,,,,,,,06,01,yes,no,no,2025-06-25_14h18.15.835,EXNAT_4_TMS_Psychopy2024.2.5.psyexp,2024.2.5,2025-06-25 14h21.58.968910 +0200,
0,0,0,0,0,0,0,,,,,,,,,#F989A2,1192.7362220287323,None,space,None,None,472.1040725708008,text_03,122,8,Reading_Baseline_main_click,None,alten,41,0,41,60,60,,,,,,,,,,,06,01,yes,no,no,2025-06-25_14h18.15.835,EXNAT_4_TMS_Psychopy2024.2.5.psyexp,2024.2.5,2025-06-25 14h21.58.968910 +0200,
0,0,0,0,0,0,0,,,,,,,,,#F989A2,1193.2474093437195,None,space,None,None,392.8995132446289,text_03,123,8,Reading_Baseline_main_click,None,"Welt,",41,0,41,60,60,,,,,,,,,,,06,01,yes,no,no,2025-06-25_14h18.15.835,EXNAT_4_TMS_Psychopy2024.2.5.psyexp,2024.2.5,2025-06-25 14h21.58.968910 +0200,
0,0,0,0,0,0,0,,,,,,,,,#F989A2,1193.680150270462,None,space,None,None,392.026424407959,text_03,124,8,Reading_Baseline_main_click,None,die,42,0,42,60,60,1193.7562646865845,,,,,,,,,,06,01,yes,no,no,2025-06-25_14h18.15.835,EXNAT_4_TMS_Psychopy2024.2.5.psyexp,2024.2.5,2025-06-25 14h21.58.968910 +0200,
0,0,0,0,0,0,0,,,,,,,,,#2AB7EF,1194.1102783679962,None,space,None,None,281.8279266357422,text_03,125,8,Reading_Baseline_main_click,None,er,42,0,42,60,60,,,,,,,,,,,06,01,yes,no,no,2025-06-25_14h18.15.835,EXNAT_4_TMS_Psychopy2024.2.5.psyexp,2024.2.5,2025-06-25 14h21.58.968910 +0200,
0,0,0,0,0,0,0,,,,,,,,,#D292F3,1194.4311559200287,None,space,None,None,313.1294250488281,text_03,126,8,Reading_Baseline_main_click,None,vermisste.,42,0,42,60,60,,,,,,,,,,,06,01,yes,no,no,2025-06-25_14h18.15.835,EXNAT_4_TMS_Psychopy2024.2.5.psyexp,2024.2.5,2025-06-25 14h21.58.968910 +0200,
0,0,0,0,0,0,0,,,,,,,,,#88BA3F,1194.785682439804,None,space,None,None,502.57182121276855,text_03,127,8,Reading_Baseline_main_click,None,In,42,0,42,60,60,,,,,,,,,,,06,01,yes,no,no,2025-06-25_14h18.15.835,EXNAT_4_TMS_Psychopy2024.2.5.psyexp,2024.2.5,2025-06-25 14h21.58.968910 +0200,
0,0,0,0,0,0,0,,,,,,,,,#88BA3F,1195.326402425766,None,space,None,None,201.68209075927734,text_03,128,8,Reading_Baseline_main_click,None,ihrem,42,0,42,60,60,,,,,,,,,,,06,01,yes,no,no,2025-06-25_14h18.15.835,EXNAT_4_TMS_Psychopy2024.2.5.psyexp,2024.2.5,2025-06-25 14h21.58.968910 +0200,
0,0,0,0,0,0,0,,,,,,,,,#D292F3,1195.567894935608,None,space,None,None,376.2955665588379,text_03,129,8,Reading_Baseline_main_click,None,Text,42,0,42,60,60,,,,,,,,,,,06,01,yes,no,no,2025-06-25_14h18.15.835,EXNAT_4_TMS_Psychopy2024.2.5.psyexp,2024.2.5,2025-06-25 14h21.58.968910 +0200,
0,0,0,0,0,0,0,,,,,,,,,#2AB7EF,1195.9844784736633,None,space,None,None,455.75642585754395,text_03,130,8,Reading_Baseline_main_click,None,beschreibt,42,0,42,60,60,,,,,,,,,,,06,01,yes,no,no,2025-06-25_14h18.15.835,EXNAT_4_TMS_Psychopy2024.2.5.psyexp,2024.2.5,2025-06-25 14h21.58.968910 +0200,
0,0,0,0,0,0,0,,,,,,,,,#D292F3,1196.4798946380615,None,space,None,None,456.4251899719238,text_03,131,8,Reading_Baseline_main_click,None,sie,42,0,42,60,60,,,,,,,,,,,06,01,yes,no,no,2025-06-25_14h18.15.835,EXNAT_4_TMS_Psychopy2024.2.5.psyexp,2024.2.5,2025-06-25 14h21.58.968910 +0200,
0,0,0,0,0,0,0,,,,,,,,,#2AB7EF,1196.9763412475586,None,space,None,None,439.90325927734375,text_03,132,8,Reading_Baseline_main_click,None,ihn,42,0,42,60,60,,,,,,,,,,,06,01,yes,no,no,2025-06-25_14h18.15.835,EXNAT_4_TMS_Psychopy2024.2.5.psyexp,2024.2.5,2025-06-25 14h21.58.968910 +0200,
0,0,0,0,0,0,0,,,,,,,,,#F989A2,1197.455926656723,None,space,None,None,200.14667510986328,text_03,133,8,Reading_Baseline_main_click,None,als,42,0,42,60,60,,,,,,,,,,,06,01,yes,no,no,2025-06-25_14h18.15.835,EXNAT_4_TMS_Psychopy2024.2.5.psyexp,2024.2.5,2025-06-25 14h21.58.968910 +0200,
0,0,0,0,0,0,0,,,,,,,,,#2AB7EF,1197.6960999965668,None,space,None,None,424.149751663208,text_03,134,8,Reading_Baseline_main_click,None,"zurückgezogen,",42,0,42,60,60,,,,,,,,,,,06,01,yes,no,no,2025-06-25_14h18.15.835,EXNAT_4_TMS_Psychopy2024.2.5.psyexp,2024.2.5,2025-06-25 14h21.58.968910 +0200,
0,0,0,0,0,0,0,,,,,,,,,#2AB7EF,1198.1607179641724,None,space,None,None,439.33558464050293,text_03,135,8,Reading_Baseline_main_click,None,aber,42,0,42,60,60,,,,,,,,,,,06,01,yes,no,no,2025-06-25_14h18.15.835,EXNAT_4_TMS_Psychopy2024.2.5.psyexp,2024.2.5,2025-06-25 14h21.58.968910 +0200,
0,0,0,0,0,0,0,,,,,,,,,#D292F3,1198.6398837566376,None,space,None,None,360.20588874816895,text_03,136,8,Reading_Baseline_main_click,None,herzlich.,43,0,43,60,60,1198.756239414215,,,,,,,,,,06,01,yes,no,no,2025-06-25_14h18.15.835,EXNAT_4_TMS_Psychopy2024.2.5.psyexp,2024.2.5,2025-06-25 14h21.58.968910 +0200,
0,0,0,0,0,0,0,,,,,,,,,#F989A2,1199.037525177002,None,space,None,None,426.71823501586914,text_03,137,8,Reading_Baseline_main_click,None,Besonders,43,0,43,60,60,,,,,,,,,,,06,01,yes,no,no,2025-06-25_14h18.15.835,EXNAT_4_TMS_Psychopy2024.2.5.psyexp,2024.2.5,2025-06-25 14h21.58.968910 +0200,
0,0,0,0,0,0,0,,,,,,,,,#2AB7EF,1199.5032312870026,None,space,None,None,457.0610523223877,text_03,138,8,Reading_Baseline_main_click,None,bewegend,43,0,43,60,60,,,,,,,,,,,06,01,yes,no,no,2025-06-25_14h18.15.835,EXNAT_4_TMS_Psychopy2024.2.5.psyexp,2024.2.5,2025-06-25 14h21.58.968910 +0200,
0,0,0,0,0,0,0,,,,,,,,,#D292F3,1199.9994666576385,None,space,None,None,280.65037727355957,text_03,139,8,Reading_Baseline_main_click,None,"war,",43,0,43,60,60,,,,,,,,,,,06,01,yes,no,no,2025-06-25_14h18.15.835,EXNAT_4_TMS_Psychopy2024.2.5.psyexp,2024.2.5,2025-06-25 14h21.58.968910 +0200,
0,0,0,0,0,0,0,,,,,,,,,#F989A2,1200.3185794353485,None,space,None,None,473.71697425842285,text_03,140,8,Reading_Baseline_main_click,None,wie,43,0,43,60,60,,,,,,,,,,,06,01,yes,no,no,2025-06-25_14h18.15.835,EXNAT_4_TMS_Psychopy2024.2.5.psyexp,2024.2.5,2025-06-25 14h21.58.968910 +0200,
0,0,0,0,0,0,0,,,,,,,,,#88BA3F,1200.8313298225403,None,space,None,None,440.89317321777344,text_03,141,8,Reading_Baseline_main_click,None,Einstein,43,0,43,60,60,,,,,,,,,,,06,01,yes,no,no,2025-06-25_14h18.15.835,EXNAT_4_TMS_Psychopy2024.2.5.psyexp,2024.2.5,2025-06-25 14h21.58.968910 +0200,
0,0,0,0,0,0,0,,,,,,,,,#88BA3F,1201.313589334488,None,space,None,None,230.4990291595459,text_03,142,8,Reading_Baseline_main_click,None,"versuchte,",43,0,43,60,60,,,,,,,,,,,06,01,yes,no,no,2025-06-25_14h18.15.835,EXNAT_4_TMS_Psychopy2024.2.5.psyexp,2024.2.5,2025-06-25 14h21.58.968910 +0200,
0,0,0,0,0,0,0,,,,,,,,,#D292F3,1201.5822763442993,None,space,None,None,505.71608543395996,text_03,143,8,Reading_Baseline_main_click,None,seinen,43,0,43,60,60,,,,,,,,,,,06,01,yes,no,no,2025-06-25_14h18.15.835,EXNAT_4_TMS_Psychopy2024.2.5.psyexp,2024.2.5,2025-06-25 14h21.58.968910 +0200,
0,0,0,0,0,0,0,,,,,,,,,#2AB7EF,1202.124026298523,None,space,None,None,380.24330139160156,text_03,144,8,Reading_Baseline_main_click,None,traurigen,43,0,43,60,60,,,,,,,,,,,06,01,yes,no,no,2025-06-25_14h18.15.835,EXNAT_4_TMS_Psychopy2024.2.5.psyexp,2024.2.5,2025-06-25 14h21.58.968910 +0200,
0,0,0,0,0,0,0,,,,,,,,,#D292F3,1202.5454576015472,None,space,None,None,406.76283836364746,text_03,145,8,Reading_Baseline_main_click,None,Papagei,43,0,43,60,60,,,,,,,,,,,06,01,yes,no,no,2025-06-25_14h18.15.835,EXNAT_4_TMS_Psychopy2024.2.5.psyexp,2024.2.5,2025-06-25 14h21.58.968910 +0200,
0,0,0,0,0,0,0,,,,,,,,,#2AB7EF,1202.9908938407898,None,space,None,None,361.3717555999756,text_03,146,8,Reading_Baseline_main_click,None,Bibo,43,0,43,60,60,,,,,,,,,,,06,01,yes,no,no,2025-06-25_14h18.15.835,EXNAT_4_TMS_Psychopy2024.2.5.psyexp,2024.2.5,2025-06-25 14h21.58.968910 +0200,
0,0,0,0,0,0,0,,,,,,,,,#88BA3F,1203.392588853836,None,space,None,None,375.49304962158203,text_03,147,8,Reading_Baseline_main_click,None,mit,44,0,44,60,60,1203.7563631534576,,,,,,,,,,06,01,yes,no,no,2025-06-25_14h18.15.835,EXNAT_4_TMS_Psychopy2024.2.5.psyexp,2024.2.5,2025-06-25 14h21.58.968910 +0200,
0,0,0,0,0,0,0,,,,,,,,,#F989A2,1203.8067409992218,None,space,None,None,297.43123054504395,text_03,148,8,Reading_Baseline_main_click,None,Scherzen,44,0,44,60,60,,,,,,,,,,,06,01,yes,no,no,2025-06-25_14h18.15.835,EXNAT_4_TMS_Psychopy2024.2.5.psyexp,2024.2.5,2025-06-25 14h21.58.968910 +0200,
0,0,0,0,0,0,0,,,,,,,,,#D292F3,1204.1428773403168,None,space,None,None,361.32287979125977,text_03,149,8,Reading_Baseline_main_click,None,zu,44,0,44,60,60,,,,,,,,,,,06,01,yes,no,no,2025-06-25_14h18.15.835,EXNAT_4_TMS_Psychopy2024.2.5.psyexp,2024.2.5,2025-06-25 14h21.58.968910 +0200,
0,0,0,0,0,0,0,,,,,,,,,#F989A2,1204.544059753418,None,space,None,None,280.28130531311035,text_03,150,8,Reading_Baseline_main_click,None,trösten.,44,0,44,60,60,,,,,,,,,,,06,01,yes,no,no,2025-06-25_14h18.15.835,EXNAT_4_TMS_Psychopy2024.2.5.psyexp,2024.2.5,2025-06-25 14h21.58.968910 +0200,
0,0,0,0,0,0,0,,,,,,,,,,1204.8731215000153,,4,,,,text_03,,8,Reading_Baseline_main_click,,,,,,,,,Q1,d,True,,,,,,,06,01,yes,no,no,2025-06-25_14h18.15.835,EXNAT_4_TMS_Psychopy2024.2.5.psyexp,2024.2.5,2025-06-25 14h21.58.968910 +0200,
0,0,0,0,0,0,0,,,,,,,,,,1211.3530187606812,,1,,,,text_03,,8,Reading_Baseline_main_click,,,,,,,,,Q2,a,True,,,,,,,06,01,yes,no,no,2025-06-25_14h18.15.835,EXNAT_4_TMS_Psychopy2024.2.5.psyexp,2024.2.5,2025-06-25 14h21.58.968910 +0200,
0,0,0,0,0,0,0,,,,,,,,,,1215.2643191814423,,1,,,,text_03,,8,Reading_Baseline_main_click,,,,,,,,,Q3,a,True,,,,,,,06,01,yes,no,no,2025-06-25_14h18.15.835,EXNAT_4_TMS_Psychopy2024.2.5.psyexp,2024.2.5,2025-06-25 14h21.58.968910 +0200,
0,0,0,0,0,0,0,,,,,,,,,#D292F3,1221.3123106956482,None,space,None,None,711.9202613830566,text_02,1,9,Reading_Baseline_main_click,None,Ernest,45,0,45,60,60,1221.3647286891937,,,,,,,,,,06,01,yes,no,no,2025-06-25_14h18.15.835,EXNAT_4_TMS_Psychopy2024.2.5.psyexp,2024.2.5,2025-06-25 14h21.58.968910 +0200,
0,0,0,0,0,0,0,,,,,,,,,#F989A2,1222.059707403183,None,space,None,None,524.5418548583984,text_02,2,9,Reading_Baseline_main_click,None,Hemingway,45,0,45,60,60,,,,,,,,,,,06,01,yes,no,no,2025-06-25_14h18.15.835,EXNAT_4_TMS_Psychopy2024.2.5.psyexp,2024.2.5,2025-06-25 14h21.58.968910 +0200,
0,0,0,0,0,0,0,,,,,,,,,#D292F3,1222.6202819347382,None,space,None,None,331.9835662841797,text_02,3,9,Reading_Baseline_main_click,None,lebte,45,0,45,60,60,,,,,,,,,,,06,01,yes,no,no,2025-06-25_14h18.15.835,EXNAT_4_TMS_Psychopy2024.2.5.psyexp,2024.2.5,2025-06-25 14h21.58.968910 +0200,
0,0,0,0,0,0,0,,,,,,,,,#2AB7EF,1222.9884374141693,None,space,None,None,331.8653106689453,text_02,4,9,Reading_Baseline_main_click,None,rund,45,0,45,60,60,,,,,,,,,,,06,01,yes,no,no,2025-06-25_14h18.15.835,EXNAT_4_TMS_Psychopy2024.2.5.psyexp,2024.2.5,2025-06-25 14h21.58.968910 +0200,
0,0,0,0,0,0,0,,,,,,,,,#D292F3,1223.3581733703613,None,space,None,None,425.9762763977051,text_02,5,9,Reading_Baseline_main_click,None,zwanzig,45,0,45,60,60,,,,,,,,,,,06,01,yes,no,no,2025-06-25_14h18.15.835,EXNAT_4_TMS_Psychopy2024.2.5.psyexp,2024.2.5,2025-06-25 14h21.58.968910 +0200,
0,0,0,0,0,0,0,,,,,,,,,#2AB7EF,1223.823293685913,None,space,None,None,345.08442878723145,text_02,6,9,Reading_Baseline_main_click,None,Jahre,45,0,45,60,60,,,,,,,,,,,06,01,yes,no,no,2025-06-25_14h18.15.835,EXNAT_4_TMS_Psychopy2024.2.5.psyexp,2024.2.5,2025-06-25 14h21.58.968910 +0200,
0,0,0,0,0,0,0,,,,,,,,,#88BA3F,1224.2071101665497,None,space,None,None,329.19979095458984,text_02,7,9,Reading_Baseline_main_click,None,in,45,0,45,60,60,,,,,,,,,,,06,01,yes,no,no,2025-06-25_14h18.15.835,EXNAT_4_TMS_Psychopy2024.2.5.psyexp,2024.2.5,2025-06-25 14h21.58.968910 +0200,
0,0,0,0,0,0,0,,,,,,,,,#F989A2,1224.5775961875916,None,space,None,None,326.5061378479004,text_02,8,9,Reading_Baseline_main_click,None,"Kuba,",45,0,45,60,60,,,,,,,,,,,06,01,yes,no,no,2025-06-25_14h18.15.835,EXNAT_4_TMS_Psychopy2024.2.5.psyexp,2024.2.5,2025-06-25 14h21.58.968910 +0200,
0,0,0,0,0,0,0,,,,,,,,,#2AB7EF,1224.9432260990143,None,space,None,None,441.05052947998047,text_02,9,9,Reading_Baseline_main_click,None,hauptsächlich,45,0,45,60,60,,,,,,,,,,,06,01,yes,no,no,2025-06-25_14h18.15.835,EXNAT_4_TMS_Psychopy2024.2.5.psyexp,2024.2.5,2025-06-25 14h21.58.968910 +0200,
0,0,0,0,0,0,0,,,,,,,,,#88BA3F,1225.4227969646454,None,space,None,None,361.4540100097656,text_02,10,9,Reading_Baseline_main_click,None,in,45,0,45,60,60,,,,,,,,,,,06,01,yes,no,no,2025-06-25_14h18.15.835,EXNAT_4_TMS_Psychopy2024.2.5.psyexp,2024.2.5,2025-06-25 14h21.58.968910 +0200,
0,0,0,0,0,0,0,,,,,,,,,#F989A2,1225.8222723007202,None,space,None,None,330.0333023071289,text_02,11,9,Reading_Baseline_main_click,None,seinem,45,0,45,60,60,,,,,,,,,,,06,01,yes,no,no,2025-06-25_14h18.15.835,EXNAT_4_TMS_Psychopy2024.2.5.psyexp,2024.2.5,2025-06-25 14h21.58.968910 +0200,
0,0,0,0,0,0,0,,,,,,,,,#88BA3F,1226.1926639080048,None,space,None,None,343.6722755432129,text_02,12,9,Reading_Baseline_main_click,None,Haus,46,0,46,60,60,1226.3647162914276,,,,,,,,,,06,01,yes,no,no,2025-06-25_14h18.15.835,EXNAT_4_TMS_Psychopy2024.2.5.psyexp,2024.2.5,2025-06-25 14h21.58.968910 +0200,
0,0,0,0,0,0,0,,,,,,,,,#2AB7EF,1226.5747563838959,None,space,None,None,345.57127952575684,text_02,13,9,Reading_Baseline_main_click,None,Finca,46,0,46,60,60,,,,,,,,,,,06,01,yes,no,no,2025-06-25_14h18.15.835,EXNAT_4_TMS_Psychopy2024.2.5.psyexp,2024.2.5,2025-06-25 14h21.58.968910 +0200,
0,0,0,0,0,0,0,,,,,,,,,#D292F3,1226.9574520587921,None,space,None,None,458.97459983825684,text_02,14,9,Reading_Baseline_main_click,None,Vigía,46,0,46,60,60,,,,,,,,,,,06,01,yes,no,no,2025-06-25_14h18.15.835,EXNAT_4_TMS_Psychopy2024.2.5.psyexp,2024.2.5,2025-06-25 14h21.58.968910 +0200,
0,0,0,0,0,0,0,,,,,,,,,#D292F3,1227.453446149826,None,space,None,None,362.65063285827637,text_02,15,9,Reading_Baseline_main_click,None,bei,46,0,46,60,60,,,,,,,,,,,06,01,yes,no,no,2025-06-25_14h18.15.835,EXNAT_4_TMS_Psychopy2024.2.5.psyexp,2024.2.5,2025-06-25 14h21.58.968910 +0200,
0,0,0,0,0,0,0,,,,,,,,,#F989A2,1227.8535885810852,None,space,None,None,410.51435470581055,text_02,16,9,Reading_Baseline_main_click,None,Havanna.,46,0,46,60,60,,,,,,,,,,,06,01,yes,no,no,2025-06-25_14h18.15.835,EXNAT_4_TMS_Psychopy2024.2.5.psyexp,2024.2.5,2025-06-25 14h21.58.968910 +0200,
0,0,0,0,0,0,0,,,,,,,,,#F989A2,1228.301845550537,None,space,None,None,746.4361190795898,text_02,17,9,Reading_Baseline_main_click,None,Dort,46,0,46,60,60,,,,,,,,,,,06,01,yes,no,no,2025-06-25_14h18.15.835,EXNAT_4_TMS_Psychopy2024.2.5.psyexp,2024.2.5,2025-06-25 14h21.58.968910 +0200,
0,0,0,0,0,0,0,,,,,,,,,#88BA3F,1229.0876007080078,None,space,None,None,504.51159477233887,text_02,18,9,Reading_Baseline_main_click,None,lagern,46,0,46,60,60,,,,,,,,,,,06,01,yes,no,no,2025-06-25_14h18.15.835,EXNAT_4_TMS_Psychopy2024.2.5.psyexp,2024.2.5,2025-06-25 14h21.58.968910 +0200,
0,0,0,0,0,0,0,,,,,,,,,#2AB7EF,1229.6317074298859,None,space,None,None,392.4837112426758,text_02,19,9,Reading_Baseline_main_click,None,etwa,46,0,46,60,60,,,,,,,,,,,06,01,yes,no,no,2025-06-25_14h18.15.835,EXNAT_4_TMS_Psychopy2024.2.5.psyexp,2024.2.5,2025-06-25 14h21.58.968910 +0200,
0,0,0,0,0,0,0,,,,,,,,,#2AB7EF,1230.0639038085938,None,space,None,None,536.3655090332031,text_02,20,9,Reading_Baseline_main_click,None,3000,46,0,46,60,60,,,,,,,,,,,06,01,yes,no,no,2025-06-25_14h18.15.835,EXNAT_4_TMS_Psychopy2024.2.5.psyexp,2024.2.5,2025-06-25 14h21.58.968910 +0200,
0,0,0,0,0,0,0,,,,,,,,,#88BA3F,1230.6430623531342,None,space,None,None,293.0159568786621,text_02,21,9,Reading_Baseline_main_click,None,Manuskripte,46,0,46,60,60,,,,,,,,,,,06,01,yes,no,no,2025-06-25_14h18.15.835,EXNAT_4_TMS_Psychopy2024.2.5.psyexp,2024.2.5,2025-06-25 14h21.58.968910 +0200,
0,0,0,0,0,0,0,,,,,,,,,#88BA3F,1230.9771497249603,None,space,None,None,359.16590690612793,text_02,22,9,Reading_Baseline_main_click,None,des,46,0,46,60,60,,,,,,,,,,,06,01,yes,no,no,2025-06-25_14h18.15.835,EXNAT_4_TMS_Psychopy2024.2.5.psyexp,2024.2.5,2025-06-25 14h21.58.968910 +0200,
0,0,0,0,0,0,0,,,,,,,,,#D292F3,1231.3752875328064,None,space,None,None,312.85595893859863,text_02,23,9,Reading_Baseline_main_click,None,"Autors,",47,0,47,60,60,1231.442481994629,,,,,,,,,,06,01,yes,no,no,2025-06-25_14h18.15.835,EXNAT_4_TMS_Psychopy2024.2.5.psyexp,2024.2.5,2025-06-25 14h21.58.968910 +0200,
0,0,0,0,0,0,0,,,,,,,,,#F989A2,1231.7270996570587,None,space,None,None,329.0441036224365,text_02,24,9,Reading_Baseline_main_click,None,die,47,0,47,60,60,,,,,,,,,,,06,01,yes,no,no,2025-06-25_14h18.15.835,EXNAT_4_TMS_Psychopy2024.2.5.psyexp,2024.2.5,2025-06-25 14h21.58.968910 +0200,
0,0,0,0,0,0,0,,,,,,,,,#D292F3,1232.0948777198792,None,space,None,None,201.22647285461426,text_02,25,9,Reading_Baseline_main_click,None,nach,47,0,47,60,60,,,,,,,,,,,06,01,yes,no,no,2025-06-25_14h18.15.835,EXNAT_4_TMS_Psychopy2024.2.5.psyexp,2024.2.5,2025-06-25 14h21.58.968910 +0200,
0,0,0,0,0,0,0,,,,,,,,,#F989A2,1232.334153175354,None,space,None,None,314.07690048217773,text_02,26,9,Reading_Baseline_main_click,None,und,47,0,47,60,60,,,,,,,,,,,06,01,yes,no,no,2025-06-25_14h18.15.835,EXNAT_4_TMS_Psychopy2024.2.5.psyexp,2024.2.5,2025-06-25 14h21.58.968910 +0200,
0,0,0,0,0,0,0,,,,,,,,,#88BA3F,1232.685822725296,None,space,None,None,266.3559913635254,text_02,27,9,Reading_Baseline_main_click,None,nach,47,0,47,60,60,,,,,,,,,,,06,01,yes,no,no,2025-06-25_14h18.15.835,EXNAT_4_TMS_Psychopy2024.2.5.psyexp,2024.2.5,2025-06-25 14h21.58.968910 +0200,
0,0,0,0,0,0,0,,,,,,,,,#2AB7EF,1232.9903848171234,None,space,None,None,378.02791595458984,text_02,28,9,Reading_Baseline_main_click,None,digitalisiert,47,0,47,60,60,,,,,,,,,,,06,01,yes,no,no,2025-06-25_14h18.15.835,EXNAT_4_TMS_Psychopy2024.2.5.psyexp,2024.2.5,2025-06-25 14h21.58.968910 +0200,
0,0,0,0,0,0,0,,,,,,,,,#D292F3,1233.4071700572968,None,space,None,None,297.2121238708496,text_02,29,9,Reading_Baseline_main_click,None,wurden.,47,0,47,60,60,,,,,,,,,,,06,01,yes,no,no,2025-06-25_14h18.15.835,EXNAT_4_TMS_Psychopy2024.2.5.psyexp,2024.2.5,2025-06-25 14h21.58.968910 +0200,
0,0,0,0,0,0,0,,,,,,,,,#D292F3,1233.7434883117676,None,space,None,None,296.7846393585205,text_02,30,9,Reading_Baseline_main_click,None,Viele,47,0,47,60,60,,,,,,,,,,,06,01,yes,no,no,2025-06-25_14h18.15.835,EXNAT_4_TMS_Psychopy2024.2.5.psyexp,2024.2.5,2025-06-25 14h21.58.968910 +0200,
0,0,0,0,0,0,0,,,,,,,,,#88BA3F,1234.0787153244019,None,space,None,None,169.3258285522461,text_02,31,9,Reading_Baseline_main_click,None,davon,47,0,47,60,60,,,,,,,,,,,06,01,yes,no,no,2025-06-25_14h18.15.835,EXNAT_4_TMS_Psychopy2024.2.5.psyexp,2024.2.5,2025-06-25 14h21.58.968910 +0200,
0,0,0,0,0,0,0,,,,,,,,,#2AB7EF,1234.2846596240997,None,space,None,None,363.480806350708,text_02,32,9,Reading_Baseline_main_click,None,sind,47,0,47,60,60,,,,,,,,,,,06,01,yes,no,no,2025-06-25_14h18.15.835,EXNAT_4_TMS_Psychopy2024.2.5.psyexp,2024.2.5,2025-06-25 14h21.58.968910 +0200,
0,0,0,0,0,0,0,,,,,,,,,#F989A2,1234.6866731643677,None,space,None,None,201.40981674194336,text_02,33,9,Reading_Baseline_main_click,None,bislang,47,0,47,60,60,,,,,,,,,,,06,01,yes,no,no,2025-06-25_14h18.15.835,EXNAT_4_TMS_Psychopy2024.2.5.psyexp,2024.2.5,2025-06-25 14h21.58.968910 +0200,
0,0,0,0,0,0,0,,,,,,,,,#2AB7EF,1234.9283084869385,None,space,None,None,327.9736042022705,text_02,34,9,Reading_Baseline_main_click,None,unveröffentlicht.,47,0,47,60,60,,,,,,,,,,,06,01,yes,no,no,2025-06-25_14h18.15.835,EXNAT_4_TMS_Psychopy2024.2.5.psyexp,2024.2.5,2025-06-25 14h21.58.968910 +0200,
0,0,0,0,0,0,0,,,,,,,,,#88BA3F,1235.2954149246216,None,space,None,None,440.8092498779297,text_02,35,9,Reading_Baseline_main_click,None,Nun,47,0,47,60,60,,,,,,,,,,,06,01,yes,no,no,2025-06-25_14h18.15.835,EXNAT_4_TMS_Psychopy2024.2.5.psyexp,2024.2.5,2025-06-25 14h21.58.968910 +0200,
0,0,0,0,0,0,0,,,,,,,,,#88BA3F,1235.7739181518555,None,space,None,None,362.3156547546387,text_02,36,9,Reading_Baseline_main_click,None,sollen,47,0,47,60,60,,,,,,,,,,,06,01,yes,no,no,2025-06-25_14h18.15.835,EXNAT_4_TMS_Psychopy2024.2.5.psyexp,2024.2.5,2025-06-25 14h21.58.968910 +0200,
0,0,0,0,0,0,0,,,,,,,,,#88BA3F,1236.1733753681183,None,space,None,None,362.87808418273926,text_02,37,9,Reading_Baseline_main_click,None,sie,48,0,48,60,60,1236.4424817562103,,,,,,,,,,06,01,yes,no,no,2025-06-25_14h18.15.835,EXNAT_4_TMS_Psychopy2024.2.5.psyexp,2024.2.5,2025-06-25 14h21.58.968910 +0200,
0,0,0,0,0,0,0,,,,,,,,,#2AB7EF,1236.5769696235657,None,space,None,None,311.2061023712158,text_02,38,9,Reading_Baseline_main_click,None,zunächst,48,0,48,60,60,,,,,,,,,,,06,01,yes,no,no,2025-06-25_14h18.15.835,EXNAT_4_TMS_Psychopy2024.2.5.psyexp,2024.2.5,2025-06-25 14h21.58.968910 +0200,
0,0,0,0,0,0,0,,,,,,,,,#F989A2,1236.9272692203522,None,space,None,None,184.81779098510742,text_02,39,9,Reading_Baseline_main_click,None,in,48,0,48,60,60,,,,,,,,,,,06,01,yes,no,no,2025-06-25_14h18.15.835,EXNAT_4_TMS_Psychopy2024.2.5.psyexp,2024.2.5,2025-06-25 14h21.58.968910 +0200,
0,0,0,0,0,0,0,,,,,,,,,#D292F3,1237.152024269104,None,space,None,None,408.2643985748291,text_02,40,9,Reading_Baseline_main_click,None,Kuba,48,0,48,60,60,,,,,,,,,,,06,01,yes,no,no,2025-06-25_14h18.15.835,EXNAT_4_TMS_Psychopy2024.2.5.psyexp,2024.2.5,2025-06-25 14h21.58.968910 +0200,
0,0,0,0,0,0,0,,,,,,,,,#88BA3F,1237.5984251499176,None,space,None,None,409.8696708679199,text_02,41,9,Reading_Baseline_main_click,None,ausgestellt,48,0,48,60,60,,,,,,,,,,,06,01,yes,no,no,2025-06-25_14h18.15.835,EXNAT_4_TMS_Psychopy2024.2.5.psyexp,2024.2.5,2025-06-25 14h21.58.968910 +0200,
0,0,0,0,0,0,0,,,,,,,,,#D292F3,1238.045090675354,None,space,None,None,395.1578140258789,text_02,42,9,Reading_Baseline_main_click,None,und,48,0,48,60,60,,,,,,,,,,,06,01,yes,no,no,2025-06-25_14h18.15.835,EXNAT_4_TMS_Psychopy2024.2.5.psyexp,2024.2.5,2025-06-25 14h21.58.968910 +0200,
0,0,0,0,0,0,0,,,,,,,,,#88BA3F,1238.478414773941,None,space,None,None,169.6014404296875,text_02,43,9,Reading_Baseline_main_click,None,später,48,0,48,60,60,,,,,,,,,,,06,01,yes,no,no,2025-06-25_14h18.15.835,EXNAT_4_TMS_Psychopy2024.2.5.psyexp,2024.2.5,2025-06-25 14h21.58.968910 +0200,
0,0,0,0,0,0,0,,,,,,,,,#F989A2,1238.6874902248383,None,space,None,None,296.7259883880615,text_02,44,9,Reading_Baseline_main_click,None,der,48,0,48,60,60,,,,,,,,,,,06,01,yes,no,no,2025-06-25_14h18.15.835,EXNAT_4_TMS_Psychopy2024.2.5.psyexp,2024.2.5,2025-06-25 14h21.58.968910 +0200,
0,0,0,0,0,0,0,,,,,,,,,#2AB7EF,1239.0225005149841,None,space,None,None,393.5837745666504,text_02,45,9,Reading_Baseline_main_click,None,Bibliothek,48,0,48,60,60,,,,,,,,,,,06,01,yes,no,no,2025-06-25_14h18.15.835,EXNAT_4_TMS_Psychopy2024.2.5.psyexp,2024.2.5,2025-06-25 14h21.58.968910 +0200,
0,0,0,0,0,0,0,,,,,,,,,#D292F3,1239.4530441761017,None,space,None,None,507.2340965270996,text_02,46,9,Reading_Baseline_main_click,None,in,48,0,48,60,60,,,,,,,,,,,06,01,yes,no,no,2025-06-25_14h18.15.835,EXNAT_4_TMS_Psychopy2024.2.5.psyexp,2024.2.5,2025-06-25 14h21.58.968910 +0200,
0,0,0,0,0,0,0,,,,,,,,,#2AB7EF,1240.0006449222565,None,space,None,None,359.60984230041504,text_02,47,9,Reading_Baseline_main_click,None,Boston,48,0,48,60,60,,,,,,,,,,,06,01,yes,no,no,2025-06-25_14h18.15.835,EXNAT_4_TMS_Psychopy2024.2.5.psyexp,2024.2.5,2025-06-25 14h21.58.968910 +0200,
0,0,0,0,0,0,0,,,,,,,,,#F989A2,1240.4017696380615,None,space,None,None,374.4347095489502,text_02,48,9,Reading_Baseline_main_click,None,übergeben,48,0,48,60,60,,,,,,,,,,,06,01,yes,no,no,2025-06-25_14h18.15.835,EXNAT_4_TMS_Psychopy2024.2.5.psyexp,2024.2.5,2025-06-25 14h21.58.968910 +0200,
0,0,0,0,0,0,0,,,,,,,,,#2AB7EF,1240.814965724945,None,space,None,None,361.1464500427246,text_02,49,9,Reading_Baseline_main_click,None,werden.,48,0,48,60,60,,,,,,,,,,,06,01,yes,no,no,2025-06-25_14h18.15.835,EXNAT_4_TMS_Psychopy2024.2.5.psyexp,2024.2.5,2025-06-25 14h21.58.968910 +0200,
0,0,0,0,0,0,0,,,,,,,,,#F989A2,1241.2170538902283,None,space,None,None,391.1867141723633,text_02,50,9,Reading_Baseline_main_click,None,Bereits,49,0,49,60,60,1241.4424288272858,,,,,,,,,,06,01,yes,no,no,2025-06-25_14h18.15.835,EXNAT_4_TMS_Psychopy2024.2.5.psyexp,2024.2.5,2025-06-25 14h21.58.968910 +0200,
0,0,0,0,0,0,0,,,,,,,,,#2AB7EF,1241.6510043144226,None,space,None,None,133.073091506958,text_02,51,9,Reading_Baseline_main_click,None,2002,49,0,49,60,60,,,,,,,,,,,06,01,yes,no,no,2025-06-25_14h18.15.835,EXNAT_4_TMS_Psychopy2024.2.5.psyexp,2024.2.5,2025-06-25 14h21.58.968910 +0200,
0,0,0,0,0,0,0,,,,,,,,,#F989A2,1241.8261680603027,None,space,None,None,485.9950542449951,text_02,52,9,Reading_Baseline_main_click,None,wurde,49,0,49,60,60,,,,,,,,,,,06,01,yes,no,no,2025-06-25_14h18.15.835,EXNAT_4_TMS_Psychopy2024.2.5.psyexp,2024.2.5,2025-06-25 14h21.58.968910 +0200,
0,0,0,0,0,0,0,,,,,,,,,#2AB7EF,1242.3500187397003,None,space,None,None,362.1079921722412,text_02,53,9,Reading_Baseline_main_click,None,die,49,0,49,60,60,,,,,,,,,,,06,01,yes,no,no,2025-06-25_14h18.15.835,EXNAT_4_TMS_Psychopy2024.2.5.psyexp,2024.2.5,2025-06-25 14h21.58.968910 +0200,
0,0,0,0,0,0,0,,,,,,,,,#88BA3F,1242.7530255317688,None,space,None,None,487.2171878814697,text_02,54,9,Reading_Baseline_main_click,None,Digitalisierung,49,0,49,60,60,,,,,,,,,,,06,01,yes,no,no,2025-06-25_14h18.15.835,EXNAT_4_TMS_Psychopy2024.2.5.psyexp,2024.2.5,2025-06-25 14h21.58.968910 +0200,
0,0,0,0,0,0,0,,,,,,,,,#2AB7EF,1243.2814092636108,None,space,None,None,358.9000701904297,text_02,55,9,Reading_Baseline_main_click,None,zwischen,49,0,49,60,60,,,,,,,,,,,06,01,yes,no,no,2025-06-25_14h18.15.835,EXNAT_4_TMS_Psychopy2024.2.5.psyexp,2024.2.5,2025-06-25 14h21.58.968910 +0200,
0,0,0,0,0,0,0,,,,,,,,,#D292F3,1243.6798865795135,None,space,None,None,328.4180164337158,text_02,56,9,Reading_Baseline_main_click,None,Kuba,49,0,49,60,60,,,,,,,,,,,06,01,yes,no,no,2025-06-25_14h18.15.835,EXNAT_4_TMS_Psychopy2024.2.5.psyexp,2024.2.5,2025-06-25 14h21.58.968910 +0200,
0,0,0,0,0,0,0,,,,,,,,,#D292F3,1244.0479114055634,None,space,None,None,344.21372413635254,text_02,57,9,Reading_Baseline_main_click,None,und,49,0,49,60,60,,,,,,,,,,,06,01,yes,no,no,2025-06-25_14h18.15.835,EXNAT_4_TMS_Psychopy2024.2.5.psyexp,2024.2.5,2025-06-25 14h21.58.968910 +0200,
0,0,0,0,0,0,0,,,,,,,,,#88BA3F,1244.431631565094,None,space,None,None,312.4570846557617,text_02,58,9,Reading_Baseline_main_click,None,den,49,0,49,60,60,,,,,,,,,,,06,01,yes,no,no,2025-06-25_14h18.15.835,EXNAT_4_TMS_Psychopy2024.2.5.psyexp,2024.2.5,2025-06-25 14h21.58.968910 +0200,
0,0,0,0,0,0,0,,,,,,,,,#D292F3,1244.7834289073944,None,space,None,None,392.8332328796387,text_02,59,9,Reading_Baseline_main_click,None,USA,49,0,49,60,60,,,,,,,,,,,06,01,yes,no,no,2025-06-25_14h18.15.835,EXNAT_4_TMS_Psychopy2024.2.5.psyexp,2024.2.5,2025-06-25 14h21.58.968910 +0200,
0,0,0,0,0,0,0,,,,,,,,,#2AB7EF,1245.2160551548004,None,space,None,None,376.1773109436035,text_02,60,9,Reading_Baseline_main_click,None,vereinbart.,49,0,49,60,60,,,,,,,,,,,06,01,yes,no,no,2025-06-25_14h18.15.835,EXNAT_4_TMS_Psychopy2024.2.5.psyexp,2024.2.5,2025-06-25 14h21.58.968910 +0200,
0,0,0,0,0,0,0,,,,,,,,,#88BA3F,1245.631820678711,None,space,None,None,1000.4961490631104,text_02,61,9,Reading_Baseline_main_click,None,Laut,50,0,50,60,60,1246.4424743652344,,,,,,,,,,06,01,yes,no,no,2025-06-25_14h18.15.835,EXNAT_4_TMS_Psychopy2024.2.5.psyexp,2024.2.5,2025-06-25 14h21.58.968910 +0200,
0,0,0,0,0,0,0,,,,,,,,,#F989A2,1246.6711077690125,None,space,None,None,601.1974811553955,text_02,62,9,Reading_Baseline_main_click,None,der,50,0,50,60,60,,,,,,,,,,,06,01,yes,no,no,2025-06-25_14h18.15.835,EXNAT_4_TMS_Psychopy2024.2.5.psyexp,2024.2.5,2025-06-25 14h21.58.968910 +0200,
0,0,0,0,0,0,0,,,,,,,,,#2AB7EF,1247.3130114078522,None,space,None,None,455.13200759887695,text_02,63,9,Reading_Baseline_main_click,None,""New,50,0,50,60,60,,,,,,,,,,,06,01,yes,no,no,2025-06-25_14h18.15.835,EXNAT_4_TMS_Psychopy2024.2.5.psyexp,2024.2.5,2025-06-25 14h21.58.968910 +0200,
0,0,0,0,0,0,0,,,,,,,,,#D292F3,1247.808345079422,None,space,None,None,439.90564346313477,text_02,64,9,Reading_Baseline_main_click,None,York,50,0,50,60,60,,,,,,,,,,,06,01,yes,no,no,2025-06-25_14h18.15.835,EXNAT_4_TMS_Psychopy2024.2.5.psyexp,2024.2.5,2025-06-25 14h21.58.968910 +0200,
0,0,0,0,0,0,0,,,,,,,,,#D292F3,1248.2873086929321,None,space,None,None,440.87982177734375,text_02,65,9,Reading_Baseline_main_click,None,Times"",50,0,50,60,60,,,,,,,,,,,06,01,yes,no,no,2025-06-25_14h18.15.835,EXNAT_4_TMS_Psychopy2024.2.5.psyexp,2024.2.5,2025-06-25 14h21.58.968910 +0200,
0,0,0,0,0,0,0,,,,,,,,,#2AB7EF,1248.7674596309662,None,space,None,None,392.8849697113037,text_02,66,9,Reading_Baseline_main_click,None,befinden,50,0,50,60,60,,,,,,,,,,,06,01,yes,no,no,2025-06-25_14h18.15.835,EXNAT_4_TMS_Psychopy2024.2.5.psyexp,2024.2.5,2025-06-25 14h21.58.968910 +0200,
0,0,0,0,0,0,0,,,,,,,,,#88BA3F,1249.2005095481873,None,space,None,None,407.7596664428711,text_02,67,9,Reading_Baseline_main_click,None,sich,50,0,50,60,60,,,,,,,,,,,06,01,yes,no,no,2025-06-25_14h18.15.835,EXNAT_4_TMS_Psychopy2024.2.5.psyexp,2024.2.5,2025-06-25 14h21.58.968910 +0200,
0,0,0,0,0,0,0,,,,,,,,,#D292F3,1249.6458854675293,None,space,None,None,378.3426284790039,text_02,68,9,Reading_Baseline_main_click,None,unter,50,0,50,60,60,,,,,,,,,,,06,01,yes,no,no,2025-06-25_14h18.15.835,EXNAT_4_TMS_Psychopy2024.2.5.psyexp,2024.2.5,2025-06-25 14h21.58.968910 +0200,
0,0,0,0,0,0,0,,,,,,,,,#F989A2,1250.062316417694,None,space,None,None,345.9339141845703,text_02,69,9,Reading_Baseline_main_click,None,den,50,0,50,60,60,,,,,,,,,,,06,01,yes,no,no,2025-06-25_14h18.15.835,EXNAT_4_TMS_Psychopy2024.2.5.psyexp,2024.2.5,2025-06-25 14h21.58.968910 +0200,
0,0,0,0,0,0,0,,,,,,,,,#F989A2,1250.4475028514862,None,space,None,None,328.80258560180664,text_02,70,9,Reading_Baseline_main_click,None,Dokumenten,50,0,50,60,60,,,,,,,,,,,06,01,yes,no,no,2025-06-25_14h18.15.835,EXNAT_4_TMS_Psychopy2024.2.5.psyexp,2024.2.5,2025-06-25 14h21.58.968910 +0200,
0,0,0,0,0,0,0,,,,,,,,,#88BA3F,1250.8162801265717,None,space,None,None,360.0046634674072,text_02,71,9,Reading_Baseline_main_click,None,"Notizen,",50,0,50,60,60,,,,,,,,,,,06,01,yes,no,no,2025-06-25_14h18.15.835,EXNAT_4_TMS_Psychopy2024.2.5.psyexp,2024.2.5,2025-06-25 14h21.58.968910 +0200,
0,0,0,0,0,0,0,,,,,,,,,#2AB7EF,1251.2149333953857,None,space,None,None,393.3703899383545,text_02,72,9,Reading_Baseline_main_click,None,Briefe,51,0,51,60,60,1251.4425404071808,,,,,,,,,,06,01,yes,no,no,2025-06-25_14h18.15.835,EXNAT_4_TMS_Psychopy2024.2.5.psyexp,2024.2.5,2025-06-25 14h21.58.968910 +0200,
0,0,0,0,0,0,0,,,,,,,,,#D292F3,1251.6481258869171,None,space,None,None,328.0332088470459,text_02,73,9,Reading_Baseline_main_click,None,und,51,0,51,60,60,,,,,,,,,,,06,01,yes,no,no,2025-06-25_14h18.15.835,EXNAT_4_TMS_Psychopy2024.2.5.psyexp,2024.2.5,2025-06-25 14h21.58.968910 +0200,
0,0,0,0,0,0,0,,,,,,,,,#88BA3F,1252.015516281128,None,space,None,None,600.731372833252,text_02,74,9,Reading_Baseline_main_click,None,"Entwürfe,",51,0,51,60,60,,,,,,,,,,,06,01,yes,no,no,2025-06-25_14h18.15.835,EXNAT_4_TMS_Psychopy2024.2.5.psyexp,2024.2.5,2025-06-25 14h21.58.968910 +0200,
0,0,0,0,0,0,0,,,,,,,,,#F989A2,1252.6560719013214,None,space,None,None,488.29102516174316,text_02,75,9,Reading_Baseline_main_click,None,die,51,0,51,60,60,,,,,,,,,,,06,01,yes,no,no,2025-06-25_14h18.15.835,EXNAT_4_TMS_Psychopy2024.2.5.psyexp,2024.2.5,2025-06-25 14h21.58.968910 +0200,
0,0,0,0,0,0,0,,,,,,,,,#88BA3F,1253.185382604599,None,space,None,None,166.67509078979492,text_02,76,9,Reading_Baseline_main_click,None,teilweise,51,0,51,60,60,,,,,,,,,,,06,01,yes,no,no,2025-06-25_14h18.15.835,EXNAT_4_TMS_Psychopy2024.2.5.psyexp,2024.2.5,2025-06-25 14h21.58.968910 +0200,
0,0,0,0,0,0,0,,,,,,,,,#F989A2,1253.3912498950958,None,space,None,None,393.08810234069824,text_02,77,9,Reading_Baseline_main_click,None,auf,51,0,51,60,60,,,,,,,,,,,06,01,yes,no,no,2025-06-25_14h18.15.835,EXNAT_4_TMS_Psychopy2024.2.5.psyexp,2024.2.5,2025-06-25 14h21.58.968910 +0200,
0,0,0,0,0,0,0,,,,,,,,,#88BA3F,1253.8228521347046,None,space,None,None,393.41020584106445,text_02,78,9,Reading_Baseline_main_click,None,lose,51,0,51,60,60,,,,,,,,,,,06,01,yes,no,no,2025-06-25_14h18.15.835,EXNAT_4_TMS_Psychopy2024.2.5.psyexp,2024.2.5,2025-06-25 14h21.58.968910 +0200,
0,0,0,0,0,0,0,,,,,,,,,#2AB7EF,1254.2561202049255,None,space,None,None,360.13031005859375,text_02,79,9,Reading_Baseline_main_click,None,Blätter,51,0,51,60,60,,,,,,,,,,,06,01,yes,no,no,2025-06-25_14h18.15.835,EXNAT_4_TMS_Psychopy2024.2.5.psyexp,2024.2.5,2025-06-25 14h21.58.968910 +0200,
0,0,0,0,0,0,0,,,,,,,,,#2AB7EF,1254.657116651535,None,space,None,None,599.189043045044,text_02,80,9,Reading_Baseline_main_click,None,geschrieben,51,0,51,60,60,,,,,,,,,,,06,01,yes,no,no,2025-06-25_14h18.15.835,EXNAT_4_TMS_Psychopy2024.2.5.psyexp,2024.2.5,2025-06-25 14h21.58.968910 +0200,
0,0,0,0,0,0,0,,,,,,,,,#2AB7EF,1255.2969298362732,None,space,None,None,375.46396255493164,text_02,81,9,Reading_Baseline_main_click,None,wurden.,51,0,51,60,60,,,,,,,,,,,06,01,yes,no,no,2025-06-25_14h18.15.835,EXNAT_4_TMS_Psychopy2024.2.5.psyexp,2024.2.5,2025-06-25 14h21.58.968910 +0200,
0,0,0,0,0,0,0,,,,,,,,,#F989A2,1255.7121481895447,None,space,None,None,696.054220199585,text_02,82,9,Reading_Baseline_main_click,None,Hemingway,51,0,51,60,60,,,,,,,,,,,06,01,yes,no,no,2025-06-25_14h18.15.835,EXNAT_4_TMS_Psychopy2024.2.5.psyexp,2024.2.5,2025-06-25 14h21.58.968910 +0200,
0,0,0,0,0,0,0,,,,,,,,,#D292F3,1256.4480323791504,None,space,None,None,488.2655143737793,text_02,83,9,Reading_Baseline_main_click,None,schrieb,52,0,52,60,60,1256.510938167572,,,,,,,,,,06,01,yes,no,no,2025-06-25_14h18.15.835,EXNAT_4_TMS_Psychopy2024.2.5.psyexp,2024.2.5,2025-06-25 14h21.58.968910 +0200,
0,0,0,0,0,0,0,,,,,,,,,#D292F3,1256.9767365455627,None,space,None,None,263.5536193847656,text_02,84,9,Reading_Baseline_main_click,None,auf,52,0,52,60,60,,,,,,,,,,,06,01,yes,no,no,2025-06-25_14h18.15.835,EXNAT_4_TMS_Psychopy2024.2.5.psyexp,2024.2.5,2025-06-25 14h21.58.968910 +0200,
0,0,0,0,0,0,0,,,,,,,,,#F989A2,1257.2816083431244,None,space,None,None,342.665433883667,text_02,85,9,Reading_Baseline_main_click,None,Kuba,52,0,52,60,60,,,,,,,,,,,06,01,yes,no,no,2025-06-25_14h18.15.835,EXNAT_4_TMS_Psychopy2024.2.5.psyexp,2024.2.5,2025-06-25 14h21.58.968910 +0200,
0,0,0,0,0,0,0,,,,,,,,,#F989A2,1257.6635932922363,None,space,None,None,312.5622272491455,text_02,86,9,Reading_Baseline_main_click,None,seine,52,0,52,60,60,,,,,,,,,,,06,01,yes,no,no,2025-06-25_14h18.15.835,EXNAT_4_TMS_Psychopy2024.2.5.psyexp,2024.2.5,2025-06-25 14h21.58.968910 +0200,
0,0,0,0,0,0,0,,,,,,,,,#2AB7EF,1258.017113685608,None,space,None,None,295.14336585998535,text_02,87,9,Reading_Baseline_main_click,None,berühmte,52,0,52,60,60,,,,,,,,,,,06,01,yes,no,no,2025-06-25_14h18.15.835,EXNAT_4_TMS_Psychopy2024.2.5.psyexp,2024.2.5,2025-06-25 14h21.58.968910 +0200,
0,0,0,0,0,0,0,,,,,,,,,#2AB7EF,1258.3520758152008,None,space,None,None,408.1704616546631,text_02,88,9,Reading_Baseline_main_click,None,Novelle,52,0,52,60,60,,,,,,,,,,,06,01,yes,no,no,2025-06-25_14h18.15.835,EXNAT_4_TMS_Psychopy2024.2.5.psyexp,2024.2.5,2025-06-25 14h21.58.968910 +0200,
0,0,0,0,0,0,0,,,,,,,,,#F989A2,1258.7988500595093,None,space,None,None,345.24083137512207,text_02,89,9,Reading_Baseline_main_click,None,""Der,52,0,52,60,60,,,,,,,,,,,06,01,yes,no,no,2025-06-25_14h18.15.835,EXNAT_4_TMS_Psychopy2024.2.5.psyexp,2024.2.5,2025-06-25 14h21.58.968910 +0200,
0,0,0,0,0,0,0,,,,,,,,,#D292F3,1259.1823267936707,None,space,None,None,362.046480178833,text_02,90,9,Reading_Baseline_main_click,None,alte,52,0,52,60,60,,,,,,,,,,,06,01,yes,no,no,2025-06-25_14h18.15.835,EXNAT_4_TMS_Psychopy2024.2.5.psyexp,2024.2.5,2025-06-25 14h21.58.968910 +0200,
0,0,0,0,0,0,0,,,,,,,,,#D292F3,1259.5817947387695,None,space,None,None,330.4266929626465,text_02,91,9,Reading_Baseline_main_click,None,Mann,52,0,52,60,60,,,,,,,,,,,06,01,yes,no,no,2025-06-25_14h18.15.835,EXNAT_4_TMS_Psychopy2024.2.5.psyexp,2024.2.5,2025-06-25 14h21.58.968910 +0200,
0,0,0,0,0,0,0,,,,,,,,,#88BA3F,1259.9483885765076,None,space,None,None,299.99470710754395,text_02,92,9,Reading_Baseline_main_click,None,und,52,0,52,60,60,,,,,,,,,,,06,01,yes,no,no,2025-06-25_14h18.15.835,EXNAT_4_TMS_Psychopy2024.2.5.psyexp,2024.2.5,2025-06-25 14h21.58.968910 +0200,
0,0,0,0,0,0,0,,,,,,,,,#88BA3F,1260.286746263504,None,space,None,None,281.5062999725342,text_02,93,9,Reading_Baseline_main_click,None,das,52,0,52,60,60,,,,,,,,,,,06,01,yes,no,no,2025-06-25_14h18.15.835,EXNAT_4_TMS_Psychopy2024.2.5.psyexp,2024.2.5,2025-06-25 14h21.58.968910 +0200,
0,0,0,0,0,0,0,,,,,,,,,#88BA3F,1260.6069207191467,None,space,None,None,265.1979923248291,text_02,94,9,Reading_Baseline_main_click,None,"Meer"",",52,0,52,60,60,,,,,,,,,,,06,01,yes,no,no,2025-06-25_14h18.15.835,EXNAT_4_TMS_Psychopy2024.2.5.psyexp,2024.2.5,2025-06-25 14h21.58.968910 +0200,
0,0,0,0,0,0,0,,,,,,,,,#2AB7EF,1260.9118041992188,None,space,None,None,392.3921585083008,text_02,95,9,Reading_Baseline_main_click,None,in,52,0,52,60,60,,,,,,,,,,,06,01,yes,no,no,2025-06-25_14h18.15.835,EXNAT_4_TMS_Psychopy2024.2.5.psyexp,2024.2.5,2025-06-25 14h21.58.968910 +0200,
0,0,0,0,0,0,0,,,,,,,,,#D292F3,1261.3431935310364,None,space,None,None,297.06525802612305,text_02,96,9,Reading_Baseline_main_click,None,der,53,0,53,60,60,1261.5108890533447,,,,,,,,,,06,01,yes,no,no,2025-06-25_14h18.15.835,EXNAT_4_TMS_Psychopy2024.2.5.psyexp,2024.2.5,2025-06-25 14h21.58.968910 +0200,
0,0,0,0,0,0,0,,,,,,,,,#F989A2,1261.678729057312,None,space,None,None,233.34574699401855,text_02,97,9,Reading_Baseline_main_click,None,ein,53,0,53,60,60,,,,,,,,,,,06,01,yes,no,no,2025-06-25_14h18.15.835,EXNAT_4_TMS_Psychopy2024.2.5.psyexp,2024.2.5,2025-06-25 14h21.58.968910 +0200,
0,0,0,0,0,0,0,,,,,,,,,#2AB7EF,1261.9503245353699,None,space,None,None,409.8193645477295,text_02,98,9,Reading_Baseline_main_click,None,Fischer,53,0,53,60,60,,,,,,,,,,,06,01,yes,no,no,2025-06-25_14h18.15.835,EXNAT_4_TMS_Psychopy2024.2.5.psyexp,2024.2.5,2025-06-25 14h21.58.968910 +0200,
0,0,0,0,0,0,0,,,,,,,,,#F989A2,1262.3975987434387,None,space,None,None,202.61216163635254,text_02,99,9,Reading_Baseline_main_click,None,tagelang,53,0,53,60,60,,,,,,,,,,,06,01,yes,no,no,2025-06-25_14h18.15.835,EXNAT_4_TMS_Psychopy2024.2.5.psyexp,2024.2.5,2025-06-25 14h21.58.968910 +0200,
0,0,0,0,0,0,0,,,,,,,,,#88BA3F,1262.6394958496094,None,space,None,None,408.8101387023926,text_02,100,9,Reading_Baseline_main_click,None,gegen,53,0,53,60,60,,,,,,,,,,,06,01,yes,no,no,2025-06-25_14h18.15.835,EXNAT_4_TMS_Psychopy2024.2.5.psyexp,2024.2.5,2025-06-25 14h21.58.968910 +0200,
0,0,0,0,0,0,0,,,,,,,,,#88BA3F,1263.0855724811554,None,space,None,None,346.7824459075928,text_02,101,9,Reading_Baseline_main_click,None,einen,53,0,53,60,60,,,,,,,,,,,06,01,yes,no,no,2025-06-25_14h18.15.835,EXNAT_4_TMS_Psychopy2024.2.5.psyexp,2024.2.5,2025-06-25 14h21.58.968910 +0200,
0,0,0,0,0,0,0,,,,,,,,,#2AB7EF,1263.4704959392548,None,space,None,None,329.622745513916,text_02,102,9,Reading_Baseline_main_click,None,riesigen,53,0,53,60,60,,,,,,,,,,,06,01,yes,no,no,2025-06-25_14h18.15.835,EXNAT_4_TMS_Psychopy2024.2.5.psyexp,2024.2.5,2025-06-25 14h21.58.968910 +0200,
0,0,0,0,0,0,0,,,,,,,,,#F989A2,1263.8401319980621,None,space,None,None,344.20251846313477,text_02,103,9,Reading_Baseline_main_click,None,Schwertfisch,53,0,53,60,60,,,,,,,,,,,06,01,yes,no,no,2025-06-25_14h18.15.835,EXNAT_4_TMS_Psychopy2024.2.5.psyexp,2024.2.5,2025-06-25 14h21.58.968910 +0200,
0,0,0,0,0,0,0,,,,,,,,,#D292F3,1264.2237522602081,None,space,None,None,392.5504684448242,text_02,104,9,Reading_Baseline_main_click,None,kämpft.,53,0,53,60,60,,,,,,,,,,,06,01,yes,no,no,2025-06-25_14h18.15.835,EXNAT_4_TMS_Psychopy2024.2.5.psyexp,2024.2.5,2025-06-25 14h21.58.968910 +0200,
0,0,0,0,0,0,0,,,,,,,,,#2AB7EF,1264.6554718017578,None,space,None,None,440.8307075500488,text_02,105,9,Reading_Baseline_main_click,None,Die,53,0,53,60,60,,,,,,,,,,,06,01,yes,no,no,2025-06-25_14h18.15.835,EXNAT_4_TMS_Psychopy2024.2.5.psyexp,2024.2.5,2025-06-25 14h21.58.968910 +0200,
0,0,0,0,0,0,0,,,,,,,,,#D292F3,1265.1356892585754,None,space,None,None,168.45083236694336,text_02,106,9,Reading_Baseline_main_click,None,Figur,53,0,53,60,60,,,,,,,,,,,06,01,yes,no,no,2025-06-25_14h18.15.835,EXNAT_4_TMS_Psychopy2024.2.5.psyexp,2024.2.5,2025-06-25 14h21.58.968910 +0200,
0,0,0,0,0,0,0,,,,,,,,,#D292F3,1265.3443133831024,None,space,None,None,327.94809341430664,text_02,107,9,Reading_Baseline_main_click,None,des,53,0,53,60,60,,,,,,,,,,,06,01,yes,no,no,2025-06-25_14h18.15.835,EXNAT_4_TMS_Psychopy2024.2.5.psyexp,2024.2.5,2025-06-25 14h21.58.968910 +0200,
0,0,0,0,0,0,0,,,,,,,,,#88BA3F,1265.7127890586853,None,space,None,None,327.5265693664551,text_02,108,9,Reading_Baseline_main_click,None,Fischers,53,0,53,60,60,,,,,,,,,,,06,01,yes,no,no,2025-06-25_14h18.15.835,EXNAT_4_TMS_Psychopy2024.2.5.psyexp,2024.2.5,2025-06-25 14h21.58.968910 +0200,
0,0,0,0,0,0,0,,,,,,,,,#F989A2,1266.0808215141296,None,space,None,None,295.2897548675537,text_02,109,9,Reading_Baseline_main_click,None,ist,53,0,53,60,60,,,,,,,,,,,06,01,yes,no,no,2025-06-25_14h18.15.835,EXNAT_4_TMS_Psychopy2024.2.5.psyexp,2024.2.5,2025-06-25 14h21.58.968910 +0200,
0,0,0,0,0,0,0,,,,,,,,,#88BA3F,1266.4139051437378,None,space,None,None,298.2664108276367,text_02,110,9,Reading_Baseline_main_click,None,an,54,0,54,60,60,1266.51087474823,,,,,,,,,,06,01,yes,no,no,2025-06-25_14h18.15.835,EXNAT_4_TMS_Psychopy2024.2.5.psyexp,2024.2.5,2025-06-25 14h21.58.968910 +0200,
0,0,0,0,0,0,0,,,,,,,,,#D292F3,1266.7515075206757,None,space,None,None,312.8468990325928,text_02,111,9,Reading_Baseline_main_click,None,Gregorio,54,0,54,60,60,,,,,,,,,,,06,01,yes,no,no,2025-06-25_14h18.15.835,EXNAT_4_TMS_Psychopy2024.2.5.psyexp,2024.2.5,2025-06-25 14h21.58.968910 +0200,
0,0,0,0,0,0,0,,,,,,,,,#2AB7EF,1267.1028821468353,None,space,None,None,457.4289321899414,text_02,112,9,Reading_Baseline_main_click,None,Fuentes,54,0,54,60,60,,,,,,,,,,,06,01,yes,no,no,2025-06-25_14h18.15.835,EXNAT_4_TMS_Psychopy2024.2.5.psyexp,2024.2.5,2025-06-25 14h21.58.968910 +0200,
0,0,0,0,0,0,0,,,,,,,,,#F989A2,1267.6002886295319,None,space,None,None,344.07877922058105,text_02,113,9,Reading_Baseline_main_click,None,"angelehnt,",54,0,54,60,60,,,,,,,,,,,06,01,yes,no,no,2025-06-25_14h18.15.835,EXNAT_4_TMS_Psychopy2024.2.5.psyexp,2024.2.5,2025-06-25 14h21.58.968910 +0200,
0,0,0,0,0,0,0,,,,,,,,,#D292F3,1267.9845578670502,None,space,None,None,295.5970764160156,text_02,114,9,Reading_Baseline_main_click,None,der,54,0,54,60,60,,,,,,,,,,,06,01,yes,no,no,2025-06-25_14h18.15.835,EXNAT_4_TMS_Psychopy2024.2.5.psyexp,2024.2.5,2025-06-25 14h21.58.968910 +0200,
0,0,0,0,0,0,0,,,,,,,,,#88BA3F,1268.31844997406,None,space,None,None,297.72114753723145,text_02,115,9,Reading_Baseline_main_click,None,sich,54,0,54,60,60,,,,,,,,,,,06,01,yes,no,no,2025-06-25_14h18.15.835,EXNAT_4_TMS_Psychopy2024.2.5.psyexp,2024.2.5,2025-06-25 14h21.58.968910 +0200,
0,0,0,0,0,0,0,,,,,,,,,#F989A2,1268.6548075675964,None,space,None,None,313.6591911315918,text_02,116,9,Reading_Baseline_main_click,None,um,54,0,54,60,60,,,,,,,,,,,06,01,yes,no,no,2025-06-25_14h18.15.835,EXNAT_4_TMS_Psychopy2024.2.5.psyexp,2024.2.5,2025-06-25 14h21.58.968910 +0200,
0,0,0,0,0,0,0,,,,,,,,,#D292F3,1269.0082590579987,None,space,None,None,311.84983253479004,text_02,117,9,Reading_Baseline_main_click,None,Hemingway's,54,0,54,60,60,,,,,,,,,,,06,01,yes,no,no,2025-06-25_14h18.15.835,EXNAT_4_TMS_Psychopy2024.2.5.psyexp,2024.2.5,2025-06-25 14h21.58.968910 +0200,
0,0,0,0,0,0,0,,,,,,,,,#2AB7EF,1269.3559498786926,None,space,None,None,348.40846061706543,text_02,118,9,Reading_Baseline_main_click,None,Boot,54,0,54,60,60,,,,,,,,,,,06,01,yes,no,no,2025-06-25_14h18.15.835,EXNAT_4_TMS_Psychopy2024.2.5.psyexp,2024.2.5,2025-06-25 14h21.58.968910 +0200,
0,0,0,0,0,0,0,,,,,,,,,#F989A2,1269.7432961463928,None,space,None,None,328.8445472717285,text_02,119,9,Reading_Baseline_main_click,None,kümmerte.,54,0,54,60,60,,,,,,,,,,,06,01,yes,no,no,2025-06-25_14h18.15.835,EXNAT_4_TMS_Psychopy2024.2.5.psyexp,2024.2.5,2025-06-25 14h21.58.968910 +0200,
0,0,0,0,0,0,0,,,,,,,,,#88BA3F,1270.113843679428,None,space,None,None,486.5248203277588,text_02,120,9,Reading_Baseline_main_click,None,Dieser,54,0,54,60,60,,,,,,,,,,,06,01,yes,no,no,2025-06-25_14h18.15.835,EXNAT_4_TMS_Psychopy2024.2.5.psyexp,2024.2.5,2025-06-25 14h21.58.968910 +0200,
0,0,0,0,0,0,0,,,,,,,,,#D292F3,1270.6412389278412,None,space,None,None,487.1382713317871,text_02,121,9,Reading_Baseline_main_click,None,Roman,54,0,54,60,60,,,,,,,,,,,06,01,yes,no,no,2025-06-25_14h18.15.835,EXNAT_4_TMS_Psychopy2024.2.5.psyexp,2024.2.5,2025-06-25 14h21.58.968910 +0200,
0,0,0,0,0,0,0,,,,,,,,,#F989A2,1271.1671693325043,None,space,None,None,185.00041961669922,text_02,122,9,Reading_Baseline_main_click,None,brachte,54,0,54,60,60,,,,,,,,,,,06,01,yes,no,no,2025-06-25_14h18.15.835,EXNAT_4_TMS_Psychopy2024.2.5.psyexp,2024.2.5,2025-06-25 14h21.58.968910 +0200,
0,0,0,0,0,0,0,,,,,,,,,#2AB7EF,1271.3888731002808,None,space,None,None,379.436731338501,text_02,123,9,Reading_Baseline_main_click,None,Hemingway,55,0,55,60,60,1271.5109152793884,,,,,,,,,,06,01,yes,no,no,2025-06-25_14h18.15.835,EXNAT_4_TMS_Psychopy2024.2.5.psyexp,2024.2.5,2025-06-25 14h21.58.968910 +0200,
0,0,0,0,0,0,0,,,,,,,,,#88BA3F,1271.807079076767,None,space,None,None,345.1511859893799,text_02,124,9,Reading_Baseline_main_click,None,den,55,0,55,60,60,,,,,,,,,,,06,01,yes,no,no,2025-06-25_14h18.15.835,EXNAT_4_TMS_Psychopy2024.2.5.psyexp,2024.2.5,2025-06-25 14h21.58.968910 +0200,
0,0,0,0,0,0,0,,,,,,,,,#F989A2,1272.1940557956696,None,space,None,None,614.4752502441406,text_02,125,9,Reading_Baseline_main_click,None,Literaturnobelpreis,55,0,55,60,60,,,,,,,,,,,06,01,yes,no,no,2025-06-25_14h18.15.835,EXNAT_4_TMS_Psychopy2024.2.5.psyexp,2024.2.5,2025-06-25 14h21.58.968910 +0200,
0,0,0,0,0,0,0,,,,,,,,,#F989A2,1272.8479311466217,None,space,None,None,328.3543586730957,text_02,126,9,Reading_Baseline_main_click,None,ein.,55,0,55,60,60,,,,,,,,,,,06,01,yes,no,no,2025-06-25_14h18.15.835,EXNAT_4_TMS_Psychopy2024.2.5.psyexp,2024.2.5,2025-06-25 14h21.58.968910 +0200,
0,0,0,0,0,0,0,,,,,,,,,#D292F3,1273.215770483017,None,space,None,None,392.3909664154053,text_02,127,9,Reading_Baseline_main_click,None,Aus,55,0,55,60,60,,,,,,,,,,,06,01,yes,no,no,2025-06-25_14h18.15.835,EXNAT_4_TMS_Psychopy2024.2.5.psyexp,2024.2.5,2025-06-25 14h21.58.968910 +0200,
0,0,0,0,0,0,0,,,,,,,,,#88BA3F,1273.6490864753723,None,space,None,None,407.3624610900879,text_02,128,9,Reading_Baseline_main_click,None,Verbundenheit,55,0,55,60,60,,,,,,,,,,,06,01,yes,no,no,2025-06-25_14h18.15.835,EXNAT_4_TMS_Psychopy2024.2.5.psyexp,2024.2.5,2025-06-25 14h21.58.968910 +0200,
0,0,0,0,0,0,0,,,,,,,,,#D292F3,1274.0958671569824,None,space,None,None,296.4785099029541,text_02,129,9,Reading_Baseline_main_click,None,zu,55,0,55,60,60,,,,,,,,,,,06,01,yes,no,no,2025-06-25_14h18.15.835,EXNAT_4_TMS_Psychopy2024.2.5.psyexp,2024.2.5,2025-06-25 14h21.58.968910 +0200,
0,0,0,0,0,0,0,,,,,,,,,#D292F3,1274.4324250221252,None,space,None,None,327.8622627258301,text_02,130,9,Reading_Baseline_main_click,None,Kuba,55,0,55,60,60,,,,,,,,,,,06,01,yes,no,no,2025-06-25_14h18.15.835,EXNAT_4_TMS_Psychopy2024.2.5.psyexp,2024.2.5,2025-06-25 14h21.58.968910 +0200,
0,0,0,0,0,0,0,,,,,,,,,#2AB7EF,1274.8003435134888,None,space,None,None,376.1005401611328,text_02,131,9,Reading_Baseline_main_click,None,schenkte,55,0,55,60,60,,,,,,,,,,,06,01,yes,no,no,2025-06-25_14h18.15.835,EXNAT_4_TMS_Psychopy2024.2.5.psyexp,2024.2.5,2025-06-25 14h21.58.968910 +0200,
0,0,0,0,0,0,0,,,,,,,,,#2AB7EF,1275.2163572311401,None,space,None,None,343.87660026550293,text_02,132,9,Reading_Baseline_main_click,None,er,55,0,55,60,60,,,,,,,,,,,06,01,yes,no,no,2025-06-25_14h18.15.835,EXNAT_4_TMS_Psychopy2024.2.5.psyexp,2024.2.5,2025-06-25 14h21.58.968910 +0200,
0,0,0,0,0,0,0,,,,,,,,,#88BA3F,1275.5996029376984,None,space,None,None,312.605619430542,text_02,133,9,Reading_Baseline_main_click,None,die,55,0,55,60,60,,,,,,,,,,,06,01,yes,no,no,2025-06-25_14h18.15.835,EXNAT_4_TMS_Psychopy2024.2.5.psyexp,2024.2.5,2025-06-25 14h21.58.968910 +0200,
0,0,0,0,0,0,0,,,,,,,,,#2AB7EF,1275.951674938202,None,space,None,None,328.6299705505371,text_02,134,9,Reading_Baseline_main_click,None,Medaille,55,0,55,60,60,,,,,,,,,,,06,01,yes,no,no,2025-06-25_14h18.15.835,EXNAT_4_TMS_Psychopy2024.2.5.psyexp,2024.2.5,2025-06-25 14h21.58.968910 +0200,
0,0,0,0,0,0,0,,,,,,,,,#88BA3F,1276.3203554153442,None,space,None,None,312.0107650756836,text_02,135,9,Reading_Baseline_main_click,None,der,56,0,56,60,60,1276.5109317302704,,,,,,,,,,06,01,yes,no,no,2025-06-25_14h18.15.835,EXNAT_4_TMS_Psychopy2024.2.5.psyexp,2024.2.5,2025-06-25 14h21.58.968910 +0200,
0,0,0,0,0,0,0,,,,,,,,,#F989A2,1276.6720209121704,None,space,None,None,280.15661239624023,text_02,136,9,Reading_Baseline_main_click,None,Wallfahrtskirche,56,0,56,60,60,,,,,,,,,,,06,01,yes,no,no,2025-06-25_14h18.15.835,EXNAT_4_TMS_Psychopy2024.2.5.psyexp,2024.2.5,2025-06-25 14h21.58.968910 +0200,
0,0,0,0,0,0,0,,,,,,,,,#2AB7EF,1276.992437839508,None,space,None,None,631.9131851196289,text_02,137,9,Reading_Baseline_main_click,None,der,56,0,56,60,60,,,,,,,,,,,06,01,yes,no,no,2025-06-25_14h18.15.835,EXNAT_4_TMS_Psychopy2024.2.5.psyexp,2024.2.5,2025-06-25 14h21.58.968910 +0200,
0,0,0,0,0,0,0,,,,,,,,,#D292F3,1277.6654827594757,None,space,None,None,342.9696559906006,text_02,138,9,Reading_Baseline_main_click,None,Jungfrau,56,0,56,60,60,,,,,,,,,,,06,01,yes,no,no,2025-06-25_14h18.15.835,EXNAT_4_TMS_Psychopy2024.2.5.psyexp,2024.2.5,2025-06-25 14h21.58.968910 +0200,
0,0,0,0,0,0,0,,,,,,,,,#88BA3F,1278.0479791164398,None,space,None,None,328.26733589172363,text_02,139,9,Reading_Baseline_main_click,None,von,56,0,56,60,60,,,,,,,,,,,06,01,yes,no,no,2025-06-25_14h18.15.835,EXNAT_4_TMS_Psychopy2024.2.5.psyexp,2024.2.5,2025-06-25 14h21.58.968910 +0200,
0,0,0,0,0,0,0,,,,,,,,,#D292F3,1278.416761636734,None,space,None,None,327.5027275085449,text_02,140,9,Reading_Baseline_main_click,None,Cobre.,56,0,56,60,60,,,,,,,,,,,06,01,yes,no,no,2025-06-25_14h18.15.835,EXNAT_4_TMS_Psychopy2024.2.5.psyexp,2024.2.5,2025-06-25 14h21.58.968910 +0200,
0,0,0,0,0,0,0,,,,,,,,,#F989A2,1278.782774925232,None,space,None,None,409.4266891479492,text_02,141,9,Reading_Baseline_main_click,None,Die,56,0,56,60,60,,,,,,,,,,,06,01,yes,no,no,2025-06-25_14h18.15.835,EXNAT_4_TMS_Psychopy2024.2.5.psyexp,2024.2.5,2025-06-25 14h21.58.968910 +0200,
0,0,0,0,0,0,0,,,,,,,,,#2AB7EF,1279.2333874702454,None,space,None,None,390.90943336486816,text_02,142,9,Reading_Baseline_main_click,None,Medaille,56,0,56,60,60,,,,,,,,,,,06,01,yes,no,no,2025-06-25_14h18.15.835,EXNAT_4_TMS_Psychopy2024.2.5.psyexp,2024.2.5,2025-06-25 14h21.58.968910 +0200,
0,0,0,0,0,0,0,,,,,,,,,#F989A2,1279.6618797779083,None,space,None,None,394.44756507873535,text_02,143,9,Reading_Baseline_main_click,None,ist,56,0,56,60,60,,,,,,,,,,,06,01,yes,no,no,2025-06-25_14h18.15.835,EXNAT_4_TMS_Psychopy2024.2.5.psyexp,2024.2.5,2025-06-25 14h21.58.968910 +0200,
0,0,0,0,0,0,0,,,,,,,,,#D292F3,1280.096918106079,None,space,None,None,327.500581741333,text_02,144,9,Reading_Baseline_main_click,None,bis,56,0,56,60,60,,,,,,,,,,,06,01,yes,no,no,2025-06-25_14h18.15.835,EXNAT_4_TMS_Psychopy2024.2.5.psyexp,2024.2.5,2025-06-25 14h21.58.968910 +0200,
0,0,0,0,0,0,0,,,,,,,,,#2AB7EF,1280.4645030498505,None,space,None,None,359.78221893310547,text_02,145,9,Reading_Baseline_main_click,None,heute,56,0,56,60,60,,,,,,,,,,,06,01,yes,no,no,2025-06-25_14h18.15.835,EXNAT_4_TMS_Psychopy2024.2.5.psyexp,2024.2.5,2025-06-25 14h21.58.968910 +0200,
0,0,0,0,0,0,0,,,,,,,,,#F989A2,1280.8638095855713,None,space,None,None,232.43331909179688,text_02,146,9,Reading_Baseline_main_click,None,in,56,0,56,60,60,,,,,,,,,,,06,01,yes,no,no,2025-06-25_14h18.15.835,EXNAT_4_TMS_Psychopy2024.2.5.psyexp,2024.2.5,2025-06-25 14h21.58.968910 +0200,
0,0,0,0,0,0,0,,,,,,,,,#F989A2,1281.1355679035187,None,space,None,None,360.63194274902344,text_02,147,9,Reading_Baseline_main_click,None,der,56,0,56,60,60,,,,,,,,,,,06,01,yes,no,no,2025-06-25_14h18.15.835,EXNAT_4_TMS_Psychopy2024.2.5.psyexp,2024.2.5,2025-06-25 14h21.58.968910 +0200,
0,0,0,0,0,0,0,,,,,,,,,#D292F3,1281.5380067825317,None,space,None,None,294.10386085510254,text_02,148,9,Reading_Baseline_main_click,None,Kirche,57,0,57,60,60,1281.590606212616,,,,,,,,,,06,01,yes,no,no,2025-06-25_14h18.15.835,EXNAT_4_TMS_Psychopy2024.2.5.psyexp,2024.2.5,2025-06-25 14h21.58.968910 +0200,
0,0,0,0,0,0,0,,,,,,,,,#D292F3,1281.8710033893585,None,space,None,None,409.3766212463379,text_02,149,9,Reading_Baseline_main_click,None,zu,57,0,57,60,60,,,,,,,,,,,06,01,yes,no,no,2025-06-25_14h18.15.835,EXNAT_4_TMS_Psychopy2024.2.5.psyexp,2024.2.5,2025-06-25 14h21.58.968910 +0200,
0,0,0,0,0,0,0,,,,,,,,,#88BA3F,1282.3188860416412,None,space,None,None,393.4175968170166,text_02,150,9,Reading_Baseline_main_click,None,sehen.,57,0,57,60,60,,,,,,,,,,,06,01,yes,no,no,2025-06-25_14h18.15.835,EXNAT_4_TMS_Psychopy2024.2.5.psyexp,2024.2.5,2025-06-25 14h21.58.968910 +0200,
0,0,0,0,0,0,0,,,,,,,,,,1282.7652156352997,,3,,,,text_02,,9,Reading_Baseline_main_click,,,,,,,,,Q1,c,True,,,,,,,06,01,yes,no,no,2025-06-25_14h18.15.835,EXNAT_4_TMS_Psychopy2024.2.5.psyexp,2024.2.5,2025-06-25 14h21.58.968910 +0200,
0,0,0,0,0,0,0,,,,,,,,,,1288.0173695087433,,1,,,,text_02,,9,Reading_Baseline_main_click,,,,,,,,,Q2,a,True,,,,,,,06,01,yes,no,no,2025-06-25_14h18.15.835,EXNAT_4_TMS_Psychopy2024.2.5.psyexp,2024.2.5,2025-06-25 14h21.58.968910 +0200,
0,0,0,0,0,0,0,,,,,,,,,,1293.2220482826233,,4,,,,text_02,,9,Reading_Baseline_main_click,,,,,,,,,Q3,d,True,,,,,,,06,01,yes,no,no,2025-06-25_14h18.15.835,EXNAT_4_TMS_Psychopy2024.2.5.psyexp,2024.2.5,2025-06-25 14h21.58.968910 +0200,
0,0,0,0,0,0,0,,,,,,,,,#D292F3,1303.5115625858307,None,space,None,None,736.7565631866455,text_16,1,10,Reading_Baseline_main_click,None,Im,57,0,57,60,60,,,,,,,,,,,06,01,yes,no,no,2025-06-25_14h18.15.835,EXNAT_4_TMS_Psychopy2024.2.5.psyexp,2024.2.5,2025-06-25 14h21.58.968910 +0200,
0,0,0,0,0,0,0,,,,,,,,,#2AB7EF,1304.2806210517883,None,space,None,None,415.60816764831543,text_16,2,10,Reading_Baseline_main_click,None,Jahr,58,0,58,60,60,1304.3330028057098,,,,,,,,,,06,01,yes,no,no,2025-06-25_14h18.15.835,EXNAT_4_TMS_Psychopy2024.2.5.psyexp,2024.2.5,2025-06-25 14h21.58.968910 +0200,
0,0,0,0,0,0,0,,,,,,,,,#F989A2,1304.7320294380188,None,space,None,None,428.3030033111572,text_16,3,10,Reading_Baseline_main_click,None,1602,58,0,58,60,60,,,,,,,,,,,06,01,yes,no,no,2025-06-25_14h18.15.835,EXNAT_4_TMS_Psychopy2024.2.5.psyexp,2024.2.5,2025-06-25 14h21.58.968910 +0200,
0,0,0,0,0,0,0,,,,,,,,,#88BA3F,1305.1978163719177,None,space,None,None,410.4957580566406,text_16,4,10,Reading_Baseline_main_click,None,strandete,58,0,58,60,60,,,,,,,,,,,06,01,yes,no,no,2025-06-25_14h18.15.835,EXNAT_4_TMS_Psychopy2024.2.5.psyexp,2024.2.5,2025-06-25 14h21.58.968910 +0200,
0,0,0,0,0,0,0,,,,,,,,,#88BA3F,1305.645715713501,None,space,None,None,330.6922912597656,text_16,5,10,Reading_Baseline_main_click,None,der,58,0,58,60,60,,,,,,,,,,,06,01,yes,no,no,2025-06-25_14h18.15.835,EXNAT_4_TMS_Psychopy2024.2.5.psyexp,2024.2.5,2025-06-25 14h21.58.968910 +0200,
0,0,0,0,0,0,0,,,,,,,,,#D292F3,1306.0131344795227,None,space,None,None,443.1617259979248,text_16,6,10,Reading_Baseline_main_click,None,französische,58,0,58,60,60,,,,,,,,,,,06,01,yes,no,no,2025-06-25_14h18.15.835,EXNAT_4_TMS_Psychopy2024.2.5.psyexp,2024.2.5,2025-06-25 14h21.58.968910 +0200,
0,0,0,0,0,0,0,,,,,,,,,#2AB7EF,1306.4974162578583,None,space,None,None,406.88085556030273,text_16,7,10,Reading_Baseline_main_click,None,Abenteurer,58,0,58,60,60,,,,,,,,,,,06,01,yes,no,no,2025-06-25_14h18.15.835,EXNAT_4_TMS_Psychopy2024.2.5.psyexp,2024.2.5,2025-06-25 14h21.58.968910 +0200,
0,0,0,0,0,0,0,,,,,,,,,#88BA3F,1306.9454855918884,None,space,None,None,342.9548740386963,text_16,8,10,Reading_Baseline_main_click,None,François,58,0,58,60,60,,,,,,,,,,,06,01,yes,no,no,2025-06-25_14h18.15.835,EXNAT_4_TMS_Psychopy2024.2.5.psyexp,2024.2.5,2025-06-25 14h21.58.968910 +0200,
0,0,0,0,0,0,0,,,,,,,,,#2AB7EF,1307.3270943164825,None,space,None,None,361.0713481903076,text_16,9,10,Reading_Baseline_main_click,None,Pyrard,58,0,58,60,60,,,,,,,,,,,06,01,yes,no,no,2025-06-25_14h18.15.835,EXNAT_4_TMS_Psychopy2024.2.5.psyexp,2024.2.5,2025-06-25 14h21.58.968910 +0200,
0,0,0,0,0,0,0,,,,,,,,,#F989A2,1307.7260172367096,None,space,None,None,378.31759452819824,text_16,10,10,Reading_Baseline_main_click,None,auf,58,0,58,60,60,,,,,,,,,,,06,01,yes,no,no,2025-06-25_14h18.15.835,EXNAT_4_TMS_Psychopy2024.2.5.psyexp,2024.2.5,2025-06-25 14h21.58.968910 +0200,
0,0,0,0,0,0,0,,,,,,,,,#D292F3,1308.1404991149902,None,space,None,None,347.8379249572754,text_16,11,10,Reading_Baseline_main_click,None,den,58,0,58,60,60,,,,,,,,,,,06,01,yes,no,no,2025-06-25_14h18.15.835,EXNAT_4_TMS_Psychopy2024.2.5.psyexp,2024.2.5,2025-06-25 14h21.58.968910 +0200,
0,0,0,0,0,0,0,,,,,,,,,#F989A2,1308.5297467708588,None,space,None,None,358.57677459716797,text_16,12,10,Reading_Baseline_main_click,None,Malediven.,58,0,58,60,60,,,,,,,,,,,06,01,yes,no,no,2025-06-25_14h18.15.835,EXNAT_4_TMS_Psychopy2024.2.5.psyexp,2024.2.5,2025-06-25 14h21.58.968910 +0200,
0,0,0,0,0,0,0,,,,,,,,,#D292F3,1308.928632736206,None,space,None,None,871.5856075286865,text_16,13,10,Reading_Baseline_main_click,None,Dort,59,0,59,60,60,1309.3330574035645,,,,,,,,,,06,01,yes,no,no,2025-06-25_14h18.15.835,EXNAT_4_TMS_Psychopy2024.2.5.psyexp,2024.2.5,2025-06-25 14h21.58.968910 +0200,
0,0,0,0,0,0,0,,,,,,,,,#88BA3F,1309.8396620750427,None,space,None,None,472.60475158691406,text_16,14,10,Reading_Baseline_main_click,None,stieß,59,0,59,60,60,,,,,,,,,,,06,01,yes,no,no,2025-06-25_14h18.15.835,EXNAT_4_TMS_Psychopy2024.2.5.psyexp,2024.2.5,2025-06-25 14h21.58.968910 +0200,
0,0,0,0,0,0,0,,,,,,,,,#F989A2,1310.3513147830963,None,space,None,None,392.9481506347656,text_16,15,10,Reading_Baseline_main_click,None,er,59,0,59,60,60,,,,,,,,,,,06,01,yes,no,no,2025-06-25_14h18.15.835,EXNAT_4_TMS_Psychopy2024.2.5.psyexp,2024.2.5,2025-06-25 14h21.58.968910 +0200,
0,0,0,0,0,0,0,,,,,,,,,#2AB7EF,1310.7822818756104,None,space,None,None,378.10468673706055,text_16,16,10,Reading_Baseline_main_click,None,mit,59,0,59,60,60,,,,,,,,,,,06,01,yes,no,no,2025-06-25_14h18.15.835,EXNAT_4_TMS_Psychopy2024.2.5.psyexp,2024.2.5,2025-06-25 14h21.58.968910 +0200,
0,0,0,0,0,0,0,,,,,,,,,#2AB7EF,1311.2004585266113,None,space,None,None,711.8642330169678,text_16,17,10,Reading_Baseline_main_click,None,seiner,59,0,59,60,60,,,,,,,,,,,06,01,yes,no,no,2025-06-25_14h18.15.835,EXNAT_4_TMS_Psychopy2024.2.5.psyexp,2024.2.5,2025-06-25 14h21.58.968910 +0200,
0,0,0,0,0,0,0,,,,,,,,,#F989A2,1311.951488494873,None,space,None,None,376.8787384033203,text_16,18,10,Reading_Baseline_main_click,None,Mannschaft,59,0,59,60,60,,,,,,,,,,,06,01,yes,no,no,2025-06-25_14h18.15.835,EXNAT_4_TMS_Psychopy2024.2.5.psyexp,2024.2.5,2025-06-25 14h21.58.968910 +0200,
0,0,0,0,0,0,0,,,,,,,,,#D292F3,1312.3663692474365,None,space,None,None,313.8914108276367,text_16,19,10,Reading_Baseline_main_click,None,auf,59,0,59,60,60,,,,,,,,,,,06,01,yes,no,no,2025-06-25_14h18.15.835,EXNAT_4_TMS_Psychopy2024.2.5.psyexp,2024.2.5,2025-06-25 14h21.58.968910 +0200,
0,0,0,0,0,0,0,,,,,,,,,#2AB7EF,1312.7173664569855,None,space,None,None,234.77673530578613,text_16,20,10,Reading_Baseline_main_click,None,eine,59,0,59,60,60,,,,,,,,,,,06,01,yes,no,no,2025-06-25_14h18.15.835,EXNAT_4_TMS_Psychopy2024.2.5.psyexp,2024.2.5,2025-06-25 14h21.58.968910 +0200,
0,0,0,0,0,0,0,,,,,,,,,#F989A2,1312.9950082302094,None,space,None,None,325.4210948944092,text_16,21,10,Reading_Baseline_main_click,None,außergewöhnlich,59,0,59,60,60,,,,,,,,,,,06,01,yes,no,no,2025-06-25_14h18.15.835,EXNAT_4_TMS_Psychopy2024.2.5.psyexp,2024.2.5,2025-06-25 14h21.58.968910 +0200,
0,0,0,0,0,0,0,,,,,,,,,#88BA3F,1313.3613650798798,None,space,None,None,343.0793285369873,text_16,22,10,Reading_Baseline_main_click,None,große,59,0,59,60,60,,,,,,,,,,,06,01,yes,no,no,2025-06-25_14h18.15.835,EXNAT_4_TMS_Psychopy2024.2.5.psyexp,2024.2.5,2025-06-25 14h21.58.968910 +0200,
0,0,0,0,0,0,0,,,,,,,,,#88BA3F,1313.7438263893127,None,space,None,None,312.5267028808594,text_16,23,10,Reading_Baseline_main_click,None,und,59,0,59,60,60,,,,,,,,,,,06,01,yes,no,no,2025-06-25_14h18.15.835,EXNAT_4_TMS_Psychopy2024.2.5.psyexp,2024.2.5,2025-06-25 14h21.58.968910 +0200,
0,0,0,0,0,0,0,,,,,,,,,#D292F3,1314.0961260795593,None,space,None,None,328.1896114349365,text_16,24,10,Reading_Baseline_main_click,None,seltsam,60,0,60,60,inf,1314.3330490589142,,,,,,,,,,06,01,yes,no,no,2025-06-25_14h18.15.835,EXNAT_4_TMS_Psychopy2024.2.5.psyexp,2024.2.5,2025-06-25 14h21.58.968910 +0200,
0,0,0,0,0,0,0,,,,,,,,,#88BA3F,1314.4659366607666,None,space,None,None,310.38904190063477,text_16,25,10,Reading_Baseline_main_click,None,geformte,60,0,60,60,inf,,,,,,,,,,,06,01,yes,no,no,2025-06-25_14h18.15.835,EXNAT_4_TMS_Psychopy2024.2.5.psyexp,2024.2.5,2025-06-25 14h21.58.968910 +0200,
0,0,0,0,0,0,0,,,,,,,,,#2AB7EF,1314.8147580623627,None,space,None,None,345.51358222961426,text_16,26,10,Reading_Baseline_main_click,None,Frucht.,60,0,60,60,inf,,,,,,,,,,,06,01,yes,no,no,2025-06-25_14h18.15.835,EXNAT_4_TMS_Psychopy2024.2.5.psyexp,2024.2.5,2025-06-25 14h21.58.968910 +0200,
0,0,0,0,0,0,0,,,,,,,,,#D292F3,1315.1985042095184,None,space,None,None,537.834644317627,text_16,27,10,Reading_Baseline_main_click,None,Diese,60,0,60,60,inf,,,,,,,,,,,06,01,yes,no,no,2025-06-25_14h18.15.835,EXNAT_4_TMS_Psychopy2024.2.5.psyexp,2024.2.5,2025-06-25 14h21.58.968910 +0200,
0,0,0,0,0,0,0,,,,,,,,,#F989A2,1315.775108575821,None,space,None,None,233.11781883239746,text_16,28,10,Reading_Baseline_main_click,None,stellte,60,0,60,60,inf,,,,,,,,,,,06,01,yes,no,no,2025-06-25_14h18.15.835,EXNAT_4_TMS_Psychopy2024.2.5.psyexp,2024.2.5,2025-06-25 14h21.58.968910 +0200,
0,0,0,0,0,0,0,,,,,,,,,#88BA3F,1316.0486905574799,None,space,None,None,359.57884788513184,text_16,29,10,Reading_Baseline_main_click,None,sich,60,0,60,60,inf,,,,,,,,,,,06,01,yes,no,no,2025-06-25_14h18.15.835,EXNAT_4_TMS_Psychopy2024.2.5.psyexp,2024.2.5,2025-06-25 14h21.58.968910 +0200,
0,0,0,0,0,0,0,,,,,,,,,#D292F3,1316.4486105442047,None,space,None,None,455.72471618652344,text_16,30,10,Reading_Baseline_main_click,None,als,60,0,60,60,inf,,,,,,,,,,,06,01,yes,no,no,2025-06-25_14h18.15.835,EXNAT_4_TMS_Psychopy2024.2.5.psyexp,2024.2.5,2025-06-25 14h21.58.968910 +0200,
0,0,0,0,0,0,0,,,,,,,,,#F989A2,1316.9447581768036,None,space,None,None,343.43910217285156,text_16,31,10,Reading_Baseline_main_click,None,Nuss,60,0,60,60,inf,,,,,,,,,,,06,01,yes,no,no,2025-06-25_14h18.15.835,EXNAT_4_TMS_Psychopy2024.2.5.psyexp,2024.2.5,2025-06-25 14h21.58.968910 +0200,
0,0,0,0,0,0,0,,,,,,,,,#2AB7EF,1317.3289539813995,None,space,None,None,391.1471366882324,text_16,32,10,Reading_Baseline_main_click,None,der,60,0,60,60,inf,,,,,,,,,,,06,01,yes,no,no,2025-06-25_14h18.15.835,EXNAT_4_TMS_Psychopy2024.2.5.psyexp,2024.2.5,2025-06-25 14h21.58.968910 +0200,
0,0,0,0,0,0,0,,,,,,,,,#F989A2,1317.7600276470184,None,space,None,None,1080.2686214447021,text_16,33,10,Reading_Baseline_main_click,None,Seychellen-Palme,60,0,60,60,inf,,,,,,,,,,,06,01,yes,no,no,2025-06-25_14h18.15.835,EXNAT_4_TMS_Psychopy2024.2.5.psyexp,2024.2.5,2025-06-25 14h21.58.968910 +0200,
0,0,0,0,0,0,0,,,,,,,,,#2AB7EF,1318.8800888061523,None,space,None,None,440.1729106903076,text_16,34,10,Reading_Baseline_main_click,None,heraus.,60,0,60,60,inf,,,,,,,,,,,06,01,yes,no,no,2025-06-25_14h18.15.835,EXNAT_4_TMS_Psychopy2024.2.5.psyexp,2024.2.5,2025-06-25 14h21.58.968910 +0200,
0,0,0,0,0,0,0,,,,,,,,,#88BA3F,1319.3605546951294,None,space,None,None,375.6225109100342,text_16,35,10,Reading_Baseline_main_click,None,Diese,61,0,61,60,inf,1319.4157977104187,,,,,,,,,,06,01,yes,no,no,2025-06-25_14h18.15.835,EXNAT_4_TMS_Psychopy2024.2.5.psyexp,2024.2.5,2025-06-25 14h21.58.968910 +0200,
0,0,0,0,0,0,0,,,,,,,,,#D292F3,1319.7753071784973,None,space,None,None,344.7442054748535,text_16,36,10,Reading_Baseline_main_click,None,ist,61,0,61,60,inf,,,,,,,,,,,06,01,yes,no,no,2025-06-25_14h18.15.835,EXNAT_4_TMS_Psychopy2024.2.5.psyexp,2024.2.5,2025-06-25 14h21.58.968910 +0200,
0,0,0,0,0,0,0,,,,,,,,,#2AB7EF,1320.159029006958,None,space,None,None,345.1106548309326,text_16,37,10,Reading_Baseline_main_click,None,eine,61,0,61,60,inf,,,,,,,,,,,06,01,yes,no,no,2025-06-25_14h18.15.835,EXNAT_4_TMS_Psychopy2024.2.5.psyexp,2024.2.5,2025-06-25 14h21.58.968910 +0200,
0,0,0,0,0,0,0,,,,,,,,,#88BA3F,1320.5418963432312,None,space,None,None,394.41585540771484,text_16,38,10,Reading_Baseline_main_click,None,der,61,0,61,60,inf,,,,,,,,,,,06,01,yes,no,no,2025-06-25_14h18.15.835,EXNAT_4_TMS_Psychopy2024.2.5.psyexp,2024.2.5,2025-06-25 14h21.58.968910 +0200,
0,0,0,0,0,0,0,,,,,,,,,#2AB7EF,1320.974261045456,None,space,None,None,297.9447841644287,text_16,39,10,Reading_Baseline_main_click,None,seltensten,61,0,61,60,inf,,,,,,,,,,,06,01,yes,no,no,2025-06-25_14h18.15.835,EXNAT_4_TMS_Psychopy2024.2.5.psyexp,2024.2.5,2025-06-25 14h21.58.968910 +0200,
0,0,0,0,0,0,0,,,,,,,,,#F989A2,1321.3111836910248,None,space,None,None,649.2013931274414,text_16,40,10,Reading_Baseline_main_click,None,Palmenarten,61,0,61,60,inf,,,,,,,,,,,06,01,yes,no,no,2025-06-25_14h18.15.835,EXNAT_4_TMS_Psychopy2024.2.5.psyexp,2024.2.5,2025-06-25 14h21.58.968910 +0200,
0,0,0,0,0,0,0,,,,,,,,,#D292F3,1322.0004477500916,None,space,None,None,439.7692680358887,text_16,41,10,Reading_Baseline_main_click,None,"weltweit,",61,0,61,60,inf,,,,,,,,,,,06,01,yes,no,no,2025-06-25_14h18.15.835,EXNAT_4_TMS_Psychopy2024.2.5.psyexp,2024.2.5,2025-06-25 14h21.58.968910 +0200,
0,0,0,0,0,0,0,,,,,,,,,#88BA3F,1322.4786007404327,None,space,None,None,489.55392837524414,text_16,42,10,Reading_Baseline_main_click,None,mit,61,0,61,60,inf,,,,,,,,,,,06,01,yes,no,no,2025-06-25_14h18.15.835,EXNAT_4_TMS_Psychopy2024.2.5.psyexp,2024.2.5,2025-06-25 14h21.58.968910 +0200,
0,0,0,0,0,0,0,,,,,,,,,#2AB7EF,1323.00465798378,None,space,None,None,347.64909744262695,text_16,43,10,Reading_Baseline_main_click,None,nur,61,0,61,60,inf,,,,,,,,,,,06,01,yes,no,no,2025-06-25_14h18.15.835,EXNAT_4_TMS_Psychopy2024.2.5.psyexp,2024.2.5,2025-06-25 14h21.58.968910 +0200,
0,0,0,0,0,0,0,,,,,,,,,#88BA3F,1323.3921794891357,None,space,None,None,344.13695335388184,text_16,44,10,Reading_Baseline_main_click,None,noch,61,0,61,60,inf,,,,,,,,,,,06,01,yes,no,no,2025-06-25_14h18.15.835,EXNAT_4_TMS_Psychopy2024.2.5.psyexp,2024.2.5,2025-06-25 14h21.58.968910 +0200,
0,0,0,0,0,0,0,,,,,,,,,#F989A2,1323.7753665447235,None,space,None,None,312.8674030303955,text_16,45,10,Reading_Baseline_main_click,None,etwa,61,0,61,60,inf,,,,,,,,,,,06,01,yes,no,no,2025-06-25_14h18.15.835,EXNAT_4_TMS_Psychopy2024.2.5.psyexp,2024.2.5,2025-06-25 14h21.58.968910 +0200,
0,0,0,0,0,0,0,,,,,,,,,#D292F3,1324.1272575855255,None,space,None,None,489.0856742858887,text_16,46,10,Reading_Baseline_main_click,None,8200,62,0,62,60,inf,1324.41574716568,,,,,,,,,,06,01,yes,no,no,2025-06-25_14h18.15.835,EXNAT_4_TMS_Psychopy2024.2.5.psyexp,2024.2.5,2025-06-25 14h21.58.968910 +0200,
0,0,0,0,0,0,0,,,,,,,,,#D292F3,1324.6560785770416,None,space,None,None,376.1327266693115,text_16,47,10,Reading_Baseline_main_click,None,Exemplaren.,62,0,62,60,inf,,,,,,,,,,,06,01,yes,no,no,2025-06-25_14h18.15.835,EXNAT_4_TMS_Psychopy2024.2.5.psyexp,2024.2.5,2025-06-25 14h21.58.968910 +0200,
0,0,0,0,0,0,0,,,,,,,,,#F989A2,1325.071256160736,None,space,None,None,441.1492347717285,text_16,48,10,Reading_Baseline_main_click,None,Die,62,0,62,60,inf,,,,,,,,,,,06,01,yes,no,no,2025-06-25_14h18.15.835,EXNAT_4_TMS_Psychopy2024.2.5.psyexp,2024.2.5,2025-06-25 14h21.58.968910 +0200,
0,0,0,0,0,0,0,,,,,,,,,#88BA3F,1325.5500724315643,None,space,None,None,314.26000595092773,text_16,49,10,Reading_Baseline_main_click,None,Nuss,62,0,62,60,inf,,,,,,,,,,,06,01,yes,no,no,2025-06-25_14h18.15.835,EXNAT_4_TMS_Psychopy2024.2.5.psyexp,2024.2.5,2025-06-25 14h21.58.968910 +0200,
0,0,0,0,0,0,0,,,,,,,,,#D292F3,1325.903434753418,None,space,None,None,312.87074089050293,text_16,50,10,Reading_Baseline_main_click,None,entwickelt,62,0,62,60,inf,,,,,,,,,,,06,01,yes,no,no,2025-06-25_14h18.15.835,EXNAT_4_TMS_Psychopy2024.2.5.psyexp,2024.2.5,2025-06-25 14h21.58.968910 +0200,
0,0,0,0,0,0,0,,,,,,,,,#2AB7EF,1326.25608086586,None,space,None,None,376.2021064758301,text_16,51,10,Reading_Baseline_main_click,None,sich,62,0,62,60,inf,,,,,,,,,,,06,01,yes,no,no,2025-06-25_14h18.15.835,EXNAT_4_TMS_Psychopy2024.2.5.psyexp,2024.2.5,2025-06-25 14h21.58.968910 +0200,
0,0,0,0,0,0,0,,,,,,,,,#88BA3F,1326.6715972423553,None,space,None,None,328.784704208374,text_16,52,10,Reading_Baseline_main_click,None,aus,62,0,62,60,inf,,,,,,,,,,,06,01,yes,no,no,2025-06-25_14h18.15.835,EXNAT_4_TMS_Psychopy2024.2.5.psyexp,2024.2.5,2025-06-25 14h21.58.968910 +0200,
0,0,0,0,0,0,0,,,,,,,,,#88BA3F,1327.038820028305,None,space,None,None,313.42530250549316,text_16,53,10,Reading_Baseline_main_click,None,einem,62,0,62,60,inf,,,,,,,,,,,06,01,yes,no,no,2025-06-25_14h18.15.835,EXNAT_4_TMS_Psychopy2024.2.5.psyexp,2024.2.5,2025-06-25 14h21.58.968910 +0200,
0,0,0,0,0,0,0,,,,,,,,,#F989A2,1327.3900260925293,None,space,None,None,314.17393684387207,text_16,54,10,Reading_Baseline_main_click,None,bis,62,0,62,60,inf,,,,,,,,,,,06,01,yes,no,no,2025-06-25_14h18.15.835,EXNAT_4_TMS_Psychopy2024.2.5.psyexp,2024.2.5,2025-06-25 14h21.58.968910 +0200,
0,0,0,0,0,0,0,,,,,,,,,#F989A2,1327.7458639144897,None,space,None,None,342.49353408813477,text_16,55,10,Reading_Baseline_main_click,None,zu,62,0,62,60,inf,,,,,,,,,,,06,01,yes,no,no,2025-06-25_14h18.15.835,EXNAT_4_TMS_Psychopy2024.2.5.psyexp,2024.2.5,2025-06-25 14h21.58.968910 +0200,
0,0,0,0,0,0,0,,,,,,,,,#D292F3,1328.12819647789,None,space,None,None,344.1343307495117,text_16,56,10,Reading_Baseline_main_click,None,20,62,0,62,60,inf,,,,,,,,,,,06,01,yes,no,no,2025-06-25_14h18.15.835,EXNAT_4_TMS_Psychopy2024.2.5.psyexp,2024.2.5,2025-06-25 14h21.58.968910 +0200,
0,0,0,0,0,0,0,,,,,,,,,#F989A2,1328.5119626522064,None,space,None,None,504.3509006500244,text_16,57,10,Reading_Baseline_main_click,None,Kilogramm,62,0,62,60,inf,,,,,,,,,,,06,01,yes,no,no,2025-06-25_14h18.15.835,EXNAT_4_TMS_Psychopy2024.2.5.psyexp,2024.2.5,2025-06-25 14h21.58.968910 +0200,
0,0,0,0,0,0,0,,,,,,,,,#2AB7EF,1329.054228067398,None,space,None,None,409.93762016296387,text_16,58,10,Reading_Baseline_main_click,None,schweren,63,0,63,60,inf,1329.4156787395477,,,,,,,,,,06,01,yes,no,no,2025-06-25_14h18.15.835,EXNAT_4_TMS_Psychopy2024.2.5.psyexp,2024.2.5,2025-06-25 14h21.58.968910 +0200,
0,0,0,0,0,0,0,,,,,,,,,#2AB7EF,1329.5013563632965,None,space,None,None,298.8088130950928,text_16,59,10,Reading_Baseline_main_click,None,Samen,63,0,63,60,inf,,,,,,,,,,,06,01,yes,no,no,2025-06-25_14h18.15.835,EXNAT_4_TMS_Psychopy2024.2.5.psyexp,2024.2.5,2025-06-25 14h21.58.968910 +0200,
0,0,0,0,0,0,0,,,,,,,,,#D292F3,1329.839926481247,None,space,None,None,376.38115882873535,text_16,60,10,Reading_Baseline_main_click,None,und,63,0,63,60,inf,,,,,,,,,,,06,01,yes,no,no,2025-06-25_14h18.15.835,EXNAT_4_TMS_Psychopy2024.2.5.psyexp,2024.2.5,2025-06-25 14h21.58.968910 +0200,
0,0,0,0,0,0,0,,,,,,,,,#2AB7EF,1330.2549941539764,None,space,None,None,345.3969955444336,text_16,61,10,Reading_Baseline_main_click,None,kann,63,0,63,60,inf,,,,,,,,,,,06,01,yes,no,no,2025-06-25_14h18.15.835,EXNAT_4_TMS_Psychopy2024.2.5.psyexp,2024.2.5,2025-06-25 14h21.58.968910 +0200,
0,0,0,0,0,0,0,,,,,,,,,#F989A2,1330.637067079544,None,space,None,None,331.27760887145996,text_16,62,10,Reading_Baseline_main_click,None,die,63,0,63,60,inf,,,,,,,,,,,06,01,yes,no,no,2025-06-25_14h18.15.835,EXNAT_4_TMS_Psychopy2024.2.5.psyexp,2024.2.5,2025-06-25 14h21.58.968910 +0200,
0,0,0,0,0,0,0,,,,,,,,,#88BA3F,1331.007488489151,None,space,None,None,536.8177890777588,text_16,63,10,Reading_Baseline_main_click,None,vierfache,63,0,63,60,inf,,,,,,,,,,,06,01,yes,no,no,2025-06-25_14h18.15.835,EXNAT_4_TMS_Psychopy2024.2.5.psyexp,2024.2.5,2025-06-25 14h21.58.968910 +0200,
0,0,0,0,0,0,0,,,,,,,,,#88BA3F,1331.583483695984,None,space,None,None,360.7220649719238,text_16,64,10,Reading_Baseline_main_click,None,Größe,63,0,63,60,inf,,,,,,,,,,,06,01,yes,no,no,2025-06-25_14h18.15.835,EXNAT_4_TMS_Psychopy2024.2.5.psyexp,2024.2.5,2025-06-25 14h21.58.968910 +0200,
0,0,0,0,0,0,0,,,,,,,,,#2AB7EF,1331.9837419986725,None,space,None,None,280.46512603759766,text_16,65,10,Reading_Baseline_main_click,None,einer,63,0,63,60,inf,,,,,,,,,,,06,01,yes,no,no,2025-06-25_14h18.15.835,EXNAT_4_TMS_Psychopy2024.2.5.psyexp,2024.2.5,2025-06-25 14h21.58.968910 +0200,
0,0,0,0,0,0,0,,,,,,,,,#D292F3,1332.3028216362,None,space,None,None,489.44568634033203,text_16,66,10,Reading_Baseline_main_click,None,Kokosnuss,63,0,63,60,inf,,,,,,,,,,,06,01,yes,no,no,2025-06-25_14h18.15.835,EXNAT_4_TMS_Psychopy2024.2.5.psyexp,2024.2.5,2025-06-25 14h21.58.968910 +0200,
0,0,0,0,0,0,0,,,,,,,,,#2AB7EF,1332.8314061164856,None,space,None,None,393.07188987731934,text_16,67,10,Reading_Baseline_main_click,None,erreichen.,63,0,63,60,inf,,,,,,,,,,,06,01,yes,no,no,2025-06-25_14h18.15.835,EXNAT_4_TMS_Psychopy2024.2.5.psyexp,2024.2.5,2025-06-25 14h21.58.968910 +0200,
0,0,0,0,0,0,0,,,,,,,,,#F989A2,1333.2620604038239,None,space,None,None,410.2311134338379,text_16,68,10,Reading_Baseline_main_click,None,Im,63,0,63,60,inf,,,,,,,,,,,06,01,yes,no,no,2025-06-25_14h18.15.835,EXNAT_4_TMS_Psychopy2024.2.5.psyexp,2024.2.5,2025-06-25 14h21.58.968910 +0200,
0,0,0,0,0,0,0,,,,,,,,,#88BA3F,1333.713027715683,None,space,None,None,519.4380283355713,text_16,69,10,Reading_Baseline_main_click,None,Botanischen,63,0,63,60,inf,,,,,,,,,,,06,01,yes,no,no,2025-06-25_14h18.15.835,EXNAT_4_TMS_Psychopy2024.2.5.psyexp,2024.2.5,2025-06-25 14h21.58.968910 +0200,
0,0,0,0,0,0,0,,,,,,,,,#D292F3,1334.271496772766,None,space,None,None,408.8413715362549,text_16,70,10,Reading_Baseline_main_click,None,Garten,64,0,64,60,inf,1334.415771484375,,,,,,,,,,06,01,yes,no,no,2025-06-25_14h18.15.835,EXNAT_4_TMS_Psychopy2024.2.5.psyexp,2024.2.5,2025-06-25 14h21.58.968910 +0200,
0,0,0,0,0,0,0,,,,,,,,,#F989A2,1334.7186434268951,None,space,None,None,409.72328186035156,text_16,71,10,Reading_Baseline_main_click,None,in,64,0,64,60,inf,,,,,,,,,,,06,01,yes,no,no,2025-06-25_14h18.15.835,EXNAT_4_TMS_Psychopy2024.2.5.psyexp,2024.2.5,2025-06-25 14h21.58.968910 +0200,
0,0,0,0,0,0,0,,,,,,,,,#D292F3,1335.1686236858368,None,space,None,None,535.7255935668945,text_16,72,10,Reading_Baseline_main_click,None,Berlin,64,0,64,60,inf,,,,,,,,,,,06,01,yes,no,no,2025-06-25_14h18.15.835,EXNAT_4_TMS_Psychopy2024.2.5.psyexp,2024.2.5,2025-06-25 14h21.58.968910 +0200,
0,0,0,0,0,0,0,,,,,,,,,#D292F3,1335.7437632083893,None,space,None,None,408.4756374359131,text_16,73,10,Reading_Baseline_main_click,None,keimt,64,0,64,60,inf,,,,,,,,,,,06,01,yes,no,no,2025-06-25_14h18.15.835,EXNAT_4_TMS_Psychopy2024.2.5.psyexp,2024.2.5,2025-06-25 14h21.58.968910 +0200,
0,0,0,0,0,0,0,,,,,,,,,#88BA3F,1336.1870403289795,None,space,None,None,397.34578132629395,text_16,74,10,Reading_Baseline_main_click,None,nun,64,0,64,60,inf,,,,,,,,,,,06,01,yes,no,no,2025-06-25_14h18.15.835,EXNAT_4_TMS_Psychopy2024.2.5.psyexp,2024.2.5,2025-06-25 14h21.58.968910 +0200,
0,0,0,0,0,0,0,,,,,,,,,#2AB7EF,1336.6243872642517,None,space,None,None,423.809289932251,text_16,75,10,Reading_Baseline_main_click,None,erstmals,64,0,64,60,inf,,,,,,,,,,,06,01,yes,no,no,2025-06-25_14h18.15.835,EXNAT_4_TMS_Psychopy2024.2.5.psyexp,2024.2.5,2025-06-25 14h21.58.968910 +0200,
0,0,0,0,0,0,0,,,,,,,,,#D292F3,1337.0870218276978,None,space,None,None,425.262451171875,text_16,76,10,Reading_Baseline_main_click,None,seit,64,0,64,60,inf,,,,,,,,,,,06,01,yes,no,no,2025-06-25_14h18.15.835,EXNAT_4_TMS_Psychopy2024.2.5.psyexp,2024.2.5,2025-06-25 14h21.58.968910 +0200,
0,0,0,0,0,0,0,,,,,,,,,#D292F3,1337.550333738327,None,space,None,None,378.0021667480469,text_16,77,10,Reading_Baseline_main_click,None,80,64,0,64,60,inf,,,,,,,,,,,06,01,yes,no,no,2025-06-25_14h18.15.835,EXNAT_4_TMS_Psychopy2024.2.5.psyexp,2024.2.5,2025-06-25 14h21.58.968910 +0200,
0,0,0,0,0,0,0,,,,,,,,,#2AB7EF,1337.965521812439,None,space,None,None,394.85645294189453,text_16,78,10,Reading_Baseline_main_click,None,Jahren,64,0,64,60,inf,,,,,,,,,,,06,01,yes,no,no,2025-06-25_14h18.15.835,EXNAT_4_TMS_Psychopy2024.2.5.psyexp,2024.2.5,2025-06-25 14h21.58.968910 +0200,
0,0,0,0,0,0,0,,,,,,,,,#F989A2,1338.3979756832123,None,space,None,None,330.1863670349121,text_16,79,10,Reading_Baseline_main_click,None,ein,64,0,64,60,inf,,,,,,,,,,,06,01,yes,no,no,2025-06-25_14h18.15.835,EXNAT_4_TMS_Psychopy2024.2.5.psyexp,2024.2.5,2025-06-25 14h21.58.968910 +0200,
0,0,0,0,0,0,0,,,,,,,,,#F989A2,1338.7680587768555,None,space,None,None,344.30766105651855,text_16,80,10,Reading_Baseline_main_click,None,solches,64,0,64,60,inf,,,,,,,,,,,06,01,yes,no,no,2025-06-25_14h18.15.835,EXNAT_4_TMS_Psychopy2024.2.5.psyexp,2024.2.5,2025-06-25 14h21.58.968910 +0200,
0,0,0,0,0,0,0,,,,,,,,,#F989A2,1339.1537010669708,None,space,None,None,390.59948921203613,text_16,81,10,Reading_Baseline_main_click,None,Exemplar.,65,0,65,60,inf,1339.4157857894897,,,,,,,,,,06,01,yes,no,no,2025-06-25_14h18.15.835,EXNAT_4_TMS_Psychopy2024.2.5.psyexp,2024.2.5,2025-06-25 14h21.58.968910 +0200,
0,0,0,0,0,0,0,,,,,,,,,#88BA3F,1339.5821833610535,None,space,None,None,474.21741485595703,text_16,82,10,Reading_Baseline_main_click,None,Die,65,0,65,60,inf,,,,,,,,,,,06,01,yes,no,no,2025-06-25_14h18.15.835,EXNAT_4_TMS_Psychopy2024.2.5.psyexp,2024.2.5,2025-06-25 14h21.58.968910 +0200,
0,0,0,0,0,0,0,,,,,,,,,#88BA3F,1340.0956921577454,None,space,None,None,616.7879104614258,text_16,83,10,Reading_Baseline_main_click,None,Kultivierung,65,0,65,60,inf,,,,,,,,,,,06,01,yes,no,no,2025-06-25_14h18.15.835,EXNAT_4_TMS_Psychopy2024.2.5.psyexp,2024.2.5,2025-06-25 14h21.58.968910 +0200,
0,0,0,0,0,0,0,,,,,,,,,#2AB7EF,1340.7517614364624,None,space,None,None,136.45148277282715,text_16,84,10,Reading_Baseline_main_click,None,der,65,0,65,60,inf,,,,,,,,,,,06,01,yes,no,no,2025-06-25_14h18.15.835,EXNAT_4_TMS_Psychopy2024.2.5.psyexp,2024.2.5,2025-06-25 14h21.58.968910 +0200,
0,0,0,0,0,0,0,,,,,,,,,#D292F3,1340.9299392700195,None,space,None,None,438.3068084716797,text_16,85,10,Reading_Baseline_main_click,None,Pflanze,65,0,65,60,inf,,,,,,,,,,,06,01,yes,no,no,2025-06-25_14h18.15.835,EXNAT_4_TMS_Psychopy2024.2.5.psyexp,2024.2.5,2025-06-25 14h21.58.968910 +0200,
0,0,0,0,0,0,0,,,,,,,,,#88BA3F,1341.4046461582184,None,space,None,None,203.52888107299805,text_16,86,10,Reading_Baseline_main_click,None,gilt,65,0,65,60,inf,,,,,,,,,,,06,01,yes,no,no,2025-06-25_14h18.15.835,EXNAT_4_TMS_Psychopy2024.2.5.psyexp,2024.2.5,2025-06-25 14h21.58.968910 +0200,
0,0,0,0,0,0,0,,,,,,,,,#2AB7EF,1341.648514509201,None,space,None,None,359.94935035705566,text_16,87,10,Reading_Baseline_main_click,None,als,65,0,65,60,inf,,,,,,,,,,,06,01,yes,no,no,2025-06-25_14h18.15.835,EXNAT_4_TMS_Psychopy2024.2.5.psyexp,2024.2.5,2025-06-25 14h21.58.968910 +0200,
0,0,0,0,0,0,0,,,,,,,,,#F989A2,1342.048311471939,None,space,None,None,199.86248016357422,text_16,88,10,Reading_Baseline_main_click,None,"anspruchsvoll,",65,0,65,60,inf,,,,,,,,,,,06,01,yes,no,no,2025-06-25_14h18.15.835,EXNAT_4_TMS_Psychopy2024.2.5.psyexp,2024.2.5,2025-06-25 14h21.58.968910 +0200,
0,0,0,0,0,0,0,,,,,,,,,#D292F3,1342.2869093418121,None,space,None,None,377.4409294128418,text_16,89,10,Reading_Baseline_main_click,None,da,65,0,65,60,inf,,,,,,,,,,,06,01,yes,no,no,2025-06-25_14h18.15.835,EXNAT_4_TMS_Psychopy2024.2.5.psyexp,2024.2.5,2025-06-25 14h21.58.968910 +0200,
0,0,0,0,0,0,0,,,,,,,,,#F989A2,1342.7035329341888,None,space,None,None,248.640775680542,text_16,90,10,Reading_Baseline_main_click,None,ihr,65,0,65,60,inf,,,,,,,,,,,06,01,yes,no,no,2025-06-25_14h18.15.835,EXNAT_4_TMS_Psychopy2024.2.5.psyexp,2024.2.5,2025-06-25 14h21.58.968910 +0200,
0,0,0,0,0,0,0,,,,,,,,,#2AB7EF,1342.9915297031403,None,space,None,None,232.5749397277832,text_16,91,10,Reading_Baseline_main_click,None,Fortpflanzungssystem,65,0,65,60,inf,,,,,,,,,,,06,01,yes,no,no,2025-06-25_14h18.15.835,EXNAT_4_TMS_Psychopy2024.2.5.psyexp,2024.2.5,2025-06-25 14h21.58.968910 +0200,
0,0,0,0,0,0,0,,,,,,,,,#D292F3,1343.2645773887634,None,space,None,None,727.6873588562012,text_16,92,10,Reading_Baseline_main_click,None,hochkomplex,65,0,65,60,inf,,,,,,,,,,,06,01,yes,no,no,2025-06-25_14h18.15.835,EXNAT_4_TMS_Psychopy2024.2.5.psyexp,2024.2.5,2025-06-25 14h21.58.968910 +0200,
0,0,0,0,0,0,0,,,,,,,,,#88BA3F,1344.0302648544312,None,space,None,None,410.0487232208252,text_16,93,10,Reading_Baseline_main_click,None,ist.,66,0,66,60,inf,1344.415769815445,,,,,,,,,,06,01,yes,no,no,2025-06-25_14h18.15.835,EXNAT_4_TMS_Psychopy2024.2.5.psyexp,2024.2.5,2025-06-25 14h21.58.968910 +0200,
0,0,0,0,0,0,0,,,,,,,,,#2AB7EF,1344.48135471344,None,space,None,None,407.04345703125,text_16,94,10,Reading_Baseline_main_click,None,Es,66,0,66,60,inf,,,,,,,,,,,06,01,yes,no,no,2025-06-25_14h18.15.835,EXNAT_4_TMS_Psychopy2024.2.5.psyexp,2024.2.5,2025-06-25 14h21.58.968910 +0200,
0,0,0,0,0,0,0,,,,,,,,,#88BA3F,1344.9295861721039,None,space,None,None,454.7891616821289,text_16,95,10,Reading_Baseline_main_click,None,existieren,66,0,66,60,inf,,,,,,,,,,,06,01,yes,no,no,2025-06-25_14h18.15.835,EXNAT_4_TMS_Psychopy2024.2.5.psyexp,2024.2.5,2025-06-25 14h21.58.968910 +0200,
0,0,0,0,0,0,0,,,,,,,,,#F989A2,1345.4303233623505,None,space,None,None,641.8535709381104,text_16,96,10,Reading_Baseline_main_click,None,getrenntgeschlechtliche,66,0,66,60,inf,,,,,,,,,,,06,01,yes,no,no,2025-06-25_14h18.15.835,EXNAT_4_TMS_Psychopy2024.2.5.psyexp,2024.2.5,2025-06-25 14h21.58.968910 +0200,
0,0,0,0,0,0,0,,,,,,,,,#D292F3,1346.1134386062622,None,space,None,None,454.8797607421875,text_16,97,10,Reading_Baseline_main_click,None,"Pflanzen,",66,0,66,60,inf,,,,,,,,,,,06,01,yes,no,no,2025-06-25_14h18.15.835,EXNAT_4_TMS_Psychopy2024.2.5.psyexp,2024.2.5,2025-06-25 14h21.58.968910 +0200,
0,0,0,0,0,0,0,,,,,,,,,#D292F3,1346.6087131500244,None,space,None,None,423.5961437225342,text_16,98,10,Reading_Baseline_main_click,None,doch,66,0,66,60,inf,,,,,,,,,,,06,01,yes,no,no,2025-06-25_14h18.15.835,EXNAT_4_TMS_Psychopy2024.2.5.psyexp,2024.2.5,2025-06-25 14h21.58.968910 +0200,
0,0,0,0,0,0,0,,,,,,,,,#88BA3F,1347.0723440647125,None,space,None,None,839.9784564971924,text_16,99,10,Reading_Baseline_main_click,None,der,66,0,66,60,inf,,,,,,,,,,,06,01,yes,no,no,2025-06-25_14h18.15.835,EXNAT_4_TMS_Psychopy2024.2.5.psyexp,2024.2.5,2025-06-25 14h21.58.968910 +0200,
0,0,0,0,0,0,0,,,,,,,,,#88BA3F,1347.9512476921082,None,space,None,None,361.09089851379395,text_16,100,10,Reading_Baseline_main_click,None,genaue,66,0,66,60,inf,,,,,,,,,,,06,01,yes,no,no,2025-06-25_14h18.15.835,EXNAT_4_TMS_Psychopy2024.2.5.psyexp,2024.2.5,2025-06-25 14h21.58.968910 +0200,
0,0,0,0,0,0,0,,,,,,,,,#2AB7EF,1348.3518133163452,None,space,None,None,328.63688468933105,text_16,101,10,Reading_Baseline_main_click,None,Mechanismus,66,0,66,60,inf,,,,,,,,,,,06,01,yes,no,no,2025-06-25_14h18.15.835,EXNAT_4_TMS_Psychopy2024.2.5.psyexp,2024.2.5,2025-06-25 14h21.58.968910 +0200,
0,0,0,0,0,0,0,,,,,,,,,#D292F3,1348.7198400497437,None,space,None,None,392.44580268859863,text_16,102,10,Reading_Baseline_main_click,None,der,66,0,66,60,inf,,,,,,,,,,,06,01,yes,no,no,2025-06-25_14h18.15.835,EXNAT_4_TMS_Psychopy2024.2.5.psyexp,2024.2.5,2025-06-25 14h21.58.968910 +0200,
0,0,0,0,0,0,0,,,,,,,,,#F989A2,1349.15389919281,None,space,None,None,1014.4522190093994,text_16,103,10,Reading_Baseline_main_click,None,Pollenübertragung,67,0,67,60,inf,1349.4157197475433,,,,,,,,,,06,01,yes,no,no,2025-06-25_14h18.15.835,EXNAT_4_TMS_Psychopy2024.2.5.psyexp,2024.2.5,2025-06-25 14h21.58.968910 +0200,
0,0,0,0,0,0,0,,,,,,,,,#2AB7EF,1350.2062900066376,None,space,None,None,346.0676670074463,text_16,104,10,Reading_Baseline_main_click,None,ist,67,0,67,60,inf,,,,,,,,,,,06,01,yes,no,no,2025-06-25_14h18.15.835,EXNAT_4_TMS_Psychopy2024.2.5.psyexp,2024.2.5,2025-06-25 14h21.58.968910 +0200,
0,0,0,0,0,0,0,,,,,,,,,#F989A2,1350.5920605659485,None,space,None,None,312.15405464172363,text_16,105,10,Reading_Baseline_main_click,None,noch,67,0,67,60,inf,,,,,,,,,,,06,01,yes,no,no,2025-06-25_14h18.15.835,EXNAT_4_TMS_Psychopy2024.2.5.psyexp,2024.2.5,2025-06-25 14h21.58.968910 +0200,
0,0,0,0,0,0,0,,,,,,,,,#2AB7EF,1350.9458394050598,None,space,None,None,326.46846771240234,text_16,106,10,Reading_Baseline_main_click,None,ungeklärt.,67,0,67,60,inf,,,,,,,,,,,06,01,yes,no,no,2025-06-25_14h18.15.835,EXNAT_4_TMS_Psychopy2024.2.5.psyexp,2024.2.5,2025-06-25 14h21.58.968910 +0200,
0,0,0,0,0,0,0,,,,,,,,,#88BA3F,1351.3109209537506,None,space,None,None,729.4313907623291,text_16,107,10,Reading_Baseline_main_click,None,Außerdem,67,0,67,60,inf,,,,,,,,,,,06,01,yes,no,no,2025-06-25_14h18.15.835,EXNAT_4_TMS_Psychopy2024.2.5.psyexp,2024.2.5,2025-06-25 14h21.58.968910 +0200,
0,0,0,0,0,0,0,,,,,,,,,#F989A2,1352.0806272029877,None,space,None,None,407.7925682067871,text_16,108,10,Reading_Baseline_main_click,None,sinken,67,0,67,60,inf,,,,,,,,,,,06,01,yes,no,no,2025-06-25_14h18.15.835,EXNAT_4_TMS_Psychopy2024.2.5.psyexp,2024.2.5,2025-06-25 14h21.58.968910 +0200,
0,0,0,0,0,0,0,,,,,,,,,#F989A2,1352.526344537735,None,space,None,None,314.037561416626,text_16,109,10,Reading_Baseline_main_click,None,die,67,0,67,60,inf,,,,,,,,,,,06,01,yes,no,no,2025-06-25_14h18.15.835,EXNAT_4_TMS_Psychopy2024.2.5.psyexp,2024.2.5,2025-06-25 14h21.58.968910 +0200,
0,0,0,0,0,0,0,,,,,,,,,#2AB7EF,1352.8814165592194,None,space,None,None,390.927791595459,text_16,110,10,Reading_Baseline_main_click,None,schweren,67,0,67,60,inf,,,,,,,,,,,06,01,yes,no,no,2025-06-25_14h18.15.835,EXNAT_4_TMS_Psychopy2024.2.5.psyexp,2024.2.5,2025-06-25 14h21.58.968910 +0200,
0,0,0,0,0,0,0,,,,,,,,,#2AB7EF,1353.313265800476,None,space,None,None,166.9166088104248,text_16,111,10,Reading_Baseline_main_click,None,Samen,67,0,67,60,inf,,,,,,,,,,,06,01,yes,no,no,2025-06-25_14h18.15.835,EXNAT_4_TMS_Psychopy2024.2.5.psyexp,2024.2.5,2025-06-25 14h21.58.968910 +0200,
0,0,0,0,0,0,0,,,,,,,,,#D292F3,1353.5196866989136,None,space,None,None,424.6859550476074,text_16,112,10,Reading_Baseline_main_click,None,im,67,0,67,60,inf,,,,,,,,,,,06,01,yes,no,no,2025-06-25_14h18.15.835,EXNAT_4_TMS_Psychopy2024.2.5.psyexp,2024.2.5,2025-06-25 14h21.58.968910 +0200,
0,0,0,0,0,0,0,,,,,,,,,#F989A2,1353.9855959415436,None,space,None,None,310.81652641296387,text_16,113,10,Reading_Baseline_main_click,None,"Wasser,",67,0,67,60,inf,,,,,,,,,,,06,01,yes,no,no,2025-06-25_14h18.15.835,EXNAT_4_TMS_Psychopy2024.2.5.psyexp,2024.2.5,2025-06-25 14h21.58.968910 +0200,
0,0,0,0,0,0,0,,,,,,,,,#F989A2,1354.3363149166107,None,space,None,None,375.8668899536133,text_16,114,10,Reading_Baseline_main_click,None,was,68,0,68,60,inf,1354.4158017635345,,,,,,,,,,06,01,yes,no,no,2025-06-25_14h18.15.835,EXNAT_4_TMS_Psychopy2024.2.5.psyexp,2024.2.5,2025-06-25 14h21.58.968910 +0200,
0,0,0,0,0,0,0,,,,,,,,,#88BA3F,1354.7517304420471,None,space,None,None,760.7026100158691,text_16,115,10,Reading_Baseline_main_click,None,ihre,68,0,68,60,inf,,,,,,,,,,,06,01,yes,no,no,2025-06-25_14h18.15.835,EXNAT_4_TMS_Psychopy2024.2.5.psyexp,2024.2.5,2025-06-25 14h21.58.968910 +0200,
0,0,0,0,0,0,0,,,,,,,,,#88BA3F,1355.5533695220947,None,space,None,None,423.0477809906006,text_16,116,10,Reading_Baseline_main_click,None,Verbreitung,68,0,68,60,inf,,,,,,,,,,,06,01,yes,no,no,2025-06-25_14h18.15.835,EXNAT_4_TMS_Psychopy2024.2.5.psyexp,2024.2.5,2025-06-25 14h21.58.968910 +0200,
0,0,0,0,0,0,0,,,,,,,,,#D292F3,1356.0155231952667,None,space,None,None,296.9210147857666,text_16,117,10,Reading_Baseline_main_click,None,erschwert.,68,0,68,60,inf,,,,,,,,,,,06,01,yes,no,no,2025-06-25_14h18.15.835,EXNAT_4_TMS_Psychopy2024.2.5.psyexp,2024.2.5,2025-06-25 14h21.58.968910 +0200,
0,0,0,0,0,0,0,,,,,,,,,#D292F3,1356.3493869304657,None,space,None,None,330.9750556945801,text_16,118,10,Reading_Baseline_main_click,None,In,68,0,68,60,inf,,,,,,,,,,,06,01,yes,no,no,2025-06-25_14h18.15.835,EXNAT_4_TMS_Psychopy2024.2.5.psyexp,2024.2.5,2025-06-25 14h21.58.968910 +0200,
0,0,0,0,0,0,0,,,,,,,,,#88BA3F,1356.7214903831482,None,space,None,None,326.8153667449951,text_16,119,10,Reading_Baseline_main_click,None,Berlin,68,0,68,60,inf,,,,,,,,,,,06,01,yes,no,no,2025-06-25_14h18.15.835,EXNAT_4_TMS_Psychopy2024.2.5.psyexp,2024.2.5,2025-06-25 14h21.58.968910 +0200,
0,0,0,0,0,0,0,,,,,,,,,#2AB7EF,1357.0887324810028,None,space,None,None,407.35912322998047,text_16,120,10,Reading_Baseline_main_click,None,wird,68,0,68,60,inf,,,,,,,,,,,06,01,yes,no,no,2025-06-25_14h18.15.835,EXNAT_4_TMS_Psychopy2024.2.5.psyexp,2024.2.5,2025-06-25 14h21.58.968910 +0200,
0,0,0,0,0,0,0,,,,,,,,,#2AB7EF,1357.5314145088196,None,space,None,None,172.70541191101074,text_16,121,10,Reading_Baseline_main_click,None,die,68,0,68,60,inf,,,,,,,,,,,06,01,yes,no,no,2025-06-25_14h18.15.835,EXNAT_4_TMS_Psychopy2024.2.5.psyexp,2024.2.5,2025-06-25 14h21.58.968910 +0200,
0,0,0,0,0,0,0,,,,,,,,,#F989A2,1357.7427833080292,None,space,None,None,345.68047523498535,text_16,122,10,Reading_Baseline_main_click,None,Aufzucht,68,0,68,60,inf,,,,,,,,,,,06,01,yes,no,no,2025-06-25_14h18.15.835,EXNAT_4_TMS_Psychopy2024.2.5.psyexp,2024.2.5,2025-06-25 14h21.58.968910 +0200,
0,0,0,0,0,0,0,,,,,,,,,#2AB7EF,1358.127026796341,None,space,None,None,297.1839904785156,text_16,123,10,Reading_Baseline_main_click,None,durch,68,0,68,60,inf,,,,,,,,,,,06,01,yes,no,no,2025-06-25_14h18.15.835,EXNAT_4_TMS_Psychopy2024.2.5.psyexp,2024.2.5,2025-06-25 14h21.58.968910 +0200,
0,0,0,0,0,0,0,,,,,,,,,#D292F3,1358.4636833667755,None,space,None,None,312.8373622894287,text_16,124,10,Reading_Baseline_main_click,None,eine,68,0,68,60,inf,,,,,,,,,,,06,01,yes,no,no,2025-06-25_14h18.15.835,EXNAT_4_TMS_Psychopy2024.2.5.psyexp,2024.2.5,2025-06-25 14h21.58.968910 +0200,
0,0,0,0,0,0,0,,,,,,,,,#88BA3F,1358.8145806789398,None,space,None,None,761.7406845092773,text_16,125,10,Reading_Baseline_main_click,None,Beet-Heizung,69,0,69,60,inf,1359.4158215522766,,,,,,,,,,06,01,yes,no,no,2025-06-25_14h18.15.835,EXNAT_4_TMS_Psychopy2024.2.5.psyexp,2024.2.5,2025-06-25 14h21.58.968910 +0200,
0,0,0,0,0,0,0,,,,,,,,,#D292F3,1359.6169757843018,None,space,None,None,375.36025047302246,text_16,126,10,Reading_Baseline_main_click,None,unterstützt.,69,0,69,60,inf,,,,,,,,,,,06,01,yes,no,no,2025-06-25_14h18.15.835,EXNAT_4_TMS_Psychopy2024.2.5.psyexp,2024.2.5,2025-06-25 14h21.58.968910 +0200,
0,0,0,0,0,0,0,,,,,,,,,#F989A2,1360.031583070755,None,space,None,None,392.7111625671387,text_16,127,10,Reading_Baseline_main_click,None,Kritisch,69,0,69,60,inf,,,,,,,,,,,06,01,yes,no,no,2025-06-25_14h18.15.835,EXNAT_4_TMS_Psychopy2024.2.5.psyexp,2024.2.5,2025-06-25 14h21.58.968910 +0200,
0,0,0,0,0,0,0,,,,,,,,,#F989A2,1360.4639456272125,None,space,None,None,648.3378410339355,text_16,128,10,Reading_Baseline_main_click,None,wird,69,0,69,60,inf,,,,,,,,,,,06,01,yes,no,no,2025-06-25_14h18.15.835,EXNAT_4_TMS_Psychopy2024.2.5.psyexp,2024.2.5,2025-06-25 14h21.58.968910 +0200,
0,0,0,0,0,0,0,,,,,,,,,#88BA3F,1361.1503331661224,None,space,None,None,458.0700397491455,text_16,129,10,Reading_Baseline_main_click,None,"es,",69,0,69,60,inf,,,,,,,,,,,06,01,yes,no,no,2025-06-25_14h18.15.835,EXNAT_4_TMS_Psychopy2024.2.5.psyexp,2024.2.5,2025-06-25 14h21.58.968910 +0200,
0,0,0,0,0,0,0,,,,,,,,,#D292F3,1361.6481387615204,None,space,None,None,408.1571102142334,text_16,130,10,Reading_Baseline_main_click,None,wenn,69,0,69,60,inf,,,,,,,,,,,06,01,yes,no,no,2025-06-25_14h18.15.835,EXNAT_4_TMS_Psychopy2024.2.5.psyexp,2024.2.5,2025-06-25 14h21.58.968910 +0200,
0,0,0,0,0,0,0,,,,,,,,,#2AB7EF,1362.095857143402,None,space,None,None,328.3567428588867,text_16,131,10,Reading_Baseline_main_click,None,die,69,0,69,60,inf,,,,,,,,,,,06,01,yes,no,no,2025-06-25_14h18.15.835,EXNAT_4_TMS_Psychopy2024.2.5.psyexp,2024.2.5,2025-06-25 14h21.58.968910 +0200,
0,0,0,0,0,0,0,,,,,,,,,#88BA3F,1362.4654095172882,None,space,None,None,759.0005397796631,text_16,132,10,Reading_Baseline_main_click,None,Nährstoffreserven,69,0,69,60,inf,,,,,,,,,,,06,01,yes,no,no,2025-06-25_14h18.15.835,EXNAT_4_TMS_Psychopy2024.2.5.psyexp,2024.2.5,2025-06-25 14h21.58.968910 +0200,
0,0,0,0,0,0,0,,,,,,,,,#D292F3,1363.2626974582672,None,space,None,None,329.7104835510254,text_16,133,10,Reading_Baseline_main_click,None,der,69,0,69,60,inf,,,,,,,,,,,06,01,yes,no,no,2025-06-25_14h18.15.835,EXNAT_4_TMS_Psychopy2024.2.5.psyexp,2024.2.5,2025-06-25 14h21.58.968910 +0200,
0,0,0,0,0,0,0,,,,,,,,,#2AB7EF,1363.631564617157,None,space,None,None,344.7127342224121,text_16,134,10,Reading_Baseline_main_click,None,Nuss,69,0,69,60,inf,,,,,,,,,,,06,01,yes,no,no,2025-06-25_14h18.15.835,EXNAT_4_TMS_Psychopy2024.2.5.psyexp,2024.2.5,2025-06-25 14h21.58.968910 +0200,
0,0,0,0,0,0,0,,,,,,,,,#88BA3F,1364.0152506828308,None,space,None,None,232.8817844390869,text_16,135,10,Reading_Baseline_main_click,None,aufgebraucht,69,0,69,60,inf,,,,,,,,,,,06,01,yes,no,no,2025-06-25_14h18.15.835,EXNAT_4_TMS_Psychopy2024.2.5.psyexp,2024.2.5,2025-06-25 14h21.58.968910 +0200,
0,0,0,0,0,0,0,,,,,,,,,#2AB7EF,1364.2884104251862,None,space,None,None,535.9740257263184,text_16,136,10,Reading_Baseline_main_click,None,sind.,70,0,70,60,inf,1364.4158000946045,,,,,,,,,,06,01,yes,no,no,2025-06-25_14h18.15.835,EXNAT_4_TMS_Psychopy2024.2.5.psyexp,2024.2.5,2025-06-25 14h21.58.968910 +0200,
0,0,0,0,0,0,0,,,,,,,,,#2AB7EF,1364.8655261993408,None,space,None,None,486.8903160095215,text_16,137,10,Reading_Baseline_main_click,None,Erst,70,0,70,60,inf,,,,,,,,,,,06,01,yes,no,no,2025-06-25_14h18.15.835,EXNAT_4_TMS_Psychopy2024.2.5.psyexp,2024.2.5,2025-06-25 14h21.58.968910 +0200,
0,0,0,0,0,0,0,,,,,,,,,#F989A2,1365.3939526081085,None,space,None,None,598.5362529754639,text_16,138,10,Reading_Baseline_main_click,None,nach,70,0,70,60,inf,,,,,,,,,,,06,01,yes,no,no,2025-06-25_14h18.15.835,EXNAT_4_TMS_Psychopy2024.2.5.psyexp,2024.2.5,2025-06-25 14h21.58.968910 +0200,
0,0,0,0,0,0,0,,,,,,,,,#88BA3F,1366.0315091609955,None,space,None,None,584.8696231842041,text_16,139,10,Reading_Baseline_main_click,None,mehreren,70,0,70,60,inf,,,,,,,,,,,06,01,yes,no,no,2025-06-25_14h18.15.835,EXNAT_4_TMS_Psychopy2024.2.5.psyexp,2024.2.5,2025-06-25 14h21.58.968910 +0200,
0,0,0,0,0,0,0,,,,,,,,,#D292F3,1366.6563012599945,None,space,None,None,567.8856372833252,text_16,140,10,Reading_Baseline_main_click,None,Jahren,70,0,70,60,inf,,,,,,,,,,,06,01,yes,no,no,2025-06-25_14h18.15.835,EXNAT_4_TMS_Psychopy2024.2.5.psyexp,2024.2.5,2025-06-25 14h21.58.968910 +0200,
0,0,0,0,0,0,0,,,,,,,,,#2AB7EF,1367.2645251750946,None,space,None,None,407.81378746032715,text_16,141,10,Reading_Baseline_main_click,None,lässt,70,0,70,60,inf,,,,,,,,,,,06,01,yes,no,no,2025-06-25_14h18.15.835,EXNAT_4_TMS_Psychopy2024.2.5.psyexp,2024.2.5,2025-06-25 14h21.58.968910 +0200,
0,0,0,0,0,0,0,,,,,,,,,#F989A2,1367.7127463817596,None,space,None,None,727.4200916290283,text_16,142,10,Reading_Baseline_main_click,None,sich,70,0,70,60,inf,,,,,,,,,,,06,01,yes,no,no,2025-06-25_14h18.15.835,EXNAT_4_TMS_Psychopy2024.2.5.psyexp,2024.2.5,2025-06-25 14h21.58.968910 +0200,
0,0,0,0,0,0,0,,,,,,,,,#88BA3F,1368.478306055069,None,space,None,None,378.10230255126953,text_16,143,10,Reading_Baseline_main_click,None,das,70,0,70,60,inf,,,,,,,,,,,06,01,yes,no,no,2025-06-25_14h18.15.835,EXNAT_4_TMS_Psychopy2024.2.5.psyexp,2024.2.5,2025-06-25 14h21.58.968910 +0200,
0,0,0,0,0,0,0,,,,,,,,,#F989A2,1368.8946516513824,None,space,None,None,345.76869010925293,text_16,144,10,Reading_Baseline_main_click,None,Geschlecht,70,0,70,60,inf,,,,,,,,,,,06,01,yes,no,no,2025-06-25_14h18.15.835,EXNAT_4_TMS_Psychopy2024.2.5.psyexp,2024.2.5,2025-06-25 14h21.58.968910 +0200,
0,0,0,0,0,0,0,,,,,,,,,#2AB7EF,1369.2783176898956,None,space,None,None,346.1728096008301,text_16,145,10,Reading_Baseline_main_click,None,und,71,0,71,60,inf,1369.4158244132996,,,,,,,,,,06,01,yes,no,no,2025-06-25_14h18.15.835,EXNAT_4_TMS_Psychopy2024.2.5.psyexp,2024.2.5,2025-06-25 14h21.58.968910 +0200,
0,0,0,0,0,0,0,,,,,,,,,#D292F3,1369.6633431911469,None,space,None,None,377.0127296447754,text_16,146,10,Reading_Baseline_main_click,None,die,71,0,71,60,inf,,,,,,,,,,,06,01,yes,no,no,2025-06-25_14h18.15.835,EXNAT_4_TMS_Psychopy2024.2.5.psyexp,2024.2.5,2025-06-25 14h21.58.968910 +0200,
0,0,0,0,0,0,0,,,,,,,,,#D292F3,1370.0804190635681,None,space,None,None,584.1236114501953,text_16,147,10,Reading_Baseline_main_click,None,Überlebensfähigkeit,71,0,71,60,inf,,,,,,,,,,,06,01,yes,no,no,2025-06-25_14h18.15.835,EXNAT_4_TMS_Psychopy2024.2.5.psyexp,2024.2.5,2025-06-25 14h21.58.968910 +0200,
0,0,0,0,0,0,0,,,,,,,,,#F989A2,1370.7039597034454,None,space,None,None,472.51343727111816,text_16,148,10,Reading_Baseline_main_click,None,der,71,0,71,60,inf,,,,,,,,,,,06,01,yes,no,no,2025-06-25_14h18.15.835,EXNAT_4_TMS_Psychopy2024.2.5.psyexp,2024.2.5,2025-06-25 14h21.58.968910 +0200,
0,0,0,0,0,0,0,,,,,,,,,#F989A2,1371.2153012752533,None,space,None,None,425.14824867248535,text_16,149,10,Reading_Baseline_main_click,None,Palme,71,0,71,60,inf,,,,,,,,,,,06,01,yes,no,no,2025-06-25_14h18.15.835,EXNAT_4_TMS_Psychopy2024.2.5.psyexp,2024.2.5,2025-06-25 14h21.58.968910 +0200,
0,0,0,0,0,0,0,,,,,,,,,#88BA3F,1371.6782546043396,None,space,None,None,409.96336936950684,text_16,150,10,Reading_Baseline_main_click,None,erkennen.,71,0,71,60,inf,,,,,,,,,,,06,01,yes,no,no,2025-06-25_14h18.15.835,EXNAT_4_TMS_Psychopy2024.2.5.psyexp,2024.2.5,2025-06-25 14h21.58.968910 +0200,
0,0,0,0,0,0,0,,,,,,,,,,1372.1413400173187,,2,,,,text_16,,10,Reading_Baseline_main_click,,,,,,,,,Q1,b,True,,,,,,,06,01,yes,no,no,2025-06-25_14h18.15.835,EXNAT_4_TMS_Psychopy2024.2.5.psyexp,2024.2.5,2025-06-25 14h21.58.968910 +0200,
0,0,0,0,0,0,0,,,,,,,,,,1378.0633172988892,,2,,,,text_16,,10,Reading_Baseline_main_click,,,,,,,,,Q2,b,True,,,,,,,06,01,yes,no,no,2025-06-25_14h18.15.835,EXNAT_4_TMS_Psychopy2024.2.5.psyexp,2024.2.5,2025-06-25 14h21.58.968910 +0200,
0,0,0,0,0,0,0,,,,,,,,,,1383.3157601356506,,4,,,,text_16,,10,Reading_Baseline_main_click,,,,,,,,,Q3,d,True,,,,,,,06,01,yes,no,no,2025-06-25_14h18.15.835,EXNAT_4_TMS_Psychopy2024.2.5.psyexp,2024.2.5,2025-06-25 14h21.58.968910 +0200,
0,0,0,0,0,0,0,,,,,,,,,,,,,,,,,,,,,,,,,,,,,,,1386.6707146167755,1386.6707327365875,,,,,06,01,yes,no,no,2025-06-25_14h18.15.835,EXNAT_4_TMS_Psychopy2024.2.5.psyexp,2024.2.5,2025-06-25 14h21.58.968910 +0200,
1,0,1,1,0,1,0,,,,,1386.6976854801178,,,,,,,,,,,,,,,,,,,,,,,,,,1386.6711411476135,1386.6712806224823,,,,,06,01,yes,no,no,2025-06-25_14h18.15.835,EXNAT_4_TMS_Psychopy2024.2.5.psyexp,2024.2.5,2025-06-25 14h21.58.968910 +0200,
2,0,2,2,0,2,0,,,,,1386.6976854801178,,,,,,,,,,,,,,,,,,,,,,,,,,1386.6715905666351,1386.6716520786285,,,,,06,01,yes,no,no,2025-06-25_14h18.15.835,EXNAT_4_TMS_Psychopy2024.2.5.psyexp,2024.2.5,2025-06-25 14h21.58.968910 +0200,
3,0,3,3,0,3,0,,,,,1386.6976854801178,,,,,,,,,,,,,,,,,,,,,,,,,,1386.671956539154,1386.6720168590546,,,,,06,01,yes,no,no,2025-06-25_14h18.15.835,EXNAT_4_TMS_Psychopy2024.2.5.psyexp,2024.2.5,2025-06-25 14h21.58.968910 +0200,
4,0,4,4,0,4,0,,,,,1386.6976854801178,,,,,,,,,,,,,,,,,,,,,,,,,,1386.6723194122314,1386.6723792552948,,,,,06,01,yes,no,no,2025-06-25_14h18.15.835,EXNAT_4_TMS_Psychopy2024.2.5.psyexp,2024.2.5,2025-06-25 14h21.58.968910 +0200,
0,0,0,,,,,0,0,0,0,1386.6976854801178,,,,#F989A2,1400.3658950328827,False,space,correct rejection,None,1098.5236167907715,,1,11,1back_single_main_click,1,,1,0,1,24,12,1400.4185156822205,,,,,,,,,,06,01,yes,no,no,2025-06-25_14h18.15.835,EXNAT_4_TMS_Psychopy2024.2.5.psyexp,2024.2.5,2025-06-25 14h21.58.968910 +0200,
0,0,0,,,,,0,0,0,0,,,,,#D292F3,1401.6803195476532,False,space,correct rejection,None,583.8947296142578,,2,11,1back_single_main_click,1,,1,0,1,24,12,,,,,,,,,,,06,01,yes,no,no,2025-06-25_14h18.15.835,EXNAT_4_TMS_Psychopy2024.2.5.psyexp,2024.2.5,2025-06-25 14h21.58.968910 +0200,
0,0,0,,,,,0,0,0,0,,,,,#F989A2,1402.4805083274841,False,space,correct rejection,None,1111.8438243865967,,3,11,1back_single_main_click,1,,1,0,1,24,12,,,,,,,,,,,06,01,yes,no,no,2025-06-25_14h18.15.835,EXNAT_4_TMS_Psychopy2024.2.5.psyexp,2024.2.5,2025-06-25 14h21.58.968910 +0200,
0,0,0,,,,,0,0,0,0,,,,,#D292F3,1403.809728860855,False,space,correct rejection,None,518.6688899993896,,4,11,1back_single_main_click,1,,1,0,1,24,12,,,,,,,,,,,06,01,yes,no,no,2025-06-25_14h18.15.835,EXNAT_4_TMS_Psychopy2024.2.5.psyexp,2024.2.5,2025-06-25 14h21.58.968910 +0200,
0,0,0,,,,,0,0,0,0,,,,,#88BA3F,1404.5454468727112,False,space,correct rejection,None,551.0232448577881,,5,11,1back_single_main_click,1,,1,0,1,24,12,,,,,,,,,,,06,01,yes,no,no,2025-06-25_14h18.15.835,EXNAT_4_TMS_Psychopy2024.2.5.psyexp,2024.2.5,2025-06-25 14h21.58.968910 +0200,
0,0,0,,,,,0,0,0,0,,,,,#2AB7EF,1405.3203399181366,False,space,correct rejection,None,608.1037521362305,,6,11,1back_single_main_click,1,,2,0,2,24,12,1405.4186861515045,,,,,,,,,,06,01,yes,no,no,2025-06-25_14h18.15.835,EXNAT_4_TMS_Psychopy2024.2.5.psyexp,2024.2.5,2025-06-25 14h21.58.968910 +0200,
0,0,0,,,,,0,0,0,0,,,,,#88BA3F,1406.1527874469757,False,space,correct rejection,None,687.6556873321533,,7,11,1back_single_main_click,1,,2,0,2,24,12,,,,,,,,,,,06,01,yes,no,no,2025-06-25_14h18.15.835,EXNAT_4_TMS_Psychopy2024.2.5.psyexp,2024.2.5,2025-06-25 14h21.58.968910 +0200,
0,0,0,,,,,0,0,0,0,,,,,#D292F3,1407.0642862319946,False,space,correct rejection,None,608.161211013794,,8,11,1back_single_main_click,1,,2,0,2,24,12,,,,,,,,,,,06,01,yes,no,no,2025-06-25_14h18.15.835,EXNAT_4_TMS_Psychopy2024.2.5.psyexp,2024.2.5,2025-06-25 14h21.58.968910 +0200,
0,0,0,,,,,0,0,0,0,,,,,#F989A2,1407.8963005542755,False,space,correct rejection,None,560.1441860198975,,9,11,1back_single_main_click,1,,2,0,2,24,12,,,,,,,,,,,06,01,yes,no,no,2025-06-25_14h18.15.835,EXNAT_4_TMS_Psychopy2024.2.5.psyexp,2024.2.5,2025-06-25 14h21.58.968910 +0200,
0,0,0,,,,,0,0,0,0,,,,,#2AB7EF,1408.6802170276642,False,space,correct rejection,None,560.2419376373291,,10,11,1back_single_main_click,1,,2,0,2,24,12,,,,,,,,,,,06,01,yes,no,no,2025-06-25_14h18.15.835,EXNAT_4_TMS_Psychopy2024.2.5.psyexp,2024.2.5,2025-06-25 14h21.58.968910 +0200,
0,0,0,,,,,0,0,0,0,,,,,#88BA3F,1409.4644575119019,False,space,correct rejection,None,495.91922760009766,,11,11,1back_single_main_click,1,,2,0,2,24,12,,,,,,,,,,,06,01,yes,no,no,2025-06-25_14h18.15.835,EXNAT_4_TMS_Psychopy2024.2.5.psyexp,2024.2.5,2025-06-25 14h21.58.968910 +0200,
0,0,0,,,,,0,0,0,0,,,,,#2AB7EF,1410.1847004890442,False,space,correct rejection,None,783.4835052490234,,12,11,1back_single_main_click,1,,2,0,2,24,12,,,,,,,,,,,06,01,yes,no,no,2025-06-25_14h18.15.835,EXNAT_4_TMS_Psychopy2024.2.5.psyexp,2024.2.5,2025-06-25 14h21.58.968910 +0200,
0,0,0,,,,,0,0,0,0,,,,,#2AB7EF,1411.192176103592,True,l,hit,512.0470523834229,975.9311676025391,,13,11,1back_single_main_click,1,,2,1,3,24,12,1411.2505505084991,,,,,,,,,,06,01,yes,no,no,2025-06-25_14h18.15.835,EXNAT_4_TMS_Psychopy2024.2.5.psyexp,2024.2.5,2025-06-25 14h21.58.968910 +0200,
0,0,0,,,,,0,0,0,0,,,,,#F989A2,1412.3922352790833,False,space,correct rejection,None,560.2273941040039,,14,11,1back_single_main_click,1,,2,1,3,24,12,,,,,,,,,,,06,01,yes,no,no,2025-06-25_14h18.15.835,EXNAT_4_TMS_Psychopy2024.2.5.psyexp,2024.2.5,2025-06-25 14h21.58.968910 +0200,
0,0,0,,,,,0,0,0,0,,,,,#F989A2,1413.1766324043274,True,l,hit,655.7080745697021,991.6112422943115,,15,11,1back_single_main_click,1,,2,1,3,24,12,,,,,,,,,,,06,01,yes,no,no,2025-06-25_14h18.15.835,EXNAT_4_TMS_Psychopy2024.2.5.psyexp,2024.2.5,2025-06-25 14h21.58.968910 +0200,
0,0,0,,,,,0,0,0,0,,,,,#2AB7EF,1414.3923645019531,False,space,correct rejection,None,576.0414600372314,,16,11,1back_single_main_click,1,,2,1,3,24,12,,,,,,,,,,,06,01,yes,no,no,2025-06-25_14h18.15.835,EXNAT_4_TMS_Psychopy2024.2.5.psyexp,2024.2.5,2025-06-25 14h21.58.968910 +0200,
0,0,0,,,,,0,0,0,0,,,,,#2AB7EF,1415.1926627159119,True,l,hit,687.629222869873,1087.6333713531494,,17,11,1back_single_main_click,1,,2,2,4,24,12,1416.2504389286041,,,,,,,,,,06,01,yes,no,no,2025-06-25_14h18.15.835,EXNAT_4_TMS_Psychopy2024.2.5.psyexp,2024.2.5,2025-06-25 14h21.58.968910 +0200,
0,0,0,,,,,0,0,0,0,,,,,#88BA3F,1416.504289150238,False,space,correct rejection,None,448.0743408203125,,18,11,1back_single_main_click,1,,2,2,4,24,12,,,,,,,,,,,06,01,yes,no,no,2025-06-25_14h18.15.835,EXNAT_4_TMS_Psychopy2024.2.5.psyexp,2024.2.5,2025-06-25 14h21.58.968910 +0200,
0,0,0,,,,,0,0,0,0,,,,,#88BA3F,1417.1765217781067,True,l,hit,559.9136352539062,1023.7879753112793,,19,11,1back_single_main_click,1,,2,2,4,24,12,,,,,,,,,,,06,01,yes,no,no,2025-06-25_14h18.15.835,EXNAT_4_TMS_Psychopy2024.2.5.psyexp,2024.2.5,2025-06-25 14h21.58.968910 +0200,
0,0,0,,,,,0,0,0,0,,,,,#F989A2,1418.4242820739746,False,space,correct rejection,None,640.1932239532471,,20,11,1back_single_main_click,1,,2,2,4,24,12,,,,,,,,,,,06,01,yes,no,no,2025-06-25_14h18.15.835,EXNAT_4_TMS_Psychopy2024.2.5.psyexp,2024.2.5,2025-06-25 14h21.58.968910 +0200,
0,0,0,,,,,0,0,0,0,,,,,#88BA3F,1419.2882821559906,False,space,correct rejection,None,992.2456741333008,,21,11,1back_single_main_click,1,,2,2,4,24,12,,,,,,,,,,,06,01,yes,no,no,2025-06-25_14h18.15.835,EXNAT_4_TMS_Psychopy2024.2.5.psyexp,2024.2.5,2025-06-25 14h21.58.968910 +0200,
0,0,0,,,,,0,0,0,0,,,,,#D292F3,1420.50439453125,False,space,correct rejection,None,639.7435665130615,,22,11,1back_single_main_click,1,,2,2,4,24,12,,,,,,,,,,,06,01,yes,no,no,2025-06-25_14h18.15.835,EXNAT_4_TMS_Psychopy2024.2.5.psyexp,2024.2.5,2025-06-25 14h21.58.968910 +0200,
0,0,0,,,,,0,0,0,0,,,,,#D292F3,1421.367508172989,True,l,hit,512.8071308135986,960.7861042022705,,23,11,1back_single_main_click,1,,2,2,4,24,12,,,,,,,,,,,06,01,yes,no,no,2025-06-25_14h18.15.835,EXNAT_4_TMS_Psychopy2024.2.5.psyexp,2024.2.5,2025-06-25 14h21.58.968910 +0200,
0,0,0,,,,,0,0,0,0,,,,,#D292F3,1422.5519952774048,True,l,hit,544.4927215576172,848.2100963592529,,24,11,1back_single_main_click,1,,2,3,5,24,12,1422.6111273765564,,,,,,,,,,06,01,yes,no,no,2025-06-25_14h18.15.835,EXNAT_4_TMS_Psychopy2024.2.5.psyexp,2024.2.5,2025-06-25 14h21.58.968910 +0200,
0,0,0,,,,,0,0,0,0,,,,,#88BA3F,1423.6244158744812,False,space,correct rejection,None,560.0361824035645,,25,11,1back_single_main_click,1,,2,3,5,24,12,,,,,,,,,,,06,01,yes,no,no,2025-06-25_14h18.15.835,EXNAT_4_TMS_Psychopy2024.2.5.psyexp,2024.2.5,2025-06-25 14h21.58.968910 +0200,
0,0,0,,,,,0,0,0,0,,,,,#2AB7EF,1424.4080650806427,False,space,correct rejection,None,576.3301849365234,,26,11,1back_single_main_click,1,,2,3,5,24,12,,,,,,,,,,,06,01,yes,no,no,2025-06-25_14h18.15.835,EXNAT_4_TMS_Psychopy2024.2.5.psyexp,2024.2.5,2025-06-25 14h21.58.968910 +0200,
0,0,0,,,,,0,0,0,0,,,,,#D292F3,1425.2085664272308,False,space,correct rejection,None,895.855188369751,,27,11,1back_single_main_click,1,,2,3,5,24,12,,,,,,,,,,,06,01,yes,no,no,2025-06-25_14h18.15.835,EXNAT_4_TMS_Psychopy2024.2.5.psyexp,2024.2.5,2025-06-25 14h21.58.968910 +0200,
0,0,0,,,,,0,0,0,0,,,,,#88BA3F,1426.3279693126678,False,space,correct rejection,None,912.4975204467773,,28,11,1back_single_main_click,1,,2,3,5,24,12,,,,,,,,,,,06,01,yes,no,no,2025-06-25_14h18.15.835,EXNAT_4_TMS_Psychopy2024.2.5.psyexp,2024.2.5,2025-06-25 14h21.58.968910 +0200,
0,0,0,,,,,0,0,0,0,,,,,#F989A2,1427.4645936489105,False,space,correct rejection,None,703.7737369537354,,29,11,1back_single_main_click,1,,3,3,6,24,12,1427.610998392105,,,,,,,,,,06,01,yes,no,no,2025-06-25_14h18.15.835,EXNAT_4_TMS_Psychopy2024.2.5.psyexp,2024.2.5,2025-06-25 14h21.58.968910 +0200,
0,0,0,,,,,0,0,0,0,,,,,#88BA3F,1428.392891407013,False,space,correct rejection,None,623.5086917877197,,30,11,1back_single_main_click,1,,3,3,6,24,12,,,,,,,,,,,06,01,yes,no,no,2025-06-25_14h18.15.835,EXNAT_4_TMS_Psychopy2024.2.5.psyexp,2024.2.5,2025-06-25 14h21.58.968910 +0200,
0,0,0,,,,,0,0,0,0,,,,,#2AB7EF,1429.2403299808502,False,space,correct rejection,None,527.940034866333,,31,11,1back_single_main_click,1,,3,3,6,24,12,,,,,,,,,,,06,01,yes,no,no,2025-06-25_14h18.15.835,EXNAT_4_TMS_Psychopy2024.2.5.psyexp,2024.2.5,2025-06-25 14h21.58.968910 +0200,
0,0,0,,,,,0,0,0,0,,,,,#F989A2,1429.992253780365,False,space,correct rejection,None,560.065507888794,,32,11,1back_single_main_click,1,,3,3,6,24,12,,,,,,,,,,,06,01,yes,no,no,2025-06-25_14h18.15.835,EXNAT_4_TMS_Psychopy2024.2.5.psyexp,2024.2.5,2025-06-25 14h21.58.968910 +0200,
0,0,0,,,,,0,0,0,0,,,,,#F989A2,1430.7762701511383,True,l,hit,544.1689491271973,976.1121273040771,,33,11,1back_single_main_click,1,,3,3,6,24,12,,,,,,,,,,,06,01,yes,no,no,2025-06-25_14h18.15.835,EXNAT_4_TMS_Psychopy2024.2.5.psyexp,2024.2.5,2025-06-25 14h21.58.968910 +0200,
0,0,0,,,,,0,0,0,0,,,,,#2AB7EF,1431.9750199317932,False,space,correct rejection,None,609.3313694000244,,34,11,1back_single_main_click,1,,3,3,6,24,12,,,,,,,,,,,06,01,yes,no,no,2025-06-25_14h18.15.835,EXNAT_4_TMS_Psychopy2024.2.5.psyexp,2024.2.5,2025-06-25 14h21.58.968910 +0200,
0,0,0,,,,,0,0,0,0,,,,,#D292F3,1432.8083009719849,False,space,correct rejection,None,624.079704284668,,35,11,1back_single_main_click,1,,4,3,7,24,12,1432.8682992458344,,,,,,,,,,06,01,yes,no,no,2025-06-25_14h18.15.835,EXNAT_4_TMS_Psychopy2024.2.5.psyexp,2024.2.5,2025-06-25 14h21.58.968910 +0200,
0,0,0,,,,,0,0,0,0,,,,,#D292F3,1433.6565165519714,True,l,hit,559.8394870758057,943.7484741210938,,36,11,1back_single_main_click,1,,4,3,7,24,12,,,,,,,,,,,06,01,yes,no,no,2025-06-25_14h18.15.835,EXNAT_4_TMS_Psychopy2024.2.5.psyexp,2024.2.5,2025-06-25 14h21.58.968910 +0200,
0,0,0,,,,,0,0,0,0,,,,,#D292F3,1434.82390499115,True,l,hit,560.3671073913574,880.3994655609131,,37,11,1back_single_main_click,1,,4,3,7,24,12,,,,,,,,,,,06,01,yes,no,no,2025-06-25_14h18.15.835,EXNAT_4_TMS_Psychopy2024.2.5.psyexp,2024.2.5,2025-06-25 14h21.58.968910 +0200,
0,0,0,,,,,0,0,0,0,,,,,#D292F3,1435.9278235435486,True,l,hit,560.5688095092773,864.3829822540283,,38,11,1back_single_main_click,1,,4,3,7,24,12,,,,,,,,,,,06,01,yes,no,no,2025-06-25_14h18.15.835,EXNAT_4_TMS_Psychopy2024.2.5.psyexp,2024.2.5,2025-06-25 14h21.58.968910 +0200,
0,0,0,,,,,0,0,0,0,,,,,#F989A2,1437.0162427425385,False,space,correct rejection,None,512.1777057647705,,39,11,1back_single_main_click,1,,4,3,7,24,12,,,,,,,,,,,06,01,yes,no,no,2025-06-25_14h18.15.835,EXNAT_4_TMS_Psychopy2024.2.5.psyexp,2024.2.5,2025-06-25 14h21.58.968910 +0200,
0,0,0,,,,,0,0,0,0,,,,,#2AB7EF,1437.752622127533,False,space,correct rejection,None,431.8053722381592,,40,11,1back_single_main_click,1,,5,3,8,24,12,1437.868267774582,,,,,,,,,,06,01,yes,no,no,2025-06-25_14h18.15.835,EXNAT_4_TMS_Psychopy2024.2.5.psyexp,2024.2.5,2025-06-25 14h21.58.968910 +0200,
0,0,0,,,,,0,0,0,0,,,,,#D292F3,1438.4084272384644,False,space,correct rejection,None,543.8249111175537,,41,11,1back_single_main_click,1,,5,3,8,24,12,,,,,,,,,,,06,01,yes,no,no,2025-06-25_14h18.15.835,EXNAT_4_TMS_Psychopy2024.2.5.psyexp,2024.2.5,2025-06-25 14h21.58.968910 +0200,
0,0,0,,,,,0,0,0,0,,,,,#F989A2,1439.1760985851288,False,space,correct rejection,None,560.2626800537109,,42,11,1back_single_main_click,1,,5,3,8,24,12,,,,,,,,,,,06,01,yes,no,no,2025-06-25_14h18.15.835,EXNAT_4_TMS_Psychopy2024.2.5.psyexp,2024.2.5,2025-06-25 14h21.58.968910 +0200,
0,0,0,,,,,0,0,0,0,,,,,#F989A2,1439.9607439041138,True,l,hit,655.6494235992432,943.4962272644043,,43,11,1back_single_main_click,1,,5,3,8,24,12,,,,,,,,,,,06,01,yes,no,no,2025-06-25_14h18.15.835,EXNAT_4_TMS_Psychopy2024.2.5.psyexp,2024.2.5,2025-06-25 14h21.58.968910 +0200,
0,0,0,,,,,0,0,0,0,,,,,#88BA3F,1441.1273107528687,False,space,correct rejection,None,496.9916343688965,,44,11,1back_single_main_click,1,,5,3,8,24,12,,,,,,,,,,,06,01,yes,no,no,2025-06-25_14h18.15.835,EXNAT_4_TMS_Psychopy2024.2.5.psyexp,2024.2.5,2025-06-25 14h21.58.968910 +0200,
0,0,0,,,,,0,0,0,0,,,,,#2AB7EF,1441.8466501235962,False,space,correct rejection,None,529.8295021057129,,45,11,1back_single_main_click,1,,5,3,8,24,12,,,,,,,,,,,06,01,yes,no,no,2025-06-25_14h18.15.835,EXNAT_4_TMS_Psychopy2024.2.5.psyexp,2024.2.5,2025-06-25 14h21.58.968910 +0200,
0,0,0,,,,,0,0,0,0,,,,,#88BA3F,1442.6002638339996,False,space,correct rejection,None,720.1995849609375,,46,11,1back_single_main_click,1,,5,3,8,24,12,,,,,,,,,,,06,01,yes,no,no,2025-06-25_14h18.15.835,EXNAT_4_TMS_Psychopy2024.2.5.psyexp,2024.2.5,2025-06-25 14h21.58.968910 +0200,
0,0,0,,,,,0,0,0,0,,,,,#D292F3,1443.544786453247,False,space,correct rejection,None,543.6840057373047,,47,11,1back_single_main_click,1,,5,3,8,24,12,,,,,,,,,,,06,01,yes,no,no,2025-06-25_14h18.15.835,EXNAT_4_TMS_Psychopy2024.2.5.psyexp,2024.2.5,2025-06-25 14h21.58.968910 +0200,
0,0,0,,,,,0,0,0,0,,,,,#88BA3F,1444.3121120929718,False,space,correct rejection,None,608.1693172454834,,48,11,1back_single_main_click,1,,5,3,8,24,12,,,,,,,,,,,06,01,yes,no,no,2025-06-25_14h18.15.835,EXNAT_4_TMS_Psychopy2024.2.5.psyexp,2024.2.5,2025-06-25 14h21.58.968910 +0200,
0,0,0,,,,,0,0,0,0,,,,,#F989A2,1445.143901348114,False,space,correct rejection,None,496.5169429779053,,49,11,1back_single_main_click,1,,5,3,8,24,12,,,,,,,,,,,06,01,yes,no,no,2025-06-25_14h18.15.835,EXNAT_4_TMS_Psychopy2024.2.5.psyexp,2024.2.5,2025-06-25 14h21.58.968910 +0200,
0,0,0,,,,,0,0,0,0,,,,,#2AB7EF,1445.8639929294586,False,space,correct rejection,None,624.4144439697266,,50,11,1back_single_main_click,1,,5,3,8,24,12,,,,,,,,,,,06,01,yes,no,no,2025-06-25_14h18.15.835,EXNAT_4_TMS_Psychopy2024.2.5.psyexp,2024.2.5,2025-06-25 14h21.58.968910 +0200,
0,0,0,,,,,0,0,0,0,,,,,#D292F3,1446.7120707035065,False,space,correct rejection,None,512.3357772827148,,51,11,1back_single_main_click,1,,5,3,8,24,12,,,,,,,,,,,06,01,yes,no,no,2025-06-25_14h18.15.835,EXNAT_4_TMS_Psychopy2024.2.5.psyexp,2024.2.5,2025-06-25 14h21.58.968910 +0200,
0,0,0,,,,,0,0,0,0,,,,,#D292F3,1447.448789358139,True,l,hit,607.5937747955322,1039.4620895385742,,52,11,1back_single_main_click,1,,5,4,9,24,12,1447.5018918514252,,,,,,,,,,06,01,yes,no,no,2025-06-25_14h18.15.835,EXNAT_4_TMS_Psychopy2024.2.5.psyexp,2024.2.5,2025-06-25 14h21.58.968910 +0200,
0,0,0,,,,,0,0,0,0,,,,,#88BA3F,1448.712601184845,False,space,correct rejection,None,543.8134670257568,,53,11,1back_single_main_click,1,,5,4,9,24,12,,,,,,,,,,,06,01,yes,no,no,2025-06-25_14h18.15.835,EXNAT_4_TMS_Psychopy2024.2.5.psyexp,2024.2.5,2025-06-25 14h21.58.968910 +0200,
0,0,0,,,,,0,0,0,0,,,,,#D292F3,1449.4805347919464,False,space,correct rejection,None,623.9206790924072,,54,11,1back_single_main_click,1,,5,4,9,24,12,,,,,,,,,,,06,01,yes,no,no,2025-06-25_14h18.15.835,EXNAT_4_TMS_Psychopy2024.2.5.psyexp,2024.2.5,2025-06-25 14h21.58.968910 +0200,
0,0,0,,,,,0,0,0,0,,,,,#88BA3F,1450.3286001682281,False,space,correct rejection,None,479.74467277526855,,55,11,1back_single_main_click,1,,5,4,9,24,12,,,,,,,,,,,06,01,yes,no,no,2025-06-25_14h18.15.835,EXNAT_4_TMS_Psychopy2024.2.5.psyexp,2024.2.5,2025-06-25 14h21.58.968910 +0200,
0,0,0,,,,,0,0,0,0,,,,,#F989A2,1451.0316650867462,False,space,correct rejection,None,544.8136329650879,,56,11,1back_single_main_click,1,,5,4,9,24,12,,,,,,,,,,,06,01,yes,no,no,2025-06-25_14h18.15.835,EXNAT_4_TMS_Psychopy2024.2.5.psyexp,2024.2.5,2025-06-25 14h21.58.968910 +0200,
0,0,0,,,,,0,0,0,0,,,,,#2AB7EF,1451.8002679347992,False,space,correct rejection,None,640.1801109313965,,57,11,1back_single_main_click,1,,5,4,9,24,12,,,,,,,,,,,06,01,yes,no,no,2025-06-25_14h18.15.835,EXNAT_4_TMS_Psychopy2024.2.5.psyexp,2024.2.5,2025-06-25 14h21.58.968910 +0200,
0,0,0,,,,,0,0,0,0,,,,,#F989A2,1452.6636259555817,False,space,correct rejection,None,976.7589569091797,,58,11,1back_single_main_click,1,,6,4,10,24,12,1452.718863248825,,,,,,,,,,06,01,yes,no,no,2025-06-25_14h18.15.835,EXNAT_4_TMS_Psychopy2024.2.5.psyexp,2024.2.5,2025-06-25 14h21.58.968910 +0200,
0,0,0,,,,,0,0,0,0,,,,,#88BA3F,1453.863857269287,False,space,correct rejection,None,848.5465049743652,,59,11,1back_single_main_click,1,,6,4,10,24,12,,,,,,,,,,,06,01,yes,no,no,2025-06-25_14h18.15.835,EXNAT_4_TMS_Psychopy2024.2.5.psyexp,2024.2.5,2025-06-25 14h21.58.968910 +0200,
0,0,0,,,,,0,0,0,0,,,,,#2AB7EF,1454.9358484745026,False,space,correct rejection,None,544.438362121582,,60,11,1back_single_main_click,1,,6,4,10,24,12,,,,,,,,,,,06,01,yes,no,no,2025-06-25_14h18.15.835,EXNAT_4_TMS_Psychopy2024.2.5.psyexp,2024.2.5,2025-06-25 14h21.58.968910 +0200,
0,0,0,,,,,0,0,0,0,,,,,#2AB7EF,1459.6429417133331,False,space,correct rejection,None,1005.4914951324463,,1,12,1back_single_main_click,1,,6,4,10,24,12,,,,,,,,,,,06,01,yes,no,no,2025-06-25_14h18.15.835,EXNAT_4_TMS_Psychopy2024.2.5.psyexp,2024.2.5,2025-06-25 14h21.58.968910 +0200,
0,0,0,,,,,0,0,0,0,,,,,#F989A2,1460.8617269992828,False,space,correct rejection,None,506.82687759399414,,2,12,1back_single_main_click,1,,6,4,10,24,12,,,,,,,,,,,06,01,yes,no,no,2025-06-25_14h18.15.835,EXNAT_4_TMS_Psychopy2024.2.5.psyexp,2024.2.5,2025-06-25 14h21.58.968910 +0200,
0,0,0,,,,,0,0,0,0,,,,,#D292F3,1461.58100938797,False,space,correct rejection,None,523.2734680175781,,3,12,1back_single_main_click,1,,6,4,10,24,12,,,,,,,,,,,06,01,yes,no,no,2025-06-25_14h18.15.835,EXNAT_4_TMS_Psychopy2024.2.5.psyexp,2024.2.5,2025-06-25 14h21.58.968910 +0200,
0,0,0,,,,,0,0,0,0,,,,,#88BA3F,1462.321007490158,False,space,correct rejection,None,583.4028720855713,,4,12,1back_single_main_click,1,,6,4,10,24,12,,,,,,,,,,,06,01,yes,no,no,2025-06-25_14h18.15.835,EXNAT_4_TMS_Psychopy2024.2.5.psyexp,2024.2.5,2025-06-25 14h21.58.968910 +0200,
0,0,0,,,,,0,0,0,0,,,,,#F989A2,1463.121544599533,False,space,correct rejection,None,806.8692684173584,,5,12,1back_single_main_click,1,,6,4,10,24,12,,,,,,,,,,,06,01,yes,no,no,2025-06-25_14h18.15.835,EXNAT_4_TMS_Psychopy2024.2.5.psyexp,2024.2.5,2025-06-25 14h21.58.968910 +0200,
0,0,0,,,,,0,0,0,0,,,,,#2AB7EF,1464.1527216434479,False,space,correct rejection,None,623.7950325012207,,6,12,1back_single_main_click,1,,6,4,10,24,12,,,,,,,,,,,06,01,yes,no,no,2025-06-25_14h18.15.835,EXNAT_4_TMS_Psychopy2024.2.5.psyexp,2024.2.5,2025-06-25 14h21.58.968910 +0200,
0,0,0,,,,,0,0,0,0,,,,,#F989A2,1465.0000576972961,False,space,correct rejection,None,688.4794235229492,,7,12,1back_single_main_click,1,,6,4,10,24,12,,,,,,,,,,,06,01,yes,no,no,2025-06-25_14h18.15.835,EXNAT_4_TMS_Psychopy2024.2.5.psyexp,2024.2.5,2025-06-25 14h21.58.968910 +0200,
0,0,0,,,,,0,0,0,0,,,,,#2AB7EF,1465.9124057292938,False,space,correct rejection,None,560.0295066833496,,8,12,1back_single_main_click,1,,6,4,10,24,12,,,,,,,,,,,06,01,yes,no,no,2025-06-25_14h18.15.835,EXNAT_4_TMS_Psychopy2024.2.5.psyexp,2024.2.5,2025-06-25 14h21.58.968910 +0200,
0,0,0,,,,,0,0,0,0,,,,,#D292F3,1466.6958963871002,False,space,correct rejection,None,512.5880241394043,,9,12,1back_single_main_click,1,,6,4,10,24,12,,,,,,,,,,,06,01,yes,no,no,2025-06-25_14h18.15.835,EXNAT_4_TMS_Psychopy2024.2.5.psyexp,2024.2.5,2025-06-25 14h21.58.968910 +0200,
0,0,0,,,,,0,0,0,0,,,,,#F989A2,1467.4322707653046,False,space,correct rejection,None,512.2735500335693,,10,12,1back_single_main_click,1,,6,4,10,24,12,,,,,,,,,,,06,01,yes,no,no,2025-06-25_14h18.15.835,EXNAT_4_TMS_Psychopy2024.2.5.psyexp,2024.2.5,2025-06-25 14h21.58.968910 +0200,
0,0,0,,,,,0,0,0,0,,,,,#D292F3,1468.1682295799255,False,space,correct rejection,None,512.305736541748,,11,12,1back_single_main_click,1,,6,4,10,24,12,,,,,,,,,,,06,01,yes,no,no,2025-06-25_14h18.15.835,EXNAT_4_TMS_Psychopy2024.2.5.psyexp,2024.2.5,2025-06-25 14h21.58.968910 +0200,
0,0,0,,,,,0,0,0,0,,,,,#88BA3F,1468.9048218727112,False,space,correct rejection,None,543.7130928039551,,12,12,1back_single_main_click,1,,6,4,10,24,12,,,,,,,,,,,06,01,yes,no,no,2025-06-25_14h18.15.835,EXNAT_4_TMS_Psychopy2024.2.5.psyexp,2024.2.5,2025-06-25 14h21.58.968910 +0200,
0,0,0,,,,,0,0,0,0,,,,,#F989A2,1469.672899723053,False,space,correct rejection,None,575.4585266113281,,13,12,1back_single_main_click,1,,6,4,10,24,12,,,,,,,,,,,06,01,yes,no,no,2025-06-25_14h18.15.835,EXNAT_4_TMS_Psychopy2024.2.5.psyexp,2024.2.5,2025-06-25 14h21.58.968910 +0200,
0,0,0,,,,,0,0,0,0,,,,,#D292F3,1470.4721374511719,False,space,correct rejection,None,560.4350566864014,,14,12,1back_single_main_click,1,,6,4,10,24,12,,,,,,,,,,,06,01,yes,no,no,2025-06-25_14h18.15.835,EXNAT_4_TMS_Psychopy2024.2.5.psyexp,2024.2.5,2025-06-25 14h21.58.968910 +0200,
0,0,0,,,,,0,0,0,0,,,,,#2AB7EF,1471.2559688091278,False,space,correct rejection,None,656.5573215484619,,15,12,1back_single_main_click,1,,6,4,10,24,12,,,,,,,,,,,06,01,yes,no,no,2025-06-25_14h18.15.835,EXNAT_4_TMS_Psychopy2024.2.5.psyexp,2024.2.5,2025-06-25 14h21.58.968910 +0200,
0,0,0,,,,,0,0,0,0,,,,,#F989A2,1472.1365520954132,False,space,correct rejection,None,815.9980773925781,,16,12,1back_single_main_click,1,,6,4,10,24,12,,,,,,,,,,,06,01,yes,no,no,2025-06-25_14h18.15.835,EXNAT_4_TMS_Psychopy2024.2.5.psyexp,2024.2.5,2025-06-25 14h21.58.968910 +0200,
0,0,0,,,,,0,0,0,0,,,,,#F989A2,1473.1762518882751,True,l,hit,608.222484588623,1072.1080303192139,,17,12,1back_single_main_click,1,,6,5,11,24,12,1473.234500169754,,,,,,,,,,06,01,yes,no,no,2025-06-25_14h18.15.835,EXNAT_4_TMS_Psychopy2024.2.5.psyexp,2024.2.5,2025-06-25 14h21.58.968910 +0200,
0,0,0,,,,,0,0,0,0,,,,,#D292F3,1474.4718215465546,False,space,correct rejection,None,480.8177947998047,,18,12,1back_single_main_click,1,,6,5,11,24,12,,,,,,,,,,,06,01,yes,no,no,2025-06-25_14h18.15.835,EXNAT_4_TMS_Psychopy2024.2.5.psyexp,2024.2.5,2025-06-25 14h21.58.968910 +0200,
0,0,0,,,,,0,0,0,0,,,,,#88BA3F,1475.1766602993011,False,space,correct rejection,None,511.7790699005127,,19,12,1back_single_main_click,1,,6,5,11,24,12,,,,,,,,,,,06,01,yes,no,no,2025-06-25_14h18.15.835,EXNAT_4_TMS_Psychopy2024.2.5.psyexp,2024.2.5,2025-06-25 14h21.58.968910 +0200,
0,0,0,,,,,0,0,0,0,,,,,#2AB7EF,1475.9126071929932,False,space,correct rejection,None,495.69082260131836,,20,12,1back_single_main_click,1,,6,5,11,24,12,,,,,,,,,,,06,01,yes,no,no,2025-06-25_14h18.15.835,EXNAT_4_TMS_Psychopy2024.2.5.psyexp,2024.2.5,2025-06-25 14h21.58.968910 +0200,
0,0,0,,,,,0,0,0,0,,,,,#88BA3F,1476.630898475647,False,space,correct rejection,None,529.3412208557129,,21,12,1back_single_main_click,1,,6,5,11,24,12,,,,,,,,,,,06,01,yes,no,no,2025-06-25_14h18.15.835,EXNAT_4_TMS_Psychopy2024.2.5.psyexp,2024.2.5,2025-06-25 14h21.58.968910 +0200,
0,0,0,,,,,0,0,0,0,,,,,#D292F3,1477.3850269317627,False,space,correct rejection,None,527.4670124053955,,22,12,1back_single_main_click,1,,6,5,11,24,12,,,,,,,,,,,06,01,yes,no,no,2025-06-25_14h18.15.835,EXNAT_4_TMS_Psychopy2024.2.5.psyexp,2024.2.5,2025-06-25 14h21.58.968910 +0200,
0,0,0,,,,,0,0,0,0,,,,,#88BA3F,1478.1361467838287,False,space,correct rejection,None,576.3359069824219,,23,12,1back_single_main_click,1,,7,5,12,24,12,1478.2345044612885,,,,,,,,,,06,01,yes,no,no,2025-06-25_14h18.15.835,EXNAT_4_TMS_Psychopy2024.2.5.psyexp,2024.2.5,2025-06-25 14h21.58.968910 +0200,
0,0,0,,,,,0,0,0,0,,,,,#2AB7EF,1478.9357273578644,False,space,correct rejection,None,464.7684097290039,,24,12,1back_single_main_click,1,,7,5,12,24,12,,,,,,,,,,,06,01,yes,no,no,2025-06-25_14h18.15.835,EXNAT_4_TMS_Psychopy2024.2.5.psyexp,2024.2.5,2025-06-25 14h21.58.968910 +0200,
0,0,0,,,,,0,0,0,0,,,,,#2AB7EF,1479.6243424415588,True,l,hit,624.1462230682373,1087.9886150360107,,25,12,1back_single_main_click,1,,7,5,12,24,12,,,,,,,,,,,06,01,yes,no,no,2025-06-25_14h18.15.835,EXNAT_4_TMS_Psychopy2024.2.5.psyexp,2024.2.5,2025-06-25 14h21.58.968910 +0200,
0,0,0,,,,,0,0,0,0,,,,,#D292F3,1480.9358642101288,False,space,correct rejection,None,368.6480522155762,,26,12,1back_single_main_click,1,,7,5,12,24,12,,,,,,,,,,,06,01,yes,no,no,2025-06-25_14h18.15.835,EXNAT_4_TMS_Psychopy2024.2.5.psyexp,2024.2.5,2025-06-25 14h21.58.968910 +0200,
0,0,0,,,,,0,0,0,0,,,,,#88BA3F,1481.5279190540314,False,space,correct rejection,None,512.6731395721436,,27,12,1back_single_main_click,1,,7,5,12,24,12,,,,,,,,,,,06,01,yes,no,no,2025-06-25_14h18.15.835,EXNAT_4_TMS_Psychopy2024.2.5.psyexp,2024.2.5,2025-06-25 14h21.58.968910 +0200,
0,0,0,,,,,0,0,0,0,,,,,#D292F3,1482.2643775939941,False,space,correct rejection,None,607.9399585723877,,28,12,1back_single_main_click,1,,7,5,12,24,12,,,,,,,,,,,06,01,yes,no,no,2025-06-25_14h18.15.835,EXNAT_4_TMS_Psychopy2024.2.5.psyexp,2024.2.5,2025-06-25 14h21.58.968910 +0200,
0,0,0,,,,,0,0,0,0,,,,,#D292F3,1483.0958664417267,True,l,hit,544.6264743804932,992.4888610839844,,29,12,1back_single_main_click,1,,7,6,13,24,12,1483.234385251999,,,,,,,,,,06,01,yes,no,no,2025-06-25_14h18.15.835,EXNAT_4_TMS_Psychopy2024.2.5.psyexp,2024.2.5,2025-06-25 14h21.58.968910 +0200,
0,0,0,,,,,0,0,0,0,,,,,#88BA3F,1484.3120670318604,False,space,correct rejection,None,512.3405456542969,,30,12,1back_single_main_click,1,,7,6,13,24,12,,,,,,,,,,,06,01,yes,no,no,2025-06-25_14h18.15.835,EXNAT_4_TMS_Psychopy2024.2.5.psyexp,2024.2.5,2025-06-25 14h21.58.968910 +0200,
0,0,0,,,,,0,0,0,0,,,,,#88BA3F,1485.0477657318115,True,l,hit,544.5654392242432,928.5016059875488,,31,12,1back_single_main_click,1,,7,6,13,24,12,,,,,,,,,,,06,01,yes,no,no,2025-06-25_14h18.15.835,EXNAT_4_TMS_Psychopy2024.2.5.psyexp,2024.2.5,2025-06-25 14h21.58.968910 +0200,
0,0,0,,,,,0,0,0,0,,,,,#2AB7EF,1486.1999843120575,False,space,correct rejection,None,560.5583190917969,,32,12,1back_single_main_click,1,,7,6,13,24,12,,,,,,,,,,,06,01,yes,no,no,2025-06-25_14h18.15.835,EXNAT_4_TMS_Psychopy2024.2.5.psyexp,2024.2.5,2025-06-25 14h21.58.968910 +0200,
0,0,0,,,,,0,0,0,0,,,,,#F989A2,1486.9839735031128,False,space,correct rejection,None,416.42189025878906,,33,12,1back_single_main_click,1,,7,6,13,24,12,,,,,,,,,,,06,01,yes,no,no,2025-06-25_14h18.15.835,EXNAT_4_TMS_Psychopy2024.2.5.psyexp,2024.2.5,2025-06-25 14h21.58.968910 +0200,
0,0,0,,,,,0,0,0,0,,,,,#F989A2,1487.624234199524,True,space,miss,None,400.3105163574219,,34,12,1back_single_main_click,1,,7,6,13,24,12,,,,,,,,,,,06,01,yes,no,no,2025-06-25_14h18.15.835,EXNAT_4_TMS_Psychopy2024.2.5.psyexp,2024.2.5,2025-06-25 14h21.58.968910 +0200,
0,0,0,,,,,0,0,0,0,,,,,#2AB7EF,1488.2482941150665,False,l,false alarm,159.98196601867676,720.1361656188965,,35,12,1back_single_main_click,1,,8,6,14,24,12,1488.303030014038,,,,,,,,,,06,01,yes,no,no,2025-06-25_14h18.15.835,EXNAT_4_TMS_Psychopy2024.2.5.psyexp,2024.2.5,2025-06-25 14h21.58.968910 +0200,
0,0,0,,,,,0,0,0,0,,,,,#F989A2,1489.1925518512726,False,space,correct rejection,None,559.9386692047119,,36,12,1back_single_main_click,1,,8,6,14,24,12,,,,,,,,,,,06,01,yes,no,no,2025-06-25_14h18.15.835,EXNAT_4_TMS_Psychopy2024.2.5.psyexp,2024.2.5,2025-06-25 14h21.58.968910 +0200,
0,0,0,,,,,0,0,0,0,,,,,#D292F3,1489.9765360355377,False,space,correct rejection,None,543.8687801361084,,37,12,1back_single_main_click,1,,8,6,14,24,12,,,,,,,,,,,06,01,yes,no,no,2025-06-25_14h18.15.835,EXNAT_4_TMS_Psychopy2024.2.5.psyexp,2024.2.5,2025-06-25 14h21.58.968910 +0200,
0,0,0,,,,,0,0,0,0,,,,,#88BA3F,1490.7437522411346,False,space,correct rejection,None,464.7643566131592,,38,12,1back_single_main_click,1,,8,6,14,24,12,,,,,,,,,,,06,01,yes,no,no,2025-06-25_14h18.15.835,EXNAT_4_TMS_Psychopy2024.2.5.psyexp,2024.2.5,2025-06-25 14h21.58.968910 +0200,
0,0,0,,,,,0,0,0,0,,,,,#D292F3,1491.4330115318298,False,space,correct rejection,None,591.4545059204102,,39,12,1back_single_main_click,1,,8,6,14,24,12,,,,,,,,,,,06,01,yes,no,no,2025-06-25_14h18.15.835,EXNAT_4_TMS_Psychopy2024.2.5.psyexp,2024.2.5,2025-06-25 14h21.58.968910 +0200,
0,0,0,,,,,0,0,0,0,,,,,#F989A2,1492.2484691143036,False,space,correct rejection,None,511.8234157562256,,40,12,1back_single_main_click,1,,8,6,14,24,12,,,,,,,,,,,06,01,yes,no,no,2025-06-25_14h18.15.835,EXNAT_4_TMS_Psychopy2024.2.5.psyexp,2024.2.5,2025-06-25 14h21.58.968910 +0200,
0,0,0,,,,,0,0,0,0,,,,,#F989A2,1492.9842875003815,True,l,hit,496.1874485015869,896.0764408111572,,41,12,1back_single_main_click,1,,8,7,15,24,12,1493.3029766082764,,,,,,,,,,06,01,yes,no,no,2025-06-25_14h18.15.835,EXNAT_4_TMS_Psychopy2024.2.5.psyexp,2024.2.5,2025-06-25 14h21.58.968910 +0200,
0,0,0,,,,,0,0,0,0,,,,,#D292F3,1494.103717327118,False,space,correct rejection,None,624.7725486755371,,42,12,1back_single_main_click,1,,8,7,15,24,12,,,,,,,,,,,06,01,yes,no,no,2025-06-25_14h18.15.835,EXNAT_4_TMS_Psychopy2024.2.5.psyexp,2024.2.5,2025-06-25 14h21.58.968910 +0200,
0,0,0,,,,,0,0,0,0,,,,,#2AB7EF,1494.952056646347,False,space,correct rejection,None,544.3482398986816,,43,12,1back_single_main_click,1,,8,7,15,24,12,,,,,,,,,,,06,01,yes,no,no,2025-06-25_14h18.15.835,EXNAT_4_TMS_Psychopy2024.2.5.psyexp,2024.2.5,2025-06-25 14h21.58.968910 +0200,
0,0,0,,,,,0,0,0,0,,,,,#2AB7EF,1495.7206077575684,True,l,hit,527.9204845428467,847.8794097900391,,44,12,1back_single_main_click,1,,8,7,15,24,12,,,,,,,,,,,06,01,yes,no,no,2025-06-25_14h18.15.835,EXNAT_4_TMS_Psychopy2024.2.5.psyexp,2024.2.5,2025-06-25 14h21.58.968910 +0200,
0,0,0,,,,,0,0,0,0,,,,,#2AB7EF,1496.792488336563,True,l,hit,528.0141830444336,847.898006439209,,45,12,1back_single_main_click,1,,8,7,15,24,12,,,,,,,,,,,06,01,yes,no,no,2025-06-25_14h18.15.835,EXNAT_4_TMS_Psychopy2024.2.5.psyexp,2024.2.5,2025-06-25 14h21.58.968910 +0200,
0,0,0,,,,,0,0,0,0,,,,,#F989A2,1497.8638906478882,False,space,correct rejection,None,528.5320281982422,,46,12,1back_single_main_click,1,,9,7,16,24,12,1498.30299949646,,,,,,,,,,06,01,yes,no,no,2025-06-25_14h18.15.835,EXNAT_4_TMS_Psychopy2024.2.5.psyexp,2024.2.5,2025-06-25 14h21.58.968910 +0200,
0,0,0,,,,,0,0,0,0,,,,,#88BA3F,1498.6162991523743,False,space,correct rejection,None,496.2024688720703,,47,12,1back_single_main_click,1,,9,7,16,24,12,,,,,,,,,,,06,01,yes,no,no,2025-06-25_14h18.15.835,EXNAT_4_TMS_Psychopy2024.2.5.psyexp,2024.2.5,2025-06-25 14h21.58.968910 +0200,
0,0,0,,,,,0,0,0,0,,,,,#88BA3F,1499.33629322052,True,l,hit,512.171745300293,895.9670066833496,,48,12,1back_single_main_click,1,,9,7,16,24,12,,,,,,,,,,,06,01,yes,no,no,2025-06-25_14h18.15.835,EXNAT_4_TMS_Psychopy2024.2.5.psyexp,2024.2.5,2025-06-25 14h21.58.968910 +0200,
0,0,0,,,,,0,0,0,0,,,,,#88BA3F,1500.4565403461456,True,l,hit,607.933759689331,943.8016414642334,,49,12,1back_single_main_click,1,,9,7,16,24,12,,,,,,,,,,,06,01,yes,no,no,2025-06-25_14h18.15.835,EXNAT_4_TMS_Psychopy2024.2.5.psyexp,2024.2.5,2025-06-25 14h21.58.968910 +0200,
0,0,0,,,,,0,0,0,0,,,,,#2AB7EF,1501.6236200332642,False,space,correct rejection,None,496.8700408935547,,50,12,1back_single_main_click,1,,9,7,16,24,12,,,,,,,,,,,06,01,yes,no,no,2025-06-25_14h18.15.835,EXNAT_4_TMS_Psychopy2024.2.5.psyexp,2024.2.5,2025-06-25 14h21.58.968910 +0200,
0,0,0,,,,,0,0,0,0,,,,,#2AB7EF,1502.344247341156,True,l,hit,463.9899730682373,767.906904220581,,51,12,1back_single_main_click,1,,9,7,16,24,12,,,,,,,,,,,06,01,yes,no,no,2025-06-25_14h18.15.835,EXNAT_4_TMS_Psychopy2024.2.5.psyexp,2024.2.5,2025-06-25 14h21.58.968910 +0200,
0,0,0,,,,,0,0,0,0,,,,,#D292F3,1503.3355836868286,False,space,correct rejection,None,560.8584880828857,,52,12,1back_single_main_click,1,,9,7,16,24,12,,,,,,,,,,,06,01,yes,no,no,2025-06-25_14h18.15.835,EXNAT_4_TMS_Psychopy2024.2.5.psyexp,2024.2.5,2025-06-25 14h21.58.968910 +0200,
0,0,0,,,,,0,0,0,0,,,,,#F989A2,1504.113689661026,False,space,correct rejection,None,518.6316967010498,,53,12,1back_single_main_click,1,,9,7,16,24,12,,,,,,,,,,,06,01,yes,no,no,2025-06-25_14h18.15.835,EXNAT_4_TMS_Psychopy2024.2.5.psyexp,2024.2.5,2025-06-25 14h21.58.968910 +0200,
0,0,0,,,,,0,0,0,0,,,,,#88BA3F,1504.849228143692,False,space,correct rejection,None,615.2827739715576,,54,12,1back_single_main_click,1,,9,7,16,24,12,,,,,,,,,,,06,01,yes,no,no,2025-06-25_14h18.15.835,EXNAT_4_TMS_Psychopy2024.2.5.psyexp,2024.2.5,2025-06-25 14h21.58.968910 +0200,
0,0,0,,,,,0,0,0,0,,,,,#D292F3,1505.681666135788,False,space,correct rejection,None,774.8284339904785,,55,12,1back_single_main_click,1,,9,7,16,24,12,,,,,,,,,,,06,01,yes,no,no,2025-06-25_14h18.15.835,EXNAT_4_TMS_Psychopy2024.2.5.psyexp,2024.2.5,2025-06-25 14h21.58.968910 +0200,
0,0,0,,,,,0,0,0,0,,,,,#F989A2,1506.679485797882,False,space,correct rejection,None,672.9707717895508,,56,12,1back_single_main_click,1,,9,7,16,24,12,,,,,,,,,,,06,01,yes,no,no,2025-06-25_14h18.15.835,EXNAT_4_TMS_Psychopy2024.2.5.psyexp,2024.2.5,2025-06-25 14h21.58.968910 +0200,
0,0,0,,,,,0,0,0,0,,,,,#F989A2,1507.5763757228851,True,l,hit,559.973955154419,895.9424495697021,,57,12,1back_single_main_click,1,,9,8,17,24,12,1507.63725233078,,,,,,,,,,06,01,yes,no,no,2025-06-25_14h18.15.835,EXNAT_4_TMS_Psychopy2024.2.5.psyexp,2024.2.5,2025-06-25 14h21.58.968910 +0200,
0,0,0,,,,,0,0,0,0,,,,,#D292F3,1508.6958436965942,False,space,correct rejection,None,576.573371887207,,58,12,1back_single_main_click,1,,9,8,17,24,12,,,,,,,,,,,06,01,yes,no,no,2025-06-25_14h18.15.835,EXNAT_4_TMS_Psychopy2024.2.5.psyexp,2024.2.5,2025-06-25 14h21.58.968910 +0200,
0,0,0,,,,,0,0,0,0,,,,,#2AB7EF,1509.4966053962708,False,space,correct rejection,None,527.8496742248535,,59,12,1back_single_main_click,1,,9,8,17,24,12,,,,,,,,,,,06,01,yes,no,no,2025-06-25_14h18.15.835,EXNAT_4_TMS_Psychopy2024.2.5.psyexp,2024.2.5,2025-06-25 14h21.58.968910 +0200,
0,0,0,,,,,0,0,0,0,,,,,#88BA3F,1510.2486333847046,False,space,correct rejection,None,607.9401969909668,,60,12,1back_single_main_click,1,,9,8,17,24,12,,,,,,,,,,,06,01,yes,no,no,2025-06-25_14h18.15.835,EXNAT_4_TMS_Psychopy2024.2.5.psyexp,2024.2.5,2025-06-25 14h21.58.968910 +0200,
0,0,0,,,,,0,0,0,0,,,,,#F989A2,1513.8865098953247,False,space,correct rejection,None,809.9827766418457,,1,13,1back_single_main_click,1,,10,8,18,24,12,1513.9376697540283,,,,,,,,,,06,01,yes,no,no,2025-06-25_14h18.15.835,EXNAT_4_TMS_Psychopy2024.2.5.psyexp,2024.2.5,2025-06-25 14h21.58.968910 +0200,
0,0,0,,,,,0,0,0,0,,,,,#2AB7EF,1514.91109085083,False,space,correct rejection,None,505.3670406341553,,2,13,1back_single_main_click,1,,10,8,18,24,12,,,,,,,,,,,06,01,yes,no,no,2025-06-25_14h18.15.835,EXNAT_4_TMS_Psychopy2024.2.5.psyexp,2024.2.5,2025-06-25 14h21.58.968910 +0200,
0,0,0,,,,,0,0,0,0,,,,,#88BA3F,1515.6326098442078,False,space,correct rejection,None,439.82672691345215,,3,13,1back_single_main_click,1,,10,8,18,24,12,,,,,,,,,,,06,01,yes,no,no,2025-06-25_14h18.15.835,EXNAT_4_TMS_Psychopy2024.2.5.psyexp,2024.2.5,2025-06-25 14h21.58.968910 +0200,
0,0,0,,,,,0,0,0,0,,,,,#2AB7EF,1516.2894921302795,False,space,correct rejection,None,566.9760704040527,,4,13,1back_single_main_click,1,,10,8,18,24,12,,,,,,,,,,,06,01,yes,no,no,2025-06-25_14h18.15.835,EXNAT_4_TMS_Psychopy2024.2.5.psyexp,2024.2.5,2025-06-25 14h21.58.968910 +0200,
0,0,0,,,,,0,0,0,0,,,,,#88BA3F,1517.0740325450897,False,space,correct rejection,None,774.3644714355469,,5,13,1back_single_main_click,1,,10,8,18,24,12,,,,,,,,,,,06,01,yes,no,no,2025-06-25_14h18.15.835,EXNAT_4_TMS_Psychopy2024.2.5.psyexp,2024.2.5,2025-06-25 14h21.58.968910 +0200,
0,0,0,,,,,0,0,0,0,,,,,#2AB7EF,1518.0648987293243,False,space,correct rejection,None,631.6080093383789,,6,13,1back_single_main_click,1,,10,8,18,24,12,,,,,,,,,,,06,01,yes,no,no,2025-06-25_14h18.15.835,EXNAT_4_TMS_Psychopy2024.2.5.psyexp,2024.2.5,2025-06-25 14h21.58.968910 +0200,
0,0,0,,,,,0,0,0,0,,,,,#D292F3,1518.9134883880615,False,space,correct rejection,None,518.977165222168,,7,13,1back_single_main_click,1,,10,8,18,24,12,,,,,,,,,,,06,01,yes,no,no,2025-06-25_14h18.15.835,EXNAT_4_TMS_Psychopy2024.2.5.psyexp,2024.2.5,2025-06-25 14h21.58.968910 +0200,
0,0,0,,,,,0,0,0,0,,,,,#F989A2,1519.6497132778168,False,space,correct rejection,None,470.74103355407715,,8,13,1back_single_main_click,1,,10,8,18,24,12,,,,,,,,,,,06,01,yes,no,no,2025-06-25_14h18.15.835,EXNAT_4_TMS_Psychopy2024.2.5.psyexp,2024.2.5,2025-06-25 14h21.58.968910 +0200,
0,0,0,,,,,0,0,0,0,,,,,#88BA3F,1520.3372206687927,False,space,correct rejection,None,663.2945537567139,,9,13,1back_single_main_click,1,,10,8,18,24,12,,,,,,,,,,,06,01,yes,no,no,2025-06-25_14h18.15.835,EXNAT_4_TMS_Psychopy2024.2.5.psyexp,2024.2.5,2025-06-25 14h21.58.968910 +0200,
0,0,0,,,,,0,0,0,0,,,,,#D292F3,1521.2176611423492,False,space,correct rejection,None,454.8325538635254,,10,13,1back_single_main_click,1,,10,8,18,24,12,,,,,,,,,,,06,01,yes,no,no,2025-06-25_14h18.15.835,EXNAT_4_TMS_Psychopy2024.2.5.psyexp,2024.2.5,2025-06-25 14h21.58.968910 +0200,
0,0,0,,,,,0,0,0,0,,,,,#F989A2,1521.8963487148285,False,space,correct rejection,None,512.1688842773438,,11,13,1back_single_main_click,1,,10,8,18,24,12,,,,,,,,,,,06,01,yes,no,no,2025-06-25_14h18.15.835,EXNAT_4_TMS_Psychopy2024.2.5.psyexp,2024.2.5,2025-06-25 14h21.58.968910 +0200,
0,0,0,,,,,0,0,0,0,,,,,#D292F3,1522.6323301792145,False,space,correct rejection,None,544.1768169403076,,12,13,1back_single_main_click,1,,10,8,18,24,12,,,,,,,,,,,06,01,yes,no,no,2025-06-25_14h18.15.835,EXNAT_4_TMS_Psychopy2024.2.5.psyexp,2024.2.5,2025-06-25 14h21.58.968910 +0200,
0,0,0,,,,,0,0,0,0,,,,,#2AB7EF,1523.4007196426392,False,space,correct rejection,None,495.7692623138428,,13,13,1back_single_main_click,1,,10,8,18,24,12,,,,,,,,,,,06,01,yes,no,no,2025-06-25_14h18.15.835,EXNAT_4_TMS_Psychopy2024.2.5.psyexp,2024.2.5,2025-06-25 14h21.58.968910 +0200,
0,0,0,,,,,0,0,0,0,,,,,#F989A2,1524.1199917793274,False,space,correct rejection,None,704.5383453369141,,14,13,1back_single_main_click,1,,10,8,18,24,12,,,,,,,,,,,06,01,yes,no,no,2025-06-25_14h18.15.835,EXNAT_4_TMS_Psychopy2024.2.5.psyexp,2024.2.5,2025-06-25 14h21.58.968910 +0200,
0,0,0,,,,,0,0,0,0,,,,,#D292F3,1525.0484127998352,False,space,correct rejection,None,544.1632270812988,,15,13,1back_single_main_click,1,,10,8,18,24,12,,,,,,,,,,,06,01,yes,no,no,2025-06-25_14h18.15.835,EXNAT_4_TMS_Psychopy2024.2.5.psyexp,2024.2.5,2025-06-25 14h21.58.968910 +0200,
0,0,0,,,,,0,0,0,0,,,,,#88BA3F,1525.8167107105255,False,space,correct rejection,None,431.8385124206543,,16,13,1back_single_main_click,1,,10,8,18,24,12,,,,,,,,,,,06,01,yes,no,no,2025-06-25_14h18.15.835,EXNAT_4_TMS_Psychopy2024.2.5.psyexp,2024.2.5,2025-06-25 14h21.58.968910 +0200,
0,0,0,,,,,0,0,0,0,,,,,#88BA3F,1526.4721522331238,True,l,hit,528.3479690551758,896.2035179138184,,17,13,1back_single_main_click,1,,10,8,18,24,12,,,,,,,,,,,06,01,yes,no,no,2025-06-25_14h18.15.835,EXNAT_4_TMS_Psychopy2024.2.5.psyexp,2024.2.5,2025-06-25 14h21.58.968910 +0200,
0,0,0,,,,,0,0,0,0,,,,,#88BA3F,1527.5913670063019,True,l,hit,529.1354656219482,816.986083984375,,18,13,1back_single_main_click,1,,10,9,19,24,12,1527.6489753723145,,,,,,,,,,06,01,yes,no,no,2025-06-25_14h18.15.835,EXNAT_4_TMS_Psychopy2024.2.5.psyexp,2024.2.5,2025-06-25 14h21.58.968910 +0200,
0,0,0,,,,,0,0,0,0,,,,,#2AB7EF,1528.6322820186615,False,space,correct rejection,None,511.9819641113281,,19,13,1back_single_main_click,1,,10,9,19,24,12,,,,,,,,,,,06,01,yes,no,no,2025-06-25_14h18.15.835,EXNAT_4_TMS_Psychopy2024.2.5.psyexp,2024.2.5,2025-06-25 14h21.58.968910 +0200,
0,0,0,,,,,0,0,0,0,,,,,#F989A2,1529.3683919906616,False,space,correct rejection,None,480.1452159881592,,20,13,1back_single_main_click,1,,10,9,19,24,12,,,,,,,,,,,06,01,yes,no,no,2025-06-25_14h18.15.835,EXNAT_4_TMS_Psychopy2024.2.5.psyexp,2024.2.5,2025-06-25 14h21.58.968910 +0200,
0,0,0,,,,,0,0,0,0,,,,,#D292F3,1530.0724103450775,False,space,correct rejection,None,448.077917098999,,21,13,1back_single_main_click,1,,10,9,19,24,12,,,,,,,,,,,06,01,yes,no,no,2025-06-25_14h18.15.835,EXNAT_4_TMS_Psychopy2024.2.5.psyexp,2024.2.5,2025-06-25 14h21.58.968910 +0200,
0,0,0,,,,,0,0,0,0,,,,,#D292F3,1530.7444822788239,True,space,miss,None,416.0468578338623,,22,13,1back_single_main_click,1,,10,9,19,24,12,,,,,,,,,,,06,01,yes,no,no,2025-06-25_14h18.15.835,EXNAT_4_TMS_Psychopy2024.2.5.psyexp,2024.2.5,2025-06-25 14h21.58.968910 +0200,
0,0,0,,,,,0,0,0,0,,,,,#2AB7EF,1531.3845510482788,False,space,correct rejection,None,607.8555583953857,,23,13,1back_single_main_click,1,,10,9,19,24,12,,,,,,,,,,,06,01,yes,no,no,2025-06-25_14h18.15.835,EXNAT_4_TMS_Psychopy2024.2.5.psyexp,2024.2.5,2025-06-25 14h21.58.968910 +0200,
0,0,0,,,,,0,0,0,0,,,,,#F989A2,1532.2166526317596,False,space,correct rejection,None,527.7960300445557,,24,13,1back_single_main_click,1,,11,9,20,24,12,1532.6489470005035,,,,,,,,,,06,01,yes,no,no,2025-06-25_14h18.15.835,EXNAT_4_TMS_Psychopy2024.2.5.psyexp,2024.2.5,2025-06-25 14h21.58.968910 +0200,
0,0,0,,,,,0,0,0,0,,,,,#88BA3F,1532.9686601161957,False,space,correct rejection,None,559.8983764648438,,25,13,1back_single_main_click,1,,11,9,20,24,12,,,,,,,,,,,06,01,yes,no,no,2025-06-25_14h18.15.835,EXNAT_4_TMS_Psychopy2024.2.5.psyexp,2024.2.5,2025-06-25 14h21.58.968910 +0200,
0,0,0,,,,,0,0,0,0,,,,,#F989A2,1533.752500295639,False,space,correct rejection,None,623.9829063415527,,26,13,1back_single_main_click,1,,11,9,20,24,12,,,,,,,,,,,06,01,yes,no,no,2025-06-25_14h18.15.835,EXNAT_4_TMS_Psychopy2024.2.5.psyexp,2024.2.5,2025-06-25 14h21.58.968910 +0200,
0,0,0,,,,,0,0,0,0,,,,,#88BA3F,1534.6004192829132,False,space,correct rejection,None,624.0420341491699,,27,13,1back_single_main_click,1,,11,9,20,24,12,,,,,,,,,,,06,01,yes,no,no,2025-06-25_14h18.15.835,EXNAT_4_TMS_Psychopy2024.2.5.psyexp,2024.2.5,2025-06-25 14h21.58.968910 +0200,
0,0,0,,,,,0,0,0,0,,,,,#D292F3,1535.448716878891,False,space,correct rejection,None,511.8114948272705,,28,13,1back_single_main_click,1,,11,9,20,24,12,,,,,,,,,,,06,01,yes,no,no,2025-06-25_14h18.15.835,EXNAT_4_TMS_Psychopy2024.2.5.psyexp,2024.2.5,2025-06-25 14h21.58.968910 +0200,
0,0,0,,,,,0,0,0,0,,,,,#D292F3,1536.183928012848,True,l,hit,560.5056285858154,928.5421371459961,,29,13,1back_single_main_click,1,,11,9,20,24,12,,,,,,,,,,,06,01,yes,no,no,2025-06-25_14h18.15.835,EXNAT_4_TMS_Psychopy2024.2.5.psyexp,2024.2.5,2025-06-25 14h21.58.968910 +0200,
0,0,0,,,,,0,0,0,0,,,,,#D292F3,1537.3364052772522,True,l,hit,608.0937385559082,911.919116973877,,30,13,1back_single_main_click,1,,11,10,21,24,12,1537.6489527225494,,,,,,,,,,06,01,yes,no,no,2025-06-25_14h18.15.835,EXNAT_4_TMS_Psychopy2024.2.5.psyexp,2024.2.5,2025-06-25 14h21.58.968910 +0200,
0,0,0,,,,,0,0,0,0,,,,,#2AB7EF,1538.4724290370941,False,space,correct rejection,None,480.0717830657959,,31,13,1back_single_main_click,1,,11,10,21,24,12,,,,,,,,,,,06,01,yes,no,no,2025-06-25_14h18.15.835,EXNAT_4_TMS_Psychopy2024.2.5.psyexp,2024.2.5,2025-06-25 14h21.58.968910 +0200,
0,0,0,,,,,0,0,0,0,,,,,#2AB7EF,1539.1767880916595,True,l,hit,575.728178024292,911.5865230560303,,32,13,1back_single_main_click,1,,11,10,21,24,12,,,,,,,,,,,06,01,yes,no,no,2025-06-25_14h18.15.835,EXNAT_4_TMS_Psychopy2024.2.5.psyexp,2024.2.5,2025-06-25 14h21.58.968910 +0200,
0,0,0,,,,,0,0,0,0,,,,,#F989A2,1540.3118991851807,False,space,correct rejection,None,928.3468723297119,,33,13,1back_single_main_click,1,,11,10,21,24,12,,,,,,,,,,,06,01,yes,no,no,2025-06-25_14h18.15.835,EXNAT_4_TMS_Psychopy2024.2.5.psyexp,2024.2.5,2025-06-25 14h21.58.968910 +0200,
0,0,0,,,,,0,0,0,0,,,,,#D292F3,1541.4640469551086,False,space,correct rejection,None,528.3334255218506,,34,13,1back_single_main_click,1,,11,10,21,24,12,,,,,,,,,,,06,01,yes,no,no,2025-06-25_14h18.15.835,EXNAT_4_TMS_Psychopy2024.2.5.psyexp,2024.2.5,2025-06-25 14h21.58.968910 +0200,
0,0,0,,,,,0,0,0,0,,,,,#88BA3F,1542.2156493663788,False,space,correct rejection,None,544.8062419891357,,35,13,1back_single_main_click,1,,12,10,22,24,12,1542.6489584445953,,,,,,,,,,06,01,yes,no,no,2025-06-25_14h18.15.835,EXNAT_4_TMS_Psychopy2024.2.5.psyexp,2024.2.5,2025-06-25 14h21.58.968910 +0200,
0,0,0,,,,,0,0,0,0,,,,,#88BA3F,1542.984038591385,True,l,hit,720.4537391662598,1136.258840560913,,36,13,1back_single_main_click,1,,12,10,22,24,12,,,,,,,,,,,06,01,yes,no,no,2025-06-25_14h18.15.835,EXNAT_4_TMS_Psychopy2024.2.5.psyexp,2024.2.5,2025-06-25 14h21.58.968910 +0200,
0,0,0,,,,,0,0,0,0,,,,,#D292F3,1544.3444905281067,False,space,correct rejection,None,559.8678588867188,,37,13,1back_single_main_click,1,,12,10,22,24,12,,,,,,,,,,,06,01,yes,no,no,2025-06-25_14h18.15.835,EXNAT_4_TMS_Psychopy2024.2.5.psyexp,2024.2.5,2025-06-25 14h21.58.968910 +0200,
0,0,0,,,,,0,0,0,0,,,,,#88BA3F,1545.1285083293915,False,space,correct rejection,None,591.8796062469482,,38,13,1back_single_main_click,1,,12,10,22,24,12,,,,,,,,,,,06,01,yes,no,no,2025-06-25_14h18.15.835,EXNAT_4_TMS_Psychopy2024.2.5.psyexp,2024.2.5,2025-06-25 14h21.58.968910 +0200,
0,0,0,,,,,0,0,0,0,,,,,#88BA3F,1545.9444134235382,True,l,hit,831.9001197814941,1263.9448642730713,,39,13,1back_single_main_click,1,,12,10,22,24,12,,,,,,,,,,,06,01,yes,no,no,2025-06-25_14h18.15.835,EXNAT_4_TMS_Psychopy2024.2.5.psyexp,2024.2.5,2025-06-25 14h21.58.968910 +0200,
0,0,0,,,,,0,0,0,0,,,,,#2AB7EF,1547.4320611953735,False,space,correct rejection,None,496.4413642883301,,40,13,1back_single_main_click,1,,12,10,22,24,12,,,,,,,,,,,06,01,yes,no,no,2025-06-25_14h18.15.835,EXNAT_4_TMS_Psychopy2024.2.5.psyexp,2024.2.5,2025-06-25 14h21.58.968910 +0200,
0,0,0,,,,,0,0,0,0,,,,,#F989A2,1548.1526007652283,False,space,correct rejection,None,447.9093551635742,,41,13,1back_single_main_click,1,,12,10,22,24,12,,,,,,,,,,,06,01,yes,no,no,2025-06-25_14h18.15.835,EXNAT_4_TMS_Psychopy2024.2.5.psyexp,2024.2.5,2025-06-25 14h21.58.968910 +0200,
0,0,0,,,,,0,0,0,0,,,,,#F989A2,1548.8242287635803,True,l,hit,624.100923538208,959.9409103393555,,42,13,1back_single_main_click,1,,12,11,23,24,12,1548.881736755371,,,,,,,,,,06,01,yes,no,no,2025-06-25_14h18.15.835,EXNAT_4_TMS_Psychopy2024.2.5.psyexp,2024.2.5,2025-06-25 14h21.58.968910 +0200,
0,0,0,,,,,0,0,0,0,,,,,#D292F3,1550.0078420639038,False,space,correct rejection,None,448.63104820251465,,43,13,1back_single_main_click,1,,12,11,23,24,12,,,,,,,,,,,06,01,yes,no,no,2025-06-25_14h18.15.835,EXNAT_4_TMS_Psychopy2024.2.5.psyexp,2024.2.5,2025-06-25 14h21.58.968910 +0200,
0,0,0,,,,,0,0,0,0,,,,,#2AB7EF,1550.6807148456573,False,space,correct rejection,None,527.8208255767822,,44,13,1back_single_main_click,1,,12,11,23,24,12,,,,,,,,,,,06,01,yes,no,no,2025-06-25_14h18.15.835,EXNAT_4_TMS_Psychopy2024.2.5.psyexp,2024.2.5,2025-06-25 14h21.58.968910 +0200,
0,0,0,,,,,0,0,0,0,,,,,#88BA3F,1551.432407617569,False,space,correct rejection,None,544.1210269927979,,45,13,1back_single_main_click,1,,12,11,23,24,12,,,,,,,,,,,06,01,yes,no,no,2025-06-25_14h18.15.835,EXNAT_4_TMS_Psychopy2024.2.5.psyexp,2024.2.5,2025-06-25 14h21.58.968910 +0200,
0,0,0,,,,,0,0,0,0,,,,,#F989A2,1552.199467420578,False,space,correct rejection,None,976.8564701080322,,46,13,1back_single_main_click,1,,12,11,23,24,12,,,,,,,,,,,06,01,yes,no,no,2025-06-25_14h18.15.835,EXNAT_4_TMS_Psychopy2024.2.5.psyexp,2024.2.5,2025-06-25 14h21.58.968910 +0200,
0,0,0,,,,,0,0,0,0,,,,,#D292F3,1553.3996312618256,False,space,correct rejection,None,512.8772258758545,,47,13,1back_single_main_click,1,,12,11,23,24,12,,,,,,,,,,,06,01,yes,no,no,2025-06-25_14h18.15.835,EXNAT_4_TMS_Psychopy2024.2.5.psyexp,2024.2.5,2025-06-25 14h21.58.968910 +0200,
0,0,0,,,,,0,0,0,0,,,,,#2AB7EF,1554.1363451480865,False,space,correct rejection,None,496.22058868408203,,48,13,1back_single_main_click,1,,12,11,23,24,12,,,,,,,,,,,06,01,yes,no,no,2025-06-25_14h18.15.835,EXNAT_4_TMS_Psychopy2024.2.5.psyexp,2024.2.5,2025-06-25 14h21.58.968910 +0200,
0,0,0,,,,,0,0,0,0,,,,,#2AB7EF,1554.856228351593,True,l,hit,512.3450756072998,992.3093318939209,,49,13,1back_single_main_click,1,,12,12,24,24,inf,1554.9166052341461,,,,,,,,,,06,01,yes,no,no,2025-06-25_14h18.15.835,EXNAT_4_TMS_Psychopy2024.2.5.psyexp,2024.2.5,2025-06-25 14h21.58.968910 +0200,
0,0,0,,,,,0,0,0,0,,,,,#D292F3,1556.071516752243,False,space,correct rejection,None,544.9991226196289,,50,13,1back_single_main_click,1,,12,12,24,24,inf,,,,,,,,,,,06,01,yes,no,no,2025-06-25_14h18.15.835,EXNAT_4_TMS_Psychopy2024.2.5.psyexp,2024.2.5,2025-06-25 14h21.58.968910 +0200,
0,0,0,,,,,0,0,0,0,,,,,#88BA3F,1556.8397495746613,False,space,correct rejection,None,496.78659439086914,,51,13,1back_single_main_click,1,,12,12,24,24,inf,,,,,,,,,,,06,01,yes,no,no,2025-06-25_14h18.15.835,EXNAT_4_TMS_Psychopy2024.2.5.psyexp,2024.2.5,2025-06-25 14h21.58.968910 +0200,
0,0,0,,,,,0,0,0,0,,,,,#F989A2,1557.5604903697968,False,space,correct rejection,None,512.0441913604736,,52,13,1back_single_main_click,1,,12,12,24,24,inf,,,,,,,,,,,06,01,yes,no,no,2025-06-25_14h18.15.835,EXNAT_4_TMS_Psychopy2024.2.5.psyexp,2024.2.5,2025-06-25 14h21.58.968910 +0200,
0,0,0,,,,,0,0,0,0,,,,,#F989A2,1558.2960381507874,True,l,hit,656.4815044403076,1120.332956314087,,53,13,1back_single_main_click,1,,12,12,24,24,inf,,,,,,,,,,,06,01,yes,no,no,2025-06-25_14h18.15.835,EXNAT_4_TMS_Psychopy2024.2.5.psyexp,2024.2.5,2025-06-25 14h21.58.968910 +0200,
0,0,0,,,,,0,0,0,0,,,,,#88BA3F,1559.6396100521088,False,space,correct rejection,None,416.73827171325684,,54,13,1back_single_main_click,1,,13,12,25,24,inf,1559.9165275096893,,,,,,,,,,06,01,yes,no,no,2025-06-25_14h18.15.835,EXNAT_4_TMS_Psychopy2024.2.5.psyexp,2024.2.5,2025-06-25 14h21.58.968910 +0200,
0,0,0,,,,,0,0,0,0,,,,,#88BA3F,1560.2783098220825,True,l,hit,610.1682186126709,1010.0665092468262,,55,13,1back_single_main_click,1,,13,12,25,24,inf,,,,,,,,,,,06,01,yes,no,no,2025-06-25_14h18.15.835,EXNAT_4_TMS_Psychopy2024.2.5.psyexp,2024.2.5,2025-06-25 14h21.58.968910 +0200,
0,0,0,,,,,0,0,0,0,,,,,#2AB7EF,1561.5123808383942,False,space,correct rejection,None,448.09842109680176,,56,13,1back_single_main_click,1,,13,12,25,24,inf,,,,,,,,,,,06,01,yes,no,no,2025-06-25_14h18.15.835,EXNAT_4_TMS_Psychopy2024.2.5.psyexp,2024.2.5,2025-06-25 14h21.58.968910 +0200,
0,0,0,,,,,0,0,0,0,,,,,#D292F3,1562.1839621067047,False,space,correct rejection,None,432.558536529541,,57,13,1back_single_main_click,1,,13,12,25,24,inf,,,,,,,,,,,06,01,yes,no,no,2025-06-25_14h18.15.835,EXNAT_4_TMS_Psychopy2024.2.5.psyexp,2024.2.5,2025-06-25 14h21.58.968910 +0200,
0,0,0,,,,,0,0,0,0,,,,,#2AB7EF,1562.83940243721,False,space,correct rejection,None,721.153974533081,,58,13,1back_single_main_click,1,,13,12,25,24,inf,,,,,,,,,,,06,01,yes,no,no,2025-06-25_14h18.15.835,EXNAT_4_TMS_Psychopy2024.2.5.psyexp,2024.2.5,2025-06-25 14h21.58.968910 +0200,
0,0,0,,,,,0,0,0,0,,,,,#D292F3,1563.7841765880585,False,space,correct rejection,None,384.3247890472412,,59,13,1back_single_main_click,1,,13,12,25,24,inf,,,,,,,,,,,06,01,yes,no,no,2025-06-25_14h18.15.835,EXNAT_4_TMS_Psychopy2024.2.5.psyexp,2024.2.5,2025-06-25 14h21.58.968910 +0200,
0,0,0,,,,,0,0,0,0,,,,,#F989A2,1564.3923840522766,False,space,correct rejection,None,496.1681365966797,,60,13,1back_single_main_click,1,,13,12,25,24,inf,,,,,,,,,,,06,01,yes,no,no,2025-06-25_14h18.15.835,EXNAT_4_TMS_Psychopy2024.2.5.psyexp,2024.2.5,2025-06-25 14h21.58.968910 +0200,
0,0,0,,,,,0,0,0,0,,,,,#88BA3F,1576.2714235782623,False,space,correct rejection,None,1065.101146697998,,1,14,2back_single_main_click,2,,1,0,1,24,12,1576.3282220363617,,,,,,,,,,06,01,yes,no,no,2025-06-25_14h18.15.835,EXNAT_4_TMS_Psychopy2024.2.5.psyexp,2024.2.5,2025-06-25 14h21.58.968910 +0200,
0,0,0,,,,,0,0,0,0,,,,,#F989A2,1577.5505599975586,False,space,correct rejection,None,441.96224212646484,,2,14,2back_single_main_click,2,,1,0,1,24,12,,,,,,,,,,,06,01,yes,no,no,2025-06-25_14h18.15.835,EXNAT_4_TMS_Psychopy2024.2.5.psyexp,2024.2.5,2025-06-25 14h21.58.968910 +0200,
0,0,0,,,,,0,0,0,0,,,,,#2AB7EF,1578.2054336071014,False,space,correct rejection,None,458.8758945465088,,3,14,2back_single_main_click,2,,1,0,1,24,12,,,,,,,,,,,06,01,yes,no,no,2025-06-25_14h18.15.835,EXNAT_4_TMS_Psychopy2024.2.5.psyexp,2024.2.5,2025-06-25 14h21.58.968910 +0200,
0,0,0,,,,,0,0,0,0,,,,,#2AB7EF,1578.8809022903442,False,space,correct rejection,None,1111.6490364074707,,4,14,2back_single_main_click,2,,1,0,1,24,12,,,,,,,,,,,06,01,yes,no,no,2025-06-25_14h18.15.835,EXNAT_4_TMS_Psychopy2024.2.5.psyexp,2024.2.5,2025-06-25 14h21.58.968910 +0200,
0,0,0,,,,,0,0,0,0,,,,,#F989A2,1580.2165415287018,False,space,correct rejection,None,847.9857444763184,,5,14,2back_single_main_click,2,,1,0,1,24,12,,,,,,,,,,,06,01,yes,no,no,2025-06-25_14h18.15.835,EXNAT_4_TMS_Psychopy2024.2.5.psyexp,2024.2.5,2025-06-25 14h21.58.968910 +0200,
0,0,0,,,,,0,0,0,0,,,,,#D292F3,1581.2881436347961,False,space,correct rejection,None,848.466157913208,,6,14,2back_single_main_click,2,,2,0,2,24,12,1581.3484938144684,,,,,,,,,,06,01,yes,no,no,2025-06-25_14h18.15.835,EXNAT_4_TMS_Psychopy2024.2.5.psyexp,2024.2.5,2025-06-25 14h21.58.968910 +0200,
0,0,0,,,,,0,0,0,0,,,,,#88BA3F,1582.3604352474213,False,space,correct rejection,None,832.2198390960693,,7,14,2back_single_main_click,2,,2,0,2,24,12,,,,,,,,,,,06,01,yes,no,no,2025-06-25_14h18.15.835,EXNAT_4_TMS_Psychopy2024.2.5.psyexp,2024.2.5,2025-06-25 14h21.58.968910 +0200,
0,0,0,,,,,0,0,0,0,,,,,#D292F3,1583.416553735733,True,l,hit,560.0006580352783,1039.8612022399902,,8,14,2back_single_main_click,2,,2,0,2,24,12,,,,,,,,,,,06,01,yes,no,no,2025-06-25_14h18.15.835,EXNAT_4_TMS_Psychopy2024.2.5.psyexp,2024.2.5,2025-06-25 14h21.58.968910 +0200,
0,0,0,,,,,0,0,0,0,,,,,#F989A2,1584.6798441410065,False,space,correct rejection,None,576.7459869384766,,9,14,2back_single_main_click,2,,2,0,2,24,12,,,,,,,,,,,06,01,yes,no,no,2025-06-25_14h18.15.835,EXNAT_4_TMS_Psychopy2024.2.5.psyexp,2024.2.5,2025-06-25 14h21.58.968910 +0200,
0,0,0,,,,,0,0,0,0,,,,,#D292F3,1585.4800825119019,True,l,hit,640.5551433563232,1088.4790420532227,,10,14,2back_single_main_click,2,,2,1,3,24,12,1586.3483591079712,,,,,,,,,,06,01,yes,no,no,2025-06-25_14h18.15.835,EXNAT_4_TMS_Psychopy2024.2.5.psyexp,2024.2.5,2025-06-25 14h21.58.968910 +0200,
0,0,0,,,,,0,0,0,0,,,,,#2AB7EF,1586.7924880981445,False,space,correct rejection,None,560.183048248291,,11,14,2back_single_main_click,2,,2,1,3,24,12,,,,,,,,,,,06,01,yes,no,no,2025-06-25_14h18.15.835,EXNAT_4_TMS_Psychopy2024.2.5.psyexp,2024.2.5,2025-06-25 14h21.58.968910 +0200,
0,0,0,,,,,0,0,0,0,,,,,#88BA3F,1587.5759637355804,False,space,correct rejection,None,1136.5013122558594,,12,14,2back_single_main_click,2,,2,1,3,24,12,,,,,,,,,,,06,01,yes,no,no,2025-06-25_14h18.15.835,EXNAT_4_TMS_Psychopy2024.2.5.psyexp,2024.2.5,2025-06-25 14h21.58.968910 +0200,
0,0,0,,,,,0,0,0,0,,,,,#2AB7EF,1588.9360299110413,True,l,hit,704.5254707336426,1040.3931140899658,,13,14,2back_single_main_click,2,,2,1,3,24,12,,,,,,,,,,,06,01,yes,no,no,2025-06-25_14h18.15.835,EXNAT_4_TMS_Psychopy2024.2.5.psyexp,2024.2.5,2025-06-25 14h21.58.968910 +0200,
0,0,0,,,,,0,0,0,0,,,,,#88BA3F,1590.199368238449,True,l,hit,817.0678615570068,1265.1033401489258,,14,14,2back_single_main_click,2,,2,2,4,24,12,1591.3483936786652,,,,,,,,,,06,01,yes,no,no,2025-06-25_14h18.15.835,EXNAT_4_TMS_Psychopy2024.2.5.psyexp,2024.2.5,2025-06-25 14h21.58.968910 +0200,
0,0,0,,,,,0,0,0,0,,,,,#D292F3,1591.6881127357483,False,space,correct rejection,None,720.5040454864502,,15,14,2back_single_main_click,2,,2,2,4,24,12,,,,,,,,,,,06,01,yes,no,no,2025-06-25_14h18.15.835,EXNAT_4_TMS_Psychopy2024.2.5.psyexp,2024.2.5,2025-06-25 14h21.58.968910 +0200,
0,0,0,,,,,0,0,0,0,,,,,#F989A2,1592.6317956447601,False,space,correct rejection,None,768.8086032867432,,16,14,2back_single_main_click,2,,2,2,4,24,12,,,,,,,,,,,06,01,yes,no,no,2025-06-25_14h18.15.835,EXNAT_4_TMS_Psychopy2024.2.5.psyexp,2024.2.5,2025-06-25 14h21.58.968910 +0200,
0,0,0,,,,,0,0,0,0,,,,,#2AB7EF,1593.624902009964,False,space,correct rejection,None,911.470890045166,,17,14,2back_single_main_click,2,,2,2,4,24,12,,,,,,,,,,,06,01,yes,no,no,2025-06-25_14h18.15.835,EXNAT_4_TMS_Psychopy2024.2.5.psyexp,2024.2.5,2025-06-25 14h21.58.968910 +0200,
0,0,0,,,,,0,0,0,0,,,,,#D292F3,1594.7605228424072,False,space,correct rejection,None,959.9950313568115,,18,14,2back_single_main_click,2,,2,2,4,24,12,,,,,,,,,,,06,01,yes,no,no,2025-06-25_14h18.15.835,EXNAT_4_TMS_Psychopy2024.2.5.psyexp,2024.2.5,2025-06-25 14h21.58.968910 +0200,
0,0,0,,,,,0,0,0,0,,,,,#D292F3,1595.9444024562836,False,space,correct rejection,None,976.1807918548584,,19,14,2back_single_main_click,2,,3,2,5,24,12,1596.348431110382,,,,,,,,,,06,01,yes,no,no,2025-06-25_14h18.15.835,EXNAT_4_TMS_Psychopy2024.2.5.psyexp,2024.2.5,2025-06-25 14h21.58.968910 +0200,
0,0,0,,,,,0,0,0,0,,,,,#2AB7EF,1597.1442518234253,False,space,correct rejection,None,704.2946815490723,,20,14,2back_single_main_click,2,,3,2,5,24,12,,,,,,,,,,,06,01,yes,no,no,2025-06-25_14h18.15.835,EXNAT_4_TMS_Psychopy2024.2.5.psyexp,2024.2.5,2025-06-25 14h21.58.968910 +0200,
0,0,0,,,,,0,0,0,0,,,,,#2AB7EF,1598.0719604492188,False,space,correct rejection,None,976.4754772186279,,21,14,2back_single_main_click,2,,3,2,5,24,12,,,,,,,,,,,06,01,yes,no,no,2025-06-25_14h18.15.835,EXNAT_4_TMS_Psychopy2024.2.5.psyexp,2024.2.5,2025-06-25 14h21.58.968910 +0200,
0,0,0,,,,,0,0,0,0,,,,,#88BA3F,1599.2726006507874,False,space,correct rejection,None,911.968469619751,,22,14,2back_single_main_click,2,,3,2,5,24,12,,,,,,,,,,,06,01,yes,no,no,2025-06-25_14h18.15.835,EXNAT_4_TMS_Psychopy2024.2.5.psyexp,2024.2.5,2025-06-25 14h21.58.968910 +0200,
0,0,0,,,,,0,0,0,0,,,,,#F989A2,1600.4082369804382,False,space,correct rejection,None,880.2447319030762,,23,14,2back_single_main_click,2,,3,2,5,24,12,,,,,,,,,,,06,01,yes,no,no,2025-06-25_14h18.15.835,EXNAT_4_TMS_Psychopy2024.2.5.psyexp,2024.2.5,2025-06-25 14h21.58.968910 +0200,
0,0,0,,,,,0,0,0,0,,,,,#F989A2,1601.513854265213,False,space,correct rejection,None,734.7474098205566,,24,14,2back_single_main_click,2,,4,2,6,24,12,1601.5721275806427,,,,,,,,,,06,01,yes,no,no,2025-06-25_14h18.15.835,EXNAT_4_TMS_Psychopy2024.2.5.psyexp,2024.2.5,2025-06-25 14h21.58.968910 +0200,
0,0,0,,,,,0,0,0,0,,,,,#D292F3,1602.472354888916,False,space,correct rejection,None,896.2113857269287,,25,14,2back_single_main_click,2,,4,2,6,24,12,,,,,,,,,,,06,01,yes,no,no,2025-06-25_14h18.15.835,EXNAT_4_TMS_Psychopy2024.2.5.psyexp,2024.2.5,2025-06-25 14h21.58.968910 +0200,
0,0,0,,,,,0,0,0,0,,,,,#2AB7EF,1603.5920944213867,False,space,correct rejection,None,784.3656539916992,,26,14,2back_single_main_click,2,,4,2,6,24,12,,,,,,,,,,,06,01,yes,no,no,2025-06-25_14h18.15.835,EXNAT_4_TMS_Psychopy2024.2.5.psyexp,2024.2.5,2025-06-25 14h21.58.968910 +0200,
0,0,0,,,,,0,0,0,0,,,,,#D292F3,1604.6009018421173,True,space,miss,None,767.7085399627686,,27,14,2back_single_main_click,2,,4,2,6,24,12,,,,,,,,,,,06,01,yes,no,no,2025-06-25_14h18.15.835,EXNAT_4_TMS_Psychopy2024.2.5.psyexp,2024.2.5,2025-06-25 14h21.58.968910 +0200,
0,0,0,,,,,0,0,0,0,,,,,#2AB7EF,1605.5927863121033,True,l,hit,511.75713539123535,879.6210289001465,,28,14,2back_single_main_click,2,,4,2,6,24,12,,,,,,,,,,,06,01,yes,no,no,2025-06-25_14h18.15.835,EXNAT_4_TMS_Psychopy2024.2.5.psyexp,2024.2.5,2025-06-25 14h21.58.968910 +0200,
0,0,0,,,,,0,0,0,0,,,,,#88BA3F,1606.6956639289856,False,space,correct rejection,None,944.9129104614258,,29,14,2back_single_main_click,2,,4,2,6,24,12,,,,,,,,,,,06,01,yes,no,no,2025-06-25_14h18.15.835,EXNAT_4_TMS_Psychopy2024.2.5.psyexp,2024.2.5,2025-06-25 14h21.58.968910 +0200,
0,0,0,,,,,0,0,0,0,,,,,#D292F3,1607.8641669750214,False,space,correct rejection,None,2000.4143714904785,,30,14,2back_single_main_click,2,,4,2,6,24,12,,,,,,,,,,,06,01,yes,no,no,2025-06-25_14h18.15.835,EXNAT_4_TMS_Psychopy2024.2.5.psyexp,2024.2.5,2025-06-25 14h21.58.968910 +0200,
0,0,0,,,,,0,0,0,0,,,,,#88BA3F,1610.0883831977844,True,space,miss,None,752.1593570709229,,31,14,2back_single_main_click,2,,4,3,7,24,12,1610.1468641757965,,,,,,,,,,06,01,yes,no,no,2025-06-25_14h18.15.835,EXNAT_4_TMS_Psychopy2024.2.5.psyexp,2024.2.5,2025-06-25 14h21.58.968910 +0200,
0,0,0,,,,,0,0,0,0,,,,,#F989A2,1611.0644631385803,False,space,correct rejection,None,592.0796394348145,,32,14,2back_single_main_click,2,,4,3,7,24,12,,,,,,,,,,,06,01,yes,no,no,2025-06-25_14h18.15.835,EXNAT_4_TMS_Psychopy2024.2.5.psyexp,2024.2.5,2025-06-25 14h21.58.968910 +0200,
0,0,0,,,,,0,0,0,0,,,,,#F989A2,1611.8807165622711,False,space,correct rejection,None,751.8486976623535,,33,14,2back_single_main_click,2,,4,3,7,24,12,,,,,,,,,,,06,01,yes,no,no,2025-06-25_14h18.15.835,EXNAT_4_TMS_Psychopy2024.2.5.psyexp,2024.2.5,2025-06-25 14h21.58.968910 +0200,
0,0,0,,,,,0,0,0,0,,,,,#2AB7EF,1612.8562681674957,False,space,correct rejection,None,768.0892944335938,,34,14,2back_single_main_click,2,,4,3,7,24,12,,,,,,,,,,,06,01,yes,no,no,2025-06-25_14h18.15.835,EXNAT_4_TMS_Psychopy2024.2.5.psyexp,2024.2.5,2025-06-25 14h21.58.968910 +0200,
0,0,0,,,,,0,0,0,0,,,,,#F989A2,1613.8478491306305,True,space,miss,None,608.7021827697754,,35,14,2back_single_main_click,2,,4,3,7,24,12,,,,,,,,,,,06,01,yes,no,no,2025-06-25_14h18.15.835,EXNAT_4_TMS_Psychopy2024.2.5.psyexp,2024.2.5,2025-06-25 14h21.58.968910 +0200,
0,0,0,,,,,0,0,0,0,,,,,#88BA3F,1614.6805775165558,False,space,correct rejection,None,639.9731636047363,,36,14,2back_single_main_click,2,,5,3,8,24,12,1615.1467823982239,,,,,,,,,,06,01,yes,no,no,2025-06-25_14h18.15.835,EXNAT_4_TMS_Psychopy2024.2.5.psyexp,2024.2.5,2025-06-25 14h21.58.968910 +0200,
0,0,0,,,,,0,0,0,0,,,,,#2AB7EF,1615.5444829463959,False,space,correct rejection,None,703.8578987121582,,37,14,2back_single_main_click,2,,5,3,8,24,12,,,,,,,,,,,06,01,yes,no,no,2025-06-25_14h18.15.835,EXNAT_4_TMS_Psychopy2024.2.5.psyexp,2024.2.5,2025-06-25 14h21.58.968910 +0200,
0,0,0,,,,,0,0,0,0,,,,,#F989A2,1616.4716210365295,False,space,correct rejection,None,1248.9385604858398,,38,14,2back_single_main_click,2,,5,3,8,24,12,,,,,,,,,,,06,01,yes,no,no,2025-06-25_14h18.15.835,EXNAT_4_TMS_Psychopy2024.2.5.psyexp,2024.2.5,2025-06-25 14h21.58.968910 +0200,
0,0,0,,,,,0,0,0,0,,,,,#D292F3,1617.944592475891,False,space,correct rejection,None,639.7738456726074,,39,14,2back_single_main_click,2,,5,3,8,24,12,,,,,,,,,,,06,01,yes,no,no,2025-06-25_14h18.15.835,EXNAT_4_TMS_Psychopy2024.2.5.psyexp,2024.2.5,2025-06-25 14h21.58.968910 +0200,
0,0,0,,,,,0,0,0,0,,,,,#88BA3F,1618.807954788208,False,space,correct rejection,None,848.6106395721436,,40,14,2back_single_main_click,2,,5,3,8,24,12,,,,,,,,,,,06,01,yes,no,no,2025-06-25_14h18.15.835,EXNAT_4_TMS_Psychopy2024.2.5.psyexp,2024.2.5,2025-06-25 14h21.58.968910 +0200,
0,0,0,,,,,0,0,0,0,,,,,#F989A2,1619.880737543106,False,space,correct rejection,None,1007.6396465301514,,41,14,2back_single_main_click,2,,5,3,8,24,12,,,,,,,,,,,06,01,yes,no,no,2025-06-25_14h18.15.835,EXNAT_4_TMS_Psychopy2024.2.5.psyexp,2024.2.5,2025-06-25 14h21.58.968910 +0200,
0,0,0,,,,,0,0,0,0,,,,,#D292F3,1621.112734079361,False,space,correct rejection,None,735.6858253479004,,42,14,2back_single_main_click,2,,5,3,8,24,12,,,,,,,,,,,06,01,yes,no,no,2025-06-25_14h18.15.835,EXNAT_4_TMS_Psychopy2024.2.5.psyexp,2024.2.5,2025-06-25 14h21.58.968910 +0200,
0,0,0,,,,,0,0,0,0,,,,,#F989A2,1622.072824716568,True,space,miss,None,1087.7153873443604,,43,14,2back_single_main_click,2,,5,4,9,24,12,1622.1340866088867,,,,,,,,,,06,01,yes,no,no,2025-06-25_14h18.15.835,EXNAT_4_TMS_Psychopy2024.2.5.psyexp,2024.2.5,2025-06-25 14h21.58.968910 +0200,
0,0,0,,,,,0,0,0,0,,,,,#2AB7EF,1623.3847336769104,False,space,correct rejection,None,735.7873916625977,,44,14,2back_single_main_click,2,,5,4,9,24,12,,,,,,,,,,,06,01,yes,no,no,2025-06-25_14h18.15.835,EXNAT_4_TMS_Psychopy2024.2.5.psyexp,2024.2.5,2025-06-25 14h21.58.968910 +0200,
0,0,0,,,,,0,0,0,0,,,,,#2AB7EF,1624.3442673683167,False,space,correct rejection,None,704.326868057251,,45,14,2back_single_main_click,2,,5,4,9,24,12,,,,,,,,,,,06,01,yes,no,no,2025-06-25_14h18.15.835,EXNAT_4_TMS_Psychopy2024.2.5.psyexp,2024.2.5,2025-06-25 14h21.58.968910 +0200,
0,0,0,,,,,0,0,0,0,,,,,#F989A2,1625.2724876403809,False,space,correct rejection,None,800.1024723052979,,46,14,2back_single_main_click,2,,5,4,9,24,12,,,,,,,,,,,06,01,yes,no,no,2025-06-25_14h18.15.835,EXNAT_4_TMS_Psychopy2024.2.5.psyexp,2024.2.5,2025-06-25 14h21.58.968910 +0200,
0,0,0,,,,,0,0,0,0,,,,,#88BA3F,1626.296374797821,False,space,correct rejection,None,784.2283248901367,,47,14,2back_single_main_click,2,,5,4,9,24,12,,,,,,,,,,,06,01,yes,no,no,2025-06-25_14h18.15.835,EXNAT_4_TMS_Psychopy2024.2.5.psyexp,2024.2.5,2025-06-25 14h21.58.968910 +0200,
0,0,0,,,,,0,0,0,0,,,,,#88BA3F,1627.304708480835,False,space,correct rejection,None,655.8670997619629,,48,14,2back_single_main_click,2,,6,4,10,24,12,1627.3653948307037,,,,,,,,,,06,01,yes,no,no,2025-06-25_14h18.15.835,EXNAT_4_TMS_Psychopy2024.2.5.psyexp,2024.2.5,2025-06-25 14h21.58.968910 +0200,
0,0,0,,,,,0,0,0,0,,,,,#D292F3,1628.1843626499176,False,space,correct rejection,None,992.2299385070801,,49,14,2back_single_main_click,2,,6,4,10,24,12,,,,,,,,,,,06,01,yes,no,no,2025-06-25_14h18.15.835,EXNAT_4_TMS_Psychopy2024.2.5.psyexp,2024.2.5,2025-06-25 14h21.58.968910 +0200,
0,0,0,,,,,0,0,0,0,,,,,#D292F3,1629.4004714488983,False,space,correct rejection,None,720.1321125030518,,50,14,2back_single_main_click,2,,6,4,10,24,12,,,,,,,,,,,06,01,yes,no,no,2025-06-25_14h18.15.835,EXNAT_4_TMS_Psychopy2024.2.5.psyexp,2024.2.5,2025-06-25 14h21.58.968910 +0200,
0,0,0,,,,,0,0,0,0,,,,,#D292F3,1630.3446044921875,True,space,miss,None,624.0031719207764,,51,14,2back_single_main_click,2,,6,4,10,24,12,,,,,,,,,,,06,01,yes,no,no,2025-06-25_14h18.15.835,EXNAT_4_TMS_Psychopy2024.2.5.psyexp,2024.2.5,2025-06-25 14h21.58.968910 +0200,
0,0,0,,,,,0,0,0,0,,,,,#2AB7EF,1631.1921949386597,False,l,false alarm,64.43285942077637,656.2888622283936,,52,14,2back_single_main_click,2,,6,4,10,24,12,,,,,,,,,,,06,01,yes,no,no,2025-06-25_14h18.15.835,EXNAT_4_TMS_Psychopy2024.2.5.psyexp,2024.2.5,2025-06-25 14h21.58.968910 +0200,
0,0,0,,,,,0,0,0,0,,,,,#88BA3F,1632.0726099014282,False,space,correct rejection,None,591.9783115386963,,53,14,2back_single_main_click,2,,6,4,10,24,12,,,,,,,,,,,06,01,yes,no,no,2025-06-25_14h18.15.835,EXNAT_4_TMS_Psychopy2024.2.5.psyexp,2024.2.5,2025-06-25 14h21.58.968910 +0200,
0,0,0,,,,,0,0,0,0,,,,,#88BA3F,1632.8886005878448,False,l,false alarm,623.9931583404541,1039.8221015930176,,54,14,2back_single_main_click,2,,6,4,10,24,12,,,,,,,,,,,06,01,yes,no,no,2025-06-25_14h18.15.835,EXNAT_4_TMS_Psychopy2024.2.5.psyexp,2024.2.5,2025-06-25 14h21.58.968910 +0200,
0,0,0,,,,,0,0,0,0,,,,,#88BA3F,1634.151994228363,True,l,hit,672.5010871887207,1056.3631057739258,,55,14,2back_single_main_click,2,,6,5,11,24,12,1634.2099277973175,,,,,,,,,,06,01,yes,no,no,2025-06-25_14h18.15.835,EXNAT_4_TMS_Psychopy2024.2.5.psyexp,2024.2.5,2025-06-25 14h21.58.968910 +0200,
0,0,0,,,,,0,0,0,0,,,,,#88BA3F,1635.432109117508,True,l,hit,816.4627552032471,1136.319637298584,,56,14,2back_single_main_click,2,,6,5,11,24,12,,,,,,,,,,,06,01,yes,no,no,2025-06-25_14h18.15.835,EXNAT_4_TMS_Psychopy2024.2.5.psyexp,2024.2.5,2025-06-25 14h21.58.968910 +0200,
0,0,0,,,,,0,0,0,0,,,,,#F989A2,1636.7921152114868,False,space,correct rejection,None,1376.4793872833252,,57,14,2back_single_main_click,2,,6,5,11,24,12,,,,,,,,,,,06,01,yes,no,no,2025-06-25_14h18.15.835,EXNAT_4_TMS_Psychopy2024.2.5.psyexp,2024.2.5,2025-06-25 14h21.58.968910 +0200,
0,0,0,,,,,0,0,0,0,,,,,#2AB7EF,1638.3919560909271,False,space,correct rejection,None,496.6301918029785,,58,14,2back_single_main_click,2,,6,5,11,24,12,,,,,,,,,,,06,01,yes,no,no,2025-06-25_14h18.15.835,EXNAT_4_TMS_Psychopy2024.2.5.psyexp,2024.2.5,2025-06-25 14h21.58.968910 +0200,
0,0,0,,,,,0,0,0,0,,,,,#2AB7EF,1639.112185716629,False,space,correct rejection,None,592.4451351165771,,59,14,2back_single_main_click,2,,7,5,12,24,12,1639.209941148758,,,,,,,,,,06,01,yes,no,no,2025-06-25_14h18.15.835,EXNAT_4_TMS_Psychopy2024.2.5.psyexp,2024.2.5,2025-06-25 14h21.58.968910 +0200,
0,0,0,,,,,0,0,0,0,,,,,#D292F3,1639.928317785263,False,space,correct rejection,None,672.2893714904785,,60,14,2back_single_main_click,2,,7,5,12,24,12,,,,,,,,,,,06,01,yes,no,no,2025-06-25_14h18.15.835,EXNAT_4_TMS_Psychopy2024.2.5.psyexp,2024.2.5,2025-06-25 14h21.58.968910 +0200,
0,0,0,,,,,0,0,0,0,,,,,#D292F3,1643.117886543274,False,space,correct rejection,None,682.6939582824707,,1,15,2back_single_main_click,2,,7,5,12,24,12,,,,,,,,,,,06,01,yes,no,no,2025-06-25_14h18.15.835,EXNAT_4_TMS_Psychopy2024.2.5.psyexp,2024.2.5,2025-06-25 14h21.58.968910 +0200,
0,0,0,,,,,0,0,0,0,,,,,#88BA3F,1644.0154511928558,False,space,correct rejection,None,841.0618305206299,,2,15,2back_single_main_click,2,,7,5,12,24,12,,,,,,,,,,,06,01,yes,no,no,2025-06-25_14h18.15.835,EXNAT_4_TMS_Psychopy2024.2.5.psyexp,2024.2.5,2025-06-25 14h21.58.968910 +0200,
0,0,0,,,,,0,0,0,0,,,,,#F989A2,1645.073115825653,False,space,correct rejection,None,903.4252166748047,,3,15,2back_single_main_click,2,,7,5,12,24,12,,,,,,,,,,,06,01,yes,no,no,2025-06-25_14h18.15.835,EXNAT_4_TMS_Psychopy2024.2.5.psyexp,2024.2.5,2025-06-25 14h21.58.968910 +0200,
0,0,0,,,,,0,0,0,0,,,,,#F989A2,1646.1937718391418,False,space,correct rejection,None,790.8880710601807,,4,15,2back_single_main_click,2,,7,5,12,24,12,,,,,,,,,,,06,01,yes,no,no,2025-06-25_14h18.15.835,EXNAT_4_TMS_Psychopy2024.2.5.psyexp,2024.2.5,2025-06-25 14h21.58.968910 +0200,
0,0,0,,,,,0,0,0,0,,,,,#D292F3,1647.2008962631226,False,space,correct rejection,None,759.6585750579834,,5,15,2back_single_main_click,2,,7,5,12,24,12,,,,,,,,,,,06,01,yes,no,no,2025-06-25_14h18.15.835,EXNAT_4_TMS_Psychopy2024.2.5.psyexp,2024.2.5,2025-06-25 14h21.58.968910 +0200,
0,0,0,,,,,0,0,0,0,,,,,#88BA3F,1648.1840379238129,False,space,correct rejection,None,864.567756652832,,6,15,2back_single_main_click,2,,7,5,12,24,12,,,,,,,,,,,06,01,yes,no,no,2025-06-25_14h18.15.835,EXNAT_4_TMS_Psychopy2024.2.5.psyexp,2024.2.5,2025-06-25 14h21.58.968910 +0200,
0,0,0,,,,,0,0,0,0,,,,,#2AB7EF,1649.2727885246277,False,space,correct rejection,None,847.780704498291,,7,15,2back_single_main_click,2,,7,5,12,24,12,,,,,,,,,,,06,01,yes,no,no,2025-06-25_14h18.15.835,EXNAT_4_TMS_Psychopy2024.2.5.psyexp,2024.2.5,2025-06-25 14h21.58.968910 +0200,
0,0,0,,,,,0,0,0,0,,,,,#D292F3,1650.343828201294,False,space,correct rejection,None,720.7846641540527,,8,15,2back_single_main_click,2,,7,5,12,24,12,,,,,,,,,,,06,01,yes,no,no,2025-06-25_14h18.15.835,EXNAT_4_TMS_Psychopy2024.2.5.psyexp,2024.2.5,2025-06-25 14h21.58.968910 +0200,
0,0,0,,,,,0,0,0,0,,,,,#2AB7EF,1651.2883970737457,True,l,hit,672.15895652771,1024.0263938903809,,9,15,2back_single_main_click,2,,7,6,13,24,12,1651.344711303711,,,,,,,,,,06,01,yes,no,no,2025-06-25_14h18.15.835,EXNAT_4_TMS_Psychopy2024.2.5.psyexp,2024.2.5,2025-06-25 14h21.58.968910 +0200,
0,0,0,,,,,0,0,0,0,,,,,#2AB7EF,1652.5364954471588,False,space,correct rejection,None,576.0624408721924,,10,15,2back_single_main_click,2,,7,6,13,24,12,,,,,,,,,,,06,01,yes,no,no,2025-06-25_14h18.15.835,EXNAT_4_TMS_Psychopy2024.2.5.psyexp,2024.2.5,2025-06-25 14h21.58.968910 +0200,
0,0,0,,,,,0,0,0,0,,,,,#88BA3F,1653.336011648178,False,space,correct rejection,None,736.508846282959,,11,15,2back_single_main_click,2,,7,6,13,24,12,,,,,,,,,,,06,01,yes,no,no,2025-06-25_14h18.15.835,EXNAT_4_TMS_Psychopy2024.2.5.psyexp,2024.2.5,2025-06-25 14h21.58.968910 +0200,
0,0,0,,,,,0,0,0,0,,,,,#F989A2,1654.2965469360352,False,space,correct rejection,None,704.164981842041,,12,15,2back_single_main_click,2,,7,6,13,24,12,,,,,,,,,,,06,01,yes,no,no,2025-06-25_14h18.15.835,EXNAT_4_TMS_Psychopy2024.2.5.psyexp,2024.2.5,2025-06-25 14h21.58.968910 +0200,
0,0,0,,,,,0,0,0,0,,,,,#D292F3,1655.2244968414307,False,space,correct rejection,None,863.9678955078125,,13,15,2back_single_main_click,2,,7,6,13,24,12,,,,,,,,,,,06,01,yes,no,no,2025-06-25_14h18.15.835,EXNAT_4_TMS_Psychopy2024.2.5.psyexp,2024.2.5,2025-06-25 14h21.58.968910 +0200,
0,0,0,,,,,0,0,0,0,,,,,#2AB7EF,1656.3121378421783,False,space,correct rejection,None,784.4758033752441,,14,15,2back_single_main_click,2,,8,6,14,24,12,1656.369457244873,,,,,,,,,,06,01,yes,no,no,2025-06-25_14h18.15.835,EXNAT_4_TMS_Psychopy2024.2.5.psyexp,2024.2.5,2025-06-25 14h21.58.968910 +0200,
0,0,0,,,,,0,0,0,0,,,,,#D292F3,1657.3201112747192,True,l,hit,624.4728565216064,1040.3060913085938,,15,15,2back_single_main_click,2,,8,6,14,24,12,,,,,,,,,,,06,01,yes,no,no,2025-06-25_14h18.15.835,EXNAT_4_TMS_Psychopy2024.2.5.psyexp,2024.2.5,2025-06-25 14h21.58.968910 +0200,
0,0,0,,,,,0,0,0,0,,,,,#88BA3F,1658.5846948623657,False,space,correct rejection,None,703.8202285766602,,16,15,2back_single_main_click,2,,8,6,14,24,12,,,,,,,,,,,06,01,yes,no,no,2025-06-25_14h18.15.835,EXNAT_4_TMS_Psychopy2024.2.5.psyexp,2024.2.5,2025-06-25 14h21.58.968910 +0200,
0,0,0,,,,,0,0,0,0,,,,,#D292F3,1659.5125200748444,True,l,hit,1376.0597705841064,1759.8941326141357,,17,15,2back_single_main_click,2,,8,6,14,24,12,,,,,,,,,,,06,01,yes,no,no,2025-06-25_14h18.15.835,EXNAT_4_TMS_Psychopy2024.2.5.psyexp,2024.2.5,2025-06-25 14h21.58.968910 +0200,
0,0,0,,,,,0,0,0,0,,,,,#2AB7EF,1661.4960362911224,False,space,correct rejection,None,736.6046905517578,,18,15,2back_single_main_click,2,,8,6,14,24,12,,,,,,,,,,,06,01,yes,no,no,2025-06-25_14h18.15.835,EXNAT_4_TMS_Psychopy2024.2.5.psyexp,2024.2.5,2025-06-25 14h21.58.968910 +0200,
0,0,0,,,,,0,0,0,0,,,,,#2AB7EF,1662.456396818161,False,space,correct rejection,None,608.234167098999,,19,15,2back_single_main_click,2,,8,6,14,24,12,,,,,,,,,,,06,01,yes,no,no,2025-06-25_14h18.15.835,EXNAT_4_TMS_Psychopy2024.2.5.psyexp,2024.2.5,2025-06-25 14h21.58.968910 +0200,
0,0,0,,,,,0,0,0,0,,,,,#88BA3F,1663.2887291908264,False,space,correct rejection,None,687.8573894500732,,20,15,2back_single_main_click,2,,8,6,14,24,12,,,,,,,,,,,06,01,yes,no,no,2025-06-25_14h18.15.835,EXNAT_4_TMS_Psychopy2024.2.5.psyexp,2024.2.5,2025-06-25 14h21.58.968910 +0200,
0,0,0,,,,,0,0,0,0,,,,,#88BA3F,1664.200561761856,False,space,correct rejection,None,783.9667797088623,,21,15,2back_single_main_click,2,,8,6,14,24,12,,,,,,,,,,,06,01,yes,no,no,2025-06-25_14h18.15.835,EXNAT_4_TMS_Psychopy2024.2.5.psyexp,2024.2.5,2025-06-25 14h21.58.968910 +0200,
0,0,0,,,,,0,0,0,0,,,,,#F989A2,1665.208170413971,False,space,correct rejection,None,640.1643753051758,,22,15,2back_single_main_click,2,,8,6,14,24,12,,,,,,,,,,,06,01,yes,no,no,2025-06-25_14h18.15.835,EXNAT_4_TMS_Psychopy2024.2.5.psyexp,2024.2.5,2025-06-25 14h21.58.968910 +0200,
0,0,0,,,,,0,0,0,0,,,,,#F989A2,1666.0722081661224,False,space,correct rejection,None,640.4242515563965,,23,15,2back_single_main_click,2,,8,6,14,24,12,,,,,,,,,,,06,01,yes,no,no,2025-06-25_14h18.15.835,EXNAT_4_TMS_Psychopy2024.2.5.psyexp,2024.2.5,2025-06-25 14h21.58.968910 +0200,
0,0,0,,,,,0,0,0,0,,,,,#F989A2,1666.9353730678558,True,l,hit,785.2129936218262,1137.1264457702637,,24,15,2back_single_main_click,2,,8,7,15,24,12,1666.9931449890137,,,,,,,,,,06,01,yes,no,no,2025-06-25_14h18.15.835,EXNAT_4_TMS_Psychopy2024.2.5.psyexp,2024.2.5,2025-06-25 14h21.58.968910 +0200,
0,0,0,,,,,0,0,0,0,,,,,#D292F3,1668.2961704730988,False,space,correct rejection,None,736.5298271179199,,25,15,2back_single_main_click,2,,8,7,15,24,12,,,,,,,,,,,06,01,yes,no,no,2025-06-25_14h18.15.835,EXNAT_4_TMS_Psychopy2024.2.5.psyexp,2024.2.5,2025-06-25 14h21.58.968910 +0200,
0,0,0,,,,,0,0,0,0,,,,,#2AB7EF,1669.2564010620117,False,space,correct rejection,None,928.2526969909668,,26,15,2back_single_main_click,2,,8,7,15,24,12,,,,,,,,,,,06,01,yes,no,no,2025-06-25_14h18.15.835,EXNAT_4_TMS_Psychopy2024.2.5.psyexp,2024.2.5,2025-06-25 14h21.58.968910 +0200,
0,0,0,,,,,0,0,0,0,,,,,#88BA3F,1670.408570766449,False,space,correct rejection,None,896.0731029510498,,27,15,2back_single_main_click,2,,8,7,15,24,12,,,,,,,,,,,06,01,yes,no,no,2025-06-25_14h18.15.835,EXNAT_4_TMS_Psychopy2024.2.5.psyexp,2024.2.5,2025-06-25 14h21.58.968910 +0200,
0,0,0,,,,,0,0,0,0,,,,,#2AB7EF,1671.5278313159943,True,l,hit,464.8010730743408,800.767183303833,,28,15,2back_single_main_click,2,,8,8,16,24,12,1671.9930403232574,,,,,,,,,,06,01,yes,no,no,2025-06-25_14h18.15.835,EXNAT_4_TMS_Psychopy2024.2.5.psyexp,2024.2.5,2025-06-25 14h21.58.968910 +0200,
0,0,0,,,,,0,0,0,0,,,,,#88BA3F,1672.552052974701,True,l,hit,560.6634616851807,912.5995635986328,,29,15,2back_single_main_click,2,,8,8,16,24,12,,,,,,,,,,,06,01,yes,no,no,2025-06-25_14h18.15.835,EXNAT_4_TMS_Psychopy2024.2.5.psyexp,2024.2.5,2025-06-25 14h21.58.968910 +0200,
0,0,0,,,,,0,0,0,0,,,,,#F989A2,1673.6880519390106,False,space,correct rejection,None,608.3352565765381,,30,15,2back_single_main_click,2,,8,8,16,24,12,,,,,,,,,,,06,01,yes,no,no,2025-06-25_14h18.15.835,EXNAT_4_TMS_Psychopy2024.2.5.psyexp,2024.2.5,2025-06-25 14h21.58.968910 +0200,
0,0,0,,,,,0,0,0,0,,,,,#F989A2,1674.5207397937775,False,space,correct rejection,None,639.9190425872803,,31,15,2back_single_main_click,2,,8,8,16,24,12,,,,,,,,,,,06,01,yes,no,no,2025-06-25_14h18.15.835,EXNAT_4_TMS_Psychopy2024.2.5.psyexp,2024.2.5,2025-06-25 14h21.58.968910 +0200,
0,0,0,,,,,0,0,0,0,,,,,#88BA3F,1675.384503364563,False,space,correct rejection,None,991.9600486755371,,32,15,2back_single_main_click,2,,8,8,16,24,12,,,,,,,,,,,06,01,yes,no,no,2025-06-25_14h18.15.835,EXNAT_4_TMS_Psychopy2024.2.5.psyexp,2024.2.5,2025-06-25 14h21.58.968910 +0200,
0,0,0,,,,,0,0,0,0,,,,,#D292F3,1676.6006047725677,False,space,correct rejection,None,608.0398559570312,,33,15,2back_single_main_click,2,,9,8,17,24,12,1676.993063211441,,,,,,,,,,06,01,yes,no,no,2025-06-25_14h18.15.835,EXNAT_4_TMS_Psychopy2024.2.5.psyexp,2024.2.5,2025-06-25 14h21.58.968910 +0200,
0,0,0,,,,,0,0,0,0,,,,,#2AB7EF,1677.4325618743896,False,space,correct rejection,None,816.0462379455566,,34,15,2back_single_main_click,2,,9,8,17,24,12,,,,,,,,,,,06,01,yes,no,no,2025-06-25_14h18.15.835,EXNAT_4_TMS_Psychopy2024.2.5.psyexp,2024.2.5,2025-06-25 14h21.58.968910 +0200,
0,0,0,,,,,0,0,0,0,,,,,#F989A2,1678.4729309082031,False,space,correct rejection,None,671.759843826294,,35,15,2back_single_main_click,2,,9,8,17,24,12,,,,,,,,,,,06,01,yes,no,no,2025-06-25_14h18.15.835,EXNAT_4_TMS_Psychopy2024.2.5.psyexp,2024.2.5,2025-06-25 14h21.58.968910 +0200,
0,0,0,,,,,0,0,0,0,,,,,#2AB7EF,1679.3683865070343,True,space,miss,None,640.1171684265137,,36,15,2back_single_main_click,2,,9,8,17,24,12,,,,,,,,,,,06,01,yes,no,no,2025-06-25_14h18.15.835,EXNAT_4_TMS_Psychopy2024.2.5.psyexp,2024.2.5,2025-06-25 14h21.58.968910 +0200,
0,0,0,,,,,0,0,0,0,,,,,#F989A2,1680.2309288978577,True,l,hit,497.6205825805664,849.6589660644531,,37,15,2back_single_main_click,2,,9,8,17,24,12,,,,,,,,,,,06,01,yes,no,no,2025-06-25_14h18.15.835,EXNAT_4_TMS_Psychopy2024.2.5.psyexp,2024.2.5,2025-06-25 14h21.58.968910 +0200,
0,0,0,,,,,0,0,0,0,,,,,#F989A2,1681.3044970035553,False,space,correct rejection,None,624.10569190979,,38,15,2back_single_main_click,2,,9,8,17,24,12,,,,,,,,,,,06,01,yes,no,no,2025-06-25_14h18.15.835,EXNAT_4_TMS_Psychopy2024.2.5.psyexp,2024.2.5,2025-06-25 14h21.58.968910 +0200,
0,0,0,,,,,0,0,0,0,,,,,#2AB7EF,1682.1526696681976,False,space,correct rejection,None,879.9748420715332,,39,15,2back_single_main_click,2,,10,8,18,24,12,1682.2097165584564,,,,,,,,,,06,01,yes,no,no,2025-06-25_14h18.15.835,EXNAT_4_TMS_Psychopy2024.2.5.psyexp,2024.2.5,2025-06-25 14h21.58.968910 +0200,
0,0,0,,,,,0,0,0,0,,,,,#D292F3,1683.2565240859985,False,space,correct rejection,None,751.9183158874512,,40,15,2back_single_main_click,2,,10,8,18,24,12,,,,,,,,,,,06,01,yes,no,no,2025-06-25_14h18.15.835,EXNAT_4_TMS_Psychopy2024.2.5.psyexp,2024.2.5,2025-06-25 14h21.58.968910 +0200,
0,0,0,,,,,0,0,0,0,,,,,#F989A2,1684.2323789596558,False,l,false alarm,880.2080154418945,1184.1347217559814,,41,15,2back_single_main_click,2,,10,8,18,24,12,,,,,,,,,,,06,01,yes,no,no,2025-06-25_14h18.15.835,EXNAT_4_TMS_Psychopy2024.2.5.psyexp,2024.2.5,2025-06-25 14h21.58.968910 +0200,
0,0,0,,,,,0,0,0,0,,,,,#2AB7EF,1685.6401855945587,False,space,correct rejection,None,544.466495513916,,42,15,2back_single_main_click,2,,10,8,18,24,12,,,,,,,,,,,06,01,yes,no,no,2025-06-25_14h18.15.835,EXNAT_4_TMS_Psychopy2024.2.5.psyexp,2024.2.5,2025-06-25 14h21.58.968910 +0200,
0,0,0,,,,,0,0,0,0,,,,,#F989A2,1686.4087896347046,True,space,miss,None,831.951379776001,,43,15,2back_single_main_click,2,,10,9,19,24,12,1687.209660768509,,,,,,,,,,06,01,yes,no,no,2025-06-25_14h18.15.835,EXNAT_4_TMS_Psychopy2024.2.5.psyexp,2024.2.5,2025-06-25 14h21.58.968910 +0200,
0,0,0,,,,,0,0,0,0,,,,,#D292F3,1687.464600801468,False,space,correct rejection,None,1856.144666671753,,44,15,2back_single_main_click,2,,10,9,19,24,12,,,,,,,,,,,06,01,yes,no,no,2025-06-25_14h18.15.835,EXNAT_4_TMS_Psychopy2024.2.5.psyexp,2024.2.5,2025-06-25 14h21.58.968910 +0200,
0,0,0,,,,,0,0,0,0,,,,,#88BA3F,1689.5433959960938,False,space,correct rejection,None,545.1817512512207,,45,15,2back_single_main_click,2,,10,9,19,24,12,,,,,,,,,,,06,01,yes,no,no,2025-06-25_14h18.15.835,EXNAT_4_TMS_Psychopy2024.2.5.psyexp,2024.2.5,2025-06-25 14h21.58.968910 +0200,
0,0,0,,,,,0,0,0,0,,,,,#D292F3,1690.312370300293,True,space,miss,None,720.294713973999,,46,15,2back_single_main_click,2,,10,9,19,24,12,,,,,,,,,,,06,01,yes,no,no,2025-06-25_14h18.15.835,EXNAT_4_TMS_Psychopy2024.2.5.psyexp,2024.2.5,2025-06-25 14h21.58.968910 +0200,
0,0,0,,,,,0,0,0,0,,,,,#2AB7EF,1691.2563116550446,False,space,correct rejection,None,752.239465713501,,47,15,2back_single_main_click,2,,10,9,19,24,12,,,,,,,,,,,06,01,yes,no,no,2025-06-25_14h18.15.835,EXNAT_4_TMS_Psychopy2024.2.5.psyexp,2024.2.5,2025-06-25 14h21.58.968910 +0200,
0,0,0,,,,,0,0,0,0,,,,,#88BA3F,1692.232609987259,False,l,false alarm,543.9584255218506,863.990068435669,,48,15,2back_single_main_click,2,,11,9,20,24,12,1692.2854626178741,,,,,,,,,,06,01,yes,no,no,2025-06-25_14h18.15.835,EXNAT_4_TMS_Psychopy2024.2.5.psyexp,2024.2.5,2025-06-25 14h21.58.968910 +0200,
0,0,0,,,,,0,0,0,0,,,,,#F989A2,1693.320811033249,False,space,correct rejection,None,767.7972316741943,,49,15,2back_single_main_click,2,,11,9,20,24,12,,,,,,,,,,,06,01,yes,no,no,2025-06-25_14h18.15.835,EXNAT_4_TMS_Psychopy2024.2.5.psyexp,2024.2.5,2025-06-25 14h21.58.968910 +0200,
0,0,0,,,,,0,0,0,0,,,,,#88BA3F,1694.3121058940887,True,l,hit,656.5310955047607,928.339958190918,,50,15,2back_single_main_click,2,,11,9,20,24,12,,,,,,,,,,,06,01,yes,no,no,2025-06-25_14h18.15.835,EXNAT_4_TMS_Psychopy2024.2.5.psyexp,2024.2.5,2025-06-25 14h21.58.968910 +0200,
0,0,0,,,,,0,0,0,0,,,,,#88BA3F,1695.4638226032257,False,space,correct rejection,None,592.7505493164062,,51,15,2back_single_main_click,2,,11,9,20,24,12,,,,,,,,,,,06,01,yes,no,no,2025-06-25_14h18.15.835,EXNAT_4_TMS_Psychopy2024.2.5.psyexp,2024.2.5,2025-06-25 14h21.58.968910 +0200,
0,0,0,,,,,0,0,0,0,,,,,#2AB7EF,1696.280514717102,False,space,correct rejection,None,720.0229167938232,,52,15,2back_single_main_click,2,,11,9,20,24,12,,,,,,,,,,,06,01,yes,no,no,2025-06-25_14h18.15.835,EXNAT_4_TMS_Psychopy2024.2.5.psyexp,2024.2.5,2025-06-25 14h21.58.968910 +0200,
0,0,0,,,,,0,0,0,0,,,,,#D292F3,1697.2237994670868,False,space,correct rejection,None,912.7771854400635,,53,15,2back_single_main_click,2,,11,9,20,24,12,,,,,,,,,,,06,01,yes,no,no,2025-06-25_14h18.15.835,EXNAT_4_TMS_Psychopy2024.2.5.psyexp,2024.2.5,2025-06-25 14h21.58.968910 +0200,
0,0,0,,,,,0,0,0,0,,,,,#88BA3F,1698.3605971336365,False,space,correct rejection,None,1200.0837326049805,,54,15,2back_single_main_click,2,,11,9,20,24,12,,,,,,,,,,,06,01,yes,no,no,2025-06-25_14h18.15.835,EXNAT_4_TMS_Psychopy2024.2.5.psyexp,2024.2.5,2025-06-25 14h21.58.968910 +0200,
0,0,0,,,,,0,0,0,0,,,,,#D292F3,1699.784737110138,True,space,miss,None,895.8644866943359,,55,15,2back_single_main_click,2,,11,10,21,24,12,1699.8395247459412,,,,,,,,,,06,01,yes,no,no,2025-06-25_14h18.15.835,EXNAT_4_TMS_Psychopy2024.2.5.psyexp,2024.2.5,2025-06-25 14h21.58.968910 +0200,
0,0,0,,,,,0,0,0,0,,,,,#F989A2,1700.904488325119,False,space,correct rejection,None,784.1732501983643,,56,15,2back_single_main_click,2,,11,10,21,24,12,,,,,,,,,,,06,01,yes,no,no,2025-06-25_14h18.15.835,EXNAT_4_TMS_Psychopy2024.2.5.psyexp,2024.2.5,2025-06-25 14h21.58.968910 +0200,
0,0,0,,,,,0,0,0,0,,,,,#F989A2,1701.9127333164215,False,space,correct rejection,None,719.9418544769287,,57,15,2back_single_main_click,2,,11,10,21,24,12,,,,,,,,,,,06,01,yes,no,no,2025-06-25_14h18.15.835,EXNAT_4_TMS_Psychopy2024.2.5.psyexp,2024.2.5,2025-06-25 14h21.58.968910 +0200,
0,0,0,,,,,0,0,0,0,,,,,#2AB7EF,1702.8563978672028,False,space,correct rejection,None,1376.2781620025635,,58,15,2back_single_main_click,2,,11,10,21,24,12,,,,,,,,,,,06,01,yes,no,no,2025-06-25_14h18.15.835,EXNAT_4_TMS_Psychopy2024.2.5.psyexp,2024.2.5,2025-06-25 14h21.58.968910 +0200,
0,0,0,,,,,0,0,0,0,,,,,#2AB7EF,1704.456576347351,False,space,correct rejection,None,608.1628799438477,,59,15,2back_single_main_click,2,,12,10,22,24,12,1704.8394048213959,,,,,,,,,,06,01,yes,no,no,2025-06-25_14h18.15.835,EXNAT_4_TMS_Psychopy2024.2.5.psyexp,2024.2.5,2025-06-25 14h21.58.968910 +0200,
0,0,0,,,,,0,0,0,0,,,,,#D292F3,1705.2887136936188,False,space,correct rejection,None,719.7942733764648,,60,15,2back_single_main_click,2,,12,10,22,24,12,,,,,,,,,,,06,01,yes,no,no,2025-06-25_14h18.15.835,EXNAT_4_TMS_Psychopy2024.2.5.psyexp,2024.2.5,2025-06-25 14h21.58.968910 +0200,
0,0,0,,,,,0,0,0,0,,,,,#D292F3,1708.5080366134644,False,space,correct rejection,None,2028.5894870758057,,1,16,2back_single_main_click,2,,12,10,22,24,12,,,,,,,,,,,06,01,yes,no,no,2025-06-25_14h18.15.835,EXNAT_4_TMS_Psychopy2024.2.5.psyexp,2024.2.5,2025-06-25 14h21.58.968910 +0200,
0,0,0,,,,,0,0,0,0,,,,,#88BA3F,1710.753056526184,False,space,correct rejection,None,871.4103698730469,,2,16,2back_single_main_click,2,,12,10,22,24,12,,,,,,,,,,,06,01,yes,no,no,2025-06-25_14h18.15.835,EXNAT_4_TMS_Psychopy2024.2.5.psyexp,2024.2.5,2025-06-25 14h21.58.968910 +0200,
0,0,0,,,,,0,0,0,0,,,,,#F989A2,1711.841388463974,False,space,correct rejection,None,615.0717735290527,,3,16,2back_single_main_click,2,,12,10,22,24,12,,,,,,,,,,,06,01,yes,no,no,2025-06-25_14h18.15.835,EXNAT_4_TMS_Psychopy2024.2.5.psyexp,2024.2.5,2025-06-25 14h21.58.968910 +0200,
0,0,0,,,,,0,0,0,0,,,,,#2AB7EF,1712.6734433174133,False,space,correct rejection,None,1414.968490600586,,4,16,2back_single_main_click,2,,12,10,22,24,12,,,,,,,,,,,06,01,yes,no,no,2025-06-25_14h18.15.835,EXNAT_4_TMS_Psychopy2024.2.5.psyexp,2024.2.5,2025-06-25 14h21.58.968910 +0200,
0,0,0,,,,,0,0,0,0,,,,,#88BA3F,1714.3116328716278,False,space,correct rejection,None,961.0207080841064,,5,16,2back_single_main_click,2,,12,10,22,24,12,,,,,,,,,,,06,01,yes,no,no,2025-06-25_14h18.15.835,EXNAT_4_TMS_Psychopy2024.2.5.psyexp,2024.2.5,2025-06-25 14h21.58.968910 +0200,
0,0,0,,,,,0,0,0,0,,,,,#2AB7EF,1715.4961621761322,True,l,hit,528.313159942627,928.3578395843506,,6,16,2back_single_main_click,2,,12,11,23,24,12,1715.5535509586334,,,,,,,,,,06,01,yes,no,no,2025-06-25_14h18.15.835,EXNAT_4_TMS_Psychopy2024.2.5.psyexp,2024.2.5,2025-06-25 14h21.58.968910 +0200,
0,0,0,,,,,0,0,0,0,,,,,#2AB7EF,1716.6487333774567,False,space,correct rejection,None,671.8628406524658,,7,16,2back_single_main_click,2,,12,11,23,24,12,,,,,,,,,,,06,01,yes,no,no,2025-06-25_14h18.15.835,EXNAT_4_TMS_Psychopy2024.2.5.psyexp,2024.2.5,2025-06-25 14h21.58.968910 +0200,
0,0,0,,,,,0,0,0,0,,,,,#F989A2,1717.5445868968964,False,space,correct rejection,None,1423.9857196807861,,8,16,2back_single_main_click,2,,12,11,23,24,12,,,,,,,,,,,06,01,yes,no,no,2025-06-25_14h18.15.835,EXNAT_4_TMS_Psychopy2024.2.5.psyexp,2024.2.5,2025-06-25 14h21.58.968910 +0200,
0,0,0,,,,,0,0,0,0,,,,,#F989A2,1719.192500591278,False,space,correct rejection,None,672.1920967102051,,9,16,2back_single_main_click,2,,12,11,23,24,12,,,,,,,,,,,06,01,yes,no,no,2025-06-25_14h18.15.835,EXNAT_4_TMS_Psychopy2024.2.5.psyexp,2024.2.5,2025-06-25 14h21.58.968910 +0200,
0,0,0,,,,,0,0,0,0,,,,,#D292F3,1720.0887484550476,False,space,correct rejection,None,1071.8636512756348,,10,16,2back_single_main_click,2,,12,11,23,24,12,,,,,,,,,,,06,01,yes,no,no,2025-06-25_14h18.15.835,EXNAT_4_TMS_Psychopy2024.2.5.psyexp,2024.2.5,2025-06-25 14h21.58.968910 +0200,
0,0,0,,,,,0,0,0,0,,,,,#D292F3,1721.3844003677368,False,space,correct rejection,None,704.1704654693604,,11,16,2back_single_main_click,2,,12,11,23,24,12,,,,,,,,,,,06,01,yes,no,no,2025-06-25_14h18.15.835,EXNAT_4_TMS_Psychopy2024.2.5.psyexp,2024.2.5,2025-06-25 14h21.58.968910 +0200,
0,0,0,,,,,0,0,0,0,,,,,#88BA3F,1722.3119037151337,False,space,correct rejection,None,768.6038017272949,,12,16,2back_single_main_click,2,,12,11,23,24,12,,,,,,,,,,,06,01,yes,no,no,2025-06-25_14h18.15.835,EXNAT_4_TMS_Psychopy2024.2.5.psyexp,2024.2.5,2025-06-25 14h21.58.968910 +0200,
0,0,0,,,,,0,0,0,0,,,,,#F989A2,1723.304165840149,False,space,correct rejection,None,1440.5272006988525,,13,16,2back_single_main_click,2,,12,11,23,24,12,,,,,,,,,,,06,01,yes,no,no,2025-06-25_14h18.15.835,EXNAT_4_TMS_Psychopy2024.2.5.psyexp,2024.2.5,2025-06-25 14h21.58.968910 +0200,
0,0,0,,,,,0,0,0,0,,,,,#88BA3F,1724.9684989452362,True,l,hit,1888.1173133850098,2400.0091552734375,,14,16,2back_single_main_click,2,,12,12,24,24,inf,1725.0229070186615,,,,,,,,,,06,01,yes,no,no,2025-06-25_14h18.15.835,EXNAT_4_TMS_Psychopy2024.2.5.psyexp,2024.2.5,2025-06-25 14h21.58.968910 +0200,
0,0,0,,,,,0,0,0,0,,,,,#2AB7EF,1727.5914011001587,False,space,correct rejection,None,1057.300090789795,,15,16,2back_single_main_click,2,,12,12,24,24,inf,,,,,,,,,,,06,01,yes,no,no,2025-06-25_14h18.15.835,EXNAT_4_TMS_Psychopy2024.2.5.psyexp,2024.2.5,2025-06-25 14h21.58.968910 +0200,
0,0,0,,,,,0,0,0,0,,,,,#F989A2,1728.8728153705597,False,space,correct rejection,None,2303.8406372070312,,16,16,2back_single_main_click,2,,13,12,25,24,inf,1730.0228371620178,,,,,,,,,,06,01,yes,no,no,2025-06-25_14h18.15.835,EXNAT_4_TMS_Psychopy2024.2.5.psyexp,2024.2.5,2025-06-25 14h21.58.968910 +0200,
0,0,0,,,,,0,0,0,0,,,,,#88BA3F,1731.400940656662,False,space,correct rejection,None,735.7029914855957,,17,16,2back_single_main_click,2,,13,12,25,24,inf,,,,,,,,,,,06,01,yes,no,no,2025-06-25_14h18.15.835,EXNAT_4_TMS_Psychopy2024.2.5.psyexp,2024.2.5,2025-06-25 14h21.58.968910 +0200,
0,0,0,,,,,0,0,0,0,,,,,#D292F3,1732.3603429794312,False,space,correct rejection,None,736.325740814209,,18,16,2back_single_main_click,2,,13,12,25,24,inf,,,,,,,,,,,06,01,yes,no,no,2025-06-25_14h18.15.835,EXNAT_4_TMS_Psychopy2024.2.5.psyexp,2024.2.5,2025-06-25 14h21.58.968910 +0200,
0,0,0,,,,,0,0,0,0,,,,,#2AB7EF,1733.3204398155212,False,space,correct rejection,None,896.2109088897705,,19,16,2back_single_main_click,2,,13,12,25,24,inf,,,,,,,,,,,06,01,yes,no,no,2025-06-25_14h18.15.835,EXNAT_4_TMS_Psychopy2024.2.5.psyexp,2024.2.5,2025-06-25 14h21.58.968910 +0200,
0,0,0,,,,,0,0,0,0,,,,,#D292F3,1734.4406216144562,True,l,hit,528.0942916870117,928.0016422271729,,20,16,2back_single_main_click,2,,13,13,26,24,inf,1735.022803068161,,,,,,,,,,06,01,yes,no,no,2025-06-25_14h18.15.835,EXNAT_4_TMS_Psychopy2024.2.5.psyexp,2024.2.5,2025-06-25 14h21.58.968910 +0200,
0,0,0,,,,,0,0,0,0,,,,,#2AB7EF,1735.5926949977875,True,l,hit,511.9915008544922,863.8534545898438,,21,16,2back_single_main_click,2,,13,13,26,24,inf,,,,,,,,,,,06,01,yes,no,no,2025-06-25_14h18.15.835,EXNAT_4_TMS_Psychopy2024.2.5.psyexp,2024.2.5,2025-06-25 14h21.58.968910 +0200,
0,0,0,,,,,0,0,0,0,,,,,#F989A2,1736.6799685955048,False,space,correct rejection,None,704.6308517456055,,22,16,2back_single_main_click,2,,13,13,26,24,inf,,,,,,,,,,,06,01,yes,no,no,2025-06-25_14h18.15.835,EXNAT_4_TMS_Psychopy2024.2.5.psyexp,2024.2.5,2025-06-25 14h21.58.968910 +0200,
0,0,0,,,,,0,0,0,0,,,,,#88BA3F,1737.6081838607788,False,space,correct rejection,None,1248.4130859375,,23,16,2back_single_main_click,2,,13,13,26,24,inf,,,,,,,,,,,06,01,yes,no,no,2025-06-25_14h18.15.835,EXNAT_4_TMS_Psychopy2024.2.5.psyexp,2024.2.5,2025-06-25 14h21.58.968910 +0200,
0,0,0,,,,,0,0,0,0,,,,,#D292F3,1739.080712556839,False,space,correct rejection,None,783.9457988739014,,24,16,2back_single_main_click,2,,13,13,26,24,inf,,,,,,,,,,,06,01,yes,no,no,2025-06-25_14h18.15.835,EXNAT_4_TMS_Psychopy2024.2.5.psyexp,2024.2.5,2025-06-25 14h21.58.968910 +0200,
0,0,0,,,,,0,0,0,0,,,,,#D292F3,1740.088416337967,False,space,correct rejection,None,608.2408428192139,,25,16,2back_single_main_click,2,,14,13,27,24,inf,1740.1437764167786,,,,,,,,,,06,01,yes,no,no,2025-06-25_14h18.15.835,EXNAT_4_TMS_Psychopy2024.2.5.psyexp,2024.2.5,2025-06-25 14h21.58.968910 +0200,
0,0,0,,,,,0,0,0,0,,,,,#2AB7EF,1740.9204790592194,False,space,correct rejection,None,704.2648792266846,,26,16,2back_single_main_click,2,,14,13,27,24,inf,,,,,,,,,,,06,01,yes,no,no,2025-06-25_14h18.15.835,EXNAT_4_TMS_Psychopy2024.2.5.psyexp,2024.2.5,2025-06-25 14h21.58.968910 +0200,
0,0,0,,,,,0,0,0,0,,,,,#F989A2,1741.8488965034485,False,space,correct rejection,None,1135.5812549591064,,27,16,2back_single_main_click,2,,14,13,27,24,inf,,,,,,,,,,,06,01,yes,no,no,2025-06-25_14h18.15.835,EXNAT_4_TMS_Psychopy2024.2.5.psyexp,2024.2.5,2025-06-25 14h21.58.968910 +0200,
0,0,0,,,,,0,0,0,0,,,,,#88BA3F,1743.2077355384827,False,space,correct rejection,None,1312.8902912139893,,28,16,2back_single_main_click,2,,14,13,27,24,inf,,,,,,,,,,,06,01,yes,no,no,2025-06-25_14h18.15.835,EXNAT_4_TMS_Psychopy2024.2.5.psyexp,2024.2.5,2025-06-25 14h21.58.968910 +0200,
0,0,0,,,,,0,0,0,0,,,,,#2AB7EF,1744.7444880008698,False,space,correct rejection,None,800.011157989502,,29,16,2back_single_main_click,2,,15,13,28,24,inf,1745.143658399582,,,,,,,,,,06,01,yes,no,no,2025-06-25_14h18.15.835,EXNAT_4_TMS_Psychopy2024.2.5.psyexp,2024.2.5,2025-06-25 14h21.58.968910 +0200,
0,0,0,,,,,0,0,0,0,,,,,#F989A2,1745.7680633068085,False,space,correct rejection,None,1184.5109462738037,,30,16,2back_single_main_click,2,,15,13,28,24,inf,,,,,,,,,,,06,01,yes,no,no,2025-06-25_14h18.15.835,EXNAT_4_TMS_Psychopy2024.2.5.psyexp,2024.2.5,2025-06-25 14h21.58.968910 +0200,
0,0,0,,,,,0,0,0,0,,,,,#F989A2,1747.1763973236084,False,space,correct rejection,None,960.3652954101562,,31,16,2back_single_main_click,2,,15,13,28,24,inf,,,,,,,,,,,06,01,yes,no,no,2025-06-25_14h18.15.835,EXNAT_4_TMS_Psychopy2024.2.5.psyexp,2024.2.5,2025-06-25 14h21.58.968910 +0200,
0,0,0,,,,,0,0,0,0,,,,,#D292F3,1748.361338376999,False,space,correct rejection,None,735.2480888366699,,32,16,2back_single_main_click,2,,15,13,28,24,inf,,,,,,,,,,,06,01,yes,no,no,2025-06-25_14h18.15.835,EXNAT_4_TMS_Psychopy2024.2.5.psyexp,2024.2.5,2025-06-25 14h21.58.968910 +0200,
0,0,0,,,,,0,0,0,0,,,,,#D292F3,1749.3208103179932,False,space,correct rejection,None,655.627965927124,,33,16,2back_single_main_click,2,,15,13,28,24,inf,,,,,,,,,,,06,01,yes,no,no,2025-06-25_14h18.15.835,EXNAT_4_TMS_Psychopy2024.2.5.psyexp,2024.2.5,2025-06-25 14h21.58.968910 +0200,
0,0,0,,,,,0,0,0,0,,,,,#2AB7EF,1750.2005877494812,False,space,correct rejection,None,751.9605159759521,,34,16,2back_single_main_click,2,,15,13,28,24,inf,,,,,,,,,,,06,01,yes,no,no,2025-06-25_14h18.15.835,EXNAT_4_TMS_Psychopy2024.2.5.psyexp,2024.2.5,2025-06-25 14h21.58.968910 +0200,
0,0,0,,,,,0,0,0,0,,,,,#88BA3F,1751.1764085292816,False,space,correct rejection,None,752.3021697998047,,35,16,2back_single_main_click,2,,15,13,28,24,inf,,,,,,,,,,,06,01,yes,no,no,2025-06-25_14h18.15.835,EXNAT_4_TMS_Psychopy2024.2.5.psyexp,2024.2.5,2025-06-25 14h21.58.968910 +0200,
0,0,0,,,,,0,0,0,0,,,,,#88BA3F,1752.1527171134949,False,space,correct rejection,None,943.8126087188721,,36,16,2back_single_main_click,2,,15,13,28,24,inf,,,,,,,,,,,06,01,yes,no,no,2025-06-25_14h18.15.835,EXNAT_4_TMS_Psychopy2024.2.5.psyexp,2024.2.5,2025-06-25 14h21.58.968910 +0200,
0,0,0,,,,,0,0,0,0,,,,,#2AB7EF,1753.3201031684875,False,space,correct rejection,None,1056.6768646240234,,37,16,2back_single_main_click,2,,15,13,28,24,inf,,,,,,,,,,,06,01,yes,no,no,2025-06-25_14h18.15.835,EXNAT_4_TMS_Psychopy2024.2.5.psyexp,2024.2.5,2025-06-25 14h21.58.968910 +0200,
0,0,0,,,,,0,0,0,0,,,,,#88BA3F,1754.600587129593,True,l,hit,1120.0575828552246,1616.0688400268555,,38,16,2back_single_main_click,2,,15,14,29,24,inf,1754.6599507331848,,,,,,,,,,06,01,yes,no,no,2025-06-25_14h18.15.835,EXNAT_4_TMS_Psychopy2024.2.5.psyexp,2024.2.5,2025-06-25 14h21.58.968910 +0200,
0,0,0,,,,,0,0,0,0,,,,,#D292F3,1756.4402627944946,False,space,correct rejection,None,592.4386978149414,,39,16,2back_single_main_click,2,,15,14,29,24,inf,,,,,,,,,,,06,01,yes,no,no,2025-06-25_14h18.15.835,EXNAT_4_TMS_Psychopy2024.2.5.psyexp,2024.2.5,2025-06-25 14h21.58.968910 +0200,
0,0,0,,,,,0,0,0,0,,,,,#D292F3,1757.2563869953156,False,space,correct rejection,None,688.2703304290771,,40,16,2back_single_main_click,2,,15,14,29,24,inf,,,,,,,,,,,06,01,yes,no,no,2025-06-25_14h18.15.835,EXNAT_4_TMS_Psychopy2024.2.5.psyexp,2024.2.5,2025-06-25 14h21.58.968910 +0200,
0,0,0,,,,,0,0,0,0,,,,,#F989A2,1758.1684212684631,False,space,correct rejection,None,688.2529258728027,,41,16,2back_single_main_click,2,,15,14,29,24,inf,,,,,,,,,,,06,01,yes,no,no,2025-06-25_14h18.15.835,EXNAT_4_TMS_Psychopy2024.2.5.psyexp,2024.2.5,2025-06-25 14h21.58.968910 +0200,
0,0,0,,,,,0,0,0,0,,,,,#D292F3,1759.0804154872894,True,l,hit,1024.2903232574463,1520.080327987671,,42,16,2back_single_main_click,2,,15,15,30,24,inf,1759.6598851680756,,,,,,,,,,06,01,yes,no,no,2025-06-25_14h18.15.835,EXNAT_4_TMS_Psychopy2024.2.5.psyexp,2024.2.5,2025-06-25 14h21.58.968910 +0200,
0,0,0,,,,,0,0,0,0,,,,,#F989A2,1760.824496269226,True,space,miss,None,832.1630954742432,,43,16,2back_single_main_click,2,,15,15,30,24,inf,,,,,,,,,,,06,01,yes,no,no,2025-06-25_14h18.15.835,EXNAT_4_TMS_Psychopy2024.2.5.psyexp,2024.2.5,2025-06-25 14h21.58.968910 +0200,
0,0,0,,,,,0,0,0,0,,,,,#2AB7EF,1761.880538225174,False,l,false alarm,256.195068359375,1088.0663394927979,,44,16,2back_single_main_click,2,,15,15,30,24,inf,,,,,,,,,,,06,01,yes,no,no,2025-06-25_14h18.15.835,EXNAT_4_TMS_Psychopy2024.2.5.psyexp,2024.2.5,2025-06-25 14h21.58.968910 +0200,
0,0,0,,,,,0,0,0,0,,,,,#2AB7EF,1763.1928761005402,False,space,correct rejection,None,639.7931575775146,,45,16,2back_single_main_click,2,,15,15,30,24,inf,,,,,,,,,,,06,01,yes,no,no,2025-06-25_14h18.15.835,EXNAT_4_TMS_Psychopy2024.2.5.psyexp,2024.2.5,2025-06-25 14h21.58.968910 +0200,
0,0,0,,,,,0,0,0,0,,,,,#2AB7EF,1764.0563912391663,True,space,miss,None,1024.1694450378418,,46,16,2back_single_main_click,2,,15,16,31,24,inf,1764.6598970890045,,,,,,,,,,06,01,yes,no,no,2025-06-25_14h18.15.835,EXNAT_4_TMS_Psychopy2024.2.5.psyexp,2024.2.5,2025-06-25 14h21.58.968910 +0200,
0,0,0,,,,,0,0,0,0,,,,,#88BA3F,1765.304063796997,False,space,correct rejection,None,1264.5454406738281,,47,16,2back_single_main_click,2,,15,16,31,24,inf,,,,,,,,,,,06,01,yes,no,no,2025-06-25_14h18.15.835,EXNAT_4_TMS_Psychopy2024.2.5.psyexp,2024.2.5,2025-06-25 14h21.58.968910 +0200,
0,0,0,,,,,0,0,0,0,,,,,#88BA3F,1766.7921721935272,False,space,correct rejection,None,656.5136909484863,,48,16,2back_single_main_click,2,,15,16,31,24,inf,,,,,,,,,,,06,01,yes,no,no,2025-06-25_14h18.15.835,EXNAT_4_TMS_Psychopy2024.2.5.psyexp,2024.2.5,2025-06-25 14h21.58.968910 +0200,
0,0,0,,,,,0,0,0,0,,,,,#88BA3F,1767.6726078987122,True,l,hit,640.084981918335,1008.1045627593994,,49,16,2back_single_main_click,2,,15,16,31,24,inf,,,,,,,,,,,06,01,yes,no,no,2025-06-25_14h18.15.835,EXNAT_4_TMS_Psychopy2024.2.5.psyexp,2024.2.5,2025-06-25 14h21.58.968910 +0200,
0,0,0,,,,,0,0,0,0,,,,,#88BA3F,1768.9044620990753,True,space,miss,None,656.1927795410156,,50,16,2back_single_main_click,2,,15,16,31,24,inf,,,,,,,,,,,06,01,yes,no,no,2025-06-25_14h18.15.835,EXNAT_4_TMS_Psychopy2024.2.5.psyexp,2024.2.5,2025-06-25 14h21.58.968910 +0200,
0,0,0,,,,,0,0,0,0,,,,,#F989A2,1769.7844936847687,False,space,correct rejection,None,1407.9980850219727,,51,16,2back_single_main_click,2,,16,16,32,24,inf,1769.8383843898773,,,,,,,,,,06,01,yes,no,no,2025-06-25_14h18.15.835,EXNAT_4_TMS_Psychopy2024.2.5.psyexp,2024.2.5,2025-06-25 14h21.58.968910 +0200,
0,0,0,,,,,0,0,0,0,,,,,#F989A2,1771.4162323474884,False,space,correct rejection,None,720.6528186798096,,52,16,2back_single_main_click,2,,16,16,32,24,inf,,,,,,,,,,,06,01,yes,no,no,2025-06-25_14h18.15.835,EXNAT_4_TMS_Psychopy2024.2.5.psyexp,2024.2.5,2025-06-25 14h21.58.968910 +0200,
0,0,0,,,,,0,0,0,0,,,,,#D292F3,1772.360524892807,False,space,correct rejection,None,1264.1494274139404,,53,16,2back_single_main_click,2,,16,16,32,24,inf,,,,,,,,,,,06,01,yes,no,no,2025-06-25_14h18.15.835,EXNAT_4_TMS_Psychopy2024.2.5.psyexp,2024.2.5,2025-06-25 14h21.58.968910 +0200,
0,0,0,,,,,0,0,0,0,,,,,#88BA3F,1773.848800420761,False,space,correct rejection,None,1247.9166984558105,,54,16,2back_single_main_click,2,,17,16,33,24,inf,1774.8383407592773,,,,,,,,,,06,01,yes,no,no,2025-06-25_14h18.15.835,EXNAT_4_TMS_Psychopy2024.2.5.psyexp,2024.2.5,2025-06-25 14h21.58.968910 +0200,
0,0,0,,,,,0,0,0,0,,,,,#2AB7EF,1775.3200595378876,False,space,correct rejection,None,784.6176624298096,,55,16,2back_single_main_click,2,,17,16,33,24,inf,,,,,,,,,,,06,01,yes,no,no,2025-06-25_14h18.15.835,EXNAT_4_TMS_Psychopy2024.2.5.psyexp,2024.2.5,2025-06-25 14h21.58.968910 +0200,
0,0,0,,,,,0,0,0,0,,,,,#F989A2,1776.3288106918335,False,space,correct rejection,None,1183.729648590088,,56,16,2back_single_main_click,2,,17,16,33,24,inf,,,,,,,,,,,06,01,yes,no,no,2025-06-25_14h18.15.835,EXNAT_4_TMS_Psychopy2024.2.5.psyexp,2024.2.5,2025-06-25 14h21.58.968910 +0200,
0,0,0,,,,,0,0,0,0,,,,,#D292F3,1777.734934091568,False,space,correct rejection,None,993.7553405761719,,57,16,2back_single_main_click,2,,17,16,33,24,inf,,,,,,,,,,,06,01,yes,no,no,2025-06-25_14h18.15.835,EXNAT_4_TMS_Psychopy2024.2.5.psyexp,2024.2.5,2025-06-25 14h21.58.968910 +0200,
0,0,0,,,,,0,0,0,0,,,,,#2AB7EF,1778.9527039527893,False,l,false alarm,783.8413715362549,1151.674509048462,,58,16,2back_single_main_click,2,,18,16,34,24,inf,1779.838351726532,,,,,,,,,,06,01,yes,no,no,2025-06-25_14h18.15.835,EXNAT_4_TMS_Psychopy2024.2.5.psyexp,2024.2.5,2025-06-25 14h21.58.968910 +0200,
0,0,0,,,,,0,0,0,0,,,,,#D292F3,1780.3282148838043,True,l,hit,880.4960250854492,1232.3455810546875,,59,16,2back_single_main_click,2,,18,16,34,24,inf,,,,,,,,,,,06,01,yes,no,no,2025-06-25_14h18.15.835,EXNAT_4_TMS_Psychopy2024.2.5.psyexp,2024.2.5,2025-06-25 14h21.58.968910 +0200,
0,0,0,,,,,0,0,0,0,,,,,#2AB7EF,1781.7846155166626,True,l,hit,640.0296688079834,1071.8905925750732,,60,16,2back_single_main_click,2,,18,16,34,24,inf,,,,,,,,,,,06,01,yes,no,no,2025-06-25_14h18.15.835,EXNAT_4_TMS_Psychopy2024.2.5.psyexp,2024.2.5,2025-06-25 14h21.58.968910 +0200,
0,0,0,,,,,0,0,0,0,,,,,,,,,,,,,,,,,,,,,,,,,,,,,1783.2253015041351,1783.2253205776215,,,06,01,yes,no,no,2025-06-25_14h18.15.835,EXNAT_4_TMS_Psychopy2024.2.5.psyexp,2024.2.5,2025-06-25 14h21.58.968910 +0200,
1,0,1,,,,,1,0,1,0,1783.2498950958252,,,,,,,,,,,,,,,,,,,,,,,,,,,,1783.225424528122,1783.225643157959,,,06,01,yes,no,no,2025-06-25_14h18.15.835,EXNAT_4_TMS_Psychopy2024.2.5.psyexp,2024.2.5,2025-06-25 14h21.58.968910 +0200,
2,0,2,,,,,2,0,2,0,1783.2498950958252,,,,,,,,,,,,,,,,,,,,,,,,,,,,1783.2257118225098,1783.2257704734802,,,06,01,yes,no,no,2025-06-25_14h18.15.835,EXNAT_4_TMS_Psychopy2024.2.5.psyexp,2024.2.5,2025-06-25 14h21.58.968910 +0200,
3,0,3,,,,,3,0,3,0,1783.2498950958252,,,,,,,,,,,,,,,,,,,,,,,,,,,,1783.2258338928223,1783.2258911132812,,,06,01,yes,no,no,2025-06-25_14h18.15.835,EXNAT_4_TMS_Psychopy2024.2.5.psyexp,2024.2.5,2025-06-25 14h21.58.968910 +0200,
4,0,4,,,,,4,0,4,0,1783.2498950958252,,,,,,,,,,,,,,,,,,,,,,,,,,,,1783.225959777832,1783.2260167598724,,,06,01,yes,no,no,2025-06-25_14h18.15.835,EXNAT_4_TMS_Psychopy2024.2.5.psyexp,2024.2.5,2025-06-25 14h21.58.968910 +0200,
,,,,,,,,,,,,,,,,,,,,,,,,,,,,,,,,,,,,,,,,,1790.0471045970917,1790.0475106239319,06,01,yes,no,no,2025-06-25_14h18.15.835,EXNAT_4_TMS_Psychopy2024.2.5.psyexp,2024.2.5,2025-06-25 14h21.58.968910 +0200,
